session_id,push_id,datetime_utc,unix_ms,elapsed_s,temp_c,humidity_pct,pressure_hpa,gas_ohm,heater_stable,iaq,iaq_accuracy
20260504-003042,-OrkOhnFRH8wxNeilJeU,2026-05-04 00:32:46+00:00,1777854766000,123,26.92038,43.80051,9.97301,57747,False,87.2929,0
20260504-003042,-OrkOkj7tRO_cgIPixe-,2026-05-04 00:32:58+00:00,1777854778000,135,26.92546,43.76834,9.97333,58229,False,91.15155,0
20260504-003042,-OrkOndcB-TjxZdCrwni,2026-05-04 00:33:10+00:00,1777854790000,147,26.92292,43.75111,9.97312,59050,False,95.07611,0
20260504-003042,-OrkOq_vnlEfldBK1cFi,2026-05-04 00:33:22+00:00,1777854802000,159,26.92799,43.72197,9.9733,59259,False,99.35094,0
20260504-003042,-OrkOtWIHkx9hU4kUZxy,2026-05-04 00:33:34+00:00,1777854814000,171,26.92038,43.69714,9.97313,59980,False,103.57961,0
20260504-003042,-OrkOwZnJ4I6dn8V5DGQ,2026-05-04 00:33:46+00:00,1777854826000,183,26.93053,43.67363,9.97315,59809,False,108.4089,0
20260504-003042,-OrkOzMq3oeeS8iZNBXT,2026-05-04 00:33:58+00:00,1777854838000,195,26.91785,43.68108,9.97299,60544,False,112.96524,0
20260504-003042,-OrkP1IoS7ZDWhSipcHI,2026-05-04 00:34:10+00:00,1777854850000,207,26.92546,43.66616,9.97302,60676,False,118.14856,0
20260504-003042,-OrkP4EjG2dGv7hvxS5d,2026-05-04 00:34:22+00:00,1777854862000,219,26.92292,43.68001,9.97293,61118,False,123.13286,0
20260504-003042,-OrkP7BfBoUCRb0SPTIU,2026-05-04 00:34:34+00:00,1777854874000,231,26.92546,43.66,9.97288,61522,True,174.0011,3
20260504-003042,-OrkPA4zsibDmU1HAL8j,2026-05-04 00:34:46+00:00,1777854886000,243,26.93053,43.63061,9.97324,61704,True,172.81763,3
20260504-003042,-OrkPD0IgwHUChZVb09H,2026-05-04 00:34:58+00:00,1777854898000,255,26.92799,43.63463,9.97294,61795,True,171.00021,3
20260504-003042,-OrkPFwnMuc3RQ55BQkQ,2026-05-04 00:35:10+00:00,1777854910000,267,26.92546,43.63514,9.97293,62533,True,168.92186,3
20260504-003042,-OrkPIsKa8rNGbCJJpLC,2026-05-04 00:35:22+00:00,1777854922000,279,26.92546,43.61116,9.97305,62440,True,167.61113,3
20260504-003042,-OrkPLom534d3KVmAMWL,2026-05-04 00:35:34+00:00,1777854934000,291,26.93053,43.57439,9.97294,62815,True,140.47044,3
20260504-003042,-OrkPOk1I9GeNO2pM2I_,2026-05-04 00:35:46+00:00,1777854946000,303,26.93053,43.57193,9.97326,62767,True,139.24727,3
20260504-003042,-OrkPRfFrihHdlkn1npS,2026-05-04 00:35:58+00:00,1777854958000,315,26.93053,43.53944,9.97342,63004,True,138.20602,3
20260504-003042,-OrkPUaZQYihwz2mbCeu,2026-05-04 00:36:10+00:00,1777854970000,327,26.92799,43.56324,9.9732,63337,True,136.75955,3
20260504-003042,-OrkPXXkMptDn7_FMmvJ,2026-05-04 00:36:22+00:00,1777854982000,339,26.92292,43.55468,9.97289,63626,True,135.11066,3
20260504-003042,-OrkP_SmqRgbjtOzRuHz,2026-05-04 00:36:34+00:00,1777854994000,351,26.92799,43.53286,9.97288,63966,True,133.91583,3
20260504-003042,-OrkPcOLoXy8mdzfJyB6,2026-05-04 00:36:46+00:00,1777855006000,363,26.93053,43.51379,9.97303,64113,True,131.97516,3
20260504-003042,-OrkPfg28PZ76J4Ej5rZ,2026-05-04 00:36:58+00:00,1777855018000,375,26.92799,43.51338,9.97295,64359,True,131.31642,3
20260504-003042,-OrkPiEos_qkGv5zgAQ8,2026-05-04 00:37:10+00:00,1777855030000,387,26.92799,43.51276,9.97285,64211,True,131.11728,3
20260504-003042,-OrkPlATYZd172ll1deZ,2026-05-04 00:37:22+00:00,1777855042000,399,26.93306,43.50093,9.97298,64409,True,129.95941,3
20260504-003042,-OrkPo6kLcWus7mI_3_y,2026-05-04 00:37:34+00:00,1777855054000,411,26.93559,43.48838,9.97283,64015,True,131.92294,3
20260504-003042,-OrkPr0p5qQABueNAval,2026-05-04 00:37:46+00:00,1777855066000,423,26.92799,43.48491,9.97262,64113,True,131.48996,3
20260504-003042,-OrkPtyKzmRndDsBbD6e,2026-05-04 00:37:58+00:00,1777855078000,435,26.93306,43.4634,9.97289,64310,True,130.35272,3
20260504-003042,-OrkPwwkXltKPhKCMQxo,2026-05-04 00:38:10+00:00,1777855090000,447,26.92799,43.46058,9.97281,64508,True,128.9901,3
20260504-003042,-OrkPzplj-8-PdGH7_lf,2026-05-04 00:38:22+00:00,1777855102000,459,26.92799,43.46745,9.97262,65211,True,126.24332,3
20260504-003042,-OrkQ1n0wvQt46bqesPd,2026-05-04 00:38:34+00:00,1777855114000,471,26.93053,43.44755,9.97275,65364,True,124.95699,3
20260504-003042,-OrkQ4fw0ioEc8zDhpME,2026-05-04 00:38:46+00:00,1777855126000,483,26.93559,43.4275,9.97269,65826,True,122.95648,3
20260504-003042,-OrkQ7bepvmO_QnMD9id,2026-05-04 00:38:58+00:00,1777855138000,495,26.93306,43.4362,9.97274,65671,True,122.35249,3
20260504-003042,-OrkQAXsn9-xhIZpVwFp,2026-05-04 00:39:10+00:00,1777855150000,507,26.93559,43.41415,9.97262,65775,True,121.58234,3
20260504-003042,-OrkQDTymJA_TALQoT3b,2026-05-04 00:39:22+00:00,1777855162000,519,26.93306,43.41181,9.97254,66086,True,120.27838,3
20260504-003042,-OrkQGQJZONSqvy2JKBo,2026-05-04 00:39:34+00:00,1777855174000,531,26.93306,43.39679,9.97249,66086,True,120.29836,3
20260504-003042,-OrkQJKZDfoO4mCnuAZj,2026-05-04 00:39:46+00:00,1777855186000,543,26.93813,43.39325,9.97257,66138,True,119.70772,3
20260504-003042,-OrkQMGb3TMVhsZzuRhZ,2026-05-04 00:39:58+00:00,1777855198000,555,26.93306,43.3798,9.97261,66771,True,117.32766,3
20260504-003042,-OrkQPWmREzH9DRqKp8W,2026-05-04 00:40:10+00:00,1777855210000,567,26.90771,43.65283,9.97265,61342,True,137.08191,3
20260504-003042,-OrkQSJWJdRE2tbufSZu,2026-05-04 00:40:22+00:00,1777855222000,579,26.92799,43.41961,9.97255,64458,True,134.61029,3
20260504-003042,-OrkQVF9ceHipl4PcvnC,2026-05-04 00:40:34+00:00,1777855234000,591,26.93306,43.39073,9.97289,65059,True,128.77444,3
20260504-003042,-OrkQYAZpdpfyVO3myyg,2026-05-04 00:40:46+00:00,1777855246000,603,26.93306,43.37868,9.97286,65826,True,123.78036,3
20260504-003042,-OrkQa65OcpOaOfw18pF,2026-05-04 00:40:58+00:00,1777855258000,615,26.93813,43.37242,9.97292,65775,True,121.74284,3
20260504-003042,-OrkQd2-PqC00eODrxI7,2026-05-04 00:41:10+00:00,1777855270000,627,26.93813,43.35141,9.97297,66453,True,119.26439,3
20260504-003042,-OrkQfy4eJXjIJ4oycIm,2026-05-04 00:41:22+00:00,1777855282000,639,26.93559,43.3647,9.9726,66453,True,118.2038,3
20260504-003042,-OrkQitb-hHP5IUiZaR7,2026-05-04 00:41:34+00:00,1777855294000,651,26.93559,43.3346,9.97271,66506,True,117.59217,3
20260504-003042,-OrkQlolE_gfdkT_4iqf,2026-05-04 00:41:46+00:00,1777855306000,663,26.93306,43.33709,9.97251,66612,True,117.25329,3
20260504-003042,-OrkQok3oW6XCORF4zzA,2026-05-04 00:41:58+00:00,1777855318000,675,26.93813,43.32981,9.97271,67092,True,116.22095,3
20260504-003042,-OrkQrgQpBxilLc-w5gu,2026-05-04 00:42:10+00:00,1777855330000,687,26.93559,43.33186,9.97271,67253,True,114.69594,3
20260504-003042,-OrkQuadxqziqMDuhP1f,2026-05-04 00:42:22+00:00,1777855342000,699,26.93559,43.33086,9.97207,67146,True,113.91687,3
20260504-003042,-OrkQxXtGiq3978qJwlJ,2026-05-04 00:42:34+00:00,1777855354000,711,26.93559,43.32822,9.97223,67199,True,113.11513,3
20260504-003042,-OrkR-UafvkRXpXjEOGz,2026-05-04 00:42:46+00:00,1777855366000,723,26.93813,43.30957,9.97234,67416,True,112.55045,3
20260504-003042,-OrkR2Ok58V_nCfz1C54,2026-05-04 00:42:58+00:00,1777855378000,735,26.93813,43.29613,9.97232,67853,True,111.02185,3
20260504-003042,-OrkR5JmizJfrxPCaEsT,2026-05-04 00:43:10+00:00,1777855390000,747,26.94067,43.29446,9.97224,67634,True,110.7165,3
20260504-003042,-OrkR9H18TEDq7zDMkcw,2026-05-04 00:43:22+00:00,1777855402000,759,26.93813,43.29435,9.97222,67963,True,109.25064,3
20260504-003042,-OrkRAnpdDYj9foAnqD8,2026-05-04 00:43:33+00:00,1777855413000,770,26.86206,43.77105,9.97215,60153,True,124.51092,3
20260504-003042,-OrkRDjBT0r2lIHqbFX2,2026-05-04 00:43:45+00:00,1777855425000,782,26.93306,43.36343,9.97251,65620,True,127.88338,3
20260504-003042,-OrkRGeKrdOf3j82QGM2,2026-05-04 00:43:57+00:00,1777855437000,794,26.93306,43.30786,9.9723,67199,True,118.53441,3
20260504-003042,-OrkRJaECGrE0HYx_7j6,2026-05-04 00:44:09+00:00,1777855449000,806,26.93053,43.2884,9.97204,67908,True,112.46596,3
20260504-003042,-OrkRMWLUgcXcE4XFoEN,2026-05-04 00:44:21+00:00,1777855461000,818,26.93559,43.2887,9.97211,68240,True,109.32491,3
20260504-003042,-OrkRPRuvwC022E5xkDE,2026-05-04 00:44:33+00:00,1777855473000,830,26.93306,43.27337,9.97216,68575,True,106.83198,3
20260504-003042,-OrkRSNgIbNtXhQcrrYZ,2026-05-04 00:44:45+00:00,1777855485000,842,26.94067,43.2762,9.97219,68914,True,106.02344,3
20260504-003042,-OrkRVJd70csrxWueQEj,2026-05-04 00:44:57+00:00,1777855497000,854,26.93306,43.27227,9.97202,68744,True,105.02425,3
20260504-003042,-OrkRYEjw3Z1kVDSQkO1,2026-05-04 00:45:09+00:00,1777855509000,866,26.93813,43.23149,9.97224,68800,True,104.62445,3
20260504-003042,-OrkRaArecLHAcHsxsb9,2026-05-04 00:45:21+00:00,1777855521000,878,26.94574,43.21637,9.97229,68970,True,103.61751,3
20260504-003042,-OrkRd5S_u5LJZrfDhWi,2026-05-04 00:45:33+00:00,1777855533000,890,26.93306,43.26611,9.97196,69084,True,103.10687,3
20260504-003042,-OrkRg1OZb86sbC74Abw,2026-05-04 00:45:45+00:00,1777855545000,902,26.93559,43.24833,9.97213,69659,True,101.71039,3
20260504-003042,-OrkRixTKqRcHqH7Avco,2026-05-04 00:45:57+00:00,1777855557000,914,26.93813,43.22918,9.97234,69313,True,102.10634,3
20260504-003042,-OrkRlsv16n797RzI5pi,2026-05-04 00:46:09+00:00,1777855569000,926,26.9432,43.20211,9.97249,69370,True,101.27142,3
20260504-003042,-OrkRoowBM9ruSGZSD9c,2026-05-04 00:46:21+00:00,1777855581000,938,26.93559,43.23303,9.97234,69428,True,100.6953,3
20260504-003042,-OrkRs0rUQcBjR6eyvss,2026-05-04 00:46:33+00:00,1777855593000,950,26.93813,43.22289,9.97231,69717,True,101.00433,3
20260504-003042,-OrkRufNbd1CdG_ZC5l5,2026-05-04 00:46:45+00:00,1777855605000,962,26.93813,43.21828,9.97215,69256,True,100.51364,3
20260504-003042,-OrkRxaa8_thCI25TcRz,2026-05-04 00:46:57+00:00,1777855617000,974,26.94067,43.20916,9.97226,70184,True,98.7077,3
20260504-003042,-OrkS-XmJaiP3QzzNb0C,2026-05-04 00:47:09+00:00,1777855629000,986,26.94067,43.18973,9.97206,69891,True,98.98877,3
20260504-003042,-OrkS2TBTKJJxD5lLu79,2026-05-04 00:47:21+00:00,1777855641000,998,26.94067,43.1796,9.97206,70184,True,98.45386,3
20260504-003042,-OrkS5ONtpTmGoJK4LaX,2026-05-04 00:47:33+00:00,1777855653000,1010,26.93813,43.19076,9.97224,69833,True,98.42935,3
20260504-003042,-OrkS8JwAEokpoUUZrrj,2026-05-04 00:47:45+00:00,1777855665000,1022,26.93813,43.17582,9.97225,69891,True,98.17117,3
20260504-003042,-OrkSBGL3wJei-CDO4Lc,2026-05-04 00:47:57+00:00,1777855677000,1034,26.9432,43.17389,9.97211,70361,True,97.56215,3
20260504-003042,-OrkSEBUfUQmawgNgQuB,2026-05-04 00:48:09+00:00,1777855689000,1046,26.9432,43.1637,9.97225,70302,True,96.72542,3
20260504-003042,-OrkSH6JB4Azv-hpWatZ,2026-05-04 00:48:21+00:00,1777855701000,1058,26.93813,43.16808,9.97208,70302,True,96.64364,3
20260504-003042,-OrkSK2EFQ27uKCP4gEM,2026-05-04 00:48:33+00:00,1777855713000,1070,26.9432,43.13848,9.97202,70243,True,96.75409,3
20260504-003042,-OrkSMzGr4TOInBj4SqF,2026-05-04 00:48:45+00:00,1777855725000,1082,26.94574,43.12006,9.97216,70243,True,96.84248,3
20260504-003042,-OrkSPtiMvXsYL0MFeuo,2026-05-04 00:48:57+00:00,1777855737000,1094,26.94574,43.12762,9.97197,70008,True,97.28279,3
20260504-003042,-OrkSSq8MbJu0QCymDkz,2026-05-04 00:49:09+00:00,1777855749000,1106,26.94827,43.15667,9.97198,70184,True,96.46886,3
20260504-003042,-OrkSVktUVl_7nMO4FIm,2026-05-04 00:49:21+00:00,1777855761000,1118,26.94827,43.13625,9.97205,70658,True,95.54414,3
20260504-003042,-OrkSYggPhMIaiJCwkvY,2026-05-04 00:49:33+00:00,1777855773000,1130,26.95081,43.12617,9.97198,70539,True,96.18702,3
20260504-003042,-OrkSaogtaW97RZ-zZ2C,2026-05-04 00:49:45+00:00,1777855785000,1142,26.94827,43.1444,9.97191,70897,True,94.11697,3
20260504-003042,-OrkSdYW5YghJ5yVMd-O,2026-05-04 00:49:57+00:00,1777855797000,1154,26.94067,43.1408,9.97171,70837,True,94.24214,3
20260504-003042,-OrkSgTazWkl1qYcAqYX,2026-05-04 00:50:09+00:00,1777855809000,1166,26.95081,43.11414,9.97167,71138,True,93.63598,3
20260504-003042,-OrkSjQ-IdLS_QqHn8DI,2026-05-04 00:50:21+00:00,1777855821000,1178,26.94574,43.11266,9.97176,71017,True,93.4465,3
20260504-003042,-OrkSmLApAuXXD9s9BYb,2026-05-04 00:50:33+00:00,1777855833000,1190,26.94574,43.10669,9.97185,71017,True,93.4871,3
20260504-003042,-OrkSpG_nTuazaRFR0TP,2026-05-04 00:50:45+00:00,1777855845000,1202,26.95081,43.09626,9.97179,70598,True,93.93448,3
20260504-003042,-OrkSsBmBJSkqKmRiU59,2026-05-04 00:50:57+00:00,1777855857000,1214,26.94827,43.12062,9.97175,70658,True,93.47935,3
20260504-003042,-OrkSv79f9sTKI5Feisl,2026-05-04 00:51:09+00:00,1777855869000,1226,26.94574,43.11655,9.97181,71078,True,92.94974,3
20260504-003042,-OrkSy30PPf2euudFfQP,2026-05-04 00:51:21+00:00,1777855881000,1238,26.94827,43.09621,9.97178,71502,True,91.47341,3
20260504-003042,-OrkT-zMWZgrWgXtzdK2,2026-05-04 00:51:33+00:00,1777855893000,1250,26.95588,43.09241,9.97187,71199,True,92.10278,3
20260504-003042,-OrkT2uxA6LD-u037VS3,2026-05-04 00:51:45+00:00,1777855905000,1262,26.94827,43.09319,9.97171,71199,True,91.80144,3
20260504-003042,-OrkT6AMHV6Aqsq_FeEi,2026-05-04 00:51:57+00:00,1777855917000,1274,26.95588,43.07923,9.97183,71078,True,91.87432,3
20260504-003042,-OrkT8mW_HNThDe36ftR,2026-05-04 00:52:09+00:00,1777855929000,1286,26.94827,43.08484,9.97162,71138,True,91.98166,3
20260504-003042,-OrkTBCnqdSS8yJrDShL,2026-05-04 00:52:19+00:00,1777855939000,1296,26.87474,43.54964,9.97165,64015,True,104.7667,3
20260504-003042,-OrkTE8VkaTBSGI8D3Bo,2026-05-04 00:52:31+00:00,1777855951000,1308,26.93559,43.17693,9.97174,68857,True,108.51129,3
20260504-003042,-OrkTH4XQGzD28A1FwIR,2026-05-04 00:52:43+00:00,1777855963000,1320,26.9432,43.10821,9.97169,70598,True,100.18761,3
20260504-003042,-OrkTKiAPV6bRHZ3GEvk,2026-05-04 00:52:55+00:00,1777855975000,1332,26.94827,43.08244,9.97157,70658,True,95.57657,3
20260504-003042,-OrkTMx3laQZYqOiZ3-g,2026-05-04 00:53:07+00:00,1777855987000,1344,26.95081,43.08359,9.97151,71441,True,93.39861,3
20260504-003042,-OrkTPsIyTIbwojHS9l8,2026-05-04 00:53:19+00:00,1777855999000,1356,26.94574,43.07822,9.97158,71381,True,91.33875,3
20260504-003042,-OrkTSnlkNdzximZAHju,2026-05-04 00:53:31+00:00,1777856011000,1368,26.95334,43.0552,9.97162,71441,True,90.69266,3
20260504-003042,-OrkTVkDT04rdcyI28DU,2026-05-04 00:53:43+00:00,1777856023000,1380,26.95334,43.02909,9.97155,71502,True,90.65808,3
20260504-003042,-OrkTYfDDZ7fJI3nytn9,2026-05-04 00:53:55+00:00,1777856035000,1392,26.94827,43.05843,9.97147,71441,True,90.13957,3
20260504-003042,-OrkTaaRfipXmhLDGfB3,2026-05-04 00:54:07+00:00,1777856047000,1404,26.95842,43.0432,9.97149,71686,True,89.77174,3
20260504-003042,-OrkTdXcRZT0tykEUUuO,2026-05-04 00:54:19+00:00,1777856059000,1416,26.95334,43.06331,9.97144,71381,True,89.88742,3
20260504-003042,-OrkTgSYT4EEHMX1WXFA,2026-05-04 00:54:31+00:00,1777856071000,1428,26.95081,43.0545,9.97135,71809,True,88.8645,3
20260504-003042,-OrkTjNrYezjpfBEGSlr,2026-05-04 00:54:43+00:00,1777856083000,1440,26.95334,43.03895,9.97125,71747,True,88.53362,3
20260504-003042,-OrkTmJX9kZqimClnajv,2026-05-04 00:54:55+00:00,1777856095000,1452,26.95588,43.03917,9.97141,71809,True,87.62162,3
20260504-003042,-OrkTpF-2rwote6BuGAq,2026-05-04 00:55:07+00:00,1777856107000,1464,26.95334,43.05087,9.97139,71809,True,87.57458,3
20260504-003042,-OrkTsACfUWjvH1hJ2Qz,2026-05-04 00:55:19+00:00,1777856119000,1476,26.95081,43.03194,9.97142,71809,True,87.72466,3
20260504-003042,-OrkTv5innHoest3Wowq,2026-05-04 00:55:31+00:00,1777856131000,1488,26.95334,43.03222,9.97157,72118,True,86.60701,3
20260504-003042,-OrkTy2BGK4Vfv3fUnv8,2026-05-04 00:55:43+00:00,1777856143000,1500,26.95081,43.01936,9.97147,71994,True,87.28416,3
20260504-003042,-OrkU0BPKGVpQf5rC0dI,2026-05-04 00:55:55+00:00,1777856155000,1512,26.95842,43.01291,9.97152,72180,True,85.81477,3
20260504-003042,-OrkU2uE3-A17yg_MqlI,2026-05-04 00:56:07+00:00,1777856167000,1524,26.96095,43.02979,9.97137,71871,True,86.52621,3
20260504-003042,-OrkU5ovdLyrb6QuTXeG,2026-05-04 00:56:19+00:00,1777856179000,1536,26.95842,43.03414,9.97133,72556,True,85.55615,3
20260504-003042,-OrkU8kQPm_erTHbb4Lp,2026-05-04 00:56:31+00:00,1777856191000,1548,26.95588,43.0392,9.97124,72243,True,85.76651,3
20260504-003042,-OrkUBfdMB2_blX-ypvO,2026-05-04 00:56:43+00:00,1777856203000,1560,26.95842,43.01775,9.97126,72305,True,85.62405,3
20260504-003042,-OrkUEbIkPB08vR10mPe,2026-05-04 00:56:55+00:00,1777856215000,1572,26.95842,43.03549,9.97119,72618,True,85.14995,3
20260504-003042,-OrkUHYUZ8dqo9uxEVxZ,2026-05-04 00:57:07+00:00,1777856227000,1584,26.95842,43.02433,9.97126,72556,True,85.23141,3
20260504-003042,-OrkUKTIRqb_y6FGI_3u,2026-05-04 00:57:19+00:00,1777856239000,1596,26.95588,43.0163,9.97103,72618,True,84.58015,3
20260504-003042,-OrkUNPLgYytBNoDpd-N,2026-05-04 00:57:31+00:00,1777856251000,1608,26.96349,43.00652,9.9712,72493,True,85.04222,3
20260504-003042,-OrkUQKRB3mz8Wz4jFM_,2026-05-04 00:57:43+00:00,1777856263000,1620,26.95842,43.03105,9.97112,72871,True,84.73232,3
20260504-003042,-OrkUTFrwcVloRt41Oe-,2026-05-04 00:57:55+00:00,1777856275000,1632,26.96349,43.00926,9.97108,72556,True,84.88583,3
20260504-003042,-OrkUWBBWalURg9e---7,2026-05-04 00:58:07+00:00,1777856287000,1644,26.96349,43.01594,9.97127,72493,True,84.69861,3
20260504-003042,-OrkUZ6r6-vPL012za49,2026-05-04 00:58:19+00:00,1777856299000,1656,26.96602,43.00986,9.97106,72243,True,84.48598,3
20260504-003042,-OrkUb2SpxOPpJBoSQqg,2026-05-04 00:58:31+00:00,1777856311000,1668,26.96602,43.01858,9.97138,72493,True,84.51625,3
20260504-003042,-OrkUdzL0unxqu_IrMay,2026-05-04 00:58:43+00:00,1777856323000,1680,26.96349,43.00535,9.97108,72998,True,83.62747,3
20260504-003042,-OrkUgty37j2tFRldhgv,2026-05-04 00:58:55+00:00,1777856335000,1692,26.96349,43.00833,9.9711,72871,True,83.6385,3
20260504-003042,-OrkUjyFgBwMk3lLJELg,2026-05-04 00:59:07+00:00,1777856347000,1704,26.95842,43.01122,9.97107,73062,True,82.43281,3
20260504-003042,-OrkUmlkdpm4aFj3VFLm,2026-05-04 00:59:19+00:00,1777856359000,1716,26.96602,42.98195,9.97117,72808,True,82.73619,3
20260504-003042,-OrkUpgmK9VTs1u1e3qR,2026-05-04 00:59:31+00:00,1777856371000,1728,26.95842,43.01151,9.97114,72618,True,83.63551,3
20260504-003042,-OrkUscn-XvAcLCKGlVb,2026-05-04 00:59:43+00:00,1777856383000,1740,26.96602,42.98538,9.97099,72618,True,82.89206,3
20260504-003042,-OrkUvZ-sMYdf_1sdVEL,2026-05-04 00:59:55+00:00,1777856395000,1752,26.96602,42.99926,9.97106,72998,True,82.67036,3
20260504-003042,-OrkUyUDK03js-SvLXlP,2026-05-04 01:00:07+00:00,1777856407000,1764,26.96856,42.98026,9.97126,72681,True,82.30451,3
20260504-003042,-OrkV0PdC9lcBU0tRwh9,2026-05-04 01:00:19+00:00,1777856419000,1776,26.96602,42.98163,9.97098,73126,True,81.1418,3
20260504-003042,-OrkV3LH1vt3QvbWnVt4,2026-05-04 01:00:31+00:00,1777856431000,1788,26.96095,42.98348,9.97104,73062,True,81.43196,3
20260504-003042,-OrkV6GoVAWo9TWF55KY,2026-05-04 01:00:43+00:00,1777856443000,1800,26.97109,42.95903,9.97113,72998,True,82.1801,3
20260504-003042,-OrkV9Cf7yakzBxf2xbN,2026-05-04 01:00:55+00:00,1777856455000,1812,26.96602,42.96692,9.97105,73126,True,81.77219,3
20260504-003042,-OrkVC83-JIZ8bCQJqyF,2026-05-04 01:01:07+00:00,1777856467000,1824,26.97363,42.95973,9.97089,73062,True,81.82939,3
20260504-003042,-OrkVF3JREvE5nup4uqG,2026-05-04 01:01:19+00:00,1777856479000,1836,26.97617,42.9585,9.97109,73318,True,81.01094,3
20260504-003042,-OrkVI-0F09dgu-OIsVc,2026-05-04 01:01:31+00:00,1777856491000,1848,26.97109,42.9485,9.9709,73318,True,80.7849,3
20260504-003042,-OrkVKvdNvwJagwcapL7,2026-05-04 01:01:43+00:00,1777856503000,1860,26.97363,42.91965,9.97091,73062,True,81.47083,3
20260504-003042,-OrkVNqiXge9vQ5uYHzN,2026-05-04 01:01:55+00:00,1777856515000,1872,26.96602,42.9494,9.97059,73126,True,81.99378,3
20260504-003042,-OrkVQiiDkijHGXWBHSS,2026-05-04 01:02:07+00:00,1777856527000,1884,27.02479,42.80856,9.97088,72871,True,82.30806,3
20260504-003042,-OrkVTmfpm_bLfxm5u4a,2026-05-04 01:02:19+00:00,1777856539000,1896,26.95334,43.11843,9.97085,66931,True,120.92474,3
20260504-003042,-OrkVWgZx48bQIArIp95,2026-05-04 01:02:31+00:00,1777856551000,1908,26.95842,43.00407,9.97075,70243,True,105.57349,3
20260504-003042,-OrkVZWgU4_9dUvB5WkK,2026-05-04 01:02:43+00:00,1777856563000,1920,26.96349,42.96056,9.97066,71320,True,95.60484,3
20260504-003042,-OrkVbRwMlHukiWrHszO,2026-05-04 01:02:55+00:00,1777856575000,1932,26.97363,42.92189,9.97092,72118,True,89.3517,3
20260504-003042,-OrkVerMR73YIRUu_cQ6,2026-05-04 01:03:07+00:00,1777856587000,1944,26.96856,42.93573,9.97072,72305,True,86.38676,3
20260504-003042,-OrkVhIXZKCQl3gtuxaB,2026-05-04 01:03:19+00:00,1777856599000,1956,26.96856,42.94099,9.97079,72556,True,85.28438,3
20260504-003042,-OrkVkEPzijR9fdica2t,2026-05-04 01:03:31+00:00,1777856611000,1968,26.97363,42.92469,9.97084,72681,True,84.60718,3
20260504-003042,-OrkVnAc_TNUt1zWYOfJ,2026-05-04 01:03:43+00:00,1777856623000,1980,26.97363,42.92915,9.97066,73062,True,83.44348,3
20260504-003042,-OrkVq5AwMBs3XrwQTUK,2026-05-04 01:03:55+00:00,1777856635000,1992,26.98124,42.90751,9.97082,72681,True,83.85737,3
20260504-003042,-OrkVt0jKmHpY_f5jADc,2026-05-04 01:04:07+00:00,1777856647000,2004,26.97617,42.89681,9.9707,72871,True,83.48431,3
20260504-003042,-OrkVvxN1tX0ZzpqKL_v,2026-05-04 01:04:19+00:00,1777856659000,2016,26.96856,42.92921,9.97072,73254,True,81.97319,3
20260504-003042,-OrkVytvQ7jPkIqfNd1y,2026-05-04 01:04:31+00:00,1777856671000,2028,26.97617,42.91292,9.97059,72681,True,82.98647,3
20260504-003042,-OrkW0p7TnZBhaAANEZk,2026-05-04 01:04:43+00:00,1777856683000,2040,26.97109,42.92839,9.97069,72367,True,83.60161,3
20260504-003042,-OrkW3jz3BH-EfM0Jw2a,2026-05-04 01:04:55+00:00,1777856695000,2052,26.97617,42.91734,9.97061,72556,True,84.5986,3
20260504-003042,-OrkW6eoBexXxHc4ekSS,2026-05-04 01:05:07+00:00,1777856707000,2064,26.98124,42.92697,9.97073,72935,True,83.61792,3
20260504-003042,-OrkW9avmLHWHSYDyquT,2026-05-04 01:05:19+00:00,1777856719000,2076,26.98631,42.91267,9.97077,72681,True,83.13275,3
20260504-003042,-OrkWCdCYdUq5llm40s-,2026-05-04 01:05:31+00:00,1777856731000,2088,26.98377,42.93793,9.97054,72745,True,82.88039,3
20260504-003042,-OrkWFTYbge0LHi_Knz4,2026-05-04 01:05:43+00:00,1777856743000,2100,26.98124,42.93474,9.97057,73126,True,82.27916,3
20260504-003042,-OrkWIO0taN_54dvvZju,2026-05-04 01:05:55+00:00,1777856755000,2112,26.9787,42.94471,9.97056,72998,True,81.73515,3
20260504-003042,-OrkWLJnJztM11x1gr_H,2026-05-04 01:06:07+00:00,1777856767000,2124,26.98124,42.94233,9.9705,73318,True,80.44347,3
20260504-003042,-OrkWOF8hPy5vs_avCTM,2026-05-04 01:06:19+00:00,1777856779000,2136,26.98124,42.93468,9.97052,73575,True,79.85514,3
20260504-003042,-OrkWRAZ5MgLAui6-ExQ,2026-05-04 01:06:31+00:00,1777856791000,2148,26.9787,42.96291,9.97041,73446,True,80.08591,3
20260504-003042,-OrkWU75YfAj8Zn3Aj5o,2026-05-04 01:06:43+00:00,1777856803000,2160,26.98377,42.94093,9.97042,73835,True,79.08167,3
20260504-003042,-OrkWX2FFhtoB6bNaueX,2026-05-04 01:06:55+00:00,1777856815000,2172,26.98124,42.9167,9.9702,73965,True,77.90531,3
20260504-003042,-OrkW_0AVpkHKCnONxrn,2026-05-04 01:07:07+00:00,1777856827000,2184,26.98631,42.88103,9.97042,73835,True,77.81104,3
20260504-003042,-OrkWbuDiK3vc_K0huje,2026-05-04 01:07:19+00:00,1777856839000,2196,26.98377,42.90444,9.97054,73446,True,79.1926,3
20260504-003042,-OrkWeq6fsQdRuQRaP4A,2026-05-04 01:07:31+00:00,1777856851000,2208,26.98377,42.90351,9.97054,74096,True,77.76506,3
20260504-003042,-OrkWhkadLOUMuWwHtv6,2026-05-04 01:07:43+00:00,1777856863000,2220,26.98377,42.93024,9.97038,74031,True,77.14153,3
20260504-003042,-OrkWkglxR5RNPCtj03f,2026-05-04 01:07:55+00:00,1777856875000,2232,26.9787,42.9341,9.97026,73575,True,77.88241,3
20260504-003042,-OrkWnbVth6UuRugwjT3,2026-05-04 01:08:07+00:00,1777856887000,2244,26.99138,42.94948,9.97054,74228,True,77.16145,3
20260504-003042,-OrkWqYKpmQPgDYO1Xne,2026-05-04 01:08:19+00:00,1777856899000,2256,26.98377,42.94227,9.97051,73575,True,77.095,3
20260504-003042,-OrkWtTmsyfmzzKSXmi1,2026-05-04 01:08:31+00:00,1777856911000,2268,26.98885,42.93671,9.97039,73965,True,76.77406,3
20260504-003042,-OrkWw_GC_hqlLnXN4xS,2026-05-04 01:08:43+00:00,1777856923000,2280,26.98377,42.912,9.97026,73965,True,77.07895,3
20260504-003042,-OrkWzKn7ZMDpBm6tG-L,2026-05-04 01:08:55+00:00,1777856935000,2292,26.98124,42.95352,9.97029,73900,True,77.5303,3
20260504-003042,-OrkX1I3YpzEfy4R_yXp,2026-05-04 01:09:07+00:00,1777856947000,2304,26.98377,42.94405,9.97042,73575,True,78.44827,3
20260504-003042,-OrkX4C0QkzMdg0jm5sQ,2026-05-04 01:09:19+00:00,1777856959000,2316,26.98124,42.95516,9.97041,73511,True,78.02534,3
20260504-003042,-OrkX784VCrGINJdA40P,2026-05-04 01:09:31+00:00,1777856971000,2328,26.99138,42.92331,9.9704,74031,True,76.86449,3
20260504-003042,-OrkXA2ohoiDKjJwF-mF,2026-05-04 01:09:43+00:00,1777856983000,2340,26.98885,42.89985,9.97044,74293,True,76.17145,3
20260504-003042,-OrkXD-13NCLyNG6bTXR,2026-05-04 01:09:55+00:00,1777856995000,2352,26.99138,42.88994,9.97043,74096,True,76.74745,3
20260504-003042,-OrkXFxMSfsk30Fic53K,2026-05-04 01:10:07+00:00,1777857007000,2364,26.99138,42.91188,9.97043,74228,True,76.89294,3
20260504-003042,-OrkXIplu32k68k17WT7,2026-05-04 01:10:19+00:00,1777857019000,2376,26.99645,42.90554,9.97051,74228,True,75.78653,3
20260504-003042,-OrkXLm7ulm4KKaMulJM,2026-05-04 01:10:31+00:00,1777857031000,2388,26.99138,42.9071,9.97035,73900,True,76.42509,3
20260504-003042,-OrkXOhFf7RTR_EVVDwo,2026-05-04 01:10:43+00:00,1777857043000,2400,26.99645,42.92357,9.97046,74031,True,76.17266,3
20260504-003042,-OrkXRcu6-tfGudsJ21a,2026-05-04 01:10:55+00:00,1777857055000,2412,26.99645,42.89828,9.97036,74293,True,75.39239,3
20260504-003042,-OrkXUa5mnkQXC0U-MIR,2026-05-04 01:11:07+00:00,1777857067000,2424,26.99391,42.90289,9.97046,74228,True,75.66984,3
20260504-003042,-OrkXXUYvrXSrB3MFQsx,2026-05-04 01:11:19+00:00,1777857079000,2436,26.99645,42.8852,9.97076,74228,True,75.57925,3
20260504-003042,-OrkX_QJq0lnzdssP7vn,2026-05-04 01:11:31+00:00,1777857091000,2448,26.99899,42.86507,9.97059,74293,True,75.56048,3
20260504-003042,-OrkXcLZXRQWO3lRbGd4,2026-05-04 01:11:43+00:00,1777857103000,2460,26.99391,42.90091,9.97026,74228,True,75.78553,3
20260504-003042,-OrkXfQhtmCvUZ26v2v7,2026-05-04 01:11:55+00:00,1777857115000,2472,27.00152,42.87422,9.97051,74558,True,74.97725,3
20260504-003042,-OrkXi_vw0Wh96MIrpT3,2026-05-04 01:12:07+00:00,1777857127000,2484,27.00152,42.88956,9.97046,73835,True,75.25169,3
20260504-003042,-OrkXl7uv7QjHxnzJ7sR,2026-05-04 01:12:19+00:00,1777857139000,2496,26.99899,42.91268,9.97041,74293,True,74.73734,3
20260504-003042,-OrkXo3WnHSLqMkzu_iz,2026-05-04 01:12:31+00:00,1777857151000,2508,27.00152,42.9132,9.97042,74425,True,74.64745,3
20260504-003042,-OrkXr-UBE-Ye0yO28lC,2026-05-04 01:12:43+00:00,1777857163000,2520,26.99899,42.93176,9.97045,74359,True,74.68424,3
20260504-003042,-OrkXtx5JtOq8sHfEfu-,2026-05-04 01:12:55+00:00,1777857175000,2532,27.00152,42.92767,9.97049,74228,True,74.88779,3
20260504-003042,-OrkXwqwxgxbNnnhiMak,2026-05-04 01:13:07+00:00,1777857187000,2544,27.00406,42.90851,9.97042,74425,True,74.17622,3
20260504-003042,-OrkXzmm6HbKuVtneyqV,2026-05-04 01:13:19+00:00,1777857199000,2556,27.00406,42.91737,9.97032,74425,True,74.53979,3
20260504-003042,-OrkY1iQPlZAMQd1EAus,2026-05-04 01:13:31+00:00,1777857211000,2568,27.00152,42.92806,9.97026,74162,True,75.13594,3
20260504-003042,-OrkY4drKNi6XVrtjQ3f,2026-05-04 01:13:43+00:00,1777857223000,2580,27.00406,42.92091,9.97028,74624,True,74.64085,3
20260504-003042,-OrkY7_jh80AT65x2HV9,2026-05-04 01:13:55+00:00,1777857235000,2592,27.00659,42.90961,9.97043,74162,True,74.58278,3
20260504-003042,-OrkYAV713HUTfparPyd,2026-05-04 01:14:07+00:00,1777857247000,2604,27.00913,42.89204,9.97038,74425,True,74.53279,3
20260504-003042,-OrkYDROS-PGsyEsKBpu,2026-05-04 01:14:19+00:00,1777857259000,2616,27.00913,42.88375,9.97015,74162,True,74.70007,3
20260504-003042,-OrkYGN4ITUQrfGv5uDG,2026-05-04 01:14:31+00:00,1777857271000,2628,27.00406,42.90532,9.97012,74359,True,75.01095,3
20260504-003042,-OrkYJIZbiO_P22Mj6UD,2026-05-04 01:14:43+00:00,1777857283000,2640,27.00406,42.89281,9.97018,74425,True,74.23422,3
20260504-003042,-OrkYMDgMl6G_wU-iCbB,2026-05-04 01:14:55+00:00,1777857295000,2652,27.00406,42.8982,9.97009,74691,True,73.03149,3
20260504-003042,-OrkYPJtUSWs_Hq-TW9W,2026-05-04 01:15:07+00:00,1777857307000,2664,27.01166,42.8807,9.9703,74492,True,73.87614,3
20260504-003042,-OrkYS4Z8CyHcNX2oAZP,2026-05-04 01:15:19+00:00,1777857319000,2676,27.00913,42.88187,9.97008,74624,True,74.02545,3
20260504-003042,-OrkYV03ODw17kRi4VYZ,2026-05-04 01:15:31+00:00,1777857331000,2688,27.00659,42.89291,9.97027,74492,True,74.54627,3
20260504-003042,-OrkYXwobyyknn87ANZ7,2026-05-04 01:15:43+00:00,1777857343000,2700,27.01166,42.87167,9.97025,74425,True,74.53225,3
20260504-003042,-OrkY_sVUJvJJkTEdscZ,2026-05-04 01:15:55+00:00,1777857355000,2712,27.00913,42.89225,9.97017,74558,True,73.71559,3
20260504-003042,-OrkYcnM78F04gE89nPN,2026-05-04 01:16:07+00:00,1777857367000,2724,27.0142,42.89181,9.97052,74162,True,74.63617,3
20260504-003042,-OrkYfk2A05QFuD4MatS,2026-05-04 01:16:19+00:00,1777857379000,2736,27.01166,42.89798,9.97041,74425,True,73.61475,3
20260504-003042,-OrkYikHI3ZZeFK7Sr2u,2026-05-04 01:16:31+00:00,1777857391000,2748,27.0142,42.90622,9.97055,74492,True,73.49245,3
20260504-003042,-OrkYlaPnvyaABbCMQpe,2026-05-04 01:16:43+00:00,1777857403000,2760,27.00913,42.93718,9.9704,74558,True,72.86356,3
20260504-003042,-OrkYoWwtmIRMvvhp1Dp,2026-05-04 01:16:55+00:00,1777857415000,2772,27.01166,42.91822,9.97028,74824,True,72.47246,3
20260504-003042,-OrkYrRxh88uPn7RTsgK,2026-05-04 01:17:07+00:00,1777857427000,2784,27.01166,42.93395,9.97025,74691,True,72.1926,3
20260504-003042,-OrkYuNp62YSSo-MHOSv,2026-05-04 01:17:19+00:00,1777857439000,2796,27.0142,42.91293,9.97027,74758,True,72.26073,3
20260504-003042,-OrkYxJQfypnOa3vSc5w,2026-05-04 01:17:31+00:00,1777857451000,2808,27.00913,42.92978,9.97022,74691,True,72.25402,3
20260504-003042,-OrkZ-FRKZYYR4K6B5N8,2026-05-04 01:17:43+00:00,1777857463000,2820,27.01166,42.93913,9.97005,75160,True,71.88787,3
20260504-003042,-OrkZ2A1rzGuZs0gaQ9r,2026-05-04 01:17:55+00:00,1777857475000,2832,27.01674,42.91388,9.97041,74558,True,72.8396,3
20260504-003042,-OrkZ55qGJ16R4Wy-S72,2026-05-04 01:18:07+00:00,1777857487000,2844,27.02181,42.91613,9.97029,74824,True,72.29974,3
20260504-003042,-OrkZ8E2P3fgf5bqthvh,2026-05-04 01:18:19+00:00,1777857499000,2856,27.01166,42.91981,9.97019,74758,True,72.22401,3
20260504-003042,-OrkZAy-hWEsl0sqv1Nd,2026-05-04 01:18:31+00:00,1777857511000,2868,27.01674,42.91488,9.97003,74691,True,72.3671,3
20260504-003042,-OrkZDt-EmYN0STO2HjP,2026-05-04 01:18:43+00:00,1777857523000,2880,27.02181,42.90251,9.97023,74359,True,72.87897,3
20260504-003042,-OrkZGpCcUYCxIqd5zrQ,2026-05-04 01:18:55+00:00,1777857535000,2892,27.0142,42.90398,9.97015,74425,True,72.36725,3
20260504-003042,-OrkZJjQy0dG-nbp0FWf,2026-05-04 01:19:07+00:00,1777857547000,2904,27.02181,42.85503,9.97037,74691,True,72.80387,3
20260504-003042,-OrkZMgLlP-WRB7WxeaY,2026-05-04 01:19:19+00:00,1777857559000,2916,27.02181,42.86428,9.97018,74624,True,73.35484,3
20260504-003042,-OrkZPaiA4WQgFCZ3p27,2026-05-04 01:19:31+00:00,1777857571000,2928,27.01927,42.86596,9.97028,74758,True,73.31532,3
20260504-003042,-OrkZSXejtkIOYAqs-bT,2026-05-04 01:19:43+00:00,1777857583000,2940,27.02434,42.86388,9.9701,74958,True,72.43935,3
20260504-003042,-OrkZVT_r-15LRVulKT9,2026-05-04 01:19:55+00:00,1777857595000,2952,27.02181,42.8625,9.9702,74824,True,72.20679,3
20260504-003042,-OrkZYOH4mrwm3Hd9AWq,2026-05-04 01:20:07+00:00,1777857607000,2964,27.02181,42.84505,9.97029,74758,True,72.62067,3
20260504-003042,-OrkZaK46FnwT7lnGPaj,2026-05-04 01:20:19+00:00,1777857619000,2976,27.01674,42.85889,9.97013,74891,True,72.75,3
20260504-003042,-OrkZdFh-ifv6eTRG8zL,2026-05-04 01:20:31+00:00,1777857631000,2988,27.02181,42.84565,9.97011,75093,True,71.70036,3
20260504-003042,-OrkZgAgm1KtLL1AUKlu,2026-05-04 01:20:43+00:00,1777857643000,3000,27.02181,42.86705,9.96997,75160,True,71.19142,3
20260504-003042,-OrkZj72qQQ2yyoRwmiC,2026-05-04 01:20:55+00:00,1777857655000,3012,27.01927,42.85664,9.97019,74691,True,72.28388,3
20260504-003042,-OrkZm2TzBHQHkoLRmIv,2026-05-04 01:21:07+00:00,1777857667000,3024,27.01674,42.86167,9.97001,74758,True,72.28847,3
20260504-003042,-OrkZoyxnv3L5Z08eGvu,2026-05-04 01:21:19+00:00,1777857679000,3036,27.02434,42.85888,9.97013,75295,True,71.23272,3
20260504-003042,-OrkZs0jm0URk-6FgpA1,2026-05-04 01:21:31+00:00,1777857691000,3048,27.02434,42.87852,9.97001,74958,True,71.40628,3
20260504-003042,-OrkZuq9V8FHdLMHyJrt,2026-05-04 01:21:43+00:00,1777857703000,3060,27.02434,42.88052,9.97022,74824,True,71.82323,3
20260504-003042,-OrkZxkmBkZmczvhVqIc,2026-05-04 01:21:55+00:00,1777857715000,3072,27.02181,42.87858,9.96997,75025,True,70.94338,3
20260504-003042,-Ork_-gYVxzu-xA6L2I5,2026-05-04 01:22:07+00:00,1777857727000,3084,27.02181,42.88576,9.97001,74824,True,70.61026,3
20260504-003042,-Ork_2cIIqyQGcCc-ETg,2026-05-04 01:22:19+00:00,1777857739000,3096,27.02434,42.88308,9.97029,74691,True,71.79968,3
20260504-003042,-Ork_5YYiHv55NAMOBJA,2026-05-04 01:22:31+00:00,1777857751000,3108,27.02688,42.88386,9.97001,75160,True,70.74521,3
20260504-003042,-Ork_8U7Sxkkx8d0n24m,2026-05-04 01:22:43+00:00,1777857763000,3120,27.03195,42.88632,9.97017,75025,True,71.66342,3
20260504-003042,-Ork_BPFbarXXaabUXzp,2026-05-04 01:22:55+00:00,1777857775000,3132,27.02688,42.89798,9.97021,74758,True,71.69779,3
20260504-003042,-Ork_EKyFo8n_rHuCVv4,2026-05-04 01:23:07+00:00,1777857787000,3144,27.02941,42.88909,9.97011,75295,True,71.04173,3
20260504-003042,-Ork_HGswjSjynQlODn1,2026-05-04 01:23:19+00:00,1777857799000,3156,27.02941,42.88084,9.97011,75025,True,70.28223,3
20260504-003042,-Ork_KBre4a4CbERW6wo,2026-05-04 01:23:31+00:00,1777857811000,3168,27.02941,42.88667,9.9702,74758,True,71.36304,3
20260504-003042,-Ork_N8MjwHUcjj6Vr5Z,2026-05-04 01:23:43+00:00,1777857823000,3180,27.03448,42.87632,9.97017,75363,True,70.68489,3
20260504-003042,-Ork_Q2nO0FQM6VrgfuR,2026-05-04 01:23:55+00:00,1777857835000,3192,27.03195,42.8866,9.9701,74958,True,70.86049,3
20260504-003042,-Ork_SzmujBwI70V0iR_,2026-05-04 01:24:07+00:00,1777857847000,3204,27.03195,42.88408,9.97008,75160,True,70.21062,3
20260504-003042,-Ork_VuuvBJ9bXCHnX1j,2026-05-04 01:24:19+00:00,1777857859000,3216,27.03195,42.88471,9.96985,74958,True,70.94765,3
20260504-003042,-Ork_YqUB_3ld6SBC-aA,2026-05-04 01:24:31+00:00,1777857871000,3228,27.03195,42.89381,9.97011,75093,True,70.78436,3
20260504-003042,-Ork_b7L8w6O5Ze6CNmE,2026-05-04 01:24:43+00:00,1777857883000,3240,27.02688,42.89379,9.97012,75228,True,70.15687,3
20260504-003042,-Ork_eBxatg1_kO3V2mb,2026-05-04 01:24:55+00:00,1777857895000,3252,27.03195,42.88622,9.97008,74958,True,70.80218,3
20260504-003042,-Ork_gd1Zm0XVwXafKxe,2026-05-04 01:25:07+00:00,1777857907000,3264,27.03702,42.86681,9.97,74958,True,70.76665,3
20260504-003042,-Ork_j_EW_1UYQ9yyD_c,2026-05-04 01:25:19+00:00,1777857919000,3276,27.03956,42.87843,9.96997,75431,True,69.84095,3
20260504-003042,-Ork_mV2OJguvxXfhNd7,2026-05-04 01:25:31+00:00,1777857931000,3288,27.03702,42.90493,9.96998,75228,True,69.98398,3
20260504-003042,-Ork_pQX95xuCsC-PJbj,2026-05-04 01:25:43+00:00,1777857943000,3300,27.03956,42.89614,9.97001,75295,True,69.99096,3
20260504-003042,-Ork_sMANiN9eYqv9fku,2026-05-04 01:25:55+00:00,1777857955000,3312,27.03956,42.88892,9.96997,75160,True,69.70889,3
20260504-003042,-Ork_vHQhVU3Ba2GbKL7,2026-05-04 01:26:07+00:00,1777857967000,3324,27.03195,42.88704,9.96992,75228,True,69.49974,3
20260504-003042,-Ork_yDsYUcX2lk_cyO1,2026-05-04 01:26:19+00:00,1777857979000,3336,27.03195,42.8922,9.96966,75431,True,69.39989,3
20260504-003042,-Orka08uUIi1kl36i76z,2026-05-04 01:26:31+00:00,1777857991000,3348,27.03448,42.88704,9.96989,75025,True,69.93634,3
20260504-003042,-Orka349qc9CVEqnE5Uh,2026-05-04 01:26:43+00:00,1777858003000,3360,27.04209,42.8849,9.96991,75093,True,70.09357,3
20260504-003042,-Orka6-gTZ11nhFAlLYi,2026-05-04 01:26:55+00:00,1777858015000,3372,27.04463,42.86898,9.96998,75025,True,70.10602,3
20260504-003042,-Orka8vuunJ9qwciEYlu,2026-05-04 01:27:07+00:00,1777858027000,3384,27.04209,42.88219,9.97003,74758,True,70.7982,3
20260504-003042,-OrkaBsjVZ8aFK_2nyet,2026-05-04 01:27:19+00:00,1777858039000,3396,27.04209,42.8812,9.96999,75295,True,69.70224,3
20260504-003042,-OrkaEn3cO6wC78eNBgP,2026-05-04 01:27:31+00:00,1777858051000,3408,27.04463,42.88186,9.96989,74758,True,70.60123,3
20260504-003042,-OrkaHiju1mVd_LYeaOT,2026-05-04 01:27:43+00:00,1777858063000,3420,27.03702,42.86885,9.96984,75160,True,70.47885,3
20260504-003042,-OrkaLQQyuVmpVuzfZr_,2026-05-04 01:27:55+00:00,1777858075000,3432,27.03956,42.87386,9.96986,74958,True,70.71853,3
20260504-003042,-OrkaNeF0_rXuMaNyKL8,2026-05-04 01:28:07+00:00,1777858087000,3444,27.02181,43.10761,9.96992,70067,True,87.54248,3
20260504-003042,-OrkaQ_Mj4BnfcVG01Zc,2026-05-04 01:28:19+00:00,1777858099000,3456,27.03448,42.9156,9.96973,73126,True,84.61864,3
20260504-003042,-OrkaTWHEOCqQjG_zCI2,2026-05-04 01:28:31+00:00,1777858111000,3468,27.03448,42.90179,9.96987,74359,True,77.49808,3
20260504-003042,-OrkaWSCPkmue6STWrWL,2026-05-04 01:28:43+00:00,1777858123000,3480,27.03956,42.88285,9.96972,74758,True,73.95912,3
20260504-003042,-OrkaZOnZRy53j13D8pC,2026-05-04 01:28:55+00:00,1777858135000,3492,27.03956,42.90974,9.96971,74691,True,72.4687,3
20260504-003042,-OrkabIuMD56g-Ft6Wcq,2026-05-04 01:29:07+00:00,1777858147000,3504,27.04716,42.87712,9.97001,74691,True,72.09821,3
20260504-003042,-OrkaeE8kVRg_aHyRRfR,2026-05-04 01:29:19+00:00,1777858159000,3516,27.04716,42.88046,9.96985,74891,True,71.42838,3
20260504-003042,-Orkah9eSr7uv9UPPude,2026-05-04 01:29:31+00:00,1777858171000,3528,27.04716,42.87986,9.96988,74558,True,71.20772,3
20260504-003042,-Orkak5MuBAZ8rLZDudS,2026-05-04 01:29:43+00:00,1777858183000,3540,27.0497,42.87346,9.96996,75025,True,70.28009,3
20260504-003042,-Orkan0JQATqJscsfZ6m,2026-05-04 01:29:55+00:00,1777858195000,3552,27.04463,42.87988,9.96995,74958,True,70.45866,3
20260504-003042,-OrkapxVc9MVErunZP09,2026-05-04 01:30:07+00:00,1777858207000,3564,27.04716,42.87556,9.97006,75160,True,70.25961,3
20260504-003042,-OrkassdN2YCiCJaOJhc,2026-05-04 01:30:19+00:00,1777858219000,3576,27.0497,42.88507,9.9699,74691,True,71.1418,3
20260504-003042,-Orkavp12oPYQ8DpB1q8,2026-05-04 01:30:31+00:00,1777858231000,3588,27.0497,42.88079,9.96996,75093,True,70.03156,3
20260504-003042,-OrkaykRACBR8rveteOM,2026-05-04 01:30:43+00:00,1777858243000,3600,27.04716,42.89555,9.97001,74958,True,70.04312,3
20260504-003042,-Orkb12kWDqjow69xR42,2026-05-04 01:30:55+00:00,1777858255000,3612,27.05223,42.86446,9.96982,75093,True,69.95362,3
20260504-003042,-Orkb3avW9XNyJQjSAlq,2026-05-04 01:31:07+00:00,1777858267000,3624,27.05223,42.87246,9.97002,75025,True,69.03192,3
20260504-003042,-Orkb6XP2rVJhSqaUQ5U,2026-05-04 01:31:19+00:00,1777858279000,3636,27.05731,42.87524,9.97001,75635,True,68.56721,3
20260504-003042,-Orkb9S2YeL981FVRGa3,2026-05-04 01:31:31+00:00,1777858291000,3648,27.04209,42.90205,9.96959,75228,True,68.34742,3
20260504-003042,-OrkbCOXkYZJzDf-wzY6,2026-05-04 01:31:43+00:00,1777858303000,3660,27.05731,42.88433,9.96987,74958,True,69.24727,3
20260504-003042,-OrkbFK7HaRCUILOdJX6,2026-05-04 01:31:55+00:00,1777858315000,3672,27.05223,42.88717,9.9698,75499,True,68.50586,3
20260504-003042,-OrkbIFPgsPEfXdrFwBO,2026-05-04 01:32:07+00:00,1777858327000,3684,27.05223,42.91159,9.96961,75295,True,68.01987,3
20260504-003042,-OrkbLAzVx3ed81KPEP7,2026-05-04 01:32:19+00:00,1777858339000,3696,27.05477,42.90526,9.96969,75363,True,68.30664,3
20260504-003042,-OrkbO6bJR9D4WbtICTp,2026-05-04 01:32:31+00:00,1777858351000,3708,27.0497,42.91103,9.96962,75228,True,68.90343,3
20260504-003042,-OrkbR3b5MiN6wy6zMNA,2026-05-04 01:32:43+00:00,1777858363000,3720,27.0497,42.93772,9.96952,75567,True,67.75997,3
20260504-003042,-OrkbTym9TzwiwM619ak,2026-05-04 01:32:55+00:00,1777858375000,3732,27.05984,42.93201,9.96994,75431,True,68.27386,3
20260504-003042,-OrkbWtn4sLyKN3kD2UX,2026-05-04 01:33:07+00:00,1777858387000,3744,27.05984,42.96363,9.96984,75431,True,68.43407,3
20260504-003042,-OrkbZpWTP-fcbRhEfFK,2026-05-04 01:33:19+00:00,1777858399000,3756,27.05477,42.96528,9.96958,75363,True,68.44566,3
20260504-003042,-OrkbbkqwH4adMGn67cE,2026-05-04 01:33:31+00:00,1777858411000,3768,27.05477,42.95534,9.96988,75635,True,67.68327,3
20260504-003042,-OrkbehQFME6sE40P6ky,2026-05-04 01:33:43+00:00,1777858423000,3780,27.05984,42.96148,9.9698,75295,True,68.35435,3
20260504-003042,-Orkbhb9EcB1VFrZE_Ki,2026-05-04 01:33:55+00:00,1777858435000,3792,27.05477,42.98864,9.96986,75295,True,67.96493,3
20260504-003042,-OrkbkoOC53lY4JNbjRA,2026-05-04 01:34:07+00:00,1777858447000,3804,27.05477,42.98396,9.96984,75363,True,68.13342,3
20260504-003042,-OrkbnTxoVAzDKIuSgAy,2026-05-04 01:34:19+00:00,1777858459000,3816,27.05984,42.96832,9.96985,75499,True,67.38747,3
20260504-003042,-OrkbqPIX7Wja1jS5XQY,2026-05-04 01:34:31+00:00,1777858471000,3828,27.05223,42.99972,9.96988,75295,True,68.85297,3
20260504-003042,-OrkbtKe9dYwdcE0NFjO,2026-05-04 01:34:43+00:00,1777858483000,3840,27.05731,43.01849,9.96973,75363,True,69.26865,3
20260504-003042,-OrkbwGvxbKMz83EsgUC,2026-05-04 01:34:55+00:00,1777858495000,3852,27.05223,43.02256,9.9697,75025,True,70.23289,3
20260504-003042,-OrkbzCzv94fxttEt7_0,2026-05-04 01:35:07+00:00,1777858507000,3864,27.05477,43.0439,9.96979,74293,True,71.65034,3
20260504-003042,-Orkc173TsVKRfajgPtT,2026-05-04 01:35:19+00:00,1777858519000,3876,27.05223,43.09243,9.96968,74096,True,73.08784,3
20260504-003042,-Orkc42g7MhNaX5qTYvG,2026-05-04 01:35:31+00:00,1777858531000,3888,27.0497,43.14351,9.9699,73965,True,75.56328,3
20260504-003042,-Orkc7-mSfdf1rwkB3MG,2026-05-04 01:35:43+00:00,1777858543000,3900,27.0497,43.15331,9.96978,74425,True,72.99899,3
20260504-003042,-Orkc9ub4YaDtZ_XLqhU,2026-05-04 01:35:55+00:00,1777858555000,3912,27.0497,43.22849,9.96966,75431,True,69.7505,3
20260504-003042,-OrkcCphzGycXhKMDjB2,2026-05-04 01:36:07+00:00,1777858567000,3924,27.0497,43.28145,9.96959,74824,True,70.01428,3
20260504-003042,-OrkcFmDEVC99Rn_8wKK,2026-05-04 01:36:19+00:00,1777858579000,3936,27.04716,43.31597,9.96962,75093,True,69.08617,3
20260504-003042,-OrkcIhKDH4frTu-tfrt,2026-05-04 01:36:31+00:00,1777858591000,3948,27.04716,43.3702,9.96951,75025,True,68.92145,3
20260504-003042,-OrkcLdVOltoImmtn4Yt,2026-05-04 01:36:43+00:00,1777858603000,3960,27.0497,43.41959,9.96955,75295,True,67.7634,3
20260504-003042,-OrkcO_E8WfGyFEzKGUM,2026-05-04 01:36:55+00:00,1777858615000,3972,27.0497,43.44226,9.96955,74958,True,68.63257,3
20260504-003042,-OrkcRULefP2J4uWQuG-,2026-05-04 01:37:07+00:00,1777858627000,3984,27.05731,43.43731,9.9695,75025,True,68.37216,3
20260504-003042,-OrkcfN5vJ5MtCQpiFyH,2026-05-04 01:37:19+00:00,1777858639000,3996,27.05731,43.45866,9.96946,74624,True,69.33904,3
20260504-003042,-Orkcg8VNUmyzf_NY19o,2026-05-04 01:38:11+00:00,1777858691000,4048,27.1198,43.31429,9.96948,74758,True,69.20387,3
20260504-003042,-Orkcj3p2z8k5sFc0RJQ,2026-05-04 01:38:23+00:00,1777858703000,4060,26.99391,43.91752,9.96945,52301,True,213.44882,2
20260504-003042,-Orkcm-SE9uss01dvWJ8,2026-05-04 01:38:35+00:00,1777858715000,4072,27.01927,43.64595,9.96924,62070,True,171.37827,2
20260504-003042,-OrkcowkQeKRxpY08ZnV,2026-05-04 01:38:47+00:00,1777858727000,4084,27.02688,43.59198,9.96931,67092,True,131.51279,2
20260504-003042,-Orkcrrs9wcWqoMrKC32,2026-05-04 01:38:59+00:00,1777858739000,4096,27.03448,43.56951,9.96926,68744,True,109.97707,2
20260504-003042,-Orkcun-R2SRRBlpVXf3,2026-05-04 01:39:11+00:00,1777858751000,4108,27.04209,43.56405,9.96931,70361,True,96.9254,2
20260504-003042,-Orkcxjr5ADy0viheErt,2026-05-04 01:39:23+00:00,1777858763000,4120,27.04209,43.58038,9.96917,71138,True,90.38885,2
20260504-003042,-Orkd-e-sFd_QET0orRr,2026-05-04 01:39:35+00:00,1777858775000,4132,27.04463,43.61565,9.96914,71932,True,85.59526,3
20260504-003042,-Orkd2_-Xs3NkudxFhdt,2026-05-04 01:39:47+00:00,1777858787000,4144,27.05223,43.61879,9.96924,72305,True,83.02217,3
20260504-003042,-Orkd5VgmvTO_v_qXzcp,2026-05-04 01:39:59+00:00,1777858799000,4156,27.04716,43.62273,9.96874,72618,True,81.33316,3
20260504-003042,-Orkd8RO1gf0vx1SPfQ0,2026-05-04 01:40:11+00:00,1777858811000,4168,27.05984,43.60734,9.9691,72745,True,79.87549,3
20260504-003042,-OrkdBYiV7rn3lHLzLy8,2026-05-04 01:40:23+00:00,1777858823000,4180,27.06491,43.58298,9.96918,73446,True,77.06242,3
20260504-003042,-OrkdEIZctCJQcjzvyTV,2026-05-04 01:40:35+00:00,1777858835000,4192,27.05984,43.57813,9.96885,73575,True,75.29047,3
20260504-003042,-OrkdHESmJOA6U4Dqkx6,2026-05-04 01:40:47+00:00,1777858847000,4204,27.06491,43.5527,9.96899,73318,True,74.6905,3
20260504-003042,-OrkdKAn7596qS69DL0-,2026-05-04 01:40:59+00:00,1777858859000,4216,27.06238,43.53274,9.96886,73575,True,73.56451,3
20260504-003042,-OrkdN6DVm89ythCIEZl,2026-05-04 01:41:11+00:00,1777858871000,4228,27.06238,43.52412,9.96893,74228,True,71.28613,3
20260504-003042,-OrkdQ0Z8XdpFnC6fOGC,2026-05-04 01:41:23+00:00,1777858883000,4240,27.06745,43.50062,9.9688,74031,True,71.51621,3
20260504-003042,-OrkdSxmD0skcV5Z2shq,2026-05-04 01:41:35+00:00,1777858895000,4252,27.06998,43.49944,9.96882,74096,True,70.74758,3
20260504-003042,-OrkdVrifZNVjqfRdiT_,2026-05-04 01:41:47+00:00,1777858907000,4264,27.06745,43.49048,9.96878,74425,True,70.29423,3
20260504-003042,-OrkdYnmBPvsCZ_dlhXt,2026-05-04 01:41:59+00:00,1777858919000,4276,27.07505,43.47821,9.96873,73965,True,71.03133,3
20260504-003042,-Orkdakayh0kPe2KE1ql,2026-05-04 01:42:11+00:00,1777858931000,4288,27.06998,43.49329,9.96875,74359,True,69.51332,3
20260504-003042,-Orkddhb66XSs3h4juLU,2026-05-04 01:42:23+00:00,1777858943000,4300,27.07505,43.50409,9.96869,74492,True,68.62793,3
20260504-003042,-OrkdgajSW8d8pcupWuJ,2026-05-04 01:42:35+00:00,1777858955000,4312,27.08013,43.49828,9.96884,74359,True,69.01955,3
20260504-003042,-OrkdjVpaVc9diN8zm38,2026-05-04 01:42:47+00:00,1777858967000,4324,27.08013,43.48716,9.96884,74624,True,69.16313,3
20260504-003042,-OrkdmSfMA0VTWOZymcR,2026-05-04 01:42:59+00:00,1777858979000,4336,27.08013,43.50185,9.96877,74624,True,68.65509,3
20260504-003042,-OrkdpOQec5t3ExoDJS1,2026-05-04 01:43:11+00:00,1777858991000,4348,27.08013,43.49331,9.96877,74891,True,68.12729,3
20260504-003042,-Orkds_qQi01-aWUPs-1,2026-05-04 01:43:23+00:00,1777859003000,4360,27.08013,43.49539,9.96869,74758,True,67.85951,3
20260504-003042,-OrkdvWl_HsDYHaLDzwI,2026-05-04 01:43:35+00:00,1777859015000,4372,27.07759,43.52497,9.96865,74691,True,68.23759,3
20260504-003042,-OrkdyAxgviD0CQX5DJi,2026-05-04 01:43:47+00:00,1777859027000,4384,27.08266,43.5108,9.96807,74425,True,68.27793,3
20260504-003042,-Orke067SBgJd4tYhmQf,2026-05-04 01:43:59+00:00,1777859039000,4396,27.08266,43.5144,9.96788,74624,True,68.07673,3
20260504-003042,-Orke322SKRxMV7qO9UN,2026-05-04 01:44:11+00:00,1777859051000,4408,27.08773,43.52645,9.96821,74824,True,67.59965,3
20260504-003042,-Orke5yVgt4U5ohJDgoR,2026-05-04 01:44:23+00:00,1777859063000,4420,27.0852,43.52237,9.96824,74558,True,67.62256,3
20260504-003042,-Orke8sre7yvZHhwxY5Y,2026-05-04 01:44:35+00:00,1777859075000,4432,27.08013,43.56879,9.968,74824,True,67.16995,3
20260504-003042,-OrkeBoFCPsUHd4Qhvqj,2026-05-04 01:44:47+00:00,1777859087000,4444,27.0852,43.56559,9.96794,74758,True,67.52083,3
20260504-003042,-OrkeEmTUfrJrWXjEef0,2026-05-04 01:44:59+00:00,1777859099000,4456,27.08013,43.59481,9.96793,74624,True,67.69589,3
20260504-003042,-OrkeHg52i0WmOhIj_gU,2026-05-04 01:45:11+00:00,1777859111000,4468,27.08773,43.56539,9.9681,74691,True,67.38889,3
20260504-003042,-OrkeKcXc8vg-LuN_-_6,2026-05-04 01:45:23+00:00,1777859123000,4480,27.08013,43.60534,9.96809,75025,True,66.93282,3
20260504-003042,-OrkeNY6XLri-MLygJC5,2026-05-04 01:45:35+00:00,1777859135000,4492,27.08013,43.6114,9.96803,74758,True,66.78653,3
20260504-003042,-OrkeQTuYVwZrTc9OwP4,2026-05-04 01:45:47+00:00,1777859147000,4504,27.08266,43.59351,9.96806,74824,True,66.3371,3
20260504-003042,-OrkeTOSsKwccqrS_mW0,2026-05-04 01:45:59+00:00,1777859159000,4516,27.08266,43.58989,9.96813,74425,True,67.69405,3
20260504-003042,-OrkeWKMutMOiTZSkJbm,2026-05-04 01:46:11+00:00,1777859171000,4528,27.07505,43.60614,9.96787,74891,True,65.9528,3
20260504-003042,-OrkeZFhsmjDd3Wblug4,2026-05-04 01:46:23+00:00,1777859183000,4540,27.08773,43.58432,9.968,74758,True,67.00455,3
20260504-003042,-OrkebCBBjgu7_-ZWFA8,2026-05-04 01:46:35+00:00,1777859195000,4552,27.0852,43.6064,9.96785,74824,True,66.6688,3
20260504-003042,-OrkefAvWFWgUTHbwGQn,2026-05-04 01:46:47+00:00,1777859207000,4564,27.08266,43.5934,9.96799,75295,True,65.76571,3
20260504-003042,-Orkegixu3YTmu8f7nXo,2026-05-04 01:46:58+00:00,1777859218000,4575,27.01166,44.08195,9.96794,66348,True,81.62,3
20260504-003042,-OrkejteI-ffdhi616Rx,2026-05-04 01:47:10+00:00,1777859230000,4587,27.06745,43.70814,9.96785,72056,True,86.27327,3
20260504-003042,-OrkemXnCktyYWR0UasA,2026-05-04 01:47:22+00:00,1777859242000,4599,27.08013,43.6217,9.96809,73318,True,77.93117,3
20260504-003042,-OrkepTYIM7v5YQ232jw,2026-05-04 01:47:34+00:00,1777859254000,4611,27.07759,43.59342,9.96789,74096,True,72.328,3
20260504-003042,-OrkesQtLX9lei3l5gCw,2026-05-04 01:47:46+00:00,1777859266000,4623,27.07252,43.60223,9.96784,74359,True,69.83237,3
20260504-003042,-OrkevKiFZoowRoNn6jn,2026-05-04 01:47:58+00:00,1777859278000,4635,27.08013,43.5855,9.96795,74425,True,68.88826,3
20260504-003042,-OrkeyH6O3CnJ45fdouW,2026-05-04 01:48:10+00:00,1777859290000,4647,27.08013,43.58516,9.96784,74492,True,67.88987,3
20260504-003042,-Orkf0DRNPi_LV4L2HLa,2026-05-04 01:48:22+00:00,1777859302000,4659,27.08013,43.55591,9.96786,74558,True,67.29832,3
20260504-003042,-Orkf37YopYhmSl36j5T,2026-05-04 01:48:34+00:00,1777859314000,4671,27.08013,43.56163,9.96803,74958,True,66.60631,3
20260504-003042,-Orkf633-tACsI_2ZMz3,2026-05-04 01:48:46+00:00,1777859326000,4683,27.07252,43.56726,9.9677,74492,True,67.03043,3
20260504-003042,-Orkf90ykXwRrEu0PAGZ,2026-05-04 01:48:58+00:00,1777859338000,4695,27.08013,43.55094,9.96784,74824,True,66.49487,3
20260504-003042,-OrkfBvzqDbwxZspnvyR,2026-05-04 01:49:10+00:00,1777859350000,4707,27.07759,43.5636,9.9678,75025,True,66.35092,3
20260504-003042,-OrkfEqn21JOblR7Utd7,2026-05-04 01:49:22+00:00,1777859362000,4719,27.08266,43.5331,9.96767,75363,True,64.90001,3
20260504-003042,-OrkfHKbdLou2P-Uw4Ts,2026-05-04 01:49:32+00:00,1777859372000,4729,27.01166,43.96898,9.96787,67146,True,79.52797,3
20260504-003042,-OrkfKFurXJwaOr6Ecjn,2026-05-04 01:49:44+00:00,1777859384000,4741,27.07505,43.58009,9.96787,72305,True,84.33671,3
20260504-003042,-OrkfNKw0C70SrtTp23r,2026-05-04 01:49:56+00:00,1777859396000,4753,27.08013,43.51886,9.96772,73835,True,75.67509,3
20260504-003042,-OrkfQ7R1J8BXPSPBKQ9,2026-05-04 01:50:08+00:00,1777859408000,4765,27.08013,43.51491,9.96781,73965,True,71.09592,3
20260504-003042,-OrkfT5dhcUCLDuUlsIC,2026-05-04 01:50:20+00:00,1777859420000,4777,27.0852,43.48404,9.96797,74758,True,68.33061,3
20260504-003042,-OrkfVwUsYZ-nm8tpb_0,2026-05-04 01:50:32+00:00,1777859432000,4789,27.08266,43.4133,9.96786,74824,True,67.21546,3
20260504-003042,-OrkfYs_xy7vAxrdTspb,2026-05-04 01:50:44+00:00,1777859444000,4801,27.08773,43.39106,9.96796,75025,True,65.67529,3
20260504-003042,-OrkfanXMZglHvgbbPAX,2026-05-04 01:50:56+00:00,1777859456000,4813,27.09027,43.39853,9.96795,75431,True,64.23241,3
20260504-003042,-OrkfdlZtNKAhOCqvGhz,2026-05-04 01:51:08+00:00,1777859468000,4825,27.08773,43.40513,9.968,75499,True,63.73655,3
20260504-003042,-OrkfghnJd1o9lUWZg5Z,2026-05-04 01:51:20+00:00,1777859480000,4837,27.08773,43.40574,9.96794,75499,True,64.09263,3
20260504-003042,-Orkfk5vnP-rlA9qSCqv,2026-05-04 01:51:32+00:00,1777859492000,4849,27.08773,43.37642,9.96775,75567,True,64.34555,3
20260504-003042,-OrkfmWurjsVG2wBtAgK,2026-05-04 01:51:44+00:00,1777859504000,4861,27.09788,43.31342,9.96784,75567,True,64.11662,3
20260504-003042,-OrkfpSSqpeu6KQopyOi,2026-05-04 01:51:56+00:00,1777859516000,4873,27.09027,43.26851,9.96786,75704,True,62.95808,3
20260504-003042,-OrkfsNyszAPTNVbmbbL,2026-05-04 01:52:08+00:00,1777859528000,4885,27.09027,43.25605,9.9679,75431,True,63.97856,3
20260504-003042,-OrkfvhBMynxKCAMHAez,2026-05-04 01:52:20+00:00,1777859540000,4897,27.0852,43.24103,9.96771,75363,True,64.03875,3
20260504-003042,-OrkfyELIaZ4pTFgkuJQ,2026-05-04 01:52:32+00:00,1777859552000,4909,27.08773,43.22943,9.96791,75772,True,62.6988,3
20260504-003042,-Orkg0CiFxjmtsDvdP1q,2026-05-04 01:52:44+00:00,1777859564000,4921,27.08773,43.21983,9.96796,76047,True,62.03226,3
20260504-003042,-Orkg3641CieaC8mAk1O,2026-05-04 01:52:56+00:00,1777859576000,4933,27.09027,43.22784,9.96797,75772,True,62.84095,3
20260504-003042,-Orkg6Ak5dtZ6X4-DlWN,2026-05-04 01:53:08+00:00,1777859588000,4945,27.0928,43.24491,9.96794,75772,True,62.88311,3
20260504-003042,-Orkg9-wkShx2Qh1GrJ3,2026-05-04 01:53:20+00:00,1777859600000,4957,27.09534,43.2548,9.9681,75295,True,63.9554,3
20260504-003042,-OrkgBuNAfVjCBuD-dwp,2026-05-04 01:53:32+00:00,1777859612000,4969,27.09027,43.2091,9.9679,75841,True,63.7606,3
20260504-003042,-OrkgEpPaJnI9tY6G4VR,2026-05-04 01:53:44+00:00,1777859624000,4981,27.0928,43.17317,9.96797,75841,True,63.34653,3
20260504-003042,-OrkgHkEHZKwSOz0xzbp,2026-05-04 01:53:56+00:00,1777859636000,4993,27.09534,43.13488,9.96808,75772,True,63.02427,3
20260504-003042,-OrkgKfmbqdZez_QunxC,2026-05-04 01:54:08+00:00,1777859648000,5005,27.09534,43.14752,9.96799,75704,True,63.88845,3
20260504-003042,-OrkgNcBUYzcoltZH9n_,2026-05-04 01:54:20+00:00,1777859660000,5017,27.09788,43.13512,9.968,75978,True,62.99652,3
20260504-003042,-OrkgQZe81bATfSFy_3N,2026-05-04 01:54:32+00:00,1777859672000,5029,27.0928,43.18599,9.96796,75978,True,63.17485,3
20260504-003042,-OrkgTTr_sUmj3VkYPEs,2026-05-04 01:54:44+00:00,1777859684000,5041,27.09788,43.18479,9.96813,76186,True,62.26694,3
20260504-003042,-OrkgWPKDBqlm1me2YSe,2026-05-04 01:54:56+00:00,1777859696000,5053,27.09534,43.20078,9.96819,76047,True,62.38083,3
20260504-003042,-OrkgZLFD3LvJKAre6E-,2026-05-04 01:55:08+00:00,1777859708000,5065,27.10041,43.20536,9.96818,75841,True,62.72246,3
20260504-003042,-OrkgbFj1KFsh73RHLoZ,2026-05-04 01:55:20+00:00,1777859720000,5077,27.0928,43.20029,9.9681,75910,True,62.37405,3
20260504-003042,-OrkgeEuBYrqETSN-nHu,2026-05-04 01:55:32+00:00,1777859732000,5089,27.09534,43.18732,9.9682,75841,True,63.27946,3
20260504-003042,-Orkgh80IGcO5PxAjOOd,2026-05-04 01:55:44+00:00,1777859744000,5101,27.0928,43.17327,9.96815,76116,True,62.08562,3
20260504-003042,-Orkgk25pndTCTK9yUQc,2026-05-04 01:55:56+00:00,1777859756000,5113,27.10041,43.15931,9.96811,76116,True,62.32613,3
20260504-003042,-OrkgmyyWDGP-jNs5xvQ,2026-05-04 01:56:08+00:00,1777859768000,5125,27.0928,43.15926,9.96803,76116,True,62.24448,3
20260504-003042,-OrkgqBPY7w5MWcFqvXM,2026-05-04 01:56:20+00:00,1777859780000,5137,27.09788,43.14009,9.96809,75978,True,62.29815,3
20260504-003042,-Orkgsqy4yuENt7rPk4F,2026-05-04 01:56:32+00:00,1777859792000,5149,27.09534,43.13978,9.96798,76325,True,61.45303,3
20260504-003042,-Orkgvn15QW_iuAd9YkW,2026-05-04 01:56:44+00:00,1777859804000,5161,27.10041,43.10932,9.96816,75704,True,62.27845,3
20260504-003042,-Orkgyh1ySfYEW0N8YVf,2026-05-04 01:56:56+00:00,1777859816000,5173,27.0928,43.07747,9.96824,76186,True,61.3594,3
20260504-003042,-Orkh0c9bT93EP1im_HF,2026-05-04 01:57:08+00:00,1777859828000,5185,27.10295,43.08606,9.96817,75910,True,62.03486,3
20260504-003042,-Orkh3ZHCUs4Ezozp94x,2026-05-04 01:57:20+00:00,1777859840000,5197,27.10295,43.08939,9.96826,76186,True,60.91515,3
20260504-003042,-Orkh6TZFQRnmo7u8RpZ,2026-05-04 01:57:32+00:00,1777859852000,5209,27.10295,43.09815,9.96826,76325,True,61.04657,3
20260504-003042,-Orkh9Q8G-dy1F0JR6Eo,2026-05-04 01:57:44+00:00,1777859864000,5221,27.10041,43.08028,9.96836,76255,True,61.06834,3
20260504-003042,-OrkhCLgsts9iQv4VK5x,2026-05-04 01:57:56+00:00,1777859876000,5233,27.10295,43.05679,9.96822,75978,True,61.55516,3
20260504-003042,-OrkhFGUlrZ022eF0PZs,2026-05-04 01:58:08+00:00,1777859888000,5245,27.10295,43.0544,9.96896,76047,True,61.24926,3
20260504-003042,-OrkhIFDbjAbRB27f5H_,2026-05-04 01:58:20+00:00,1777859900000,5257,27.10548,43.03643,9.96893,75910,True,61.10748,3
20260504-003042,-OrkhL8tdFM072bxg6y7,2026-05-04 01:58:32+00:00,1777859912000,5269,27.10548,43.03354,9.96886,76325,True,60.81434,3
20260504-003042,-OrkhO5C34KfM-ew954k,2026-05-04 01:58:44+00:00,1777859924000,5281,27.10548,43.03877,9.96886,76534,True,60.53964,3
20260504-003042,-OrkhRAzuGJbDNR_PzWJ,2026-05-04 01:58:56+00:00,1777859936000,5293,27.08013,43.28192,9.96881,70837,True,79.61139,3
20260504-003042,-OrkhU64N1hwiNCKWtOz,2026-05-04 01:59:08+00:00,1777859948000,5305,27.09788,43.06758,9.96876,74162,True,76.23065,3
20260504-003042,-OrkhXK4A9wZ8ADjZt7N,2026-05-04 01:59:20+00:00,1777859960000,5317,27.10295,42.98866,9.96891,75295,True,69.12812,3
20260504-003042,-OrkhZyyUgna2WCiTOD3,2026-05-04 01:59:32+00:00,1777859972000,5329,27.10548,42.97305,9.96895,75841,True,65.09629,3
20260504-003042,-Orkhbtz7GGgsOeBZyKu,2026-05-04 01:59:44+00:00,1777859984000,5341,27.10295,42.97145,9.96875,76325,True,62.70662,3
20260504-003042,-Orkheo5qfWMR01VB3j0,2026-05-04 01:59:56+00:00,1777859996000,5353,27.10548,42.93954,9.96875,76534,True,61.22548,3
20260504-003042,-Orkhhm70zwphPQAsEfV,2026-05-04 02:00:08+00:00,1777860008000,5365,27.10295,42.93875,9.9687,76255,True,61.63273,3
20260504-003042,-OrkhkgKoF6GCugHDjeh,2026-05-04 02:00:20+00:00,1777860020000,5377,27.10802,42.93762,9.96867,76534,True,60.78812,3
20260504-003042,-Orkhnb7vaWU8Zb7La7t,2026-05-04 02:00:32+00:00,1777860032000,5389,27.10295,42.86591,9.96856,76815,True,59.61558,3
20260504-003042,-OrkhqYwPtzzFuqbJM7Y,2026-05-04 02:00:44+00:00,1777860044000,5401,27.10802,42.81128,9.96848,77097,True,59.02177,3
20260504-003042,-OrkhtTZmkxdmhULnN0c,2026-05-04 02:00:56+00:00,1777860056000,5413,27.10802,42.79309,9.96853,76956,True,58.70212,3
20260504-003042,-OrkhwQoJsK_RM3eZ2ZK,2026-05-04 02:01:08+00:00,1777860068000,5425,27.10802,42.7496,9.96844,77027,True,58.49647,3
20260504-003042,-OrkhzL_h5Qz3JnGqHgO,2026-05-04 02:01:20+00:00,1777860080000,5437,27.11563,42.72678,9.96844,76815,True,59.22211,3
20260504-003042,-Orki1Fife697YZh5vuR,2026-05-04 02:01:32+00:00,1777860092000,5449,27.11309,42.73091,9.96831,76885,True,58.97212,3
20260504-003042,-Orki4DdQ_FbG4vJCL-S,2026-05-04 02:01:44+00:00,1777860104000,5461,27.11309,42.70523,9.96845,77027,True,58.94156,3
20260504-003042,-Orki77C8kJAbFh5P9Ig,2026-05-04 02:01:56+00:00,1777860116000,5473,27.11309,42.70357,9.96842,77311,True,57.78649,3
20260504-003042,-OrkiA2mcRBYrqnNYWze,2026-05-04 02:02:08+00:00,1777860128000,5485,27.1207,42.68227,9.96842,77027,True,57.90921,3
20260504-003042,-OrkiCzSDBBvEXZ-Fgox,2026-05-04 02:02:20+00:00,1777860140000,5497,27.11309,42.65689,9.9683,77027,True,58.59786,3
20260504-003042,-OrkiG64XRS1KLIoDYAJ,2026-05-04 02:02:32+00:00,1777860152000,5509,27.11309,42.65646,9.96837,77097,True,58.24263,3
20260504-003042,-OrkiIqFVezrXBt8dvDE,2026-05-04 02:02:44+00:00,1777860164000,5521,27.11309,42.65297,9.96838,77027,True,58.30859,3
20260504-003042,-OrkiLlU8dg7dlZSJDSK,2026-05-04 02:02:56+00:00,1777860176000,5533,27.11563,42.65591,9.96816,77240,True,57.9916,3
20260504-003042,-OrkiOgTtcF9-9HeC6i3,2026-05-04 02:03:08+00:00,1777860188000,5545,27.11309,42.64743,9.96826,76815,True,59.7465,3
20260504-003042,-OrkiRcd7MS7sYGnU849,2026-05-04 02:03:20+00:00,1777860200000,5557,27.12323,42.63857,9.96842,77169,True,59.27417,3
20260504-003042,-OrkiUZmwheQK1TRSnyq,2026-05-04 02:03:32+00:00,1777860212000,5569,27.11816,42.64573,9.9682,77027,True,59.25611,3
20260504-003042,-OrkiXVFCLwMVowzzsC1,2026-05-04 02:03:44+00:00,1777860224000,5581,27.11309,42.6285,9.96794,76674,True,60.46027,3
20260504-003042,-Orki_QXyL5NoKnAjFIn,2026-05-04 02:03:56+00:00,1777860236000,5593,27.11309,42.61127,9.9681,76116,True,63.19955,3
20260504-003042,-OrkicLS67PlFXvYzVZy,2026-05-04 02:04:08+00:00,1777860248000,5605,27.11309,42.5971,9.96814,75567,True,65.86734,3
20260504-003042,-OrkifG_wGk1d0uNF01S,2026-05-04 02:04:20+00:00,1777860260000,5617,27.1207,42.58546,9.96842,76255,True,64.4495,3
20260504-003042,-OrkiiDcc7nj-EVLaZHp,2026-05-04 02:04:32+00:00,1777860272000,5629,27.11816,42.57391,9.96822,75704,True,65.39703,3
20260504-003042,-Orkil8rF_y-nnbDx8Lx,2026-05-04 02:04:44+00:00,1777860284000,5641,27.11816,42.57753,9.96824,75025,True,69.22446,3
20260504-003042,-Orkio36QExPNkHz4-WB,2026-05-04 02:04:56+00:00,1777860296000,5653,27.11816,42.55953,9.96834,75025,True,71.46358,3
20260504-003042,-Orkir0-c-IWCSAMBpyC,2026-05-04 02:05:08+00:00,1777860308000,5665,27.1207,42.56937,9.96828,74958,True,72.29829,3
20260504-003042,-Orkitv_HZCjZoA7RYJH,2026-05-04 02:05:20+00:00,1777860320000,5677,27.1283,42.54946,9.96836,74891,True,71.80492,3
20260504-003042,-OrkiwqFQDgDeA8Ik0KT,2026-05-04 02:05:32+00:00,1777860332000,5689,27.1207,42.5284,9.96833,74824,True,72.22057,3
20260504-003042,-Orkj-4fpr9DII__j81C,2026-05-04 02:05:44+00:00,1777860344000,5701,27.11816,42.52425,9.96817,74758,True,72.82034,3
20260504-003042,-Orkj1iWob9r8FiKhIQh,2026-05-04 02:05:56+00:00,1777860356000,5713,27.1207,42.49463,9.96835,75567,True,70.7003,3
20260504-003042,-Orkj4e7SBne1HnKURyh,2026-05-04 02:06:08+00:00,1777860368000,5725,27.11309,42.50323,9.96826,74891,True,71.11412,3
20260504-003042,-Orkj7ZqmoqFZG40ZeD8,2026-05-04 02:06:20+00:00,1777860380000,5737,27.12323,42.46393,9.96818,75093,True,71.82574,3
20260504-003042,-OrkjAVweGc255V_L14d,2026-05-04 02:06:32+00:00,1777860392000,5749,27.11816,42.4791,9.96822,74824,True,72.72955,3
20260504-003042,-OrkjDS6LL-G-LhqYknP,2026-05-04 02:06:44+00:00,1777860404000,5761,27.12323,42.48767,9.96814,75025,True,71.78862,3
20260504-003042,-OrkjGLNPviw7Rr9f32F,2026-05-04 02:06:56+00:00,1777860416000,5773,27.1207,42.47784,9.96836,74824,True,71.81505,3
20260504-003042,-OrkjJJzBcsvbHKfV3j7,2026-05-04 02:07:08+00:00,1777860428000,5785,27.1207,42.47939,9.96829,75228,True,70.2019,3
20260504-003042,-OrkjMDr1yHpqJgW0GcT,2026-05-04 02:07:20+00:00,1777860440000,5797,27.12576,42.46895,9.96836,75295,True,69.68729,3
20260504-003042,-OrkjP9MqHWXd2jJKe9k,2026-05-04 02:07:32+00:00,1777860452000,5809,27.1207,42.472,9.96826,74758,True,71.84027,3
20260504-003042,-OrkjS67VrzjCTo3HUu3,2026-05-04 02:07:44+00:00,1777860464000,5821,27.1207,42.47664,9.96828,73770,True,76.1366,3
20260504-003042,-OrkjV-s3v5YRpeZOo_Z,2026-05-04 02:07:56+00:00,1777860476000,5833,27.12323,42.45541,9.96826,73900,True,78.30891,3
20260504-003042,-OrkjXxAREdC_Io690YH,2026-05-04 02:08:08+00:00,1777860488000,5845,27.13084,42.43454,9.96849,74293,True,77.03696,3
20260504-003042,-Orkj_ragQPnMbAXGKg2,2026-05-04 02:08:20+00:00,1777860500000,5857,27.13084,42.43282,9.96835,75025,True,74.29646,3
20260504-003042,-OrkjcmrgIT46h1jgGdS,2026-05-04 02:08:32+00:00,1777860512000,5869,27.12323,42.4607,9.96834,75431,True,71.75226,3
20260504-003042,-OrkjfjSdE2m5sIQSEpo,2026-05-04 02:08:44+00:00,1777860524000,5881,27.13084,42.46845,9.96849,75567,True,70.17352,3
20260504-003042,-Orkjj4DHpdQi3Y0oqli,2026-05-04 02:08:56+00:00,1777860536000,5893,27.12323,42.47923,9.96828,75160,True,69.79071,3
20260504-003042,-OrkjlbPygeyRUoIcQj2,2026-05-04 02:09:08+00:00,1777860548000,5905,27.1207,42.4833,9.96828,75772,True,68.19104,3
20260504-003042,-OrkjoWWdN9bmE-fCLVT,2026-05-04 02:09:20+00:00,1777860560000,5917,27.13084,42.45768,9.96854,75772,True,67.47563,3
20260504-003042,-OrkjrSaEFU3CzMri6zE,2026-05-04 02:09:32+00:00,1777860572000,5929,27.13337,42.46822,9.96837,76116,True,66.30646,3
20260504-003042,-OrkjuOBlh8XgW6io-fx,2026-05-04 02:09:44+00:00,1777860584000,5941,27.13591,42.45818,9.96869,76116,True,65.57944,3
20260504-003042,-OrkjxJ70o0vJvfv-ecs,2026-05-04 02:09:56+00:00,1777860596000,5953,27.13084,42.502,9.96858,76394,True,64.60028,3
20260504-003042,-Orkk-Dq1QcGxUbfFopy,2026-05-04 02:10:08+00:00,1777860608000,5965,27.1283,42.51365,9.96852,76116,True,65.19596,3
20260504-003042,-Orkk29XcWpAPfF4AMEv,2026-05-04 02:10:20+00:00,1777860620000,5977,27.1283,42.51975,9.96838,75431,True,66.72314,3
20260504-003042,-Orkk5540cZb8njk4HNo,2026-05-04 02:10:32+00:00,1777860632000,5989,27.1283,42.52724,9.96842,75772,True,66.56172,3
20260504-003042,-Orkk811UDQJ1n_T4Vva,2026-05-04 02:10:44+00:00,1777860644000,6001,27.13591,42.50068,9.96859,76255,True,65.59193,3
20260504-003042,-OrkkAxUXYkm4bdYLW5J,2026-05-04 02:10:56+00:00,1777860656000,6013,27.13337,42.51069,9.96844,75910,True,65.58615,3
20260504-003042,-OrkkDsrtrG0U3IESRLL,2026-05-04 02:11:08+00:00,1777860668000,6025,27.13844,42.52098,9.96851,75841,True,66.37869,3
20260504-003042,-OrkkGqlvwusaglIxpUI,2026-05-04 02:11:20+00:00,1777860680000,6037,27.13084,42.54079,9.9684,76325,True,65.20329,3
20260504-003042,-OrkkJjOxJ9svmSS52Ef,2026-05-04 02:11:32+00:00,1777860692000,6049,27.13084,42.56542,9.9684,75567,True,66.45855,3
20260504-003042,-OrkkMg-7dut3F2iCyT4,2026-05-04 02:11:44+00:00,1777860704000,6061,27.13084,42.57219,9.96847,75704,True,66.72888,3
20260504-003042,-OrkkPal9m9smPAuer6y,2026-05-04 02:11:56+00:00,1777860716000,6073,27.13084,42.60225,9.9683,75978,True,66.65157,3
20260504-003042,-OrkkSe1VzY78TybpMBj,2026-05-04 02:12:08+00:00,1777860728000,6085,27.13591,42.6013,9.96852,75567,True,67.68548,3
20260504-003042,-OrkkVSXKk46wNZ8iQNA,2026-05-04 02:12:20+00:00,1777860740000,6097,27.13084,42.64985,9.96835,75295,True,68.27037,3
20260504-003042,-OrkkYPOparUJQlD_eA2,2026-05-04 02:12:32+00:00,1777860752000,6109,27.13084,42.65191,9.96851,75704,True,68.12152,3
20260504-003042,-OrkkaKkat5nolEUmYof,2026-05-04 02:12:44+00:00,1777860764000,6121,27.13337,42.6538,9.96853,75499,True,68.2735,3
20260504-003042,-OrkkdF-TWt4hhKLemRR,2026-05-04 02:12:56+00:00,1777860776000,6133,27.13844,42.65134,9.96852,75295,True,67.53305,3
20260504-003042,-OrkkgAWZ6Lty13muMya,2026-05-04 02:13:08+00:00,1777860788000,6145,27.13844,42.68744,9.96835,75160,True,68.80631,3
20260504-003042,-Orkkj6LuqfS_hiLOhpO,2026-05-04 02:13:20+00:00,1777860800000,6157,27.13591,42.69508,9.9685,74824,True,70.35674,3
20260504-003042,-Orkkm3-4DBR7t5CYnPU,2026-05-04 02:13:32+00:00,1777860812000,6169,27.13591,42.71464,9.96848,74958,True,71.36353,3
20260504-003042,-OrkkozD7FL4wDX28Jsn,2026-05-04 02:13:44+00:00,1777860824000,6181,27.13844,42.7234,9.96849,75160,True,70.95798,3
20260504-003042,-OrkkrtU3jQ7s_uwlAiT,2026-05-04 02:13:56+00:00,1777860836000,6193,27.13591,42.74185,9.9684,75228,True,69.77467,3
20260504-003042,-OrkkurPC-TRbyVW3iEU,2026-05-04 02:14:08+00:00,1777860848000,6205,27.13844,42.75776,9.9684,75160,True,69.33403,3
20260504-003042,-OrkkxlQXrE_jvjL1Sxh,2026-05-04 02:14:20+00:00,1777860860000,6217,27.14098,42.7686,9.96835,75093,True,69.78714,3
20260504-003042,-Orkl-gYVoMTk30Oo-Sa,2026-05-04 02:14:32+00:00,1777860872000,6229,27.13844,42.79898,9.96845,75431,True,69.47514,3
20260504-003042,-Orkl2cw-20XhaYO3Rab,2026-05-04 02:14:44+00:00,1777860884000,6241,27.13844,42.77789,9.96835,75093,True,69.50066,3
20260504-003042,-Orkl5YV5Rv3gIBmydSa,2026-05-04 02:14:56+00:00,1777860896000,6253,27.13591,42.79437,9.96831,74758,True,69.55556,3
20260504-003042,-Orkl8U9hWepmmeUgG8w,2026-05-04 02:15:08+00:00,1777860908000,6265,27.14098,42.81065,9.96844,75363,True,69.39216,3
20260504-003042,-OrklC6J_hvV1dfEE4xA,2026-05-04 02:15:20+00:00,1777860920000,6277,27.13844,42.83891,9.96837,74758,True,70.35883,3
20260504-003042,-OrklE8ZXB2_mxRqWnkT,2026-05-04 02:15:32+00:00,1777860932000,6289,27.05477,43.38738,9.96835,65262,True,88.65627,3
20260504-003042,-OrklH4-gQDnJ9PYMnih,2026-05-04 02:15:44+00:00,1777860944000,6301,27.13084,42.95071,9.96854,71381,True,95.14496,3
20260504-003042,-OrklK-cOsbTF-ox55BB,2026-05-04 02:15:56+00:00,1777860956000,6313,27.13337,42.88924,9.96848,73190,True,83.96381,3
20260504-003042,-OrklMw8DOi218bfZFPk,2026-05-04 02:16:08+00:00,1777860968000,6325,27.13844,42.88316,9.9683,74293,True,76.40704,3
20260504-003042,-OrklPsQGvavSpKIgycM,2026-05-04 02:16:20+00:00,1777860980000,6337,27.13591,42.87735,9.96824,74758,True,72.43149,3
20260504-003042,-OrklSnDBdyp6mOKY3zM,2026-05-04 02:16:32+00:00,1777860992000,6349,27.14352,42.87766,9.9685,74691,True,70.72162,3
20260504-003042,-OrklVk0Y_2eyWDh-wPL,2026-05-04 02:16:44+00:00,1777861004000,6361,27.14098,42.90227,9.96823,75025,True,68.97603,3
20260504-003042,-OrklYdV7uQ255QmPCH7,2026-05-04 02:16:56+00:00,1777861016000,6373,27.13844,42.89712,9.9683,75228,True,68.22011,3
20260504-003042,-Orkla_shL2NQQQQDcAC,2026-05-04 02:17:08+00:00,1777861028000,6385,27.13844,42.92812,9.96801,74958,True,68.62481,3
20260504-003042,-OrkldWIXTLwaOX91tWr,2026-05-04 02:17:20+00:00,1777861040000,6397,27.14098,42.93833,9.96813,75295,True,67.71771,3
20260504-003042,-OrklgREvzIXrOGHCGtU,2026-05-04 02:17:32+00:00,1777861052000,6409,27.14352,42.95242,9.9682,74891,True,67.55988,3
20260504-003042,-OrkljOw6h4szj2Emx39,2026-05-04 02:17:44+00:00,1777861064000,6421,27.14352,42.93808,9.96811,75431,True,67.16505,3
20260504-003042,-OrklmIxkfqgjKzsEZ0h,2026-05-04 02:17:56+00:00,1777861076000,6433,27.14098,42.97617,9.96809,75363,True,67.1445,3
20260504-003042,-OrklpDuRUENOcTBn-Og,2026-05-04 02:18:08+00:00,1777861088000,6445,27.14098,42.98851,9.96802,75431,True,66.69762,3
20260504-003042,-OrklsAzq3nSQvwDUCZb,2026-05-04 02:18:20+00:00,1777861100000,6457,27.14352,42.99945,9.96792,75160,True,67.47694,3
20260504-003042,-OrklvLnnX4uX_aPVPJS,2026-05-04 02:18:32+00:00,1777861112000,6469,27.14352,43.00631,9.96803,75093,True,68.32192,3
20260504-003042,-Orkly0KeNqjsKpXMycV,2026-05-04 02:18:44+00:00,1777861124000,6481,27.14605,42.99534,9.96791,75025,True,68.86177,3
20260504-003042,-Orkm-wsmajLQPexE4UW,2026-05-04 02:18:56+00:00,1777861136000,6493,27.14605,43.02516,9.96782,74891,True,69.05986,3
20260504-003042,-Orkm2smNH3Fjj8QNsRf,2026-05-04 02:19:08+00:00,1777861148000,6505,27.14859,43.01652,9.96788,74492,True,70.15942,3
20260504-003042,-Orkm5oWJ5LojaSkKi5m,2026-05-04 02:19:20+00:00,1777861160000,6517,27.14352,43.04251,9.9679,74891,True,69.67563,3
20260504-003042,-Orkm8k2SaM__1BOuS2W,2026-05-04 02:19:32+00:00,1777861172000,6529,27.14605,43.04809,9.96784,74624,True,69.86789,3
20260504-003042,-OrkmBfYjn4AOZ8SUXu8,2026-05-04 02:19:44+00:00,1777861184000,6541,27.15112,43.04876,9.96788,75093,True,69.00493,3
20260504-003042,-OrkmEaP05n-sYJpWyMw,2026-05-04 02:19:56+00:00,1777861196000,6553,27.14605,43.08508,9.96768,74624,True,69.48119,3
20260504-003042,-OrkmHXND3TpY1tMveiF,2026-05-04 02:20:08+00:00,1777861208000,6565,27.15366,43.1017,9.96803,74359,True,70.53489,3
20260504-003042,-OrkmKjCMAV-ukL1BLOi,2026-05-04 02:20:20+00:00,1777861220000,6577,27.14605,43.10756,9.96771,74691,True,69.57749,3
20260504-003042,-OrkmNOHR-GGClQGnLcE,2026-05-04 02:20:32+00:00,1777861232000,6589,27.15366,43.08109,9.96773,74958,True,68.59221,3
20260504-003042,-OrkmQMDlaIuFJf1xwZf,2026-05-04 02:20:44+00:00,1777861244000,6601,27.14859,43.11342,9.9676,75025,True,67.71904,3
20260504-003042,-OrkmTF3hxKHr4CP4ivD,2026-05-04 02:20:56+00:00,1777861256000,6613,27.14605,43.14369,9.96768,75093,True,67.24094,3
20260504-003042,-OrkmWAdgNcsolsaYNHj,2026-05-04 02:21:08+00:00,1777861268000,6625,27.14859,43.15792,9.96765,74824,True,67.90519,3
20260504-003042,-OrkmZc00SeqcgZcheoX,2026-05-04 02:21:20+00:00,1777861280000,6637,27.15112,43.1744,9.96771,74425,True,69.30188,3
20260504-003042,-Orkmb1YC2y6pYQbNaST,2026-05-04 02:21:32+00:00,1777861292000,6649,27.15112,43.21434,9.96764,74293,True,70.22431,3
20260504-003042,-Orkme5LKdtMvY_mlQCp,2026-05-04 02:21:44+00:00,1777861304000,6661,27.15112,43.23072,9.96762,73900,True,72.48177,3
20260504-003042,-OrkmguXu1k7HXAIY-1e,2026-05-04 02:21:56+00:00,1777861316000,6673,27.15366,43.23232,9.96771,73575,True,74.6338,3
20260504-003042,-OrkmjpIcM6M-phAobAS,2026-05-04 02:22:08+00:00,1777861328000,6685,27.15619,43.22891,9.96775,73190,True,76.61813,3
20260504-003042,-Orkmmkytb-ZiCnOWY_O,2026-05-04 02:22:20+00:00,1777861340000,6697,27.15873,43.23973,9.96765,73446,True,76.01374,3
20260504-003042,-Orkmpg2CrBBmof3lk5p,2026-05-04 02:22:32+00:00,1777861352000,6709,27.15112,43.26625,9.96736,73640,True,74.38983,3
20260504-003042,-OrkmsbYtnIMtGstnYy6,2026-05-04 02:22:44+00:00,1777861364000,6721,27.15112,43.27331,9.96762,73965,True,73.62552,3
20260504-003042,-OrkmvY6lFmOG8CPb5wH,2026-05-04 02:22:56+00:00,1777861376000,6733,27.15112,43.31196,9.9675,74096,True,72.41263,3
20260504-003042,-OrkmyTjD67w_YemgN5U,2026-05-04 02:23:08+00:00,1777861388000,6745,27.15366,43.28819,9.96759,73835,True,72.67088,3
20260504-003042,-Orkn0OKcxk0z0dzFQaI,2026-05-04 02:23:20+00:00,1777861400000,6757,27.15619,43.28846,9.96754,74359,True,71.12738,3
20260504-003042,-Orkn3Kjjwg4TdOisb-a,2026-05-04 02:23:32+00:00,1777861412000,6769,27.15366,43.32027,9.96745,74558,True,70.28691,3
20260504-003042,-Orkn6G1brSoI7JIHQDC,2026-05-04 02:23:44+00:00,1777861424000,6781,27.15619,43.31979,9.96752,74558,True,69.39632,3
20260504-003042,-Orkn9CEd2k45eiI9fQd,2026-05-04 02:23:56+00:00,1777861436000,6793,27.15873,43.33232,9.96762,74359,True,69.56419,3
20260504-003042,-OrknC6oCrWwvi1It8hD,2026-05-04 02:24:08+00:00,1777861448000,6805,27.15873,43.34254,9.96762,74096,True,70.40063,3
20260504-003042,-OrknF4AuwjO8o-Wu8wI,2026-05-04 02:24:20+00:00,1777861460000,6817,27.15619,43.36818,9.96745,74293,True,70.44635,3
20260504-003042,-OrknHyr5S0NZlsEMx-G,2026-05-04 02:24:32+00:00,1777861472000,6829,27.15366,43.38185,9.96748,73965,True,71.31802,3
20260504-003042,-OrknKu8FBgvJRjCPg8f,2026-05-04 02:24:44+00:00,1777861484000,6841,27.15619,43.36986,9.96743,73705,True,73.17782,3
20260504-003042,-OrknPGSBNo_ka1qULBM,2026-05-04 02:24:56+00:00,1777861496000,6853,27.15366,43.41424,9.96752,73062,True,75.52753,3
20260504-003042,-OrknQlOFdvgm4JMZYs7,2026-05-04 02:25:08+00:00,1777861508000,6865,27.07505,44.00866,9.9676,63146,True,95.60193,3
20260504-003042,-OrknThTfHvipo3Eeocu,2026-05-04 02:25:20+00:00,1777861520000,6877,27.14352,43.50356,9.96745,69659,True,102.30769,3
20260504-003042,-OrknWcH5V-RCUB9l8Rl,2026-05-04 02:25:32+00:00,1777861532000,6889,27.16127,43.41181,9.96771,71564,True,90.16106,3
20260504-003042,-OrknZZvsRbszJ7TMyfI,2026-05-04 02:25:44+00:00,1777861544000,6901,27.15366,43.45023,9.96745,72935,True,81.91234,3
20260504-003042,-OrknbUEkoMJ_0vWgeP9,2026-05-04 02:25:56+00:00,1777861556000,6913,27.15366,43.46588,9.9675,72998,True,79.05414,3
20260504-003042,-OrkneVzIH4axQChosXX,2026-05-04 02:26:08+00:00,1777861568000,6925,27.15873,43.46646,9.96758,72871,True,77.18128,3
20260504-003042,-OrknhMSHW3hFOeDUltL,2026-05-04 02:26:20+00:00,1777861580000,6937,27.15619,43.47022,9.96733,73575,True,75.26279,3
20260504-003042,-OrknkHC-KU0Rs8J6YlD,2026-05-04 02:26:32+00:00,1777861592000,6949,27.15366,43.49194,9.96722,73062,True,75.14826,3
20260504-003042,-OrknnDbzTjOQXKncayh,2026-05-04 02:26:44+00:00,1777861604000,6961,27.16634,43.46516,9.96753,72808,True,75.86789,3
20260504-003042,-OrknqE2jl5QN22oTwDx,2026-05-04 02:26:56+00:00,1777861616000,6973,27.15619,43.47743,9.96721,73382,True,74.29597,3
20260504-003042,-Orknt35KHH99c9q3yaQ,2026-05-04 02:27:08+00:00,1777861628000,6985,27.15619,43.48837,9.9674,73575,True,72.90987,3
20260504-003042,-Orknw0UaWOlwZqVhCZj,2026-05-04 02:27:20+00:00,1777861640000,6997,27.16127,43.48808,9.96738,74162,True,71.20122,3
20260504-003042,-OrknyvnFsmb4PFJ8Z8w,2026-05-04 02:27:32+00:00,1777861652000,7009,27.16127,43.49153,9.96736,73705,True,71.58827,3
20260504-003042,-Orko0szsR21LCzmsxTm,2026-05-04 02:27:44+00:00,1777861664000,7021,27.1638,43.51618,9.96722,73705,True,71.77054,3
20260504-003042,-Orko3mBIjT4kLG9oB1C,2026-05-04 02:27:56+00:00,1777861676000,7033,27.1638,43.50818,9.96743,73835,True,71.84367,3
20260504-003042,-Orko6vhEQ_NyIzWasGu,2026-05-04 02:28:08+00:00,1777861688000,7045,27.15619,43.54039,9.96714,73965,True,72.17429,3
20260504-003042,-Orko9eRPO_AdpzPsHP9,2026-05-04 02:28:20+00:00,1777861700000,7057,27.16887,43.51748,9.9675,72935,True,74.17759,3
20260504-003042,-OrkoC_yuH2SiOVyoYbK,2026-05-04 02:28:32+00:00,1777861712000,7069,27.1638,43.5295,9.96742,73190,True,74.41822,3
20260504-003042,-OrkoFVZfxACWIQ2Xpcu,2026-05-04 02:28:44+00:00,1777861724000,7081,27.16634,43.53964,9.96762,73575,True,73.33808,3
20260504-003042,-OrkoIQkct18EhFh8p-W,2026-05-04 02:28:56+00:00,1777861736000,7093,27.16634,43.52969,9.9674,73062,True,75.1799,3
20260504-003042,-OrkoLMK8h4t1ICcxp7w,2026-05-04 02:29:08+00:00,1777861748000,7105,27.17141,43.55359,9.96771,72935,True,76.01237,3
20260504-003042,-OrkoOJAr4UaN9WsVt7L,2026-05-04 02:29:20+00:00,1777861760000,7117,27.16634,43.54085,9.96749,73190,True,75.00503,3
20260504-003042,-OrkoRCf-SJhZCOXSsMj,2026-05-04 02:29:32+00:00,1777861772000,7129,27.16127,43.56089,9.96743,73770,True,72.97501,3
20260504-003042,-OrkoU8xzFr2JKQH5tNf,2026-05-04 02:29:44+00:00,1777861784000,7141,27.1638,43.5524,9.96743,73705,True,72.38587,3
20260504-003042,-OrkoX4N85iJqLcXbuuW,2026-05-04 02:29:56+00:00,1777861796000,7153,27.16887,43.54783,9.96755,74162,True,71.46338,3
20260504-003042,-Orko_02GK3H98edlQH0,2026-05-04 02:30:08+00:00,1777861808000,7165,27.16887,43.56985,9.96744,73965,True,71.14866,3
20260504-003042,-Orkobzad1GIcSFlXKJG,2026-05-04 02:30:20+00:00,1777861820000,7177,27.17141,43.56002,9.96743,73835,True,71.6805,3
20260504-003042,-Orkoes4hIrM8nFJqrFP,2026-05-04 02:30:32+00:00,1777861832000,7189,27.17141,43.57479,9.96766,73965,True,71.09988,3
20260504-003042,-OrkohnDXBfMO9Gba7Yl,2026-05-04 02:30:44+00:00,1777861844000,7201,27.16887,43.59746,9.9675,73575,True,71.97428,3
20260504-003042,-OrkokikPv9G8TztqPXY,2026-05-04 02:30:56+00:00,1777861856000,7213,27.17141,43.60469,9.96754,73254,True,72.96533,3
20260504-003042,-Orkone7zymc-PdqK4BQ,2026-05-04 02:31:08+00:00,1777861868000,7225,27.17141,43.5892,9.9675,73190,True,73.64819,3
20260504-003042,-OrkoquIIqrEmVsncR3t,2026-05-04 02:31:20+00:00,1777861880000,7237,27.17394,43.60564,9.9676,73254,True,74.14066,3
20260504-003042,-OrkotWd_V1zLYPStCwv,2026-05-04 02:31:32+00:00,1777861892000,7249,27.17141,43.62656,9.96757,72871,True,75.23904,3
20260504-003042,-OrkowRd1XDEPA8k8xVk,2026-05-04 02:31:44+00:00,1777861904000,7261,27.16887,43.62651,9.96773,72871,True,75.39307,3
20260504-003042,-OrkozNACGcQ4vSGgSno,2026-05-04 02:31:56+00:00,1777861916000,7273,27.17394,43.62579,9.96779,73446,True,73.9704,3
20260504-003042,-Orkp1JSezm5OKVhGxnD,2026-05-04 02:32:08+00:00,1777861928000,7285,27.16887,43.63252,9.96762,73705,True,72.69272,3
20260504-003042,-Orkp4F0Y8CUEHOUpNf9,2026-05-04 02:32:20+00:00,1777861940000,7297,27.16887,43.63493,9.96767,73511,True,72.5802,3
20260504-003042,-Orkp7B9VKjlbHfOTPXw,2026-05-04 02:32:32+00:00,1777861952000,7309,27.17394,43.60625,9.96751,73640,True,72.07721,3
20260504-003042,-OrkpA51sNF8SBbXPKGb,2026-05-04 02:32:44+00:00,1777861964000,7321,27.17141,43.64931,9.96764,73640,True,71.51599,3
20260504-003042,-OrkpD11_OnMvC3s3kxr,2026-05-04 02:32:56+00:00,1777861976000,7333,27.17902,43.61861,9.96777,74096,True,70.33077,3
20260504-003042,-OrkpFx-GDL75kgW8PrZ,2026-05-04 02:33:08+00:00,1777861988000,7345,27.17394,43.6172,9.96754,74293,True,69.49574,3
20260504-003042,-OrkpItmhVOhm24Jh1NU,2026-05-04 02:33:20+00:00,1777862000000,7357,27.17394,43.63215,9.96768,74359,True,68.2707,3
20260504-003042,-OrkpLoLh0Q-EaJJStpc,2026-05-04 02:33:32+00:00,1777862012000,7369,27.17141,43.6537,9.9677,74031,True,68.50615,3
20260504-003042,-OrkpOji0j0Hv_hzm4lq,2026-05-04 02:33:44+00:00,1777862024000,7381,27.17394,43.64222,9.96763,74228,True,68.17181,3
20260504-003042,-OrkpRfRMDK0D8sah3jN,2026-05-04 02:33:56+00:00,1777862036000,7393,27.17902,43.63507,9.96785,74162,True,68.69984,3
20260504-003042,-OrkpUbQvjNQltsdr557,2026-05-04 02:34:08+00:00,1777862048000,7405,27.17648,43.63904,9.96771,73965,True,68.85368,3
20260504-003042,-OrkpXYUJ6Zksx_KEJPM,2026-05-04 02:34:20+00:00,1777862060000,7417,27.17394,43.63905,9.96774,74096,True,68.74663,3
20260504-003042,-Orkp_dfMC-QLIAQcIP0,2026-05-04 02:34:32+00:00,1777862072000,7429,27.17394,43.65238,9.96767,74293,True,67.71998,3
20260504-003042,-OrkpcS6DJoNU0g5YkEY,2026-05-04 02:34:44+00:00,1777862084000,7441,27.17648,43.6611,9.9676,74425,True,67.50162,3
20260504-003042,-OrkpfJinZTaPAerk75Y,2026-05-04 02:34:56+00:00,1777862096000,7453,27.17902,43.66078,9.96757,74031,True,68.12924,3
20260504-003042,-OrkpiF2IlEHreCx2VFf,2026-05-04 02:35:08+00:00,1777862108000,7465,27.18155,43.65611,9.96773,74031,True,68.56311,3
20260504-003042,-OrkplBfUK0Aaq0A0x5u,2026-05-04 02:35:20+00:00,1777862120000,7477,27.17141,43.68283,9.96764,74096,True,68.35139,3
20260504-003042,-Orkpo9LQFdX5uM66yBx,2026-05-04 02:35:32+00:00,1777862132000,7489,27.17394,43.68753,9.9674,74096,True,68.00053,3
20260504-003042,-Orkpr4zbPye7ilp5t1r,2026-05-04 02:35:44+00:00,1777862144000,7501,27.17648,43.67126,9.96757,73770,True,69.34827,3
20260504-003042,-Orkpty4TyHPyYceVqta,2026-05-04 02:35:56+00:00,1777862156000,7513,27.18155,43.6555,9.96766,73965,True,69.20094,3
20260504-003042,-Orkpx0HBdsPoe47vrNe,2026-05-04 02:36:08+00:00,1777862168000,7525,27.18155,43.64592,9.96761,73835,True,69.07203,3
20260504-003042,-OrkpzpJQBoyoURKsS6y,2026-05-04 02:36:20+00:00,1777862180000,7537,27.17902,43.66082,9.96762,73835,True,69.2361,3
20260504-003042,-Orkq1mdSIqXpk-KrFTn,2026-05-04 02:36:32+00:00,1777862192000,7549,27.17902,43.65722,9.96764,73965,True,68.83256,3
20260504-003042,-Orkq4gkXWcBXHjQ9AJD,2026-05-04 02:36:44+00:00,1777862204000,7561,27.18409,43.65285,9.96769,74031,True,68.36924,3
20260504-003042,-Orkq7bt5Ln8J_8vu_B9,2026-05-04 02:36:56+00:00,1777862216000,7573,27.18155,43.6849,9.96763,74359,True,68.22688,3
20260504-003042,-OrkqA_5lZALQvKWSOJQ,2026-05-04 02:37:08+00:00,1777862228000,7585,27.18409,43.66475,9.96767,74691,True,66.91222,3
20260504-003042,-OrkqDV-No2ulD07f_YR,2026-05-04 02:37:20+00:00,1777862240000,7597,27.18662,43.6735,9.96759,74096,True,67.81556,3
20260504-003042,-OrkqGPkOvt-UqnOJIlP,2026-05-04 02:37:32+00:00,1777862252000,7609,27.18155,43.69675,9.96754,74162,True,67.94737,3
20260504-003042,-OrkqJXOKg9FIUf2aCJZ,2026-05-04 02:37:44+00:00,1777862264000,7621,27.18155,43.69442,9.96768,74096,True,68.48436,3
20260504-003042,-OrkqMGxVvbKf2mZ6Tkt,2026-05-04 02:37:56+00:00,1777862276000,7633,27.18409,43.7314,9.96769,74359,True,67.90781,3
20260504-003042,-OrkqPCImef65SRR6LAd,2026-05-04 02:38:08+00:00,1777862288000,7645,27.17394,43.74777,9.96767,74624,True,67.17613,3
20260504-003042,-OrkqS7dnOtIYuKwznt3,2026-05-04 02:38:20+00:00,1777862300000,7657,27.17394,43.74971,9.96746,74228,True,66.48595,3
20260504-003042,-OrkqV2tvc7fHAb3JCck,2026-05-04 02:38:32+00:00,1777862312000,7669,27.16887,43.74747,9.96748,74425,True,65.50022,3
20260504-003042,-OrkqY08mykN78Co0sA_,2026-05-04 02:38:44+00:00,1777862324000,7681,27.16634,43.77637,9.96746,74228,True,66.10362,3
20260504-003042,-Orkq_znbZsCMvjaNpS_,2026-05-04 02:38:56+00:00,1777862336000,7693,27.13844,44.02324,9.96738,70125,True,82.52311,3
20260504-003042,-OrkqcwT4JfBHWCtUvfM,2026-05-04 02:39:08+00:00,1777862348000,7705,27.15619,43.78863,9.96743,72935,True,78.19176,3
20260504-003042,-OrkqfuMxZd9uF1PhLEP,2026-05-04 02:39:20+00:00,1777862360000,7717,27.1638,43.74738,9.96757,73835,True,72.07707,3
20260504-003042,-OrkqimMtylcAuLwvorK,2026-05-04 02:39:32+00:00,1777862372000,7729,27.16127,43.7807,9.96731,73640,True,70.02024,3
20260504-003042,-Orkqlhrh2Qosi7ZZlG5,2026-05-04 02:39:44+00:00,1777862384000,7741,27.16887,43.78497,9.96741,73965,True,68.26128,3
20260504-003042,-OrkqofdoD7a98qL4msT,2026-05-04 02:39:56+00:00,1777862396000,7753,27.16634,43.82578,9.96737,74162,True,67.72997,3
20260504-003042,-Orkqr_nERC3l1X6jiEC,2026-05-04 02:40:08+00:00,1777862408000,7765,27.1638,43.80915,9.96728,74228,True,67.10262,3
20260504-003042,-OrkquV3it536Gy_ll3T,2026-05-04 02:40:20+00:00,1777862420000,7777,27.17394,43.78904,9.96732,73900,True,67.79471,3
20260504-003042,-OrkqxRusE6DsVSK6h8D,2026-05-04 02:40:32+00:00,1777862432000,7789,27.17141,43.7836,9.96736,74096,True,67.66473,3
20260504-003042,-Orkr-TtBPbGqGUON2FL,2026-05-04 02:40:44+00:00,1777862444000,7801,27.17394,43.75828,9.96753,74359,True,67.0319,3
20260504-003042,-Orkr2HhXX-0Q52yqSsm,2026-05-04 02:40:56+00:00,1777862456000,7813,27.17394,43.78148,9.96733,74492,True,65.94586,3
20260504-003042,-Orkr5EzGq8MbXWdUw9D,2026-05-04 02:41:08+00:00,1777862468000,7825,27.17648,43.81403,9.96743,74293,True,66.66809,3
20260504-003042,-Orkr8BzXPbJhWejLCZ6,2026-05-04 02:41:20+00:00,1777862480000,7837,27.18155,43.80505,9.96752,74293,True,65.98165,3
20260504-003042,-OrkrB5gzc02SkMcw76P,2026-05-04 02:41:32+00:00,1777862492000,7849,27.18155,43.80709,9.96744,74558,True,65.20428,3
20260504-003042,-OrkrE-IxoP_pceyaf4p,2026-05-04 02:41:44+00:00,1777862504000,7861,27.18155,43.81381,9.96747,74558,True,64.56924,3
20260504-003042,-OrkrGwT4QSY3uvbj7Nb,2026-05-04 02:41:56+00:00,1777862516000,7873,27.18662,43.80272,9.96741,74425,True,65.54544,3
20260504-003042,-OrkrJsnYaxmNtnW8wY8,2026-05-04 02:42:08+00:00,1777862528000,7885,27.18409,43.81955,9.96748,74891,True,64.22682,3
20260504-003042,-OrkrMqqyx-ELrSudGBm,2026-05-04 02:42:20+00:00,1777862540000,7897,27.18155,43.81362,9.96754,74359,True,65.41335,3
20260504-003042,-OrkrPjSP04A5FeKoTYt,2026-05-04 02:42:32+00:00,1777862552000,7909,27.18662,43.81575,9.96762,74824,True,63.97312,3
20260504-003042,-OrkrSf8tqHjJZTAZpt_,2026-05-04 02:42:44+00:00,1777862564000,7921,27.18155,43.82641,9.96745,74425,True,65.38152,3
20260504-003042,-OrkrVaZL_a3HyfmtDJ9,2026-05-04 02:42:56+00:00,1777862576000,7933,27.18155,43.82597,9.96745,74425,True,65.33041,3
20260504-003042,-OrkrYWg0FxX1J-sOH-R,2026-05-04 02:43:08+00:00,1777862588000,7945,27.18662,43.80035,9.96775,74293,True,65.89709,3
20260504-003042,-OrkraTU_p5d24kDjgRz,2026-05-04 02:43:20+00:00,1777862600000,7957,27.18409,43.80462,9.9676,74359,True,66.06674,3
20260504-003042,-OrkrdNPsPm8wy6xjC3u,2026-05-04 02:43:32+00:00,1777862612000,7969,27.18409,43.82442,9.96756,74758,True,65.54614,3
20260504-003042,-OrkrgI_N5wXxUiWlyzf,2026-05-04 02:43:44+00:00,1777862624000,7981,27.18662,43.80969,9.96766,74425,True,66.31389,3
20260504-003042,-OrkrjMMLaI0HXqoJwM2,2026-05-04 02:43:56+00:00,1777862636000,7993,27.17902,43.81844,9.96745,74293,True,66.33853,3
20260504-003042,-Orkrm9WRzeiq2dsEraT,2026-05-04 02:44:08+00:00,1777862648000,8005,27.18155,43.81205,9.96745,74824,True,65.36562,3
20260504-003042,-Orkrp9Jgf7z85cD1hgB,2026-05-04 02:44:20+00:00,1777862660000,8017,27.18409,43.79821,9.96758,74228,True,65.88612,3
20260504-003042,-Orkrs2r1Qr3gw6HvHUo,2026-05-04 02:44:32+00:00,1777862672000,8029,27.18409,43.8029,9.96792,74359,True,64.72055,3
20260504-003042,-Orkruy1YKzLxgECjBbg,2026-05-04 02:44:44+00:00,1777862684000,8041,27.17648,43.82042,9.96771,74758,True,64.07172,3
20260504-003042,-Orkrxtd5jrCDMYSHCYu,2026-05-04 02:44:56+00:00,1777862696000,8053,27.18409,43.84906,9.96781,74492,True,64.42274,3
20260504-003042,-Orks-pnf_SR-zq3U2u0,2026-05-04 02:45:08+00:00,1777862708000,8065,27.17902,43.92606,9.96789,74425,True,65.22775,3
20260504-003042,-Orks2mx6JzIRVEjKRHN,2026-05-04 02:45:20+00:00,1777862720000,8077,27.17902,43.95287,9.96782,74558,True,64.98266,3
20260504-003042,-Orks5gXVysqVQUdpo8B,2026-05-04 02:45:32+00:00,1777862732000,8089,27.17648,43.95175,9.96758,74691,True,64.56934,3
20260504-003042,-Orks8b-nL6wJaIhvj0n,2026-05-04 02:45:44+00:00,1777862744000,8101,27.17902,43.94437,9.96771,74558,True,64.55803,3
20260504-003042,-OrksBXRBK_Gd7fgpEDq,2026-05-04 02:45:56+00:00,1777862756000,8113,27.18155,43.93565,9.96777,74758,True,64.07114,3
20260504-003042,-OrksETYLLC6ffQdnf9b,2026-05-04 02:46:08+00:00,1777862768000,8125,27.18155,43.89968,9.96777,74492,True,64.68459,3
20260504-003042,-OrksHPRTnRq2fLf9g58,2026-05-04 02:46:20+00:00,1777862780000,8137,27.18916,43.9178,9.96787,74492,True,64.41923,3
20260504-003042,-OrksKK0iFZbbXn8kMWf,2026-05-04 02:46:32+00:00,1777862792000,8149,27.18916,43.9593,9.96784,74758,True,63.85297,3
20260504-003042,-OrksNGAXcLsuQGLxjSh,2026-05-04 02:46:44+00:00,1777862804000,8161,27.18409,43.98925,9.96758,74096,True,65.35159,3
20260504-003042,-OrksQAX2Ymg0v4CkCVb,2026-05-04 02:46:56+00:00,1777862816000,8173,27.18662,44.00012,9.96794,74359,True,64.86543,3
20260504-003042,-OrksTgK3IIdG5dsYzLr,2026-05-04 02:47:08+00:00,1777862828000,8185,27.18662,43.9769,9.96776,74624,True,64.25321,3
20260504-003042,-OrksW739v41qiLbMyX7,2026-05-04 02:47:20+00:00,1777862840000,8197,27.18916,43.96104,9.96786,74359,True,65.11763,3
20260504-003042,-OrksYzQAbtOsYk8_5U9,2026-05-04 02:47:32+00:00,1777862852000,8209,27.18916,43.94299,9.96787,74758,True,63.62366,3
20260504-003042,-OrksatqES9o78ZOcla-,2026-05-04 02:47:44+00:00,1777862864000,8221,27.18662,43.98907,9.96787,74824,True,63.51248,3
20260504-003042,-Orksdq8v-Uhbspww3Lz,2026-05-04 02:47:56+00:00,1777862876000,8233,27.19423,43.97746,9.96787,74359,True,63.84269,3
20260504-003042,-Orksgkj32Ya3cdxIUEz,2026-05-04 02:48:08+00:00,1777862888000,8245,27.18916,43.95789,9.96772,74492,True,63.6079,3
20260504-003042,-OrksjkIMFGNZWu6JS2R,2026-05-04 02:48:20+00:00,1777862900000,8257,27.18409,43.96807,9.96769,74558,True,63.76685,3
20260504-003042,-OrksmckOfR5O9d6D5If,2026-05-04 02:48:32+00:00,1777862912000,8269,27.18662,43.95548,9.96773,74096,True,64.31254,3
20260504-003042,-OrkspYmOpKrFcB8yOji,2026-05-04 02:48:44+00:00,1777862924000,8281,27.19423,43.93069,9.96797,74162,True,65.73692,3
20260504-003042,-OrkssTXVrTFBXVoq3Rv,2026-05-04 02:48:56+00:00,1777862936000,8293,27.19169,43.92691,9.96805,74228,True,65.53284,3
20260504-003042,-OrksvPVDp9a-kknUbnA,2026-05-04 02:49:08+00:00,1777862948000,8305,27.19676,43.91346,9.9678,74359,True,65.41561,3
20260504-003042,-OrksyKeIn3HdD-ga3Kr,2026-05-04 02:49:20+00:00,1777862960000,8317,27.19423,43.88187,9.96767,74425,True,64.99216,3
20260504-003042,-Orkt0Gchq9o1FinStGc,2026-05-04 02:49:32+00:00,1777862972000,8329,27.1993,43.87457,9.96791,74162,True,65.13233,3
20260504-003042,-Orkt3CNFPZFuvsriEf5,2026-05-04 02:49:44+00:00,1777862984000,8341,27.19169,43.90166,9.96774,74492,True,64.19796,3
20260504-003042,-Orkt66sray2KFKhUgTD,2026-05-04 02:49:56+00:00,1777862996000,8353,27.20184,43.86992,9.96797,74492,True,63.79567,3
20260504-003042,-Orkt92uJWdm3abWi9RV,2026-05-04 02:50:08+00:00,1777863008000,8365,27.1993,43.8692,9.968,74492,True,63.71874,3
20260504-003042,-OrktCFcw1dJGEO3OJb6,2026-05-04 02:50:20+00:00,1777863020000,8377,27.19423,43.89084,9.9676,74624,True,63.57344,3
20260504-003042,-OrktEvRybx--YbDJ4aV,2026-05-04 02:50:32+00:00,1777863032000,8389,27.19676,43.85096,9.96778,74958,True,63.41806,3
20260504-003042,-OrktHqKXGAlcgxMSpsI,2026-05-04 02:50:44+00:00,1777863044000,8401,27.19676,43.84494,9.96806,74958,True,62.67834,3
20260504-003042,-OrktKltuDVUFMfuX_51,2026-05-04 02:50:56+00:00,1777863056000,8413,27.20184,43.83809,9.96799,74558,True,63.33766,3
20260504-003042,-OrktNh314s25z5tTvaM,2026-05-04 02:51:08+00:00,1777863068000,8425,27.20691,43.82536,9.96812,74891,True,62.37103,3
20260504-003042,-OrktQfz2N_lPk2iUDEj,2026-05-04 02:51:20+00:00,1777863080000,8437,27.20184,43.82815,9.9682,74824,True,63.46386,3
20260504-003042,-OrktT_ZfQ9Abl-06pzx,2026-05-04 02:51:32+00:00,1777863092000,8449,27.20184,43.81186,9.96809,74691,True,63.8987,3
20260504-003042,-OrktWUHo2CoQT0Qnndk,2026-05-04 02:51:44+00:00,1777863104000,8461,27.1993,43.82146,9.96795,74293,True,64.22602,3
20260504-003042,-OrktZQ-eCw803kA6wA5,2026-05-04 02:51:56+00:00,1777863116000,8473,27.20184,43.80157,9.96793,74624,True,63.87342,3
20260504-003042,-OrktbLzezhz06df33h3,2026-05-04 02:52:08+00:00,1777863128000,8485,27.20437,43.81625,9.96799,74624,True,63.81745,3
20260504-003042,-OrkteJR5O6p4UHIHVLm,2026-05-04 02:52:20+00:00,1777863140000,8497,27.20437,43.8103,9.96798,74958,True,63.9922,3
20260504-003042,-OrkthDq9x3jYUQ2xvNd,2026-05-04 02:52:32+00:00,1777863152000,8509,27.20437,43.82866,9.96799,74492,True,63.97788,3
20260504-003042,-Orktk8DU9jjkQCtzesw,2026-05-04 02:52:44+00:00,1777863164000,8521,27.20691,43.81015,9.96817,74824,True,64.06316,3
20260504-003042,-Orktn4-3kchVKzpDD3w,2026-05-04 02:52:56+00:00,1777863176000,8533,27.20437,43.80974,9.96785,74891,True,63.66671,3
20260504-003042,-Orktq2wBDT37bx_0Xpq,2026-05-04 02:53:08+00:00,1777863188000,8545,27.20184,43.80726,9.96804,75093,True,62.76438,3
20260504-003042,-OrktsyD1D1D4_6uFbh-,2026-05-04 02:53:20+00:00,1777863200000,8557,27.20437,43.78022,9.96805,74558,True,63.47942,3
20260504-003042,-Orktw79mguHha4wFm5N,2026-05-04 02:53:32+00:00,1777863212000,8569,27.20184,43.77209,9.96804,74359,True,63.71942,3
20260504-003042,-OrktymksYfIoJKY1-zS,2026-05-04 02:53:44+00:00,1777863224000,8581,27.20691,43.76241,9.96819,74359,True,63.51196,3
20260504-003042,-Orku0jPDrHsKLeU0J1k,2026-05-04 02:53:56+00:00,1777863236000,8593,27.20944,43.74975,9.96837,75160,True,63.0356,3
20260504-003042,-Orku3dn22gemwqfiZMo,2026-05-04 02:54:08+00:00,1777863248000,8605,27.20691,43.76244,9.9681,74824,True,62.85291,3
20260504-003042,-Orku6bUfmceZ0L7mtoB,2026-05-04 02:54:20+00:00,1777863260000,8617,27.20691,43.76411,9.96824,74891,True,63.11836,3
20260504-003042,-Orku9WiJ7bBXEWWg3hi,2026-05-04 02:54:32+00:00,1777863272000,8629,27.20691,43.7637,9.96828,75025,True,62.27787,3
20260504-003042,-OrkuCT5juHXDbInSDhu,2026-05-04 02:54:44+00:00,1777863284000,8641,27.20691,43.75385,9.96824,74758,True,62.16932,3
20260504-003042,-OrkuFMz-6jctBT2M2wJ,2026-05-04 02:54:56+00:00,1777863296000,8653,27.20944,43.74805,9.96834,74958,True,62.75704,3
20260504-003042,-OrkuIIAWb6q1Vq8anYu,2026-05-04 02:55:08+00:00,1777863308000,8665,27.20691,43.75187,9.96809,74758,True,63.17323,3
20260504-003042,-OrkuLGqQkwANgHrfZbA,2026-05-04 02:55:20+00:00,1777863320000,8677,27.20944,43.73277,9.96832,74824,True,64.20976,3
20260504-003042,-OrkuOBZQnKLg2wo-bru,2026-05-04 02:55:32+00:00,1777863332000,8689,27.21451,43.71492,9.96845,74359,True,64.75101,3
20260504-003042,-OrkuR5RYjiq-r3nLxfF,2026-05-04 02:55:44+00:00,1777863344000,8701,27.20691,43.73345,9.96854,74624,True,64.74013,3
20260504-003042,-OrkuU0fRyWqeO17Bb9u,2026-05-04 02:55:56+00:00,1777863356000,8713,27.20944,43.70961,9.96848,74624,True,64.54401,3
20260504-003042,-OrkuWyErn6bkumfIql2,2026-05-04 02:56:08+00:00,1777863368000,8725,27.20944,43.71682,9.96811,74624,True,64.79468,3
20260504-003042,-OrkuZtJDjI_ZwGrGaRK,2026-05-04 02:56:20+00:00,1777863380000,8737,27.1993,43.72709,9.96814,74958,True,64.65899,3
20260504-003042,-OrkuboLtbxOwSXb1cHd,2026-05-04 02:56:32+00:00,1777863392000,8749,27.20691,43.72577,9.96835,74691,True,64.51799,3
20260504-003042,-OrkuevQfvYsq_hg-tu_,2026-05-04 02:56:44+00:00,1777863404000,8761,27.20944,43.68473,9.96828,74492,True,64.32413,3
20260504-003042,-OrkuhelP6SCBs94M-iD,2026-05-04 02:56:56+00:00,1777863416000,8773,27.21198,43.67176,9.96838,74425,True,64.55762,3
20260504-003042,-OrkukaogkwQLVzrepXD,2026-05-04 02:57:08+00:00,1777863428000,8785,27.21705,43.65054,9.96855,74293,True,65.85598,3
20260504-003042,-OrkunYt_JYcNB_pBXh-,2026-05-04 02:57:20+00:00,1777863440000,8797,27.21451,43.67294,9.96831,74293,True,66.02586,3
20260504-003042,-OrkuqS5xXUTc35sgbsM,2026-05-04 02:57:32+00:00,1777863452000,8809,27.21198,43.66992,9.96845,74624,True,65.46025,3
20260504-003042,-OrkutNoloGHhJypvzTr,2026-05-04 02:57:44+00:00,1777863464000,8821,27.21705,43.65452,9.96828,74624,True,65.12801,3
20260504-003042,-OrkuwJBfwAXqtCDXGru,2026-05-04 02:57:56+00:00,1777863476000,8833,27.20691,43.6657,9.96844,74558,True,65.23923,3
20260504-003042,-OrkuzFqN8tT3ymjM2up,2026-05-04 02:58:08+00:00,1777863488000,8845,27.21451,43.64475,9.96845,74293,True,66.16948,3
20260504-003042,-Orkv1DdJPAAOz3OkmHy,2026-05-04 02:58:20+00:00,1777863500000,8857,27.20944,43.63548,9.96844,74031,True,67.38168,3
20260504-003042,-Orkv47GWGVeEJcT9xUE,2026-05-04 02:58:32+00:00,1777863512000,8869,27.21198,43.64526,9.96843,74228,True,66.84711,3
20260504-003042,-Orkv7252D-fwEx4d4sS,2026-05-04 02:58:44+00:00,1777863524000,8881,27.20944,43.6387,9.9685,74359,True,66.26335,3
20260504-003042,-Orkv9y7LI7kk6Zjli-h,2026-05-04 02:58:56+00:00,1777863536000,8893,27.21451,43.62522,9.96865,74891,True,64.7431,3
20260504-003042,-OrkvCsd3tM5V1WK2Yu1,2026-05-04 02:59:08+00:00,1777863548000,8905,27.20944,43.60712,9.96825,74758,True,64.49796,3
20260504-003042,-OrkvFr9tRMiR6QGnk02,2026-05-04 02:59:20+00:00,1777863560000,8917,27.20691,43.62111,9.96819,74758,True,64.84924,3
20260504-003042,-OrkvIlltc1QjrqWHQDN,2026-05-04 02:59:32+00:00,1777863572000,8929,27.21198,43.59892,9.96833,74359,True,64.80852,3
20260504-003042,-OrkvLfQi1x4Y_p5Gx7S,2026-05-04 02:59:44+00:00,1777863584000,8941,27.20944,43.60213,9.96837,74758,True,65.01992,3
20260504-003042,-OrkvOn8VUrEbDWKh1bh,2026-05-04 02:59:56+00:00,1777863596000,8953,27.21198,43.60047,9.96843,74891,True,64.40701,3
20260504-003042,-OrkvRXWaZaEbuiTVZl1,2026-05-04 03:00:08+00:00,1777863608000,8965,27.21705,43.5686,9.96858,74624,True,64.90431,3
20260504-003042,-OrkvUVBPtPGRVbstusj,2026-05-04 03:00:20+00:00,1777863620000,8977,27.21705,43.57293,9.9686,74891,True,64.37931,3
20260504-003042,-OrkvXPouxGs3biHfTib,2026-05-04 03:00:32+00:00,1777863632000,8989,27.21705,43.57922,9.96858,75025,True,63.24464,3
20260504-003042,-Orkv_KxfUcsLtL1IXiA,2026-05-04 03:00:44+00:00,1777863644000,9001,27.21451,43.58633,9.96837,75025,True,63.71165,3
20260504-003042,-OrkvcFGa8FcTkF3fEkK,2026-05-04 03:00:56+00:00,1777863656000,9013,27.21959,43.56865,9.96846,74891,True,64.01988,3
20260504-003042,-OrkvfBLDcZfi3F2B2Tz,2026-05-04 03:01:08+00:00,1777863668000,9025,27.20691,43.58683,9.96819,74958,True,63.36922,3
20260504-003042,-Orkvi86Q_KXyQLGb-BA,2026-05-04 03:01:20+00:00,1777863680000,9037,27.21198,43.54399,9.96815,75025,True,63.7088,3
20260504-003042,-Orkvl3RgdMsTpzGMFVw,2026-05-04 03:01:32+00:00,1777863692000,9049,27.21451,43.53705,9.96831,74691,True,64.19397,3
20260504-003042,-OrkvnyKTWgrizxNoXKB,2026-05-04 03:01:44+00:00,1777863704000,9061,27.21198,43.55273,9.96827,74691,True,64.69566,3
20260504-003042,-Orkvqu3k-6959gcNvq9,2026-05-04 03:01:56+00:00,1777863716000,9073,27.20944,43.53133,9.96828,74891,True,65.13677,3
20260504-003042,-OrkvtqLzjL-F1gjtnUD,2026-05-04 03:02:08+00:00,1777863728000,9085,27.21451,43.54816,9.9683,74293,True,65.88166,3
20260504-003042,-OrkvwmBjYnC6QkeIY7W,2026-05-04 03:02:20+00:00,1777863740000,9097,27.21451,43.53621,9.96838,74492,True,65.82413,3
20260504-003042,-OrkvzgHXH10t1nZm0Tg,2026-05-04 03:02:32+00:00,1777863752000,9109,27.21705,43.52473,9.96816,74758,True,65.12391,3
20260504-003042,-Orkw1cKFU76T4gvGbhX,2026-05-04 03:02:44+00:00,1777863764000,9121,27.20944,43.53432,9.96825,74624,True,65.5528,3
20260504-003042,-Orkw4Z1u-_DMVRjHphm,2026-05-04 03:02:56+00:00,1777863776000,9133,27.21705,43.51612,9.9683,74293,True,66.21425,3
20260504-003042,-Orkw7fuYZfEPixxeF3B,2026-05-04 03:03:08+00:00,1777863788000,9145,27.22466,43.48984,9.96826,74425,True,66.93811,3
20260504-003042,-OrkwARww99NU0sdyQh2,2026-05-04 03:03:20+00:00,1777863800000,9157,27.21959,43.49438,9.96836,74624,True,66.49911,3
20260504-003042,-OrkwDKquA_fRqj1DO79,2026-05-04 03:03:32+00:00,1777863812000,9169,27.22212,43.48558,9.96836,74492,True,66.7229,3
20260504-003042,-OrkwGGuVEvhoAMmlrli,2026-05-04 03:03:44+00:00,1777863824000,9181,27.21705,43.49956,9.96826,74691,True,66.26396,3
20260504-003042,-OrkwJC9153Iy3djLGUK,2026-05-04 03:03:56+00:00,1777863836000,9193,27.21959,43.4677,9.96818,74891,True,64.62444,3
20260504-003042,-OrkwM8ah3p5Q5HJYAF2,2026-05-04 03:04:08+00:00,1777863848000,9205,27.21451,43.49712,9.96812,75228,True,63.29963,3
20260504-003042,-OrkwP5tED-IEaKo1mzL,2026-05-04 03:04:20+00:00,1777863860000,9217,27.21705,43.48698,9.96813,74758,True,64.10336,3
20260504-003042,-OrkwS-BFEz8Umx5ktxF,2026-05-04 03:04:32+00:00,1777863872000,9229,27.21705,43.48086,9.96805,74958,True,63.45211,3
20260504-003042,-OrkwUwfUO8pecda-sge,2026-05-04 03:04:44+00:00,1777863884000,9241,27.22212,43.47263,9.96819,75295,True,62.9861,3
20260504-003042,-OrkwXq8p-9QHAvSHA2U,2026-05-04 03:04:56+00:00,1777863896000,9253,27.22719,43.46497,9.96841,74758,True,64.51019,3
20260504-003042,-Orkw_n1yh7vE1U0-uxg,2026-05-04 03:05:08+00:00,1777863908000,9265,27.21705,43.5045,9.96795,74891,True,64.17993,3
20260504-003042,-OrkwcnTXYBTJn8PA0JV,2026-05-04 03:05:20+00:00,1777863920000,9277,27.21959,43.47332,9.9682,74958,True,63.86745,3
20260504-003042,-OrkwfdwHguE3TzrM_kp,2026-05-04 03:05:32+00:00,1777863932000,9289,27.22212,43.47135,9.96812,75363,True,63.07077,3
20260504-003042,-OrkwiZcqS8T5XNVXcI-,2026-05-04 03:05:44+00:00,1777863944000,9301,27.22212,43.47218,9.96817,74958,True,62.78317,3
20260504-003042,-OrkwlUsaGlVdgwQ16B9,2026-05-04 03:05:56+00:00,1777863956000,9313,27.21705,43.47568,9.968,74758,True,64.3494,3
20260504-003042,-OrkwoQyxny48c-biooc,2026-05-04 03:06:08+00:00,1777863968000,9325,27.21959,43.48168,9.96785,74958,True,64.47275,3
20260504-003042,-OrkwrY0KoiZyjOLCU_p,2026-05-04 03:06:20+00:00,1777863980000,9337,27.22719,43.44915,9.96815,75025,True,63.842,3
20260504-003042,-OrkwuHiuiNnIZjsHX43,2026-05-04 03:06:32+00:00,1777863992000,9349,27.21705,43.46551,9.96809,74691,True,64.43044,3
20260504-003042,-OrkwxD_XkszJrfmthJg,2026-05-04 03:06:44+00:00,1777864004000,9361,27.22212,43.47504,9.96805,74359,True,66.79277,3
20260504-003042,-Orkx-8K6EMTd2hCAuwp,2026-05-04 03:06:56+00:00,1777864016000,9373,27.22212,43.45215,9.96785,74492,True,67.39486,3
20260504-003042,-Orkx24FVeos9nOqnDDY,2026-05-04 03:07:08+00:00,1777864028000,9385,27.22719,43.42731,9.96806,74624,True,66.74529,3
20260504-003042,-Orkx53DrJYIApvc7DS-,2026-05-04 03:07:20+00:00,1777864040000,9397,27.22973,43.42194,9.96811,74824,True,65.2891,3
20260504-003042,-Orkx7w-4Enla96kNE9I,2026-05-04 03:07:32+00:00,1777864052000,9409,27.22719,43.43174,9.96802,75093,True,64.74937,3
20260504-003042,-OrkxArmu8PzNCU9TWei,2026-05-04 03:07:44+00:00,1777864064000,9421,27.22466,43.4158,9.96789,75295,True,63.70816,3
20260504-003042,-OrkxDmG6Ri6XmmTBZzx,2026-05-04 03:07:56+00:00,1777864076000,9433,27.21959,43.43449,9.96774,75093,True,63.00882,3
20260504-003042,-OrkxGih5_awDnqCoSOJ,2026-05-04 03:08:08+00:00,1777864088000,9445,27.22212,43.43166,9.96806,75295,True,62.39448,3
20260504-003042,-OrkxJgrPmOry2VKruOV,2026-05-04 03:08:20+00:00,1777864100000,9457,27.22466,43.41682,9.96807,75160,True,62.45675,3
20260504-003042,-OrkxMa77Vlcuyu5x237,2026-05-04 03:08:32+00:00,1777864112000,9469,27.22973,43.42104,9.96799,75160,True,62.02469,3
20260504-003042,-OrkxPVshDjkUnD-B-4k,2026-05-04 03:08:44+00:00,1777864124000,9481,27.22719,43.41179,9.96779,75228,True,62.52421,3
20260504-003042,-OrkxSRmAbBfc7rJPx17,2026-05-04 03:08:56+00:00,1777864136000,9493,27.22719,43.4056,9.96795,75295,True,62.36326,3
20260504-003042,-OrkxVNKqFNwYhzQUZf6,2026-05-04 03:09:08+00:00,1777864148000,9505,27.22719,43.40978,9.96809,75499,True,62.09763,3
20260504-003042,-OrkxYMIe2oaggLM3vk_,2026-05-04 03:09:20+00:00,1777864160000,9517,27.22973,43.40832,9.96791,75567,True,61.42789,3
20260504-003042,-OrkxaZTYkVshqqJasVb,2026-05-04 03:09:32+00:00,1777864172000,9529,27.22973,43.39194,9.96784,75431,True,61.68922,3
20260504-003042,-OrkxdARIENB0IU_dloV,2026-05-04 03:09:44+00:00,1777864184000,9541,27.22719,43.39407,9.96793,75704,True,61.15589,3
20260504-003042,-Orkxg4tzQjFNWGl2X7o,2026-05-04 03:09:56+00:00,1777864196000,9553,27.2348,43.39487,9.968,75431,True,61.68576,3
20260504-003042,-Orkxj1JcPRDOBywxIhw,2026-05-04 03:10:08+00:00,1777864208000,9565,27.23226,43.40786,9.96814,75295,True,62.41065,3
20260504-003042,-Orkxlz8ieINWE5RcAa_,2026-05-04 03:10:20+00:00,1777864220000,9577,27.22719,43.39646,9.96811,75772,True,61.35457,3
20260504-003042,-OrkxouAWnpvcQKGHoBJ,2026-05-04 03:10:32+00:00,1777864232000,9589,27.22973,43.39883,9.9682,75635,True,61.50019,3
20260504-003042,-OrkxrnxdEIZojTwRs6a,2026-05-04 03:10:44+00:00,1777864244000,9601,27.22973,43.37543,9.96787,75772,True,60.92329,3
20260504-003042,-Orkxuj8NfyKWZWEuUj1,2026-05-04 03:10:56+00:00,1777864256000,9613,27.22719,43.39944,9.96779,75160,True,62.68737,3
20260504-003042,-Orkxxfj4FEbeY5fy6QD,2026-05-04 03:11:08+00:00,1777864268000,9625,27.22466,43.42095,9.96754,75295,True,62.68239,3
20260504-003042,-Orky-dHPDwpOta3tR-K,2026-05-04 03:11:20+00:00,1777864280000,9637,27.22212,43.39112,9.96764,75431,True,62.54836,3
20260504-003042,-Orky2Xld50Cbi5HYN0X,2026-05-04 03:11:32+00:00,1777864292000,9649,27.22973,43.39446,9.96778,75295,True,63.58462,3
20260504-003042,-Orky5S66JZx7aqR8Dr2,2026-05-04 03:11:44+00:00,1777864304000,9661,27.22719,43.37351,9.96783,74891,True,64.03108,3
20260504-003042,-Orky8Nb3hf-tlveWbsj,2026-05-04 03:11:56+00:00,1777864316000,9673,27.22466,43.39555,9.96775,75295,True,63.10071,3
20260504-003042,-OrkyBIxQOCuCJgbu6B_,2026-05-04 03:12:08+00:00,1777864328000,9685,27.22719,43.37855,9.96767,75228,True,62.75258,3
20260504-003042,-OrkyEHWj598vPyBYZ8B,2026-05-04 03:12:20+00:00,1777864340000,9697,27.22466,43.37854,9.96754,75295,True,62.30629,3
20260504-003042,-OrkyHAY0C0k9oFi4NA2,2026-05-04 03:12:32+00:00,1777864352000,9709,27.23226,43.35587,9.96784,75228,True,62.72368,3
20260504-003042,-OrkyKJmOsmc_QI4p2z7,2026-05-04 03:12:44+00:00,1777864364000,9721,27.22973,43.36318,9.96769,75431,True,62.54241,3
20260504-003042,-OrkyN2AjjPWqCGG1Tom,2026-05-04 03:12:56+00:00,1777864376000,9733,27.22719,43.36003,9.96762,74758,True,63.11781,3
20260504-003042,-OrkyPxOZXnjL779Ah-d,2026-05-04 03:13:08+00:00,1777864388000,9745,27.22973,43.36047,9.96775,75431,True,62.22052,3
20260504-003042,-OrkySsz4D2_R6x1RmTK,2026-05-04 03:13:20+00:00,1777864400000,9757,27.22973,43.3555,9.96762,75567,True,61.46289,3
20260504-003042,-OrkyVqlx2545Vf-YGe9,2026-05-04 03:13:32+00:00,1777864412000,9769,27.22973,43.33931,9.96776,75772,True,61.40282,3
20260504-003042,-OrkyYkCnyWP-CLoQ398,2026-05-04 03:13:44+00:00,1777864424000,9781,27.23226,43.35173,9.96775,75431,True,61.45353,3
20260504-003042,-OrkyafkgIZZ9ym_YiWk,2026-05-04 03:13:56+00:00,1777864436000,9793,27.23734,43.34052,9.96773,75295,True,62.14097,3
20260504-003042,-OrkyddWQyVhqxltBZTI,2026-05-04 03:14:08+00:00,1777864448000,9805,27.23226,43.35199,9.9678,75431,True,62.00708,3
20260504-003042,-Orkyga_sBY5oIggjyxO,2026-05-04 03:14:20+00:00,1777864460000,9817,27.23226,43.36656,9.96768,75431,True,62.35447,3
20260504-003042,-OrkyjUPzLFoe4ObVynl,2026-05-04 03:14:32+00:00,1777864472000,9829,27.23734,43.3466,9.96757,75025,True,63.38709,3
20260504-003042,-OrkymOYvILfVwhZ_0vG,2026-05-04 03:14:44+00:00,1777864484000,9841,27.23734,43.35739,9.96764,75228,True,62.92067,3
20260504-003042,-OrkypKEYqy2hk05x43x,2026-05-04 03:14:56+00:00,1777864496000,9853,27.23734,43.33553,9.96782,75431,True,62.00858,3
20260504-003042,-OrkysGWq-XoNVHTTN4B,2026-05-04 03:15:08+00:00,1777864508000,9865,27.23734,43.32798,9.96755,75295,True,62.416,3
20260504-003042,-OrkyvEkYRTPo62293GQ,2026-05-04 03:15:20+00:00,1777864520000,9877,27.23987,43.32867,9.96768,75431,True,62.31901,3
20260504-003042,-OrkyyBcfwYrceTV5FBi,2026-05-04 03:15:32+00:00,1777864532000,9889,27.2348,43.34562,9.9676,75567,True,61.07944,3
20260504-003042,-Orkz03u1SEkxjdo4Tkh,2026-05-04 03:15:44+00:00,1777864544000,9901,27.22973,43.34496,9.9675,75567,True,61.2611,3
20260504-003042,-Orkz37Pxp53g2OEZlPc,2026-05-04 03:15:56+00:00,1777864556000,9913,27.23734,43.31042,9.96773,75295,True,61.56448,3
20260504-003042,-Orkz5vGjQpVIPi34kBF,2026-05-04 03:16:08+00:00,1777864568000,9925,27.23987,43.31181,9.96773,75363,True,61.44638,3
20260504-003042,-Orkz8qTNYaV8RlvIAPW,2026-05-04 03:16:20+00:00,1777864580000,9937,27.23734,43.32255,9.96797,75499,True,60.77904,3
20260504-003042,-OrkzBmOWZUDb-JJ-y4D,2026-05-04 03:16:32+00:00,1777864592000,9949,27.23734,43.31721,9.96783,75910,True,59.84272,3
20260504-003042,-OrkzEhs8ZCK7dqxP1Sa,2026-05-04 03:16:44+00:00,1777864604000,9961,27.23226,43.31374,9.96782,75841,True,59.59136,3
20260504-003042,-OrkzHcWRqVxeuHTCcU-,2026-05-04 03:16:56+00:00,1777864616000,9973,27.2348,43.31095,9.96772,75635,True,60.52112,3
20260504-003042,-OrkzKYdoD6VaC21d1uZ,2026-05-04 03:17:08+00:00,1777864628000,9985,27.23226,43.32183,9.96758,75704,True,60.80079,3
20260504-003042,-OrkzNX7g3VyBZPAxLKH,2026-05-04 03:17:20+00:00,1777864640000,9997,27.23734,43.30259,9.96787,75841,True,60.27126,3
20260504-003042,-OrkzQPZVdDEMfvOcPme,2026-05-04 03:17:32+00:00,1777864652000,10009,27.23734,43.3083,9.96796,75704,True,60.2391,3
20260504-003042,-OrkzTM1nICZRxjhcMHA,2026-05-04 03:17:44+00:00,1777864664000,10021,27.23734,43.32025,9.96771,75704,True,60.61974,3
20260504-003042,-OrkzWH4Zp4F8gQxyiZ3,2026-05-04 03:17:56+00:00,1777864676000,10033,27.23734,43.3022,9.96764,75431,True,61.59759,3
20260504-003042,-OrkzZD27HVkDClv5IS5,2026-05-04 03:18:08+00:00,1777864688000,10045,27.2348,43.29797,9.96769,75910,True,59.89688,3
20260504-003042,-Orkzb95Yg7Yr-LMupQZ,2026-05-04 03:18:20+00:00,1777864700000,10057,27.23987,43.30161,9.96791,75704,True,60.6477,3
20260504-003042,-Orkze4OIUv7y6HpRcVl,2026-05-04 03:18:32+00:00,1777864712000,10069,27.23734,43.30645,9.96782,75841,True,60.01333,3
20260504-003042,-OrkzgzrssUmWlBRF88_,2026-05-04 03:18:44+00:00,1777864724000,10081,27.23734,43.29432,9.96766,75431,True,61.22381,3
20260504-003042,-OrkzjvYFZO_Dz7NYWNb,2026-05-04 03:18:56+00:00,1777864736000,10093,27.24241,43.28024,9.96782,75431,True,61.96002,3
20260504-003042,-Orkzn0hGIYAta7v9Wbs,2026-05-04 03:19:08+00:00,1777864748000,10105,27.23734,43.28347,9.96794,75910,True,61.12457,3
20260504-003042,-OrkzpqNiQk1C-2QAbO0,2026-05-04 03:19:20+00:00,1777864760000,10117,27.24241,43.26679,9.96784,75772,True,60.89684,3
20260504-003042,-Orkzsiv1L2MNV9mEEHp,2026-05-04 03:19:32+00:00,1777864772000,10129,27.2348,43.29196,9.96774,75772,True,61.39469,3
20260504-003042,-OrkzvcyVAyBFRGOKSQY,2026-05-04 03:19:44+00:00,1777864784000,10141,27.23734,43.27077,9.96785,75363,True,61.74285,3
20260504-003042,-OrkzycpY-ufCSTrDkF8,2026-05-04 03:19:56+00:00,1777864796000,10153,27.23987,43.25577,9.96773,75567,True,61.68351,3
20260504-003042,-Orl-0VSo9NMUi59vEDY,2026-05-04 03:20:08+00:00,1777864808000,10165,27.23734,43.26357,9.96787,75431,True,62.41212,3
20260504-003042,-Orl-3T4hPKWtfgWaK7U,2026-05-04 03:20:20+00:00,1777864820000,10177,27.23734,43.22426,9.96806,75431,True,61.95932,3
20260504-003042,-Orl-6N1myZRfgVBLdI0,2026-05-04 03:20:32+00:00,1777864832000,10189,27.24241,43.22429,9.96802,76047,True,60.48281,3
20260504-003042,-Orl-9H_jDNhDxdUmSb_,2026-05-04 03:20:44+00:00,1777864844000,10201,27.23987,43.23284,9.96794,76047,True,60.00664,3
20260504-003042,-Orl-CDxeDe3pDlB_opN,2026-05-04 03:20:56+00:00,1777864856000,10213,27.24241,43.23806,9.96804,75978,True,60.02713,3
20260504-003042,-Orl-F9kcMXh5ipUXSBt,2026-05-04 03:21:08+00:00,1777864868000,10225,27.23987,43.25914,9.9677,75841,True,59.66312,3
20260504-003042,-Orl-I5Op0AbD5sYtieD,2026-05-04 03:21:20+00:00,1777864880000,10237,27.24241,43.25402,9.96802,76464,True,58.67113,3
20260504-003042,-Orl-L1FdK41gOcmJhoh,2026-05-04 03:21:32+00:00,1777864892000,10249,27.2348,43.26119,9.96783,76116,True,59.22558,3
20260504-003042,-Orl-Nx56uXWNr28tfnq,2026-05-04 03:21:44+00:00,1777864904000,10261,27.23734,43.27095,9.96789,75772,True,59.53727,3
20260504-003042,-Orl-Qsm1rhTM5JpnQxP,2026-05-04 03:21:56+00:00,1777864916000,10273,27.24241,43.23818,9.96814,75499,True,60.17461,3
20260504-003042,-Orl-Tp8-T1mrDGXn3Pz,2026-05-04 03:22:08+00:00,1777864928000,10285,27.23987,43.27388,9.968,75772,True,60.72218,3
20260504-003042,-Orl-X-zSrYx514DLbvn,2026-05-04 03:22:20+00:00,1777864940000,10297,27.24241,43.27147,9.96802,75567,True,61.38823,3
20260504-003042,-Orl-Zfqc_HoFUOmjXk5,2026-05-04 03:22:32+00:00,1777864952000,10309,27.23987,43.29102,9.96801,75567,True,61.49844,3
20260504-003042,-Orl-b_pKuH3Y4PJidjz,2026-05-04 03:22:44+00:00,1777864964000,10321,27.24748,43.25973,9.96812,75228,True,62.24403,3
20260504-003042,-Orl-eWiCA1ebn63Q6EZ,2026-05-04 03:22:56+00:00,1777864976000,10333,27.24241,43.25644,9.96816,75431,True,61.44743,3
20260504-003042,-Orl-hRPvwBU4nxyhQ4Y,2026-05-04 03:23:08+00:00,1777864988000,10345,27.24748,43.25004,9.9681,75704,True,60.3918,3
20260504-003042,-Orl-kO29Pau5otL8TL4,2026-05-04 03:23:20+00:00,1777865000000,10357,27.24494,43.25828,9.96809,75841,True,60.31206,3
20260504-003042,-Orl-nKj1N6Hcj96rRny,2026-05-04 03:23:32+00:00,1777865012000,10369,27.24241,43.27091,9.96798,75363,True,60.75351,3
20260504-003042,-Orl-qETr0H_9RzvmRJ-,2026-05-04 03:23:44+00:00,1777865024000,10381,27.24241,43.25534,9.96782,75635,True,60.57835,3
20260504-003042,-Orl-tAUhXeiFOfLqgOa,2026-05-04 03:23:56+00:00,1777865036000,10393,27.24748,43.22915,9.96808,76047,True,59.99488,3
20260504-003042,-Orl-w644GtglZsf0_a0,2026-05-04 03:24:08+00:00,1777865048000,10405,27.24748,43.25533,9.96789,76325,True,60.61273,3
20260504-003042,-Orl-z1EqYV3VTXIaD6y,2026-05-04 03:24:20+00:00,1777865060000,10417,27.24748,43.25354,9.96807,75431,True,61.2048,3
20260504-003042,-Orl00y-YbrR3OapxYQN,2026-05-04 03:24:32+00:00,1777865072000,10429,27.24241,43.24516,9.968,75431,True,62.16485,3
20260504-003042,-Orl03syPZvAsTjXSVVU,2026-05-04 03:24:44+00:00,1777865084000,10441,27.24494,43.23228,9.96787,75978,True,61.04491,3
20260504-003042,-Orl06nv2ELXaiRjhFv5,2026-05-04 03:24:56+00:00,1777865096000,10453,27.25001,43.21933,9.96807,75567,True,61.39677,3
20260504-003042,-Orl09n7iSYT3bY0UJbV,2026-05-04 03:25:08+00:00,1777865108000,10465,27.25001,43.23214,9.96791,75567,True,61.41605,3
20260504-003042,-Orl0ChBVdeTupoWpzcg,2026-05-04 03:25:20+00:00,1777865120000,10477,27.24241,43.24061,9.968,75635,True,61.12857,3
20260504-003042,-Orl0GbRAtuLH9BiVb9U,2026-05-04 03:25:32+00:00,1777865132000,10489,27.25255,43.21275,9.96806,76116,True,60.07204,3
20260504-003042,-Orl0I6m1-NHxfgrj49n,2026-05-04 03:25:42+00:00,1777865142000,10499,27.16887,43.71013,9.96794,67416,True,76.53004,3
20260504-003042,-Orl0L5blfL8e03-EBp6,2026-05-04 03:25:54+00:00,1777865154000,10511,27.24241,43.28383,9.96797,73190,True,81.14481,3
20260504-003042,-Orl0Nyc73lsgE9c-prG,2026-05-04 03:26:06+00:00,1777865166000,10523,27.23987,43.23794,9.96777,74425,True,72.46564,3
20260504-003042,-Orl0Qu2Rbbp41Sb_PXt,2026-05-04 03:26:18+00:00,1777865178000,10535,27.24494,43.2365,9.96799,74624,True,68.42191,3
20260504-003042,-Orl0TqXl0DxM5pc6AFs,2026-05-04 03:26:30+00:00,1777865190000,10547,27.25001,43.22826,9.968,75160,True,65.34367,3
20260504-003042,-Orl0WmQjA-ts48okx-h,2026-05-04 03:26:42+00:00,1777865202000,10559,27.24241,43.23678,9.96772,75295,True,64.32129,3
20260504-003042,-Orl0Zi15oYocaUCmUH0,2026-05-04 03:26:54+00:00,1777865214000,10571,27.24241,43.21194,9.96772,75363,True,63.91227,3
20260504-003042,-Orl0bcDr2R_9-4MWP_I,2026-05-04 03:27:06+00:00,1777865226000,10583,27.24241,43.23477,9.9677,75431,True,62.44538,3
20260504-003042,-Orl0eYxpjoon7VFldi1,2026-05-04 03:27:18+00:00,1777865238000,10595,27.24748,43.21611,9.9677,75635,True,61.64343,3
20260504-003042,-Orl0hXiegq3OjFdz8b-,2026-05-04 03:27:30+00:00,1777865250000,10607,27.24748,43.22133,9.96764,75567,True,61.04246,3
20260504-003042,-Orl0kQEwhmgogyy4fGy,2026-05-04 03:27:42+00:00,1777865262000,10619,27.24494,43.21136,9.96785,75431,True,61.51377,3
20260504-003042,-Orl0nL49rKHAV4g4rSa,2026-05-04 03:27:54+00:00,1777865274000,10631,27.24748,43.2084,9.96756,75228,True,62.41965,3
20260504-003042,-Orl0qGb_60mRxKlhcOL,2026-05-04 03:28:06+00:00,1777865286000,10643,27.25001,43.21128,9.96784,75567,True,61.8097,3
20260504-003042,-Orl0tE7Qc0SjpH5WjxT,2026-05-04 03:28:18+00:00,1777865298000,10655,27.24748,43.20301,9.96786,75910,True,61.21332,3
20260504-003042,-Orl0w9AtAJCZSVTmoQH,2026-05-04 03:28:30+00:00,1777865310000,10667,27.25001,43.18916,9.96786,75499,True,62.5753,3
20260504-003042,-Orl0zYomQm8QZwl3mMU,2026-05-04 03:28:42+00:00,1777865322000,10679,27.24494,43.18954,9.96801,75160,True,62.973,3
20260504-003042,-Orl10znn8qeJqM5A_E6,2026-05-04 03:28:54+00:00,1777865334000,10691,27.25001,43.17981,9.96786,75431,True,62.2827,3
20260504-003042,-Orl13uwVwchxOuwi6-T,2026-05-04 03:29:06+00:00,1777865346000,10703,27.24748,43.17174,9.96793,75431,True,62.36996,3
20260504-003042,-Orl16qhMY71-QH867e5,2026-05-04 03:29:18+00:00,1777865358000,10715,27.25001,43.19024,9.96803,75499,True,62.45381,3
20260504-003042,-Orl19mfsYqGnmSQiZWI,2026-05-04 03:29:30+00:00,1777865370000,10727,27.24494,43.1851,9.96788,75567,True,61.94842,3
20260504-003042,-Orl1Cj4mtur9uETVVaq,2026-05-04 03:29:42+00:00,1777865382000,10739,27.25508,43.16073,9.96826,75704,True,62.22048,3
20260504-003042,-Orl1FfkhV_sa-sbbVVu,2026-05-04 03:29:54+00:00,1777865394000,10751,27.25255,43.15066,9.96818,75910,True,61.23363,3
20260504-003042,-Orl1I_7S5GZGChG6CZf,2026-05-04 03:30:06+00:00,1777865406000,10763,27.25508,43.13847,9.96784,75567,True,61.33654,3
20260504-003042,-Orl1LVbWVVFKs4Z8YF3,2026-05-04 03:30:18+00:00,1777865418000,10775,27.25508,43.1482,9.96829,75567,True,61.21523,3
20260504-003042,-Orl1OR-21ZVczJrwA5G,2026-05-04 03:30:30+00:00,1777865430000,10787,27.25508,43.15197,9.96806,75841,True,61.46128,3
20260504-003042,-Orl1RNPjDRr7l8RDybA,2026-05-04 03:30:42+00:00,1777865442000,10799,27.24748,43.16602,9.968,75704,True,60.9435,3
20260504-003042,-Orl1UHz3uGewtOMyA5J,2026-05-04 03:30:54+00:00,1777865454000,10811,27.25255,43.1667,9.96806,75772,True,60.87228,3
20260504-003042,-Orl1XDjY2BkDQtORlaI,2026-05-04 03:31:06+00:00,1777865466000,10823,27.25508,43.15261,9.96815,75499,True,60.97274,3
20260504-003042,-Orl1_8MBO7JAdqHuR8X,2026-05-04 03:31:18+00:00,1777865478000,10835,27.25001,43.17549,9.96805,75772,True,61.38572,3
20260504-003042,-Orl1c8PIP_L-iVldnXL,2026-05-04 03:31:30+00:00,1777865490000,10847,27.25255,43.15711,9.96806,75704,True,61.61426,3
20260504-003042,-Orl1f08N_4-cbEicxAZ,2026-05-04 03:31:42+00:00,1777865502000,10859,27.25508,43.15112,9.96803,75704,True,61.3831,3
20260504-003042,-Orl1i6EwfIsYXzCmkyz,2026-05-04 03:31:54+00:00,1777865514000,10871,27.25508,43.15903,9.96808,75841,True,60.7408,3
20260504-003042,-Orl1ksU2jicNM0nQ8n-,2026-05-04 03:32:06+00:00,1777865526000,10883,27.25508,43.15536,9.9682,75567,True,61.28841,3
20260504-003042,-Orl1nnPfZsei1rsF_la,2026-05-04 03:32:18+00:00,1777865538000,10895,27.25508,43.15564,9.96829,75841,True,60.82565,3
20260504-003042,-Orl1qj8mGSelgqmkAt8,2026-05-04 03:32:30+00:00,1777865550000,10907,27.25508,43.15215,9.96826,75772,True,60.60016,3
20260504-003042,-Orl1tfHjphsfNuuiW2Q,2026-05-04 03:32:42+00:00,1777865562000,10919,27.25255,43.15762,9.96844,75499,True,61.27163,3
20260504-003042,-Orl1wb5hC4qbie_EB2K,2026-05-04 03:32:54+00:00,1777865574000,10931,27.26016,43.15011,9.96848,75635,True,61.12348,3
20260504-003042,-Orl1zW6N2Tg024vbVNB,2026-05-04 03:33:06+00:00,1777865586000,10943,27.25508,43.16276,9.96822,75635,True,61.267,3
20260504-003042,-Orl21RNsLsQPzfGx-Mk,2026-05-04 03:33:18+00:00,1777865598000,10955,27.25508,43.15662,9.96811,75704,True,61.01335,3
20260504-003042,-Orl24NaqVSWBhaQw66o,2026-05-04 03:33:30+00:00,1777865610000,10967,27.26269,43.12173,9.9685,75635,True,60.42645,3
20260504-003042,-Orl27JBGITnJMqU3aBr,2026-05-04 03:33:42+00:00,1777865622000,10979,27.25255,43.1408,9.96834,75567,True,61.51196,3
20260504-003042,-Orl2AErCr2oN3gqu9ct,2026-05-04 03:33:54+00:00,1777865634000,10991,27.25508,43.13477,9.96831,75841,True,60.63012,3
20260504-003042,-Orl2D9l8Md2WyNLV05o,2026-05-04 03:34:06+00:00,1777865646000,11003,27.26016,43.11961,9.96844,76047,True,59.9354,3
20260504-003042,-Orl2G4rljXNHJ6aSHdm,2026-05-04 03:34:18+00:00,1777865658000,11015,27.25508,43.14779,9.96842,75704,True,60.50398,3
20260504-003042,-Orl2J0qvKr09I6TUjRP,2026-05-04 03:34:30+00:00,1777865670000,11027,27.26016,43.13189,9.96848,75567,True,60.92969,3
20260504-003042,-Orl2LxROpmBogN62Iv5,2026-05-04 03:34:42+00:00,1777865682000,11039,27.25762,43.13384,9.96842,75635,True,60.95643,3
20260504-003042,-Orl2OtVF571GZNSOpsg,2026-05-04 03:34:54+00:00,1777865694000,11051,27.26016,43.12592,9.96858,75363,True,62.56447,3
20260504-003042,-Orl2SBtI1mHYA9nvK-N,2026-05-04 03:35:06+00:00,1777865706000,11063,27.25762,43.13304,9.96854,75704,True,61.61195,3
20260504-003042,-Orl2UjHdoh64UZoQcXr,2026-05-04 03:35:18+00:00,1777865718000,11075,27.25508,43.1415,9.96857,75910,True,61.7227,3
20260504-003042,-Orl2XfP7X1wDI4Fi_4n,2026-05-04 03:35:30+00:00,1777865730000,11087,27.26016,43.14065,9.96857,75841,True,61.58767,3
20260504-003042,-Orl2_bLH6e4anrWxdKv,2026-05-04 03:35:42+00:00,1777865742000,11099,27.26269,43.11557,9.96892,75841,True,60.60596,3
20260504-003042,-Orl2cYvcWC9ny4C6tlN,2026-05-04 03:35:54+00:00,1777865754000,11111,27.26776,43.10859,9.96885,75772,True,61.5303,3
20260504-003042,-Orl2fShWothV2GrOlz1,2026-05-04 03:36:06+00:00,1777865766000,11123,27.25255,43.12686,9.9688,75567,True,61.57937,3
20260504-003042,-Orl2iQpGOc61CyJPZs0,2026-05-04 03:36:18+00:00,1777865778000,11135,27.25508,43.12948,9.96877,75772,True,61.68624,3
20260504-003042,-Orl2lK3JTlGn3xWbNO2,2026-05-04 03:36:30+00:00,1777865790000,11147,27.26016,43.10604,9.96897,75704,True,60.69806,3
20260504-003042,-Orl2oGJke9W8j4aJE-x,2026-05-04 03:36:42+00:00,1777865802000,11159,27.25762,43.12524,9.96898,75567,True,62.34471,3
20260504-003042,-Orl2rD_dyJwfKoYsSEs,2026-05-04 03:36:54+00:00,1777865814000,11171,27.26269,43.10928,9.96885,75567,True,61.42649,3
20260504-003042,-Orl2u5zklXKJndavnYd,2026-05-04 03:37:06+00:00,1777865826000,11183,27.26016,43.09641,9.96899,75567,True,61.33574,3
20260504-003042,-Orl2x1SxpM0gq14vavU,2026-05-04 03:37:18+00:00,1777865838000,11195,27.26522,43.10424,9.96895,75772,True,60.66126,3
20260504-003042,-Orl2zyjoiQY1X3ExF91,2026-05-04 03:37:30+00:00,1777865850000,11207,27.26269,43.0879,9.96912,76116,True,60.54862,3
20260504-003042,-Orl31u2boygqoN8yMSv,2026-05-04 03:37:42+00:00,1777865862000,11219,27.26016,43.10876,9.96887,75704,True,61.56067,3
20260504-003042,-Orl34ssD31tNJ46moB9,2026-05-04 03:37:54+00:00,1777865874000,11231,27.26016,43.10402,9.96916,75910,True,61.15838,3
20260504-003042,-Orl37kov2jFFXOYJFcP,2026-05-04 03:38:06+00:00,1777865886000,11243,27.26522,43.07273,9.96907,75704,True,61.64661,3
20260504-003042,-Orl3AozUhR3LclU5DGE,2026-05-04 03:38:18+00:00,1777865898000,11255,27.26269,43.07167,9.96904,75567,True,62.15032,3
20260504-003042,-Orl3Dca6dK9gPep03mE,2026-05-04 03:38:30+00:00,1777865910000,11267,27.26269,43.07199,9.96899,75910,True,61.185,3
20260504-003042,-Orl3GYrZRShaZPaXgMF,2026-05-04 03:38:42+00:00,1777865922000,11279,27.26269,43.0806,9.96919,75635,True,61.6314,3
20260504-003042,-Orl3JUksqS7XEirKTcj,2026-05-04 03:38:54+00:00,1777865934000,11291,27.26776,43.08146,9.96929,75772,True,61.0205,3
20260504-003042,-Orl3MP9EC7c2AJiCkup,2026-05-04 03:39:06+00:00,1777865946000,11303,27.26522,43.07588,9.96912,75841,True,60.66975,3
20260504-003042,-Orl3PK_oVXZu9zHMnq6,2026-05-04 03:39:18+00:00,1777865958000,11315,27.26776,43.0737,9.96939,75910,True,60.73019,3
20260504-003042,-Orl3SGKilv4CmmguZsz,2026-05-04 03:39:30+00:00,1777865970000,11327,27.26776,43.07972,9.9692,75772,True,61.66092,3
20260504-003042,-Orl3VBGRCqynMGXCp1c,2026-05-04 03:39:42+00:00,1777865982000,11339,27.26776,43.07771,9.96932,75567,True,61.92552,3
20260504-003042,-Orl3Y7nYAaO8nvauFCK,2026-05-04 03:39:54+00:00,1777865994000,11351,27.2703,43.06549,9.96929,75567,True,61.93369,3
20260504-003042,-Orl3a2X8kkUHqPleEuP,2026-05-04 03:40:06+00:00,1777866006000,11363,27.26776,43.04477,9.96923,75567,True,61.66056,3
20260504-003042,-Orl3d-0CtylyUsI7nnK,2026-05-04 03:40:18+00:00,1777866018000,11375,27.26522,43.06934,9.96921,75841,True,60.64537,3
20260504-003042,-Orl3fvRVdT01MoJBrVI,2026-05-04 03:40:30+00:00,1777866030000,11387,27.26522,43.07022,9.96924,76255,True,60.44529,3
20260504-003042,-Orl3irElnJwfJGe5Om2,2026-05-04 03:40:42+00:00,1777866042000,11399,27.27283,43.04934,9.96947,75772,True,61.07604,3
20260504-003042,-Orl3loG4aUXQQDE339R,2026-05-04 03:40:54+00:00,1777866054000,11411,27.27283,43.05867,9.96951,76394,True,59.43942,3
20260504-003042,-Orl3ohn06TerNwQZWGc,2026-05-04 03:41:06+00:00,1777866066000,11423,27.26269,43.08535,9.96927,75704,True,60.66395,3
20260504-003042,-Orl3rcswUlNDtqdcz9w,2026-05-04 03:41:18+00:00,1777866078000,11435,27.26776,43.06023,9.96951,75841,True,60.1946,3
20260504-003042,-Orl3urgnxyCnVrMtAu_,2026-05-04 03:41:30+00:00,1777866090000,11447,27.26776,43.07975,9.96936,76047,True,59.77024,3
20260504-003042,-Orl3xVWaaPvo_Tc5iHx,2026-05-04 03:41:42+00:00,1777866102000,11459,27.26776,43.07735,9.96946,75704,True,60.92643,3
20260504-003042,-Orl4-Ps88iIpxJ6YT_C,2026-05-04 03:41:54+00:00,1777866114000,11471,27.26776,43.07972,9.96951,75910,True,60.47775,3
20260504-003042,-Orl42MkloscKY42zhSQ,2026-05-04 03:42:06+00:00,1777866126000,11483,27.26776,43.0768,9.96936,75841,True,60.69006,3
20260504-003042,-Orl45HMNkq0BdNelUvN,2026-05-04 03:42:18+00:00,1777866138000,11495,27.2703,43.08448,9.96971,76047,True,60.49964,3
20260504-003042,-Orl48CuC6HzTKbpPDNl,2026-05-04 03:42:30+00:00,1777866150000,11507,27.26776,43.07376,9.96937,75978,True,60.37218,3
20260504-003042,-Orl4B7yTCjgd_oOhZSK,2026-05-04 03:42:42+00:00,1777866162000,11519,27.26776,43.09166,9.96958,75635,True,60.42381,3
20260504-003042,-Orl4E4YUpJT23aEKQia,2026-05-04 03:42:54+00:00,1777866174000,11531,27.26522,43.09071,9.96959,76255,True,59.0636,3
20260504-003042,-Orl4H-lBF3f-vtVA-xd,2026-05-04 03:43:06+00:00,1777866186000,11543,27.27283,43.05043,9.96951,75910,True,59.44114,3
20260504-003042,-Orl4JwWsWuI4WKim5yW,2026-05-04 03:43:18+00:00,1777866198000,11555,27.27283,43.04717,9.96961,76047,True,59.67234,3
20260504-003042,-Orl4MrEbw6ACKTSvb2A,2026-05-04 03:43:30+00:00,1777866210000,11567,27.2703,43.06558,9.96971,76464,True,58.74932,3
20260504-003042,-Orl4PnzdSPuH3m4kbH1,2026-05-04 03:43:42+00:00,1777866222000,11579,27.26522,43.06274,9.96968,75910,True,59.57983,3
20260504-003042,-Orl4Sifi8zs8QCEMJml,2026-05-04 03:43:54+00:00,1777866234000,11591,27.26776,43.08088,9.96957,76186,True,59.19733,3
20260504-003042,-Orl4VdMIa1aSVYlZmCy,2026-05-04 03:44:06+00:00,1777866246000,11603,27.26776,43.08828,9.96967,75841,True,59.77235,3
20260504-003042,-Orl4Ya053UoydpKyeIE,2026-05-04 03:44:18+00:00,1777866258000,11615,27.26776,43.08249,9.96958,75910,True,59.64362,3
20260504-003042,-Orl4aWBauMKhwuhWli0,2026-05-04 03:44:30+00:00,1777866270000,11627,27.26776,43.10287,9.96978,75772,True,59.9317,3
20260504-003042,-Orl4dZdHbjddB7m5enl,2026-05-04 03:44:42+00:00,1777866282000,11639,27.2703,43.07547,9.96976,76186,True,59.06406,3
20260504-003042,-Orl4gNmas9LXxMzZ3r3,2026-05-04 03:44:54+00:00,1777866294000,11651,27.26776,43.06952,9.96971,76116,True,59.24777,3
20260504-003042,-Orl4jIPU0VdvhY_eBtw,2026-05-04 03:45:06+00:00,1777866306000,11663,27.27283,43.07472,9.96991,75910,True,60.06677,3
20260504-003042,-Orl4mESoIFcpVDX8yZt,2026-05-04 03:45:18+00:00,1777866318000,11675,27.26776,43.06948,9.96957,75841,True,60.52112,3
20260504-003042,-Orl4pB9VqS6dWA0ZXGN,2026-05-04 03:45:30+00:00,1777866330000,11687,27.2703,43.04997,9.96982,76464,True,59.05642,3
20260504-003042,-Orl4s7DNX_v4ryMK_8A,2026-05-04 03:45:42+00:00,1777866342000,11699,27.27283,43.06185,9.96986,76186,True,57.91751,3
20260504-003042,-Orl4v1ZQinh6Icb1XcS,2026-05-04 03:45:54+00:00,1777866354000,11711,27.26522,43.07322,9.96956,76116,True,59.12173,3
20260504-003042,-Orl4xwUfhpmBbo-fQ54,2026-05-04 03:46:06+00:00,1777866366000,11723,27.26776,43.09433,9.9698,76325,True,58.79825,3
20260504-003042,-Orl5-tPKLKdfhHncvGw,2026-05-04 03:46:18+00:00,1777866378000,11735,27.27283,43.09019,9.96982,76394,True,57.5394,3
20260504-003042,-Orl52nzkB553kQaCHCw,2026-05-04 03:46:30+00:00,1777866390000,11747,27.27283,43.0764,9.96972,75841,True,58.99686,3
20260504-003042,-Orl55ivxAWsoBJjFnx1,2026-05-04 03:46:42+00:00,1777866402000,11759,27.2779,43.08119,9.96983,76255,True,58.63191,3
20260504-003042,-Orl58fp6bT9iQlTKu9R,2026-05-04 03:46:54+00:00,1777866414000,11771,27.27283,43.07211,9.96966,76186,True,57.96575,3
20260504-003042,-Orl5B_mXFeWAmU1Jo3i,2026-05-04 03:47:06+00:00,1777866426000,11783,27.27283,43.09448,9.96984,76186,True,58.69317,3
20260504-003042,-Orl5EW4Nr4WMh6vkxEy,2026-05-04 03:47:18+00:00,1777866438000,11795,27.27537,43.08606,9.96988,76534,True,58.67403,3
20260504-003042,-Orl5HSZh-uAseUoebBL,2026-05-04 03:47:30+00:00,1777866450000,11807,27.2779,43.0867,9.97006,76394,True,57.8353,3
20260504-003042,-Orl5KNp9yglFZK0MWYa,2026-05-04 03:47:42+00:00,1777866462000,11819,27.27283,43.08826,9.9697,76116,True,58.15616,3
20260504-003042,-Orl5Nhn4-eulxxParrH,2026-05-04 03:47:54+00:00,1777866474000,11831,27.28298,43.07036,9.96998,76394,True,57.96111,3
20260504-003042,-Orl5QGbhEsphJjpJzfk,2026-05-04 03:48:06+00:00,1777866486000,11843,27.27537,43.06936,9.96979,76255,True,58.62729,3
20260504-003042,-Orl5TB-CQJqPnWoir1z,2026-05-04 03:48:18+00:00,1777866498000,11855,27.27537,43.07871,9.96986,75841,True,59.15018,3
20260504-003042,-Orl5W5z-Tw6NgvbaI_b,2026-05-04 03:48:30+00:00,1777866510000,11867,27.2779,43.06456,9.9699,76464,True,57.8191,3
20260504-003042,-Orl5Z1W6UbnknWnES3m,2026-05-04 03:48:42+00:00,1777866522000,11879,27.2703,43.08429,9.96966,76255,True,58.28123,3
20260504-003042,-Orl5ayN-qN5uQp15CIw,2026-05-04 03:48:54+00:00,1777866534000,11891,27.28044,43.05151,9.96998,76604,True,56.73177,3
20260504-003042,-Orl5dtCEIXQlbV5gukm,2026-05-04 03:49:06+00:00,1777866546000,11903,27.2779,43.05128,9.96985,76534,True,56.3558,3
20260504-003042,-Orl5goZCkzOAt_77kyC,2026-05-04 03:49:18+00:00,1777866558000,11915,27.2779,43.06585,9.96978,76047,True,58.18194,3
20260504-003042,-Orl5jjaPjIJvmQb8JFZ,2026-05-04 03:49:30+00:00,1777866570000,11927,27.2779,43.07229,9.96982,76255,True,57.63214,3
20260504-003042,-Orl5mmRA-eAQtxcMAP7,2026-05-04 03:49:42+00:00,1777866582000,11939,27.26776,43.0923,9.96955,76325,True,58.56684,3
20260504-003042,-Orl5pcn6vs1pYNXs151,2026-05-04 03:49:54+00:00,1777866594000,11951,27.27283,43.09062,9.96951,76255,True,57.55706,3
20260504-003042,-Orl5sXR4WRmxNou49Eu,2026-05-04 03:50:06+00:00,1777866606000,11963,27.28044,43.08436,9.96966,76325,True,58.07648,3
20260504-003042,-Orl5vTg3Wh7XimeKx2V,2026-05-04 03:50:18+00:00,1777866618000,11975,27.2779,43.0792,9.96971,76534,True,57.97388,3
20260504-003042,-Orl5yP5oSbizKDqp5pT,2026-05-04 03:50:30+00:00,1777866630000,11987,27.27537,43.08647,9.96956,76464,True,57.48453,3
20260504-003042,-Orl60L8pluhot157FDM,2026-05-04 03:50:42+00:00,1777866642000,11999,27.2779,43.06843,9.96959,76956,True,56.64317,3
20260504-003042,-Orl63GPLmhfot2G4YX5,2026-05-04 03:50:54+00:00,1777866654000,12011,27.28044,43.07223,9.96958,76325,True,57.77271,3
20260504-003042,-Orl66NJ6t3HYcrMmkwS,2026-05-04 03:51:06+00:00,1777866666000,12023,27.27537,43.07071,9.96951,76325,True,58.14776,3
20260504-003042,-Orl696Hkzc1W0xZITcc,2026-05-04 03:51:18+00:00,1777866678000,12035,27.2779,43.06884,9.96941,76325,True,58.09803,3
20260504-003042,-Orl6C2Qste-mdIze0Zi,2026-05-04 03:51:30+00:00,1777866690000,12047,27.28298,43.04513,9.96956,76255,True,57.62282,3
20260504-003042,-Orl6Ez6HBw-NbXbjma8,2026-05-04 03:51:42+00:00,1777866702000,12059,27.28044,43.06433,9.96945,76394,True,57.12645,3
20260504-003042,-Orl6Hvhc9HIo--mZV8E,2026-05-04 03:51:54+00:00,1777866714000,12071,27.28298,43.03004,9.96946,76394,True,56.99955,3
20260504-003042,-Orl6KpcFIzb3QO2R9NH,2026-05-04 03:52:06+00:00,1777866726000,12083,27.2779,43.05194,9.96946,76956,True,55.87145,3
20260504-003042,-Orl6NkveSLtscZFZ8jl,2026-05-04 03:52:18+00:00,1777866738000,12095,27.28298,43.03527,9.96972,76255,True,56.93196,3
20260504-003042,-Orl6Qh8DrEY630RHL7Z,2026-05-04 03:52:30+00:00,1777866750000,12107,27.28044,43.06071,9.96943,76674,True,57.44768,3
20260504-003042,-Orl6TctxDTdUDcAI0VP,2026-05-04 03:52:42+00:00,1777866762000,12119,27.28044,43.07128,9.96945,75910,True,58.61927,3
20260504-003042,-Orl6WaeDNTF9u_kkNny,2026-05-04 03:52:54+00:00,1777866774000,12131,27.28298,43.048,9.96939,76255,True,57.61632,3
20260504-003042,-Orl6ZTdBKDdzxABH-b7,2026-05-04 03:53:06+00:00,1777866786000,12143,27.28551,43.04541,9.96962,76534,True,57.25449,3
20260504-003042,-Orl6bPR7OmxNd7tqneS,2026-05-04 03:53:18+00:00,1777866798000,12155,27.27537,43.07799,9.96932,76186,True,58.12405,3
20260504-003042,-Orl6eKoUuie_LGK_fQ6,2026-05-04 03:53:30+00:00,1777866810000,12167,27.28298,43.06241,9.96953,75841,True,58.85986,3
20260504-003042,-Orl6hH5DmY-0X4gelWH,2026-05-04 03:53:42+00:00,1777866822000,12179,27.28298,43.07198,9.96961,76394,True,57.13809,3
20260504-003042,-Orl6kCbqO9-A3dkRoV0,2026-05-04 03:53:54+00:00,1777866834000,12191,27.28298,43.07401,9.96949,76534,True,57.33073,3
20260504-003042,-Orl6n7tSiTu5iLyOPk4,2026-05-04 03:54:06+00:00,1777866846000,12203,27.28805,43.0576,9.96947,76394,True,56.54077,3
20260504-003042,-Orl6r0TpRV2RIVAOH1b,2026-05-04 03:54:18+00:00,1777866858000,12215,27.2779,43.0669,9.96925,76674,True,56.58718,3
20260504-003042,-Orl6sWa_OSO4VZz_j_p,2026-05-04 03:54:28+00:00,1777866868000,12225,27.20691,43.51925,9.96926,68575,True,72.20732,3
20260504-003042,-Orl6vTHoD-SHEm2CPFG,2026-05-04 03:54:40+00:00,1777866880000,12237,27.2779,43.10773,9.9695,73965,True,76.71149,3
20260504-003042,-Orl6yNxfo6NpxtOoTkb,2026-05-04 03:54:52+00:00,1777866892000,12249,27.28044,43.06869,9.96933,75160,True,68.63719,3
20260504-003042,-Orl70J-b7HCKVVboS1f,2026-05-04 03:55:04+00:00,1777866904000,12261,27.27537,43.05092,9.96946,75772,True,63.47604,3
20260504-003042,-Orl73F0SmjaRnBnnF5v,2026-05-04 03:55:16+00:00,1777866916000,12273,27.2779,43.05515,9.96934,76394,True,59.79159,3
20260504-003042,-Orl769tIR8aP2-Gyga2,2026-05-04 03:55:28+00:00,1777866928000,12285,27.28551,43.04694,9.96937,76047,True,59.48206,3
20260504-003042,-Orl796O6MEaSg3WCM48,2026-05-04 03:55:40+00:00,1777866940000,12297,27.28298,43.07201,9.96963,76394,True,58.64559,3
20260504-003042,-Orl7C2VBNQRAvXXsz3X,2026-05-04 03:55:52+00:00,1777866952000,12309,27.28551,43.06887,9.96946,76255,True,57.90755,3
20260504-003042,-Orl7ExDuKcyUheiohJN,2026-05-04 03:56:04+00:00,1777866964000,12321,27.28551,43.06889,9.96946,76047,True,58.56748,3
20260504-003042,-Orl7HundKdKihONGIcl,2026-05-04 03:56:16+00:00,1777866976000,12333,27.28805,43.05016,9.96957,76534,True,56.86917,3
20260504-003042,-Orl7KoDN0FRRpedFBWF,2026-05-04 03:56:28+00:00,1777866988000,12345,27.28551,43.06147,9.96953,76534,True,57.36578,3
20260504-003042,-Orl7Nkhn9tKZW6-lWSJ,2026-05-04 03:56:40+00:00,1777867000000,12357,27.28298,43.07312,9.96932,76255,True,57.54927,3
20260504-003042,-Orl7QfwR5kVuqf5Z-L-,2026-05-04 03:56:52+00:00,1777867012000,12369,27.28551,43.07598,9.96948,76394,True,56.8591,3
20260504-003042,-Orl7TapawSq__qGYTKD,2026-05-04 03:57:04+00:00,1777867024000,12381,27.28298,43.06979,9.96965,76464,True,57.87376,3
20260504-003042,-Orl7WXojRYRq653Gmzo,2026-05-04 03:57:16+00:00,1777867036000,12393,27.28805,43.06359,9.96964,75978,True,58.46807,3
20260504-003042,-Orl7ZZM-xBGOCtcCLjG,2026-05-04 03:57:28+00:00,1777867048000,12405,27.28551,43.08022,9.96943,76604,True,56.38166,3
20260504-003042,-Orl7bPk386R8YHfGZ4l,2026-05-04 03:57:40+00:00,1777867060000,12417,27.28551,43.05613,9.96957,76534,True,55.62369,3
20260504-003042,-Orl7eKUQItmXMUfGccF,2026-05-04 03:57:52+00:00,1777867072000,12429,27.29058,43.04527,9.96951,76534,True,56.06485,3
20260504-003042,-Orl7hG6i_2QMaResAuA,2026-05-04 03:58:04+00:00,1777867084000,12441,27.29058,43.05215,9.96965,76534,True,55.82687,3
20260504-003042,-Orl7kCFDmht6PAr0O4g,2026-05-04 03:58:16+00:00,1777867096000,12453,27.29312,43.0482,9.96962,76674,True,56.2481,3
20260504-003042,-Orl7n6Y5nk_40BgA-Mk,2026-05-04 03:58:28+00:00,1777867108000,12465,27.28805,43.06821,9.96957,76394,True,56.47073,3
20260504-003042,-Orl7q2VvHEP5hvYMwwF,2026-05-04 03:58:40+00:00,1777867120000,12477,27.28805,43.05479,9.96964,76604,True,56.48113,3
20260504-003042,-Orl7syx2OUkuY2XfrZC,2026-05-04 03:58:52+00:00,1777867132000,12489,27.28805,43.05831,9.96956,76534,True,56.29829,3
20260504-003042,-Orl7vuC9Ip3I_r4vlq-,2026-05-04 03:59:04+00:00,1777867144000,12501,27.28805,43.04673,9.96971,76464,True,56.0908,3
20260504-003042,-Orl7yq1WyAsUdVmz8VE,2026-05-04 03:59:16+00:00,1777867156000,12513,27.29058,43.05397,9.96968,76394,True,56.99535,3
20260504-003042,-Orl80l9gjGeWVU2qX6k,2026-05-04 03:59:28+00:00,1777867168000,12525,27.28805,43.03597,9.96973,76534,True,56.71408,3
20260504-003042,-Orl83iSVxU40FyDQZP-,2026-05-04 03:59:40+00:00,1777867180000,12537,27.29058,43.0415,9.96977,76255,True,57.20011,3
20260504-003042,-Orl86bnz7qaVMO8CA94,2026-05-04 03:59:52+00:00,1777867192000,12549,27.28805,43.06645,9.96971,76464,True,56.32059,3
20260504-003042,-Orl89YbbLmR_ACTfZ9x,2026-05-04 04:00:04+00:00,1777867204000,12561,27.29058,43.02948,9.9697,76255,True,56.70673,3
20260504-003042,-Orl8CUJ5tDzzg6cQmfj,2026-05-04 04:00:16+00:00,1777867216000,12573,27.29058,43.02567,9.96968,76744,True,56.9574,3
20260504-003042,-Orl8FPn2w1S90vDJ_c6,2026-05-04 04:00:28+00:00,1777867228000,12585,27.29312,43.0397,9.96969,76394,True,57.43026,3
20260504-003042,-Orl8IZsPlA5Ak4Xce63,2026-05-04 04:00:40+00:00,1777867240000,12597,27.29312,43.03029,9.96985,76674,True,56.35128,3
20260504-003042,-Orl8LHdeoC05LKxNUWL,2026-05-04 04:00:52+00:00,1777867252000,12609,27.29565,43.04782,9.9697,76325,True,56.90401,3
20260504-003042,-Orl8OBxMdfPdgXqI1SA,2026-05-04 04:01:04+00:00,1777867264000,12621,27.3058,43.01697,9.96991,76325,True,57.08742,3
20260504-003042,-Orl8R8AeaaJlp_7HiJc,2026-05-04 04:01:16+00:00,1777867276000,12633,27.29312,43.03872,9.96981,76604,True,56.59621,3
20260504-003042,-Orl8U321uodf3Wy-2zN,2026-05-04 04:01:28+00:00,1777867288000,12645,27.29312,43.02818,9.96993,76394,True,57.11099,3
20260504-003042,-Orl8X-AX13IWLrtzgq8,2026-05-04 04:01:40+00:00,1777867300000,12657,27.29819,43.01899,9.96979,76534,True,56.90731,3
20260504-003042,-Orl8ZuuTkreXzn-p5o3,2026-05-04 04:01:52+00:00,1777867312000,12669,27.29565,43.01418,9.96975,76464,True,56.57426,3
20260504-003042,-Orl8br-hmgelasv5vUx,2026-05-04 04:02:04+00:00,1777867324000,12681,27.29819,43.0354,9.96989,76255,True,56.73411,3
20260504-003042,-Orl8emlbkRW3KuG46gn,2026-05-04 04:02:16+00:00,1777867336000,12693,27.29565,43.03804,9.96982,75841,True,57.57572,3
20260504-003042,-Orl8hhRBK8gwCWN9P9H,2026-05-04 04:02:28+00:00,1777867348000,12705,27.29565,43.0356,9.96994,76534,True,56.53771,3
20260504-003042,-Orl8kdM1Eq99EsIbODf,2026-05-04 04:02:40+00:00,1777867360000,12717,27.29058,43.0462,9.96975,76255,True,57.32117,3
20260504-003042,-Orl8nZVMZTau3T4NC25,2026-05-04 04:02:52+00:00,1777867372000,12729,27.29565,43.04332,9.96978,76674,True,56.19373,3
20260504-003042,-Orl8qUpy8XimsvJVA_T,2026-05-04 04:03:04+00:00,1777867384000,12741,27.29058,43.04306,9.96974,76394,True,56.3934,3
20260504-003042,-Orl8tQcmTHoNsp1FwN1,2026-05-04 04:03:16+00:00,1777867396000,12753,27.29819,43.03143,9.96977,76464,True,56.73912,3
20260504-003042,-Orl8wMetEoUM7N8e6VZ,2026-05-04 04:03:28+00:00,1777867408000,12765,27.29819,43.01486,9.96981,76534,True,56.55876,3
20260504-003042,-Orl8zHcrLzetxtH2n54,2026-05-04 04:03:40+00:00,1777867420000,12777,27.30073,43.01976,9.96977,77027,True,54.95674,3
20260504-003042,-Orl91IybMKJ4qgb5CJG,2026-05-04 04:03:52+00:00,1777867432000,12789,27.30326,43.02266,9.96992,76464,True,56.44367,3
20260504-003042,-Orl948B7-hAMYqn9eEO,2026-05-04 04:04:04+00:00,1777867444000,12801,27.3058,43.0041,9.97007,76744,True,55.98112,3
20260504-003042,-Orl974YsEI0SNM8lnWs,2026-05-04 04:04:16+00:00,1777867456000,12813,27.30833,43.01164,9.96997,76604,True,56.38646,3
20260504-003042,-Orl9A-BzOn17pXwWx7R,2026-05-04 04:04:28+00:00,1777867468000,12825,27.30073,43.01904,9.96972,76534,True,55.81998,3
20260504-003042,-Orl9Cw60Cntx0aXYHgm,2026-05-04 04:04:40+00:00,1777867480000,12837,27.30326,43.01587,9.96976,76534,True,56.12766,3
20260504-003042,-Orl9Frt9m7muS7-ykjs,2026-05-04 04:04:52+00:00,1777867492000,12849,27.29312,43.02039,9.96974,76885,True,55.87043,3
20260504-003042,-Orl9Inq_r_Jw5A91qJH,2026-05-04 04:05:04+00:00,1777867504000,12861,27.29565,43.02785,9.96976,76956,True,54.80212,3
20260504-003042,-Orl9Lj96Z5mRxz4NkQl,2026-05-04 04:05:16+00:00,1777867516000,12873,27.3058,43.00991,9.97003,76744,True,55.22018,3
20260504-003042,-Orl9Oen9aShjlVyAvcY,2026-05-04 04:05:28+00:00,1777867528000,12885,27.30073,43.01028,9.96979,76604,True,56.64573,3
20260504-003042,-Orl9R_a0_lj9p9ZCN0U,2026-05-04 04:05:40+00:00,1777867540000,12897,27.29819,43.01194,9.96989,76534,True,55.64869,3
20260504-003042,-Orl9UYE5bN_sS9Wzv_7,2026-05-04 04:05:52+00:00,1777867552000,12909,27.3058,43.00048,9.96998,76744,True,55.77755,3
20260504-003042,-Orl9XRYoiOhixkWrqo9,2026-05-04 04:06:04+00:00,1777867564000,12921,27.30326,43.0138,9.97003,76186,True,57.0726,3
20260504-003042,-Orl9_NST_aizWOzkyPj,2026-05-04 04:06:16+00:00,1777867576000,12933,27.31087,43.01034,9.97011,76674,True,55.30189,3
20260504-003042,-Orl9cKGNwXhUX3W29Al,2026-05-04 04:06:28+00:00,1777867588000,12945,27.29819,43.03516,9.96989,76325,True,56.87118,3
20260504-003042,-Orl9fG4UjqCkEdw5yiq,2026-05-04 04:06:40+00:00,1777867600000,12957,27.30073,43.01276,9.96995,76815,True,55.93154,3
20260504-003042,-Orl9i9SMC4hP_MhLfC-,2026-05-04 04:06:52+00:00,1777867612000,12969,27.3058,43.01855,9.97015,76325,True,56.71658,3
20260504-003042,-Orl9lEc6JDNTSR2JzXE,2026-05-04 04:07:04+00:00,1777867624000,12981,27.30073,43.03336,9.96981,76394,True,56.77654,3
20260504-003042,-Orl9o1Caz-FeRVxUW4-,2026-05-04 04:07:16+00:00,1777867636000,12993,27.29312,43.03132,9.96992,77027,True,55.01318,3
20260504-003042,-Orl9qx2iEF7sgwLsIJA,2026-05-04 04:07:28+00:00,1777867648000,13005,27.30833,43.01056,9.97027,76815,True,55.32283,3
20260504-003042,-Orl9tsuIhH5JBytUDWI,2026-05-04 04:07:40+00:00,1777867660000,13017,27.30073,43.03766,9.97014,77169,True,54.34549,3
20260504-003042,-Orl9wo3MscQGAwFhEJ5,2026-05-04 04:07:52+00:00,1777867672000,13029,27.3058,43.00779,9.97019,76956,True,54.99248,3
20260504-003042,-Orl9zjcb_lZOPICE1jl,2026-05-04 04:08:04+00:00,1777867684000,13041,27.30326,43.01981,9.97025,76394,True,56.54675,3
20260504-003042,-OrlA1fsJoogbXoxvi4f,2026-05-04 04:08:16+00:00,1777867696000,13053,27.3058,43.01772,9.97005,76815,True,55.83337,3
20260504-003042,-OrlA4bH5-aq3ulXUsPf,2026-05-04 04:08:28+00:00,1777867708000,13065,27.30326,43.03362,9.97043,76956,True,55.07331,3
20260504-003042,-OrlA7YRf96X_C8fnYvN,2026-05-04 04:08:40+00:00,1777867720000,13077,27.30326,43.04219,9.97017,77097,True,54.63389,3
20260504-003042,-OrlAATfqVEPfFMHIINY,2026-05-04 04:08:52+00:00,1777867732000,13089,27.30326,43.04546,9.97045,76464,True,55.67603,3
20260504-003042,-OrlADNxjs4xcP667a9P,2026-05-04 04:09:04+00:00,1777867744000,13101,27.31087,43.01608,9.97062,76534,True,56.01997,3
20260504-003042,-OrlAGJjy8jXPFOn2hJj,2026-05-04 04:09:16+00:00,1777867756000,13113,27.30073,43.03597,9.97057,76744,True,55.50924,3
20260504-003042,-OrlAJEinhqgRi2kkYrR,2026-05-04 04:09:28+00:00,1777867768000,13125,27.29312,43.05362,9.97037,77169,True,54.91394,3
20260504-003042,-OrlAMAIxZbMIo8_q_0M,2026-05-04 04:09:40+00:00,1777867780000,13137,27.30326,43.00463,9.97054,76674,True,56.07701,3
20260504-003042,-OrlAP5vMbss6Uq2q5J2,2026-05-04 04:09:52+00:00,1777867792000,13149,27.30326,43.00319,9.97068,76604,True,55.56962,3
20260504-003042,-OrlAS1YsmbT6_jugtdE,2026-05-04 04:10:04+00:00,1777867804000,13161,27.29819,43.0139,9.97067,76815,True,55.68619,3
20260504-003042,-OrlAVHm8iT8h0MdCi-w,2026-05-04 04:10:16+00:00,1777867816000,13173,27.3058,43.03864,9.97091,76534,True,56.34452,3
20260504-003042,-OrlAXt3b4jbc6e-4d_6,2026-05-04 04:10:28+00:00,1777867828000,13185,27.30833,43.01222,9.97093,76885,True,55.36446,3
20260504-003042,-OrlA_pCY7iUiHH_U279,2026-05-04 04:10:40+00:00,1777867840000,13197,27.30326,43.02402,9.97092,76604,True,56.029,3
20260504-003042,-OrlAckWdXwJ6nDiBtjW,2026-05-04 04:10:52+00:00,1777867852000,13209,27.30833,43.02953,9.97114,76534,True,55.95695,3
20260504-003042,-OrlAfgal2E2MCPgkm_i,2026-05-04 04:11:04+00:00,1777867864000,13221,27.31087,43.02319,9.97124,76604,True,55.3894,3
20260504-003042,-OrlAibbqIZUvvi-V2aO,2026-05-04 04:11:16+00:00,1777867876000,13233,27.31087,43.01733,9.97113,76956,True,54.22444,3
20260504-003042,-OrlAlXfT9ottBVntPQf,2026-05-04 04:11:28+00:00,1777867888000,13245,27.3134,43.00929,9.97131,76744,True,54.4437,3
20260504-003042,-OrlAoTisj2IJG6BScMr,2026-05-04 04:11:40+00:00,1777867900000,13257,27.31087,43.00806,9.97117,76464,True,55.76119,3
20260504-003042,-OrlArRE0etaWrc5nWYY,2026-05-04 04:11:52+00:00,1777867912000,13269,27.30326,43.02718,9.97108,76534,True,54.91431,3
20260504-003042,-OrlAuKqgMxhEvTlvynN,2026-05-04 04:12:04+00:00,1777867924000,13281,27.3058,43.0031,9.9713,76956,True,55.02031,3
20260504-003042,-OrlAxGuCXSsfHZZKp5N,2026-05-04 04:12:16+00:00,1777867936000,13293,27.3134,42.99069,9.97149,77027,True,54.95717,3
20260504-003042,-OrlB-BsbkVFyM-L4p0F,2026-05-04 04:12:28+00:00,1777867948000,13305,27.3058,43.01248,9.97126,77097,True,54.43961,3
20260504-003042,-OrlB29_9JjzhuM4z8kR,2026-05-04 04:12:40+00:00,1777867960000,13317,27.31594,42.99957,9.97169,76394,True,56.24183,3
20260504-003042,-OrlB5279FKcmHtjTQYx,2026-05-04 04:12:52+00:00,1777867972000,13329,27.30833,43.01397,9.9715,76604,True,56.21328,3
20260504-003042,-OrlB7yi0yeTWkprrAwZ,2026-05-04 04:13:04+00:00,1777867984000,13341,27.30833,43.00528,9.97151,76674,True,55.76816,3
20260504-003042,-OrlBAulbK6thn8hqHc4,2026-05-04 04:13:16+00:00,1777867996000,13353,27.31087,43.01859,9.97154,77097,True,54.05681,3
20260504-003042,-OrlBE1Acw2b6C1rBy_D,2026-05-04 04:13:28+00:00,1777868008000,13365,27.3134,43.04383,9.97163,76744,True,54.8005,3
20260504-003042,-OrlBGmctdbnRj7cTsl-,2026-05-04 04:13:40+00:00,1777868020000,13377,27.30833,43.15009,9.97146,76604,True,54.72763,3
20260504-003042,-OrlBJgvufCs9nF_pP1X,2026-05-04 04:13:52+00:00,1777868032000,13389,27.29058,43.1735,9.97153,76956,True,54.67706,3
20260504-003042,-OrlBMeuyb4C9CtKIUOO,2026-05-04 04:14:04+00:00,1777868044000,13401,27.29058,43.14932,9.97153,76956,True,53.40989,3
20260504-003042,-OrlBPZ4K60WbCT7ETp7,2026-05-04 04:14:16+00:00,1777868056000,13413,27.28551,43.21624,9.97155,76674,True,54.74527,3
20260504-003042,-OrlBSURpIb6cSiIcViN,2026-05-04 04:14:28+00:00,1777868068000,13425,27.28805,43.24831,9.97168,76325,True,56.13885,3
20260504-003042,-OrlBVQyblRh6GLfTFIT,2026-05-04 04:14:40+00:00,1777868080000,13437,27.28551,43.31463,9.97162,76255,True,56.00574,3
20260504-003042,-OrlBYLR0YPsnN74OGPH,2026-05-04 04:14:52+00:00,1777868092000,13449,27.29819,43.33111,9.97174,76534,True,55.74068,3
20260504-003042,-OrlBaGk1_YQUDmdB0fz,2026-05-04 04:15:04+00:00,1777868104000,13461,27.30833,43.35219,9.9719,75978,True,57.41561,3
20260504-003042,-OrlBdCEIKdKwFdeZWKO,2026-05-04 04:15:16+00:00,1777868116000,13473,27.3134,43.46092,9.97182,75978,True,56.80249,3
20260504-003042,-OrlBg8L84poJ9IucRi3,2026-05-04 04:15:28+00:00,1777868128000,13485,27.31594,43.81599,9.97207,75431,True,58.90702,3
20260504-003042,-OrlBj3RnssDGkMcG5VZ,2026-05-04 04:15:40+00:00,1777868140000,13497,27.30833,45.77921,9.97197,73062,True,66.73717,3
20260504-003042,-OrlBm-3_VY-Gw6qiJ3e,2026-05-04 04:15:52+00:00,1777868152000,13509,27.3134,46.26994,9.97196,72243,True,71.71284,3
20260504-003042,-OrlBov1K-M8tHhOkctH,2026-05-04 04:16:04+00:00,1777868164000,13521,27.32354,45.39171,9.97214,73062,True,69.40877,3
20260504-003042,-OrlBrrVMI8aJdRQTQkz,2026-05-04 04:16:16+00:00,1777868176000,13533,27.32354,45.18135,9.97222,73190,True,67.11321,3
20260504-003042,-OrlBumQTs29_Vkk454W,2026-05-04 04:16:28+00:00,1777868188000,13545,27.32101,45.1057,9.972,73190,True,65.31331,3
20260504-003042,-OrlBxovvAmj_OUhfllA,2026-05-04 04:16:40+00:00,1777868200000,13557,27.32608,45.06059,9.97204,73062,True,64.92319,3
20260504-003042,-OrlC-dEpa1W4NplnlE-,2026-05-04 04:16:52+00:00,1777868212000,13569,27.32862,45.20228,9.97221,73062,True,64.94096,3
20260504-003042,-OrlC2ZtAg-p-g8kc4Mp,2026-05-04 04:17:04+00:00,1777868224000,13581,27.33622,45.46742,9.97205,72618,True,66.72256,3
20260504-003042,-OrlC5X62z1aP_CxsHoh,2026-05-04 04:17:16+00:00,1777868236000,13593,27.34636,45.92859,9.97235,72118,True,67.26914,3
20260504-003042,-OrlC8Qhl2w5nYVB35vc,2026-05-04 04:17:28+00:00,1777868248000,13605,27.3489,46.16563,9.9722,71502,True,70.45953,3
20260504-003042,-OrlCBMOlyUDSfWIssmi,2026-05-04 04:17:40+00:00,1777868260000,13617,27.35905,46.37491,9.97208,71259,True,71.66917,3
20260504-003042,-OrlCEHaeRRo-09vf2Gt,2026-05-04 04:17:52+00:00,1777868272000,13629,27.37172,46.89113,9.97229,70598,True,73.54144,3
20260504-003042,-OrlCHDG_ppVfUePD2JR,2026-05-04 04:18:04+00:00,1777868284000,13641,27.37679,47.62783,9.97232,69428,True,77.60164,3
20260504-003042,-OrlCK8eOH31-yM4tY8I,2026-05-04 04:18:16+00:00,1777868296000,13653,27.37679,48.22416,9.97195,68631,True,79.99268,3
20260504-003042,-OrlCN4jJsU8-9jgJiQb,2026-05-04 04:18:28+00:00,1777868308000,13665,27.39454,49.10172,9.97238,67038,True,85.45865,3
20260504-003042,-OrlCQ167fQKGUlMdku1,2026-05-04 04:18:40+00:00,1777868320000,13677,27.39961,50.42461,9.9723,65620,True,92.2628,3
20260504-003042,-OrlCSwQPY1SLmuZKUBz,2026-05-04 04:18:52+00:00,1777868332000,13689,27.40468,51.92289,9.97233,64064,True,98.67527,3
20260504-003042,-OrlCVrvtVuCAkzFho9u,2026-05-04 04:19:04+00:00,1777868344000,13701,27.42243,53.47476,9.97265,62208,True,105.65672,3
20260504-003042,-OrlCYoeRXw-YH_WVJx5,2026-05-04 04:19:16+00:00,1777868356000,13713,27.43258,54.4561,9.97263,61208,True,109.71387,3
20260504-003042,-OrlCap-aAHRjB1k2kgl,2026-05-04 04:19:28+00:00,1777868368000,13725,27.44272,55.37091,9.97269,60500,True,110.50941,3
20260504-003042,-OrlCdei5GodUKwOmY8X,2026-05-04 04:19:40+00:00,1777868380000,13737,27.45033,56.0733,9.97278,59469,True,112.7041,3
20260504-003042,-OrlCgtCxS6e09gns4Gn,2026-05-04 04:19:52+00:00,1777868392000,13749,27.46807,56.66448,9.97311,58678,True,113.67387,3
20260504-003042,-OrlCjW4D8s0AsSLoOo8,2026-05-04 04:20:04+00:00,1777868404000,13761,27.47315,57.25995,9.97309,57987,True,115.32982,3
20260504-003042,-OrlCmT1MnKCsiKkOCMg,2026-05-04 04:20:16+00:00,1777868416000,13773,27.48582,58.58461,9.97315,56424,True,119.26469,3
20260504-003042,-OrlCpNMmJR_3fNGmxWy,2026-05-04 04:20:28+00:00,1777868428000,13785,27.49597,59.60932,9.97317,55711,True,122.63889,3
20260504-003042,-OrlCsKcGBUwr4cRHvOf,2026-05-04 04:20:40+00:00,1777868440000,13797,27.51372,60.14789,9.97328,55016,True,123.91672,3
20260504-003042,-OrlCvEhQl4TDmwpR9vF,2026-05-04 04:20:52+00:00,1777868452000,13809,27.51879,60.70032,9.97343,54692,True,123.32504,3
20260504-003042,-OrlCyGJGsvxU46dvhtb,2026-05-04 04:21:04+00:00,1777868464000,13821,27.53654,61.08348,9.97341,54373,True,123.05679,3
20260504-003042,-OrlD059IJwP1B6xTQc5,2026-05-04 04:21:16+00:00,1777868476000,13833,27.53907,61.87787,9.97347,53573,True,124.53853,3
20260504-003042,-OrlD381ImHHaNkHkyEP,2026-05-04 04:21:28+00:00,1777868488000,13845,27.54414,62.66943,9.97359,52696,True,127.26842,3
20260504-003042,-OrlD5xi6E23HDT1-xWE,2026-05-04 04:21:40+00:00,1777868500000,13857,27.56443,63.21633,9.97371,52171,True,124.2407,3
20260504-003042,-OrlD8t2i7VZ955EU0l4,2026-05-04 04:21:52+00:00,1777868512000,13869,27.57965,63.61435,9.97392,51848,True,123.82355,3
20260504-003042,-OrlDBo_LaIQVg8b7fDW,2026-05-04 04:22:04+00:00,1777868524000,13881,27.58218,64.19567,9.97345,51214,True,124.40366,3
20260504-003042,-OrlDElGo3z6L1IcGVAb,2026-05-04 04:22:16+00:00,1777868536000,13893,27.59232,64.50492,9.97356,50903,True,124.2358,3
20260504-003042,-OrlDHexnNQynsYUDJq2,2026-05-04 04:22:28+00:00,1777868548000,13905,27.60753,65.4892,9.97372,50291,True,124.28007,3
20260504-003042,-OrlDKbt3VAY2bS4DaAY,2026-05-04 04:22:40+00:00,1777868560000,13917,27.62275,66.05087,9.97359,49754,True,124.51208,3
20260504-003042,-OrlDNYyAz_muQFzE_a-,2026-05-04 04:22:52+00:00,1777868572000,13929,27.62782,66.10867,9.97355,49372,True,124.68955,3
20260504-003042,-OrlDQaEydZ3rHElwG7G,2026-05-04 04:23:04+00:00,1777868584000,13941,27.64557,66.53642,9.97365,49256,True,124.07465,3
20260504-003042,-OrlDTOjJ1QNC3p4Cact,2026-05-04 04:23:16+00:00,1777868596000,13953,27.65571,67.1256,9.97375,48768,True,124.50626,3
20260504-003042,-OrlDWK1Y7437sAxG58I,2026-05-04 04:23:28+00:00,1777868608000,13965,27.66585,67.60422,9.97368,48571,True,124.01775,3
20260504-003042,-OrlDZHExdUumgavjAH_,2026-05-04 04:23:40+00:00,1777868620000,13977,27.67093,67.95021,9.97364,48263,True,124.31522,3
20260504-003042,-OrlDbBBhJcUMGSE7NCB,2026-05-04 04:23:52+00:00,1777868632000,13989,27.68614,68.28274,9.97365,47959,True,124.2171,3
20260504-003042,-OrlDe5z6tkilo-Fd5wp,2026-05-04 04:24:04+00:00,1777868644000,14001,27.69628,68.53477,9.97374,47658,True,124.63875,3
20260504-003042,-OrlDh2MoI8EjFO-9k5j,2026-05-04 04:24:16+00:00,1777868656000,14013,27.70642,69.11888,9.97364,47122,True,125.06306,3
20260504-003042,-OrlDjy9DS0VeyJe4M7Z,2026-05-04 04:24:28+00:00,1777868668000,14025,27.71403,69.60954,9.97362,47256,True,123.8756,3
20260504-003042,-OrlDmtmQlZKck9RxFIq,2026-05-04 04:24:40+00:00,1777868680000,14037,27.72671,69.80646,9.97371,46939,True,124.53746,3
20260504-003042,-OrlDpowB2O4Hb3mJrQw,2026-05-04 04:24:52+00:00,1777868692000,14049,27.73939,70.0965,9.97376,46834,True,124.10264,3
20260504-003042,-OrlDsktvJcnekgxLw9N,2026-05-04 04:25:04+00:00,1777868704000,14061,27.75207,70.61483,9.97377,46678,True,124.13931,3
20260504-003042,-OrlDvgFnbbMDcTUOPKd,2026-05-04 04:25:16+00:00,1777868716000,14073,27.76728,71.43871,9.97389,46062,True,124.77694,3
20260504-003042,-OrlDybXNi6P50Gb99ow,2026-05-04 04:25:28+00:00,1777868728000,14085,27.7825,71.79466,9.97392,45810,True,124.62869,3
20260504-003042,-OrlE0_hTMfMUU7zWjMe,2026-05-04 04:25:40+00:00,1777868740000,14097,27.7901,71.59615,9.97399,45911,True,123.72645,3
20260504-003042,-OrlE39sUdC0PoJA0VJS,2026-05-04 04:25:51+00:00,1777868751000,14108,27.72924,73.21584,9.97388,40266,True,142.71771,3
20260504-003042,-OrlE65YNKUzjgROZ-fF,2026-05-04 04:26:03+00:00,1777868763000,14120,27.80024,73.26318,9.97378,43437,True,123.86832,3
20260504-003042,-OrlE9BRE7dBXRGNa-K6,2026-05-04 04:26:15+00:00,1777868775000,14132,27.8256,73.20268,9.97399,44030,True,123.477,3
20260504-003042,-OrlEBxVkE2r8qh0FIRq,2026-05-04 04:26:27+00:00,1777868787000,14144,27.83067,72.96374,9.97372,44403,True,123.8762,3
20260504-003042,-OrlEEtDvemAuaKcl4Ah,2026-05-04 04:26:39+00:00,1777868799000,14156,27.84335,72.08663,9.97404,45023,True,122.91243,3
20260504-003042,-OrlEHoUyhc3LncftFzf,2026-05-04 04:26:51+00:00,1777868811000,14168,27.84335,71.86675,9.97394,45364,True,122.94846,3
20260504-003042,-OrlEKjm-_Ti2G0vu0Of,2026-05-04 04:27:03+00:00,1777868823000,14180,27.85095,71.88519,9.97394,44975,True,124.64059,3
20260504-003042,-OrlENfBNBCix78HKVJl,2026-05-04 04:27:15+00:00,1777868835000,14192,27.84589,71.86868,9.97386,45266,True,124.21994,3
20260504-003042,-OrlEQbIlV9U7T7junzf,2026-05-04 04:27:27+00:00,1777868847000,14204,27.85349,71.38772,9.97389,45561,True,122.93329,3
20260504-003042,-OrlETXbIWC9amI_i6iE,2026-05-04 04:27:39+00:00,1777868859000,14216,27.85095,71.36404,9.97379,45661,True,122.08492,3
20260504-003042,-OrlEWSyLbnNXOMc6bSC,2026-05-04 04:27:51+00:00,1777868871000,14228,27.85095,70.02404,9.97376,46214,True,119.60851,3
20260504-003042,-OrlEZOfz4XuVGIl1e7I,2026-05-04 04:28:03+00:00,1777868883000,14240,27.85856,70.06735,9.97372,46164,True,118.66776,3
20260504-003042,-OrlEbJdGIa2sBd-7VN5,2026-05-04 04:28:15+00:00,1777868895000,14252,27.8611,70.13645,9.97376,46471,True,116.76714,3
20260504-003042,-OrlEeFeVUnYwBAHo_3n,2026-05-04 04:28:27+00:00,1777868907000,14264,27.86363,70.89979,9.9737,46062,True,118.71656,3
20260504-003042,-OrlEhB3cskQUh7Q2PKy,2026-05-04 04:28:39+00:00,1777868919000,14276,27.8611,70.37376,9.97375,46317,True,118.52103,3
20260504-003042,-OrlEk6_uEv-ejaW7mTr,2026-05-04 04:28:51+00:00,1777868931000,14288,27.85349,68.99625,9.97371,46939,True,115.8381,3
20260504-003042,-OrlEn1v8t3TyL4fbNfM,2026-05-04 04:29:03+00:00,1777868943000,14300,27.8256,65.50634,9.97369,48207,True,110.23393,3
20260504-003042,-OrlEpyDYOPie7adP5rq,2026-05-04 04:29:15+00:00,1777868955000,14312,27.80785,63.11292,9.97353,49489,True,102.92261,3
20260504-003042,-OrlEt-MPzqpwMtOxrGR,2026-05-04 04:29:27+00:00,1777868967000,14324,27.79263,62.47882,9.97353,49961,True,99.80219,3
20260504-003042,-OrlEvq7d0guxbVQphG9,2026-05-04 04:29:39+00:00,1777868979000,14336,27.77742,63.09549,9.97366,50141,True,99.79208,3
20260504-003042,-OrlEylN7oVTVRXlL-7m,2026-05-04 04:29:51+00:00,1777868991000,14348,27.76475,63.21571,9.9736,50141,True,102.86437,3
20260504-003042,-OrlF0iOsCGDE0QoXvST,2026-05-04 04:30:03+00:00,1777869003000,14360,27.7546,62.2799,9.9734,50996,True,102.56163,3
20260504-003042,-OrlF3dApryj--uQvmkT,2026-05-04 04:30:15+00:00,1777869015000,14372,27.75207,62.31483,9.97333,51245,True,102.18187,3
20260504-003042,-OrlF6YneyEzmPEM9eFD,2026-05-04 04:30:27+00:00,1777869027000,14384,27.74192,62.68769,9.97347,51089,True,103.01952,3
20260504-003042,-OrlF9UVA-VrxIpETmsi,2026-05-04 04:30:39+00:00,1777869039000,14396,27.74953,62.63397,9.97352,51120,True,104.87299,3
20260504-003042,-OrlFCP_fZVCkDQfBhGU,2026-05-04 04:30:51+00:00,1777869051000,14408,27.75207,62.41875,9.97349,51371,True,104.06776,3
20260504-003042,-OrlFFLKOfeEJJHHKPoS,2026-05-04 04:31:03+00:00,1777869063000,14420,27.77742,63.29438,9.97354,50872,True,106.98683,3
20260504-003042,-OrlFIIQDDnd0M6WVFkD,2026-05-04 04:31:15+00:00,1777869075000,14432,27.79517,63.06137,9.97366,50903,True,108.9066,3
20260504-003042,-OrlFLBpfO7PI73rsZko,2026-05-04 04:31:27+00:00,1777869087000,14444,27.78503,62.11382,9.9734,51466,True,106.8844,3
20260504-003042,-OrlFO7GbuNHMiBvtuXM,2026-05-04 04:31:39+00:00,1777869099000,14456,27.79263,62.31744,9.97345,51561,True,107.01434,3
20260504-003042,-OrlFR35irvbssgYyhbj,2026-05-04 04:31:51+00:00,1777869111000,14468,27.80278,62.57288,9.97361,51434,True,107.03498,3
20260504-003042,-OrlFTzbWKYFhM6QVLvf,2026-05-04 04:32:03+00:00,1777869123000,14480,27.79771,61.6244,9.97344,52009,True,105.92969,3
20260504-003042,-OrlFWvqRkF7KdtaGBMV,2026-05-04 04:32:15+00:00,1777869135000,14492,27.81292,61.64597,9.97347,52009,True,105.01254,3
20260504-003042,-OrlFZqfvOUPY6X6P1lj,2026-05-04 04:32:27+00:00,1777869147000,14504,27.81799,61.82675,9.97357,52009,True,105.67333,3
20260504-003042,-OrlFc-Kh24ut7lmJLZW,2026-05-04 04:32:39+00:00,1777869159000,14516,27.82306,61.42971,9.97342,52367,True,104.17909,3
20260504-003042,-OrlFeh9TQYqhaS1pjQ4,2026-05-04 04:32:51+00:00,1777869171000,14528,27.81546,62.25031,9.97341,51784,True,106.22027,3
20260504-003042,-OrlFhdd8xnrn3prsFaL,2026-05-04 04:33:03+00:00,1777869183000,14540,27.82306,62.26826,9.97351,51848,True,107.06235,3
20260504-003042,-OrlFkZcpu1UlRSoFOVL,2026-05-04 04:33:15+00:00,1777869195000,14552,27.81546,62.35207,9.97339,51912,True,107.48483,3
20260504-003042,-OrlFnUXzXol6S54arhE,2026-05-04 04:33:27+00:00,1777869207000,14564,27.82053,62.31335,9.97336,51720,True,107.71626,3
20260504-003042,-OrlFqQ5CZZQQFAweLpw,2026-05-04 04:33:39+00:00,1777869219000,14576,27.81546,61.74426,9.97351,52009,True,106.75223,3
20260504-003042,-OrlFtM-p7YsE848y4cK,2026-05-04 04:33:51+00:00,1777869231000,14588,27.80278,60.35607,9.97352,53030,True,102.54956,3
20260504-003042,-OrlFwHbzmQpv-wunDxC,2026-05-04 04:34:03+00:00,1777869243000,14600,27.79263,59.79246,9.97338,53266,True,100.26083,3
20260504-003042,-OrlFzD-o2KC30NrUoCY,2026-05-04 04:34:15+00:00,1777869255000,14612,27.77235,59.52237,9.97323,54162,True,96.41225,3
20260504-003042,-OrlG1896WrHEj07Zt_d,2026-05-04 04:34:27+00:00,1777869267000,14624,27.7546,58.50428,9.97312,54728,True,93.73978,3
20260504-003042,-OrlG43fk6_GerOSxyTP,2026-05-04 04:34:39+00:00,1777869279000,14636,27.74192,57.61118,9.97306,55343,True,90.31306,3
20260504-003042,-OrlG7-lFEHYISaky0mi,2026-05-04 04:34:51+00:00,1777869291000,14648,27.73432,57.07019,9.97306,56197,True,87.79707,3
20260504-003042,-OrlG9wCBQnv9KUyhWUc,2026-05-04 04:35:03+00:00,1777869303000,14660,27.72671,56.59079,9.97303,56462,True,86.09224,3
20260504-003042,-OrlGCrEnhE2rfg8LSmq,2026-05-04 04:35:15+00:00,1777869315000,14672,27.71403,56.18422,9.97302,56692,True,86.16563,3
20260504-003042,-OrlGFmvE3wiw80BAJ9S,2026-05-04 04:35:27+00:00,1777869327000,14684,27.7115,55.96954,9.97296,57430,True,83.68854,3
20260504-003042,-OrlGIiAA14eiBKp0IsI,2026-05-04 04:35:39+00:00,1777869339000,14696,27.70896,55.63935,9.97311,57907,True,83.2006,3
20260504-003042,-OrlGMYgF4xFB3LZ9V-L,2026-05-04 04:35:51+00:00,1777869351000,14708,27.70135,55.51689,9.97298,58188,True,82.66156,3
20260504-003042,-OrlGOmfoP1M4SYVU1MM,2026-05-04 04:36:04+00:00,1777869364000,14721,27.66332,55.66161,9.973,54197,True,103.99811,3
20260504-003042,-OrlGRhwV0lBqyzGt641,2026-05-04 04:36:16+00:00,1777869376000,14733,27.67853,55.06756,9.97291,56845,True,100.85249,3
20260504-003042,-OrlGUdaEQY7maGtSgRd,2026-05-04 04:36:28+00:00,1777869388000,14745,27.67853,54.82338,9.97286,57947,True,92.24669,3
20260504-003042,-OrlGXkRKI_3J4r94Pli,2026-05-04 04:36:40+00:00,1777869400000,14757,27.67093,54.72916,9.97274,58719,True,86.8356,3
20260504-003042,-OrlG_W7gMU_MQsNXnNC,2026-05-04 04:36:52+00:00,1777869412000,14769,27.67093,54.53737,9.97302,58925,True,84.79259,3
20260504-003042,-OrlGcQp6FMJxl-cO_gK,2026-05-04 04:37:04+00:00,1777869424000,14781,27.66078,54.4221,9.97288,59343,True,83.79533,3
20260504-003042,-OrlGfMzgWk0ftjiVa94,2026-05-04 04:37:16+00:00,1777869436000,14793,27.65825,54.2727,9.97292,59511,True,83.21053,3
20260504-003042,-OrlGiHvuI2hA3EJhUlP,2026-05-04 04:37:28+00:00,1777869448000,14805,27.65571,54.14277,9.97281,59980,True,82.0819,3
20260504-003042,-OrlGlEfoGaOrI1aq-pk,2026-05-04 04:37:40+00:00,1777869460000,14817,27.65318,53.93457,9.97286,60369,True,80.25357,3
20260504-003042,-OrlGo8_4FFo-dhWdtRT,2026-05-04 04:37:52+00:00,1777869472000,14829,27.65064,53.71866,9.97273,60326,True,80.7567,3
20260504-003042,-OrlGr4D3VisCedLUapz,2026-05-04 04:38:04+00:00,1777869484000,14841,27.65064,53.52544,9.9728,60500,True,79.95257,3
20260504-003042,-OrlGu-opl1PgHhbWSzd,2026-05-04 04:38:16+00:00,1777869496000,14853,27.65064,53.44918,9.97286,60852,True,79.50192,3
20260504-003042,-OrlGwwbLnQAoh5Nlyyn,2026-05-04 04:38:28+00:00,1777869508000,14865,27.65064,53.33456,9.97294,61208,True,78.717,3
20260504-003042,-OrlGzscGrJMnvPeAOqF,2026-05-04 04:38:40+00:00,1777869520000,14877,27.64557,53.25168,9.97284,61477,True,77.7565,3
20260504-003042,-OrlH2-kSTMxUMBO32ti,2026-05-04 04:38:52+00:00,1777869532000,14889,27.6481,53.13567,9.97287,61342,True,78.1152,3
20260504-003042,-OrlH4j0BiHTPgXQ2Xk9,2026-05-04 04:39:04+00:00,1777869544000,14901,27.64557,53.1118,9.97286,61795,True,76.48112,3
20260504-003042,-OrlH7eDdeGuV0zkbHq9,2026-05-04 04:39:16+00:00,1777869556000,14913,27.63796,53.16359,9.97267,61886,True,76.77164,3
20260504-003042,-OrlHAafPG6iL5pmugXs,2026-05-04 04:39:28+00:00,1777869568000,14925,27.64557,53.16949,9.9729,61932,True,76.5524,3
20260504-003042,-OrlHDWpEvaiKjAj_0CZ,2026-05-04 04:39:40+00:00,1777869580000,14937,27.6405,53.36325,9.97287,61613,True,77.72296,3
20260504-003042,-OrlHGRQR6-gp8lPYcfA,2026-05-04 04:39:52+00:00,1777869592000,14949,27.64304,53.62389,9.97312,61163,True,80.12749,3
20260504-003042,-OrlHJNDvoxmsZUJ0VU8,2026-05-04 04:40:04+00:00,1777869604000,14961,27.64304,53.98118,9.97303,61163,True,81.10425,3
20260504-003042,-OrlHMIwSOKOk44krMl3,2026-05-04 04:40:16+00:00,1777869616000,14973,27.63543,54.41529,9.97305,61029,True,81.46995,3
20260504-003042,-OrlHPDz6EP42ovd4aBq,2026-05-04 04:40:28+00:00,1777869628000,14985,27.63289,54.5521,9.97308,60632,True,82.33871,3
20260504-003042,-OrlHSAbnTCnQbI5S8hE,2026-05-04 04:40:40+00:00,1777869640000,14997,27.63289,54.68643,9.97336,60500,True,82.98874,3
20260504-003042,-OrlHV6uWrFF4f5m7yYK,2026-05-04 04:40:52+00:00,1777869652000,15009,27.62782,54.67207,9.97332,60588,True,82.65341,3
20260504-003042,-OrlHY0c6rzpZWR_oufL,2026-05-04 04:41:04+00:00,1777869664000,15021,27.62528,54.61105,9.97312,60588,True,82.47555,3
20260504-003042,-OrlH_x5YOMLDYy0_J5X,2026-05-04 04:41:16+00:00,1777869676000,15033,27.63036,54.57792,9.97345,60985,True,80.97237,3
20260504-003042,-OrlHctPAAxSayLk6Aqb,2026-05-04 04:41:28+00:00,1777869688000,15045,27.62021,54.49319,9.97322,61163,True,79.10655,3
20260504-003042,-OrlHfpk5Eapmh6n0etR,2026-05-04 04:41:40+00:00,1777869700000,15057,27.62021,54.52654,9.97322,60764,True,80.30078,3
20260504-003042,-OrlHikCon4pRpxP7YL-,2026-05-04 04:41:52+00:00,1777869712000,15069,27.61768,55.15214,9.97316,60588,True,80.93401,3
20260504-003042,-OrlHllxdbOob3DE7wGx,2026-05-04 04:42:04+00:00,1777869724000,15081,27.61514,55.44571,9.97342,60326,True,81.4971,3
20260504-003042,-OrlHob3AykK6_VagCBy,2026-05-04 04:42:16+00:00,1777869736000,15093,27.61514,55.7198,9.9734,60153,True,82.46519,3
20260504-003042,-OrlHrXMgYxWeOGBkRL2,2026-05-04 04:42:28+00:00,1777869748000,15105,27.61007,56.22687,9.97333,59596,True,84.36948,3
20260504-003042,-OrlHuTkQgll25Ngghcp,2026-05-04 04:42:40+00:00,1777869760000,15117,27.61514,56.52042,9.97329,59301,True,85.57561,3
20260504-003042,-OrlHxOiZZGz6F4FMoKq,2026-05-04 04:42:52+00:00,1777869772000,15129,27.60753,56.83798,9.97335,59008,True,85.63017,3
20260504-003042,-OrlI-LWq787PDoPpXuV,2026-05-04 04:43:04+00:00,1777869784000,15141,27.605,57.10881,9.97338,58925,True,86.3257,3
20260504-003042,-OrlI2FEBVBLSEsFwYT2,2026-05-04 04:43:16+00:00,1777869796000,15153,27.605,57.44722,9.9735,58391,True,87.38475,3
20260504-003042,-OrlI5B7vIGg0Bn5HWhf,2026-05-04 04:43:28+00:00,1777869808000,15165,27.605,57.48072,9.97343,58719,True,86.44348,3
20260504-003042,-OrlI86CtIW0b-TV3sTC,2026-05-04 04:43:40+00:00,1777869820000,15177,27.59486,57.51073,9.97341,58432,True,86.84002,3
20260504-003042,-OrlIB7eG6nUiTxdpzYy,2026-05-04 04:43:52+00:00,1777869832000,15189,27.57457,57.79255,9.97359,54443,True,106.73382,3
20260504-003042,-OrlIE3DAz0CWEFuf_tG,2026-05-04 04:44:04+00:00,1777869844000,15201,27.58978,57.52665,9.97375,56884,True,101.71931,3
20260504-003042,-OrlIGzkuVsjr8nCHedp,2026-05-04 04:44:16+00:00,1777869856000,15213,27.58978,57.3913,9.97356,57667,True,93.40652,3
20260504-003042,-OrlIJwBrwaEAKDkz8V8,2026-05-04 04:44:28+00:00,1777869868000,15225,27.59232,57.35581,9.97356,58067,True,88.55554,3
20260504-003042,-OrlIMqWTtN0ngeKQJGJ,2026-05-04 04:44:40+00:00,1777869880000,15237,27.58978,57.32166,9.9735,58514,True,84.6935,3
20260504-003042,-OrlIPmFW46-M9Sz6O3o,2026-05-04 04:44:52+00:00,1777869892000,15249,27.59232,57.2701,9.97376,58310,True,83.4314,3
20260504-003042,-OrlISuwHh82fYdgfVCd,2026-05-04 04:45:04+00:00,1777869904000,15261,27.58978,57.4716,9.97356,58554,True,83.0589,3
20260504-003042,-OrlIVd0m4qLvoXcltCY,2026-05-04 04:45:16+00:00,1777869916000,15273,27.58471,57.34995,9.97356,58269,True,82.81427,3
20260504-003042,-OrlIYZzdyDHTTGcOtuh,2026-05-04 04:45:28+00:00,1777869928000,15285,27.58978,57.35887,9.97345,58678,True,81.79958,3
20260504-003042,-OrlIaUvOUyKV3RUL7AN,2026-05-04 04:45:40+00:00,1777869940000,15297,27.58471,57.46621,9.97332,58391,True,82.5067,3
20260504-003042,-OrlIdS8AArL9r-VFECW,2026-05-04 04:45:52+00:00,1777869952000,15309,27.58725,57.31223,9.97355,58310,True,82.64024,3
20260504-003042,-OrlIgMRavKQ3f3sC7AK,2026-05-04 04:46:04+00:00,1777869964000,15321,27.58978,57.35902,9.97352,58678,True,80.76772,3
20260504-003042,-OrlIjIAIIPOCxbc3Vsf,2026-05-04 04:46:16+00:00,1777869976000,15333,27.58471,57.44532,9.97367,58842,True,80.29655,3
20260504-003042,-OrlImDN_LMuylJnRMaO,2026-05-04 04:46:28+00:00,1777869988000,15345,27.58725,57.65475,9.97357,58432,True,80.65749,3
20260504-003042,-OrlIpASrY2JEC7Lhe8H,2026-05-04 04:46:40+00:00,1777870000000,15357,27.58725,57.19728,9.97355,58595,True,80.31531,3
20260504-003042,-OrlIs53uH55niwWDfNB,2026-05-04 04:46:52+00:00,1777870012000,15369,27.57965,57.02452,9.97336,59217,True,78.69971,3
20260504-003042,-OrlIv0FVdZE2WGg30zc,2026-05-04 04:47:04+00:00,1777870024000,15381,27.58978,57.43811,9.9738,58925,True,78.68552,3
20260504-003042,-OrlIxw-k5oU-t68xM0j,2026-05-04 04:47:16+00:00,1777870036000,15393,27.58471,57.38699,9.97349,59301,True,78.38184,3
20260504-003042,-OrlJ-sNgGoncbSr0Hd8,2026-05-04 04:47:28+00:00,1777870048000,15405,27.57965,57.53706,9.97334,58678,True,79.47179,3
20260504-003042,-OrlJ2n76lBxJv_qrnt2,2026-05-04 04:47:40+00:00,1777870060000,15417,27.58978,57.06967,9.97363,59259,True,78.08092,3
20260504-003042,-OrlJ5iQ0JaC-wcjYrsV,2026-05-04 04:47:52+00:00,1777870072000,15429,27.58218,56.67288,9.97358,59259,True,76.25681,3
20260504-003042,-OrlJ8e20iXzJggqtrzR,2026-05-04 04:48:04+00:00,1777870084000,15441,27.57965,56.60688,9.97343,59385,True,75.50101,3
20260504-003042,-OrlJBgYdcWkI5_7qTSs,2026-05-04 04:48:16+00:00,1777870096000,15453,27.58218,56.34631,9.97349,59766,True,75.05754,3
20260504-003042,-OrlJEWII8PN80ttyFuA,2026-05-04 04:48:28+00:00,1777870108000,15465,27.58978,56.52917,9.97348,59681,True,75.18147,3
20260504-003042,-OrlJHalQrRgmNk6BN_q,2026-05-04 04:48:40+00:00,1777870120000,15477,27.58218,57.2448,9.97359,59259,True,76.6006,3
20260504-003042,-OrlJKNLsGV4KFCg0SHm,2026-05-04 04:48:52+00:00,1777870132000,15489,27.58218,57.714,9.97363,59050,True,78.39563,3
20260504-003042,-OrlJNIPIAw8wowgGUw4,2026-05-04 04:49:04+00:00,1777870144000,15501,27.57965,57.36517,9.97359,59050,True,78.5741,3
20260504-003042,-OrlJQE80B6HY-MrScIH,2026-05-04 04:49:16+00:00,1777870156000,15513,27.58471,57.17853,9.97355,59301,True,77.92397,3
20260504-003042,-OrlJTANgnB7MFzE5zJc,2026-05-04 04:49:28+00:00,1777870168000,15525,27.58218,57.09947,9.97352,58967,True,78.21778,3
20260504-003042,-OrlJW5cAQiq4ZU-8o0_,2026-05-04 04:49:40+00:00,1777870180000,15537,27.58218,56.91177,9.97363,59554,True,75.78236,3
20260504-003042,-OrlJZ1L2wzO1xVcIt5i,2026-05-04 04:49:52+00:00,1777870192000,15549,27.58471,56.66978,9.97358,59681,True,75.2953,3
20260504-003042,-OrlJaxdRuSTM48GeKkD,2026-05-04 04:50:04+00:00,1777870204000,15561,27.58218,56.45658,9.9737,59895,True,74.27374,3
20260504-003042,-OrlJdsUyGNiBVLSHojP,2026-05-04 04:50:16+00:00,1777870216000,15573,27.57965,56.56625,9.97387,60066,True,73.8955,3
20260504-003042,-OrlJgswdGvrMFX_8Fxm,2026-05-04 04:50:28+00:00,1777870228000,15585,27.57457,56.22405,9.97361,60153,True,72.51744,3
20260504-003042,-OrlJjk06s8r4TrG8YAd,2026-05-04 04:50:40+00:00,1777870240000,15597,27.57457,56.06903,9.97368,59895,True,72.70837,3
20260504-003042,-OrlJmgXkiEdkXjc9u8J,2026-05-04 04:50:52+00:00,1777870252000,15609,27.57711,56.35431,9.97385,60239,True,72.77202,3
20260504-003042,-OrlJpalBMVLirXLPWHa,2026-05-04 04:51:04+00:00,1777870264000,15621,27.57711,56.58943,9.97371,59895,True,73.9638,3
20260504-003042,-OrlJsXQ0ZkgsyaR_Lhr,2026-05-04 04:51:16+00:00,1777870276000,15633,27.57711,56.69467,9.97379,59895,True,74.542,3
20260504-003042,-OrlJvfNHh4YVaaXRAib,2026-05-04 04:51:28+00:00,1777870288000,15645,27.57457,56.98214,9.97368,60023,True,73.98397,3
20260504-003042,-OrlJyOzgQ0brYdq5g9X,2026-05-04 04:51:40+00:00,1777870300000,15657,27.57965,56.87856,9.9739,59809,True,74.64092,3
20260504-003042,-OrlK0Jr94H5H49Sd47Q,2026-05-04 04:51:52+00:00,1777870312000,15669,27.57204,56.73271,9.97368,59724,True,74.94986,3
20260504-003042,-OrlK3F3tHL5SG_MPQgd,2026-05-04 04:52:04+00:00,1777870324000,15681,27.57457,57.023,9.97388,59639,True,75.70343,3
20260504-003042,-OrlK6AD8XAIxW1-9-XU,2026-05-04 04:52:16+00:00,1777870336000,15693,27.57711,56.57069,9.97383,59937,True,74.15868,3
20260504-003042,-OrlK968_lKo7y63eBoV,2026-05-04 04:52:28+00:00,1777870348000,15705,27.57965,56.57145,9.97396,60283,True,72.89052,3
20260504-003042,-OrlKC23eNvAcP-lD3qJ,2026-05-04 04:52:40+00:00,1777870360000,15717,27.57457,56.49438,9.97375,59980,True,73.22542,3
20260504-003042,-OrlKEyOX-AHQsQFxRHZ,2026-05-04 04:52:52+00:00,1777870372000,15729,27.57457,56.47243,9.97379,60066,True,73.09704,3
20260504-003042,-OrlKHtZ-c5-yuOls46x,2026-05-04 04:53:04+00:00,1777870384000,15741,27.57457,56.38445,9.97368,59895,True,73.50447,3
20260504-003042,-OrlKKogDWSaJAJMpMBa,2026-05-04 04:53:16+00:00,1777870396000,15753,27.57711,56.29862,9.97383,60500,True,71.9599,3
20260504-003042,-OrlKNkIU4LcC1rDMrXs,2026-05-04 04:53:28+00:00,1777870408000,15765,27.57457,56.29968,9.97377,60109,True,72.44649,3
20260504-003042,-OrlKQg3rtUWzFKtn6eA,2026-05-04 04:53:40+00:00,1777870420000,15777,27.57711,56.26302,9.9739,60632,True,71.17076,3
20260504-003042,-OrlKTcbFqhO-qZOxHhp,2026-05-04 04:53:52+00:00,1777870432000,15789,27.57204,56.10509,9.97373,60676,True,70.2491,3
20260504-003042,-OrlKWYI7Cfl_go-0Bmq,2026-05-04 04:54:04+00:00,1777870444000,15801,27.57711,55.9974,9.97378,60676,True,70.44687,3
20260504-003042,-OrlKZTD9GqWVzxikAmK,2026-05-04 04:54:16+00:00,1777870456000,15813,27.57965,56.25523,9.97399,60457,True,71.3167,3
20260504-003042,-OrlKbOi55sQy9XN4kaD,2026-05-04 04:54:28+00:00,1777870468000,15825,27.57711,56.40052,9.97402,60588,True,71.86925,3
20260504-003042,-OrlKec7BehtfMKxWHdS,2026-05-04 04:54:40+00:00,1777870480000,15837,27.57204,56.37223,9.97385,60283,True,72.87198,3
20260504-003042,-OrlKhG2BNZdHGWYfS72,2026-05-04 04:54:52+00:00,1777870492000,15849,27.5695,56.40257,9.97388,60457,True,72.08395,3
20260504-003042,-OrlKkBRtW8X3_QeT2EG,2026-05-04 04:55:04+00:00,1777870504000,15861,27.57204,56.27701,9.97398,60720,True,71.01559,3
20260504-003042,-OrlKn6uhIJfVba0_8yJ,2026-05-04 04:55:16+00:00,1777870516000,15873,27.5695,56.1887,9.97395,60852,True,71.15781,3
20260504-003042,-OrlKq2b9-UA45f0ZwSH,2026-05-04 04:55:28+00:00,1777870528000,15885,27.57204,56.35698,9.97392,60413,True,71.53435,3
20260504-003042,-OrlKsyoGMYBj_x1ZB6v,2026-05-04 04:55:40+00:00,1777870540000,15897,27.5695,56.41994,9.97369,60500,True,71.50968,3
20260504-003042,-OrlKvvlOVjLiG5cwhvU,2026-05-04 04:55:52+00:00,1777870552000,15909,27.5695,56.56034,9.97387,60239,True,72.33828,3
20260504-003042,-OrlKyq10xpQ7mp7HZ9W,2026-05-04 04:56:04+00:00,1777870564000,15921,27.56697,56.76465,9.97386,60239,True,72.81902,3
20260504-003042,-OrlL0ldVwzphtW1FI7q,2026-05-04 04:56:16+00:00,1777870576000,15933,27.57457,56.90009,9.97379,60153,True,72.74693,3
20260504-003042,-OrlL3gvVbO1zRdzFaZj,2026-05-04 04:56:28+00:00,1777870588000,15945,27.56697,57.10605,9.9737,60369,True,72.73653,3
20260504-003042,-OrlL6dRF--JmJH4e29U,2026-05-04 04:56:40+00:00,1777870600000,15957,27.5695,57.10111,9.97383,60369,True,72.12557,3
20260504-003042,-OrlL9iylb8Ds0FYNVqw,2026-05-04 04:56:53+00:00,1777870613000,15970,27.54414,57.28666,9.97371,55600,True,94.79512,3
20260504-003042,-OrlLCeYrbPRZJXgn95U,2026-05-04 04:57:05+00:00,1777870625000,15982,27.5619,56.91455,9.97396,58595,True,90.4341,3
20260504-003042,-OrlLFaKEYL-fnolyfHe,2026-05-04 04:57:17+00:00,1777870637000,15994,27.56697,56.8303,9.97397,59511,True,81.07334,3
20260504-003042,-OrlLIWhOYgCOdpxO0Rn,2026-05-04 04:57:29+00:00,1777870649000,16006,27.5619,56.70876,9.97401,59724,True,77.28028,3
20260504-003042,-OrlLWk3CZO7va5F42xs,2026-05-04 04:57:41+00:00,1777870661000,16018,27.5695,56.62675,9.97388,60023,True,74.78837,3
20260504-003042,-OrlLXVoxX8Gl1sldrL2,2026-05-04 04:58:30+00:00,1777870710000,16067,27.6268,56.39932,9.97403,60413,True,73.35947,3
20260504-003042,-OrlL_RwhTQTH_5bYUUv,2026-05-04 04:58:42+00:00,1777870722000,16079,27.50104,56.95452,9.97397,43708,True,223.36673,2
20260504-003042,-OrlLcNfh3WoqeGZWTJc,2026-05-04 04:58:54+00:00,1777870734000,16091,27.52639,56.61232,9.97413,50810,True,178.06453,2
20260504-003042,-OrlLfIezvaotPWetsud,2026-05-04 04:59:06+00:00,1777870746000,16103,27.53147,56.54607,9.97402,54232,True,137.77315,2
20260504-003042,-OrlLiDp5t0AaLr6DskP,2026-05-04 04:59:18+00:00,1777870758000,16115,27.53654,56.45119,9.97397,56386,True,113.49167,2
20260504-003042,-OrlLl9Pxnh3F9nwhlxy,2026-05-04 04:59:30+00:00,1777870770000,16127,27.54161,56.36182,9.974,57867,True,98.16335,2
20260504-003042,-OrlLo5tYxwil_nD4jSU,2026-05-04 04:59:42+00:00,1777870782000,16139,27.54414,56.29159,9.97413,58801,True,89.15352,2
20260504-003042,-OrlLr1JntfMXYO5ldZn,2026-05-04 04:59:54+00:00,1777870794000,16151,27.54922,56.25528,9.97421,58884,True,85.4706,3
20260504-003042,-OrlLtxDSE2NncOMdpEn,2026-05-04 05:00:06+00:00,1777870806000,16163,27.55429,56.23574,9.97406,59175,True,82.28503,3
20260504-003042,-OrlLwu33e1L1HnMnq9X,2026-05-04 05:00:18+00:00,1777870818000,16175,27.55429,56.37593,9.97415,59554,True,79.66346,3
20260504-003042,-OrlLzp2LNeq3OzLJTb5,2026-05-04 05:00:30+00:00,1777870830000,16187,27.5619,56.47882,9.97419,59639,True,78.62881,3
20260504-003042,-OrlM3AbXC9sWqSt-upi,2026-05-04 05:00:42+00:00,1777870842000,16199,27.55936,56.43274,9.97423,59809,True,77.21218,3
20260504-003042,-OrlM4fTrd-jOHjZ4859,2026-05-04 05:00:54+00:00,1777870854000,16211,27.46807,57.27261,9.97408,51308,True,99.39903,3
20260504-003042,-OrlM7b2vOtp7fV79ahC,2026-05-04 05:01:06+00:00,1777870866000,16223,27.54922,56.50196,9.97418,56884,True,106.08702,3
20260504-003042,-OrlMAXkgh-pkqlz0rMu,2026-05-04 05:01:18+00:00,1777870878000,16235,27.54922,56.43602,9.97409,59133,True,89.98792,3
20260504-003042,-OrlMDUXDZaZ2W4UwCeU,2026-05-04 05:01:30+00:00,1777870890000,16247,27.54922,56.4315,9.97407,59511,True,82.453,3
20260504-003042,-OrlMGQ11jZCYYafMPiL,2026-05-04 05:01:42+00:00,1777870902000,16259,27.55175,56.40878,9.97423,59980,True,77.06129,3
20260504-003042,-OrlMJKgMt6OYk6bguzh,2026-05-04 05:01:54+00:00,1777870914000,16271,27.55936,56.37785,9.97427,60196,True,75.44538,3
20260504-003042,-OrlMMFHa_nE7ytgSx5A,2026-05-04 05:02:06+00:00,1777870926000,16283,27.55429,56.28627,9.97415,60413,True,73.52475,3
20260504-003042,-OrlMPBv_AYGKR7-x1ro,2026-05-04 05:02:18+00:00,1777870938000,16295,27.55175,56.25985,9.97413,60413,True,72.71014,3
20260504-003042,-OrlMS6TqK80_UGEMdZc,2026-05-04 05:02:30+00:00,1777870950000,16307,27.55682,56.33128,9.97431,60413,True,71.46213,3
20260504-003042,-OrlMV4Sbs25IRP1Uz1G,2026-05-04 05:02:42+00:00,1777870962000,16319,27.55429,56.42826,9.97426,60676,True,71.09638,3
20260504-003042,-OrlMXzBYd3vohQR26J0,2026-05-04 05:02:54+00:00,1777870974000,16331,27.55429,56.49963,9.97426,60544,True,70.9852,3
20260504-003042,-OrlM_tgoCb-uyyaWDg8,2026-05-04 05:03:06+00:00,1777870986000,16343,27.55936,56.44295,9.97427,60808,True,70.47353,3
20260504-003042,-OrlMcp4uAz3QaGAgeZJ,2026-05-04 05:03:18+00:00,1777870998000,16355,27.55682,56.40069,9.97431,60764,True,69.45796,3
20260504-003042,-OrlMfl-ZkyuHcdUvD8E,2026-05-04 05:03:30+00:00,1777871010000,16367,27.55682,56.36766,9.97421,61029,True,67.01419,3
20260504-003042,-OrlMipCQV89EnYQ9ZqI,2026-05-04 05:03:42+00:00,1777871022000,16379,27.55936,56.33466,9.97441,60808,True,68.86916,3
20260504-003042,-OrlMlce__VwUlgCLhyc,2026-05-04 05:03:54+00:00,1777871034000,16391,27.55429,56.26603,9.97422,61029,True,67.90849,3
20260504-003042,-OrlMoYUYYqk1UgN_Sua,2026-05-04 05:04:06+00:00,1777871046000,16403,27.55936,56.2493,9.97436,60941,True,67.95249,3
20260504-003042,-OrlMrTmTf-GqMCtKD89,2026-05-04 05:04:18+00:00,1777871058000,16415,27.55936,56.28933,9.97411,60985,True,67.73589,3
20260504-003042,-OrlMuPU1aHm-gslwaLa,2026-05-04 05:04:30+00:00,1777871070000,16427,27.5619,56.3051,9.9742,60896,True,68.04625,3
20260504-003042,-OrlMxLOiBee-C0yOC2O,2026-05-04 05:04:42+00:00,1777871082000,16439,27.55682,56.41697,9.97396,61342,True,66.99094,3
20260504-003042,-OrlN-GMCZ95U7j0y4O4,2026-05-04 05:04:54+00:00,1777871094000,16451,27.5619,56.34051,9.97408,61387,True,66.95694,3
20260504-003042,-OrlN2BlXrXI5iDUTpfr,2026-05-04 05:05:06+00:00,1777871106000,16463,27.55936,56.23187,9.97411,61208,True,66.53023,3
20260504-003042,-OrlN5798mqtn50VGElf,2026-05-04 05:05:18+00:00,1777871118000,16475,27.55936,56.16243,9.97414,61297,True,65.39841,3
20260504-003042,-OrlN83OPRvPQWeEkkos,2026-05-04 05:05:30+00:00,1777871130000,16487,27.56443,56.12507,9.97412,61477,True,66.3436,3
20260504-003042,-OrlNAzMSa_3ziR8XLdk,2026-05-04 05:05:42+00:00,1777871142000,16499,27.5619,56.14284,9.97415,61253,True,65.11272,3
20260504-003042,-OrlNDvMyBCVOVw2PZjA,2026-05-04 05:05:54+00:00,1777871154000,16511,27.55936,56.19696,9.97404,61297,True,65.54359,3
20260504-003042,-OrlNGqX5v5FBs6a8lTq,2026-05-04 05:06:06+00:00,1777871166000,16523,27.5619,56.21493,9.9741,61118,True,66.50374,3
20260504-003042,-OrlNJm_jZftjgQAqYZq,2026-05-04 05:06:18+00:00,1777871178000,16535,27.5619,56.15457,9.9741,61163,True,66.5107,3
20260504-003042,-OrlNMhEpVXSph9tdyBx,2026-05-04 05:06:30+00:00,1777871190000,16547,27.55936,56.15464,9.97404,61342,True,66.27746,3
20260504-003042,-OrlNPcsIzq5WbzlwIOG,2026-05-04 05:06:42+00:00,1777871202000,16559,27.55936,56.20893,9.97407,61477,True,65.28284,3
20260504-003042,-OrlNSi0ltfZSxNbWXfa,2026-05-04 05:06:54+00:00,1777871214000,16571,27.55682,56.1155,9.97388,61297,True,66.04533,3
20260504-003042,-OrlNVUijJue5E-n7F1L,2026-05-04 05:07:06+00:00,1777871226000,16583,27.55682,56.09803,9.97396,61387,True,65.76407,3
20260504-003042,-OrlNYQMHPIT1SG0YNrl,2026-05-04 05:07:18+00:00,1777871238000,16595,27.55936,56.09779,9.97381,61658,True,64.46307,3
20260504-003042,-OrlNaLbjKlNpzBaKLUf,2026-05-04 05:07:30+00:00,1777871250000,16607,27.55936,56.06721,9.97397,61432,True,65.32514,3
20260504-003042,-OrlNdHJKyAUhpOJtQEj,2026-05-04 05:07:42+00:00,1777871262000,16619,27.55429,56.01004,9.97378,61749,True,64.34375,3
20260504-003042,-OrlNgDfCNJIuMbD0uiF,2026-05-04 05:07:54+00:00,1777871274000,16631,27.55936,55.9835,9.9739,61522,True,64.36395,3
20260504-003042,-OrlNj87VvEj4guUzvVn,2026-05-04 05:08:06+00:00,1777871286000,16643,27.55936,55.78016,9.97374,62116,True,62.11104,3
20260504-003042,-OrlNm4BWuzi0NEFLq9t,2026-05-04 05:08:18+00:00,1777871298000,16655,27.5619,55.79761,9.97389,61795,True,62.70828,3
20260504-003042,-OrlNp-WI_uLijY_OeZU,2026-05-04 05:08:30+00:00,1777871310000,16667,27.55429,55.88552,9.97389,61886,True,62.35027,3
20260504-003042,-OrlNrvZ4MJrJ79GuzQi,2026-05-04 05:08:42+00:00,1777871322000,16679,27.56443,55.7443,9.97384,61613,True,62.87793,3
20260504-003042,-OrlNurXlV3FkjUBcXt0,2026-05-04 05:08:54+00:00,1777871334000,16691,27.55936,55.74994,9.9736,62070,True,62.64848,3
20260504-003042,-OrlNxnHeSHi2NWExuDs,2026-05-04 05:09:06+00:00,1777871346000,16703,27.55682,55.81081,9.97377,61840,True,63.13049,3
20260504-003042,-OrlO-jdc2_9Qx0tuQ4k,2026-05-04 05:09:18+00:00,1777871358000,16715,27.55429,55.88937,9.97376,61795,True,63.10106,3
20260504-003042,-OrlO2doTgd5aA2PeHy9,2026-05-04 05:09:30+00:00,1777871370000,16727,27.55936,55.94075,9.97386,61886,True,63.65778,3
20260504-003042,-OrlO5_SYdygxAxdE3hQ,2026-05-04 05:09:42+00:00,1777871382000,16739,27.55936,55.94245,9.97385,61613,True,64.03851,3
20260504-003042,-OrlO8Vb-0GL-bc2t5q6,2026-05-04 05:09:54+00:00,1777871394000,16751,27.55936,55.89157,9.97374,62208,True,62.81362,3
20260504-003042,-OrlOBnmwyQlRUp-ZUTz,2026-05-04 05:10:06+00:00,1777871406000,16763,27.55682,55.88107,9.97361,62024,True,63.37678,3
20260504-003042,-OrlOENDfoXBMd3bxvvY,2026-05-04 05:10:18+00:00,1777871418000,16775,27.55429,55.83286,9.97376,61840,True,63.46414,3
20260504-003042,-OrlOHIKvEHSfKpli5Yr,2026-05-04 05:10:30+00:00,1777871430000,16787,27.55682,55.792,9.97366,61840,True,63.42117,3
20260504-003042,-OrlOKDegRYit-mHF8Lp,2026-05-04 05:10:42+00:00,1777871442000,16799,27.55936,55.77354,9.9737,61932,True,62.76025,3
20260504-003042,-OrlON90X9hU4nVAocYb,2026-05-04 05:10:54+00:00,1777871454000,16811,27.55682,55.76221,9.97375,62116,True,62.15496,3
20260504-003042,-OrlOQ4br-UfNWSFF2Lq,2026-05-04 05:11:06+00:00,1777871466000,16823,27.55936,55.73778,9.97362,62116,True,62.11701,3
20260504-003042,-OrlOT0ggCTUgVfff5o1,2026-05-04 05:11:18+00:00,1777871478000,16835,27.55175,55.78126,9.97355,62254,True,62.11765,3
20260504-003042,-OrlOVx2BAJrkj9T9iuY,2026-05-04 05:11:30+00:00,1777871490000,16847,27.55429,55.68417,9.97364,62254,True,62.25343,3
20260504-003042,-OrlOYs4ACIehqYv011r,2026-05-04 05:11:42+00:00,1777871502000,16859,27.55682,55.57498,9.9737,62347,True,61.79905,3
20260504-003042,-OrlOapBCtqg7smfWw7v,2026-05-04 05:11:54+00:00,1777871514000,16871,27.55936,55.52086,9.97376,62580,True,60.75011,3
20260504-003042,-OrlOdjOUfNeU2RryzYi,2026-05-04 05:12:06+00:00,1777871526000,16883,27.55936,55.54764,9.97367,62208,True,61.25792,3
20260504-003042,-OrlOgeaDpyykssGjc7N,2026-05-04 05:12:18+00:00,1777871538000,16895,27.55936,55.57153,9.97372,61932,True,62.15062,3
20260504-003042,-OrlOja_MxNe3-moF1IT,2026-05-04 05:12:30+00:00,1777871550000,16907,27.54668,55.58772,9.97348,62440,True,61.38219,3
20260504-003042,-OrlOmXXZZh5chcC3-6l,2026-05-04 05:12:42+00:00,1777871562000,16919,27.55682,55.51062,9.97377,62580,True,61.27568,3
20260504-003042,-OrlOpSYGzPnNvOZgvig,2026-05-04 05:12:54+00:00,1777871574000,16931,27.5619,55.51031,9.97385,62162,True,62.25179,3
20260504-003042,-OrlOsNiswTBy1IWrX2V,2026-05-04 05:13:06+00:00,1777871586000,16943,27.55429,55.53936,9.97371,62580,True,61.37284,3
20260504-003042,-OrlOwDuEeBXrYqGqL3T,2026-05-04 05:13:18+00:00,1777871598000,16955,27.55429,55.5373,9.9738,62533,True,60.72664,3
20260504-003042,-OrlOySCnu2r5qJRMdVn,2026-05-04 05:13:31+00:00,1777871611000,16968,27.52893,55.8968,9.97383,57588,True,84.26843,3
20260504-003042,-OrlP0PZxevAKNS9HcHS,2026-05-04 05:13:43+00:00,1777871623000,16980,27.54668,55.56023,9.97378,60941,True,79.28402,3
20260504-003042,-OrlP3Q4jSLf_1XS_5Xy,2026-05-04 05:13:55+00:00,1777871635000,16992,27.55175,55.48302,9.97397,61840,True,69.91509,3
20260504-003042,-OrlP6FTTz2Ytqxbm7Vt,2026-05-04 05:14:07+00:00,1777871647000,17004,27.54414,55.49112,9.97362,62024,True,66.05629,3
20260504-003042,-OrlP9AatXq4qo4cKy5l,2026-05-04 05:14:19+00:00,1777871659000,17016,27.54922,55.44014,9.97375,62533,True,63.31145,3
20260504-003042,-OrlPC67eRmYF4LCCO1v,2026-05-04 05:14:31+00:00,1777871671000,17028,27.54922,55.41451,9.97381,62116,True,62.88249,3
20260504-003042,-OrlPF1QBdpGVUClk8lO,2026-05-04 05:14:43+00:00,1777871683000,17040,27.54668,55.42713,9.97377,62393,True,61.49232,3
20260504-003042,-OrlPHy76K2sr-VBJP_z,2026-05-04 05:14:55+00:00,1777871695000,17052,27.54668,55.38733,9.9737,62627,True,61.34383,3
20260504-003042,-OrlPKvGvyHAeIXvDYVv,2026-05-04 05:15:07+00:00,1777871707000,17064,27.54668,55.38836,9.97368,62393,True,61.49553,3
20260504-003042,-OrlPNp7SRQNODhsaLG8,2026-05-04 05:15:19+00:00,1777871719000,17076,27.53907,55.32404,9.97371,62767,True,60.91856,3
20260504-003042,-OrlPQkEcQxOtnfhKv5N,2026-05-04 05:15:31+00:00,1777871731000,17088,27.54668,55.17868,9.97383,62767,True,60.39846,3
20260504-003042,-OrlPTfwcsdLVv1C__53,2026-05-04 05:15:43+00:00,1777871743000,17100,27.54668,55.12366,9.97373,62909,True,59.07134,3
20260504-003042,-OrlPWbYgSU4jqrR8VVy,2026-05-04 05:15:55+00:00,1777871755000,17112,27.54668,55.11692,9.97364,62720,True,59.82936,3
20260504-003042,-OrlPZXlUz9fWI8qLIF1,2026-05-04 05:16:07+00:00,1777871767000,17124,27.54414,55.0914,9.97357,62862,True,59.56902,3
20260504-003042,-OrlPbzAVTRfIMCUsWyp,2026-05-04 05:16:19+00:00,1777871779000,17136,27.54668,55.13028,9.97363,62862,True,59.09608,3
20260504-003042,-OrlPeP4q9UMBIyOOPsJ,2026-05-04 05:16:31+00:00,1777871791000,17148,27.54414,55.14982,9.97351,63051,True,58.62877,3
20260504-003042,-OrlPhKcDquSZD9G20HJ,2026-05-04 05:16:43+00:00,1777871803000,17160,27.55429,55.13722,9.97362,62956,True,59.11957,3
20260504-003042,-OrlPkGOI-Fd6PHX_qqk,2026-05-04 05:16:55+00:00,1777871815000,17172,27.54922,55.13433,9.97354,63051,True,58.76996,3
20260504-003042,-OrlPnBo2m39Rk3-YuQ-,2026-05-04 05:17:07+00:00,1777871827000,17184,27.54668,55.11804,9.97343,62767,True,59.99158,3
20260504-003042,-OrlPq7J9miQFspidhwX,2026-05-04 05:17:19+00:00,1777871839000,17196,27.55175,55.12394,9.97365,62862,True,58.64145,3
20260504-003042,-OrlPt2l_6lpa2002S4w,2026-05-04 05:17:31+00:00,1777871851000,17208,27.55175,55.14394,9.97362,63051,True,58.10877,3
20260504-003042,-OrlPvyvIpjyED73e1hA,2026-05-04 05:17:43+00:00,1777871863000,17220,27.55175,55.12165,9.9736,63146,True,58.75495,3
20260504-003042,-OrlPyuqgBVr2duyW-TW,2026-05-04 05:17:55+00:00,1777871875000,17232,27.55682,55.07969,9.9737,63194,True,58.44854,3
20260504-003042,-OrlQ0qm0QHlnV48BC5N,2026-05-04 05:18:07+00:00,1777871887000,17244,27.54668,55.00605,9.97359,63098,True,58.8748,3
20260504-003042,-OrlQ3llja35COP0pU2E,2026-05-04 05:18:19+00:00,1777871899000,17256,27.54668,54.9444,9.97347,63385,True,57.47531,3
20260504-003042,-OrlQ6h0XXoLE77ER87J,2026-05-04 05:18:31+00:00,1777871911000,17268,27.54414,54.9598,9.9735,63433,True,57.28908,3
20260504-003042,-OrlQ9cLaF3ehHzLfaBA,2026-05-04 05:18:43+00:00,1777871923000,17280,27.54414,54.93013,9.97343,63098,True,58.6492,3
20260504-003042,-OrlQCYlF72hcvHKG5Nq,2026-05-04 05:18:55+00:00,1777871935000,17292,27.55175,54.79796,9.97349,63337,True,57.53857,3
20260504-003042,-OrlQFVu_nIShoX50abR,2026-05-04 05:19:07+00:00,1777871947000,17304,27.54922,54.81782,9.9736,63723,True,56.80106,3
20260504-003042,-OrlQIQQtUTwUxnj_vkM,2026-05-04 05:19:19+00:00,1777871959000,17316,27.54668,54.83879,9.97348,63289,True,57.67376,3
20260504-003042,-OrlQLS4trAS83ODnDJt,2026-05-04 05:19:31+00:00,1777871971000,17328,27.54922,54.81087,9.97351,63577,True,56.85159,3
20260504-003042,-OrlQOH3wfEDn69zz5HJ,2026-05-04 05:19:43+00:00,1777871983000,17340,27.55175,54.7711,9.9736,63241,True,58.10497,3
20260504-003042,-OrlQRDv-r9sstUYTCPA,2026-05-04 05:19:55+00:00,1777871995000,17352,27.54922,54.74157,9.97338,63723,True,57.47686,3
20260504-003042,-OrlQU8tZPa_wGPlgL1s,2026-05-04 05:20:07+00:00,1777872007000,17364,27.54414,54.68597,9.97339,63626,True,56.9451,3
20260504-003042,-OrlQX4485eOY3CzucuP,2026-05-04 05:20:19+00:00,1777872019000,17376,27.55429,54.52882,9.97361,63820,True,56.27782,3
20260504-003042,-OrlQ_-KGgx7YqmPU2gR,2026-05-04 05:20:31+00:00,1777872031000,17388,27.54668,54.56997,9.97336,63481,True,57.21253,3
20260504-003042,-OrlQbvXhRdnDAY54UV6,2026-05-04 05:20:43+00:00,1777872043000,17400,27.55429,54.62189,9.97359,63481,True,57.23916,3
20260504-003042,-OrlQeqs7UdHelS68zT2,2026-05-04 05:20:55+00:00,1777872055000,17412,27.54922,54.62812,9.9736,63723,True,56.75068,3
20260504-003042,-OrlQhohgUdDPsIVCqiU,2026-05-04 05:21:07+00:00,1777872067000,17424,27.55175,54.58678,9.97358,63868,True,56.17654,3
20260504-003042,-OrlQkhjXpLNiZhG1dgb,2026-05-04 05:21:19+00:00,1777872079000,17436,27.54922,54.55219,9.97353,63820,True,56.88221,3
20260504-003042,-OrlQnddkpZNtfZJZMLu,2026-05-04 05:21:31+00:00,1777872091000,17448,27.54922,54.57402,9.97342,63820,True,56.59784,3
20260504-003042,-OrlQq_1-p03Zj0cwCdc,2026-05-04 05:21:43+00:00,1777872103000,17460,27.55682,54.52382,9.97368,63868,True,56.54088,3
20260504-003042,-OrlQtVIuOO-k8DVneyl,2026-05-04 05:21:55+00:00,1777872115000,17472,27.54414,54.54347,9.97346,63723,True,56.16346,3
20260504-003042,-OrlQwQzM8_NhbaQNBWl,2026-05-04 05:22:07+00:00,1777872127000,17484,27.55175,54.45817,9.97351,64064,True,55.43959,3
20260504-003042,-OrlQzMcnkNqDq89sfTc,2026-05-04 05:22:19+00:00,1777872139000,17496,27.54922,54.47941,9.97354,63868,True,56.29073,3
20260504-003042,-OrlR1I5XZZLuJmjLOZA,2026-05-04 05:22:31+00:00,1777872151000,17508,27.54922,54.46328,9.97347,64211,True,55.39901,3
20260504-003042,-OrlR4ORsAf4dD8l2IbY,2026-05-04 05:22:43+00:00,1777872163000,17520,27.55429,54.37223,9.97366,64015,True,56.1936,3
20260504-003042,-OrlR78sIeNROE5e5Ghw,2026-05-04 05:22:55+00:00,1777872175000,17532,27.54922,54.12322,9.97354,64508,True,55.00929,3
20260504-003042,-OrlRA4Ziz-XBLV4W0Wr,2026-05-04 05:23:07+00:00,1777872187000,17544,27.55429,53.94783,9.97359,64558,True,54.37,3
20260504-003042,-OrlRD0iSwWjc5ru4QWK,2026-05-04 05:23:19+00:00,1777872199000,17556,27.54922,54.03605,9.97356,64310,True,54.76981,3
20260504-003042,-OrlRFx73UgF3ckbpTTe,2026-05-04 05:23:31+00:00,1777872211000,17568,27.55175,54.23754,9.97353,64113,True,55.02613,3
20260504-003042,-OrlRItec8EbRLpPuGKZ,2026-05-04 05:23:43+00:00,1777872223000,17580,27.55175,54.4331,9.97336,64015,True,56.25471,3
20260504-003042,-OrlRLncX6Vuj0Nzmq7Y,2026-05-04 05:23:55+00:00,1777872235000,17592,27.54668,54.55403,9.97356,63626,True,57.67511,3
20260504-003042,-OrlROinCGiElZudgfL7,2026-05-04 05:24:07+00:00,1777872247000,17604,27.54668,54.54043,9.97345,64310,True,56.14791,3
20260504-003042,-OrlRReC-a0MvzXnK67G,2026-05-04 05:24:19+00:00,1777872259000,17616,27.54414,54.61918,9.97364,64015,True,57.43287,3
20260504-003042,-OrlRUaLh-75v29xIAgb,2026-05-04 05:24:31+00:00,1777872271000,17628,27.54668,54.77237,9.97354,63868,True,57.17589,3
20260504-003042,-OrlRXWcLPwXpg0zLKQ4,2026-05-04 05:24:43+00:00,1777872283000,17640,27.54414,54.83044,9.97364,63626,True,57.45212,3
20260504-003042,-OrlR_S79GDbxXSc8Ydi,2026-05-04 05:24:55+00:00,1777872295000,17652,27.54161,54.81811,9.9736,64015,True,57.56947,3
20260504-003042,-OrlRcOEWNtIRHcavz_A,2026-05-04 05:25:07+00:00,1777872307000,17664,27.55175,54.82766,9.97379,63674,True,57.44463,3
20260504-003042,-OrlRfId8lDqwbhCCL-h,2026-05-04 05:25:19+00:00,1777872319000,17676,27.54668,54.89209,9.97326,63723,True,57.37606,3
20260504-003042,-OrlRiEVZlk8M9weiZCp,2026-05-04 05:25:31+00:00,1777872331000,17688,27.53907,54.88009,9.97338,63966,True,56.35203,3
20260504-003042,-OrlRlAE_MFYM7UG7xv3,2026-05-04 05:25:43+00:00,1777872343000,17700,27.54668,54.86876,9.97327,63723,True,56.26488,3
20260504-003042,-OrlRqMNY7UE6wcNjpA2,2026-05-04 05:25:55+00:00,1777872355000,17712,27.54161,54.46732,9.97344,63820,True,56.54753,3
20260504-003042,-OrlRr7EKw1n73D0smvz,2026-05-04 05:26:08+00:00,1777872368000,17725,27.59595,54.2057,9.97349,64015,True,56.05618,3
20260504-003042,-OrlRu2bZXVmeTs0tIxA,2026-05-04 05:26:20+00:00,1777872380000,17737,27.52386,54.85091,9.97356,57947,True,105.24344,3
20260504-003042,-OrlRwyzAJbsS_ISaZ9y,2026-05-04 05:26:32+00:00,1777872392000,17749,27.52893,54.58717,9.97355,61297,True,85.81334,3
20260504-003042,-OrlRzvDumAeXrKmyzcI,2026-05-04 05:26:44+00:00,1777872404000,17761,27.53654,53.95747,9.97357,63098,True,69.55544,3
20260504-003042,-OrlS1qmSUFfJaAlQpfQ,2026-05-04 05:26:56+00:00,1777872416000,17773,27.534,53.8625,9.97349,63577,True,62.2804,3
20260504-003042,-OrlS4m3SvpV-1rf4RbT,2026-05-04 05:27:08+00:00,1777872428000,17785,27.534,53.94902,9.97348,64162,True,58.36224,3
20260504-003042,-OrlS7hN10UHMxBwbeNQ,2026-05-04 05:27:20+00:00,1777872440000,17797,27.53654,54.07918,9.97341,64064,True,57.15586,3
20260504-003042,-OrlSAcp2-2G4NicqUXa,2026-05-04 05:27:32+00:00,1777872452000,17809,27.53654,54.03025,9.97334,64359,True,55.52569,3
20260504-003042,-OrlSDZU3RPfKOX21kc2,2026-05-04 05:27:44+00:00,1777872464000,17821,27.53654,54.00667,9.97336,64310,True,55.37558,3
20260504-003042,-OrlSGVqPhHf_cR4v5C6,2026-05-04 05:27:56+00:00,1777872476000,17833,27.54668,53.94707,9.97357,64807,True,54.29335,3
20260504-003042,-OrlSJQVVVqAeWdI9lQP,2026-05-04 05:28:08+00:00,1777872488000,17845,27.53654,53.90021,9.97327,64458,True,54.47967,3
20260504-003042,-OrlSMM6ByOx_JbQQbOE,2026-05-04 05:28:20+00:00,1777872500000,17857,27.54161,53.82344,9.97344,64607,True,53.48145,3
20260504-003042,-OrlSPH1FX7wKx8TmSLT,2026-05-04 05:28:32+00:00,1777872512000,17869,27.54161,53.75223,9.97332,64607,True,54.35058,3
20260504-003042,-OrlSSCe7oLgLu45jYVQ,2026-05-04 05:28:44+00:00,1777872524000,17881,27.54161,53.70845,9.97356,64657,True,54.25935,3
20260504-003042,-OrlSVh_gf_KwdjxHAuh,2026-05-04 05:28:56+00:00,1777872536000,17893,27.54414,53.67033,9.97344,64858,True,54.04827,3
20260504-003042,-OrlSY4nSMQjG-YnPio8,2026-05-04 05:29:08+00:00,1777872548000,17905,27.54668,53.66607,9.97348,64657,True,54.31493,3
20260504-003042,-OrlSa-FpC4A_vChieNJ,2026-05-04 05:29:20+00:00,1777872560000,17917,27.54414,53.65255,9.97373,65059,True,52.58362,3
20260504-003042,-OrlScvncy5NrVSxww0m,2026-05-04 05:29:32+00:00,1777872572000,17929,27.54414,53.63333,9.97381,65009,True,52.95524,3
20260504-003042,-OrlSfqpKswBnR63_zoe,2026-05-04 05:29:44+00:00,1777872584000,17941,27.53907,53.63636,9.97361,65110,True,52.85108,3
20260504-003042,-OrlSimSWtlGiq3gAsfx,2026-05-04 05:29:56+00:00,1777872596000,17953,27.55175,53.59859,9.97387,65211,True,52.78386,3
20260504-003042,-OrlSliaMRpMxDFDu0wz,2026-05-04 05:30:08+00:00,1777872608000,17965,27.54414,53.53108,9.97383,65364,True,52.26386,3
20260504-003042,-OrlSodh7G8jutrowU_O,2026-05-04 05:30:20+00:00,1777872620000,17977,27.54922,53.55489,9.97388,65466,True,51.53552,3
20260504-003042,-OrlSrajRr4I3uGTdkQM,2026-05-04 05:30:32+00:00,1777872632000,17989,27.54922,53.60985,9.97395,65262,True,51.90144,3
20260504-003042,-OrlSuVwQdAcbMFpQ_wQ,2026-05-04 05:30:44+00:00,1777872644000,18001,27.54414,53.60176,9.9735,65110,True,52.03384,3
20260504-003042,-OrlSxRflxh6Z_6ssIwz,2026-05-04 05:30:56+00:00,1777872656000,18013,27.55175,53.53361,9.97362,65009,True,52.49773,3
20260504-003042,-OrlT-N3jyCwYOOjcSai,2026-05-04 05:31:08+00:00,1777872668000,18025,27.54668,53.52867,9.9735,65364,True,52.41666,3
20260504-003042,-OrlT2IrjvOttdQjYNPA,2026-05-04 05:31:20+00:00,1777872680000,18037,27.54668,53.56675,9.9735,65160,True,52.89818,3
20260504-003042,-OrlT5DhjtN76jDGl7MK,2026-05-04 05:31:32+00:00,1777872692000,18049,27.55429,53.53866,9.97361,65313,True,52.32374,3
20260504-003042,-OrlT89HRA_XUZTwpZg3,2026-05-04 05:31:44+00:00,1777872704000,18061,27.55175,53.46086,9.97358,65364,True,51.57618,3
20260504-003042,-OrlTB4Ur0G1q3mvt-7F,2026-05-04 05:31:56+00:00,1777872716000,18073,27.54668,53.44826,9.97356,65262,True,51.88216,3
20260504-003042,-OrlTE9EvzrN6W9lXK3y,2026-05-04 05:32:08+00:00,1777872728000,18085,27.54922,53.41932,9.97368,65364,True,51.4761,3
20260504-003042,-OrlTGxCdN75VDGSHOEg,2026-05-04 05:32:20+00:00,1777872740000,18097,27.54922,53.35974,9.97372,65466,True,51.39746,3
20260504-003042,-OrlTJsj_PopBEjmHckL,2026-05-04 05:32:32+00:00,1777872752000,18109,27.54668,53.32606,9.97356,65364,True,51.20555,3
20260504-003042,-OrlTMnXP3avNjF4i4Qh,2026-05-04 05:32:44+00:00,1777872764000,18121,27.54922,53.31977,9.97393,65313,True,51.54976,3
20260504-003042,-OrlTPjPSRc62lm357aa,2026-05-04 05:32:56+00:00,1777872776000,18133,27.54161,53.34717,9.97386,65517,True,50.77393,3
20260504-003042,-OrlTSendvcnIURgDk4Y,2026-05-04 05:33:08+00:00,1777872788000,18145,27.54414,53.33176,9.97399,65620,True,50.61044,3
20260504-003042,-OrlTVaA1_vg_e80fPqQ,2026-05-04 05:33:20+00:00,1777872800000,18157,27.54414,53.28647,9.97383,66034,True,50.63542,3
20260504-003042,-OrlTYWvsDA9M_0Qd1R1,2026-05-04 05:33:32+00:00,1777872812000,18169,27.54161,53.1971,9.9739,65671,True,51.47544,3
20260504-003042,-OrlTaSzuuyXrHlxjIkL,2026-05-04 05:33:44+00:00,1777872824000,18181,27.54414,53.07547,9.97397,66034,True,50.0,2
20260504-003042,-OrlTdODA2mVzACmw-rs,2026-05-04 05:33:56+00:00,1777872836000,18193,27.54414,52.9906,9.97385,66138,True,49.92495,2
20260504-003042,-OrlTgIxNVdUxX6_tJVN,2026-05-04 05:34:08+00:00,1777872848000,18205,27.54161,53.05661,9.97381,66138,True,49.95842,2
20260504-003042,-OrlTjExAQzN_iv7fBU3,2026-05-04 05:34:20+00:00,1777872860000,18217,27.54668,53.13089,9.97387,65775,True,51.20298,2
20260504-003042,-OrlTmAmtjB8dR7v6c2l,2026-05-04 05:34:32+00:00,1777872872000,18229,27.54922,53.11103,9.97384,65930,True,50.63099,2
20260504-003042,-OrlTp5q9dH5oLoBbStd,2026-05-04 05:34:44+00:00,1777872884000,18241,27.54668,53.14037,9.97391,65930,True,51.24272,2
20260504-003042,-OrlTs2quI-5nm4e1t5T,2026-05-04 05:34:56+00:00,1777872896000,18253,27.54668,53.07085,9.97377,66243,True,50.83403,2
20260504-003042,-OrlTuxXL8y4KB45SFJU,2026-05-04 05:35:08+00:00,1777872908000,18265,27.54668,53.02122,9.97385,66034,True,50.87514,2
20260504-003042,-OrlTyJseHCKvbYit_Sj,2026-05-04 05:35:20+00:00,1777872920000,18277,27.54161,53.08278,9.97381,66034,True,50.93835,3
20260504-003042,-OrlU-ommfXiwB3TTcBf,2026-05-04 05:35:32+00:00,1777872932000,18289,27.54668,53.01431,9.97377,66190,True,50.50158,3
20260504-003042,-OrlU2kNg9W90nq0YShU,2026-05-04 05:35:44+00:00,1777872944000,18301,27.53907,52.89218,9.97386,66243,True,50.10938,3
20260504-003042,-OrlU5fx79HeHRlR2pqp,2026-05-04 05:35:56+00:00,1777872956000,18313,27.54668,52.80683,9.97385,66034,True,50.84626,2
20260504-003042,-OrlU8b1kX_irGV-qtg-,2026-05-04 05:36:08+00:00,1777872968000,18325,27.55175,52.88085,9.97392,66506,True,49.77376,2
20260504-003042,-OrlUBXKjN3PpnUGy0Tr,2026-05-04 05:36:20+00:00,1777872980000,18337,27.54922,52.96264,9.97377,65878,True,51.23943,2
20260504-003042,-OrlUETQkm13UvIsPanG,2026-05-04 05:36:32+00:00,1777872992000,18349,27.54161,52.96714,9.97367,66506,True,50.49803,2
20260504-003042,-OrlUHOiV59WQ5LShfKK,2026-05-04 05:36:44+00:00,1777873004000,18361,27.54414,52.7796,9.97385,66086,True,52.23546,2
20260504-003042,-OrlUKK5JUO81A8JVMhl,2026-05-04 05:36:56+00:00,1777873016000,18373,27.53907,52.68915,9.97373,66506,True,50.88262,2
20260504-003042,-OrlUNFiXgwwYEFyE8fC,2026-05-04 05:37:08+00:00,1777873028000,18385,27.54414,52.73494,9.97373,66453,True,50.79875,2
20260504-003042,-OrlUQAtakC9NuyZy7Ej,2026-05-04 05:37:20+00:00,1777873040000,18397,27.54668,52.78695,9.9738,66400,True,51.65981,3
20260504-003042,-OrlUT6kH65bxxS3ylee,2026-05-04 05:37:32+00:00,1777873052000,18409,27.54161,52.76241,9.97372,66138,True,52.00552,3
20260504-003042,-OrlUW2LMHe8Lq3wCrB4,2026-05-04 05:37:44+00:00,1777873064000,18421,27.54414,52.74416,9.97387,66348,True,51.59034,3
20260504-003042,-OrlUYyxH66bWQwhnkeu,2026-05-04 05:37:56+00:00,1777873076000,18433,27.54414,52.71118,9.9738,66718,True,50.12424,3
20260504-003042,-OrlUau1bqEWcTgxN18g,2026-05-04 05:38:08+00:00,1777873088000,18445,27.54668,52.55951,9.97382,66985,True,49.67387,2
20260504-003042,-OrlUdpQfvhFeR3fQNqW,2026-05-04 05:38:20+00:00,1777873100000,18457,27.54922,52.52135,9.97391,66400,True,50.96967,2
20260504-003042,-OrlUgyX28qrCe79cfb4,2026-05-04 05:38:32+00:00,1777873112000,18469,27.54922,52.62236,9.974,66400,True,50.96721,2
20260504-003042,-OrlUjgGGXHafJEf9bb8,2026-05-04 05:38:44+00:00,1777873124000,18481,27.54668,52.58504,9.97387,66878,True,50.07974,2
20260504-003042,-OrlUmcaZmOfZU7CkueO,2026-05-04 05:38:56+00:00,1777873136000,18493,27.55175,52.52674,9.97415,66295,True,51.28492,2
20260504-003042,-OrlUpYbYCAXqMY9q5xh,2026-05-04 05:39:08+00:00,1777873148000,18505,27.55175,52.45673,9.97394,66665,True,50.5667,3
20260504-003042,-OrlUsUT_U6Hi54ZMVXm,2026-05-04 05:39:20+00:00,1777873160000,18517,27.54668,52.4614,9.97394,66718,True,50.29427,2
20260504-003042,-OrlUvPOn49bk8fOJ9YV,2026-05-04 05:39:32+00:00,1777873172000,18529,27.54668,52.47895,9.97405,67199,True,50.0,2
20260504-003042,-OrlUyLao39AQM5ERcB2,2026-05-04 05:39:44+00:00,1777873184000,18541,27.54161,52.44568,9.97381,66771,True,50.54006,2
20260504-003042,-OrlV0HxojrVnyRTyDLI,2026-05-04 05:39:56+00:00,1777873196000,18553,27.54414,52.37755,9.97388,66824,True,50.56824,2
20260504-003042,-OrlV3CGleGgb6PU_cAp,2026-05-04 05:40:08+00:00,1777873208000,18565,27.54414,52.38612,9.97413,66665,True,50.89387,2
20260504-003042,-OrlV67t93cC2hkcbdxn,2026-05-04 05:40:20+00:00,1777873220000,18577,27.54161,52.37172,9.974,67146,True,50.0,2
20260504-003042,-OrlV92vBQUwEmRFIr0v,2026-05-04 05:40:32+00:00,1777873232000,18589,27.54161,52.45571,9.97416,66878,True,50.78138,2
20260504-003042,-OrlVBzQJT4aLila2wpY,2026-05-04 05:40:44+00:00,1777873244000,18601,27.54668,52.54356,9.97408,67253,True,50.55405,2
20260504-003042,-OrlVEuzFKFvOlOqtzFQ,2026-05-04 05:40:56+00:00,1777873256000,18613,27.54414,52.6476,9.97413,66612,True,51.00127,2
20260504-003042,-OrlVHqUE6RX_Fag9vq4,2026-05-04 05:41:08+00:00,1777873268000,18625,27.54161,52.53702,9.97407,66612,True,51.44134,2
20260504-003042,-OrlVKm3HWZFTrhTEUoi,2026-05-04 05:41:20+00:00,1777873280000,18637,27.54161,52.40091,9.974,66718,True,51.43634,2
20260504-003042,-OrlVNhpzT-NxennXp_9,2026-05-04 05:41:32+00:00,1777873292000,18649,27.54922,52.45493,9.97416,67199,True,50.0,2
20260504-003042,-OrlVQnqKUeucPbY0X-_,2026-05-04 05:41:44+00:00,1777873304000,18661,27.54161,52.68922,9.97397,66559,True,51.4551,2
20260504-003042,-OrlVTZTAlulwkEy2IH-,2026-05-04 05:41:56+00:00,1777873316000,18673,27.54668,52.81016,9.97408,66612,True,52.36682,2
20260504-003042,-OrlVWVAxqTXorqZDwKC,2026-05-04 05:42:08+00:00,1777873328000,18685,27.54414,52.51432,9.97424,66771,True,51.83159,2
20260504-003042,-OrlVZQRU7wTZPvbSF6Y,2026-05-04 05:42:20+00:00,1777873340000,18697,27.54668,52.39407,9.97417,66878,True,51.58923,2
20260504-003042,-OrlVbM6_UZqM_DPG3wx,2026-05-04 05:42:32+00:00,1777873352000,18709,27.54922,52.43282,9.97428,66985,True,50.27331,3
20260504-003042,-OrlVeJ_q58w_tCxdLNm,2026-05-04 05:42:44+00:00,1777873364000,18721,27.54922,52.47719,9.97393,67146,True,50.07323,2
20260504-003042,-OrlVhDczuFDhlEaPdWm,2026-05-04 05:42:56+00:00,1777873376000,18733,27.54668,52.47933,9.97403,66931,True,51.10167,2
20260504-003042,-OrlVk8qVhm7xVNaHjKZ,2026-05-04 05:43:08+00:00,1777873388000,18745,27.54668,52.59217,9.97408,66878,True,51.1387,2
20260504-003042,-OrlVn4Q7qzVShTxSsxi,2026-05-04 05:43:20+00:00,1777873400000,18757,27.54668,52.59396,9.9741,66612,True,51.87455,2
20260504-003042,-OrlVq-OHMzlnwgd_4gt,2026-05-04 05:43:32+00:00,1777873412000,18769,27.54414,52.48411,9.97401,66985,True,51.38324,2
20260504-003042,-OrlVsvqv-8Pyne_PF-H,2026-05-04 05:43:44+00:00,1777873424000,18781,27.54922,52.35486,9.97407,66771,True,50.7981,2
20260504-003042,-OrlVvrL_7tzPv1tlStR,2026-05-04 05:43:56+00:00,1777873436000,18793,27.54414,52.32247,9.97388,67092,True,50.71454,2
20260504-003042,-OrlVyna1PVS4qECymbg,2026-05-04 05:44:08+00:00,1777873448000,18805,27.54414,52.36953,9.97385,67362,True,49.98652,2
20260504-003042,-OrlW0j0b3eX7sJq7jPJ,2026-05-04 05:44:20+00:00,1777873460000,18817,27.53907,52.29762,9.97394,67146,True,50.96326,2
20260504-003042,-OrlW3eCxmuP-4ESJ_kV,2026-05-04 05:44:32+00:00,1777873472000,18829,27.54922,52.31633,9.97405,67146,True,51.09309,2
20260504-003042,-OrlW6_jfh6N7jMIQxKe,2026-05-04 05:44:44+00:00,1777873484000,18841,27.55175,52.41577,9.9739,66985,True,51.54362,2
20260504-003042,-OrlW9cU7R46piopk59W,2026-05-04 05:44:56+00:00,1777873496000,18853,27.54922,52.35827,9.97395,67470,True,50.09652,2
20260504-003042,-OrlWCRN31ZWyAhK0zmY,2026-05-04 05:45:08+00:00,1777873508000,18865,27.54161,52.28761,9.97386,67253,True,50.58699,3
20260504-003042,-OrlWFNCcP6cZwnYAsxw,2026-05-04 05:45:20+00:00,1777873520000,18877,27.54414,52.17862,9.9738,67579,True,49.66953,2
20260504-003042,-OrlWIIWchOwgOIuQbGo,2026-05-04 05:45:32+00:00,1777873532000,18889,27.54668,52.08979,9.97377,67308,True,50.49023,2
20260504-003042,-OrlWLEmzzo-UnHaAnoD,2026-05-04 05:45:44+00:00,1777873544000,18901,27.54414,52.04733,9.97378,67525,True,49.95828,2
20260504-003042,-OrlWO9ttWKM6ic_GcN3,2026-05-04 05:45:56+00:00,1777873556000,18913,27.54668,51.93508,9.97368,67470,True,50.18801,2
20260504-003042,-OrlWR4rgfJ9BhAVjY_j,2026-05-04 05:46:08+00:00,1777873568000,18925,27.54922,51.93056,9.97386,67743,True,50.09325,2
20260504-003042,-OrlWU0X3bnVhcuBrrBa,2026-05-04 05:46:20+00:00,1777873580000,18937,27.54668,52.015,9.97359,67146,True,51.05546,2
20260504-003042,-OrlWWww1f1UwlBlt9L9,2026-05-04 05:46:32+00:00,1777873592000,18949,27.53907,52.0887,9.97357,67525,True,51.72694,2
20260504-003042,-OrlWZsKeH9xibNJ4ypG,2026-05-04 05:46:44+00:00,1777873604000,18961,27.54922,52.04429,9.97365,67362,True,51.61501,2
20260504-003042,-OrlWbnm4-uzOtbbM0IO,2026-05-04 05:46:56+00:00,1777873616000,18973,27.54922,52.00935,9.97372,67362,True,51.63478,2
20260504-003042,-OrlWejX2KoFWmbAGxy-,2026-05-04 05:47:08+00:00,1777873628000,18985,27.54414,51.9173,9.97346,67416,True,51.65765,2
20260504-003042,-OrlWhfC8PsbUg0YxDuy,2026-05-04 05:47:20+00:00,1777873640000,18997,27.54668,51.80742,9.97357,67416,True,51.0603,3
20260504-003042,-OrlWkafu7vTEcUdiQ36,2026-05-04 05:47:32+00:00,1777873652000,19009,27.54161,51.82688,9.97358,67525,True,51.26173,3
20260504-003042,-OrlWnXEQ8vMSpP9bmxL,2026-05-04 05:47:44+00:00,1777873664000,19021,27.54161,51.82262,9.97353,67798,True,50.38717,3
20260504-003042,-OrlWqSG3LFQ9_b102Wk,2026-05-04 05:47:56+00:00,1777873676000,19033,27.54922,51.81939,9.9736,67525,True,50.65481,2
20260504-003042,-OrlWtcvRfFV5rqRrPGq,2026-05-04 05:48:08+00:00,1777873688000,19045,27.54922,51.77227,9.9736,67634,True,51.21837,2
20260504-003042,-OrlWwJAGrxvfiKAQMvN,2026-05-04 05:48:20+00:00,1777873700000,19057,27.54668,51.70537,9.9737,67743,True,51.14559,2
20260504-003042,-OrlWzFrhhkaab-cxrk5,2026-05-04 05:48:32+00:00,1777873712000,19069,27.54922,51.70211,9.97365,67798,True,51.55421,2
20260504-003042,-OrlX1AXDFy_1hfe6nD-,2026-05-04 05:48:44+00:00,1777873724000,19081,27.54414,51.69413,9.97353,67634,True,51.1707,2
20260504-003042,-OrlX460XEtKrckgiHdW,2026-05-04 05:48:56+00:00,1777873736000,19093,27.54668,51.59792,9.9738,68129,True,50.0,2
20260504-003042,-OrlX71PebtCorvoz2pM,2026-05-04 05:49:08+00:00,1777873748000,19105,27.55175,51.51957,9.97379,67963,True,50.45191,2
20260504-003042,-OrlX9xgnZJ24ajEfgGG,2026-05-04 05:49:20+00:00,1777873760000,19117,27.54668,51.57001,9.97352,67963,True,51.21087,2
20260504-003042,-OrlXCt7Tf4MyHuyw2-P,2026-05-04 05:49:32+00:00,1777873772000,19129,27.54922,51.63948,9.97361,67908,True,51.08028,2
20260504-003042,-OrlXFoxAZm5ESINoMrT,2026-05-04 05:49:44+00:00,1777873784000,19141,27.54668,51.65871,9.97371,68351,True,51.10035,2
20260504-003042,-OrlXIkWhzpdulbYz7My,2026-05-04 05:49:56+00:00,1777873796000,19153,27.54414,51.74764,9.97362,67688,True,51.77847,2
20260504-003042,-OrlXLgCxibpfqZpkySG,2026-05-04 05:50:08+00:00,1777873808000,19165,27.54922,51.68591,9.97365,68018,True,51.46191,3
20260504-003042,-OrlXOcJXsz3sKA-Tfd-,2026-05-04 05:50:20+00:00,1777873820000,19177,27.54922,51.59605,9.97349,67853,True,52.58488,3
20260504-003042,-OrlXRYWazCtvdvEU2cT,2026-05-04 05:50:32+00:00,1777873832000,19189,27.54414,51.55509,9.97374,67963,True,51.72757,3
20260504-003042,-OrlXUU009MH_jkNcX4f,2026-05-04 05:50:44+00:00,1777873844000,19201,27.54414,51.57268,9.97344,67908,True,51.39554,3
20260504-003042,-OrlXXPI8yk_YlzQjHol,2026-05-04 05:50:56+00:00,1777873856000,19213,27.54414,51.64037,9.97357,68073,True,52.00259,3
20260504-003042,-OrlX_Sg-c1HVIl-Jwdc,2026-05-04 05:51:08+00:00,1777873868000,19225,27.54414,51.50512,9.97367,68184,True,50.52666,3
20260504-003042,-OrlXcGxryOCXVfQRV5R,2026-05-04 05:51:20+00:00,1777873880000,19237,27.54161,51.47382,9.97362,68018,True,51.13121,3
20260504-003042,-OrlXfBh2uEud-VMttSU,2026-05-04 05:51:32+00:00,1777873892000,19249,27.54922,51.51825,9.97367,68129,True,50.67207,3
20260504-003042,-OrlXi7NO5zske3fhHZy,2026-05-04 05:51:44+00:00,1777873904000,19261,27.55429,51.59121,9.97369,68073,True,51.14072,3
20260504-003042,-OrlXl3AArqBEcM5176M,2026-05-04 05:51:56+00:00,1777873916000,19273,27.54161,51.69553,9.97337,67853,True,51.72308,3
20260504-003042,-OrlXoClLuFBnoMkENul,2026-05-04 05:52:08+00:00,1777873928000,19286,27.51879,51.96763,9.97339,63004,True,73.80698,3
20260504-003042,-OrlXqyPI979thIJuUmJ,2026-05-04 05:52:20+00:00,1777873940000,19297,27.44779,52.41013,9.97347,56845,True,93.4271,3
20260504-003042,-OrlXttvGoZojxE8gQ8Q,2026-05-04 05:52:32+00:00,1777873952000,19309,27.52639,51.70884,9.97337,63820,True,91.20583,3
20260504-003042,-OrlXwsQxWn_3-YXyaPz,2026-05-04 05:52:44+00:00,1777873964000,19321,27.52639,51.49702,9.97343,66243,True,72.79313,3
20260504-003042,-OrlXzkil0VpCsJrQRGg,2026-05-04 05:52:56+00:00,1777873976000,19333,27.534,51.35763,9.97349,66824,True,63.59574,3
20260504-003042,-OrlY1fz51mNevKdqB6r,2026-05-04 05:53:08+00:00,1777873988000,19345,27.53654,51.29256,9.97346,67634,True,57.11038,3
20260504-003042,-OrlY4dnKR50uAug5tgR,2026-05-04 05:53:20+00:00,1777874000000,19357,27.54161,51.24766,9.97339,68295,True,54.76719,3
20260504-003042,-OrlY7YBkzwIdx80lQGh,2026-05-04 05:53:32+00:00,1777874012000,19369,27.53907,51.18613,9.97336,68295,True,53.10806,3
20260504-003042,-OrlYATcNhkORfv2Uvse,2026-05-04 05:53:44+00:00,1777874024000,19381,27.54414,51.1926,9.97348,68407,True,51.62057,3
20260504-003042,-OrlYDPdM7_6xWPHS3xZ,2026-05-04 05:53:56+00:00,1777874036000,19393,27.54668,51.10756,9.97352,68295,True,51.1951,3
20260504-003042,-OrlYGjhSEemTd8fw_-r,2026-05-04 05:54:08+00:00,1777874048000,19405,27.54414,51.13469,9.97353,68295,True,51.8326,3
20260504-003042,-OrlYJGgSvT5gNdZWuR8,2026-05-04 05:54:20+00:00,1777874060000,19417,27.53907,51.29455,9.97354,68744,True,50.94077,3
20260504-003042,-OrlYMCeDtui9llSPDve,2026-05-04 05:54:32+00:00,1777874072000,19429,27.54161,51.31371,9.97347,68351,True,51.05466,3
20260504-003042,-OrlYP7xa2W1iBZ2NnYR,2026-05-04 05:54:44+00:00,1777874084000,19441,27.53907,51.23391,9.97356,68575,True,51.2916,3
20260504-003042,-OrlYS2pmkS41gv_vLWk,2026-05-04 05:54:56+00:00,1777874096000,19453,27.54161,51.14908,9.97342,68295,True,51.6301,3
20260504-003042,-OrlYUzDE_Yp8Oe9D9WS,2026-05-04 05:55:08+00:00,1777874108000,19465,27.53654,51.24334,9.97325,68351,True,50.90898,3
20260504-003042,-OrlYXvrerCtgE7FHnOB,2026-05-04 05:55:20+00:00,1777874120000,19477,27.53907,51.30909,9.97349,68351,True,51.02242,3
20260504-003042,-OrlY_rV3OPDzXijrSHa,2026-05-04 05:55:32+00:00,1777874132000,19489,27.54161,51.27087,9.97349,68519,True,50.90051,3
20260504-003042,-OrlYclwHmC0NGqZ-7Bw,2026-05-04 05:55:44+00:00,1777874144000,19501,27.53907,51.20452,9.97343,68631,True,50.49955,3
20260504-003042,-OrlYfhVZXCYsui6fBhS,2026-05-04 05:55:56+00:00,1777874156000,19513,27.53907,51.10029,9.9735,68744,True,50.0,2
20260504-003042,-OrlYicTIW4VJA5dV3jo,2026-05-04 05:56:08+00:00,1777874168000,19525,27.54922,51.02372,9.97358,68631,True,50.6608,2
20260504-003042,-OrlYl_5skMRAh2sO0tL,2026-05-04 05:56:20+00:00,1777874180000,19537,27.54414,51.02538,9.97346,68631,True,51.00004,2
20260504-003042,-OrlYoUJvC4SIR7iw32w,2026-05-04 05:56:32+00:00,1777874192000,19549,27.55175,51.07222,9.97371,68744,True,50.41286,2
20260504-003042,-OrlYrQ4Qbi9FyLlZjuC,2026-05-04 05:56:44+00:00,1777874204000,19561,27.54161,51.1097,9.97346,68970,True,49.9755,2
20260504-003042,-OrlYuLUfNywZoDBHxhS,2026-05-04 05:56:56+00:00,1777874216000,19573,27.54668,51.02037,9.97366,69141,True,49.76215,2
20260504-003042,-OrlYxHEfjYAYF0024Tu,2026-05-04 05:57:08+00:00,1777874228000,19585,27.54668,50.85956,9.97347,69141,True,49.63145,2
20260504-003042,-OrlZ-NR8bmoS1YDC8o3,2026-05-04 05:57:20+00:00,1777874240000,19597,27.54414,50.76434,9.97348,68970,True,51.02615,2
20260504-003042,-OrlZ27yyyw8-H9dKkFY,2026-05-04 05:57:32+00:00,1777874252000,19609,27.54414,50.75108,9.97348,68970,True,50.74034,2
20260504-003042,-OrlZ53pUphm7MZDnr6i,2026-05-04 05:57:44+00:00,1777874264000,19621,27.54414,50.71777,9.97351,69370,True,50.402,2
20260504-003042,-OrlZ8-huDbUYnhFW_t8,2026-05-04 05:57:56+00:00,1777874276000,19633,27.54161,50.75648,9.97351,69313,True,50.6906,2
20260504-003042,-OrlZAvv9FfkrNfS9Tuv,2026-05-04 05:58:08+00:00,1777874288000,19645,27.54922,50.7252,9.97377,69084,True,51.33244,2
20260504-003042,-OrlZDsfkbhaAEp4uv8h,2026-05-04 05:58:20+00:00,1777874300000,19657,27.54922,50.67073,9.9737,69027,True,51.9679,3
20260504-003042,-OrlZGmKfc52T9gyXIs-,2026-05-04 05:58:32+00:00,1777874312000,19669,27.53907,50.64725,9.9737,69485,True,50.80544,3
20260504-003042,-OrlZJid55Z3cd-LsV4n,2026-05-04 05:58:44+00:00,1777874324000,19681,27.54161,50.60985,9.97374,69370,True,50.15816,2
20260504-003042,-OrlZMe9k7WdXtClyJpX,2026-05-04 05:58:56+00:00,1777874336000,19693,27.55175,50.59832,9.97372,69027,True,51.09457,2
20260504-003042,-OrlZPay8v6KmYE-_35q,2026-05-04 05:59:08+00:00,1777874348000,19705,27.54922,50.65674,9.97367,68970,True,52.18037,2
20260504-003042,-OrlZSW2U9JB37QORgxb,2026-05-04 05:59:20+00:00,1777874360000,19717,27.54414,50.67079,9.97337,69428,True,51.15432,2
20260504-003042,-OrlZVRDDYOauAuy8FR2,2026-05-04 05:59:32+00:00,1777874372000,19729,27.54922,50.60651,9.97349,69256,True,51.05974,2
20260504-003042,-OrlZYMT1CvIj2I75Tn9,2026-05-04 05:59:44+00:00,1777874384000,19741,27.54922,50.59956,9.97358,68857,True,51.82896,2
20260504-003042,-OrlZaIdU9TreYEsZyBM,2026-05-04 05:59:56+00:00,1777874396000,19753,27.54922,50.56666,9.97363,69198,True,51.13361,3
20260504-003042,-OrlZdEB52YTrZaT13ax,2026-05-04 06:00:08+00:00,1777874408000,19765,27.54922,50.47791,9.97367,69601,True,50.47488,3
20260504-003042,-OrlZgAIPT1cZmCC1oH-,2026-05-04 06:00:20+00:00,1777874420000,19777,27.54668,50.50101,9.9737,69485,True,50.57,2
20260504-003042,-OrlZjY-C01aW4teVqVy,2026-05-04 06:00:32+00:00,1777874432000,19789,27.53907,50.48754,9.97364,69659,True,50.23548,2
20260504-003042,-OrlZm0By29LC1RJ6C0N,2026-05-04 06:00:44+00:00,1777874444000,19801,27.54414,50.48797,9.97364,69370,True,51.02558,2
20260504-003042,-OrlZowdZjl3LtXfxe7V,2026-05-04 06:00:56+00:00,1777874456000,19813,27.54922,50.49326,9.97384,69601,True,51.42432,2
20260504-003042,-OrlZrt_ke6TTKYKJ-3k,2026-05-04 06:01:08+00:00,1777874468000,19825,27.54161,50.51095,9.97363,69428,True,51.36864,2
20260504-003042,-OrlZusMRM-THYxWvNDs,2026-05-04 06:01:20+00:00,1777874480000,19837,27.55175,50.50967,9.97369,69601,True,51.44081,3
20260504-003042,-OrlZxlXW8l0jnvi60kY,2026-05-04 06:01:32+00:00,1777874492000,19849,27.54668,50.5625,9.9738,69543,True,51.20386,3
20260504-003042,-Orl_-ertPGVk7wqqLLG,2026-05-04 06:01:44+00:00,1777874504000,19861,27.53907,50.64394,9.9735,69198,True,51.78463,3
20260504-003042,-Orl_2_oBd4bWKKjqIGJ,2026-05-04 06:01:56+00:00,1777874516000,19873,27.53907,50.65002,9.97363,69659,True,51.41118,3
20260504-003042,-Orl_5bo8aVSy3udNP-n,2026-05-04 06:02:08+00:00,1777874528000,19885,27.55175,50.64168,9.97365,69198,True,51.70553,3
20260504-003042,-Orl_8TjSeYPvG65ULWM,2026-05-04 06:02:20+00:00,1777874540000,19897,27.55175,50.74127,9.97367,69313,True,52.34907,3
20260504-003042,-Orl_BO6g9buHn0nFAiD,2026-05-04 06:02:32+00:00,1777874552000,19909,27.54668,50.78794,9.97357,69256,True,52.25769,3
20260504-003042,-Orl_EK71JRL4eHXOCq7,2026-05-04 06:02:44+00:00,1777874564000,19921,27.54414,50.7996,9.9735,69084,True,52.08566,3
20260504-003042,-Orl_HEwRIaerDxXJY90,2026-05-04 06:02:56+00:00,1777874576000,19933,27.53907,50.71513,9.97347,69428,True,51.46908,3
20260504-003042,-Orl_KAZuSQ-97VaoUPz,2026-05-04 06:03:08+00:00,1777874588000,19945,27.54414,50.52701,9.9735,69370,True,51.997,3
20260504-003042,-Orl_N9PDJHFQk2vaZao,2026-05-04 06:03:20+00:00,1777874600000,19957,27.54668,50.45048,9.9734,69543,True,50.69516,3
20260504-003042,-Orl_Q1ervbSUbKGU6RL,2026-05-04 06:03:32+00:00,1777874612000,19969,27.54414,50.43581,9.97334,69659,True,51.09154,3
20260504-003042,-Orl_TFlXumfCPufhn0S,2026-05-04 06:03:44+00:00,1777874624000,19981,27.54922,50.36911,9.97356,69833,True,50.4987,3
20260504-003042,-Orl_VsqD402Oq5TWtCh,2026-05-04 06:03:56+00:00,1777874636000,19993,27.54161,50.36081,9.97333,69775,True,50.70956,3
20260504-003042,-Orl_YoaW1lEdPH1ORLn,2026-05-04 06:04:08+00:00,1777874648000,20005,27.54161,50.40825,9.97332,69950,True,50.19983,2
20260504-003042,-Orl_amN7VJOFSTuiL4C,2026-05-04 06:04:20+00:00,1777874660000,20017,27.54922,50.49394,9.97358,70067,True,50.00753,2
20260504-003042,-Orl_dgTo3NsC0DEFlat,2026-05-04 06:04:32+00:00,1777874672000,20029,27.54922,50.42419,9.97351,69428,True,51.64053,2
20260504-003042,-Orl_gb_ACY2LBIL9ivU,2026-05-04 06:04:44+00:00,1777874684000,20041,27.53907,50.36481,9.97336,70067,True,50.47438,2
20260504-003042,-Orl_jXf4JCEcujTpzSx,2026-05-04 06:04:56+00:00,1777874696000,20053,27.54668,50.26057,9.97354,69950,True,50.42684,2
20260504-003042,-Orl_mMr5yb8FJQi0i-V,2026-05-04 06:05:07+00:00,1777874707000,20065,27.45793,50.98339,9.97342,60588,True,71.14818,2
20260504-003042,-Orl_pIHlVq4vU6mrwSD,2026-05-04 06:05:19+00:00,1777874719000,20077,27.53654,50.41913,9.97352,66665,True,78.12926,2
20260504-003042,-Orl_sD1F3zO-l3G8KRo,2026-05-04 06:05:31+00:00,1777874731000,20089,27.53654,50.47597,9.97348,68407,True,66.24387,2
20260504-003042,-Orl_v9AgfFcqEPkd_Tt,2026-05-04 06:05:43+00:00,1777874743000,20101,27.534,50.54179,9.97341,69256,True,59.09135,2
20260504-003042,-Orl_y4uMBdZ2EXtgpO3,2026-05-04 06:05:55+00:00,1777874755000,20113,27.54414,50.45309,9.97362,68970,True,56.59222,3
20260504-003042,-Orla0-q6sVom8jn1MwU,2026-05-04 06:06:07+00:00,1777874767000,20125,27.53907,50.4078,9.9735,69428,True,55.37939,3
20260504-003042,-Orla2wFLLiuZpDQT3Gd,2026-05-04 06:06:19+00:00,1777874779000,20137,27.54414,50.43914,9.97357,69256,True,54.59295,3
20260504-003042,-Orla5rLoiKqXC5Z-lYN,2026-05-04 06:06:31+00:00,1777874791000,20149,27.54161,50.50982,9.97367,69775,True,52.8197,3
20260504-003042,-Orla8msHVEHwwVE1AKz,2026-05-04 06:06:43+00:00,1777874803000,20161,27.54668,50.50098,9.97389,69659,True,52.85423,3
20260504-003042,-OrlaBvNON_14S13zsE_,2026-05-04 06:06:55+00:00,1777874815000,20173,27.54161,50.55348,9.97393,69313,True,53.21621,3
20260504-003042,-OrlaEerGRf9fxOvO9Lo,2026-05-04 06:07:07+00:00,1777874827000,20185,27.53654,50.56912,9.97371,69775,True,51.94334,3
20260504-003042,-OrlaH_onDBoCtOF2ue0,2026-05-04 06:07:19+00:00,1777874839000,20197,27.53907,50.48041,9.97357,69775,True,51.31516,3
20260504-003042,-OrlaKBAQ5J4rrM2nexa,2026-05-04 06:07:30+00:00,1777874850000,20207,27.463,51.08666,9.97377,61387,True,69.60412,3
20260504-003042,-OrlaN6fg9PTdLvq3vjS,2026-05-04 06:07:42+00:00,1777874862000,20219,27.52893,50.60921,9.97373,66878,True,75.76289,3
20260504-003042,-OrlaQ2Lfvft9_KBPxcQ,2026-05-04 06:07:54+00:00,1777874874000,20231,27.53654,50.61883,9.97394,68129,True,65.67524,3
20260504-003042,-OrlaSz8Au0SSrmlIkmP,2026-05-04 06:08:06+00:00,1777874886000,20243,27.53907,50.69057,9.97389,68914,True,59.47445,3
20260504-003042,-OrlaVvpTK2_nIcTdDDQ,2026-05-04 06:08:18+00:00,1777874898000,20255,27.53907,50.75227,9.97384,69198,True,56.55028,3
20260504-003042,-OrlaYrPaA_lE6p0DnA5,2026-05-04 06:08:30+00:00,1777874910000,20267,27.54161,50.76132,9.97388,69027,True,55.50195,3
20260504-003042,-Orlaal3ukvzYfJkg9od,2026-05-04 06:08:42+00:00,1777874922000,20279,27.53147,50.72467,9.97372,69084,True,54.27031,3
20260504-003042,-OrladgSx2YoVfKB4Obw,2026-05-04 06:08:54+00:00,1777874934000,20291,27.53654,50.65266,9.9739,69084,True,54.10142,3
20260504-003042,-OrlagcWu3cu_Rl5tOB2,2026-05-04 06:09:06+00:00,1777874946000,20303,27.54161,50.5569,9.97384,69256,True,53.47631,3
20260504-003042,-OrlajZzCiwEXqq0CAy-,2026-05-04 06:09:18+00:00,1777874958000,20315,27.54161,50.48472,9.97379,69543,True,52.96371,3
20260504-003042,-OrlamV16LW0GNnFa769,2026-05-04 06:09:30+00:00,1777874970000,20327,27.54414,50.46358,9.97401,69659,True,52.30861,3
20260504-003042,-OrlapPOtsCfSBzZ_V95,2026-05-04 06:09:42+00:00,1777874982000,20339,27.54414,50.45272,9.97394,69659,True,51.39622,3
20260504-003042,-OrlatB6isKHKxW1BfxU,2026-05-04 06:09:55+00:00,1777874995000,20352,27.60411,50.26858,9.97389,70125,True,50.56454,3
20260504-003042,-OrlavcksPXeQzRPqEYO,2026-05-04 06:10:07+00:00,1777875007000,20364,27.52386,50.69944,9.97402,62909,True,101.11247,3
20260504-003042,-OrlaySI_zsnsX12B1Mj,2026-05-04 06:10:19+00:00,1777875019000,20376,27.534,50.59391,9.97407,66506,True,82.98114,3
20260504-003042,-Orlb0NmxDpMCfa_J1x5,2026-05-04 06:10:31+00:00,1777875031000,20388,27.53147,50.60536,9.97388,68073,True,69.0636,3
20260504-003042,-Orlb3JH4iJ7SVB3-Q6y,2026-05-04 06:10:43+00:00,1777875043000,20400,27.54161,50.52071,9.974,68857,True,61.53277,3
20260504-003042,-Orlb6FMYVGm7RkUb3Sl,2026-05-04 06:10:55+00:00,1777875055000,20412,27.53654,50.45111,9.97366,68857,True,58.58993,3
20260504-003042,-Orlb99YLFLGLuJ2eKsW,2026-05-04 06:11:07+00:00,1777875067000,20424,27.53654,50.4077,9.97396,68857,True,56.5959,3
20260504-003042,-OrlbC5Yjrbz_61stPu6,2026-05-04 06:11:19+00:00,1777875079000,20436,27.54161,50.37671,9.97384,69198,True,55.12865,3
20260504-003042,-OrlbF1IAZXhcEyjM7nS,2026-05-04 06:11:31+00:00,1777875091000,20448,27.53907,50.39178,9.97386,69717,True,53.14167,3
20260504-003042,-OrlbHxMv-M9bwSiWp58,2026-05-04 06:11:43+00:00,1777875103000,20460,27.53907,50.46153,9.97386,69313,True,53.50784,3
20260504-003042,-OrlbKsvj64zoAALYmis,2026-05-04 06:11:55+00:00,1777875115000,20472,27.54161,50.50311,9.9739,69659,True,52.22752,3
20260504-003042,-OrlbNo_QnExO-i4gl1n,2026-05-04 06:12:07+00:00,1777875127000,20484,27.54414,50.52655,9.97395,69659,True,52.80179,3
20260504-003042,-OrlbQjZaqui5mn-VpvV,2026-05-04 06:12:19+00:00,1777875139000,20496,27.54414,50.61956,9.97369,69717,True,52.9463,3
20260504-003042,-OrlbTgMhYPSSQJq6xlt,2026-05-04 06:12:31+00:00,1777875151000,20508,27.53654,50.67207,9.97366,69601,True,52.79246,3
20260504-003042,-OrlbWcUuC2LQYWdcsf-,2026-05-04 06:12:43+00:00,1777875163000,20520,27.54161,50.42453,9.9737,69370,True,52.05531,3
20260504-003042,-OrlbZ__K8SH_RFpeLO4,2026-05-04 06:12:55+00:00,1777875175000,20532,27.53907,50.29051,9.9737,69485,True,52.18667,3
20260504-003042,-OrlbbSwgoCYiYzvMX5T,2026-05-04 06:13:07+00:00,1777875187000,20544,27.53907,50.29756,9.97361,70480,True,49.74335,2
20260504-003042,-OrlbedRLki0gPh9PEhg,2026-05-04 06:13:19+00:00,1777875199000,20556,27.54414,50.27458,9.97373,70125,True,50.22346,2
20260504-003042,-OrlbhKTW44Bdt8Joqve,2026-05-04 06:13:31+00:00,1777875211000,20568,27.53907,50.28735,9.97378,69775,True,51.31729,2
20260504-003042,-OrlbkFt7Cn1_m3uocQ7,2026-05-04 06:13:43+00:00,1777875223000,20580,27.54161,50.26473,9.97372,69775,True,51.47101,2
20260504-003042,-OrlbnB9VeCXRcHonTCV,2026-05-04 06:13:55+00:00,1777875235000,20592,27.54414,50.26257,9.97371,70008,True,51.26981,2
20260504-003042,-Orlbq6SmqW4NyoMwN09,2026-05-04 06:14:07+00:00,1777875247000,20604,27.53907,50.25635,9.97378,69485,True,52.22927,2
20260504-003042,-Orlbt1vQrQreVoDEuHI,2026-05-04 06:14:19+00:00,1777875259000,20616,27.54414,50.22085,9.97362,70067,True,50.38729,3
20260504-003042,-Orlbvyv2Tf7bnG6dgiC,2026-05-04 06:14:31+00:00,1777875271000,20628,27.54922,50.18784,9.97384,70125,True,50.29214,3
20260504-003042,-OrlbyuBi8j4yf4JIePQ,2026-05-04 06:14:43+00:00,1777875283000,20640,27.54668,50.19371,9.97387,69950,True,51.34153,3
20260504-003042,-Orlc0pizU5NP-wbmJIg,2026-05-04 06:14:55+00:00,1777875295000,20652,27.53907,50.27557,9.97366,70361,True,50.0,2
20260504-003042,-Orlc3lEE0VTOmeNZgg9,2026-05-04 06:15:07+00:00,1777875307000,20664,27.54161,50.31509,9.9736,70125,True,50.34568,2
20260504-003042,-Orlc6gPxQL5RLJB-zre,2026-05-04 06:15:19+00:00,1777875319000,20676,27.54414,50.35844,9.9735,70184,True,50.53015,2
20260504-003042,-Orlc9cRgeTHaMPtSHnu,2026-05-04 06:15:31+00:00,1777875331000,20688,27.54161,50.35426,9.97363,70184,True,50.4282,2
20260504-003042,-OrlcCYujQuwwVwDOAXm,2026-05-04 06:15:43+00:00,1777875343000,20700,27.54161,50.26878,9.97363,70302,True,50.90627,2
20260504-003042,-OrlcFUT-EHyEKIFZy6q,2026-05-04 06:15:55+00:00,1777875355000,20712,27.53907,50.24708,9.97368,70125,True,51.17735,2
20260504-003042,-OrlcIPK9VyjiINi9wLg,2026-05-04 06:16:07+00:00,1777875367000,20724,27.54161,50.24857,9.97367,70008,True,50.70942,3
20260504-003042,-OrlcLKh6Pw_tZcOAbhb,2026-05-04 06:16:19+00:00,1777875379000,20736,27.54161,50.20331,9.97351,70361,True,50.30724,3
20260504-003042,-OrlcOSmwDqww0l-TDoH,2026-05-04 06:16:31+00:00,1777875391000,20748,27.54161,50.11688,9.97351,70184,True,50.65077,3
20260504-003042,-OrlcRC1xyuO0KJ9f8U6,2026-05-04 06:16:43+00:00,1777875403000,20760,27.54161,50.08961,9.97365,70184,True,50.81332,3
20260504-003042,-OrlcU7r7u2QtvhQyLbu,2026-05-04 06:16:55+00:00,1777875415000,20772,27.54414,50.10461,9.97364,70361,True,50.49796,2
20260504-003042,-OrlcX2lBUKNrDXk8gcw,2026-05-04 06:17:07+00:00,1777875427000,20784,27.53907,50.12798,9.97347,70598,True,50.60759,2
20260504-003042,-OrlcZzjWGGOxWDfZOIf,2026-05-04 06:17:19+00:00,1777875439000,20796,27.54414,50.0773,9.97362,70125,True,50.6184,2
20260504-003042,-OrlcbuqFzg5xn_jGUDf,2026-05-04 06:17:31+00:00,1777875451000,20808,27.53907,50.09522,9.97347,70598,True,50.2491,2
20260504-003042,-OrlceqhuaBhMA21YwdW,2026-05-04 06:17:43+00:00,1777875463000,20820,27.53907,50.04313,9.97356,70420,True,50.40561,2
20260504-003042,-OrlchliywLK89ex_Hdg,2026-05-04 06:17:55+00:00,1777875475000,20832,27.53907,50.03471,9.97347,70361,True,50.88977,2
20260504-003042,-OrlckhOFqasufp2mS_3,2026-05-04 06:18:07+00:00,1777875487000,20844,27.53907,50.05952,9.97333,70598,True,50.79895,2
20260504-003042,-Orlcnct7JimgqFy_n_y,2026-05-04 06:18:19+00:00,1777875499000,20856,27.53907,50.00851,9.97349,70361,True,50.65614,2
20260504-003042,-OrlcqZNaWi19XaCbRi8,2026-05-04 06:18:31+00:00,1777875511000,20868,27.54161,50.03359,9.97337,70718,True,50.0,2
20260504-003042,-OrlctUn1lSRyqvQUQF9,2026-05-04 06:18:43+00:00,1777875523000,20880,27.54668,49.97494,9.97352,70658,True,50.18356,2
20260504-003042,-OrlcwQU3k1DDQGu2f2M,2026-05-04 06:18:55+00:00,1777875535000,20892,27.53907,49.98315,9.97342,70897,True,50.0,2
20260504-003042,-OrlczMggZcV1oyVKZp2,2026-05-04 06:19:07+00:00,1777875547000,20904,27.54161,49.97213,9.97326,70539,True,50.87286,2
20260504-003042,-Orld1HhP7yOZUFHBflu,2026-05-04 06:19:19+00:00,1777875559000,20916,27.54414,49.9675,9.97357,70480,True,51.63184,2
20260504-003042,-Orld4CkYo-HAnd-Xb0_,2026-05-04 06:19:31+00:00,1777875571000,20928,27.54414,49.94203,9.97344,70777,True,50.71312,2
20260504-003042,-Orld7oF35cgMMA46qYI,2026-05-04 06:19:43+00:00,1777875583000,20940,27.54414,49.91832,9.97351,70837,True,50.66637,2
20260504-003042,-OrldA3rxSMAL0KfHuLS,2026-05-04 06:19:55+00:00,1777875595000,20952,27.54414,49.93051,9.97343,71138,True,50.0,2
20260504-003042,-OrldD-Z1T5AqnZlWcx5,2026-05-04 06:20:07+00:00,1777875607000,20964,27.54414,49.93358,9.97348,70539,True,51.14342,2
20260504-003042,-OrldFvvEuQgcwCUUz6l,2026-05-04 06:20:19+00:00,1777875619000,20976,27.53907,49.91233,9.97345,70957,True,50.0,2
20260504-003042,-OrldIrQrZRFSqRzNwwh,2026-05-04 06:20:31+00:00,1777875631000,20988,27.54161,49.91511,9.97346,70777,True,50.75536,2
20260504-003042,-OrldLmdbNTF0TKEia3e,2026-05-04 06:20:43+00:00,1777875643000,21000,27.53654,49.89632,9.97338,70777,True,51.18246,2
20260504-003042,-OrldOjA9o1XAFbGXBaU,2026-05-04 06:20:55+00:00,1777875655000,21012,27.53654,49.86546,9.97348,70957,True,50.45194,2
20260504-003042,-OrldRdd0vKnKOfdLUeC,2026-05-04 06:21:07+00:00,1777875667000,21024,27.54161,49.84877,9.97353,70658,True,51.01801,2
20260504-003042,-OrldU_UgEu3vCHUFWiK,2026-05-04 06:21:19+00:00,1777875679000,21036,27.54414,49.85757,9.97344,71199,True,50.15733,3
20260504-003042,-OrldXW8qgQ5EkWZHis8,2026-05-04 06:21:31+00:00,1777875691000,21048,27.54161,49.89939,9.97353,70777,True,50.68764,3
20260504-003042,-Orld_RHSU7AQ97CLubz,2026-05-04 06:21:43+00:00,1777875703000,21060,27.53907,49.92989,9.97324,70658,True,51.30077,3
20260504-003042,-OrldcMY6bJZVGiPu3ID,2026-05-04 06:21:55+00:00,1777875715000,21072,27.54161,49.9444,9.97346,71017,True,50.94384,3
20260504-003042,-OrldfIDSe9vB_EDeI6F,2026-05-04 06:22:07+00:00,1777875727000,21084,27.54414,49.93851,9.9735,70539,True,51.72802,3
20260504-003042,-OrldiDqEn0B2L3u0h-r,2026-05-04 06:22:19+00:00,1777875739000,21096,27.53654,49.96227,9.97343,70539,True,51.3546,3
20260504-003042,-Orldl9_sNy-hk69njvu,2026-05-04 06:22:31+00:00,1777875751000,21108,27.54161,49.9292,9.97346,70658,True,51.37122,3
20260504-003042,-Orldo51lFJp4UfBFfJY,2026-05-04 06:22:43+00:00,1777875763000,21120,27.54161,49.86904,9.97351,70718,True,51.59316,3
20260504-003042,-Orldr8BWBzw1BkBCJbk,2026-05-04 06:22:55+00:00,1777875775000,21132,27.53907,49.84663,9.97342,71078,True,50.68181,3
20260504-003042,-Orldtwhn0txDekgpf26,2026-05-04 06:23:07+00:00,1777875787000,21144,27.53907,49.89178,9.9734,70957,True,50.22032,3
20260504-003042,-OrldwsUk6PxG9GMgaIA,2026-05-04 06:23:19+00:00,1777875799000,21156,27.54414,49.95654,9.97351,70777,True,51.36747,3
20260504-003042,-OrldznxQ9TJnPVaRtPF,2026-05-04 06:23:31+00:00,1777875811000,21168,27.53907,49.93877,9.9734,70480,True,51.50277,3
20260504-003042,-Orle1jZb8Lq5YW6ZUrT,2026-05-04 06:23:43+00:00,1777875823000,21180,27.53907,49.79116,9.97331,70957,True,50.81631,3
20260504-003042,-Orle4erWjF_ccVk7mXd,2026-05-04 06:23:55+00:00,1777875835000,21192,27.534,49.77641,9.97328,70837,True,50.50621,3
20260504-003042,-Orle7a8_N4Emulgp9f9,2026-05-04 06:24:07+00:00,1777875847000,21204,27.54161,49.73487,9.97333,70837,True,50.93773,3
20260504-003042,-OrleAW_g0EYZyDDHBaR,2026-05-04 06:24:19+00:00,1777875859000,21216,27.53654,49.74091,9.97332,70957,True,50.82761,3
20260504-003042,-OrleDSNqCn1ykgzQlJW,2026-05-04 06:24:31+00:00,1777875871000,21228,27.54161,49.72556,9.97325,70897,True,50.8821,3
20260504-003042,-OrleGO8lMNcePsu1v6R,2026-05-04 06:24:43+00:00,1777875883000,21240,27.54414,49.73141,9.97334,70658,True,51.74997,3
20260504-003042,-OrleJJXFbIrVxml_L2z,2026-05-04 06:24:55+00:00,1777875895000,21252,27.54414,49.73658,9.9732,70897,True,50.76257,3
20260504-003042,-OrleMEroxyMOOBwOete,2026-05-04 06:25:07+00:00,1777875907000,21264,27.53907,49.72653,9.97324,70598,True,51.104,2
20260504-003042,-OrlePBU5g6N-uA-XXFG,2026-05-04 06:25:19+00:00,1777875919000,21276,27.54161,49.70039,9.97335,71078,True,51.0723,2
20260504-003042,-OrleS6IePxjnaZWNhl3,2026-05-04 06:25:31+00:00,1777875931000,21288,27.53907,49.679,9.97345,71259,True,50.9754,2
20260504-003042,-OrleV14Rt7Bl6x8RlFS,2026-05-04 06:25:43+00:00,1777875943000,21300,27.53654,49.69217,9.97324,70897,True,51.44786,2
20260504-003042,-OrleXym_rPWhaHYgewA,2026-05-04 06:25:55+00:00,1777875955000,21312,27.54161,49.72458,9.97328,71078,True,50.55154,2
20260504-003042,-OrleaOGbcIifNDTe6K_,2026-05-04 06:26:07+00:00,1777875967000,21324,27.53907,49.7963,9.97335,71017,True,50.75822,3
20260504-003042,-Orlecoc_o_DOn9qYrpO,2026-05-04 06:26:19+00:00,1777875979000,21336,27.53907,49.75476,9.97329,70957,True,50.88778,3
20260504-003042,-OrlefkGGTTBnaXskoTm,2026-05-04 06:26:31+00:00,1777875991000,21348,27.53907,49.68221,9.97331,71381,True,50.89188,3
20260504-003042,-Orleifo2m0zVqSHKhfM,2026-05-04 06:26:43+00:00,1777876003000,21360,27.53907,49.65225,9.97333,71259,True,50.69079,3
20260504-003042,-OrlelbSViM6fvYAZPQS,2026-05-04 06:26:55+00:00,1777876015000,21372,27.53654,49.61742,9.9732,71199,True,50.23212,3
20260504-003042,-OrleoY2-FyQoLHyxEOZ,2026-05-04 06:27:07+00:00,1777876027000,21384,27.53907,49.68557,9.97335,70837,True,51.50595,2
20260504-003042,-OrlerT9zO9eCwls3mNm,2026-05-04 06:27:19+00:00,1777876039000,21396,27.54161,49.72254,9.97319,71078,True,51.48327,2
20260504-003042,-OrleuOjpsU-FLS6NmY4,2026-05-04 06:27:31+00:00,1777876051000,21408,27.53907,49.72292,9.97319,70957,True,51.26416,2
20260504-003042,-OrlexKAn-0gwJgtHmJI,2026-05-04 06:27:43+00:00,1777876063000,21420,27.54414,49.65092,9.97334,71017,True,51.47372,2
20260504-003042,-Orlf-G-i1pcBgHaBp0G,2026-05-04 06:27:55+00:00,1777876075000,21432,27.53907,49.62629,9.97296,71199,True,50.90584,2
20260504-003042,-Orlf2BEggtvseet-OXR,2026-05-04 06:28:07+00:00,1777876087000,21444,27.53654,49.60691,9.9732,71138,True,51.00248,3
20260504-003042,-Orlf56XumORYPWMBYhg,2026-05-04 06:28:19+00:00,1777876099000,21456,27.53907,49.68369,9.97308,71138,True,50.96977,3
20260504-003042,-Orlf83dPi7YlfpTwg0Y,2026-05-04 06:28:31+00:00,1777876111000,21468,27.54161,49.71068,9.97333,71138,True,51.00423,3
20260504-003042,-OrlfAyhUb41bX0SniA8,2026-05-04 06:28:43+00:00,1777876123000,21480,27.53907,49.71472,9.97322,70897,True,51.42194,3
20260504-003042,-OrlfDuo5bvMzKLgsCO_,2026-05-04 06:28:55+00:00,1777876135000,21492,27.54161,49.70418,9.97325,71017,True,51.7193,3
20260504-003042,-OrlfGpm-XJdf5E-YGUL,2026-05-04 06:29:07+00:00,1777876147000,21504,27.54668,49.78189,9.97341,70837,True,52.01972,3
20260504-003042,-OrlfK3GR1BT5zp_Cj2v,2026-05-04 06:29:19+00:00,1777876159000,21516,27.54161,49.85689,9.97335,71078,True,51.92389,3
20260504-003042,-OrlfMgee6bH4_XylPzA,2026-05-04 06:29:31+00:00,1777876171000,21528,27.54668,49.8521,9.97336,71017,True,51.51432,3
20260504-003042,-OrlfPcAxncHxfiwP3kR,2026-05-04 06:29:43+00:00,1777876183000,21540,27.54161,49.81321,9.97342,70957,True,52.10768,3
20260504-003042,-OrlfSYqyrrd1soDmhSo,2026-05-04 06:29:55+00:00,1777876195000,21552,27.53907,49.73856,9.97313,71502,True,51.3892,3
20260504-003042,-OrlfVUVe9I4UsOQhGRz,2026-05-04 06:30:07+00:00,1777876207000,21564,27.53654,49.64892,9.97303,71320,True,50.23165,3
20260504-003042,-OrlfYPaOAxUOOCqHmeC,2026-05-04 06:30:19+00:00,1777876219000,21576,27.534,49.60543,9.97295,70957,True,50.89682,3
20260504-003042,-OrlfaKxL-pVliG2Zejt,2026-05-04 06:30:31+00:00,1777876231000,21588,27.53907,49.57139,9.97312,71078,True,50.91089,3
20260504-003042,-OrlfdGko8TEMP3wQaBM,2026-05-04 06:30:43+00:00,1777876243000,21600,27.54161,49.55518,9.97307,71138,True,51.09641,3
20260504-003042,-OrlfgCBX0VlWFqKGYqw,2026-05-04 06:30:55+00:00,1777876255000,21612,27.54161,49.59231,9.97318,71320,True,50.91362,3
20260504-003042,-Orlfj7nxqIDpjEhcqf7,2026-05-04 06:31:07+00:00,1777876267000,21624,27.53907,49.62626,9.97322,71138,True,50.89231,3
20260504-003042,-Orlfm2w6G848zGG-Ip8,2026-05-04 06:31:19+00:00,1777876279000,21636,27.54161,49.62856,9.97302,71259,True,50.42876,3
20260504-003042,-OrlfozeVJMKCD53QMHS,2026-05-04 06:31:31+00:00,1777876291000,21648,27.53654,49.66289,9.97295,71078,True,50.78376,2
20260504-003042,-Orlfruq1guUSihSatcG,2026-05-04 06:31:43+00:00,1777876303000,21660,27.53907,49.65553,9.97299,71502,True,50.44693,2
20260504-003042,-OrlfuqGWow6jE-i47VL,2026-05-04 06:31:55+00:00,1777876315000,21672,27.54161,49.67992,9.97307,71017,True,51.87537,2
20260504-003042,-OrlfxmBQfbX8KOjKvol,2026-05-04 06:32:07+00:00,1777876327000,21684,27.53907,49.64791,9.97287,71017,True,52.20239,2
20260504-003042,-Orlg-hgsf4PGYRwmZJH,2026-05-04 06:32:19+00:00,1777876339000,21696,27.53907,49.55675,9.97306,71199,True,51.63659,2
20260504-003042,-Orlg2lJ5ogNvuXs1690,2026-05-04 06:32:31+00:00,1777876351000,21708,27.53907,49.47425,9.97282,71564,True,50.61642,2
20260504-003042,-Orlg5ZT19382FCW8Jyj,2026-05-04 06:32:43+00:00,1777876363000,21720,27.53654,49.42779,9.97288,71686,True,50.24929,2
20260504-003042,-Orlg8VNIEhWEg7TLuSU,2026-05-04 06:32:55+00:00,1777876375000,21732,27.53907,49.36761,9.97291,71747,True,49.90714,2
20260504-003042,-OrlgBQXmoxxFI6ipd4c,2026-05-04 06:33:07+00:00,1777876387000,21744,27.53907,49.35071,9.97271,71871,True,50.0,2
20260504-003042,-OrlgEM2HTdqoN038FOV,2026-05-04 06:33:19+00:00,1777876399000,21756,27.54414,49.31712,9.97281,71564,True,50.72578,2
20260504-003042,-OrlgHHv0gBObxrLa0NZ,2026-05-04 06:33:31+00:00,1777876411000,21768,27.53907,49.31314,9.9725,71871,True,50.19756,2
20260504-003042,-OrlgKD1YXzMxKlQySZ3,2026-05-04 06:33:43+00:00,1777876423000,21780,27.54414,49.32926,9.97274,71871,True,50.10696,2
20260504-003042,-OrlgN9ABl89dI7drM1H,2026-05-04 06:33:55+00:00,1777876435000,21792,27.54414,49.34403,9.97262,71320,True,50.97569,2
20260504-003042,-OrlgPvRb9oLIfnvn_YQ,2026-05-04 06:34:06+00:00,1777876446000,21804,27.4554,50.06216,9.97263,62440,True,70.04015,2
20260504-003042,-OrlgSr7xrp3ZLQgegCG,2026-05-04 06:34:18+00:00,1777876458000,21816,27.52893,49.48708,9.97267,68575,True,77.1823,3
20260504-003042,-OrlgVm_WsHk5rrm9WRf,2026-05-04 06:34:30+00:00,1777876470000,21828,27.534,49.43188,9.97261,70125,True,66.1089,3
20260504-003042,-OrlgYiADdd3uUIybfRW,2026-05-04 06:34:42+00:00,1777876482000,21840,27.53654,49.39204,9.97269,70598,True,60.02679,3
20260504-003042,-Orlgad3IeEXEdWK_D9T,2026-05-04 06:34:54+00:00,1777876494000,21852,27.52893,49.40124,9.97236,71502,True,56.06698,3
20260504-003042,-Orlgd_Tex0pqive_Nku,2026-05-04 06:35:06+00:00,1777876506000,21864,27.54668,49.3617,9.9728,71078,True,54.85592,3
20260504-003042,-OrlggUwgzr7TNgn_a5I,2026-05-04 06:35:18+00:00,1777876518000,21876,27.534,49.45039,9.97253,71502,True,52.89153,3
20260504-003042,-OrlgjRET4yrmR0BA78H,2026-05-04 06:35:30+00:00,1777876530000,21888,27.53654,49.47556,9.97267,71320,True,53.42884,3
20260504-003042,-OrlgmTHHu49OBD9UtZk,2026-05-04 06:35:42+00:00,1777876542000,21900,27.53654,49.44613,9.97241,71199,True,53.76003,3
20260504-003042,-OrlgpIDY-l9PP56SCsH,2026-05-04 06:35:54+00:00,1777876554000,21912,27.52893,49.51084,9.97253,71199,True,53.38611,3
20260504-003042,-OrlgsDI_vzYRRLa8Pn6,2026-05-04 06:36:06+00:00,1777876566000,21924,27.53654,49.55832,9.97252,71441,True,53.21346,3
20260504-003042,-Orlgv9GORUTtMTa_Fmn,2026-05-04 06:36:18+00:00,1777876578000,21936,27.534,49.55042,9.97237,71564,True,52.41376,3
20260504-003042,-Orlgy4FkzzB-l7-42_5,2026-05-04 06:36:30+00:00,1777876590000,21948,27.53907,49.47486,9.9725,71199,True,53.30212,3
20260504-003042,-Orlh0-uQc5v5NrPp2Aa,2026-05-04 06:36:42+00:00,1777876602000,21960,27.534,49.467,9.9726,71381,True,52.38314,3
20260504-003042,-Orlh2xHmQMSjEzoPynP,2026-05-04 06:36:54+00:00,1777876614000,21972,27.53907,49.46472,9.97261,71441,True,52.71991,3
20260504-003042,-Orlh5r_GLw7Thxzma7u,2026-05-04 06:37:06+00:00,1777876626000,21984,27.53907,49.47917,9.97255,71320,True,52.42943,3
20260504-003042,-Orlh8n4FyxwaPcWLt8d,2026-05-04 06:37:18+00:00,1777876638000,21996,27.54161,49.43783,9.97221,71502,True,51.14216,3
20260504-003042,-OrlhBiqRzyPwtnUZ7VN,2026-05-04 06:37:30+00:00,1777876650000,22008,27.54161,49.36297,9.97261,71686,True,50.9621,3
20260504-003042,-OrlhEewIfiben_Wk612,2026-05-04 06:37:42+00:00,1777876662000,22020,27.53654,49.35831,9.97258,71320,True,51.95524,3
20260504-003042,-OrlhHaDrpgnOpIyJQh7,2026-05-04 06:37:54+00:00,1777876674000,22032,27.53147,49.40797,9.97257,71441,True,51.55824,3
20260504-003042,-OrlhKWU4vl6TuKVvThI,2026-05-04 06:38:06+00:00,1777876686000,22044,27.54414,49.37253,9.97274,71686,True,51.2262,3
20260504-003042,-OrlhNRQcImHrY2EJzlj,2026-05-04 06:38:18+00:00,1777876698000,22056,27.53654,49.38364,9.97241,71625,True,51.44839,3
20260504-003042,-OrlhQNysKEb_ERf3cqc,2026-05-04 06:38:30+00:00,1777876710000,22068,27.54668,49.33814,9.97296,71625,True,51.25484,3
20260504-003042,-OrlhTJF0lvc8UiK8TNA,2026-05-04 06:38:42+00:00,1777876722000,22080,27.53907,49.29119,9.97254,71441,True,52.12298,3
20260504-003042,-OrlhWSHN3j3Ofe3oc6y,2026-05-04 06:38:54+00:00,1777876734000,22092,27.54414,49.19053,9.97283,71994,True,51.48722,3
20260504-003042,-OrlhZ9jhFwgVyxB2l1a,2026-05-04 06:39:06+00:00,1777876746000,22104,27.53654,49.21841,9.97264,71564,True,51.65043,3
20260504-003042,-Orlhb4pHsCYEPYQvcI0,2026-05-04 06:39:18+00:00,1777876758000,22116,27.54161,49.2767,9.97282,71564,True,51.62231,3
20260504-003042,-Orlhe146VxmT_bs5Mmj,2026-05-04 06:39:30+00:00,1777876770000,22128,27.54161,49.35669,9.97302,71502,True,51.88301,3
20260504-003042,-OrlhgxuPNk8-twheSE6,2026-05-04 06:39:42+00:00,1777876782000,22140,27.54161,49.38475,9.97288,71625,True,51.71273,3
20260504-003042,-OrlhjtchPuzv201rcPz,2026-05-04 06:39:54+00:00,1777876794000,22152,27.53654,49.37604,9.97288,71502,True,52.00235,3
20260504-003042,-Orlhmo5wN5i7z06PntH,2026-05-04 06:40:06+00:00,1777876806000,22164,27.53654,49.39532,9.9729,71871,True,51.11295,3
20260504-003042,-OrlhpjfsjzLeX-zogLO,2026-05-04 06:40:18+00:00,1777876818000,22176,27.53654,49.375,9.9728,71809,True,51.06933,3
20260504-003042,-Orlhsf-D-T6x_kUeZVr,2026-05-04 06:40:30+00:00,1777876830000,22188,27.53907,49.36148,9.97287,71747,True,51.40524,3
20260504-003042,-Orlhvb74TFYb95DoNfv,2026-05-04 06:40:42+00:00,1777876842000,22200,27.534,49.38323,9.97304,71564,True,52.09445,3
20260504-003042,-OrlhyXugPg5CVqJOVQw,2026-05-04 06:40:54+00:00,1777876854000,22212,27.53654,49.33474,9.97315,71502,True,51.6325,3
20260504-003042,-Orli0SjFCl_m_5UKv4j,2026-05-04 06:41:06+00:00,1777876866000,22224,27.53907,49.27933,9.97315,71564,True,51.11219,3
20260504-003042,-Orli3OFbjb9RABooOcd,2026-05-04 06:41:18+00:00,1777876878000,22236,27.54161,49.23497,9.97293,71625,True,51.17306,3
20260504-003042,-Orli6J_GkXYuET0LUHT,2026-05-04 06:41:30+00:00,1777876890000,22248,27.54668,49.21212,9.97318,71625,True,51.18317,3
20260504-003042,-Orli9FCwedHI0H-1nT8,2026-05-04 06:41:42+00:00,1777876902000,22260,27.54161,49.197,9.97312,71809,True,50.55806,3
20260504-003042,-OrliCBb0CpC0-lk_GiL,2026-05-04 06:41:54+00:00,1777876914000,22272,27.53907,49.14682,9.97315,71564,True,51.38165,3
20260504-003042,-OrliFK7rfwCiVCb2Nc8,2026-05-04 06:42:06+00:00,1777876926000,22284,27.54414,49.10328,9.97323,72243,True,50.25595,3
20260504-003042,-OrliI2XkMKuF7Rz2MEj,2026-05-04 06:42:18+00:00,1777876938000,22296,27.54161,49.07654,9.97314,72367,True,49.28864,2
20260504-003042,-OrliKy7Y3MCzvrhug7J,2026-05-04 06:42:30+00:00,1777876950000,22308,27.53907,49.07275,9.97303,72243,True,50.0,2
20260504-003042,-OrliNt_zRl2KHhBFe9Z,2026-05-04 06:42:42+00:00,1777876962000,22320,27.54161,48.99818,9.9733,72056,True,50.32505,2
20260504-003042,-OrliQp4zUfnkF_jCC4h,2026-05-04 06:42:54+00:00,1777876974000,22332,27.54161,48.95951,9.97321,72180,True,51.38499,2
20260504-003042,-OrliTkr_UsXT2i_LmS0,2026-05-04 06:43:06+00:00,1777876986000,22344,27.53907,48.98714,9.97322,72056,True,50.46732,2
20260504-003042,-OrliWgGOmmSS80DW-ap,2026-05-04 06:43:18+00:00,1777876998000,22356,27.53907,49.05724,9.97333,72305,True,50.43925,2
20260504-003042,-OrliZbSLEZ2RfEsRFaS,2026-05-04 06:43:30+00:00,1777877010000,22368,27.53907,49.14679,9.97317,71871,True,51.76859,2
20260504-003042,-OrlibXzOwWUNzi6i3Eu,2026-05-04 06:43:42+00:00,1777877022000,22380,27.54668,49.23339,9.97334,71871,True,51.60937,2
20260504-003042,-OrlieUnZ44XzPn6aPRt,2026-05-04 06:43:54+00:00,1777877034000,22392,27.54161,49.28699,9.97339,71747,True,52.2386,2
20260504-003042,-OrlihPEuMVeRHlJmam4,2026-05-04 06:44:06+00:00,1777877046000,22404,27.54668,49.30653,9.97341,71932,True,52.25865,3
20260504-003042,-OrlikKq_e4vA3T5oj4X,2026-05-04 06:44:18+00:00,1777877058000,22416,27.54161,49.33516,9.97326,71871,True,52.26734,3
20260504-003042,-OrlinG4unloUlqIRCt7,2026-05-04 06:44:30+00:00,1777877070000,22428,27.53907,49.26998,9.97326,71686,True,52.52201,3
20260504-003042,-OrliqBrgohSni9Yusyb,2026-05-04 06:44:42+00:00,1777877082000,22440,27.54161,49.18243,9.9734,71994,True,51.76949,3
20260504-003042,-Orlit71Hk9rkUjDUsAc,2026-05-04 06:44:54+00:00,1777877094000,22452,27.53654,49.12,9.97329,72305,True,50.75986,3
20260504-003042,-Orliw2SmODhJUAiCy6Q,2026-05-04 06:45:06+00:00,1777877106000,22464,27.53907,49.03014,9.97326,71932,True,50.96849,3
20260504-003042,-OrlizD0A2rTjYtT8PSH,2026-05-04 06:45:18+00:00,1777877118000,22476,27.53907,48.98567,9.97331,72056,True,51.13071,3
20260504-003042,-Orlj0ur-2DBO0UYz_yQ,2026-05-04 06:45:30+00:00,1777877130000,22488,27.54414,49.00111,9.97336,72180,True,50.45135,2
20260504-003042,-Orlj3sU2bKEq99xbR-8,2026-05-04 06:45:42+00:00,1777877142000,22500,27.54414,48.99313,9.97332,72430,True,50.0,2
20260504-003042,-Orlj6mHwn3FXOb6rZ8a,2026-05-04 06:45:54+00:00,1777877154000,22512,27.54161,49.03315,9.97346,72243,True,50.63172,2
20260504-003042,-Orlj9ha24UneVUpE_bp,2026-05-04 06:46:06+00:00,1777877166000,22524,27.53907,49.0948,9.9734,72118,True,50.56823,2
20260504-003042,-OrljCcoyW1RLLPsHm0t,2026-05-04 06:46:18+00:00,1777877178000,22536,27.54161,49.14936,9.97175,71809,True,52.06585,2
20260504-003042,-OrljFZwqa7KCtSrGHvB,2026-05-04 06:46:30+00:00,1777877190000,22548,27.54414,49.18669,9.97346,72056,True,51.90069,2
20260504-003042,-OrljIWMIi41Dtv0uUFs,2026-05-04 06:46:42+00:00,1777877202000,22560,27.53907,49.22301,9.97343,72243,True,52.11232,2
20260504-003042,-OrljLQomJznaLdspuN4,2026-05-04 06:46:54+00:00,1777877214000,22572,27.54414,49.25189,9.97344,72180,True,52.07951,2
20260504-003042,-OrljOLXMWOV4PBi2dha,2026-05-04 06:47:06+00:00,1777877226000,22584,27.54922,49.27105,9.97356,71747,True,52.3668,3
20260504-003042,-OrljRHcaLPznztM6AP5,2026-05-04 06:47:18+00:00,1777877238000,22596,27.54668,49.25108,9.97347,72180,True,51.77224,3
20260504-003042,-OrljUEEc2XAbyRHCo6w,2026-05-04 06:47:30+00:00,1777877250000,22608,27.54161,49.27309,9.9734,71871,True,52.29528,3
20260504-003042,-OrljX8R2QDusaNR1bcg,2026-05-04 06:47:42+00:00,1777877262000,22620,27.53907,49.21864,9.97329,71809,True,52.21947,3
20260504-003042,-Orlj_55zceHZXOeIhLK,2026-05-04 06:47:54+00:00,1777877274000,22632,27.54414,49.16832,9.97344,72430,True,51.45859,3
20260504-003042,-Orljbzr4srvq2BvUbXQ,2026-05-04 06:48:06+00:00,1777877286000,22644,27.53907,49.12698,9.97352,72056,True,51.53442,3
20260504-003042,-OrljevF4nF0zt91bX8m,2026-05-04 06:48:18+00:00,1777877298000,22656,27.53654,49.10497,9.97345,72056,True,51.31511,3
20260504-003042,-OrljhzQZ5_bUQi2l2oG,2026-05-04 06:48:30+00:00,1777877310000,22668,27.53907,49.16198,9.97354,72118,True,50.92069,3
20260504-003042,-OrljkoFy85xC1Zt9GTw,2026-05-04 06:48:42+00:00,1777877322000,22680,27.54414,49.19542,9.9735,72180,True,51.23385,3
20260504-003042,-Orljni6ir6hXx-cd61u,2026-05-04 06:48:54+00:00,1777877334000,22692,27.54161,49.20495,9.97337,72430,True,50.0,2
20260504-003042,-OrljqdO6jiH7awFk_1f,2026-05-04 06:49:06+00:00,1777877346000,22704,27.54161,49.17959,9.97362,71871,True,51.45173,2
20260504-003042,-OrljtZtWMzO2bGQ-p_i,2026-05-04 06:49:18+00:00,1777877358000,22716,27.53907,49.157,9.97335,72243,True,51.46526,2
20260504-003042,-OrljwVXmPDoEcAjL0aX,2026-05-04 06:49:30+00:00,1777877370000,22728,27.53907,49.14326,9.97331,72243,True,51.51091,2
20260504-003042,-OrljzRZBZAIAgrihjI1,2026-05-04 06:49:42+00:00,1777877382000,22740,27.54161,49.11444,9.97342,72180,True,51.09602,2
20260504-003042,-Orlk1MjczDMXV2zWdFG,2026-05-04 06:49:54+00:00,1777877394000,22752,27.53907,49.08998,9.97342,72180,True,50.74923,3
20260504-003042,-Orlk4I00EWp5P8GUfli,2026-05-04 06:50:06+00:00,1777877406000,22764,27.53907,49.07932,9.97331,72556,True,50.27779,3
20260504-003042,-Orlk7DEJ1PUHIgm9a7A,2026-05-04 06:50:18+00:00,1777877418000,22776,27.54161,49.05462,9.97326,72367,True,50.50226,3
20260504-003042,-OrlkA915YTivjGzI3Yx,2026-05-04 06:50:30+00:00,1777877430000,22788,27.54668,49.0275,9.9734,72180,True,51.22417,3
20260504-003042,-OrlkD4scCvStH8PyASa,2026-05-04 06:50:42+00:00,1777877442000,22800,27.54668,48.98058,9.97338,72681,True,50.0,2
20260504-003042,-OrlkG0Da1iQixSAD4vD,2026-05-04 06:50:54+00:00,1777877454000,22812,27.54161,48.97304,9.97323,72430,True,50.51622,2
20260504-003042,-OrlkIwi7pTOPMmzItmU,2026-05-04 06:51:06+00:00,1777877466000,22824,27.54414,48.98508,9.97341,72180,True,51.51331,2
20260504-003042,-OrlkLriVS2N4eQpDuqL,2026-05-04 06:51:18+00:00,1777877478000,22836,27.53907,49.04612,9.97326,72305,True,51.26743,2
20260504-003042,-OrlkOnG6XQYGcf-GEh8,2026-05-04 06:51:30+00:00,1777877490000,22848,27.54161,49.09853,9.97323,72305,True,51.41536,2
20260504-003042,-OrlkSPrqxsxUTeuYiUE,2026-05-04 06:51:42+00:00,1777877502000,22860,27.54161,49.11142,9.97332,72056,True,52.39912,2
20260504-003042,-OrlkUfNvraGLWvN3Ino,2026-05-04 06:51:54+00:00,1777877514000,22872,27.54414,49.07632,9.97325,72056,True,51.20714,3
20260504-003042,-OrlkXapcGOIpe2lJz3Z,2026-05-04 06:52:06+00:00,1777877526000,22884,27.54414,48.97507,9.97322,72118,True,51.31211,3
20260504-003042,-Orlk_W_IlcrXqhZELcA,2026-05-04 06:52:18+00:00,1777877538000,22896,27.53654,48.97974,9.97322,72556,True,51.10758,3
20260504-003042,-OrlkcT7drkJ_CsUCgmy,2026-05-04 06:52:30+00:00,1777877550000,22908,27.53654,48.99271,9.97316,72367,True,50.63991,3
20260504-003042,-OrlkfPpJ5g0WJrGubqT,2026-05-04 06:52:42+00:00,1777877562000,22920,27.54161,48.99371,9.97311,72745,True,50.33582,3
20260504-003042,-OrlkiJ9Qi4NMV7K9TIw,2026-05-04 06:52:54+00:00,1777877574000,22932,27.53907,49.01128,9.9732,72118,True,51.61504,3
20260504-003042,-OrlklEgStS2-H21YHC3,2026-05-04 06:53:06+00:00,1777877586000,22944,27.53654,49.02684,9.9732,72118,True,52.01845,3
20260504-003042,-Orlko9zqRgfgoUqZRN-,2026-05-04 06:53:18+00:00,1777877598000,22956,27.53654,49.00132,9.9732,72243,True,51.65456,3
20260504-003042,-Orlkr5fTmXQ76qrimpd,2026-05-04 06:53:30+00:00,1777877610000,22968,27.53907,49.02845,9.97317,72367,True,51.36776,3
20260504-003042,-Orlku1Iz5cZ9i4-yTPk,2026-05-04 06:53:42+00:00,1777877622000,22980,27.534,49.04544,9.97297,72367,True,51.09673,3
20260504-003042,-OrlkwyDg-bk8Ub9E6Vv,2026-05-04 06:53:54+00:00,1777877634000,22992,27.54161,49.03881,9.97325,72118,True,51.65472,3
20260504-003042,-OrlkztiIbVuNej8Q6sB,2026-05-04 06:54:06+00:00,1777877646000,23004,27.53907,49.00938,9.97292,72367,True,51.12128,3
20260504-003042,-Orll1oVdv0eYXZC6IdP,2026-05-04 06:54:18+00:00,1777877658000,23016,27.54414,48.97523,9.97323,72618,True,50.41985,3
20260504-003042,-Orll4jcmWtaD63ZZYbA,2026-05-04 06:54:30+00:00,1777877670000,23028,27.53907,49.02696,9.97315,71994,True,51.4469,3
20260504-003042,-Orll7fs3azcjmQ1DT5_,2026-05-04 06:54:42+00:00,1777877682000,23040,27.53654,49.03219,9.97309,72305,True,51.17125,3
20260504-003042,-OrllAn9meatwS8pVm_6,2026-05-04 06:54:54+00:00,1777877694000,23052,27.54414,48.99264,9.97309,72367,True,51.53149,3
20260504-003042,-OrllDXpCQcQIPlHPzsI,2026-05-04 06:55:06+00:00,1777877706000,23064,27.53654,48.94629,9.97303,72618,True,50.86145,3
20260504-003042,-OrllGT48YM5Z33oTmfo,2026-05-04 06:55:18+00:00,1777877718000,23076,27.54161,48.92516,9.97309,72243,True,50.91656,3
20260504-003042,-OrllJQCSRP5a4Cqao-I,2026-05-04 06:55:30+00:00,1777877730000,23088,27.54414,48.925,9.97315,72618,True,50.41325,3
20260504-003042,-OrllMK8IBXsVQpcsC7T,2026-05-04 06:55:42+00:00,1777877742000,23100,27.53654,48.93647,9.97322,72493,True,50.60162,3
20260504-003042,-OrllPG3_vjl19f-MbkI,2026-05-04 06:55:54+00:00,1777877754000,23112,27.54161,48.9634,9.97312,72618,True,50.36726,3
20260504-003042,-OrllSBUGgjpG7N5RQln,2026-05-04 06:56:06+00:00,1777877766000,23124,27.53907,48.90907,9.97319,72430,True,50.72026,3
20260504-003042,-OrllV6aLpX-Dm52hmiu,2026-05-04 06:56:18+00:00,1777877778000,23136,27.53907,48.87357,9.97301,72556,True,50.40604,3
20260504-003042,-OrllY1xzTN8HfoaeBrZ,2026-05-04 06:56:30+00:00,1777877790000,23148,27.53654,48.85686,9.97313,72367,True,51.18604,3
20260504-003042,-Orll_zb5YPgr8qVG3ls,2026-05-04 06:56:42+00:00,1777877802000,23160,27.53907,48.90635,9.97312,72367,True,50.49232,2
20260504-003042,-OrllctyZ-w5f9kdNOMz,2026-05-04 06:56:54+00:00,1777877814000,23172,27.53907,48.93391,9.9732,72745,True,50.0,2
20260504-003042,-OrllfqOwqDD1en6GRKI,2026-05-04 06:57:06+00:00,1777877826000,23184,27.54414,48.92175,9.97318,72493,True,50.63575,2
20260504-003042,-OrllilixYQcVSKxJ-T2,2026-05-04 06:57:18+00:00,1777877838000,23196,27.53907,48.87208,9.97308,72556,True,50.83592,2
20260504-003042,-Orlllg_CI-gLAwONH24,2026-05-04 06:57:30+00:00,1777877850000,23208,27.53654,48.87269,9.97309,72430,True,51.77731,2
20260504-003042,-OrllobwyeYjv4J0Y8ao,2026-05-04 06:57:42+00:00,1777877862000,23220,27.53907,48.84303,9.97324,72556,True,51.6367,2
20260504-003042,-OrllrY646MjpbswFnW-,2026-05-04 06:57:54+00:00,1777877874000,23232,27.534,48.83331,9.97309,72556,True,50.9267,2
20260504-003042,-OrllxY-QTA8yxHhunKt,2026-05-04 06:58:06+00:00,1777877886000,23244,27.53907,48.76218,9.97319,72556,True,50.89914,3
20260504-003042,-OrllyJQB1xFZpmwAf20,2026-05-04 06:58:22+00:00,1777877902000,23259,27.59837,48.59552,9.97305,72998,True,50.20761,3
20260504-003042,-Orlm0EjNxUJrpuwOvxf,2026-05-04 06:58:34+00:00,1777877914000,23271,27.50865,49.02022,9.97309,64162,True,108.96928,3
20260504-003042,-Orlm3AKnL2iGyYiCo8Y,2026-05-04 06:58:46+00:00,1777877926000,23283,27.52133,48.85987,9.97301,68351,True,88.538,3
20260504-003042,-Orlm65YT-HC0XV_jWFN,2026-05-04 06:58:58+00:00,1777877938000,23295,27.52133,48.85925,9.97305,70361,True,71.61558,3
20260504-003042,-Orlm91zTQqM4TMI1TbI,2026-05-04 06:59:10+00:00,1777877950000,23307,27.52893,48.81553,9.97318,71381,True,62.94271,3
20260504-003042,-OrlmBxwX8ktBC-ruhJa,2026-05-04 06:59:22+00:00,1777877962000,23319,27.53147,48.76533,9.97314,71686,True,59.17073,3
20260504-003042,-OrlmEtUmb0ULSCDJ2Ck,2026-05-04 06:59:34+00:00,1777877974000,23331,27.53654,48.70852,9.97309,71871,True,56.256,3
20260504-003042,-OrlmHor_joimTbsbApO,2026-05-04 06:59:46+00:00,1777877986000,23343,27.53654,48.70419,9.9732,72118,True,54.90353,3
20260504-003042,-OrlmKk3nMhaEehsZGGW,2026-05-04 06:59:58+00:00,1777877998000,23355,27.534,48.71949,9.97318,72430,True,53.94907,3
20260504-003042,-OrlmNgaCilgHlKPjZyV,2026-05-04 07:00:10+00:00,1777878010000,23367,27.53147,48.724,9.97326,72243,True,53.85061,3
20260504-003042,-OrlmQbA6Kw94W_nXauI,2026-05-04 07:00:22+00:00,1777878022000,23379,27.53654,48.71536,9.97309,72430,True,52.40967,3
20260504-003042,-OrlmTXpWAGCuEZoqcfd,2026-05-04 07:00:34+00:00,1777878034000,23391,27.53907,48.66843,9.97326,72493,True,51.87532,3
20260504-003042,-OrlmWTNnIi4lMPljwNt,2026-05-04 07:00:46+00:00,1777878046000,23403,27.53907,48.68885,9.97317,72556,True,51.6889,3
20260504-003042,-OrlmZOYIlu4X_Uq8DS1,2026-05-04 07:00:58+00:00,1777878058000,23415,27.53654,48.7445,9.97325,72681,True,51.63019,3
20260504-003042,-OrlmbVeufa7hYEgJPG2,2026-05-04 07:01:10+00:00,1777878070000,23427,27.54414,48.8009,9.97325,72180,True,52.52139,3
20260504-003042,-OrlmeGVHxirnjxVXl-O,2026-05-04 07:01:22+00:00,1777878082000,23439,27.53654,48.82738,9.97316,72745,True,52.37114,3
20260504-003042,-OrlmhBnNLkKWABxBGcO,2026-05-04 07:01:34+00:00,1777878094000,23451,27.54414,48.82855,9.97339,72367,True,51.61449,3
20260504-003042,-Orlmk7C2lMwkx-BN86m,2026-05-04 07:01:46+00:00,1777878106000,23463,27.54161,48.83119,9.97321,72367,True,51.76037,3
20260504-003042,-Orlmn27r3qnUSFC66rE,2026-05-04 07:01:58+00:00,1777878118000,23475,27.534,48.84599,9.97321,72367,True,52.04503,3
20260504-003042,-OrlmpzN7iE7MPGpmGfm,2026-05-04 07:02:10+00:00,1777878130000,23487,27.54414,48.84053,9.97336,72556,True,52.05769,3
20260504-003042,-Orlmt1u5-bWoczMiliN,2026-05-04 07:02:22+00:00,1777878142000,23499,27.54161,48.80817,9.97298,72681,True,51.24261,3
20260504-003042,-Orlmvpy8WY8i9Rcvw1g,2026-05-04 07:02:34+00:00,1777878154000,23511,27.54414,48.77092,9.97302,72493,True,51.40636,3
20260504-003042,-OrlmylFQB_VXa7WEnYE,2026-05-04 07:02:46+00:00,1777878166000,23523,27.54161,48.71726,9.97321,72808,True,50.52107,3
20260504-003042,-Orln0gl-oLzJ5OvoNgk,2026-05-04 07:02:58+00:00,1777878178000,23535,27.53907,48.71537,9.97308,72745,True,50.73975,2
20260504-003042,-Orln3c8xfxc1immVhYU,2026-05-04 07:03:10+00:00,1777878190000,23547,27.53654,48.71422,9.97294,72935,True,50.74233,2
20260504-003042,-Orln6YNTePY9WusbAfc,2026-05-04 07:03:22+00:00,1777878202000,23559,27.54161,48.66406,9.97312,72935,True,50.40663,2
20260504-003042,-Orln9UynhGG1EKSpSQV,2026-05-04 07:03:34+00:00,1777878214000,23571,27.54922,48.63092,9.9733,73318,True,49.66186,2
20260504-003042,-OrlnCPmqRHIzan6fgSV,2026-05-04 07:03:46+00:00,1777878226000,23583,27.54161,48.65223,9.97274,72935,True,50.77773,2
20260504-003042,-OrlnFLNI_4DiPVWcvga,2026-05-04 07:03:58+00:00,1777878238000,23595,27.54161,48.65693,9.97288,73318,True,49.78708,2
20260504-003042,-OrlnIGpVTJZsXKxAXA4,2026-05-04 07:04:10+00:00,1777878250000,23607,27.54414,48.65078,9.97306,72935,True,50.6916,2
20260504-003042,-OrlnMsP932jkDph2dEl,2026-05-04 07:04:22+00:00,1777878262000,23619,27.54161,48.67561,9.97288,73126,True,50.20805,2
20260504-003042,-OrlnOMzHPeSFQIfF326,2026-05-04 07:04:35+00:00,1777878275000,23632,27.44272,49.47504,9.97269,61658,True,74.28558,2
20260504-003042,-OrlnRIuamdXAvFfb3ks,2026-05-04 07:04:47+00:00,1777878287000,23644,27.52639,48.82848,9.97292,68914,True,83.67194,2
20260504-003042,-OrlnUE5619-Tblf3YCY,2026-05-04 07:04:59+00:00,1777878299000,23656,27.534,48.73048,9.97291,70718,True,71.00964,2
20260504-003042,-OrlnX9guyGR1PhkZEm4,2026-05-04 07:05:11+00:00,1777878311000,23668,27.53654,48.67909,9.97285,71932,True,61.8346,3
20260504-003042,-Orln_55INy9fYd036A1,2026-05-04 07:05:23+00:00,1777878323000,23680,27.53907,48.64936,9.97289,71809,True,58.76981,3
20260504-003042,-Orlnc0Hb1x3-1ZP0TSM,2026-05-04 07:05:35+00:00,1777878335000,23692,27.534,48.67673,9.97265,72243,True,55.62218,3
20260504-003042,-Orlnewy9tA8v5ErVdaI,2026-05-04 07:05:47+00:00,1777878347000,23704,27.53907,48.71383,9.97291,72180,True,55.0061,3
20260504-003042,-OrlnhtcoXy8pFhV-7cf,2026-05-04 07:05:59+00:00,1777878359000,23716,27.53654,48.6933,9.97267,72430,True,53.72706,3
20260504-003042,-OrlnkoYdq0BsVCzQfLF,2026-05-04 07:06:11+00:00,1777878371000,23728,27.534,48.6869,9.97261,72871,True,52.47878,3
20260504-003042,-OrlnnkAOssxlSv4sAu3,2026-05-04 07:06:23+00:00,1777878383000,23740,27.53907,48.694,9.97264,72998,True,52.11726,3
20260504-003042,-Orlnqf3hf-yeyhVZCxx,2026-05-04 07:06:35+00:00,1777878395000,23752,27.534,48.71937,9.97253,72808,True,52.31997,3
20260504-003042,-OrlntaRo97K9KKpc6HZ,2026-05-04 07:06:47+00:00,1777878407000,23764,27.534,48.74275,9.97246,72556,True,52.83726,3
20260504-003042,-OrlnwWxBCKXaXjM9ZVH,2026-05-04 07:06:59+00:00,1777878419000,23776,27.54161,48.72076,9.97249,72556,True,52.8243,3
20260504-003042,-OrlnzT010oUFPzdCtDC,2026-05-04 07:07:11+00:00,1777878431000,23788,27.53654,48.63944,9.97267,72681,True,52.24136,3
20260504-003042,-Orlo1WoR-zl9OQnbefK,2026-05-04 07:07:23+00:00,1777878443000,23800,27.54414,48.54468,9.97237,72745,True,52.20313,3
20260504-003042,-Orlo4JuMg5krGLbf1Zy,2026-05-04 07:07:35+00:00,1777878455000,23812,27.53654,48.56069,9.97252,72745,True,51.80078,3
20260504-003042,-Orlo7EvVDZgYUXR1ia3,2026-05-04 07:07:47+00:00,1777878467000,23824,27.54161,48.57824,9.97233,73254,True,50.31425,3
20260504-003042,-OrloAATi4amoda6RAhN,2026-05-04 07:07:59+00:00,1777878479000,23836,27.53907,48.6343,9.9725,73318,True,50.44328,3
20260504-003042,-OrloD5oMxE-hsysAau8,2026-05-04 07:08:11+00:00,1777878491000,23848,27.53907,48.65405,9.97234,72808,True,51.36509,3
20260504-003042,-OrloG1uw_3sYWwOxOm5,2026-05-04 07:08:23+00:00,1777878503000,23860,27.53907,48.67672,9.97231,72871,True,51.9535,3
20260504-003042,-OrloIyT7A68SeN2arCN,2026-05-04 07:08:35+00:00,1777878515000,23872,27.54414,48.67776,9.97256,72556,True,52.18364,3
20260504-003042,-OrloLteY9JJ4YJIHF_o,2026-05-04 07:08:47+00:00,1777878527000,23884,27.53907,48.69353,9.97248,72681,True,51.96736,3
20260504-003042,-OrloOp0Y8P5fOTr4llA,2026-05-04 07:08:59+00:00,1777878539000,23896,27.54161,48.68354,9.97256,72871,True,51.09779,3
20260504-003042,-OrloRkHBKezj_Ifin9n,2026-05-04 07:09:11+00:00,1777878551000,23908,27.54414,48.67324,9.97265,72745,True,51.31159,3
20260504-003042,-OrloUgEq7glsEWm7VxN,2026-05-04 07:09:23+00:00,1777878563000,23920,27.54414,48.652,9.9726,72935,True,51.43097,3
20260504-003042,-OrloXcL4MFqece8VsBD,2026-05-04 07:09:35+00:00,1777878575000,23932,27.54161,48.62966,9.97267,72935,True,50.77024,3
20260504-003042,-Orlo_Y1C-NcE-PRGg8K,2026-05-04 07:09:47+00:00,1777878587000,23944,27.53907,48.59354,9.97255,72808,True,51.77422,3
20260504-003042,-OrlocT8qhGq8eIQbiGp,2026-05-04 07:09:59+00:00,1777878599000,23956,27.54161,48.58002,9.97263,73254,True,50.30976,3
20260504-003042,-OrlofOpyEwfqzAocg2l,2026-05-04 07:10:11+00:00,1777878611000,23968,27.54668,48.54595,9.97268,73126,True,50.8047,3
20260504-003042,-OrloiKv1XLuodsyU8fT,2026-05-04 07:10:23+00:00,1777878623000,23980,27.54161,48.63286,9.9726,73254,True,50.42517,3
20260504-003042,-OrlolOb9JkNX7-a_E8z,2026-05-04 07:10:35+00:00,1777878635000,23992,27.54161,48.66125,9.97267,72808,True,51.96725,3
20260504-003042,-OrlooBxRQ8EMY8bKc7G,2026-05-04 07:10:47+00:00,1777878647000,24004,27.54668,48.6073,9.97245,73062,True,50.94167,3
20260504-003042,-Orlor6vIg2xMXrt77rE,2026-05-04 07:10:59+00:00,1777878659000,24016,27.54668,48.57024,9.97262,72808,True,51.2998,3
20260504-003042,-Orlou2Gjq24Ftp6lWiw,2026-05-04 07:11:11+00:00,1777878671000,24028,27.54161,48.49289,9.9726,72998,True,51.35642,3
20260504-003042,-OrlowzcUYH1VjqW-ypa,2026-05-04 07:11:23+00:00,1777878683000,24040,27.54668,48.46309,9.97257,72871,True,51.01782,3
20260504-003042,-OrlozuhsqcdSMRsZROE,2026-05-04 07:11:35+00:00,1777878695000,24052,27.54161,48.53347,9.97253,73190,True,50.62861,3
20260504-003042,-Orlp1q4oNR4OzsBno2Y,2026-05-04 07:11:47+00:00,1777878707000,24064,27.54414,48.58685,9.97255,73575,True,49.93177,2
20260504-003042,-Orlp4lMT0DBo6_AMCpD,2026-05-04 07:11:59+00:00,1777878719000,24076,27.54668,48.58875,9.97241,73190,True,51.26196,2
20260504-003042,-Orlp7hk5gMsOnQwVPtW,2026-05-04 07:12:11+00:00,1777878731000,24088,27.54922,48.55912,9.97259,73126,True,51.501,2
20260504-003042,-OrlpAcGqo8BE9PMZG1o,2026-05-04 07:12:23+00:00,1777878743000,24100,27.54161,48.59296,9.97251,72871,True,51.71339,2
20260504-003042,-OrlpDZ_eLjoMo5_OSgD,2026-05-04 07:12:35+00:00,1777878755000,24112,27.54161,48.54361,9.97256,73062,True,50.73809,2
20260504-003042,-OrlpGUteG6Rk00ID1UN,2026-05-04 07:12:47+00:00,1777878767000,24124,27.53907,48.51236,9.97261,72935,True,51.54316,3
20260504-003042,-OrlpJPx4Iuk2OlNc_IM,2026-05-04 07:12:59+00:00,1777878779000,24136,27.54161,48.52928,9.97268,73446,True,50.40131,3
20260504-003042,-OrlpMLUNF1Kx18pWnzy,2026-05-04 07:13:11+00:00,1777878791000,24148,27.53907,48.49469,9.97254,73382,True,50.0,2
20260504-003042,-OrlpPGzX5SK1odCVo70,2026-05-04 07:13:23+00:00,1777878803000,24160,27.54922,48.50246,9.97266,73126,True,50.51709,2
20260504-003042,-OrlpSLd5UYohX8hp24W,2026-05-04 07:13:35+00:00,1777878815000,24172,27.54161,48.54888,9.97254,73382,True,50.4073,2
20260504-003042,-OrlpVElJD0d5cmbbaju,2026-05-04 07:13:47+00:00,1777878827000,24184,27.54414,48.5539,9.97256,72998,True,51.23245,2
20260504-003042,-OrlpYE1Wk0LF0fbJ3lD,2026-05-04 07:13:59+00:00,1777878839000,24196,27.54668,48.54793,9.97257,72998,True,51.50785,2
20260504-003042,-Orlp_zg_yjeqHqH0zNh,2026-05-04 07:14:11+00:00,1777878851000,24208,27.54161,48.56998,9.97251,73318,True,50.77779,3
20260504-003042,-Orlpcv9n8ndzRwWJ6PH,2026-05-04 07:14:23+00:00,1777878863000,24220,27.54414,48.582,9.97265,72998,True,51.16708,3
20260504-003042,-Orlpfrjpv7eze4REvwY,2026-05-04 07:14:35+00:00,1777878875000,24232,27.54414,48.60693,9.97248,72935,True,51.61838,3
20260504-003042,-OrlpimwBz_qOHMdV2V4,2026-05-04 07:14:47+00:00,1777878887000,24244,27.54414,48.57692,9.97253,73126,True,50.90638,3
20260504-003042,-Orlpli5JEbPzxG7Udt3,2026-05-04 07:14:59+00:00,1777878899000,24256,27.54161,48.57951,9.97244,73575,True,49.76122,2
20260504-003042,-OrlpodUuEq46_gvPNJN,2026-05-04 07:15:11+00:00,1777878911000,24268,27.534,48.56751,9.97265,73190,True,51.48183,2
20260504-003042,-OrlprdgYQn5SVuaeNsG,2026-05-04 07:15:23+00:00,1777878923000,24280,27.54414,48.55031,9.97269,72998,True,52.31734,2
20260504-003042,-OrlpuVqSE7ApOhuFcGH,2026-05-04 07:15:35+00:00,1777878935000,24292,27.54414,48.53522,9.97253,73190,True,51.46247,2
20260504-003042,-OrlpxQjIZIxYB_ui_PV,2026-05-04 07:15:47+00:00,1777878947000,24304,27.54161,48.55729,9.97275,73382,True,51.3644,2
20260504-003042,-Orlq-MnbHv51vzuUEHy,2026-05-04 07:15:59+00:00,1777878959000,24316,27.53907,48.56371,9.9727,72998,True,51.86043,2
20260504-003042,-Orlq2IWAJVvGcdymik9,2026-05-04 07:16:11+00:00,1777878971000,24328,27.54161,48.55093,9.97258,73511,True,50.56013,3
20260504-003042,-Orlq5E1jF4KSkjOU938,2026-05-04 07:16:23+00:00,1777878983000,24340,27.53654,48.54917,9.97273,73254,True,50.88872,3
20260504-003042,-Orlq8A5qPrxw0i-lVyG,2026-05-04 07:16:35+00:00,1777878995000,24352,27.54922,48.51307,9.9727,73382,True,50.69516,3
20260504-003042,-OrlqB4QbRiSWEweavZY,2026-05-04 07:16:47+00:00,1777879007000,24364,27.54161,48.55372,9.97245,73318,True,50.88105,3
20260504-003042,-OrlqEIE4tZ6rKaysONT,2026-05-04 07:16:59+00:00,1777879019000,24376,27.53907,48.55413,9.97266,73575,True,50.18187,3
20260504-003042,-OrlqGwrb0rUfhkmSnvT,2026-05-04 07:17:11+00:00,1777879031000,24388,27.54414,48.55579,9.97276,73062,True,50.74686,3
20260504-003042,-OrlqJs3OgsASvmbrSGq,2026-05-04 07:17:23+00:00,1777879043000,24400,27.54161,48.57659,9.97267,73318,True,50.74696,3
20260504-003042,-OrlqMnDNB635tTQVoSC,2026-05-04 07:17:35+00:00,1777879055000,24412,27.53907,48.5595,9.97231,72998,True,51.8224,3
20260504-003042,-OrlqPiiKbqWPLrtw6xn,2026-05-04 07:17:47+00:00,1777879067000,24424,27.54414,48.56056,9.97249,72998,True,51.80335,3
20260504-003042,-OrlqSe_iU0CGhh8t6IJ,2026-05-04 07:17:59+00:00,1777879079000,24436,27.54922,48.57949,9.97265,73446,True,50.62609,3
20260504-003042,-OrlqVaYk9SiQoC7iI3-,2026-05-04 07:18:11+00:00,1777879091000,24448,27.53907,48.57764,9.97259,73190,True,51.35374,3
20260504-003042,-OrlqYWG1FszWin7hsmE,2026-05-04 07:18:23+00:00,1777879103000,24460,27.54414,48.55561,9.9726,73190,True,51.16594,3
20260504-003042,-OrlqaSDW9iuveMeS_t3,2026-05-04 07:18:35+00:00,1777879115000,24472,27.53907,48.59248,9.97252,73446,True,51.08496,3
20260504-003042,-OrlqdN3ju-ch6YsW0uK,2026-05-04 07:18:47+00:00,1777879127000,24484,27.53654,48.59489,9.9725,73190,True,50.73973,3
20260504-003042,-OrlqgIWYPNoWScENYpK,2026-05-04 07:18:59+00:00,1777879139000,24496,27.53907,48.61313,9.97266,72998,True,51.76174,3
20260504-003042,-OrlqjEjnYJPjfgc6wYX,2026-05-04 07:19:11+00:00,1777879151000,24508,27.53907,48.63485,9.97252,72935,True,52.05596,3
20260504-003042,-OrlqmA2443nWZNNxEzv,2026-05-04 07:19:23+00:00,1777879163000,24520,27.54161,48.62631,9.97251,73126,True,51.81022,3
20260504-003042,-Orlqp5FAtVLR_ihlfgo,2026-05-04 07:19:35+00:00,1777879175000,24532,27.54414,48.62296,9.97272,72935,True,52.04116,3
20260504-003042,-Orlqs1ZqCR_ifmu4P6r,2026-05-04 07:19:47+00:00,1777879187000,24544,27.54161,48.57878,9.97238,72808,True,52.23205,3
20260504-003042,-OrlquxmLFf1SFJp9iaN,2026-05-04 07:19:59+00:00,1777879199000,24556,27.54161,48.57473,9.97261,73062,True,51.41577,3
20260504-003042,-OrlqxzQrnm4LBEeRhbv,2026-05-04 07:20:11+00:00,1777879211000,24568,27.53654,48.56445,9.97248,73318,True,50.43682,3
20260504-003042,-Orlr-ondFfZ_F9jnTnc,2026-05-04 07:20:23+00:00,1777879223000,24580,27.53654,48.56892,9.97253,73254,True,50.57409,3
20260504-003042,-Orlr2kHhuMbAgLTbrCL,2026-05-04 07:20:35+00:00,1777879235000,24592,27.534,48.56417,9.97258,73511,True,50.05785,2
20260504-003042,-Orlr5fFeL4FxVAQj4tZ,2026-05-04 07:20:47+00:00,1777879247000,24604,27.54161,48.57537,9.97249,73062,True,51.99631,2
20260504-003042,-Orlr8b315UBo0ZpJlHC,2026-05-04 07:20:59+00:00,1777879259000,24616,27.54668,48.68826,9.97245,73254,True,52.10093,2
20260504-003042,-OrlrBX9cs647k_XuEV4,2026-05-04 07:21:11+00:00,1777879271000,24628,27.54161,48.6979,9.97228,73575,True,50.4427,2
20260504-003042,-OrlrET57Wv2RWsHBFe4,2026-05-04 07:21:23+00:00,1777879283000,24640,27.55175,48.64702,9.9723,73190,True,51.30057,2
20260504-003042,-OrlrHOxbPpeCpPp8qs6,2026-05-04 07:21:35+00:00,1777879295000,24652,27.55936,48.63094,9.97247,72871,True,52.13443,3
20260504-003042,-OrlrKJllVMCcnfgLqME,2026-05-04 07:21:47+00:00,1777879307000,24664,27.55429,48.61052,9.97223,73062,True,51.86304,3
20260504-003042,-OrlrNF8sT0rlvDwzuX9,2026-05-04 07:21:59+00:00,1777879319000,24676,27.55936,48.58818,9.97235,72681,True,52.88872,3
20260504-003042,-OrlrQA_SBc5ZynX6Ov7,2026-05-04 07:22:11+00:00,1777879331000,24688,27.56443,48.5749,9.97241,72745,True,52.33622,3
20260504-003042,-OrlrT6nOIvbkpb2PGEx,2026-05-04 07:22:23+00:00,1777879343000,24700,27.56697,48.56574,9.97221,72745,True,52.86869,3
20260504-003042,-OrlrW1shr8jacvFJk2u,2026-05-04 07:22:35+00:00,1777879355000,24712,27.57204,48.532,9.97224,73062,True,52.08831,3
20260504-003042,-OrlrYyExo9H7PN1vydC,2026-05-04 07:22:47+00:00,1777879367000,24724,27.57457,48.52386,9.97243,72935,True,52.36092,3
20260504-003042,-OrlratmtmdVGFzZyq__,2026-05-04 07:22:59+00:00,1777879379000,24736,27.57457,48.52872,9.97226,73126,True,51.80163,3
20260504-003042,-OrlrdpI9a3ztdjdVbWX,2026-05-04 07:23:11+00:00,1777879391000,24748,27.5695,48.52734,9.972,72998,True,52.6186,3
20260504-003042,-OrlrgtrUAWCV_LsMmxt,2026-05-04 07:23:23+00:00,1777879403000,24760,27.57965,48.48619,9.9723,72998,True,52.30637,3
20260504-003042,-Orlrjgv7fQONRy6tKfa,2026-05-04 07:23:35+00:00,1777879415000,24772,27.57965,48.46617,9.97243,72618,True,52.86353,3
20260504-003042,-OrlrmbrdJSx81v_RhGq,2026-05-04 07:23:47+00:00,1777879427000,24784,27.58471,48.47667,9.97221,72998,True,52.59635,3
20260504-003042,-OrlrpY0KllQvliBPfwz,2026-05-04 07:23:59+00:00,1777879439000,24796,27.58218,48.50812,9.97224,72681,True,52.53673,3
20260504-003042,-OrlrsTZEAIzj4Jq_NXy,2026-05-04 07:24:11+00:00,1777879451000,24808,27.58725,48.47789,9.97214,72871,True,52.70805,3
20260504-003042,-OrlrvPNonLGSVfW5UGW,2026-05-04 07:24:23+00:00,1777879463000,24820,27.58471,48.51553,9.97224,73062,True,52.47445,3
20260504-003042,-OrlryKjUs8dYqiRA59R,2026-05-04 07:24:35+00:00,1777879475000,24832,27.57711,48.52328,9.97202,72808,True,53.44793,3
20260504-003042,-Orls0G_FgsehXt5E5MX,2026-05-04 07:24:47+00:00,1777879487000,24844,27.58471,48.51636,9.97228,72808,True,53.17866,3
20260504-003042,-Orls3CgnT5g49mqoViT,2026-05-04 07:24:59+00:00,1777879499000,24856,27.58471,48.50752,9.97193,72618,True,53.95612,3
20260504-003042,-Orls67SBfWa_TWvcz75,2026-05-04 07:25:11+00:00,1777879511000,24868,27.58978,48.55927,9.97213,72745,True,53.89664,3
20260504-003042,-Orls93tcdYLZxNUbBp4,2026-05-04 07:25:23+00:00,1777879523000,24880,27.58471,48.66073,9.97207,72745,True,54.1521,3
20260504-003042,-OrlsBzCD6WFJFdIjJGq,2026-05-04 07:25:35+00:00,1777879535000,24892,27.59232,48.59681,9.97231,72681,True,54.35009,3
20260504-003042,-OrlsEuuG3HHYme2HdKO,2026-05-04 07:25:47+00:00,1777879547000,24904,27.59486,48.45989,9.97235,72618,True,53.70667,3
20260504-003042,-OrlsHqN6s0bAVGDZLFq,2026-05-04 07:25:59+00:00,1777879559000,24916,27.59739,48.40313,9.97217,73318,True,52.08903,3
20260504-003042,-OrlsKmERXm5GRLZV2YB,2026-05-04 07:26:11+00:00,1777879571000,24928,27.59486,48.41256,9.97219,73126,True,51.76226,3
20260504-003042,-OrlsNhEE0LLDGEA0kNu,2026-05-04 07:26:23+00:00,1777879583000,24940,27.59486,48.42455,9.97213,73062,True,51.51234,3
20260504-003042,-OrlsQu28WTZIddtz8T1,2026-05-04 07:26:35+00:00,1777879595000,24952,27.59486,48.41473,9.97223,73318,True,51.95732,3
20260504-003042,-OrlsTZA1NFsg9zU1Ja9,2026-05-04 07:26:47+00:00,1777879607000,24964,27.59232,48.37521,9.97219,73446,True,51.05351,3
20260504-003042,-OrlsWV2mcKF8SEDG2nW,2026-05-04 07:26:59+00:00,1777879619000,24976,27.59486,48.3573,9.97223,73254,True,51.84711,3
20260504-003042,-OrlsZQTSPRBJz92r5Ia,2026-05-04 07:27:11+00:00,1777879631000,24988,27.60246,48.29492,9.97221,72808,True,52.69704,3
20260504-003042,-OrlsbLfp13_VRR9-TT6,2026-05-04 07:27:23+00:00,1777879643000,25000,27.59486,48.28567,9.97216,73062,True,51.41252,3
20260504-003042,-OrlseIKV0BZ8hqqrwRs,2026-05-04 07:27:35+00:00,1777879655000,25012,27.59486,48.24819,9.97204,73575,True,50.0,2
20260504-003042,-OrlshD79f_1EfhsQypc,2026-05-04 07:27:47+00:00,1777879667000,25024,27.605,48.2415,9.9723,73446,True,50.6433,2
20260504-003042,-Orlsk_mebzVutndY7Wm,2026-05-04 07:28:00+00:00,1777879680000,25037,27.65229,48.11712,9.97223,73511,True,50.44611,2
20260504-003042,-OrlsnKx31RtHBQAsYMa,2026-05-04 07:28:12+00:00,1777879692000,25049,27.58725,48.48351,9.97246,66243,True,100.14806,2
20260504-003042,-OrlsqG3TwD2bjdOiysC,2026-05-04 07:28:24+00:00,1777879704000,25061,27.58978,48.37823,9.97227,70184,True,81.88996,2
20260504-003042,-OrlstBY_ykeb_g3s0AA,2026-05-04 07:28:36+00:00,1777879716000,25073,27.59232,48.43537,9.97223,70957,True,69.71539,2
20260504-003042,-Orlsw6R3CpMxj5MP3jT,2026-05-04 07:28:48+00:00,1777879728000,25085,27.59486,48.62737,9.97234,71625,True,63.96469,3
20260504-003042,-Orlsz4I1dnKmUs45kOt,2026-05-04 07:29:00+00:00,1777879740000,25097,27.59232,48.91787,9.9724,71259,True,63.5387,3
20260504-003042,-Orlt0zUPklyb3P8arKu,2026-05-04 07:29:12+00:00,1777879752000,25109,27.58725,49.10241,9.97243,71017,True,62.418,3
20260504-003042,-Orlt3uN1oWoEKJvioMg,2026-05-04 07:29:24+00:00,1777879764000,25121,27.59232,49.26022,9.97231,71381,True,60.78032,3
20260504-003042,-Orlt6ygUiWSQDc1pgfg,2026-05-04 07:29:36+00:00,1777879776000,25133,27.58725,49.49694,9.97248,71502,True,60.15374,3
20260504-003042,-Orlt9kV911bb-XZLwmq,2026-05-04 07:29:48+00:00,1777879788000,25145,27.59232,49.5237,9.97252,71078,True,60.41786,3
20260504-003042,-OrltChMYlKsVyv3e9Nj,2026-05-04 07:30:00+00:00,1777879800000,25157,27.59232,49.54594,9.97244,70957,True,60.75966,3
20260504-003042,-OrltFbj6rrpw-48YHr3,2026-05-04 07:30:12+00:00,1777879812000,25169,27.58725,49.50541,9.97239,71381,True,59.63177,3
20260504-003042,-OrltIYJDDbKMGGmNX9c,2026-05-04 07:30:24+00:00,1777879824000,25181,27.58725,49.33778,9.97278,71078,True,60.12783,3
20260504-003042,-OrltLU0TifuX1jw6KKW,2026-05-04 07:30:36+00:00,1777879836000,25193,27.58725,49.41053,9.9726,71138,True,59.66893,3
20260504-003042,-OrltOPonIs8dDcG82dl,2026-05-04 07:30:48+00:00,1777879848000,25205,27.58218,49.43579,9.97254,71320,True,59.04065,3
20260504-003042,-OrltRL4Jh2_lTCkiCr9,2026-05-04 07:31:00+00:00,1777879860000,25217,27.58218,49.3678,9.97259,71441,True,57.4364,3
20260504-003042,-OrltUGP2uQYq3rAAt8I,2026-05-04 07:31:12+00:00,1777879872000,25229,27.58218,49.28098,9.97268,71686,True,56.62132,3
20260504-003042,-OrltXBswNcjV6GXj06U,2026-05-04 07:31:24+00:00,1777879884000,25241,27.57965,49.13016,9.97267,71871,True,55.94444,3
20260504-003042,-Orlt_79AV_DQDom23lr,2026-05-04 07:31:36+00:00,1777879896000,25253,27.57711,48.93161,9.97247,71686,True,56.11806,3
20260504-003042,-Orltc2iL_8PKpJ4SCa0,2026-05-04 07:31:48+00:00,1777879908000,25265,27.57711,48.91896,9.9726,71747,True,54.79537,3
20260504-003042,-OrltezwdoVIdBpB6_Lx,2026-05-04 07:32:00+00:00,1777879920000,25277,27.57711,48.96886,9.97249,71994,True,54.31626,3
20260504-003042,-Orlthv65kTmodGQrv9p,2026-05-04 07:32:12+00:00,1777879932000,25289,27.57965,49.0196,9.97257,72243,True,53.37365,3
20260504-003042,-OrltkqWRd5887zjlCGx,2026-05-04 07:32:24+00:00,1777879944000,25301,27.5695,49.17944,9.97228,72056,True,54.49481,3
20260504-003042,-OrltnlV64F45g63DZyB,2026-05-04 07:32:36+00:00,1777879956000,25313,27.56697,49.28942,9.97251,71564,True,55.46725,3
20260504-003042,-Orltr1BqoY1iyy9jZbN,2026-05-04 07:32:48+00:00,1777879968000,25325,27.56697,49.20145,9.97251,72056,True,55.25564,3
20260504-003042,-OrlttdbmgrMcL9Rtvm-,2026-05-04 07:33:00+00:00,1777879980000,25337,27.5619,49.16924,9.9725,72056,True,53.98512,3
20260504-003042,-OrltwYmWbKcfApNxAuR,2026-05-04 07:33:12+00:00,1777879992000,25349,27.55936,49.0972,9.97256,71871,True,55.17228,3
20260504-003042,-OrltzV0x0HBDWgEl61Z,2026-05-04 07:33:24+00:00,1777880004000,25361,27.55936,49.13382,9.97249,71932,True,54.98298,3
20260504-003042,-Orlu1QD80DQpd_PsChS,2026-05-04 07:33:36+00:00,1777880016000,25373,27.55429,49.25309,9.97225,71809,True,55.90626,3
20260504-003042,-Orlu4LoWAtjSsPx5vze,2026-05-04 07:33:48+00:00,1777880028000,25385,27.54668,49.28123,9.97218,72180,True,55.58284,3
20260504-003042,-Orlu7Hjvw3VqR4rnZtU,2026-05-04 07:34:00+00:00,1777880040000,25397,27.54414,49.12497,9.97237,72118,True,54.42576,3
20260504-003042,-OrluACVll6lFkS3ZSpd,2026-05-04 07:34:12+00:00,1777880052000,25409,27.54161,49.06944,9.97231,72180,True,53.49788,3
20260504-003042,-OrluD8IDxyNcX9d7vSz,2026-05-04 07:34:24+00:00,1777880064000,25421,27.53147,49.09975,9.97199,72056,True,54.09412,3
20260504-003042,-OrluG4Cl8WTpmpMzos0,2026-05-04 07:34:36+00:00,1777880076000,25433,27.53654,49.09303,9.97216,72243,True,53.02821,3
20260504-003042,-OrluJ-f89g5a6xeo0Hs,2026-05-04 07:34:48+00:00,1777880088000,25445,27.53147,49.1246,9.9724,72745,True,52.27096,3
20260504-003042,-OrluLwrFFTqzdKSB7el,2026-05-04 07:35:00+00:00,1777880100000,25457,27.534,49.07722,9.97223,72367,True,53.40889,3
20260504-003042,-OrluOqxe-IkxXjza5bF,2026-05-04 07:35:12+00:00,1777880112000,25469,27.52639,49.10155,9.97218,72243,True,52.5102,3
20260504-003042,-OrluRn-l3aMNQ8nezJJ,2026-05-04 07:35:24+00:00,1777880124000,25481,27.52386,49.30609,9.97205,72305,True,53.66644,3
20260504-003042,-OrluUiAoGAqU6gpOAyl,2026-05-04 07:35:36+00:00,1777880136000,25493,27.52133,49.08487,9.97218,72871,True,51.96854,3
20260504-003042,-OrluXdX-hxHgX65Ovjl,2026-05-04 07:35:48+00:00,1777880148000,25505,27.51372,49.06667,9.97194,72556,True,51.96981,3
20260504-003042,-Orlua0HUNZTfFtd8DrC,2026-05-04 07:36:00+00:00,1777880160000,25517,27.52133,49.19095,9.97199,71871,True,53.70287,3
20260504-003042,-OrlucWR-2M9SaLr98iP,2026-05-04 07:36:12+00:00,1777880172000,25529,27.52133,49.2742,9.97218,72243,True,53.6594,3
20260504-003042,-OrlufRdhcnNiPDeRPFb,2026-05-04 07:36:24+00:00,1777880184000,25541,27.51372,49.17562,9.97208,72180,True,53.77531,3
20260504-003042,-OrluiM_SwhImg5r8k5K,2026-05-04 07:36:36+00:00,1777880196000,25553,27.51372,49.12851,9.97182,72430,True,53.75582,3
20260504-003042,-OrlulICJ9J4ANLpQ6EP,2026-05-04 07:36:48+00:00,1777880208000,25565,27.51372,49.13891,9.97196,72430,True,52.80875,3
20260504-003042,-OrluoE2UGGOYENZCODq,2026-05-04 07:37:00+00:00,1777880220000,25577,27.51625,49.25478,9.97221,72118,True,53.98225,3
20260504-003042,-Orlur90BOR1_nZPXTUF,2026-05-04 07:37:12+00:00,1777880232000,25589,27.51625,49.39045,9.97212,72493,True,53.51837,3
20260504-003042,-Orluu5O7O57yRyoEVIv,2026-05-04 07:37:24+00:00,1777880244000,25601,27.50104,49.26342,9.97179,72493,True,53.33934,3
20260504-003042,-Orlux0ig6k8gqXHs_Xo,2026-05-04 07:37:36+00:00,1777880256000,25613,27.50104,49.28991,9.97193,72056,True,53.70382,3
20260504-003042,-OrluzwqHZ3icqbFIH0W,2026-05-04 07:37:48+00:00,1777880268000,25625,27.50104,49.41773,9.97195,71871,True,53.75132,3
20260504-003042,-Orlv1tRrbgC9nKZf53o,2026-05-04 07:38:00+00:00,1777880280000,25637,27.50104,49.45647,9.972,72118,True,53.92239,3
20260504-003042,-Orlv4nICo4QKEw2B--W,2026-05-04 07:38:12+00:00,1777880292000,25649,27.50865,49.47063,9.97209,72180,True,53.88189,3
20260504-003042,-Orlv7j-p3PK-ky4WSrw,2026-05-04 07:38:24+00:00,1777880304000,25661,27.50104,49.56692,9.97211,72430,True,53.07941,3
20260504-003042,-OrlvAf1olAVaw1z6igX,2026-05-04 07:38:36+00:00,1777880316000,25673,27.49597,49.68796,9.97201,72118,True,53.82138,3
20260504-003042,-OrlvDa-KA7CgNvVPxBj,2026-05-04 07:38:48+00:00,1777880328000,25685,27.50104,49.77554,9.97221,72243,True,53.84691,3
20260504-003042,-OrlvGY2aChFGwb1UITN,2026-05-04 07:39:00+00:00,1777880340000,25697,27.4985,49.77215,9.97219,71564,True,54.9015,3
20260504-003042,-OrlvJZHwNDlT_uUN2n5,2026-05-04 07:39:12+00:00,1777880352000,25709,27.49343,49.59087,9.97204,72056,True,53.48502,3
20260504-003042,-OrlvMOG_VpW1Ms-T7sn,2026-05-04 07:39:24+00:00,1777880364000,25721,27.4909,49.4789,9.97219,71994,True,53.3448,3
20260504-003042,-OrlvPJZqcFLVBGVK1KJ,2026-05-04 07:39:36+00:00,1777880376000,25733,27.48836,49.46828,9.97217,71871,True,53.28717,3
20260504-003042,-OrlvSEfOPl-dI6F-E3F,2026-05-04 07:39:48+00:00,1777880388000,25745,27.49597,49.61838,9.97217,72056,True,53.83045,3
20260504-003042,-OrlvVBO3HEjx0aZZ8dD,2026-05-04 07:40:00+00:00,1777880400000,25757,27.48836,49.68861,9.97227,71747,True,54.8036,3
20260504-003042,-OrlvY5vIoccRNcpETTZ,2026-05-04 07:40:12+00:00,1777880412000,25769,27.4909,49.69773,9.9723,71994,True,54.22269,3
20260504-003042,-Orlva1EBh1VdZ6TJTSa,2026-05-04 07:40:24+00:00,1777880424000,25781,27.48329,49.71452,9.97216,71871,True,54.29589,3
20260504-003042,-OrlvcxOoINL_3MYYdnv,2026-05-04 07:40:36+00:00,1777880436000,25793,27.49597,49.5084,9.9725,71686,True,54.01638,3
20260504-003042,-OrlvftvQTto-HC_rgwE,2026-05-04 07:40:48+00:00,1777880448000,25805,27.48836,49.50482,9.97224,72305,True,53.27728,3
20260504-003042,-OrlvitY537wHe_erVXl,2026-05-04 07:41:00+00:00,1777880460000,25817,27.48582,49.57066,9.97245,72180,True,53.0146,3
20260504-003042,-Orlvlk4CVZqEbc7fPzC,2026-05-04 07:41:12+00:00,1777880472000,25829,27.48329,49.68693,9.97232,71871,True,53.95734,3
20260504-003042,-OrlvofYMMS-JCnwhXay,2026-05-04 07:41:24+00:00,1777880484000,25841,27.48582,49.73272,9.97253,71564,True,54.67174,3
20260504-003042,-OrlvraudtFuobPLghP3,2026-05-04 07:41:36+00:00,1777880496000,25853,27.48329,49.66824,9.97235,71809,True,54.68239,3
20260504-003042,-OrlvuY09az5E6sVMZT_,2026-05-04 07:41:48+00:00,1777880508000,25865,27.48075,49.6445,9.97235,72243,True,53.33362,3
20260504-003042,-OrlvxTDr-vNwermgtsR,2026-05-04 07:42:00+00:00,1777880520000,25877,27.48075,49.60279,9.97245,72056,True,52.49052,3
20260504-003042,-Orlw-Oi2vjnCnqzMSf-,2026-05-04 07:42:12+00:00,1777880532000,25889,27.48329,49.61367,9.97272,71381,True,54.56991,3
20260504-003042,-Orlw2WauM6bK8jzoRdO,2026-05-04 07:42:24+00:00,1777880544000,25901,27.47822,49.56803,9.97252,72493,True,51.85109,3
20260504-003042,-Orlw5FMXQDIl0tx_9IF,2026-05-04 07:42:36+00:00,1777880556000,25913,27.47568,49.61668,9.97262,72056,True,52.31141,3
20260504-003042,-Orlw8AfYRg5c96jl_hn,2026-05-04 07:42:48+00:00,1777880568000,25925,27.47315,49.63154,9.9724,72118,True,52.57515,3
20260504-003042,-OrlwB8Yljapd863jgrf,2026-05-04 07:43:00+00:00,1777880580000,25937,27.47061,49.59043,9.97257,72180,True,52.47964,3
20260504-003042,-OrlwE2Cf5ZwdginEsMj,2026-05-04 07:43:12+00:00,1777880592000,25949,27.47568,49.73913,9.97253,72243,True,52.00767,3
20260504-003042,-OrlwGySlpOlW3GjZRGi,2026-05-04 07:43:24+00:00,1777880604000,25961,27.46554,49.87012,9.9724,72180,True,52.80408,3
20260504-003042,-OrlwJtqTVlk3d--xbQL,2026-05-04 07:43:36+00:00,1777880616000,25973,27.47061,49.77976,9.97238,72056,True,52.92746,3
20260504-003042,-OrlwMwOtdtASef3a0ub,2026-05-04 07:43:48+00:00,1777880628000,25985,27.47315,49.77315,9.97243,71747,True,53.76137,3
20260504-003042,-OrlwPmk5B-mwDxiaVEU,2026-05-04 07:44:00+00:00,1777880640000,25997,27.47315,49.90491,9.97245,71686,True,53.73878,3
20260504-003042,-OrlwSh3O6zbJxOwsm2K,2026-05-04 07:44:12+00:00,1777880652000,26009,27.47568,49.93705,9.97267,71625,True,53.67147,3
20260504-003042,-OrlwVbj74NjYkUec3ss,2026-05-04 07:44:24+00:00,1777880664000,26021,27.46807,50.01689,9.9726,71441,True,53.90404,3
20260504-003042,-OrlwYYMFU4a4HervBVy,2026-05-04 07:44:36+00:00,1777880676000,26033,27.46807,49.94783,9.97255,71441,True,54.95003,3
20260504-003042,-OrlwaUEIH9GxN8Ns_6q,2026-05-04 07:44:48+00:00,1777880688000,26045,27.46807,49.95337,9.9725,71441,True,55.10897,3
20260504-003042,-OrlwdPXZ03ByBE8KuKY,2026-05-04 07:45:00+00:00,1777880700000,26057,27.47568,49.95169,9.97269,71625,True,54.29958,3
20260504-003042,-OrlwgLGJZ5rJ1f-Nm7U,2026-05-04 07:45:12+00:00,1777880712000,26069,27.46554,49.98261,9.97251,71564,True,54.50622,3
20260504-003042,-OrlwjGZiUgLJJ-WyD6E,2026-05-04 07:45:24+00:00,1777880724000,26081,27.47315,49.8511,9.97259,71564,True,54.068,3
20260504-003042,-OrlwmIbrEN1Yafl5hXE,2026-05-04 07:45:36+00:00,1777880736000,26093,27.47061,49.74959,9.97273,72118,True,52.38644,3
20260504-003042,-Orlwp7M64QBdWTWtDe7,2026-05-04 07:45:48+00:00,1777880748000,26105,27.46807,49.73858,9.97251,71932,True,52.26659,3
20260504-003042,-Orlws4DqFkMnsPSxKFc,2026-05-04 07:46:00+00:00,1777880760000,26117,27.463,49.57648,9.97247,72056,True,51.35118,3
20260504-003042,-OrlwuzES3tYm2XxO2uq,2026-05-04 07:46:12+00:00,1777880772000,26129,27.46554,49.69494,9.97258,72118,True,51.59579,3
20260504-003042,-OrlwxvIFyjjJ6JI-wh4,2026-05-04 07:46:24+00:00,1777880784000,26141,27.463,49.80025,9.9724,72305,True,51.69559,3
20260504-003042,-Orlx-qaVnSH5eJox7dz,2026-05-04 07:46:36+00:00,1777880796000,26153,27.46047,49.66549,9.97252,72305,True,51.68827,3
20260504-003042,-Orlx2ly3JyvbOUwHkTA,2026-05-04 07:46:48+00:00,1777880808000,26165,27.4554,49.64566,9.97236,72118,True,52.4281,3
20260504-003042,-Orlx5iOIIXgq5-HjkGr,2026-05-04 07:47:00+00:00,1777880820000,26177,27.46047,49.71243,9.97243,71994,True,52.71978,3
20260504-003042,-Orlx8ckHMRg4LF8bipI,2026-05-04 07:47:12+00:00,1777880832000,26189,27.45033,49.82067,9.97244,71686,True,53.67131,3
20260504-003042,-OrlxB_XRStk2tUMd7vn,2026-05-04 07:47:24+00:00,1777880844000,26201,27.4554,49.77503,9.97238,71932,True,52.71749,3
20260504-003042,-OrlxEVQklAhpGRv7o8d,2026-05-04 07:47:36+00:00,1777880856000,26213,27.45286,49.8193,9.97231,71871,True,53.2867,3
20260504-003042,-OrlxHQ_jTdjHMgE24AR,2026-05-04 07:47:48+00:00,1777880868000,26225,27.45033,49.83934,9.97235,72493,True,51.91468,3
20260504-003042,-OrlxKMMrlBgsnYSwqDm,2026-05-04 07:48:00+00:00,1777880880000,26237,27.45286,49.75736,9.97225,72118,True,52.31425,3
20260504-003042,-OrlxNHCA098kZVxvBNr,2026-05-04 07:48:12+00:00,1777880892000,26249,27.44525,49.88792,9.97229,71809,True,52.70737,3
20260504-003042,-OrlxQDUy3ARKcyo7D1H,2026-05-04 07:48:24+00:00,1777880904000,26261,27.44779,49.84129,9.97229,71747,True,52.84574,3
20260504-003042,-OrlxT8SNopYgdXDHH2h,2026-05-04 07:48:36+00:00,1777880916000,26273,27.45033,49.73901,9.97228,72180,True,52.47537,3
20260504-003042,-OrlxWFMxcWar-d29u6B,2026-05-04 07:48:48+00:00,1777880928000,26285,27.44779,49.82714,9.97228,71809,True,52.64397,3
20260504-003042,-OrlxZ1HqFduDsrRV1nd,2026-05-04 07:49:00+00:00,1777880940000,26297,27.44525,49.92802,9.97224,71686,True,53.17894,3
20260504-003042,-Orlxaw8mO5lGyrGNPBR,2026-05-04 07:49:12+00:00,1777880952000,26309,27.44525,49.87818,9.97224,71564,True,53.58806,3
20260504-003042,-OrlxdrAcHdAFOOrUgB-,2026-05-04 07:49:24+00:00,1777880964000,26321,27.44779,49.89577,9.9724,71564,True,54.07441,3
20260504-003042,-Orlxgn29dM9Nd88T5O0,2026-05-04 07:49:36+00:00,1777880976000,26333,27.44779,49.89243,9.97251,71625,True,53.57642,3
20260504-003042,-Orlxjig47HCtEUjqHn0,2026-05-04 07:49:48+00:00,1777880988000,26345,27.44525,49.89542,9.97234,71686,True,53.24467,3
20260504-003042,-OrlxmfEz2X0Ae6TQyRz,2026-05-04 07:50:00+00:00,1777881000000,26357,27.44779,49.93002,9.97233,72180,True,52.57854,3
20260504-003042,-Orlxp_Kxa8lHeYElIGN,2026-05-04 07:50:12+00:00,1777881012000,26369,27.43511,49.94271,9.9722,71871,True,53.27883,3
20260504-003042,-OrlxsVmo7ReFsKAv7g5,2026-05-04 07:50:24+00:00,1777881024000,26381,27.45286,49.88513,9.9726,71871,True,53.27422,3
20260504-003042,-OrlxvRnIpAHl_dis3_z,2026-05-04 07:50:36+00:00,1777881036000,26393,27.44779,49.89741,9.97244,72118,True,52.43229,3
20260504-003042,-OrlxyMyaNRGxbJP2f6v,2026-05-04 07:50:48+00:00,1777881048000,26405,27.44272,49.9251,9.97237,72243,True,52.51788,3
20260504-003042,-Orly0KOL954vUC1SCaA,2026-05-04 07:51:00+00:00,1777881060000,26417,27.44525,49.99916,9.9722,71625,True,53.59492,3
20260504-003042,-Orly3Ddb0mSFCuKp8W9,2026-05-04 07:51:12+00:00,1777881072000,26429,27.43511,49.93197,9.97209,71686,True,53.74326,3
20260504-003042,-Orly69HesD32ZNiPj3q,2026-05-04 07:51:24+00:00,1777881084000,26441,27.43765,49.8892,9.97231,71686,True,52.89236,3
20260504-003042,-Orly9ByJkUK5shLXYez,2026-05-04 07:51:36+00:00,1777881096000,26453,27.44019,49.93645,9.9723,71994,True,52.83016,3
20260504-003042,-OrlyC0lsUjTXLQeAwol,2026-05-04 07:51:48+00:00,1777881108000,26465,27.44525,49.84634,9.97238,71686,True,53.29195,3
20260504-003042,-OrlyFbykhE7WMdLIZYJ,2026-05-04 07:52:00+00:00,1777881120000,26477,27.44525,49.89384,9.97238,71502,True,53.01773,3
20260504-003042,-OrlyHsEwCFOBFN24Ucx,2026-05-04 07:52:12+00:00,1777881132000,26489,27.44019,49.86378,9.97228,72118,True,52.53136,3
20260504-003042,-OrlyKoOWcDdXACsTP5J,2026-05-04 07:52:24+00:00,1777881144000,26501,27.43765,49.91746,9.97233,71994,True,52.0701,3
20260504-003042,-OrlyNjPZFT3O7EbEnZ1,2026-05-04 07:52:36+00:00,1777881156000,26513,27.44272,50.03441,9.97237,72118,True,51.80874,3
20260504-003042,-OrlyQf8ptbiriKbmEst,2026-05-04 07:52:48+00:00,1777881168000,26525,27.43511,49.91647,9.97241,72056,True,52.22777,3
20260504-003042,-OrlyTaZoBhqOU1Aoja7,2026-05-04 07:53:00+00:00,1777881180000,26537,27.43258,49.85588,9.97216,72056,True,51.96687,3
20260504-003042,-OrlyWWwPaJKpSQbG6A1,2026-05-04 07:53:12+00:00,1777881192000,26549,27.43765,49.92292,9.97231,72056,True,52.04545,3
20260504-003042,-OrlyZSG-t4I2clzAUSn,2026-05-04 07:53:24+00:00,1777881204000,26561,27.43258,49.94948,9.97232,72118,True,51.71269,3
20260504-003042,-OrlybNtx5Xa7wkXfrdX,2026-05-04 07:53:36+00:00,1777881216000,26573,27.44525,49.81932,9.97248,72180,True,51.23478,3
20260504-003042,-OrlyeJ8C7p-5V-AapuT,2026-05-04 07:53:48+00:00,1777881228000,26585,27.43258,49.93011,9.97247,72118,True,51.37345,3
20260504-003042,-OrlyhHD3aCjr3wKaGN-,2026-05-04 07:54:00+00:00,1777881240000,26597,27.43258,49.91584,9.97246,71871,True,52.40601,3
20260504-003042,-OrlykA14MR2DW4sp5VK,2026-05-04 07:54:12+00:00,1777881252000,26609,27.43511,49.9115,9.97243,72056,True,51.92801,3
20260504-003042,-Orlyn5w0HUSYkm07oXd,2026-05-04 07:54:24+00:00,1777881264000,26621,27.43258,49.90147,9.9724,72493,True,50.65995,3
20260504-003042,-Orlyq2aYCMkY2MSc3Op,2026-05-04 07:54:36+00:00,1777881276000,26633,27.42751,49.86524,9.97238,72056,True,51.84001,3
20260504-003042,-OrlysxVtgNsRAv0X6No,2026-05-04 07:54:48+00:00,1777881288000,26645,27.42751,49.86591,9.97245,72430,True,51.18216,3
20260504-003042,-OrlyvvipZbkgQL-5SWw,2026-05-04 07:55:00+00:00,1777881300000,26657,27.42243,49.83653,9.97242,72305,True,51.10744,3
20260504-003042,-Orlyz0P2-py9sFJZ10N,2026-05-04 07:55:12+00:00,1777881312000,26669,27.42497,49.87535,9.97242,72305,True,50.90419,3
20260504-003042,-Orlz0kJXiRbPvAaVVmr,2026-05-04 07:55:24+00:00,1777881324000,26681,27.43004,49.96416,9.97254,71871,True,52.19321,3
20260504-003042,-Orlz3umeDmWYnyL1Ufu,2026-05-04 07:55:37+00:00,1777881337000,26694,27.39961,50.37629,9.97251,66295,True,75.08697,3
20260504-003042,-Orlz6qbY_YrZ0CeHC2p,2026-05-04 07:55:49+00:00,1777881349000,26706,27.4199,50.1485,9.97241,69543,True,71.38735,3
20260504-003042,-Orlz9lpYD0dUTkB4EKp,2026-05-04 07:56:01+00:00,1777881361000,26718,27.4199,50.12359,9.97241,70598,True,63.48325,3
20260504-003042,-OrlzCh3LxAkfr2NOivx,2026-05-04 07:56:13+00:00,1777881373000,26730,27.42497,50.11691,9.97255,71320,True,58.54408,3
20260504-003042,-OrlzFcEqylcKWV6DXYT,2026-05-04 07:56:25+00:00,1777881385000,26742,27.43004,49.93074,9.97247,71381,True,56.12982,3
20260504-003042,-OrlzIYoMtbl0ZySOS5E,2026-05-04 07:56:37+00:00,1777881397000,26754,27.4199,49.85426,9.9724,72305,True,53.33298,3
20260504-003042,-OrlzLUi-0ofA0q_aIIP,2026-05-04 07:56:49+00:00,1777881409000,26766,27.42751,49.80016,9.97267,71686,True,53.42106,3
20260504-003042,-OrlzOQ1PcxSOW1nr5CP,2026-05-04 07:57:01+00:00,1777881421000,26778,27.42243,49.77896,9.97256,72305,True,52.2822,3
20260504-003042,-OrlzRLQCpSqw9_Pmkjk,2026-05-04 07:57:13+00:00,1777881433000,26790,27.42243,49.76954,9.97261,72056,True,51.97598,3
20260504-003042,-OrlzUGsYA6bniK6aXK0,2026-05-04 07:57:25+00:00,1777881445000,26802,27.41736,49.87618,9.97237,71809,True,52.91673,3
20260504-003042,-OrlzXCYuLeX2ijF43m3,2026-05-04 07:57:37+00:00,1777881457000,26814,27.42243,49.88693,9.97254,72305,True,51.27612,3
20260504-003042,-Orlz_83j_VtY8qE6vZD,2026-05-04 07:57:49+00:00,1777881469000,26826,27.42243,49.91147,9.97256,71809,True,52.44259,3
20260504-003042,-Orlzc3nWCTT769ibA3a,2026-05-04 07:58:01+00:00,1777881481000,26838,27.42243,49.84285,9.97258,72430,True,51.53956,3
20260504-003042,-Orlzf6tfUUqK82DBRvt,2026-05-04 07:58:13+00:00,1777881493000,26850,27.41483,49.92896,9.97239,71871,True,52.38494,3
20260504-003042,-OrlzhvK5-zH3j2Nd555,2026-05-04 07:58:25+00:00,1777881505000,26862,27.42243,50.02302,9.97247,72056,True,52.28132,3
20260504-003042,-OrlzkrIhIzGPwuJbHRt,2026-05-04 07:58:37+00:00,1777881517000,26874,27.42243,49.94393,9.97249,72180,True,51.7471,3
20260504-003042,-Orlznn3QcrBfnxbxr94,2026-05-04 07:58:49+00:00,1777881529000,26886,27.42497,49.83358,9.97242,72180,True,52.03898,3
20260504-003042,-OrlzqizwHRY_SEH9lJr,2026-05-04 07:59:01+00:00,1777881541000,26898,27.42243,49.7679,9.97235,72305,True,50.78983,3
20260504-003042,-OrlztdmAumtY1VqgtBL,2026-05-04 07:59:13+00:00,1777881553000,26910,27.41736,49.6841,9.97234,72180,True,51.15624,3
20260504-003042,-Orlzw_FLw3_AXAZ-0UQ,2026-05-04 07:59:25+00:00,1777881565000,26922,27.41736,49.6918,9.97232,72180,True,51.13966,3
20260504-003042,-OrlzzVQmLe2Nvspyiyy,2026-05-04 07:59:37+00:00,1777881577000,26934,27.40722,49.77144,9.97233,72430,True,50.35676,3
20260504-003042,-Orm-1Ry2pmAS0NSHRQC,2026-05-04 07:59:49+00:00,1777881589000,26946,27.41483,49.73707,9.97235,72681,True,50.134,3
20260504-003042,-Orm-4MM_v07avr4n4vs,2026-05-04 08:00:01+00:00,1777881601000,26958,27.40722,49.92786,9.9723,72243,True,50.94773,3
20260504-003042,-Orm-7HxSmXKAJAchpXs,2026-05-04 08:00:13+00:00,1777881613000,26970,27.40976,49.91658,9.97225,72430,True,50.96715,3
20260504-003042,-Orm-ADbl2xO_C6Qnmn4,2026-05-04 08:00:25+00:00,1777881625000,26982,27.40976,49.86811,9.97236,72118,True,51.77715,3
20260504-003042,-Orm-D8vcOdIYMggxQ6H,2026-05-04 08:00:37+00:00,1777881637000,26994,27.40468,49.80569,9.97229,72056,True,52.11662,3
20260504-003042,-Orm-G4GVkiakqh2Vy0G,2026-05-04 08:00:49+00:00,1777881649000,27006,27.40722,49.80826,9.97237,72367,True,50.87815,3
20260504-003042,-Orm-J0NqCSXgXu157Zs,2026-05-04 08:01:01+00:00,1777881661000,27018,27.40976,49.85839,9.97231,72056,True,51.76873,3
20260504-003042,-Orm-LwYQPh62dnNqzV5,2026-05-04 08:01:13+00:00,1777881673000,27030,27.40468,49.92888,9.97212,72305,True,50.58678,3
20260504-003042,-Orm-P3v6FzQMizQvh-O,2026-05-04 08:01:25+00:00,1777881685000,27042,27.40722,49.93773,9.97218,72243,True,50.9602,2
20260504-003042,-Orm-RnilzJa4vYJCa5n,2026-05-04 08:01:37+00:00,1777881697000,27054,27.40722,49.92737,9.97244,71932,True,52.45847,2
20260504-003042,-Orm-UiyHFpYRxhEvg6p,2026-05-04 08:01:49+00:00,1777881709000,27066,27.40976,49.91087,9.97211,72745,True,50.0,2
20260504-003042,-Orm-Xe_K4Iyw3tTvT82,2026-05-04 08:02:01+00:00,1777881721000,27078,27.40722,49.89742,9.97219,72243,True,51.26121,2
20260504-003042,-Orm-__gQl7zjTyS7paN,2026-05-04 08:02:13+00:00,1777881733000,27090,27.41483,49.82866,9.9724,72681,True,51.43132,2
20260504-003042,-Orm-cWxvb1ZxerfRyvN,2026-05-04 08:02:25+00:00,1777881745000,27102,27.40722,49.838,9.97223,71994,True,52.54839,2
20260504-003042,-Orm-fS3QLnw4tZjIZ9h,2026-05-04 08:02:37+00:00,1777881757000,27114,27.40468,49.83114,9.97228,72305,True,52.27858,2
20260504-003042,-Orm-iNI7R5DcZ7IWWjn,2026-05-04 08:02:49+00:00,1777881769000,27126,27.40722,49.90338,9.97225,72305,True,51.65554,2
20260504-003042,-Orm-lK53VaLmk1Utpgz,2026-05-04 08:03:01+00:00,1777881781000,27138,27.40468,49.9811,9.97228,72367,True,51.83996,3
20260504-003042,-Orm-oEPJqZ-qt6KQln4,2026-05-04 08:03:13+00:00,1777881793000,27150,27.40722,49.7932,9.9724,72180,True,51.83666,3
20260504-003042,-Orm-r9uFrD94GbElvBS,2026-05-04 08:03:25+00:00,1777881805000,27162,27.40215,49.77037,9.97222,72493,True,51.02349,3
20260504-003042,-Orm-u5yVitfU37-nKwe,2026-05-04 08:03:37+00:00,1777881817000,27174,27.39961,49.77206,9.97195,72745,True,50.62471,3
20260504-003042,-Orm-x0xHfikiU9EpX_g,2026-05-04 08:03:49+00:00,1777881829000,27186,27.40468,49.68821,9.97219,72493,True,50.59137,3
20260504-003042,-Orm-zxEC2Su1th59_4d,2026-05-04 08:04:01+00:00,1777881841000,27198,27.40215,49.71949,9.97224,72493,True,51.17632,3
20260504-003042,-Orm01smuo_MCwxanAXg,2026-05-04 08:04:13+00:00,1777881853000,27210,27.40722,49.71778,9.97226,72305,True,51.63836,3
20260504-003042,-Orm04oING0kJzhVJnYu,2026-05-04 08:04:25+00:00,1777881865000,27222,27.39708,49.76868,9.97201,72745,True,50.37128,3
20260504-003042,-Orm07qKxnwDm1I2_V_O,2026-05-04 08:04:37+00:00,1777881877000,27234,27.40468,49.77969,9.97214,72430,True,50.86376,2
20260504-003042,-Orm0Afg7J5UQK1H3mKB,2026-05-04 08:04:49+00:00,1777881889000,27246,27.39961,49.76786,9.97228,72871,True,50.22723,2
20260504-003042,-Orm0Dae0u7TqqNUeQBU,2026-05-04 08:05:01+00:00,1777881901000,27258,27.40468,49.65841,9.97223,72998,True,49.97778,2
20260504-003042,-Orm0GXOWGG2ySZSXgnX,2026-05-04 08:05:13+00:00,1777881913000,27270,27.39961,49.59443,9.97214,72871,True,50.49861,2
20260504-003042,-Orm0JTnHHr2aTEwelV7,2026-05-04 08:05:25+00:00,1777881925000,27282,27.39961,49.63648,9.97209,72681,True,50.78465,2
20260504-003042,-Orm0MOr625W0Yr7-m5K,2026-05-04 08:05:37+00:00,1777881937000,27294,27.39454,49.69595,9.97196,72618,True,51.58315,2
20260504-003042,-Orm0Pg-MY8fKQbq5yb1,2026-05-04 08:05:49+00:00,1777881949000,27306,27.39454,49.70504,9.97201,72998,True,50.19558,2
20260504-003042,-Orm0SFhTsK7HSBGpSc5,2026-05-04 08:06:01+00:00,1777881961000,27318,27.39961,49.62413,9.9722,72556,True,50.92397,3
20260504-003042,-Orm0VB7frwdo9OFVFk6,2026-05-04 08:06:13+00:00,1777881973000,27330,27.39201,49.64378,9.97206,72998,True,50.57023,3
20260504-003042,-Orm0Y6SFfA-oKqhoPMw,2026-05-04 08:06:25+00:00,1777881985000,27342,27.38693,49.70881,9.97206,72681,True,51.12392,3
20260504-003042,-Orm0a1rAmwdIWTsiPTA,2026-05-04 08:06:37+00:00,1777881997000,27354,27.39201,49.73056,9.97211,72367,True,51.78345,3
20260504-003042,-Orm0cyVWVYmDh7ZRMGn,2026-05-04 08:06:49+00:00,1777882009000,27366,27.39454,49.76058,9.97201,72493,True,51.46913,3
20260504-003042,-Orm0ftpiNz2HVmr3uqb,2026-05-04 08:07:01+00:00,1777882021000,27378,27.39201,49.80696,9.97211,72871,True,51.12438,3
20260504-003042,-Orm0ipMOUoHFHhRAQre,2026-05-04 08:07:13+00:00,1777882033000,27390,27.38947,49.77727,9.97207,72935,True,50.91611,3
20260504-003042,-Orm0lkf2r3wfZQP_203,2026-05-04 08:07:25+00:00,1777882045000,27402,27.38947,49.82766,9.97211,72430,True,51.76215,3
20260504-003042,-Orm0omEq8ShESk9qtd4,2026-05-04 08:07:37+00:00,1777882057000,27414,27.38693,49.85638,9.9718,72556,True,51.72545,3
20260504-003042,-Orm0ruzaV8Jck0hT6C_,2026-05-04 08:07:49+00:00,1777882069000,27426,27.39201,49.78801,9.97204,72745,True,50.86284,3
20260504-003042,-Orm0uZnN4XqRANwAfXC,2026-05-04 08:08:01+00:00,1777882081000,27438,27.38947,49.78591,9.97205,72430,True,52.06705,3
20260504-003042,-Orm0xU1IgoVxNnY24Db,2026-05-04 08:08:13+00:00,1777882093000,27450,27.38947,49.71856,9.97189,72745,True,51.28272,3
20260504-003042,-Orm1-P_kPWD2YA6f7Em,2026-05-04 08:08:25+00:00,1777882105000,27462,27.38693,49.74368,9.97194,72808,True,50.91027,3
20260504-003042,-Orm12Lc763rrRQorwmK,2026-05-04 08:08:37+00:00,1777882117000,27474,27.38947,49.69294,9.97179,72618,True,51.02433,3
20260504-003042,-Orm15GLY2JkS6Z8quX7,2026-05-04 08:08:49+00:00,1777882129000,27486,27.3844,49.81222,9.97201,72430,True,51.80939,3
20260504-003042,-Orm18CjrIposicaHoro,2026-05-04 08:09:01+00:00,1777882141000,27498,27.3844,49.78172,9.97188,72430,True,51.57463,3
20260504-003042,-Orm1B7n9wSZdXP1GYUF,2026-05-04 08:09:13+00:00,1777882153000,27510,27.38187,49.73968,9.97197,73190,True,50.09675,3
20260504-003042,-Orm1E2auTyIkBYepdPk,2026-05-04 08:09:25+00:00,1777882165000,27522,27.38187,49.72455,9.97188,72871,True,50.13721,2
20260504-003042,-Orm1H-2-UDvB90DT8vY,2026-05-04 08:09:37+00:00,1777882177000,27534,27.37933,49.70801,9.97203,72430,True,51.72923,2
20260504-003042,-Orm1Jud5qa0jKH5h6qI,2026-05-04 08:09:49+00:00,1777882189000,27546,27.3844,49.6685,9.97201,72493,True,51.05186,2
20260504-003042,-Orm1MqCKQBp5CJn4i2L,2026-05-04 08:10:01+00:00,1777882201000,27558,27.3844,49.68562,9.97192,73126,True,50.16664,2
20260504-003042,-Orm1PlpgGohkWqx6NAn,2026-05-04 08:10:13+00:00,1777882213000,27570,27.38187,49.68907,9.97186,72618,True,51.10179,2
20260504-003042,-Orm1ShL4kNbFSVChYWu,2026-05-04 08:10:25+00:00,1777882225000,27582,27.38187,49.67876,9.97205,73062,True,50.18543,3
20260504-003042,-Orm1VcfEJ1ygMcrAeM2,2026-05-04 08:10:37+00:00,1777882237000,27594,27.37679,49.7006,9.97201,73190,True,49.9646,2
20260504-003042,-Orm1YZAEgT7U3kchnoT,2026-05-04 08:10:49+00:00,1777882249000,27606,27.37933,49.71576,9.97191,72493,True,50.94519,2
20260504-003042,-Orm1aaOQe2Xjaua3Js4,2026-05-04 08:11:01+00:00,1777882261000,27618,27.37679,49.76172,9.97174,72808,True,51.0995,2
20260504-003042,-Orm1dQCfkx9MC9bRQo8,2026-05-04 08:11:13+00:00,1777882273000,27630,27.37933,49.72901,9.97198,73126,True,50.88579,2
20260504-003042,-Orm1gLwHtY5Ldkl73yK,2026-05-04 08:11:25+00:00,1777882285000,27642,27.37679,49.71137,9.97174,72745,True,51.86536,2
20260504-003042,-Orm1jHDbNHb1B4NPlMS,2026-05-04 08:11:37+00:00,1777882297000,27654,27.37679,49.67255,9.97169,72935,True,51.48733,2
20260504-003042,-Orm1mCwHqb4XonViEx2,2026-05-04 08:11:49+00:00,1777882309000,27666,27.37426,49.64057,9.97191,73062,True,50.48657,3
