session_id,push_id,datetime_utc,unix_ms,elapsed_s,temp_c,humidity_pct,pressure_hpa,gas_ohm,heater_stable,iaq,iaq_accuracy
20260503-202425,-OrjWL2QY2abbFqGQ30V,2026-05-03 20:26:28+00:00,1777839988000,123,26.47412,43.58493,9.99862,57907,False,94.38547,0
20260503-202425,-OrjWNyPINfpgUXwWRqo,2026-05-03 20:26:40+00:00,1777840000000,135,26.47665,43.5991,9.99872,58554,False,97.35329,0
20260503-202425,-OrjWQw-H5bA255rDU9J,2026-05-03 20:26:52+00:00,1777840012000,147,26.47412,43.5648,9.99859,58678,False,100.58832,0
20260503-202425,-OrjWTpIqJW_CtYzkLtE,2026-05-03 20:27:04+00:00,1777840024000,159,26.46905,43.56381,9.99849,59469,False,103.80667,0
20260503-202425,-OrjWWkmt2VjT4LTk449,2026-05-03 20:27:16+00:00,1777840036000,171,26.47412,43.55146,9.99864,59639,False,107.48251,0
20260503-202425,-OrjWZmFJ0-nPFw0ym7M,2026-05-03 20:27:28+00:00,1777840048000,183,26.47412,43.52108,9.99878,60283,False,111.01062,0
20260503-202425,-OrjWbco3Q2ag71su1cs,2026-05-03 20:27:40+00:00,1777840060000,195,26.46905,43.49442,9.99861,60239,True,169.17865,3
20260503-202425,-OrjWeYNN1BqfeyeDzpj,2026-05-03 20:27:52+00:00,1777840072000,207,26.47412,43.49667,9.99878,60500,True,167.52774,3
20260503-202425,-OrjWhVd6dtb1E3AS0VU,2026-05-03 20:28:04+00:00,1777840084000,219,26.47412,43.49757,9.99878,60764,True,166.09476,3
20260503-202425,-OrjWkQgQfZqL8DLjfeg,2026-05-03 20:28:16+00:00,1777840096000,231,26.47158,43.51504,9.99872,61387,True,163.71042,3
20260503-202425,-OrjWnKzOW6EWK99wNh0,2026-05-03 20:28:28+00:00,1777840108000,243,26.47412,43.49939,9.99861,61118,True,163.31821,3
20260503-202425,-OrjWqGA9fy6kTW_GhjA,2026-05-03 20:28:40+00:00,1777840120000,255,26.47412,43.48219,9.99857,61387,True,162.02423,3
20260503-202425,-OrjWtCuJknlCBiGGEGO,2026-05-03 20:28:52+00:00,1777840132000,267,26.47665,43.49126,9.99858,61840,True,159.92178,3
20260503-202425,-OrjWw8jpL5ZE3zfl8GJ,2026-05-03 20:29:04+00:00,1777840144000,279,26.47412,43.48664,9.99866,62208,True,158.15518,3
20260503-202425,-OrjWz2jHULOyok22rO0,2026-05-03 20:29:16+00:00,1777840156000,291,26.47158,43.49623,9.99848,62162,True,157.55374,3
20260503-202425,-OrjX0zDGnSldCMCvLif,2026-05-03 20:29:28+00:00,1777840168000,303,26.47919,43.49408,9.99872,62533,True,156.60245,3
20260503-202425,-OrjX3wm4-eiYXnZnMJx,2026-05-03 20:29:40+00:00,1777840180000,315,26.46905,43.53214,9.99849,63337,True,154.49921,3
20260503-202425,-OrjX6qQMOcl17kr8Rw8,2026-05-03 20:29:52+00:00,1777840192000,327,26.47919,43.52024,9.99885,63051,True,154.11865,3
20260503-202425,-OrjX9m8GzlXvEdOWIn3,2026-05-03 20:30:04+00:00,1777840204000,339,26.47665,43.54019,9.99879,63004,True,153.07932,3
20260503-202425,-OrjXCicn9eBCul38387,2026-05-03 20:30:16+00:00,1777840216000,351,26.47412,43.54806,9.99852,63098,True,151.83383,3
20260503-202425,-OrjXFc_Ei3zysvle0Jr,2026-05-03 20:30:28+00:00,1777840228000,363,26.47412,43.53965,9.99838,63529,True,150.79866,3
20260503-202425,-OrjXJ7n56TrV7ycYMEv,2026-05-03 20:30:40+00:00,1777840240000,375,26.46905,43.53475,9.99824,63771,True,149.82422,3
20260503-202425,-OrjXLXpP5VaPwNX0OCr,2026-05-03 20:30:52+00:00,1777840252000,387,26.46905,43.52608,9.99849,63917,True,131.25006,3
20260503-202425,-OrjXOQ1-wHeGF9tIoHp,2026-05-03 20:31:04+00:00,1777840264000,399,26.47158,43.52246,9.99846,64015,True,130.44702,3
20260503-202425,-OrjXRM67v1oVADOFep8,2026-05-03 20:31:16+00:00,1777840276000,411,26.47412,43.5602,9.99839,64310,True,129.13763,3
20260503-202425,-OrjXUGuNOKZqFRU0twl,2026-05-03 20:31:28+00:00,1777840288000,423,26.47158,43.56705,9.99818,64359,True,128.57971,3
20260503-202425,-OrjXXE3nflp-UljM1Lf,2026-05-03 20:31:40+00:00,1777840300000,435,26.47412,43.57332,9.99829,64359,True,128.0946,3
20260503-202425,-OrjX_AHoM7NoCrwRhrD,2026-05-03 20:31:52+00:00,1777840312000,447,26.47412,43.59828,9.99811,64657,True,126.98259,3
20260503-202425,-OrjXc3lXqrIO0M8AtNM,2026-05-03 20:32:04+00:00,1777840324000,459,26.47665,43.62099,9.99819,64657,True,126.22584,3
20260503-202425,-OrjXf-B9MTvkD2KDRO5,2026-05-03 20:32:16+00:00,1777840336000,471,26.47412,43.63011,9.99822,64908,True,125.20809,3
20260503-202425,-OrjXhV4B4QtuSoCM2qe,2026-05-03 20:32:27+00:00,1777840347000,481,26.39551,44.14473,9.99803,56961,True,138.67267,3
20260503-202425,-OrjXkze90M51Pad5FBa,2026-05-03 20:32:40+00:00,1777840360000,494,26.50112,43.81717,9.99793,59133,True,144.23445,3
20260503-202425,-OrjXnbONfAIWJlrqDNl,2026-05-03 20:32:52+00:00,1777840372000,506,26.44369,43.88491,9.99817,56961,True,176.6228,3
20260503-202425,-OrjXqWw22iMW8DNz74T,2026-05-03 20:33:04+00:00,1777840384000,518,26.46144,43.7341,9.99821,61568,True,154.14439,3
20260503-202425,-OrjXtSgFb72IduaVOPX,2026-05-03 20:33:16+00:00,1777840396000,530,26.4589,43.73453,9.99805,63433,True,139.14879,3
20260503-202425,-OrjXwO16K9DyvUHDMeT,2026-05-03 20:33:28+00:00,1777840408000,542,26.46144,43.75142,9.99801,64113,True,131.92496,3
20260503-202425,-OrjXzJOvGR4r0C9S2PP,2026-05-03 20:33:40+00:00,1777840420000,554,26.46651,43.73343,9.9978,64458,True,128.08557,3
20260503-202425,-OrjY1NsdIprj9aaXcU_,2026-05-03 20:33:52+00:00,1777840432000,566,26.46905,43.74646,9.99801,64757,True,125.39098,3
20260503-202425,-OrjY4ArOTxNq8igxjap,2026-05-03 20:34:04+00:00,1777840444000,578,26.46651,43.75803,9.99799,65415,True,123.26634,3
20260503-202425,-OrjY76GVp2T2Kc1CS2O,2026-05-03 20:34:16+00:00,1777840456000,590,26.47158,43.75225,9.99811,65110,True,122.36901,3
20260503-202425,-OrjYA1iX2nivQCWK5wg,2026-05-03 20:34:28+00:00,1777840468000,602,26.47665,43.73471,9.99821,65569,True,121.81923,3
20260503-202425,-OrjYCzuWodkZbUZqB0D,2026-05-03 20:34:40+00:00,1777840480000,614,26.47412,43.73866,9.9982,65723,True,120.63162,3
20260503-202425,-OrjYFu8K1-C8Usm736_,2026-05-03 20:34:52+00:00,1777840492000,626,26.47665,43.72513,9.99805,66086,True,118.97559,3
20260503-202425,-OrjYIosBM9iCNC23C3B,2026-05-03 20:35:04+00:00,1777840504000,638,26.47158,43.72897,9.99813,66243,True,118.13332,3
20260503-202425,-OrjYLl7nM8RPkG2s8Dp,2026-05-03 20:35:16+00:00,1777840516000,650,26.47158,43.73259,9.99823,65982,True,117.88239,3
20260503-202425,-OrjYOg7oVeWzuqdJtSd,2026-05-03 20:35:28+00:00,1777840528000,662,26.47158,43.71616,9.99802,66453,True,116.73203,3
20260503-202425,-OrjYRdI92l566rb1SoV,2026-05-03 20:35:40+00:00,1777840540000,674,26.47665,43.70565,9.9978,66506,True,116.20966,3
20260503-202425,-OrjYUXVSShm6nC1WhNQ,2026-05-03 20:35:52+00:00,1777840552000,686,26.47665,43.70156,9.99778,66559,True,115.50835,3
20260503-202425,-OrjYXTc-M5xuXP0tnpm,2026-05-03 20:36:04+00:00,1777840564000,698,26.47412,43.73138,9.99778,66665,True,115.07281,3
20260503-202425,-OrjY_PahiaFhdeisl9h,2026-05-03 20:36:16+00:00,1777840576000,710,26.48426,43.70531,9.99777,66559,True,114.84541,3
20260503-202425,-OrjYcL746MCInduDGTk,2026-05-03 20:36:28+00:00,1777840588000,722,26.47665,43.72029,9.99749,67038,True,113.93419,3
20260503-202425,-OrjYfG2wy1LiObUrGk4,2026-05-03 20:36:40+00:00,1777840600000,734,26.47412,43.71439,9.9975,67308,True,112.84004,3
20260503-202425,-OrjYiB_0hd7Z11uDwT6,2026-05-03 20:36:52+00:00,1777840612000,746,26.47919,43.71489,9.99758,67362,True,112.27969,3
20260503-202425,-OrjYlnPmgZaKJ2fDXxK,2026-05-03 20:37:04+00:00,1777840624000,758,26.47412,43.71164,9.99736,67199,True,112.11595,3
20260503-202425,-OrjYo2nZmBShuHrWAN8,2026-05-03 20:37:16+00:00,1777840636000,770,26.48172,43.67684,9.99751,67362,True,111.76224,3
20260503-202425,-OrjYqyuqprlWKTAJJuu,2026-05-03 20:37:28+00:00,1777840648000,782,26.47412,43.69389,9.9973,67743,True,110.9704,3
20260503-202425,-OrjYtuZjpRLmd6zck-6,2026-05-03 20:37:40+00:00,1777840660000,794,26.47412,43.68097,9.99729,67908,True,109.44022,3
20260503-202425,-OrjYwq6W5m7LJBgclsB,2026-05-03 20:37:52+00:00,1777840672000,806,26.47665,43.67355,9.9971,67743,True,109.83018,3
20260503-202425,-OrjYzmHhoj2IOYcci69,2026-05-03 20:38:04+00:00,1777840684000,818,26.47665,43.6704,9.99713,67908,True,109.37025,3
20260503-202425,-OrjZ1hDe5lil2QHTP64,2026-05-03 20:38:16+00:00,1777840696000,830,26.47919,43.66481,9.99716,67963,True,108.93825,3
20260503-202425,-OrjZ4cimNrCj3wckbrj,2026-05-03 20:38:28+00:00,1777840708000,842,26.47665,43.68087,9.99694,68129,True,108.15849,3
20260503-202425,-OrjZ7Z3r2PV3PIKX6_W,2026-05-03 20:38:40+00:00,1777840720000,854,26.47919,43.67362,9.99697,68073,True,108.34637,3
20260503-202425,-OrjZAUfEuM4R0QhpKtE,2026-05-03 20:38:52+00:00,1777840732000,866,26.47665,43.68019,9.99689,68073,True,107.82448,3
20260503-202425,-OrjZDQCwILpBZ6a4qpE,2026-05-03 20:39:04+00:00,1777840744000,878,26.47665,43.69587,9.99675,68018,True,107.89519,3
20260503-202425,-OrjZGL77mcLWc2hQLX2,2026-05-03 20:39:16+00:00,1777840756000,890,26.47412,43.70197,9.99683,68407,True,107.06314,3
20260503-202425,-OrjZJGmHADTKtRvY8q1,2026-05-03 20:39:28+00:00,1777840768000,902,26.47919,43.69081,9.99688,68744,True,106.07597,3
20260503-202425,-OrjZMCisygjhfvoJp1Z,2026-05-03 20:39:40+00:00,1777840780000,914,26.4868,43.65757,9.99695,68407,True,106.33878,3
20260503-202425,-OrjZPAbO3RUH2NUNtI_,2026-05-03 20:39:52+00:00,1777840792000,926,26.48172,43.65458,9.99683,68800,True,105.12958,3
20260503-202425,-OrjZS4VRVCHut2xpX52,2026-05-03 20:40:04+00:00,1777840804000,938,26.49187,43.63049,9.99678,68519,True,105.17671,3
20260503-202425,-OrjZV903XbqVyGUigjl,2026-05-03 20:40:16+00:00,1777840816000,950,26.4868,43.60653,9.99661,68970,True,104.29465,3
20260503-202425,-OrjZXvmpMyXlIjphwI3,2026-05-03 20:40:28+00:00,1777840828000,962,26.48426,43.61201,9.99671,68857,True,104.55811,3
20260503-202425,-OrjZ_rdPL-64g6BQVQA,2026-05-03 20:40:40+00:00,1777840840000,974,26.47412,43.64175,9.99652,68800,True,103.9183,3
20260503-202425,-OrjZcmoWauHJQMiqOWg,2026-05-03 20:40:52+00:00,1777840852000,986,26.47919,43.63196,9.99646,69084,True,103.54515,3
20260503-202425,-OrjZfikSCP7wKtMD8Ds,2026-05-03 20:41:04+00:00,1777840864000,998,26.4868,43.61536,9.99672,68744,True,103.99222,3
20260503-202425,-OrjZidY5ke98xqYCkrO,2026-05-03 20:41:16+00:00,1777840876000,1010,26.48426,43.62659,9.9965,69198,True,103.37022,3
20260503-202425,-OrjZl_N-VEC-vBVVzvn,2026-05-03 20:41:28+00:00,1777840888000,1022,26.48426,43.63881,9.99661,69198,True,102.76889,3
20260503-202425,-OrjZoVjfDAl9lAQnCME,2026-05-03 20:41:40+00:00,1777840900000,1034,26.48933,43.62313,9.9965,69256,True,102.57449,3
20260503-202425,-OrjZrR6FwwcU7gT146l,2026-05-03 20:41:52+00:00,1777840912000,1046,26.48426,43.6413,9.9964,69198,True,102.07892,3
20260503-202425,-OrjZuNEhLgYzubOEQ_A,2026-05-03 20:42:04+00:00,1777840924000,1058,26.4868,43.63033,9.99649,69428,True,101.58586,3
20260503-202425,-OrjZxHnNGrZTjH3xDr3,2026-05-03 20:42:16+00:00,1777840936000,1070,26.49187,43.59221,9.99645,69485,True,101.08965,3
20260503-202425,-Orj_-CxH0StNOuSDZ0O,2026-05-03 20:42:28+00:00,1777840948000,1082,26.47919,43.61868,9.99605,69313,True,101.16432,3
20260503-202425,-Orj_2CZB53Fw0ucUd2D,2026-05-03 20:42:40+00:00,1777840960000,1094,26.4868,43.6042,9.99628,69659,True,100.70503,3
20260503-202425,-Orj_544p3Gd3Um25vS0,2026-05-03 20:42:52+00:00,1777840972000,1106,26.4868,43.60147,9.99628,69775,True,99.94693,3
20260503-202425,-Orj_8-usp3dKbw3JJcu,2026-05-03 20:43:04+00:00,1777840984000,1118,26.4944,43.57443,9.99628,69833,True,100.27888,3
20260503-202425,-Orj_AwGH8wAtSVPlEJ1,2026-05-03 20:43:16+00:00,1777840996000,1130,26.4868,43.59608,9.99623,69775,True,100.00543,3
20260503-202425,-Orj_Eo9tRJUe0RmW_6Q,2026-05-03 20:43:28+00:00,1777841008000,1142,26.4868,43.59114,9.99645,69601,True,100.05157,3
20260503-202425,-Orj_GMKB88FpZcL0WAA,2026-05-03 20:43:38+00:00,1777841018000,1152,26.4158,44.06654,9.99625,61795,True,113.11327,3
20260503-202425,-Orj_JIY7hnFrYHzigdY,2026-05-03 20:43:50+00:00,1777841030000,1164,26.47665,43.70947,9.99626,67362,True,116.23497,3
20260503-202425,-Orj_MEMcSXn7bNGGRDK,2026-05-03 20:44:02+00:00,1777841042000,1176,26.4868,43.63757,9.99614,68857,True,108.12833,3
20260503-202425,-Orj_PAK1aFEn-iMNBRD,2026-05-03 20:44:14+00:00,1777841054000,1188,26.48172,43.65753,9.99613,69256,True,103.53848,3
20260503-202425,-Orj_S4nuN5cjgKZaDUQ,2026-05-03 20:44:26+00:00,1777841066000,1200,26.49187,43.649,9.9962,69313,True,101.6489,3
20260503-202425,-Orj_V0RUp1-YdjssTIo,2026-05-03 20:44:38+00:00,1777841078000,1212,26.4868,43.66093,9.996,69891,True,99.69046,3
20260503-202425,-Orj_XxJ2-ysKFBnZ7Lg,2026-05-03 20:44:50+00:00,1777841090000,1224,26.48933,43.67683,9.99606,69775,True,99.15919,3
20260503-202425,-Orj__uAdd_dxJfs1zcx,2026-05-03 20:45:02+00:00,1777841102000,1236,26.49187,43.6498,9.99603,69717,True,99.60193,3
20260503-202425,-Orj_co3RuP5Weh3repw,2026-05-03 20:45:14+00:00,1777841114000,1248,26.4944,43.64034,9.99598,70125,True,98.29893,3
20260503-202425,-Orj_fjwSejDP11oEBTM,2026-05-03 20:45:26+00:00,1777841126000,1260,26.48933,43.64096,9.99616,70243,True,97.87662,3
20260503-202425,-Orj_iechmK-xM4SXC0P,2026-05-03 20:45:38+00:00,1777841138000,1272,26.49187,43.63443,9.99604,70302,True,97.22672,3
20260503-202425,-Orj_l_luDqk0RUAxigW,2026-05-03 20:45:50+00:00,1777841150000,1284,26.49187,43.61322,9.99606,70243,True,97.36814,3
20260503-202425,-Orj_oWshkQjpBSxddL5,2026-05-03 20:46:02+00:00,1777841162000,1296,26.4944,43.59767,9.99615,70243,True,96.83955,3
20260503-202425,-Orj_rSz_P_2imlz2Iuz,2026-05-03 20:46:14+00:00,1777841174000,1308,26.4868,43.60855,9.99574,70184,True,96.7063,3
20260503-202425,-Orj_uOOt_9DdjZ1DOQ2,2026-05-03 20:46:26+00:00,1777841186000,1320,26.4944,43.583,9.99587,70243,True,96.47613,3
20260503-202425,-Orj_ywdashMWSl_wgPU,2026-05-03 20:46:38+00:00,1777841198000,1332,26.4944,43.59522,9.99598,70243,True,96.64044,3
20260503-202425,-Orja-ScU__cyOzgvjZl,2026-05-03 20:46:51+00:00,1777841211000,1345,26.40312,44.27937,9.99568,58636,True,115.83078,3
20260503-202425,-Orja2MkwOWDIc28aEiV,2026-05-03 20:47:03+00:00,1777841223000,1357,26.47412,43.75808,9.99571,67199,True,120.22186,3
20260503-202425,-Orja5KRAzuW-sAx7CWp,2026-05-03 20:47:15+00:00,1777841235000,1369,26.48426,43.66434,9.9959,68631,True,109.80659,3
20260503-202425,-Orja8EXuiCdt24a_PrV,2026-05-03 20:47:27+00:00,1777841247000,1381,26.48426,43.6413,9.99573,69370,True,103.21648,3
20260503-202425,-OrjaBAqpiTi5rYx-0GH,2026-05-03 20:47:39+00:00,1777841259000,1393,26.48426,43.6319,9.9955,70008,True,99.61635,3
20260503-202425,-OrjaE8A7usm0Z5GgJ2J,2026-05-03 20:47:51+00:00,1777841271000,1405,26.4868,43.6168,9.99554,70184,True,97.83249,3
20260503-202425,-OrjaH0zO-DUnAiGnKlM,2026-05-03 20:48:03+00:00,1777841283000,1417,26.49187,43.60762,9.99568,70718,True,96.97277,3
20260503-202425,-OrjaJy0u5oJPcBETVQA,2026-05-03 20:48:15+00:00,1777841295000,1429,26.49187,43.58566,9.99573,70777,True,95.65115,3
20260503-202425,-OrjaMsUmiwljYjo24PN,2026-05-03 20:48:27+00:00,1777841307000,1441,26.49187,43.58322,9.99548,70718,True,95.07632,3
20260503-202425,-OrjaPoBlZzuMYvJtU0I,2026-05-03 20:48:39+00:00,1777841319000,1453,26.49187,43.57191,9.99543,70897,True,94.36053,3
20260503-202425,-OrjaSkKEz7Oc60KvpWb,2026-05-03 20:48:51+00:00,1777841331000,1465,26.50201,43.55933,9.99578,70658,True,94.63513,3
20260503-202425,-OrjaVhzwlxkxg0RDb3b,2026-05-03 20:49:03+00:00,1777841343000,1477,26.4944,43.55975,9.99538,71138,True,93.38091,3
20260503-202425,-OrjaYbVhkEm0xTxYtrJ,2026-05-03 20:49:15+00:00,1777841355000,1489,26.50201,43.5398,9.99568,71138,True,93.1918,3
20260503-202425,-OrjaaawdTxGm-lMoFGZ,2026-05-03 20:49:27+00:00,1777841367000,1501,26.49947,43.53242,9.99566,70957,True,93.25504,3
20260503-202425,-Orjafrfst-Nf_zAq9Ux,2026-05-03 20:49:39+00:00,1777841379000,1513,26.49693,43.54182,9.99556,71199,True,92.53316,3
20260503-202425,-OrjagdLYjMmFRoCE0za,2026-05-03 20:49:52+00:00,1777841392000,1526,26.55436,43.39564,9.99546,71199,True,92.60321,3
20260503-202425,-OrjajZSN7T0Ppw528KM,2026-05-03 20:50:04+00:00,1777841404000,1538,26.47412,43.77072,9.99537,64508,True,130.80902,3
20260503-202425,-OrjamW9kE0mAVQYZ8cb,2026-05-03 20:50:16+00:00,1777841416000,1550,26.4868,43.59967,9.99545,68240,True,115.74831,3
20260503-202425,-OrjapQ8mzwTopXZslQG,2026-05-03 20:50:28+00:00,1777841428000,1562,26.4868,43.57841,9.99522,69256,True,105.36018,3
20260503-202425,-OrjasSyJNFadtzj7lYh,2026-05-03 20:50:40+00:00,1777841440000,1574,26.46651,43.80851,9.99544,65517,True,115.44449,3
20260503-202425,-OrjavNjzyd0lfVhzb-V,2026-05-03 20:50:52+00:00,1777841452000,1586,26.49187,43.59696,9.99539,69141,True,108.36263,3
20260503-202425,-OrjayJ39E3twBkXSgjT,2026-05-03 20:51:04+00:00,1777841464000,1598,26.49693,43.56828,9.99553,70539,True,100.61431,3
20260503-202425,-Orjb0FpidicephCCqHt,2026-05-03 20:51:16+00:00,1777841476000,1610,26.49947,43.56108,9.99539,70243,True,97.66769,3
20260503-202425,-Orjb3AO9V_Jmp_hT2gZ,2026-05-03 20:51:28+00:00,1777841488000,1622,26.4944,43.58763,9.99535,70658,True,96.34555,3
20260503-202425,-Orjb67HqFtf0rnrFflv,2026-05-03 20:51:40+00:00,1777841500000,1634,26.50201,43.59106,9.99543,71259,True,93.88704,3
20260503-202425,-Orjb90syuajLcKhrE1X,2026-05-03 20:51:52+00:00,1777841512000,1646,26.49693,43.60192,9.9954,71320,True,92.89925,3
20260503-202425,-OrjbBy9Xq8RqLhNOMcS,2026-05-03 20:52:04+00:00,1777841524000,1658,26.49693,43.59819,9.99519,71078,True,92.65062,3
20260503-202425,-OrjbEsdeaFPTy2PcfRQ,2026-05-03 20:52:16+00:00,1777841536000,1670,26.49693,43.58365,9.99504,71259,True,92.05444,3
20260503-202425,-OrjbHoj13BHo3KLvMey,2026-05-03 20:52:28+00:00,1777841548000,1682,26.50454,43.55107,9.99516,71502,True,91.41806,3
20260503-202425,-OrjbKw0xODhSmyR848V,2026-05-03 20:52:40+00:00,1777841560000,1694,26.49947,43.54727,9.99516,71871,True,90.30727,3
20260503-202425,-OrjbNfyy21TUXsk1zHU,2026-05-03 20:52:52+00:00,1777841572000,1706,26.50201,43.52171,9.9952,71747,True,90.1146,3
20260503-202425,-OrjbQau2v41rVBUk7d1,2026-05-03 20:53:04+00:00,1777841584000,1718,26.50201,43.54769,9.99515,71871,True,90.1516,3
20260503-202425,-OrjbTYWO88fQMXp7pes,2026-05-03 20:53:16+00:00,1777841596000,1730,26.49947,43.53474,9.99511,71809,True,89.97412,3
20260503-202425,-OrjbWSy5L0BCm4-f6jG,2026-05-03 20:53:28+00:00,1777841608000,1742,26.50201,43.55288,9.99512,71809,True,90.2039,3
20260503-202425,-OrjbZQN3K3JaLDNvYIf,2026-05-03 20:53:40+00:00,1777841620000,1754,26.50201,43.54397,9.99496,72056,True,88.84589,3
20260503-202425,-OrjbbJt6YvYIKa_BS9u,2026-05-03 20:53:52+00:00,1777841632000,1766,26.50201,43.53357,9.99496,71994,True,89.19012,3
20260503-202425,-OrjbeFQxUx47QLWrOKC,2026-05-03 20:54:04+00:00,1777841644000,1778,26.49947,43.53193,9.99485,72118,True,88.88675,3
20260503-202425,-OrjbhBFZi50QhYIYMwh,2026-05-03 20:54:16+00:00,1777841656000,1790,26.50201,43.51559,9.99469,72180,True,88.979,3
20260503-202425,-Orjbk7_ADzyIU1tBipW,2026-05-03 20:54:28+00:00,1777841668000,1802,26.49693,43.52042,9.99468,72493,True,87.659,3
20260503-202425,-Orjbn3J3_8LmgzmtJQd,2026-05-03 20:54:40+00:00,1777841680000,1814,26.50708,43.51544,9.99502,72367,True,87.42598,3
20260503-202425,-OrjbpygSe-Uaxmp7Mul,2026-05-03 20:54:52+00:00,1777841692000,1826,26.50708,43.48735,9.99481,72618,True,87.25441,3
20260503-202425,-Orjbsu8LOKcDtiw9L75,2026-05-03 20:55:04+00:00,1777841704000,1838,26.50201,43.51508,9.99471,72180,True,87.79741,3
20260503-202425,-OrjbvpGhF2Qq1RzxWMF,2026-05-03 20:55:16+00:00,1777841716000,1850,26.50708,43.49611,9.99476,72180,True,87.46761,3
20260503-202425,-OrjbylHLLrxy-YmM8kt,2026-05-03 20:55:28+00:00,1777841728000,1862,26.50961,43.51549,9.99498,71994,True,88.11093,3
20260503-202425,-Orjc0i01w3QytlDaIzi,2026-05-03 20:55:40+00:00,1777841740000,1874,26.50708,43.53626,9.99476,72367,True,87.64575,3
20260503-202425,-Orjc3tqRpRQH4BAwL8s,2026-05-03 20:55:52+00:00,1777841752000,1886,26.50961,43.55577,9.99476,72243,True,87.32191,3
20260503-202425,-Orjc6YNN5SxFQCVY26B,2026-05-03 20:56:04+00:00,1777841764000,1898,26.50961,43.54641,9.99468,72493,True,86.7632,3
20260503-202425,-Orjc9UZzDtOqayP3KUD,2026-05-03 20:56:16+00:00,1777841776000,1910,26.51468,43.54195,9.99485,72180,True,86.96964,3
20260503-202425,-OrjcCQpoY4XAA3ayjry,2026-05-03 20:56:28+00:00,1777841788000,1922,26.50961,43.53686,9.99464,73062,True,85.75626,3
20260503-202425,-OrjcFNGoJ9zPhZQw4rY,2026-05-03 20:56:40+00:00,1777841800000,1934,26.51468,43.51572,9.99453,72305,True,86.91096,3
20260503-202425,-OrjcIG_FwRwg2JOTVRi,2026-05-03 20:56:52+00:00,1777841812000,1946,26.51722,43.54083,9.99464,72745,True,86.55812,3
20260503-202425,-OrjcLCqfr-D8mEDtpyX,2026-05-03 20:57:04+00:00,1777841824000,1958,26.51215,43.54465,9.99466,72493,True,86.01883,3
20260503-202425,-OrjcO7gTv-aoI3ysgZA,2026-05-03 20:57:16+00:00,1777841836000,1970,26.51468,43.54084,9.99446,72681,True,85.54254,3
20260503-202425,-OrjcR5HV2Liergpn1zd,2026-05-03 20:57:28+00:00,1777841848000,1982,26.51215,43.53181,9.99442,72745,True,85.84772,3
20260503-202425,-OrjcU-vDgk0d_VACwhN,2026-05-03 20:57:40+00:00,1777841860000,1994,26.51215,43.52547,9.99445,72367,True,86.41713,3
20260503-202425,-OrjcWuurTkJWd-p1zzK,2026-05-03 20:57:52+00:00,1777841872000,2006,26.51468,43.53369,9.99455,72556,True,86.18344,3
20260503-202425,-OrjcZqEeBTVz6Xlr8v2,2026-05-03 20:58:04+00:00,1777841884000,2018,26.51215,43.53392,9.99442,72618,True,85.92326,3
20260503-202425,-OrjcbmVn2JLFpKskuzz,2026-05-03 20:58:16+00:00,1777841896000,2030,26.51722,43.52514,9.99432,72681,True,85.85719,3
20260503-202425,-OrjcehmYCTs1T_l6Sw8,2026-05-03 20:58:28+00:00,1777841908000,2042,26.51215,43.52943,9.99417,72745,True,85.43987,3
20260503-202425,-OrjchcTR7-sca-mE5rv,2026-05-03 20:58:40+00:00,1777841920000,2054,26.51468,43.50615,9.99435,72618,True,85.59435,3
20260503-202425,-OrjckZcNErWVfkrbxHA,2026-05-03 20:58:52+00:00,1777841932000,2066,26.51722,43.50783,9.9944,72493,True,85.66191,3
20260503-202425,-OrjcoZeSw52Qg-Wk2P4,2026-05-03 20:59:05+00:00,1777841945000,2079,26.57212,43.36797,9.99438,72618,True,85.73014,3
20260503-202425,-OrjcqMubCWpQIVHZrZI,2026-05-03 20:59:16+00:00,1777841956000,2090,26.41073,44.29581,9.99427,54197,True,135.05093,3
20260503-202425,-OrjctIgIIzAtDHHsiih,2026-05-03 20:59:28+00:00,1777841968000,2102,26.49187,43.65752,9.99409,65930,True,132.03589,3
20260503-202425,-OrjcwEufs-PWoQu0ZtH,2026-05-03 20:59:40+00:00,1777841980000,2114,26.50454,43.55356,9.99433,69370,True,111.66443,3
20260503-202425,-Orjcz9jkEXqXYW9wull,2026-05-03 20:59:52+00:00,1777841992000,2126,26.50708,43.50088,9.99432,70957,True,99.80949,3
20260503-202425,-Orjd14ZDj3pgpIrxtZ0,2026-05-03 21:00:04+00:00,1777842004000,2138,26.49947,43.51452,9.99394,71686,True,92.93836,3
20260503-202425,-Orjd40-kYGeEKk2vH9c,2026-05-03 21:00:16+00:00,1777842016000,2150,26.51215,43.48038,9.99403,71932,True,90.94304,3
20260503-202425,-Orjd71jzmYlyZyLEJri,2026-05-03 21:00:28+00:00,1777842028000,2162,26.50961,43.46134,9.99424,72305,True,88.96709,3
20260503-202425,-Orjd9tWGfZZeiNcJtpP,2026-05-03 21:00:40+00:00,1777842040000,2174,26.51468,43.46435,9.99393,72618,True,87.31082,3
20260503-202425,-OrjdCnj0xqGIsmlTONL,2026-05-03 21:00:52+00:00,1777842052000,2186,26.51468,43.45321,9.99385,72935,True,86.16274,3
20260503-202425,-OrjdFkc5GbisYhpqqjq,2026-05-03 21:01:04+00:00,1777842064000,2198,26.51722,43.47125,9.99385,72556,True,85.96844,3
20260503-202425,-OrjdIpVoyVc_sGcUnVi,2026-05-03 21:01:16+00:00,1777842076000,2210,26.51722,43.45842,9.99366,72681,True,85.72691,3
20260503-202425,-OrjdLbLA8tX2PnYxJ-_,2026-05-03 21:01:28+00:00,1777842088000,2222,26.51468,43.46022,9.99369,72681,True,85.55707,3
20260503-202425,-OrjdOXxkt3lw8dKBmfm,2026-05-03 21:01:40+00:00,1777842100000,2234,26.52483,43.47472,9.99367,72871,True,85.01529,3
20260503-202425,-OrjdRScoi67rUxG3KPe,2026-05-03 21:01:52+00:00,1777842112000,2246,26.51722,43.47136,9.99334,73126,True,84.26341,3
20260503-202425,-OrjdUOIlpLrg2Ai-Imz,2026-05-03 21:02:04+00:00,1777842124000,2258,26.52229,43.45316,9.99333,73254,True,84.14167,3
20260503-202425,-OrjdXWJxbXSgqVUuVHx,2026-05-03 21:02:16+00:00,1777842136000,2270,26.52229,43.4363,9.99342,73062,True,83.89163,3
20260503-202425,-Orjd_G-4BowvBm_1tXs,2026-05-03 21:02:28+00:00,1777842148000,2282,26.52229,43.42735,9.99337,73318,True,83.32702,3
20260503-202425,-OrjdcBIl-MsweeDnAr3,2026-05-03 21:02:40+00:00,1777842160000,2294,26.52229,43.4292,9.99337,73190,True,83.12364,3
20260503-202425,-Orjdf69He84G0POKKa4,2026-05-03 21:02:52+00:00,1777842172000,2306,26.52483,43.39859,9.99337,73382,True,82.63904,3
20260503-202425,-Orjdi1fYmKtfAu5QFCq,2026-05-03 21:03:04+00:00,1777842184000,2318,26.52229,43.41963,9.9934,73190,True,82.76973,3
20260503-202425,-Orjdl1lWVG0nU3LPfFS,2026-05-03 21:03:16+00:00,1777842196000,2330,26.4944,43.64277,9.99326,68351,True,97.52921,3
20260503-202425,-OrjdnyN6F-CqfDxeBxb,2026-05-03 21:03:28+00:00,1777842208000,2342,26.51468,43.44502,9.99328,71871,True,94.20571,3
20260503-202425,-OrjdquBu5TavfLIg_7Z,2026-05-03 21:03:40+00:00,1777842220000,2354,26.52736,43.42912,9.99368,72618,True,88.75948,3
20260503-202425,-Orjdtpoc4F5VD9BXS4V,2026-05-03 21:03:52+00:00,1777842232000,2366,26.52483,43.43523,9.99355,72998,True,85.1974,3
20260503-202425,-Orjdwkly-a784qq6tNb,2026-05-03 21:04:04+00:00,1777842244000,2378,26.52229,43.45256,9.99333,72998,True,84.38367,3
20260503-202425,-OrjdzgSjCP9FCMBaGse,2026-05-03 21:04:16+00:00,1777842256000,2390,26.52483,43.46513,9.99316,72998,True,83.94638,3
20260503-202425,-Orje1c0NX9DqQIvqPWI,2026-05-03 21:04:28+00:00,1777842268000,2402,26.5299,43.44184,9.99325,73254,True,83.26411,3
20260503-202425,-Orje4aJLHL6B2gGCaZt,2026-05-03 21:04:40+00:00,1777842280000,2414,26.5299,43.41267,9.9934,73254,True,83.40734,3
20260503-202425,-Orje7U4Cc5r7WE9cS_C,2026-05-03 21:04:52+00:00,1777842292000,2426,26.5299,43.40273,9.99328,73446,True,82.4221,3
20260503-202425,-OrjeAOiCdcp_BGO1JFn,2026-05-03 21:05:04+00:00,1777842304000,2438,26.5299,43.40628,9.99326,73575,True,81.85358,3
20260503-202425,-OrjeD_mrOtzQTyckk9m,2026-05-03 21:05:16+00:00,1777842316000,2450,26.53751,43.4185,9.99303,73318,True,81.52689,3
20260503-202425,-OrjeGGJWsmjXpLnvINR,2026-05-03 21:05:28+00:00,1777842328000,2462,26.52736,43.44351,9.99306,73965,True,80.91074,3
20260503-202425,-OrjeJCrCqIneXK1JPpH,2026-05-03 21:05:40+00:00,1777842340000,2474,26.52736,43.45672,9.99296,73446,True,81.08913,3
20260503-202425,-OrjeM75AZxunNO2vsFE,2026-05-03 21:05:52+00:00,1777842352000,2486,26.52483,43.44102,9.99269,73511,True,81.73139,3
20260503-202425,-OrjeP2HoaTSMtmWFiKd,2026-05-03 21:06:04+00:00,1777842364000,2498,26.53243,43.4504,9.99297,73640,True,81.97925,3
20260503-202425,-OrjeRzMvDPETqoaLyiV,2026-05-03 21:06:16+00:00,1777842376000,2510,26.53243,43.45283,9.9929,73640,True,81.34395,3
20260503-202425,-OrjeUv5h_sCkejvvR9G,2026-05-03 21:06:28+00:00,1777842388000,2522,26.53243,43.47213,9.99274,73835,True,80.97301,3
20260503-202425,-OrjeXqamJrwppgOJ0KL,2026-05-03 21:06:40+00:00,1777842400000,2534,26.53751,43.49072,9.99279,73900,True,80.55574,3
20260503-202425,-Orje_lHyeMQZ9Baa0wx,2026-05-03 21:06:52+00:00,1777842412000,2546,26.53497,43.48893,9.99299,73965,True,80.59904,3
20260503-202425,-OrjechEED_LyoozO2nc,2026-05-03 21:07:04+00:00,1777842424000,2558,26.53497,43.48236,9.99282,73575,True,81.05109,3
20260503-202425,-Orjefcw_FiJwpswf_hv,2026-05-03 21:07:16+00:00,1777842436000,2570,26.53497,43.4911,9.99294,73900,True,80.64945,3
20260503-202425,-OrjeiZj1Y4UgHwZTDS-,2026-05-03 21:07:28+00:00,1777842448000,2582,26.54258,43.44322,9.99285,73900,True,80.11745,3
20260503-202425,-OrjelUvXLx6Wsdzrt0e,2026-05-03 21:07:40+00:00,1777842460000,2594,26.53497,43.43587,9.99285,73770,True,80.45401,3
20260503-202425,-OrjeoQJN8kCdL0II3lH,2026-05-03 21:07:52+00:00,1777842472000,2606,26.53243,43.44991,9.99271,73770,True,80.21671,3
20260503-202425,-OrjerLylA7vVtrE_d3J,2026-05-03 21:08:04+00:00,1777842484000,2618,26.53497,43.43353,9.99278,73900,True,80.13586,3
20260503-202425,-OrjeuH-Y7rd17TwCJRL,2026-05-03 21:08:16+00:00,1777842496000,2630,26.53497,43.43762,9.99269,74031,True,79.69833,3
20260503-202425,-OrjexMFlivOZCV6hlgk,2026-05-03 21:08:28+00:00,1777842508000,2642,26.54511,43.41036,9.99275,73770,True,80.09171,3
20260503-202425,-Orjf-8nDuOAulIdiyLr,2026-05-03 21:08:40+00:00,1777842520000,2654,26.54511,43.4438,9.99298,74031,True,80.03703,3
20260503-202425,-Orjf23SmNNZYv2jBLPo,2026-05-03 21:08:52+00:00,1777842532000,2666,26.54004,43.44205,9.99276,73770,True,80.19526,3
20260503-202425,-Orjf5-HAnjeMJoR9GPf,2026-05-03 21:09:04+00:00,1777842544000,2678,26.53751,43.40953,9.99275,73770,True,79.72662,3
20260503-202425,-Orjf7vyQ4vAk7rw4i6b,2026-05-03 21:09:16+00:00,1777842556000,2690,26.54004,43.39673,9.99272,74359,True,79.03291,3
20260503-202425,-OrjfArAEEOTx_e8V8oV,2026-05-03 21:09:28+00:00,1777842568000,2702,26.53497,43.39531,9.99289,73965,True,79.34041,3
20260503-202425,-OrjfDnCPWVhk-LRJTlL,2026-05-03 21:09:40+00:00,1777842580000,2714,26.53243,43.39937,9.99264,74031,True,79.32109,3
20260503-202425,-OrjfGi5C0DNc6LKr0RH,2026-05-03 21:09:52+00:00,1777842592000,2726,26.54004,43.39623,9.99265,73705,True,79.5025,3
20260503-202425,-OrjfJds8s523h_5Sqf3,2026-05-03 21:10:04+00:00,1777842604000,2738,26.54765,43.38378,9.99279,74228,True,78.93845,3
20260503-202425,-OrjfM_VEveDg7x0XDYy,2026-05-03 21:10:16+00:00,1777842616000,2750,26.54258,43.43881,9.9924,74031,True,79.17083,3
20260503-202425,-OrjfPVqPc-iXIOrfUqa,2026-05-03 21:10:28+00:00,1777842628000,2762,26.54511,43.43466,9.99257,74162,True,78.86184,3
20260503-202425,-OrjfSR5K798gtAKe9K2,2026-05-03 21:10:40+00:00,1777842640000,2774,26.54258,43.45412,9.9925,74096,True,78.87836,3
20260503-202425,-OrjfVMZoiU1Bol21nbD,2026-05-03 21:10:52+00:00,1777842652000,2786,26.53751,43.44289,9.99238,74162,True,78.4858,3
20260503-202425,-OrjfYHvSAv5GftjXrgG,2026-05-03 21:11:04+00:00,1777842664000,2798,26.54258,43.42677,9.9921,74031,True,78.68308,3
20260503-202425,-OrjfaDRZPLJrNVC7a3e,2026-05-03 21:11:16+00:00,1777842676000,2810,26.54511,43.43028,9.99242,74425,True,77.90243,3
20260503-202425,-Orjfd9i7uhC7oVltHOW,2026-05-03 21:11:28+00:00,1777842688000,2822,26.54258,43.44399,9.99252,74359,True,77.73047,3
20260503-202425,-Orjfs0jwj-Bq0amoCbj,2026-05-03 21:11:40+00:00,1777842700000,2834,26.54765,43.41979,9.99221,74293,True,78.03867,3
20260503-202425,-Orjfsn05qiEYh8JXtWI,2026-05-03 21:12:32+00:00,1777842752000,2886,26.60761,43.25438,9.99226,74031,True,78.41151,3
20260503-202425,-OrjfvjXrbeMWhDq3s5g,2026-05-03 21:12:44+00:00,1777842764000,2898,26.47665,43.8731,9.99236,52269,True,201.35884,2
20260503-202425,-OrjfyeRWSY2LgV4pBGL,2026-05-03 21:12:56+00:00,1777842776000,2910,26.50454,43.57198,9.99224,62070,True,163.56552,2
20260503-202425,-Orjg0_TMI-nlb8DVLTg,2026-05-03 21:13:08+00:00,1777842788000,2922,26.50961,43.51006,9.9925,66718,True,129.74429,2
20260503-202425,-Orjg3WMdTdUrsbrmd3G,2026-05-03 21:13:20+00:00,1777842800000,2934,26.51468,43.49076,9.99221,69084,True,111.48816,2
20260503-202425,-Orjg6RTtidZg4dvnXaY,2026-05-03 21:13:32+00:00,1777842812000,2946,26.51722,43.44835,9.99201,70480,True,100.4023,2
20260503-202425,-Orjg9NrKQ_FfcDjzrxp,2026-05-03 21:13:44+00:00,1777842824000,2958,26.51976,43.46177,9.99194,71320,True,94.46565,3
20260503-202425,-OrjgCIvhvkpKFCioi-r,2026-05-03 21:13:56+00:00,1777842836000,2970,26.52483,43.44419,9.992,72056,True,90.52136,3
20260503-202425,-OrjgFDjBl5xBzN3xTuV,2026-05-03 21:14:08+00:00,1777842848000,2982,26.53243,43.43766,9.992,72493,True,87.22688,3
20260503-202425,-OrjgIAR26_YFsM4QYMC,2026-05-03 21:14:20+00:00,1777842860000,2994,26.53497,43.42369,9.99206,72681,True,86.17207,3
20260503-202425,-OrjgL6cf-5a1Xx6u7yS,2026-05-03 21:14:32+00:00,1777842872000,3006,26.53243,43.44434,9.99199,73062,True,84.70448,3
20260503-202425,-OrjgOO00oPgBduUr5y2,2026-05-03 21:14:44+00:00,1777842884000,3018,26.54004,43.41369,9.99223,73446,True,83.19453,3
20260503-202425,-OrjgQxMKnFkplwxKZKU,2026-05-03 21:14:56+00:00,1777842896000,3030,26.54004,43.40375,9.992,73511,True,81.66048,3
20260503-202425,-OrjgTuNIwoerkcXOR6h,2026-05-03 21:15:08+00:00,1777842908000,3042,26.54004,43.42832,9.99207,73446,True,81.8017,3
20260503-202425,-OrjgWq0v65mCzGVskSF,2026-05-03 21:15:20+00:00,1777842920000,3054,26.54258,43.41536,9.99212,73835,True,80.67972,3
20260503-202425,-OrjgZjgT6nHI80jfuXx,2026-05-03 21:15:32+00:00,1777842932000,3066,26.54258,43.41294,9.99197,74293,True,79.54468,3
20260503-202425,-OrjgbeO7dgbZMHeKwMI,2026-05-03 21:15:44+00:00,1777842944000,3078,26.54511,43.40507,9.99191,74096,True,79.48714,3
20260503-202425,-OrjgeaCwy41GMMYpLBZ,2026-05-03 21:15:56+00:00,1777842956000,3090,26.54511,43.38348,9.99196,74162,True,78.75793,3
20260503-202425,-OrjghX6g1IyVRAkCjiO,2026-05-03 21:16:08+00:00,1777842968000,3102,26.54511,43.37877,9.99207,74624,True,78.12585,3
20260503-202425,-OrjgkS_VC2dZcAD29aM,2026-05-03 21:16:20+00:00,1777842980000,3114,26.55525,43.35646,9.99211,74228,True,78.18824,3
20260503-202425,-OrjgnOeXpoxYJGPfL-t,2026-05-03 21:16:32+00:00,1777842992000,3126,26.54511,43.37006,9.99217,74228,True,78.01765,3
20260503-202425,-OrjgqJrUBpcl7yd35_s,2026-05-03 21:16:44+00:00,1777843004000,3138,26.54258,43.35169,9.99182,74425,True,78.11676,3
20260503-202425,-OrjgtF86R5FrsyyXrP9,2026-05-03 21:16:56+00:00,1777843016000,3150,26.55525,43.33408,9.99203,74492,True,77.44002,3
20260503-202425,-OrjgwAgAm9x0fR6-l7U,2026-05-03 21:17:08+00:00,1777843028000,3162,26.55018,43.35591,9.99197,74492,True,77.2276,3
20260503-202425,-Orjgz8Fy5TZB_RqtgYG,2026-05-03 21:17:20+00:00,1777843040000,3174,26.55779,43.35538,9.99199,74691,True,77.19305,3
20260503-202425,-Orjh11Q_tAY2XaMnUyW,2026-05-03 21:17:32+00:00,1777843052000,3186,26.55018,43.35984,9.99176,74758,True,76.55753,3
20260503-202425,-Orjh3ywoNXQnxm5dK3v,2026-05-03 21:17:44+00:00,1777843064000,3198,26.55779,43.3262,9.99186,74558,True,76.60091,3
20260503-202425,-Orjh7-oKOj7cp2z79P8,2026-05-03 21:17:56+00:00,1777843076000,3210,26.55779,43.33722,9.99162,74558,True,76.20649,3
20260503-202425,-Orjh9owPpnzfZ_bPasx,2026-05-03 21:18:08+00:00,1777843088000,3222,26.55525,43.34425,9.99158,74558,True,76.87651,3
20260503-202425,-OrjhClFDHzTSEdJhU6t,2026-05-03 21:18:20+00:00,1777843100000,3234,26.55525,43.34775,9.99125,74624,True,76.99811,3
20260503-202425,-OrjhFgFKVncT8_8X4cm,2026-05-03 21:18:32+00:00,1777843112000,3246,26.55779,43.33307,9.99137,74492,True,76.75912,3
20260503-202425,-OrjhIbl9GoocHQzzp_T,2026-05-03 21:18:44+00:00,1777843124000,3258,26.55525,43.35362,9.99137,74824,True,76.47673,3
20260503-202425,-OrjhLXoXtgljBvikglU,2026-05-03 21:18:56+00:00,1777843136000,3270,26.56286,43.35035,9.99137,74824,True,75.94772,3
20260503-202425,-OrjhOTE8ij6vygdXnfG,2026-05-03 21:19:08+00:00,1777843148000,3282,26.56286,43.34408,9.9913,74691,True,75.89275,3
20260503-202425,-OrjhROtZhfOxtOF5Fqt,2026-05-03 21:19:20+00:00,1777843160000,3294,26.56033,43.35062,9.9915,74691,True,75.89739,3
20260503-202425,-OrjhUKe-H97Nf--Wsvm,2026-05-03 21:19:32+00:00,1777843172000,3306,26.55779,43.35624,9.99132,74891,True,75.37545,3
20260503-202425,-OrjhXGK0_epenQZZ_-I,2026-05-03 21:19:44+00:00,1777843184000,3318,26.56033,43.34138,9.99138,74624,True,75.58254,3
20260503-202425,-Orjh_BkUhG7zyxqFeGo,2026-05-03 21:19:56+00:00,1777843196000,3330,26.56286,43.33196,9.99145,74691,True,75.69559,3
20260503-202425,-Orjhc866vohTrD-2PHM,2026-05-03 21:20:08+00:00,1777843208000,3342,26.56793,43.30455,9.99164,75093,True,74.44751,3
20260503-202425,-Orjhf2dSI9iyU7OEVDS,2026-05-03 21:20:20+00:00,1777843220000,3354,26.56286,43.30633,9.99151,74891,True,75.01911,3
20260503-202425,-OrjhhzXEo5u7KiANPxO,2026-05-03 21:20:32+00:00,1777843232000,3366,26.55779,43.31098,9.9912,74891,True,75.10112,3
20260503-202425,-Orjhkujt9v2BTFNP6fh,2026-05-03 21:20:44+00:00,1777843244000,3378,26.56286,43.31311,9.99135,75093,True,75.02505,3
20260503-202425,-OrjhnqHkGc_o2Ne5b08,2026-05-03 21:20:56+00:00,1777843256000,3390,26.56286,43.29973,9.99145,74624,True,75.32529,3
20260503-202425,-Orjhr5H10MaqxyuVFxt,2026-05-03 21:21:08+00:00,1777843268000,3402,26.5654,43.29209,9.99141,74958,True,75.23179,3
20260503-202425,-OrjhtEFTB7Y7MbPEAa0,2026-05-03 21:21:18+00:00,1777843278000,3412,26.49187,43.77167,9.99172,66878,True,87.34359,3
20260503-202425,-OrjhwceeWJajds96ixb,2026-05-03 21:21:31+00:00,1777843291000,3425,26.58733,43.45711,9.99162,68857,True,92.7821,3
20260503-202425,-OrjhzKSbiyPv6RmxaI_,2026-05-03 21:21:43+00:00,1777843303000,3437,26.53243,43.53579,9.99144,66138,True,125.9772,3
20260503-202425,-Orji1GSLyQRQDosnQmw,2026-05-03 21:21:55+00:00,1777843315000,3449,26.54511,43.37434,9.99147,70777,True,105.27489,3
20260503-202425,-Orji4C_Kbsob_qZ-Mk6,2026-05-03 21:22:07+00:00,1777843327000,3461,26.55018,43.35717,9.99127,72745,True,91.86324,3
20260503-202425,-Orji77c0EU7JzzyuqNF,2026-05-03 21:22:19+00:00,1777843339000,3473,26.55272,43.35197,9.9914,73446,True,84.78777,3
20260503-202425,-OrjiA2b-73ZK_awpfs7,2026-05-03 21:22:31+00:00,1777843351000,3485,26.55779,43.34101,9.99146,73835,True,81.04544,3
20260503-202425,-OrjiD0NtZSUVVRRL2BB,2026-05-03 21:22:43+00:00,1777843363000,3497,26.55779,43.33333,9.99134,74162,True,79.10192,3
20260503-202425,-OrjiFvQIc0G6wCNbjsy,2026-05-03 21:22:55+00:00,1777843375000,3509,26.56033,43.34086,9.99131,74558,True,77.6331,3
20260503-202425,-OrjiIq9Z0iDMcXrcqwe,2026-05-03 21:23:07+00:00,1777843387000,3521,26.5654,43.33704,9.99141,74492,True,77.33839,3
20260503-202425,-OrjiLlZtRoaSCkekux5,2026-05-03 21:23:19+00:00,1777843399000,3533,26.56033,43.36132,9.99122,74624,True,76.6442,3
20260503-202425,-OrjiOi1M8bByV9ZeW47,2026-05-03 21:23:31+00:00,1777843411000,3545,26.56286,43.33215,9.9913,74891,True,75.75883,3
20260503-202425,-OrjiRcUtxcy5IRuTBMz,2026-05-03 21:23:43+00:00,1777843423000,3557,26.5654,43.31501,9.99132,75025,True,75.26614,3
20260503-202425,-OrjiUZ-rnj5EHDU4p8R,2026-05-03 21:23:55+00:00,1777843435000,3569,26.56286,43.30272,9.99123,75160,True,74.53761,3
20260503-202425,-OrjiXUQgRIOVMghaLn5,2026-05-03 21:24:07+00:00,1777843447000,3581,26.5654,43.28442,9.9913,75295,True,73.90714,3
20260503-202425,-Orji_a7xbpkYELid5Ef,2026-05-03 21:24:19+00:00,1777843459000,3593,26.56793,43.28002,9.99125,75093,True,74.11038,3
20260503-202425,-OrjicLRj6XFVWs8-cVm,2026-05-03 21:24:31+00:00,1777843471000,3605,26.56286,43.30509,9.99105,75160,True,74.29736,3
20260503-202425,-OrjifHxZbqfXXVzBnHQ,2026-05-03 21:24:43+00:00,1777843483000,3617,26.56793,43.3222,9.99118,75363,True,74.6126,3
20260503-202425,-OrjiiCVwkVunr_NPu0Q,2026-05-03 21:24:55+00:00,1777843495000,3629,26.56793,43.33412,9.99117,75025,True,74.21726,3
20260503-202425,-Orjil8DMxyAVvioiU-F,2026-05-03 21:25:07+00:00,1777843507000,3641,26.5654,43.30863,9.99104,75093,True,74.49837,3
20260503-202425,-Orjio40nrP3moKIpKzZ,2026-05-03 21:25:19+00:00,1777843519000,3653,26.56793,43.30816,9.99111,75025,True,74.41345,3
20260503-202425,-Orjiqzx2mT_mewrtXAl,2026-05-03 21:25:31+00:00,1777843531000,3665,26.56793,43.30319,9.99129,75160,True,73.78976,3
20260503-202425,-OrjitwX5BITpFHKkIK5,2026-05-03 21:25:43+00:00,1777843543000,3677,26.56793,43.31746,9.99103,74958,True,74.26492,3
20260503-202425,-OrjiwrFUlsyKrrq-NVp,2026-05-03 21:25:55+00:00,1777843555000,3689,26.573,43.30969,9.99128,75499,True,73.06598,3
20260503-202425,-Orjizm_ymEVFNTa_VI_,2026-05-03 21:26:07+00:00,1777843567000,3701,26.57047,43.33106,9.99103,75499,True,72.6841,3
20260503-202425,-Orjj1iLpLcSDSVT6Hud,2026-05-03 21:26:19+00:00,1777843579000,3713,26.57047,43.33916,9.99101,75160,True,73.46734,3
20260503-202425,-Orjj4dSGd9vXu6aC7PZ,2026-05-03 21:26:31+00:00,1777843591000,3725,26.57554,43.32755,9.99109,75431,True,73.18772,3
20260503-202425,-Orjj7_MRRw9cVoOogRK,2026-05-03 21:26:43+00:00,1777843603000,3737,26.57047,43.32419,9.99142,75295,True,72.94537,3
20260503-202425,-OrjjAWNZWDrCZEycVT3,2026-05-03 21:26:55+00:00,1777843615000,3749,26.57554,43.31446,9.99111,75228,True,73.41108,3
20260503-202425,-OrjjDRtcbli9rj0u9yh,2026-05-03 21:27:07+00:00,1777843627000,3761,26.57554,43.30761,9.99134,75295,True,73.59401,3
20260503-202425,-OrjjGMmVsFfOe_tDT-H,2026-05-03 21:27:19+00:00,1777843639000,3773,26.57808,43.30914,9.99136,75093,True,73.82681,3
20260503-202425,-OrjjJYttcoZVKZPBoml,2026-05-03 21:27:31+00:00,1777843651000,3785,26.573,43.31598,9.99132,75295,True,73.58793,3
20260503-202425,-OrjjMEzW9dRsC3C1Xbq,2026-05-03 21:27:43+00:00,1777843663000,3797,26.57554,43.32114,9.99113,75567,True,73.18275,3
20260503-202425,-OrjjP9RWa5-u1PQPQ0u,2026-05-03 21:27:55+00:00,1777843675000,3809,26.57554,43.30444,9.99118,75025,True,72.84404,3
20260503-202425,-OrjjS4a1qGB-cgHQbZs,2026-05-03 21:28:07+00:00,1777843687000,3821,26.57554,43.29299,9.9912,75499,True,72.42074,3
20260503-202425,-OrjjV0L8-ymyKuv6_v9,2026-05-03 21:28:19+00:00,1777843699000,3833,26.57808,43.27395,9.99122,75363,True,72.83151,3
20260503-202425,-OrjjXwcKQZM9Y2MZgQB,2026-05-03 21:28:31+00:00,1777843711000,3845,26.57808,43.28286,9.9911,75567,True,72.33721,3
20260503-202425,-Orjj_taAVicmCbd1XLa,2026-05-03 21:28:43+00:00,1777843723000,3857,26.573,43.29153,9.99086,75499,True,72.72432,3
20260503-202425,-OrjjcnyJiYPHXFXtgM8,2026-05-03 21:28:55+00:00,1777843735000,3869,26.57554,43.29528,9.99108,75841,True,72.09702,3
20260503-202425,-OrjjfjZWTuQIaRo7BqT,2026-05-03 21:29:07+00:00,1777843747000,3881,26.57808,43.28379,9.99085,75635,True,72.43082,3
20260503-202425,-OrjjieOB4PQFPaoP0j6,2026-05-03 21:29:19+00:00,1777843759000,3893,26.57808,43.30435,9.99092,75567,True,72.2425,3
20260503-202425,-OrjjlaEHrg0074RGDpg,2026-05-03 21:29:31+00:00,1777843771000,3905,26.58315,43.27961,9.99092,75567,True,72.30865,3
20260503-202425,-OrjjoWY4rH7JE1TrUnn,2026-05-03 21:29:43+00:00,1777843783000,3917,26.58061,43.28419,9.99081,75431,True,72.35688,3
20260503-202425,-OrjjrTC0KJG1ey87A2M,2026-05-03 21:29:55+00:00,1777843795000,3929,26.58061,43.29112,9.99082,75841,True,72.03008,3
20260503-202425,-OrjjuO0pi8XxW_BRjj8,2026-05-03 21:30:07+00:00,1777843807000,3941,26.58061,43.28903,9.99077,75772,True,72.01707,3
20260503-202425,-OrjjxJEteV6290jARkz,2026-05-03 21:30:19+00:00,1777843819000,3953,26.58315,43.29034,9.99092,75704,True,72.50946,3
20260503-202425,-Orjk-EHJ76Sbbxdhyhu,2026-05-03 21:30:31+00:00,1777843831000,3965,26.58061,43.27164,9.99079,75635,True,72.18098,3
20260503-202425,-Orjk2UvTldqblf6vEdu,2026-05-03 21:30:43+00:00,1777843843000,3977,26.58061,43.25013,9.99091,75841,True,71.42763,3
20260503-202425,-Orjk55Q35CPWtnPy2Ej,2026-05-03 21:30:55+00:00,1777843855000,3989,26.58315,43.26974,9.99092,75295,True,71.80348,3
20260503-202425,-Orjk81Speh0bB2AoD81,2026-05-03 21:31:07+00:00,1777843867000,4001,26.57808,43.28828,9.99085,75363,True,72.52398,3
20260503-202425,-OrjkAyGVXaCFGweO2QR,2026-05-03 21:31:19+00:00,1777843879000,4013,26.58315,43.26313,9.991,75363,True,72.47161,3
20260503-202425,-OrjkDtG7WqhWSWncPoo,2026-05-03 21:31:31+00:00,1777843891000,4025,26.58315,43.28325,9.99104,75567,True,72.48285,3
20260503-202425,-OrjkGp5WH1eHePj3W_c,2026-05-03 21:31:43+00:00,1777843903000,4037,26.57808,43.27608,9.99094,75431,True,72.04637,3
20260503-202425,-OrjkJjvUSeStGP7JUC5,2026-05-03 21:31:55+00:00,1777843915000,4049,26.58315,43.27393,9.99099,75567,True,72.17935,3
20260503-202425,-OrjkMg59Vxju_-i4PQY,2026-05-03 21:32:07+00:00,1777843927000,4061,26.58568,43.26046,9.99077,75567,True,71.47292,3
20260503-202425,-OrjkPbM3XX7f20KitqO,2026-05-03 21:32:19+00:00,1777843939000,4073,26.58568,43.2617,9.99082,75841,True,71.26886,3
20260503-202425,-OrjkSXbI7QktFF-ul4J,2026-05-03 21:32:31+00:00,1777843951000,4085,26.58061,43.27705,9.9907,75704,True,71.81304,3
20260503-202425,-OrjkVSo1wRP5gL_qhAu,2026-05-03 21:32:43+00:00,1777843963000,4097,26.58568,43.25968,9.99059,75635,True,71.81638,3
20260503-202425,-OrjkYOPG6zBaRbqVI_g,2026-05-03 21:32:55+00:00,1777843975000,4109,26.58061,43.26794,9.99039,76186,True,70.79855,3
20260503-202425,-OrjkaMFE1bTNFTR2eMY,2026-05-03 21:33:07+00:00,1777843987000,4122,26.58315,43.27321,9.99067,76047,True,71.24834,3
20260503-202425,-OrjkdHAf0XbeagOmFL4,2026-05-03 21:33:19+00:00,1777843999000,4134,26.59075,43.27026,9.99093,75635,True,71.35399,3
20260503-202425,-OrjkgChRbhJ_T3ezMQB,2026-05-03 21:33:31+00:00,1777844011000,4146,26.58568,43.2669,9.99052,75567,True,71.55347,3
20260503-202425,-OrjkjPOCI_xEUi7_b7C,2026-05-03 21:33:43+00:00,1777844023000,4158,26.58822,43.28123,9.99056,75910,True,71.82296,3
20260503-202425,-Orjkm42z3PgOeyNuGeY,2026-05-03 21:33:55+00:00,1777844035000,4170,26.58822,43.28865,9.99058,75910,True,71.30443,3
20260503-202425,-Orjkp-bIHdDJ_tSKv8g,2026-05-03 21:34:07+00:00,1777844047000,4182,26.58568,43.26963,9.99055,75567,True,71.07787,3
20260503-202425,-OrjkrvzPu_4j6wk8nOx,2026-05-03 21:34:19+00:00,1777844059000,4194,26.58568,43.25086,9.99038,75635,True,71.55386,3
20260503-202425,-Orjkur2kiNNv3ARqpqa,2026-05-03 21:34:31+00:00,1777844071000,4206,26.59075,43.23093,9.99039,75704,True,70.88413,3
20260503-202425,-Orjkxo0iyDZg0ALx3f_,2026-05-03 21:34:43+00:00,1777844083000,4218,26.59329,43.2223,9.99036,75910,True,70.72738,3
20260503-202425,-Orjl-i-42VuN6aYKKXp,2026-05-03 21:34:55+00:00,1777844095000,4230,26.59329,43.22543,9.99034,76325,True,70.05662,3
20260503-202425,-Orjl2dr26EReJluBV6Y,2026-05-03 21:35:07+00:00,1777844107000,4242,26.58822,43.22321,9.99049,75978,True,70.29776,3
20260503-202425,-Orjl5kTlrA9yI_mioJ_,2026-05-03 21:35:20+00:00,1777844120000,4254,26.56286,43.46892,9.99047,70302,True,87.25036,3
20260503-202425,-Orjl8fL_y3j4eKAP-2c,2026-05-03 21:35:32+00:00,1777844132000,4266,26.58822,43.25677,9.99037,73770,True,83.97874,3
20260503-202425,-OrjlB_enQaiKjsvm25w,2026-05-03 21:35:44+00:00,1777844144000,4278,26.58822,43.21732,9.99053,74891,True,77.8907,3
20260503-202425,-OrjlEWQyPKvgR-A7TuB,2026-05-03 21:35:56+00:00,1777844156000,4290,26.58568,43.20499,9.99054,75160,True,74.67953,3
20260503-202425,-OrjlHSh8wwfdz-eBDCS,2026-05-03 21:36:08+00:00,1777844168000,4302,26.58568,43.19036,9.99043,75704,True,72.68506,3
20260503-202425,-OrjlKP63S_4IaxE80dc,2026-05-03 21:36:20+00:00,1777844180000,4314,26.59329,43.15865,9.99039,75841,True,71.82986,3
20260503-202425,-OrjlNJf-Gy6VZLl4i-z,2026-05-03 21:36:32+00:00,1777844192000,4326,26.59583,43.16825,9.99061,75910,True,71.10953,3
20260503-202425,-OrjlQihYv2_43wmIX0k,2026-05-03 21:36:44+00:00,1777844204000,4338,26.58822,43.19044,9.99053,75772,True,71.49309,3
20260503-202425,-OrjlTAGu7Tw1e09C824,2026-05-03 21:36:56+00:00,1777844216000,4350,26.59075,43.22035,9.99035,75841,True,71.28369,3
20260503-202425,-OrjlW6Wh6TXwQWg7Sle,2026-05-03 21:37:08+00:00,1777844228000,4362,26.58822,43.23804,9.9904,75910,True,70.55516,3
20260503-202425,-Orjl_UNNf23ES9V_IXe,2026-05-03 21:37:21+00:00,1777844241000,4375,26.64058,43.10834,9.99034,76116,True,70.30282,3
20260503-202425,-OrjlaziIfgAFf-T_PKo,2026-05-03 21:37:32+00:00,1777844252000,4386,26.47919,44.05215,9.9905,56577,True,121.24806,3
20260503-202425,-OrjldueOhSk3pR66UbJ,2026-05-03 21:37:44+00:00,1777844264000,4398,26.5654,43.37747,9.99062,68744,True,119.60506,3
20260503-202425,-OrjlgqEH1PKhd2Jct34,2026-05-03 21:37:56+00:00,1777844276000,4410,26.57554,43.28426,9.99062,72681,True,97.43086,3
20260503-202425,-OrjljmN6cphbLrQpvIp,2026-05-03 21:38:08+00:00,1777844288000,4422,26.57808,43.25971,9.99047,73446,True,86.04599,3
20260503-202425,-OrjlmhekBbDF4LKfcve,2026-05-03 21:38:20+00:00,1777844300000,4434,26.58568,43.25594,9.99043,74293,True,80.58498,3
20260503-202425,-OrjlpdYvD3mpfk8-nM5,2026-05-03 21:38:32+00:00,1777844312000,4446,26.58822,43.25471,9.99056,74958,True,77.21199,3
20260503-202425,-OrjlsZ7uB5BQI--5Eyv,2026-05-03 21:38:44+00:00,1777844324000,4458,26.58822,43.27628,9.99058,75025,True,75.10915,3
20260503-202425,-OrjlvVwjoJ7E9LccASX,2026-05-03 21:38:56+00:00,1777844336000,4470,26.59075,43.263,9.99037,75431,True,74.02855,3
20260503-202425,-OrjlyR-_YJRPJmYL6sN,2026-05-03 21:39:08+00:00,1777844348000,4482,26.59329,43.25954,9.99054,75431,True,73.66389,3
20260503-202425,-Orjm0MwJrWXzj8M5b3n,2026-05-03 21:39:20+00:00,1777844360000,4494,26.59836,43.23927,9.99056,75499,True,72.7719,3
20260503-202425,-Orjm3Hz19IdxbYkb1JX,2026-05-03 21:39:32+00:00,1777844372000,4506,26.59329,43.2334,9.99061,75567,True,72.14999,3
20260503-202425,-Orjm6dhoSKCh0XK3qrZ,2026-05-03 21:39:44+00:00,1777844384000,4518,26.59329,43.23325,9.99047,75772,True,71.82535,3
20260503-202425,-Orjm98OYCIS6mB5ktaK,2026-05-03 21:39:56+00:00,1777844396000,4530,26.59836,43.19379,9.99053,75841,True,71.4025,3
20260503-202425,-OrjmC4FHV5GCRZvn1b4,2026-05-03 21:40:08+00:00,1777844408000,4542,26.59075,43.19806,9.99039,75978,True,70.79467,3
20260503-202425,-OrjmF-tPgYf1Y7gVfM7,2026-05-03 21:40:20+00:00,1777844420000,4554,26.59583,43.18852,9.99029,75772,True,71.14296,3
20260503-202425,-OrjmHvcEkiXpCirxwnr,2026-05-03 21:40:32+00:00,1777844432000,4566,26.59583,43.19024,9.99017,75772,True,71.41556,3
20260503-202425,-OrjmKxjjpKjDA_eRkpq,2026-05-03 21:40:44+00:00,1777844444000,4579,26.57554,43.41653,9.99039,70957,True,85.68721,3
20260503-202425,-OrjmNWN-PdsQi71rp3i,2026-05-03 21:40:55+00:00,1777844455000,4589,26.51215,43.73123,9.99015,64113,True,100.46977,3
20260503-202425,-OrjmQSAtMmNrohR3rRX,2026-05-03 21:41:07+00:00,1777844467000,4601,26.58568,43.27106,9.99026,72305,True,96.41876,3
20260503-202425,-OrjmTOM4zy4aUDJs29g,2026-05-03 21:41:19+00:00,1777844479000,4613,26.59329,43.19275,9.99027,74228,True,84.3343,3
20260503-202425,-OrjmWJAskY7jLrb1Z54,2026-05-03 21:41:31+00:00,1777844491000,4625,26.59329,43.17007,9.98999,74891,True,78.10114,3
20260503-202425,-OrjmZExLsYUzd_gJaeg,2026-05-03 21:41:43+00:00,1777844503000,4637,26.59075,43.18614,9.99004,75295,True,74.78259,3
20260503-202425,-Orjmb9Wh9VhBMqREBWn,2026-05-03 21:41:55+00:00,1777844515000,4649,26.59583,43.18537,9.98994,75841,True,73.10924,3
20260503-202425,-Orjme4sfjv4P9baciBO,2026-05-03 21:42:07+00:00,1777844527000,4661,26.59329,43.17556,9.98967,75704,True,72.81723,3
20260503-202425,-Orjmh1_IBEbwRLLJURU,2026-05-03 21:42:19+00:00,1777844539000,4673,26.59836,43.17043,9.98962,75910,True,71.68125,3
20260503-202425,-OrjmjxToWpm2orBXsxg,2026-05-03 21:42:31+00:00,1777844551000,4685,26.59329,43.18817,9.9898,76047,True,70.97935,3
20260503-202425,-OrjmmshmE33zuPtmSAa,2026-05-03 21:42:43+00:00,1777844563000,4697,26.59583,43.18647,9.98979,75704,True,71.13751,3
20260503-202425,-Orjmpw3BkzG6ixb9Fkg,2026-05-03 21:42:55+00:00,1777844575000,4709,26.59836,43.20074,9.98991,76116,True,70.11605,3
20260503-202425,-OrjmsjsyfAG5j1YQ90o,2026-05-03 21:43:07+00:00,1777844587000,4721,26.6009,43.19772,9.98978,76047,True,70.01036,3
20260503-202425,-Orjmvf4jJeGss1FLh2S,2026-05-03 21:43:19+00:00,1777844599000,4733,26.59836,43.20596,9.98956,76394,True,69.49674,3
20260503-202425,-Orjmyb4fKvxqMTh_THT,2026-05-03 21:43:31+00:00,1777844611000,4745,26.60597,43.18285,9.98944,76186,True,69.84401,3
20260503-202425,-Orjn0XRJOf1qgt01Xyy,2026-05-03 21:43:43+00:00,1777844623000,4757,26.60343,43.19495,9.98954,75704,True,70.79018,3
20260503-202425,-Orjn3TO2h-gUxRCs9N6,2026-05-03 21:43:55+00:00,1777844635000,4769,26.60343,43.18655,9.98956,76394,True,69.9903,3
20260503-202425,-Orjn6OP83-sUahwZVYm,2026-05-03 21:44:07+00:00,1777844647000,4781,26.60343,43.18127,9.98942,75841,True,69.96912,3
20260503-202425,-Orjn9Jmay7phouJSG2d,2026-05-03 21:44:19+00:00,1777844659000,4793,26.60597,43.17471,9.98946,76047,True,70.07851,3
20260503-202425,-OrjnCEyeqMpJvkT9dU-,2026-05-03 21:44:31+00:00,1777844671000,4805,26.60597,43.18084,9.98942,75978,True,69.9081,3
20260503-202425,-OrjnFAQpTtbnZagCj-2,2026-05-03 21:44:43+00:00,1777844683000,4817,26.60597,43.16805,9.98928,76255,True,68.62593,3
20260503-202425,-OrjnI6OAx7pxGWsKccv,2026-05-03 21:44:55+00:00,1777844695000,4829,26.60343,43.1546,9.98926,76534,True,68.01595,3
20260503-202425,-OrjnL2AgXFZc01dTfZt,2026-05-03 21:45:07+00:00,1777844707000,4841,26.60597,43.13027,9.98935,76255,True,69.09377,3
20260503-202425,-OrjnO8uoQpZ1JrxzUZP,2026-05-03 21:45:19+00:00,1777844719000,4853,26.6085,43.13444,9.98929,76116,True,69.42665,3
20260503-202425,-OrjnQtjEmw8gmmIA0FD,2026-05-03 21:45:31+00:00,1777844731000,4865,26.61104,43.15666,9.98933,76325,True,69.54005,3
20260503-202425,-OrjnTpLHu0E7hZZDWPN,2026-05-03 21:45:43+00:00,1777844743000,4877,26.6085,43.16898,9.98941,76325,True,69.19818,3
20260503-202425,-OrjnWlC4PbzmJSoPLf6,2026-05-03 21:45:55+00:00,1777844755000,4889,26.61104,43.15042,9.98961,76604,True,68.31634,3
20260503-202425,-OrjnbOd4SacGwcrnTmn,2026-05-03 21:46:07+00:00,1777844767000,4901,26.60597,43.19579,9.98937,76325,True,68.62329,3
20260503-202425,-OrjncAaHm7Z6lwiExt4,2026-05-03 21:46:21+00:00,1777844781000,4915,26.66688,43.02525,9.9894,76255,True,68.77374,3
20260503-202425,-Orjnf56P4FdCjV7CosX,2026-05-03 21:46:33+00:00,1777844793000,4927,26.58315,43.38619,9.98946,68407,True,111.91277,3
20260503-202425,-Orjni0bwUtMQ4dd8bIM,2026-05-03 21:46:45+00:00,1777844805000,4939,26.6009,43.21357,9.98951,72745,True,95.54993,3
20260503-202425,-OrjnkwucOHByxl2G4YN,2026-05-03 21:46:57+00:00,1777844817000,4951,26.60343,43.19564,9.98931,74492,True,83.83186,3
20260503-202425,-OrjnnsqkaEKj55VpSGv,2026-05-03 21:47:09+00:00,1777844829000,4963,26.60343,43.19192,9.98936,74624,True,78.01246,3
20260503-202425,-Orjnqo4TMTkIADTltgq,2026-05-03 21:47:21+00:00,1777844841000,4975,26.6009,43.20028,9.9893,75431,True,74.42245,3
20260503-202425,-OrjntjYO6l6ncIrLalC,2026-05-03 21:47:33+00:00,1777844853000,4987,26.6085,43.17737,9.98944,75635,True,72.99706,3
20260503-202425,-OrjnwfI5n1pZgLCRfCL,2026-05-03 21:47:45+00:00,1777844865000,4999,26.6085,43.18273,9.98941,75772,True,71.73224,3
20260503-202425,-OrjnzbsLJi9X4pGfV7t,2026-05-03 21:47:57+00:00,1777844877000,5011,26.61104,43.18265,9.98947,76047,True,70.84072,3
20260503-202425,-Orjo1XTiSKCgMS6o-DR,2026-05-03 21:48:09+00:00,1777844889000,5023,26.6085,43.18271,9.98925,76255,True,69.73666,3
20260503-202425,-Orjo4TWj9NgzM02jGbk,2026-05-03 21:48:21+00:00,1777844901000,5035,26.61104,43.17064,9.98941,76116,True,69.7923,3
20260503-202425,-Orjo7OrY-wAVhy-Y0_6,2026-05-03 21:48:33+00:00,1777844913000,5047,26.61357,43.15366,9.98958,76186,True,69.57593,3
20260503-202425,-OrjoAKU9rM4_JHAOPuY,2026-05-03 21:48:45+00:00,1777844925000,5059,26.61104,43.17302,9.98927,76047,True,69.35091,3
20260503-202425,-OrjoDGO40d2kwtsfCjt,2026-05-03 21:48:57+00:00,1777844937000,5071,26.60597,43.15852,9.98917,76255,True,69.6268,3
20260503-202425,-OrjoHFnZczssY5WXRpS,2026-05-03 21:49:09+00:00,1777844949000,5083,26.61104,43.16684,9.98913,76116,True,69.49843,3
20260503-202425,-OrjoJ80lNHC8ymGYIwU,2026-05-03 21:49:21+00:00,1777844961000,5096,26.52736,43.76373,9.98927,64958,True,87.18524,3
20260503-202425,-OrjoM4hTeVq1r6CC7U3,2026-05-03 21:49:33+00:00,1777844973000,5108,26.6009,43.25397,9.9893,72618,True,92.04304,3
20260503-202425,-OrjoOzahWQwFoRtQVci,2026-05-03 21:49:45+00:00,1777844985000,5120,26.61104,43.16998,9.98934,74624,True,80.96696,3
20260503-202425,-OrjoRvY5688LrtnS4et,2026-05-03 21:49:57+00:00,1777844997000,5132,26.60597,43.17839,9.98914,75228,True,75.81658,3
20260503-202425,-OrjoUruxaos7__cXeFM,2026-05-03 21:50:09+00:00,1777845009000,5144,26.61611,43.16558,9.9892,75704,True,72.79965,3
20260503-202425,-OrjoXmE_FdT40LR_zbF,2026-05-03 21:50:21+00:00,1777845021000,5156,26.6085,43.18515,9.98922,75772,True,71.99658,3
20260503-202425,-Orjo_ho6YhX6UBz5bp0,2026-05-03 21:50:33+00:00,1777845033000,5168,26.61865,43.1544,9.98917,76047,True,70.51148,3
20260503-202425,-OrjocdnZYHERWFI_l48,2026-05-03 21:50:45+00:00,1777845045000,5180,26.61611,43.16779,9.98927,76047,True,69.99724,3
20260503-202425,-OrjofZvIqsLHJ3NgcsV,2026-05-03 21:50:57+00:00,1777845057000,5192,26.6085,43.17971,9.98901,76186,True,69.58089,3
20260503-202425,-OrjoiWQiMtHvD3E5bYW,2026-05-03 21:51:09+00:00,1777845069000,5204,26.61104,43.16343,9.98899,76047,True,69.2851,3
20260503-202425,-OrjolQejN3mpFDiFOB3,2026-05-03 21:51:21+00:00,1777845081000,5216,26.61104,43.15663,9.98889,76116,True,69.31146,3
20260503-202425,-OrjooMXFQGWgaA2GatA,2026-05-03 21:51:33+00:00,1777845093000,5228,26.61611,43.16188,9.98909,76394,True,68.732,3
20260503-202425,-OrjorIKO3V-MIzhouVv,2026-05-03 21:51:45+00:00,1777845105000,5240,26.61611,43.17933,9.98888,76956,True,67.07526,3
20260503-202425,-OrjouDlDx57qYyeDvTo,2026-05-03 21:51:57+00:00,1777845117000,5252,26.61865,43.16767,9.98873,76464,True,67.81248,3
20260503-202425,-OrjoxQwpS4Q9u3_EbMT,2026-05-03 21:52:09+00:00,1777845129000,5264,26.61865,43.17871,9.98868,76604,True,67.35887,3
20260503-202425,-Orjp-43HWBYZVGe37M3,2026-05-03 21:52:21+00:00,1777845141000,5276,26.61611,43.17049,9.98869,76325,True,68.72324,3
20260503-202425,-Orjp2-sRWR1F2w0JsSm,2026-05-03 21:52:33+00:00,1777845153000,5288,26.62372,43.16218,9.98886,76325,True,68.34637,3
20260503-202425,-Orjp4wKvCcPJjSgTPxk,2026-05-03 21:52:45+00:00,1777845165000,5300,26.61611,43.1807,9.98883,76534,True,67.94529,3
20260503-202425,-Orjp7s6wkgjYSlprY_K,2026-05-03 21:52:57+00:00,1777845177000,5312,26.61865,43.16741,9.98871,76464,True,67.32742,3
20260503-202425,-OrjpAnSTJlhxFX-R05h,2026-05-03 21:53:09+00:00,1777845189000,5324,26.61357,43.17409,9.98877,76674,True,67.30821,3
20260503-202425,-OrjpDi7noH2I-ERpmVO,2026-05-03 21:53:21+00:00,1777845201000,5336,26.62625,43.14244,9.98871,76744,True,67.43592,3
20260503-202425,-OrjpGdsnF1UUYfAU9dh,2026-05-03 21:53:33+00:00,1777845213000,5348,26.62118,43.13705,9.98857,76116,True,67.9673,3
20260503-202425,-OrjpJ_fD30_ovwuoWRo,2026-05-03 21:53:45+00:00,1777845225000,5360,26.62372,43.11344,9.98853,76534,True,67.35075,3
20260503-202425,-OrjpMWIWN3Q-7WGlzTH,2026-05-03 21:53:57+00:00,1777845237000,5372,26.62372,43.1234,9.98881,76604,True,67.47655,3
20260503-202425,-OrjpPReru8cCvJyyK3J,2026-05-03 21:54:09+00:00,1777845249000,5384,26.62372,43.10075,9.98851,76674,True,67.10539,3
20260503-202425,-OrjpSN4rns9sN2aaZ8U,2026-05-03 21:54:21+00:00,1777845261000,5396,26.62625,43.0896,9.98874,76674,True,66.90685,3
20260503-202425,-OrjpVK_8owK9M6klpV8,2026-05-03 21:54:33+00:00,1777845273000,5408,26.62118,43.1025,9.98868,76464,True,67.35159,3
20260503-202425,-OrjpYDgwOnK2VtQsESw,2026-05-03 21:54:45+00:00,1777845285000,5420,26.63132,43.09904,9.98884,76394,True,67.62611,3
20260503-202425,-Orjpa9dQlIUjc051kKw,2026-05-03 21:54:57+00:00,1777845297000,5432,26.62372,43.1225,9.98849,76885,True,66.86461,3
20260503-202425,-Orjpd4zUqNzq1qaL03l,2026-05-03 21:55:09+00:00,1777845309000,5444,26.62625,43.11263,9.98885,76464,True,67.78397,3
20260503-202425,-OrjpgyRKu77ZIAsWiSR,2026-05-03 21:55:21+00:00,1777845321000,5456,26.63132,43.08644,9.98882,76744,True,67.10516,3
20260503-202425,-OrjpiVIDKRyDD7-OdiI,2026-05-03 21:55:31+00:00,1777845331000,5466,26.55272,43.57075,9.98862,68351,True,80.20816,3
20260503-202425,-OrjplPaSnGrLCMDXgzV,2026-05-03 21:55:43+00:00,1777845343000,5478,26.61611,43.19552,9.98874,73965,True,83.45062,3
20260503-202425,-OrjpoKk4myLWWXPH3KY,2026-05-03 21:55:55+00:00,1777845355000,5490,26.61865,43.14915,9.98866,75431,True,76.6338,3
20260503-202425,-OrjprH8btkldVBOX4mb,2026-05-03 21:56:07+00:00,1777845367000,5502,26.62879,43.12452,9.9888,75978,True,71.69949,3
20260503-202425,-OrjpuBWA0TIshtpO4hF,2026-05-03 21:56:19+00:00,1777845379000,5514,26.62625,43.12366,9.98866,75841,True,70.63846,3
20260503-202425,-Orjpx7OyQIgcIEaTIcx,2026-05-03 21:56:31+00:00,1777845391000,5526,26.62625,43.11333,9.98857,76255,True,68.88649,3
20260503-202425,-Orjq-2S4Wcue_VwzIjb,2026-05-03 21:56:43+00:00,1777845403000,5538,26.62118,43.17283,9.98872,76047,True,68.81853,3
20260503-202425,-Orjq1yb-qB6Zfs7lIV5,2026-05-03 21:56:55+00:00,1777845415000,5550,26.62118,43.18905,9.98864,76604,True,68.29906,3
20260503-202425,-Orjq4v542Ugz_7SC8OO,2026-05-03 21:57:07+00:00,1777845427000,5562,26.62625,43.17279,9.98878,76815,True,67.09416,3
20260503-202425,-Orjq7qJbMNS09GdRWiL,2026-05-03 21:57:19+00:00,1777845439000,5574,26.63386,43.16248,9.98888,76534,True,67.47678,3
20260503-202425,-OrjqAmQ-CCmM5848WMd,2026-05-03 21:57:31+00:00,1777845451000,5586,26.62625,43.16579,9.98864,76394,True,67.73279,3
20260503-202425,-OrjqDghv1RilP0s5DEJ,2026-05-03 21:57:43+00:00,1777845463000,5598,26.62625,43.15337,9.98874,76604,True,67.3743,3
20260503-202425,-OrjqGcMfbemBogYu5j6,2026-05-03 21:57:55+00:00,1777845475000,5610,26.63132,43.1343,9.98867,76815,True,67.36137,3
20260503-202425,-OrjqJYcyshK8Xurg0S6,2026-05-03 21:58:07+00:00,1777845487000,5622,26.63132,43.13125,9.98858,76815,True,66.79282,3
20260503-202425,-OrjqMUY4Oj7eCvoYLjh,2026-05-03 21:58:19+00:00,1777845499000,5634,26.62879,43.13163,9.9884,76674,True,66.55309,3
20260503-202425,-OrjqPiGu-tuEjXqgV4o,2026-05-03 21:58:31+00:00,1777845511000,5646,26.62625,43.12896,9.98834,76815,True,66.49972,3
20260503-202425,-OrjqSLlkEi53tXAMUeT,2026-05-03 21:58:43+00:00,1777845523000,5658,26.63132,43.11663,9.98845,76815,True,66.58349,3
20260503-202425,-OrjqVGaygPJr8HO2WHj,2026-05-03 21:58:55+00:00,1777845535000,5670,26.62879,43.1457,9.98841,76744,True,66.99094,3
20260503-202425,-OrjqYCFbYSw4A9Gtb1H,2026-05-03 21:59:07+00:00,1777845547000,5682,26.63132,43.1138,9.98863,76744,True,66.83263,3
20260503-202425,-Orjqa8Q5nmxt0Bjy2Lm,2026-05-03 21:59:19+00:00,1777845559000,5694,26.63386,43.12872,9.98844,76815,True,66.51955,3
20260503-202425,-Orjqd37PxN7sBQwbNPD,2026-05-03 21:59:31+00:00,1777845571000,5706,26.62879,43.1292,9.98854,76956,True,65.70441,3
20260503-202425,-Orjqg-B1R1xw-iKeKrQ,2026-05-03 21:59:43+00:00,1777845583000,5718,26.63386,43.14186,9.98839,76744,True,65.89555,3
20260503-202425,-OrjqivIhbEOtKY3Ku6k,2026-05-03 21:59:55+00:00,1777845595000,5730,26.63639,43.11296,9.98854,77027,True,65.90689,3
20260503-202425,-OrjqlrPD3IjZ6uVizsD,2026-05-03 22:00:07+00:00,1777845607000,5742,26.63639,43.12259,9.98868,76604,True,66.19202,3
20260503-202425,-Orjqom1ByCerRJdCDLO,2026-05-03 22:00:19+00:00,1777845619000,5754,26.63893,43.11427,9.98861,76744,True,66.47643,3
20260503-202425,-OrjqrhSLaiYK7KphGB-,2026-05-03 22:00:31+00:00,1777845631000,5766,26.63386,43.11104,9.98851,76956,True,65.99388,3
20260503-202425,-OrjqudgcT2FrJ8UKGBc,2026-05-03 22:00:43+00:00,1777845643000,5778,26.63639,43.13561,9.98859,76885,True,66.07809,3
20260503-202425,-OrjqxZj407tTMEAHCon,2026-05-03 22:00:55+00:00,1777845655000,5790,26.644,43.1112,9.98866,77097,True,65.84819,3
20260503-202425,-Orjr-V7FT6r4nOCDY88,2026-05-03 22:01:07+00:00,1777845667000,5802,26.63386,43.11777,9.98832,76956,True,65.60309,3
20260503-202425,-Orjr2QTCOelLMwqM-8E,2026-05-03 22:01:19+00:00,1777845679000,5814,26.63893,43.12016,9.98824,76815,True,65.30017,3
20260503-202425,-Orjr5MDEFeK1hOHUvL-,2026-05-03 22:01:31+00:00,1777845691000,5826,26.63893,43.10532,9.9883,76815,True,66.35783,3
20260503-202425,-Orjr8yk3-zbdOZHje1i,2026-05-03 22:01:43+00:00,1777845703000,5838,26.63893,43.1052,9.9883,76815,True,66.37284,3
20260503-202425,-OrjrBPbd1mJBVmm3Alw,2026-05-03 22:01:56+00:00,1777845716000,5850,26.61357,43.37391,9.98835,70957,True,84.07829,3
20260503-202425,-OrjrELmgQ33awnfDvoc,2026-05-03 22:02:08+00:00,1777845728000,5862,26.62879,43.16462,9.98812,74624,True,80.39154,3
20260503-202425,-OrjrHGrQPYAh1iaRj-p,2026-05-03 22:02:20+00:00,1777845740000,5874,26.63386,43.13354,9.98837,75772,True,74.05954,3
20260503-202425,-OrjrKBtWdFctJJWHnx-,2026-05-03 22:02:32+00:00,1777845752000,5886,26.63386,43.13471,9.98848,76186,True,70.22292,3
20260503-202425,-OrjrN7IjqUcWOluJEb_,2026-05-03 22:02:44+00:00,1777845764000,5898,26.64147,43.09896,9.98856,76325,True,68.97518,3
20260503-202425,-OrjrQ3Th5ND0U_tRm9z,2026-05-03 22:02:56+00:00,1777845776000,5910,26.644,43.09888,9.98861,76394,True,68.16008,3
20260503-202425,-OrjrSzoHXRDuOy7hGFu,2026-05-03 22:03:08+00:00,1777845788000,5922,26.63893,43.09908,9.98868,76604,True,67.23569,3
20260503-202425,-OrjrVwGPhHVD9SGp1KM,2026-05-03 22:03:20+00:00,1777845800000,5934,26.63639,43.1076,9.9884,76464,True,66.92984,3
20260503-202425,-OrjrYqjeB7F13ircmcT,2026-05-03 22:03:32+00:00,1777845812000,5946,26.64147,43.11221,9.98834,76674,True,66.92105,3
20260503-202425,-OrjramGq1YHebspAWIA,2026-05-03 22:03:44+00:00,1777845824000,5958,26.644,43.12281,9.98831,76885,True,66.46902,3
20260503-202425,-OrjrdhyHKrVDU8t-ihK,2026-05-03 22:03:56+00:00,1777845836000,5970,26.644,43.12748,9.98813,76534,True,66.41824,3
20260503-202425,-OrjrgczJloH1-wzQy9J,2026-05-03 22:04:08+00:00,1777845848000,5982,26.644,43.10178,9.98808,76885,True,66.3846,3
20260503-202425,-Orjrj_ZKvFSTH4aX7eP,2026-05-03 22:04:20+00:00,1777845860000,5994,26.65161,43.07623,9.98818,77169,True,65.96862,3
20260503-202425,-OrjrmUqrX0aH6AAMtEx,2026-05-03 22:04:32+00:00,1777845872000,6006,26.64654,43.0882,9.98807,76815,True,66.10854,3
20260503-202425,-OrjrpfMJnhs0X22qmq0,2026-05-03 22:04:44+00:00,1777845884000,6018,26.64654,43.09105,9.98821,76956,True,65.80498,3
20260503-202425,-OrjrsM8WV7haKJrjBiY,2026-05-03 22:04:56+00:00,1777845896000,6030,26.65161,43.10014,9.98815,76534,True,66.20282,3
20260503-202425,-OrjrvHinrB6bygf5-Sb,2026-05-03 22:05:08+00:00,1777845908000,6042,26.644,43.10088,9.98801,76815,True,66.1863,3
20260503-202425,-OrjryCzs9qeodejH-0P,2026-05-03 22:05:20+00:00,1777845920000,6054,26.63893,43.11816,9.98784,76956,True,65.95412,3
20260503-202425,-Orjs08OYMlOIuokRb0q,2026-05-03 22:05:32+00:00,1777845932000,6066,26.64147,43.13136,9.98783,76604,True,66.26867,3
20260503-202425,-Orjs33xtjjQz8nk1Ib8,2026-05-03 22:05:44+00:00,1777845944000,6078,26.65668,43.11143,9.98814,76815,True,65.53669,3
20260503-202425,-Orjs6-nyRO6k7fo7NQW,2026-05-03 22:05:56+00:00,1777845956000,6090,26.64907,43.11525,9.98805,77097,True,65.53285,3
20260503-202425,-Orjs8veXxLkFxm_A363,2026-05-03 22:06:08+00:00,1777845968000,6102,26.64654,43.12989,9.98793,76885,True,65.8199,3
20260503-202425,-OrjsBsKT2HbU4eTHM8Y,2026-05-03 22:06:20+00:00,1777845980000,6114,26.65414,43.14454,9.98805,76815,True,66.5854,3
20260503-202425,-OrjsEnLWo_3zwkctmf8,2026-05-03 22:06:32+00:00,1777845992000,6126,26.64907,43.14864,9.9879,76744,True,66.52335,3
20260503-202425,-OrjsHihfBgMd7PoMdif,2026-05-03 22:06:44+00:00,1777846004000,6138,26.64907,43.12383,9.98784,76815,True,66.32817,3
20260503-202425,-OrjsKe4zDum_mO6f02O,2026-05-03 22:06:56+00:00,1777846016000,6150,26.65922,43.11599,9.98804,77382,True,65.1546,3
20260503-202425,-OrjsN_OoBCVu9rCq4nS,2026-05-03 22:07:08+00:00,1777846028000,6162,26.64907,43.12376,9.98781,76815,True,65.56416,3
20260503-202425,-OrjsQW0oPYdnfs9Ir2I,2026-05-03 22:07:20+00:00,1777846040000,6174,26.66429,43.08108,9.98807,76604,True,66.1458,3
20260503-202425,-OrjsTRSk8qRLTMwaRA1,2026-05-03 22:07:32+00:00,1777846052000,6186,26.65922,43.08549,9.98802,76885,True,65.93365,3
20260503-202425,-OrjsWMrU1AGWnKrfTTs,2026-05-03 22:07:44+00:00,1777846064000,6198,26.65161,43.10579,9.98778,77311,True,64.9814,3
20260503-202425,-OrjsZnLxh0Qri5XFra4,2026-05-03 22:07:56+00:00,1777846076000,6210,26.66175,43.09068,9.98787,76464,True,66.48338,3
20260503-202425,-OrjsbF2NrMkCRj5CSy7,2026-05-03 22:08:08+00:00,1777846088000,6222,26.65414,43.11621,9.98782,76815,True,65.52334,3
20260503-202425,-Orjse9sBgB9CmSFJebe,2026-05-03 22:08:20+00:00,1777846100000,6234,26.66175,43.10171,9.98791,76885,True,65.97971,3
20260503-202425,-Orjsh50KIqjc7KpHdFg,2026-05-03 22:08:32+00:00,1777846112000,6246,26.66429,43.12399,9.98782,76534,True,66.49665,3
20260503-202425,-Orjskqg2OrVx1bSTnyv,2026-05-03 22:08:45+00:00,1777846125000,6259,26.7065,43.01128,9.98753,77027,True,66.05733,3
20260503-202425,-OrjsnBVoQ2YcCAyY9VJ,2026-05-03 22:08:57+00:00,1777846137000,6271,26.62879,43.35699,9.98775,69256,True,105.64302,3
20260503-202425,-Orjsq7XpMK0ka_QuBlO,2026-05-03 22:09:09+00:00,1777846149000,6283,26.64147,43.19736,9.9876,73382,True,90.37699,3
20260503-202425,-Orjst3IMSQNs-Zoa8mC,2026-05-03 22:09:21+00:00,1777846161000,6295,26.644,43.17414,9.98759,74758,True,79.73515,3
20260503-202425,-OrjsvzK8dnAWkMfkQW5,2026-05-03 22:09:33+00:00,1777846173000,6307,26.64654,43.15929,9.98745,75635,True,74.11766,3
20260503-202425,-Orjsyut-SXxHBcjBThO,2026-05-03 22:09:45+00:00,1777846185000,6319,26.65922,43.14921,9.98764,76116,True,70.24337,3
20260503-202425,-Orjt0qID5TgWecvSgH5,2026-05-03 22:09:57+00:00,1777846197000,6331,26.65161,43.15386,9.98745,75978,True,69.53072,3
20260503-202425,-Orjt3lv36LzNHPkh_GM,2026-05-03 22:10:09+00:00,1777846209000,6343,26.65922,43.13076,9.98772,76116,True,68.83789,3
20260503-202425,-Orjt6hQ-0l2khcp6ZO8,2026-05-03 22:10:21+00:00,1777846221000,6355,26.65922,43.12395,9.9876,76604,True,68.07836,3
20260503-202425,-OrjtA8YrZ3qdu3BysJP,2026-05-03 22:10:34+00:00,1777846234000,6368,26.70397,43.02408,9.98726,76464,True,67.90708,3
20260503-202425,-OrjtCoddfo1-1LgzHxm,2026-05-03 22:10:46+00:00,1777846246000,6380,26.63386,43.34462,9.9876,69313,True,107.30325,3
20260503-202425,-OrjtFwL4s6k6BuIxmZ6,2026-05-03 22:10:58+00:00,1777846258000,6392,26.64147,43.19261,9.9877,73190,True,91.59212,3
20260503-202425,-OrjtIfZNngQQpCa2Ci6,2026-05-03 22:11:10+00:00,1777846270000,6404,26.65414,43.15075,9.98743,75431,True,78.62431,3
20260503-202425,-OrjtLafjn2GwYE-d_9b,2026-05-03 22:11:22+00:00,1777846282000,6416,26.65161,43.16905,9.98743,75228,True,74.42638,3
20260503-202425,-OrjtOYWEJlSdULookvL,2026-05-03 22:11:34+00:00,1777846294000,6428,26.66175,43.15979,9.98736,75635,True,71.01205,3
20260503-202425,-OrjtRTIo3VFAREaEDm4,2026-05-03 22:11:46+00:00,1777846306000,6440,26.66429,43.1432,9.98726,75978,True,69.42477,3
20260503-202425,-OrjtUPtZhVOfAKA9A-b,2026-05-03 22:11:58+00:00,1777846318000,6452,26.65668,43.15923,9.98742,76255,True,68.85789,3
20260503-202425,-OrjtXK1jD3p3xh2Ls3T,2026-05-03 22:12:10+00:00,1777846330000,6464,26.65668,43.14626,9.9874,76534,True,67.4785,3
20260503-202425,-Orjt_FF5y7TitsS8XMa,2026-05-03 22:12:22+00:00,1777846342000,6476,26.66175,43.14586,9.98736,76325,True,67.33448,3
20260503-202425,-OrjtcCArRCDZuz8yAzo,2026-05-03 22:12:34+00:00,1777846354000,6488,26.66429,43.12984,9.98724,76534,True,66.57567,3
20260503-202425,-Orjtf6gNBYVFoTeFThs,2026-05-03 22:12:46+00:00,1777846366000,6500,26.66682,43.14004,9.98728,76815,True,66.2581,3
20260503-202425,-OrjthdZtVBFLT9iWvpt,2026-05-03 22:12:57+00:00,1777846377000,6511,26.58568,43.65147,9.98732,67688,True,80.40971,3
20260503-202425,-OrjtkaeW3cH3xD1v--L,2026-05-03 22:13:09+00:00,1777846389000,6523,26.65922,43.22388,9.98743,74228,True,83.49203,3
20260503-202425,-OrjtnV1VHJN_bXXQY-0,2026-05-03 22:13:21+00:00,1777846401000,6535,26.65922,43.19836,9.98746,75228,True,75.56434,3
20260503-202425,-OrjtqRbuZ4J_FCdDr3c,2026-05-03 22:13:33+00:00,1777846413000,6547,26.66429,43.14799,9.98752,76047,True,71.31046,3
20260503-202425,-OrjttMPn5_eBSmKFGQu,2026-05-03 22:13:45+00:00,1777846425000,6559,26.66936,43.15525,9.98748,76464,True,68.00555,3
20260503-202425,-OrjtwIAzfzdtqXcxWjz,2026-05-03 22:13:57+00:00,1777846437000,6571,26.66429,43.1707,9.98714,76255,True,67.77351,3
20260503-202425,-OrjtzLPGqhjgIeyC9gY,2026-05-03 22:14:09+00:00,1777846449000,6583,26.66682,43.1487,9.98746,76534,True,66.60538,3
20260503-202425,-Orju19-dE-kgIt688YD,2026-05-03 22:14:21+00:00,1777846461000,6595,26.66429,43.16209,9.98754,76674,True,66.12318,3
20260503-202425,-Orju47WBpQ2BvXA9-zJ,2026-05-03 22:14:33+00:00,1777846473000,6607,26.66936,43.14817,9.98762,76815,True,65.52312,3
20260503-202425,-Orju7-wByI_QUkWYRJy,2026-05-03 22:14:45+00:00,1777846485000,6619,26.66175,43.17033,9.98729,76744,True,65.71455,3
20260503-202425,-Orju9x6Cgp6ehEUHDCO,2026-05-03 22:14:57+00:00,1777846497000,6631,26.66429,43.16136,9.98747,76534,True,66.11907,3
20260503-202425,-OrjuCt5FSbr8QAjbh0V,2026-05-03 22:15:09+00:00,1777846509000,6643,26.67189,43.17105,9.98751,76744,True,66.01439,3
20260503-202425,-OrjuFoIVmNqGNYyKtVP,2026-05-03 22:15:21+00:00,1777846521000,6655,26.67443,43.15828,9.9876,76394,True,66.31332,3
20260503-202425,-OrjuIig5418h3GZOZVP,2026-05-03 22:15:33+00:00,1777846533000,6667,26.66936,43.16683,9.98762,76744,True,66.0647,3
20260503-202425,-OrjuLe1b9U_z6CATQD1,2026-05-03 22:15:45+00:00,1777846545000,6679,26.67443,43.1703,9.98753,76744,True,65.81519,3
20260503-202425,-OrjuOa38R4gFeXyK2sk,2026-05-03 22:15:57+00:00,1777846557000,6691,26.67189,43.16475,9.98745,76604,True,65.93564,3
20260503-202425,-OrjuRXixzZuHuO_NuD5,2026-05-03 22:16:09+00:00,1777846569000,6703,26.67443,43.15646,9.98735,76744,True,65.08789,3
20260503-202425,-OrjuUSlex85GS-kuNIY,2026-05-03 22:16:21+00:00,1777846581000,6715,26.67189,43.16246,9.98738,77027,True,65.10287,3
20260503-202425,-OrjuXNguSQb3dXYBq5f,2026-05-03 22:16:33+00:00,1777846593000,6727,26.67443,43.15679,9.9876,76815,True,65.74877,3
20260503-202425,-Orju_IhJo9-R85q3lQp,2026-05-03 22:16:45+00:00,1777846605000,6739,26.6795,43.16952,9.98756,76674,True,65.45639,3
20260503-202425,-OrjucEuCxd-IJxSyB7w,2026-05-03 22:16:57+00:00,1777846617000,6751,26.67697,43.15926,9.98746,77311,True,64.40807,3
20260503-202425,-OrjufBUT7EPI8CbinY5,2026-05-03 22:17:09+00:00,1777846629000,6763,26.67443,43.16287,9.98756,76815,True,65.12016,3
20260503-202425,-OrjukVA7jpqhBz8zkbV,2026-05-03 22:17:21+00:00,1777846641000,6775,26.67443,43.14722,9.98755,76464,True,65.46045,3
20260503-202425,-OrjulGu2O_ezlRdGWC-,2026-05-03 22:17:34+00:00,1777846654000,6788,26.72681,43.01316,9.98752,76956,True,65.28545,3
20260503-202425,-OrjuoDhdrDgwQ3yXexz,2026-05-03 22:17:46+00:00,1777846666000,6800,26.65161,43.36616,9.98732,69313,True,105.46107,3
20260503-202425,-Orjur8rnoCYfx6h8hT9,2026-05-03 22:17:58+00:00,1777846678000,6812,26.66429,43.21578,9.98731,73640,True,89.896,3
20260503-202425,-Orjuu3kwQc4t8fUaCHJ,2026-05-03 22:18:10+00:00,1777846690000,6824,26.66682,43.18785,9.98721,75363,True,78.05185,3
20260503-202425,-Orjux0EEmHcJV7v21Mw,2026-05-03 22:18:22+00:00,1777846702000,6836,26.66682,43.19543,9.98713,75772,True,72.76172,3
20260503-202425,-OrjuzvUfmdcU0yEivst,2026-05-03 22:18:34+00:00,1777846714000,6848,26.66936,43.18933,9.98731,76116,True,69.63081,3
20260503-202425,-Orjv1t2uTbJe8Ig9NIL,2026-05-03 22:18:46+00:00,1777846726000,6860,26.67443,43.17986,9.98734,76956,True,67.03814,3
20260503-202425,-Orjv4mxWKz2pikzTgjS,2026-05-03 22:18:58+00:00,1777846738000,6872,26.67697,43.18608,9.98723,76956,True,66.43669,3
20260503-202425,-Orjv8-WcrUxAT9BQvR7,2026-05-03 22:19:10+00:00,1777846750000,6884,26.67697,43.18245,9.98734,76604,True,66.35636,3
20260503-202425,-OrjvAdUiu-vB9Y_N0P0,2026-05-03 22:19:22+00:00,1777846762000,6896,26.68204,43.16424,9.98723,76744,True,65.74632,3
20260503-202425,-OrjvD_-ctT20u8obz3i,2026-05-03 22:19:34+00:00,1777846774000,6908,26.67443,43.16375,9.98725,76534,True,65.58363,3
20260503-202425,-OrjvGXGNoBQnd-YG6T6,2026-05-03 22:19:46+00:00,1777846786000,6920,26.67443,43.1831,9.9869,76604,True,65.84628,3
20260503-202425,-OrjvJRDXIk5Ga2fS5JR,2026-05-03 22:19:58+00:00,1777846798000,6932,26.67697,43.18547,9.98692,77382,True,64.07407,3
20260503-202425,-OrjvMMUFYKcQ6xCwge8,2026-05-03 22:20:10+00:00,1777846810000,6944,26.67697,43.18229,9.9868,77382,True,63.99819,3
20260503-202425,-OrjvPfwJkJkepJxldfK,2026-05-03 22:20:22+00:00,1777846822000,6956,26.67697,43.19089,9.98687,76815,True,64.73029,3
20260503-202425,-OrjvSDLWumM2emSPRGl,2026-05-03 22:20:34+00:00,1777846834000,6968,26.67697,43.19777,9.98667,76815,True,65.02969,3
20260503-202425,-OrjvVAvIZPJOEsaQORV,2026-05-03 22:20:46+00:00,1777846846000,6980,26.6795,43.18052,9.98708,76885,True,64.66945,3
20260503-202425,-OrjvY4R-fzdUFTyuJkk,2026-05-03 22:20:58+00:00,1777846858000,6992,26.67443,43.18494,9.98676,77097,True,63.82119,3
20260503-202425,-Orjva0BvMjJJLrjZ4Q0,2026-05-03 22:21:10+00:00,1777846870000,7004,26.67697,43.16503,9.98659,77169,True,64.27034,3
20260503-202425,-OrjvcwptE31SqSpTMXV,2026-05-03 22:21:22+00:00,1777846882000,7016,26.68457,43.15602,9.98681,77097,True,64.25497,3
20260503-202425,-Orjvfs0AR7A5a7P58tb,2026-05-03 22:21:34+00:00,1777846894000,7028,26.68204,43.1977,9.98683,77027,True,64.14958,3
20260503-202425,-OrjvipNau-xIRWYQBl8,2026-05-03 22:21:46+00:00,1777846906000,7040,26.6795,43.20615,9.98643,77240,True,63.9961,3
20260503-202425,-OrjvliqDxj-IdyA5mNd,2026-05-03 22:21:58+00:00,1777846918000,7052,26.68457,43.19832,9.98678,77027,True,63.9811,3
20260503-202425,-OrjvoeqRpZ6Pdx641mg,2026-05-03 22:22:10+00:00,1777846930000,7064,26.68457,43.19595,9.98655,77382,True,63.23907,3
20260503-202425,-OrjvraCMyTeIXbPESPs,2026-05-03 22:22:22+00:00,1777846942000,7076,26.68457,43.16689,9.98623,77097,True,64.01733,3
20260503-202425,-OrjvuXC4nc5ffeZb53C,2026-05-03 22:22:34+00:00,1777846954000,7088,26.68711,43.17786,9.98627,77382,True,63.39429,3
20260503-202425,-OrjvxTkqWIYU4OjmROk,2026-05-03 22:22:46+00:00,1777846966000,7100,26.68711,43.19213,9.98624,76815,True,64.30007,3
20260503-202425,-Orjw-NLoxv2AZbb1-6L,2026-05-03 22:22:58+00:00,1777846978000,7112,26.68204,43.19326,9.98647,76885,True,64.40431,3
20260503-202425,-Orjw2ImA0SzGIQMw5uI,2026-05-03 22:23:10+00:00,1777846990000,7124,26.68457,43.176,9.98639,77097,True,64.04944,3
20260503-202425,-Orjw5EtDVpgySUE0zPq,2026-05-03 22:23:22+00:00,1777847002000,7136,26.68964,43.18316,9.98675,77027,True,64.19855,3
20260503-202425,-Orjw8S2vxjYlSdTXIKe,2026-05-03 22:23:34+00:00,1777847014000,7148,26.68711,43.1717,9.98685,77240,True,64.36954,3
20260503-202425,-OrjwB6T9RME3_zXbCk6,2026-05-03 22:23:46+00:00,1777847026000,7160,26.68711,43.16914,9.98654,77526,True,63.72459,3
20260503-202425,-OrjwE0yYAdNRFFoONar,2026-05-03 22:23:58+00:00,1777847038000,7172,26.68457,43.1753,9.9866,76815,True,63.63471,3
20260503-202425,-OrjwGxxUsD3EF8-6c1k,2026-05-03 22:24:10+00:00,1777847050000,7184,26.69218,43.16489,9.98662,77311,True,63.77657,3
20260503-202425,-OrjwJsmcXe_XGR1y34P,2026-05-03 22:24:22+00:00,1777847062000,7196,26.68204,43.16646,9.98651,77027,True,63.7781,3
20260503-202425,-OrjwMorkQF-uyvjeSty,2026-05-03 22:24:34+00:00,1777847074000,7208,26.68457,43.17293,9.98695,77097,True,63.36007,3
20260503-202425,-OrjwPkduYmzVCBvsNpI,2026-05-03 22:24:46+00:00,1777847086000,7220,26.68964,43.17889,9.9868,76885,True,63.9774,3
20260503-202425,-OrjwSfSGn_96ZTPyDVE,2026-05-03 22:24:58+00:00,1777847098000,7232,26.68711,43.18323,9.98661,77027,True,64.09389,3
20260503-202425,-OrjwVapB1YmCueUmjSe,2026-05-03 22:25:10+00:00,1777847110000,7244,26.69218,43.17311,9.98679,76956,True,64.0987,3
20260503-202425,-OrjwYXjMYTIFioquB3k,2026-05-03 22:25:22+00:00,1777847122000,7256,26.69471,43.17108,9.9868,77311,True,63.48861,3
20260503-202425,-OrjwaTQgR4oybYQLPSC,2026-05-03 22:25:34+00:00,1777847134000,7268,26.69218,43.16688,9.98672,77240,True,63.03017,3
20260503-202425,-OrjwdQDaZApDjRkGXdy,2026-05-03 22:25:46+00:00,1777847146000,7280,26.69218,43.1747,9.98671,77454,True,63.14214,3
20260503-202425,-OrjwgJzFrzsBy6J3QxW,2026-05-03 22:25:58+00:00,1777847158000,7292,26.69218,43.1811,9.98674,77027,True,64.13294,3
20260503-202425,-OrjwjF8MkwOINbph54p,2026-05-03 22:26:10+00:00,1777847170000,7304,26.68964,43.17554,9.98619,76815,True,64.2702,3
20260503-202425,-OrjwmC6ks0C_UX3aGpd,2026-05-03 22:26:22+00:00,1777847182000,7316,26.69471,43.1667,9.9865,77240,True,64.29287,3
20260503-202425,-Orjwp6VgWW0rWtM2E-2,2026-05-03 22:26:34+00:00,1777847194000,7328,26.69979,43.17836,9.98618,76885,True,64.21871,3
20260503-202425,-OrjwsUidwXQ51bc54qb,2026-05-03 22:26:46+00:00,1777847206000,7340,26.69979,43.17407,9.98635,76885,True,63.9869,3
20260503-202425,-OrjwuyWYn3Rtk88apBB,2026-05-03 22:26:58+00:00,1777847218000,7352,26.69471,43.19345,9.98629,77097,True,63.58077,3
20260503-202425,-Orjwxu633mosA7WO6Bj,2026-05-03 22:27:10+00:00,1777847230000,7364,26.69218,43.19388,9.98627,77097,True,63.40758,3
20260503-202425,-Orjx-q71KVVvmTC5e-F,2026-05-03 22:27:22+00:00,1777847242000,7376,26.70232,43.16748,9.98646,77097,True,63.60364,3
20260503-202425,-Orjx2lFtufsL9CYvhJv,2026-05-03 22:27:34+00:00,1777847254000,7388,26.69218,43.18457,9.98613,77240,True,63.3558,3
20260503-202425,-Orjx5h7C4dcmx16tLTx,2026-05-03 22:27:46+00:00,1777847266000,7400,26.70232,43.17058,9.9862,77097,True,62.81473,3
20260503-202425,-Orjx8cbCPUrRckh7Z6n,2026-05-03 22:27:58+00:00,1777847278000,7412,26.69218,43.18535,9.98609,77027,True,63.24357,3
20260503-202425,-OrjxB_JNDVfXZROUbbI,2026-05-03 22:28:10+00:00,1777847290000,7424,26.69725,43.20212,9.98623,77027,True,63.25233,3
20260503-202425,-OrjxET_UnaqD-69YZMu,2026-05-03 22:28:22+00:00,1777847302000,7436,26.69471,43.19301,9.9861,77097,True,63.8278,3
20260503-202425,-OrjxHPCc_KprwoXfD6B,2026-05-03 22:28:34+00:00,1777847314000,7448,26.69725,43.16433,9.9861,76885,True,63.63824,3
20260503-202425,-OrjxKM4vFham06kfsdH,2026-05-03 22:28:46+00:00,1777847326000,7460,26.69218,43.17149,9.98583,77027,True,64.06541,3
20260503-202425,-OrjxNGuNxRWvafE7NUA,2026-05-03 22:28:58+00:00,1777847338000,7472,26.70485,43.15388,9.98599,77027,True,64.08282,3
20260503-202425,-OrjxQCJ0gC_Qwdy-JvF,2026-05-03 22:29:10+00:00,1777847350000,7484,26.69725,43.18621,9.98582,77169,True,64.03365,3
20260503-202425,-OrjxT7OiRu_0eVVxwKK,2026-05-03 22:29:22+00:00,1777847362000,7496,26.70485,43.16525,9.98592,77240,True,63.48395,3
20260503-202425,-OrjxW45gANIGFS6grE5,2026-05-03 22:29:34+00:00,1777847374000,7508,26.69725,43.19093,9.98575,77169,True,63.84882,3
20260503-202425,-OrjxZ1jb2K12tKo4AoP,2026-05-03 22:29:46+00:00,1777847386000,7520,26.70485,43.16206,9.98592,77382,True,62.90748,3
20260503-202425,-OrjxbcK9V1EJfnQvYE6,2026-05-03 22:29:58+00:00,1777847398000,7532,26.69471,43.19133,9.98588,77097,True,63.09043,3
20260503-202425,-Orjxdr-Eed7g4Rm0_ed,2026-05-03 22:30:10+00:00,1777847410000,7544,26.69725,43.19489,9.98577,77027,True,63.30592,3
20260503-202425,-Orjxgmzl0Q58WlZwpbP,2026-05-03 22:30:22+00:00,1777847422000,7556,26.69979,43.18511,9.98584,77311,True,62.57414,3
20260503-202425,-OrjxjiYPlE2VDgzDNWs,2026-05-03 22:30:34+00:00,1777847434000,7568,26.69979,43.17427,9.98576,77097,True,63.60017,3
20260503-202425,-Orjxmgle3t2UqSkulGA,2026-05-03 22:30:46+00:00,1777847446000,7580,26.69218,43.20562,9.9856,77382,True,63.01003,3
20260503-202425,-Orjxp_B6jYdBzVuMRLg,2026-05-03 22:30:58+00:00,1777847458000,7592,26.70485,43.1669,9.98577,77382,True,62.55425,3
20260503-202425,-OrjxsVZzncbR0PYtNoD,2026-05-03 22:31:10+00:00,1777847470000,7604,26.70232,43.18712,9.98553,77454,True,63.23563,3
20260503-202425,-OrjxvQvJzJ_F3wzacjV,2026-05-03 22:31:22+00:00,1777847482000,7616,26.70739,43.18512,9.98553,77240,True,62.51145,3
20260503-202425,-OrjxyMo-6HRoZBNz3oF,2026-05-03 22:31:34+00:00,1777847494000,7628,26.70232,43.16059,9.98559,77240,True,62.69211,3
20260503-202425,-Orjy0KRStGo9t8wO2cO,2026-05-03 22:31:46+00:00,1777847506000,7640,26.70485,43.16962,9.98557,77311,True,62.7923,3
20260503-202425,-Orjy3E5Isk3kGuSQqHN,2026-05-03 22:31:58+00:00,1777847518000,7652,26.70232,43.18687,9.98553,77598,True,62.19627,3
20260503-202425,-Orjy698JlCF_DkyHSBf,2026-05-03 22:32:10+00:00,1777847530000,7664,26.70485,43.18942,9.9855,77382,True,62.94519,3
20260503-202425,-Orjy95622SfKjHzn2Ux,2026-05-03 22:32:22+00:00,1777847542000,7676,26.70232,43.20141,9.9852,77526,True,62.85914,3
20260503-202425,-OrjyC03Rw6GbMpjTWGo,2026-05-03 22:32:34+00:00,1777847554000,7688,26.70485,43.20144,9.98524,77027,True,63.21777,3
20260503-202425,-OrjyExNLlJZdYIYJZZq,2026-05-03 22:32:46+00:00,1777847566000,7700,26.69979,43.1982,9.98509,76885,True,63.10326,3
20260503-202425,-OrjyJdkbGrIvhO_A1-k,2026-05-03 22:32:58+00:00,1777847578000,7712,26.70993,43.19931,9.9856,77382,True,62.91953,3
20260503-202425,-OrjyKQ1BE-Y-jXrb9w9,2026-05-03 22:33:08+00:00,1777847588000,7722,26.76192,43.07015,9.98543,76885,True,63.45477,3
20260503-202425,-OrjyNNgiaIeJUUBifI4,2026-05-03 22:33:20+00:00,1777847600000,7734,26.68204,43.40559,9.98537,71320,True,94.99287,3
20260503-202425,-OrjyQGnoT_iJO0QjwuS,2026-05-03 22:33:32+00:00,1777847612000,7746,26.68711,43.24221,9.98522,74558,True,82.5796,3
20260503-202425,-OrjyTBwFsdL58Ekrxu_,2026-05-03 22:33:44+00:00,1777847624000,7758,26.70232,43.2114,9.98532,75704,True,73.1945,3
20260503-202425,-OrjyW8uChFWbFhtVIIC,2026-05-03 22:33:56+00:00,1777847636000,7770,26.69725,43.22124,9.98512,75978,True,69.88462,3
20260503-202425,-OrjyZ4xtwUon8jcXPI6,2026-05-03 22:34:08+00:00,1777847648000,7782,26.69979,43.22475,9.98514,76394,True,67.79727,3
20260503-202425,-Orjyb0OdZpG7oKxo7e1,2026-05-03 22:34:20+00:00,1777847660000,7794,26.70232,43.21274,9.98508,76325,True,66.7165,3
20260503-202425,-OrjydvPlouvdqEHe_qt,2026-05-03 22:34:32+00:00,1777847672000,7806,26.70485,43.2011,9.98517,76674,True,66.04486,3
20260503-202425,-Orjygqa1gopqPJbD1ne,2026-05-03 22:34:44+00:00,1777847684000,7818,26.70739,43.22995,9.98495,76885,True,65.20967,3
20260503-202425,-Orjyjlm5L9F0_cFDBAT,2026-05-03 22:34:56+00:00,1777847696000,7830,26.70993,43.22629,9.98507,76815,True,64.84589,3
20260503-202425,-Orjymh_E0tz6NBqMWdg,2026-05-03 22:35:08+00:00,1777847708000,7842,26.70232,43.23544,9.98481,77240,True,64.18612,3
20260503-202425,-Orjypf5yRduNT4r8gKT,2026-05-03 22:35:20+00:00,1777847720000,7854,26.70739,43.2262,9.98505,77097,True,64.02386,3
20260503-202425,-OrjysZm4lmIPm8SxzbO,2026-05-03 22:35:32+00:00,1777847732000,7866,26.71246,43.20757,9.98496,77382,True,63.86603,3
20260503-202425,-OrjyvVI6CFKt6jmLcCd,2026-05-03 22:35:44+00:00,1777847744000,7878,26.70739,43.23064,9.98484,77027,True,64.12282,3
20260503-202425,-OrjyyTgxD5uKDTCYKQ1,2026-05-03 22:35:56+00:00,1777847756000,7890,26.68711,43.45092,9.98513,71809,True,79.19295,3
20260503-202425,-Orjz1LwM7siE4HyOkAm,2026-05-03 22:36:08+00:00,1777847768000,7902,26.70232,43.26735,9.98471,75363,True,75.82666,3
20260503-202425,-Orjz2rNA0pR7zTWPnP9,2026-05-03 22:36:18+00:00,1777847778000,7912,26.62879,43.69336,9.98441,67253,True,86.58151,3
20260503-202425,-Orjz5mJ6tj8X0Mjl4Xy,2026-05-03 22:36:30+00:00,1777847790000,7924,26.69725,43.29938,9.98473,74096,True,84.90265,3
20260503-202425,-Orjz8iBgpLgCJKD_f9n,2026-05-03 22:36:42+00:00,1777847802000,7936,26.69979,43.24843,9.98454,75567,True,75.2477,3
20260503-202425,-OrjzBeISNu1gni2nYbB,2026-05-03 22:36:54+00:00,1777847814000,7948,26.70232,43.25242,9.98462,76394,True,69.89394,3
20260503-202425,-OrjzE_HP2QyYXKgkknn,2026-05-03 22:37:06+00:00,1777847826000,7960,26.70739,43.24374,9.98456,76604,True,67.15686,3
20260503-202425,-OrjzHX4Gs_lvWuvq-KE,2026-05-03 22:37:18+00:00,1777847838000,7972,26.70739,43.22926,9.98442,76674,True,66.12286,3
20260503-202425,-OrjzKQmS9ntOY3daIMi,2026-05-03 22:37:30+00:00,1777847850000,7984,26.70993,43.23006,9.98471,76744,True,64.99878,3
20260503-202425,-OrjzNMbg1hCirtgZ5xu,2026-05-03 22:37:42+00:00,1777847862000,7996,26.70739,43.23643,9.98449,76956,True,63.93171,3
20260503-202425,-OrjzQK1p2ieh0Oepew-,2026-05-03 22:37:54+00:00,1777847874000,8008,26.7226,43.20476,9.9845,76956,True,63.82671,3
20260503-202425,-OrjzTGjQ5ZQ0lgvzXRx,2026-05-03 22:38:06+00:00,1777847886000,8021,26.68711,43.48228,9.98429,71994,True,79.70461,3
20260503-202425,-OrjzWCOg8toEPub33fI,2026-05-03 22:38:18+00:00,1777847898000,8033,26.70993,43.27304,9.98435,75228,True,76.06497,3
20260503-202425,-OrjzZ8HJs9hQUeXzQ9j,2026-05-03 22:38:30+00:00,1777847910000,8045,26.71246,43.24884,9.98459,76534,True,69.19798,3
20260503-202425,-Orjzb45Z4Q4C9Tmsbk0,2026-05-03 22:38:42+00:00,1777847922000,8057,26.715,43.23278,9.98436,76464,True,67.17804,3
20260503-202425,-Orjze-NrQVubEUAcHA8,2026-05-03 22:38:54+00:00,1777847934000,8069,26.71754,43.24091,9.98435,76744,True,65.72047,3
20260503-202425,-Orjzgvd0l1TWfv4_Idx,2026-05-03 22:39:06+00:00,1777847946000,8081,26.70739,43.26871,9.98431,77240,True,64.15714,3
20260503-202425,-Orjzk3rPDEiWPfdzyiF,2026-05-03 22:39:18+00:00,1777847958000,8093,26.70993,43.26377,9.98425,77169,True,63.86857,3
20260503-202425,-OrjzmnEoGCKeS1Cb-EJ,2026-05-03 22:39:30+00:00,1777847970000,8105,26.71754,43.26117,9.98423,76744,True,64.26333,3
20260503-202425,-OrjzphhQNvXy45PdF-M,2026-05-03 22:39:42+00:00,1777847982000,8117,26.715,43.26215,9.98422,76464,True,64.41538,3
20260503-202425,-OrjzseIu0ekX8axHKtO,2026-05-03 22:39:54+00:00,1777847994000,8129,26.71754,43.24602,9.98418,76956,True,63.79964,3
20260503-202425,-Orjzv_4KBxcScfjZjl1,2026-05-03 22:40:06+00:00,1777848006000,8141,26.71754,43.24543,9.98423,77097,True,63.41477,3
20260503-202425,-OrjzyVMrK5o7bkPda1T,2026-05-03 22:40:18+00:00,1777848018000,8153,26.715,43.2774,9.98419,77240,True,62.86415,3
20260503-202425,-Ork-0S3EPIPoplYW0AV,2026-05-03 22:40:30+00:00,1777848030000,8165,26.72007,43.26946,9.98415,76885,True,62.91956,3
20260503-202425,-Ork-3M5RQFM2Buqhaa2,2026-05-03 22:40:42+00:00,1777848042000,8177,26.72514,43.25522,9.98414,76956,True,62.66326,3
20260503-202425,-Ork-6IkFMRMv2HiAyiJ,2026-05-03 22:40:54+00:00,1777848054000,8189,26.72514,43.28382,9.98418,76815,True,63.40929,3
20260503-202425,-Ork-9D_9-kP-JBSwq0g,2026-05-03 22:41:06+00:00,1777848066000,8201,26.72514,43.27706,9.98391,77382,True,62.93283,3
20260503-202425,-Ork-C9GSxQFC43hYox3,2026-05-03 22:41:18+00:00,1777848078000,8213,26.72007,43.27488,9.98376,77097,True,63.75974,3
20260503-202425,-Ork-F73TpwBbHcHXw74,2026-05-03 22:41:30+00:00,1777848090000,8225,26.72007,43.27623,9.98371,77526,True,62.26522,3
20260503-202425,-Ork-I-e3H-hV4D5EEG6,2026-05-03 22:41:42+00:00,1777848102000,8237,26.72514,43.26426,9.98386,77311,True,62.48885,3
20260503-202425,-Ork-Kwx-JtJs3Yy4EfD,2026-05-03 22:41:54+00:00,1777848114000,8249,26.71754,43.28418,9.98397,76956,True,62.7244,3
20260503-202425,-Ork-NrvPLpVFYXlfIz7,2026-05-03 22:42:06+00:00,1777848126000,8261,26.72007,43.27051,9.98408,77097,True,63.31956,3
20260503-202425,-Ork-QnIf-w9ennykMFu,2026-05-03 22:42:18+00:00,1777848138000,8273,26.71754,43.28275,9.98383,77814,True,62.0326,3
20260503-202425,-Ork-U7K8auFtZYzKMoY,2026-05-03 22:42:30+00:00,1777848150000,8285,26.72514,43.26118,9.98382,77311,True,62.00359,3
20260503-202425,-Ork-WetWrpV604NQL9i,2026-05-03 22:42:42+00:00,1777848162000,8297,26.7226,43.28598,9.98372,77097,True,62.06264,3
20260503-202425,-Ork-ZaX-JFbtu9USSIJ,2026-05-03 22:42:54+00:00,1777848174000,8309,26.73021,43.2765,9.98382,77027,True,61.90088,3
20260503-202425,-Ork-bWXTtTGJoUD6TxH,2026-05-03 22:43:06+00:00,1777848186000,8321,26.7226,43.27895,9.98375,77240,True,62.4398,3
20260503-202425,-Ork-eSDicyG_4YTGmNG,2026-05-03 22:43:18+00:00,1777848198000,8333,26.72768,43.27315,9.98362,77027,True,62.62312,3
20260503-202425,-Ork-hNyWAPgAT_mEQRn,2026-05-03 22:43:30+00:00,1777848210000,8345,26.7226,43.27211,9.98359,77097,True,62.71674,3
20260503-202425,-Ork-kJ0hQsjqppKiuFz,2026-05-03 22:43:42+00:00,1777848222000,8357,26.72768,43.26511,9.9835,77382,True,62.48814,3
20260503-202425,-Ork-nFTQ6JdNXW17DR5,2026-05-03 22:43:54+00:00,1777848234000,8369,26.73275,43.26309,9.98366,77169,True,61.90319,3
20260503-202425,-Ork-qAJ31_18KlsboqG,2026-05-03 22:44:06+00:00,1777848246000,8381,26.72768,43.2648,9.98339,77169,True,62.32726,3
20260503-202425,-Ork-t5i-MM7N-axRqEG,2026-05-03 22:44:18+00:00,1777848258000,8393,26.72768,43.27084,9.98344,77526,True,61.47224,3
20260503-202425,-Ork-w1J1sNIgdeZgv7H,2026-05-03 22:44:30+00:00,1777848270000,8405,26.73021,43.24068,9.98334,77382,True,62.30656,3
20260503-202425,-Ork-yxGztfKnrINAZDg,2026-05-03 22:44:42+00:00,1777848282000,8417,26.72768,43.26786,9.98306,77382,True,62.02237,3
20260503-202425,-Ork00tUrej_mDimWMdv,2026-05-03 22:44:54+00:00,1777848294000,8429,26.72514,43.35422,9.98335,77027,True,62.42782,3
20260503-202425,-Ork03pTLJ3icDm_1tKA,2026-05-03 22:45:06+00:00,1777848306000,8441,26.7226,43.49677,9.98317,76815,True,63.39025,3
20260503-202425,-Ork06joB_V2lva02s79,2026-05-03 22:45:18+00:00,1777848318000,8453,26.7226,43.54931,9.98315,76885,True,63.58342,3
20260503-202425,-Ork09fOacmt4wZfYDiZ,2026-05-03 22:45:30+00:00,1777848330000,8465,26.715,43.50606,9.9832,76744,True,63.38462,3
20260503-202425,-Ork0CxNE7oEr85ERGQw,2026-05-03 22:45:42+00:00,1777848342000,8477,26.72007,43.52021,9.98313,76956,True,62.79412,3
20260503-202425,-Ork0FZ58e-VljeOhmSH,2026-05-03 22:45:54+00:00,1777848354000,8489,26.73021,43.50288,9.98326,77027,True,62.73764,3
20260503-202425,-Ork0ITCzqRYKquFVoxH,2026-05-03 22:46:06+00:00,1777848366000,8501,26.73275,43.54116,9.9833,76744,True,63.05073,3
20260503-202425,-Ork0LOk1K1dx3mQlyz4,2026-05-03 22:46:18+00:00,1777848378000,8513,26.73528,43.5487,9.98323,76604,True,63.467,3
20260503-202425,-Ork0OJwxRaX8-KwbtIF,2026-05-03 22:46:30+00:00,1777848390000,8525,26.74035,43.53238,9.98337,76744,True,62.98954,3
20260503-202425,-Ork0RFdukPXL6m2xT3y,2026-05-03 22:46:42+00:00,1777848402000,8537,26.7505,43.56855,9.98318,76885,True,63.14381,3
20260503-202425,-Ork0UBzSCdwOG2z8V3S,2026-05-03 22:46:54+00:00,1777848414000,8549,26.74289,43.71877,9.98311,76534,True,63.97692,3
20260503-202425,-Ork0X6INhJXNdj3anBE,2026-05-03 22:47:06+00:00,1777848426000,8561,26.7505,43.68193,9.98303,76394,True,64.15218,3
20260503-202425,-Ork0_1bpfL8lP5E5mfi,2026-05-03 22:47:18+00:00,1777848438000,8573,26.7505,43.64551,9.98281,76534,True,63.79781,3
20260503-202425,-Ork0byG2ZX9FnxeGyqQ,2026-05-03 22:47:30+00:00,1777848450000,8585,26.7505,43.67786,9.98265,76674,True,63.45367,3
20260503-202425,-Ork0etkK2BWEHIKkJoZ,2026-05-03 22:47:42+00:00,1777848462000,8597,26.7505,43.75356,9.98252,76534,True,63.27757,3
20260503-202425,-Ork0hpZ5hyIr5nowBI5,2026-05-03 22:47:54+00:00,1777848474000,8609,26.75557,43.79382,9.98254,76255,True,63.73463,3
20260503-202425,-Ork0klMijMKK0YgmNrJ,2026-05-03 22:48:06+00:00,1777848486000,8621,26.76064,43.79246,9.98285,76116,True,64.32787,3
20260503-202425,-Ork0ng1IkuXCBciPE1Q,2026-05-03 22:48:18+00:00,1777848498000,8633,26.76571,43.75728,9.9827,76325,True,63.884,3
20260503-202425,-Ork0qbxclF3QyrxewLS,2026-05-03 22:48:30+00:00,1777848510000,8645,26.77332,43.73709,9.98289,76534,True,63.43716,3
20260503-202425,-Ork0tYVZscx7RVbHEl4,2026-05-03 22:48:42+00:00,1777848522000,8657,26.77078,43.71703,9.9829,76325,True,63.5588,3
20260503-202425,-Ork0xvsjPi9OUlpLwfC,2026-05-03 22:48:54+00:00,1777848534000,8669,26.76825,43.74287,9.98277,76255,True,64.09556,3
20260503-202425,-Ork0zQyVq4yCcECsgIA,2026-05-03 22:49:07+00:00,1777848547000,8681,26.68457,44.37605,9.98265,64858,True,83.2215,3
20260503-202425,-Ork11M1DZ_9Qsp9a81j,2026-05-03 22:49:19+00:00,1777848559000,8693,26.7581,43.84589,9.98272,72430,True,89.3351,3
20260503-202425,-Ork14I7UvXfV8Xi_D8_,2026-05-03 22:49:31+00:00,1777848571000,8705,26.76317,43.76507,9.98264,74228,True,78.5816,3
20260503-202425,-Ork16tqiFxBvpp2p8lU,2026-05-03 22:49:41+00:00,1777848581000,8715,26.68457,44.35377,9.98246,65775,True,89.96394,3
20260503-202425,-Ork19p7OkAVn3sJVmdJ,2026-05-03 22:49:53+00:00,1777848593000,8727,26.75303,43.92394,9.98243,72305,True,89.65006,3
20260503-202425,-Ork1CkEyGVZts4-hIZP,2026-05-03 22:50:05+00:00,1777848605000,8739,26.75303,44.07756,9.98269,73640,True,80.1591,3
20260503-202425,-Ork1FhJS-CpyrkodLFN,2026-05-03 22:50:17+00:00,1777848617000,8751,26.75557,44.11044,9.98248,74425,True,74.08949,3
20260503-202425,-Ork1Ib6W88MXV7axiat,2026-05-03 22:50:29+00:00,1777848629000,8763,26.75303,44.19107,9.98281,74624,True,71.65139,3
20260503-202425,-Ork1LYRGI_daoWBMWc3,2026-05-03 22:50:41+00:00,1777848641000,8775,26.74796,44.20678,9.98243,75093,True,70.04715,3
20260503-202425,-Ork1OTfiMUiA0G2zdjQ,2026-05-03 22:50:53+00:00,1777848653000,8787,26.74796,44.2293,9.98226,75160,True,68.2962,3
20260503-202425,-Ork1RP53C6_Jqj4DduV,2026-05-03 22:51:05+00:00,1777848665000,8799,26.75303,44.15874,9.98246,75499,True,66.99914,3
20260503-202425,-Ork1ULZrtBgRM2v16lM,2026-05-03 22:51:17+00:00,1777848677000,8811,26.75557,44.05605,9.98261,75431,True,65.84092,3
20260503-202425,-Ork1XFnjeBNFsPS7R7f,2026-05-03 22:51:29+00:00,1777848689000,8823,26.75303,44.03565,9.98241,75228,True,66.70152,3
20260503-202425,-Ork1_Auvgsz8z3o-SE2,2026-05-03 22:51:41+00:00,1777848701000,8835,26.75557,44.03607,9.98245,75093,True,66.4259,3
20260503-202425,-Ork1c6ZfBrrXSPIeyek,2026-05-03 22:51:53+00:00,1777848713000,8847,26.75303,43.9775,9.98253,75841,True,65.77917,3
20260503-202425,-Ork1fE8ub9Q3DRLY7yE,2026-05-03 22:52:05+00:00,1777848725000,8859,26.76317,43.89615,9.9825,75772,True,65.03455,3
20260503-202425,-Ork1i-O6IXX-6GvwIum,2026-05-03 22:52:17+00:00,1777848737000,8871,26.76064,43.92327,9.98235,75841,True,64.99901,3
20260503-202425,-Ork1kvwPJna00fvw_R0,2026-05-03 22:52:29+00:00,1777848749000,8883,26.76064,43.90923,9.9823,75704,True,65.41671,3
20260503-202425,-Ork1nqY3G4JjLfC44jP,2026-05-03 22:52:41+00:00,1777848761000,8895,26.76317,43.91507,9.98217,76047,True,64.63339,3
20260503-202425,-Ork1ql_AXsgzbaHxEZR,2026-05-03 22:52:53+00:00,1777848773000,8907,26.76571,43.91943,9.98226,75841,True,64.68029,3
20260503-202425,-Ork1tha_GrC2CLQx8OK,2026-05-03 22:53:05+00:00,1777848785000,8919,26.76571,43.92389,9.98217,75978,True,64.44169,3
20260503-202425,-Ork1we2agxY3x9b1QYr,2026-05-03 22:53:17+00:00,1777848797000,8931,26.76317,43.9694,9.98239,75635,True,65.01139,3
20260503-202425,-Ork1zYkty5YHC1bh9-Z,2026-05-03 22:53:29+00:00,1777848809000,8943,26.76064,43.98058,9.98223,75431,True,66.18542,3
20260503-202425,-Ork21UMd_RV1kfTn5LT,2026-05-03 22:53:41+00:00,1777848821000,8955,26.76317,43.98637,9.98217,75499,True,67.21282,3
20260503-202425,-Ork24PLmZFfsS3NJGY4,2026-05-03 22:53:53+00:00,1777848833000,8967,26.76317,44.00825,9.98222,75567,True,66.59177,3
20260503-202425,-Ork27LZyrRaRIyJ55Lx,2026-05-03 22:54:05+00:00,1777848845000,8979,26.77585,44.00363,9.98244,75978,True,65.5131,3
20260503-202425,-Ork2AK9OW7KuIx2Snvu,2026-05-03 22:54:17+00:00,1777848857000,8991,26.7581,44.04294,9.98224,75431,True,65.63985,3
20260503-202425,-Ork2DCch8JE3GbnVjc9,2026-05-03 22:54:29+00:00,1777848869000,9003,26.76571,44.04713,9.98226,75431,True,65.66752,3
20260503-202425,-Ork2G7hzQv5tVRkhmFU,2026-05-03 22:54:41+00:00,1777848881000,9015,26.76825,44.11602,9.9823,75499,True,65.81869,3
20260503-202425,-Ork2J4H67ZHJtJaa0Jx,2026-05-03 22:54:53+00:00,1777848893000,9027,26.76571,44.16343,9.98226,75431,True,66.25327,3
20260503-202425,-Ork2M-7UWrOUSPx6qgI,2026-05-03 22:55:05+00:00,1777848905000,9039,26.76317,44.18486,9.9822,74958,True,66.97096,3
20260503-202425,-Ork2QLkuE25NjUh81Es,2026-05-03 22:55:17+00:00,1777848917000,9051,26.76317,44.18291,9.98222,75567,True,65.85471,3
20260503-202425,-Ork2SQrJ6CdTUzOXeMU,2026-05-03 22:55:32+00:00,1777848932000,9066,26.81908,44.01395,9.98223,75635,True,65.56269,3
20260503-202425,-Ork2VMLxjZKaIiBB8QI,2026-05-03 22:55:44+00:00,1777848944000,9078,26.73275,44.38432,9.98236,67146,True,111.17249,3
20260503-202425,-Ork2YIJ_wZOg5YmNPkl,2026-05-03 22:55:56+00:00,1777848956000,9090,26.74796,44.19721,9.98233,71564,True,93.8459,3
20260503-202425,-Ork2aCYtrRLl-nVJjjK,2026-05-03 22:56:08+00:00,1777848968000,9102,26.74796,44.17347,9.98222,73511,True,81.28476,3
20260503-202425,-Ork2d8JKNKxEPTG9mgR,2026-05-03 22:56:20+00:00,1777848980000,9114,26.75303,44.18562,9.98218,74228,True,74.40749,3
20260503-202425,-Ork2g53qqSbz1Yc5V5m,2026-05-03 22:56:32+00:00,1777848992000,9126,26.75303,44.19134,9.982,74824,True,70.99683,3
20260503-202425,-Ork2j-O5vHhigqvmSG5,2026-05-03 22:56:44+00:00,1777849004000,9138,26.7505,44.21216,9.98209,74958,True,69.6033,3
20260503-202425,-Ork2lwjbq946nmmdZbP,2026-05-03 22:56:56+00:00,1777849016000,9150,26.7581,44.24753,9.98201,74891,True,68.089,3
20260503-202425,-Ork2or15N8FH8rGLQdB,2026-05-03 22:57:08+00:00,1777849028000,9162,26.7581,44.29139,9.98191,74891,True,67.76342,3
20260503-202425,-Ork2rn--FT4n1Cqrp_W,2026-05-03 22:57:20+00:00,1777849040000,9174,26.7581,44.3393,9.98193,74758,True,67.2569,3
20260503-202425,-Ork2uiYEO4nJjcm4MCU,2026-05-03 22:57:32+00:00,1777849052000,9186,26.76317,44.42375,9.98202,74824,True,67.74619,3
20260503-202425,-Ork2xdmrXhnXag3o2s0,2026-05-03 22:57:44+00:00,1777849064000,9198,26.75557,44.51217,9.98203,74891,True,67.62817,3
20260503-202425,-Ork3-_AS_IODCeCMAGn,2026-05-03 22:57:56+00:00,1777849076000,9210,26.76064,44.58828,9.9819,74958,True,66.75266,3
20260503-202425,-Ork32VGICQnFTYr232k,2026-05-03 22:58:08+00:00,1777849088000,9222,26.76317,44.62425,9.98218,74624,True,67.15309,3
20260503-202425,-Ork35l-cHFyngC2f9T1,2026-05-03 22:58:20+00:00,1777849100000,9234,26.76064,44.5515,9.98193,74624,True,66.89413,3
20260503-202425,-Ork38N15mamWboyEvRT,2026-05-03 22:58:32+00:00,1777849112000,9246,26.76064,44.49843,9.98179,75228,True,66.13039,3
20260503-202425,-Ork3BI4QKinDklNox5M,2026-05-03 22:58:44+00:00,1777849124000,9258,26.7581,44.53307,9.98198,75025,True,66.47002,3
20260503-202425,-Ork3EEDPfAH9mMVxeJp,2026-05-03 22:58:56+00:00,1777849136000,9270,26.76064,44.65692,9.982,74891,True,66.28831,3
20260503-202425,-Ork3H8op_AartGLuN84,2026-05-03 22:59:08+00:00,1777849148000,9282,26.76317,44.77517,9.98202,74359,True,67.6176,3
20260503-202425,-Ork3K4feCnI05rDm5m8,2026-05-03 22:59:20+00:00,1777849160000,9294,26.7581,44.78441,9.98175,74492,True,67.76576,3
20260503-202425,-Ork3N0xy1AP_PCXd_zj,2026-05-03 22:59:32+00:00,1777849172000,9306,26.75557,44.78696,9.98175,74425,True,67.44867,3
20260503-202425,-Ork3PwfpW_FIfdHYFxy,2026-05-03 22:59:44+00:00,1777849184000,9318,26.7581,44.76427,9.98171,74891,True,66.80498,3
20260503-202425,-Ork3St3wfWy16Q0vdE5,2026-05-03 22:59:56+00:00,1777849196000,9330,26.7581,44.64421,9.9817,74293,True,67.16403,3
20260503-202425,-Ork3VnVbEaEto0G9nOj,2026-05-03 23:00:08+00:00,1777849208000,9342,26.76064,44.59518,9.98162,74624,True,66.65276,3
20260503-202425,-Ork3YjJ3EeI8zOzxsAs,2026-05-03 23:00:20+00:00,1777849220000,9354,26.76825,44.59773,9.98163,74624,True,66.47382,3
20260503-202425,-Ork3agG4tIwGMSFVxCu,2026-05-03 23:00:32+00:00,1777849232000,9366,26.76571,44.63277,9.98163,74691,True,66.16008,3
20260503-202425,-Ork3da3aE5YXFYnVDEw,2026-05-03 23:00:44+00:00,1777849244000,9378,26.7581,44.65923,9.98161,74492,True,66.4247,3
20260503-202425,-Ork3gWwHP3EdcSXoMLj,2026-05-03 23:00:56+00:00,1777849256000,9390,26.76317,44.69303,9.98176,74891,True,66.1059,3
20260503-202425,-Ork3jSN3zyx0vPfHX-h,2026-05-03 23:01:08+00:00,1777849268000,9402,26.76571,44.77555,9.98193,74624,True,66.51781,3
20260503-202425,-Ork3mNZJfvQDKWWRjvJ,2026-05-03 23:01:20+00:00,1777849280000,9414,26.76571,44.83828,9.98189,74425,True,66.8755,3
20260503-202425,-Ork3pUEL640Vwd2GIcu,2026-05-03 23:01:32+00:00,1777849292000,9426,26.76317,44.81239,9.98159,74758,True,66.30522,3
20260503-202425,-Ork3sEQZsxs6re6Nf_o,2026-05-03 23:01:44+00:00,1777849304000,9438,26.76571,44.83648,9.98171,74624,True,66.21403,3
20260503-202425,-Ork3vARiJ9B-eUS2QP6,2026-05-03 23:01:56+00:00,1777849316000,9450,26.76571,44.88083,9.98154,74492,True,67.13329,3
20260503-202425,-Ork3y6AX5h8Nk-MOWPr,2026-05-03 23:02:08+00:00,1777849328000,9462,26.76571,44.88997,9.9818,74958,True,66.4188,3
20260503-202425,-Ork400sOulXoXD9meVx,2026-05-03 23:02:20+00:00,1777849340000,9474,26.76825,44.89167,9.98181,74558,True,66.55007,3
20260503-202425,-Ork42xKHeBMgx3JKa0A,2026-05-03 23:02:32+00:00,1777849352000,9486,26.76825,44.9044,9.98174,74228,True,66.69051,3
20260503-202425,-Ork45twKB8DMofyyvrA,2026-05-03 23:02:44+00:00,1777849364000,9498,26.7581,44.9404,9.98166,74425,True,67.00372,3
20260503-202425,-Ork48oP8-7CyURhHY_E,2026-05-03 23:02:56+00:00,1777849376000,9510,26.76571,44.92981,9.98166,74359,True,67.37473,3
20260503-202425,-Ork4BjsbcZ3wcdCcr7q,2026-05-03 23:03:08+00:00,1777849388000,9522,26.7581,44.92017,9.98163,74624,True,66.10784,3
20260503-202425,-Ork4EfPBPxCgkvvy-pL,2026-05-03 23:03:20+00:00,1777849400000,9534,26.76825,44.83101,9.98168,74758,True,65.79015,3
20260503-202425,-Ork4HbSLutjAZ-uFud9,2026-05-03 23:03:32+00:00,1777849412000,9546,26.76317,44.87469,9.98152,74492,True,65.80097,3
20260503-202425,-Ork4KXqKKzbMhltUOx-,2026-05-03 23:03:44+00:00,1777849424000,9558,26.76571,44.87374,9.98131,74425,True,66.40136,3
20260503-202425,-Ork4NUGC63gYpOiBJgz,2026-05-03 23:03:56+00:00,1777849436000,9570,26.76317,44.90414,9.98122,74293,True,67.17519,3
20260503-202425,-Ork4QOreQa47T7RvqRe,2026-05-03 23:04:08+00:00,1777849448000,9582,26.76064,44.9168,9.981,74425,True,66.9489,3
20260503-202425,-Ork4TKA4338JQQxOHNh,2026-05-03 23:04:20+00:00,1777849460000,9594,26.76825,44.88657,9.98132,74425,True,66.89545,3
20260503-202425,-Ork4WFT1wr2tmZq51Pm,2026-05-03 23:04:32+00:00,1777849472000,9606,26.77078,44.86156,9.98183,74624,True,66.23592,3
20260503-202425,-Ork4ZJ8QWg1nwjJli81,2026-05-03 23:04:44+00:00,1777849484000,9618,26.76571,44.90369,9.98156,74758,True,65.513,3
20260503-202425,-Ork4b6meizI_9HL87qv,2026-05-03 23:04:56+00:00,1777849496000,9630,26.76571,44.94017,9.98149,74162,True,66.86478,3
20260503-202425,-Ork4e2JCbbwk4jJeP2s,2026-05-03 23:05:08+00:00,1777849508000,9642,26.76064,44.98184,9.98123,74228,True,66.9976,3
20260503-202425,-Ork4gyaUetVM8-W155S,2026-05-03 23:05:20+00:00,1777849520000,9654,26.77078,45.01742,9.98158,74293,True,67.16914,3
20260503-202425,-Ork4juomy0cGmXhQipN,2026-05-03 23:05:32+00:00,1777849532000,9666,26.76825,45.07828,9.98135,74228,True,67.0508,3
20260503-202425,-Ork4mq3a6-bevKYnitC,2026-05-03 23:05:44+00:00,1777849544000,9678,26.76571,45.08013,9.98122,74293,True,66.61998,3
20260503-202425,-Ork4plcuc0B2RSJgtO2,2026-05-03 23:05:56+00:00,1777849556000,9690,26.7581,45.08549,9.98122,74425,True,66.79986,3
20260503-202425,-Ork4sgIX07lP47tK3R1,2026-05-03 23:06:08+00:00,1777849568000,9702,26.77078,45.09946,9.98137,74359,True,66.01517,3
20260503-202425,-Ork4vc-LsG1I31wV4o_,2026-05-03 23:06:20+00:00,1777849580000,9714,26.76571,45.1456,9.98131,73965,True,67.43529,3
20260503-202425,-Ork4yZXj8ByqS0m9Djb,2026-05-03 23:06:32+00:00,1777849592000,9726,26.76571,45.14724,9.9811,74425,True,66.53185,3
20260503-202425,-Ork50ToOghc6Ty8N4t2,2026-05-03 23:06:44+00:00,1777849604000,9738,26.76317,45.14054,9.98115,74162,True,67.0536,3
20260503-202425,-Ork53Pt6Xp_QyXwHieE,2026-05-03 23:06:56+00:00,1777849616000,9750,26.76825,45.12331,9.98144,73965,True,67.34525,3
20260503-202425,-Ork56Kkl889etjg7-L3,2026-05-03 23:07:08+00:00,1777849628000,9762,26.76825,45.12507,9.98139,74293,True,66.38313,3
20260503-202425,-Ork59GIBHIA-aSpEUPk,2026-05-03 23:07:20+00:00,1777849640000,9774,26.76571,45.13422,9.9814,74359,True,66.44321,3
20260503-202425,-Ork5CD0S0Iclpme0i_i,2026-05-03 23:07:32+00:00,1777849652000,9786,26.76825,45.15076,9.98158,73835,True,66.88109,3
20260503-202425,-Ork5F8e0fb54H7paNy5,2026-05-03 23:07:44+00:00,1777849664000,9798,26.77078,45.2326,9.98129,73965,True,66.92542,3
20260503-202425,-Ork5IIOXTg87U8ZEacK,2026-05-03 23:07:56+00:00,1777849676000,9810,26.76825,45.22225,9.98114,73835,True,67.40222,3
20260503-202425,-Ork5KzTTW_gwbXMZkwZ,2026-05-03 23:08:08+00:00,1777849688000,9822,26.76571,45.20413,9.98108,73835,True,67.25954,3
20260503-202425,-Ork5NurDzdS50nVcf1w,2026-05-03 23:08:20+00:00,1777849700000,9834,26.76571,45.22191,9.98119,74162,True,66.37874,3
20260503-202425,-Ork5QrHAhNjKar6qiY8,2026-05-03 23:08:32+00:00,1777849712000,9846,26.76571,45.23182,9.98092,73965,True,66.89902,3
20260503-202425,-Ork5TmTVR5XGPDTaEqc,2026-05-03 23:08:44+00:00,1777849724000,9858,26.77078,45.21327,9.9816,74228,True,66.32725,3
20260503-202425,-Ork5Whwo1unvA5igGY5,2026-05-03 23:08:56+00:00,1777849736000,9870,26.77078,45.14482,9.98158,74228,True,65.82662,3
20260503-202425,-Ork5ZcicZ4lnkD1kHKo,2026-05-03 23:09:08+00:00,1777849748000,9882,26.77078,45.13603,9.9813,73900,True,66.30534,3
20260503-202425,-Ork5bZUinI1SnS1xI2F,2026-05-03 23:09:20+00:00,1777849760000,9894,26.77332,45.1333,9.9815,73705,True,66.60236,3
20260503-202425,-Ork5eZqStW5M00POTEJ,2026-05-03 23:09:32+00:00,1777849772000,9906,26.77078,45.08943,9.98123,74293,True,66.33388,3
20260503-202425,-Ork5hRM-XKnPd5_l-X2,2026-05-03 23:09:44+00:00,1777849784000,9918,26.76317,45.06072,9.98102,74359,True,66.16503,3
20260503-202425,-Ork5kLdkmsPurdEDiNr,2026-05-03 23:09:56+00:00,1777849796000,9930,26.76571,45.03973,9.98131,74359,True,65.81883,3
20260503-202425,-Ork5nH5POx8plJH1Trh,2026-05-03 23:10:08+00:00,1777849808000,9942,26.76825,45.10561,9.98151,74359,True,65.53095,3
20260503-202425,-Ork5qDG6kMlJ96oQHHB,2026-05-03 23:10:20+00:00,1777849820000,9954,26.77078,45.13473,9.98141,74492,True,65.39407,3
20260503-202425,-Ork5t84hsl2Vw1XXu09,2026-05-03 23:10:32+00:00,1777849832000,9966,26.77585,45.16488,9.98175,74359,True,65.80764,3
20260503-202425,-Ork5w4CBNx9z18YWzA-,2026-05-03 23:10:44+00:00,1777849844000,9978,26.77078,45.19966,9.98153,74624,True,65.61064,3
20260503-202425,-Ork5z-z7FLuI2l5BkrH,2026-05-03 23:10:56+00:00,1777849856000,9990,26.77839,45.18917,9.98174,74293,True,65.87657,3
20260503-202425,-Ork66SGff-W3BSVYGiv,2026-05-03 23:11:08+00:00,1777849868000,10002,26.77585,45.17014,9.98163,74359,True,65.81105,3
20260503-202425,-Ork67Cs2Y8mT1XrZUXF,2026-05-03 23:11:33+00:00,1777849893000,10028,26.8334,44.99329,9.98127,74096,True,66.09426,3
20260503-202425,-Ork6A8gjFnzQ3gCq5qp,2026-05-03 23:11:45+00:00,1777849905000,10040,26.72768,45.41889,9.98118,60852,True,144.11932,3
20260503-202425,-Ork6D47SrHoIKeVqaDq,2026-05-03 23:11:57+00:00,1777849917000,10052,26.74542,45.18025,9.98121,67798,True,116.31078,3
20260503-202425,-Ork6G0FHz_TE0fLMkmn,2026-05-03 23:12:09+00:00,1777849929000,10064,26.75557,45.11795,9.98125,70777,True,94.50546,3
20260503-202425,-Ork6IvspXoEQPlAkcaD,2026-05-03 23:12:21+00:00,1777849941000,10076,26.7581,45.06288,9.98119,71932,True,83.38866,3
20260503-202425,-Ork6Ls7eIkJaqTtfv-T,2026-05-03 23:12:33+00:00,1777849953000,10088,26.76317,45.04797,9.98106,72493,True,77.59412,3
20260503-202425,-Ork6OmxOeZj8m-RFnA3,2026-05-03 23:12:45+00:00,1777849965000,10100,26.76571,44.99274,9.98091,72871,True,74.53426,3
20260503-202425,-Ork6Rj-Z3hGCpo8YrO1,2026-05-03 23:12:57+00:00,1777849977000,10112,26.76571,44.96557,9.98098,73254,True,72.07484,3
20260503-202425,-Ork6UeAOTVU2x3Uc7rG,2026-05-03 23:13:09+00:00,1777849989000,10124,26.77078,44.91837,9.98078,73640,True,70.23294,3
20260503-202425,-Ork6X_nKoeOeXQF2y2j,2026-05-03 23:13:21+00:00,1777850001000,10136,26.77078,44.971,9.98079,73705,True,69.36253,3
20260503-202425,-Ork6_XERgkVI33FWozI,2026-05-03 23:13:33+00:00,1777850013000,10148,26.77585,45.0193,9.98089,73965,True,68.37436,3
20260503-202425,-Ork6cRafnMNeGl_IqzY,2026-05-03 23:13:45+00:00,1777850025000,10160,26.77839,44.99117,9.98072,74162,True,67.63589,3
20260503-202425,-Ork6fNJdbhNPwFyoIiv,2026-05-03 23:13:57+00:00,1777850037000,10172,26.78346,44.91821,9.98087,74758,True,66.12504,3
20260503-202425,-Ork6iWA0DPXReAnyYr4,2026-05-03 23:14:09+00:00,1777850049000,10184,26.78092,44.91447,9.98081,74228,True,66.35475,3
20260503-202425,-Ork6lDsskd4qHorPsUP,2026-05-03 23:14:21+00:00,1777850061000,10196,26.78853,44.88146,9.98078,74425,True,66.04568,3
20260503-202425,-Ork6o9nLCiOZ2XVM6Fr,2026-05-03 23:14:33+00:00,1777850073000,10208,26.786,44.85358,9.9807,74425,True,65.98131,3
20260503-202425,-Ork6r58a3ZF-rc4fnkT,2026-05-03 23:14:45+00:00,1777850085000,10220,26.78092,44.77562,9.98041,74691,True,65.38419,3
20260503-202425,-Ork6u1AR0dKrazk2Ztg,2026-05-03 23:14:57+00:00,1777850097000,10232,26.78092,44.69675,9.98048,74228,True,65.93829,3
20260503-202425,-Ork6wxl6w-JbUM8JrxG,2026-05-03 23:15:09+00:00,1777850109000,10244,26.786,44.61922,9.98046,74824,True,64.65036,3
20260503-202425,-Ork6zsr1QV1Wecdpu2I,2026-05-03 23:15:21+00:00,1777850121000,10256,26.7936,44.56233,9.98063,75025,True,64.12149,3
20260503-202425,-Ork71nhUfd6bjNMJUUS,2026-05-03 23:15:33+00:00,1777850133000,10268,26.78346,44.52802,9.98033,75567,True,63.04483,3
20260503-202425,-Ork74j_YxA5ejP1E2O1,2026-05-03 23:15:45+00:00,1777850145000,10280,26.79614,44.46383,9.98055,75025,True,63.54572,3
20260503-202425,-Ork77f9Tskt7SGwMH7S,2026-05-03 23:15:57+00:00,1777850157000,10292,26.7936,44.44091,9.98053,75295,True,63.5957,3
20260503-202425,-Ork7AalkqTr4E3prsQm,2026-05-03 23:16:09+00:00,1777850169000,10304,26.78346,44.42859,9.98049,75160,True,63.65659,3
20260503-202425,-Ork7DX8SD_r56tTO0IQ,2026-05-03 23:16:21+00:00,1777850181000,10316,26.78853,44.42654,9.98053,75499,True,62.4159,3
20260503-202425,-Ork7GSM4o_ARmjJNgZm,2026-05-03 23:16:33+00:00,1777850193000,10328,26.786,44.45594,9.98033,75160,True,62.9593,3
20260503-202425,-Ork7JOMSdv7iOATeEKo,2026-05-03 23:16:45+00:00,1777850205000,10340,26.7936,44.43534,9.98068,75363,True,63.39013,3
20260503-202425,-Ork7MJSjm-LGvaT0iha,2026-05-03 23:16:57+00:00,1777850217000,10352,26.79107,44.40496,9.98048,75363,True,63.46358,3
20260503-202425,-Ork7PFqJuzAI7gWFGwg,2026-05-03 23:17:09+00:00,1777850229000,10364,26.80121,44.34191,9.98056,75704,True,62.04073,3
20260503-202425,-Ork7SJiHW5oLXZdHomg,2026-05-03 23:17:21+00:00,1777850241000,10376,26.79614,44.35563,9.98034,75910,True,62.12492,3
20260503-202425,-Ork7V5tPnDZsYeLBEro,2026-05-03 23:17:33+00:00,1777850253000,10388,26.79614,44.35501,9.98037,75431,True,62.71267,3
20260503-202425,-Ork7Y1bjhNta4Ah5Swe,2026-05-03 23:17:45+00:00,1777850265000,10400,26.786,44.36589,9.98035,75704,True,62.77056,3
20260503-202425,-Ork7_xzq2DbSpLyEBEk,2026-05-03 23:17:57+00:00,1777850277000,10412,26.79614,44.31815,9.98037,75704,True,62.14322,3
20260503-202425,-Ork7cu1CMeO8JXt494k,2026-05-03 23:18:09+00:00,1777850289000,10424,26.7936,44.28905,9.98017,75704,True,62.45439,3
20260503-202425,-Ork7fpAdOmy3uYvlBue,2026-05-03 23:18:21+00:00,1777850301000,10436,26.80121,44.21402,9.9803,75841,True,62.84827,3
20260503-202425,-Ork7il3R96yn4UtWTkB,2026-05-03 23:18:33+00:00,1777850313000,10448,26.79614,44.20724,9.98025,75635,True,62.60457,3
20260503-202425,-Ork7lfkzat22YLjyD_P,2026-05-03 23:18:45+00:00,1777850325000,10460,26.79614,44.18513,9.98023,76116,True,62.09604,3
20260503-202425,-Ork7obRtmUnKhWwBW2a,2026-05-03 23:18:57+00:00,1777850337000,10472,26.79614,44.18878,9.98013,75910,True,62.04688,3
20260503-202425,-Ork7rY3XpLqAKU9DcXY,2026-05-03 23:19:09+00:00,1777850349000,10484,26.80628,44.14341,9.98029,75841,True,62.19918,3
20260503-202425,-Ork7uTFY5WtglAGA7oH,2026-05-03 23:19:21+00:00,1777850361000,10496,26.79614,44.15536,9.98016,76116,True,61.29958,3
20260503-202425,-Ork7xPDN2O7cXhcpdPC,2026-05-03 23:19:33+00:00,1777850373000,10508,26.80882,44.12685,9.98042,76047,True,61.15378,3
20260503-202425,-Ork8-KdOpjzfwv1RHtU,2026-05-03 23:19:45+00:00,1777850385000,10520,26.80628,44.09538,9.98041,76464,True,60.64183,3
20260503-202425,-Ork82FzbcHSMDkS1B6j,2026-05-03 23:19:57+00:00,1777850397000,10532,26.79867,44.1261,9.98018,76325,True,61.43694,3
20260503-202425,-Ork85BhShC9MULjokXR,2026-05-03 23:20:09+00:00,1777850409000,10544,26.80121,44.08844,9.98003,76047,True,61.67535,3
20260503-202425,-Ork886rUHpdjDUpkqxo,2026-05-03 23:20:21+00:00,1777850421000,10556,26.80628,44.06885,9.98001,76255,True,61.24553,3
20260503-202425,-Ork8BGc7yg1RNXLbQsB,2026-05-03 23:20:33+00:00,1777850433000,10568,26.80374,44.07749,9.97979,76116,True,61.23573,3
20260503-202425,-Ork8DyqVpjbUXp7Cpt3,2026-05-03 23:20:45+00:00,1777850445000,10580,26.80882,44.02811,9.98001,76116,True,61.95908,3
20260503-202425,-Ork8Gu8iTo0iDXSLLIY,2026-05-03 23:20:57+00:00,1777850457000,10592,26.80374,44.05355,9.97988,76116,True,62.09095,3
20260503-202425,-Ork8JqDcVGLl54aVgyq,2026-05-03 23:21:09+00:00,1777850469000,10604,26.80628,44.02305,9.97976,76255,True,61.38946,3
20260503-202425,-Ork8Mm80BXoIeghTiRc,2026-05-03 23:21:21+00:00,1777850481000,10616,26.80374,44.01757,9.97956,76815,True,60.47385,3
20260503-202425,-Ork8PiGxYZIpkB1nEWi,2026-05-03 23:21:33+00:00,1777850493000,10628,26.80628,44.00885,9.97936,76394,True,60.92725,3
20260503-202425,-Ork8ScU_HJS7rCD2VyA,2026-05-03 23:21:45+00:00,1777850505000,10640,26.80882,43.99453,9.97964,76186,True,61.37905,3
20260503-202425,-Ork8VZ0Hd_N5JOYSU7k,2026-05-03 23:21:57+00:00,1777850517000,10652,26.81389,43.97659,9.97972,76534,True,61.33853,3
20260503-202425,-Ork8YU49EjSHRa6UQyR,2026-05-03 23:22:09+00:00,1777850529000,10664,26.81389,43.96092,9.97969,76394,True,61.36949,3
20260503-202425,-Ork8aPn7SV5ks0Ijvoh,2026-05-03 23:22:21+00:00,1777850541000,10676,26.80628,43.99161,9.97945,76464,True,60.03606,3
20260503-202425,-Ork8dN1FYBZZW9sADl-,2026-05-03 23:22:33+00:00,1777850553000,10688,26.80628,43.98028,9.97948,76815,True,60.17046,3
20260503-202425,-Ork8gGyHwa9B_f7szOH,2026-05-03 23:22:45+00:00,1777850565000,10700,26.80628,43.94331,9.97931,76674,True,60.12563,3
20260503-202425,-Ork8jCVsc69IPeicCn0,2026-05-03 23:22:57+00:00,1777850577000,10712,26.80882,43.95426,9.97938,76325,True,61.3145,3
20260503-202425,-Ork8m7gCMPQpZFDdjLd,2026-05-03 23:23:09+00:00,1777850589000,10724,26.80882,43.93459,9.97938,76534,True,60.63092,3
20260503-202425,-Ork8p3cimcCP0swnPmP,2026-05-03 23:23:21+00:00,1777850601000,10736,26.81135,43.92489,9.979,76325,True,60.47126,3
20260503-202425,-Ork8rztIWIJZex7XeBF,2026-05-03 23:23:33+00:00,1777850613000,10748,26.81389,43.92694,9.9792,76325,True,61.02927,3
20260503-202425,-Ork8v9EhDFEhA3wVHwW,2026-05-03 23:23:45+00:00,1777850625000,10760,26.81135,43.91644,9.97902,76534,True,60.81097,3
20260503-202425,-Ork8xr0m9_m6sCnN_Dd,2026-05-03 23:23:57+00:00,1777850637000,10772,26.81642,43.91307,9.97934,76815,True,59.8356,3
20260503-202425,-Ork9-mVPus-HMnNVR_Q,2026-05-03 23:24:09+00:00,1777850649000,10784,26.81135,43.888,9.9793,76534,True,60.481,3
20260503-202425,-Ork92hwQDSQ5OIGLMyk,2026-05-03 23:24:21+00:00,1777850661000,10796,26.81389,43.90189,9.97944,76815,True,60.16576,3
20260503-202425,-Ork95eopsCKU3HsRwf-,2026-05-03 23:24:33+00:00,1777850673000,10808,26.81896,43.87148,9.97931,76604,True,59.87403,3
20260503-202425,-Ork98_Vk9F4Yh9AC_Z1,2026-05-03 23:24:45+00:00,1777850685000,10820,26.81896,43.85474,9.97942,76394,True,60.42449,3
20260503-202425,-Ork9BVfYt2qSE0kTQhi,2026-05-03 23:24:57+00:00,1777850697000,10832,26.81389,43.8573,9.97916,76394,True,60.68638,3
20260503-202425,-Ork9EQlGoXwWrjHnObY,2026-05-03 23:25:09+00:00,1777850709000,10844,26.81642,43.85236,9.97915,76604,True,60.24709,3
20260503-202425,-Ork9HM6g8UcvDdh67aq,2026-05-03 23:25:21+00:00,1777850721000,10856,26.81389,43.84576,9.97904,76534,True,60.63588,3
20260503-202425,-Ork9KIxEh5RBpGhcQSg,2026-05-03 23:25:33+00:00,1777850733000,10868,26.82149,43.82055,9.9793,76534,True,60.51762,3
20260503-202425,-Ork9NDd0V6SPllzax2D,2026-05-03 23:25:45+00:00,1777850745000,10880,26.81896,43.82619,9.97912,76956,True,59.45029,3
20260503-202425,-Ork9Q91zQsbh4bfrUCw,2026-05-03 23:25:57+00:00,1777850757000,10892,26.81896,43.81679,9.9793,76744,True,59.71566,3
20260503-202425,-Ork9T4rSIwo5vds8vuq,2026-05-03 23:26:09+00:00,1777850769000,10904,26.81135,43.83483,9.97909,76674,True,60.13294,3
20260503-202425,-Ork9W-ky7SD3-GViMfQ,2026-05-03 23:26:21+00:00,1777850781000,10916,26.81642,43.82668,9.97924,76815,True,59.74001,3
20260503-202425,-Ork9YxY4hFT22DZbDmg,2026-05-03 23:26:33+00:00,1777850793000,10928,26.81896,43.82006,9.97902,76815,True,60.03592,3
20260503-202425,-Ork9arpAteCTxRNv2p2,2026-05-03 23:26:45+00:00,1777850805000,10940,26.81389,43.83026,9.97906,76674,True,59.8935,3
20260503-202425,-Ork9dvYpRHw4ulVEwD2,2026-05-03 23:26:57+00:00,1777850817000,10952,26.81642,43.80154,9.97878,76885,True,59.74763,3
20260503-202425,-Ork9giuoP8ZN0e63JUL,2026-05-03 23:27:09+00:00,1777850829000,10964,26.81642,43.81093,9.97882,76744,True,60.21377,3
20260503-202425,-Ork9jeA_8RyaAcmGXpb,2026-05-03 23:27:21+00:00,1777850841000,10976,26.82149,43.78889,9.97893,77027,True,59.31654,3
20260503-202425,-Ork9m_kGD9aKrYxc6Yj,2026-05-03 23:27:33+00:00,1777850853000,10988,26.82403,43.76556,9.97908,76674,True,59.77809,3
20260503-202425,-Ork9pW_9UexYqNh6mK5,2026-05-03 23:27:45+00:00,1777850865000,11000,26.81642,43.78521,9.97876,76604,True,60.40866,3
20260503-202425,-Ork9sReOy2QmysLqhND,2026-05-03 23:27:57+00:00,1777850877000,11012,26.82149,43.76244,9.97899,77027,True,59.97432,3
20260503-202425,-Ork9vTPay1YhlLXTSC-,2026-05-03 23:28:09+00:00,1777850889000,11024,26.81389,43.7978,9.97872,76674,True,61.046,3
20260503-202425,-Ork9yIs_atzjzpRd7QP,2026-05-03 23:28:21+00:00,1777850901000,11036,26.82656,43.75624,9.97882,76674,True,60.78939,3
20260503-202425,-OrkA0EQ0RDtLIrfj9Jz,2026-05-03 23:28:33+00:00,1777850913000,11048,26.82149,43.76164,9.97865,76744,True,60.2771,3
20260503-202425,-OrkA3A9MmrUcX9ofQGi,2026-05-03 23:28:45+00:00,1777850925000,11060,26.82149,43.75853,9.97855,77027,True,59.49392,3
20260503-202425,-OrkA65ytgbYR2awY-OT,2026-05-03 23:28:57+00:00,1777850937000,11072,26.81642,43.76925,9.97845,76956,True,59.32965,3
20260503-202425,-OrkA911hpUbcWbO90EV,2026-05-03 23:29:09+00:00,1777850949000,11084,26.81642,43.75631,9.97885,76956,True,59.91428,3
20260503-202425,-OrkABxHad4Gcew5HzNZ,2026-05-03 23:29:21+00:00,1777850961000,11096,26.82656,43.7275,9.97882,77382,True,58.9417,3
20260503-202425,-OrkAEsakg-ZQYDezMPe,2026-05-03 23:29:33+00:00,1777850973000,11108,26.82403,43.73954,9.9789,76885,True,59.84061,3
20260503-202425,-OrkAHofskB3g_nK8Mng,2026-05-03 23:29:45+00:00,1777850985000,11120,26.83164,43.72148,9.97874,76534,True,60.06783,3
20260503-202425,-OrkAKj_UZGdNvUdNdUt,2026-05-03 23:29:57+00:00,1777850997000,11132,26.81896,43.74813,9.97854,77240,True,58.98113,3
20260503-202425,-OrkANq0WneQQc5gmYMc,2026-05-03 23:30:09+00:00,1777851009000,11144,26.82403,43.7509,9.97846,76674,True,60.16423,3
20260503-202425,-OrkAQd2akswF5__xdr9,2026-05-03 23:30:21+00:00,1777851021000,11156,26.8291,43.71915,9.97847,76815,True,60.34373,3
20260503-202425,-OrkATX7FnfnitDqbdu9,2026-05-03 23:30:33+00:00,1777851033000,11168,26.82149,43.74767,9.97823,76815,True,59.88951,3
20260503-202425,-OrkAWT-GeBrxKqXjfVj,2026-05-03 23:30:45+00:00,1777851045000,11180,26.82403,43.75043,9.97836,77311,True,59.13517,3
20260503-202425,-OrkAZPL4Tz7SlmZ8JO9,2026-05-03 23:30:57+00:00,1777851057000,11192,26.82656,43.72867,9.97849,76956,True,59.27575,3
20260503-202425,-OrkAbKQt-yTYbhfayKw,2026-05-03 23:31:09+00:00,1777851069000,11204,26.83164,43.70974,9.97844,77027,True,59.14166,3
20260503-202425,-OrkAeFbgQr8VkEztaab,2026-05-03 23:31:21+00:00,1777851081000,11216,26.82403,43.73025,9.97845,76674,True,59.47957,3
20260503-202425,-OrkAhAouA5MueSgftSB,2026-05-03 23:31:33+00:00,1777851093000,11228,26.82149,43.73064,9.97862,76815,True,59.4907,3
20260503-202425,-OrkAk66tjkHbMuI4KSk,2026-05-03 23:31:45+00:00,1777851105000,11240,26.82656,43.72363,9.97863,77311,True,58.98731,3
20260503-202425,-OrkAn1pZTsbj-6GrvoG,2026-05-03 23:31:57+00:00,1777851117000,11252,26.82403,43.71711,9.97838,76815,True,59.99277,3
20260503-202425,-OrkApyo6M0n_EZdywWo,2026-05-03 23:32:09+00:00,1777851129000,11264,26.82656,43.71083,9.9782,76956,True,59.37325,3
20260503-202425,-OrkAsvdYzP7bs2EKsjD,2026-05-03 23:32:21+00:00,1777851141000,11276,26.8291,43.70053,9.97811,76956,True,58.67941,3
20260503-202425,-OrkAvpJ-0354_Pgwa8b,2026-05-03 23:32:33+00:00,1777851153000,11288,26.83417,43.67962,9.97834,76885,True,59.62431,3
20260503-202425,-OrkAym2Sg2tF9-YbjlP,2026-05-03 23:32:45+00:00,1777851165000,11300,26.73782,44.31878,9.97825,65723,True,78.69181,3
20260503-202425,-OrkB0rz-l6Jl583oTy-,2026-05-03 23:32:58+00:00,1777851178000,11312,26.72514,44.44819,9.97829,60066,True,107.86951,3
20260503-202425,-OrkB4_gG04LL64Fh40n,2026-05-03 23:33:10+00:00,1777851190000,11324,26.80882,43.81999,9.97794,70361,True,105.26416,3
20260503-202425,-OrkB6PqqqbRRrGWsYfd,2026-05-03 23:33:20+00:00,1777851200000,11335,26.73021,44.24854,9.9779,64015,True,109.00553,3
20260503-202425,-OrkB9JQglBrjjRZ3fTu,2026-05-03 23:33:32+00:00,1777851212000,11347,26.80628,43.79924,9.97808,72056,True,97.408,3
20260503-202425,-OrkBCEz7M6qgDTZq_z9,2026-05-03 23:33:44+00:00,1777851224000,11359,26.81389,43.74275,9.97816,74425,True,80.74706,3
20260503-202425,-OrkBFAI1TYplZRYEu_w,2026-05-03 23:33:56+00:00,1777851236000,11371,26.82149,43.72485,9.97818,74958,True,72.30185,3
20260503-202425,-OrkBI7SsMX0eSuYgU9g,2026-05-03 23:34:08+00:00,1777851248000,11383,26.82403,43.70225,9.97799,75772,True,67.74133,3
20260503-202425,-OrkBL2ch-2ug0c1U-n0,2026-05-03 23:34:20+00:00,1777851260000,11395,26.81896,43.73457,9.97791,75841,True,65.46051,3
20260503-202425,-OrkBO67LddSU4OHpDLk,2026-05-03 23:34:33+00:00,1777851273000,11407,26.79107,44.00517,9.9781,70718,True,81.07823,3
20260503-202425,-OrkBR28xn69fuxIZJhh,2026-05-03 23:34:45+00:00,1777851285000,11419,26.81896,43.80796,9.97838,74425,True,76.72632,3
20260503-202425,-OrkBTxwx642DYrTAEKo,2026-05-03 23:34:57+00:00,1777851297000,11431,26.81896,43.77308,9.97787,75295,True,70.20319,3
20260503-202425,-OrkBWu6NwwBbwnze1mU,2026-05-03 23:35:09+00:00,1777851309000,11443,26.82149,43.78805,9.97779,75704,True,66.28345,3
20260503-202425,-OrkBZpIDdR5xXKhGitg,2026-05-03 23:35:21+00:00,1777851321000,11455,26.82403,43.7967,9.97769,76047,True,63.76833,3
20260503-202425,-OrkBbki1Yupn1ULDh3e,2026-05-03 23:35:33+00:00,1777851333000,11467,26.83417,43.80475,9.97794,76186,True,62.07094,3
20260503-202425,-OrkBeg9lFbeh8UsnF1W,2026-05-03 23:35:45+00:00,1777851345000,11479,26.83164,43.82299,9.97778,76534,True,61.56057,3
20260503-202425,-OrkBhb_7Lkt-P5ykShx,2026-05-03 23:35:57+00:00,1777851357000,11491,26.83671,43.79166,9.97828,76255,True,61.69207,3
20260503-202425,-OrkBkY8uHeInRxmcLqM,2026-05-03 23:36:09+00:00,1777851369000,11503,26.83164,43.82062,9.97797,76744,True,60.24469,3
20260503-202425,-OrkBnavXTfDKWGsD1sA,2026-05-03 23:36:21+00:00,1777851381000,11515,26.83671,43.8224,9.97798,76885,True,59.85194,3
20260503-202425,-OrkBqPvWQnETEc11kPQ,2026-05-03 23:36:33+00:00,1777851393000,11527,26.83417,43.8222,9.97784,76744,True,60.78313,3
20260503-202425,-OrkBtL1rMNJQtG75xLL,2026-05-03 23:36:45+00:00,1777851405000,11539,26.83164,43.85478,9.97774,76534,True,60.63208,3
20260503-202425,-OrkBwHAhSCC3Xh_3xNc,2026-05-03 23:36:57+00:00,1777851417000,11551,26.83924,43.82008,9.97788,76394,True,61.13406,3
20260503-202425,-OrkBzBQKyypbgfpjdQe,2026-05-03 23:37:09+00:00,1777851429000,11563,26.83924,43.83899,9.97779,76604,True,60.65367,3
20260503-202425,-OrkC18DVqqqnw37Zi3U,2026-05-03 23:37:21+00:00,1777851441000,11575,26.83671,43.83826,9.97754,76956,True,59.92537,3
20260503-202425,-OrkC42OARYL2VllI-3Q,2026-05-03 23:37:33+00:00,1777851453000,11587,26.83671,43.83567,9.97751,76744,True,60.04659,3
20260503-202425,-OrkC6z3RowtZlWdNhkA,2026-05-03 23:37:45+00:00,1777851465000,11599,26.83671,43.83587,9.97751,76464,True,59.45665,3
20260503-202425,-OrkC9ujaZDoZYqnRPwH,2026-05-03 23:37:57+00:00,1777851477000,11611,26.83924,43.79344,9.97763,77027,True,58.93968,3
20260503-202425,-OrkCCqWa8jPzjR1as7y,2026-05-03 23:38:09+00:00,1777851489000,11623,26.84431,43.78169,9.97777,76674,True,59.28416,3
20260503-202425,-OrkCFlfkkMkWMKCUA0B,2026-05-03 23:38:21+00:00,1777851501000,11635,26.83417,43.80946,9.97747,76604,True,59.89577,3
20260503-202425,-OrkCIhHCtPPW_FZ-gVG,2026-05-03 23:38:33+00:00,1777851513000,11647,26.83671,43.80789,9.97735,77240,True,58.91539,3
20260503-202425,-OrkCLcdLnq17Dqq3yz2,2026-05-03 23:38:45+00:00,1777851525000,11659,26.83671,43.77816,9.97758,77027,True,58.85076,3
20260503-202425,-OrkCOZC3Ipps3k5tOoL,2026-05-03 23:38:57+00:00,1777851537000,11671,26.84178,43.75681,9.97729,77027,True,58.25764,3
20260503-202425,-OrkCRV2mH1RHiupNkDt,2026-05-03 23:39:09+00:00,1777851549000,11683,26.82656,43.78702,9.97713,77382,True,57.82436,3
20260503-202425,-OrkCUQ_FYM-JBGBZnhQ,2026-05-03 23:39:21+00:00,1777851561000,11695,26.83417,43.75809,9.97706,77169,True,58.03875,3
20260503-202425,-OrkCXXPobAUcwi2r1MV,2026-05-03 23:39:33+00:00,1777851573000,11707,26.84178,43.75635,9.97711,76885,True,58.76063,3
20260503-202425,-OrkC_HKB8NpKRmVAsnX,2026-05-03 23:39:45+00:00,1777851585000,11719,26.84178,43.75096,9.97724,76956,True,59.00034,3
20260503-202425,-OrkCcD0YJhPrgyLnVw0,2026-05-03 23:39:57+00:00,1777851597000,11731,26.83924,43.74841,9.97709,76815,True,58.8471,3
20260503-202425,-OrkCf8LnK_yPtazwG1q,2026-05-03 23:40:09+00:00,1777851609000,11743,26.84939,43.72657,9.97725,76885,True,58.32713,3
20260503-202425,-OrkCi3XAvg8qTHl8BRJ,2026-05-03 23:40:21+00:00,1777851621000,11755,26.84178,43.75137,9.97706,77169,True,57.86111,3
20260503-202425,-OrkCl-51yyLBBIV7KEV,2026-05-03 23:40:33+00:00,1777851633000,11767,26.84178,43.76142,9.97688,77240,True,58.06675,3
20260503-202425,-OrkCnvh8v1jLsTM9wo9,2026-05-03 23:40:45+00:00,1777851645000,11779,26.84685,43.73983,9.97691,77097,True,57.6487,3
20260503-202425,-OrkCqrPylnMQ9q4k7Z_,2026-05-03 23:40:57+00:00,1777851657000,11791,26.84431,43.73162,9.97698,77027,True,58.16885,3
20260503-202425,-OrkCtmmD2oZ56BELqwt,2026-05-03 23:41:09+00:00,1777851669000,11803,26.85192,43.72038,9.97722,77240,True,57.08966,3
20260503-202425,-OrkCwixFIPyrz3iyea4,2026-05-03 23:41:21+00:00,1777851681000,11815,26.84431,43.71736,9.977,76744,True,58.46666,3
20260503-202425,-OrkCzdcT7qKp0HLGszJ,2026-05-03 23:41:33+00:00,1777851693000,11827,26.84939,43.70266,9.97709,77311,True,58.36131,3
20260503-202425,-OrkD1ZuhPsqbO7QDuqU,2026-05-03 23:41:45+00:00,1777851705000,11839,26.84685,43.70183,9.97707,76956,True,58.46786,3
20260503-202425,-OrkD4Vek9LwPjT2Q3CP,2026-05-03 23:41:57+00:00,1777851717000,11851,26.84431,43.69802,9.97701,76885,True,58.68616,3
20260503-202425,-OrkD7V1dih23IaPPpas,2026-05-03 23:42:09+00:00,1777851729000,11863,26.84939,43.69081,9.97702,76956,True,58.65331,3
20260503-202425,-OrkDAMMgHll2QKsJzF_,2026-05-03 23:42:21+00:00,1777851741000,11875,26.84178,43.69332,9.97683,77526,True,58.2011,3
20260503-202425,-OrkDDHzISV57TFiNEAf,2026-05-03 23:42:33+00:00,1777851753000,11887,26.85192,43.68604,9.97701,77240,True,57.93823,3
20260503-202425,-OrkDGaUdVss9VEIEBoz,2026-05-03 23:42:45+00:00,1777851765000,11899,26.85192,43.65128,9.97694,77382,True,57.90314,3
20260503-202425,-OrkDJ8jcV3bfJsRhvKK,2026-05-03 23:42:57+00:00,1777851777000,11911,26.84939,43.64074,9.97699,77169,True,57.54669,3
20260503-202425,-OrkDM5UYNS1OrdperEP,2026-05-03 23:43:09+00:00,1777851789000,11923,26.84685,43.66585,9.97698,77027,True,58.40101,3
20260503-202425,-OrkDP-vqvuWNAaGQqwI,2026-05-03 23:43:21+00:00,1777851801000,11935,26.85446,43.63791,9.97693,76885,True,58.35316,3
20260503-202425,-OrkDRwpf3FZzayKHlqj,2026-05-03 23:43:33+00:00,1777851813000,11947,26.84685,43.64338,9.97695,77240,True,58.01028,3
20260503-202425,-OrkDUriY8Gm7XRCncp1,2026-05-03 23:43:45+00:00,1777851825000,11959,26.84939,43.62337,9.97678,77097,True,58.10925,3
20260503-202425,-OrkDXnPwJXjmq2_vSoI,2026-05-03 23:43:57+00:00,1777851837000,11971,26.84939,43.62818,9.97681,77097,True,57.96311,3
20260503-202425,-OrkD_j30YSA9H44tAc8,2026-05-03 23:44:09+00:00,1777851849000,11983,26.85446,43.62945,9.97707,77382,True,58.52039,3
20260503-202425,-OrkDcf9YBuPliIvjVU2,2026-05-03 23:44:21+00:00,1777851861000,11995,26.85699,43.61116,9.97708,77382,True,57.79668,3
20260503-202425,-OrkDf_rKpQSjZlLMRdS,2026-05-03 23:44:33+00:00,1777851873000,12007,26.84939,43.62663,9.97709,77240,True,58.68349,3
20260503-202425,-OrkDiWL28GRfv3YSqlT,2026-05-03 23:44:45+00:00,1777851885000,12019,26.84939,43.62652,9.97702,77027,True,59.90337,3
20260503-202425,-OrkDlTtd28rJdA7Dnz5,2026-05-03 23:44:57+00:00,1777851897000,12031,26.85192,43.61375,9.97708,76744,True,59.9402,3
20260503-202425,-OrkDoNUuSEW4E_RgPMA,2026-05-03 23:45:09+00:00,1777851909000,12043,26.84939,43.60731,9.9768,76885,True,59.8518,3
20260503-202425,-OrkDrJStYLURdVAAyFQ,2026-05-03 23:45:21+00:00,1777851921000,12055,26.84939,43.61119,9.97678,77097,True,58.70491,3
20260503-202425,-OrkDuENYBLMzncYPx5z,2026-05-03 23:45:33+00:00,1777851933000,12067,26.84939,43.61118,9.97685,77027,True,58.39065,3
20260503-202425,-OrkDxA_msvo_crRnZHc,2026-05-03 23:45:45+00:00,1777851945000,12079,26.85446,43.61285,9.97686,77598,True,57.78765,3
20260503-202425,-OrkE-Z0KFIzeNL_oMze,2026-05-03 23:45:57+00:00,1777851957000,12091,26.85192,43.60198,9.97699,77311,True,57.43598,3
20260503-202425,-OrkE20qFLirViePP2jT,2026-05-03 23:46:09+00:00,1777851969000,12103,26.85446,43.61363,9.97682,77382,True,57.55727,3
20260503-202425,-OrkE4xHAHNTXnzkcaTG,2026-05-03 23:46:21+00:00,1777851981000,12115,26.85446,43.59719,9.97686,77027,True,58.21379,3
20260503-202425,-OrkE7slQ7o_x1Spx1Gk,2026-05-03 23:46:33+00:00,1777851993000,12127,26.85446,43.57585,9.97686,77454,True,58.01519,3
20260503-202425,-OrkEAoL901xr_plyGj_,2026-05-03 23:46:45+00:00,1777852005000,12139,26.84939,43.57715,9.97676,77311,True,58.01638,3
20260503-202425,-OrkEDk0z7OLRDMSYgxz,2026-05-03 23:46:57+00:00,1777852017000,12151,26.85446,43.55444,9.97684,77814,True,57.27372,3
20260503-202425,-OrkEGfPZMcmrOKtjSkm,2026-05-03 23:47:09+00:00,1777852029000,12163,26.85192,43.54908,9.97682,77240,True,57.74652,3
20260503-202425,-OrkEJ7FTzZgXmNmtpgy,2026-05-03 23:47:19+00:00,1777852039000,12174,26.90591,43.42472,9.97665,77526,True,57.51222,3
20260503-202425,-OrkEM2yPyUj3bolN-vy,2026-05-03 23:47:31+00:00,1777852051000,12186,26.83164,43.73132,9.97658,71441,True,90.52634,3
20260503-202425,-OrkEOzNPMeijXYp6KZS,2026-05-03 23:47:43+00:00,1777852063000,12198,26.84685,43.55568,9.97667,74293,True,79.66412,3
20260503-202425,-OrkERwwwestEivmGXsh,2026-05-03 23:47:55+00:00,1777852075000,12210,26.84939,43.52198,9.97669,75499,True,70.58896,3
20260503-202425,-OrkEUro47WmWYl02YAF,2026-05-03 23:48:07+00:00,1777852087000,12222,26.84939,43.51213,9.97666,75910,True,65.79606,3
20260503-202425,-OrkEXlsEv_l1sjeNfHq,2026-05-03 23:48:19+00:00,1777852099000,12234,26.84685,43.53415,9.97644,76815,True,62.03886,3
20260503-202425,-OrkE_hKBIsdtGtXx-fI,2026-05-03 23:48:31+00:00,1777852111000,12246,26.84939,43.49921,9.97635,76534,True,61.84172,3
20260503-202425,-OrkEccwOGusgHfX-8rw,2026-05-03 23:48:43+00:00,1777852123000,12258,26.85446,43.48032,9.97635,76464,True,62.32068,3
20260503-202425,-OrkEfZ7vBE_caR1ys4K,2026-05-03 23:48:55+00:00,1777852135000,12270,26.85192,43.48966,9.97652,76394,True,61.80083,3
20260503-202425,-OrkEjFLG0cGG3NkD2XO,2026-05-03 23:49:07+00:00,1777852147000,12282,26.84939,43.49529,9.97625,76815,True,60.6898,3
20260503-202425,-OrkElM6jJ84-UDoHYh8,2026-05-03 23:49:19+00:00,1777852159000,12293,26.76064,44.09187,9.97606,66665,True,78.039,3
20260503-202425,-OrkEoGYWLUcbI_CKovE,2026-05-03 23:49:31+00:00,1777852171000,12305,26.84178,43.57367,9.97613,73446,True,82.76841,3
20260503-202425,-OrkErBvbOaW2TQzOKlK,2026-05-03 23:49:43+00:00,1777852183000,12317,26.85446,43.4795,9.97633,75567,True,72.48716,3
20260503-202425,-OrkEu8IgIedGgLcp99-,2026-05-03 23:49:55+00:00,1777852195000,12329,26.84939,43.48358,9.97611,76394,True,65.19193,3
20260503-202425,-OrkEx8avF7CsJKdnrv7,2026-05-03 23:50:07+00:00,1777852207000,12341,26.85699,43.47215,9.97618,76116,True,63.99276,3
20260503-202425,-OrkEzzF8EE7CEyP10iC,2026-05-03 23:50:19+00:00,1777852219000,12353,26.85699,43.47787,9.97623,76674,True,61.79427,3
20260503-202425,-OrkF1v3a7MPGL17iu7N,2026-05-03 23:50:31+00:00,1777852231000,12365,26.85699,43.46855,9.97606,76885,True,61.05245,3
20260503-202425,-OrkF4qnXdhZqJP8qEdT,2026-05-03 23:50:43+00:00,1777852243000,12377,26.86206,43.45277,9.97619,76956,True,60.36621,3
20260503-202425,-OrkF7nE3jEurCvKdR2I,2026-05-03 23:50:55+00:00,1777852255000,12389,26.86714,43.43268,9.97611,77240,True,59.93595,3
20260503-202425,-OrkFAogZyVd7ANoUXqy,2026-05-03 23:51:07+00:00,1777852267000,12401,26.85699,43.45841,9.97588,77169,True,59.36567,3
20260503-202425,-OrkFDcgt8BDBlFpLmbh,2026-05-03 23:51:19+00:00,1777852279000,12413,26.85699,43.41594,9.97588,76047,True,62.02642,3
20260503-202425,-OrkFGZHSJg0fNlYMPyE,2026-05-03 23:51:31+00:00,1777852291000,12425,26.85953,43.4189,9.97583,75567,True,65.64607,3
20260503-202425,-OrkFJUkIyxk1P5Qvdi_,2026-05-03 23:51:43+00:00,1777852303000,12437,26.86206,43.40325,9.97605,75567,True,67.02469,3
20260503-202425,-OrkFMQWvvg5LMNkS7o7,2026-05-03 23:51:55+00:00,1777852315000,12449,26.86206,43.4,9.97596,75431,True,67.83559,3
20260503-202425,-OrkFPMdASbBSj1Ta1Z_,2026-05-03 23:52:07+00:00,1777852327000,12461,26.86206,43.40039,9.976,75841,True,67.06673,3
20260503-202425,-OrkFSRHUW-PbCQSWSEr,2026-05-03 23:52:19+00:00,1777852339000,12473,26.85953,43.3873,9.97596,76255,True,65.43176,3
20260503-202425,-OrkFVCqPuvXQz_X5iCW,2026-05-03 23:52:31+00:00,1777852351000,12485,26.85953,43.38994,9.97571,75431,True,66.0834,3
20260503-202425,-OrkFY86JtD3GNM59q1O,2026-05-03 23:52:43+00:00,1777852363000,12497,26.8646,43.3746,9.97577,76116,True,65.19926,3
20260503-202425,-OrkFa4Xuc2FMJOi1yhu,2026-05-03 23:52:55+00:00,1777852375000,12509,26.86714,43.37877,9.97589,75635,True,66.90897,3
20260503-202425,-OrkFd0gAalcG-j3yPAO,2026-05-03 23:53:07+00:00,1777852387000,12521,26.86967,43.37527,9.9758,75567,True,68.10085,3
20260503-202425,-OrkFfw7zXMYlBAMP-VD,2026-05-03 23:53:19+00:00,1777852399000,12533,26.86714,43.36084,9.97578,75704,True,66.89342,3
20260503-202425,-OrkFirX0QKtwERS2Gzi,2026-05-03 23:53:31+00:00,1777852411000,12545,26.86967,43.36764,9.97582,76116,True,65.61515,3
20260503-202425,-OrkFlmddJNQAndt2Pxu,2026-05-03 23:53:43+00:00,1777852423000,12557,26.8646,43.35404,9.97575,76815,True,63.59533,3
20260503-202425,-OrkFoJQIUM82YaoJNAo,2026-05-03 23:53:53+00:00,1777852433000,12567,26.7936,43.81923,9.97592,68407,True,77.39375,3
20260503-202425,-OrkFrF8C4_Svn5pM7dT,2026-05-03 23:54:05+00:00,1777852445000,12579,26.85953,43.4166,9.97592,74096,True,81.11127,3
20260503-202425,-OrkFuAQi_JtSkO4UmEg,2026-05-03 23:54:17+00:00,1777852457000,12591,26.86967,43.34412,9.97598,75704,True,72.2963,3
20260503-202425,-OrkFx6596ZwV82lBi-3,2026-05-03 23:54:29+00:00,1777852469000,12603,26.85953,43.34479,9.9756,75704,True,68.30475,3
20260503-202425,-OrkG-1NJ48yi__j5HIy,2026-05-03 23:54:41+00:00,1777852481000,12615,26.8646,43.32731,9.97577,75704,True,66.9659,3
20260503-202425,-OrkG1xhg8lbmqdpDJZB,2026-05-03 23:54:53+00:00,1777852493000,12627,26.85953,43.32796,9.97569,75978,True,66.26992,3
20260503-202425,-OrkG4tS6Y6s9v8Z7CCK,2026-05-03 23:55:05+00:00,1777852505000,12639,26.8646,43.31957,9.97577,76604,True,64.49149,3
20260503-202425,-OrkG7o_SsQnpPmiDbov,2026-05-03 23:55:17+00:00,1777852517000,12651,26.8646,43.31322,9.97568,76956,True,62.55247,3
20260503-202425,-OrkGAtGa87NWlxdPOYi,2026-05-03 23:55:29+00:00,1777852529000,12663,26.86714,43.29737,9.97597,76534,True,62.23611,3
20260503-202425,-OrkGDgkLfdNoPWbQZzw,2026-05-03 23:55:41+00:00,1777852541000,12675,26.8646,43.30329,9.9757,76186,True,63.9938,3
20260503-202425,-OrkGGbK52d-jT6snuq8,2026-05-03 23:55:53+00:00,1777852553000,12687,26.86714,43.27661,9.97569,75978,True,65.99954,3
20260503-202425,-OrkGJY2C-2Soj1lc1Tx,2026-05-03 23:56:05+00:00,1777852565000,12699,26.8646,43.30246,9.97563,75978,True,66.94049,3
20260503-202425,-OrkGMTX6v2mWXhtAibl,2026-05-03 23:56:17+00:00,1777852577000,12711,26.86714,43.26854,9.97569,76674,True,65.01814,3
20260503-202425,-OrkGPOeLZshhpFnC50s,2026-05-03 23:56:29+00:00,1777852589000,12723,26.86967,43.27056,9.97557,76604,True,63.23911,3
20260503-202425,-OrkGSKPEftC8jFr8MxF,2026-05-03 23:56:41+00:00,1777852601000,12735,26.87474,43.2646,9.97535,77311,True,61.64484,3
20260503-202425,-OrkGVFdZRcNA7aqXu7O,2026-05-03 23:56:53+00:00,1777852613000,12747,26.87474,43.25317,9.97557,77027,True,61.20998,3
20260503-202425,-OrkGYC0DMC1ONyP4I5r,2026-05-03 23:57:05+00:00,1777852625000,12759,26.87474,43.24432,9.97553,76956,True,61.73035,3
20260503-202425,-OrkGa7wQOE_iSpiF7Rh,2026-05-03 23:57:17+00:00,1777852637000,12771,26.87221,43.23473,9.97551,77169,True,61.23075,3
20260503-202425,-OrkGdIuGnT0ZnPMZqlT,2026-05-03 23:57:30+00:00,1777852650000,12784,26.77585,43.92742,9.97541,64508,True,82.66273,3
20260503-202425,-OrkGfwb2vEcXdrItne4,2026-05-03 23:57:41+00:00,1777852661000,12795,26.88176,43.54161,9.97529,67634,True,91.73508,3
20260503-202425,-OrkGis7v3Do8gyIgl-c,2026-05-03 23:57:53+00:00,1777852673000,12807,26.84685,43.45145,9.97539,68575,True,116.72395,3
20260503-202425,-OrkGlnw6FEvXENroi1z,2026-05-03 23:58:05+00:00,1777852685000,12819,26.85446,43.27902,9.97531,72367,True,95.12067,3
20260503-202425,-OrkGoj2Jrj9ZMAJlFnL,2026-05-03 23:58:17+00:00,1777852697000,12831,26.8646,43.25523,9.97549,73835,True,82.70455,3
20260503-202425,-OrkGreV731Cu6klfp9m,2026-05-03 23:58:29+00:00,1777852709000,12843,26.8646,43.26123,9.97539,73835,True,78.53329,3
20260503-202425,-OrkGvwf2OoBM-5-1S39,2026-05-03 23:58:41+00:00,1777852721000,12855,26.86967,43.24729,9.97529,75228,True,72.81107,3
20260503-202425,-OrkGxkW4Vjc1xu64-QB,2026-05-03 23:58:54+00:00,1777852734000,12868,26.91942,43.12645,9.97532,74758,True,72.76527,3
20260503-202425,-OrkH-fmyBETFo_dtQKS,2026-05-03 23:59:06+00:00,1777852746000,12880,26.84685,43.431,9.97556,68519,True,110.72569,3
20260503-202425,-OrkH2bUM97JXvYMzZwm,2026-05-03 23:59:18+00:00,1777852758000,12892,26.85699,43.2898,9.97542,72808,True,92.40659,3
20260503-202425,-OrkH5Xn3DKpjlbEqojj,2026-05-03 23:59:30+00:00,1777852770000,12904,26.85953,43.26519,9.97536,74891,True,78.64082,3
20260503-202425,-OrkH8UcBMVzmAj1AAZa,2026-05-03 23:59:42+00:00,1777852782000,12916,26.8646,43.24726,9.97521,75431,True,71.31926,3
20260503-202425,-OrkHBPb0oFjNMQHrQaY,2026-05-03 23:59:54+00:00,1777852794000,12928,26.8646,43.23277,9.97521,76186,True,67.46303,3
20260503-202425,-OrkHEMNZQbwEF96UK-G,2026-05-04 00:00:06+00:00,1777852806000,12940,26.87221,43.22202,9.97542,76047,True,67.05318,3
20260503-202425,-OrkHHFikeUm_bKTsSHt,2026-05-04 00:00:18+00:00,1777852818000,12952,26.87221,43.2212,9.97514,75978,True,66.47094,3
20260503-202425,-OrkHKBPc7PkVO9s-txL,2026-05-04 00:00:30+00:00,1777852830000,12964,26.87728,43.20212,9.97545,75978,True,65.70373,3
20260503-202425,-OrkHNBcslYeWQQrdZY2,2026-05-04 00:00:42+00:00,1777852842000,12977,26.84685,43.45015,9.9751,71381,True,81.869,3
20260503-202425,-OrkHPl1H7WV5-c08Qp3,2026-05-04 00:00:53+00:00,1777852853000,12987,26.79614,43.74449,9.9751,65262,True,95.73524,3
20260503-202425,-OrkHSfPSYo2oSeU6KFb,2026-05-04 00:01:05+00:00,1777852865000,12999,26.85699,43.31351,9.97505,72556,True,93.00215,3
20260503-202425,-OrkHVaYMi9UmOiHlate,2026-05-04 00:01:17+00:00,1777852877000,13011,26.8646,43.22888,9.97496,74425,True,80.15285,3
20260503-202425,-OrkHYWrANMHYw8ykJhr,2026-05-04 00:01:29+00:00,1777852889000,13023,26.8646,43.23542,9.97493,75978,True,71.01231,3
20260503-202425,-OrkHaRrUG8uwvAU5dIv,2026-05-04 00:01:41+00:00,1777852901000,13035,26.86967,43.22707,9.9751,75978,True,67.49774,3
20260503-202425,-OrkHdVQ43beej9pH9bR,2026-05-04 00:01:53+00:00,1777852913000,13047,26.86967,43.22552,9.97497,75841,True,67.09607,3
20260503-202425,-OrkHgJlh2B_HwBY4JeT,2026-05-04 00:02:05+00:00,1777852925000,13059,26.86967,43.19893,9.97492,76047,True,66.95536,3
20260503-202425,-OrkHjFoX1O9ortbARzi,2026-05-04 00:02:17+00:00,1777852937000,13071,26.87221,43.20912,9.97498,75295,True,68.95113,3
20260503-202425,-OrkHmAbtgi5iQODup44,2026-05-04 00:02:29+00:00,1777852949000,13083,26.86967,43.21328,9.97473,74758,True,71.65476,3
20260503-202425,-OrkHp5Sn5LHbRDGPsr1,2026-05-04 00:02:41+00:00,1777852961000,13095,26.87221,43.20548,9.9748,74359,True,74.41925,3
20260503-202425,-OrkHs1jL8s4C_Msjuzl,2026-05-04 00:02:53+00:00,1777852973000,13107,26.86967,43.18996,9.97457,74228,True,76.05441,3
20260503-202425,-OrkHuz6sBiTGDi8DZTN,2026-05-04 00:03:05+00:00,1777852985000,13119,26.87981,43.17323,9.97487,74691,True,74.09684,3
20260503-202425,-OrkHxuMK5Ji5duvGWZK,2026-05-04 00:03:17+00:00,1777852997000,13131,26.87981,43.17306,9.97473,74691,True,73.44564,3
20260503-202425,-OrkI-paQCzmgMWWT_oY,2026-05-04 00:03:29+00:00,1777853009000,13143,26.87728,43.1687,9.97475,74359,True,73.91789,3
20260503-202425,-OrkI2lLiV82c_6r3LBK,2026-05-04 00:03:41+00:00,1777853021000,13155,26.88235,43.16475,9.97481,74824,True,72.88915,3
20260503-202425,-OrkI5flIkVq51ACW_fT,2026-05-04 00:03:53+00:00,1777853033000,13167,26.88742,43.15285,9.97499,75295,True,71.35722,3
20260503-202425,-OrkI8cFZmubXev9eObT,2026-05-04 00:04:05+00:00,1777853045000,13179,26.88488,43.16508,9.97485,75431,True,69.54482,3
20260503-202425,-OrkIBXtY8o-NVohpNwS,2026-05-04 00:04:17+00:00,1777853057000,13191,26.87981,43.16169,9.97498,75160,True,69.98141,3
20260503-202425,-OrkIET3nEdefKeiJh0L,2026-05-04 00:04:29+00:00,1777853069000,13203,26.88235,43.17625,9.97504,75431,True,70.15997,3
20260503-202425,-OrkIHQMOfxE3XIDvGGg,2026-05-04 00:04:41+00:00,1777853081000,13215,26.87981,43.15674,9.97503,74624,True,72.88998,3
20260503-202425,-OrkIKKf46f4qgYXwHlB,2026-05-04 00:04:53+00:00,1777853093000,13227,26.87728,43.1722,9.97476,74824,True,73.27861,3
20260503-202425,-OrkINPvOGz1WKOlixP9,2026-05-04 00:05:05+00:00,1777853105000,13239,26.87981,43.16249,9.97501,74492,True,75.11103,3
20260503-202425,-OrkIQBEnLYAsdMiywyv,2026-05-04 00:05:17+00:00,1777853117000,13251,26.88235,43.17829,9.975,74031,True,76.788,3
20260503-202425,-OrkIT9mAM96hZU8LH4p,2026-05-04 00:05:29+00:00,1777853129000,13263,26.88742,43.15854,9.97489,74228,True,76.16391,3
20260503-202425,-OrkIW2rIxzJQq7tsKm_,2026-05-04 00:05:41+00:00,1777853141000,13275,26.88488,43.15225,9.97469,74031,True,77.146,3
20260503-202425,-OrkIZ-HqCM-t0srOjax,2026-05-04 00:05:53+00:00,1777853153000,13287,26.88488,43.12479,9.97457,74824,True,74.41247,3
20260503-202425,-OrkIawBV9M7IbWzUozK,2026-05-04 00:06:05+00:00,1777853165000,13299,26.88235,43.15437,9.97458,75567,True,71.24603,3
20260503-202425,-OrkIdqe3859uSARIMYG,2026-05-04 00:06:17+00:00,1777853177000,13311,26.88996,43.1272,9.97476,75841,True,69.08228,3
20260503-202425,-OrkIgl2BVzSJ9VFJ0SA,2026-05-04 00:06:29+00:00,1777853189000,13323,26.88742,43.12046,9.97475,75635,True,68.62497,3
20260503-202425,-OrkIjgn80sd_YsZHlRf,2026-05-04 00:06:41+00:00,1777853201000,13335,26.88996,43.11464,9.97465,75910,True,67.84138,3
20260503-202425,-OrkIme2EJswSxDJ1KZ9,2026-05-04 00:06:53+00:00,1777853213000,13347,26.88742,43.12488,9.97491,75841,True,67.95575,3
20260503-202425,-OrkIp_7WYGKEfcJPTcH,2026-05-04 00:07:05+00:00,1777853225000,13359,26.88235,43.13907,9.97465,75499,True,68.80151,3
20260503-202425,-OrkIsUEAQ6N7pa4NrHe,2026-05-04 00:07:17+00:00,1777853237000,13371,26.88488,43.11591,9.9748,74691,True,71.55103,3
20260503-202425,-OrkIvPL0Bl8LeCop_42,2026-05-04 00:07:29+00:00,1777853249000,13383,26.88742,43.122,9.97471,75025,True,72.16708,3
20260503-202425,-OrkIyLFr_8p3RrTpYgV,2026-05-04 00:07:41+00:00,1777853261000,13395,26.88488,43.12171,9.97469,74891,True,72.39754,3
20260503-202425,-OrkJ0GzSCg5Z7rSCSf4,2026-05-04 00:07:53+00:00,1777853273000,13407,26.88742,43.12944,9.9747,74891,True,72.29303,3
20260503-202425,-OrkJ3DiIEExyQ_5RFje,2026-05-04 00:08:05+00:00,1777853285000,13419,26.88996,43.12601,9.97482,75431,True,70.7943,3
20260503-202425,-OrkJ6HmuhSHAj3dI1lq,2026-05-04 00:08:17+00:00,1777853297000,13431,26.89756,43.10942,9.97502,74824,True,72.50847,3
20260503-202425,-OrkJ932p2Tv3xGHQPGd,2026-05-04 00:08:29+00:00,1777853309000,13443,26.88235,43.11682,9.97456,74293,True,74.6256,3
20260503-202425,-OrkJBzgR8aVJPUj1IX2,2026-05-04 00:08:41+00:00,1777853321000,13455,26.88996,43.12767,9.97472,74228,True,76.50058,3
20260503-202425,-OrkJEugDJjLTHHjywn9,2026-05-04 00:08:53+00:00,1777853333000,13467,26.88996,43.11249,9.97446,74096,True,76.61717,3
20260503-202425,-OrkJHsP8StJ3o9_W_rx,2026-05-04 00:09:05+00:00,1777853345000,13479,26.88996,43.12622,9.97467,74425,True,75.214,3
20260503-202425,-OrkJKlbM5eRGkHYgI17,2026-05-04 00:09:17+00:00,1777853357000,13491,26.89249,43.13405,9.97469,74891,True,74.49724,3
20260503-202425,-OrkJNhbDhFmLyFi7xAo,2026-05-04 00:09:29+00:00,1777853369000,13503,26.88996,43.13853,9.97458,74691,True,74.53627,3
20260503-202425,-OrkJQd0OtZO4H6cDrVc,2026-05-04 00:09:41+00:00,1777853381000,13515,26.89249,43.12765,9.97471,74228,True,76.00668,3
20260503-202425,-OrkJTZDnuv2tql0l5Dl,2026-05-04 00:09:53+00:00,1777853393000,13527,26.89249,43.11815,9.97455,75093,True,75.33667,3
20260503-202425,-OrkJWWQcZvmuC_kqkmM,2026-05-04 00:10:05+00:00,1777853405000,13539,26.89503,43.11687,9.97461,74492,True,75.25761,3
20260503-202425,-OrkJZR8HeRruitG3lEP,2026-05-04 00:10:17+00:00,1777853417000,13551,26.88996,43.13163,9.9744,74492,True,73.94001,3
20260503-202425,-OrkJbLwlIwVkXMdcDN3,2026-05-04 00:10:29+00:00,1777853429000,13563,26.89249,43.13713,9.9743,74359,True,74.19464,3
20260503-202425,-OrkJeHyjapKOADyZne8,2026-05-04 00:10:41+00:00,1777853441000,13575,26.9001,43.11758,9.97432,74096,True,74.89201,3
20260503-202425,-OrkJhCzIOS5pM9WatoM,2026-05-04 00:10:53+00:00,1777853453000,13587,26.89503,43.12716,9.9744,74425,True,75.00855,3
20260503-202425,-OrkJk9peb9PEaEI4u_S,2026-05-04 00:11:05+00:00,1777853465000,13599,26.88996,43.1363,9.97437,74359,True,74.90112,3
20260503-202425,-OrkJn46BXhhIjOVkk-1,2026-05-04 00:11:17+00:00,1777853477000,13611,26.90263,43.1179,9.97439,74558,True,74.58136,3
20260503-202425,-OrkJqQZI2DeKbeJ4Q4I,2026-05-04 00:11:29+00:00,1777853489000,13623,26.9001,43.12967,9.97425,74891,True,73.62847,3
20260503-202425,-OrkJsxA6p6D978S6l7B,2026-05-04 00:11:41+00:00,1777853501000,13635,26.89249,43.1371,9.97411,74691,True,74.30363,3
20260503-202425,-OrkJvrUKb3m_HwNzw3i,2026-05-04 00:11:53+00:00,1777853513000,13647,26.89503,43.14315,9.97427,74228,True,74.78226,3
20260503-202425,-OrkJyo1eMqJozVATf9y,2026-05-04 00:12:05+00:00,1777853525000,13659,26.9001,43.11621,9.97421,74558,True,74.50626,3
20260503-202425,-OrkK0iYGrslWNB6jAsw,2026-05-04 00:12:17+00:00,1777853537000,13671,26.89756,43.13574,9.97416,74425,True,74.63332,3
20260503-202425,-OrkK3drtg7ZQhkj4HRC,2026-05-04 00:12:29+00:00,1777853549000,13683,26.89756,43.11916,9.97417,74359,True,74.92671,3
20260503-202425,-OrkK6_xCUE-Qgx_6jFp,2026-05-04 00:12:41+00:00,1777853561000,13695,26.89249,43.14671,9.97407,74758,True,73.40699,3
20260503-202425,-OrkK9WNEimx2s7WI8PA,2026-05-04 00:12:53+00:00,1777853573000,13707,26.89249,43.15522,9.97411,74891,True,72.3781,3
20260503-202425,-OrkKCTtUAPZDcx_yAQa,2026-05-04 00:13:05+00:00,1777853585000,13719,26.9001,43.13124,9.97421,74824,True,72.87298,3
20260503-202425,-OrkKFMl3dq-IIe5hUKN,2026-05-04 00:13:17+00:00,1777853597000,13731,26.90263,43.1171,9.97397,75228,True,70.51506,3
20260503-202425,-OrkKII4ir7zJ6nz6yLU,2026-05-04 00:13:29+00:00,1777853609000,13743,26.89249,43.13017,9.97379,75093,True,69.84129,3
20260503-202425,-OrkKLEKdMHv3CREAUvG,2026-05-04 00:13:41+00:00,1777853621000,13755,26.9001,43.1133,9.97404,75025,True,71.40927,3
20260503-202425,-OrkKO9rcOPf2Ao-_RJS,2026-05-04 00:13:53+00:00,1777853633000,13767,26.9001,43.10504,9.974,74824,True,71.40267,3
20260503-202425,-OrkKR5DqFxVeuUN782u,2026-05-04 00:14:05+00:00,1777853645000,13779,26.89503,43.12931,9.97394,75025,True,71.61749,3
20260503-202425,-OrkKU0Rm0-O3fpcvMhe,2026-05-04 00:14:17+00:00,1777853657000,13791,26.9001,43.13504,9.97398,74758,True,72.67067,3
20260503-202425,-OrkKWwizLogyWqet1UW,2026-05-04 00:14:29+00:00,1777853669000,13803,26.89503,43.13916,9.9739,74425,True,73.32128,3
20260503-202425,-OrkK_4hiWHomethjhcb,2026-05-04 00:14:41+00:00,1777853681000,13815,26.90517,43.11398,9.97422,74425,True,73.52512,3
20260503-202425,-OrkKbopbS4K-8rwZjLw,2026-05-04 00:14:53+00:00,1777853693000,13827,26.90263,43.15699,9.97392,74891,True,72.71592,3
20260503-202425,-OrkKek_5f9NTT89x1Qd,2026-05-04 00:15:05+00:00,1777853705000,13839,26.9001,43.15401,9.97416,74691,True,73.39255,3
20260503-202425,-OrkKheq4bE8QZz3hxPv,2026-05-04 00:15:17+00:00,1777853717000,13851,26.90263,43.13544,9.97383,74096,True,75.28516,3
20260503-202425,-OrkKkaPZAY4XmBV8bgW,2026-05-04 00:15:29+00:00,1777853729000,13863,26.90263,43.12521,9.97397,74293,True,76.10892,3
20260503-202425,-OrkKnXjCCyql5iO1hLA,2026-05-04 00:15:41+00:00,1777853741000,13875,26.9001,43.13629,9.97404,73835,True,77.35095,3
20260503-202425,-OrkKqSCE2K-wUM6EDxy,2026-05-04 00:15:53+00:00,1777853753000,13887,26.90263,43.11666,9.97404,74162,True,77.17846,3
20260503-202425,-OrkKtOKRK6jpFlwduDO,2026-05-04 00:16:05+00:00,1777853765000,13899,26.9001,43.12842,9.97384,74293,True,77.01334,3
20260503-202425,-OrkKwJCpO3TEscTLaDR,2026-05-04 00:16:17+00:00,1777853777000,13911,26.90263,43.11566,9.97394,74162,True,76.57751,3
20260503-202425,-OrkKzFH2DH4SIzZlLLg,2026-05-04 00:16:29+00:00,1777853789000,13923,26.9001,43.15796,9.97381,74558,True,75.19589,3
20260503-202425,-OrkL1AUk0O-YMju8lWL,2026-05-04 00:16:41+00:00,1777853801000,13935,26.90517,43.15451,9.97371,75093,True,73.89248,3
20260503-202425,-OrkL463NAeH14hvVbNT,2026-05-04 00:16:53+00:00,1777853813000,13947,26.90517,43.13103,9.97387,75025,True,71.84714,3
20260503-202425,-OrkL71VB3nJo_klS-jj,2026-05-04 00:17:05+00:00,1777853825000,13959,26.9001,43.1581,9.97369,75363,True,70.17032,3
20260503-202425,-OrkL9y_X03ardnexeNu,2026-05-04 00:17:17+00:00,1777853837000,13971,26.89249,43.17519,9.97348,75025,True,71.05251,3
20260503-202425,-OrkLCt4BZdm5TksGJKp,2026-05-04 00:17:29+00:00,1777853849000,13983,26.9001,43.13571,9.97358,74293,True,73.94647,3
20260503-202425,-OrkLFpDoI_JftJnG8A2,2026-05-04 00:17:41+00:00,1777853861000,13995,26.9001,43.16759,9.97376,74228,True,75.25461,3
20260503-202425,-OrkLJO9ZEjsGQWM9tVN,2026-05-04 00:17:53+00:00,1777853873000,14007,26.89503,43.15235,9.97346,74162,True,76.29608,3
20260503-202425,-OrkLLgEH3XMDufctAdu,2026-05-04 00:18:05+00:00,1777853885000,14019,26.89756,43.14389,9.97359,73900,True,77.21153,3
20260503-202425,-OrkLOelZS0kuvEBYg3y,2026-05-04 00:18:17+00:00,1777853897000,14031,26.9001,43.14321,9.97355,74162,True,76.81403,3
20260503-202425,-OrkLRY5HwMPy_9annKs,2026-05-04 00:18:29+00:00,1777853909000,14043,26.90771,43.12743,9.97388,74162,True,76.36396,3
20260503-202425,-OrkLUUbTSzz7GkOoscX,2026-05-04 00:18:41+00:00,1777853921000,14055,26.90517,43.12965,9.97357,74758,True,74.26086,3
20260503-202425,-OrkLXOlJ-e64WXDnCOs,2026-05-04 00:18:53+00:00,1777853933000,14067,26.89756,43.16693,9.97352,75160,True,72.50704,3
20260503-202425,-OrkL_KNlwoAtp6soqp0,2026-05-04 00:19:05+00:00,1777853945000,14079,26.88996,43.28449,9.97349,75978,True,68.72534,3
20260503-202425,-OrkLcGpHU9COY7CLaB9,2026-05-04 00:19:17+00:00,1777853957000,14091,26.89503,43.28861,9.97364,75841,True,67.64729,3
20260503-202425,-OrkLfBGbcz46QC29vJ5,2026-05-04 00:19:29+00:00,1777853969000,14103,26.89503,43.34575,9.97354,75910,True,66.5866,3
20260503-202425,-OrkLi6oHT5JKjelVq2N,2026-05-04 00:19:41+00:00,1777853981000,14115,26.9001,43.42742,9.97333,75772,True,66.45021,3
20260503-202425,-OrkLl3Kf3AzQ-wb8uZQ,2026-05-04 00:19:53+00:00,1777853993000,14127,26.88996,43.47358,9.97333,76255,True,65.51991,3
20260503-202425,-OrkLnzW1Ha1cbGzciHc,2026-05-04 00:20:05+00:00,1777854005000,14139,26.9001,43.49631,9.97377,75841,True,65.9646,3
20260503-202425,-OrkLquGZRToJmDO3rV-,2026-05-04 00:20:17+00:00,1777854017000,14151,26.89503,43.54008,9.97355,76116,True,64.94204,3
20260503-202425,-OrkLtprGh8WgpnKjb17,2026-05-04 00:20:29+00:00,1777854029000,14163,26.89756,43.51599,9.97352,75704,True,65.78606,3
20260503-202425,-OrkLx9e4Urilr286cha,2026-05-04 00:20:42+00:00,1777854042000,14176,26.95753,43.33731,9.97371,76186,True,65.2507,3
20260503-202425,-OrkM0fcy3PPKFmlUoqD,2026-05-04 00:20:54+00:00,1777854054000,14188,26.87728,43.66585,9.97364,68970,True,106.48553,3
20260503-202425,-OrkM1uqfDk33v48RyGm,2026-05-04 00:21:04+00:00,1777854064000,14198,26.929,43.43032,9.9735,70243,True,103.25266,3
20260503-202425,-OrkM41YfzOAYZ_4cND9,2026-05-04 00:21:14+00:00,1777854074000,14209,26.78092,44.18737,9.97359,58148,True,135.50732,3
20260503-202425,-OrkM6vctQBbOMx05lTo,2026-05-04 00:21:26+00:00,1777854086000,14221,26.86967,43.54902,9.97373,68631,True,120.23737,3
20260503-202425,-OrkM9r27_z0kVVnSNv4,2026-05-04 00:21:38+00:00,1777854098000,14233,26.87728,43.51,9.9738,72056,True,95.70799,3
20260503-202425,-OrkMCm83UDR5n99FDVV,2026-05-04 00:21:50+00:00,1777854110000,14245,26.88488,43.52482,9.97378,73965,True,81.75005,3
20260503-202425,-OrkMFkhxh8WtBdDB-VD,2026-05-04 00:22:02+00:00,1777854122000,14257,26.88742,43.5189,9.97375,74758,True,74.93193,3
20260503-202425,-OrkMIxRg8JSRovYLJ_C,2026-05-04 00:22:14+00:00,1777854134000,14269,26.88996,43.51513,9.97345,75025,True,71.02933,3
20260503-202425,-OrkMLhJSuAs1Rv_IISU,2026-05-04 00:22:27+00:00,1777854147000,14281,26.87474,43.75627,9.97384,70480,True,85.40353,3
20260503-202425,-OrkMOdGSr8Z5yITBgDW,2026-05-04 00:22:39+00:00,1777854159000,14293,26.89249,43.57107,9.97353,73575,True,81.72545,3
20260503-202425,-OrkMRYp2SnXo-Km6NaE,2026-05-04 00:22:51+00:00,1777854171000,14305,26.89756,43.55111,9.97359,74228,True,75.27379,3
20260503-202425,-OrkMUW_4JTSWf4mP6OW,2026-05-04 00:23:03+00:00,1777854183000,14317,26.89756,43.58225,9.97349,74891,True,71.37927,3
20260503-202425,-OrkMXQ3y1d5dXcmEpsN,2026-05-04 00:23:15+00:00,1777854195000,14329,26.9001,43.59721,9.97358,75704,True,68.26772,3
20260503-202425,-OrkM_Lom0U3eEyOeEKr,2026-05-04 00:23:27+00:00,1777854207000,14341,26.9001,43.59179,9.97339,75228,True,67.79069,3
20260503-202425,-OrkMcGYkCGaBr1DaCdi,2026-05-04 00:23:39+00:00,1777854219000,14353,26.90517,43.58511,9.97361,75772,True,65.77931,3
20260503-202425,-OrkMfDbTlfHk2tg5rY7,2026-05-04 00:23:51+00:00,1777854231000,14365,26.90263,43.57576,9.97353,75910,True,65.32877,3
20260503-202425,-OrkMj7i64qToQAmil9b,2026-05-04 00:24:03+00:00,1777854243000,14377,26.90771,43.59563,9.97347,75978,True,64.62756,3
20260503-202425,-OrkMkeMKESlJKbVTrdB,2026-05-04 00:24:13+00:00,1777854253000,14387,26.8291,44.12228,9.97336,67798,True,78.62924,3
20260503-202425,-OrkMnYnHAUbu1bmGkwK,2026-05-04 00:24:25+00:00,1777854265000,14399,26.89756,43.78024,9.97349,72871,True,83.17953,3
20260503-202425,-OrkMqUFCOVnRMtPIL0F,2026-05-04 00:24:37+00:00,1777854277000,14411,26.9001,43.87545,9.97344,74359,True,74.57138,3
20260503-202425,-OrkMtPjLAMsS9ee6bBp,2026-05-04 00:24:49+00:00,1777854289000,14423,26.90517,44.07518,9.97363,75093,True,70.22529,3
20260503-202425,-OrkMwLZVHd550pfSIP_,2026-05-04 00:25:01+00:00,1777854301000,14435,26.90263,44.2316,9.97355,75295,True,68.29712,3
20260503-202425,-OrkMzI3BdhaqQTQFdzx,2026-05-04 00:25:13+00:00,1777854313000,14447,26.90517,44.24709,9.97347,74958,True,67.82699,3
20260503-202425,-OrkN1CPlgspqoRFJ2j3,2026-05-04 00:25:25+00:00,1777854325000,14459,26.90771,44.17717,9.97351,75228,True,66.45172,3
20260503-202425,-OrkN48YGznBgkUFKSp_,2026-05-04 00:25:37+00:00,1777854337000,14471,26.91278,44.05894,9.97345,75431,True,65.15171,3
20260503-202425,-OrkN6xbToq7aLEDvzhp,2026-05-04 00:25:49+00:00,1777854349000,14483,26.82149,44.59777,9.9734,65313,True,82.88051,3
20260503-202425,-OrkN9tJhDtlpsSyVuvc,2026-05-04 00:26:01+00:00,1777854361000,14495,26.9001,44.1046,9.97347,72305,True,87.27924,3
20260503-202425,-OrkNCpWUTeL-4P6806j,2026-05-04 00:26:13+00:00,1777854373000,14507,26.9001,44.06848,9.97346,74162,True,76.79328,3
20260503-202425,-OrkNFjdwCVdCLoIEKYr,2026-05-04 00:26:25+00:00,1777854385000,14519,26.90771,44.0733,9.97353,74425,True,70.9234,3
20260503-202425,-OrkNIg6YydmLtWpRi-H,2026-05-04 00:26:37+00:00,1777854397000,14531,26.90263,44.14849,9.9732,74624,True,67.81275,3
20260503-202425,-OrkNLacNoSI1dFDS2Ot,2026-05-04 00:26:49+00:00,1777854409000,14543,26.91278,44.26667,9.9735,75295,True,65.79412,3
20260503-202425,-OrkNOwnNJ4Fho29osls,2026-05-04 00:27:01+00:00,1777854421000,14555,26.90517,44.46031,9.97319,74758,True,65.73611,3
