session_id,push_id,datetime_utc,unix_ms,elapsed_s,temp_c,humidity_pct,pressure_hpa,gas_ohm
20260429-192359,-OrPh8Y2BQILOmoxcXgr,2026-04-29 19:26:00+00:00,1777490760000,120,25.06025,31.39491,1018.17999,43800
20260429-192359,-OrPhBiS9AVqgTypVr2N,2026-04-29 19:26:10+00:00,1777490770000,130,25.02602,31.45206,1018.17999,44830
20260429-192359,-OrPhD3GX0a24UC43Mfb,2026-04-29 19:26:20+00:00,1777490780000,140,24.99306,31.44367,1018.17999,45911
20260429-192359,-OrPhFVJXh9uekQPkXRA,2026-04-29 19:26:30+00:00,1777490790000,150,24.96073,31.45723,1018.16998,46730
20260429-192359,-OrPhIJ6_VBXNHMvOY6i,2026-04-29 19:26:40+00:00,1777490800000,160,24.93284,31.50948,1018.16998,47202
20260429-192359,-OrPhKkM3_wxH9mpJAWA,2026-04-29 19:26:50+00:00,1777490810000,170,24.90209,31.53412,1018.16998,47794
20260429-192359,-OrPhO4GRSea8tj9NQly,2026-04-29 19:27:00+00:00,1777490820000,180,24.87294,31.5589,1018.16998,48458
20260429-192359,-OrPhPI5FF0EK2GdUb8c,2026-04-29 19:27:10+00:00,1777490830000,190,24.84346,31.59461,1018.15997,49169
20260429-192359,-OrPhS3y_lpO-JJwTLTC,2026-04-29 19:27:20+00:00,1777490840000,200,24.81272,31.64663,1018.15997,49842
20260429-192359,-OrPhUA0xW5dWIvbVHvL,2026-04-29 19:27:30+00:00,1777490850000,210,24.78451,31.68794,1018.15002,50261
20260429-192359,-OrPhWa53iRUrjeW537V,2026-04-29 19:27:40+00:00,1777490860000,220,24.7544,31.72361,1018.14001,50748
20260429-192359,-OrPhZ29w4fVEJax1gTB,2026-04-29 19:27:50+00:00,1777490870000,230,24.72778,31.78152,1018.13,51058
20260429-192359,-OrPhaTpefPnTt043JHp,2026-04-29 19:28:00+00:00,1777490880000,240,24.70242,31.83407,1018.12,51784
20260429-192359,-OrPhcv24lTeLUDjyMBo,2026-04-29 19:28:10+00:00,1777490890000,250,24.67675,31.87016,1018.10999,52269
20260429-192359,-OrPhfM-T5Tu_T5Wg_QO,2026-04-29 19:28:20+00:00,1777490900000,260,24.65266,31.91737,1018.09998,52597
20260429-192359,-OrPhhnRILD7mKJjKH95,2026-04-29 19:28:30+00:00,1777490910000,270,24.62921,31.93722,1018.09003,53097
20260429-192359,-OrPhkEHJ5tC8U7rfUvw,2026-04-29 19:28:40+00:00,1777490920000,280,24.60575,31.99547,1018.09003,53436
20260429-192359,-OrPhmffch_zbqfYlkdK,2026-04-29 19:28:50+00:00,1777490930000,290,24.58198,32.03724,1018.09003,53814
20260429-192359,-OrPhp6pe0jCiwEFJYMQ,2026-04-29 19:29:00+00:00,1777490940000,300,24.5598,32.05721,1018.09003,54232
20260429-192359,-OrPhrZ75Egc2Prjkc2l,2026-04-29 19:29:10+00:00,1777490950000,310,24.53824,32.09371,1018.09998,54621
20260429-192359,-OrPhu-NmC51pCyuDv7n,2026-04-29 19:29:20+00:00,1777490960000,320,24.51637,32.13568,1018.09998,54871
20260429-192359,-OrPhwRUBQZVQDE_SR9g,2026-04-29 19:29:30+00:00,1777490970000,330,24.49546,32.16676,1018.09003,55088
20260429-192359,-OrPhyt-ftSS9jSbJO2I,2026-04-29 19:29:40+00:00,1777490980000,340,24.47644,32.17054,1018.09998,55637
20260429-192359,-OrPi0KF_lkX2KEAjkF-,2026-04-29 19:29:50+00:00,1777490990000,350,24.46123,32.18566,1018.09998,55711
20260429-192359,-OrPi2lv7C_wk1gSHjgX,2026-04-29 19:30:00+00:00,1777491000000,360,24.44728,32.19539,1018.09998,56386
20260429-192359,-OrPi5JuP9pOCOGhxkRS,2026-04-29 19:30:10+00:00,1777491010000,370,24.43302,32.28752,1018.09998,56577
20260429-192359,-OrPi7dsxWXmWm4qFKp8,2026-04-29 19:30:20+00:00,1777491020000,380,24.41876,32.3907,1018.09003,56653
20260429-192359,-OrPiA54cCJ1XwL9gVE3,2026-04-29 19:30:30+00:00,1777491030000,390,24.40386,32.42786,1018.09003,56845
20260429-192359,-OrPiCXSci8sA889denz,2026-04-29 19:30:40+00:00,1777491040000,400,24.3877,32.48143,1018.09003,57352
20260429-192359,-OrPiEzQyTW5BcEPrvSQ,2026-04-29 19:30:50+00:00,1777491050000,410,24.37217,32.51855,1018.09003,57667
20260429-192359,-OrPiHPaSUzDc_lkLmA3,2026-04-29 19:31:00+00:00,1777491060000,420,24.35537,32.52805,1018.08002,57787
20260429-192359,-OrPiJr0xvNjC5rQ7_-z,2026-04-29 19:31:10+00:00,1777491070000,430,24.33667,32.52085,1018.08002,58148
20260429-192359,-OrPiMIPltZaZV9Xc_tZ,2026-04-29 19:31:20+00:00,1777491080000,440,24.31923,32.51377,1018.08002,58391
20260429-192359,-OrPiOjP3L1vInV3tGR0,2026-04-29 19:31:30+00:00,1777491090000,450,24.30212,32.48471,1018.07001,58473
20260429-192359,-OrPiRAriO4alUexRjVo,2026-04-29 19:31:40+00:00,1777491100000,460,24.28881,32.48351,1018.07001,58925
20260429-192359,-OrPiTc8T7g9pIXDgtkC,2026-04-29 19:31:50+00:00,1777491110000,470,24.2755,32.49882,1018.07001,59008
20260429-192359,-OrPiW3c8qconI-SSsbF,2026-04-29 19:32:00+00:00,1777491120000,480,24.26187,32.54162,1018.06,59259
20260429-192359,-OrPiYXJpBmz5yAVlnXz,2026-04-29 19:32:10+00:00,1777491130000,490,24.24983,32.57906,1018.06,59175
20260429-192359,-OrPi_wueCS_wyr5lGMf,2026-04-29 19:32:20+00:00,1777491140000,500,24.23778,32.59449,1018.03998,59681
20260429-192359,-OrPicOL7e833NwIzRvQ,2026-04-29 19:32:30+00:00,1777491150000,510,24.22574,32.59891,1018.07001,59554
20260429-192359,-OrPiepJhE0OwHzXXr0T,2026-04-29 19:32:40+00:00,1777491160000,520,24.21401,32.59785,1018.08002,59809
20260429-192359,-OrPihGNM_Aky6AmbTIm,2026-04-29 19:32:50+00:00,1777491170000,530,24.20133,32.5857,1018.09003,60413
20260429-192359,-OrPiji1Yx-k4nO5b4RD,2026-04-29 19:33:00+00:00,1777491180000,540,24.18929,32.62315,1018.10999,60632
20260429-192359,-OrPim93WMRl88xYpweg,2026-04-29 19:33:10+00:00,1777491190000,550,24.17915,32.63875,1018.12,60544
20260429-192359,-OrPiofaPUoshUltmoJD,2026-04-29 19:33:20+00:00,1777491200000,560,24.17027,32.64346,1018.12,60764
20260429-192359,-OrPir5-Dvu2WPGtKeTM,2026-04-29 19:33:30+00:00,1777491210000,570,24.15918,32.6755,1018.10999,61163
20260429-192359,-OrPitUGOphkNQXzuqxu,2026-04-29 19:33:40+00:00,1777491220000,580,24.14999,32.6967,1018.12,61074
20260429-192359,-OrPivvFOCGbOnzoqp22,2026-04-29 19:33:50+00:00,1777491230000,590,24.13858,32.7122,1018.10999,61477
20260429-192359,-OrPiyqeOVJ8EumiSepN,2026-04-29 19:34:00+00:00,1777491240000,600,24.12717,32.73871,1018.10999,61568
20260429-192359,-OrPj-nYakhnCEm-zDHm,2026-04-29 19:34:10+00:00,1777491250000,610,24.11703,32.75432,1018.10999,61522
20260429-192359,-OrPj2EhdbPn5vk8TAkf,2026-04-29 19:34:20+00:00,1777491260000,620,24.10625,32.76437,1018.09998,61886
20260429-192359,-OrPj4foJ3hfVtqHjnPm,2026-04-29 19:34:30+00:00,1777491270000,630,24.09674,32.78004,1018.09998,61978
20260429-192359,-OrPj77B9kYXoZo8LcKs,2026-04-29 19:34:40+00:00,1777491280000,640,24.08565,32.80659,1018.09003,62208
20260429-192359,-OrPj9ZVyW7xR6bXhFhu,2026-04-29 19:34:50+00:00,1777491290000,650,24.07646,32.80025,1018.08002,62440
20260429-192359,-OrPjC-qL3DrHaOuYTqw,2026-04-29 19:35:00+00:00,1777491300000,660,24.06727,32.79941,1018.08002,62580
20260429-192359,-OrPjERzKjYJPvhuWvCN,2026-04-29 19:35:10+00:00,1777491310000,670,24.05713,32.79849,1018.07001,62767
20260429-192359,-OrPjGtKO4XVT1Vx6VQZ,2026-04-29 19:35:20+00:00,1777491320000,680,24.0454,32.8305,1018.06,62956
20260429-192359,-OrPjJLS3_1986PGE-jG,2026-04-29 19:35:30+00:00,1777491330000,690,24.03367,32.85701,1018.06,62627
20260429-192359,-OrPjLlkWD8F9vy4UOID,2026-04-29 19:35:40+00:00,1777491340000,700,24.02195,32.89454,1018.06,63004
20260429-192359,-OrPjOD5-8tDG2pPx7yX,2026-04-29 19:35:50+00:00,1777491350000,710,24.01085,32.93214,1018.04999,63098
20260429-192359,-OrPjQe8p9FITUJCrewV,2026-04-29 19:36:00+00:00,1777491360000,720,24.00039,32.93671,1018.04999,63289
20260429-192359,-OrPjT5R4b8ldhgtBS--,2026-04-29 19:36:10+00:00,1777491370000,730,23.99152,32.93039,1018.03998,63481
20260429-192359,-OrPjVYNyrqHP7ex9i-1,2026-04-29 19:36:20+00:00,1777491380000,740,23.98423,32.93524,1018.03003,63289
20260429-192359,-OrPjY6ENTDIYHoBgHfG,2026-04-29 19:36:30+00:00,1777491390000,750,23.97852,32.93472,1018.03003,63674
20260429-192359,-OrPj_QCWmd_eqFOEOtS,2026-04-29 19:36:40+00:00,1777491400000,760,23.97219,32.94518,1018.03003,63820
20260429-192359,-OrPjbrfdWt1kuDyerEf,2026-04-29 19:36:50+00:00,1777491410000,770,23.96553,32.95008,1018.02002,63868
20260429-192359,-OrPjeIqFUqE-D6pnTSI,2026-04-29 19:37:00+00:00,1777491420000,780,23.95634,32.98235,1018.0,63966
20260429-192359,-OrPjgkW8c3rxT1K5_L7,2026-04-29 19:37:10+00:00,1777491430000,790,23.94841,33.0037,1018.0,64064
20260429-192359,-OrPjjBTXFqWVO0GLhA1,2026-04-29 19:37:20+00:00,1777491440000,800,23.94144,33.03618,1018.0,64359
20260429-192359,-OrPjlcZVnLoBtHtYni1,2026-04-29 19:37:30+00:00,1777491450000,810,23.93447,33.0521,1017.98999,63966
20260429-192359,-OrPjo3dnZ-e2_--AY2-,2026-04-29 19:37:40+00:00,1777491460000,820,23.92655,33.06243,1017.97998,64113
20260429-192359,-OrPjqWFOp565F8ATxlE,2026-04-29 19:37:50+00:00,1777491470000,830,23.92052,33.07844,1017.97998,64458
20260429-192359,-OrPjsxaoFiXO9DsKIfG,2026-04-29 19:38:00+00:00,1777491480000,840,23.91545,33.10006,1017.97998,64409
20260429-192359,-OrPjvORX_3nkEZdDwLy,2026-04-29 19:38:10+00:00,1777491490000,850,23.90911,33.09949,1017.96997,64508
20260429-192359,-OrPjxpnPNjsF8RBRilP,2026-04-29 19:38:20+00:00,1777491500000,860,23.90309,33.09341,1017.96997,64807
20260429-192359,-OrPk-IBXuGHrUAyDCj5,2026-04-29 19:38:30+00:00,1777491510000,870,23.89485,33.11475,1017.97998,64958
20260429-192359,-OrPk1iB8umz9kAzhpjM,2026-04-29 19:38:40+00:00,1777491520000,880,23.88756,33.14722,1017.97998,64908
20260429-192359,-OrPk49yvqsfcteMeF8k,2026-04-29 19:38:50+00:00,1777491530000,890,23.88059,33.15211,1017.96997,64807
20260429-192359,-OrPk6atXxPnLZ1ibxlC,2026-04-29 19:39:00+00:00,1777491540000,900,23.87584,33.16825,1017.96002,65313
20260429-192359,-OrPk92prl9J2UCcxN5a,2026-04-29 19:39:10+00:00,1777491550000,910,23.8714,33.16784,1017.95001,65517
20260429-192359,-OrPkBUAIcbeDwUkp-Vb,2026-04-29 19:39:20+00:00,1777491560000,920,23.86633,33.16737,1017.95001,64807
20260429-192359,-OrPkDvQNo_uA5u5z18y,2026-04-29 19:39:30+00:00,1777491570000,930,23.86094,33.17241,1017.95001,65620
20260429-192359,-OrPkGU7g78F7Rg7vdUK,2026-04-29 19:39:40+00:00,1777491580000,940,23.85587,33.19404,1017.97998,65211
20260429-192359,-OrPkInyBvLjQMXuI01j,2026-04-29 19:39:50+00:00,1777491590000,950,23.85111,33.19913,1017.98999,65620
20260429-192359,-OrPkLF1QKsfwjClnvKE,2026-04-29 19:40:00+00:00,1777491600000,960,23.84763,33.20433,1017.96997,65723
20260429-192359,-OrPkNgBXadOGtWP05ZU,2026-04-29 19:40:10+00:00,1777491610000,970,23.84192,33.21487,1018.0,65671
20260429-192359,-OrPkQ7iGwXcU_AN5Ei4,2026-04-29 19:40:20+00:00,1777491620000,980,23.83622,33.21987,1018.0,65775
20260429-192359,-OrPkS_BkZLQ8MK7bftz,2026-04-29 19:40:30+00:00,1777491630000,990,23.83146,33.23048,1018.0,65671
20260429-192359,-OrPkV0KAoIxaw30TBtF,2026-04-29 19:40:40+00:00,1777491640000,1000,23.82766,33.24671,1018.0,65671
20260429-192359,-OrPkXSQioYNyUw1Q8bd,2026-04-29 19:40:50+00:00,1777491650000,1010,23.82196,33.25725,1018.01001,65982
20260429-192359,-OrPkZto7KKE7dhaur-J,2026-04-29 19:41:00+00:00,1777491660000,1020,23.8172,33.25681,1018.02002,65930
20260429-192359,-OrPkbL4GKuLJZFu3I0Q,2026-04-29 19:41:10+00:00,1777491670000,1030,23.8115,33.27287,1018.02002,66086
20260429-192359,-OrPkdmAElB16Hy8fbTh,2026-04-29 19:41:20+00:00,1777491680000,1040,23.80706,33.27799,1018.02002,66034
20260429-192359,-OrPkgDIGPjAsJrRm-TJ,2026-04-29 19:41:30+00:00,1777491690000,1050,23.80135,33.27195,1018.02002,66034
20260429-192359,-OrPkif-XLCQQIDd0EYg,2026-04-29 19:41:40+00:00,1777491700000,1060,23.79597,33.29356,1018.01001,66400
20260429-192359,-OrPkl6Byu8BI_ASkUbr,2026-04-29 19:41:50+00:00,1777491710000,1070,23.79216,33.32638,1018.0,66190
20260429-192359,-OrPknYojg-dsAx32mRG,2026-04-29 19:42:00+00:00,1777491720000,1080,23.78773,33.30386,1018.0,66190
20260429-192359,-OrPkpzsus2FYIbzzI67,2026-04-29 19:42:10+00:00,1777491730000,1090,23.78519,33.31469,1018.0,66506
20260429-192359,-OrPksR6jfPsMv7xpC4d,2026-04-29 19:42:20+00:00,1777491740000,1100,23.78361,33.32007,1017.98999,66506
20260429-192359,-OrPkuseFlrmk4Xj31bt,2026-04-29 19:42:30+00:00,1777491750000,1110,23.78297,33.35319,1018.0,66878
20260429-192359,-OrPkxIlq7nBWFsk1MPP,2026-04-29 19:42:40+00:00,1777491760000,1120,23.78139,33.32539,1018.0,66665
20260429-192359,-OrPkzxGtUkLZ_LvQ4D8,2026-04-29 19:42:50+00:00,1777491770000,1130,23.77948,33.33075,1017.98999,66718
20260429-192359,-OrPl1CQQnHMzDpKV40s,2026-04-29 19:43:00+00:00,1777491780000,1140,23.77727,33.3416,1017.97998,66506
20260429-192359,-OrPl3cimdeFixj_JsLG,2026-04-29 19:43:10+00:00,1777491790000,1150,23.77536,33.35802,1017.97998,66612
20260429-192359,-OrPl64EN7PsAb-KltVu,2026-04-29 19:43:20+00:00,1777491800000,1160,23.7722,33.36879,1017.96997,66771
20260429-192359,-OrPl8WnPE_4ztpG_oQi,2026-04-29 19:43:30+00:00,1777491810000,1170,23.76839,33.39057,1017.95001,66559
20260429-192359,-OrPlAxmjmdX6NBo7sgG,2026-04-29 19:43:40+00:00,1777491820000,1180,23.76427,33.39572,1017.92999,66985
20260429-192359,-OrPlDOm2XcEyr42ICQV,2026-04-29 19:43:50+00:00,1777491830000,1190,23.76015,33.37875,1017.94,66878
20260429-192359,-OrPlFqYjXFsu20xKOKX,2026-04-29 19:44:00+00:00,1777491840000,1200,23.75698,33.40611,1017.96002,67092
20260429-192359,-OrPlIHNgaiQ66rWjGOl,2026-04-29 19:44:10+00:00,1777491850000,1210,23.75381,33.41135,1017.96997,66985
20260429-192359,-OrPlKij2sxwSK_rLCqD,2026-04-29 19:44:20+00:00,1777491860000,1220,23.75128,33.42218,1017.98999,66985
20260429-192359,-OrPlN9vzyF9Gw4Rw6T9,2026-04-29 19:44:30+00:00,1777491870000,1230,23.74779,33.42186,1017.97998,67092
20260429-192359,-OrPlPbRWWRog1JUKciG,2026-04-29 19:44:40+00:00,1777491880000,1240,23.74335,33.42146,1017.97998,67362
20260429-192359,-OrPlS2gUtAKyDllJcpA,2026-04-29 19:44:50+00:00,1777491890000,1250,23.74082,33.43782,1017.97998,67199
20260429-192359,-OrPlUUarjhMK_b2E2oA,2026-04-29 19:45:00+00:00,1777491900000,1260,23.73892,33.43765,1017.97998,67038
20260429-192359,-OrPlWvgWvcPfoIlha1q,2026-04-29 19:45:10+00:00,1777491910000,1270,23.73575,33.43736,1017.97998,67308
20260429-192359,-OrPlZN-3D8Qb1MPkCf4,2026-04-29 19:45:20+00:00,1777491920000,1280,23.73195,33.44807,1017.97998,67092
20260429-192359,-OrPlaoND1Cxf9J4yXrI,2026-04-29 19:45:30+00:00,1777491930000,1290,23.72814,33.44772,1017.97998,67308
20260429-192359,-OrPldFeG-MeBTGrkp68,2026-04-29 19:45:40+00:00,1777491940000,1300,23.72529,33.46959,1017.96997,67525
20260429-192359,-OrPlfgqlKfSGPosyRvt,2026-04-29 19:45:50+00:00,1777491950000,1310,23.72402,33.45288,1017.96002,67362
20260429-192359,-OrPliE0tpo_ulwDMasD,2026-04-29 19:46:00+00:00,1777491960000,1320,23.72339,33.47496,1017.95001,67362
20260429-192359,-OrPlk_JxQ-MaeHglOI9,2026-04-29 19:46:10+00:00,1777491970000,1330,23.72149,33.47478,1017.95001,67908
20260429-192359,-OrPln12jJ8uM_A2ud6h,2026-04-29 19:46:20+00:00,1777491980000,1340,23.71958,33.47461,1017.94,67525
20260429-192359,-OrPlpSn38Y-aKHuFei_,2026-04-29 19:46:30+00:00,1777491990000,1350,23.71832,33.49662,1017.94,67308
20260429-192359,-OrPlru40HVuFYWndOTp,2026-04-29 19:46:40+00:00,1777492000000,1360,23.7161,33.5241,1017.92999,67525
20260429-192359,-OrPluLEkCrTha-pFG0a,2026-04-29 19:46:50+00:00,1777492010000,1370,23.7161,33.55732,1017.92999,67579
20260429-192359,-OrPlwmn-cumzAoMpHc1,2026-04-29 19:47:00+00:00,1777492020000,1380,23.71483,33.53506,1017.94,67743
20260429-192359,-OrPlzDnJ3kUCH03dYJY,2026-04-29 19:47:10+00:00,1777492030000,1390,23.71261,33.54039,1017.92999,67908
20260429-192359,-OrPm0hxjumaB7wk3YHk,2026-04-29 19:47:20+00:00,1777492040000,1400,23.70944,33.52902,1017.91998,67963
20260429-192359,-OrPm36qzshnJ_ZfWWnw,2026-04-29 19:47:30+00:00,1777492050000,1410,23.70564,33.52867,1017.91998,67853
20260429-192359,-OrPm5YV3W3PUC3pfvQ7,2026-04-29 19:47:40+00:00,1777492060000,1420,23.70405,33.53959,1017.91998,67743
20260429-192359,-OrPm7zzf87vs_Vp1erl,2026-04-29 19:47:50+00:00,1777492070000,1430,23.70183,33.54493,1017.91998,68073
20260429-192359,-OrPmAQwf6jk66jAEMce,2026-04-29 19:48:00+00:00,1777492080000,1440,23.70183,33.55046,1017.92999,67743
20260429-192359,-OrPmCsGAT3mygWbttOd,2026-04-29 19:48:10+00:00,1777492090000,1450,23.70057,33.55035,1017.92999,67963
20260429-192359,-OrPmFJsjO0AN4njfuHu,2026-04-29 19:48:20+00:00,1777492100000,1460,23.69867,33.55571,1017.90997,67963
20260429-192359,-OrPmHkjeMccoqV6z5vN,2026-04-29 19:48:30+00:00,1777492110000,1470,23.69771,33.57224,1017.94,67963
20260429-192359,-OrPmKCS1OuM9s28BNuF,2026-04-29 19:48:40+00:00,1777492120000,1480,23.69613,33.57209,1017.94,68129
20260429-192359,-OrPmMdNWFu82iV6KDrs,2026-04-29 19:48:50+00:00,1777492130000,1490,23.6955,33.56649,1017.96002,68240
20260429-192359,-OrPmP4p50qErZi50fWf,2026-04-29 19:49:00+00:00,1777492140000,1500,23.69486,33.58859,1017.96002,68184
20260429-192359,-OrPmRcV74yg_9zUyBR_,2026-04-29 19:49:10+00:00,1777492150000,1510,23.69359,33.59401,1017.96002,68129
20260429-192359,-OrPmTy7P5nAguGxkWro,2026-04-29 19:49:20+00:00,1777492160000,1520,23.69169,33.59383,1017.96002,67853
20260429-192359,-OrPmWPAPY2-krxemj8R,2026-04-29 19:49:30+00:00,1777492170000,1530,23.69074,33.59929,1017.95001,68184
20260429-192359,-OrPmYqcaat4izGgMkfn,2026-04-29 19:49:40+00:00,1777492180000,1540,23.68916,33.61021,1017.95001,68519
20260429-192359,-OrPmaI7PBIhU92Tgcum,2026-04-29 19:49:50+00:00,1777492190000,1550,23.68789,33.62118,1017.95001,68407
20260429-192359,-OrPmciwEMcT_GGJETwm,2026-04-29 19:50:00+00:00,1777492200000,1560,23.68599,33.62654,1017.95001,68073
20260429-192359,-OrPmfARrpvV6cw8j5Dm,2026-04-29 19:50:10+00:00,1777492210000,1570,23.68504,33.63753,1017.95001,68407
20260429-192359,-OrPmhbtzyDLHMpEtFFL,2026-04-29 19:50:20+00:00,1777492220000,1580,23.68504,33.63199,1017.95001,68018
20260429-192359,-OrPmk2b_1HdIwlyxR7L,2026-04-29 19:50:30+00:00,1777492230000,1590,23.68409,33.62636,1017.92999,68407
20260429-192359,-OrPmmV6KUZRyjCRs1uZ,2026-04-29 19:50:40+00:00,1777492240000,1600,23.68409,33.62636,1017.94,68129
20260429-192359,-OrPmowOpT_vZdtYHa2x,2026-04-29 19:50:50+00:00,1777492250000,1610,23.68218,33.63173,1017.92999,68519
20260429-192359,-OrPmrNTGqIhkEV5YKZz,2026-04-29 19:51:00+00:00,1777492260000,1620,23.68092,33.63715,1017.91998,68407
20260429-192359,-OrPmtp5NJIrLqPLsHzK,2026-04-29 19:51:10+00:00,1777492270000,1630,23.67743,33.65345,1017.91998,68351
20260429-192359,-OrPmwG2zhh-nBkAXTM1,2026-04-29 19:51:20+00:00,1777492280000,1640,23.67585,33.63114,1017.92999,68073
20260429-192359,-OrPmyhGa7vBogpqO-9K,2026-04-29 19:51:30+00:00,1777492290000,1650,23.67458,33.64764,1017.92999,68407
20260429-192359,-OrPn08_lLhYu74hloUq,2026-04-29 19:51:40+00:00,1777492300000,1660,23.67109,33.65841,1017.92999,68184
20260429-192359,-OrPn2_d4zzE5BQRYSYe,2026-04-29 19:51:50+00:00,1777492310000,1670,23.67046,33.6805,1017.92999,68463
20260429-192359,-OrPn51-uEZHE_MoNW17,2026-04-29 19:52:00+00:00,1777492320000,1680,23.66887,33.68591,1017.91998,68463
20260429-192359,-OrPn7TDMOmt5TwmLSPQ,2026-04-29 19:52:10+00:00,1777492330000,1690,23.66761,33.68579,1017.90997,68575
20260429-192359,-OrPnA-YZBgmrmyGlKKW,2026-04-29 19:52:20+00:00,1777492340000,1700,23.66792,33.69136,1017.90997,68688
20260429-192359,-OrPnCLiGz5EB9AxkrZ1,2026-04-29 19:52:30+00:00,1777492350000,1710,23.66697,33.70235,1017.90002,68800
20260429-192359,-OrPnEn9alb2EHtp2I6r,2026-04-29 19:52:40+00:00,1777492360000,1720,23.66602,33.70781,1017.90002,68914
20260429-192359,-OrPnHEDFuQ2TXtxKeTV,2026-04-29 19:52:50+00:00,1777492370000,1730,23.66412,33.71318,1017.90997,68744
20260429-192359,-OrPnJfaxJO_jZ1hFkyY,2026-04-29 19:53:00+00:00,1777492380000,1740,23.66095,33.73505,1017.89001,68688
20260429-192359,-OrPnM6upqmQChqL3GxQ,2026-04-29 19:53:10+00:00,1777492390000,1750,23.65619,33.7457,1017.89001,68575
20260429-192359,-OrPnOYvzQHj0zw-n1Qi,2026-04-29 19:53:20+00:00,1777492400000,1760,23.65176,33.75084,1017.89001,68857
20260429-192359,-OrPnR0-KG50eDnoyf6Q,2026-04-29 19:53:30+00:00,1777492410000,1770,23.64986,33.75066,1017.88,68688
20260429-192359,-OrPnTRezx4ifZl4sibz,2026-04-29 19:53:40+00:00,1777492420000,1780,23.64827,33.7616,1017.87,68688
20260429-192359,-OrPnVs_yNE8090NEQJq,2026-04-29 19:53:50+00:00,1777492430000,1790,23.64732,33.77814,1017.85999,68295
20260429-192359,-OrPnYJvhUnSJacjFGyY,2026-04-29 19:54:00+00:00,1777492440000,1800,23.64574,33.77245,1017.84998,68519
20260429-192359,-OrPn_lNEn9I4b-k1ILo,2026-04-29 19:54:10+00:00,1777492450000,1810,23.64415,33.79449,1017.85999,68631
20260429-192359,-OrPncCV4EHivS1KMhdp,2026-04-29 19:54:20+00:00,1777492460000,1820,23.64288,33.79992,1017.85999,68744
20260429-192359,-OrPnedYWTGJqTa2RQvc,2026-04-29 19:54:30+00:00,1777492470000,1830,23.6413,33.79977,1017.84998,68631
20260429-192359,-OrPnh4zM3a7rflCzJ7Z,2026-04-29 19:54:40+00:00,1777492480000,1840,23.64098,33.81083,1017.84998,68688
20260429-192359,-OrPnjX4OBA_CcW87obe,2026-04-29 19:54:50+00:00,1777492490000,1850,23.64162,33.82199,1017.84998,68631
20260429-192359,-OrPnlyPHXxmzX7Lchyi,2026-04-29 19:55:00+00:00,1777492500000,1860,23.64257,33.81098,1017.84003,69027
20260429-192359,-OrPnoQ9VYGMRmX1HxMu,2026-04-29 19:55:10+00:00,1777492510000,1870,23.64288,33.82765,1017.84003,68744
20260429-192359,-OrPnqqs_GXORp67c8BR,2026-04-29 19:55:20+00:00,1777492520000,1880,23.64225,33.83313,1017.84003,68914
20260429-192359,-OrPntOZGI48nfh-7fot,2026-04-29 19:55:30+00:00,1777492530000,1890,23.64193,33.8442,1017.87,68914
20260429-192359,-OrPnvjS5RWTcm5x8vlq,2026-04-29 19:55:40+00:00,1777492540000,1900,23.64193,33.84975,1017.88,68800
20260429-192359,-OrPnyAlWzhXPMKBDZ9E,2026-04-29 19:55:50+00:00,1777492550000,1910,23.64098,33.86075,1017.89001,68914
20260429-192359,-OrPo-bvvBAbhwFBf16f,2026-04-29 19:56:00+00:00,1777492560000,1920,23.64003,33.86621,1017.90002,68857
20260429-192359,-OrPo237Lij9FFEF462m,2026-04-29 19:56:10+00:00,1777492570000,1930,23.6375,33.88263,1017.89001,68970
20260429-192359,-OrPo4VLB92-EG97AATP,2026-04-29 19:56:20+00:00,1777492580000,1940,23.63686,33.88811,1017.90002,69084
20260429-192359,-OrPo6wfq0HNIjUgYcyx,2026-04-29 19:56:30+00:00,1777492590000,1950,23.63464,33.899,1017.88,68744
20260429-192359,-OrPo9OBFJdNoQSaKIHW,2026-04-29 19:56:40+00:00,1777492600000,1960,23.63306,33.90441,1017.88,69084
20260429-192359,-OrPoBpGtIFICdGW0pYZ,2026-04-29 19:56:50+00:00,1777492610000,1970,23.63211,33.93762,1017.88,68914
20260429-192359,-OrPoEGNx7xn78QCkb8i,2026-04-29 19:57:00+00:00,1777492620000,1980,23.62926,33.93736,1017.88,68857
20260429-192359,-OrPoGhbdgaxBtPt8NxO,2026-04-29 19:57:10+00:00,1777492630000,1990,23.62735,33.93163,1017.87,68688
20260429-192359,-OrPoJ8x66ORVPvwQNtU,2026-04-29 19:57:20+00:00,1777492640000,2000,23.62799,33.94835,1017.85999,68970
20260429-192359,-OrPoLaG44LcM0at3ugy,2026-04-29 19:57:30+00:00,1777492650000,2010,23.62767,33.94276,1017.87,69027
20260429-192359,-OrPoO1NPGKNfNZb-Q4P,2026-04-29 19:57:40+00:00,1777492660000,2020,23.62957,33.95404,1017.88,69198
20260429-192359,-OrPoQTde4rM6z5kLFVF,2026-04-29 19:57:50+00:00,1777492670000,2030,23.63084,33.95416,1017.88,69313
20260429-192359,-OrPoSufGgH0B8bb7_zX,2026-04-29 19:58:00+00:00,1777492680000,2040,23.63306,33.94326,1017.89001,68970
20260429-192359,-OrPoVMCIqyUtxBGTuRb,2026-04-29 19:58:10+00:00,1777492690000,2050,23.63496,33.93789,1017.89001,68744
20260429-192359,-OrPoXnU0GVtNXy9BP24,2026-04-29 19:58:20+00:00,1777492700000,2060,23.63559,33.96571,1017.89001,68857
20260429-192359,-OrPo_ESe8XjEMzR6o_N,2026-04-29 19:58:30+00:00,1777492710000,2070,23.63559,33.94905,1017.88,68744
20260429-192359,-OrPoblZD0Oid0bASnQD,2026-04-29 19:58:40+00:00,1777492720000,2080,23.63369,33.95997,1017.89001,68857
20260429-192359,-OrPoe72g7-KQAPjh8ip,2026-04-29 19:58:50+00:00,1777492730000,2090,23.63369,33.95442,1017.88,69141
20260429-192359,-OrPogZFd5vU4TwXw7fs,2026-04-29 19:59:00+00:00,1777492740000,2100,23.63401,33.96556,1017.88,68744
20260429-192359,-OrPoj-xOH-80M5jP-DM,2026-04-29 19:59:10+00:00,1777492750000,2110,23.63369,33.97663,1017.87,68970
20260429-192359,-OrPolRu-VM_WEONu3y2,2026-04-29 19:59:20+00:00,1777492760000,2120,23.63401,33.98222,1017.85999,68970
20260429-192359,-OrPont6gN5ee3nYCq7T,2026-04-29 19:59:30+00:00,1777492770000,2130,23.63369,33.97663,1017.85999,69198
20260429-192359,-OrPoqKCb_vGZpYer7hy,2026-04-29 19:59:40+00:00,1777492780000,2140,23.63211,33.98203,1017.85999,69027
20260429-192359,-OrPosldzU4FuSFcLRW7,2026-04-29 19:59:50+00:00,1777492790000,2150,23.63211,33.98759,1017.85999,68970
20260429-192359,-OrPovDOYozobnUztuEX,2026-04-29 20:00:00+00:00,1777492800000,2160,23.63084,33.99858,1017.87,68857
20260429-192359,-OrPoxe9boCYbyxkADq1,2026-04-29 20:00:10+00:00,1777492810000,2170,23.62894,34.00951,1017.87,68970
20260429-192359,-OrPp-5PlDbiAAUP73ti,2026-04-29 20:00:20+00:00,1777492820000,2180,23.62672,34.03152,1017.85999,69084
20260429-192359,-OrPp1XYEkDffas096Rh,2026-04-29 20:00:30+00:00,1777492830000,2190,23.62482,34.02578,1017.84998,69141
20260429-192359,-OrPp3ytXcUt1JGkkPPi,2026-04-29 20:00:40+00:00,1777492840000,2200,23.62419,34.02572,1017.84998,69256
20260429-192359,-OrPp6Q2uKIrhUEo4h-_,2026-04-29 20:00:50+00:00,1777492850000,2210,23.62228,34.06443,1017.84998,69256
20260429-192359,-OrPp8rMHwCdbH0gKL-M,2026-04-29 20:01:00+00:00,1777492860000,2220,23.62006,34.05311,1017.84003,69027
20260429-192359,-OrPpBI_EPkIRVAjjv_1,2026-04-29 20:01:10+00:00,1777492870000,2230,23.61911,34.05302,1017.83002,69084
20260429-192359,-OrPpDkUH3cx_7H-TGY8,2026-04-29 20:01:20+00:00,1777492880000,2240,23.6188,34.08077,1017.83002,69485
20260429-192359,-OrPpGB07mnEiTQnz7J2,2026-04-29 20:01:30+00:00,1777492890000,2250,23.61785,34.07512,1017.82001,68914
20260429-192359,-OrPpIcsQk8KeVkXy601,2026-04-29 20:01:40+00:00,1777492900000,2260,23.61594,34.08606,1017.82001,69084
20260429-192359,-OrPpL9xxbN6ml5o27a1,2026-04-29 20:01:50+00:00,1777492910000,2270,23.61341,34.09694,1017.82001,69428
20260429-192359,-OrPpNVrmSf-4_yPGFyI,2026-04-29 20:02:00+00:00,1777492920000,2280,23.61087,34.07448,1017.81,69027
20260429-192359,-OrPpPxBm1oBV3Et7OXf,2026-04-29 20:02:10+00:00,1777492930000,2290,23.61151,34.07454,1017.79999,68970
20260429-192359,-OrPpSOlk9L2hM5W-LQs,2026-04-29 20:02:20+00:00,1777492940000,2300,23.61056,34.09667,1017.79999,69084
20260429-192359,-OrPpUp_dL3oIyF49_wg,2026-04-29 20:02:30+00:00,1777492950000,2310,23.60834,34.09091,1017.79999,68914
20260429-192359,-OrPpXGuxpReHQbSP5xc,2026-04-29 20:02:40+00:00,1777492960000,2320,23.6077,34.09085,1017.78998,69198
20260429-192359,-OrPpZiKH4uBexcKhyTT,2026-04-29 20:02:50+00:00,1777492970000,2330,23.60612,34.11293,1017.78998,69027
20260429-192359,-OrPpb9DNT53MLCZtenk,2026-04-29 20:03:00+00:00,1777492980000,2340,23.60612,34.10737,1017.78998,69027
20260429-192359,-OrPpdaT7DVtA_1WRt2j,2026-04-29 20:03:10+00:00,1777492990000,2350,23.60453,34.11278,1017.78003,69198
20260429-192359,-OrPpg2D_kQPGXh0Bfvz,2026-04-29 20:03:20+00:00,1777493000000,2360,23.60453,34.085,1017.77002,68970
20260429-192359,-OrPpiU9V1Rj8p7N-oPX,2026-04-29 20:03:30+00:00,1777493010000,2370,23.60675,34.11299,1017.77002,68800
20260429-192359,-OrPpkvLIu1kH2A4dk2e,2026-04-29 20:03:40+00:00,1777493020000,2380,23.60992,34.10217,1017.78003,69027
20260429-192359,-OrPpnMaNVMQyWAXJDQ9,2026-04-29 20:03:50+00:00,1777493030000,2390,23.61277,34.10799,1017.77002,69198
20260429-192359,-OrPppnfS80Ylyd9578G,2026-04-29 20:04:00+00:00,1777493040000,2400,23.61436,34.10814,1017.76001,69084
20260429-192359,-OrPpsF2tUtghWm3yHeI,2026-04-29 20:04:10+00:00,1777493050000,2410,23.61658,34.10279,1017.75,69084
20260429-192359,-OrPpugK8YK0j3uXdxhO,2026-04-29 20:04:20+00:00,1777493060000,2420,23.61753,34.09177,1017.75,69198
20260429-192359,-OrPpx7TeN-HNGaqF1tr,2026-04-29 20:04:30+00:00,1777493070000,2430,23.61753,34.09732,1017.73999,69084
20260429-192359,-OrPpz_1Jdvxohd5Mj7U,2026-04-29 20:04:40+00:00,1777493080000,2440,23.6188,34.11411,1017.72998,69141
20260429-192359,-OrPq1-wO3d6ND8_SWzO,2026-04-29 20:04:50+00:00,1777493090000,2450,23.61975,34.11975,1017.73999,68914
20260429-192359,-OrPq3Y65i6oulsBd3pb,2026-04-29 20:05:00+00:00,1777493100000,2460,23.6207,34.1254,1017.76001,69256
20260429-192359,-OrPq5tasBqmW1ztpps7,2026-04-29 20:05:10+00:00,1777493110000,2470,23.62228,34.11999,1017.78998,69141
20260429-192359,-OrPq8KfNueQGkbYPUB4,2026-04-29 20:05:20+00:00,1777493120000,2480,23.62355,34.13679,1017.81,69256
20260429-192359,-OrPqAmDbl91O0vsPCp4,2026-04-29 20:05:30+00:00,1777493130000,2490,23.62355,34.12567,1017.83002,69198
20260429-192359,-OrPqDDjaaExPzVOe9uZ,2026-04-29 20:05:40+00:00,1777493140000,2500,23.6245,34.1202,1017.84998,68800
20260429-192359,-OrPqFeQGEwRW4gLkxuW,2026-04-29 20:05:50+00:00,1777493150000,2510,23.62609,34.09812,1017.85999,69198
20260429-192359,-OrPqI5s-z92K8Fqw9gt,2026-04-29 20:06:00+00:00,1777493160000,2520,23.6264,34.09259,1017.85999,69543
20260429-192359,-OrPqKY84IeK7vaNxeu-,2026-04-29 20:06:10+00:00,1777493170000,2530,23.62767,34.10939,1017.84003,69198
20260429-192359,-OrPqMzInSaAGFTJFS5G,2026-04-29 20:06:20+00:00,1777493180000,2540,23.62799,34.10386,1017.85999,69659
20260429-192359,-OrPqPQVCb39dr29rAGV,2026-04-29 20:06:30+00:00,1777493190000,2550,23.62957,34.09288,1017.87,69313
20260429-192359,-OrPqRrslfmU5WLZbPLD,2026-04-29 20:06:40+00:00,1777493200000,2560,23.63021,34.09295,1017.88,69370
20260429-192359,-OrPqUJ8KhmdsdWRsJd4,2026-04-29 20:06:50+00:00,1777493210000,2570,23.63084,34.13191,1017.89001,69198
20260429-192359,-OrPqWkMdrwfK-YCOseM,2026-04-29 20:07:00+00:00,1777493220000,2580,23.62989,34.11514,1017.89001,69428
20260429-192359,-OrPqZBrinyQ3set553x,2026-04-29 20:07:10+00:00,1777493230000,2590,23.62831,34.10944,1017.88,69084
20260429-192359,-OrPqacjaKovxZx7IGBe,2026-04-29 20:07:20+00:00,1777493240000,2600,23.62672,34.1093,1017.87,69370
20260429-192359,-OrPqd3vXFtT2yT823sg,2026-04-29 20:07:30+00:00,1777493250000,2610,23.6245,34.13688,1017.87,69313
20260429-192359,-OrPqfWGkth7nS3msfPr,2026-04-29 20:07:40+00:00,1777493260000,2620,23.6226,34.13114,1017.87,69141
20260429-192359,-OrPqhxUQPuXsatoT35v,2026-04-29 20:07:50+00:00,1777493270000,2630,23.61848,34.13075,1017.84998,69485
20260429-192359,-OrPqkOd17nmeXEiOcVS,2026-04-29 20:08:00+00:00,1777493280000,2640,23.61563,34.14161,1017.84998,69543
20260429-192359,-OrPqmviM4Fa4TJL8skk,2026-04-29 20:08:10+00:00,1777493290000,2650,23.61563,34.14716,1017.83002,69084
20260429-192359,-OrPqpHKiDgSDQ2oR5m-,2026-04-29 20:08:20+00:00,1777493300000,2660,23.61721,34.15843,1017.84003,69256
20260429-192359,-OrPqriPRo2dhA8KpYUy,2026-04-29 20:08:30+00:00,1777493310000,2670,23.61785,34.15292,1017.83002,69428
20260429-192359,-OrPqu9zPQTYOvwurT5q,2026-04-29 20:08:40+00:00,1777493320000,2680,23.61785,34.15292,1017.83002,69428
20260429-192359,-OrPqwawjE8C17GjtDiy,2026-04-29 20:08:50+00:00,1777493330000,2690,23.61753,34.14178,1017.82001,69485
20260429-192359,-OrPqz2HXWbzuP2bjhiS,2026-04-29 20:09:00+00:00,1777493340000,2700,23.6188,34.14746,1017.82001,69543
20260429-192359,-OrPr0UW_h_7TaNokuEB,2026-04-29 20:09:10+00:00,1777493350000,2710,23.61911,34.14193,1017.82001,69543
20260429-192359,-OrPr2vdTRBkcaoAo_2M,2026-04-29 20:09:20+00:00,1777493360000,2720,23.62006,34.12534,1017.79999,69601
20260429-192359,-OrPr5NAfpQFxCkJ9fwg,2026-04-29 20:09:30+00:00,1777493370000,2730,23.61943,34.1364,1017.78998,69601
20260429-192359,-OrPr7o95CxwZ_mfX-hi,2026-04-29 20:09:40+00:00,1777493380000,2740,23.61975,34.14754,1017.79999,69485
20260429-192359,-OrPrAFWKDUB1B4rvl6x,2026-04-29 20:09:50+00:00,1777493390000,2750,23.61785,34.14737,1017.83002,69659
20260429-192359,-OrPrCgn_o2TymvyJ6w_,2026-04-29 20:10:00+00:00,1777493400000,2760,23.61468,34.15819,1017.84003,69370
20260429-192359,-OrPrF7vHxKGRvSfwNzZ,2026-04-29 20:10:10+00:00,1777493410000,2770,23.61309,34.1636,1017.85999,69543
20260429-192359,-OrPrH_5zVvN1dXQv2F_,2026-04-29 20:10:20+00:00,1777493420000,2780,23.61056,34.16336,1017.85999,69659
20260429-192359,-OrPrK0Wx9L3bRdvsN8_,2026-04-29 20:10:30+00:00,1777493430000,2790,23.60739,34.16862,1017.85999,69428
20260429-192359,-OrPrMSeE7m8h4w03rl4,2026-04-29 20:10:40+00:00,1777493440000,2800,23.60739,34.17418,1017.84998,69717
20260429-192359,-OrPrOu8QJTdO7cB1GeZ,2026-04-29 20:10:50+00:00,1777493450000,2810,23.60834,34.19096,1017.84998,69198
20260429-192359,-OrPrRLIteu0ZTuORauC,2026-04-29 20:11:00+00:00,1777493460000,2820,23.60897,34.19101,1017.85999,69717
20260429-192359,-OrPrTmKsDLebvCNjFcL,2026-04-29 20:11:10+00:00,1777493470000,2830,23.60834,34.17984,1017.84003,69659
20260429-192359,-OrPrWIv4G-dTqHVIB0m,2026-04-29 20:11:20+00:00,1777493480000,2840,23.60929,34.19104,1017.84998,69370
20260429-192359,-OrPrYevdFRqphIk02Sc,2026-04-29 20:11:30+00:00,1777493490000,2850,23.60961,34.17995,1017.84003,69256
20260429-192359,-OrPra6EVulXoh6vxjAq,2026-04-29 20:11:40+00:00,1777493500000,2860,23.61246,34.18578,1017.83002,69313
20260429-192359,-OrPrcYEoanBDRjzmNOs,2026-04-29 20:11:50+00:00,1777493510000,2870,23.61404,34.16925,1017.82001,69370
20260429-192359,-OrPrezxAS3j2oJBPnvd,2026-04-29 20:12:00+00:00,1777493520000,2880,23.61563,34.1694,1017.81,69370
20260429-192359,-OrPrhRR9WtF-_R10H52,2026-04-29 20:12:10+00:00,1777493530000,2890,23.61753,34.16401,1017.81,69543
20260429-192359,-OrPrjsF5wT875P5yiro,2026-04-29 20:12:20+00:00,1777493540000,2900,23.61658,34.16948,1017.78998,69428
20260429-192359,-OrPrmJZz0JapA8FZ-XW,2026-04-29 20:12:30+00:00,1777493550000,2910,23.61721,34.16954,1017.78998,69717
20260429-192359,-OrProk_qFKk3PBKYCR8,2026-04-29 20:12:40+00:00,1777493560000,2920,23.6188,34.18081,1017.78003,69428
20260429-192359,-OrPrrBqKHi0s2ji6R0j,2026-04-29 20:12:50+00:00,1777493570000,2930,23.62165,34.16996,1017.78003,69428
20260429-192359,-OrPrtdJS-WfBXmP_PX9,2026-04-29 20:13:00+00:00,1777493580000,2940,23.62102,34.18657,1017.78003,69428
20260429-192359,-OrPrw4OpDebJ6zATA3s,2026-04-29 20:13:10+00:00,1777493590000,2950,23.62038,34.1754,1017.78003,69601
20260429-192359,-OrPryWcA9P4IWNmrS-_,2026-04-29 20:13:20+00:00,1777493600000,2960,23.61911,34.19752,1017.78003,69370
20260429-192359,-OrPs-xt1n2p4HOvfq7B,2026-04-29 20:13:30+00:00,1777493610000,2970,23.61499,34.19713,1017.77002,69891
20260429-192359,-OrPs2PEPJwE5MvTMZKL,2026-04-29 20:13:40+00:00,1777493620000,2980,23.61087,34.19675,1017.77002,69543
20260429-192359,-OrPs4qQEdcBIbW_GgaH,2026-04-29 20:13:50+00:00,1777493630000,2990,23.60675,34.20193,1017.75,69717
20260429-192359,-OrPs7HhkG00Ney-oMag,2026-04-29 20:14:00+00:00,1777493640000,3000,23.60295,34.21825,1017.73999,69601
20260429-192359,-OrPs9irw0DKqzfKkkjv,2026-04-29 20:14:10+00:00,1777493650000,3010,23.6001,34.21798,1017.73999,69601
20260429-192359,-OrPsCA9Iz2PbjDNQupv,2026-04-29 20:14:20+00:00,1777493660000,3020,23.59788,34.22334,1017.73999,69485
20260429-192359,-OrPsEjVLhASofk_hw3M,2026-04-29 20:14:30+00:00,1777493670000,3030,23.59598,34.2176,1017.71997,69313
20260429-192359,-OrPsH2RVfTRtHlatPNm,2026-04-29 20:14:40+00:00,1777493680000,3040,23.59503,34.22306,1017.71002,69428
20260429-192359,-OrPsJUzZo2FGz7ZOlE1,2026-04-29 20:14:50+00:00,1777493690000,3050,23.59439,34.22857,1017.71002,69659
20260429-192359,-OrPsLw60JOvnptzDnw1,2026-04-29 20:15:00+00:00,1777493700000,3060,23.59281,34.24511,1017.70001,69833
20260429-192359,-OrPsONKABkCtiujwQgt,2026-04-29 20:15:10+00:00,1777493710000,3070,23.59091,34.25049,1017.69,69084
20260429-192359,-OrPsQoo_j327cwNQ3XB,2026-04-29 20:15:20+00:00,1777493720000,3080,23.589,34.23919,1017.70001,69775
20260429-192359,-OrPsTFwAMpRXanVFRbv,2026-04-29 20:15:30+00:00,1777493730000,3090,23.58837,34.25026,1017.71002,69428
20260429-192359,-OrPsVguJuo0pCWsYA2_,2026-04-29 20:15:40+00:00,1777493740000,3100,23.58774,34.24463,1017.72998,69370
20260429-192359,-OrPsY8fIw23HNXfPONL,2026-04-29 20:15:50+00:00,1777493750000,3110,23.58805,34.24466,1017.77002,69543
20260429-192359,-OrPs__lCivaM8AsI2ri,2026-04-29 20:16:00+00:00,1777493760000,3120,23.59059,34.25046,1017.78003,69256
20260429-192359,-OrPsc0jEw0Zfyk8ITa2,2026-04-29 20:16:10+00:00,1777493770000,3130,23.59186,34.25614,1017.79999,69485
20260429-192359,-OrPseT3Ef_vlnF4snux,2026-04-29 20:16:20+00:00,1777493780000,3140,23.59281,34.25067,1017.79999,69775
20260429-192359,-OrPsgudEn6mM9ozzf0N,2026-04-29 20:16:30+00:00,1777493790000,3150,23.59439,34.23969,1017.79999,69659
20260429-192359,-OrPsjLbK8jCoXR1Ng45,2026-04-29 20:16:40+00:00,1777493800000,3160,23.59629,34.23988,1017.78998,69485
20260429-192359,-OrPslmo07qO6CjN1KuP,2026-04-29 20:16:50+00:00,1777493810000,3170,23.59788,34.24558,1017.78998,69543
20260429-192359,-OrPsoEDdlIoy8jwrnG1,2026-04-29 20:17:00+00:00,1777493820000,3180,23.59978,34.2402,1017.78998,69775
20260429-192359,-OrPsqfILOvZUT87_SOU,2026-04-29 20:17:10+00:00,1777493830000,3190,23.60168,34.24038,1017.78998,69775
20260429-192359,-OrPst6jhHbQoKnJSJUv,2026-04-29 20:17:20+00:00,1777493840000,3200,23.60358,34.25168,1017.78998,69485
20260429-192359,-OrPsvYni7yONRc-EXDG,2026-04-29 20:17:30+00:00,1777493850000,3210,23.60549,34.2463,1017.78003,69256
20260429-192359,-OrPsy4AHl4rBS7dwbJW,2026-04-29 20:17:40+00:00,1777493860000,3220,23.60707,34.24645,1017.77002,69428
20260429-192359,-OrPt-SEMsISIUEmlv1H,2026-04-29 20:17:50+00:00,1777493870000,3230,23.60992,34.24671,1017.76001,69601
20260429-192359,-OrPt1sR8FDX510Widg7,2026-04-29 20:18:00+00:00,1777493880000,3240,23.61246,34.2247,1017.75,69543
20260429-192359,-OrPt4KA_gyHiqdYUU0x,2026-04-29 20:18:10+00:00,1777493890000,3250,23.61468,34.21935,1017.75,69833
20260429-192359,-OrPt6lPLMnsYjYiJASK,2026-04-29 20:18:20+00:00,1777493900000,3260,23.61785,34.23076,1017.75,69717
20260429-192359,-OrPt9COaGtc-8N5fQs7,2026-04-29 20:18:30+00:00,1777493910000,3270,23.61816,34.2308,1017.75,69543
20260429-192359,-OrPtBdhxbX3n-WDwAjZ,2026-04-29 20:18:40+00:00,1777493920000,3280,23.61943,34.22536,1017.73999,69370
20260429-192359,-OrPtE4sO-muLlYDFbmj,2026-04-29 20:18:50+00:00,1777493930000,3290,23.6207,34.21991,1017.73999,69370
20260429-192359,-OrPtGWttoAionlrO-dl,2026-04-29 20:19:00+00:00,1777493940000,3300,23.62038,34.21432,1017.72998,69601
20260429-192359,-OrPtIyFGVcgPKutqmoQ,2026-04-29 20:19:10+00:00,1777493950000,3310,23.61975,34.23095,1017.72998,69775
20260429-192359,-OrPtLPvq3OCXZtfQudw,2026-04-29 20:19:20+00:00,1777493960000,3320,23.62102,34.23106,1017.72998,69313
20260429-192359,-OrPtNsAtOTtStgx2lVi,2026-04-29 20:19:30+00:00,1777493970000,3330,23.62038,34.23657,1017.71997,69428
20260429-192359,-OrPtQI-ZgPQHKEbUiRJ,2026-04-29 20:19:40+00:00,1777493980000,3340,23.62038,34.25326,1017.71002,69659
20260429-192359,-OrPtSjEyKBvHFkPhXrT,2026-04-29 20:19:50+00:00,1777493990000,3350,23.61753,34.24186,1017.70001,69601
20260429-192359,-OrPtVAogxiULH1nkSsO,2026-04-29 20:20:00+00:00,1777494000000,3360,23.61658,34.2529,1017.70001,69775
20260429-192359,-OrPtXcjt6Q0qi_jW5nL,2026-04-29 20:20:10+00:00,1777494010000,3370,23.61499,34.26944,1017.69,69717
20260429-192359,-OrPt_Qxgwh_rvXU_z27,2026-04-29 20:20:20+00:00,1777494020000,3380,23.61341,34.27486,1017.67999,69485
20260429-192359,-OrPtbViNE8bPUeUPblC,2026-04-29 20:20:30+00:00,1777494030000,3390,23.61024,34.28012,1017.66998,69543
20260429-192359,-OrPtdwrenAG8c5hP-uA,2026-04-29 20:20:40+00:00,1777494040000,3400,23.60802,34.27991,1017.66998,69601
20260429-192359,-OrPtgd-orx5zzOb_ROU,2026-04-29 20:20:50+00:00,1777494050000,3410,23.60517,34.29077,1017.66998,69601
20260429-192359,-OrPtioozV_lW-P-KSW3,2026-04-29 20:21:00+00:00,1777494060000,3420,23.60327,34.29059,1017.65997,69485
20260429-192359,-OrPtlGLFTddvXHtsZdZ,2026-04-29 20:21:10+00:00,1777494070000,3430,23.6058,34.28527,1017.65997,69601
20260429-192359,-OrPtnhc07GwI0pPh1v0,2026-04-29 20:21:20+00:00,1777494080000,3440,23.6058,34.28527,1017.66998,69775
20260429-192359,-OrPtq8gSsJzOyjqMNxG,2026-04-29 20:21:30+00:00,1777494090000,3450,23.60358,34.28506,1017.66998,69485
20260429-192359,-OrPtsa_7RJL7LI8DNT0,2026-04-29 20:21:40+00:00,1777494100000,3460,23.60327,34.29059,1017.66998,69601
20260429-192359,-OrPtv1p2tWJ7ueVMGZr,2026-04-29 20:21:50+00:00,1777494110000,3470,23.602,34.29604,1017.65997,69485
20260429-192359,-OrPtxTRQT6NVsVfmZjB,2026-04-29 20:22:00+00:00,1777494120000,3480,23.60073,34.29036,1017.65002,69717
20260429-192359,-OrPtzvKOt_gkqFT9H1t,2026-04-29 20:22:10+00:00,1777494130000,3490,23.60073,34.31261,1017.65002,69256
20260429-192359,-OrPu1M77FG3MOBjy2RY,2026-04-29 20:22:20+00:00,1777494140000,3500,23.6001,34.29585,1017.65002,69717
20260429-192359,-OrPu3nJEltiUV0NkiYy,2026-04-29 20:22:30+00:00,1777494150000,3510,23.6001,34.31255,1017.65002,69313
20260429-192359,-OrPu6EhUOYTp6fqigrZ,2026-04-29 20:22:40+00:00,1777494160000,3520,23.59788,34.31234,1017.63,69428
20260429-192359,-OrPu8fuJECsuzNngvaz,2026-04-29 20:22:50+00:00,1777494170000,3530,23.59661,34.31222,1017.63,69543
20260429-192359,-OrPuB6xTuXeINSimVYJ,2026-04-29 20:23:00+00:00,1777494180000,3540,23.59566,34.33439,1017.63,69543
20260429-192359,-OrPuDZqNiZA1wQEH4eK,2026-04-29 20:23:10+00:00,1777494190000,3550,23.59471,34.3343,1017.62,69833
20260429-192359,-OrPuG-I9GpgmVsBek9x,2026-04-29 20:23:20+00:00,1777494200000,3560,23.59344,34.33975,1017.62,69543
20260429-192359,-OrPuIRxUZesRGFod-BX,2026-04-29 20:23:30+00:00,1777494210000,3570,23.59217,34.33407,1017.63,69485
20260429-192359,-OrPuKsqbUy-d-Z1FDG4,2026-04-29 20:23:40+00:00,1777494220000,3580,23.59091,34.34508,1017.63,69198
20260429-192359,-OrPuNKwt2UKCD3Izedr,2026-04-29 20:23:50+00:00,1777494230000,3590,23.58869,34.34486,1017.63,69601
20260429-192359,-OrPuPt_pzcbM4whctzp,2026-04-29 20:24:00+00:00,1777494240000,3600,23.58869,34.34486,1017.62,69659
20260429-192359,-OrPuSDBOTSeLea83sLi,2026-04-29 20:24:10+00:00,1777494250000,3610,23.58964,34.35609,1017.62,69601
20260429-192359,-OrPuUekxnsX84Q4dQrX,2026-04-29 20:24:20+00:00,1777494260000,3620,23.59122,34.35624,1017.62,69485
20260429-192359,-OrPuX5QshKwR97eapj9,2026-04-29 20:24:30+00:00,1777494270000,3630,23.59344,34.33975,1017.60999,69601
20260429-192359,-OrPuZXurPq8ulPf1Okz,2026-04-29 20:24:40+00:00,1777494280000,3640,23.59566,34.33439,1017.60999,69601
20260429-192359,-OrPuaz5OX3JdgxLe4Qo,2026-04-29 20:24:50+00:00,1777494290000,3650,23.59756,34.32344,1017.60999,69256
20260429-192359,-OrPudQ6IM8PUhQxI6LU,2026-04-29 20:25:00+00:00,1777494300000,3660,23.59851,34.33466,1017.60999,69370
20260429-192359,-OrPufsMIoWwr_AshTyB,2026-04-29 20:25:10+00:00,1777494310000,3670,23.59915,34.34028,1017.60999,69313
20260429-192359,-OrPuiIl_MLlefMshsdt,2026-04-29 20:25:20+00:00,1777494320000,3680,23.59851,34.34023,1017.60999,69428
20260429-192359,-OrPukjlpQHKQQK732Wc,2026-04-29 20:25:30+00:00,1777494330000,3690,23.60073,34.35157,1017.60999,69428
20260429-192359,-OrPunB8C5yE4uImMfR1,2026-04-29 20:25:40+00:00,1777494340000,3700,23.60137,34.34605,1017.64001,69485
20260429-192359,-OrPupcIPs8e_yAIawfU,2026-04-29 20:25:50+00:00,1777494350000,3710,23.60168,34.36279,1017.65997,69485
20260429-192359,-OrPus3Vsw7qH7wwMCqt,2026-04-29 20:26:00+00:00,1777494360000,3720,23.60041,34.34597,1017.67999,69543
20260429-192359,-OrPuuVbD2mwcN1o5365,2026-04-29 20:26:10+00:00,1777494370000,3730,23.60232,34.36284,1017.67999,69659
20260429-192359,-OrPuwx6Ot2_OlSx5eeT,2026-04-29 20:26:20+00:00,1777494380000,3740,23.60358,34.36296,1017.67999,69659
20260429-192359,-OrPuzOGToOwAPIVHZ2z,2026-04-29 20:26:30+00:00,1777494390000,3750,23.60517,34.35755,1017.67999,69313
20260429-192359,-OrPv0pb182oKKx5wum-,2026-04-29 20:26:40+00:00,1777494400000,3760,23.60675,34.3577,1017.67999,69659
20260429-192359,-OrPv3GkMBaluehPaEfW,2026-04-29 20:26:50+00:00,1777494410000,3770,23.60802,34.36895,1017.66998,69601
20260429-192359,-OrPv5i41Cuek3PBwg3L,2026-04-29 20:27:00+00:00,1777494420000,3780,23.60897,34.36347,1017.66998,69543
20260429-192359,-OrPv8KEorIuaYbjznwY,2026-04-29 20:27:10+00:00,1777494430000,3790,23.61024,34.35802,1017.65997,69370
20260429-192359,-OrPvAagI5exgwyej8e1,2026-04-29 20:27:20+00:00,1777494440000,3800,23.61214,34.3582,1017.65997,69601
20260429-192359,-OrPvD2BsX5bT_XXpa86,2026-04-29 20:27:30+00:00,1777494450000,3810,23.61468,34.35287,1017.64001,69428
20260429-192359,-OrPvFU-Zf4Sf4zybaZ3,2026-04-29 20:27:40+00:00,1777494460000,3820,23.61563,34.35853,1017.64001,69833
20260429-192359,-OrPvHveaPgI4J4yf6jc,2026-04-29 20:27:50+00:00,1777494470000,3830,23.61658,34.35862,1017.63,69659
20260429-192359,-OrPvKMSjVGWUKhnQnmZ,2026-04-29 20:28:00+00:00,1777494480000,3840,23.61753,34.35314,1017.63,69601
20260429-192359,-OrPvMncj93L71qnVx0U,2026-04-29 20:28:10+00:00,1777494490000,3850,23.61689,34.35308,1017.60999,69659
20260429-192359,-OrPvPF6n8YhKLRX2Rv8,2026-04-29 20:28:20+00:00,1777494500000,3860,23.61848,34.35323,1017.60999,69775
20260429-192359,-OrPvRg5e6AUE22CCMhK,2026-04-29 20:28:30+00:00,1777494510000,3870,23.61943,34.35889,1017.60999,69370
20260429-192359,-OrPvU7KnqlqCjoLxLrD,2026-04-29 20:28:40+00:00,1777494520000,3880,23.61975,34.55386,1017.59998,69313
20260429-192359,-OrPvWZZinxLCHQ3TEKo,2026-04-29 20:28:50+00:00,1777494530000,3890,23.62102,35.17393,1017.59003,69084
20260429-192359,-OrPvZ0-eLG3onP1Y3GO,2026-04-29 20:29:00+00:00,1777494540000,3900,23.6226,34.92245,1017.59003,68744
20260429-192359,-OrPvaRxXD2aDvuLDbe9,2026-04-29 20:29:10+00:00,1777494550000,3910,23.6245,34.95057,1017.59003,68970
20260429-192359,-OrPvctM6vuyLN4VusQl,2026-04-29 20:29:20+00:00,1777494560000,3920,23.62577,34.86131,1017.59003,68970
20260429-192359,-OrPvfKftRCNjIcIM4UV,2026-04-29 20:29:30+00:00,1777494570000,3930,23.62577,34.88923,1017.59998,68857
20260429-192359,-OrPvhlo55Kqm7B3riVv,2026-04-29 20:29:40+00:00,1777494580000,3940,23.6264,34.8837,1017.59003,68744
20260429-192359,-OrPvkDCKTf1xO_nFUzU,2026-04-29 20:29:50+00:00,1777494590000,3950,23.62672,34.86698,1017.59003,68631
20260429-192359,-OrPvmeW-XTo6Xg6v7tU,2026-04-29 20:30:00+00:00,1777494600000,3960,23.62514,34.96181,1017.58002,68631
20260429-192359,-OrPvp5w-Z_j89wzZcsW,2026-04-29 20:30:10+00:00,1777494610000,3970,23.62482,34.84446,1017.58002,68744
20260429-192359,-OrPvrclyqN4KnByJQ9v,2026-04-29 20:30:20+00:00,1777494620000,3980,23.6245,34.74394,1017.57001,69141
20260429-192359,-OrPvtzEwNaSlSMYme_u,2026-04-29 20:30:30+00:00,1777494630000,3990,23.62577,34.705,1017.58002,68857
20260429-192359,-OrPvwQNenSmXtCyb2Rz,2026-04-29 20:30:40+00:00,1777494640000,4000,23.62767,34.68845,1017.57001,68744
20260429-192359,-OrPvyriLaP2p6ONh8ml,2026-04-29 20:30:50+00:00,1777494650000,4010,23.62957,34.68862,1017.57001,68857
20260429-192359,-OrPw0Is7v1P5ko09ZyS,2026-04-29 20:31:00+00:00,1777494660000,4020,23.63052,34.71103,1017.56,68914
20260429-192359,-OrPw2kVtnd4_pkXC0qo,2026-04-29 20:31:10+00:00,1777494670000,4030,23.63211,34.7614,1017.56,69256
20260429-192359,-OrPw5BX3QepiYUAj14M,2026-04-29 20:31:20+00:00,1777494680000,4040,23.63243,34.74469,1017.56,68914
20260429-192359,-OrPw7csZRteADL7QTaa,2026-04-29 20:31:30+00:00,1777494690000,4050,23.63179,34.66652,1017.57001,68744
20260429-192359,-OrPwA4a4Csb_byiPrqO,2026-04-29 20:31:40+00:00,1777494700000,4060,23.63052,34.63293,1017.56,68631
20260429-192359,-OrPwCVy-Wush8GWu6F0,2026-04-29 20:31:50+00:00,1777494710000,4070,23.63084,34.62739,1017.57001,68744
20260429-192359,-OrPwExnuMdBD0SFKc4U,2026-04-29 20:32:00+00:00,1777494720000,4080,23.63116,34.61069,1017.56,69084
20260429-192359,-OrPwHOzg2qjHnHImceE,2026-04-29 20:32:10+00:00,1777494730000,4090,23.63147,34.60514,1017.54999,69198
20260429-192359,-OrPwJpymJuzwMYzWUXE,2026-04-29 20:32:20+00:00,1777494740000,4100,23.63306,34.62202,1017.54999,68914
20260429-192359,-OrPwMGvp3cVmi9CiD83,2026-04-29 20:32:30+00:00,1777494750000,4110,23.63401,34.61654,1017.56,68970
20260429-192359,-OrPwOiaGMvBqaRJXob7,2026-04-29 20:32:40+00:00,1777494760000,4120,23.63433,34.62215,1017.54999,69141
20260429-192359,-OrPwR9pIbxdkx6_538N,2026-04-29 20:32:50+00:00,1777494770000,4130,23.63338,34.63321,1017.56,68744
20260429-192359,-OrPwTbD7tmAHR2A0GQd,2026-04-29 20:33:00+00:00,1777494780000,4140,23.63274,34.66103,1017.56,68914
20260429-192359,-OrPwW2DqDLucgZk0zvf,2026-04-29 20:33:10+00:00,1777494790000,4150,23.63179,34.66094,1017.54999,68914
20260429-192359,-OrPwYUEEqEae6AcL2Ke,2026-04-29 20:33:20+00:00,1777494800000,4160,23.63116,34.67762,1017.54999,69027
20260429-192359,-OrPwa1RqXgW3QTQCPba,2026-04-29 20:33:30+00:00,1777494810000,4170,23.62894,34.67741,1017.53998,69141
20260429-192359,-OrPwcMrvv2ZqtxOe32V,2026-04-29 20:33:40+00:00,1777494820000,4180,23.62799,34.67174,1017.53998,69027
20260429-192359,-OrPwenxo0wQBSLU9Ci7,2026-04-29 20:33:50+00:00,1777494830000,4190,23.62957,34.68304,1017.53998,69027
20260429-192359,-OrPwhFPr4WwpcKH5XkK,2026-04-29 20:34:00+00:00,1777494840000,4200,23.62957,34.67746,1017.53003,69027
20260429-192359,-OrPwjgydwnQBn9xGOZ5,2026-04-29 20:34:10+00:00,1777494850000,4210,23.62862,34.69411,1017.53003,69027
20260429-192359,-OrPwm7rBur7RzTRKCau,2026-04-29 20:34:20+00:00,1777494860000,4220,23.62767,34.68845,1017.53003,69141
20260429-192359,-OrPwo_5Bx0xZBrAq-Ad,2026-04-29 20:34:30+00:00,1777494870000,4230,23.62735,34.71073,1017.52002,69084
20260429-192359,-OrPwr0VPZI9m2MJfnmR,2026-04-29 20:34:40+00:00,1777494880000,4240,23.62704,34.72744,1017.52002,68970
20260429-192359,-OrPwtSdy7iAzBhVQ-EO,2026-04-29 20:34:50+00:00,1777494890000,4250,23.6264,34.72738,1017.53003,68575
20260429-192359,-OrPwvti8wDmVrBmDTMB,2026-04-29 20:35:00+00:00,1777494900000,4260,23.62735,34.71073,1017.57001,69027
20260429-192359,-OrPwyL22fy93lM1ni1W,2026-04-29 20:35:10+00:00,1777494910000,4270,23.62767,34.68845,1017.59003,68970
20260429-192359,-OrPx-mJghXFB_LQ7gfm,2026-04-29 20:35:20+00:00,1777494920000,4280,23.62672,34.68836,1017.59998,68914
20260429-192359,-OrPx2Dcjquth5GpKH4m,2026-04-29 20:35:30+00:00,1777494930000,4290,23.62767,34.66613,1017.59998,69084
20260429-192359,-OrPx4efA6tJNg6lg0U4,2026-04-29 20:35:40+00:00,1777494940000,4300,23.62862,34.67179,1017.59003,68631
20260429-192359,-OrPx767bRWyNtkYofxl,2026-04-29 20:35:50+00:00,1777494950000,4310,23.62894,34.66625,1017.59003,68914
20260429-192359,-OrPx9YIra72trFlTlPa,2026-04-29 20:36:00+00:00,1777494960000,4320,23.62989,34.65518,1017.59003,69084
20260429-192359,-OrPxBzjiqAeWC7gAOEF,2026-04-29 20:36:10+00:00,1777494970000,4330,23.62957,34.65515,1017.59003,68970
20260429-192359,-OrPxEQsZ4hWNR1FBbRl,2026-04-29 20:36:20+00:00,1777494980000,4340,23.63084,34.64412,1017.58002,69256
20260429-192359,-OrPxGsJkxOpPbcHk50w,2026-04-29 20:36:30+00:00,1777494990000,4350,23.63243,34.661,1017.57001,68631
20260429-192359,-OrPxJP_P41lad109GiN,2026-04-29 20:36:40+00:00,1777495000000,4360,23.63274,34.66661,1017.56,68970
20260429-192359,-OrPxLkgeA2n9MPas3Za,2026-04-29 20:36:50+00:00,1777495010000,4370,23.63211,34.68328,1017.54999,68914
20260429-192359,-OrPxOBdaLelHz0gRtH5,2026-04-29 20:37:00+00:00,1777495020000,4380,23.62989,34.70539,1017.54999,69084
20260429-192359,-OrPxQd3p0qw3eGzVBGJ,2026-04-29 20:37:10+00:00,1777495030000,4390,23.62862,34.70527,1017.53998,68914
20260429-192359,-OrPxT4PF9Xs9LBr3Eib,2026-04-29 20:37:20+00:00,1777495040000,4400,23.62735,34.71073,1017.53998,68970
20260429-192359,-OrPxVWTCiKuN4y_Aa6S,2026-04-29 20:37:30+00:00,1777495050000,4410,23.62545,34.71055,1017.52002,69084
20260429-192359,-OrPxXxtU1aO17TmMjJ_,2026-04-29 20:37:40+00:00,1777495060000,4420,23.62482,34.73281,1017.51001,69198
20260429-192359,-OrPx_OtaIBRrdorNP71,2026-04-29 20:37:50+00:00,1777495070000,4430,23.62387,34.74388,1017.5,68970
20260429-192359,-OrPxbqTHB-CgANn5PT7,2026-04-29 20:38:00+00:00,1777495080000,4440,23.62482,34.72723,1017.5,69313
20260429-192359,-OrPxeHMj0LHuFvAMjh1,2026-04-29 20:38:10+00:00,1777495090000,4450,23.62609,34.71061,1017.48999,68970
20260429-192359,-OrPxgiikKgclnU3PHIH,2026-04-29 20:38:20+00:00,1777495100000,4460,23.62672,34.72741,1017.47998,69027
20260429-192359,-OrPxj9u-dmpnjAalBMj,2026-04-29 20:38:30+00:00,1777495110000,4470,23.62799,34.73869,1017.47998,68857
20260429-192359,-OrPxlbC8L5k21gkz8XY,2026-04-29 20:38:40+00:00,1777495120000,4480,23.62862,34.71085,1017.47998,68744
20260429-192359,-OrPxo2Suuwpi2nGcSto,2026-04-29 20:38:50+00:00,1777495130000,4490,23.63021,34.72774,1017.46997,68970
20260429-192359,-OrPxqUgpfCQIfI_Jedj,2026-04-29 20:39:00+00:00,1777495140000,4500,23.62957,34.73326,1017.46997,69027
20260429-192359,-OrPxsvzRNtHCPEA0fQ6,2026-04-29 20:39:10+00:00,1777495150000,4510,23.62957,34.73326,1017.46002,68857
20260429-192359,-OrPxvN6QWM-F-_D2Vwt,2026-04-29 20:39:20+00:00,1777495160000,4520,23.62767,34.75541,1017.46002,68857
20260429-192359,-OrPxxoYwNsJ-GDEsiq-,2026-04-29 20:39:30+00:00,1777495170000,4530,23.62672,34.75532,1017.46002,68970
20260429-192359,-OrPy-HzGSVmnbR6UeiX,2026-04-29 20:39:40+00:00,1777495180000,4540,23.6245,34.73278,1017.46002,69027
20260429-192359,-OrPy1tiaNyUPzQFd961,2026-04-29 20:39:50+00:00,1777495190000,4550,23.62197,34.76044,1017.45001,68857
20260429-192359,-OrPy487aL7S4O5M6rOu,2026-04-29 20:40:00+00:00,1777495200000,4560,23.61975,34.76581,1017.42999,68631
20260429-192359,-OrPy6_QpDdimn6-YEUd,2026-04-29 20:40:10+00:00,1777495210000,4570,23.61721,34.76558,1017.41998,68688
20260429-192359,-OrPy90VuaVRMZSoTSsj,2026-04-29 20:40:20+00:00,1777495220000,4580,23.61626,34.76548,1017.42999,68914
20260429-192359,-OrPyBSqpNQB0Fv6V65Z,2026-04-29 20:40:30+00:00,1777495230000,4590,23.61531,34.75981,1017.42999,68914
20260429-192359,-OrPyE53gQ7fnk7ZzF92,2026-04-29 20:40:40+00:00,1777495240000,4600,23.61658,34.74319,1017.44,68688
20260429-192359,-OrPyGLTTr2cKJ4BIEnu,2026-04-29 20:40:50+00:00,1777495250000,4610,23.61816,34.73776,1017.44,69084
20260429-192359,-OrPyImZ-p9ox7J-GZJA,2026-04-29 20:41:00+00:00,1777495260000,4620,23.61911,34.74343,1017.44,69141
20260429-192359,-OrPyLDpLNpOLoWdpRf3,2026-04-29 20:41:10+00:00,1777495270000,4630,23.62165,34.75483,1017.45001,68970
20260429-192359,-OrPyNfCHhJucI_rh0TQ,2026-04-29 20:41:20+00:00,1777495280000,4640,23.62482,34.76629,1017.45001,69027
20260429-192359,-OrPyQ6FZG49ayouPpAT,2026-04-29 20:41:30+00:00,1777495290000,4650,23.62672,34.76648,1017.45001,68744
20260429-192359,-OrPySZqpojVz-c27YIz,2026-04-29 20:41:40+00:00,1777495300000,4660,23.62704,34.74976,1017.45001,68914
20260429-192359,-OrPyV--TSdNBo_dv7uP,2026-04-29 20:41:50+00:00,1777495310000,4670,23.62767,34.73866,1017.45001,69370
20260429-192359,-OrPyXR0E70LxDvCWOSp,2026-04-29 20:42:00+00:00,1777495320000,4680,23.62672,34.74416,1017.44,68688
20260429-192359,-OrPyZsFpJvoxXXLZz-o,2026-04-29 20:42:10+00:00,1777495330000,4690,23.62577,34.74964,1017.44,68914
20260429-192359,-OrPybJX1DtzsKxDP8GI,2026-04-29 20:42:20+00:00,1777495340000,4700,23.6245,34.76627,1017.42999,68914
20260429-192359,-OrPydkfnMJ09TOLTaBP,2026-04-29 20:42:30+00:00,1777495350000,4710,23.62387,34.77737,1017.44,68970
20260429-192359,-OrPygC3bwNB9wXCsN5c,2026-04-29 20:42:40+00:00,1777495360000,4720,23.62355,34.7606,1017.44,69084
20260429-192359,-OrPyid9cisCpBFfT7ub,2026-04-29 20:42:50+00:00,1777495370000,4730,23.6226,34.7605,1017.44,69084
20260429-192359,-OrPylEyLAnqcxEOBNw6,2026-04-29 20:43:00+00:00,1777495380000,4740,23.62165,34.77158,1017.41998,69084
20260429-192359,-OrPynWvnPzvcFduu0x4,2026-04-29 20:43:10+00:00,1777495390000,4750,23.62197,34.77161,1017.42999,69027
20260429-192359,-OrPypy47ljMJJqByTWi,2026-04-29 20:43:20+00:00,1777495400000,4760,23.62133,34.78271,1017.42999,69198
20260429-192359,-OrPysVWawDM9n6w8p6x,2026-04-29 20:43:30+00:00,1777495410000,4770,23.61975,34.78256,1017.42999,68970
20260429-192359,-OrPyuqn9e4Y8PMggDFs,2026-04-29 20:43:40+00:00,1777495420000,4780,23.62006,34.79934,1017.42999,68744
20260429-192359,-OrPyxHwp9LIPqJsoENU,2026-04-29 20:43:50+00:00,1777495430000,4790,23.61975,34.79372,1017.42999,69198
20260429-192359,-OrPyzj5xhShQz5A4QHc,2026-04-29 20:44:00+00:00,1777495440000,4800,23.61848,34.79918,1017.42999,68970
20260429-192359,-OrPz1ALJefaRhE10MMT,2026-04-29 20:44:10+00:00,1777495450000,4810,23.6188,34.79922,1017.41998,68857
20260429-192359,-OrPz3ba7rp09mLXnSAz,2026-04-29 20:44:20+00:00,1777495460000,4820,23.61943,34.80486,1017.42999,69141
20260429-192359,-OrPz62pPYUZrIjpq5Rn,2026-04-29 20:44:30+00:00,1777495470000,4830,23.61911,34.79366,1017.41998,69141
20260429-192359,-OrPz8VknyQN8OU_XpGp,2026-04-29 20:44:40+00:00,1777495480000,4840,23.62006,34.79375,1017.42999,68970
20260429-192359,-OrPzAwTpjhDCcRifIW5,2026-04-29 20:44:50+00:00,1777495490000,4850,23.62133,34.78829,1017.42999,69198
20260429-192359,-OrPzDNjQFgKI4wbgttN,2026-04-29 20:45:00+00:00,1777495500000,4860,23.62102,34.78268,1017.42999,69141
20260429-192359,-OrPzFontaH22uHd-p8s,2026-04-29 20:45:10+00:00,1777495510000,4870,23.62133,34.77154,1017.41998,69141
20260429-192359,-OrPzIGEM8iD-cVrY16n,2026-04-29 20:45:20+00:00,1777495520000,4880,23.62038,34.7882,1017.41998,69198
20260429-192359,-OrPzKhKKOB42mIC2xyo,2026-04-29 20:45:30+00:00,1777495530000,4890,23.62006,34.78817,1017.41998,68914
20260429-192359,-OrPzN8UqW-zX2LXJN9U,2026-04-29 20:45:40+00:00,1777495540000,4900,23.61943,34.79369,1017.42999,69141
20260429-192359,-OrPzP_dcN6dYJGvcq_6,2026-04-29 20:45:50+00:00,1777495550000,4910,23.61975,34.78256,1017.41998,69027
20260429-192359,-OrPzS15i1PYPwc1jdTx,2026-04-29 20:46:00+00:00,1777495560000,4920,23.61975,34.78256,1017.44,68914
20260429-192359,-OrPzUb_XvAVWbMQ6pjR,2026-04-29 20:46:10+00:00,1777495570000,4930,23.62006,34.79934,1017.47998,68914
20260429-192359,-OrPzWucGQGSphBEymbL,2026-04-29 20:46:20+00:00,1777495580000,4940,23.6207,34.8329,1017.5,68463
20260429-192359,-OrPzZLkuVM51WQJp87s,2026-04-29 20:46:30+00:00,1777495590000,4950,23.62165,34.81065,1017.51001,68688
20260429-192359,-OrPzan-PeljDQAMFFgD,2026-04-29 20:46:40+00:00,1777495600000,4960,23.62514,34.79424,1017.51001,68688
20260429-192359,-OrPzdEFqVn0RSNv2vgW,2026-04-29 20:46:50+00:00,1777495610000,4970,23.62799,34.78334,1017.51001,68970
20260429-192359,-OrPzffYC54vQH98Anho,2026-04-29 20:47:00+00:00,1777495620000,4980,23.62957,34.78349,1017.52002,69141
20260429-192359,-OrPzi6ngQbzswzCWfyF,2026-04-29 20:47:10+00:00,1777495630000,4990,23.62957,34.75,1017.51001,68970
20260429-192359,-OrPzkZ25eRX8AJpvMje,2026-04-29 20:47:20+00:00,1777495640000,5000,23.63084,34.76686,1017.51001,68914
20260429-192359,-OrPzn-GquTGIIenfz0a,2026-04-29 20:47:30+00:00,1777495650000,5010,23.63052,34.845,1017.5,68744
20260429-192359,-OrPzpRcs63wajn95Nbf,2026-04-29 20:47:40+00:00,1777495660000,5020,23.62894,34.84485,1017.48999,69141
20260429-192359,-OrPzrskPiwAnrkLa0ap,2026-04-29 20:47:50+00:00,1777495670000,5030,23.62672,34.8614,1017.47998,69084
20260429-192359,-OrPzuK6PGLGW24kcI34,2026-04-29 20:48:00+00:00,1777495680000,5040,23.62545,34.88361,1017.46997,68857
20260429-192359,-OrPzwlIJ4A2Id4JJ_Z8,2026-04-29 20:48:10+00:00,1777495690000,5050,23.6245,34.84443,1017.46002,68970
20260429-192359,-OrPzzCWL3ZcXMXFXIyA,2026-04-29 20:48:20+00:00,1777495700000,5060,23.62387,34.83878,1017.45001,68857
20260429-192359,-OrQ-0e-xws_54vTQG_S,2026-04-29 20:48:30+00:00,1777495710000,5070,23.6245,34.81651,1017.44,68744
20260429-192359,-OrQ-352shjRlXK93NCp,2026-04-29 20:48:40+00:00,1777495720000,5080,23.62323,34.83314,1017.42999,69084
20260429-192359,-OrQ-5XLNp2Zh59KTq_G,2026-04-29 20:48:50+00:00,1777495730000,5090,23.62292,34.82753,1017.44,68970
20260429-192359,-OrQ-7z14lq6_gtsSHfk,2026-04-29 20:49:00+00:00,1777495740000,5100,23.62323,34.83872,1017.42999,68744
20260429-192359,-OrQ-APto38lgKzC3Uur,2026-04-29 20:49:10+00:00,1777495750000,5110,23.62387,34.84437,1017.42999,68744
20260429-192359,-OrQ-Cv5NAiPUHmmX2bo,2026-04-29 20:49:20+00:00,1777495760000,5120,23.62355,34.83875,1017.42999,68800
20260429-192359,-OrQ-FIFyzzGit-Gwdmx,2026-04-29 20:49:30+00:00,1777495770000,5130,23.62609,34.83899,1017.44,69027
20260429-192359,-OrQ-HjPedekgCTn5Mnl,2026-04-29 20:49:40+00:00,1777495780000,5140,23.62831,34.83362,1017.44,68914
20260429-192359,-OrQ-KB1XPc0RQ7AIvRL,2026-04-29 20:49:50+00:00,1777495790000,5150,23.63116,34.82272,1017.44,68631
20260429-192359,-OrQ-Mc-e6WTvTg5LDZB,2026-04-29 20:50:00+00:00,1777495800000,5160,23.63306,34.81732,1017.42999,68744
20260429-192359,-OrQ-P33mZTs1ciWyg5_,2026-04-29 20:50:10+00:00,1777495810000,5170,23.63306,34.83407,1017.42999,69084
20260429-192359,-OrQ-RVM1M0MabTbF97F,2026-04-29 20:50:20+00:00,1777495820000,5180,23.63369,34.81179,1017.41998,68688
20260429-192359,-OrQ-Tx5SA0sYtakO_yF,2026-04-29 20:50:30+00:00,1777495830000,5190,23.63243,34.82284,1017.40002,69027
20260429-192359,-OrQ-WO5ZiFNSLRUfIYh,2026-04-29 20:50:40+00:00,1777495840000,5200,23.63433,34.82861,1017.40002,68970
20260429-192359,-OrQ-Yp4ZNCOiGR7hS_q,2026-04-29 20:50:50+00:00,1777495850000,5210,23.63813,34.81781,1017.40997,68688
20260429-192359,-OrQ-aGaRVCzKH4dzNRO,2026-04-29 20:51:00+00:00,1777495860000,5220,23.64067,34.81804,1017.40997,69084
20260429-192359,-OrQ-chbyXZVivqhPJ57,2026-04-29 20:51:10+00:00,1777495870000,5230,23.64288,34.83501,1017.40002,68914
20260429-192359,-OrQ-fAl3RFyWQD_-9OZ,2026-04-29 20:51:20+00:00,1777495880000,5240,23.64605,34.83531,1017.39001,68744
20260429-192359,-OrQ-haAqj_nFO1zHvsI,2026-04-29 20:51:30+00:00,1777495890000,5250,23.64922,34.83561,1017.40002,68744
20260429-192359,-OrQ-k1QvgCYDZbAc4Le,2026-04-29 20:51:40+00:00,1777495900000,5260,23.65112,34.8302,1017.40002,68744
20260429-192359,-OrQ-mTa2CQchJuOjDxZ,2026-04-29 20:51:50+00:00,1777495910000,5270,23.65207,34.83029,1017.40997,68800
20260429-192359,-OrQ-ovYJHBZA3C2zOGS,2026-04-29 20:52:00+00:00,1777495920000,5280,23.65239,34.83033,1017.40997,68744
20260429-192359,-OrQ-rMVnNDhLKF_onVY,2026-04-29 20:52:10+00:00,1777495930000,5290,23.65112,34.85813,1017.40997,69198
20260429-192359,-OrQ-tnONGQJJQmRXHuY,2026-04-29 20:52:20+00:00,1777495940000,5300,23.65017,34.88038,1017.40997,68857
20260429-192359,-OrQ-wL6n0uOY3qs7wKU,2026-04-29 20:52:30+00:00,1777495950000,5310,23.64891,34.89702,1017.40002,68744
20260429-192359,-OrQ-ygAjRRUR-frNLLy,2026-04-29 20:52:40+00:00,1777495960000,5320,23.64827,34.87461,1017.40002,68744
20260429-192359,-OrQ007BjW9IxquSdyrh,2026-04-29 20:52:50+00:00,1777495970000,5330,23.64574,34.86878,1017.40002,68631
20260429-192359,-OrQ02Zb6wD2oxQ5BZB3,2026-04-29 20:53:00+00:00,1777495980000,5340,23.64415,34.91332,1017.40002,68688
20260429-192359,-OrQ05-VXjB336jE8r9J,2026-04-29 20:53:10+00:00,1777495990000,5350,23.64162,34.92985,1017.40002,68744
20260429-192359,-OrQ07RkgUMvprwUUvSV,2026-04-29 20:53:20+00:00,1777496000000,5360,23.63971,34.94643,1017.40002,68575
20260429-192359,-OrQ09tA7g3_JdUq6qE7,2026-04-29 20:53:30+00:00,1777496010000,5370,23.63623,34.94051,1017.39001,69027
20260429-192359,-OrQ0CKVj-nvuLQnZTx9,2026-04-29 20:53:40+00:00,1777496020000,5380,23.63464,34.95712,1017.40002,68914
20260429-192359,-OrQ0ElfVw6SXwo2R2dw,2026-04-29 20:53:50+00:00,1777496030000,5390,23.63338,34.957,1017.38,68688
20260429-192359,-OrQ0HCnz1W-_sdKRhUn,2026-04-29 20:54:00+00:00,1777496040000,5400,23.63147,34.93447,1017.37,68631
20260429-192359,-OrQ0Je4TxzDFG7V2p5_,2026-04-29 20:54:10+00:00,1777496050000,5410,23.63052,34.95114,1017.37,68631
20260429-192359,-OrQ0M5ZZGsMcs1ZCIcT,2026-04-29 20:54:20+00:00,1777496060000,5420,23.62989,34.96785,1017.37,68688
20260429-192359,-OrQ0OX_aNp5NEAdXoe9,2026-04-29 20:54:30+00:00,1777496070000,5430,23.63052,34.9735,1017.35999,68351
20260429-192359,-OrQ0Qyi4BFXcpGLQ0-K,2026-04-29 20:54:40+00:00,1777496080000,5440,23.63084,34.96235,1017.35999,68519
20260429-192359,-OrQ0TQ2TkGrY1kEwWiT,2026-04-29 20:54:50+00:00,1777496090000,5450,23.63147,34.94564,1017.35999,68295
20260429-192359,-OrQ0VrebhU-lp2TMF0X,2026-04-29 20:55:00+00:00,1777496100000,5460,23.63084,34.94,1017.34998,68800
20260429-192359,-OrQ0YITjwD0xpWp00PK,2026-04-29 20:55:10+00:00,1777496110000,5470,23.63116,34.95679,1017.34998,69084
20260429-192359,-OrQ0_jx9aRyaRKVwe8W,2026-04-29 20:55:20+00:00,1777496120000,5480,23.62926,34.97897,1017.34998,68857
20260429-192359,-OrQ0cAzlTUX_YtPv4HJ,2026-04-29 20:55:30+00:00,1777496130000,5490,23.62799,34.97326,1017.34998,68631
20260429-192359,-OrQ0enwfLbdzEjhLT0t,2026-04-29 20:55:40+00:00,1777496140000,5500,23.62672,34.98432,1017.39001,68970
20260429-192359,-OrQ0h3UIW6mIrLe1uem,2026-04-29 20:55:50+00:00,1777496150000,5510,23.62482,34.99531,1017.42999,68631
20260429-192359,-OrQ0jVkoJ0q560W5-3F,2026-04-29 20:56:00+00:00,1777496160000,5520,23.62419,34.98966,1017.46002,68744
20260429-192359,-OrQ0lx_T6sW4u4x6ikW,2026-04-29 20:56:10+00:00,1777496170000,5530,23.6245,34.99529,1017.47998,68914
20260429-192359,-OrQ0oOEjz09wKaTC2OG,2026-04-29 20:56:20+00:00,1777496180000,5540,23.62482,34.98972,1017.47998,68914
20260429-192359,-OrQ0qpaRdAY7-IUNwkw,2026-04-29 20:56:30+00:00,1777496190000,5550,23.62419,35.00084,1017.46997,68631
20260429-192359,-OrQ0tGpOsinryXeFPf6,2026-04-29 20:56:40+00:00,1777496200000,5560,23.6245,35.01205,1017.46997,68744
20260429-192359,-OrQ0viBJrXz1F7ShuvT,2026-04-29 20:56:50+00:00,1777496210000,5570,23.62292,35.00631,1017.46002,68631
20260429-192359,-OrQ0y9HgbECLTH7JKYN,2026-04-29 20:57:00+00:00,1777496220000,5580,23.6226,34.9951,1017.45001,68744
20260429-192359,-OrQ1-afC4KJvKHwYqAi,2026-04-29 20:57:10+00:00,1777496230000,5590,23.62355,34.97842,1017.44,68744
20260429-192359,-OrQ121wUm0-QidoSlrI,2026-04-29 20:57:20+00:00,1777496240000,5600,23.6245,35.00087,1017.44,68800
20260429-192359,-OrQ14UD0bvj5v04sDbt,2026-04-29 20:57:30+00:00,1777496250000,5610,23.6264,34.99546,1017.42999,68631
20260429-192359,-OrQ16vQc2CT23Rpoylv,2026-04-29 20:57:40+00:00,1777496260000,5620,23.62767,34.96764,1017.42999,68688
20260429-192359,-OrQ19M_w4uSOwOCQQRS,2026-04-29 20:57:50+00:00,1777496270000,5630,23.63052,34.96791,1017.40997,69084
20260429-192359,-OrQ1Bnzm3__Gf43spmn,2026-04-29 20:58:00+00:00,1777496280000,5640,23.63147,34.95123,1017.40002,68463
20260429-192359,-OrQ1EFhux9iTkidgK9e,2026-04-29 20:58:10+00:00,1777496290000,5650,23.63179,34.96803,1017.40002,68857
20260429-192359,-OrQ1GgEiCID_NGbMA48,2026-04-29 20:58:20+00:00,1777496300000,5660,23.63084,34.94,1017.40002,68800
20260429-192359,-OrQ1J7ceXTQT3U2TTas,2026-04-29 20:58:30+00:00,1777496310000,5670,23.63084,34.94558,1017.39001,68407
20260429-192359,-OrQ1LZn6L7FcHHu6XZR,2026-04-29 20:58:40+00:00,1777496320000,5680,23.63084,34.97353,1017.38,68631
20260429-192359,-OrQ1OA3X16UQKnmDf7Y,2026-04-29 20:58:50+00:00,1777496330000,5690,23.63116,34.99033,1017.38,68575
20260429-192359,-OrQ1QSXwH36vyeCQqpu,2026-04-29 20:59:00+00:00,1777496340000,5700,23.63084,34.99589,1017.38,68744
20260429-192359,-OrQ1Sta8rBvDTj8Dp_U,2026-04-29 20:59:10+00:00,1777496350000,5710,23.63147,34.99035,1017.38,68744
20260429-192359,-OrQ1VKy9MTQOejmdZ6m,2026-04-29 20:59:20+00:00,1777496360000,5720,23.63052,34.97909,1017.38,68519
20260429-192359,-OrQ1XmCzpj14k4BN30f,2026-04-29 20:59:30+00:00,1777496370000,5730,23.63084,34.97912,1017.38,68463
20260429-192359,-OrQ1_DdxBLfiTwWpCe8,2026-04-29 20:59:40+00:00,1777496380000,5740,23.63052,34.9735,1017.37,68351
20260429-192359,-OrQ1behbcyiJ5ZcPX-k,2026-04-29 20:59:50+00:00,1777496390000,5750,23.62989,34.96785,1017.37,68351
20260429-192359,-OrQ1e5r7SHmIkXPWfxb,2026-04-29 21:00:00+00:00,1777496400000,5760,23.63021,34.96788,1017.38,68519
20260429-192359,-OrQ1gXx0AQI4T34P_2s,2026-04-29 21:00:10+00:00,1777496410000,5770,23.62989,34.97343,1017.37,68463
20260429-192359,-OrQ1izHOT3JhRNOg_1m,2026-04-29 21:00:20+00:00,1777496420000,5780,23.63116,34.9512,1017.37,68800
20260429-192359,-OrQ1lQaw4rm9Qu6ceba,2026-04-29 21:00:30+00:00,1777496430000,5790,23.63306,34.95697,1017.37,68519
20260429-192359,-OrQ1nrrU5xxWXYIeiIi,2026-04-29 21:00:40+00:00,1777496440000,5800,23.63338,34.957,1017.35999,68744
20260429-192359,-OrQ1qJFUv64P0pGHS64,2026-04-29 21:00:50+00:00,1777496450000,5810,23.63369,34.95703,1017.37,68744
20260429-192359,-OrQ1skIwOIo3MqYob4X,2026-04-29 21:01:00+00:00,1777496460000,5820,23.63464,34.95712,1017.35999,68463
20260429-192359,-OrQ1vCWvqskcZtprhXR,2026-04-29 21:01:10+00:00,1777496470000,5830,23.63559,34.95722,1017.34998,68914
20260429-192359,-OrQ1xdCYxIyz_Qs0JDK,2026-04-29 21:01:20+00:00,1777496480000,5840,23.63623,34.95168,1017.35999,68463
20260429-192359,-OrQ2-B9vP_ALkGHczHn,2026-04-29 21:01:30+00:00,1777496490000,5850,23.63655,34.94054,1017.35999,68575
20260429-192359,-OrQ21W6zbrZ80vNLjMW,2026-04-29 21:01:40+00:00,1777496500000,5860,23.63686,34.94057,1017.35999,68688
20260429-192359,-OrQ23x_VZ4fqUtNGcMO,2026-04-29 21:01:50+00:00,1777496510000,5870,23.6375,34.95181,1017.34998,68351
20260429-192359,-OrQ26W_qD-SyRjAGOz9,2026-04-29 21:02:00+00:00,1777496520000,5880,23.63655,35.11387,1017.35999,68073
20260429-192359,-OrQ28qJKfCULZZQxiAi,2026-04-29 21:02:10+00:00,1777496530000,5890,23.63528,35.04104,1017.35999,68240
20260429-192359,-OrQ2BHRI4k6Uyu0urlZ,2026-04-29 21:02:20+00:00,1777496540000,5900,23.63655,34.98525,1017.35999,68351
20260429-192359,-OrQ2DiYsWTPa37jQkCz,2026-04-29 21:02:30+00:00,1777496550000,5910,23.63908,34.95755,1017.38,68575
20260429-192359,-OrQ2G9jKo9sb410LuUm,2026-04-29 21:02:40+00:00,1777496560000,5920,23.6413,34.93541,1017.37,68631
20260429-192359,-OrQ2Ib9XkhlYSO6gTMP,2026-04-29 21:02:50+00:00,1777496570000,5930,23.64288,34.91321,1017.37,68800
20260429-192359,-OrQ2L2Is3KnTgj76Rrr,2026-04-29 21:03:00+00:00,1777496580000,5940,23.64479,34.90221,1017.37,68631
20260429-192359,-OrQ2NUcsGaWlJmZYRPl,2026-04-29 21:03:10+00:00,1777496590000,5950,23.64764,34.89132,1017.37,68575
20260429-192359,-OrQ2Pvru7jOTTcuV1ob,2026-04-29 21:03:20+00:00,1777496600000,5960,23.64922,34.90823,1017.38,68800
20260429-192359,-OrQ2SNsy4rD2wVIt8vz,2026-04-29 21:03:30+00:00,1777496610000,5970,23.65017,34.90831,1017.37,68351
20260429-192359,-OrQ2Uoi1tkH4R83dZfF,2026-04-29 21:03:40+00:00,1777496620000,5980,23.65144,34.9252,1017.38,68970
20260429-192359,-OrQ2XFZYZ5tqvct9py-,2026-04-29 21:03:50+00:00,1777496630000,5990,23.65112,34.91399,1017.37,68970
20260429-192359,-OrQ2ZgpxMV7gBfI4lhT,2026-04-29 21:04:00+00:00,1777496640000,6000,23.65144,34.93078,1017.35999,68800
20260429-192359,-OrQ2b81vus1TJQ2OBqh,2026-04-29 21:04:10+00:00,1777496650000,6010,23.65081,34.91396,1017.35999,68857
20260429-192359,-OrQ2d_gNjrsRoX9zzPQ,2026-04-29 21:04:20+00:00,1777496660000,6020,23.65017,34.89714,1017.35999,68800
20260429-192359,-OrQ2g0Yn9g5q0eN8q_F,2026-04-29 21:04:30+00:00,1777496670000,6030,23.64922,34.89705,1017.39001,68800
20260429-192359,-OrQ2iSn0mHQi_Xw5e-e,2026-04-29 21:04:40+00:00,1777496680000,6040,23.64859,34.91933,1017.41998,68575
20260429-192359,-OrQ2kuDymQ8gNaxcsaO,2026-04-29 21:04:50+00:00,1777496690000,6050,23.64764,34.92484,1017.42999,68744
20260429-192359,-OrQ2nLVF6_CUHlG6AKT,2026-04-29 21:05:00+00:00,1777496700000,6060,23.64637,34.95265,1017.44,68575
20260429-192359,-OrQ2pssjBMx2T-RG6Qn,2026-04-29 21:05:10+00:00,1777496710000,6070,23.64732,35.21004,1017.46002,68295
20260429-192359,-OrQ2sDhxa7ipVotvzO3,2026-04-29 21:05:20+00:00,1777496720000,6080,23.64891,35.15982,1017.46002,67963
20260429-192359,-OrQ2uf-HykXev2q0Z8x,2026-04-29 21:05:30+00:00,1777496730000,6090,23.65176,35.14331,1017.46002,68240
20260429-192359,-OrQ2x6FlqmwCrvZwaUw,2026-04-29 21:05:40+00:00,1777496740000,6100,23.65303,35.13783,1017.44,68351
20260429-192359,-OrQ2zYhXIKYs7Jk_8f8,2026-04-29 21:05:50+00:00,1777496750000,6110,23.65398,35.14911,1017.44,68519
20260429-192359,-OrQ30zkSJUXU5XzVa_w,2026-04-29 21:06:00+00:00,1777496760000,6120,23.65524,35.12685,1017.44,68295
20260429-192359,-OrQ33Qvu0YdrPjsIuMc,2026-04-29 21:06:10+00:00,1777496770000,6130,23.6581,35.11593,1017.45001,68073
20260429-192359,-OrQ35s7Lcr-ePq-S8qC,2026-04-29 21:06:20+00:00,1777496780000,6140,23.65968,35.13287,1017.44,68351
20260429-192359,-OrQ38PGNyMpy5ZdfBLw,2026-04-29 21:06:30+00:00,1777496790000,6150,23.65936,35.1944,1017.42999,68129
20260429-192359,-OrQ3Aka7Dhaq80wcUX-,2026-04-29 21:06:40+00:00,1777496800000,6160,23.66063,35.19452,1017.42999,67688
20260429-192359,-OrQ3DCNXixWanoCNBvw,2026-04-29 21:06:50+00:00,1777496810000,6170,23.66127,35.13302,1017.41998,67525
20260429-192359,-OrQ3FdBh-ps3mVdEAWb,2026-04-29 21:07:00+00:00,1777496820000,6180,23.66222,35.16109,1017.40997,68129
20260429-192359,-OrQ3I5SiQQyP7I-s5rg,2026-04-29 21:07:10+00:00,1777496830000,6190,23.6619,35.16106,1017.40002,68184
20260429-192359,-OrQ3KWt3ilbALzgvFED,2026-04-29 21:07:20+00:00,1777496840000,6200,23.66158,35.14425,1017.38,68129
20260429-192359,-OrQ3MyPeajj75_hlZ4z,2026-04-29 21:07:30+00:00,1777496850000,6210,23.66095,35.12739,1017.38,68129
20260429-192359,-OrQ3PPESX_-p4-_W9S-,2026-04-29 21:07:40+00:00,1777496860000,6220,23.65873,35.14957,1017.37,68295
20260429-192359,-OrQ3RqdZO7M8DlJkWgb,2026-04-29 21:07:50+00:00,1777496870000,6230,23.65841,35.14394,1017.35999,68073
20260429-192359,-OrQ3UIV70ovLd9zweLo,2026-04-29 21:08:00+00:00,1777496880000,6240,23.65651,35.13257,1017.35999,67798
20260429-192359,-OrQ3Wj6WhighJAhysqQ,2026-04-29 21:08:10+00:00,1777496890000,6250,23.65493,35.13242,1017.35999,68463
20260429-192359,-OrQ3ZFSX-5U7BxIEw8D,2026-04-29 21:08:20+00:00,1777496900000,6260,23.65619,35.13253,1017.34998,68129
20260429-192359,-OrQ3abR1TEW7xvWePUV,2026-04-29 21:08:30+00:00,1777496910000,6270,23.65461,35.20514,1017.34998,68073
20260429-192359,-OrQ3d2if2n6oQwPnAp1,2026-04-29 21:08:40+00:00,1777496920000,6280,23.65334,35.27781,1017.34003,68073
20260429-192359,-OrQ3fVJlKQAe-JmOXYJ,2026-04-29 21:08:50+00:00,1777496930000,6290,23.65271,35.26655,1017.34003,68018
20260429-192359,-OrQ3hw4Pl-7OQsk52uR,2026-04-29 21:09:00+00:00,1777496940000,6300,23.65144,35.22163,1017.33002,68073
20260429-192359,-OrQ3kNXWF9luzNG95CO,2026-04-29 21:09:10+00:00,1777496950000,6310,23.65144,35.24403,1017.33002,68073
20260429-192359,-OrQ3mok30ZOgaYeLSVa,2026-04-29 21:09:20+00:00,1777496960000,6320,23.65144,35.24403,1017.33002,68295
20260429-192359,-OrQ3pFyCahZ_seTuFoQ,2026-04-29 21:09:30+00:00,1777496970000,6330,23.65112,35.2496,1017.33002,68129
20260429-192359,-OrQ3rhEf6jgZQVfZdQh,2026-04-29 21:09:40+00:00,1777496980000,6340,23.64954,35.24384,1017.33002,68073
20260429-192359,-OrQ3u8YZMaxfcm37837,2026-04-29 21:09:50+00:00,1777496990000,6350,23.64732,35.26603,1017.34003,67908
20260429-192359,-OrQ3waYby-Cb6vVvP2P,2026-04-29 21:10:00+00:00,1777497000000,6360,23.64574,35.24348,1017.33002,68073
20260429-192359,-OrQ3z190hFt-cQ9msWQ,2026-04-29 21:10:10+00:00,1777497010000,6370,23.64479,35.2098,1017.32001,68407
20260429-192359,-OrQ40TLUZ0YZv5aD9gw,2026-04-29 21:10:20+00:00,1777497020000,6380,23.6451,35.19304,1017.32001,68407
20260429-192359,-OrQ42uX9z2ssb5AnmR_,2026-04-29 21:10:30+00:00,1777497030000,6390,23.6451,35.17625,1017.32001,68240
20260429-192359,-OrQ45LuRtZLgkEE5ezK,2026-04-29 21:10:40+00:00,1777497040000,6400,23.64764,35.17089,1017.32001,68295
20260429-192359,-OrQ47mlJfXT2f8VJdak,2026-04-29 21:10:50+00:00,1777497050000,6410,23.64827,35.15416,1017.32001,68129
20260429-192359,-OrQ4AEJNwC_I6XvVkzB,2026-04-29 21:11:00+00:00,1777497060000,6420,23.65017,35.15994,1017.32001,67963
20260429-192359,-OrQ4CfIrBWjkQ_4raFO,2026-04-29 21:11:10+00:00,1777497070000,6430,23.65049,35.14878,1017.32001,68407
20260429-192359,-OrQ4F7CEq5KC6HhuL7_,2026-04-29 21:11:20+00:00,1777497080000,6440,23.65144,35.16006,1017.31,68184
20260429-192359,-OrQ4HlmQ7RFsm3dZr5u,2026-04-29 21:11:30+00:00,1777497090000,6450,23.65176,35.14331,1017.28998,68129
20260429-192359,-OrQ4K-2t4dp605Bzvub,2026-04-29 21:11:40+00:00,1777497100000,6460,23.65176,35.13211,1017.28003,68018
20260429-192359,-OrQ4MRfm21EzOYYfi6d,2026-04-29 21:11:50+00:00,1777497110000,6470,23.65207,35.13214,1017.28003,68184
20260429-192359,-OrQ4Osa7wld7Iy_3Tfd,2026-04-29 21:12:00+00:00,1777497120000,6480,23.65398,35.12673,1017.29999,68018
20260429-192359,-OrQ4RJrgJyvwo_dKYXI,2026-04-29 21:12:10+00:00,1777497130000,6490,23.65524,35.08769,1017.31,68184
20260429-192359,-OrQ4TlXYwtO7EmEe7u4,2026-04-29 21:12:20+00:00,1777497140000,6500,23.65556,35.08772,1017.28998,67963
20260429-192359,-OrQ4WCMzB41fEeOFWVd,2026-04-29 21:12:30+00:00,1777497150000,6510,23.65651,35.09341,1017.29999,68351
20260429-192359,-OrQ4YdmsPpKLGqZdIn6,2026-04-29 21:12:40+00:00,1777497160000,6520,23.65651,35.08781,1017.28998,68184
20260429-192359,-OrQ4a4pYIDN_6LN1Gtd,2026-04-29 21:12:50+00:00,1777497170000,6530,23.65619,35.11575,1017.29999,68184
20260429-192359,-OrQ4cX8qFG6ZyDh3r2x,2026-04-29 21:13:00+00:00,1777497180000,6540,23.65683,35.14378,1017.34998,68351
20260429-192359,-OrQ4eyRd08ElHjcKXpJ,2026-04-29 21:13:10+00:00,1777497190000,6550,23.65493,35.14361,1017.37,68073
20260429-192359,-OrQ4hPcvyNDW8NHviH7,2026-04-29 21:13:20+00:00,1777497200000,6560,23.65398,35.14911,1017.38,68407
20260429-192359,-OrQ4jqyzxi5inCF8g3y,2026-04-29 21:13:30+00:00,1777497210000,6570,23.65271,35.14899,1017.39001,67963
20260429-192359,-OrQ4mIE5H7WV5kRxQ3S,2026-04-29 21:13:40+00:00,1777497220000,6580,23.65207,35.16571,1017.39001,68129
20260429-192359,-OrQ4ok_A0EzIpQrOd4x,2026-04-29 21:13:50+00:00,1777497230000,6590,23.65176,35.17129,1017.40002,68018
20260429-192359,-OrQ4rAikjT1d5pyff61,2026-04-29 21:14:00+00:00,1777497240000,6600,23.65239,35.18254,1017.40002,68018
20260429-192359,-OrQ4tc8y6ZqH7wa4HRA,2026-04-29 21:14:10+00:00,1777497250000,6610,23.65334,35.18823,1017.40002,68295
20260429-192359,-OrQ4w35gUhXCKGse228,2026-04-29 21:14:20+00:00,1777497260000,6620,23.65429,35.17153,1017.39001,68129
20260429-192359,-OrQ4yVJBh6mBKDTHUzz,2026-04-29 21:14:30+00:00,1777497270000,6630,23.65588,35.15489,1017.38,67798
20260429-192359,-OrQ50900gkqnSC-b0MD,2026-04-29 21:14:40+00:00,1777497280000,6640,23.65841,35.16632,1017.37,68240
20260429-192359,-OrQ52OCJDu0mhab93tM,2026-04-29 21:14:50+00:00,1777497290000,6650,23.66127,35.1778,1017.34998,67853
20260429-192359,-OrQ54ozXIoA3bfnmkXV,2026-04-29 21:15:00+00:00,1777497300000,6660,23.66222,35.18908,1017.34998,67853
20260429-192359,-OrQ57GJVbkjGI8mSmMK,2026-04-29 21:15:10+00:00,1777497310000,6670,23.66444,35.1669,1017.34998,68295
20260429-192359,-OrQ59hQGnYoqOmswLrQ,2026-04-29 21:15:20+00:00,1777497320000,6680,23.66602,35.15026,1017.35999,68018
20260429-192359,-OrQ5C8dBbvSHn2qQIJj,2026-04-29 21:15:30+00:00,1777497330000,6690,23.66634,35.15589,1017.34998,68018
20260429-192359,-OrQ5E_u9vKF2WitcLrU,2026-04-29 21:15:40+00:00,1777497340000,6700,23.66887,35.14494,1017.34998,68184
20260429-192359,-OrQ5H1XksB9Uh0FOayv,2026-04-29 21:15:50+00:00,1777497350000,6710,23.66982,35.14503,1017.34998,67908
20260429-192359,-OrQ5JTW4sc4sE3rvOLz,2026-04-29 21:16:00+00:00,1777497360000,6720,23.67109,35.14515,1017.34003,67634
20260429-192359,-OrQ5LujLXSM-O5-fBmN,2026-04-29 21:16:10+00:00,1777497370000,6730,23.67204,35.12846,1017.34998,68184
20260429-192359,-OrQ5OLy1ub_qJWrVGdm,2026-04-29 21:16:20+00:00,1777497380000,6740,23.67077,35.12834,1017.34998,68073
20260429-192359,-OrQ5QnI0ah3_F8HWdKr,2026-04-29 21:16:30+00:00,1777497390000,6750,23.67141,35.13959,1017.34003,68184
20260429-192359,-OrQ5TEUVRuReLxw4aDE,2026-04-29 21:16:40+00:00,1777497400000,6760,23.67236,35.12849,1017.33002,68129
20260429-192359,-OrQ5Vfh2NippaPhUDqA,2026-04-29 21:16:50+00:00,1777497410000,6770,23.67363,35.11741,1017.31,68073
20260429-192359,-OrQ5Y776XeO2B7pUre6,2026-04-29 21:17:00+00:00,1777497420000,6780,23.67458,35.11192,1017.29999,68018
20260429-192359,-OrQ5_ZAHUec9aDlZqI2,2026-04-29 21:17:10+00:00,1777497430000,6790,23.67553,35.12319,1017.28998,68407
20260429-192359,-OrQ5c-WqBpxvD9jeZW7,2026-04-29 21:17:20+00:00,1777497440000,6800,23.67743,35.101,1017.28003,67798
20260429-192359,-OrQ5eRjxOPOyNj6TC-N,2026-04-29 21:17:30+00:00,1777497450000,6810,23.68028,35.10687,1017.28003,68018
20260429-192359,-OrQ5gsu6HiZeaLVxpcL,2026-04-29 21:17:40+00:00,1777497460000,6820,23.68314,35.10714,1017.28998,67963
20260429-192359,-OrQ5jQ-_VV6XkgwFNE7,2026-04-29 21:17:50+00:00,1777497470000,6830,23.68599,35.12979,1017.28998,68129
20260429-192359,-OrQ5ll_E6vtlfBTiEsh,2026-04-29 21:18:00+00:00,1777497480000,6840,23.68726,35.11872,1017.28998,68184
20260429-192359,-OrQ5oCm8i8knXQkZA5e,2026-04-29 21:18:10+00:00,1777497490000,6850,23.68789,35.07962,1017.28998,68129
20260429-192359,-OrQ5qdzMyy7p4S_drog,2026-04-29 21:18:20+00:00,1777497500000,6860,23.68979,35.07421,1017.33002,68018
20260429-192359,-OrQ5t5GbSRiJqrWtEFj,2026-04-29 21:18:30+00:00,1777497510000,6870,23.69106,35.09111,1017.38,67963
20260429-192359,-OrQ5vXinUQoHz0Cudbw,2026-04-29 21:18:40+00:00,1777497520000,6880,23.69201,35.11918,1017.39001,68073
20260429-192359,-OrQ5xygt0a7B4Z_iRVF,2026-04-29 21:18:50+00:00,1777497530000,6890,23.69043,35.12462,1017.40002,67853
20260429-192359,-OrQ6-Px4xE7ezqv2xuT,2026-04-29 21:19:00+00:00,1777497540000,6900,23.69043,35.12462,1017.39001,68184
20260429-192359,-OrQ61rI0d8Tnu_T_5oB,2026-04-29 21:19:10+00:00,1777497550000,6910,23.69106,35.11349,1017.40002,68129
20260429-192359,-OrQ64Idc3DQwlXnOGV7,2026-04-29 21:19:20+00:00,1777497560000,6920,23.69011,35.119,1017.40002,68018
20260429-192359,-OrQ66jkgZ00g3_AJ4Z8,2026-04-29 21:19:30+00:00,1777497570000,6930,23.69011,35.10221,1017.38,68018
20260429-192359,-OrQ69AtW9Ed-OtdajZ1,2026-04-29 21:19:40+00:00,1777497580000,6940,23.68884,35.0965,1017.35999,68073
20260429-192359,-OrQ6BcDOP2HJctpf58-,2026-04-29 21:19:50+00:00,1777497590000,6950,23.68662,35.09628,1017.37,68295
20260429-192359,-OrQ6E3ROOaNBVlJhTEc,2026-04-29 21:20:00+00:00,1777497600000,6960,23.68599,35.09063,1017.35999,68184
20260429-192359,-OrQ6GW-L2GBQ-t2Q2Hj,2026-04-29 21:20:10+00:00,1777497610000,6970,23.68631,35.09066,1017.34998,68351
20260429-192359,-OrQ6IwwBYAiMmaTJuoD,2026-04-29 21:20:20+00:00,1777497620000,6980,23.68662,35.07391,1017.34998,68129
20260429-192359,-OrQ6LODYEf_ecMgLC2A,2026-04-29 21:20:30+00:00,1777497630000,6990,23.68789,35.06844,1017.34998,67908
20260429-192359,-OrQ6NpSqYqy-V3MoukS,2026-04-29 21:20:40+00:00,1777497640000,7000,23.68852,35.07409,1017.34998,67798
20260429-192359,-OrQ6QGjPr9krU7FZjrj,2026-04-29 21:20:50+00:00,1777497650000,7010,23.68726,35.08516,1017.34998,68129
20260429-192359,-OrQ6Snb7_fomMWIim2S,2026-04-29 21:21:00+00:00,1777497660000,7020,23.68662,35.18022,1017.34998,67579
20260429-192359,-OrQ6V98imMWP3yebJKc,2026-04-29 21:21:10+00:00,1777497670000,7030,23.68662,35.44353,1017.34003,67470
20260429-192359,-OrQ6XaSn3oy31GZ_b-O,2026-04-29 21:21:20+00:00,1777497680000,7040,23.68504,35.48264,1017.33002,67362
20260429-192359,-OrQ6_1btl09gdI9rv-j,2026-04-29 21:21:30+00:00,1777497690000,7050,23.68409,35.42086,1017.33002,66771
20260429-192359,-OrQ6bTu3KGzR_bAKl6c,2026-04-29 21:21:40+00:00,1777497700000,7060,23.68377,35.40401,1017.33002,66612
20260429-192359,-OrQ6dvDzfZLAt6Fzu-F,2026-04-29 21:21:50+00:00,1777497710000,7070,23.68218,35.41507,1017.33002,66878
20260429-192359,-OrQ6gMLxtxb6Iwj7VGc,2026-04-29 21:22:00+00:00,1777497720000,7080,23.68187,35.39822,1017.32001,66506
20260429-192359,-OrQ6io7aMuh6bC5q6cQ,2026-04-29 21:22:10+00:00,1777497730000,7090,23.68123,35.34212,1017.32001,66718
20260429-192359,-OrQ6lErRBZZ1gnEwoxq,2026-04-29 21:22:20+00:00,1777497740000,7100,23.68187,35.44307,1017.32001,66400
20260429-192359,-OrQ6ngL8DdQ6Pi1ATzv,2026-04-29 21:22:30+00:00,1777497750000,7110,23.68092,35.43177,1017.29999,66612
20260429-192359,-OrQ6q7ML0kZ2l756pwT,2026-04-29 21:22:40+00:00,1777497760000,7120,23.6787,35.40352,1017.29999,67146
20260429-192359,-OrQ6s_-s9eK1F7195a9,2026-04-29 21:22:50+00:00,1777497770000,7130,23.67711,35.36974,1017.28998,67634
20260429-192359,-OrQ6v-o9b2dkWmHrsHS,2026-04-29 21:23:00+00:00,1777497780000,7140,23.6768,35.33609,1017.28998,67579
20260429-192359,-OrQ6xSNBB0Fy966HXBZ,2026-04-29 21:23:10+00:00,1777497790000,7150,23.67775,35.30817,1017.28003,67634
20260429-192359,-OrQ6ztWC--7SgAX0pPs,2026-04-29 21:23:20+00:00,1777497800000,7160,23.67711,35.36414,1017.28003,67743
20260429-192359,-OrQ71KgzmxjXBH7Wsxe,2026-04-29 21:23:30+00:00,1777497810000,7170,23.67648,35.38089,1017.28003,67798
20260429-192359,-OrQ73lnIXgfrde7w0as,2026-04-29 21:23:40+00:00,1777497820000,7180,23.67743,35.35296,1017.28998,67416
20260429-192359,-OrQ76D4K_c35k1B-MlO,2026-04-29 21:23:50+00:00,1777497830000,7190,23.6787,35.36429,1017.28998,67308
20260429-192359,-OrQ78eT7-B710kXVbH6,2026-04-29 21:24:00+00:00,1777497840000,7200,23.6787,35.35868,1017.29999,67470
20260429-192359,-OrQ7BBsmhsLMaOU-kt0,2026-04-29 21:24:10+00:00,1777497850000,7210,23.67648,35.35287,1017.28998,67253
20260429-192359,-OrQ7DXuplWxAAZycLd7,2026-04-29 21:24:20+00:00,1777497860000,7220,23.67585,35.34159,1017.28003,67579
20260429-192359,-OrQ7FzBy2cjNAWgonWw,2026-04-29 21:24:30+00:00,1777497870000,7230,23.67521,35.30232,1017.28003,67579
20260429-192359,-OrQ7IQSDPS7g_VoG5Yo,2026-04-29 21:24:40+00:00,1777497880000,7240,23.67426,35.32463,1017.28003,67416
20260429-192359,-OrQ7Kri4Brnt2T47GUZ,2026-04-29 21:24:50+00:00,1777497890000,7250,23.67331,35.31894,1017.28998,67416
20260429-192359,-OrQ7NIq5Tx1P1YCyXJj,2026-04-29 21:25:00+00:00,1777497900000,7260,23.67363,35.31897,1017.28998,67308
20260429-192359,-OrQ7PkQSTUnIcwgAaEU,2026-04-29 21:25:10+00:00,1777497910000,7270,23.67204,35.35244,1017.28998,66931
20260429-192359,-OrQ7SBI6AuRgAggnClv,2026-04-29 21:25:20+00:00,1777497920000,7280,23.67141,35.34117,1017.28003,67038
20260429-192359,-OrQ7UcqMOdgv-lEl2Z9,2026-04-29 21:25:30+00:00,1777497930000,7290,23.67204,35.29641,1017.28003,67199
20260429-192359,-OrQ7X3uarsoJZvkk2hl,2026-04-29 21:25:40+00:00,1777497940000,7300,23.67268,35.25727,1017.28003,66985
20260429-192359,-OrQ7ZW9fPR7j7wn6mus,2026-04-29 21:25:50+00:00,1777497950000,7310,23.67426,35.24062,1017.28003,67308
20260429-192359,-OrQ7axSB3zhke5WHiNt,2026-04-29 21:26:00+00:00,1777497960000,7320,23.67648,35.22403,1017.27002,67253
20260429-192359,-OrQ7dObo9Og7ItkD3PO,2026-04-29 21:26:10+00:00,1777497970000,7330,23.67585,35.24077,1017.28003,67362
20260429-192359,-OrQ7fpsDGAkD3RnNIEy,2026-04-29 21:26:20+00:00,1777497980000,7340,23.67268,35.23487,1017.28003,67416
20260429-192359,-OrQ7iH6grWwhd85datZ,2026-04-29 21:26:30+00:00,1777497990000,7350,23.67046,35.24585,1017.28998,67416
20260429-192359,-OrQ7ki_FiDQ09FoL8_0,2026-04-29 21:26:40+00:00,1777498000000,7360,23.66919,35.24573,1017.34003,67525
20260429-192359,-OrQ7n9sVpm4Ywm-f0mH,2026-04-29 21:26:50+00:00,1777498010000,7370,23.66634,35.25666,1017.37,67308
20260429-192359,-OrQ7pbC8W-Z3a3cc-M9,2026-04-29 21:27:00+00:00,1777498020000,7380,23.66602,35.23983,1017.38,67525
20260429-192359,-OrQ7s21UYlGv5OdwiTf,2026-04-29 21:27:10+00:00,1777498030000,7390,23.6638,35.22842,1017.39001,67470
20260429-192359,-OrQ7ueFklrucZZ35or5,2026-04-29 21:27:20+00:00,1777498040000,7400,23.66349,35.22839,1017.39001,67308
20260429-192359,-OrQ7wvkO78GkOXeMUL8,2026-04-29 21:27:30+00:00,1777498050000,7410,23.66349,35.21719,1017.39001,67362
20260429-192359,-OrQ7zMnwxtL9rm2j8Ag,2026-04-29 21:27:40+00:00,1777498060000,7420,23.66444,35.21168,1017.39001,67470
20260429-192359,-OrQ80oEqGxqEitBh05t,2026-04-29 21:27:50+00:00,1777498070000,7430,23.66444,35.23408,1017.39001,67853
20260429-192359,-OrQ83FF-MYxPSdgWiGE,2026-04-29 21:28:00+00:00,1777498080000,7440,23.66665,35.2231,1017.38,67308
20260429-192359,-OrQ85hGTXJnYB_f_SWg,2026-04-29 21:28:10+00:00,1777498090000,7450,23.67014,35.19543,1017.37,67362
20260429-192359,-OrQ887rKusugvtVf36L,2026-04-29 21:28:20+00:00,1777498100000,7460,23.67331,35.19014,1017.38,67362
20260429-192359,-OrQ8A_FCpqb79DuhitV,2026-04-29 21:28:30+00:00,1777498110000,7470,23.67553,35.19035,1017.37,67634
20260429-192359,-OrQ8D0fKXeNPk-WUTd_,2026-04-29 21:28:40+00:00,1777498120000,7480,23.6768,35.17928,1017.37,67416
20260429-192359,-OrQ8FSmVpUuqBnUSGEy,2026-04-29 21:28:50+00:00,1777498130000,7490,23.67711,35.17371,1017.37,67416
20260429-192359,-OrQ8HtmDn4DSa_gZKW5,2026-04-29 21:29:00+00:00,1777498140000,7500,23.6787,35.16827,1017.35999,67416
20260429-192359,-OrQ8KLaXBaLfpIrfwS-,2026-04-29 21:29:10+00:00,1777498150000,7510,23.6787,35.16267,1017.34998,67525
20260429-192359,-OrQ8MmEJRcSzviYTU0M,2026-04-29 21:29:20+00:00,1777498160000,7520,23.67711,35.16812,1017.34003,67470
20260429-192359,-OrQ8PDT0GuZ-Wo03YSN,2026-04-29 21:29:30+00:00,1777498170000,7530,23.67521,35.17353,1017.32001,67579
20260429-192359,-OrQ8ReoGtJTknviEGtq,2026-04-29 21:29:40+00:00,1777498180000,7540,23.67363,35.16778,1017.32001,67634
20260429-192359,-OrQ8U6-wsFuLzB0n493,2026-04-29 21:29:50+00:00,1777498190000,7550,23.67173,35.17879,1017.31,67688
20260429-192359,-OrQ8WYNUqYth7aHItlN,2026-04-29 21:30:00+00:00,1777498200000,7560,23.67109,35.17313,1017.29999,67743
20260429-192359,-OrQ8YzlAvnDeyZYSJoG,2026-04-29 21:30:10+00:00,1777498210000,7570,23.67046,35.16188,1017.29999,67579
20260429-192359,-OrQ8aQo-GJPOgtZJ34y,2026-04-29 21:30:20+00:00,1777498220000,7580,23.66887,35.15613,1017.29999,67525
20260429-192359,-OrQ8cxuElI3Ssosq_MP,2026-04-29 21:30:30+00:00,1777498230000,7590,23.66507,35.17816,1017.28998,67798
20260429-192359,-OrQ8fJJN3IEpKtmXj7G,2026-04-29 21:30:40+00:00,1777498240000,7600,23.66222,35.17788,1017.28998,67525
20260429-192359,-OrQ8hkZ1O86oE_cRpDD,2026-04-29 21:30:50+00:00,1777498250000,7610,23.66063,35.19452,1017.33002,67688
20260429-192359,-OrQ8kBjiO7yMQxdH-Gv,2026-04-29 21:31:00+00:00,1777498260000,7620,23.6581,35.19428,1017.35999,67853
20260429-192359,-OrQ8mdUHb_FlAUoC4Yc,2026-04-29 21:31:10+00:00,1777498270000,7630,23.65841,35.18871,1017.35999,67634
20260429-192359,-OrQ8p4QaRnHLkypMInA,2026-04-29 21:31:20+00:00,1777498280000,7640,23.65746,35.19982,1017.37,67743
20260429-192359,-OrQ8rWPL3pp678vQ0iy,2026-04-29 21:31:30+00:00,1777498290000,7650,23.65778,35.20544,1017.35999,67362
20260429-192359,-OrQ8txo_iVkRksXalyj,2026-04-29 21:31:40+00:00,1777498300000,7660,23.65746,35.21661,1017.35999,67743
20260429-192359,-OrQ8wPKCauuHXJAVZ71,2026-04-29 21:31:50+00:00,1777498310000,7670,23.65841,35.21111,1017.34998,67908
20260429-192359,-OrQ8yqRWCIgVFYxpl14,2026-04-29 21:32:00+00:00,1777498320000,7680,23.65841,35.19991,1017.34998,67579
20260429-192359,-OrQ90HgQhAGOaRtpD6K,2026-04-29 21:32:10+00:00,1777498330000,7690,23.65968,35.19443,1017.34003,67634
20260429-192359,-OrQ92imnczCi3zFvL8d,2026-04-29 21:32:20+00:00,1777498340000,7700,23.66095,35.18336,1017.34003,67308
20260429-192359,-OrQ95A1_2CCurZkf3_M,2026-04-29 21:32:30+00:00,1777498350000,7710,23.6638,35.17244,1017.33002,67362
20260429-192359,-OrQ97bHMbboPfc4mvc8,2026-04-29 21:32:40+00:00,1777498360000,7720,23.66634,35.16148,1017.32001,67634
20260429-192359,-OrQ9A2iIHGBueHbl1cM,2026-04-29 21:32:50+00:00,1777498370000,7730,23.66792,35.16164,1017.32001,67853
20260429-192359,-OrQ9CUe0--4uWytWBsu,2026-04-29 21:33:00+00:00,1777498380000,7740,23.66982,35.13384,1017.32001,67853
20260429-192359,-OrQ9Ew6wNhR8WLjgZrv,2026-04-29 21:33:10+00:00,1777498390000,7750,23.67204,35.15084,1017.29999,67579
20260429-192359,-OrQ9HNI2t9Scu7d6jQJ,2026-04-29 21:33:20+00:00,1777498400000,7760,23.67585,35.17918,1017.29999,67470
20260429-192359,-OrQ9Joj7J4mczmLNXam,2026-04-29 21:33:30+00:00,1777498410000,7770,23.67965,35.20194,1017.29999,67579
20260429-192359,-OrQ9MKPfdA-h5ZBOlB_,2026-04-29 21:33:40+00:00,1777498420000,7780,23.68155,35.24693,1017.28003,67470
20260429-192359,-OrQ9Oh5aWyN8oZcL04O,2026-04-29 21:33:50+00:00,1777498430000,7790,23.68409,35.32558,1017.27002,67470
20260429-192359,-OrQ9R8GkVVYoVjrpXsb,2026-04-29 21:34:00+00:00,1777498440000,7800,23.68472,35.35926,1017.27002,67092
20260429-192359,-OrQ9T_aiCc09c64nLxD,2026-04-29 21:34:10+00:00,1777498450000,7810,23.68662,35.39307,1017.27002,67092
20260429-192359,-OrQ9W0kuDAiNGHqqbru,2026-04-29 21:34:20+00:00,1777498460000,7820,23.68662,35.37626,1017.27002,67199
20260429-192359,-OrQ9YT7cYsihLXREJJ2,2026-04-29 21:34:30+00:00,1777498470000,7830,23.68726,35.3539,1017.27002,67525
20260429-192359,-OrQ9_uI87mqMW9nPhDT,2026-04-29 21:34:40+00:00,1777498480000,7840,23.68852,35.33161,1017.28003,67308
20260429-192359,-OrQ9cLbiuhVtM5mOZiQ,2026-04-29 21:34:50+00:00,1777498490000,7850,23.69043,35.31498,1017.28003,67688
20260429-192359,-OrQ9emmgj1AhXE8qc4C,2026-04-29 21:35:00+00:00,1777498500000,7860,23.69169,35.2927,1017.28003,67470
20260429-192359,-OrQ9hDyld1tddrNpK-T,2026-04-29 21:35:10+00:00,1777498510000,7870,23.69011,35.28695,1017.27002,67416
20260429-192359,-OrQ9jfgBSopANjb0IRW,2026-04-29 21:35:20+00:00,1777498520000,7880,23.68916,35.27005,1017.26001,67362
20260429-192359,-OrQ9m6Vk5qrAZpa7KER,2026-04-29 21:35:30+00:00,1777498530000,7890,23.68821,35.24755,1017.27002,67525
20260429-192359,-OrQ9oYnu_cAXeK2Gc_l,2026-04-29 21:35:40+00:00,1777498540000,7900,23.68726,35.28107,1017.27002,67416
20260429-192359,-OrQ9r-LB14WzSqp-8cJ,2026-04-29 21:35:50+00:00,1777498550000,7910,23.68694,35.25304,1017.27002,67092
20260429-192359,-OrQ9tohRSRfky4wJu6Z,2026-04-29 21:36:00+00:00,1777498560000,7920,23.68567,35.25291,1017.27002,67470
20260429-192359,-OrQ9vtLtncb6sXrxn0F,2026-04-29 21:36:10+00:00,1777498570000,7930,23.68472,35.24163,1017.27002,67199
20260429-192359,-OrQ9yJjwuYiJaU31410,2026-04-29 21:36:20+00:00,1777498580000,7940,23.68282,35.25264,1017.26001,67525
20260429-192359,-OrQA-lJjVIIub1X9a9j,2026-04-29 21:36:30+00:00,1777498590000,7950,23.68123,35.25249,1017.25,67525
20260429-192359,-OrQA2CMxkkxx43JYF-g,2026-04-29 21:36:40+00:00,1777498600000,7960,23.67933,35.26351,1017.25,67416
20260429-192359,-OrQA4kaThYOCQkoTg3G,2026-04-29 21:36:50+00:00,1777498610000,7970,23.67838,35.24102,1017.25,67199
20260429-192359,-OrQA74iaOCwMn2tL0tn,2026-04-29 21:37:00+00:00,1777498620000,7980,23.67838,35.25222,1017.26001,67308
20260429-192359,-OrQA9X9DZbZyXV04si2,2026-04-29 21:37:10+00:00,1777498630000,7990,23.67901,35.24667,1017.26001,67308
20260429-192359,-OrQAByENr0tMOh-YNmj,2026-04-29 21:37:20+00:00,1777498640000,8000,23.68028,35.2412,1017.27002,67308
20260429-192359,-OrQAEPoy550ZuBD0Hor,2026-04-29 21:37:30+00:00,1777498650000,8010,23.67933,35.24671,1017.26001,67688
20260429-192359,-OrQAGqZKNc9ra9ALrMG,2026-04-29 21:37:40+00:00,1777498660000,8020,23.67933,35.26351,1017.25,67579
20260429-192359,-OrQAJHw11YksoSj0uLE,2026-04-29 21:37:50+00:00,1777498670000,8030,23.67775,35.25776,1017.26001,67525
20260429-192359,-OrQALjBxGOCZV7EAwqt,2026-04-29 21:38:00+00:00,1777498680000,8040,23.67616,35.26321,1017.31,67525
20260429-192359,-OrQAOBNEXNU52RAxZJp,2026-04-29 21:38:10+00:00,1777498690000,8050,23.67648,35.29124,1017.33002,67634
20260429-192359,-OrQAQcZ9qKRDrjiW1U3,2026-04-29 21:38:20+00:00,1777498700000,8060,23.67648,35.30804,1017.35999,67253
20260429-192359,-OrQAUA7x9baC3CnvhAi,2026-04-29 21:38:30+00:00,1777498710000,8070,23.6768,35.31367,1017.35999,67634
20260429-192359,-OrQAWb66yQY-xzETTPH,2026-04-29 21:38:40+00:00,1777498720000,8080,23.67711,35.30251,1017.35999,67038
20260429-192359,-OrQAXwNjPe0VmPztkve,2026-04-29 21:38:50+00:00,1777498730000,8090,23.67806,35.29139,1017.35999,67416
20260429-192359,-OrQA_NiMeO3d0EWkJuF,2026-04-29 21:39:00+00:00,1777498740000,8100,23.67933,35.28591,1017.35999,67038
20260429-192359,-OrQAbpv8leEmuBZ_svS,2026-04-29 21:39:10+00:00,1777498750000,8110,23.67965,35.26913,1017.37,67416
20260429-192359,-OrQAedLma3k-hGGP2ja,2026-04-29 21:39:20+00:00,1777498760000,8120,23.6806,35.25803,1017.35999,67362
20260429-192359,-OrQAghB4-WPvfENpfO9,2026-04-29 21:39:30+00:00,1777498770000,8130,23.68155,35.24693,1017.34003,67308
20260429-192359,-OrQAj8Q7oZ1gjmLSGjN,2026-04-29 21:39:40+00:00,1777498780000,8140,23.68092,35.26366,1017.34003,67416
20260429-192359,-OrQAl_mxYDTDPHELWt5,2026-04-29 21:39:50+00:00,1777498790000,8150,23.67965,35.28594,1017.32001,67579
20260429-192359,-OrQAo60O0U6LSRuB6Oo,2026-04-29 21:40:00+00:00,1777498800000,8160,23.67838,35.28022,1017.32001,67308
20260429-192359,-OrQAqTOrmlH4crgUiHr,2026-04-29 21:40:10+00:00,1777498810000,8170,23.67933,35.27471,1017.33002,67199
20260429-192359,-OrQAsubFdelxjQ9Titp,2026-04-29 21:40:20+00:00,1777498820000,8180,23.67997,35.26357,1017.33002,67634
20260429-192359,-OrQAvLhF0L0usZ0nW2H,2026-04-29 21:40:30+00:00,1777498830000,8190,23.68092,35.28606,1017.32001,67525
20260429-192359,-OrQAxn-ZQqrAQEsO0h7,2026-04-29 21:40:40+00:00,1777498840000,8200,23.6806,35.28603,1017.32001,67579
20260429-192359,-OrQB-EPxBKkK2NnWcOz,2026-04-29 21:40:50+00:00,1777498850000,8210,23.67901,35.26348,1017.31,67634
20260429-192359,-OrQB1fRXsbmIAVh3rkj,2026-04-29 21:41:00+00:00,1777498860000,8220,23.67933,35.27471,1017.28003,67579
20260429-192359,-OrQB46wBL_6L0-eH3xH,2026-04-29 21:41:10+00:00,1777498870000,8230,23.67901,35.29148,1017.28003,67634
20260429-192359,-OrQB6Z-cPwNicb-uELS,2026-04-29 21:41:20+00:00,1777498880000,8240,23.68092,35.29726,1017.28003,67253
20260429-192359,-OrQB9-Lzw9yRhvZ2r97,2026-04-29 21:41:30+00:00,1777498890000,8250,23.68123,35.2917,1017.27002,67470
20260429-192359,-OrQBBRaj-gzMvcvW4nJ,2026-04-29 21:41:40+00:00,1777498900000,8260,23.6806,35.31964,1017.26001,67525
20260429-192359,-OrQBEGhCEl0ygmBnpmd,2026-04-29 21:41:50+00:00,1777498910000,8270,23.68028,35.30281,1017.25,67416
20260429-192359,-OrQBGK_hW1VvvSJFEwT,2026-04-29 21:42:00+00:00,1777498920000,8280,23.67933,35.30832,1017.23999,67579
20260429-192359,-OrQBIlMP5V8cOxgilZE,2026-04-29 21:42:10+00:00,1777498930000,8290,23.67806,35.28579,1017.23999,67470
20260429-192359,-OrQBLCUtkeIFLtPhfrD,2026-04-29 21:42:20+00:00,1777498940000,8300,23.67648,35.29124,1017.23999,67253
20260429-192359,-OrQBNeGhXGOfuH0Ws-s,2026-04-29 21:42:30+00:00,1777498950000,8310,23.67521,35.30232,1017.22998,67798
20260429-192359,-OrQBQ4zJyB7vZIJ5Pc4,2026-04-29 21:42:40+00:00,1777498960000,8320,23.67458,35.29666,1017.22998,67470
20260429-192359,-OrQBSXHcbhpCkY3445o,2026-04-29 21:42:50+00:00,1777498970000,8330,23.67363,35.28536,1017.22998,67525
20260429-192359,-OrQBUy_aH4Y4w5SjK6S,2026-04-29 21:43:00+00:00,1777498980000,8340,23.67173,35.30198,1017.21997,67416
20260429-192359,-OrQBXZeAqeijkFH5hdk,2026-04-29 21:43:10+00:00,1777498990000,8350,23.67014,35.31304,1017.21002,67470
20260429-192359,-OrQBZr2vdrk7Z2SkzUo,2026-04-29 21:43:20+00:00,1777499000000,8360,23.66951,35.31857,1017.21002,67253
20260429-192359,-OrQBbIH_PpnU1vrHrpq,2026-04-29 21:43:30+00:00,1777499010000,8370,23.67204,35.61604,1017.21002,66985
20260429-192359,-OrQBdjPDsSg7i4xnFcD,2026-04-29 21:43:40+00:00,1777499020000,8380,23.67363,35.49275,1017.21002,67362
20260429-192359,-OrQBgAowrjvrMp1xodj,2026-04-29 21:43:50+00:00,1777499030000,8390,23.67838,35.42592,1017.20001,66931
20260429-192359,-OrQBibv5c-YEYR9EVpb,2026-04-29 21:44:00+00:00,1777499040000,8400,23.68314,35.4432,1017.23999,66878
20260429-192359,-OrQBl3P8qehABrN0xVQ,2026-04-29 21:44:10+00:00,1777499050000,8410,23.68631,35.44911,1017.27002,66771
20260429-192359,-OrQBnVNQTkh3N592Xkt,2026-04-29 21:44:20+00:00,1777499060000,8420,23.68852,35.44933,1017.28003,67092
20260429-192359,-OrQBpwflNmvam63m3NU,2026-04-29 21:44:30+00:00,1777499070000,8430,23.69233,35.4553,1017.28998,66985
20260429-192359,-OrQBsNtHgwrzELxuYwT,2026-04-29 21:44:40+00:00,1777499080000,8440,23.69391,35.42741,1017.29999,66985
20260429-192359,-OrQBupA865fmC42dQ60,2026-04-29 21:44:50+00:00,1777499090000,8450,23.69518,35.37709,1017.29999,67470
20260429-192359,-OrQBxGLwQl7WFev8d9f,2026-04-29 21:45:00+00:00,1777499100000,8460,23.69835,35.33816,1017.31,66985
20260429-192359,-OrQBzhjCUQZfec3dVuJ,2026-04-29 21:45:10+00:00,1777499110000,8470,23.70088,35.3272,1017.29999,66931
20260429-192359,-OrQC18s9Mxs1mjR7Ikb,2026-04-29 21:45:20+00:00,1777499120000,8480,23.70279,35.34419,1017.28998,67092
20260429-192359,-OrQC3a97vGNLYMtlHok,2026-04-29 21:45:30+00:00,1777499130000,8490,23.70405,35.31629,1017.28998,67199
20260429-192359,-OrQC61K-y0ycKxEsRj6,2026-04-29 21:45:40+00:00,1777499140000,8500,23.7031,35.2994,1017.28998,67146
20260429-192359,-OrQC8T_uTSTYSaj0fIS,2026-04-29 21:45:50+00:00,1777499150000,8510,23.70405,35.26588,1017.26001,67308
20260429-192359,-OrQCAuqgtGqrphoflvI,2026-04-29 21:46:00+00:00,1777499160000,8520,23.70279,35.27696,1017.25,67525
20260429-192359,-OrQCDM8UgopXOJl_byi,2026-04-29 21:46:10+00:00,1777499170000,8530,23.70183,35.25446,1017.23999,67308
20260429-192359,-OrQCFrjJgx7uOP5Z3Ay,2026-04-29 21:46:20+00:00,1777499180000,8540,23.69898,35.26539,1017.22998,67362
20260429-192359,-OrQCIEhOI3jy1DiwxRy,2026-04-29 21:46:30+00:00,1777499190000,8550,23.69835,35.28214,1017.22998,67416
20260429-192359,-OrQCKg2nF9GFryRM4s2,2026-04-29 21:46:40+00:00,1777499200000,8560,23.69771,35.24287,1017.21997,66878
20260429-192359,-OrQCN76HEqpO-z8Evnk,2026-04-29 21:46:50+00:00,1777499210000,8570,23.69613,35.24832,1017.21002,67308
20260429-192359,-OrQCPZSwi_E993dr0Tn,2026-04-29 21:47:00+00:00,1777499220000,8580,23.6955,35.24825,1017.21002,67199
20260429-192359,-OrQCS-ru6APwynxDv3R,2026-04-29 21:47:10+00:00,1777499230000,8590,23.69581,35.27629,1017.19,67416
20260429-192359,-OrQCURrdkxwduKZFF2Z,2026-04-29 21:47:20+00:00,1777499240000,8600,23.6955,35.27626,1017.19,67092
20260429-192359,-OrQCWt5wL421_XOlciV,2026-04-29 21:47:30+00:00,1777499250000,8610,23.69423,35.28734,1017.21997,67470
20260429-192359,-OrQCZKT2EaEEbp5_6Nr,2026-04-29 21:47:40+00:00,1777499260000,8620,23.69296,35.28722,1017.26001,67416
20260429-192359,-OrQCalhSvHV7bLyE5KS,2026-04-29 21:47:50+00:00,1777499270000,8630,23.69233,35.30957,1017.27002,67362
20260429-192359,-OrQCdCsk47Z9Peg-aVQ,2026-04-29 21:48:00+00:00,1777499280000,8640,23.69233,35.30957,1017.28998,67308
20260429-192359,-OrQCfezJ006JeGV1zgr,2026-04-29 21:48:10+00:00,1777499290000,8650,23.69169,35.33752,1017.28003,67416
20260429-192359,-OrQCi5L9MtPxfxKVRVo,2026-04-29 21:48:20+00:00,1777499300000,8660,23.69201,35.33195,1017.28003,67199
20260429-192359,-OrQCkXe6wV_A2PIKx8m,2026-04-29 21:48:30+00:00,1777499310000,8670,23.69138,35.35991,1017.28003,66878
20260429-192359,-OrQCmypHIC_Nq-TvDKh,2026-04-29 21:48:40+00:00,1777499320000,8680,23.69169,35.40477,1017.27002,67253
20260429-192359,-OrQCpQ38BvMiHC0k3NG,2026-04-29 21:48:50+00:00,1777499330000,8690,23.69169,35.4328,1017.25,67038
20260429-192359,-OrQCrrJkiHgmoRu0T3_,2026-04-29 21:49:00+00:00,1777499340000,8700,23.69138,35.37111,1017.25,67308
20260429-192359,-OrQCuIj4I64N00V0btR,2026-04-29 21:49:10+00:00,1777499350000,8710,23.69201,35.33195,1017.23999,67579
20260429-192359,-OrQCwjvcB4whnpXYMwg,2026-04-29 21:49:20+00:00,1777499360000,8720,23.69328,35.34888,1017.23999,67199
20260429-192359,-OrQCzGgJDBWN5LtiVtO,2026-04-29 21:49:30+00:00,1777499370000,8730,23.69455,35.3434,1017.21997,67253
20260429-192359,-OrQD0cTPav3pUQHJYH_,2026-04-29 21:49:40+00:00,1777499380000,8740,23.69423,35.34337,1017.21002,67308
20260429-192359,-OrQD33a4WLQsaoUdH6U,2026-04-29 21:49:50+00:00,1777499390000,8750,23.69455,35.36021,1017.19,67362
20260429-192359,-OrQD5Vo4zLHgDs871UJ,2026-04-29 21:50:00+00:00,1777499400000,8760,23.69328,35.39371,1017.17999,67470
20260429-192359,-OrQD7xJet-9x6Z0GLI5,2026-04-29 21:50:10+00:00,1777499410000,8770,23.69296,35.37687,1017.17999,67253
20260429-192359,-OrQDAOLdduc5bEQ3Gf6,2026-04-29 21:50:20+00:00,1777499420000,8780,23.69233,35.35439,1017.17999,67146
20260429-192359,-OrQDCpaZDsQA4FrVaMX,2026-04-29 21:50:30+00:00,1777499430000,8790,23.69201,35.37678,1017.16998,67470
20260429-192359,-OrQDFGyPrnV6hUyonOh,2026-04-29 21:50:40+00:00,1777499440000,8800,23.69169,35.38235,1017.15002,67362
20260429-192359,-OrQDHi7j6pJK3717j2s,2026-04-29 21:50:50+00:00,1777499450000,8810,23.69043,35.38783,1017.15002,67308
20260429-192359,-OrQDK9PwXvrFyhMCnum,2026-04-29 21:51:00+00:00,1777499460000,8820,23.68821,35.39883,1017.19,67253
20260429-192359,-OrQDMa_H9wiAHIRIspN,2026-04-29 21:51:10+00:00,1777499470000,8830,23.68662,35.4155,1017.19,67579
20260429-192359,-OrQDP1rmvGvJ4iywK-m,2026-04-29 21:51:20+00:00,1777499480000,8840,23.68504,35.40414,1017.21002,67092
20260429-192359,-OrQDRUIBymQQdEut00B,2026-04-29 21:51:30+00:00,1777499490000,8850,23.6844,35.39286,1017.23999,67416
20260429-192359,-OrQDTvQpzvB6ZoG-6u_,2026-04-29 21:51:40+00:00,1777499500000,8860,23.68377,35.37038,1017.25,67362
20260429-192359,-OrQDWMZq9a6ETHS4rg3,2026-04-29 21:51:50+00:00,1777499510000,8870,23.68314,35.38713,1017.23999,67416
20260429-192359,-OrQDYoAHg2TkrIvjt7c,2026-04-29 21:52:00+00:00,1777499520000,8880,23.68282,35.35908,1017.23999,67470
20260429-192359,-OrQDaF1UQoMQMxc8ICl,2026-04-29 21:52:10+00:00,1777499530000,8890,23.68155,35.35896,1017.23999,67362
20260429-192359,-OrQDcgK88VcEEdh0hx1,2026-04-29 21:52:20+00:00,1777499540000,8900,23.68187,35.36459,1017.21997,67743
20260429-192359,-OrQDf7rTUCCQF-YA1PQ,2026-04-29 21:52:30+00:00,1777499550000,8910,23.68282,35.32546,1017.21002,67416
20260429-192359,-OrQDhfph0mPfKNR9PAp,2026-04-29 21:52:40+00:00,1777499560000,8920,23.68409,35.30877,1017.20001,67146
20260429-192359,-OrQDk08FqKyJRrjH87m,2026-04-29 21:52:50+00:00,1777499570000,8930,23.68535,35.33131,1017.20001,66985
20260429-192359,-OrQDmShM5RW2PsO4pae,2026-04-29 21:53:00+00:00,1777499580000,8940,23.68567,35.32013,1017.19,67038
20260429-192359,-OrQDotqywwNMwvK_drf,2026-04-29 21:53:10+00:00,1777499590000,8950,23.68631,35.30899,1017.19,67525
20260429-192359,-OrQDrKsIcVRRk-QK-o2,2026-04-29 21:53:20+00:00,1777499600000,8960,23.68599,35.30896,1017.17999,67579
20260429-192359,-OrQDtm3EG5JFmgr_4tX,2026-04-29 21:53:30+00:00,1777499610000,8970,23.68567,35.32013,1017.17999,67308
20260429-192359,-OrQDwDFk_VkaZCligBY,2026-04-29 21:53:40+00:00,1777499620000,8980,23.68504,35.33688,1017.16998,67362
20260429-192359,-OrQDye_eFcpriHQR6Pi,2026-04-29 21:53:50+00:00,1777499630000,8990,23.68504,35.30326,1017.21002,67579
20260429-192359,-OrQE05maJ8Nt2jeFZ2o,2026-04-29 21:54:00+00:00,1777499640000,9000,23.68409,35.34799,1017.22998,67199
20260429-192359,-OrQE2Y3c9-eaD_hDKqO,2026-04-29 21:54:10+00:00,1777499650000,9010,23.68314,35.35911,1017.22998,67308
20260429-192359,-OrQE4zOYlHOAbP_fjYI,2026-04-29 21:54:20+00:00,1777499660000,9020,23.68345,35.35914,1017.21997,67416
20260429-192359,-OrQE7QiC2Fp7SoE4fu7,2026-04-29 21:54:30+00:00,1777499670000,9030,23.68409,35.3592,1017.21997,67308
20260429-192359,-OrQE9sBlVY3fDg5cHh7,2026-04-29 21:54:40+00:00,1777499680000,9040,23.68345,35.34233,1017.21002,67416
20260429-192359,-OrQECJ6Fcy7CWLRjBr4,2026-04-29 21:54:50+00:00,1777499690000,9050,23.68187,35.32537,1017.19,67525
20260429-192359,-OrQEEkGzLxNA3wKAoK1,2026-04-29 21:55:00+00:00,1777499700000,9060,23.68123,35.33091,1017.19,67416
20260429-192359,-OrQEHBVRXYnc7KdGTJC,2026-04-29 21:55:10+00:00,1777499710000,9070,23.67997,35.35881,1017.16998,67362
20260429-192359,-OrQEJckSqzrRyI1eENS,2026-04-29 21:55:20+00:00,1777499720000,9080,23.67933,35.35314,1017.15997,67146
20260429-192359,-OrQEM47fYpQHPCHV6Ti,2026-04-29 21:55:30+00:00,1777499730000,9090,23.67838,35.33064,1017.15002,67416
20260429-192359,-OrQEOWHueHcFmFZ2Gl-,2026-04-29 21:55:40+00:00,1777499740000,9100,23.67743,35.31934,1017.15002,67308
20260429-192359,-OrQER1N662-rq9G6UM8,2026-04-29 21:55:50+00:00,1777499750000,9110,23.67648,35.31364,1017.13,67525
20260429-192359,-OrQETOpjEPE64-Lgbn4,2026-04-29 21:56:00+00:00,1777499760000,9120,23.67521,35.32473,1017.12,67470
20260429-192359,-OrQEVqIVxmdYzZhsWqJ,2026-04-29 21:56:10+00:00,1777499770000,9130,23.67299,35.35814,1017.10999,67416
20260429-192359,-OrQEYHFJjhh-RrCkCkd,2026-04-29 21:56:20+00:00,1777499780000,9140,23.67109,35.33554,1017.09998,67579
20260429-192359,-OrQE_iXJiyD3bSJ8EJ7,2026-04-29 21:56:30+00:00,1777499790000,9150,23.66919,35.32975,1017.12,67579
20260429-192359,-OrQEc9jR0qNUFYXja9p,2026-04-29 21:56:40+00:00,1777499800000,9160,23.66729,35.34077,1017.15002,67634
20260429-192359,-OrQEeb5cUbUsnNGXoUr,2026-04-29 21:56:50+00:00,1777499810000,9170,23.66507,35.3854,1017.16998,67579
20260429-192359,-OrQEh2EEg3bMkG4bxFO,2026-04-29 21:57:00+00:00,1777499820000,9180,23.66317,35.39081,1017.16998,67634
20260429-192359,-OrQEjUq-9FJd-z56OVI,2026-04-29 21:57:10+00:00,1777499830000,9190,23.65905,35.37921,1017.17999,67579
20260429-192359,-OrQElvi6FyE1v083CXs,2026-04-29 21:57:20+00:00,1777499840000,9200,23.65588,35.37329,1017.17999,67416
20260429-192359,-OrQEoMzainwBBqsdZfB,2026-04-29 21:57:30+00:00,1777499850000,9210,23.65334,35.35624,1017.19,67743
20260429-192359,-OrQEqoKzbKe-80MHuRH,2026-04-29 21:57:40+00:00,1777499860000,9220,23.65207,35.35052,1017.21002,67688
20260429-192359,-OrQEtG33cGVWF6o6yA0,2026-04-29 21:57:50+00:00,1777499870000,9230,23.65239,35.35055,1017.19,67525
20260429-192359,-OrQEvgm6rhtMv9xe-H1,2026-04-29 21:58:00+00:00,1777499880000,9240,23.65239,35.33934,1017.19,67362
20260429-192359,-OrQEy84JTuQb10BOrY-,2026-04-29 21:58:10+00:00,1777499890000,9250,23.65366,35.33946,1017.19,67688
20260429-192359,-OrQF-_IXB9Jki7HK7eK,2026-04-29 21:58:20+00:00,1777499900000,9260,23.65334,35.33944,1017.19,67634
20260429-192359,-OrQF20XNtW1-Yi9zau1,2026-04-29 21:58:30+00:00,1777499910000,9270,23.65334,35.33944,1017.20001,67470
20260429-192359,-OrQF4Sh9vA3kg2GgXns,2026-04-29 21:58:40+00:00,1777499920000,9280,23.65366,35.34507,1017.20001,67743
20260429-192359,-OrQF6u0lKY9IEhXfJN9,2026-04-29 21:58:50+00:00,1777499930000,9290,23.65303,35.34501,1017.17999,67579
20260429-192359,-OrQF9Oz5OuQL7QaKB84,2026-04-29 21:59:00+00:00,1777499940000,9300,23.65461,35.31715,1017.16998,67470
20260429-192359,-OrQFBmQPoY_sQLsMtbE,2026-04-29 21:59:10+00:00,1777499950000,9310,23.65429,35.31712,1017.17999,67525
20260429-192359,-OrQFEDgctwjFtAHoc_f,2026-04-29 21:59:20+00:00,1777499960000,9320,23.65683,35.31735,1017.16998,67362
20260429-192359,-OrQFGeux5fCZy9IUk_S,2026-04-29 21:59:30+00:00,1777499970000,9330,23.65841,35.3007,1017.15002,67199
20260429-192359,-OrQFJ6E8WYjtKL8ErGo,2026-04-29 21:59:40+00:00,1777499980000,9340,23.66127,35.30658,1017.15002,67470
20260429-192359,-OrQFLYRaCH7ZB6hkcp1,2026-04-29 21:59:50+00:00,1777499990000,9350,23.66285,35.32354,1017.13,67416
20260429-192359,-OrQFNzjH8-LUR8aIPio,2026-04-29 22:00:00+00:00,1777500000000,9360,23.66412,35.30125,1017.12,67634
20260429-192359,-OrQFQRPBdhTC3sKvYbR,2026-04-29 22:00:10+00:00,1777500010000,9370,23.66634,35.30706,1017.13,67470
20260429-192359,-OrQFSs9qodczjD885DK,2026-04-29 22:00:20+00:00,1777500020000,9380,23.66602,35.29583,1017.15997,67634
20260429-192359,-OrQFVJOHS-gVgzEr2Vo,2026-04-29 22:00:30+00:00,1777500030000,9390,23.6657,35.2902,1017.17999,68018
20260429-192359,-OrQFXkhxrjXc3gPChZk,2026-04-29 22:00:40+00:00,1777500040000,9400,23.66475,35.29571,1017.20001,67579
20260429-192359,-OrQF_BwbkujRWvpvheT,2026-04-29 22:00:50+00:00,1777500050000,9410,23.66444,35.31249,1017.20001,67743
20260429-192359,-OrQFbdAdxrdcrDaAsZL,2026-04-29 22:01:00+00:00,1777500060000,9420,23.6638,35.31803,1017.19,67853
20260429-192359,-OrQFe4RlTne2c7hQdT7,2026-04-29 22:01:10+00:00,1777500070000,9430,23.66412,35.32366,1017.19,67579
20260429-192359,-OrQFgWf_NpmAi9nWFL4,2026-04-29 22:01:20+00:00,1777500080000,9440,23.6638,35.32364,1017.19,67634
20260429-192359,-OrQFiy8pwJWuOV9bWld,2026-04-29 22:01:30+00:00,1777500090000,9450,23.66444,35.32369,1017.17999,67688
20260429-192359,-OrQFlP6tLbKyRY_OrLE,2026-04-29 22:01:40+00:00,1777500100000,9460,23.66507,35.31815,1017.17999,67470
20260429-192359,-OrQFnqYXZMcQI-8Jgkl,2026-04-29 22:01:50+00:00,1777500110000,9470,23.66602,35.30704,1017.17999,68018
20260429-192359,-OrQFqHfovdizxyFCtRo,2026-04-29 22:02:00+00:00,1777500120000,9480,23.66792,35.30162,1017.16998,67146
20260429-192359,-OrQFsnMPdYhX_WVlkcL,2026-04-29 22:02:10+00:00,1777500130000,9490,23.67077,35.27389,1017.15997,67525
20260429-192359,-OrQFvA9EfAdoSzQbe1E,2026-04-29 22:02:20+00:00,1777500140000,9500,23.67268,35.28527,1017.15997,67308
20260429-192359,-OrQFxbT3DAH6Y5fk_k5,2026-04-29 22:02:30+00:00,1777500150000,9510,23.67426,35.26862,1017.15997,67525
20260429-192359,-OrQG-2dCRkapfC7lnr9,2026-04-29 22:02:40+00:00,1777500160000,9520,23.67458,35.29105,1017.15997,67416
20260429-192359,-OrQG1UsZ831oA0A0tN3,2026-04-29 22:02:50+00:00,1777500170000,9530,23.67553,35.26874,1017.15002,67634
20260429-192359,-OrQG3w7VhI4wWzMiU9s,2026-04-29 22:03:00+00:00,1777500180000,9540,23.6768,35.28006,1017.14001,67308
20260429-192359,-OrQG6NMVNRUCPHQYZEW,2026-04-29 22:03:10+00:00,1777500190000,9550,23.67648,35.28564,1017.13,67362
20260429-192359,-OrQG8oatfSsDzyoEYK0,2026-04-29 22:03:20+00:00,1777500200000,9560,23.67806,35.29699,1017.10999,67416
20260429-192359,-OrQGBFtBGT_qRop4pv-,2026-04-29 22:03:30+00:00,1777500210000,9570,23.6787,35.30265,1017.12,67416
20260429-192359,-OrQGDh6LIUmK9SSZcJM,2026-04-29 22:03:40+00:00,1777500220000,9580,23.68028,35.30841,1017.12,67525
20260429-192359,-OrQGG8SFOmWwXAJLPc3,2026-04-29 22:03:50+00:00,1777500230000,9590,23.68123,35.3029,1017.15997,67525
20260429-192359,-OrQGI__hZ66WhoMcgLE,2026-04-29 22:04:00+00:00,1777500240000,9600,23.68123,35.28049,1017.19,67798
20260429-192359,-OrQGL0pj4VLplhaCCUE,2026-04-29 22:04:10+00:00,1777500250000,9610,23.6806,35.29163,1017.19,67199
20260429-192359,-OrQGNTBIMf0CQFQLt7X,2026-04-29 22:04:20+00:00,1777500260000,9620,23.6787,35.29705,1017.20001,67579
20260429-192359,-OrQGPuPc2RVN_7Ezswr,2026-04-29 22:04:30+00:00,1777500270000,9630,23.67775,35.31377,1017.20001,67634
20260429-192359,-OrQGSLbihOR7jsQl6gG,2026-04-29 22:04:40+00:00,1777500280000,9640,23.6768,35.30807,1017.21002,67743
20260429-192359,-OrQGUmsuaBVGZWCkU_L,2026-04-29 22:04:50+00:00,1777500290000,9650,23.67521,35.33594,1017.20001,67308
20260429-192359,-OrQGXE5wkNHY-3Mg5ZT,2026-04-29 22:05:00+00:00,1777500300000,9660,23.67268,35.31328,1017.19,67525
20260429-192359,-OrQGZfcGBLe188h3qYh,2026-04-29 22:05:10+00:00,1777500310000,9670,23.67077,35.3019,1017.17999,67579
20260429-192359,-OrQGbB2hfB3RzYiTls5,2026-04-29 22:05:20+00:00,1777500320000,9680,23.66887,35.32412,1017.16998,67470
20260429-192359,-OrQGdZ3wp6FLBzlcPqc,2026-04-29 22:05:30+00:00,1777500330000,9690,23.66792,35.32403,1017.15997,67470
20260429-192359,-OrQGg-5O5hjQaWoXUw0,2026-04-29 22:05:40+00:00,1777500340000,9700,23.66887,35.30731,1017.15997,67308
20260429-192359,-OrQGiROUmcDo1pJqlgM,2026-04-29 22:05:50+00:00,1777500350000,9710,23.66951,35.33538,1017.15002,67470
20260429-192359,-OrQGkscrblk8C0Qnxyk,2026-04-29 22:06:00+00:00,1777500360000,9720,23.66824,35.35768,1017.14001,67634
20260429-192359,-OrQGnJq7jGG0IghtDL1,2026-04-29 22:06:10+00:00,1777500370000,9730,23.66919,35.36337,1017.13,67199
20260429-192359,-OrQGpl2BOehnJ_cmyz-,2026-04-29 22:06:20+00:00,1777500380000,9740,23.67014,35.34666,1017.13,67579
20260429-192359,-OrQGsCUZPFCTvFYc7XP,2026-04-29 22:06:30+00:00,1777500390000,9750,23.67046,35.32426,1017.12,67688
20260429-192359,-OrQGudXNF4clyOLdiUW,2026-04-29 22:06:40+00:00,1777500400000,9760,23.67014,35.31864,1017.10999,67199
20260429-192359,-OrQGx4xpKT7BxJPGlsx,2026-04-29 22:06:50+00:00,1777500410000,9770,23.67046,35.30746,1017.10999,67253
20260429-192359,-OrQGzX3D0ne6TTXEE-q,2026-04-29 22:07:00+00:00,1777500420000,9780,23.66951,35.28496,1017.10999,67308
20260429-192359,-OrQH0yJlsD5hHjjmCEI,2026-04-29 22:07:10+00:00,1777500430000,9790,23.66951,35.30737,1017.10999,67199
20260429-192359,-OrQH3P_Yere3OwjBdDl,2026-04-29 22:07:20+00:00,1777500440000,9800,23.66824,35.30725,1017.09998,67308
20260429-192359,-OrQH5qon91f9mDmiUC9,2026-04-29 22:07:30+00:00,1777500450000,9810,23.66824,35.30165,1017.09003,67308
20260429-192359,-OrQH8II7toOZzqRgNnT,2026-04-29 22:07:40+00:00,1777500460000,9820,23.66697,35.29032,1017.09003,67470
20260429-192359,-OrQHAjQANMwgZzpn4U2,2026-04-29 22:07:50+00:00,1777500470000,9830,23.66729,35.29595,1017.09003,67798
20260429-192359,-OrQHDA_iACTkE7GJ88l,2026-04-29 22:08:00+00:00,1777500480000,9840,23.66665,35.2847,1017.08002,67525
20260429-192359,-OrQHFbzmqlHFBdBNQnp,2026-04-29 22:08:10+00:00,1777500490000,9850,23.66761,35.30159,1017.09003,68073
20260429-192359,-OrQHI32po8q3MVcr4EH,2026-04-29 22:08:20+00:00,1777500500000,9860,23.66697,35.30713,1017.08002,67634
20260429-192359,-OrQHK_2nZSsk-KlgxRl,2026-04-29 22:08:30+00:00,1777500510000,9870,23.66856,35.30168,1017.08002,67470
20260429-192359,-OrQHMwXzlzQtJjoomKt,2026-04-29 22:08:40+00:00,1777500520000,9880,23.66982,35.31301,1017.08002,67470
20260429-192359,-OrQHPNngtuBpCW2pvmH,2026-04-29 22:08:50+00:00,1777500530000,9890,23.66824,35.29045,1017.07001,67688
20260429-192359,-OrQHRp6B3Zn86owpIYI,2026-04-29 22:09:00+00:00,1777500540000,9900,23.66856,35.28488,1017.07001,67525
20260429-192359,-OrQHUGRpnN2S30bw-JF,2026-04-29 22:09:10+00:00,1777500550000,9910,23.66919,35.27934,1017.06,67308
20260429-192359,-OrQHWheXPqPFgY-i3nW,2026-04-29 22:09:20+00:00,1777500560000,9920,23.66856,35.31289,1017.03998,67579
20260429-192359,-OrQHZ8n01eUgHwWYkPT,2026-04-29 22:09:30+00:00,1777500570000,9930,23.66792,35.32963,1017.03003,67579
20260429-192359,-OrQHaa1SD71Bfp8XF4U,2026-04-29 22:09:40+00:00,1777500580000,9940,23.66665,35.32391,1017.03003,67308
20260429-192359,-OrQHd1Kc57h0dwXNF3Z,2026-04-29 22:09:50+00:00,1777500590000,9950,23.66475,35.31812,1017.03003,67253
20260429-192359,-OrQHfTWnrlkeMtV9jwe,2026-04-29 22:10:00+00:00,1777500600000,9960,23.66444,35.31809,1017.03003,67579
20260429-192359,-OrQHhvAldQU1WMKYqcb,2026-04-29 22:10:10+00:00,1777500610000,9970,23.66317,35.30676,1017.03998,67853
20260429-192359,-OrQHkM-2uBzx81ZkBfY,2026-04-29 22:10:20+00:00,1777500620000,9980,23.66127,35.32339,1017.03003,67416
20260429-192359,-OrQHmnJJZuEA7CMXeBK,2026-04-29 22:10:30+00:00,1777500630000,9990,23.66222,35.32908,1017.03003,67579
20260429-192359,-OrQHpEW0fX3Te8a7nob,2026-04-29 22:10:40+00:00,1777500640000,10000,23.66285,35.34035,1017.02002,67525
20260429-192359,-OrQHrflYGj4mR_zVJKS,2026-04-29 22:10:50+00:00,1777500650000,10010,23.66349,35.33481,1017.03003,67308
20260429-192359,-OrQHu6zeUN-hhJV_wnS,2026-04-29 22:11:00+00:00,1777500660000,10020,23.66222,35.34589,1017.03003,67525
20260429-192359,-OrQHwZPL5_1a7zkX9uQ,2026-04-29 22:11:10+00:00,1777500670000,10030,23.66222,35.34029,1017.03003,67470
20260429-192359,-OrQHz-WF8x07iYA5a8s,2026-04-29 22:11:20+00:00,1777500680000,10040,23.66032,35.3121,1017.03003,67579
20260429-192359,-OrQI0Ro9egak8aUQeuc,2026-04-29 22:11:30+00:00,1777500690000,10050,23.65968,35.31763,1017.03003,67579
20260429-192359,-OrQI2xtaznipNw93eSk,2026-04-29 22:11:40+00:00,1777500700000,10060,23.65936,35.3232,1017.02002,67308
20260429-192359,-OrQI5KZ9UoR6pYBYhOk,2026-04-29 22:11:50+00:00,1777500710000,10070,23.65905,35.33438,1017.02002,67470
20260429-192359,-OrQI7lWFZ7_toHzIZR2,2026-04-29 22:12:00+00:00,1777500720000,10080,23.65873,35.32315,1017.02002,67416
20260429-192359,-OrQIACl9Qq9fv4nfODO,2026-04-29 22:12:10+00:00,1777500730000,10090,23.65841,35.32311,1017.01001,67634
20260429-192359,-OrQICe19u02kKdPtZi1,2026-04-29 22:12:20+00:00,1777500740000,10100,23.65746,35.31742,1017.01001,67525
20260429-192359,-OrQIF5KZCEdd2A4u8Xx,2026-04-29 22:12:30+00:00,1777500750000,10110,23.65841,35.3119,1017.01001,67308
20260429-192359,-OrQIHXWNbKczEm57Pkj,2026-04-29 22:12:40+00:00,1777500760000,10120,23.65873,35.30074,1017.01001,67362
20260429-192359,-OrQIJzOlwwcTG9yvhMz,2026-04-29 22:12:50+00:00,1777500770000,10130,23.65778,35.30624,1017.0,67416
20260429-192359,-OrQIMQ6_tIZy06_W5Ou,2026-04-29 22:13:00+00:00,1777500780000,10140,23.65841,35.32872,1017.0,67743
20260429-192359,-OrQIOrBvYsFQ59vjS7f,2026-04-29 22:13:10+00:00,1777500790000,10150,23.65936,35.3288,1017.0,67579
20260429-192359,-OrQIRIn1RmBy4IMgSOs,2026-04-29 22:13:20+00:00,1777500800000,10160,23.65841,35.31751,1016.98999,67416
20260429-192359,-OrQITjh7SjT0n-_z2P0,2026-04-29 22:13:30+00:00,1777500810000,10170,23.65778,35.31745,1016.98999,67579
20260429-192359,-OrQIWB5h0C0r54hz1Q4,2026-04-29 22:13:40+00:00,1777500820000,10180,23.65651,35.32293,1016.98999,67579
20260429-192359,-OrQIYcUy7PlMUpRhVri,2026-04-29 22:13:50+00:00,1777500830000,10190,23.65556,35.33405,1016.98999,67308
20260429-192359,-OrQIa3YKWzOlmsRtLi0,2026-04-29 22:14:00+00:00,1777500840000,10200,23.65334,35.34504,1016.97998,67416
20260429-192359,-OrQIcVlag2s3LQ5JFBu,2026-04-29 22:14:10+00:00,1777500850000,10210,23.65207,35.33371,1016.96997,67308
20260429-192359,-OrQIewxUrJZL4_KZ8xm,2026-04-29 22:14:20+00:00,1777500860000,10220,23.65017,35.32793,1016.96997,67416
20260429-192359,-OrQIhOCP31jR8RvRon_,2026-04-29 22:14:30+00:00,1777500870000,10230,23.64954,35.34467,1017.0,67416
20260429-192359,-OrQIjzoC57qttJyV-bs,2026-04-29 22:14:40+00:00,1777500880000,10240,23.64922,35.35025,1017.03998,67634
20260429-192359,-OrQImYITiVM9PV9Q7hs,2026-04-29 22:14:50+00:00,1777500890000,10250,23.64827,35.35575,1017.07001,67634
20260429-192359,-OrQIohuYzzppWi9DdrO,2026-04-29 22:15:00+00:00,1777500900000,10260,23.64542,35.36109,1017.07001,67579
20260429-192359,-OrQIr9IKg0RClDqj1-p,2026-04-29 22:15:10+00:00,1777500910000,10270,23.6451,35.33304,1017.08002,67743
20260429-192359,-OrQItaPk5atHSH9Cydm,2026-04-29 22:15:20+00:00,1777500920000,10280,23.6451,35.34985,1017.08002,67525
20260429-192359,-OrQIw1wE6IbjqLcdzlg,2026-04-29 22:15:30+00:00,1777500930000,10290,23.64669,35.32759,1017.08002,67579
20260429-192359,-OrQIyTuxNhoFjrYZLih,2026-04-29 22:15:40+00:00,1777500940000,10300,23.64669,35.3444,1017.07001,67525
20260429-192359,-OrQJ-vONBA7pxb9voNq,2026-04-29 22:15:50+00:00,1777500950000,10310,23.64605,35.35555,1017.07001,67525
20260429-192359,-OrQJ2MOoQa-TTWMtYAy,2026-04-29 22:16:00+00:00,1777500960000,10320,23.64479,35.35542,1017.07001,67470
20260429-192359,-OrQJ4nrFBtt3L_6Aqvh,2026-04-29 22:16:10+00:00,1777500970000,10330,23.64352,35.3609,1017.04999,67579
20260429-192359,-OrQJ7EwAnl8xJRKpkjd,2026-04-29 22:16:20+00:00,1777500980000,10340,23.64288,35.34964,1017.04999,67525
20260429-192359,-OrQJ9gIoQdHNzJF-avz,2026-04-29 22:16:30+00:00,1777500990000,10350,23.64225,35.33837,1017.04999,67199
20260429-192359,-OrQJC7QCCUx00W3b_sR,2026-04-29 22:16:40+00:00,1777501000000,10360,23.64352,35.3441,1017.04999,67253
20260429-192359,-OrQJEZwc9xlFSB8ilwe,2026-04-29 22:16:50+00:00,1777501010000,10370,23.64415,35.33295,1017.03003,67579
20260429-192359,-OrQJH04Mk4_y2bhX5Tr,2026-04-29 22:17:00+00:00,1777501020000,10380,23.64415,35.32735,1017.03003,67470
20260429-192359,-OrQJJSL4SBefeA8M4HQ,2026-04-29 22:17:10+00:00,1777501030000,10390,23.64415,35.33855,1017.02002,67362
20260429-192359,-OrQJLtSNrNVPhlYzsSi,2026-04-29 22:17:20+00:00,1777501040000,10400,23.64225,35.36638,1017.01001,67416
20260429-192359,-OrQJOKbmNMGS49mlvk-,2026-04-29 22:17:30+00:00,1777501050000,10410,23.64225,35.37199,1017.0,67416
20260429-192359,-OrQJQlt-X54Mwx2kpti,2026-04-29 22:17:40+00:00,1777501060000,10420,23.64193,35.35515,1016.98999,67470
20260429-192359,-OrQJTD6oA2cUfBUxVln,2026-04-29 22:17:50+00:00,1777501070000,10430,23.64098,35.34385,1016.97998,67308
20260429-192359,-OrQJViiPYxfQfAiJPa7,2026-04-29 22:18:00+00:00,1777501080000,10440,23.6394,35.36051,1016.96997,67470
20260429-192359,-OrQJY7CmgoX9iwRcCVb,2026-04-29 22:18:10+00:00,1777501090000,10450,23.63845,35.35481,1016.97998,67253
20260429-192359,-OrQJ_Y-I8F7D8FqoJ4v,2026-04-29 22:18:20+00:00,1777501100000,10460,23.63813,35.3716,1016.96997,67579
20260429-192359,-OrQJbzn4WsY_JrSE0Cw,2026-04-29 22:18:30+00:00,1777501110000,10470,23.63845,35.35481,1016.96002,67634
20260429-192359,-OrQJeQMdqkHdOJU_y1p,2026-04-29 22:18:40+00:00,1777501120000,10480,23.63845,35.36041,1016.96002,67416
20260429-192359,-OrQJgrpKebJmpnakBEi,2026-04-29 22:18:50+00:00,1777501130000,10490,23.63845,35.35481,1016.95001,67634
20260429-192359,-OrQJjIs2Bjs_FIKNdY1,2026-04-29 22:19:00+00:00,1777501140000,10500,23.63845,35.35481,1016.95001,67525
20260429-192359,-OrQJlkSZwPLFN_R-FL_,2026-04-29 22:19:10+00:00,1777501150000,10510,23.6394,35.37172,1016.95001,67416
20260429-192359,-OrQJoBVEA0Us3OtOrGF,2026-04-29 22:19:20+00:00,1777501160000,10520,23.64003,35.36617,1016.95001,67525
20260429-192359,-OrQJqccl-0BQj2DzaDQ,2026-04-29 22:19:30+00:00,1777501170000,10530,23.6394,35.36051,1016.94,67362
20260429-192359,-OrQJt3xVy5EZNzqi21i,2026-04-29 22:19:40+00:00,1777501180000,10540,23.64035,35.3606,1016.95001,67308
20260429-192359,-OrQJvWAO29NPXCsmAhH,2026-04-29 22:19:50+00:00,1777501190000,10550,23.6413,35.36069,1016.98999,67470
20260429-192359,-OrQJxxOD78ppqK-BxGm,2026-04-29 22:20:00+00:00,1777501200000,10560,23.64067,35.35503,1017.02002,67416
20260429-192359,-OrQK-OblhVClT3n6ogk,2026-04-29 22:20:10+00:00,1777501210000,10570,23.64067,35.35503,1017.03003,67579
20260429-192359,-OrQK1prIxP0DbH2LWB3,2026-04-29 22:20:20+00:00,1777501220000,10580,23.64225,35.34957,1017.03998,67308
20260429-192359,-OrQK4HGUxs7kspf52gz,2026-04-29 22:20:30+00:00,1777501230000,10590,23.6432,35.36087,1017.03003,67416
20260429-192359,-OrQK6iOlLe61LSzKSYq,2026-04-29 22:20:40+00:00,1777501240000,10600,23.64415,35.36657,1017.02002,67308
20260429-192359,-OrQK99g5lV_t0fXtKFt,2026-04-29 22:20:50+00:00,1777501250000,10610,23.64479,35.39465,1017.0,67525
20260429-192359,-OrQKBavCYBKDeHKT0a4,2026-04-29 22:21:00+00:00,1777501260000,10620,23.6451,35.38908,1016.98999,67362
20260429-192359,-OrQKEEUrNNtAuL-CWqn,2026-04-29 22:21:10+00:00,1777501270000,10630,23.6451,35.38908,1017.0,67470
20260429-192359,-OrQKGULfQmTr7JO3ID4,2026-04-29 22:21:20+00:00,1777501280000,10640,23.6451,35.36666,1016.98999,67579
20260429-192359,-OrQKIvtgh8ieRfnTpO8,2026-04-29 22:21:30+00:00,1777501290000,10650,23.64574,35.37793,1016.96997,67470
20260429-192359,-OrQKLMot-1-8YLsYF_z,2026-04-29 22:21:40+00:00,1777501300000,10660,23.64542,35.37229,1016.96997,67362
20260429-192359,-OrQKNoMYHbDrHwoEqpC,2026-04-29 22:21:50+00:00,1777501310000,10670,23.64637,35.37799,1016.96997,67362
20260429-192359,-OrQKQFKPo62n2y2c5I2,2026-04-29 22:22:00+00:00,1777501320000,10680,23.64637,35.3892,1016.96997,67253
20260429-192359,-OrQKSg_mv0MJXzOkctQ,2026-04-29 22:22:10+00:00,1777501330000,10690,23.64795,35.37815,1016.95001,67470
20260429-192359,-OrQKV7tz49L9uyK2W9Z,2026-04-29 22:22:20+00:00,1777501340000,10700,23.65017,35.38396,1016.94,67470
20260429-192359,-OrQKX_3VtkdDNW0Ed6E,2026-04-29 22:22:30+00:00,1777501350000,10710,23.65176,35.38972,1016.94,67199
20260429-192359,-OrQK_0Mkin5n0WSF8zu,2026-04-29 22:22:40+00:00,1777501360000,10720,23.65239,35.38417,1016.92999,67253
20260429-192359,-OrQKbSjohc5Mh3FuJmJ,2026-04-29 22:22:50+00:00,1777501370000,10730,23.65144,35.39529,1016.90997,67199
20260429-192359,-OrQKdtx7nbrFjKK77mZ,2026-04-29 22:23:00+00:00,1777501380000,10740,23.65017,35.38957,1016.90002,67308
20260429-192359,-OrQKgLBwh_2cWuEP9IE,2026-04-29 22:23:10+00:00,1777501390000,10750,23.64922,35.38387,1016.89001,67308
20260429-192359,-OrQKimKPYh-8VehounB,2026-04-29 22:23:20+00:00,1777501400000,10760,23.64827,35.39499,1016.89001,67416
20260429-192359,-OrQKlDaYJ2WCmnjRwi0,2026-04-29 22:23:30+00:00,1777501410000,10770,23.64732,35.40611,1016.88,67362
20260429-192359,-OrQKneqvuAngApRq5ra,2026-04-29 22:23:40+00:00,1777501420000,10780,23.64669,35.38924,1016.89001,67470
20260429-192359,-OrQKq6OC0hGzLaMc7b6,2026-04-29 22:23:50+00:00,1777501430000,10790,23.64605,35.39477,1016.89001,67199
20260429-192359,-OrQKsYIqpaWFvrPGvUi,2026-04-29 22:24:00+00:00,1777501440000,10800,23.64605,35.40599,1016.89001,67416
20260429-192359,-OrQKuzapLWc2PNuYITI,2026-04-29 22:24:10+00:00,1777501450000,10810,23.64542,35.41153,1016.89001,67308
20260429-192359,-OrQKxV_GP9F82vk85kP,2026-04-29 22:24:20+00:00,1777501460000,10820,23.64415,35.40019,1016.88,67416
20260429-192359,-OrQKzsjkviEX41vFgWp,2026-04-29 22:24:30+00:00,1777501470000,10830,23.64384,35.41698,1016.89001,67253
20260429-192359,-OrQL1JKpiUyb98ENsT1,2026-04-29 22:24:40+00:00,1777501480000,10840,23.64193,35.40559,1016.88,67470
20260429-192359,-OrQL3kVmBGw2YjU_2vF,2026-04-29 22:24:50+00:00,1777501490000,10850,23.64257,35.41125,1016.88,67470
20260429-192359,-OrQL6BssSZbyQV7b_4E,2026-04-29 22:25:00+00:00,1777501500000,10860,23.64352,35.41135,1016.85999,67199
20260429-192359,-OrQL8d2PO0ets3-5n0a,2026-04-29 22:25:10+00:00,1777501510000,10870,23.64288,35.4281,1016.92999,67199
20260429-192359,-OrQLB4Gbv_bjtOalqiL,2026-04-29 22:25:20+00:00,1777501520000,10880,23.64257,35.41686,1016.96002,67199
20260429-192359,-OrQLDWWZMt2IshLxUL1,2026-04-29 22:25:30+00:00,1777501530000,10890,23.64384,35.4338,1016.97998,67416
20260429-192359,-OrQLFxlLWFS179_KMTi,2026-04-29 22:25:40+00:00,1777501540000,10900,23.64352,35.41135,1016.98999,66878
20260429-192359,-OrQLIP1ZQbnyPdXqTps,2026-04-29 22:25:50+00:00,1777501550000,10910,23.64384,35.40577,1016.97998,67308
20260429-192359,-OrQLKqOrO6oCLeQdbLV,2026-04-29 22:26:00+00:00,1777501560000,10920,23.64447,35.41144,1016.96002,67308
20260429-192359,-OrQLNHbTBYOS1w6fC75,2026-04-29 22:26:10+00:00,1777501570000,10930,23.64352,35.50106,1016.96997,67146
20260429-192359,-OrQLPjPhD3NVAJAEnHO,2026-04-29 22:26:20+00:00,1777501580000,10940,23.64288,35.53466,1016.96002,66985
20260429-192359,-OrQLSA5a2gd90U5CMZ9,2026-04-29 22:26:30+00:00,1777501590000,10950,23.64162,35.47845,1016.96002,67146
20260429-192359,-OrQLUbMjeSEr6w7--Rt,2026-04-29 22:26:40+00:00,1777501600000,10960,23.6394,35.4502,1016.95001,67199
20260429-192359,-OrQLX2XnX5k9j6trhBS,2026-04-29 22:26:50+00:00,1777501610000,10970,23.63718,35.42195,1016.94,67253
20260429-192359,-OrQLZUpUDdCuYYKrj0d,2026-04-29 22:27:00+00:00,1777501620000,10980,23.63528,35.42737,1016.92999,67308
20260429-192359,-OrQLaw3GH7QmQFMSmiw,2026-04-29 22:27:10+00:00,1777501630000,10990,23.63496,35.41613,1016.90997,67470
20260429-192359,-OrQLg4ZDBOawA_C3nlC,2026-04-29 22:27:30+00:00,1777501650000,11010,23.63559,35.43861,1016.89001,66985
20260429-192359,-OrQLiLYZMNSqjcEGkJN,2026-04-29 22:27:40+00:00,1777501660000,11020,23.63623,35.4611,1016.90002,66718
20260429-192359,-OrQLkmo72bXAT1DA23G,2026-04-29 22:27:50+00:00,1777501670000,11030,23.63655,35.43871,1016.89001,66718
20260429-192359,-OrQLnE8CnbCAe70pJFL,2026-04-29 22:28:00+00:00,1777501680000,11040,23.63686,35.42191,1016.88,66985
20260429-192359,-OrQLpfKPqX7RPjA7Z03,2026-04-29 22:28:10+00:00,1777501690000,11050,23.63718,35.42195,1016.90002,67199
20260429-192359,-OrQLs6Z9ac0AOSA06XU,2026-04-29 22:28:20+00:00,1777501700000,11060,23.63813,35.41644,1016.90002,67199
20260429-192359,-OrQLuYn-v6UAmQ_L7Xc,2026-04-29 22:28:30+00:00,1777501710000,11070,23.64098,35.42231,1016.89001,67146
20260429-192359,-OrQLx-35brMbc-b_xbe,2026-04-29 22:28:40+00:00,1777501720000,11080,23.64542,35.46199,1016.88,67038
20260429-192359,-OrQLzRL7OGb7aH7_wCS,2026-04-29 22:28:50+00:00,1777501730000,11090,23.64859,35.41183,1016.87,67146
20260429-192359,-OrQM0s_R3upDJMAffrY,2026-04-29 22:29:00+00:00,1777501740000,11100,23.65176,35.41214,1016.87,67416
20260429-192359,-OrQM3JzyJN4g1mVTUVE,2026-04-29 22:29:10+00:00,1777501750000,11110,23.65461,35.40681,1016.87,67253
20260429-192359,-OrQM5l4gQiCrtrqdmdH,2026-04-29 22:29:20+00:00,1777501760000,11120,23.65493,35.41245,1016.85999,67146
20260429-192359,-OrQM8COpMukDhAn_tMi,2026-04-29 22:29:30+00:00,1777501770000,11130,23.65461,35.42363,1016.84998,67416
20260429-192359,-OrQMAdWIkePU9DQZ9x0,2026-04-29 22:29:40+00:00,1777501780000,11140,23.65556,35.41811,1016.85999,67416
20260429-192359,-OrQMD4nYwW5CLiiXHtB,2026-04-29 22:29:50+00:00,1777501790000,11150,23.65461,35.42923,1016.87,67634
20260429-192359,-OrQMFXAhCZ9j7mbnpeY,2026-04-29 22:30:00+00:00,1777501800000,11160,23.65271,35.42905,1016.84998,67416
20260429-192359,-OrQMHyL6z4NNVY_MjWc,2026-04-29 22:30:10+00:00,1777501810000,11170,23.65017,35.44563,1016.84998,67038
20260429-192359,-OrQMKPhPIbaCTAmGisO,2026-04-29 22:30:20+00:00,1777501820000,11180,23.64827,35.43423,1016.83002,67416
20260429-192359,-OrQMMqkAfOaJBLVmYVo,2026-04-29 22:30:30+00:00,1777501830000,11190,23.64859,35.45108,1016.83002,66878
20260429-192359,-OrQMPNzzqc1hOUZaXbx,2026-04-29 22:30:40+00:00,1777501840000,11200,23.64891,35.46793,1016.84003,67146
20260429-192359,-OrQMRjSfVQEpDbcEeNg,2026-04-29 22:30:50+00:00,1777501850000,11210,23.64891,35.53524,1016.82001,66985
20260429-192359,-OrQMUAVA5ho61sYninV,2026-04-29 22:31:00+00:00,1777501860000,11220,23.64922,35.58578,1016.82001,67146
20260429-192359,-OrQMWboSLoYgW6wDr_X,2026-04-29 22:31:10+00:00,1777501870000,11230,23.64922,35.597,1016.82001,66824
20260429-192359,-OrQMZ3c6cqls7JV7Odu,2026-04-29 22:31:20+00:00,1777501880000,11240,23.64891,35.5689,1016.81,67092
20260429-192359,-OrQMaVL99TsabDRWwpi,2026-04-29 22:31:30+00:00,1777501890000,11250,23.64954,35.55774,1016.81,66878
20260429-192359,-OrQMcwWBEcYpBwpDHLI,2026-04-29 22:31:40+00:00,1777501900000,11260,23.64922,35.54088,1016.79999,67092
20260429-192359,-OrQMfOMdrt_Ww7XRRa8,2026-04-29 22:31:50+00:00,1777501910000,11270,23.65017,35.54659,1016.78998,67199
20260429-192359,-OrQMhp1YA3Opu9jxvFN,2026-04-29 22:32:00+00:00,1777501920000,11280,23.64986,35.55217,1016.79999,66771
20260429-192359,-OrQMkGGmmgyyA7nVhI5,2026-04-29 22:32:10+00:00,1777501930000,11290,23.65049,35.55222,1016.78998,66771
20260429-192359,-OrQMmhUdVz-uKAZsDUx,2026-04-29 22:32:20+00:00,1777501940000,11300,23.64827,35.55201,1016.82001,67092
20260429-192359,-OrQMp8p8JSR2H_AUgGD,2026-04-29 22:32:30+00:00,1777501950000,11310,23.64764,35.55196,1016.85999,66985
20260429-192359,-OrQMraPLUokXnxhjsH3,2026-04-29 22:32:40+00:00,1777501960000,11320,23.6451,35.55171,1016.87,66824
20260429-192359,-OrQMu1HiphINU-rPKDs,2026-04-29 22:32:50+00:00,1777501970000,11330,23.64447,35.56848,1016.88,67199
20260429-192359,-OrQMwTUBQAIzXjSgTVP,2026-04-29 22:33:00+00:00,1777501980000,11340,23.64574,35.5686,1016.90002,66665
20260429-192359,-OrQMyuokQMsxYApOMwV,2026-04-29 22:33:10+00:00,1777501990000,11350,23.64827,35.55201,1016.89001,66612
20260429-192359,-OrQN0M3CLT98QeZzN5Q,2026-04-29 22:33:20+00:00,1777502000000,11360,23.65207,35.55238,1016.89001,67308
20260429-192359,-OrQN2nCI2l8RZkFK7Ub,2026-04-29 22:33:30+00:00,1777502010000,11370,23.65334,35.55811,1016.87,66878
20260429-192359,-OrQN5EaF3TZHHpbyo3R,2026-04-29 22:33:40+00:00,1777502020000,11380,23.65303,35.55809,1016.87,66878
20260429-192359,-OrQN7lLdhXZiKgQpQVg,2026-04-29 22:33:50+00:00,1777502030000,11390,23.65176,35.5748,1016.84998,67038
20260429-192359,-OrQNA72H9-PrpkqfQVr,2026-04-29 22:34:00+00:00,1777502040000,11400,23.65049,35.55222,1016.84003,66878
20260429-192359,-OrQNCZexztpgSdpo0Sv,2026-04-29 22:34:10+00:00,1777502050000,11410,23.65049,35.55222,1016.84003,66771
20260429-192359,-OrQNF-WpSvx1KrzmWD7,2026-04-29 22:34:20+00:00,1777502060000,11420,23.65144,35.55232,1016.84003,66878
20260429-192359,-OrQNHRqTQKJRHa3o8f_,2026-04-29 22:34:30+00:00,1777502070000,11430,23.65144,35.54671,1016.82001,66878
20260429-192359,-OrQNJsyuYXrrXq5iv3I,2026-04-29 22:34:40+00:00,1777502080000,11440,23.65081,35.56348,1016.81,66931
20260429-192359,-OrQNMUgGIdcrT-8iVCb,2026-04-29 22:34:50+00:00,1777502090000,11450,23.64986,35.56339,1016.78003,66878
20260429-192359,-OrQNOlRg6edIlZRn7cu,2026-04-29 22:35:00+00:00,1777502100000,11460,23.64922,35.55772,1016.78003,67038
20260429-192359,-OrQNRCnFl-Fshc9h8EC,2026-04-29 22:35:10+00:00,1777502110000,11470,23.64922,35.54649,1016.78003,66985
20260429-192359,-OrQNTe6YYxKstRfJBsC,2026-04-29 22:35:20+00:00,1777502120000,11480,23.64827,35.54079,1016.77002,66985
20260429-192359,-OrQNW5J_IqBTkHldZ_y,2026-04-29 22:35:30+00:00,1777502130000,11490,23.64891,35.55769,1016.76001,66718
20260429-192359,-OrQNYXWTPrB2i2dtmD7,2026-04-29 22:35:40+00:00,1777502140000,11500,23.64922,35.54649,1016.76001,66985
20260429-192359,-OrQN_yp2CyxnpFn19jA,2026-04-29 22:35:50+00:00,1777502150000,11510,23.64891,35.57452,1016.76001,66985
20260429-192359,-OrQNcQ1IqyFZIvQ6QRe,2026-04-29 22:36:00+00:00,1777502160000,11520,23.64954,35.57457,1016.76001,66771
20260429-192359,-OrQNerG6f6wa9FZM3Dc,2026-04-29 22:36:10+00:00,1777502170000,11530,23.65049,35.57467,1016.75,66824
20260429-192359,-OrQNhIWZLYTGfPI5zpq,2026-04-29 22:36:20+00:00,1777502180000,11540,23.65112,35.56351,1016.73999,66931
20260429-192359,-OrQNjk1BknlStJyeNht,2026-04-29 22:36:30+00:00,1777502190000,11550,23.65239,35.58047,1016.71997,66771
20260429-192359,-OrQNmB2ghsfJaWgOWTs,2026-04-29 22:36:40+00:00,1777502200000,11560,23.65429,35.57504,1016.71997,66771
20260429-192359,-OrQNocF4ZOZGej_hBnA,2026-04-29 22:36:50+00:00,1777502210000,11570,23.65556,35.58638,1016.77002,66931
20260429-192359,-OrQNr7QdlOl76_njom1,2026-04-29 22:37:00+00:00,1777502220000,11580,23.65429,35.57504,1016.79999,66665
20260429-192359,-OrQNtW66Wg3pWub-NI_,2026-04-29 22:37:10+00:00,1777502230000,11590,23.65239,35.59169,1016.82001,66931
20260429-192359,-OrQNvwyQLqPZ2oxwfzW,2026-04-29 22:37:20+00:00,1777502240000,11600,23.64986,35.60829,1016.83002,66985
20260429-192359,-OrQNyOC8rUZ8bAYyom6,2026-04-29 22:37:30+00:00,1777502250000,11610,23.64764,35.6193,1016.82001,66718
20260429-192359,-OrQO-pRN_GIBxRU7bsw,2026-04-29 22:37:40+00:00,1777502260000,11620,23.64479,35.63586,1016.81,67092
20260429-192359,-OrQO2GikJXeGMdG6Qt2,2026-04-29 22:37:50+00:00,1777502270000,11630,23.64288,35.65813,1016.82001,66878
20260429-192359,-OrQO4i-tTPvUCs1hY20,2026-04-29 22:38:00+00:00,1777502280000,11640,23.64225,35.64684,1016.81,66878
20260429-192359,-OrQO7ALf6spyIjsNi7J,2026-04-29 22:38:10+00:00,1777502290000,11650,23.64067,35.65792,1016.81,66878
20260429-192359,-OrQO9aRfvjKxrWpH8To,2026-04-29 22:38:20+00:00,1777502300000,11660,23.6394,35.65218,1016.79999,66559
20260429-192359,-OrQOC26jcch5CUTkkDm,2026-04-29 22:38:30+00:00,1777502310000,11670,23.63845,35.66332,1016.78998,66612
20260429-192359,-OrQOETw4u5DJgYwFpSM,2026-04-29 22:38:40+00:00,1777502320000,11680,23.6375,35.66884,1016.78998,66931
20260429-192359,-OrQOGvDCoWA51RxpkY-,2026-04-29 22:38:50+00:00,1777502330000,11690,23.63433,35.65169,1016.78003,66665
20260429-192359,-OrQOJMW2n-ITdEKfqgw,2026-04-29 22:39:00+00:00,1777502340000,11700,23.63274,35.64592,1016.78003,66824
20260429-192359,-OrQOLnccJ8s6jLInHFV,2026-04-29 22:39:10+00:00,1777502350000,11710,23.63052,35.65132,1016.77002,66985
20260429-192359,-OrQOOEwHw1dg1RFnS6J,2026-04-29 22:39:20+00:00,1777502360000,11720,23.62989,35.6681,1016.76001,66665
20260429-192359,-OrQOQgFnBgwBxGlh90A,2026-04-29 22:39:30+00:00,1777502370000,11730,23.63021,35.66252,1016.76001,66878
20260429-192359,-OrQOT7VMaKLQlWMS2-k,2026-04-29 22:39:40+00:00,1777502380000,11740,23.63084,35.66258,1016.75,66824
20260429-192359,-OrQOV_UWiTqpClpjjeP,2026-04-29 22:39:50+00:00,1777502390000,11750,23.63147,35.66825,1016.72998,67038
20260429-192359,-OrQOY-sEEWCnLZmWBGW,2026-04-29 22:40:00+00:00,1777502400000,11760,23.63084,35.65697,1016.73999,66612
20260429-192359,-OrQO_YmxawgLwlWjtS8,2026-04-29 22:40:10+00:00,1777502410000,11770,23.63052,35.68501,1016.72998,66985
20260429-192359,-OrQObtR6LIaM3z-rg-F,2026-04-29 22:40:20+00:00,1777502420000,11780,23.63052,35.67939,1016.72998,66824
20260429-192359,-OrQOeKiBqYHvHaji5XJ,2026-04-29 22:40:30+00:00,1777502430000,11790,23.63116,35.67945,1016.71997,66665
20260429-192359,-OrQOglogJDknZdf_Gf7,2026-04-29 22:40:40+00:00,1777502440000,11800,23.63084,35.70189,1016.71002,66665
20260429-192359,-OrQOjD3zu-lM1PdoiNi,2026-04-29 22:40:50+00:00,1777502450000,11810,23.63116,35.70192,1016.71002,66243
20260429-192359,-OrQOleMkEp7rKg2A8AD,2026-04-29 22:41:00+00:00,1777502460000,11820,23.63147,35.69072,1016.70001,66559
20260429-192359,-OrQOo5kS_YeroSPeFAN,2026-04-29 22:41:10+00:00,1777502470000,11830,23.63179,35.68513,1016.70001,66824
20260429-192359,-OrQOqXmW-1y7e5X38sc,2026-04-29 22:41:20+00:00,1777502480000,11840,23.63179,35.6739,1016.70001,66824
20260429-192359,-OrQOszBtoR7k83ZjzcX,2026-04-29 22:41:30+00:00,1777502490000,11850,23.63147,35.67387,1016.70001,66718
20260429-192359,-OrQOvQJMwFKd3JoZpJV,2026-04-29 22:41:40+00:00,1777502500000,11860,23.63211,35.69078,1016.70001,66985
20260429-192359,-OrQOxrc3SBnBMsoFgHj,2026-04-29 22:41:50+00:00,1777502510000,11870,23.63464,35.69102,1016.70001,66453
20260429-192359,-OrQP-Ip9bdmNkbwRYD_,2026-04-29 22:42:00+00:00,1777502520000,11880,23.63591,35.69115,1016.69,66190
20260429-192359,-OrQP1k8E3PUGW7aTIJQ,2026-04-29 22:42:10+00:00,1777502530000,11890,23.63559,35.75291,1016.70001,66400
20260429-192359,-OrQP4BInXMaRr75HnZ1,2026-04-29 22:42:20+00:00,1777502540000,11900,23.63655,35.753,1016.69,65826
20260429-192359,-OrQP6cZcfkPHkZTmOLm,2026-04-29 22:42:30+00:00,1777502550000,11910,23.63876,35.69143,1016.67999,65930
20260429-192359,-OrQP93v_XSj0Y_n8mH-,2026-04-29 22:42:40+00:00,1777502560000,11920,23.64225,35.65807,1016.67999,66348
20260429-192359,-OrQPBW3X7iFE5VZ4a0l,2026-04-29 22:42:50+00:00,1777502570000,11930,23.64669,35.65851,1016.73999,66453
20260429-192359,-OrQPDxJWS8dmSxemPjt,2026-04-29 22:43:00+00:00,1777502580000,11940,23.64891,35.64749,1016.78003,66506
20260429-192359,-OrQPGOYa3eBxEcn58zX,2026-04-29 22:43:10+00:00,1777502590000,11950,23.65081,35.6196,1016.78998,66985
20260429-192359,-OrQPIuU-ilZ3LgAwElA,2026-04-29 22:43:20+00:00,1777502600000,11960,23.65303,35.6086,1016.81,66612
20260429-192359,-OrQPLH1Lg49804N6vY-,2026-04-29 22:43:30+00:00,1777502610000,11970,23.65429,35.61994,1016.81,66878
20260429-192359,-OrQPNiP2vgdyygASw4p,2026-04-29 22:43:40+00:00,1777502620000,11980,23.65271,35.64785,1016.81,67038
20260429-192359,-OrQPQ9lGABo-_JxDrEO,2026-04-29 22:43:50+00:00,1777502630000,11990,23.65303,35.66474,1016.81,66985
20260429-192359,-OrQPSalhq_jEZdpJSj7,2026-04-29 22:44:00+00:00,1777502640000,12000,23.65303,35.66474,1016.81,66771
20260429-192359,-OrQPV2r8cJNN0IgBau6,2026-04-29 22:44:10+00:00,1777502650000,12010,23.65429,35.65924,1016.81,66559
20260429-192359,-OrQPXVeMw-l2KQsrxzx,2026-04-29 22:44:20+00:00,1777502660000,12020,23.65398,35.67044,1016.79999,66559
20260429-192359,-OrQPZvxIYdFFcUgjquk,2026-04-29 22:44:30+00:00,1777502670000,12030,23.65619,35.64819,1016.78998,66559
20260429-192359,-OrQPbN7x5YfRXgyWSAs,2026-04-29 22:44:40+00:00,1777502680000,12040,23.65778,35.63712,1016.78003,66453
20260429-192359,-OrQPe7vCh2BXvi0wUGj,2026-04-29 22:44:50+00:00,1777502690000,12050,23.66,35.6261,1016.78003,66612
20260429-192359,-OrQPhJEUh42gHyDJVA2,2026-04-29 22:45:00+00:00,1777502700000,12060,23.6619,35.72737,1016.77002,66665
20260429-192359,-OrQPigmbdXoGIhC3_dl,2026-04-29 22:45:10+00:00,1777502710000,12070,23.66444,35.76133,1016.76001,66665
20260429-192359,-OrQPl7qM725K9dldCqE,2026-04-29 22:45:20+00:00,1777502720000,12080,23.66761,35.71669,1016.75,66612
20260429-192359,-OrQPn_6zxCLdxnbEo7A,2026-04-29 22:45:30+00:00,1777502730000,12090,23.66951,35.67755,1016.73999,66243
20260429-192359,-OrQPq0LKoTsDrda0IJo,2026-04-29 22:45:40+00:00,1777502740000,12100,23.66982,35.64952,1016.72998,66506
20260429-192359,-OrQPsSebW2E2be_NyTD,2026-04-29 22:45:50+00:00,1777502750000,12110,23.66856,35.62694,1016.72998,66348
20260429-192359,-OrQPuttRDq1gtPy3p5J,2026-04-29 22:46:00+00:00,1777502760000,12120,23.66729,35.62681,1016.71997,66612
20260429-192359,-OrQPxLaBxerJmePPTS2,2026-04-29 22:46:10+00:00,1777502770000,12130,23.66665,35.65483,1016.71997,66348
20260429-192359,-OrQPzmj1BstQB5VM1JU,2026-04-29 22:46:20+00:00,1777502780000,12140,23.66634,35.66602,1016.70001,66612
20260429-192359,-OrQQ1JziKPQ4JFjw-77,2026-04-29 22:46:30+00:00,1777502790000,12150,23.66729,35.66611,1016.70001,66612
20260429-192359,-OrQQ3exZjPZo2mxb2aC,2026-04-29 22:46:40+00:00,1777502800000,12160,23.66792,35.67179,1016.71002,66400
20260429-192359,-OrQQ66cxxyo7gSZH8RC,2026-04-29 22:46:50+00:00,1777502810000,12170,23.66919,35.66629,1016.70001,66612
20260429-192359,-OrQQ8YSXyTNDbjH9qXV,2026-04-29 22:47:00+00:00,1777502820000,12180,23.67077,35.6833,1016.71002,66665
20260429-192359,-OrQQAzlF8BW3RuVEdDe,2026-04-29 22:47:10+00:00,1777502830000,12190,23.67268,35.67786,1016.71002,66034
20260429-192359,-OrQQDQwymXgvaM6lXKq,2026-04-29 22:47:20+00:00,1777502840000,12200,23.67394,35.72293,1016.71002,65878
20260429-192359,-OrQQFtJp29LHyX64qB5,2026-04-29 22:47:30+00:00,1777502850000,12210,23.67331,35.71724,1016.70001,65878
20260429-192359,-OrQQMQvsskMUCz9cG2z,2026-04-29 22:47:50+00:00,1777502870000,12231,23.67331,35.66108,1016.67999,65517
20260429-192359,-OrQQNJPYpTEHUrHAQKu,2026-04-29 22:48:00+00:00,1777502880000,12241,23.67236,35.66099,1016.67999,66138
20260429-192359,-OrQQPl4Njj9AyiJ1OCU,2026-04-29 22:48:10+00:00,1777502890000,12251,23.67173,35.6497,1016.67999,66559
20260429-192359,-OrQQSANcmA3487A3rXC,2026-04-29 22:48:20+00:00,1777502900000,12261,23.66982,35.6439,1016.67999,66243
20260429-192359,-OrQQVi20RCpQbBh425j,2026-04-29 22:48:30+00:00,1777502910000,12271,23.66824,35.63813,1016.66998,66506
20260429-192359,-OrQQY8TlB1jxT4PDOK7,2026-04-29 22:48:40+00:00,1777502920000,12281,23.66761,35.66053,1016.65997,66453
20260429-192359,-OrQQZV3BNskFC3lspLh,2026-04-29 22:48:50+00:00,1777502930000,12291,23.66475,35.68833,1016.65997,66559
20260429-192359,-OrQQawEB5QNpgq0BL3N,2026-04-29 22:49:00+00:00,1777502940000,12301,23.66253,35.72181,1016.69,66665
20260429-192359,-OrQQdNS4vsRGF0GGQ3H,2026-04-29 22:49:10+00:00,1777502950000,12311,23.65968,35.78896,1016.71997,66243
20260429-192359,-OrQQfokTySQLyNtk2D9,2026-04-29 22:49:20+00:00,1777502960000,12321,23.65778,35.77753,1016.73999,66086
20260429-192359,-OrQQiPxH2Xf9YHTrBRS,2026-04-29 22:49:30+00:00,1777502970000,12331,23.65746,35.74941,1016.75,66190
20260429-192359,-OrQQkiEpgu4YujJWzFM,2026-04-29 22:49:40+00:00,1777502980000,12341,23.65841,35.7776,1016.76001,66138
20260429-192359,-OrQQn8lcz1F_KYH-MZ1,2026-04-29 22:49:50+00:00,1777502990000,12351,23.65968,35.81706,1016.76001,66243
20260429-192359,-OrQQp_zNkaeo930ywnO,2026-04-29 22:50:00+00:00,1777503000000,12361,23.66158,35.85098,1016.76001,66034
20260429-192359,-OrQQs0wxbUZ2FPXnwDx,2026-04-29 22:50:10+00:00,1777503010000,12371,23.66349,35.85116,1016.76001,66295
20260429-192359,-OrQQuTCo4FnilmdoEke,2026-04-29 22:50:20+00:00,1777503020000,12381,23.66602,35.85141,1016.75,66086
20260429-192359,-OrQQwutAZxJrlNETEU_,2026-04-29 22:50:30+00:00,1777503030000,12391,23.66982,35.82929,1016.73999,66718
20260429-192359,-OrQQzL_VM90kCWhvxkz,2026-04-29 22:50:40+00:00,1777503040000,12401,23.67141,35.82382,1016.73999,66400
20260429-192359,-OrQR0mtVyhgwQQ2Xruu,2026-04-29 22:50:50+00:00,1777503050000,12411,23.67331,35.82401,1016.72998,66138
20260429-192359,-OrQR3E8KeX7NicKos_m,2026-04-29 22:51:00+00:00,1777503060000,12421,23.67426,35.83534,1016.73999,66453
20260429-192359,-OrQR5fO79lufTXRkYJY,2026-04-29 22:51:10+00:00,1777503070000,12431,23.67521,35.83544,1016.71997,66348
20260429-192359,-OrQR86eBN6iFIx0NvC2,2026-04-29 22:51:20+00:00,1777503080000,12441,23.67553,35.80174,1016.71002,66243
20260429-192359,-OrQRAYmqBEq37yE5XQE,2026-04-29 22:51:30+00:00,1777503090000,12451,23.67585,35.81863,1016.70001,66400
20260429-192359,-OrQRD-IEE8Ith9TiENi,2026-04-29 22:51:40+00:00,1777503100000,12461,23.67711,35.85811,1016.69,66190
20260429-192359,-OrQRFRNg9pTBbI_xk4T,2026-04-29 22:51:50+00:00,1777503110000,12471,23.67775,35.85255,1016.67999,66243
20260429-192359,-OrQRHsd0_wcLzx_aImC,2026-04-29 22:52:00+00:00,1777503120000,12481,23.67711,35.85249,1016.66998,65982
20260429-192359,-OrQRKJwEJpRqX9pD561,2026-04-29 22:52:10+00:00,1777503130000,12491,23.67743,35.83565,1016.66998,66086
20260429-192359,-OrQRMl8eSnyDD2fs2pz,2026-04-29 22:52:20+00:00,1777503140000,12501,23.67743,35.82441,1016.66998,66348
20260429-192359,-OrQRPCVc2aBd5Pfqu8s,2026-04-29 22:52:30+00:00,1777503150000,12511,23.67711,35.83,1016.69,65982
20260429-192359,-OrQRRilNPhaDhFZRXCQ,2026-04-29 22:52:40+00:00,1777503160000,12521,23.67616,35.81867,1016.71002,66295
20260429-192359,-OrQRU4ph3V9LeWuCCUp,2026-04-29 22:52:50+00:00,1777503170000,12531,23.6768,35.80186,1016.71997,66138
20260429-192359,-OrQRWXHK_kr9hqk3ILl,2026-04-29 22:53:00+00:00,1777503180000,12541,23.67521,35.84106,1016.72998,65930
20260429-192359,-OrQRYyVhnIti8AqUE4k,2026-04-29 22:53:10+00:00,1777503190000,12551,23.67489,35.82978,1016.71997,66138
20260429-192359,-OrQRaPioivmYf8U86Ep,2026-04-29 22:53:20+00:00,1777503200000,12561,23.67394,35.81283,1016.71997,66034
20260429-192359,-OrQRcqwsFA-zqbUJETa,2026-04-29 22:53:30+00:00,1777503210000,12571,23.67141,35.79572,1016.71997,66138
20260429-192359,-OrQRfIOeUghyeFIqh0M,2026-04-29 22:53:40+00:00,1777503220000,12581,23.67236,35.80143,1016.71997,66190
20260429-192359,-OrQRhjIN7FYuZdvy2FK,2026-04-29 22:53:50+00:00,1777503230000,12591,23.67268,35.80146,1016.71002,66034
20260429-192359,-OrQRkAgYYqPNl1zpYRV,2026-04-29 22:54:00+00:00,1777503240000,12601,23.67268,35.8633,1016.70001,66138
20260429-192359,-OrQRmbyRWRVwZH58rsw,2026-04-29 22:54:10+00:00,1777503250000,12611,23.67268,35.87454,1016.71002,66190
20260429-192359,-OrQRp32U7fwlpEii5i3,2026-04-29 22:54:20+00:00,1777503260000,12621,23.67236,35.91388,1016.70001,66034
20260429-192359,-OrQRrVO5EmFSZza8SRo,2026-04-29 22:54:30+00:00,1777503270000,12631,23.67363,35.91962,1016.71002,66138
20260429-192359,-OrQRtwam2Al_h4rpfWW,2026-04-29 22:54:40+00:00,1777503280000,12641,23.67173,35.91944,1016.70001,66453
20260429-192359,-OrQRwOFBCYVZp8E37c4,2026-04-29 22:54:50+00:00,1777503290000,12651,23.67046,35.94181,1016.69,66400
20260429-192359,-OrQRyp7gaC2s85sK5nC,2026-04-29 22:55:00+00:00,1777503300000,12661,23.66824,35.98098,1016.67999,66138
20260429-192359,-OrQS0GOyPOSt3DgH3ao,2026-04-29 22:55:10+00:00,1777503310000,12671,23.66412,35.98058,1016.66998,65982
20260429-192359,-OrQS2hfvf-26paoNRXt,2026-04-29 22:55:20+00:00,1777503320000,12681,23.66127,35.94093,1016.67999,66138
20260429-192359,-OrQS58uAKneEaKYcJLu,2026-04-29 22:55:30+00:00,1777503330000,12691,23.65905,35.92383,1016.65997,66138
20260429-192359,-OrQS7a7r-_d69_3olNq,2026-04-29 22:55:40+00:00,1777503340000,12701,23.65556,35.92349,1016.65997,66400
20260429-192359,-OrQSABbSe8k9K5yWwnP,2026-04-29 22:55:50+00:00,1777503350000,12711,23.65334,35.9064,1016.65002,66243
20260429-192359,-OrQSCTioPWRuRpp5umz,2026-04-29 22:56:00+00:00,1777503360000,12721,23.65366,35.90081,1016.64001,66506
20260429-192359,-OrQSEuu-95mzh6dG9cO,2026-04-29 22:56:10+00:00,1777503370000,12731,23.65366,35.89518,1016.63,66034
20260429-192359,-OrQSHMEJFudReuYmgAN,2026-04-29 22:56:20+00:00,1777503380000,12741,23.65429,35.92899,1016.62,66086
20260429-192359,-OrQSJnOVW4fLheiLlsa,2026-04-29 22:56:30+00:00,1777503390000,12751,23.65303,35.912,1016.62,65930
20260429-192359,-OrQSMEahzlcr0RZu9jl,2026-04-29 22:56:40+00:00,1777503400000,12761,23.65366,35.90643,1016.62,66243
20260429-192359,-OrQSOfu6maarNz2fUWj,2026-04-29 22:56:50+00:00,1777503410000,12771,23.65366,35.93455,1016.63,66034
20260429-192359,-OrQSR78s3C1nqgcpdWH,2026-04-29 22:57:00+00:00,1777503420000,12781,23.65207,35.9119,1016.64001,65775
20260429-192359,-OrQSTZQZjpRIhgr_8Q5,2026-04-29 22:57:10+00:00,1777503430000,12791,23.65081,35.92303,1016.65997,66243
20260429-192359,-OrQSW-hkFpPnRcmAVmK,2026-04-29 22:57:20+00:00,1777503440000,12801,23.65081,35.9174,1016.65997,66190
20260429-192359,-OrQSYRtUkBX-08AGnNf,2026-04-29 22:57:30+00:00,1777503450000,12811,23.65112,35.90619,1016.65997,66138
20260429-192359,-OrQS_tu1Rl1fKo_3XYS,2026-04-29 22:57:40+00:00,1777503460000,12821,23.64922,35.91725,1016.65997,66348
20260429-192359,-OrQScKrFnSRvE9u9-cb,2026-04-29 22:57:50+00:00,1777503470000,12831,23.64891,35.92284,1016.65997,66400
20260429-192359,-OrQSelfdzarawtS1CJr,2026-04-29 22:58:00+00:00,1777503480000,12841,23.64986,35.90044,1016.65997,66138
20260429-192359,-OrQShD3sg3ozr_DgM3q,2026-04-29 22:58:10+00:00,1777503490000,12851,23.64986,35.90607,1016.65997,66190
20260429-192359,-OrQSje5-5KStgJBWYZh,2026-04-29 22:58:20+00:00,1777503500000,12861,23.65049,35.88363,1016.65002,66138
20260429-192359,-OrQSm5PM2orYtmdShWX,2026-04-29 22:58:30+00:00,1777503510000,12871,23.65144,35.9006,1016.64001,65930
20260429-192359,-OrQSoXdfcdRcTOTQHQa,2026-04-29 22:58:40+00:00,1777503520000,12881,23.65271,35.90071,1016.64001,66453
20260429-192359,-OrQSqyoievDEajXcTHp,2026-04-29 22:58:50+00:00,1777503530000,12891,23.65334,35.91203,1016.62,66034
20260429-192359,-OrQStbqOdODVJhtBKS3,2026-04-29 22:59:00+00:00,1777503540000,12901,23.65398,35.8896,1016.62,66243
20260429-192359,-OrQSvrecX4nMTH7Tmow,2026-04-29 22:59:10+00:00,1777503550000,12911,23.65303,35.912,1016.62,66295
20260429-192359,-OrQSyI_2bz5TO2YC-sS,2026-04-29 22:59:20+00:00,1777503560000,12921,23.65176,35.9175,1016.62,65930
20260429-192359,-OrQT-jpZhWkFXmt5L_M,2026-04-29 22:59:30+00:00,1777503570000,12931,23.65017,35.90609,1016.60999,66086
20260429-192359,-OrQT2B6DdsFJ-595WDW,2026-04-29 22:59:40+00:00,1777503580000,12941,23.64986,35.91169,1016.60999,66138
20260429-192359,-OrQT4cI2emBgCpIa5WH,2026-04-29 22:59:50+00:00,1777503590000,12951,23.65144,35.93434,1016.59998,66348
20260429-192359,-OrQT73YhAL5zK9BIevi,2026-04-29 23:00:00+00:00,1777503600000,12961,23.65112,35.91181,1016.60999,66243
20260429-192359,-OrQT9X2VgokhrPeCDXt,2026-04-29 23:00:10+00:00,1777503610000,12971,23.65271,35.92321,1016.59998,65930
20260429-192359,-OrQTBx6OUASjG8NJBQi,2026-04-29 23:00:20+00:00,1777503620000,12981,23.65144,35.91747,1016.59998,66190
20260429-192359,-OrQTEOIe19CkA5fbeF-,2026-04-29 23:00:30+00:00,1777503630000,12991,23.65176,35.9175,1016.59003,65930
20260429-192359,-OrQTGp_GkB6GhnCQI8M,2026-04-29 23:00:40+00:00,1777503640000,13001,23.65081,35.93428,1016.59003,65723
20260429-192359,-OrQTJGqFd3EDrHG4lNX,2026-04-29 23:00:50+00:00,1777503650000,13011,23.65017,35.93984,1016.59998,66034
20260429-192359,-OrQTLiA5pcH2Y_S36Iu,2026-04-29 23:01:00+00:00,1777503660000,13021,23.64891,35.92284,1016.59003,65930
20260429-192359,-OrQTO9UrMsPooWUKbiP,2026-04-29 23:01:10+00:00,1777503670000,13031,23.64795,35.92838,1016.59003,66612
20260429-192359,-OrQTQaX8DNjMsBIP7BV,2026-04-29 23:01:20+00:00,1777503680000,13041,23.64827,35.91716,1016.59003,66138
20260429-192359,-OrQTT1nfoN-hWC2aR4d,2026-04-29 23:01:30+00:00,1777503690000,13051,23.64859,35.92281,1016.59003,66559
20260429-192359,-OrQTVU56HYspx5hXlW2,2026-04-29 23:01:40+00:00,1777503700000,13061,23.64827,35.90028,1016.58002,66190
20260429-192359,-OrQTXvJ8q2so6_WIac_,2026-04-29 23:01:50+00:00,1777503710000,13071,23.64827,35.90591,1016.58002,66243
20260429-192359,-OrQT_Mg2491TcuIr9aD,2026-04-29 23:02:00+00:00,1777503720000,13081,23.64732,35.90581,1016.59003,66190
20260429-192359,-OrQTbsYpQ-cYlNNHaIT,2026-04-29 23:02:10+00:00,1777503730000,13091,23.64574,35.90004,1016.58002,66138
20260429-192359,-OrQTeFGzH4YtnOJr1Lt,2026-04-29 23:02:20+00:00,1777503740000,13101,23.64637,35.91135,1016.59003,66138
20260429-192359,-OrQTgggU-HwDqvVGGXn,2026-04-29 23:02:30+00:00,1777503750000,13111,23.64701,35.93953,1016.58002,66138
20260429-192359,-OrQTj7WnXNnjS8orHJi,2026-04-29 23:02:40+00:00,1777503760000,13121,23.64764,35.9396,1016.59003,66138
20260429-192359,-OrQTlZsf-jyzeRjGScI,2026-04-29 23:02:50+00:00,1777503770000,13131,23.64795,35.90588,1016.59998,65982
20260429-192359,-OrQTo0Un0QQ1Xlsozvr,2026-04-29 23:03:00+00:00,1777503780000,13141,23.64891,35.89472,1016.60999,66243
20260429-192359,-OrQTqSH8FlxVMnsq05x,2026-04-29 23:03:10+00:00,1777503790000,13151,23.64859,35.89469,1016.60999,66138
20260429-192359,-OrQTstWQbrq_bMXSmdD,2026-04-29 23:03:20+00:00,1777503800000,13161,23.64732,35.89457,1016.60999,65930
20260429-192359,-OrQTvKohgb6gXSolrwc,2026-04-29 23:03:30+00:00,1777503810000,13171,23.64732,35.92268,1016.62,66506
20260429-192359,-OrQTxm1j2O5R3sy2IGs,2026-04-29 23:03:40+00:00,1777503820000,13181,23.64827,35.94528,1016.62,66400
20260429-192359,-OrQU-DHNnWFbEnBipm9,2026-04-29 23:03:50+00:00,1777503830000,13191,23.65049,35.96237,1016.60999,66034
20260429-192359,-OrQU1f0VkEFD1g2X_q4,2026-04-29 23:04:00+00:00,1777503840000,13201,23.65334,35.93452,1016.59998,65826
20260429-192359,-OrQU45l86foKUBqUy2h,2026-04-29 23:04:10+00:00,1777503850000,13211,23.65524,35.92346,1016.60999,66034
20260429-192359,-OrQU6YSb_YdYKyw_tGW,2026-04-29 23:04:20+00:00,1777503860000,13221,23.65715,35.92927,1016.60999,65826
20260429-192359,-OrQU8zg7lprxPYBJdfe,2026-04-29 23:04:30+00:00,1777503870000,13231,23.65778,35.93496,1016.59998,66559
20260429-192359,-OrQUBQngXgtmZ2jMKFq,2026-04-29 23:04:40+00:00,1777503880000,13241,23.65905,35.93508,1016.59003,66400
20260429-192359,-OrQUDrkhrXSYXRMruuc,2026-04-29 23:04:50+00:00,1777503890000,13251,23.65936,35.92386,1016.59003,65982
20260429-192359,-OrQUGJS6uaFSjLQIvXp,2026-04-29 23:05:00+00:00,1777503900000,13261,23.66,35.91267,1016.58002,65826
20260429-192359,-OrQUIkddIkzxiC_Z5KO,2026-04-29 23:05:10+00:00,1777503910000,13271,23.66032,35.91271,1016.58002,65620
20260429-192359,-OrQULJRvlWWFJDCbjTx,2026-04-29 23:05:20+00:00,1777503920000,13281,23.6619,35.90161,1016.57001,66138
20260429-192359,-OrQUNcljBJJcJJdVepZ,2026-04-29 23:05:30+00:00,1777503930000,13291,23.66349,35.89614,1016.56,66138
20260429-192359,-OrQUQ4-ia4OG7-moY53,2026-04-29 23:05:40+00:00,1777503940000,13301,23.66665,35.90208,1016.56,65517
20260429-192359,-OrQUSWFgYZsDc7fiUwm,2026-04-29 23:05:50+00:00,1777503950000,13311,23.66887,35.8798,1016.56,65982
20260429-192359,-OrQUUxV-oUIjMBfR9oV,2026-04-29 23:06:00+00:00,1777503960000,13321,23.67204,35.8801,1016.54999,65982
20260429-192359,-OrQUXOlRACVGZLRr64T,2026-04-29 23:06:10+00:00,1777503970000,13331,23.67585,35.86922,1016.54999,66034
20260429-192359,-OrQUZq1fsrkdnqmgy-U,2026-04-29 23:06:20+00:00,1777503980000,13341,23.67743,35.86938,1016.53998,65930
20260429-192359,-OrQUbHEKEAHscpr1fpA,2026-04-29 23:06:30+00:00,1777503990000,13351,23.67711,35.86935,1016.53998,65930
20260429-192359,-OrQUdiVTLqlg9reErTz,2026-04-29 23:06:40+00:00,1777504000000,13361,23.67711,35.86935,1016.53998,66243
20260429-192359,-OrQUgADGbQVSdY-VOXf,2026-04-29 23:06:50+00:00,1777504010000,13371,23.67648,35.86929,1016.53003,65930
20260429-192359,-OrQUibUubEzqubbztyq,2026-04-29 23:07:00+00:00,1777504020000,13381,23.67616,35.86364,1016.53003,65878
20260429-192359,-OrQUl2PqCrordZu87Ue,2026-04-29 23:07:10+00:00,1777504030000,13391,23.67394,35.86343,1016.53003,66034
20260429-192359,-OrQUnULRp3027QJpvRg,2026-04-29 23:07:20+00:00,1777504040000,13401,23.67458,35.87473,1016.53003,65930
20260429-192359,-OrQUpvx8pnUyTBYuPUS,2026-04-29 23:07:30+00:00,1777504050000,13411,23.67458,35.85786,1016.53003,65826
20260429-192359,-OrQUsMw10fspbifg9IL,2026-04-29 23:07:40+00:00,1777504060000,13421,23.67394,35.86343,1016.53003,66190
20260429-192359,-OrQUuobXyQsOuD8u2Ln,2026-04-29 23:07:50+00:00,1777504070000,13431,23.67268,35.87454,1016.53003,66086
20260429-192359,-OrQUxFS4Osmm3lN3JYq,2026-04-29 23:08:00+00:00,1777504080000,13441,23.67173,35.87445,1016.52002,66034
20260429-192359,-OrQUzgighDma4K8SSBU,2026-04-29 23:08:10+00:00,1777504090000,13451,23.67077,35.89123,1016.51001,65878
20260429-192359,-OrQV18eikKtQ9ZXgLx1,2026-04-29 23:08:20+00:00,1777504100000,13461,23.67046,35.88557,1016.51001,66295
20260429-192359,-OrQV3dhUxiaT_gE8cNG,2026-04-29 23:08:30+00:00,1777504110000,13471,23.67141,35.88005,1016.51001,65466
20260429-192359,-OrQV60QNQzQq9a7_ZZ-,2026-04-29 23:08:40+00:00,1777504120000,13481,23.67141,35.89692,1016.5,66034
20260429-192359,-OrQV8T8dg-LYV0Ogdha,2026-04-29 23:08:50+00:00,1777504130000,13491,23.67204,35.88573,1016.5,65775
20260429-192359,-OrQVAtv7_e8g6g2MciV,2026-04-29 23:09:00+00:00,1777504140000,13501,23.67173,35.91944,1016.5,65826
20260429-192359,-OrQVDLYDvRTwqN0ylL2,2026-04-29 23:09:10+00:00,1777504150000,13511,23.67141,35.91941,1016.48999,65930
20260429-192359,-OrQVFmOmtrnitZG0MIz,2026-04-29 23:09:20+00:00,1777504160000,13521,23.66951,35.92485,1016.48999,65826
20260429-192359,-OrQVIDeVi0ABje92LEY,2026-04-29 23:09:30+00:00,1777504170000,13531,23.66887,35.91354,1016.47998,65723
20260429-192359,-OrQVKfCBHUZYOtpxfL-,2026-04-29 23:09:40+00:00,1777504180000,13541,23.66824,35.90785,1016.47998,65930
20260429-192359,-OrQVN69PfuluZxZurnV,2026-04-29 23:09:50+00:00,1777504190000,13551,23.66761,35.92467,1016.47998,65878
20260429-192359,-OrQVPYP2yyYsU5QjRwc,2026-04-29 23:10:00+00:00,1777504200000,13561,23.66602,35.94138,1016.48999,66243
20260429-192359,-OrQVS-CN5l6Jv_mgYPX,2026-04-29 23:10:10+00:00,1777504210000,13571,23.66824,35.9641,1016.5,65671
20260429-192359,-OrQVUR3g-MTW-X1qm7e,2026-04-29 23:10:20+00:00,1777504220000,13581,23.66887,35.94729,1016.53003,66138
20260429-192359,-OrQVWs7mDEwWSw-G0ZQ,2026-04-29 23:10:30+00:00,1777504230000,13591,23.67046,35.94181,1016.53998,66243
20260429-192359,-OrQVZJROLQQMcd8Ovmz,2026-04-29 23:10:40+00:00,1777504240000,13601,23.67236,35.93076,1016.53003,66034
20260429-192359,-OrQVakctYuXK6atpJpz,2026-04-29 23:10:50+00:00,1777504250000,13611,23.67394,35.91966,1016.53998,66034
20260429-192359,-OrQVdBrsKgqSvRyA2kV,2026-04-29 23:11:00+00:00,1777504260000,13621,23.67394,35.91404,1016.53998,65517
20260429-192359,-OrQVfdmxyBJGoXDshRO,2026-04-29 23:11:10+00:00,1777504270000,13631,23.67331,35.8971,1016.53003,65930
20260429-192359,-OrQVi4MbYROc8wH1-mI,2026-04-29 23:11:20+00:00,1777504280000,13641,23.67268,35.91953,1016.51001,65826
20260429-192359,-OrQVkWofPBy-Z3LkRfa,2026-04-29 23:11:30+00:00,1777504290000,13651,23.67141,36.00943,1016.5,65620
20260429-192359,-OrQVn1nmj2x5CXY9sHq,2026-04-29 23:11:40+00:00,1777504300000,13661,23.67268,35.98705,1016.47998,65620
20260429-192359,-OrQVpPBXvtWlsV3SMmv,2026-04-29 23:11:50+00:00,1777504310000,13671,23.67299,35.96457,1016.47998,65415
20260429-192359,-OrQVrqO8EFQcJQTJYFb,2026-04-29 23:12:00+00:00,1777504320000,13681,23.67331,35.97585,1016.47998,65723
20260429-192359,-OrQVuI7AmXXV7jzSbHN,2026-04-29 23:12:10+00:00,1777504330000,13691,23.67426,36.00408,1016.46997,65364
20260429-192359,-OrQVwiuLBtXmCg808_V,2026-04-29 23:12:20+00:00,1777504340000,13701,23.67426,35.99282,1016.46997,65569
20260429-192359,-OrQVzA6wgQZtPUfkaAA,2026-04-29 23:12:30+00:00,1777504350000,13711,23.67616,35.97051,1016.46997,65466
20260429-192359,-OrQW0bMv5BWcdtN_FLl,2026-04-29 23:12:40+00:00,1777504360000,13721,23.67775,35.95941,1016.48999,65826
20260429-192359,-OrQW32cawqPk_VJFt2J,2026-04-29 23:12:50+00:00,1777504370000,13731,23.67775,35.95941,1016.46997,65826
20260429-192359,-OrQW5UqpiKfFcCHB3iO,2026-04-29 23:13:00+00:00,1777504380000,13741,23.67775,35.95941,1016.46997,65723
20260429-192359,-OrQW7xACs33LZKk_ZwN,2026-04-29 23:13:10+00:00,1777504390000,13751,23.67838,35.9426,1016.46997,65620
20260429-192359,-OrQWANTYIpyQrgPJ7RN,2026-04-29 23:13:20+00:00,1777504400000,13761,23.67901,35.93703,1016.46997,65878
20260429-192359,-OrQWCog_PLUdPECA-0k,2026-04-29 23:13:30+00:00,1777504410000,13771,23.6787,35.93137,1016.46997,65826
20260429-192359,-OrQWFFrO_S9MKAFIvqH,2026-04-29 23:13:40+00:00,1777504420000,13781,23.67933,35.91456,1016.46997,65620
20260429-192359,-OrQWHh6vNA1Ot3x0JTC,2026-04-29 23:13:50+00:00,1777504430000,13791,23.68123,35.91475,1016.46997,65466
20260429-192359,-OrQWK8LNZ8J3U4X3Lom,2026-04-29 23:14:00+00:00,1777504440000,13801,23.6825,35.91487,1016.46002,65775
20260429-192359,-OrQWMaJOHQyXyEg8xF9,2026-04-29 23:14:10+00:00,1777504450000,13811,23.68282,35.91489,1016.45001,65775
20260429-192359,-OrQWP0qf3_pRLLeS8XR,2026-04-29 23:14:20+00:00,1777504460000,13821,23.68409,35.91502,1016.44,65826
20260429-192359,-OrQWRT78VLxBiuyyHNG,2026-04-29 23:14:30+00:00,1777504470000,13831,23.68472,35.90946,1016.44,65517
20260429-192359,-OrQWTuspGqO-MkXV4bL,2026-04-29 23:14:40+00:00,1777504480000,13841,23.68472,35.92634,1016.42999,65723
20260429-192359,-OrQWWPNDa5QrpwIfi7A,2026-04-29 23:14:50+00:00,1777504490000,13851,23.68377,35.92062,1016.42999,65671
20260429-192359,-OrQWYn_5gRvAfG0bekZ,2026-04-29 23:15:00+00:00,1777504500000,13861,23.68314,35.9318,1016.41998,65620
20260429-192359,-OrQWaE2HjXDg4LWHFl4,2026-04-29 23:15:10+00:00,1777504510000,13871,23.68282,35.93739,1016.41998,65826
20260429-192359,-OrQWcfx47kzgwGGxZQC,2026-04-29 23:15:20+00:00,1777504520000,13881,23.68187,35.92606,1016.41998,65878
20260429-192359,-OrQWf6Yx98hfenbPSZO,2026-04-29 23:15:30+00:00,1777504530000,13891,23.68028,35.93716,1016.40997,65723
20260429-192359,-OrQWhYnrhQdNwv_XBCE,2026-04-29 23:15:40+00:00,1777504540000,13901,23.68187,35.92606,1016.40002,65569
20260429-192359,-OrQWk-5xlG1TaF6fLJ0,2026-04-29 23:15:50+00:00,1777504550000,13911,23.68377,35.92062,1016.40002,65569
20260429-192359,-OrQWmR9AZj3sdSH45-G,2026-04-29 23:16:00+00:00,1777504560000,13921,23.68535,35.90952,1016.39001,65517
20260429-192359,-OrQWos_SAL-wwWKL7fL,2026-04-29 23:16:10+00:00,1777504570000,13931,23.68535,35.90952,1016.39001,65723
20260429-192359,-OrQWrJlDvvsGwsAAjor,2026-04-29 23:16:20+00:00,1777504580000,13941,23.68757,35.93224,1016.38,66190
20260429-192359,-OrQWtkzHbeQ1d58E65L,2026-04-29 23:16:30+00:00,1777504590000,13951,23.68726,35.92096,1016.38,65930
20260429-192359,-OrQWwCESg7rK0rbFKcq,2026-04-29 23:16:40+00:00,1777504600000,13961,23.68789,35.90977,1016.37,65826
20260429-192359,-OrQWydX7bh-4u1OSgCo,2026-04-29 23:16:50+00:00,1777504610000,13971,23.68789,35.88727,1016.35999,65620
20260429-192359,-OrQX05zfdWOkdsTFsmb,2026-04-29 23:17:00+00:00,1777504620000,13981,23.68821,35.9098,1016.35999,65775
20260429-192359,-OrQX2XNUDsGzKJdOH2m,2026-04-29 23:17:10+00:00,1777504630000,13991,23.68726,35.90408,1016.35999,65620
20260429-192359,-OrQX4yFcusVzg8g_CRH,2026-04-29 23:17:20+00:00,1777504640000,14001,23.68694,35.90967,1016.34998,65878
20260429-192359,-OrQX7QbeP91w93HptJ4,2026-04-29 23:17:30+00:00,1777504650000,14011,23.68757,35.92099,1016.34003,65723
20260429-192359,-OrQX9rpt2GhMTmdSkvm,2026-04-29 23:17:40+00:00,1777504660000,14021,23.68884,35.91549,1016.34003,65620
20260429-192359,-OrQXCILRPmOD9VXnRId,2026-04-29 23:17:50+00:00,1777504670000,14031,23.69011,35.90998,1016.34003,65569
20260429-192359,-OrQXEpYgTpFWspeAp3d,2026-04-29 23:18:00+00:00,1777504680000,14041,23.69233,35.9102,1016.34003,65569
20260429-192359,-OrQXHAnGBZZ1Xif6Ynk,2026-04-29 23:18:10+00:00,1777504690000,14051,23.69359,35.91595,1016.34003,65775
20260429-192359,-OrQXJc3xfu014MLX4UJ,2026-04-29 23:18:20+00:00,1777504700000,14061,23.69423,35.91039,1016.33002,65569
20260429-192359,-OrQXM3EtYI3QQ2W9Qgh,2026-04-29 23:18:30+00:00,1777504710000,14071,23.6955,35.89363,1016.32001,65620
20260429-192359,-OrQXPamvCzGn7Jxj4UY,2026-04-29 23:18:40+00:00,1777504720000,14081,23.69708,35.93879,1016.33002,65313
20260429-192359,-OrQXQwfoFMPEEogRKQX,2026-04-29 23:18:50+00:00,1777504730000,14091,23.69771,36.012,1016.33002,65110
20260429-192359,-OrQXTNlXhLj2FXgSL-O,2026-04-29 23:19:00+00:00,1777504740000,14101,23.69645,36.05128,1016.34003,65262
20260429-192359,-OrQXVpCsVrr8mCqzjAI,2026-04-29 23:19:10+00:00,1777504750000,14111,23.69391,36.04541,1016.34003,65211
20260429-192359,-OrQXYHAsWrVrUCg_I_1,2026-04-29 23:19:20+00:00,1777504760000,14121,23.69043,36.0901,1016.34003,65059
20260429-192359,-OrQX_hWhnh4pwkT9s_J,2026-04-29 23:19:30+00:00,1777504770000,14131,23.68662,36.03343,1016.34003,65262
20260429-192359,-OrQXc8mJPmoGrSn1Ynf,2026-04-29 23:19:40+00:00,1777504780000,14141,23.68504,36.01639,1016.33002,65620
20260429-192359,-OrQXea04uEiRjs-qkDr,2026-04-29 23:19:50+00:00,1777504790000,14151,23.68377,36.00501,1016.33002,65517
20260429-192359,-OrQXh1HoByKWfwLJwJF,2026-04-29 23:20:00+00:00,1777504800000,14161,23.68092,36.01036,1016.33002,65723
20260429-192359,-OrQXjTkNbNXtg28jDsm,2026-04-29 23:20:10+00:00,1777504810000,14171,23.68028,36.03844,1016.33002,65569
20260429-192359,-OrQXlukJ8dG9KjCYIxc,2026-04-29 23:20:20+00:00,1777504820000,14181,23.6806,36.03284,1016.34003,65569
20260429-192359,-OrQXoM0G5N7u-viODo1,2026-04-29 23:20:30+00:00,1777504830000,14191,23.6806,36.0441,1016.34998,65517
20260429-192359,-OrQXqnM5d01Sn1JJzlp,2026-04-29 23:20:40+00:00,1777504840000,14201,23.68155,36.08361,1016.35999,65517
20260429-192359,-OrQXtF93uodLNqo5Iq3,2026-04-29 23:20:50+00:00,1777504850000,14211,23.68155,36.08361,1016.35999,65364
20260429-192359,-OrQXvfm9Tc2b8hhOXGk,2026-04-29 23:21:00+00:00,1777504860000,14221,23.68123,36.07795,1016.34998,65517
20260429-192359,-OrQXyAVzz43Su6lUJsy,2026-04-29 23:21:10+00:00,1777504870000,14231,23.68092,36.06102,1016.34998,65466
20260429-192359,-OrQY-ZFoabWBQVpBXEF,2026-04-29 23:21:20+00:00,1777504880000,14241,23.6825,36.07244,1016.35999,65466
20260429-192359,-OrQY2-WEItyp8yDkwm_,2026-04-29 23:21:30+00:00,1777504890000,14251,23.68377,36.08382,1016.35999,65723
20260429-192359,-OrQY4RuofxEa1zOjLRs,2026-04-29 23:21:40+00:00,1777504900000,14261,23.68472,36.06703,1016.34998,65313
20260429-192359,-OrQY6szbwMP0dmWfvuQ,2026-04-29 23:21:50+00:00,1777504910000,14271,23.68599,36.06715,1016.34998,65517
20260429-192359,-OrQY9gERbzKEeiDXxkD,2026-04-29 23:22:00+00:00,1777504920000,14281,23.68599,36.04463,1016.34998,65160
20260429-192359,-OrQYBlti9xq8ewZA3RU,2026-04-29 23:22:10+00:00,1777504930000,14291,23.68694,36.05035,1016.34003,65262
20260429-192359,-OrQYEDEtsTsxQIno9uL,2026-04-29 23:22:20+00:00,1777504940000,14301,23.68789,36.03918,1016.34003,64908
20260429-192359,-OrQYGdzXyk6KWurnZna,2026-04-29 23:22:30+00:00,1777504950000,14311,23.68821,36.08426,1016.34003,64958
20260429-192359,-OrQYJ5PEV2qURPD9BOe,2026-04-29 23:22:40+00:00,1777504960000,14321,23.68789,36.06734,1016.34003,64657
20260429-192359,-OrQYLXXhX3NsWILAS5-,2026-04-29 23:22:50+00:00,1777504970000,14331,23.68884,36.04491,1016.34003,64458
20260429-192359,-OrQYO0cO2iDNzWeSw5K,2026-04-29 23:23:00+00:00,1777504980000,14341,23.68884,36.0618,1016.33002,64807
20260429-192359,-OrQYQPyddjVOC5pWHLy,2026-04-29 23:23:10+00:00,1777504990000,14351,23.68979,36.06189,1016.33002,65059
20260429-192359,-OrQYSrGs0QxwdiiOH-9,2026-04-29 23:23:20+00:00,1777505000000,14361,23.69074,36.07325,1016.32001,64958
20260429-192359,-OrQYVINQ1Yhn5O5C_Aw,2026-04-29 23:23:30+00:00,1777505010000,14371,23.69106,36.07891,1016.32001,65211
20260429-192359,-OrQYXjgainMFb73MB6c,2026-04-29 23:23:40+00:00,1777505020000,14381,23.69138,36.08457,1016.32001,65262
20260429-192359,-OrQY_Axj2PZ3QAen1i2,2026-04-29 23:23:50+00:00,1777505030000,14391,23.69264,36.10159,1016.32001,65364
20260429-192359,-OrQYbcBXC5Ca6e_sBre,2026-04-29 23:24:00+00:00,1777505040000,14401,23.69518,36.07931,1016.33002,65211
20260429-192359,-OrQYe3Mo2ajcwQpAWtd,2026-04-29 23:24:10+00:00,1777505050000,14411,23.69613,36.0794,1016.33002,65517
20260429-192359,-OrQYganPClvEz8wphpL,2026-04-29 23:24:20+00:00,1777505060000,14421,23.69645,36.11322,1016.33002,65110
20260429-192359,-OrQYix1Up1jhls2Hmv_,2026-04-29 23:24:30+00:00,1777505070000,14431,23.69676,36.13015,1016.32001,65671
20260429-192359,-OrQYlO8cnbyRN9gGJaN,2026-04-29 23:24:40+00:00,1777505080000,14441,23.69518,36.15816,1016.31,65723
20260429-192359,-OrQYnpJLExJRItHIQoz,2026-04-29 23:24:50+00:00,1777505090000,14451,23.69423,36.1468,1016.31,65569
20260429-192359,-OrQYqGpWv8RhhJQrxyV,2026-04-29 23:25:00+00:00,1777505100000,14461,23.69233,36.14098,1016.29999,65110
20260429-192359,-OrQYshnBAcUTfIcOD7g,2026-04-29 23:25:10+00:00,1777505110000,14471,23.69106,36.15776,1016.28998,65313
20260429-192359,-OrQYv99nnN8EdFiz3a5,2026-04-29 23:25:20+00:00,1777505120000,14481,23.69106,36.15776,1016.28003,65466
20260429-192359,-OrQYxaQStr7lIqg_Kk2,2026-04-29 23:25:30+00:00,1777505130000,14491,23.69201,36.14658,1016.28003,65313
20260429-192359,-OrQZ-1hs-CJl02MajDn,2026-04-29 23:25:40+00:00,1777505140000,14501,23.69359,36.15237,1016.28998,65059
20260429-192359,-OrQZ1Tu44abkfEYajZf,2026-04-29 23:25:50+00:00,1777505150000,14511,23.69486,36.14123,1016.28998,65364
20260429-192359,-OrQZ3vA-7gdgS9-Xwfo,2026-04-29 23:26:00+00:00,1777505160000,14521,23.6955,36.13565,1016.28998,65313
20260429-192359,-OrQZ6MOJS6-ksxBPjFa,2026-04-29 23:26:10+00:00,1777505170000,14531,23.6974,36.14148,1016.28998,65262
20260429-192359,-OrQZ8ndhfzkBjeoB8Bx,2026-04-29 23:26:20+00:00,1777505180000,14541,23.69867,36.13034,1016.29999,65415
20260429-192359,-OrQZBEuVrDkZEbeFO8w,2026-04-29 23:26:30+00:00,1777505190000,14551,23.69867,36.1078,1016.29999,65262
20260429-192359,-OrQZDg7OYHr8vx83J7-,2026-04-29 23:26:40+00:00,1777505200000,14561,23.69898,36.09658,1016.29999,65313
20260429-192359,-OrQZG7al5-1I-TK1M5y,2026-04-29 23:26:50+00:00,1777505210000,14571,23.69993,36.09104,1016.28998,65160
20260429-192359,-OrQZIZbCTIGZk41Kz4q,2026-04-29 23:27:00+00:00,1777505220000,14581,23.70152,36.09119,1016.28998,65009
20260429-192359,-OrQZL0-KAyG0vsGQ7j6,2026-04-29 23:27:10+00:00,1777505230000,14591,23.70183,36.08559,1016.28998,65160
20260429-192359,-OrQZNS7ATRnsHRVYcrh,2026-04-29 23:27:20+00:00,1777505240000,14601,23.70279,36.08005,1016.29999,65110
20260429-192359,-OrQZPwvZenMNlxjtM5L,2026-04-29 23:27:30+00:00,1777505250000,14611,23.70247,36.09129,1016.29999,65211
20260429-192359,-OrQZSKj0NvqyngeqI3B,2026-04-29 23:27:40+00:00,1777505260000,14621,23.70247,36.11945,1016.28998,65211
20260429-192359,-OrQZUlwLNhzB1gz1Bvy,2026-04-29 23:27:50+00:00,1777505270000,14631,23.70152,36.14751,1016.27002,65313
20260429-192359,-OrQZXD7kam4a7OSNwvu,2026-04-29 23:28:00+00:00,1777505280000,14641,23.70215,36.13631,1016.27002,65262
20260429-192359,-OrQZZeM8-ESBG5LJ7Kg,2026-04-29 23:28:10+00:00,1777505290000,14651,23.70279,36.15891,1016.28003,65110
20260429-192359,-OrQZb6eAvAIa9_UBjBS,2026-04-29 23:28:20+00:00,1777505300000,14661,23.70437,36.14216,1016.27002,65110
20260429-192359,-OrQZd_yoVsUog_eq4D4,2026-04-29 23:28:30+00:00,1777505310000,14671,23.70564,36.14792,1016.27002,65262
20260429-192359,-OrQZg0qrKGXo8fCtcC4,2026-04-29 23:28:40+00:00,1777505320000,14681,23.70722,36.10864,1016.25,65160
20260429-192359,-OrQZiRtsrN4_Kh1D7aV,2026-04-29 23:28:50+00:00,1777505330000,14691,23.70913,36.13136,1016.23999,65059
20260429-192359,-OrQZkraVdPkqHWn8hbK,2026-04-29 23:29:00+00:00,1777505340000,14701,23.70817,36.11437,1016.21997,65211
20260429-192359,-OrQZnJzGVV1paF6PPg_,2026-04-29 23:29:10+00:00,1777505350000,14711,23.70817,36.13126,1016.21002,65313
20260429-192359,-OrQZpkJAOBo5j4SUaxe,2026-04-29 23:29:20+00:00,1777505360000,14721,23.70849,36.15947,1016.20001,64908
20260429-192359,-OrQZsZpAeG4I32Rik1D,2026-04-29 23:29:30+00:00,1777505370000,14731,23.70849,36.15384,1016.21002,65110
20260429-192359,-OrQZuce8CNRSI5hIjQ0,2026-04-29 23:29:40+00:00,1777505380000,14741,23.70944,36.16519,1016.19,65059
20260429-192359,-OrQZx46x2WXgqHIkFk8,2026-04-29 23:29:50+00:00,1777505390000,14751,23.71008,36.15962,1016.19,65211
20260429-192359,-OrQZzW6gW71UPWDbd8p,2026-04-29 23:30:00+00:00,1777505400000,14761,23.71008,36.15398,1016.19,64958
20260429-192359,-OrQ_0xQw6A6UTRmJ0Kh,2026-04-29 23:30:10+00:00,1777505410000,14771,23.70913,36.17079,1016.19,65160
20260429-192359,-OrQ_3OY0F2PJG3PlEiY,2026-04-29 23:30:20+00:00,1777505420000,14781,23.70881,36.18203,1016.19,65110
20260429-192359,-OrQ_5pp4VocFiWScuDO,2026-04-29 23:30:30+00:00,1777505430000,14791,23.70849,36.1651,1016.19,64807
20260429-192359,-OrQ_8LzLGFdJLw9LUVA,2026-04-29 23:30:40+00:00,1777505440000,14801,23.70722,36.13681,1016.20001,65009
20260429-192359,-OrQ_AiIPNbGrM5-vjwo,2026-04-29 23:30:50+00:00,1777505450000,14811,23.70532,36.14789,1016.20001,65160
20260429-192359,-OrQ_D9cvwGKPrvwssU2,2026-04-29 23:31:00+00:00,1777505460000,14821,23.70469,36.14783,1016.19,65110
20260429-192359,-OrQ_FaolS-0o3RwFGN_,2026-04-29 23:31:10+00:00,1777505470000,14831,23.70437,36.13653,1016.19,65517
20260429-192359,-OrQ_I22vyDo7IUOj9nL,2026-04-29 23:31:20+00:00,1777505480000,14841,23.70405,36.14212,1016.19,65313
20260429-192359,-OrQ_KUIBo4FH-Mp4vXT,2026-04-29 23:31:30+00:00,1777505490000,14851,23.70532,36.14225,1016.20001,64908
20260429-192359,-OrQ_MvVim2ClNlGL9Ht,2026-04-29 23:31:40+00:00,1777505500000,14861,23.70532,36.16479,1016.21002,65211
20260429-192359,-OrQ_PNL5ACR6YysMpJo,2026-04-29 23:31:50+00:00,1777505510000,14871,23.70627,36.16489,1016.21002,65211
20260429-192359,-OrQ_Ro9z5uaYcyzZI7-,2026-04-29 23:32:00+00:00,1777505520000,14881,23.70913,36.17643,1016.19,65110
20260429-192359,-OrQ_UFsMpxAcdW2Ywmr,2026-04-29 23:32:10+00:00,1777505530000,14891,23.71039,36.18218,1016.19,65110
20260429-192359,-OrQ_WgdpffQlAPjveRO,2026-04-29 23:32:20+00:00,1777505540000,14901,23.71103,36.15971,1016.17999,65059
20260429-192359,-OrQ_Z7x8QTALRmxUSqj,2026-04-29 23:32:30+00:00,1777505550000,14911,23.71166,36.14851,1016.17999,65211
20260429-192359,-OrQ_a_FdcYNiLw8wkGr,2026-04-29 23:32:40+00:00,1777505560000,14921,23.71261,36.15423,1016.19,65211
20260429-192359,-OrQ_d0rOdsc2V84DBNQ,2026-04-29 23:32:50+00:00,1777505570000,14931,23.71198,36.14854,1016.20001,65110
20260429-192359,-OrQ_fSWSs8dSqGb8ofS,2026-04-29 23:33:00+00:00,1777505580000,14941,23.71229,36.15421,1016.20001,65009
20260429-192359,-OrQ_hvAspOpeWUHIxOA,2026-04-29 23:33:10+00:00,1777505590000,14951,23.71261,36.1655,1016.21002,65211
20260429-192359,-OrQ_kM1p3h5b8TBWbXI,2026-04-29 23:33:20+00:00,1777505600000,14961,23.71008,36.18779,1016.21997,65211
20260429-192359,-OrQ_mmoDqtK_JbUqM4G,2026-04-29 23:33:30+00:00,1777505610000,14971,23.70944,36.17083,1016.21997,65211
20260429-192359,-OrQ_pDx3e2BfKJ7HODw,2026-04-29 23:33:40+00:00,1777505620000,14981,23.70754,36.17628,1016.22998,65009
20260429-192359,-OrQ_rjZWJugtRai1ACh,2026-04-29 23:33:50+00:00,1777505630000,14991,23.70659,36.18745,1016.23999,65009
20260429-192359,-OrQ_u60iMbJdJcnnIvQ,2026-04-29 23:34:00+00:00,1777505640000,15001,23.70564,36.17609,1016.21997,65364
20260429-192359,-OrQ_wYTLLJ1v-UYX1YK,2026-04-29 23:34:10+00:00,1777505650000,15011,23.70564,36.18172,1016.21002,65160
20260429-192359,-OrQ_yzfrZ4j_bOVWqHM,2026-04-29 23:34:20+00:00,1777505660000,15021,23.70596,36.15922,1016.20001,65211
20260429-192359,-OrQa0QygffNFsqn_NLr,2026-04-29 23:34:30+00:00,1777505670000,15031,23.70691,36.15368,1016.20001,65211
20260429-192359,-OrQa2sGMf6cVMTR6-Y0,2026-04-29 23:34:40+00:00,1777505680000,15041,23.70754,36.14811,1016.20001,65262
20260429-192359,-OrQa5JKV4Nq4LnyBvmB,2026-04-29 23:34:50+00:00,1777505690000,15051,23.70722,36.15371,1016.19,65313
20260429-192359,-OrQa7kU71TZYtzPZVDG,2026-04-29 23:35:00+00:00,1777505700000,15061,23.70817,36.13689,1016.19,65160
20260429-192359,-OrQaABwHqiBTaBM5bkG,2026-04-29 23:35:10+00:00,1777505710000,15071,23.71008,36.12582,1016.20001,65466
20260429-192359,-OrQaCdRe2wchs2SZI7I,2026-04-29 23:35:20+00:00,1777505720000,15081,23.71198,36.12037,1016.20001,65620
20260429-192359,-OrQaF4HMedQK0H9QS69,2026-04-29 23:35:30+00:00,1777505730000,15091,23.71388,36.11493,1016.19,65211
20260429-192359,-OrQaHXFLvNd9hFIDfCP,2026-04-29 23:35:40+00:00,1777505740000,15101,23.71388,36.13182,1016.19,65160
20260429-192359,-OrQaJxkn54hTqlIR3-E,2026-04-29 23:35:50+00:00,1777505750000,15111,23.71325,36.13176,1016.20001,65364
20260429-192359,-OrQaMOxeFOPlNTs9MNW,2026-04-29 23:36:00+00:00,1777505760000,15121,23.71166,36.13161,1016.19,65211
20260429-192359,-OrQaOqIqOf9XBAsVVU2,2026-04-29 23:36:10+00:00,1777505770000,15131,23.71071,36.13715,1016.17999,65009
20260429-192359,-OrQaRHV48q9gAz5aNRL,2026-04-29 23:36:20+00:00,1777505780000,15141,23.71039,36.13711,1016.19,64958
20260429-192359,-OrQaTis7NJyHXMUNiE6,2026-04-29 23:36:30+00:00,1777505790000,15151,23.70976,36.13142,1016.17999,65059
20260429-192359,-OrQaWA1MlOE3WHNV9Rh,2026-04-29 23:36:40+00:00,1777505800000,15161,23.70944,36.13139,1016.17999,65262
20260429-192359,-OrQaYbWIpS3IZL0RWO1,2026-04-29 23:36:50+00:00,1777505810000,15171,23.70913,36.13699,1016.17999,65262
20260429-192359,-OrQaa7BX7gKcbGe42ft,2026-04-29 23:37:00+00:00,1777505820000,15181,23.70881,36.1595,1016.19,65262
20260429-192359,-OrQacUo9Hz3Oax3Y5Bc,2026-04-29 23:37:10+00:00,1777505830000,15191,23.70786,36.1594,1016.19,65160
20260429-192359,-OrQaewKGVcaIhC6PiUN,2026-04-29 23:37:20+00:00,1777505840000,15201,23.70817,36.15943,1016.19,65262
20260429-192359,-OrQahNJOh5T6-MYXtL9,2026-04-29 23:37:30+00:00,1777505850000,15211,23.70786,36.1594,1016.19,64908
20260429-192359,-OrQajofnLOzE07newok,2026-04-29 23:37:40+00:00,1777505860000,15221,23.70722,36.1706,1016.17999,65313
20260429-192359,-OrQamFlGLem4_Fhentd,2026-04-29 23:37:50+00:00,1777505870000,15231,23.70659,36.18181,1016.17999,65262
20260429-192359,-OrQaoh0Ux2WCLhSVG9X,2026-04-29 23:38:00+00:00,1777505880000,15241,23.70817,36.1707,1016.17999,65313
20260429-192359,-OrQar8EtobgePir7Kae,2026-04-29 23:38:10+00:00,1777505890000,15251,23.70849,36.17074,1016.19,65569
20260429-192359,-OrQat__1Cu7-GX09UrT,2026-04-29 23:38:20+00:00,1777505900000,15261,23.70913,36.17643,1016.17999,65313
20260429-192359,-OrQaw0ifMpO0eDNDzW0,2026-04-29 23:38:30+00:00,1777505910000,15271,23.70944,36.16519,1016.19,65415
20260429-192359,-OrQayTF6b2K1DcEOS5V,2026-04-29 23:38:40+00:00,1777505920000,15281,23.70944,36.1821,1016.19,65313
20260429-192359,-OrQb-uDxWQxdhLFaXus,2026-04-29 23:38:50+00:00,1777505930000,15291,23.70913,36.16516,1016.17999,65262
20260429-192359,-OrQb2LYJpiqlgDE_9ar,2026-04-29 23:39:00+00:00,1777505940000,15301,23.70881,36.15386,1016.17999,65009
20260429-192359,-OrQb4n7u8AaBYwDj9NC,2026-04-29 23:39:10+00:00,1777505950000,15311,23.70976,36.17086,1016.19,65059
20260429-192359,-OrQb7DxNsOgkUoZIBRB,2026-04-29 23:39:20+00:00,1777505960000,15321,23.71008,36.18216,1016.19,65009
20260429-192359,-OrQb9fD-bH4DLTFmo-L,2026-04-29 23:39:30+00:00,1777505970000,15331,23.71071,36.18785,1016.19,65009
20260429-192359,-OrQbC6RvoOdh_qJErZh,2026-04-29 23:39:40+00:00,1777505980000,15341,23.71008,36.16525,1016.17999,65009
20260429-192359,-OrQbEYhE0LzQj1f9bw9,2026-04-29 23:39:50+00:00,1777505990000,15351,23.70976,36.15959,1016.16998,65059
20260429-192359,-OrQbH-ScdECZuNFm4bm,2026-04-29 23:40:00+00:00,1777506000000,15361,23.70944,36.16519,1016.15997,65009
20260429-192359,-OrQbJWR006sLdqs3LhY,2026-04-29 23:40:10+00:00,1777506010000,15371,23.70944,36.14266,1016.15997,64858
20260429-192359,-OrQbLsZ1tAsq-0Q9DiD,2026-04-29 23:40:20+00:00,1777506020000,15381,23.70817,36.14253,1016.15002,65110
20260429-192359,-OrQbOK3kwBkdWch9pj_,2026-04-29 23:40:30+00:00,1777506030000,15391,23.70754,36.13684,1016.15002,65415
20260429-192359,-OrQbQl7XMSx1YHrATT9,2026-04-29 23:40:40+00:00,1777506040000,15401,23.70659,36.16491,1016.15997,65313
20260429-192359,-OrQbTCsZ9VNBYpZTt7t,2026-04-29 23:40:50+00:00,1777506050000,15411,23.70437,36.17033,1016.15997,65569
20260429-192359,-OrQbVdYYEZ5CONj6ix2,2026-04-29 23:41:00+00:00,1777506060000,15421,23.70374,36.159,1016.15997,65313
20260429-192359,-OrQbY4h7b3oyppdSqpA,2026-04-29 23:41:10+00:00,1777506070000,15431,23.70437,36.18724,1016.15997,65059
20260429-192359,-OrQb_XPvSirgb70mx1i,2026-04-29 23:41:20+00:00,1777506080000,15441,23.70564,36.17609,1016.15002,65211
20260429-192359,-OrQbbys_VYAI0R0aWM8,2026-04-29 23:41:30+00:00,1777506090000,15451,23.70786,36.16504,1016.14001,65211
20260429-192359,-OrQbePQbEeRtSza9ayi,2026-04-29 23:41:40+00:00,1777506100000,15461,23.70944,36.14266,1016.15002,64958
20260429-192359,-OrQbgqdj_v3yo_wAINF,2026-04-29 23:41:50+00:00,1777506110000,15471,23.71039,36.13148,1016.15997,65160
20260429-192359,-OrQbjHtk1XuGZulIqQ3,2026-04-29 23:42:00+00:00,1777506120000,15481,23.71198,36.15417,1016.15997,65262
20260429-192359,-OrQbljEJuyKKKW0RiH8,2026-04-29 23:42:10+00:00,1777506130000,15491,23.71388,36.17126,1016.16998,65211
20260429-192359,-OrQboAaNYcA1vFxaUIB,2026-04-29 23:42:20+00:00,1777506140000,15501,23.7142,36.17129,1016.15997,65059
20260429-192359,-OrQbqbkm0rBB1235ibi,2026-04-29 23:42:30+00:00,1777506150000,15511,23.71737,36.17724,1016.15997,65009
20260429-192359,-OrQbt3b_zZJ3Sjn22ug,2026-04-29 23:42:40+00:00,1777506160000,15521,23.72053,36.17191,1016.15002,65059
20260429-192359,-OrQbvVB4CDHh94fgcfn,2026-04-29 23:42:50+00:00,1777506170000,15531,23.72117,36.15508,1016.13,65110
20260429-192359,-OrQbxwl9SxEhQrKI4Vx,2026-04-29 23:43:00+00:00,1777506180000,15541,23.72275,36.17776,1016.14001,65009
20260429-192359,-OrQc-Nf3-weT78cHMcZ,2026-04-29 23:43:10+00:00,1777506190000,15551,23.72339,36.1891,1016.14001,65110
20260429-192359,-OrQc2pqI6-eqDxuqOMl,2026-04-29 23:43:20+00:00,1777506200000,15561,23.7237,36.17786,1016.14001,65009
20260429-192359,-OrQc4GH_apuAAffeMLM,2026-04-29 23:43:30+00:00,1777506210000,15571,23.72339,36.18347,1016.14001,64908
20260429-192359,-OrQc6hKlmHxvjc9r4Rh,2026-04-29 23:43:40+00:00,1777506220000,15581,23.72085,36.17195,1016.13,65160
20260429-192359,-OrQc98bcGA9KWqbR7vj,2026-04-29 23:43:50+00:00,1777506230000,15591,23.71958,36.14928,1016.13,65009
20260429-192359,-OrQcBbGAlHCyIbb8zzV,2026-04-29 23:44:00+00:00,1777506240000,15601,23.71768,36.166,1016.13,65160
20260429-192359,-OrQcE1BZeycD7z5-uoB,2026-04-29 23:44:10+00:00,1777506250000,15611,23.71515,36.18829,1016.15002,65415
20260429-192359,-OrQcGTOYl7uPWepIRYU,2026-04-29 23:44:20+00:00,1777506260000,15621,23.71356,36.21067,1016.15002,65262
20260429-192359,-OrQcIubE_btNZCmyScQ,2026-04-29 23:44:30+00:00,1777506270000,15631,23.71261,36.21058,1016.14001,65110
20260429-192359,-OrQcLLtoriE2glRVA6n,2026-04-29 23:44:40+00:00,1777506280000,15641,23.71229,36.22182,1016.15002,65110
20260429-192359,-OrQcNn8vifrhIa97Meb,2026-04-29 23:44:50+00:00,1777506290000,15651,23.71261,36.21058,1016.15002,65009
20260429-192359,-OrQcQEM4PoZnDsW02Fe,2026-04-29 23:45:00+00:00,1777506300000,15661,23.71356,36.1994,1016.14001,65059
20260429-192359,-OrQcSf_Hsa9jl6HwtNH,2026-04-29 23:45:10+00:00,1777506310000,15671,23.71356,36.1994,1016.14001,65009
20260429-192359,-OrQcV6r_XmSco0M1gmI,2026-04-29 23:45:20+00:00,1777506320000,15681,23.71451,36.2164,1016.13,64807
20260429-192359,-OrQcXZ5QuagkKETT_Ft,2026-04-29 23:45:30+00:00,1777506330000,15691,23.71578,36.2278,1016.14001,64958
20260429-192359,-OrQc_-K0r3RLk69u6iS,2026-04-29 23:45:40+00:00,1777506340000,15701,23.71515,36.21646,1016.14001,65211
20260429-192359,-OrQcbRosBj-l1LGsna6,2026-04-29 23:45:50+00:00,1777506350000,15711,23.71483,36.20517,1016.13,65110
20260429-192359,-OrQcdwjtFK26hj6fuwf,2026-04-29 23:46:00+00:00,1777506360000,15721,23.71546,36.20522,1016.13,65110
20260429-192359,-OrQcgKFsjHQDFuVB_jr,2026-04-29 23:46:10+00:00,1777506370000,15731,23.71673,36.19971,1016.12,65211
20260429-192359,-OrQcilIsr4nl7dHOetX,2026-04-29 23:46:20+00:00,1777506380000,15741,23.71768,36.20544,1016.12,65059
20260429-192359,-OrQclGrvc-5VuqhG31Q,2026-04-29 23:46:30+00:00,1777506390000,15751,23.71768,36.18854,1016.12,65009
20260429-192359,-OrQcndvnJ65tJUiZ6rg,2026-04-29 23:46:40+00:00,1777506400000,15761,23.71768,36.19417,1016.12,64807
20260429-192359,-OrQcq55T2oQu2Xd90KV,2026-04-29 23:46:50+00:00,1777506410000,15771,23.71737,36.21668,1016.14001,65160
20260429-192359,-OrQcsXEZMXERPn8R9yz,2026-04-29 23:47:00+00:00,1777506420000,15781,23.71705,36.22793,1016.16998,64958
20260429-192359,-OrQcuyZmwnROKaTNeHD,2026-04-29 23:47:10+00:00,1777506430000,15791,23.71768,36.22235,1016.19,64508
20260429-192359,-OrQcxPoID7CH1z1fQBR,2026-04-29 23:47:20+00:00,1777506440000,15801,23.71832,36.21114,1016.20001,65110
20260429-192359,-OrQczr3g9U1KDn4Xs3R,2026-04-29 23:47:30+00:00,1777506450000,15811,23.72053,36.19445,1016.20001,65110
20260429-192359,-OrQd1IMtEzdwV6_tskY,2026-04-29 23:47:40+00:00,1777506460000,15821,23.72244,36.20591,1016.21002,65313
20260429-192359,-OrQd3jY2Ciyt6S15JqX,2026-04-29 23:47:50+00:00,1777506470000,15831,23.72212,36.20024,1016.21002,65059
20260429-192359,-OrQd6ApufoTmgrqitB1,2026-04-29 23:48:00+00:00,1777506480000,15841,23.72022,36.2226,1016.20001,65059
20260429-192359,-OrQd8cXS5MF5V7H-Rg6,2026-04-29 23:48:10+00:00,1777506490000,15851,23.71895,36.23938,1016.19,64707
20260429-192359,-OrQdB3YAdu6N3bU9PI4,2026-04-29 23:48:20+00:00,1777506500000,15861,23.71705,36.23357,1016.17999,65009
20260429-192359,-OrQdDValOrub7M2vniH,2026-04-29 23:48:30+00:00,1777506510000,15871,23.71641,36.24477,1016.17999,65415
20260429-192359,-OrQdFwoR2jb8XK-xScV,2026-04-29 23:48:40+00:00,1777506520000,15881,23.71515,36.25592,1016.16998,65160
20260429-192359,-OrQdIPEByKWF68IbsaP,2026-04-29 23:48:50+00:00,1777506530000,15891,23.71166,36.24995,1016.15997,65211
20260429-192359,-OrQdKpzVTQeTmK9VBSh,2026-04-29 23:49:00+00:00,1777506540000,15901,23.70944,36.25536,1016.15002,65160
20260429-192359,-OrQdNH-enj0QEpNPNjz,2026-04-29 23:49:10+00:00,1777506550000,15911,23.70754,36.26082,1016.15002,65110
20260429-192359,-OrQdPhrcFgiwGp1G8li,2026-04-29 23:49:20+00:00,1777506560000,15921,23.70817,36.27215,1016.15002,64958
20260429-192359,-OrQdS9M4dOGe5MUKu5G,2026-04-29 23:49:30+00:00,1777506570000,15931,23.71008,36.26106,1016.15002,64807
20260429-192359,-OrQdUf2id_htWgQzm0p,2026-04-29 23:49:40+00:00,1777506580000,15941,23.71166,36.25558,1016.14001,65059
20260429-192359,-OrQdX1dSppNoTGCmzFf,2026-04-29 23:49:50+00:00,1777506590000,15951,23.71325,36.24446,1016.13,64908
20260429-192359,-OrQdZTw_lt90ROtTBSX,2026-04-29 23:50:00+00:00,1777506600000,15961,23.71641,36.25605,1016.13,64807
20260429-192359,-OrQdauytcb5xbZweANh,2026-04-29 23:50:10+00:00,1777506610000,15971,23.71641,36.26732,1016.12,65009
20260429-192359,-OrQddMPPIwLjB9ddQ6t,2026-04-29 23:50:20+00:00,1777506620000,15981,23.71641,36.26732,1016.10999,64908
20260429-192359,-OrQdfo4lg_3TTmD4Ifw,2026-04-29 23:50:30+00:00,1777506630000,15991,23.71832,36.26187,1016.09998,64807
20260429-192359,-OrQdiEhqG3JtSqxWb5v,2026-04-29 23:50:40+00:00,1777506640000,16001,23.718,36.26184,1016.09998,65009
20260429-192359,-OrQdkg0yyxKxyNA7N8i,2026-04-29 23:50:50+00:00,1777506650000,16011,23.71832,36.29006,1016.09998,64807
20260429-192359,-OrQdn7E_ef_WUmVULuJ,2026-04-29 23:51:00+00:00,1777506660000,16021,23.718,36.29567,1016.13,65262
20260429-192359,-OrQdpZVUn2Er0j4s4gG,2026-04-29 23:51:10+00:00,1777506670000,16031,23.71641,36.31807,1016.15997,65009
20260429-192359,-OrQds6glee81XStgYM7,2026-04-29 23:51:20+00:00,1777506680000,16041,23.71515,36.31794,1016.15997,65262
20260429-192359,-OrQduSichfg9Inr5PXy,2026-04-29 23:51:30+00:00,1777506690000,16051,23.71388,36.3009,1016.16998,65009
20260429-192359,-OrQdwtKoC8bdqNNMe2h,2026-04-29 23:51:40+00:00,1777506700000,16061,23.71356,36.30651,1016.17999,65009
20260429-192359,-OrQdzKS6KEvJtljkvAH,2026-04-29 23:51:50+00:00,1777506710000,16071,23.71261,36.31206,1016.16998,64958
20260429-192359,-OrQe0lj2iUb0pbYxNmG,2026-04-29 23:52:00+00:00,1777506720000,16081,23.70944,36.32303,1016.17999,65059
20260429-192359,-OrQe3D-W7PFsjqvbm-g,2026-04-29 23:52:10+00:00,1777506730000,16091,23.70596,36.32269,1016.16998,65059
20260429-192359,-OrQe5eC2IUCz2PqPtP5,2026-04-29 23:52:20+00:00,1777506740000,16101,23.70279,36.33929,1016.16998,65160
20260429-192359,-OrQe85RezOoVLeS50mE,2026-04-29 23:52:30+00:00,1777506750000,16111,23.70025,36.3616,1016.16998,64958
20260429-192359,-OrQeAXf0blRAQ5cdJ4L,2026-04-29 23:52:40+00:00,1777506760000,16121,23.69771,36.36135,1016.15997,65110
20260429-192359,-OrQeD2FdEif8WCubZst,2026-04-29 23:52:50+00:00,1777506770000,16131,23.69645,36.35559,1016.16998,65009
20260429-192359,-OrQeFQO-jgSQtBlPUb5,2026-04-29 23:53:00+00:00,1777506780000,16141,23.69518,36.3329,1016.15997,64958
20260429-192359,-OrQeHrh8hYFDFSzBvdk,2026-04-29 23:53:10+00:00,1777506790000,16151,23.69518,36.34983,1016.16998,65009
20260429-192359,-OrQeKIosMgZcqNH-R0M,2026-04-29 23:53:20+00:00,1777506800000,16161,23.6955,36.36113,1016.15997,64958
20260429-192359,-OrQeMkaJ1i1ABfCa5Hy,2026-04-29 23:53:30+00:00,1777506810000,16171,23.69613,36.34992,1016.15997,65110
20260429-192359,-OrQePBG0oTRxrOPqkki,2026-04-29 23:53:40+00:00,1777506820000,16181,23.69676,36.36126,1016.15997,64958
20260429-192359,-OrQeRf_V9FiKnztPCQk,2026-04-29 23:53:50+00:00,1777506830000,16191,23.69676,36.36126,1016.15002,65110
20260429-192359,-OrQeU3pvRhMYrGj1Wx1,2026-04-29 23:54:00+00:00,1777506840000,16201,23.69708,36.35565,1016.15002,64908
20260429-192359,-OrQeWVzGlk8LVbhpzjm,2026-04-29 23:54:10+00:00,1777506850000,16211,23.6974,36.35004,1016.15002,64757
20260429-192359,-OrQeYxUaRwmfkItnr3l,2026-04-29 23:54:20+00:00,1777506860000,16221,23.69867,36.35581,1016.14001,64908
20260429-192359,-OrQeaQ0N9ri07cjLnPl,2026-04-29 23:54:30+00:00,1777506870000,16231,23.69993,36.36721,1016.14001,65059
20260429-192359,-OrQecppZV0ckvVVfLa9,2026-04-29 23:54:40+00:00,1777506880000,16241,23.70088,36.35603,1016.13,65009
20260429-192359,-OrQefHlf_NT0_qjEAuX,2026-04-29 23:54:50+00:00,1777506890000,16251,23.69993,36.36721,1016.14001,65009
20260429-192359,-OrQehiCnYAddIOUw4jo,2026-04-29 23:55:00+00:00,1777506900000,16261,23.69898,36.39533,1016.14001,64807
20260429-192359,-OrQekA6kPQK1kPI5pvg,2026-04-29 23:55:10+00:00,1777506910000,16271,23.69835,36.39527,1016.14001,65313
20260429-192359,-OrQemalI3LdBzAT8lbt,2026-04-29 23:55:20+00:00,1777506920000,16281,23.69962,36.40668,1016.14001,64858
20260429-192359,-OrQep1y6ekEj099Skwg,2026-04-29 23:55:30+00:00,1777506930000,16291,23.69993,36.40107,1016.14001,64908
20260429-192359,-OrQerUkZQhjBDfHjv8f,2026-04-29 23:55:40+00:00,1777506940000,16301,23.69962,36.41232,1016.14001,65059
20260429-192359,-OrQetvR7tzKY_pODiGT,2026-04-29 23:55:50+00:00,1777506950000,16311,23.69898,36.40097,1016.13,64958
20260429-192359,-OrQewUl32soV3ouDJB6,2026-04-29 23:56:00+00:00,1777506960000,16321,23.6993,36.39536,1016.12,64958
20260429-192359,-OrQeynz6Vyexqxs1Lkm,2026-04-29 23:56:10+00:00,1777506970000,16331,23.69898,36.40097,1016.10999,64958
20260429-192359,-OrQf0FDzyg1TMLr0ksm,2026-04-29 23:56:20+00:00,1777506980000,16341,23.70025,36.39545,1016.09998,64558
20260429-192359,-OrQf2gT_IV6LMa3A1kc,2026-04-29 23:56:30+00:00,1777506990000,16351,23.70025,36.39545,1016.09998,64908
20260429-192359,-OrQf580DCJ9WOKTOx5z,2026-04-29 23:56:40+00:00,1777507000000,16361,23.70247,36.40696,1016.09998,64958
20260429-192359,-OrQf7_TnAqn60KvA-Tq,2026-04-29 23:56:50+00:00,1777507010000,16371,23.70405,36.4184,1016.10999,64807
20260429-192359,-OrQfA0GT0VuuvINp1GV,2026-04-29 23:57:00+00:00,1777507020000,16381,23.70342,36.41834,1016.10999,65059
20260429-192359,-OrQfCSYb2iAJ9p05jDF,2026-04-29 23:57:10+00:00,1777507030000,16391,23.70405,36.41275,1016.09998,65262
20260429-192359,-OrQfEuGJSac_t5K_PWZ,2026-04-29 23:57:20+00:00,1777507040000,16401,23.70532,36.42417,1016.12,64607
20260429-192359,-OrQfHMr0xFDEh7L4gpm,2026-04-29 23:57:30+00:00,1777507050000,16411,23.70501,36.44672,1016.12,65009
20260429-192359,-OrQfJmN-HUP4mT8Uy8x,2026-04-29 23:57:40+00:00,1777507060000,16421,23.70564,36.45242,1016.09998,64657
20260429-192359,-OrQfMDVMSpssKaYzuG9,2026-04-29 23:57:50+00:00,1777507070000,16431,23.70532,36.44675,1016.09998,65160
20260429-192359,-OrQfOfBc7QazsuOyub0,2026-04-29 23:58:00+00:00,1777507080000,16441,23.70596,36.44117,1016.10999,64807
20260429-192359,-OrQfR61rSR4CPXCHpdX,2026-04-29 23:58:10+00:00,1777507090000,16451,23.70659,36.41301,1016.10999,64807
20260429-192359,-OrQfTYzASwAeXD0sGLt,2026-04-29 23:58:20+00:00,1777507100000,16461,23.70659,36.41301,1016.13,64607
20260429-192359,-OrQfVzozl8RZiYGy1Ii,2026-04-29 23:58:30+00:00,1777507110000,16471,23.70659,36.41301,1016.12,64807
20260429-192359,-OrQfYQoj_JIBqaO3cAr,2026-04-29 23:58:40+00:00,1777507120000,16481,23.70722,36.41871,1016.09998,65009
20260429-192359,-OrQf_tB0bAIMcUKWJUi,2026-04-29 23:58:50+00:00,1777507130000,16491,23.70691,36.41304,1016.10999,64807
20260429-192359,-OrQfcJ9v2hu_RJX5Q-Z,2026-04-29 23:59:00+00:00,1777507140000,16501,23.70691,36.42997,1016.09998,64958
20260429-192359,-OrQfesrR7kEAlhwHV60,2026-04-29 23:59:10+00:00,1777507150000,16511,23.70564,36.43549,1016.10999,64607
20260429-192359,-OrQfhCIgWHCG_UyFMhR,2026-04-29 23:59:20+00:00,1777507160000,16521,23.70564,36.44113,1016.10999,64757
20260429-192359,-OrQfjdPdNDxWkt8EEJv,2026-04-29 23:59:30+00:00,1777507170000,16531,23.70501,36.45236,1016.12,65211
20260429-192359,-OrQfm53ZEOjjeo9kLZ0,2026-04-29 23:59:40+00:00,1777507180000,16541,23.70532,36.43546,1016.10999,64807
20260429-192359,-OrQfoXFYnBntvNvN_UX,2026-04-29 23:59:50+00:00,1777507190000,16551,23.70691,36.4469,1016.10999,64908
20260429-192359,-OrQfrKeYBgsTROtqkIm,2026-04-30 00:00:00+00:00,1777507200000,16561,23.70786,36.44699,1016.12,65110
20260429-192359,-OrQftPkxdn9kYDN_6_6,2026-04-30 00:00:10+00:00,1777507210000,16571,23.70913,36.45277,1016.12,64958
20260429-192359,-OrQfvqMmfVb7Yw89Jp7,2026-04-30 00:00:20+00:00,1777507220000,16581,23.71008,36.4585,1016.12,64757
20260429-192359,-OrQfyIrYH1NEaSnZE7v,2026-04-30 00:00:30+00:00,1777507230000,16591,23.71103,36.4586,1016.12,64807
20260429-192359,-OrQg-iljhsPMKoe6KJF,2026-04-30 00:00:40+00:00,1777507240000,16601,23.71166,36.45866,1016.10999,64508
20260429-192359,-OrQg2A1EsszsWzJYCZl,2026-04-30 00:00:50+00:00,1777507250000,16611,23.71039,36.45288,1016.09998,64607
20260429-192359,-OrQg4bW1U2nACijPaGb,2026-04-30 00:01:00+00:00,1777507260000,16621,23.71008,36.4585,1016.10999,64657
20260429-192359,-OrQg72MBk0_0XPekTKK,2026-04-30 00:01:10+00:00,1777507270000,16631,23.70849,36.47529,1016.12,64908
20260429-192359,-OrQg9UjGz8uEv0xMfK_,2026-04-30 00:01:20+00:00,1777507280000,16641,23.70754,36.52037,1016.12,64858
20260429-192359,-OrQgBwQNCYriIPSUfyr,2026-04-30 00:01:30+00:00,1777507290000,16651,23.70627,36.5033,1016.15002,64908
20260429-192359,-OrQgEN5737SpXcGU59p,2026-04-30 00:01:40+00:00,1777507300000,16661,23.70627,36.52589,1016.15997,64757
20260429-192359,-OrQgGoLvuVuMoxrCx4Y,2026-04-30 00:01:50+00:00,1777507310000,16671,23.70817,36.51477,1016.19,64657
20260429-192359,-OrQgJFfe4UpV4gyvyZf,2026-04-30 00:02:00+00:00,1777507320000,16681,23.70944,36.5149,1016.20001,64958
20260429-192359,-OrQgLgmbB2O3l51ZH_p,2026-04-30 00:02:10+00:00,1777507330000,16691,23.70976,36.51493,1016.20001,64359
20260429-192359,-OrQgOCyPzUm45nCf4Sv,2026-04-30 00:02:20+00:00,1777507340000,16701,23.71134,36.50379,1016.20001,64757
20260429-192359,-OrQgQ__BVZoyBdvaqHJ,2026-04-30 00:02:30+00:00,1777507350000,16711,23.71008,36.52061,1016.20001,64757
20260429-192359,-OrQgT0ccxT3QH-sjedj,2026-04-30 00:02:40+00:00,1777507360000,16721,23.70913,36.50922,1016.20001,64858
20260429-192359,-OrQgVT79_PfBZbwmmTH,2026-04-30 00:02:50+00:00,1777507370000,16731,23.71039,36.51499,1016.19,64707
20260429-192359,-OrQgXu4ZtrX5IJ_ddba,2026-04-30 00:03:00+00:00,1777507380000,16741,23.71198,36.53209,1016.19,64657
20260429-192359,-OrQg_LQgrAEQX7lPHED,2026-04-30 00:03:10+00:00,1777507390000,16751,23.71198,36.53209,1016.19,64908
20260429-192359,-OrQgbmevDaVvnXw49mu,2026-04-30 00:03:20+00:00,1777507400000,16761,23.71166,36.53771,1016.17999,64757
20260429-192359,-OrQgeDm1JaTUr_h-nl2,2026-04-30 00:03:30+00:00,1777507410000,16771,23.71071,36.54892,1016.17999,64657
20260429-192359,-OrQggfIV9kDctO9tyUJ,2026-04-30 00:03:40+00:00,1777507420000,16781,23.70913,36.54311,1016.15997,64908
20260429-192359,-OrQgj6SFMwq_TDLTEx9,2026-04-30 00:03:50+00:00,1777507430000,16791,23.70913,36.54311,1016.15002,64707
20260429-192359,-OrQglYjWBasOHmvy9mx,2026-04-30 00:04:00+00:00,1777507440000,16801,23.70817,36.53736,1016.14001,64607
20260429-192359,-OrQgnzolZtPyxdetqk1,2026-04-30 00:04:10+00:00,1777507450000,16811,23.70817,36.55431,1016.13,64359
20260429-192359,-OrQgqZ6DDBxDNJ2flUd,2026-04-30 00:04:20+00:00,1777507460000,16821,23.70786,36.55428,1016.13,65009
20260429-192359,-OrQgst87h2DR9J5mYY3,2026-04-30 00:04:30+00:00,1777507470000,16831,23.70754,36.5486,1016.13,64607
20260429-192359,-OrQgvJoYc5g8fYXh9so,2026-04-30 00:04:40+00:00,1777507480000,16841,23.70627,36.54283,1016.12,64260
20260429-192359,-OrQgxkotWb_h8fcFBn3,2026-04-30 00:04:50+00:00,1777507490000,16851,23.70437,36.55394,1016.13,64211
20260429-192359,-OrQh-C4d8fSdMHHFzvV,2026-04-30 00:05:00+00:00,1777507500000,16861,23.70469,36.55397,1016.12,64409
20260429-192359,-OrQh1dI6JszrYwyopDv,2026-04-30 00:05:10+00:00,1777507510000,16871,23.70659,36.57674,1016.12,64260
20260429-192359,-OrQh44Yoah5119ULr-W,2026-04-30 00:05:20+00:00,1777507520000,16881,23.70817,36.57125,1016.13,64607
20260429-192359,-OrQh6dvnsbC_C29BFkF,2026-04-30 00:05:30+00:00,1777507530000,16891,23.70913,36.58265,1016.13,64757
20260429-192359,-OrQh8y4PbL28plVrS38,2026-04-30 00:05:40+00:00,1777507540000,16901,23.71071,36.59976,1016.13,64707
20260429-192359,-OrQhBPGxCcf9eULS7xn,2026-04-30 00:05:50+00:00,1777507550000,16911,23.71103,36.58849,1016.13,64607
20260429-192359,-OrQhDqWMQlRrn5PNT2O,2026-04-30 00:06:00+00:00,1777507560000,16921,23.71008,36.59404,1016.13,64607
20260429-192359,-OrQhGJNsIYRaQY6q0X4,2026-04-30 00:06:10+00:00,1777507570000,16931,23.70849,36.61084,1016.13,64607
20260429-192359,-OrQhIj2pAipSuiYBqA_,2026-04-30 00:06:20+00:00,1777507580000,16941,23.70627,36.62757,1016.12,64607
20260429-192359,-OrQhLAHGUpD_jDVeCA1,2026-04-30 00:06:30+00:00,1777507590000,16951,23.70437,36.64999,1016.13,64807
20260429-192359,-OrQhNbVG5dB8jTyPg9l,2026-04-30 00:06:40+00:00,1777507600000,16961,23.70247,36.6611,1016.13,64807
20260429-192359,-OrQhQ2h2VQIsTEIMlly,2026-04-30 00:06:50+00:00,1777507610000,16971,23.70088,36.66094,1016.14001,64558
20260429-192359,-OrQhSV0deHS95WdHWSU,2026-04-30 00:07:00+00:00,1777507620000,16981,23.70152,36.65535,1016.14001,64807
20260429-192359,-OrQhUwEYZPEPi2bgS2L,2026-04-30 00:07:10+00:00,1777507630000,16991,23.70215,36.64977,1016.12,64458
20260429-192359,-OrQhXNUpp1JUVXwHYra,2026-04-30 00:07:20+00:00,1777507640000,17001,23.7031,36.6442,1016.10999,64707
20260429-192359,-OrQhZpNCo0v7cVIoSAp,2026-04-30 00:07:30+00:00,1777507650000,17011,23.70374,36.62732,1016.09998,64508
20260429-192359,-OrQhbGDmeopwTdW2rZz,2026-04-30 00:07:40+00:00,1777507660000,17021,23.70342,36.63859,1016.14001,64707
20260429-192359,-OrQhdhL8SolFozmPA7H,2026-04-30 00:07:50+00:00,1777507670000,17031,23.70215,36.64412,1016.16998,64558
20260429-192359,-OrQhg90BCrMs_vSa3-Z,2026-04-30 00:08:00+00:00,1777507680000,17041,23.70025,36.63262,1016.17999,64458
20260429-192359,-OrQhi_trzZOlvN1h_nu,2026-04-30 00:08:10+00:00,1777507690000,17051,23.6993,36.63818,1016.20001,64558
20260429-192359,-OrQhl1-_lg-BMlKrxcU,2026-04-30 00:08:20+00:00,1777507700000,17061,23.69898,36.6438,1016.20001,64409
20260429-192359,-OrQhnTGq4fbyl9NWR9A,2026-04-30 00:08:30+00:00,1777507710000,17071,23.69962,36.64951,1016.20001,64409
20260429-192359,-OrQhpzCZtFJE1IXCCGK,2026-04-30 00:08:40+00:00,1777507720000,17081,23.7012,36.64402,1016.21002,64607
20260429-192359,-OrQhsLkBvNddSnNtilt,2026-04-30 00:08:50+00:00,1777507730000,17091,23.70279,36.64417,1016.20001,64558
20260429-192359,-OrQhun-3GRZj76-TJnD,2026-04-30 00:09:00+00:00,1777507740000,17101,23.70437,36.64999,1016.20001,64409
20260429-192359,-OrQhxEJzg1yB2wiZ985,2026-04-30 00:09:10+00:00,1777507750000,17111,23.70501,36.65005,1016.20001,64558
20260429-192359,-OrQhzgKHEohe6r7O8lJ,2026-04-30 00:09:20+00:00,1777507760000,17121,23.70627,36.63322,1016.19,64607
20260429-192359,-OrQi17YWq9SgARxc5nR,2026-04-30 00:09:30+00:00,1777507770000,17131,23.70913,36.65611,1016.17999,64458
20260429-192359,-OrQi3_dj6TszBOEEmhe,2026-04-30 00:09:40+00:00,1777507780000,17141,23.71039,36.67884,1016.17999,64607
20260429-192359,-OrQi6-E3PGLHkKrsQQy,2026-04-30 00:09:50+00:00,1777507790000,17151,23.71134,36.68458,1016.16998,64607
20260429-192359,-OrQi8RWUUa-usbo6rs3,2026-04-30 00:10:00+00:00,1777507800000,17161,23.71103,36.70152,1016.16998,64657
20260429-192359,-OrQiAsg4BhtwFSO_2UW,2026-04-30 00:10:10+00:00,1777507810000,17171,23.71198,36.70727,1016.15997,64458
20260429-192359,-OrQiDJzv1Qe-ixxHIw9,2026-04-30 00:10:20+00:00,1777507820000,17181,23.71134,36.71285,1016.15002,64409
20260429-192359,-OrQiFlEZnoNiJpwIM82,2026-04-30 00:10:30+00:00,1777507830000,17191,23.70976,36.74097,1016.15002,64707
20260429-192359,-OrQiICSUfdn5u9wgD86,2026-04-30 00:10:40+00:00,1777507840000,17201,23.70944,36.73529,1016.14001,64807
20260429-192359,-OrQiKdhvslXCmeaOCJO,2026-04-30 00:10:50+00:00,1777507850000,17211,23.70881,36.73523,1016.13,64211
20260429-192359,-OrQiN4xJtfbI1A5KgHH,2026-04-30 00:11:00+00:00,1777507860000,17221,23.71008,36.74666,1016.13,64508
20260429-192359,-OrQiPXEw5Nu1eEiiqr7,2026-04-30 00:11:10+00:00,1777507870000,17231,23.71008,36.71273,1016.12,64310
20260429-192359,-OrQiRyRdQRYKXeRuYk_,2026-04-30 00:11:20+00:00,1777507880000,17241,23.71039,36.72407,1016.10999,64458
20260429-192359,-OrQiUPih5ACpXLsUwAg,2026-04-30 00:11:30+00:00,1777507890000,17251,23.71039,36.72407,1016.09998,64310
20260429-192359,-OrQiWqzWLrHWC09PPfv,2026-04-30 00:11:40+00:00,1777507900000,17261,23.71039,36.72407,1016.09998,64458
20260429-192359,-OrQiZMvvVR-dEQP8U1D,2026-04-30 00:11:50+00:00,1777507910000,17271,23.71134,36.71285,1016.10999,64458
20260429-192359,-OrQiajXCRnHCazFMdxg,2026-04-30 00:12:00+00:00,1777507920000,17281,23.71166,36.70158,1016.10999,64310
20260429-192359,-OrQidAgke3FlGsuGmaN,2026-04-30 00:12:10+00:00,1777507930000,17291,23.71293,36.72432,1016.10999,64409
20260429-192359,-OrQifbz3EbdrjGNaJDS,2026-04-30 00:12:20+00:00,1777507940000,17301,23.71325,36.7187,1016.10999,64409
20260429-192359,-OrQii3EFRYos__JkUsr,2026-04-30 00:12:30+00:00,1777507950000,17311,23.7142,36.7188,1016.10999,64409
20260429-192359,-OrQikVS87iPst9Qdt3k,2026-04-30 00:12:40+00:00,1777507960000,17321,23.71578,36.72461,1016.10999,64607
20260429-192359,-OrQimwuhYzg-JjX9AZG,2026-04-30 00:12:50+00:00,1777507970000,17331,23.71546,36.73023,1016.10999,64508
20260429-192359,-OrQipO64JSkC2PyXB5c,2026-04-30 00:13:00+00:00,1777507980000,17341,23.71515,36.71323,1016.12,64409
20260429-192359,-OrQisBHS4dReUe5uCG2,2026-04-30 00:13:10+00:00,1777507990000,17351,23.71641,36.74163,1016.13,64310
20260429-192359,-OrQiuHLbKiY0wA4POzo,2026-04-30 00:13:20+00:00,1777508000000,17361,23.71705,36.73039,1016.13,64607
20260429-192359,-OrQiwhjdoe1CK9sVDkm,2026-04-30 00:13:30+00:00,1777508010000,17371,23.71768,36.7248,1016.13,64607
20260429-192359,-OrQiz8t3HbylopdjE53,2026-04-30 00:13:40+00:00,1777508020000,17381,23.71705,36.75867,1016.14001,64310
20260429-192359,-OrQj0aCiFStiRg-xnmL,2026-04-30 00:13:50+00:00,1777508030000,17391,23.7161,36.78686,1016.14001,64113
20260429-192359,-OrQj31PzJ8N07iFEF6i,2026-04-30 00:14:00+00:00,1777508040000,17401,23.71768,36.78135,1016.13,64359
20260429-192359,-OrQj5TfrMIdErDE-gmj,2026-04-30 00:14:10+00:00,1777508050000,17411,23.71863,36.77013,1016.13,64211
20260429-192359,-OrQj7v-7aomdm03lNMf,2026-04-30 00:14:20+00:00,1777508060000,17421,23.71895,36.76451,1016.14001,64409
20260429-192359,-OrQjAM9SNBrNHm92CVw,2026-04-30 00:14:30+00:00,1777508070000,17431,23.7199,36.78157,1016.15002,64211
20260429-192359,-OrQjCnRHV0il7DKnhHj,2026-04-30 00:14:40+00:00,1777508080000,17441,23.72085,36.78733,1016.14001,64409
20260429-192359,-OrQjFEgfraQeF_kYAuu,2026-04-30 00:14:50+00:00,1777508090000,17451,23.72149,36.77607,1016.13,64260
20260429-192359,-OrQjHuHsn127zSrjH_B,2026-04-30 00:15:00+00:00,1777508100000,17461,23.72244,36.77052,1016.14001,64657
20260429-192359,-OrQjK79X_ZqFeeLNeWI,2026-04-30 00:15:10+00:00,1777508110000,17471,23.72244,36.7592,1016.14001,64409
20260429-192359,-OrQjMZPLYEuyObszpAj,2026-04-30 00:15:20+00:00,1777508120000,17481,23.72212,36.78745,1016.15002,64409
20260429-192359,-OrQjP-fG9nutPDgcKSw,2026-04-30 00:15:30+00:00,1777508130000,17491,23.7218,36.78742,1016.14001,64558
20260429-192359,-OrQjRRsXqPRcLn_iHkQ,2026-04-30 00:15:40+00:00,1777508140000,17501,23.72212,36.7818,1016.13,64458
20260429-192359,-OrQjTt8EwqQCeY2cHT5,2026-04-30 00:15:50+00:00,1777508150000,17511,23.7218,36.79308,1016.14001,64260
20260429-192359,-OrQjWKOXnLW7JO6537n,2026-04-30 00:16:00+00:00,1777508160000,17521,23.72117,36.79302,1016.13,64409
20260429-192359,-OrQjYldZ5Xv2fj3ccg9,2026-04-30 00:16:10+00:00,1777508170000,17531,23.72117,36.80999,1016.12,64508
20260429-192359,-OrQjaD--CfNCqV2WUo9,2026-04-30 00:16:20+00:00,1777508180000,17541,23.72053,36.81558,1016.10999,64310
20260429-192359,-OrQjce6N46ZN3_yh-dE,2026-04-30 00:16:30+00:00,1777508190000,17551,23.72307,36.81583,1016.10999,64113
20260429-192359,-OrQjf5NGvzxlkH8GClV,2026-04-30 00:16:40+00:00,1777508200000,17561,23.72592,36.79914,1016.12,64310
20260429-192359,-OrQjhXh0EdgZBFpLHAV,2026-04-30 00:16:50+00:00,1777508210000,17571,23.72434,36.79899,1016.10999,64260
20260429-192359,-OrQjjysNSaP22Hq-Ys5,2026-04-30 00:17:00+00:00,1777508220000,17581,23.72402,36.7933,1016.09998,64558
20260429-192359,-OrQjmQ57XO7pT7iXW1b,2026-04-30 00:17:10+00:00,1777508230000,17591,23.72434,36.79333,1016.10999,64310
20260429-192359,-OrQjorPxB2vHLKdveuL,2026-04-30 00:17:20+00:00,1777508240000,17601,23.7237,36.79892,1016.10999,64211
20260429-192359,-OrQjrJKUU0ZWW6ascKZ,2026-04-30 00:17:30+00:00,1777508250000,17611,23.72307,36.79321,1016.09998,64162
20260429-192359,-OrQjtjqwNJuP3EBJ5_s,2026-04-30 00:17:40+00:00,1777508260000,17621,23.72212,36.79877,1016.09998,64064
20260429-192359,-OrQjwB7VXlPFcENN7J9,2026-04-30 00:17:50+00:00,1777508270000,17631,23.7218,36.9006,1016.15002,64310
20260429-192359,-OrQjycP2NjZ5UGvcCee,2026-04-30 00:18:00+00:00,1777508280000,17641,23.72053,36.91746,1016.17999,64211
20260429-192359,-OrQk05PWhWhuixP61-x,2026-04-30 00:18:10+00:00,1777508290000,17651,23.71958,36.94001,1016.20001,64015
20260429-192359,-OrQk2VooyY0E9xfG7-C,2026-04-30 00:18:20+00:00,1777508300000,17661,23.71768,36.93416,1016.21997,64015
20260429-192359,-OrQk4x4B3GSuMoGODt5,2026-04-30 00:18:30+00:00,1777508310000,17671,23.71705,36.94543,1016.21997,64064
20260429-192359,-OrQk7OJOQR9Llj0MneS,2026-04-30 00:18:40+00:00,1777508320000,17681,23.71705,36.96808,1016.22998,64015
20260429-192359,-OrQk9pgsq4KCb5nJIEh,2026-04-30 00:18:50+00:00,1777508330000,17691,23.71705,36.9794,1016.22998,64458
20260429-192359,-OrQkCGs_LtGqxXZfGIR,2026-04-30 00:19:00+00:00,1777508340000,17701,23.71705,36.9964,1016.22998,64211
20260429-192359,-OrQkEi2ZpLOaZ8Fa0EX,2026-04-30 00:19:10+00:00,1777508350000,17711,23.718,36.98516,1016.22998,64409
20260429-192359,-OrQkH9Lr02RYc7AkT4t,2026-04-30 00:19:20+00:00,1777508360000,17721,23.71863,37.03621,1016.22998,64211
20260429-192359,-OrQkJaYYj8ekjZDoRCI,2026-04-30 00:19:30+00:00,1777508370000,17731,23.718,37.02482,1016.21002,64162
20260429-192359,-OrQkM1tkqr4ox139q09,2026-04-30 00:19:40+00:00,1777508380000,17741,23.71863,37.01355,1016.20001,64113
20260429-192359,-OrQkO_xsoX6fxELMZll,2026-04-30 00:19:50+00:00,1777508390000,17751,23.71895,37.01358,1016.20001,64064
20260429-192359,-OrQkQvNR-SbbojujCWd,2026-04-30 00:20:00+00:00,1777508400000,17761,23.72117,37.03647,1016.19,64113
20260429-192359,-OrQkTMuKQl5Jg3aOX1J,2026-04-30 00:20:10+00:00,1777508410000,17771,23.72339,37.0027,1016.17999,64211
20260429-192359,-OrQkVo-X8E6ZjawkOjf,2026-04-30 00:20:20+00:00,1777508420000,17781,23.72497,37.01418,1016.15997,64064
20260429-192359,-OrQkYF2HDVh0rMEwD49,2026-04-30 00:20:30+00:00,1777508430000,17791,23.72529,37.00855,1016.15997,64064
20260429-192359,-OrQk_gIVF8cYcy6E9mM,2026-04-30 00:20:40+00:00,1777508440000,17801,23.72624,36.99732,1016.15002,63966
20260429-192359,-OrQkc7cVPPihXIpWppP,2026-04-30 00:20:50+00:00,1777508450000,17811,23.72878,37.00323,1016.15002,63917
20260429-192359,-OrQkeZmBf3fPB_8sooJ,2026-04-30 00:21:00+00:00,1777508460000,17821,23.73068,36.98077,1016.15002,64162
20260429-192359,-OrQkh0GFRHixrBtRRv9,2026-04-30 00:21:10+00:00,1777508470000,17831,23.73099,36.99213,1016.14001,64015
20260429-192359,-OrQkjXfyNYXHdKhEcgV,2026-04-30 00:21:20+00:00,1777508480000,17841,23.73258,36.99795,1016.15002,64162
20260429-192359,-OrQklt_kxy_3nRwbHxw,2026-04-30 00:21:30+00:00,1777508490000,17851,23.73353,36.98672,1016.14001,64064
20260429-192359,-OrQkoKuqu1I4PJO_82K,2026-04-30 00:21:40+00:00,1777508500000,17861,23.73289,37.00365,1016.13,64211
20260429-192359,-OrQkqm3aGGZD0XvK_AW,2026-04-30 00:21:50+00:00,1777508510000,17871,23.73226,37.01491,1016.14001,64015
20260429-192359,-OrQktDUJZ1hS4EWyyDO,2026-04-30 00:22:00+00:00,1777508520000,17881,23.73131,37.04314,1016.12,63917
20260429-192359,-OrQkveYwuV5uaI-81PQ,2026-04-30 00:22:10+00:00,1777508530000,17891,23.73099,37.04312,1016.12,63868
20260429-192359,-OrQky5vtDzTml_Z4zN9,2026-04-30 00:22:20+00:00,1777508540000,17901,23.73036,37.04305,1016.12,63917
20260429-192359,-OrQl-ZL9fEZ1uN9s3jK,2026-04-30 00:22:30+00:00,1777508550000,17911,23.72941,37.04863,1016.12,64015
20260429-192359,-OrQl1zZezojXQCXHUcP,2026-04-30 00:22:40+00:00,1777508560000,17921,23.72909,37.05426,1016.10999,64015
20260429-192359,-OrQl4QUH_teWTfBKjQv,2026-04-30 00:22:50+00:00,1777508570000,17931,23.72783,37.08247,1016.10999,63966
20260429-192359,-OrQl6rl61IDl-LnB0m6,2026-04-30 00:23:00+00:00,1777508580000,17941,23.72592,37.09928,1016.09998,64015
20260429-192359,-OrQl9J0Eu_qhOGlFEGM,2026-04-30 00:23:10+00:00,1777508590000,17951,23.72592,37.10495,1016.09998,63966
20260429-192359,-OrQlBkTozvmFH50oF4e,2026-04-30 00:23:20+00:00,1777508600000,17961,23.72497,37.11052,1016.09003,63771
20260429-192359,-OrQlEB_SrEf76BtcRFG,2026-04-30 00:23:30+00:00,1777508610000,17971,23.72402,37.1161,1016.08002,63966
20260429-192359,-OrQlGciPoeyyNj_-8oI,2026-04-30 00:23:40+00:00,1777508620000,17981,23.7237,37.1274,1016.09998,63771
20260429-192359,-OrQlJ4-ANVcPwqTE-6W,2026-04-30 00:23:50+00:00,1777508630000,17991,23.7237,37.13874,1016.09003,63868
20260429-192359,-OrQlLWIe15IuQFp2cqO,2026-04-30 00:24:00+00:00,1777508640000,18001,23.7237,37.11606,1016.09003,63966
20260429-192359,-OrQlNxbmTWk9l3SZXa5,2026-04-30 00:24:10+00:00,1777508650000,18011,23.72402,37.10476,1016.09003,63723
20260429-192359,-OrQlQOljP6edaXEEaJ_,2026-04-30 00:24:20+00:00,1777508660000,18021,23.72497,37.11052,1016.09003,63771
20260429-192359,-OrQlStXBT-dk_r0SG3T,2026-04-30 00:24:30+00:00,1777508670000,18031,23.72624,37.09932,1016.09003,64064
20260429-192359,-OrQlVHGjtwdX7QlVLJX,2026-04-30 00:24:40+00:00,1777508680000,18041,23.72656,37.11635,1016.09998,63529
20260429-192359,-OrQlXiYvgqMpI9vzvQs,2026-04-30 00:24:50+00:00,1777508690000,18051,23.72878,37.12791,1016.10999,63820
20260429-192359,-OrQl_9kvMOO5lwwsJED,2026-04-30 00:25:00+00:00,1777508700000,18061,23.72972,37.12801,1016.09998,63966
20260429-192359,-OrQlbaxlGhArymFu5jW,2026-04-30 00:25:10+00:00,1777508710000,18071,23.72941,37.12231,1016.09998,64015
20260429-192359,-OrQle2DiVZ1BzJZvjRV,2026-04-30 00:25:20+00:00,1777508720000,18081,23.72941,37.11664,1016.09998,63966
20260429-192359,-OrQlgUe3WC94mlzwVZx,2026-04-30 00:25:30+00:00,1777508730000,18091,23.73004,37.13937,1016.10999,63723
20260429-192359,-OrQlivi7UTZdPWsyQwV,2026-04-30 00:25:40+00:00,1777508740000,18101,23.73004,37.15071,1016.10999,63917
20260429-192359,-OrQllNHnQM_8HsRsOvs,2026-04-30 00:25:50+00:00,1777508750000,18111,23.73068,37.16212,1016.12,64162
20260429-192359,-OrQlnoKl73j4ZkifVUo,2026-04-30 00:26:00+00:00,1777508760000,18121,23.73068,37.13377,1016.13,63868
20260429-192359,-OrQlqFTSchRbfPq2Y4p,2026-04-30 00:26:10+00:00,1777508770000,18131,23.73163,37.13954,1016.14001,63723
20260429-192359,-OrQlsglwqYQ5tHBEbW8,2026-04-30 00:26:20+00:00,1777508780000,18141,23.73289,37.15668,1016.14001,63771
20260429-192359,-OrQlv8A9-vi7ZP9Zwj9,2026-04-30 00:26:30+00:00,1777508790000,18151,23.73289,37.14534,1016.13,63868
20260429-192359,-OrQlx_AKw3S_Up71y3C,2026-04-30 00:26:40+00:00,1777508800000,18161,23.73321,37.12836,1016.12,63626
20260429-192359,-OrQm-0Rn7xrEGYEI6b8,2026-04-30 00:26:50+00:00,1777508810000,18171,23.73384,37.15677,1016.12,63820
20260429-192359,-OrQm1SmEbRZQ412j7wj,2026-04-30 00:27:00+00:00,1777508820000,18181,23.73448,37.16251,1016.12,63771
20260429-192359,-OrQm3txMJupzX0uBhu2,2026-04-30 00:27:10+00:00,1777508830000,18191,23.73543,37.17961,1016.10999,63674
20260429-192359,-OrQm6LAN7KUCCoU6qeO,2026-04-30 00:27:20+00:00,1777508840000,18201,23.73733,37.16846,1016.12,63529
20260429-192359,-OrQm8mVNkAFqnLVbHXm,2026-04-30 00:27:30+00:00,1777508850000,18211,23.73701,37.15709,1016.12,63723
20260429-192359,-OrQmBRD6q7hgE7yJwin,2026-04-30 00:27:40+00:00,1777508860000,18221,23.73796,37.1742,1016.10999,63385
20260429-192359,-OrQmDf1NDIaELM_Ngko,2026-04-30 00:27:50+00:00,1777508870000,18231,23.73765,37.17983,1016.13,63577
20260429-192359,-OrQmG6Dbd_vfYRM0NWv,2026-04-30 00:28:00+00:00,1777508880000,18241,23.73765,37.20252,1016.13,63771
20260429-192359,-OrQmIYQh5GdqYhAHA0e,2026-04-30 00:28:10+00:00,1777508890000,18251,23.7367,37.19109,1016.13,63820
20260429-192359,-OrQmKzmtdw_BahAEfrj,2026-04-30 00:28:20+00:00,1777508900000,18261,23.7348,37.1909,1016.15997,63771
20260429-192359,-OrQmNQyO2of4VvR1McD,2026-04-30 00:28:30+00:00,1777508910000,18271,23.73289,37.20205,1016.21002,63820
20260429-192359,-OrQmPs9Dg_5zK66--BD,2026-04-30 00:28:40+00:00,1777508920000,18281,23.73004,37.22445,1016.22998,63577
20260429-192359,-OrQmSJQ9rDbXK6pMDr-,2026-04-30 00:28:50+00:00,1777508930000,18291,23.72814,37.22426,1016.25,63674
20260429-192359,-OrQmUlH3dmSbU5JEr-h,2026-04-30 00:29:00+00:00,1777508940000,18301,23.72434,37.24657,1016.25,63868
20260429-192359,-OrQmXCIsqRE9Imoq_jQ,2026-04-30 00:29:10+00:00,1777508950000,18311,23.72244,37.25206,1016.23999,63529
