session_id,push_id,datetime_utc,unix_ms,elapsed_s,temp_c,humidity_pct,pressure_hpa,gas_ohm,heater_stable,iaq,iaq_accuracy
20260501-164852,-OrZRofEg7BBzpXMgGjR,2026-05-01 16:50:53+00:00,1777654253000,120,25.29764,42.44354,1004.53998,54836,True,,
20260501-164852,-OrZRr44kd3zyYbpY_fg,2026-05-01 16:51:03+00:00,1777654263000,130,25.28877,42.43666,1004.53998,54692,True,,
20260501-164852,-OrZRtWSQVsx353Nq2dJ,2026-05-01 16:51:13+00:00,1777654273000,140,25.28243,42.4242,1004.53998,54657,True,,
20260501-164852,-OrZRvxdDzKXcpHeKdMY,2026-05-01 16:51:23+00:00,1777654283000,150,25.27767,42.45303,1004.53998,54692,True,,
20260501-164852,-OrZRyO_vos2fXlQMLA7,2026-05-01 16:51:33+00:00,1777654293000,160,25.27355,42.48194,1004.53003,54657,True,,
20260501-164852,-OrZS-qAH7ae89cDnlur,2026-05-01 16:51:43+00:00,1777654303000,170,25.2707,42.49337,1004.53003,54657,True,,
20260501-164852,-OrZS2nSQTygFDjiOUV0,2026-05-01 16:51:53+00:00,1777654313000,180,25.26753,42.46951,1004.52002,54764,True,,
20260501-164852,-OrZS4if42o2mJcZmVse,2026-05-01 16:52:03+00:00,1777654323000,190,25.26531,42.48101,1004.51001,55016,True,,
20260501-164852,-OrZS7A3nrD9x1PlbU_P,2026-05-01 16:52:13+00:00,1777654333000,200,25.26373,42.55722,1004.51001,54907,True,,
20260501-164852,-OrZS9bQx3anY6oH8jFn,2026-05-01 16:52:23+00:00,1777654343000,210,25.26214,42.60995,1004.51001,55088,True,,
20260501-164852,-OrZSC2c2KPLUdKNHDmp,2026-05-01 16:52:33+00:00,1777654353000,220,25.26056,42.598,1004.5,54692,True,,
20260501-164852,-OrZSEUabdMS22EsXWJE,2026-05-01 16:52:43+00:00,1777654363000,230,25.25866,42.58015,1004.51001,54443,True,,
20260501-164852,-OrZSHA7yGRuiR5cyj0B,2026-05-01 16:52:54+00:00,1777654374000,240,25.25676,42.61522,1004.51001,54232,True,,
20260501-164852,-OrZSJTOAmcFwEriAqSI,2026-05-01 16:53:04+00:00,1777654384000,250,25.2539,42.73841,1004.5,54373,True,,
20260501-164852,-OrZSLu85lN4GNyJbiSO,2026-05-01 16:53:14+00:00,1777654394000,260,25.252,42.85591,1004.48999,54443,True,,
20260501-164852,-OrZSOLNUewhWgjTShLF,2026-05-01 16:53:24+00:00,1777654404000,270,25.25073,42.93822,1004.48999,54408,True,,
20260501-164852,-OrZSQmhpxEJUplDoSZ3,2026-05-01 16:53:34+00:00,1777654414000,280,25.24978,43.05598,1004.48999,54337,True,,
20260501-164852,-OrZSTZLSJ2wP4Se4mMC,2026-05-01 16:53:44+00:00,1777654424000,290,25.24915,43.12076,1004.48999,54585,True,,
20260501-164852,-OrZSVfR0w1FN5d4fEBa,2026-05-01 16:53:54+00:00,1777654434000,300,25.24978,43.12673,1004.47998,54621,True,,
20260501-164852,-OrZSY7UvcLYl7PCcwug,2026-05-01 16:54:04+00:00,1777654444000,310,25.24978,43.07366,1004.48999,54585,True,,
20260501-164852,-OrZS_Zcrb8sNDoNOp0Y,2026-05-01 16:54:14+00:00,1777654454000,320,25.24947,43.05594,1004.5,54728,True,,
20260501-164852,-OrZSc-Gb2p-pbzcPI3h,2026-05-01 16:54:24+00:00,1777654464000,330,25.24915,42.94983,1004.5,54692,True,,
20260501-164852,-OrZSeRgl9vXFIqMJMD6,2026-05-01 16:54:34+00:00,1777654474000,340,25.24883,42.87322,1004.5,55016,True,,
20260501-164852,-OrZSgt0ptNXZ82IRZyY,2026-05-01 16:54:44+00:00,1777654484000,350,25.24915,42.9027,1004.51001,54871,True,,
20260501-164852,-OrZSkWTw8CMNM_N3_3_,2026-05-01 16:54:54+00:00,1777654494000,360,25.24883,42.97925,1004.51001,54800,True,,
20260501-164852,-OrZSllZqq5Pc1loE_de,2026-05-01 16:55:04+00:00,1777654504000,370,25.24756,43.04393,1004.51001,54943,True,,
20260501-164852,-OrZSoCSh9xi-C4kzu1L,2026-05-01 16:55:14+00:00,1777654514000,380,25.24661,43.18536,1004.51001,55052,True,,
20260501-164852,-OrZSr6KgOgJ7c0GNb_l,2026-05-01 16:55:24+00:00,1777654524000,390,25.24661,43.26207,1004.51001,54871,True,,
20260501-164852,-OrZSt5SVwNG-CgjoXgY,2026-05-01 16:55:34+00:00,1777654534000,400,25.24534,43.23832,1004.5,54980,True,,
20260501-164852,-OrZSvWrPMdkjXH7BzN4,2026-05-01 16:55:44+00:00,1777654544000,410,25.24471,43.30907,1004.48999,54800,True,,
20260501-164852,-OrZSxyH5nPl7Xy4aetg,2026-05-01 16:55:54+00:00,1777654554000,420,25.24344,43.32664,1004.48999,55161,True,,
20260501-164852,-OrZT-QRuqxyr0KVKBbJ,2026-05-01 16:56:04+00:00,1777654564000,430,25.24281,43.33247,1004.47998,54871,True,,
20260501-164852,-OrZT2RP097XJerhaxAI,2026-05-01 16:56:14+00:00,1777654574000,440,25.24122,43.28506,1004.47998,54728,True,,
20260501-164852,-OrZT4Ix2XPL8VOw8T0f,2026-05-01 16:56:24+00:00,1777654584000,450,25.24059,43.19646,1004.46997,54943,True,,
20260501-164852,-OrZT6k7PHmlkWHchffn,2026-05-01 16:56:34+00:00,1777654594000,460,25.23932,43.16093,1004.47998,54728,True,,
20260501-164852,-OrZT9APsi7trqs4-VbK,2026-05-01 16:56:44+00:00,1777654604000,470,25.23806,43.19618,1004.48999,54871,True,,
20260501-164852,-OrZTBcKiR04HqKGG7Jt,2026-05-01 16:56:54+00:00,1777654614000,480,25.2371,43.26097,1004.48999,54800,True,,
20260501-164852,-OrZTEltfH94SSOGcrtw,2026-05-01 16:57:04+00:00,1777654624000,490,25.23837,43.29654,1004.48999,54907,True,,
20260501-164852,-OrZTKQ4uO0yvhjDggDJ,2026-05-01 16:57:14+00:00,1777654634000,501,25.23742,43.33185,1004.47998,54728,True,,
20260501-164852,-OrZTKYSI0TDuBcOPZnz,2026-05-01 16:57:30+00:00,1777654650000,517,25.2352,43.36113,1004.47998,51245,True,,
20260501-164852,-OrZTMzWUrlFYr_TzsfD,2026-05-01 16:57:40+00:00,1777654660000,527,25.23457,43.28429,1004.47998,52301,True,,
20260501-164852,-OrZTPQZZSbVTnOv_Owy,2026-05-01 16:57:50+00:00,1777654670000,537,25.23425,43.18394,1004.47998,53232,True,,
20260501-164852,-OrZTT90FpGpW-sB7FAQ,2026-05-01 16:58:00+00:00,1777654680000,547,25.23362,43.22517,1004.46997,53504,True,,
20260501-164852,-OrZTUJf6Lrd-946ZTeC,2026-05-01 16:58:10+00:00,1777654690000,557,25.2333,43.22514,1004.46997,53952,True,,
20260501-164852,-OrZTWlgs9TephI1Xjr3,2026-05-01 16:58:20+00:00,1777654700000,567,25.23267,43.18376,1004.46002,54267,True,,
20260501-164852,-OrZTZBD1k3aRZ8nWp3Y,2026-05-01 16:58:30+00:00,1777654710000,577,25.2333,43.06588,1004.46002,54479,True,,
20260501-164852,-OrZTadXTD8TOVUta-i7,2026-05-01 16:58:40+00:00,1777654720000,587,25.2333,43.0423,1004.46002,54692,True,,
20260501-164852,-OrZTd46GG3S3WpxojbW,2026-05-01 16:58:50+00:00,1777654730000,597,25.23267,43.12477,1004.46002,54373,True,,
20260501-164852,-OrZTfWr7h7a5scgjkH3,2026-05-01 16:59:00+00:00,1777654740000,607,25.23298,43.172,1004.45001,54657,True,,
20260501-164852,-OrZThxcV3StLxrFDwo4,2026-05-01 16:59:10+00:00,1777654750000,617,25.23267,43.22506,1004.45001,54871,True,,
20260501-164852,-OrZTkOmqZ8bT-SSlH82,2026-05-01 16:59:20+00:00,1777654760000,627,25.23298,43.29593,1004.46002,54657,True,,
20260501-164852,-OrZTmr4YsXV36RVNYB8,2026-05-01 16:59:30+00:00,1777654770000,637,25.23362,43.33733,1004.45001,54728,True,,
20260501-164852,-OrZTpHvHK28BuyDLlBM,2026-05-01 16:59:40+00:00,1777654780000,647,25.2333,43.21923,1004.46002,54692,True,,
20260501-164852,-OrZTriNTNO95uYkKQRN,2026-05-01 16:59:50+00:00,1777654790000,657,25.23362,43.15438,1004.46002,54907,True,,
20260501-164852,-OrZTuVf10sZufMQVHWr,2026-05-01 17:00:00+00:00,1777654800000,667,25.23267,43.04223,1004.46002,54764,True,,
20260501-164852,-OrZTwbw8QddhKTfS2_3,2026-05-01 17:00:10+00:00,1777654810000,677,25.23203,43.01269,1004.44,55016,True,,
20260501-164852,-OrZTz3cHEvpTEQnL2CY,2026-05-01 17:00:20+00:00,1777654820000,687,25.23203,42.95966,1004.44,54943,True,,
20260501-164852,-OrZU0UuG8CJhs7Mqswv,2026-05-01 17:00:30+00:00,1777654830000,697,25.23045,43.0243,1004.44,54943,True,,
20260501-164852,-OrZU2wlAhXrMzV-PP24,2026-05-01 17:00:40+00:00,1777654840000,707,25.2295,43.1598,1004.44,54871,True,,
20260501-164852,-OrZU5NDhyCyfy7kytlD,2026-05-01 17:00:50+00:00,1777654850000,717,25.22728,43.24806,1004.42999,55052,True,,
20260501-164852,-OrZU8klMjPTecLspXDb,2026-05-01 17:01:00+00:00,1777654860000,727,25.2276,43.15958,1004.44,55453,True,,
20260501-164852,-OrZUBVJnkV-Tzy6aP8_,2026-05-01 17:01:10+00:00,1777654870000,737,25.22728,43.12417,1004.44,55233,True,,
20260501-164852,-OrZUD9Efzj_5YHqwk2e,2026-05-01 17:01:20+00:00,1777654880000,747,25.22601,43.07684,1004.42999,55343,True,,
20260501-164852,-OrZUF9_FAEoH17LIQ7K,2026-05-01 17:01:30+00:00,1777654890000,757,25.22569,42.95304,1004.42999,55270,True,,
20260501-164852,-OrZUHailWQtb_1IfUmd,2026-05-01 17:01:40+00:00,1777654900000,767,25.22411,43.06483,1004.42999,55161,True,,
20260501-164852,-OrZUK15cb_9pil5bRgV,2026-05-01 17:01:50+00:00,1777654910000,777,25.22284,43.12365,1004.42999,55016,True,,
20260501-164852,-OrZUMTfn3jLtssLIc2Q,2026-05-01 17:02:00+00:00,1777654920000,787,25.22284,43.15314,1004.42999,55161,True,,
20260501-164852,-OrZUOvKcVb_wXr3qJam,2026-05-01 17:02:10+00:00,1777654930000,797,25.22221,43.21206,1004.42999,55088,True,,
20260501-164852,-OrZURMhxq0cVrFYUjEf,2026-05-01 17:02:20+00:00,1777654940000,807,25.22221,43.14127,1004.42999,55197,True,,
20260501-164852,-OrZUTmRH3UqzlLBqhQy,2026-05-01 17:02:30+00:00,1777654950000,817,25.22221,43.05283,1004.44,55161,True,,
20260501-164852,-OrZUWE_0o1jHG9Pa1Zg,2026-05-01 17:02:40+00:00,1777654960000,827,25.22221,42.97032,1004.44,55270,True,,
20260501-164852,-OrZUYfcfMRQ-YnlJV27,2026-05-01 17:02:50+00:00,1777654970000,837,25.22284,42.91148,1004.42999,55124,True,,
20260501-164852,-OrZUa6K2Txf05zCZ3LN,2026-05-01 17:03:00+00:00,1777654980000,847,25.22316,42.87619,1004.42999,55306,True,,
20260501-164852,-OrZUcYXX3psGjS8SjZ_,2026-05-01 17:03:10+00:00,1777654990000,857,25.22252,42.79958,1004.41998,55306,True,,
20260501-164852,-OrZUezsNeg_oF5j8cc6,2026-05-01 17:03:20+00:00,1777655000000,867,25.22157,42.77592,1004.41998,55197,True,,
20260501-164852,-OrZUhQuf4Stgnuchdjj,2026-05-01 17:03:30+00:00,1777655010000,877,25.22094,42.74055,1004.41998,55233,True,,
20260501-164852,-OrZUjrtNu1_QDIx4Z0c,2026-05-01 17:03:40+00:00,1777655020000,887,25.21999,42.71103,1004.40997,55306,True,,
20260501-164852,-OrZUmKSRbRfyGjJpGUE,2026-05-01 17:03:50+00:00,1777655030000,897,25.22031,42.68753,1004.40997,55233,True,,
20260501-164852,-OrZUoluImFo4MyO_S0x,2026-05-01 17:04:00+00:00,1777655040000,907,25.22031,42.67577,1004.40997,55197,True,,
20260501-164852,-OrZUrCEXxoIfGMNzXdj,2026-05-01 17:04:10+00:00,1777655050000,917,25.21999,42.71692,1004.40997,55526,True,,
20260501-164852,-OrZUu10u3d4GUeDKYbq,2026-05-01 17:04:20+00:00,1777655060000,927,25.21967,42.89934,1004.40002,55343,True,,
20260501-164852,-OrZUw5c3gi2BMaSmK4F,2026-05-01 17:04:30+00:00,1777655070000,937,25.21967,43.01717,1004.40997,55233,True,,
20260501-164852,-OrZUyXFXEUzBqasxP7j,2026-05-01 17:04:40+00:00,1777655080000,947,25.21967,42.88167,1004.40997,55343,True,,
20260501-164852,-OrZV-yhS2DmNgCs4kzB,2026-05-01 17:04:50+00:00,1777655090000,957,25.21904,42.81096,1004.40002,55526,True,,
20260501-164852,-OrZV2PSvM8e3bFn9jW3,2026-05-01 17:05:00+00:00,1777655100000,967,25.21745,42.72839,1004.40002,55674,True,,
20260501-164852,-OrZVR39HKh0KlD1KOUs,2026-05-01 17:06:37+00:00,1777655197000,1064,25.20794,43.05708,1004.38,40150,True,,
20260501-164852,-OrZVSajDw7ssUcEWTAZ,2026-05-01 17:06:47+00:00,1777655207000,1074,25.207,42.98037,1004.38,43482,True,,
20260501-164852,-OrZVV1Z-ITKX58KbdsQ,2026-05-01 17:06:57+00:00,1777655217000,1084,25.20636,42.87428,1004.38,46317,True,,
20260501-164852,-OrZVXToDb7T_dl7hWrq,2026-05-01 17:07:07+00:00,1777655227000,1094,25.20573,42.83299,1004.38,47822,True,,
20260501-164852,-OrZVZvL-GKyyLsfvaKI,2026-05-01 17:07:17+00:00,1777655237000,1104,25.20509,42.82114,1004.37,49169,True,,
20260501-164852,-OrZVw6jAZw736zFfT2h,2026-05-01 17:08:51+00:00,1777655331000,1198,25.19812,42.82623,1004.37,38668,True,,
20260501-164852,-OrZVyIFr3qsu8194Ftf,2026-05-01 17:09:01+00:00,1777655341000,1208,25.19844,42.83805,1004.35999,42212,True,,
20260501-164852,-OrZW-jwkfl7fH5_Q0B9,2026-05-01 17:09:11+00:00,1777655351000,1218,25.19812,42.93812,1004.35999,44735,True,,
20260501-164852,-OrZW2At_R2D7O4sPItw,2026-05-01 17:09:21+00:00,1777655361000,1228,25.19907,43.00304,1004.37,46678,True,,
20260501-164852,-OrZW4c4vGsICuepjp_G,2026-05-01 17:09:31+00:00,1777655371000,1238,25.19939,43.062,1004.37,47849,True,,
20260501-164852,-OrZW744IDNIhw1jzpix,2026-05-01 17:09:41+00:00,1777655381000,1248,25.20066,42.90307,1004.35999,49140,True,,
20260501-164852,-OrZW9VjCIodR24bh78P,2026-05-01 17:09:51+00:00,1777655391000,1258,25.20097,42.72651,1004.35999,49961,True,,
20260501-164852,-OrZWBxJjtSJvQ5qtk9e,2026-05-01 17:10:01+00:00,1777655401000,1268,25.20319,42.64442,1004.35999,50903,True,,
20260501-164852,-OrZWEOBKMmWA3URRH6D,2026-05-01 17:10:11+00:00,1777655411000,1278,25.20382,42.5857,1004.35999,51340,True,,
20260501-164852,-OrZWGpX3zet_UxMl0zG,2026-05-01 17:10:21+00:00,1777655421000,1288,25.20478,42.54467,1004.34998,51912,True,,
20260501-164852,-OrZWMAbydYHPWOBJpTn,2026-05-01 17:10:31+00:00,1777655431000,1298,25.20604,42.53893,1004.34998,52269,True,,
20260501-164852,-OrZWMLLQ2J5jztjeXcH,2026-05-01 17:10:44+00:00,1777655444000,1311,25.20414,42.5975,1004.34998,51151,True,,
20260501-164852,-OrZWOn7WaSlvsCrm3Kz,2026-05-01 17:10:54+00:00,1777655454000,1321,25.20509,42.57997,1004.34003,52106,True,,
20260501-164852,-OrZWRDxglNJ9bFMhCrL,2026-05-01 17:11:04+00:00,1777655464000,1331,25.20541,42.70937,1004.34998,52465,True,,
20260501-164852,-OrZWTfWT_5MjnUqDOgb,2026-05-01 17:11:14+00:00,1777655474000,1341,25.20541,42.88594,1004.34998,52896,True,,
20260501-164852,-OrZWYf4rPUesGMZewNU,2026-05-01 17:11:24+00:00,1777655484000,1351,25.20509,42.92713,1004.34998,52896,True,,
20260501-164852,-OrZWZdZgTExxQep4zx6,2026-05-01 17:11:35+00:00,1777655495000,1362,25.20446,42.82695,1004.35999,53131,True,,
20260501-164852,-OrZWaJLg9FYxWLvLMSE,2026-05-01 17:11:45+00:00,1777655505000,1372,25.20446,42.67397,1004.35999,53334,True,,
20260501-164852,-OrZWclGUcEiuViwWIxV,2026-05-01 17:11:55+00:00,1777655515000,1382,25.20509,42.55645,1004.35999,53745,True,,
20260501-164852,-OrZWfCIrjhUGx_K2otX,2026-05-01 17:12:05+00:00,1777655525000,1392,25.20541,42.51536,1004.34998,53848,True,,
20260501-164852,-OrZWhdEGGd186iYwx0U,2026-05-01 17:12:15+00:00,1777655535000,1402,25.20636,42.49785,1004.34998,54162,True,,
20260501-164852,-OrZWk4onUmU5AMxU7d-,2026-05-01 17:12:25+00:00,1777655545000,1412,25.20636,42.50372,1004.34998,54337,True,,
20260501-164852,-OrZWmWxKtys6cSM9ZNc,2026-05-01 17:12:35+00:00,1777655555000,1422,25.20763,42.58026,1004.34998,54764,True,,
20260501-164852,-OrZWoy8LR-YwqOenVTW,2026-05-01 17:12:45+00:00,1777655565000,1432,25.20858,42.66268,1004.35999,54728,True,,
20260501-164852,-OrZWrPOh9xSqxQBuh8V,2026-05-01 17:12:55+00:00,1777655575000,1442,25.2089,42.74506,1004.34998,54657,True,,
20260501-164852,-OrZWtqOK0EszaSKxNi1,2026-05-01 17:13:05+00:00,1777655585000,1452,25.20953,42.83342,1004.35999,54764,True,,
20260501-164852,-OrZWwHlp7AH8SKG_oMt,2026-05-01 17:13:15+00:00,1777655595000,1462,25.20985,42.83346,1004.34998,54657,True,,
20260501-164852,-OrZWyj-mVaOvezKME-V,2026-05-01 17:13:25+00:00,1777655605000,1472,25.21048,42.85707,1004.34003,54657,True,,
20260501-164852,-OrZX2mwrYl11j58Hvy2,2026-05-01 17:13:35+00:00,1777655615000,1482,25.2108,42.75705,1004.34003,54657,True,,
20260501-164852,-OrZX3Ue1yy8Vm0FrbmE,2026-05-01 17:13:49+00:00,1777655629000,1496,25.20826,42.69793,1004.34003,52863,True,,
20260501-164852,-OrZX5vx5YGEB4IlLIvu,2026-05-01 17:13:59+00:00,1777655639000,1506,25.20731,42.65665,1004.33002,53607,True,,
20260501-164852,-OrZX8PnEyzwcmRpBFpA,2026-05-01 17:14:09+00:00,1777655649000,1516,25.207,42.57431,1004.33002,54092,True,,
20260501-164852,-OrZXAphoooD4my9sZ5I,2026-05-01 17:14:19+00:00,1777655659000,1526,25.20604,42.56832,1004.33002,54443,True,,
20260501-164852,-OrZXDG29NBzDT5YlEJw,2026-05-01 17:14:29+00:00,1777655669000,1536,25.20636,42.53897,1004.32001,54728,True,,
20260501-164852,-OrZXFh6dgijQ86h5x0X,2026-05-01 17:14:39+00:00,1777655679000,1546,25.20636,42.5331,1004.32001,54836,True,,
20260501-164852,-OrZXI8WNgkgzaJ47mhJ,2026-05-01 17:14:49+00:00,1777655689000,1556,25.20604,42.4978,1004.33002,54871,True,,
20260501-164852,-OrZXK_y7xCapiP0k7jn,2026-05-01 17:14:59+00:00,1777655699000,1566,25.20573,42.4684,1004.32001,54871,True,,
20260501-164852,-OrZXN0sXmq38iq0DdVg,2026-05-01 17:15:09+00:00,1777655709000,1576,25.20509,42.58585,1004.33002,55088,True,,
20260501-164852,-OrZXPT1Y56F_Eg04Zp-,2026-05-01 17:15:19+00:00,1777655719000,1586,25.20414,42.69746,1004.32001,55233,True,,
20260501-164852,-OrZXRuZw_AePanI3RII,2026-05-01 17:15:29+00:00,1777655729000,1596,25.20509,42.70933,1004.33002,55306,True,,
20260501-164852,-OrZXULaEOWLbSWpk8Li,2026-05-01 17:15:39+00:00,1777655739000,1606,25.20478,42.69753,1004.33002,55161,True,,
20260501-164852,-OrZXWms9klNcHUNdA39,2026-05-01 17:15:49+00:00,1777655749000,1616,25.20414,42.69158,1004.33002,55416,True,,
20260501-164852,-OrZXZEHV41ueB3Ii8mB,2026-05-01 17:15:59+00:00,1777655759000,1626,25.20414,42.70923,1004.33002,55379,True,,
20260501-164852,-OrZXahBITq2dGaF9TOD,2026-05-01 17:16:09+00:00,1777655769000,1636,25.20256,42.8444,1004.33002,55453,True,,
20260501-164852,-OrZXd71TRLdjkHrOd7k,2026-05-01 17:16:19+00:00,1777655779000,1646,25.20097,42.84421,1004.33002,55270,True,,
20260501-164852,-OrZXfYsh0xP4tNHrrpI,2026-05-01 17:16:29+00:00,1777655789000,1656,25.20002,42.7676,1004.32001,55379,True,,
20260501-164852,-OrZXj4B_2k9zngmur9u,2026-05-01 17:16:39+00:00,1777655799000,1666,25.20034,42.69115,1004.32001,55343,True,,
20260501-164852,-OrZXkRQwzDxiqeW8_QW,2026-05-01 17:16:49+00:00,1777655809000,1676,25.20034,42.6441,1004.32001,55490,True,,
20260501-164852,-OrZXmuuFJDyz7mkgeX_,2026-05-01 17:16:59+00:00,1777655819000,1686,25.20161,42.63248,1004.32001,55526,True,,
20260501-164852,-OrZXsSVCX-ugrnEalAl,2026-05-01 17:17:09+00:00,1777655829000,1696,25.20192,42.58549,1004.33002,55233,True,,
20260501-164852,-OrZXskEVWT20wlQbMuf,2026-05-01 17:17:23+00:00,1777655843000,1709,25.19971,42.53822,1004.32001,53641,True,,
20260501-164852,-OrZXv8lTmKYeApoAl7S,2026-05-01 17:17:33+00:00,1777655853000,1719,25.19971,42.46771,1004.32001,54373,True,,
20260501-164852,-OrZXx_rTTOX9mYVUeoD,2026-05-01 17:17:43+00:00,1777655863000,1729,25.19971,42.45009,1004.32001,54728,True,,
20260501-164852,-OrZY-0dYrO1cAphiYE3,2026-05-01 17:17:53+00:00,1777655873000,1739,25.19971,42.45597,1004.31,55052,True,,
20260501-164852,-OrZY1T-w456IUHTFeXQ,2026-05-01 17:18:03+00:00,1777655883000,1749,25.19971,42.48534,1004.31,55343,True,,
20260501-164852,-OrZY3u9CZNdrR07gihC,2026-05-01 17:18:13+00:00,1777655893000,1759,25.19971,42.5676,1004.31,55343,True,,
20260501-164852,-OrZY6LW0MUanM9wZgD2,2026-05-01 17:18:23+00:00,1777655903000,1769,25.20034,42.67351,1004.31,55379,True,,
20260501-164852,-OrZY8mhrbyPHyvyn1Kr,2026-05-01 17:18:33+00:00,1777655913000,1779,25.20097,42.66769,1004.31,55563,True,,
20260501-164852,-OrZYBDv8KqMhPZIt4I8,2026-05-01 17:18:43+00:00,1777655923000,1789,25.20192,42.6384,1004.31,55563,True,,
20260501-164852,-OrZYDfE5WIC9T2H6_rF,2026-05-01 17:18:53+00:00,1777655933000,1799,25.20129,42.55016,1004.31,55822,True,,
20260501-164852,-OrZYG6XSK4pvIPdwuCu,2026-05-01 17:19:03+00:00,1777655943000,1809,25.20224,42.5385,1004.31,55748,True,,
20260501-164852,-OrZYIYdRuqMJ3gfLnr-,2026-05-01 17:19:13+00:00,1777655953000,1819,25.20161,42.52081,1004.32001,55637,True,,
20260501-164852,-OrZYL-2CwAiP91BQwSF,2026-05-01 17:19:23+00:00,1777655963000,1829,25.20129,42.49727,1004.31,55674,True,,
20260501-164852,-OrZYNR8VfdhnmOO1nfA,2026-05-01 17:19:33+00:00,1777655973000,1839,25.20066,42.4502,1004.29999,55674,True,,
20260501-164852,-OrZYQ4JpRztdBi9cFjj,2026-05-01 17:19:43+00:00,1777655983000,1849,25.20034,42.42081,1004.29999,55785,True,,
20260501-164852,-OrZYSJjto9Zl7zUlE0a,2026-05-01 17:19:53+00:00,1777655993000,1859,25.19971,42.43248,1004.29999,55563,True,,
20260501-164852,-OrZYUkshsqRjdlkFFlZ,2026-05-01 17:20:03+00:00,1777656003000,1869,25.20097,42.47373,1004.31,55748,True,,
20260501-164852,-OrZYXCCYPaUpCifwZUY,2026-05-01 17:20:13+00:00,1777656013000,1879,25.20129,42.52077,1004.31,55637,True,,
20260501-164852,-OrZYZdLCgGozb5d0eO2,2026-05-01 17:20:23+00:00,1777656023000,1889,25.20034,42.56768,1004.29999,55748,True,,
20260501-164852,-OrZYb4mVz7yNjnnb0CU,2026-05-01 17:20:33+00:00,1777656033000,1899,25.20066,42.52069,1004.31,55748,True,,
20260501-164852,-OrZYdWv7dLx9HNtzhGl,2026-05-01 17:20:43+00:00,1777656043000,1909,25.20002,42.50301,1004.29999,55860,True,,
20260501-164852,-OrZYfyMRVETfKRjnt83,2026-05-01 17:20:53+00:00,1777656053000,1919,25.20002,42.46776,1004.31,55972,True,,
20260501-164852,-OrZYj4ecPvnSQx-A6zQ,2026-05-01 17:21:03+00:00,1777656063000,1929,25.20066,42.4737,1004.31,55934,True,,
20260501-164852,-OrZYkqegcZrkhUiOVNp,2026-05-01 17:21:13+00:00,1777656073000,1939,25.20066,42.46195,1004.29999,56273,True,,
20260501-164852,-OrZYnHvB6W_NY0Z5HXW,2026-05-01 17:21:23+00:00,1777656083000,1949,25.20097,42.37389,1004.31,56235,True,,
20260501-164852,-OrZYpji82tsYyEdFTXk,2026-05-01 17:21:33+00:00,1777656093000,1959,25.20034,42.33861,1004.31,55972,True,,
20260501-164852,-OrZYsAuL3zNzaApiGVM,2026-05-01 17:21:43+00:00,1777656103000,1969,25.19971,42.35028,1004.31,56047,True,,
20260501-164852,-OrZYubgqZpwgGiyMEtx,2026-05-01 17:21:53+00:00,1777656113000,1979,25.19876,42.36191,1004.31,56122,True,,
20260501-164852,-OrZYx4N_zz27dgO8JV_,2026-05-01 17:22:03+00:00,1777656123000,1989,25.19907,42.40305,1004.31,55934,True,,
20260501-164852,-OrZYzV5TueC47Nva4Mr,2026-05-01 17:22:13+00:00,1777656133000,1999,25.19876,42.37365,1004.31,56122,True,,
20260501-164852,-OrZZ0wnApxC9pgiKGeK,2026-05-01 17:22:23+00:00,1777656143000,2009,25.19939,42.37372,1004.31,56197,True,,
20260501-164852,-OrZZ3NbS-ii9dvVMSac,2026-05-01 17:22:33+00:00,1777656153000,2019,25.20002,42.39729,1004.31,55972,True,,
20260501-164852,-OrZZ5otQ96603gSfs6d,2026-05-01 17:22:43+00:00,1777656163000,2029,25.20129,42.38568,1004.31,56047,True,,
20260501-164852,-OrZZ8uGCeS1hO8LkBpA,2026-05-01 17:22:53+00:00,1777656173000,2039,25.20129,42.38568,1004.29999,56197,True,,
20260501-164852,-OrZZAj3f1SI2kqlJOT2,2026-05-01 17:23:03+00:00,1777656183000,2049,25.20066,42.45607,1004.29999,56122,True,,
20260501-164852,-OrZZD8iAUk_SmAK5pR2,2026-05-01 17:23:13+00:00,1777656193000,2059,25.20002,42.56177,1004.31,56273,True,,
20260501-164852,-OrZZFaDdeC2_f0nbjyh,2026-05-01 17:23:23+00:00,1777656203000,2069,25.20002,42.67348,1004.31,56235,True,,
20260501-164852,-OrZZI1H6mkM4RZA9zGc,2026-05-01 17:23:33+00:00,1777656213000,2079,25.19971,42.61463,1004.31,56122,True,,
20260501-164852,-OrZZKTkTZfeCr2RKomk,2026-05-01 17:23:43+00:00,1777656223000,2089,25.19939,42.4853,1004.31,56047,True,,
20260501-164852,-OrZZMv8zyyP1byv1hYW,2026-05-01 17:23:53+00:00,1777656233000,2099,25.19939,42.42069,1004.31,56084,True,,
20260501-164852,-OrZZPLyEXdxfE2NVOVs,2026-05-01 17:24:03+00:00,1777656243000,2109,25.19876,42.37365,1004.32001,56122,True,,
20260501-164852,-OrZZRpYfF8F6W7UGx7E,2026-05-01 17:24:13+00:00,1777656253000,2119,25.19939,42.35611,1004.31,56273,True,,
20260501-164852,-OrZZUFloETYdSyuHyZC,2026-05-01 17:24:23+00:00,1777656263000,2129,25.20034,42.33274,1004.31,56197,True,,
20260501-164852,-OrZZWgHPyO4di4g3dJi,2026-05-01 17:24:33+00:00,1777656273000,2139,25.20002,42.32684,1004.31,56122,True,,
20260501-164852,-OrZZZ7iRrqyTPW-9A0P,2026-05-01 17:24:43+00:00,1777656283000,2149,25.19939,42.45593,1004.31,56197,True,,
20260501-164852,-OrZZaZKhzZI3qDG1q6c,2026-05-01 17:24:53+00:00,1777656293000,2159,25.19907,42.53815,1004.31,56047,True,,
20260501-164852,-OrZZd-i5JB94c3SbGZv,2026-05-01 17:25:03+00:00,1777656303000,2169,25.19876,42.58513,1004.31,56009,True,,
20260501-164852,-OrZZfRkEM_DYtF4RaGJ,2026-05-01 17:25:13+00:00,1777656313000,2179,25.19844,42.62625,1004.32001,56122,True,,
20260501-164852,-OrZZht7nnDi3C0-8COM,2026-05-01 17:25:23+00:00,1777656323000,2189,25.19844,42.60861,1004.32001,56047,True,,
20260501-164852,-OrZZkKIag-3yo1xelXV,2026-05-01 17:25:33+00:00,1777656333000,2199,25.19812,42.60857,1004.31,56009,True,,
20260501-164852,-OrZZmlOmLhweaFOLrdQ,2026-05-01 17:25:43+00:00,1777656343000,2209,25.19876,42.53223,1004.32001,56009,True,,
20260501-164852,-OrZZpChavNg_PTvQ9jH,2026-05-01 17:25:53+00:00,1777656353000,2219,25.19876,42.4911,1004.32001,56122,True,,
20260501-164852,-OrZZtbkwQIFiyoHgsWU,2026-05-01 17:26:03+00:00,1777656363000,2229,25.19812,42.47341,1004.31,56084,True,,
20260501-164852,-OrZZu5Fa_pi2baxKWX-,2026-05-01 17:26:13+00:00,1777656373000,2239,25.19876,42.47348,1004.32001,56084,True,,
20260501-164852,-OrZZwY-8NbPYs1A1CtQ,2026-05-01 17:26:23+00:00,1777656383000,2249,25.19844,42.43821,1004.31,56009,True,,
20260501-164852,-OrZZyygQHltmZ8QoJ4z,2026-05-01 17:26:33+00:00,1777656393000,2259,25.19812,42.43229,1004.29999,56197,True,,
20260501-164852,-OrZ_0Pysr3Ww9aePRzA,2026-05-01 17:26:43+00:00,1777656403000,2269,25.19907,42.41479,1004.29999,56122,True,,
20260501-164852,-OrZ_2r4N1-mAdBwPqaR,2026-05-01 17:26:53+00:00,1777656413000,2279,25.19812,42.41468,1004.29999,56159,True,,
20260501-164852,-OrZ_5IRHNsWPhmaFtyL,2026-05-01 17:27:03+00:00,1777656423000,2289,25.19844,42.42646,1004.29999,56273,True,,
20260501-164852,-OrZ_7k3dWG6Y5jTBUZs,2026-05-01 17:27:13+00:00,1777656433000,2299,25.1978,42.4675,1004.31,56348,True,,
20260501-164852,-OrZ_AC4LKZ-69kkiDHe,2026-05-01 17:27:23+00:00,1777656443000,2309,25.19749,42.50859,1004.29999,56084,True,,
20260501-164852,-OrZ_CcO9T0cmrQWClOD,2026-05-01 17:27:33+00:00,1777656453000,2319,25.19749,42.51446,1004.29999,56386,True,,
20260501-164852,-OrZ_F3d36Q1vL4OyWSJ,2026-05-01 17:27:43+00:00,1777656463000,2329,25.19622,42.4497,1004.31,56348,True,,
20260501-164852,-OrZ_HVglFLTKVGfjVNe,2026-05-01 17:27:53+00:00,1777656473000,2339,25.19463,42.37318,1004.31,56235,True,,
20260501-164852,-OrZ_JxGVcGaRuFcfEIz,2026-05-01 17:28:03+00:00,1777656483000,2349,25.194,42.35551,1004.29999,56386,True,,
20260501-164852,-OrZ_MOx5Fds9VZMHzQi,2026-05-01 17:28:13+00:00,1777656493000,2359,25.19273,42.38472,1004.28998,56424,True,,
20260501-164852,-OrZ_OpT2YZtgsHp4zZT,2026-05-01 17:28:23+00:00,1777656503000,2369,25.19115,42.44325,1004.28998,56273,True,,
20260501-164852,-OrZ_RGmyGVG6jve3-0L,2026-05-01 17:28:33+00:00,1777656513000,2379,25.19083,42.51958,1004.29999,56197,True,,
20260501-164852,-OrZ_TiNXLHrJo0vUFD4,2026-05-01 17:28:43+00:00,1777656523000,2389,25.19146,42.51378,1004.28998,56273,True,,
20260501-164852,-OrZ_W9BwHJJ3s44cLOr,2026-05-01 17:28:53+00:00,1777656533000,2399,25.1921,42.44923,1004.28998,56538,True,,
20260501-164852,-OrZ_Yb0PtByLWkzfGnU,2026-05-01 17:29:03+00:00,1777656543000,2409,25.1921,42.43162,1004.28998,56386,True,,
20260501-164852,-OrZ_bHQsLn79fmAVXn0,2026-05-01 17:29:13+00:00,1777656553000,2419,25.19242,42.40229,1004.28998,56500,True,,
20260501-164852,-OrZ_d1-SkK9b2Ah3P7A,2026-05-01 17:29:25+00:00,1777656565000,2432,25.19115,42.39041,1004.28998,54980,True,,
20260501-164852,-OrZ_fTIpK26QwGbnZ4J,2026-05-01 17:29:35+00:00,1777656575000,2442,25.19083,42.3258,1004.28998,55453,True,,
20260501-164852,-OrZ_huQZW6F0SrgRC62,2026-05-01 17:29:45+00:00,1777656585000,2452,25.19146,42.27893,1004.28998,55637,True,,
20260501-164852,-OrZ_kLiPC3hnZ6k7IsD,2026-05-01 17:29:55+00:00,1777656595000,2462,25.19083,42.24952,1004.29999,55822,True,,
20260501-164852,-OrZ_mmtNn8kzqEnW9zs,2026-05-01 17:30:05+00:00,1777656605000,2472,25.19083,42.26125,1004.29999,56122,True,,
20260501-164852,-OrZ_pE6qopQGnqSFaSi,2026-05-01 17:30:15+00:00,1777656615000,2482,25.19115,42.28476,1004.29999,56047,True,,
20260501-164852,-OrZ_rfH7CcWXvzRIMGw,2026-05-01 17:30:25+00:00,1777656625000,2492,25.19083,42.33167,1004.29999,56197,True,,
20260501-164852,-OrZ_u7E8WKSNNxsWCq0,2026-05-01 17:30:35+00:00,1777656635000,2502,25.19051,42.35511,1004.28998,56310,True,,
20260501-164852,-OrZ_wYi6jXWVUOnpsq5,2026-05-01 17:30:45+00:00,1777656645000,2512,25.18956,42.39023,1004.28998,56273,True,,
20260501-164852,-OrZ_z-3UUlnfzh4IhBI,2026-05-01 17:30:55+00:00,1777656655000,2522,25.18956,42.32566,1004.28998,56310,True,,
20260501-164852,-OrZa0RSUksBR2g6jIj9,2026-05-01 17:31:05+00:00,1777656665000,2532,25.18893,42.30211,1004.28998,56197,True,,
20260501-164852,-OrZa2sanFiMqsE6_eQw,2026-05-01 17:31:15+00:00,1777656675000,2542,25.18925,42.30802,1004.28998,56197,True,,
20260501-164852,-OrZa5JmXvvjJlw0xsS0,2026-05-01 17:31:25+00:00,1777656685000,2552,25.18861,42.3373,1004.29999,56348,True,,
20260501-164852,-OrZa7lSeQAFgfEQko2p,2026-05-01 17:31:35+00:00,1777656695000,2562,25.18956,42.44895,1004.29999,56615,True,,
20260501-164852,-OrZaACRM5JEt6zPgFJc,2026-05-01 17:31:45+00:00,1777656705000,2572,25.18925,42.48416,1004.29999,56424,True,,
20260501-164852,-OrZaCedW8RartKjgOcl,2026-05-01 17:31:55+00:00,1777656715000,2582,25.18988,42.44312,1004.29999,56348,True,,
20260501-164852,-OrZaF4sCa0UkLGu-mFB,2026-05-01 17:32:05+00:00,1777656725000,2592,25.19083,42.40211,1004.29999,56538,True,,
20260501-164852,-OrZaIq8zjWs9Ozpn6-G,2026-05-01 17:32:15+00:00,1777656735000,2602,25.19083,42.40799,1004.28998,56500,True,,
20260501-164852,-OrZaJyC4ofZ8SF1k0TW,2026-05-01 17:32:25+00:00,1777656745000,2612,25.19178,42.39635,1004.28998,56577,True,,
20260501-164852,-OrZaMPgialqxcoofXWW,2026-05-01 17:32:35+00:00,1777656755000,2622,25.19178,42.44333,1004.29999,56273,True,,
20260501-164852,-OrZaOqyR9Kfpp6WmtWd,2026-05-01 17:32:45+00:00,1777656765000,2632,25.19146,42.31414,1004.28998,56500,True,,
20260501-164852,-OrZaRNYUgmRXZ9ECG0R,2026-05-01 17:32:55+00:00,1777656775000,2642,25.1921,42.31421,1004.29999,56273,True,,
20260501-164852,-OrZaUEGl-OoWg8YFAtw,2026-05-01 17:33:05+00:00,1777656785000,2652,25.19242,42.29663,1004.28998,56348,True,,
20260501-164852,-OrZaWAZhvk5TH3lMIm_,2026-05-01 17:33:15+00:00,1777656795000,2662,25.19242,42.31424,1004.28998,56577,True,,
20260501-164852,-OrZaYcQayXkS-Wp7kEs,2026-05-01 17:33:25+00:00,1777656805000,2672,25.19273,42.37297,1004.28998,56348,True,,
20260501-164852,-OrZaa34Z8IXM_XIrle8,2026-05-01 17:33:35+00:00,1777656815000,2682,25.19337,42.42002,1004.28998,56273,True,,
20260501-164852,-OrZacVVEqkA0Bq6UAFK,2026-05-01 17:33:45+00:00,1777656825000,2692,25.19368,42.43179,1004.28003,56500,True,,
20260501-164852,-OrZaewldei1cogPUvc-,2026-05-01 17:33:55+00:00,1777656835000,2702,25.19432,42.36142,1004.28998,56386,True,,
20260501-164852,-OrZahNapL03i91SuJCi,2026-05-01 17:34:05+00:00,1777656845000,2712,25.19558,42.36155,1004.28998,56235,True,,
20260501-164852,-OrZajovVo6hOTFb9J7D,2026-05-01 17:34:15+00:00,1777656855000,2722,25.19495,42.34975,1004.29999,56273,True,,
20260501-164852,-OrZamJz8YC5jmJjSxoV,2026-05-01 17:34:25+00:00,1777656865000,2732,25.19558,42.33808,1004.31,56159,True,,
20260501-164852,-OrZaoum678dXLjC4LHM,2026-05-01 17:34:35+00:00,1777656875000,2742,25.19558,42.30873,1004.31,55934,True,,
20260501-164852,-OrZarEd3YtXfVtn0z7C,2026-05-01 17:34:45+00:00,1777656885000,2752,25.19527,42.28522,1004.29999,56197,True,,
20260501-164852,-OrZatfkKXdV9ei2pHaf,2026-05-01 17:34:55+00:00,1777656895000,2762,25.19432,42.26165,1004.31,56577,True,,
20260501-164852,-OrZaw7Ll4js7eYXQWQj,2026-05-01 17:35:05+00:00,1777656905000,2772,25.19432,42.31446,1004.31,56310,True,,
20260501-164852,-OrZaywvREGiyI6ifMbs,2026-05-01 17:35:15+00:00,1777656915000,2782,25.19527,42.33217,1004.31,56386,True,,
20260501-164852,-OrZb0-ggY7vZ_Gh3fiw,2026-05-01 17:35:25+00:00,1777656925000,2792,25.19527,42.33217,1004.29999,56235,True,,
20260501-164852,-OrZb2RlfXczXY8dr8H7,2026-05-01 17:35:35+00:00,1777656935000,2802,25.19527,42.37913,1004.29999,56348,True,,
20260501-164852,-OrZb4tMr_qNs52MhzwY,2026-05-01 17:35:45+00:00,1777656945000,2812,25.19495,42.34975,1004.29999,56462,True,,
20260501-164852,-OrZb7KSKJeiBILtyree,2026-05-01 17:35:55+00:00,1777656955000,2822,25.19527,42.37326,1004.31,56273,True,,
20260501-164852,-OrZb9lkWALLA-Yqr06K,2026-05-01 17:36:05+00:00,1777656965000,2832,25.19558,42.43201,1004.29999,56424,True,,
20260501-164852,-OrZbCDEMfNDg-I_7-jB,2026-05-01 17:36:15+00:00,1777656975000,2842,25.1959,42.34398,1004.29999,56310,True,,
20260501-164852,-OrZbEgT1g9ngHrIRjzB,2026-05-01 17:36:25+00:00,1777656985000,2852,25.19654,42.36753,1004.29999,56273,True,,
20260501-164852,-OrZbH5MuKnG5Lp-vAlF,2026-05-01 17:36:35+00:00,1777656995000,2862,25.19654,42.30297,1004.29999,56462,True,,
20260501-164852,-OrZbJXd9NDGY0Go2NQr,2026-05-01 17:36:45+00:00,1777657005000,2872,25.19654,42.26189,1004.29999,56386,True,,
20260501-164852,-OrZbLylbaISpJ1ijiQ2,2026-05-01 17:36:55+00:00,1777657015000,2882,25.19654,42.25603,1004.28998,56500,True,,
20260501-164852,-OrZbOQgquiZk8YO6dl9,2026-05-01 17:37:05+00:00,1777657025000,2892,25.19717,42.24437,1004.28003,56348,True,,
20260501-164852,-OrZbQrG13QYnBq-hHJX,2026-05-01 17:37:15+00:00,1777657035000,2902,25.1978,42.21511,1004.28003,56386,True,,
20260501-164852,-OrZbTIanRxQIKXLtmJ5,2026-05-01 17:37:25+00:00,1777657045000,2912,25.19685,42.20328,1004.28003,56500,True,,
20260501-164852,-OrZbVkM040KmqSvZCCK,2026-05-01 17:37:35+00:00,1777657055000,2922,25.19527,42.22656,1004.27002,56615,True,,
20260501-164852,-OrZbYC-G5tFBEiIarr1,2026-05-01 17:37:45+00:00,1777657065000,2932,25.19495,42.22652,1004.28003,56500,True,,
20260501-164852,-OrZb_cHOtD53oXIEqEa,2026-05-01 17:37:55+00:00,1777657075000,2942,25.19368,42.24984,1004.28003,56615,True,,
20260501-164852,-OrZbc3j_NjclRI4xejv,2026-05-01 17:38:05+00:00,1777657085000,2952,25.19305,42.32605,1004.28003,56462,True,,
20260501-164852,-OrZbeVaOpaLzKUnCkyg,2026-05-01 17:38:15+00:00,1777657095000,2962,25.1921,42.40226,1004.26001,56653,True,,
20260501-164852,-OrZbhO2NsmP50tmJqoK,2026-05-01 17:38:25+00:00,1777657105000,2972,25.19242,42.40229,1004.27002,56692,True,,
20260501-164852,-OrZbjP6oe7N9Qh8aB20,2026-05-01 17:38:35+00:00,1777657115000,2982,25.19368,42.36133,1004.26001,56538,True,,
20260501-164852,-OrZblpZrzrLqOSQZA1k,2026-05-01 17:38:45+00:00,1777657125000,2992,25.194,42.36725,1004.27002,56500,True,,
20260501-164852,-OrZboGkWyHZSI76UU1V,2026-05-01 17:38:55+00:00,1777657135000,3002,25.19337,42.37304,1004.27002,56653,True,,
20260501-164852,-OrZbqi2RiOnHZ74Rvr4,2026-05-01 17:39:05+00:00,1777657145000,3012,25.194,42.3379,1004.26001,56768,True,,
20260501-164852,-OrZbt9HB6DjVne6uCf7,2026-05-01 17:39:15+00:00,1777657155000,3022,25.19463,42.29689,1004.26001,56500,True,,
20260501-164852,-OrZbvacfZ_IMeONKVGf,2026-05-01 17:39:25+00:00,1777657165000,3032,25.19495,42.27346,1004.25,56653,True,,
20260501-164852,-OrZby1nLSi2NT8-Geg8,2026-05-01 17:39:35+00:00,1777657175000,3042,25.19622,42.22081,1004.25,56730,True,,
20260501-164852,-OrZc-U0Yz2-2_t5VF9_,2026-05-01 17:39:45+00:00,1777657185000,3052,25.1959,42.17971,1004.25,56807,True,,
20260501-164852,-OrZc1vTTYuMrB_UrHy4,2026-05-01 17:39:55+00:00,1777657195000,3062,25.19495,42.17961,1004.25,56692,True,,
20260501-164852,-OrZc4McLvlD7EKUMZQI,2026-05-01 17:40:05+00:00,1777657205000,3072,25.19495,42.17961,1004.23999,56692,True,,
20260501-164852,-OrZc6o9afLkM-V3gthg,2026-05-01 17:40:15+00:00,1777657215000,3082,25.194,42.18536,1004.22998,56730,True,,
20260501-164852,-OrZc9F1KTPaD3Z9tahw,2026-05-01 17:40:25+00:00,1777657225000,3092,25.19368,42.19705,1004.22998,56653,True,,
20260501-164852,-OrZcBg_hT3olOQ6XZ6X,2026-05-01 17:40:35+00:00,1777657235000,3102,25.194,42.20882,1004.22998,56692,True,,
20260501-164852,-OrZcE8Y4H3UBLV93JRD,2026-05-01 17:40:45+00:00,1777657245000,3112,25.19432,42.22646,1004.22998,56577,True,,
20260501-164852,-OrZcGZvdpGF3ObOvZhZ,2026-05-01 17:40:55+00:00,1777657255000,3122,25.194,42.21469,1004.23999,56653,True,,
20260501-164852,-OrZcJ0dqvrqVPdMd4dw,2026-05-01 17:41:05+00:00,1777657265000,3132,25.19305,42.29084,1004.23999,56500,True,,
20260501-164852,-OrZcLSgQr9y2UFITCAT,2026-05-01 17:41:15+00:00,1777657275000,3142,25.19178,42.37287,1004.23999,56462,True,,
20260501-164852,-OrZcNtnot3wvIaowwWI,2026-05-01 17:41:25+00:00,1777657285000,3152,25.19146,42.37283,1004.23999,56310,True,,
20260501-164852,-OrZcRcHDdy9HIOyspMz,2026-05-01 17:41:35+00:00,1777657295000,3162,25.1902,42.33159,1004.23999,56577,True,,
20260501-164852,-OrZcSp4p5XhvpkN5396,2026-05-01 17:41:45+00:00,1777657305000,3172,25.19083,42.30819,1004.22998,56768,True,,
20260501-164852,-OrZcVDDfrJqYtbM7GxY,2026-05-01 17:41:55+00:00,1777657315000,3182,25.19146,42.32001,1004.22998,56653,True,,
20260501-164852,-OrZcXeewSJGUhLty9cB,2026-05-01 17:42:05+00:00,1777657325000,3192,25.19178,42.33178,1004.21997,56615,True,,
20260501-164852,-OrZc_5g8IHcO81Nc090,2026-05-01 17:42:15+00:00,1777657335000,3202,25.19115,42.33757,1004.21997,56730,True,,
20260501-164852,-OrZccdV1_cqUFZGE3Na,2026-05-01 17:42:26+00:00,1777657346000,3212,25.19083,42.33167,1004.21002,56386,True,,
20260501-164852,-OrZce45xafoTB-KTvcK,2026-05-01 17:42:36+00:00,1777657356000,3222,25.1921,42.2966,1004.21002,56348,True,,
20260501-164852,-OrZcgW_zwJKGX0kUIcM,2026-05-01 17:42:46+00:00,1777657366000,3232,25.19146,42.24373,1004.21002,56424,True,,
20260501-164852,-OrZcix_846lp_9MT9WN,2026-05-01 17:42:56+00:00,1777657376000,3242,25.19115,42.17918,1004.20001,56615,True,,
20260501-164852,-OrZclOpBu06-lRpCLLL,2026-05-01 17:43:06+00:00,1777657386000,3252,25.19146,42.20267,1004.19,56653,True,,
20260501-164852,-OrZcnq0shN2Nfh11Ngo,2026-05-01 17:43:16+00:00,1777657396000,3262,25.1921,42.21447,1004.17999,56730,True,,
20260501-164852,-OrZcqHQx2QMoXtHhBRv,2026-05-01 17:43:26+00:00,1777657406000,3272,25.19178,42.22617,1004.16998,56692,True,,
20260501-164852,-OrZcsiTrmkOnMsvMp1a,2026-05-01 17:43:36+00:00,1777657416000,3282,25.19083,42.27885,1004.16998,56577,True,,
20260501-164852,-OrZcv9qSjURw5yggKU2,2026-05-01 17:43:46+00:00,1777657426000,3292,25.19083,42.31406,1004.16998,56653,True,,
20260501-164852,-OrZcxb-XAl9Vj__tNK4,2026-05-01 17:43:56+00:00,1777657436000,3302,25.19178,42.35526,1004.15997,56577,True,,
20260501-164852,-OrZd-2XpPIVXfH2FJCc,2026-05-01 17:44:06+00:00,1777657446000,3312,25.1921,42.34356,1004.16998,56500,True,,
20260501-164852,-OrZd1VqJOzjxZTeKWv6,2026-05-01 17:44:16+00:00,1777657456000,3322,25.19242,42.30837,1004.16998,56653,True,,
20260501-164852,-OrZd3wDsWTARABsbfCi,2026-05-01 17:44:26+00:00,1777657466000,3332,25.1921,42.2966,1004.16998,56615,True,,
20260501-164852,-OrZdQpU5E2bZVRh3t3M,2026-05-01 17:45:59+00:00,1777657559000,3425,25.18576,42.24895,1004.15997,41625,True,,
20260501-164852,-OrZdT2UF0U1FLclbdjt,2026-05-01 17:46:09+00:00,1777657569000,3435,25.18481,42.20192,1004.15002,44975,True,,
20260501-164852,-OrZdVUjleO3EiOrm3l-,2026-05-01 17:46:19+00:00,1777657579000,3445,25.18481,42.17847,1004.15002,47255,True,,
20260501-164852,-OrZdXw9RAij3kYr5QXW,2026-05-01 17:46:29+00:00,1777657589000,3455,25.18513,42.1785,1004.14001,49198,True,,
20260501-164852,-OrZd_NFBaRAZwkL5OpI,2026-05-01 17:46:39+00:00,1777657599000,3465,25.18544,42.18441,1004.12,50779,True,,
20260501-164852,-OrZdbosUnH8GrJIKs42,2026-05-01 17:46:49+00:00,1777657609000,3475,25.18576,42.16685,1004.12,51466,True,,
20260501-164852,-OrZdeFltIQsbPQWCZt0,2026-05-01 17:46:59+00:00,1777657619000,3485,25.18513,42.19022,1004.12,52269,True,,
20260501-164852,-OrZdgxlCBkMJ3WRnajM,2026-05-01 17:47:09+00:00,1777657629000,3496,25.18481,42.30164,1004.10999,52763,True,,
20260501-164852,-OrZdjEnWwhmooJ1uz_r,2026-05-01 17:47:19+00:00,1777657639000,3506,25.18481,42.31926,1004.09998,53198,True,,
20260501-164852,-OrZdlfumS7oc5CxD0YZ,2026-05-01 17:47:29+00:00,1777657649000,3516,25.18481,42.30164,1004.09998,53539,True,,
20260501-164852,-OrZdp0HtC7kcBzR1ZoG,2026-05-01 17:47:39+00:00,1777657659000,3526,25.18544,42.36041,1004.09003,54057,True,,
20260501-164852,-OrZdqZdtHDFxj9QtccG,2026-05-01 17:47:49+00:00,1777657669000,3536,25.18544,42.36628,1004.09003,54514,True,,
20260501-164852,-OrZdt-M0BB2YEJko_E1,2026-05-01 17:47:59+00:00,1777657679000,3546,25.18481,42.3486,1004.09003,54657,True,,
20260501-164852,-OrZdvRdOz-vltO58XtE,2026-05-01 17:48:09+00:00,1777657689000,3556,25.18513,42.28995,1004.09003,54728,True,,
20260501-164852,-OrZdxsnfXaHEFztSZ4I,2026-05-01 17:48:19+00:00,1777657699000,3566,25.18418,42.30158,1004.08002,55016,True,,
20260501-164852,-OrZe-KRbR3ZV2Yq-N76,2026-05-01 17:48:29+00:00,1777657709000,3576,25.18513,42.36037,1004.09003,55016,True,,
20260501-164852,-OrZe1lDDTE1NXA2EaBl,2026-05-01 17:48:39+00:00,1777657719000,3586,25.18608,42.31939,1004.07001,55306,True,,
20260501-164852,-OrZe4Ca40kV0TKjxQ5U,2026-05-01 17:48:49+00:00,1777657729000,3596,25.18703,42.30777,1004.07001,55306,True,,
20260501-164852,-OrZe6dacm_pzdgSF1D0,2026-05-01 17:48:59+00:00,1777657739000,3606,25.18766,42.26677,1004.07001,55600,True,,
20260501-164852,-OrZe95RU3CEvMLfqXPq,2026-05-01 17:49:09+00:00,1777657749000,3616,25.18893,42.20825,1004.08002,55526,True,,
20260501-164852,-OrZeBXhgcodfJH2Zj1v,2026-05-01 17:49:19+00:00,1777657759000,3626,25.1883,42.16127,1004.08002,55972,True,,
20260501-164852,-OrZeDykxe2ECD-xoIz8,2026-05-01 17:49:29+00:00,1777657769000,3636,25.18798,42.11433,1004.07001,55860,True,,
20260501-164852,-OrZeGPf_wu3fg371wdd,2026-05-01 17:49:39+00:00,1777657779000,3646,25.1883,42.11437,1004.06,55860,True,,
20260501-164852,-OrZeIrJFVGOzUuIL7Lm,2026-05-01 17:49:49+00:00,1777657789000,3656,25.18798,42.13192,1004.06,56009,True,,
20260501-164852,-OrZeLJ7seE8HNHuukwN,2026-05-01 17:49:59+00:00,1777657799000,3666,25.18798,42.12606,1004.07001,56197,True,,
20260501-164852,-OrZeNjUHDQK43lDJhzy,2026-05-01 17:50:09+00:00,1777657809000,3676,25.18703,42.17872,1004.06,55972,True,,
20260501-164852,-OrZeQAWdLnQPw7TSIUY,2026-05-01 17:50:19+00:00,1777657819000,3686,25.18703,42.24323,1004.06,55972,True,,
20260501-164852,-OrZeScggVMB35bkjblI,2026-05-01 17:50:29+00:00,1777657829000,3696,25.18671,42.27839,1004.06,56122,True,,
20260501-164852,-OrZeV3D3opmmZRvK7Us,2026-05-01 17:50:39+00:00,1777657839000,3706,25.18703,42.27257,1004.06,56009,True,,
20260501-164852,-OrZeYBGopdFey-Kh6vB,2026-05-01 17:50:49+00:00,1777657849000,3716,25.18703,42.20218,1004.04999,56122,True,,
20260501-164852,-OrZeZw_kuu4G3e3YW2S,2026-05-01 17:50:59+00:00,1777657859000,3726,25.18734,42.17875,1004.03998,56310,True,,
20260501-164852,-OrZebNwPpIY8ROsHsO6,2026-05-01 17:51:09+00:00,1777657869000,3736,25.18766,42.14361,1004.04999,56348,True,,
20260501-164852,-OrZedoyRU2lfc8opyvN,2026-05-01 17:51:19+00:00,1777657879000,3746,25.18766,42.14948,1004.03998,56462,True,,
20260501-164852,-OrZegGIVU9WAE92PxAz,2026-05-01 17:51:29+00:00,1777657889000,3756,25.18766,42.15534,1004.03998,56500,True,,
20260501-164852,-OrZeihaCg2RhZ_xeLt7,2026-05-01 17:51:39+00:00,1777657899000,3766,25.18766,42.15534,1004.03003,56462,True,,
20260501-164852,-OrZel9vpRuNI8m2nxR2,2026-05-01 17:51:49+00:00,1777657909000,3776,25.18766,42.18465,1004.03003,56386,True,,
20260501-164852,-OrZena0-VRBcfpn6SxY,2026-05-01 17:51:59+00:00,1777657919000,3786,25.18798,42.23746,1004.03003,56615,True,,
20260501-164852,-OrZeq4Ot0lWXHbQijPi,2026-05-01 17:52:09+00:00,1777657929000,3796,25.18734,42.25499,1004.03003,56500,True,,
20260501-164852,-OrZesTbtOekVy-qobeW,2026-05-01 17:52:19+00:00,1777657939000,3806,25.18893,42.28451,1004.03003,56538,True,,
20260501-164852,-OrZeuv8CLyfmqNAuq9r,2026-05-01 17:52:29+00:00,1777657949000,3816,25.18956,42.22592,1004.03003,56424,True,,
20260501-164852,-OrZexOG__FUdc23bpef,2026-05-01 17:52:39+00:00,1777657959000,3826,25.18956,42.28458,1004.03998,56424,True,,
20260501-164852,-OrZeznL9qFNuoa-kIha,2026-05-01 17:52:49+00:00,1777657969000,3836,25.1902,42.30812,1004.03003,56653,True,,
20260501-164852,-OrZf1EXXOF14OTChBDP,2026-05-01 17:52:59+00:00,1777657979000,3846,25.19051,42.27882,1004.03998,56462,True,,
20260501-164852,-OrZf3g6bzn-vq2xdP-B,2026-05-01 17:53:09+00:00,1777657989000,3856,25.19051,42.26122,1004.03998,56538,True,,
20260501-164852,-OrZf673TfnOdZGebMrI,2026-05-01 17:53:19+00:00,1777657999000,3866,25.19146,42.25546,1004.03003,56730,True,,
20260501-164852,-OrZf8_31_6QQTUXNsNw,2026-05-01 17:53:29+00:00,1777658009000,3876,25.19178,42.2379,1004.02002,56577,True,,
20260501-164852,-OrZfD60Azob0AARvuZs,2026-05-01 17:53:39+00:00,1777658019000,3886,25.19242,42.23797,1004.03003,56273,True,,
20260501-164852,-OrZfGXOYpHxoy9I4ZhG,2026-05-01 17:53:58+00:00,1777658038000,3905,25.19051,42.29642,1004.03003,52041,True,,
20260501-164852,-OrZfI7HGZspJktDYAZ1,2026-05-01 17:54:08+00:00,1777658048000,3915,25.1902,42.23185,1004.03998,53165,True,,
20260501-164852,-OrZfKWe8eSOxB6uDZzh,2026-05-01 17:54:18+00:00,1777658058000,3925,25.1902,42.24945,1004.03003,54267,True,,
20260501-164852,-OrZfMzIoCbbybYiPU28,2026-05-01 17:54:28+00:00,1777658068000,3935,25.18988,42.29049,1004.03003,54728,True,,
20260501-164852,-OrZfPQ0GXOSghIbPqHV,2026-05-01 17:54:38+00:00,1777658078000,3945,25.18925,42.31388,1004.02002,55161,True,,
20260501-164852,-OrZfRq7284VJMEo64h3,2026-05-01 17:54:48+00:00,1777658088000,3955,25.18956,42.29631,1004.02002,55379,True,,
20260501-164852,-OrZfUHXW3bcT8XQrRsw,2026-05-01 17:54:58+00:00,1777658098000,3965,25.1902,42.25532,1004.02002,55674,True,,
20260501-164852,-OrZfWibKbdknfKnOzNv,2026-05-01 17:55:08+00:00,1777658108000,3975,25.19178,42.20271,1004.03003,55748,True,,
20260501-164852,-OrZfZ9vqFZM_z-gNvTw,2026-05-01 17:55:18+00:00,1777658118000,3985,25.19146,42.20267,1004.03003,56047,True,,
20260501-164852,-OrZfabFE__nMi4jpyTa,2026-05-01 17:55:28+00:00,1777658128000,3995,25.19083,42.22606,1004.03003,56348,True,,
20260501-164852,-OrZfd2TfpwiLy0x7-Pi,2026-05-01 17:55:38+00:00,1777658138000,4005,25.19146,42.21441,1004.03003,56197,True,,
20260501-164852,-OrZffUkJqlw6GRzkhBg,2026-05-01 17:55:48+00:00,1777658148000,4015,25.19083,42.16155,1004.03003,56235,True,,
20260501-164852,-OrZfhw1av-TtlXxVXKj,2026-05-01 17:55:58+00:00,1777658158000,4025,25.19178,42.21444,1004.03003,56310,True,,
20260501-164852,-OrZfkNAj18IIC_AoDVf,2026-05-01 17:56:08+00:00,1777658168000,4035,25.1921,42.24967,1004.03003,56348,True,,
20260501-164852,-OrZfmoQaULPp-x84v7G,2026-05-01 17:56:18+00:00,1777658178000,4045,25.19242,42.2497,1004.03003,56235,True,,
20260501-164852,-OrZfpuUb6Xgz-gCNwod,2026-05-01 17:56:28+00:00,1777658188000,4055,25.19273,42.19109,1004.03003,56159,True,,
20260501-164852,-OrZfrn7qtAsDxnayn4T,2026-05-01 17:56:38+00:00,1777658198000,4065,25.19337,42.14425,1004.03003,56273,True,,
20260501-164852,-OrZfuEDDlZqF6ldBwAo,2026-05-01 17:56:48+00:00,1777658208000,4075,25.19337,42.11494,1004.03003,56462,True,,
20260501-164852,-OrZfxURv4gIjCTIKEKD,2026-05-01 17:56:58+00:00,1777658218000,4085,25.19337,42.1208,1004.03003,56577,True,,
20260501-164852,-OrZfz6tkmHhsLl7QMA9,2026-05-01 17:57:08+00:00,1777658228000,4095,25.1921,42.12652,1004.03003,56424,True,,
20260501-164852,-OrZg0Z2NhjrqAiYqrlz,2026-05-01 17:57:18+00:00,1777658238000,4105,25.19115,42.13227,1004.03003,56884,True,,
20260501-164852,-OrZg3-1Xpg9Xp6PIpHa,2026-05-01 17:57:28+00:00,1777658248000,4115,25.18988,42.21422,1004.03003,56500,True,,
20260501-164852,-OrZg5RFs5bT59qzDkx3,2026-05-01 17:57:38+00:00,1777658258000,4125,25.18893,42.25517,1004.03003,56692,True,,
20260501-164852,-OrZg7sZCKN62mXH9Hyp,2026-05-01 17:57:48+00:00,1777658268000,4135,25.1883,42.22578,1004.02002,56577,True,,
20260501-164852,-OrZgAKMZHrEBfAOUhbD,2026-05-01 17:57:58+00:00,1777658278000,4145,25.18798,42.21987,1004.02002,56692,True,,
20260501-164852,-OrZgCl89OT5CqAykbSS,2026-05-01 17:58:08+00:00,1777658288000,4155,25.18798,42.20228,1004.02002,56500,True,,
20260501-164852,-OrZgFCEQQGPWPY_uTMn,2026-05-01 17:58:18+00:00,1777658298000,4165,25.18766,42.15534,1004.02002,56538,True,,
20260501-164852,-OrZgHd_Jsux2CIx8mos,2026-05-01 17:58:28+00:00,1777658308000,4175,25.18798,42.1202,1004.02002,56500,True,,
20260501-164852,-OrZgK4jhAJHdsUIw5Ck,2026-05-01 17:58:38+00:00,1777658318000,4185,25.18798,42.07917,1004.02002,56692,True,,
20260501-164852,-OrZgMWxgd8sOWZjTCQ_,2026-05-01 17:58:48+00:00,1777658328000,4195,25.18861,42.10268,1004.02002,56730,True,,
20260501-164852,-OrZgOyQDDZN59815AOE,2026-05-01 17:58:58+00:00,1777658338000,4205,25.18703,42.13182,1004.01001,56653,True,,
20260501-164852,-OrZgRPbiPuWiOWxsK6l,2026-05-01 17:59:08+00:00,1777658348000,4215,25.18671,42.19041,1004.01001,56692,True,,
20260501-164852,-OrZgTqlubvcI1BTBVbl,2026-05-01 17:59:18+00:00,1777658358000,4225,25.18766,42.2785,1004.01001,56538,True,,
20260501-164852,-OrZgWHzDGcXxd3A7bTP,2026-05-01 17:59:28+00:00,1777658368000,4235,25.18766,42.34306,1004.02002,56500,True,,
20260501-164852,-OrZgYjInM5oOkkoy_5Z,2026-05-01 17:59:38+00:00,1777658378000,4245,25.1883,42.33725,1004.01001,56500,True,,
20260501-164852,-OrZgaAeVNqcfhJHGwZV,2026-05-01 17:59:48+00:00,1777658388000,4255,25.18925,42.31976,1004.01001,56692,True,,
20260501-164852,-OrZgcboiSLRlqddcZRI,2026-05-01 17:59:58+00:00,1777658398000,4265,25.19051,42.23775,1004.02002,56615,True,,
20260501-164852,-OrZgfM6DMXP8N4BzrQP,2026-05-01 18:00:08+00:00,1777658408000,4275,25.1902,42.18493,1004.02002,56577,True,,
20260501-164852,-OrZghVJydvCd0WtTrY3,2026-05-01 18:00:18+00:00,1777658418000,4285,25.18988,42.23768,1004.02002,56577,True,,
20260501-164852,-OrZgjwTVhU7X1lD7lRC,2026-05-01 18:00:28+00:00,1777658428000,4295,25.19051,42.22602,1004.01001,56730,True,,
20260501-164852,-OrZgmNpWlieu-cIzpch,2026-05-01 18:00:38+00:00,1777658438000,4305,25.19115,42.17918,1004.01001,56730,True,,
20260501-164852,-OrZgopAdkJb2SOJAw3M,2026-05-01 18:00:48+00:00,1777658448000,4315,25.19242,42.17932,1004.01001,56730,True,,
20260501-164852,-OrZgrGT1LulgFRembfW,2026-05-01 18:00:58+00:00,1777658458000,4325,25.19178,42.2379,1004.01001,56577,True,,
20260501-164852,-OrZgthcND2kBg3Y6_zQ,2026-05-01 18:01:08+00:00,1777658468000,4335,25.19242,42.3025,1004.01001,56768,True,,
20260501-164852,-OrZgw8yH_oSFW5CgWkY,2026-05-01 18:01:18+00:00,1777658478000,4345,25.19083,42.31993,1004.01001,56768,True,,
20260501-164852,-OrZgy_xZSzJVejbNAX8,2026-05-01 18:01:28+00:00,1777658488000,4355,25.19115,42.29063,1004.02002,56692,True,,
20260501-164852,-OrZh01YSel2OvfeVheD,2026-05-01 18:01:38+00:00,1777658498000,4365,25.19115,42.30823,1004.01001,56923,True,,
20260501-164852,-OrZh2UYtKWCL254r4Aa,2026-05-01 18:01:48+00:00,1777658508000,4375,25.19083,42.30819,1004.0,56692,True,,
20260501-164852,-OrZh4umrHyBg_GJ_3Ac,2026-05-01 18:01:58+00:00,1777658518000,4385,25.1902,42.23772,1004.0,56768,True,,
20260501-164852,-OrZh7M1gt0N4hPPE-N7,2026-05-01 18:02:08+00:00,1777658528000,4395,25.18956,42.1321,1004.0,56653,True,,
20260501-164852,-OrZh9nOu4J3VEsl34FK,2026-05-01 18:02:18+00:00,1777658538000,4405,25.18956,42.09693,1004.0,56653,True,,
20260501-164852,-OrZhCEcjTAkIThfO-Hn,2026-05-01 18:02:28+00:00,1777658548000,4415,25.18988,42.14972,1003.98999,56730,True,,
20260501-164852,-OrZhEfyBMHash68Sukg,2026-05-01 18:02:38+00:00,1777658558000,4425,25.1902,42.20839,1003.98999,56807,True,,
20260501-164852,-OrZhH9r8FcTo_TNYkFf,2026-05-01 18:02:48+00:00,1777658568000,4435,25.18925,42.17897,1003.98999,56768,True,,
20260501-164852,-OrZhJZIBqTZ4xzLxtD8,2026-05-01 18:02:58+00:00,1777658578000,4445,25.18988,42.12627,1003.98999,56807,True,,
20260501-164852,-OrZhMacrJAHo8bS8euP,2026-05-01 18:03:09+00:00,1777658589000,4455,25.18893,42.09686,1003.97998,56653,True,,
20260501-164852,-OrZhOXdp3J5JVEPh81M,2026-05-01 18:03:19+00:00,1777658599000,4465,25.18893,42.10272,1003.98999,56538,True,,
20260501-164852,-OrZhQzNGu6wPMXv49Xz,2026-05-01 18:03:29+00:00,1777658609000,4475,25.18861,42.09682,1003.98999,56577,True,,
20260501-164852,-OrZhTQCnn7ed-x5S1TQ,2026-05-01 18:03:39+00:00,1777658619000,4485,25.18861,42.08511,1003.97998,56653,True,,
20260501-164852,-OrZhVrS9BBJsJr8eBd8,2026-05-01 18:03:49+00:00,1777658629000,4495,25.18893,42.10858,1003.97998,56730,True,,
20260501-164852,-OrZhZOBzIEX7SaqJCnB,2026-05-01 18:03:59+00:00,1777658639000,4506,25.18798,42.12606,1003.97998,56884,True,,
20260501-164852,-OrZh_plbluggLuZtEul,2026-05-01 18:04:09+00:00,1777658649000,4516,25.18734,42.13184,1003.96997,56692,True,,
20260501-164852,-OrZhcHRBovAThNfmTYr,2026-05-01 18:04:19+00:00,1777658659000,4526,25.18734,42.1377,1003.96002,56807,True,,
20260501-164852,-OrZhejfbjI6oqmRDRUL,2026-05-01 18:04:29+00:00,1777658669000,4536,25.18798,42.14365,1003.96002,56730,True,,
20260501-164852,-OrZhh9XzXsbFMR2USwr,2026-05-01 18:04:39+00:00,1777658679000,4546,25.18798,42.13778,1003.96002,56730,True,,
20260501-164852,-OrZhjafhl1dt3a78KxN,2026-05-01 18:04:49+00:00,1777658689000,4556,25.18734,42.19633,1003.95001,56577,True,,
20260501-164852,-OrZhm2eb4ddTqaXha1z,2026-05-01 18:04:59+00:00,1777658699000,4566,25.18798,42.27854,1003.95001,56884,True,,
20260501-164852,-OrZhoUM0GApm9sewz1b,2026-05-01 18:05:09+00:00,1777658709000,4576,25.1883,42.33725,1003.95001,56653,True,,
20260501-164852,-OrZhqx2nKSi0KFTtnlZ,2026-05-01 18:05:19+00:00,1777658719000,4586,25.18798,42.3783,1003.94,56538,True,,
20260501-164852,-OrZhtMkMfS7a5Ybft5H,2026-05-01 18:05:29+00:00,1777658729000,4596,25.18893,42.34319,1003.95001,56462,True,,
20260501-164852,-OrZhvpO38fPnBYp2qti,2026-05-01 18:05:39+00:00,1777658739000,4606,25.18893,42.23758,1003.94,56653,True,,
20260501-164852,-OrZhyJ2TmAq2nlS-wol,2026-05-01 18:05:49+00:00,1777658749000,4616,25.18956,42.22592,1003.92999,56845,True,,
20260501-164852,-OrZi-hFnxrO2UmJu4ch,2026-05-01 18:05:59+00:00,1777658759000,4626,25.18893,42.20825,1003.92999,56768,True,,
20260501-164852,-OrZi2yGPAg_Iu3XYfuc,2026-05-01 18:06:09+00:00,1777658769000,4636,25.18988,42.16731,1003.92999,57156,True,,
20260501-164852,-OrZi4_CWqTlCFQ1BjCa,2026-05-01 18:06:19+00:00,1777658779000,4646,25.19115,42.144,1003.92999,56692,True,,
20260501-164852,-OrZi70JbPR8ewU4G-8u,2026-05-01 18:06:29+00:00,1777658789000,4656,25.19083,42.23192,1003.91998,56884,True,,
20260501-164852,-OrZi9SsS3nDf9uzF32u,2026-05-01 18:06:39+00:00,1777658799000,4666,25.19051,42.3199,1003.91998,56615,True,,
20260501-164852,-OrZiBtvNg9bdAzdnlMe,2026-05-01 18:06:49+00:00,1777658809000,4676,25.19115,42.34932,1003.91998,56615,True,,
20260501-164852,-OrZiFKnOUMUVLui2u2A,2026-05-01 18:07:00+00:00,1777658820000,4686,25.19083,42.39624,1003.90997,56235,True,,
20260501-164852,-OrZiGs7lW_KGnJh0ZQQ,2026-05-01 18:07:10+00:00,1777658830000,4696,25.18988,42.46661,1003.90997,56386,True,,
20260501-164852,-OrZiJJQFVmvm29acdJP,2026-05-01 18:07:20+00:00,1777658840000,4706,25.18988,42.45486,1003.90997,56500,True,,
20260501-164852,-OrZiLkVdKoE9ddQTPBf,2026-05-01 18:07:30+00:00,1777658850000,4716,25.19083,42.43734,1003.90997,56386,True,,
20260501-164852,-OrZiOCl__SjupyAIPJ2,2026-05-01 18:07:40+00:00,1777658860000,4726,25.19051,42.35511,1003.90002,56577,True,,
20260501-164852,-OrZiQd14857xW6ckx3k,2026-05-01 18:07:50+00:00,1777658870000,4736,25.19178,42.33178,1003.90997,56692,True,,
20260501-164852,-OrZiT4Qf5tJ5Mb00NU_,2026-05-01 18:08:00+00:00,1777658880000,4746,25.19178,42.29657,1003.90002,56653,True,,
20260501-164852,-OrZiVWi4GTZzaXsqgEk,2026-05-01 18:08:10+00:00,1777658890000,4756,25.19178,42.19685,1003.90997,56615,True,,
20260501-164852,-OrZiXxpk7NmQPXiyXxz,2026-05-01 18:08:20+00:00,1777658900000,4766,25.19273,42.16764,1003.90002,56845,True,,
20260501-164852,-OrZi_OyQnYOIQ5AeSQU,2026-05-01 18:08:30+00:00,1777658910000,4776,25.19305,42.16767,1003.89001,56807,True,,
20260501-164852,-OrZibqDYIlj01L591eb,2026-05-01 18:08:40+00:00,1777658920000,4786,25.19337,42.13252,1003.88,57000,True,,
20260501-164852,-OrZieHgz4VRe4OmKbE8,2026-05-01 18:08:50+00:00,1777658930000,4796,25.19305,42.14422,1003.88,56845,True,,
20260501-164852,-OrZigiiATQjeJRGlEmW,2026-05-01 18:09:00+00:00,1777658940000,4806,25.19337,42.15597,1003.88,56730,True,,
20260501-164852,-OrZikW-fHeBOhkLLPWY,2026-05-01 18:09:10+00:00,1777658950000,4816,25.19337,42.13839,1003.87,56653,True,,
20260501-164852,-OrZilbMsOIFtpY63Q59,2026-05-01 18:09:20+00:00,1777658960000,4826,25.19337,42.12666,1003.88,57078,True,,
20260501-164852,-OrZio2aAw4AAYt_YcXI,2026-05-01 18:09:30+00:00,1777658970000,4836,25.19273,42.10315,1003.88,56923,True,,
20260501-164852,-OrZiqUs1k0JMQVjUFj4,2026-05-01 18:09:40+00:00,1777658980000,4846,25.19305,42.07974,1003.87,56884,True,,
20260501-164852,-OrZisw1gK4BZYAih5_u,2026-05-01 18:09:50+00:00,1777658990000,4856,25.19368,42.06222,1003.87,56961,True,,
20260501-164852,-OrZivNb4KYAPbxJkdbH,2026-05-01 18:10:00+00:00,1777659000000,4866,25.194,42.16777,1003.87,56807,True,,
20260501-164852,-OrZixoUDeCZFwuwS5CF,2026-05-01 18:10:10+00:00,1777659010000,4876,25.19527,42.23243,1003.88,56768,True,,
20260501-164852,-OrZj-IfKnm69rI6zze0,2026-05-01 18:10:20+00:00,1777659020000,4886,25.19527,42.24416,1003.88,56538,True,,
20260501-164852,-OrZj1jMsb0qKQrKoAK0,2026-05-01 18:10:30+00:00,1777659030000,4896,25.19463,42.22648,1003.87,56845,True,,
20260501-164852,-OrZjOJFgpRMAtxYgP59,2026-05-01 18:12:01+00:00,1777659121000,4987,25.18449,42.37204,1003.85999,41958,True,,
20260501-164852,-OrZjRD26R9qj7Tez5NN,2026-05-01 18:12:11+00:00,1777659131000,4997,25.18418,42.31918,1003.84998,45217,True,,
20260501-164852,-OrZjSsI_B-N1BJ1I2JL,2026-05-01 18:12:21+00:00,1777659141000,5007,25.18513,42.26061,1003.84003,47523,True,,
20260501-164852,-OrZjVJeUljLWBxo8cM3,2026-05-01 18:12:31+00:00,1777659151000,5017,25.18544,42.21959,1003.84003,49489,True,,
20260501-164852,-OrZjXkzdK1-wgpl5dvS,2026-05-01 18:12:41+00:00,1777659161000,5027,25.18608,42.16101,1003.84003,50626,True,,
20260501-164852,-OrZj_CMm6upualPsFEz,2026-05-01 18:12:51+00:00,1777659171000,5037,25.18734,42.13184,1003.83002,51624,True,,
20260501-164852,-OrZjbdpi-sUIAJhY0HE,2026-05-01 18:13:01+00:00,1777659181000,5047,25.18798,42.12606,1003.83002,52531,True,,
20260501-164852,-OrZje4qoRAN4h350_cd,2026-05-01 18:13:11+00:00,1777659191000,5057,25.18861,42.12027,1003.83002,53131,True,,
20260501-164852,-OrZjgWtEMTpE7ku1Znz,2026-05-01 18:13:21+00:00,1777659201000,5067,25.18893,42.091,1003.82001,53883,True,,
20260501-164852,-OrZjiyPfyRNSGVlJE5b,2026-05-01 18:13:31+00:00,1777659211000,5077,25.18893,42.07342,1003.83002,54057,True,,
20260501-164852,-OrZjlPEINTiMJFFhKck,2026-05-01 18:13:41+00:00,1777659221000,5087,25.18893,42.0324,1003.83002,54443,True,,
20260501-164852,-OrZjnqUtz0xlSowD8Ih,2026-05-01 18:13:51+00:00,1777659231000,5097,25.18988,42.08524,1003.83002,54943,True,,
20260501-164852,-OrZjqIEFITC0Bn3MU9C,2026-05-01 18:14:01+00:00,1777659241000,5107,25.1902,42.03254,1003.82001,54943,True,,
20260501-164852,-OrZjsjDEa4CU0EQ_DVg,2026-05-01 18:14:11+00:00,1777659251000,5117,25.18988,42.05009,1003.81,55343,True,,
20260501-164852,-OrZjvAEX37ZlPRHInDA,2026-05-01 18:14:21+00:00,1777659261000,5127,25.19051,42.19084,1003.81,55233,True,,
20260501-164852,-OrZjxbL8EVN-v2rvwaH,2026-05-01 18:14:31+00:00,1777659271000,5137,25.19083,42.30819,1003.79999,55270,True,,
20260501-164852,-OrZk-2umomYBiZ62miB,2026-05-01 18:14:41+00:00,1777659281000,5147,25.19083,42.36688,1003.79999,55343,True,,
20260501-164852,-OrZk1V0spKYGrQOgEeF,2026-05-01 18:14:51+00:00,1777659291000,5157,25.1902,42.3903,1003.78998,55306,True,,
20260501-164852,-OrZk3wHGms2bosxkg2t,2026-05-01 18:15:01+00:00,1777659301000,5167,25.19083,42.40799,1003.78998,55711,True,,
20260501-164852,-OrZk6N_Va3Q6tGBJ9C5,2026-05-01 18:15:11+00:00,1777659311000,5177,25.19178,42.36113,1003.78998,55785,True,,
20260501-164852,-OrZk9HnKc27DGGSb4oh,2026-05-01 18:15:21+00:00,1777659321000,5187,25.19273,42.35537,1003.78998,55934,True,,
20260501-164852,-OrZkBG6LRrSKbcAmyO1,2026-05-01 18:15:31+00:00,1777659331000,5197,25.19305,42.30258,1003.78998,56348,True,,
20260501-164852,-OrZkDhDjwl8_oiOtxGv,2026-05-01 18:15:41+00:00,1777659341000,5207,25.19432,42.22646,1003.78003,56122,True,,
20260501-164852,-OrZkG9RbTiXkvEXWnAt,2026-05-01 18:15:51+00:00,1777659351000,5217,25.19495,42.19134,1003.78998,56047,True,,
20260501-164852,-OrZkI_imclS8j1YQlJl,2026-05-01 18:16:01+00:00,1777659361000,5227,25.19558,42.19727,1003.78998,56424,True,,
20260501-164852,-OrZkL1QSkdJiVT5qSg5,2026-05-01 18:16:11+00:00,1777659371000,5237,25.19558,42.19727,1003.78003,55972,True,,
20260501-164852,-OrZkNT_WkwpaJG3HV2o,2026-05-01 18:16:21+00:00,1777659381000,5247,25.19495,42.15616,1003.77002,56047,True,,
20260501-164852,-OrZkPudf2pFWUDn9OTN,2026-05-01 18:16:31+00:00,1777659391000,5257,25.19558,42.20314,1003.78003,56462,True,,
20260501-164852,-OrZkSLu_q30N7kCLD6g,2026-05-01 18:16:41+00:00,1777659401000,5267,25.19527,42.12688,1003.77002,56197,True,,
20260501-164852,-OrZkUn3UrMchqi54sAU,2026-05-01 18:16:51+00:00,1777659411000,5277,25.19622,42.09182,1003.77002,56235,True,,
20260501-164852,-OrZkXEEV-l5b6cR_itb,2026-05-01 18:17:01+00:00,1777659421000,5287,25.1959,42.0742,1003.77002,56273,True,,
20260501-164852,-OrZkZfYwgViWauFyw2w,2026-05-01 18:17:11+00:00,1777659431000,5297,25.19622,42.12698,1003.77002,56462,True,,
20260501-164852,-OrZkb7JMJlnqrZo548H,2026-05-01 18:17:21+00:00,1777659441000,5307,25.19717,42.16227,1003.77002,56462,True,,
20260501-164852,-OrZkdZAiD_GgtmSbO_9,2026-05-01 18:17:31+00:00,1777659451000,5317,25.19622,42.1563,1003.77002,56692,True,,
20260501-164852,-OrZkg-aD6JklUAgF_71,2026-05-01 18:17:41+00:00,1777659461000,5327,25.1959,42.12109,1003.77002,56577,True,,
20260501-164852,-OrZkiRNJ9PV7Wvtrv0E,2026-05-01 18:17:51+00:00,1777659471000,5337,25.19558,42.12691,1003.76001,56577,True,,
20260501-164852,-OrZkksjOC4LZGGKxWRx,2026-05-01 18:18:01+00:00,1777659481000,5347,25.19463,42.1737,1003.76001,56424,True,,
20260501-164852,-OrZknK-7n-xDd0XVWzg,2026-05-01 18:18:11+00:00,1777659491000,5357,25.19527,42.23243,1003.75,56500,True,,
20260501-164852,-OrZkplBU10Yn8gF5tDv,2026-05-01 18:18:21+00:00,1777659501000,5367,25.19495,42.3028,1003.76001,56577,True,,
20260501-164852,-OrZku83-tQfYphnst0K,2026-05-01 18:18:31+00:00,1777659511000,5377,25.19527,42.36152,1003.76001,56500,True,,
20260501-164852,-OrZkue7FLDg2_GhXX2E,2026-05-01 18:18:41+00:00,1777659521000,5387,25.194,42.37899,1003.75,56577,True,,
20260501-164852,-OrZkx4wm2enJMNPnsDk,2026-05-01 18:18:51+00:00,1777659531000,5397,25.19305,42.40824,1003.75,56653,True,,
20260501-164852,-OrZkzX5UUYT-Gc1pJru,2026-05-01 18:19:01+00:00,1777659541000,5407,25.19146,42.43742,1003.73999,56538,True,,
20260501-164852,-OrZl0yQxYFuMd2z9kc7,2026-05-01 18:19:11+00:00,1777659551000,5417,25.19083,42.44909,1003.75,56577,True,,
20260501-164852,-OrZl3PleY0dLDsoeOu_,2026-05-01 18:19:21+00:00,1777659561000,5427,25.1902,42.41378,1003.73999,56500,True,,
20260501-164852,-OrZl5qvO5Fkfoe9dkFN,2026-05-01 18:19:31+00:00,1777659571000,5437,25.1883,42.43706,1003.73999,56348,True,,
20260501-164852,-OrZl8IA7aipGV6AkaK-,2026-05-01 18:19:41+00:00,1777659581000,5447,25.18766,42.49573,1003.76001,56577,True,,
20260501-164852,-OrZlAjejlDMguJm1QHy,2026-05-01 18:19:51+00:00,1777659591000,5457,25.18639,42.41336,1003.76001,56348,True,,
20260501-164852,-OrZlDAmUfRLKkyyRPTm,2026-05-01 18:20:01+00:00,1777659601000,5467,25.18576,42.40155,1003.75,56538,True,,
20260501-164852,-OrZlGPKd2G5NMPMbWdi,2026-05-01 18:20:11+00:00,1777659611000,5478,25.18481,42.37795,1003.75,56197,True,,
20260501-164852,-OrZlI90oSyfTpr5PELU,2026-05-01 18:20:21+00:00,1777659621000,5488,25.18449,42.33096,1003.75,56310,True,,
20260501-164852,-OrZlKaGqESvtKeRCSuu,2026-05-01 18:20:31+00:00,1777659631000,5498,25.18386,42.27807,1003.75,56348,True,,
20260501-164852,-OrZlN1cPRYjsZqeVYXn,2026-05-01 18:20:41+00:00,1777659641000,5508,25.18418,42.26637,1003.73999,56500,True,,
20260501-164852,-OrZlPTx5rab9ztgX1oV,2026-05-01 18:20:51+00:00,1777659651000,5518,25.18481,42.20192,1003.73999,56730,True,,
20260501-164852,-OrZlRvRLu9hWWlbG6G2,2026-05-01 18:21:01+00:00,1777659661000,5528,25.18576,42.16685,1003.73999,56348,True,,
20260501-164852,-OrZlUM_7iAv124vtY7u,2026-05-01 18:21:11+00:00,1777659671000,5538,25.18639,42.16106,1003.73999,56577,True,,
20260501-164852,-OrZlWoPDKtF9JCAfXUZ,2026-05-01 18:21:21+00:00,1777659681000,5548,25.18639,42.14347,1003.72998,56577,True,,
20260501-164852,-OrZl_IKZBjbwSu6I2Qz,2026-05-01 18:21:31+00:00,1777659691000,5558,25.18703,42.10251,1003.71997,56768,True,,
20260501-164852,-OrZlag1DGqrpI0H8Ahz,2026-05-01 18:21:41+00:00,1777659701000,5568,25.18671,42.08489,1003.71997,56807,True,,
20260501-164852,-OrZld7TmFODKtV1YkbP,2026-05-01 18:21:51+00:00,1777659711000,5578,25.18703,42.10837,1003.71997,56730,True,,
20260501-164852,-OrZlfZZ4vRzyHtnOG7w,2026-05-01 18:22:01+00:00,1777659721000,5588,25.18703,42.09665,1003.71002,56845,True,,
20260501-164852,-OrZli-i5bjc-oFH26gf,2026-05-01 18:22:11+00:00,1777659731000,5598,25.18734,42.1084,1003.71997,56653,True,,
20260501-164852,-OrZlkSKcud4MB9Vc2Wg,2026-05-01 18:22:21+00:00,1777659741000,5608,25.18766,42.10258,1003.71002,56730,True,,
20260501-164852,-OrZlmtEGTTu3PIr89Sn,2026-05-01 18:22:31+00:00,1777659751000,5618,25.1883,42.14368,1003.71002,56845,True,,
20260501-164852,-OrZlpKnkOAzHBXOS1gH,2026-05-01 18:22:41+00:00,1777659761000,5628,25.18956,42.17313,1003.71002,56692,True,,
20260501-164852,-OrZlrloqij_vLu51C_Y,2026-05-01 18:22:51+00:00,1777659771000,5638,25.1883,42.20818,1003.70001,56577,True,,
20260501-164852,-OrZluCzh2__pN0IuAar,2026-05-01 18:23:01+00:00,1777659781000,5648,25.18893,42.21412,1003.70001,56730,True,,
20260501-164852,-OrZlweF2vjW8xbY22LQ,2026-05-01 18:23:11+00:00,1777659791000,5658,25.18956,42.21419,1003.70001,56653,True,,
20260501-164852,-OrZlz5cvT81ZWorM96g,2026-05-01 18:23:21+00:00,1777659801000,5668,25.19051,42.19084,1003.70001,56615,True,,
20260501-164852,-OrZm0XiSaV9MvbpOOZy,2026-05-01 18:23:31+00:00,1777659811000,5678,25.18988,42.16731,1003.70001,56577,True,,
20260501-164852,-OrZm2z4AY-j68juHWXo,2026-05-01 18:23:41+00:00,1777659821000,5688,25.1902,42.14389,1003.70001,56653,True,,
20260501-164852,-OrZm5QMFnKJ5M9Z17-C,2026-05-01 18:23:51+00:00,1777659831000,5698,25.1902,42.17321,1003.70001,56653,True,,
20260501-164852,-OrZm7rSRAUU7V-fOUZJ,2026-05-01 18:24:01+00:00,1777659841000,5708,25.19083,42.20259,1003.70001,56730,True,,
20260501-164852,-OrZmAIkowtHreaHSz7L,2026-05-01 18:24:11+00:00,1777659851000,5718,25.1902,42.22012,1003.69,56653,True,,
20260501-164852,-OrZmCk2LhJZvc07ObCl,2026-05-01 18:24:21+00:00,1777659861000,5728,25.18988,42.21422,1003.69,56730,True,,
20260501-164852,-OrZmFBOkGH-hKy_fMB0,2026-05-01 18:24:31+00:00,1777659871000,5738,25.18925,42.23762,1003.69,56730,True,,
20260501-164852,-OrZmIoszVFmyF5UCd4H,2026-05-01 18:24:41+00:00,1777659881000,5748,25.18956,42.23765,1003.70001,56923,True,,
20260501-164852,-OrZmK42A957tAN9xzqw,2026-05-01 18:24:51+00:00,1777659891000,5758,25.1902,42.19666,1003.69,56730,True,,
20260501-164852,-OrZmMW3orE-48StlzDZ,2026-05-01 18:25:01+00:00,1777659901000,5768,25.1902,42.1908,1003.69,56653,True,,
20260501-164852,-OrZmOxOsLjXKaF9mSMK,2026-05-01 18:25:11+00:00,1777659911000,5778,25.1902,42.16148,1003.70001,56692,True,,
20260501-164852,-OrZmROamhbH2GMFAs4D,2026-05-01 18:25:21+00:00,1777659921000,5788,25.18956,42.15554,1003.70001,56807,True,,
20260501-164852,-OrZmTqU8MYxlxWqdEE2,2026-05-01 18:25:31+00:00,1777659931000,5798,25.18988,42.12627,1003.70001,56807,True,,
20260501-164852,-OrZmWHKlpQoSOTXm5Oe,2026-05-01 18:25:41+00:00,1777659941000,5808,25.18956,42.08521,1003.69,56884,True,,
20260501-164852,-OrZmYiQ1ofxHE25Hd1-,2026-05-01 18:25:51+00:00,1777659951000,5818,25.18893,42.1203,1003.70001,56807,True,,
20260501-164852,-OrZmaA3VUXWoeeWaIhm,2026-05-01 18:26:01+00:00,1777659961000,5828,25.1883,42.21991,1003.69,56500,True,,
20260501-164852,-OrZmcbY6RphEUxGryjj,2026-05-01 18:26:11+00:00,1777659971000,5838,25.18734,42.29606,1003.69,56577,True,,
20260501-164852,-OrZmf23e9uBpq0U-noG,2026-05-01 18:26:21+00:00,1777659981000,5848,25.18703,42.31951,1003.67999,56653,True,,
20260501-164852,-OrZmhUIfxy5T3vi-1Ky,2026-05-01 18:26:31+00:00,1777659991000,5858,25.18734,42.28432,1003.67999,56768,True,,
20260501-164852,-OrZmjvV5gULh90XRERz,2026-05-01 18:26:41+00:00,1777660001000,5868,25.18639,42.20211,1003.69,57000,True,,
20260501-164852,-OrZmmMa_WxRbyx6fxa1,2026-05-01 18:26:51+00:00,1777660011000,5878,25.18671,42.13764,1003.67999,56807,True,,
20260501-164852,-OrZmonyA4e2cZ2QYmcO,2026-05-01 18:27:01+00:00,1777660021000,5888,25.18639,42.12002,1003.67999,56845,True,,
20260501-164852,-OrZmrFHq9NzJup8DCb6,2026-05-01 18:27:11+00:00,1777660031000,5898,25.18671,42.06731,1003.66998,56884,True,,
20260501-164852,-OrZmtkbDoDWfRoJVgJV,2026-05-01 18:27:21+00:00,1777660041000,5908,25.18703,42.08493,1003.66998,56884,True,,
20260501-164852,-OrZmw7jijrLiQH66T-m,2026-05-01 18:27:31+00:00,1777660051000,5918,25.18734,42.1377,1003.67999,56923,True,,
20260501-164852,-OrZmyZuhl4j3Nau2wjC,2026-05-01 18:27:41+00:00,1777660061000,5928,25.18734,42.14943,1003.67999,56730,True,,
20260501-164852,-OrZn0k8_cZDsKPPfyPV,2026-05-01 18:27:51+00:00,1777660071000,5938,25.18798,42.13778,1003.67999,56923,True,,
20260501-164852,-OrZn2SeZKFThB_ilElx,2026-05-01 18:28:01+00:00,1777660081000,5948,25.1883,42.21405,1003.67999,56768,True,,
20260501-164852,-OrZn4txxQE4XJK9AnPk,2026-05-01 18:28:11+00:00,1777660091000,5958,25.18925,42.27281,1003.66998,56730,True,,
20260501-164852,-OrZn7Kug0K_-iUcngMz,2026-05-01 18:28:21+00:00,1777660101000,5968,25.18925,42.29041,1003.67999,56692,True,,
20260501-164852,-OrZn9mUE0Mo7I7TBzay,2026-05-01 18:28:31+00:00,1777660111000,5978,25.18925,42.22589,1003.67999,57039,True,,
20260501-164852,-OrZnCDRO3XjYO_WgRKG,2026-05-01 18:28:41+00:00,1777660121000,5988,25.18798,42.11433,1003.67999,57039,True,,
20260501-164852,-OrZnEehEFbtNCCKNAHn,2026-05-01 18:28:51+00:00,1777660131000,5998,25.1883,42.10851,1003.67999,56923,True,,
20260501-164852,-OrZnH63suJxyzzjwfAz,2026-05-01 18:29:01+00:00,1777660141000,6008,25.1883,42.14368,1003.66998,56768,True,,
20260501-164852,-OrZnJYDmK8Xb3AoRdkT,2026-05-01 18:29:11+00:00,1777660151000,6018,25.18798,42.1202,1003.67999,56807,True,,
20260501-164852,-OrZnLze9fMENgFd3QRi,2026-05-01 18:29:21+00:00,1777660161000,6028,25.18671,42.07903,1003.67999,56923,True,,
20260501-164852,-OrZnOQtS_Yhf0yjPdo1,2026-05-01 18:29:31+00:00,1777660171000,6038,25.18576,42.0672,1003.66998,57039,True,,
20260501-164852,-OrZnQs2TpzYWnp0BGxY,2026-05-01 18:29:41+00:00,1777660181000,6048,25.18544,42.09061,1003.67999,56884,True,,
20260501-164852,-OrZnTJGUVEeTrTrMlzF,2026-05-01 18:29:51+00:00,1777660191000,6058,25.18481,42.20192,1003.66998,56884,True,,
20260501-164852,-OrZnVkXebeXTt_6LYvA,2026-05-01 18:30:01+00:00,1777660201000,6068,25.18354,42.26044,1003.67999,56768,True,,
20260501-164852,-OrZnYBvLsuS1vYDLkIk,2026-05-01 18:30:11+00:00,1777660211000,6078,25.18196,42.28372,1003.67999,56961,True,,
20260501-164852,-OrZn_cqaomukilor96y,2026-05-01 18:30:21+00:00,1777660221000,6088,25.18196,42.27785,1003.67999,56692,True,,
20260501-164852,-OrZnc4T-nt52-cb44i7,2026-05-01 18:30:31+00:00,1777660231000,6098,25.18132,42.28952,1003.66998,56961,True,,
20260501-164852,-OrZneWI2oIaPx2diFQx,2026-05-01 18:30:41+00:00,1777660241000,6108,25.18069,42.31879,1003.66998,56884,True,,
20260501-164852,-OrZngxqc5ahk7MjY6yf,2026-05-01 18:30:51+00:00,1777660251000,6118,25.18037,42.3481,1003.66998,56807,True,,
20260501-164852,-OrZnm1s1gOEF1e8K2Sw,2026-05-01 18:31:01+00:00,1777660261000,6128,25.18006,42.3598,1003.66998,57039,True,,
20260501-164852,-OrZnotjvt2FC6_oxgUn,2026-05-01 18:31:22+00:00,1777660282000,6149,25.17815,42.45941,1003.67999,51058,True,,
20260501-164852,-OrZnr1-t5Ft8da4MY4B,2026-05-01 18:31:32+00:00,1777660292000,6159,25.17784,42.37716,1003.67999,52663,True,,
20260501-164852,-OrZntSRA2i3mnw5uak_,2026-05-01 18:31:42+00:00,1777660302000,6169,25.17784,42.3126,1003.67999,53814,True,,
20260501-164852,-OrZnvto7_HhEG4VYVmf,2026-05-01 18:31:52+00:00,1777660312000,6179,25.17784,42.3302,1003.66998,54692,True,,
20260501-164852,-OrZnyLCNT8p2qXFtIxo,2026-05-01 18:32:02+00:00,1777660322000,6189,25.17815,42.3185,1003.66998,55088,True,,
20260501-164852,-OrZo-m97YkJfM6Wffvz,2026-05-01 18:32:12+00:00,1777660332000,6199,25.1791,42.27167,1003.65002,55453,True,,
20260501-164852,-OrZo2DdwpxNBYzY-nhI,2026-05-01 18:32:22+00:00,1777660342000,6209,25.17974,42.21895,1003.65002,55748,True,,
20260501-164852,-OrZo4ehp5ch4N_Oopgv,2026-05-01 18:32:32+00:00,1777660352000,6219,25.18006,42.19552,1003.65002,55934,True,,
20260501-164852,-OrZo765ZVW86pr8gmtJ,2026-05-01 18:32:42+00:00,1777660362000,6229,25.18006,42.20725,1003.65002,55972,True,,
20260501-164852,-OrZo9YGsyrrj_FMzG-g,2026-05-01 18:32:52+00:00,1777660372000,6239,25.1791,42.15437,1003.65002,56235,True,,
20260501-164852,-OrZoC076IpOhDQpl70D,2026-05-01 18:33:02+00:00,1777660382000,6249,25.1791,42.07817,1003.65002,56424,True,,
20260501-164852,-OrZoEQksgZisBZU0Oq8,2026-05-01 18:33:12+00:00,1777660392000,6259,25.17879,42.06641,1003.65002,56538,True,,
20260501-164852,-OrZoGs0-Ipw02sp2Gp6,2026-05-01 18:33:22+00:00,1777660402000,6269,25.1791,42.09576,1003.65002,56538,True,,
20260501-164852,-OrZoJJaf4e5AN0tDlLR,2026-05-01 18:33:32+00:00,1777660412000,6279,25.17815,42.13668,1003.64001,56500,True,,
20260501-164852,-OrZoLkdtCkBg1JMFc12,2026-05-01 18:33:42+00:00,1777660422000,6289,25.17815,42.10737,1003.63,56615,True,,
20260501-164852,-OrZoOBtqrXsyaQENoWm,2026-05-01 18:33:52+00:00,1777660432000,6299,25.17847,42.16603,1003.63,56462,True,,
20260501-164852,-OrZoRn-s-BJZwu_TkE7,2026-05-01 18:34:02+00:00,1777660442000,6309,25.17784,42.13078,1003.63,56500,True,,
20260501-164852,-OrZoT4FDP2gD-JKqvmy,2026-05-01 18:34:12+00:00,1777660452000,6319,25.1772,42.10727,1003.63,56653,True,,
20260501-164852,-OrZoVZ-Li6mqWx3Yoih,2026-05-01 18:34:22+00:00,1777660462000,6329,25.1772,42.20108,1003.63,56577,True,,
20260501-164852,-OrZoXyEAaD8rXq6DMNe,2026-05-01 18:34:32+00:00,1777660472000,6339,25.17752,42.25389,1003.63,56615,True,,
20260501-164852,-OrZo_P6KtF_xk0RAeSu,2026-05-01 18:34:42+00:00,1777660482000,6349,25.1772,42.25386,1003.62,56653,True,,
20260501-164852,-OrZobqJG2kjGLO8MzuV,2026-05-01 18:34:52+00:00,1777660492000,6359,25.17625,42.28895,1003.62,56615,True,,
20260501-164852,-OrZoeHneP47d-mmuMzb,2026-05-01 18:35:02+00:00,1777660502000,6369,25.17593,42.33586,1003.63,56500,True,,
20260501-164852,-OrZogigGWmJINUZyGFT,2026-05-01 18:35:12+00:00,1777660512000,6379,25.17625,42.37111,1003.63,56577,True,,
20260501-164852,-OrZojA-PmtRO0feGpDm,2026-05-01 18:35:22+00:00,1777660522000,6389,25.17657,42.41812,1003.63,56577,True,,
20260501-164852,-OrZolbElzfVqrKvrA-x,2026-05-01 18:35:32+00:00,1777660532000,6399,25.17657,42.40051,1003.62,56961,True,,
20260501-164852,-OrZoo2tTBXjrzBE0_kf,2026-05-01 18:35:42+00:00,1777660542000,6409,25.17593,42.37108,1003.62,56730,True,,
20260501-164852,-OrZoqUqRoYHAlU-6RJM,2026-05-01 18:35:52+00:00,1777660552000,6419,25.17593,42.3476,1003.60999,56615,True,,
20260501-164852,-OrZosvvhjt-rzZN8waC,2026-05-01 18:36:02+00:00,1777660562000,6429,25.17435,42.26527,1003.62,56653,True,,
20260501-164852,-OrZovPrugJhAqCJErhZ,2026-05-01 18:36:12+00:00,1777660572000,6439,25.17403,42.18312,1003.60999,56653,True,,
20260501-164852,-OrZoxoOB7Q0M0U39bp4,2026-05-01 18:36:22+00:00,1777660582000,6449,25.1734,42.17133,1003.60999,56768,True,,
20260501-164852,-OrZp0YFN8kPoEUTx87I,2026-05-01 18:36:33+00:00,1777660593000,6459,25.1734,42.20651,1003.60999,57039,True,,
20260501-164852,-OrZpPUKEDhxI5ap6a9L,2026-05-01 18:38:19+00:00,1777660699000,6566,25.16484,42.20554,1003.59003,44735,True,,
20260501-164852,-OrZpRlj_eA2O9jmj81m,2026-05-01 18:38:29+00:00,1777660709000,6576,25.16452,42.17619,1003.58002,47228,True,,
20260501-164852,-OrZpUCnPgu_z_u9D_Od,2026-05-01 18:38:39+00:00,1777660719000,6586,25.16516,42.14694,1003.59003,49025,True,,
20260501-164852,-OrZpWe1aVwUY09kM1Ry,2026-05-01 18:38:49+00:00,1777660729000,6596,25.16516,42.17039,1003.58002,50504,True,,
20260501-164852,-OrZpZ6MfdW4PwY7ah_e,2026-05-01 18:38:59+00:00,1777660739000,6606,25.16579,42.17633,1003.58002,51466,True,,
20260501-164852,-OrZpaX_YfCXFsScWxl7,2026-05-01 18:39:09+00:00,1777660749000,6616,25.16706,42.17061,1003.58002,52367,True,,
20260501-164852,-OrZpczxmXdAf6cYfEj1,2026-05-01 18:39:19+00:00,1777660759000,6626,25.16801,42.17072,1003.58002,52963,True,,
20260501-164852,-OrZpfQ-fHAAryLCybaB,2026-05-01 18:39:29+00:00,1777660769000,6636,25.16833,42.24699,1003.58002,53436,True,,
20260501-164852,-OrZphsViGbkIp1fN56c,2026-05-01 18:39:39+00:00,1777660779000,6646,25.16991,42.33519,1003.58002,53814,True,,
20260501-164852,-OrZpkJN2SWj70lNNHkF,2026-05-01 18:39:49+00:00,1777660789000,6656,25.17086,42.36465,1003.58002,54267,True,,
20260501-164852,-OrZpmjmEP2Z9R7Ib4Rr,2026-05-01 18:39:59+00:00,1777660799000,6666,25.17213,42.3237,1003.59003,54800,True,,
20260501-164852,-OrZppB4EF1shM12c8eQ,2026-05-01 18:40:09+00:00,1777660809000,6676,25.17276,42.32376,1003.59003,54943,True,,
20260501-164852,-OrZprcgM4mlLXogf5X_,2026-05-01 18:40:19+00:00,1777660819000,6686,25.17372,42.43541,1003.58002,54943,True,,
20260501-164852,-OrZpu3aIAkOxI2q09O2,2026-05-01 18:40:29+00:00,1777660829000,6696,25.17593,42.41218,1003.59003,55016,True,,
20260501-164852,-OrZpwVrFeRL_YzuY3Fz,2026-05-01 18:40:39+00:00,1777660839000,6706,25.17752,42.35952,1003.59003,55379,True,,
20260501-164852,-OrZpyx1rYJN-QS6PU_G,2026-05-01 18:40:49+00:00,1777660849000,6716,25.17815,42.3009,1003.59998,55453,True,,
20260501-164852,-OrZq3JfmBQd-1UCd7xa,2026-05-01 18:40:59+00:00,1777660859000,6726,25.1791,42.2658,1003.59003,55674,True,,
20260501-164852,-OrZq3eQuVZlKS23RSAE,2026-05-01 18:41:13+00:00,1777660873000,6739,25.17784,42.3302,1003.59003,53676,True,,
20260501-164852,-OrZq64cJr-J36Ayg74z,2026-05-01 18:41:23+00:00,1777660883000,6749,25.17752,42.29496,1003.59003,54479,True,,
20260501-164852,-OrZq8WfZaEQFQHrj-2A,2026-05-01 18:41:33+00:00,1777660893000,6759,25.17752,42.21283,1003.59003,54907,True,,
20260501-164852,-OrZqAxmJIE2fs-bxE40,2026-05-01 18:41:43+00:00,1777660903000,6769,25.17784,42.15423,1003.59003,55379,True,,
20260501-164852,-OrZqDQlXmYScmtzJXD8,2026-05-01 18:41:53+00:00,1777660913000,6779,25.17847,42.18949,1003.59003,55526,True,,
20260501-164852,-OrZqFrfFmGEC_ZiIE--,2026-05-01 18:42:03+00:00,1777660923000,6789,25.17815,42.31263,1003.58002,55748,True,,
20260501-164852,-OrZqII-8oV-wWnec8JP,2026-05-01 18:42:13+00:00,1777660933000,6799,25.17784,42.43001,1003.57001,55748,True,,
20260501-164852,-OrZqKk2eRvEQR9P9Al0,2026-05-01 18:42:23+00:00,1777660943000,6809,25.17815,42.50053,1003.57001,55897,True,,
20260501-164852,-OrZqNA1m61YITRTirK5,2026-05-01 18:42:33+00:00,1777660953000,6819,25.17688,42.43577,1003.57001,55897,True,,
20260501-164852,-OrZqPbjRTMFIe5ESiEr,2026-05-01 18:42:43+00:00,1777660963000,6829,25.17688,42.41228,1003.58002,56159,True,,
20260501-164852,-OrZqS2wC1gwFeUeveaa,2026-05-01 18:42:53+00:00,1777660973000,6839,25.1753,42.39449,1003.57001,56197,True,,
20260501-164852,-OrZqUUmy4RdvMwTrLkY,2026-05-01 18:43:03+00:00,1777660983000,6849,25.17467,42.35332,1003.57001,56197,True,,
20260501-164852,-OrZqWw7oHhLfbBfqcsZ,2026-05-01 18:43:13+00:00,1777660993000,6859,25.17403,42.34739,1003.57001,56310,True,,
20260501-164852,-OrZqZNNQbeRLQS2bcCV,2026-05-01 18:43:23+00:00,1777661003000,6869,25.17467,42.32985,1003.57001,56424,True,,
20260501-164852,-OrZqaqt0Kv1117XXwcq,2026-05-01 18:43:33+00:00,1777661013000,6879,25.1753,42.31818,1003.57001,56462,True,,
20260501-164852,-OrZqdFzU6-MiCcPy7Fw,2026-05-01 18:43:43+00:00,1777661023000,6889,25.17625,42.27721,1003.56,56923,True,,
20260501-164852,-OrZqfh9FHMPYO8NQsNk,2026-05-01 18:43:53+00:00,1777661033000,6899,25.17657,42.24205,1003.56,56500,True,,
20260501-164852,-OrZqiMSS3I78cHwZGII,2026-05-01 18:44:03+00:00,1777661043000,6909,25.17688,42.26555,1003.57001,56500,True,,
20260501-164852,-OrZqk_fSQopXP5VvBba,2026-05-01 18:44:13+00:00,1777661053000,6919,25.17815,42.28329,1003.57001,56615,True,,
20260501-164852,-OrZqn0vdU02ZSO92CDm,2026-05-01 18:44:23+00:00,1777661063000,6929,25.17942,42.28931,1003.56,56730,True,,
20260501-164852,-OrZqpT5o3QZISEJgBcD,2026-05-01 18:44:33+00:00,1777661073000,6939,25.17974,42.23655,1003.56,56884,True,,
20260501-164852,-OrZqruHH-PZrWOZotxI,2026-05-01 18:44:43+00:00,1777661083000,6949,25.18037,42.16624,1003.56,56653,True,,
20260501-164852,-OrZquLeso1ryfg12_21,2026-05-01 18:44:53+00:00,1777661093000,6959,25.18037,42.10762,1003.54999,56961,True,,
20260501-164852,-OrZqwmoD4kttPwGqWRH,2026-05-01 18:45:03+00:00,1777661103000,6969,25.17974,42.07825,1003.53998,56538,True,,
20260501-164852,-OrZqzEIQhBPeUxRUrEX,2026-05-01 18:45:13+00:00,1777661113000,6979,25.17942,42.10166,1003.53998,56538,True,,
20260501-164852,-OrZr0fQ2cyNbK1an-Ta,2026-05-01 18:45:23+00:00,1777661123000,6989,25.1791,42.17196,1003.53998,56462,True,,
20260501-164852,-OrZr36bV4pxgh-06ZNU,2026-05-01 18:45:33+00:00,1777661133000,6999,25.17942,42.22478,1003.53003,56386,True,,
20260501-164852,-OrZr5YsUDWmNIrWPBVt,2026-05-01 18:45:43+00:00,1777661143000,7009,25.17974,42.29521,1003.53998,56577,True,,
20260501-164852,-OrZr8-4HC6E4aPWQlOc,2026-05-01 18:45:53+00:00,1777661153000,7019,25.18101,42.30122,1003.53998,56462,True,,
20260501-164852,-OrZrARJ0J_LrV3qvMxD,2026-05-01 18:46:03+00:00,1777661163000,7029,25.18196,42.24852,1003.53003,56730,True,,
20260501-164852,-OrZrCsUI0ZaanZkgkcf,2026-05-01 18:46:13+00:00,1777661173000,7039,25.18164,42.20743,1003.52002,56845,True,,
20260501-164852,-OrZrFJgyVf228XbMnBc,2026-05-01 18:46:23+00:00,1777661183000,7049,25.18196,42.23093,1003.53003,56807,True,,
20260501-164852,-OrZrHkxkaYXUVJWwhCn,2026-05-01 18:46:33+00:00,1777661193000,7059,25.18322,42.2428,1003.53003,56845,True,,
20260501-164852,-OrZrKCUkHHFq8D6vLKB,2026-05-01 18:46:43+00:00,1777661203000,7069,25.18322,42.30734,1003.53003,56577,True,,
20260501-164852,-OrZrMdf1wTNP_Q7IzuQ,2026-05-01 18:46:53+00:00,1777661213000,7079,25.18291,42.37187,1003.52002,56884,True,,
20260501-164852,-OrZrP5VTS_e3_yVMn20,2026-05-01 18:47:03+00:00,1777661223000,7089,25.18227,42.3718,1003.51001,56730,True,,
20260501-164852,-OrZrSAPBrBqWCpX5Ecr,2026-05-01 18:47:13+00:00,1777661233000,7099,25.18259,42.33074,1003.5,56730,True,,
20260501-164852,-OrZrU02n_k3UfEyOqWT,2026-05-01 18:47:23+00:00,1777661243000,7109,25.18291,42.19585,1003.51001,56730,True,,
20260501-164852,-OrZrWTRtFn8BFYG2i84,2026-05-01 18:47:33+00:00,1777661253000,7119,25.18291,42.26623,1003.51001,56653,True,,
20260501-164852,-OrZrYr1kIFiON3QMrCf,2026-05-01 18:47:43+00:00,1777661263000,7129,25.18259,42.36596,1003.51001,56692,True,,
20260501-164852,-OrZraI63oDq0GEPtAm1,2026-05-01 18:47:53+00:00,1777661273000,7139,25.18227,42.36006,1003.51001,56653,True,,
20260501-164852,-OrZrcl8-UV4RhrmxXlv,2026-05-01 18:48:03+00:00,1777661283000,7149,25.18259,42.33661,1003.52002,56577,True,,
20260501-164852,-OrZrfAYerEys3B79LgM,2026-05-01 18:48:13+00:00,1777661293000,7159,25.18354,42.28977,1003.52002,56653,True,,
20260501-164852,-OrZrhdXCpYgvfveDy1w,2026-05-01 18:48:23+00:00,1777661303000,7169,25.18418,42.28984,1003.52002,56653,True,,
20260501-164852,-OrZrk3PWfqpzi1cNieS,2026-05-01 18:48:33+00:00,1777661313000,7179,25.18418,42.27224,1003.53003,56730,True,,
20260501-164852,-OrZrmVO1FUKiLhG8qp_,2026-05-01 18:48:43+00:00,1777661323000,7189,25.18386,42.20181,1003.53003,56730,True,,
20260501-164852,-OrZrowVYlmLUznv2J60,2026-05-01 18:48:53+00:00,1777661333000,7199,25.18449,42.30748,1003.53003,56923,True,,
20260501-164852,-OrZrrNsgMmv1seSnKKP,2026-05-01 18:49:03+00:00,1777661343000,7209,25.18449,42.50712,1003.53003,56577,True,,
20260501-164852,-OrZrtpEO1CxWMj7OI16,2026-05-01 18:49:13+00:00,1777661353000,7219,25.18386,42.58344,1003.53998,56577,True,,
20260501-164852,-OrZrwGfG6L2vewFiexe,2026-05-01 18:49:23+00:00,1777661363000,7229,25.18418,42.47183,1003.53003,56768,True,,
20260501-164852,-OrZryhlTx865kRKMki9,2026-05-01 18:49:33+00:00,1777661373000,7239,25.18449,42.3603,1003.53998,56730,True,,
20260501-164852,-OrZs08sc-F6GHgiDgsC,2026-05-01 18:49:43+00:00,1777661383000,7249,25.18418,42.33092,1003.53998,56768,True,,
20260501-164852,-OrZs2aT-iCm4ESESbUz,2026-05-01 18:49:53+00:00,1777661393000,7259,25.18449,42.31922,1003.53003,56653,True,,
20260501-164852,-OrZs5w8ierCw36QVqn9,2026-05-01 18:50:03+00:00,1777661403000,7269,25.18418,42.26637,1003.52002,56500,True,,
20260501-164852,-OrZs7TbWBP6zKAbBsG9,2026-05-01 18:50:13+00:00,1777661413000,7279,25.18449,42.25468,1003.52002,56500,True,,
20260501-164852,-OrZsK4LPnTkAXlU3Qe0,2026-05-01 18:50:23+00:00,1777661423000,7289,25.18544,42.33106,1003.51001,56653,True,,
20260501-164852,-OrZsKD54CrYZRc1M38T,2026-05-01 18:51:05+00:00,1777661465000,7331,25.18164,42.41869,1003.51001,44216,True,,
20260501-164852,-OrZsMe5FDEqkXmOc73x,2026-05-01 18:51:15+00:00,1777661475000,7341,25.18069,42.22492,1003.51001,46990,True,,
20260501-164852,-OrZsP5SfjBDL92vp9N9,2026-05-01 18:51:25+00:00,1777661485000,7351,25.18069,42.14283,1003.51001,49401,True,,
20260501-164852,-OrZsRXU1UpQP9dIEWNN,2026-05-01 18:51:35+00:00,1777661495000,7361,25.18069,42.12524,1003.52002,51214,True,,
20260501-164852,-OrZsTyrBeAfUwgeZpG9,2026-05-01 18:51:45+00:00,1777661505000,7371,25.18196,42.13711,1003.52002,52204,True,,
20260501-164852,-OrZsWQA3EwanVH7QbUe,2026-05-01 18:51:55+00:00,1777661515000,7381,25.18259,42.18995,1003.51001,53097,True,,
20260501-164852,-OrZsYrYlReAx7NL3Yci,2026-05-01 18:52:05+00:00,1777661525000,7391,25.18354,42.27804,1003.51001,54092,True,,
20260501-164852,-OrZsaIfqsq2hm4pT307,2026-05-01 18:52:15+00:00,1777661535000,7401,25.18544,42.31933,1003.5,54408,True,,
20260501-164852,-OrZsck0RVL80054GJXh,2026-05-01 18:52:25+00:00,1777661545000,7411,25.18608,42.38396,1003.5,54657,True,,
20260501-164852,-OrZsfB6hqPyerPpfCVO,2026-05-01 18:52:35+00:00,1777661555000,7421,25.18703,42.48978,1003.5,55088,True,,
20260501-164852,-OrZshcTXOJBqluOkTQK,2026-05-01 18:52:45+00:00,1777661565000,7431,25.18766,42.49573,1003.5,55233,True,,
20260501-164852,-OrZsk3pyDrw_P5xEWXP,2026-05-01 18:52:55+00:00,1777661575000,7441,25.18798,42.34895,1003.5,55306,True,,
20260501-164852,-OrZsmVv2sqprHV5_4bN,2026-05-01 18:53:05+00:00,1777661585000,7451,25.18893,42.30798,1003.5,55674,True,,
20260501-164852,-OrZsoxACx6w08zc3DS1,2026-05-01 18:53:15+00:00,1777661595000,7461,25.18925,42.31388,1003.48999,55637,True,,
20260501-164852,-OrZtDLR4lNpiCk_iCbz,2026-05-01 18:54:46+00:00,1777661686000,7553,25.18386,42.29567,1003.48999,41584,True,,
20260501-164852,-OrZtDUN9sFehJaKvLKW,2026-05-01 18:54:59+00:00,1777661699000,7566,25.18132,42.21913,1003.47998,43892,True,,
20260501-164852,-OrZtFvRuPm0zOZdXqtG,2026-05-01 18:55:09+00:00,1777661709000,7576,25.18069,42.13697,1003.46997,46730,True,,
20260501-164852,-OrZtIMurnbcjgYvgofS,2026-05-01 18:55:19+00:00,1777661719000,7586,25.18227,42.12542,1003.46997,48542,True,,
20260501-164852,-OrZtKnsnW1nC1MGCueI,2026-05-01 18:55:29+00:00,1777661729000,7596,25.18481,42.14329,1003.47998,50021,True,,
20260501-164852,-OrZtNF5wntBbL7DrqWE,2026-05-01 18:55:39+00:00,1777661739000,7606,25.18798,42.17882,1003.47998,51183,True,,
20260501-164852,-OrZtPgMWKIIU96Qyl0H,2026-05-01 18:55:49+00:00,1777661749000,7616,25.19083,42.16742,1003.47998,51977,True,,
20260501-164852,-OrZtS7yg5ygHLGVkjFU,2026-05-01 18:55:59+00:00,1777661759000,7626,25.19305,42.15594,1003.46997,52796,True,,
20260501-164852,-OrZtU_4_EdICk0kLeKI,2026-05-01 18:56:09+00:00,1777661769000,7636,25.19685,42.1505,1003.46997,53097,True,,
20260501-164852,-OrZtX02g5PihL9Jdgb0,2026-05-01 18:56:19+00:00,1777661779000,7646,25.20192,42.13934,1003.46997,53539,True,,
20260501-164852,-OrZtcofbScL3E7ivx7W,2026-05-01 18:56:29+00:00,1777661789000,7656,25.20541,42.11043,1003.46002,53987,True,,
20260501-164852,-OrZtg4rXrS-TDvNexJ0,2026-05-01 18:56:56+00:00,1777661816000,7683,25.20763,42.30423,1003.46002,47096,True,,
20260501-164852,-OrZthONVUAtxnL_fJdc,2026-05-01 18:57:06+00:00,1777661826000,7693,25.21207,42.25778,1003.45001,49025,True,,
20260501-164852,-OrZtjpRVfaHLlgvrPbM,2026-05-01 18:57:16+00:00,1777661836000,7703,25.21555,42.28164,1003.42999,50656,True,,
20260501-164852,-OrZtmGwjMvMNgNRaL_X,2026-05-01 18:57:26+00:00,1777661846000,7713,25.21967,42.36427,1003.42999,51784,True,,
20260501-164852,-OrZtoi8QDbAWVjJE4cD,2026-05-01 18:57:36+00:00,1777661856000,7723,25.22348,42.42929,1003.42999,52564,True,,
20260501-164852,-OrZtr9A2tqYhDy_SgXW,2026-05-01 18:57:46+00:00,1777661866000,7733,25.22696,42.45317,1003.40997,53064,True,,
20260501-164852,-OrZttaT_MenkwqNXIcc,2026-05-01 18:57:56+00:00,1777661876000,7743,25.23013,42.45353,1003.40997,53504,True,,
20260501-164852,-OrZtw1etVqsAuhq2knH,2026-05-01 18:58:06+00:00,1777661886000,7753,25.23235,42.41854,1003.40997,53883,True,,
20260501-164852,-OrZtyXlGwARSwXl1V19,2026-05-01 18:58:16+00:00,1777661896000,7763,25.2352,42.40125,1003.40997,54267,True,,
20260501-164852,-OrZu-v8M6-gdN9i2hXt,2026-05-01 18:58:26+00:00,1777661906000,7773,25.2371,42.35449,1003.40002,54550,True,,
20260501-164852,-OrZu2TIlQqVLKbBmdTM,2026-05-01 18:58:36+00:00,1777661916000,7783,25.23996,42.33721,1003.40002,54692,True,,
20260501-164852,-OrZu4naekGYlOg-xtZZ,2026-05-01 18:58:46+00:00,1777661926000,7793,25.24281,42.31405,1003.40002,54836,True,,
20260501-164852,-OrZu7EzklFaBjrG0rsn,2026-05-01 18:58:56+00:00,1777661936000,7803,25.24471,42.34948,1003.39001,54871,True,,
20260501-164852,-OrZu9h1mMh_-86yxNwF,2026-05-01 18:59:06+00:00,1777661946000,7813,25.24756,42.36155,1003.39001,54980,True,,
20260501-164852,-OrZuC7YJT-z3eY-4pml,2026-05-01 18:59:16+00:00,1777661956000,7823,25.25073,42.31494,1003.39001,54980,True,,
20260501-164852,-OrZuEZd0lrodl6RrLVo,2026-05-01 18:59:26+00:00,1777661966000,7833,25.25295,42.35041,1003.38,55016,True,,
20260501-164852,-OrZuH8eAqlyQ2YHKflc,2026-05-01 18:59:36+00:00,1777661976000,7843,25.25549,42.33895,1003.38,55088,True,,
20260501-164852,-OrZuJS5s8ZmK0QnD66i,2026-05-01 18:59:46+00:00,1777661986000,7853,25.25739,42.33917,1003.38,55016,True,,
20260501-164852,-OrZuLtUZiQ5NVQ1jQnT,2026-05-01 18:59:56+00:00,1777661996000,7863,25.25992,42.34533,1003.37,55343,True,,
20260501-164852,-OrZuOKo9tMCVmPzTH2i,2026-05-01 19:00:06+00:00,1777662006000,7873,25.26151,42.33377,1003.35999,55453,True,,
20260501-164852,-OrZuQm1V_8nYKsg4CyV,2026-05-01 19:00:16+00:00,1777662016000,7883,25.26309,42.33395,1003.37,55416,True,,
20260501-164852,-OrZuTDAbym4WibSJVn6,2026-05-01 19:00:26+00:00,1777662026000,7893,25.26436,42.3517,1003.37,55270,True,,
20260501-164852,-OrZuVeQKNmzbIOo50NU,2026-05-01 19:00:36+00:00,1777662036000,7903,25.26468,42.35174,1003.37,55233,True,,
20260501-164852,-OrZuY5yrOH7a6w2CDSj,2026-05-01 19:00:46+00:00,1777662046000,7913,25.26531,42.34007,1003.35999,55161,True,,
20260501-164852,-OrZu_Y-p2bpLBjUNi-i,2026-05-01 19:00:56+00:00,1777662056000,7923,25.26563,42.31662,1003.35999,55233,True,,
20260501-164852,-OrZubzRdMIIPOG930I4,2026-05-01 19:01:06+00:00,1777662066000,7933,25.265,42.29308,1003.34998,55416,True,,
20260501-164852,-OrZueQPOeaCnYQ_X3XJ,2026-05-01 19:01:16+00:00,1777662076000,7943,25.26626,42.26975,1003.34998,55306,True,,
20260501-164852,-OrZugrjLEJ1IHu40gIA,2026-05-01 19:01:26+00:00,1777662086000,7953,25.26658,42.26391,1003.34998,55306,True,,
20260501-164852,-OrZujJ5INGcAgt5I1_y,2026-05-01 19:01:36+00:00,1777662096000,7963,25.2669,42.24048,1003.29999,55379,True,,
20260501-164852,-OrZulk6uLXpYjqnCX_d,2026-05-01 19:01:46+00:00,1777662106000,7973,25.26753,42.24056,1003.31,55379,True,,
20260501-164852,-OrZuoBPLCSBEnfiDjRX,2026-05-01 19:01:56+00:00,1777662116000,7983,25.2688,42.24656,1003.32001,55453,True,,
20260501-164852,-OrZuqcjbxEP_UUBu-zs,2026-05-01 19:02:06+00:00,1777662126000,7993,25.26817,42.23476,1003.31,55490,True,,
20260501-164852,-OrZut5QoNExrL0EkmeT,2026-05-01 19:02:16+00:00,1777662136000,8003,25.26753,42.07052,1003.32001,55822,True,,
20260501-164852,-OrZuvVzjEBTeAA1K4Ut,2026-05-01 19:02:26+00:00,1777662146000,8013,25.26848,42.11165,1003.31,55600,True,,
20260501-164852,-OrZuxxWTFRDg-Hg0Qid,2026-05-01 19:02:36+00:00,1777662156000,8023,25.26785,42.0764,1003.31,55822,True,,
20260501-164852,-OrZv05QODDrXf8ODubT,2026-05-01 19:02:46+00:00,1777662166000,8033,25.26785,42.0471,1003.32001,55600,True,,
20260501-164852,-OrZv1q3EE_OvWv4NO_C,2026-05-01 19:02:56+00:00,1777662176000,8043,25.26817,42.05301,1003.32001,55822,True,,
20260501-164852,-OrZv4H-2g5pOW3PwvE3,2026-05-01 19:03:06+00:00,1777662186000,8053,25.26785,42.10571,1003.32001,55785,True,,
20260501-164852,-OrZv6iM505gzgQxiaql,2026-05-01 19:03:16+00:00,1777662196000,8063,25.26785,42.0764,1003.32001,55934,True,,
20260501-164852,-OrZv9AKtyj2f4OziLlC,2026-05-01 19:03:26+00:00,1777662206000,8073,25.26817,42.07059,1003.32001,55897,True,,
20260501-164852,-OrZvBalw4L_cP1NRkFx,2026-05-01 19:03:36+00:00,1777662216000,8083,25.2688,42.0062,1003.33002,55637,True,,
20260501-164852,-OrZvE27uNwQLVxy9mMr,2026-05-01 19:03:46+00:00,1777662226000,8093,25.26848,41.99445,1003.33002,56009,True,,
20260501-164852,-OrZvGUTrXXAfhGg1iIc,2026-05-01 19:03:56+00:00,1777662236000,8103,25.2688,42.00034,1003.33002,55674,True,,
20260501-164852,-OrZvIvke8-nC44VdTEP,2026-05-01 19:04:06+00:00,1777662246000,8113,25.2688,42.05307,1003.32001,55822,True,,
20260501-164852,-OrZvLMqNDKvB6YCzhzH,2026-05-01 19:04:16+00:00,1777662256000,8123,25.2688,42.04721,1003.32001,55748,True,,
20260501-164852,-OrZvNo3F9Bc9NOSJvMs,2026-05-01 19:04:26+00:00,1777662266000,8133,25.26912,42.04725,1003.32001,55748,True,,
20260501-164852,-OrZvQFKSoAEPf6JobNh,2026-05-01 19:04:36+00:00,1777662276000,8143,25.26912,42.07655,1003.32001,55972,True,,
20260501-164852,-OrZvSrG13Qy2BOXNVo9,2026-05-01 19:04:46+00:00,1777662286000,8153,25.27007,42.08251,1003.33002,55972,True,,
20260501-164852,-OrZvV7wa6qBpRLSyNDw,2026-05-01 19:04:56+00:00,1777662296000,8163,25.27134,42.09438,1003.34003,55711,True,,
20260501-164852,-OrZvX_AkE_sg94vQq2v,2026-05-01 19:05:06+00:00,1777662306000,8173,25.27292,42.07697,1003.34003,55785,True,,
20260501-164852,-OrZv_0R8NzYdyc1iE0x,2026-05-01 19:05:16+00:00,1777662316000,8183,25.27419,42.07126,1003.34003,55785,True,,
20260501-164852,-OrZvbSyc5xj3taggRkY,2026-05-01 19:05:26+00:00,1777662326000,8193,25.27514,42.07136,1003.34003,55822,True,,
20260501-164852,-OrZvdtj5fslr68n6fQW,2026-05-01 19:05:36+00:00,1777662336000,8203,25.27641,42.08323,1003.34003,55860,True,,
20260501-164852,-OrZvgTbxikN36Vevk6S,2026-05-01 19:05:46+00:00,1777662346000,8213,25.27799,42.06582,1003.34003,55972,True,,
20260501-164852,-OrZvjv_2fa8vZQMP-__,2026-05-01 19:05:56+00:00,1777662356000,8223,25.27989,42.02502,1003.33002,56084,True,,
20260501-164852,-OrZvlDjEwFko34SOfHM,2026-05-01 19:06:06+00:00,1777662366000,8233,25.28053,42.00752,1003.33002,56310,True,,
20260501-164852,-OrZvnmeWbHeGhUuiaMe,2026-05-01 19:06:16+00:00,1777662376000,8243,25.28179,42.04867,1003.34003,55822,True,,
20260501-164852,-OrZvq6-5p0TR2RPaDJn,2026-05-01 19:06:26+00:00,1777662386000,8253,25.28401,42.10167,1003.34003,56009,True,,
20260501-164852,-OrZvsYG30nufmudxMJF,2026-05-01 19:06:36+00:00,1777662396000,8263,25.28528,42.14871,1003.34003,55972,True,,
20260501-164852,-OrZvuzfQBnVbd7OShD9,2026-05-01 19:06:46+00:00,1777662406000,8273,25.28813,42.14903,1003.34003,55972,True,,
20260501-164852,-OrZvxRGGhbUJfEzGmGK,2026-05-01 19:06:56+00:00,1777662416000,8283,25.28972,42.13161,1003.33002,55897,True,,
20260501-164852,-OrZvzs20VQ8PN-4q5vE,2026-05-01 19:07:06+00:00,1777662426000,8293,25.29225,42.12018,1003.34003,55748,True,,
20260501-164852,-OrZw1JFDTazX0-ImyWU,2026-05-01 19:07:16+00:00,1777662436000,8303,25.29257,42.1378,1003.33002,56047,True,,
20260501-164852,-OrZw3kmG7QVlBVBIDJw,2026-05-01 19:07:26+00:00,1777662446000,8313,25.2951,42.09705,1003.34003,56084,True,,
20260501-164852,-OrZw6Bjjf9pPhyTu3hJ,2026-05-01 19:07:36+00:00,1777662456000,8323,25.29606,42.09715,1003.33002,55860,True,,
20260501-164852,-OrZw8d0-3MM47EcJrWz,2026-05-01 19:07:46+00:00,1777662466000,8333,25.29701,42.11485,1003.33002,55822,True,,
20260501-164852,-OrZwB4v62iS6o71YBAk,2026-05-01 19:07:56+00:00,1777662476000,8343,25.29827,42.13258,1003.33002,55972,True,,
20260501-164852,-OrZwDWX24toR-Z-v0RI,2026-05-01 19:08:06+00:00,1777662486000,8353,25.29923,42.09751,1003.33002,55897,True,,
20260501-164852,-OrZwFxnMN-vRqb6fp9I,2026-05-01 19:08:16+00:00,1777662496000,8363,25.30081,42.13873,1003.33002,55785,True,,
20260501-164852,-OrZwIPNBdAuCofgaB4v,2026-05-01 19:08:26+00:00,1777662506000,8373,25.30208,42.17405,1003.32001,55822,True,,
20260501-164852,-OrZwKqJD3EtqbptMIi8,2026-05-01 19:08:36+00:00,1777662516000,8383,25.30303,42.17416,1003.32001,55897,True,,
20260501-164852,-OrZwNHfp_gS9h-ake7j,2026-05-01 19:08:46+00:00,1777662526000,8393,25.30462,42.15675,1003.31,55897,True,,
20260501-164852,-OrZwPirhgDoCCo_SPAe,2026-05-01 19:08:56+00:00,1777662536000,8403,25.30556,42.14512,1003.32001,55822,True,,
20260501-164852,-OrZwSLkuFkEFIxDOq0w,2026-05-01 19:09:06+00:00,1777662546000,8413,25.30651,42.12178,1003.32001,55897,True,,
20260501-164852,-OrZwUbOqd0jA7szhc65,2026-05-01 19:09:16+00:00,1777662556000,8423,25.30747,42.05742,1003.32001,55897,True,,
20260501-164852,-OrZwX2b4bEu4PnHb115,2026-05-01 19:09:26+00:00,1777662566000,8433,25.3081,41.95203,1003.31,56273,True,,
20260501-164852,-OrZwZV2NtT5lfjmQsrg,2026-05-01 19:09:36+00:00,1777662576000,8443,25.30905,41.94628,1003.29999,56197,True,,
20260501-164852,-OrZwawOIombg6pEHGJp,2026-05-01 19:09:46+00:00,1777662586000,8453,25.30842,41.98135,1003.28998,56084,True,,
20260501-164852,-OrZwdNR9OBfP7M6ErHd,2026-05-01 19:09:56+00:00,1777662596000,8463,25.30842,42.05752,1003.28998,56009,True,,
20260501-164852,-OrZwfo_HOQe4SOFPZ-_,2026-05-01 19:10:06+00:00,1777662606000,8473,25.30937,42.08107,1003.29999,55972,True,,
20260501-164852,-OrZwiFkIsba8dllTqbu,2026-05-01 19:10:16+00:00,1777662616000,8483,25.31,42.05183,1003.28998,56009,True,,
20260501-164852,-OrZwkh6U-mTAYiX61TR,2026-05-01 19:10:26+00:00,1777662626000,8493,25.30968,42.01078,1003.28998,56159,True,,
20260501-164852,-OrZwn88oD52KfmYi2p1,2026-05-01 19:10:36+00:00,1777662636000,8503,25.30842,42.01065,1003.28003,56122,True,,
20260501-164852,-OrZwp_W13Ecbh1B-i5t,2026-05-01 19:10:46+00:00,1777662646000,8513,25.30873,42.04583,1003.28998,56009,True,,
20260501-164852,-OrZws0s4whCFIpNQAMA,2026-05-01 19:10:56+00:00,1777662656000,8523,25.30968,42.05766,1003.28998,56047,True,,
20260501-164852,-OrZwuSrM1UFeGgk9Qrt,2026-05-01 19:11:06+00:00,1777662666000,8533,25.30937,42.09279,1003.28998,55934,True,,
20260501-164852,-OrZwwuELZdiFKsLCA7l,2026-05-01 19:11:16+00:00,1777662676000,8543,25.31063,42.01675,1003.28998,55897,True,,
20260501-164852,-OrZwzLgMVWa1wxUzMKd,2026-05-01 19:11:26+00:00,1777662686000,8553,25.31095,41.94649,1003.28998,56159,True,,
20260501-164852,-OrZx0mky27xSZ99blvh,2026-05-01 19:11:36+00:00,1777662696000,8563,25.31159,41.97584,1003.28003,56009,True,,
20260501-164852,-OrZx3DnOCbC4FNqeity,2026-05-01 19:11:46+00:00,1777662706000,8573,25.31222,42.02864,1003.27002,55897,True,,
20260501-164852,-OrZx5fDS_PETXQdvfde,2026-05-01 19:11:56+00:00,1777662716000,8583,25.31317,41.99945,1003.28003,55822,True,,
20260501-164852,-OrZx86SaswMtTdFAJoB,2026-05-01 19:12:06+00:00,1777662726000,8593,25.31349,41.99364,1003.28003,55934,True,,
20260501-164852,-OrZxERz3-5Pe2UsYKXU,2026-05-01 19:12:16+00:00,1777662736000,8603,25.31349,41.97606,1003.27002,55822,True,,
20260501-164852,-OrZxHDhleAz1jlZ7T4F,2026-05-01 19:12:42+00:00,1777662762000,8629,25.31095,42.19265,1003.27002,48346,True,,
20260501-164852,-OrZxJQRcoEm9bvDMQAy,2026-05-01 19:12:52+00:00,1777662772000,8639,25.31063,42.12811,1003.28003,50291,True,,
20260501-164852,-OrZxLroMI0DAbIGweD2,2026-05-01 19:13:02+00:00,1777662782000,8649,25.31095,42.11055,1003.27002,51784,True,,
20260501-164852,-OrZxOIyUlAtG6ywW_ND,2026-05-01 19:13:12+00:00,1777662792000,8659,25.31222,42.05795,1003.26001,52796,True,,
20260501-164852,-OrZxQkL3okBqAdu2AjP,2026-05-01 19:13:22+00:00,1777662802000,8669,25.31254,42.06385,1003.26001,53607,True,,
20260501-164852,-OrZxTBVn6M2pbhjMfyN,2026-05-01 19:13:32+00:00,1777662812000,8679,25.31412,42.07574,1003.25,54162,True,,
20260501-164852,-OrZxVcfblo4MMge2Vg6,2026-05-01 19:13:42+00:00,1777662822000,8689,25.31539,42.04658,1003.26001,54443,True,,
20260501-164852,-OrZxY3rlE-KXV9gIJES,2026-05-01 19:13:52+00:00,1777662832000,8699,25.31666,42.02328,1003.26001,54657,True,,
20260501-164852,-OrZx_W7PZQycIR7wYvy,2026-05-01 19:14:02+00:00,1777662842000,8709,25.31793,41.96484,1003.26001,54943,True,,
20260501-164852,-OrZxbxN2vviXh2zGfni,2026-05-01 19:14:12+00:00,1777662852000,8719,25.31888,41.95909,1003.26001,54980,True,,
20260501-164852,-OrZxeOahR52ZW-GTI38,2026-05-01 19:14:22+00:00,1777662862000,8729,25.32046,41.93584,1003.26001,55600,True,,
20260501-164852,-OrZxgq-h0EeILe1Q4eP,2026-05-01 19:14:32+00:00,1777662872000,8739,25.32078,41.91246,1003.26001,55343,True,,
20260501-164852,-OrZxjHBZtW7r0_iCq_Y,2026-05-01 19:14:42+00:00,1777662882000,8749,25.32109,41.90664,1003.25,55711,True,,
20260501-164852,-OrZxliPJk2ZvI54CxnQ,2026-05-01 19:14:52+00:00,1777662892000,8759,25.32268,41.9478,1003.26001,55897,True,,
20260501-164852,-OrZxo9lScYwV8DGYUw2,2026-05-01 19:15:02+00:00,1777662902000,8769,25.32331,41.98302,1003.25,55748,True,,
20260501-164852,-OrZxqbnWJDcLOmIOtVK,2026-05-01 19:15:12+00:00,1777662912000,8779,25.323,42.02986,1003.25,55748,True,,
20260501-164852,-OrZxtJK8Q_YQd_Gbwk-,2026-05-01 19:15:22+00:00,1777662922000,8789,25.32363,41.96548,1003.25,55563,True,,
20260501-164852,-OrZxvV7cMX9WeZ9pGDQ,2026-05-01 19:15:32+00:00,1777662932000,8799,25.32458,41.92459,1003.25,55711,True,,
20260501-164852,-OrZxxvePapW5jlBA9N7,2026-05-01 19:15:42+00:00,1777662942000,8809,25.32553,41.90128,1003.25,55674,True,,
20260501-164852,-OrZy-PlSQkSYyIMPztJ,2026-05-01 19:15:52+00:00,1777662952000,8819,25.32648,41.90723,1003.25,55934,True,,
20260501-164852,-OrZy1o79l8ggMKqcT3U,2026-05-01 19:16:02+00:00,1777662962000,8829,25.3268,41.91313,1003.25,55674,True,,
20260501-164852,-OrZy4FSi5ARI5KEfQx1,2026-05-01 19:16:12+00:00,1777662972000,8839,25.32743,41.89563,1003.25,55748,True,,
20260501-164852,-OrZy6gjMY_518EvvEKt,2026-05-01 19:16:22+00:00,1777662982000,8849,25.32902,41.91923,1003.23999,55897,True,,
20260501-164852,-OrZy98VYT76m5wAx1rJ,2026-05-01 19:16:32+00:00,1777662992000,8859,25.3306,41.94283,1003.23999,55860,True,,
20260501-164852,-OrZyB_5Q9WQza39gm5u,2026-05-01 19:16:42+00:00,1777663002000,8869,25.33124,41.9839,1003.22998,55785,True,,
20260501-164852,-OrZyE0QCGAS_uBSH7we,2026-05-01 19:16:52+00:00,1777663012000,8879,25.33187,41.95469,1003.23999,55860,True,,
20260501-164852,-OrZyGSzqUymLly4G1Ts,2026-05-01 19:17:02+00:00,1777663022000,8889,25.33251,41.8962,1003.22998,56009,True,,
20260501-164852,-OrZyIvk7c1Kd6CevU47,2026-05-01 19:17:12+00:00,1777663032000,8899,25.33282,41.90209,1003.21997,56310,True,,
20260501-164852,-OrZyLL5Xnw1e555_6S2,2026-05-01 19:17:22+00:00,1777663042000,8909,25.33314,41.93141,1003.21997,56386,True,,
20260501-164852,-OrZyNmOcnHrl6xECH2m,2026-05-01 19:17:32+00:00,1777663052000,8919,25.33314,41.90799,1003.21997,55934,True,,
20260501-164852,-OrZyQDjVcTq4NH4Ly7Z,2026-05-01 19:17:42+00:00,1777663062000,8929,25.33346,41.86703,1003.21002,56009,True,,
20260501-164852,-OrZyShHb7HH33LDpHqF,2026-05-01 19:17:52+00:00,1777663072000,8939,25.33409,41.88467,1003.21002,56047,True,,
20260501-164852,-OrZyV6GVFkw4Vrh0UJC,2026-05-01 19:18:02+00:00,1777663082000,8949,25.33472,41.9023,1003.20001,56084,True,,
20260501-164852,-OrZyXYZd-E62b0sswm8,2026-05-01 19:18:12+00:00,1777663092000,8959,25.33567,41.87314,1003.21002,56047,True,,
20260501-164852,-OrZyZz_vREuwrlxE1GE,2026-05-01 19:18:22+00:00,1777663102000,8969,25.33599,41.85561,1003.20001,56084,True,,
20260501-164852,-OrZykVKqEfD0l75n0qy,2026-05-01 19:18:32+00:00,1777663112000,8979,25.33663,41.83227,1003.20001,56047,True,,
20260501-164852,-OrZykcHP85LLOpC0PJz,2026-05-01 19:19:10+00:00,1777663150000,9016,25.33314,41.98412,1003.20001,45364,True,,
20260501-164852,-OrZyn3UU5o0po5_s994,2026-05-01 19:19:20+00:00,1777663160000,9026,25.33219,41.91373,1003.20001,47523,True,,
20260501-164852,-OrZypVj2XNk97JqXV_w,2026-05-01 19:19:30+00:00,1777663170000,9036,25.33124,41.88435,1003.20001,49695,True,,
20260501-164852,-OrZyrz_Ptc7zhcwohJ3,2026-05-01 19:19:40+00:00,1777663180000,9046,25.33029,41.91937,1003.21002,51120,True,,
20260501-164852,-OrZyuQs1bZU0WM35tDt,2026-05-01 19:19:50+00:00,1777663190000,9056,25.33187,41.9137,1003.20001,52236,True,,
20260501-164852,-OrZywpxF-z7NlMAhTEK,2026-05-01 19:20:00+00:00,1777663200000,9066,25.33251,41.89035,1003.21002,52929,True,,
20260501-164852,-OrZyzGi7yNItmFZhpSG,2026-05-01 19:20:10+00:00,1777663210000,9076,25.33251,41.89035,1003.21002,53539,True,,
20260501-164852,-OrZz0i9zwkqyYLZmp2X,2026-05-01 19:20:20+00:00,1777663220000,9086,25.33377,41.87292,1003.21002,53745,True,,
20260501-164852,-OrZz39AyShilSY_OrUg,2026-05-01 19:20:30+00:00,1777663230000,9096,25.33472,41.83791,1003.21002,54127,True,,
20260501-164852,-OrZz5aTUIRCpqoivRcq,2026-05-01 19:20:40+00:00,1777663240000,9106,25.33631,41.87321,1003.21002,54692,True,,
20260501-164852,-OrZz81iNB4RQrlXi4A8,2026-05-01 19:20:50+00:00,1777663250000,9116,25.33599,41.89659,1003.21002,54800,True,,
20260501-164852,-OrZzATttdV27RWwzkQ7,2026-05-01 19:21:00+00:00,1777663260000,9126,25.33663,41.89666,1003.20001,54980,True,,
20260501-164852,-OrZzCvP99CyFxNHMSo5,2026-05-01 19:21:10+00:00,1777663270000,9136,25.33726,41.87917,1003.20001,55343,True,,
20260501-164852,-OrZzFMUXAbVQuK-mKgk,2026-05-01 19:21:20+00:00,1777663280000,9146,25.33789,41.91437,1003.20001,55306,True,,
20260501-164852,-OrZzHnjm0LjcmwoxP6S,2026-05-01 19:21:30+00:00,1777663290000,9156,25.33948,41.93211,1003.20001,55785,True,,
20260501-164852,-OrZzLjzQyL8uxoY-4Gr,2026-05-01 19:21:40+00:00,1777663300000,9166,25.33948,41.9614,1003.20001,55416,True,,
20260501-164852,-OrZzMgSFnJFkfQeD2f3,2026-05-01 19:21:50+00:00,1777663310000,9176,25.34075,41.96154,1003.19,55416,True,,
20260501-164852,-OrZzP7R9O9oPCvBP03_,2026-05-01 19:22:00+00:00,1777663320000,9186,25.34201,41.97926,1003.19,55453,True,,
20260501-164852,-OrZzR_DyRNxpSoJDGoC,2026-05-01 19:22:10+00:00,1777663330000,9196,25.34233,41.98515,1003.20001,55785,True,,
20260501-164852,-OrZzU6e9hUlkCeAp_S4,2026-05-01 19:22:20+00:00,1777663340000,9206,25.34296,41.99694,1003.20001,55453,True,,
20260501-164852,-OrZzWTPakpd7-ybatqG,2026-05-01 19:22:30+00:00,1777663350000,9216,25.34423,41.98536,1003.20001,55748,True,,
20260501-164852,-OrZzYtO9UVvBvDh_arO,2026-05-01 19:22:40+00:00,1777663360000,9226,25.34391,41.97361,1003.20001,55822,True,,
20260501-164852,-OrZzaKk7EyfLHAot9DP,2026-05-01 19:22:50+00:00,1777663370000,9236,25.34328,41.9384,1003.20001,55711,True,,
20260501-164852,-OrZzclmmUoRhbeRzj3G,2026-05-01 19:23:00+00:00,1777663380000,9246,25.34391,41.91505,1003.20001,55600,True,,
20260501-164852,-OrZzfD7EAJYd43DWwYg,2026-05-01 19:23:10+00:00,1777663390000,9256,25.3436,41.9033,1003.20001,56047,True,,
20260501-164852,-OrZzhePZDwSh0m3YZcW,2026-05-01 19:23:20+00:00,1777663400000,9266,25.34455,41.89754,1003.20001,56009,True,,
20260501-164852,-OrZzk5cqCF6aPcvfjrP,2026-05-01 19:23:30+00:00,1777663410000,9276,25.34518,41.90933,1003.20001,56047,True,,
20260501-164852,-OrZzmXr0hWosaPZURWw,2026-05-01 19:23:40+00:00,1777663420000,9286,25.34613,41.88601,1003.20001,55972,True,,
20260501-164852,-OrZzozFIselo3qYFEJt,2026-05-01 19:23:50+00:00,1777663430000,9296,25.34518,41.89177,1003.20001,55785,True,,
20260501-164852,-OrZzrQPFzU7bWkJNCbb,2026-05-01 19:24:00+00:00,1777663440000,9306,25.3455,41.92693,1003.19,55897,True,,
20260501-164852,-OrZztri5Z8zwbM5HSPx,2026-05-01 19:24:10+00:00,1777663450000,9316,25.34582,41.93283,1003.19,55822,True,,
20260501-164852,-OrZzwIr2o-MJYDxyK22,2026-05-01 19:24:20+00:00,1777663460000,9326,25.34613,41.92115,1003.19,56047,True,,
20260501-164852,-OrZzyk3Asl4H0weEq8e,2026-05-01 19:24:30+00:00,1777663470000,9336,25.34613,41.93872,1003.19,56159,True,,
20260501-164852,-Or_-0BHHPbBhucXUVtP,2026-05-01 19:24:40+00:00,1777663480000,9346,25.34708,41.96811,1003.20001,55637,True,,
20260501-164852,-Or_-2yjirI8XYcXB8rp,2026-05-01 19:24:50+00:00,1777663490000,9356,25.34772,42.00333,1003.19,55972,True,,
20260501-164852,-Or_-53uMoK-C4_FtPRj,2026-05-01 19:25:00+00:00,1777663500000,9366,25.34804,41.98579,1003.19,55897,True,,
20260501-164852,-Or_-7WEf-m3lx0QF1rT,2026-05-01 19:25:10+00:00,1777663510000,9376,25.34899,41.96247,1003.19,56197,True,,
20260501-164852,-Or_-9xMZ7v2IAE4SmgK,2026-05-01 19:25:20+00:00,1777663520000,9386,25.34994,41.95086,1003.19,56122,True,,
20260501-164852,-Or_-CP0cs_mL9C1MYye,2026-05-01 19:25:30+00:00,1777663530000,9396,25.35025,41.93918,1003.19,55822,True,,
20260501-164852,-Or_-EpoJCAc80T3mKBP,2026-05-01 19:25:40+00:00,1777663540000,9406,25.35121,41.95686,1003.19,55897,True,,
20260501-164852,-Or_-HH10sCvAuT8u7Tf,2026-05-01 19:25:50+00:00,1777663550000,9416,25.35152,41.93932,1003.17999,56197,True,,
20260501-164852,-Or_-JiCzs-llepZHMDh,2026-05-01 19:26:00+00:00,1777663560000,9426,25.35184,41.9335,1003.19,55934,True,,
20260501-164852,-Or_-M9ex89qHgBl_nyY,2026-05-01 19:26:10+00:00,1777663570000,9436,25.35279,41.90433,1003.19,56159,True,,
20260501-164852,-Or_-ObkPetKoC39AqMF,2026-05-01 19:26:20+00:00,1777663580000,9446,25.35311,41.86338,1003.19,56122,True,,
20260501-164852,-Or_-R2wlDGaFrxNhv30,2026-05-01 19:26:30+00:00,1777663590000,9456,25.35279,41.86334,1003.19,56159,True,,
20260501-164852,-Or_-TUYsmb92OY8LPqJ,2026-05-01 19:26:40+00:00,1777663600000,9466,25.35311,41.84582,1003.17999,56235,True,,
20260501-164852,-Or_-VvaVor-3pdSXXTG,2026-05-01 19:26:50+00:00,1777663610000,9476,25.35469,41.83429,1003.19,55972,True,,
20260501-164852,-Or_-YN--wHjI7SXR7e5,2026-05-01 19:27:00+00:00,1777663620000,9486,25.35469,41.8577,1003.19,56159,True,,
20260501-164852,-Or_-_o65v4NFF0RRBqd,2026-05-01 19:27:10+00:00,1777663630000,9496,25.35628,41.86374,1003.19,56386,True,,
20260501-164852,-Or_-cFW-rVbFMXqvO7b,2026-05-01 19:27:20+00:00,1777663640000,9506,25.35564,41.85781,1003.17999,56122,True,,
20260501-164852,-Or_-egf90NXykq9_RxL,2026-05-01 19:27:30+00:00,1777663650000,9516,25.35691,41.87551,1003.17999,56009,True,,
20260501-164852,-Or_-h8Oo6lQ9cNz0gzZ,2026-05-01 19:27:40+00:00,1777663660000,9526,25.35754,41.89315,1003.16998,56235,True,,
20260501-164852,-Or_-j_G8EQdoCxXqRlX,2026-05-01 19:27:50+00:00,1777663670000,9536,25.35818,41.87566,1003.16998,55934,True,,
20260501-164852,-Or_-p0wc8S8-NH105bj,2026-05-01 19:28:00+00:00,1777663680000,9546,25.35818,41.87566,1003.16998,55897,True,,
20260501-164852,-Or_-p8NUX9ArjkzZfqV,2026-05-01 19:28:13+00:00,1777663693000,9559,25.35691,41.92821,1003.17999,54514,True,,
20260501-164852,-Or_-r_cOU0viMlfOYcC,2026-05-01 19:28:23+00:00,1777663703000,9569,25.35723,41.90482,1003.17999,54943,True,,
20260501-164852,-Or_-u0lozq-C42cwVGI,2026-05-01 19:28:33+00:00,1777663713000,9579,25.35849,41.88155,1003.16998,55088,True,,
20260501-164852,-Or_-wSut0_vz8HURMZx,2026-05-01 19:28:43+00:00,1777663723000,9589,25.35881,41.87573,1003.17999,55453,True,,
20260501-164852,-Or_-yv0tJp-v8USUNa3,2026-05-01 19:28:53+00:00,1777663733000,9599,25.35881,41.87573,1003.16998,55711,True,,
20260501-164852,-Or_00MCwFSbZyYyOAKW,2026-05-01 19:29:03+00:00,1777663743000,9609,25.35881,41.87573,1003.17999,55748,True,,
20260501-164852,-Or_02myqzUEYA6aSLmv,2026-05-01 19:29:13+00:00,1777663753000,9619,25.35849,41.86398,1003.17999,56009,True,,
20260501-164852,-Or_05Dy73fIxNsaZSaY,2026-05-01 19:29:23+00:00,1777663763000,9629,25.35881,41.88158,1003.16998,56122,True,,
20260501-164852,-Or_07fDWDYjnWIGC4tB,2026-05-01 19:29:33+00:00,1777663773000,9639,25.36071,41.90522,1003.16998,56122,True,,
20260501-164852,-Or_0A6Veo3Zx2UVoK5B,2026-05-01 19:29:43+00:00,1777663783000,9649,25.36135,41.9287,1003.17999,56122,True,,
20260501-164852,-Or_0D1-IPfK5vTH4Dmt,2026-05-01 19:29:53+00:00,1777663793000,9660,25.3604,41.90518,1003.17999,55972,True,,
20260501-164852,-Or_0F4qWujKqIu1NXuc,2026-05-01 19:30:03+00:00,1777663803000,9670,25.36135,41.87015,1003.17999,55711,True,,
20260501-164852,-Or_0HXENLGad35Q4-rC,2026-05-01 19:30:13+00:00,1777663813000,9680,25.3623,41.87611,1003.17999,55972,True,,
20260501-164852,-Or_0JyOJa62cfXIi7Y8,2026-05-01 19:30:23+00:00,1777663823000,9690,25.36198,41.88194,1003.19,55785,True,,
20260501-164852,-Or_0MPc8q6xR69F9q4J,2026-05-01 19:30:33+00:00,1777663833000,9700,25.36261,41.88201,1003.17999,55860,True,,
20260501-164852,-Or_0OqqcO4wyw-fOcP7,2026-05-01 19:30:43+00:00,1777663843000,9710,25.36325,41.89378,1003.17999,55860,True,,
20260501-164852,-Or_0RI78Kc4bOXRsn_l,2026-05-01 19:30:53+00:00,1777663853000,9720,25.36452,41.88807,1003.19,56424,True,,
20260501-164852,-Or_0UNiOroKoYx3z6Yt,2026-05-01 19:31:03+00:00,1777663863000,9730,25.36547,41.86476,1003.19,55822,True,,
20260501-164852,-Or_0WAeGj1N5FNnJecW,2026-05-01 19:31:13+00:00,1777663873000,9740,25.36642,41.8473,1003.19,55897,True,,
20260501-164852,-Or_0YboWwtSHTsx90n9,2026-05-01 19:31:23+00:00,1777663883000,9750,25.36769,41.84745,1003.20001,55972,True,,
20260501-164852,-Or_0a38SfK_d5Wp1ZZR,2026-05-01 19:31:33+00:00,1777663893000,9760,25.36674,41.87075,1003.19,56273,True,,
20260501-164852,-Or_0cVQqhOrj6fkGSdS,2026-05-01 19:31:43+00:00,1777663903000,9770,25.36705,41.87665,1003.19,56197,True,,
20260501-164852,-Or_0ewZIvjsLEWfFqfC,2026-05-01 19:31:53+00:00,1777663913000,9780,25.36737,41.9001,1003.20001,55711,True,,
20260501-164852,-Or_0hNuxZXoS-RbZgtl,2026-05-01 19:32:03+00:00,1777663923000,9790,25.36737,41.91768,1003.20001,56084,True,,
20260501-164852,-Or_0jp35DZb5mqklNqv,2026-05-01 19:32:13+00:00,1777663933000,9800,25.36864,41.93538,1003.20001,56047,True,,
20260501-164852,-Or_0mGSjUyKPXjQBxXD,2026-05-01 19:32:23+00:00,1777663943000,9810,25.36864,41.92953,1003.20001,55897,True,,
20260501-164852,-Or_0ophNYXg7fSsrc92,2026-05-01 19:32:33+00:00,1777663953000,9820,25.36832,41.92949,1003.21002,56047,True,,
20260501-164852,-Or_0r98kk6D0NF-B4_A,2026-05-01 19:32:43+00:00,1777663963000,9830,25.36895,41.9237,1003.21002,55897,True,,
20260501-164852,-Or_0ta0hXNDlsZ-XncR,2026-05-01 19:32:53+00:00,1777663973000,9840,25.36864,41.93538,1003.21002,56047,True,,
20260501-164852,-Or_0w1EOAgzMY5y9ySI,2026-05-01 19:33:03+00:00,1777663983000,9850,25.36895,41.91785,1003.21002,56348,True,,
20260501-164852,-Or_0yTWaS5hljiWsXdV,2026-05-01 19:33:13+00:00,1777663993000,9860,25.36895,41.91785,1003.21002,56273,True,,
20260501-164852,-Or_1-w5Li64e6oz418F,2026-05-01 19:33:23+00:00,1777664003000,9870,25.36991,41.89453,1003.21002,55934,True,,
20260501-164852,-Or_12M1sIzWH14hWV03,2026-05-01 19:33:33+00:00,1777664013000,9880,25.36927,41.90617,1003.20001,56122,True,,
20260501-164852,-Or_14nPpiQE7FRZfZjK,2026-05-01 19:33:43+00:00,1777664023000,9890,25.37022,41.90628,1003.21002,55897,True,,
20260501-164852,-Or_17EbsQEx482YTkLE,2026-05-01 19:33:53+00:00,1777664033000,9900,25.37086,41.90635,1003.21002,56047,True,,
20260501-164852,-Or_19flaDZVngLCxL83,2026-05-01 19:34:03+00:00,1777664043000,9910,25.37149,41.90056,1003.21002,56235,True,,
20260501-164852,-Or_1CRvnDGq7FN2oqrU,2026-05-01 19:34:13+00:00,1777664053000,9920,25.37212,41.87722,1003.21002,56084,True,,
20260501-164852,-Or_1EZJZrPJU4ByDBkH,2026-05-01 19:34:23+00:00,1777664063000,9930,25.37307,41.88318,1003.21002,56047,True,,
20260501-164852,-Or_1H-XuE0aVTJ7IXN2,2026-05-01 19:34:33+00:00,1777664073000,9940,25.37371,41.86568,1003.21002,56084,True,,
20260501-164852,-Or_1JRy6sDF3AD-lK33,2026-05-01 19:34:43+00:00,1777664083000,9950,25.37561,41.8776,1003.21002,56159,True,,
20260501-164852,-Or_1LswZ3BC00LTz8Lz,2026-05-01 19:34:53+00:00,1777664093000,9960,25.37593,41.8835,1003.21002,56047,True,,
20260501-164852,-Or_1OK6vBcYBZy4k7Kl,2026-05-01 19:35:03+00:00,1777664103000,9970,25.37593,41.86593,1003.21002,55972,True,,
20260501-164852,-Or_1QlhJX6c2KpwfP6R,2026-05-01 19:35:13+00:00,1777664113000,9980,25.37624,41.87768,1003.21002,55822,True,,
20260501-164852,-Or_1TClwuJRzOsjuzzY,2026-05-01 19:35:23+00:00,1777664123000,9990,25.37656,41.87186,1003.21002,56047,True,,
20260501-164852,-Or_1Ve8ShzuKIsctfMj,2026-05-01 19:35:33+00:00,1777664133000,10000,25.37656,41.87186,1003.21002,56122,True,,
20260501-164852,-Or_1Y55Y_UwFOO3pPhI,2026-05-01 19:35:43+00:00,1777664143000,10010,25.37656,41.88942,1003.20001,56122,True,,
20260501-164852,-Or_1_XRs9DQ-sPSeU1-,2026-05-01 19:35:53+00:00,1777664153000,10020,25.37719,41.89534,1003.20001,56386,True,,
20260501-164852,-Or_1byfcA0Gu3iWlChe,2026-05-01 19:36:03+00:00,1777664163000,10030,25.37688,41.87775,1003.20001,56122,True,,
20260501-164852,-Or_1fICNMEL7ep8pRWX,2026-05-01 19:36:13+00:00,1777664173000,10040,25.37719,41.88949,1003.20001,55822,True,,
20260501-164852,-Or_1gy3_rDMUlkVgSB_,2026-05-01 19:36:23+00:00,1777664183000,10050,25.37751,41.8544,1003.20001,55972,True,,
20260501-164852,-Or_1jO_xwzDEZXoA2h8,2026-05-01 19:36:33+00:00,1777664193000,10060,25.37846,41.82524,1003.20001,56197,True,,
20260501-164852,-Or_1lpa7fyKF3rC6JpO,2026-05-01 19:36:43+00:00,1777664203000,10070,25.37846,41.81939,1003.20001,55822,True,,
20260501-164852,-Or_1oGt8olIzBH7avq4,2026-05-01 19:36:53+00:00,1777664213000,10080,25.38005,41.83712,1003.20001,55934,True,,
20260501-164852,-Or_1qiGOgyPb6y94_NT,2026-05-01 19:37:03+00:00,1777664223000,10090,25.38036,41.88399,1003.20001,56009,True,,
20260501-164852,-Or_1tr_fYO_TWFkTGqV,2026-05-01 19:37:13+00:00,1777664233000,10100,25.381,41.8782,1003.20001,55972,True,,
20260501-164852,-Or_1vbNEnIrglAjswGP,2026-05-01 19:37:23+00:00,1777664243000,10110,25.381,41.88406,1003.19,56122,True,,
20260501-164852,-Or_1y1pEsjNjoEgfPEo,2026-05-01 19:37:33+00:00,1777664253000,10120,25.38131,41.88409,1003.19,56009,True,,
20260501-164852,-Or_2-U2t9mVwu7K1cLf,2026-05-01 19:37:43+00:00,1777664263000,10130,25.381,41.8782,1003.19,56159,True,,
20260501-164852,-Or_21vStGRUW2cCkVR8,2026-05-01 19:37:53+00:00,1777664273000,10140,25.381,41.8665,1003.17999,56047,True,,
20260501-164852,-Or_24MkMeAV0eVZvJWe,2026-05-01 19:38:03+00:00,1777664283000,10150,25.38131,41.86068,1003.17999,56159,True,,
20260501-164852,-Or_26nnT9Hgo_LTyEPo,2026-05-01 19:38:13+00:00,1777664293000,10160,25.38036,41.86643,1003.17999,56273,True,,
20260501-164852,-Or_29FUqO3dpO-GAZML,2026-05-01 19:38:23+00:00,1777664303000,10170,25.38068,41.85476,1003.17999,56310,True,,
20260501-164852,-Or_2BgRjv1T53rhNwJx,2026-05-01 19:38:33+00:00,1777664313000,10180,25.38068,41.8489,1003.17999,55972,True,,
20260501-164852,-Or_2E7cNG78HmCTJvYz,2026-05-01 19:38:43+00:00,1777664323000,10190,25.38068,41.84305,1003.16998,56047,True,,
20260501-164852,-Or_2GZwSpJb33DFXa_k,2026-05-01 19:38:53+00:00,1777664333000,10200,25.381,41.83137,1003.16998,56310,True,,
20260501-164852,-Or_2J02hbKrVGApLzq9,2026-05-01 19:39:03+00:00,1777664343000,10210,25.38163,41.8373,1003.17999,56348,True,,
20260501-164852,-Or_2LSPOAs4z9-w8SMK,2026-05-01 19:39:13+00:00,1777664353000,10220,25.38131,41.81971,1003.16998,56273,True,,
20260501-164852,-Or_2Ntfb8eWyWNvGyS_,2026-05-01 19:39:23+00:00,1777664363000,10230,25.38227,41.79641,1003.16998,56348,True,,
20260501-164852,-Or_2QKoZv4lkGqJmBxn,2026-05-01 19:39:33+00:00,1777664373000,10240,25.38258,41.8023,1003.16998,56159,True,,
20260501-164852,-Or_2Sm3zqmfCRKUEqHW,2026-05-01 19:39:43+00:00,1777664383000,10250,25.3829,41.80233,1003.16998,56273,True,,
20260501-164852,-Or_2VDP2agy04exR7OD,2026-05-01 19:39:53+00:00,1777664393000,10260,25.38322,41.79651,1003.15997,56235,True,,
20260501-164852,-Or_2XeiqYfWiuy3HfNM,2026-05-01 19:40:03+00:00,1777664403000,10270,25.38385,41.79658,1003.15997,56047,True,,
20260501-164852,-Or_2_6GDMSGRGKUcLgd,2026-05-01 19:40:13+00:00,1777664413000,10280,25.38353,41.79654,1003.15002,56122,True,,
20260501-164852,-Or_2dUy4NS7sPWG3Z8Q,2026-05-01 19:40:23+00:00,1777664423000,10290,25.38385,41.80828,1003.14001,56159,True,,
20260501-164852,-Or_2ec8nHATzxBpqb_F,2026-05-01 19:40:36+00:00,1777664436000,10303,25.38258,41.85497,1003.15002,54585,True,,
20260501-164852,-Or_2h4QkTN0dUp_UR_3,2026-05-01 19:40:46+00:00,1777664446000,10313,25.38227,41.82566,1003.15002,55233,True,,
20260501-164852,-Or_2jVkNmsOBMUyuHur,2026-05-01 19:40:56+00:00,1777664456000,10323,25.38227,41.81981,1003.14001,55233,True,,
20260501-164852,-Or_2lwqYuth17HJNxod,2026-05-01 19:41:06+00:00,1777664466000,10333,25.3829,41.81989,1003.14001,55934,True,,
20260501-164852,-Or_2oO1_arZGh3oKhtp,2026-05-01 19:41:16+00:00,1777664476000,10343,25.3829,41.81403,1003.14001,55563,True,,
20260501-164852,-Or_2qpF7oPHL4K94ECb,2026-05-01 19:41:26+00:00,1777664486000,10353,25.38385,41.81414,1003.14001,55822,True,,
20260501-164852,-Or_2tGLLp-bD_Jgaiiw,2026-05-01 19:41:36+00:00,1777664496000,10363,25.38449,41.79665,1003.15002,55897,True,,
20260501-164852,-Or_2vhhz9O-COy3VRUq,2026-05-01 19:41:46+00:00,1777664506000,10373,25.38417,41.77906,1003.14001,56235,True,,
20260501-164852,-Or_2y979XzhRUOlPhxE,2026-05-01 19:41:56+00:00,1777664516000,10383,25.38512,41.80257,1003.14001,56122,True,,
20260501-164852,-Or_3-aOxmRvGx1jFCOC,2026-05-01 19:42:06+00:00,1777664526000,10393,25.38575,41.8085,1003.14001,55934,True,,
20260501-164852,-Or_321WSXQHzsD5hX6Q,2026-05-01 19:42:16+00:00,1777664536000,10403,25.38575,41.78509,1003.13,55972,True,,
20260501-164852,-Or_34TkAfDkzuMv_Cc-,2026-05-01 19:42:26+00:00,1777664546000,10413,25.38607,41.79097,1003.12,56009,True,,
20260501-164852,-Or_36uzA92FfnwLqw2L,2026-05-01 19:42:36+00:00,1777664556000,10423,25.38607,41.77927,1003.12,56159,True,,
20260501-164852,-Or_39MFnKnfVBfBVi6V,2026-05-01 19:42:46+00:00,1777664566000,10433,25.38607,41.79097,1003.13,55860,True,,
20260501-164852,-Or_3BnSfrSwO8GIjlqc,2026-05-01 19:42:56+00:00,1777664576000,10443,25.38734,41.79111,1003.13,56009,True,,
20260501-164852,-Or_3EElrxjxzVH3CA_t,2026-05-01 19:43:06+00:00,1777664586000,10453,25.38765,41.797,1003.13,56159,True,,
20260501-164852,-Or_3Gg0pRGEKH0dFh0q,2026-05-01 19:43:16+00:00,1777664596000,10463,25.38829,41.80293,1003.13,56047,True,,
20260501-164852,-Or_3LFRzH79PXtbApjT,2026-05-01 19:43:26+00:00,1777664606000,10473,25.38765,41.78531,1003.12,56122,True,,
20260501-164852,-Or_3LZ_rnXRV2iXryOD,2026-05-01 19:43:36+00:00,1777664616000,10483,25.38702,41.80278,1003.12,56047,True,,
20260501-164852,-Or_3O-glRoI5OAxMqU0,2026-05-01 19:43:46+00:00,1777664626000,10493,25.38702,41.79693,1003.12,56159,True,,
20260501-164852,-Or_3QS3RacdDePuBjh9,2026-05-01 19:43:56+00:00,1777664636000,10503,25.38639,41.80271,1003.12,56009,True,,
20260501-164852,-Or_3Su60I_q0whlUdVt,2026-05-01 19:44:06+00:00,1777664646000,10513,25.38702,41.80278,1003.10999,56084,True,,
20260501-164852,-Or_3VKSZRSqn_Pv0Gw_,2026-05-01 19:44:16+00:00,1777664656000,10523,25.38765,41.79116,1003.10999,56047,True,,
20260501-164852,-Or_3XlyGQd11chBgVyo,2026-05-01 19:44:26+00:00,1777664666000,10533,25.38861,41.80296,1003.10999,56273,True,,
20260501-164852,-Or_3_CutK6eVCLAI2ZN,2026-05-01 19:44:36+00:00,1777664676000,10543,25.38861,41.80296,1003.10999,56047,True,,
20260501-164852,-Or_3beB3-QalLhrOWyD,2026-05-01 19:44:46+00:00,1777664686000,10553,25.38892,41.81471,1003.10999,56009,True,,
20260501-164852,-Or_3e5TgS3UBsk22zde,2026-05-01 19:44:56+00:00,1777664696000,10563,25.38861,41.82052,1003.10999,56310,True,,
20260501-164852,-Or_3gXoZf9kT9FQg3XK,2026-05-01 19:45:06+00:00,1777664706000,10573,25.38924,41.80889,1003.12,56197,True,,
20260501-164852,-Or_3iz0J4ZcimX3q6Ap,2026-05-01 19:45:16+00:00,1777664716000,10583,25.38987,41.7797,1003.10999,56386,True,,
20260501-164852,-Or_3lQ8xgR4_l7ZLAW-,2026-05-01 19:45:26+00:00,1777664726000,10593,25.39051,41.76807,1003.10999,56159,True,,
20260501-164852,-Or_3nrNUm-EO1GPc4i3,2026-05-01 19:45:36+00:00,1777664736000,10603,25.39082,41.77396,1003.10999,56386,True,,
20260501-164852,-Or_3qIuS5upJ6BCnm4s,2026-05-01 19:45:46+00:00,1777664746000,10613,25.39114,41.77985,1003.10999,56235,True,,
20260501-164852,-Or_3sjzJfRh-OSFCrN2,2026-05-01 19:45:56+00:00,1777664756000,10623,25.39082,41.7681,1003.12,56122,True,,
20260501-164852,-Or_3vBGkvZq9gtyfXRU,2026-05-01 19:46:06+00:00,1777664766000,10633,25.39051,41.77391,1003.12,56500,True,,
20260501-164852,-Or_3xcWeynK2Po8NE5K,2026-05-01 19:46:16+00:00,1777664776000,10643,25.39146,41.76232,1003.10999,56386,True,,
20260501-164852,-Or_4-3isAlMGq_5oRiC,2026-05-01 19:46:26+00:00,1777664786000,10653,25.39177,41.77406,1003.12,56122,True,,
20260501-164852,-Or_42mHN96IJB6bUXAs,2026-05-01 19:46:36+00:00,1777664796000,10663,25.39241,41.77413,1003.12,55934,True,,
20260501-164852,-Or_442BzpUKyznnVPsU,2026-05-01 19:46:46+00:00,1777664806000,10673,25.39209,41.76824,1003.12,55972,True,,
20260501-164852,-Or_46UMix5EComc3Sxj,2026-05-01 19:46:56+00:00,1777664816000,10683,25.39241,41.77413,1003.12,56047,True,,
20260501-164852,-Or_48vbXzWdcW85byMS,2026-05-01 19:47:06+00:00,1777664826000,10693,25.39336,41.75668,1003.12,56538,True,,
20260501-164852,-Or_4BMoMoVxeDwX6viE,2026-05-01 19:47:16+00:00,1777664836000,10703,25.39367,41.74502,1003.12,56122,True,,
20260501-164852,-Or_4Do4YlKhYIpY1U9L,2026-05-01 19:47:26+00:00,1777664846000,10713,25.39367,41.75672,1003.12,55972,True,,
20260501-164852,-Or_4GFNZ9DLw_174ieb,2026-05-01 19:47:36+00:00,1777664856000,10723,25.39367,41.75672,1003.10999,56462,True,,
20260501-164852,-Or_4IgmJahWg9R7cAFZ,2026-05-01 19:47:46+00:00,1777664866000,10733,25.39399,41.74506,1003.10999,56084,True,,
20260501-164852,-Or_4L7p7H4KQgZeC6it,2026-05-01 19:47:56+00:00,1777664876000,10743,25.39367,41.75087,1003.10999,56424,True,,
20260501-164852,-Or_4N_-8o3OyysYJI1W,2026-05-01 19:48:06+00:00,1777664886000,10753,25.39431,41.75094,1003.10999,56197,True,,
20260501-164852,-Or_4Q0JdWAY3daP1v5Y,2026-05-01 19:48:16+00:00,1777664896000,10763,25.39494,41.76271,1003.12,56310,True,,
20260501-164852,-Or_4SSWdWnNDSEQfRyp,2026-05-01 19:48:26+00:00,1777664906000,10773,25.39558,41.78033,1003.12,56159,True,,
20260501-164852,-Or_4UtmD2gyj_ur2a1E,2026-05-01 19:48:36+00:00,1777664916000,10783,25.39558,41.73938,1003.12,56197,True,,
20260501-164852,-Or_4XL15yq3QCE6MBTL,2026-05-01 19:48:46+00:00,1777664926000,10793,25.39589,41.73357,1003.10999,56197,True,,
20260501-164852,-Or_4ZoexHlWFsNy76yL,2026-05-01 19:48:56+00:00,1777664936000,10803,25.39589,41.72771,1003.09998,56235,True,,
20260501-164852,-Or_4bDmUcLwGWBskJAV,2026-05-01 19:49:06+00:00,1777664946000,10813,25.39589,41.72186,1003.09998,56197,True,,
20260501-164852,-Or_4deyUlu5MBTUqrx_,2026-05-01 19:49:16+00:00,1777664956000,10823,25.39621,41.7219,1003.09998,56538,True,,
20260501-164852,-Or_4g8TId2uit6D1n36,2026-05-01 19:49:26+00:00,1777664966000,10833,25.39621,41.73361,1003.09003,56462,True,,
20260501-164852,-Or_4iYL_xt8DT_kq6BO,2026-05-01 19:49:36+00:00,1777664976000,10843,25.39621,41.72776,1003.08002,56462,True,,
20260501-164852,-Or_4wciNtgyzbSQisrN,2026-05-01 19:49:46+00:00,1777664986000,10853,25.39716,41.72787,1003.08002,56310,True,,
20260501-164852,-Or_5-X8mIVjMHKIkBQY,2026-05-01 19:50:44+00:00,1777665044000,10911,25.39209,41.86774,1003.08002,40304,True,,
20260501-164852,-Or_50b2enaEs3e50JJv,2026-05-01 19:50:54+00:00,1777665054000,10921,25.38924,41.77963,1003.07001,43663,True,,
20260501-164852,-Or_5326wZntaOKZUfnT,2026-05-01 19:51:04+00:00,1777665064000,10931,25.38924,41.75623,1003.08002,46522,True,,
20260501-164852,-Or_55UMd6Y8jwSSRBuh,2026-05-01 19:51:14+00:00,1777665074000,10941,25.38987,41.74459,1003.09003,48968,True,,
20260501-164852,-Or_57viZ9ephqqj8cjs,2026-05-01 19:51:24+00:00,1777665084000,10951,25.39082,41.75055,1003.08002,50291,True,,
20260501-164852,-Or_5AN-pOIEMhCB6mrf,2026-05-01 19:51:34+00:00,1777665094000,10961,25.39146,41.75647,1003.07001,51403,True,,
20260501-164852,-Or_5CoMv8EVD8Mevx5l,2026-05-01 19:51:44+00:00,1777665104000,10971,25.39304,41.7508,1003.07001,52204,True,,
20260501-164852,-Or_5FFLOUrxShwoVvLR,2026-05-01 19:51:54+00:00,1777665114000,10981,25.39336,41.76839,1003.07001,52996,True,,
20260501-164852,-Or_5Hgp05lQuqCLKKTz,2026-05-01 19:52:04+00:00,1777665124000,10991,25.39463,41.75682,1003.07001,53368,True,,
20260501-164852,-Or_5K7y8bNh0CSoSPjJ,2026-05-01 19:52:14+00:00,1777665134000,11001,25.39589,41.75697,1003.08002,53779,True,,
20260501-164852,-Or_5M_EocsOrZqqzRpj,2026-05-01 19:52:24+00:00,1777665144000,11011,25.39716,41.74541,1003.07001,54232,True,,
20260501-164852,-Or_5P0OIKYQVWkY9gSy,2026-05-01 19:52:34+00:00,1777665154000,11021,25.39843,41.73385,1003.07001,54267,True,,
20260501-164852,-Or_5RWMLCBsbJK7WhEQ,2026-05-01 19:52:44+00:00,1777665164000,11031,25.3997,41.72814,1003.07001,54943,True,,
20260501-164852,-Or_5TycQ7sW7VGSlKcZ,2026-05-01 19:52:54+00:00,1777665174000,11041,25.40001,41.71648,1003.06,54728,True,,
20260501-164852,-Or_5WLLMxFmi_4ho0gt,2026-05-01 19:53:04+00:00,1777665184000,11051,25.40097,41.75753,1003.04999,55016,True,,
20260501-164852,-Or_5YmUpQwJsa33f0QX,2026-05-01 19:53:14+00:00,1777665194000,11061,25.4016,41.75175,1003.04999,55124,True,,
20260501-164852,-Or_5aDrYqYErQTieuiy,2026-05-01 19:53:24+00:00,1777665204000,11071,25.40318,41.73437,1003.04999,55453,True,,
20260501-164852,-Or_5cf4iFx6al3YMb-E,2026-05-01 19:53:34+00:00,1777665214000,11081,25.4035,41.72272,1003.04999,55233,True,,
20260501-164852,-Or_5f677a7uhi_FsOzH,2026-05-01 19:53:44+00:00,1777665224000,11091,25.40413,41.70523,1003.06,55379,True,,
20260501-164852,-Or_5hYxNYsVqcevaikT,2026-05-01 19:53:54+00:00,1777665234000,11101,25.40477,41.70531,1003.06,55490,True,,
20260501-164852,-Or_5m1ONu_VOZ1T2sz2,2026-05-01 19:54:05+00:00,1777665245000,11111,25.40509,41.71704,1003.06,55416,True,,
20260501-164852,-Or_5mWrjEJUgxMv8kNC,2026-05-01 19:54:15+00:00,1777665255000,11121,25.4054,41.72293,1003.04999,55637,True,,
20260501-164852,-Or_5oxvo6RE_zhpnluS,2026-05-01 19:54:25+00:00,1777665265000,11131,25.40635,41.69964,1003.04999,55674,True,,
20260501-164852,-Or_5rPAS987dkdpBkuN,2026-05-01 19:54:35+00:00,1777665275000,11141,25.40635,41.71133,1003.04999,55563,True,,
20260501-164852,-Or_5trL-bfKWSYVkc02,2026-05-01 19:54:45+00:00,1777665285000,11151,25.4073,41.72314,1003.04999,55526,True,,
20260501-164852,-Or_5wNdXwkxn7Ie2V9G,2026-05-01 19:54:55+00:00,1777665295000,11161,25.4073,41.72899,1003.03998,55637,True,,
20260501-164852,-Or_5yj7pbzGrR-RLu8f,2026-05-01 19:55:05+00:00,1777665305000,11171,25.40667,41.72892,1003.02002,55822,True,,
20260501-164852,-Or_60A8ZXRWR9dFkvMQ,2026-05-01 19:55:15+00:00,1777665315000,11181,25.40825,41.7057,1003.02002,55972,True,,
20260501-164852,-Or_62bwkrIZLMj6Mt9t,2026-05-01 19:55:25+00:00,1777665325000,11191,25.40889,41.68822,1003.01001,55860,True,,
20260501-164852,-Or_652pxD1KRp9nPwxR,2026-05-01 19:55:35+00:00,1777665335000,11201,25.40952,41.70584,1003.01001,55748,True,,
20260501-164852,-Or_67V5a7WSffoaFR98,2026-05-01 19:55:45+00:00,1777665345000,11211,25.41174,41.6827,1003.01001,55934,True,,
20260501-164852,-Or_6A_WDF1buiOT7iD2,2026-05-01 19:55:55+00:00,1777665355000,11221,25.41206,41.65934,1003.01001,55860,True,,
20260501-164852,-Or_6CNUrUiB-gvjT0xQ,2026-05-01 19:56:05+00:00,1777665365000,11231,25.41333,41.64779,1003.01001,55934,True,,
20260501-164852,-Or_6Eom9M3_Gm_e-sA-,2026-05-01 19:56:15+00:00,1777665375000,11241,25.41396,41.64786,1003.01001,55972,True,,
20260501-164852,-Or_6HGE5C6w7JzKRpQc,2026-05-01 19:56:25+00:00,1777665385000,11251,25.41523,41.65384,1003.02002,56009,True,,
20260501-164852,-Or_6JhI5xIGNyvrceCo,2026-05-01 19:56:35+00:00,1777665395000,11261,25.41491,41.65381,1003.01001,56500,True,,
20260501-164852,-Or_6MADGQPeiDRkbQLW,2026-05-01 19:56:45+00:00,1777665405000,11271,25.41459,41.65962,1003.0,55934,True,,
20260501-164852,-Or_6O_rtnRyioS_-CC1,2026-05-01 19:56:55+00:00,1777665415000,11281,25.41459,41.67717,1002.98999,56084,True,,
20260501-164852,-Or_6R1VU73kVRN3htBA,2026-05-01 19:57:05+00:00,1777665425000,11291,25.41491,41.68889,1002.98999,56348,True,,
20260501-164852,-Or_6TTkzFKk97VvfVL-,2026-05-01 19:57:15+00:00,1777665435000,11301,25.41555,41.71236,1002.97998,56009,True,,
20260501-164852,-Or_6VubJFngDblp9j9_,2026-05-01 19:57:25+00:00,1777665445000,11311,25.41555,41.71821,1002.97998,56348,True,,
20260501-164852,-Or_6YM1Y3h2FIw_Tqv6,2026-05-01 19:57:35+00:00,1777665455000,11321,25.41555,41.71236,1002.97998,56009,True,,
20260501-164852,-Or_6_n2dWrdC2iGF7Ex,2026-05-01 19:57:45+00:00,1777665465000,11331,25.4165,41.70662,1002.97998,56084,True,,
20260501-164852,-Or_6cG94K_98xIYqq2D,2026-05-01 19:57:55+00:00,1777665475000,11341,25.41618,41.70073,1002.96997,56047,True,,
20260501-164852,-Or_6egJqa0Y9GPHR6o5,2026-05-01 19:58:05+00:00,1777665485000,11351,25.41681,41.70665,1002.96002,56273,True,,
20260501-164852,-Or_6h8P97W37HB7aBtF,2026-05-01 19:58:15+00:00,1777665495000,11361,25.41713,41.70085,1002.96002,56424,True,,
20260501-164852,-Or_6jZHY5C5Cw8Mw1LD,2026-05-01 19:58:25+00:00,1777665505000,11371,25.41808,41.71265,1002.96002,56047,True,,
20260501-164852,-Or_6m-CjotZ76iyLZKg,2026-05-01 19:58:35+00:00,1777665515000,11381,25.41776,41.70676,1002.96002,56310,True,,
20260501-164852,-Or_6oRhr0bSOY4b6gVY,2026-05-01 19:58:45+00:00,1777665525000,11391,25.4184,41.70098,1002.96002,56235,True,,
20260501-164852,-Or_6qtCmUmtcKyVIkJ2,2026-05-01 19:58:55+00:00,1777665535000,11401,25.41998,41.68946,1002.96002,56235,True,,
20260501-164852,-Or_6ubg2g88EPqJVe9J,2026-05-01 19:59:05+00:00,1777665545000,11411,25.42062,41.67199,1002.96997,56348,True,,
20260501-164852,-Or_6vlZtxbanDEt3wSj,2026-05-01 19:59:15+00:00,1777665555000,11421,25.41808,41.68926,1002.96002,56348,True,,
20260501-164852,-Or_6yCTw0H0hexuAw93,2026-05-01 19:59:25+00:00,1777665565000,11431,25.41808,41.67756,1002.95001,56159,True,,
20260501-164852,-Or_7-dfN6-KHd2eP3Ie,2026-05-01 19:59:35+00:00,1777665575000,11441,25.41935,41.69524,1002.96002,56197,True,,
20260501-164852,-Or_724sgRMbHx2ooMxK,2026-05-01 19:59:45+00:00,1777665585000,11451,25.41935,41.70109,1002.96002,56310,True,,
20260501-164852,-Or_74XNw17S_zvXecTv,2026-05-01 19:59:55+00:00,1777665595000,11461,25.41998,41.707,1002.96002,56159,True,,
20260501-164852,-Or_76y_v-jMHyDqH7eS,2026-05-01 20:00:05+00:00,1777665605000,11471,25.42125,41.70715,1002.95001,56348,True,,
20260501-164852,-Or_79PfhuW7DQWeVa6d,2026-05-01 20:00:15+00:00,1777665615000,11481,25.42252,41.6722,1002.96002,56310,True,,
20260501-164852,-Or_7Br-6b6qY4HfVStS,2026-05-01 20:00:25+00:00,1777665625000,11491,25.42315,41.65472,1002.96002,56197,True,,
20260501-164852,-Or_7EIHrOaGVTCejV8_,2026-05-01 20:00:35+00:00,1777665635000,11501,25.42347,41.66645,1002.96002,56197,True,,
20260501-164852,-Or_7GjSuP1Hr6QGITL0,2026-05-01 20:00:45+00:00,1777665645000,11511,25.42379,41.69573,1002.96002,56159,True,,
20260501-164852,-Or_7JAli9f8JBLDpKF0,2026-05-01 20:00:55+00:00,1777665655000,11521,25.42379,41.67818,1002.96997,56692,True,,
20260501-164852,-Or_7Lc2qegNpyeF3Dhi,2026-05-01 20:01:05+00:00,1777665665000,11531,25.42474,41.6783,1002.97998,56768,True,,
20260501-164852,-Or_7O3G5q5sUHZXkygh,2026-05-01 20:01:15+00:00,1777665675000,11541,25.426,41.66674,1002.97998,56615,True,,
20260501-164852,-Or_7QVN6feAshpkotTk,2026-05-01 20:01:25+00:00,1777665685000,11551,25.42727,41.67273,1002.97998,56615,True,,
20260501-164852,-Or_7SxQFmCKyBxGc04h,2026-05-01 20:01:35+00:00,1777665695000,11561,25.42759,41.66692,1002.96997,56653,True,,
20260501-164852,-Or_7VNtiokxTuSHQecG,2026-05-01 20:01:45+00:00,1777665705000,11571,25.42791,41.6962,1002.96002,56424,True,,
20260501-164852,-Or_7XpU_tEJjzf1BQjT,2026-05-01 20:01:55+00:00,1777665715000,11581,25.42791,41.7079,1002.96002,56159,True,,
20260501-164852,-Or_7_GYvFjJx-dGJBMU,2026-05-01 20:02:05+00:00,1777665725000,11591,25.42791,41.7196,1002.96002,56538,True,,
20260501-164852,-Or_7c-jVrVe3vU4CyE1,2026-05-01 20:02:15+00:00,1777665735000,11601,25.42791,41.7079,1002.96002,56084,True,,
20260501-164852,-Or_7e9lJMesl9m4I6Zl,2026-05-01 20:02:25+00:00,1777665745000,11611,25.42759,41.69616,1002.96002,56310,True,,
20260501-164852,-Or_7gaEqgVfxvEuLPKm,2026-05-01 20:02:35+00:00,1777665755000,11621,25.42791,41.69035,1002.95001,56424,True,,
20260501-164852,-Or_7j1NZTVilXD6h8NT,2026-05-01 20:02:45+00:00,1777665765000,11631,25.42822,41.70208,1002.96997,56084,True,,
20260501-164852,-Or_7lTxe3cjS62AgQ3o,2026-05-01 20:02:55+00:00,1777665775000,11641,25.42854,41.70211,1002.96002,56462,True,,
20260501-164852,-Or_7nvY2j3VNt0Zjl-K,2026-05-01 20:03:05+00:00,1777665785000,11651,25.42854,41.70796,1002.96997,56197,True,,
20260501-164852,-Or_7qMBRGU1QyxhCnuG,2026-05-01 20:03:15+00:00,1777665795000,11661,25.42822,41.71378,1002.96997,56235,True,,
20260501-164852,-Or_7snTlq2-2puuJsbZ,2026-05-01 20:03:25+00:00,1777665805000,11671,25.42917,41.70219,1002.96997,56500,True,,
20260501-164852,-Or_7w6FpxN3WvneHDf6,2026-05-01 20:03:35+00:00,1777665815000,11682,25.42886,41.6846,1002.96997,56047,True,,
20260501-164852,-Or_7xn9uXXLy0MPwj2h,2026-05-01 20:03:45+00:00,1777665825000,11692,25.42759,41.67862,1002.96002,56159,True,,
20260501-164852,-Or_8-DExak_OeXDcyz7,2026-05-01 20:03:55+00:00,1777665835000,11702,25.42791,41.65526,1002.96002,56310,True,,
20260501-164852,-Or_81ey_d4VrHOttLsH,2026-05-01 20:04:05+00:00,1777665845000,11712,25.42791,41.66111,1002.96002,56197,True,,
20260501-164852,-Or_845VR95uDirngjDm,2026-05-01 20:04:15+00:00,1777665855000,11722,25.42791,41.6845,1002.96002,56386,True,,
20260501-164852,-Or_86YZAxHDg06r9iyy,2026-05-01 20:04:25+00:00,1777665865000,11732,25.42822,41.66114,1002.96002,56310,True,,
20260501-164852,-Or_89-bevDeR5TA3o4Q,2026-05-01 20:04:35+00:00,1777665875000,11742,25.42917,41.6554,1002.96997,56273,True,,
20260501-164852,-Or_8BQCOSseDI3HnwzQ,2026-05-01 20:04:45+00:00,1777665885000,11752,25.43012,41.67305,1002.96997,56122,True,,
20260501-164852,-Or_8DrUTBiOzaB83PcY,2026-05-01 20:04:55+00:00,1777665895000,11762,25.43044,41.67308,1002.96002,56273,True,,
20260501-164852,-Or_8GIgKWLoUpb2K0A2,2026-05-01 20:05:05+00:00,1777665905000,11772,25.43107,41.67315,1002.96002,56424,True,,
20260501-164852,-Or_8IsmeJ06FfPW5ub7,2026-05-01 20:05:15+00:00,1777665915000,11782,25.43234,41.6616,1002.95001,56386,True,,
20260501-164852,-Or_8LBAa-DZzaRD29Gk,2026-05-01 20:05:25+00:00,1777665925000,11792,25.43266,41.64994,1002.95001,56273,True,,
20260501-164852,-Or_8NcZ-o2C_9zQTWuT,2026-05-01 20:05:35+00:00,1777665935000,11802,25.43234,41.69669,1002.96002,56424,True,,
20260501-164852,-Or_8Q6-Tn9a9jQ7fQWw,2026-05-01 20:05:45+00:00,1777665945000,11812,25.43139,41.67904,1002.96002,56273,True,,
20260501-164852,-Or_8SVz48o817VNVMOa,2026-05-01 20:05:55+00:00,1777665955000,11822,25.43203,41.66741,1002.96002,56386,True,,
20260501-164852,-Or_8UxCb31Rky6iE2ry,2026-05-01 20:06:05+00:00,1777665965000,11832,25.43203,41.66156,1002.96997,56273,True,,
20260501-164852,-Or_8XOU87NnvsdfyGfs,2026-05-01 20:06:15+00:00,1777665975000,11842,25.43329,41.6734,1002.96997,56577,True,,
20260501-164852,-Or_8ZqTR5g2MRX3YK00,2026-05-01 20:06:25+00:00,1777665985000,11852,25.43393,41.69102,1002.96002,56500,True,,
20260501-164852,-Or_8bLoyUglVUAbDmSR,2026-05-01 20:06:35+00:00,1777665995000,11862,25.43329,41.65585,1002.95001,56500,True,,
20260501-164852,-Or_8diYG3pVs2RvmBzs,2026-05-01 20:06:45+00:00,1777666005000,11872,25.43393,41.64424,1002.96002,56273,True,,
20260501-164852,-Or_8g9Wl96tUzhhJzsd,2026-05-01 20:06:55+00:00,1777666015000,11882,25.43393,41.65593,1002.96002,56159,True,,
20260501-164852,-Or_8ialNbSEzdODCP0q,2026-05-01 20:07:05+00:00,1777666025000,11892,25.4352,41.67947,1002.96997,56424,True,,
20260501-164852,-Or_8l25I3gJHNpzBrPR,2026-05-01 20:07:15+00:00,1777666035000,11902,25.43583,41.67953,1002.96002,56386,True,,
20260501-164852,-Or_8nUBJm_W5njfs9vs,2026-05-01 20:07:25+00:00,1777666045000,11912,25.43646,41.64452,1002.96002,56577,True,,
20260501-164852,-Or_8pvK6eAxMB3Zarkg,2026-05-01 20:07:35+00:00,1777666055000,11922,25.43615,41.65033,1002.96002,56047,True,,
20260501-164852,-Or_8sQGyGv8f8Pp4gzB,2026-05-01 20:07:45+00:00,1777666065000,11932,25.43646,41.65621,1002.95001,56538,True,,
20260501-164852,-Or_8unocLRHTKXQHPTj,2026-05-01 20:07:55+00:00,1777666075000,11942,25.43615,41.66203,1002.96002,56653,True,,
20260501-164852,-Or_8xFHn7oDOC1JWZs7,2026-05-01 20:08:05+00:00,1777666085000,11952,25.43646,41.69714,1002.96002,56197,True,,
20260501-164852,-Or_8zgMCH4KweOD62eX,2026-05-01 20:08:15+00:00,1777666095000,11962,25.43678,41.67964,1002.96002,56653,True,,
20260501-164852,-Or_93CsEZXFXEQ7EfRq,2026-05-01 20:08:25+00:00,1777666105000,11972,25.43678,41.68549,1002.96002,56500,True,,
20260501-164852,-Or_93bUFaQsya803NJg,2026-05-01 20:08:35+00:00,1777666115000,11982,25.4371,41.66213,1002.96002,56462,True,,
20260501-164852,-Or_9606QE88uptkJAvA,2026-05-01 20:08:45+00:00,1777666125000,11992,25.43773,41.66805,1002.96002,56310,True,,
20260501-164852,-Or_98SSA-u-qQ4ky1qb,2026-05-01 20:08:55+00:00,1777666135000,12002,25.43773,41.65636,1002.96002,56538,True,,
20260501-164852,-Or_9AtgB_1jwk5aYJXG,2026-05-01 20:09:05+00:00,1777666145000,12012,25.43868,41.65061,1002.95001,56386,True,,
20260501-164852,-Or_9Nnya4LjTUYsWSVD,2026-05-01 20:09:15+00:00,1777666155000,12022,25.439,41.67989,1002.95001,56084,True,,
20260501-164852,-Or_9Ny0bVFs4gMc6ORo,2026-05-01 20:09:58+00:00,1777666198000,12065,25.43551,41.8843,1002.95001,43618,True,,
20260501-164852,-Or_9QMnppkyhXD2-AcI,2026-05-01 20:10:08+00:00,1777666208000,12075,25.43425,41.78466,1002.95001,47044,True,,
20260501-164852,-Or_9SnnaVjEVEwQkpJB,2026-05-01 20:10:18+00:00,1777666218000,12085,25.43393,41.74366,1002.95001,49227,True,,
20260501-164852,-Or_9VF0K7B4sUTTT8BU,2026-05-01 20:10:28+00:00,1777666228000,12095,25.43361,41.74362,1002.95001,50903,True,,
20260501-164852,-Or_9Xg9cXFLk5WU-bm5,2026-05-01 20:10:38+00:00,1777666238000,12105,25.4352,41.76136,1002.96002,51784,True,,
20260501-164852,-Or_9_7yCT6WZszsRSwg,2026-05-01 20:10:48+00:00,1777666248000,12115,25.43646,41.7615,1002.96997,52696,True,,
20260501-164852,-Or_9bZiRdWvQf8v-q5a,2026-05-01 20:10:58+00:00,1777666258000,12125,25.4371,41.73232,1002.96997,53436,True,,
20260501-164852,-Or_9e0fVbg-sEvW-aMa,2026-05-01 20:11:08+00:00,1777666268000,12135,25.43837,41.72076,1002.96997,53883,True,,
20260501-164852,-Or_9gSIusAPfm6ZLzJ8,2026-05-01 20:11:18+00:00,1777666278000,12145,25.43837,41.70906,1002.96997,54162,True,,
20260501-164852,-Or_9oPLKF9VL0Yps3hr,2026-05-01 20:11:28+00:00,1777666288000,12155,25.43868,41.71494,1002.96997,54443,True,,
20260501-164852,-Or_9oWj-ClW6NEtcq72,2026-05-01 20:11:51+00:00,1777666311000,12178,25.43615,41.80828,1002.96997,48655,True,,
20260501-164852,-Or_9qy4Q50J6qSbpln_,2026-05-01 20:12:01+00:00,1777666321000,12188,25.43615,41.72051,1002.96002,50718,True,,
20260501-164852,-Or_9tPFz_NjgPCHO3Eb,2026-05-01 20:12:11+00:00,1777666331000,12198,25.4371,41.68552,1002.95001,52074,True,,
20260501-164852,-Or_9vqtQ3vEU_fVrI8G,2026-05-01 20:12:21+00:00,1777666341000,12208,25.43773,41.66805,1002.95001,53165,True,,
