session_id,push_id,datetime_utc,unix_ms,elapsed_s,temp_c,humidity_pct,pressure_hpa,gas_ohm,heater_stable,iaq,iaq_accuracy
20260503-032551,-OrfsIimULtKngmggv53,2026-05-03 03:28:19+00:00,1777778899000,123,26.09631,43.8648,10.00965,47631,False,116.15385,0
20260503-032551,-OrfsLcL1yaRZ-W-JFUo,2026-05-03 03:28:31+00:00,1777778911000,135,26.09885,43.8573,10.00966,48571,False,127.3676,0
20260503-032551,-OrfsPj4HN9A4SfsYfwt,2026-05-03 03:28:44+00:00,1777778924000,148,26.15628,43.72296,10.0097,48179,False,143.72446,0
20260503-032551,-OrfsVpDKe54iJ8k8KmU,2026-05-03 03:28:57+00:00,1777778937000,161,26.05321,44.36856,10.00974,38847,False,173.15884,0
20260503-032551,-OrfsWaRwP8zDEXqBFtT,2026-05-03 03:29:16+00:00,1777778956000,180,26.12922,44.0423,10.00976,41666,False,205.26357,0
20260503-032551,-OrfsZYT6D1Uu8jH1ue8,2026-05-03 03:29:28+00:00,1777778968000,192,26.06082,44.14527,10.00993,40150,False,227.45602,0
20260503-032551,-OrfsboJ5h3JD9xQOSjl,2026-05-03 03:29:40+00:00,1777778980000,204,26.06589,43.96841,10.00962,45710,False,251.09975,0
20260503-032551,-OrfseOqCVSqVIb8rv-g,2026-05-03 03:29:52+00:00,1777778992000,216,26.0811,43.91987,10.00989,47631,False,269.30304,0
20260503-032551,-OrfshLoi14o1hzg8KX6,2026-05-03 03:30:04+00:00,1777779004000,228,26.08364,43.94189,10.00971,48797,False,278.5239,0
20260503-032551,-OrfskHozPgy_9l1NBFp,2026-05-03 03:30:16+00:00,1777779016000,240,26.08617,43.96542,10.00983,49783,False,291.66571,0
20260503-032551,-OrfsnB1g1LXWbSqp4Wz,2026-05-03 03:30:28+00:00,1777779028000,252,26.08871,43.99694,10.01006,50111,False,309.97757,0
20260503-032551,-OrfsqRai3dTtscmpx0M,2026-05-03 03:30:40+00:00,1777779040000,264,26.09378,43.98979,10.00986,50810,False,329.93619,0
20260503-032551,-Orfst2ZjJuAj7MrOYzf,2026-05-03 03:30:52+00:00,1777779052000,276,26.09378,43.96285,10.00986,50996,False,352.16052,0
20260503-032551,-Orfsw-NIEBiKGRgfOnL,2026-05-03 03:31:04+00:00,1777779064000,288,26.08871,43.95947,10.00987,51058,False,375.86566,0
20260503-032551,-OrfsyuJkBbIWQRTbdan,2026-05-03 03:31:16+00:00,1777779076000,300,26.10139,43.91673,10.01002,51403,False,399.61716,0
20260503-032551,-Orft0q3__jGHMZywkP0,2026-05-03 03:31:28+00:00,1777779088000,312,26.10392,43.90836,10.01001,51214,True,199.92897,2
20260503-032551,-Orft3lB4-DFr7-XB3oc,2026-05-03 03:31:40+00:00,1777779100000,324,26.10899,43.91103,10.01,51497,True,199.02946,2
20260503-032551,-Orft7iaSeiKJI2qXmO3,2026-05-03 03:31:52+00:00,1777779112000,336,26.10899,43.89457,10.01009,51752,True,197.81271,2
20260503-032551,-Orftr1w1xaE4PbMvRIW,2026-05-03 03:34:56+00:00,1777779296000,520,26.01771,44.39574,10.01026,30418,True,395.62781,2
20260503-032551,-Orfu4ECycr1pdgE2WUw,2026-05-03 03:35:10+00:00,1777779310000,534,26.08092,44.14005,10.0102,33722,True,373.603,2
20260503-032551,-Orfu51BVKOFeh8cnUD9,2026-05-03 03:36:07+00:00,1777779367000,591,26.00687,44.73438,10.01027,28495,True,374.6926,2
20260503-032551,-Orfu7wjdACEdVv1Rp-u,2026-05-03 03:36:19+00:00,1777779379000,603,26.02532,44.38018,10.01053,30708,True,395.82108,2
20260503-032551,-OrfuArF6INLjilDzRib,2026-05-03 03:36:31+00:00,1777779391000,615,26.04814,44.17717,10.0105,39958,True,309.00897,2
20260503-032551,-OrfuDmsA05UVFsIsVIh,2026-05-03 03:36:43+00:00,1777779403000,627,26.06082,44.12176,10.01058,44450,True,255.36234,2
20260503-032551,-OrfuGj5F54RDxBFcwA3,2026-05-03 03:36:55+00:00,1777779415000,639,26.07349,44.0965,10.01062,47150,True,225.88734,2
20260503-032551,-OrfuJeL1dnPsQKQd16B,2026-05-03 03:37:07+00:00,1777779427000,651,26.08617,44.07526,10.01076,48542,True,209.47841,2
20260503-032551,-OrfuMa7G_0fnFy5jnVR,2026-05-03 03:37:19+00:00,1777779439000,663,26.08871,44.0932,10.01064,49872,True,198.09117,2
20260503-032551,-OrfuP8Oj-1n4BCGDKo4,2026-05-03 03:37:30+00:00,1777779450000,674,26.14332,43.93844,10.01077,50261,True,196.05911,2
20260503-032551,-OrfuS3pKmwnJ7GwJmde,2026-05-03 03:37:42+00:00,1777779462000,686,26.0811,44.26797,10.01073,47256,True,215.20087,2
20260503-032551,-OrfuUzqIhxiHCZjTxCm,2026-05-03 03:37:54+00:00,1777779474000,698,26.10139,44.13957,10.01098,49902,True,198.93854,2
20260503-032551,-OrfuXy9-HyW01EQZl4f,2026-05-03 03:38:06+00:00,1777779486000,710,26.10645,44.09011,10.01084,50996,True,188.7494,2
20260503-032551,-OrfuiIZdNmBHip7Gt5E,2026-05-03 03:38:18+00:00,1777779498000,722,26.10645,44.09522,10.0108,52074,True,181.34773,2
20260503-032551,-Orfuj3DVQXaomMim6jx,2026-05-03 03:38:56+00:00,1777779536000,759,26.17061,43.94414,10.01107,52696,True,179.4045,2
20260503-032551,-Orfum-UfoOgDjA92WPJ,2026-05-03 03:39:08+00:00,1777779548000,771,26.07096,44.48267,10.01127,40934,True,256.46149,2
20260503-032551,-Orfup0JMnZonh1Q74oM,2026-05-03 03:39:20+00:00,1777779560000,783,26.09885,44.22605,10.01133,47822,True,219.15666,2
20260503-032551,-Orfurt1b4rB40BLbHMG,2026-05-03 03:39:32+00:00,1777779572000,795,26.10899,44.2053,10.01119,50810,True,193.75795,2
20260503-032551,-Orfuun-dMEGVMRy_gn3,2026-05-03 03:39:44+00:00,1777779584000,807,26.11913,44.16862,10.0113,52106,True,180.51736,2
20260503-032551,-Orfuxj3f1D1hRRpSOgI,2026-05-03 03:39:56+00:00,1777779596000,819,26.12167,44.18792,10.01147,52996,True,173.33157,2
20260503-032551,-Orfv-g3z6lcvjL2fhCI,2026-05-03 03:40:08+00:00,1777779608000,831,26.12927,44.17535,10.01148,53539,True,169.83826,2
20260503-032551,-Orfv2b6Mc62NsBUANNU,2026-05-03 03:40:20+00:00,1777779620000,843,26.1242,44.20081,10.01145,53368,True,168.47754,2
20260503-032551,-Orfv5WxNAyc7MYlE8Wp,2026-05-03 03:40:32+00:00,1777779632000,855,26.13435,44.19665,10.01144,53402,True,167.73376,3
20260503-032551,-Orfv7zaJuvl72T_t8tK,2026-05-03 03:40:42+00:00,1777779642000,866,26.06335,44.66767,10.01164,46886,True,179.21498,3
20260503-032551,-OrfvBaHtGIv4sI4KlX7,2026-05-03 03:40:55+00:00,1777779655000,879,26.16135,44.35014,10.01152,49140,True,183.06812,3
20260503-032551,-OrfvE4bb-fzm7Xy-S7E,2026-05-03 03:41:07+00:00,1777779667000,891,26.10899,44.43874,10.01167,48290,True,204.783,2
20260503-032551,-Orfvz2-5HjDsW-5yp5_,2026-05-03 03:44:21+00:00,1777779861000,1085,26.06842,44.95011,10.01275,31118,True,341.3873,2
20260503-032551,-Orfw0-yOZUoxDnP83Wd,2026-05-03 03:44:31+00:00,1777779871000,1095,26.01517,45.1894,10.01283,32927,True,314.83847,2
20260503-032551,-OrfwS2Phy9vFTqCRTwt,2026-05-03 03:46:25+00:00,1777779985000,1209,26.06842,45.05618,10.01331,29812,True,351.85397,2
20260503-032551,-OrfwUo0HZD84C6oM2A8,2026-05-03 03:46:37+00:00,1777779997000,1221,26.09378,44.82311,10.0132,39544,True,277.34058,2
20260503-032551,-OrfwXj_AM_ZxE_d87FG,2026-05-03 03:46:49+00:00,1777780009000,1233,26.11153,44.76198,10.0133,44309,True,228.66551,2
20260503-032551,-Orfw_CWewbZYw-Li14F,2026-05-03 03:46:59+00:00,1777780019000,1243,26.04307,45.23288,10.0134,40934,True,222.49649,2
20260503-032551,-Orfwc83qOlqt3WDE7G-,2026-05-03 03:47:11+00:00,1777780031000,1255,26.11913,44.80603,10.01328,47122,True,202.30661,2
20260503-032551,-Orfx9r5UuGUDtuM41Kk,2026-05-03 03:49:22+00:00,1777780162000,1386,26.04279,46.12389,10.01356,19845,True,274.47339,2
20260503-032551,-OrfxAdI46ST8h3lcg0d,2026-05-03 03:49:37+00:00,1777780177000,1401,26.03571,46.18308,10.01363,19315,True,320.29791,2
20260503-032551,-OrfxD_ZOHnhR-Ww3GZS,2026-05-03 03:49:49+00:00,1777780189000,1413,26.08617,45.3764,10.01393,34785,True,307.72946,2
20260503-032551,-OrfxGVmOs_y5vr_dloj,2026-05-03 03:50:01+00:00,1777780201000,1425,26.11153,45.16454,10.01387,43527,True,239.07274,2
20260503-032551,-OrfxJPV139EULh1bgtX,2026-05-03 03:50:13+00:00,1777780213000,1437,26.1242,45.12712,10.01372,47362,True,199.63844,2
20260503-032551,-OrfxOSVtCPH_yvjZJIW,2026-05-03 03:50:25+00:00,1777780225000,1449,26.14195,45.10621,10.01393,49489,True,180.61031,2
20260503-032551,-OrfxPKcP_Iq5IW89QqY,2026-05-03 03:50:37+00:00,1777780237000,1461,26.1961,44.95936,10.01367,50322,True,176.88428,2
20260503-032551,-OrfxSG1GO2ZLLk07IEK,2026-05-03 03:50:49+00:00,1777780249000,1473,26.12927,45.31796,10.01371,47686,True,190.86354,2
20260503-032551,-OrfxVBl6xJOEne3Jyw8,2026-05-03 03:51:01+00:00,1777780261000,1485,26.15463,45.13519,10.01382,51308,True,172.3576,2
20260503-032551,-OrfxYAvcVwTgVRibqPf,2026-05-03 03:51:13+00:00,1777780273000,1497,26.16224,45.11061,10.01387,52829,True,161.02142,2
20260503-032551,-Orfxa4XYYiqiqePOYGQ,2026-05-03 03:51:25+00:00,1777780285000,1509,26.17238,45.09118,10.01405,53848,True,154.29291,3
20260503-032551,-OrfxczaxZomRyEGwLu9,2026-05-03 03:51:37+00:00,1777780297000,1521,26.16985,45.0902,10.01387,54479,True,150.13733,3
20260503-032551,-OrfxfbI5ZjGfbwxMTJK,2026-05-03 03:51:48+00:00,1777780308000,1532,26.22475,44.93581,10.01384,54514,True,149.45131,3
20260503-032551,-OrfxnHMpLthEYCHaNPq,2026-05-03 03:52:01+00:00,1777780321000,1545,26.136,45.63422,10.01412,44262,True,165.59621,3
20260503-032551,-OrfxoDTpJvG5H3JBDjt,2026-05-03 03:52:23+00:00,1777780343000,1567,26.12268,45.85926,10.01402,37899,True,189.09911,3
20260503-032551,-Orfxr8w1_eUw2-IpSOm,2026-05-03 03:52:35+00:00,1777780355000,1579,26.13688,45.34655,10.01397,43938,True,219.54311,2
20260503-032551,-Orfxu3mZaPJ_bf8sxF0,2026-05-03 03:52:47+00:00,1777780367000,1591,26.07349,45.72077,10.01422,41014,True,211.75121,2
20260503-032551,-Orfxx14TZpNpPrwlMJ0,2026-05-03 03:52:59+00:00,1777780379000,1603,26.15717,45.13659,10.01404,50231,True,183.70992,2
20260503-032551,-Orfxzw-5l-SHkybapH0,2026-05-03 03:53:11+00:00,1777780391000,1615,26.17238,45.04451,10.01402,53165,True,162.01294,2
20260503-032551,-Orfy1r6B2r2e616x9u6,2026-05-03 03:53:23+00:00,1777780403000,1627,26.18252,45.03854,10.01381,54657,True,150.35901,2
20260503-032551,-Orfy7pcgLc917f_xQ1P,2026-05-03 03:53:35+00:00,1777780415000,1639,26.19013,45.06548,10.01395,55416,True,144.39609,2
20260503-032551,-Orfy8fp8Q4C1depXPxs,2026-05-03 03:53:51+00:00,1777780431000,1655,26.24194,44.92336,10.01392,55600,True,143.40414,2
20260503-032551,-OrfyBbE-FfOlOqp_ftu,2026-05-03 03:54:03+00:00,1777780443000,1667,26.16731,45.33525,10.01408,50021,True,174.15601,3
20260503-032551,-OrfyEXW97aojVSM4Pga,2026-05-03 03:54:15+00:00,1777780455000,1679,26.19267,45.14036,10.01411,54162,True,156.98465,3
20260503-032551,-OrfyHUnJXNF3Y5lZwQw,2026-05-03 03:54:27+00:00,1777780467000,1691,26.19267,45.12289,10.01411,55822,True,145.9545,3
20260503-032551,-OrfyKmXQ7g5O1z1dpUp,2026-05-03 03:54:39+00:00,1777780479000,1703,26.19773,45.11643,10.01412,56424,True,140.12195,3
20260503-032551,-OrfyQpuUSiVuTWfrB3g,2026-05-03 03:54:52+00:00,1777780492000,1716,26.2577,44.93983,10.01435,56538,True,139.10107,3
20260503-032551,-OrfyReWelbd-kvhfD96,2026-05-03 03:55:09+00:00,1777780509000,1733,26.15109,45.83278,10.01421,43663,True,158.76245,3
20260503-032551,-OrfyUa7GvXelRxVQh4u,2026-05-03 03:55:21+00:00,1777780521000,1745,26.16731,45.41737,10.01439,47876,True,190.65984,3
20260503-032551,-OrfyXZSytR0TKyzG5Gp,2026-05-03 03:55:33+00:00,1777780533000,1757,26.19013,45.22554,10.01446,53539,True,163.70154,3
20260503-032551,-Orfy_XN37jOv-9kvjdv,2026-05-03 03:55:45+00:00,1777780545000,1769,26.19773,45.20117,10.01447,55379,True,147.81107,3
20260503-032551,-OrfycPtFDRbbN1BK6eh,2026-05-03 03:55:57+00:00,1777780557000,1781,26.20534,45.13083,10.01456,56961,True,139.11758,3
20260503-032551,-OrfyfM85GVI2rTjIyFj,2026-05-03 03:56:09+00:00,1777780569000,1793,26.21295,45.1054,10.01456,57430,True,134.66943,3
20260503-032551,-OrfyjGPlRfSlG--3tEz,2026-05-03 03:56:22+00:00,1777780582000,1806,26.26278,44.9921,10.01434,57195,True,134.38171,3
20260503-032551,-OrfyldfR0fMWzX_4bre,2026-05-03 03:56:35+00:00,1777780595000,1819,26.15874,45.87276,10.01471,43892,True,155.08575,3
20260503-032551,-OrfypCbrkaND9jrUtGe,2026-05-03 03:56:47+00:00,1777780607000,1831,26.17999,45.44711,10.01473,49636,True,180.71532,3
20260503-032551,-OrfyrVkxYKIsM9tHSpU,2026-05-03 03:56:59+00:00,1777780619000,1843,26.20027,45.23603,10.01474,54621,True,156.63812,3
20260503-032551,-OrfyuRfx8V8Kx4bgwVS,2026-05-03 03:57:11+00:00,1777780631000,1855,26.20281,45.15284,10.01464,56348,True,142.8712,3
20260503-032551,-OrfyxOhdIT-ewr1soWP,2026-05-03 03:57:23+00:00,1777780643000,1867,26.22309,45.06447,10.01499,57352,True,135.67953,3
20260503-032551,-Orfz-KgLyErthEWV-FQ,2026-05-03 03:57:35+00:00,1777780655000,1879,26.27182,44.91157,10.01503,57707,True,134.33853,3
20260503-032551,-Orfz2Cb64L3NVu2pmbg,2026-05-03 03:57:47+00:00,1777780667000,1891,26.20027,45.18746,10.0149,53436,True,156.29913,3
20260503-032551,-Orfz583-txZBfw-9NFs,2026-05-03 03:57:59+00:00,1777780679000,1903,26.22056,45.01974,10.01477,56807,True,141.9671,3
20260503-032551,-Orfz8Vn1JH2hDg8En12,2026-05-03 03:58:11+00:00,1777780691000,1915,26.1952,45.2949,10.01482,53436,True,147.77606,3
20260503-032551,-OrfzB80l0Niq8qtIkZc,2026-05-03 03:58:23+00:00,1777780703000,1927,26.25933,45.08856,10.01491,54836,True,146.70163,3
20260503-032551,-OrfzE2wYQiGHSoclyZO,2026-05-03 03:58:35+00:00,1777780715000,1939,26.19267,45.28107,10.01488,52730,True,162.57526,3
20260503-032551,-OrfzGzT3K66RU_8nUZG,2026-05-03 03:58:47+00:00,1777780727000,1951,26.21295,45.05037,10.01488,56500,True,144.78802,3
20260503-032551,-OrfzKGEs010TAjldUcV,2026-05-03 03:58:59+00:00,1777780739000,1963,26.22563,45.00984,10.01512,57987,True,134.47331,3
20260503-032551,-OrfzMstNNBnWLWE75QT,2026-05-03 03:59:11+00:00,1777780751000,1975,26.22309,45.0102,10.01495,58678,True,129.20187,3
20260503-032551,-OrfzPmI4_aRPewM3O33,2026-05-03 03:59:23+00:00,1777780763000,1987,26.23577,44.98666,10.01503,59301,True,126.16392,3
20260503-032551,-OrfzShduSikuVIKSnXi,2026-05-03 03:59:35+00:00,1777780775000,1999,26.2307,45.02615,10.0149,59427,True,124.72054,3
20260503-032551,-OrfzXAOpFA0nxyAAkSM,2026-05-03 03:59:47+00:00,1777780787000,2011,26.24338,44.9796,10.01526,59766,True,123.64108,3
20260503-032551,-OrfzY4gaI8Ex2W2vjQH,2026-05-03 03:59:57+00:00,1777780797000,2021,26.29226,44.87638,10.01517,59852,True,123.13721,3
20260503-032551,-Orfza0qx9KJ5TepBV1c,2026-05-03 04:00:09+00:00,1777780809000,2033,26.22563,45.1707,10.01528,55972,True,143.96408,3
20260503-032551,-Orfzcwo8XTn7beDWuvV,2026-05-03 04:00:21+00:00,1777780821000,2045,26.23831,45.04265,10.01528,58432,True,133.07072,3
20260503-032551,-OrfzfP_NeRxBIteeX9A,2026-05-03 04:00:31+00:00,1777780831000,2055,26.28215,44.91632,10.01516,58925,True,130.85274,3
20260503-032551,-OrfziOUh6JsW05_w3jj,2026-05-03 04:00:44+00:00,1777780844000,2068,26.19618,45.58458,10.01528,48069,True,145.49091,3
20260503-032551,-OrfzlhE9TZEAjXyGtTG,2026-05-03 04:00:56+00:00,1777780856000,2080,26.20788,45.27868,10.01539,52139,True,167.81052,3
20260503-032551,-OrfzoKnXIxyml1FOBw5,2026-05-03 04:01:08+00:00,1777780868000,2092,26.1952,45.31218,10.0154,52041,True,162.70418,3
20260503-032551,-OrfzrdGjqKk8_WjG95R,2026-05-03 04:01:20+00:00,1777780880000,2104,26.22309,45.08501,10.01548,57078,True,144.16803,3
20260503-032551,-Orfzu2PIn-aYnIx9r3k,2026-05-03 04:01:31+00:00,1777780891000,2115,26.14195,45.62471,10.01555,48997,True,150.90359,3
20260503-032551,-Orfzx-rtioqn-P63aBf,2026-05-03 04:01:43+00:00,1777780903000,2127,26.22816,45.08552,10.01551,56653,True,144.38226,3
20260503-032551,-OrfzzuVKwkKrZ_2dIHQ,2026-05-03 04:01:55+00:00,1777780915000,2139,26.23831,44.99656,10.01572,58350,True,133.26141,3
20260503-032551,-Org-1pjyOhU4e9Mogf2,2026-05-03 04:02:07+00:00,1777780927000,2151,26.23831,44.96801,10.01563,59133,True,127.15675,3
20260503-032551,-Org-4lESiOYyoX8Clxp,2026-05-03 04:02:19+00:00,1777780939000,2163,26.24084,44.94432,10.0158,59809,True,123.86777,3
20260503-032551,-Org-7gxpUz8PW7oVUE1,2026-05-03 04:02:31+00:00,1777780951000,2175,26.24845,44.93091,10.01557,60239,True,121.04842,3
20260503-032551,-Org-AdY_hHxgO_LVYod,2026-05-03 04:02:43+00:00,1777780963000,2187,26.24591,44.95527,10.01569,60457,True,119.92645,3
20260503-032551,-Org-EhgiUgryuvzecYr,2026-05-03 04:02:55+00:00,1777780975000,2199,26.1597,45.5911,10.01566,50141,True,134.44185,3
20260503-032551,-Org-GZ9pCd6ls295Iuv,2026-05-03 04:03:08+00:00,1777780988000,2212,26.1521,45.67068,10.01583,47203,True,153.04443,3
20260503-032551,-Org-JL_diJrjDyCVS3F,2026-05-03 04:03:19+00:00,1777780999000,2223,26.26092,45.23432,10.01585,50687,True,156.56094,3
20260503-032551,-Org-QIMdtP4xLr5nByQ,2026-05-03 04:03:32+00:00,1777781012000,2236,26.18417,45.64317,10.01568,43302,True,171.5311,3
20260503-032551,-Org-R2qf5Y6wJCnvmOS,2026-05-03 04:03:51+00:00,1777781031000,2255,26.17479,45.76796,10.01563,38526,True,191.15353,3
20260503-032551,-Org-TzQeM8qYDHabOSH,2026-05-03 04:04:03+00:00,1777781043000,2267,26.20281,45.22481,10.01571,47069,True,203.63481,2
20260503-032551,-Org-WuqZQg1RaSZzafZ,2026-05-03 04:04:15+00:00,1777781055000,2279,26.22056,45.00337,10.01549,54162,True,163.98216,2
20260503-032551,-Org-Zrck2-APK-JHMBl,2026-05-03 04:04:27+00:00,1777781067000,2291,26.23577,44.94069,10.0157,57078,True,141.83435,2
20260503-032551,-Org-blzacI1NkYWkdlJ,2026-05-03 04:04:39+00:00,1777781079000,2303,26.24084,44.90563,10.01589,58678,True,130.70967,2
20260503-032551,-Org-ehJFNmMhkr-r92L,2026-05-03 04:04:51+00:00,1777781091000,2315,26.24338,44.90072,10.01575,59511,True,125.30403,2
20260503-032551,-Org-hcljN5wVs0TjjJF,2026-05-03 04:05:03+00:00,1777781103000,2327,26.25099,44.87251,10.01566,60023,True,121.90306,3
20260503-032551,-Org-kGoAI_D-CCgHtFL,2026-05-03 04:05:13+00:00,1777781113000,2337,26.17492,45.43773,10.01578,51816,True,132.73199,3
20260503-032551,-Org-nG9X591dHIx6am9,2026-05-03 04:05:25+00:00,1777781125000,2349,26.24338,44.96079,10.01582,58310,True,132.50787,3
20260503-032551,-Org-qWFm-iTF10t1wE0,2026-05-03 04:05:37+00:00,1777781137000,2361,26.25352,44.87977,10.0159,60413,True,123.40426,3
20260503-032551,-Org-t4lEboGQEuZRGhe,2026-05-03 04:05:49+00:00,1777781149000,2373,26.25099,44.85277,10.01529,60588,True,119.36903,3
20260503-032551,-Org0NhgirIriMMXxSQg,2026-05-03 04:07:57+00:00,1777781277000,2501,26.18252,45.24157,10.01606,39958,True,245.23671,2
20260503-032551,-Org0QCNkO2w701tRqnZ,2026-05-03 04:08:09+00:00,1777781289000,2513,26.21295,44.98441,10.01602,49489,True,192.82306,2
20260503-032551,-Org0T7hgvsD412xbSLi,2026-05-03 04:08:21+00:00,1777781301000,2525,26.22056,44.92712,10.01595,53779,True,160.05399,2
20260503-032551,-Org0W5EAEpHMtxnHvCV,2026-05-03 04:08:33+00:00,1777781313000,2537,26.23323,44.96912,10.01615,56122,True,142.89157,2
20260503-032551,-Org0Yj4UNCapkLwPgjo,2026-05-03 04:08:44+00:00,1777781324000,2548,26.1597,45.47046,10.01622,49227,True,148.89777,2
20260503-032551,-Org0bKZm7cXORxsPjrz,2026-05-03 04:08:57+00:00,1777781337000,2561,26.27291,45.05855,10.01631,52531,True,150.04446,2
20260503-032551,-Org1-zJnnlZxJ7gDCTI,2026-05-03 04:10:42+00:00,1777781442000,2666,26.19267,45.28591,10.01615,40934,True,239.53537,2
20260503-032551,-Org130m6OXER54h5tjv,2026-05-03 04:10:54+00:00,1777781454000,2678,26.22056,45.0648,10.01632,50021,True,187.72867,2
20260503-032551,-Org15T5EVFcVzpIH8Qk,2026-05-03 04:11:06+00:00,1777781466000,2690,26.23323,44.99991,10.01634,54057,True,157.03912,2
20260503-032551,-Org18NbXzZunzGg-4e6,2026-05-03 04:11:18+00:00,1777781478000,2702,26.23831,44.99653,10.01635,56500,True,140.52661,2
20260503-032551,-Org1BKy_sITuFMxw2o5,2026-05-03 04:11:30+00:00,1777781490000,2714,26.24591,44.94886,10.01628,57747,True,131.14575,2
20260503-032551,-Org1EEcI2wyaPuTo4fi,2026-05-03 04:11:42+00:00,1777781502000,2726,26.24845,44.95008,10.01625,58967,True,125.05508,2
20260503-032551,-Org1H0o5_b-80PO-CS4,2026-05-03 04:11:54+00:00,1777781514000,2738,26.30933,44.78978,10.0162,59092,True,124.00694,2
20260503-032551,-Org1LU_Khw6IAK1WVOQ,2026-05-03 04:12:07+00:00,1777781527000,2751,26.21206,45.55495,10.01623,47175,True,140.66785,3
20260503-032551,-Org1QJKzHFCZE2ce-Ca,2026-05-03 04:12:18+00:00,1777781538000,2762,26.13435,45.8209,10.01616,40421,True,179.78891,3
20260503-032551,-Org1R45HKhcWkkOJw-j,2026-05-03 04:12:35+00:00,1777781555000,2779,26.25253,45.31365,10.01628,45561,True,181.77299,3
20260503-032551,-Org1U0jI5XKVGFDCFf3,2026-05-03 04:12:47+00:00,1777781567000,2791,26.22056,45.24914,10.01646,49314,True,185.43269,2
20260503-032551,-Org1Wwh__vyB9tfxbWP,2026-05-03 04:12:59+00:00,1777781579000,2803,26.23577,45.08156,10.01647,55343,True,152.27005,2
20260503-032551,-Org1ZXaiFXmUQK4Iqot,2026-05-03 04:13:09+00:00,1777781589000,2813,26.17238,45.5635,10.01647,49842,True,151.84685,2
20260503-032551,-Org1cV3Tl014IDihWqQ,2026-05-03 04:13:22+00:00,1777781602000,2826,26.28052,45.21495,10.0167,52696,True,151.1778,2
20260503-032551,-Org1ehm7JJckkMBxWQ7,2026-05-03 04:13:35+00:00,1777781615000,2839,26.19617,45.75489,10.01651,42947,True,166.49841,2
20260503-032551,-Org1j-HCqFSz74wcLC5,2026-05-03 04:13:48+00:00,1777781628000,2852,26.1791,45.8153,10.01633,38920,True,184.65178,2
20260503-032551,-Org1nrZVQ0fe0tt5t8b,2026-05-03 04:14:05+00:00,1777781645000,2869,26.16674,45.84577,10.01621,36291,True,202.21831,2
20260503-032551,-Org1p3LjnHbedO6UPic,2026-05-03 04:14:17+00:00,1777781657000,2881,26.15762,45.98935,10.01655,32518,True,222.59398,2
20260503-032551,-Org1s1fMJnD8x30xAo4,2026-05-03 04:14:29+00:00,1777781669000,2893,26.12167,46.04467,10.01654,34189,True,241.2841,2
20260503-032551,-Org1uzcsAz7CFfMTu-L,2026-05-03 04:14:41+00:00,1777781681000,2905,26.22563,45.38557,10.01645,49025,True,193.56717,2
20260503-032551,-Org1xsWW2pRcObep5lB,2026-05-03 04:14:53+00:00,1777781693000,2917,26.24845,45.26633,10.01662,54692,True,155.33615,2
20260503-032551,-Org2-qCvGGFaKSbmrw7,2026-05-03 04:15:05+00:00,1777781705000,2929,26.25859,45.49121,10.01654,56692,True,136.96255,2
20260503-032551,-Org237bBJ07s4SY8T78,2026-05-03 04:15:18+00:00,1777781718000,2942,26.31856,45.44502,10.01664,57078,True,134.27133,2
20260503-032551,-Org25TYGrTfudI5j6v8,2026-05-03 04:15:29+00:00,1777781729000,2953,26.19267,49.906,10.01689,42212,True,167.56844,2
20260503-032551,-Org28QPE_yn9IWGBnZ5,2026-05-03 04:15:41+00:00,1777781741000,2965,26.28902,50.5595,10.01696,51624,True,161.38156,2
20260503-032551,-Org2BekyS1qRqJK__zj,2026-05-03 04:15:53+00:00,1777781753000,2977,26.31184,51.27285,10.0168,53848,True,146.84073,3
20260503-032551,-Org2EHo-ly3vR-paaFb,2026-05-03 04:16:05+00:00,1777781765000,2989,26.33466,52.34665,10.01704,54302,True,139.93729,3
20260503-032551,-Org2HCu4rEUYUbT517B,2026-05-03 04:16:17+00:00,1777781777000,3001,26.35241,53.74041,10.01697,53745,True,138.40002,3
20260503-032551,-Org2K7tYYmkiZd0zH3a,2026-05-03 04:16:29+00:00,1777781789000,3013,26.37776,55.24778,10.01708,53064,True,139.4473,3
20260503-032551,-Org2N2Hv8zbAqGhevqC,2026-05-03 04:16:41+00:00,1777781801000,3025,26.39551,57.15916,10.01723,52597,True,141.15683,3
20260503-032551,-Org2QLM29B5zw8INiWC,2026-05-03 04:16:54+00:00,1777781814000,3038,26.46055,57.30032,10.0173,52074,True,141.92337,3
20260503-032551,-Org2TAQxPE2UkVQxZnM,2026-05-03 04:17:06+00:00,1777781826000,3050,26.41326,59.57376,10.01739,46317,True,173.64178,3
20260503-032551,-Org2W54dTWRYE18pk5Y,2026-05-03 04:17:18+00:00,1777781838000,3062,26.44369,60.61019,10.01749,48486,True,163.51167,3
20260503-032551,-Org2Z9lCaf2KF4aw3P1,2026-05-03 04:17:30+00:00,1777781850000,3074,26.44622,61.87455,10.01781,44975,True,171.43433,3
20260503-032551,-Org2asyaTbQWlgiJ2xK,2026-05-03 04:17:41+00:00,1777781861000,3085,26.40312,63.23486,10.01772,39769,True,181.1675,3
20260503-032551,-Org2dte9iDevX_aX3Ms,2026-05-03 04:17:54+00:00,1777781874000,3098,26.50557,62.8952,10.01777,42469,True,183.63403,3
20260503-032551,-Org2gpwjG_Iuk4OhSHF,2026-05-03 04:18:06+00:00,1777781886000,3110,26.4944,64.77184,10.01788,42127,True,199.05164,2
20260503-032551,-Org2jjnZ-veJOe_bt0O,2026-05-03 04:18:18+00:00,1777781898000,3122,26.53243,65.68667,10.01805,44783,True,180.8278,2
20260503-032551,-Org2no7OpjaNqMmJV2O,2026-05-03 04:18:30+00:00,1777781910000,3134,26.55779,66.33759,10.01793,45710,True,171.06833,2
20260503-032551,-Org2pSt3z9IhSZJC9ic,2026-05-03 04:18:41+00:00,1777781921000,3145,26.49187,67.76277,10.01803,38597,True,180.96263,2
20260503-032551,-Org2siliJnvJQYW7xXD,2026-05-03 04:18:53+00:00,1777781933000,3157,26.59075,67.81554,10.01837,43984,True,179.75819,2
20260503-032551,-Org2uniYDtAac1VpVSJ,2026-05-03 04:19:03+00:00,1777781943000,3167,26.65233,67.62168,10.01841,44309,True,177.49039,2
20260503-032551,-Org2xmjpDOKp9obdAfM,2026-05-03 04:19:15+00:00,1777781955000,3179,26.53751,70.20657,10.01861,32443,True,209.03653,2
20260503-032551,-Org3-ihp_ZkReoQ1RSy,2026-05-03 04:19:27+00:00,1777781967000,3191,26.63639,69.89973,10.01835,40894,True,200.0,2
20260503-032551,-Org32dUebCx551GkvM9,2026-05-03 04:19:39+00:00,1777781979000,3203,26.67697,70.05471,10.01856,43035,True,183.06569,2
20260503-032551,-Org35ZwZ_S7PqgoV79t,2026-05-03 04:19:51+00:00,1777781991000,3215,26.70993,71.02164,10.01872,43618,True,174.78293,2
20260503-032551,-Org38ViI60cvRxSIv6Z,2026-05-03 04:20:03+00:00,1777782003000,3227,26.73275,71.10653,10.01873,44262,True,170.53574,2
20260503-032551,-Org3BRLC0CQcYUzPcWA,2026-05-03 04:20:15+00:00,1777782015000,3239,26.75303,71.45244,10.01895,44262,True,167.90652,2
20260503-032551,-Org3EMIUwUrr6oyKmm6,2026-05-03 04:20:27+00:00,1777782027000,3251,26.77839,71.85848,10.01883,44356,True,166.02927,3
20260503-032551,-Org3HHn4Bjx-6CeShBM,2026-05-03 04:20:39+00:00,1777782039000,3263,26.80374,72.60413,10.01883,44592,True,165.29474,3
20260503-032551,-Org3KDdDyDpCSAu4eHC,2026-05-03 04:20:51+00:00,1777782051000,3275,26.8291,72.89101,10.01912,44450,True,164.70404,3
20260503-032551,-Org3N9-gmjyHFCI5tXM,2026-05-03 04:21:03+00:00,1777782063000,3287,26.85446,73.08733,10.01894,44592,True,163.81238,3
20260503-032551,-Org3Q6DNqgWiQYwdJrQ,2026-05-03 04:21:15+00:00,1777782075000,3299,26.87474,73.23518,10.01913,44592,True,163.12439,3
20260503-032551,-Org3T1R1ewYtIwGUxDP,2026-05-03 04:21:27+00:00,1777782087000,3311,26.88996,73.71993,10.01885,44497,True,162.69165,3
20260503-032551,-Org3W7E75Y2EHwW2TlQ,2026-05-03 04:21:39+00:00,1777782099000,3323,26.90771,73.6995,10.01899,44639,True,162.37823,3
20260503-032551,-Org3Ys4ygnIQ5aOVczL,2026-05-03 04:21:51+00:00,1777782111000,3335,26.93053,73.54193,10.01914,44687,True,161.62787,3
20260503-032551,-Org3asMU69tvviZ4S-Z,2026-05-03 04:22:03+00:00,1777782123000,3347,26.95334,74.21796,10.01932,44450,True,161.62262,3
20260503-032551,-Org3dipFO0Ri-RkmKK7,2026-05-03 04:22:15+00:00,1777782135000,3359,26.96095,74.65121,10.01912,44403,True,161.91714,3
20260503-032551,-Org3gejsk9Qd7qMuD_E,2026-05-03 04:22:27+00:00,1777782147000,3371,26.98885,75.11567,10.01908,44497,True,161.22025,3
20260503-032551,-Org3jaUdLRUWV0PYZUW,2026-05-03 04:22:39+00:00,1777782159000,3383,27.01166,75.39034,10.01927,44450,True,161.83035,3
20260503-032551,-Org3mWRuct0thFD6XxO,2026-05-03 04:22:51+00:00,1777782171000,3395,27.03956,75.64793,10.01948,44403,True,162.02972,3
20260503-032551,-Org3pY2W0oyxKCgiJVa,2026-05-03 04:23:03+00:00,1777782183000,3407,27.05731,76.39399,10.01956,44076,True,162.18964,3
20260503-032551,-Org3sGc_pjMZQgkXmUD,2026-05-03 04:23:15+00:00,1777782195000,3419,26.99899,77.89396,10.0195,36481,True,176.84669,3
20260503-032551,-Org3vBsjmi6Dnc9XuMY,2026-05-03 04:23:27+00:00,1777782207000,3431,27.09788,76.57332,10.0197,41958,True,178.60765,3
20260503-032551,-Org3y723brP-7y6tvdQ,2026-05-03 04:23:39+00:00,1777782219000,3443,27.11563,76.38786,10.01965,43618,True,169.62823,3
20260503-032551,-Org402nUj0YTGwX6YMP,2026-05-03 04:23:51+00:00,1777782231000,3455,27.14098,76.92894,10.01984,43572,True,166.11507,3
20260503-032551,-Org42y9BoPjjRYX-IyZ,2026-05-03 04:24:03+00:00,1777782243000,3467,27.16634,77.29466,10.0199,43708,True,164.31718,3
20260503-032551,-Org45tk0T6WsAj4ZIpe,2026-05-03 04:24:15+00:00,1777782255000,3479,27.19423,77.65257,10.01973,43800,True,163.47942,3
20260503-032551,-Org48rKDbbWFj9Xn64m,2026-05-03 04:24:27+00:00,1777782267000,3491,27.20944,77.49788,10.01957,43846,True,162.72235,3
20260503-032551,-Org4CRuA8SYKG_PL4-u,2026-05-03 04:24:40+00:00,1777782280000,3504,27.2618,77.16935,10.01963,44030,True,162.21947,3
20260503-032551,-Org4ExNAGWaGerQZfKO,2026-05-03 04:24:52+00:00,1777782292000,3516,27.22973,78.25905,10.01981,39469,True,191.87036,3
20260503-032551,-Org4Hs3At-5pBwpKyso,2026-05-03 04:25:04+00:00,1777782304000,3528,27.25762,78.17323,10.02004,42085,True,178.46129,3
20260503-032551,-Org4Kmk7VBPeq1_IRXd,2026-05-03 04:25:16+00:00,1777782316000,3540,27.27537,77.79646,10.0199,42816,True,170.60292,3
20260503-032551,-Org4NjTOv5YefsM-QeS,2026-05-03 04:25:28+00:00,1777782328000,3552,27.3058,78.62589,10.01999,43080,True,166.56805,3
20260503-032551,-Org4R6xWmd3dQspf3sj,2026-05-03 04:25:40+00:00,1777782340000,3564,27.34636,79.2553,10.02046,43347,True,164.74472,3
20260503-032551,-Org4TarkHawLH_jr4sj,2026-05-03 04:25:52+00:00,1777782352000,3576,27.37426,79.22556,10.02026,43527,True,163.448,3
20260503-032551,-Org4WVxD-qJ7ubQ5hl4,2026-05-03 04:26:04+00:00,1777782364000,3588,27.39708,79.77222,10.02036,43302,True,163.44968,3
20260503-032551,-Org4ZRRd9p3geGW22q2,2026-05-03 04:26:16+00:00,1777782376000,3600,27.43004,80.17049,10.02045,43257,True,163.64081,3
20260503-032551,-Org4bUNDvAqBtCwTCPm,2026-05-03 04:26:28+00:00,1777782388000,3612,27.45033,79.61949,10.02051,43663,True,161.98705,3
20260503-032551,-Org4eI5KKjBH3CDzOd0,2026-05-03 04:26:40+00:00,1777782400000,3624,27.46554,79.46817,10.02065,43572,True,161.52934,3
20260503-032551,-Org4hEiE256OtpcF6a9,2026-05-03 04:26:52+00:00,1777782412000,3636,27.48329,80.00201,10.02068,43527,True,161.18689,3
20260503-032551,-Org4l75_T-nBDi2qrMd,2026-05-03 04:27:05+00:00,1777782425000,3649,27.55086,79.97157,10.02069,43527,True,161.21884,3
20260503-032551,-Org4nOgV_xEMFxOK-7S,2026-05-03 04:27:17+00:00,1777782437000,3661,27.50357,80.84214,10.02075,39506,True,190.29453,3
20260503-032551,-Org4qJiY-znN4ZKl_It,2026-05-03 04:27:29+00:00,1777782449000,3673,27.55175,81.04571,10.02081,41958,True,176.37447,3
20260503-032551,-Org4tIr-a9dSFfI0994,2026-05-03 04:27:41+00:00,1777782461000,3685,27.58218,80.99065,10.02088,42816,True,168.47131,3
20260503-032551,-Org4w88NaW1OaElC8ld,2026-05-03 04:27:53+00:00,1777782473000,3697,27.60246,81.02003,10.02071,43035,True,165.17935,3
20260503-032551,-Org4z3VGwcddRYF4JWL,2026-05-03 04:28:05+00:00,1777782485000,3709,27.61768,80.98446,10.02092,43035,True,163.33279,3
20260503-032551,-Org50iuzhpkLZwqJXXV,2026-05-03 04:28:16+00:00,1777782496000,3720,27.55936,82.19348,10.02081,36544,True,175.32457,3
20260503-032551,-Org53e3pnMshOomC1eb,2026-05-03 04:28:28+00:00,1777782508000,3732,27.65064,81.45886,10.02085,41791,True,175.46597,3
20260503-032551,-Org56ekx1SBIHwIuQmD,2026-05-03 04:28:40+00:00,1777782520000,3744,27.68107,81.58472,10.02118,42816,True,167.79474,3
20260503-032551,-Org59WHSxObw3Zbvy6c,2026-05-03 04:28:52+00:00,1777782532000,3756,27.69882,81.76956,10.02108,42903,True,163.99124,3
20260503-032551,-Org5CRXfFxGygMKbOv6,2026-05-03 04:29:04+00:00,1777782544000,3768,27.71403,81.58931,10.02104,43080,True,162.25006,3
20260503-032551,-Org5FNMYKoc16H1zDve,2026-05-03 04:29:16+00:00,1777782556000,3780,27.72924,81.58498,10.02111,43437,True,160.84424,3
20260503-032551,-Org5IIwHZR316OzDHWE,2026-05-03 04:29:28+00:00,1777782568000,3792,27.75967,82.18106,10.02119,43527,True,159.62137,3
20260503-032551,-Org5LF3gK1ja3rNy9ac,2026-05-03 04:29:40+00:00,1777782580000,3804,27.76728,81.7532,10.02115,43572,True,158.71976,3
20260503-032551,-Org5OAI_Or61yaYbLEK,2026-05-03 04:29:52+00:00,1777782592000,3816,27.78756,81.86662,10.02126,43800,True,158.19818,3
20260503-032551,-Org5R5gtHmIO4U1rG0W,2026-05-03 04:30:04+00:00,1777782604000,3828,27.81038,82.49959,10.02133,43527,True,158.50571,3
20260503-032551,-Org5U1RyM6vEZIQkeqI,2026-05-03 04:30:16+00:00,1777782616000,3840,27.84335,83.12374,10.02138,43572,True,158.474,3
20260503-032551,-Org5Wy86W4aqRUgBzdX,2026-05-03 04:30:28+00:00,1777782628000,3852,27.87124,83.43716,10.02127,43482,True,158.26425,3
20260503-032551,-Org5ZvT6ZSrUWcgd6u5,2026-05-03 04:30:40+00:00,1777782640000,3864,27.89913,83.01306,10.02164,43754,True,157.52209,3
20260503-032551,-Org5cb8LUCUHBQ8G92H,2026-05-03 04:30:52+00:00,1777782652000,3876,27.90674,83.06706,10.02141,43618,True,157.68042,3
20260503-032551,-Org5epTD4YWN6faeD_o,2026-05-03 04:31:04+00:00,1777782664000,3888,27.91181,83.84832,10.02141,40266,True,170.02652,3
20260503-032551,-Org5hl2ikpDHK-gI2NR,2026-05-03 04:31:16+00:00,1777782676000,3900,27.95999,83.51647,10.02167,42641,True,165.70158,3
20260503-032551,-Org5kLkRiNxFbxmbK_J,2026-05-03 04:31:27+00:00,1777782687000,3910,27.89153,84.67554,10.02154,37029,True,174.62807,3
20260503-032551,-Org5nG8LhqTQBDo3mMw,2026-05-03 04:31:39+00:00,1777782699000,3922,27.98788,83.81374,10.02164,41708,True,172.79834,3
20260503-032551,-Org5qBiirK0oD_pS-vW,2026-05-03 04:31:51+00:00,1777782711000,3934,28.01577,84.08649,10.02159,42728,True,164.92714,3
20260503-032551,-Org5t79aFjKTh3fGtHE,2026-05-03 04:32:03+00:00,1777782723000,3946,28.02845,83.81163,10.02142,43168,True,160.80826,3
20260503-032551,-Org5w2wiSkCtaaHNnq_,2026-05-03 04:32:15+00:00,1777782735000,3958,28.0462,83.68104,10.02171,43302,True,158.89388,3
20260503-032551,-Org5yzO-J9qH1waROT1,2026-05-03 04:32:27+00:00,1777782747000,3970,28.06395,84.00562,10.02164,43618,True,157.62918,3
20260503-032551,-Org61JsxSGr2wZUVl6K,2026-05-03 04:32:39+00:00,1777782759000,3982,28.10452,84.5937,10.02183,43347,True,157.72627,3
20260503-032551,-Org63qRa-W6yhTaeiUA,2026-05-03 04:32:51+00:00,1777782771000,3994,28.11973,84.43443,10.02183,43572,True,156.58051,3
20260503-032551,-Org689upBeONsKNggNr,2026-05-03 04:33:04+00:00,1777782784000,4007,28.17209,84.14663,10.02186,43482,True,156.5972,3
20260503-032551,-Org6CIsHwuRSzaNaGSs,2026-05-03 04:33:21+00:00,1777782801000,4025,28.09889,85.80612,10.02164,32671,True,178.60687,3
20260503-032551,-Org6E8UZaNDK4ozLXXK,2026-05-03 04:33:33+00:00,1777782813000,4036,28.08665,85.96693,10.02172,26247,True,210.27782,2
20260503-032551,-Org6H1Ycm7Rji2JZCwm,2026-05-03 04:33:45+00:00,1777782825000,4048,28.15777,85.21013,10.02202,35253,True,224.61977,2
20260503-032551,-Org6K4ywxso5nPHwgus,2026-05-03 04:33:57+00:00,1777782837000,4060,28.17805,84.76662,10.02188,39469,True,192.59013,2
20260503-032551,-Org6OF5u7sswPow8dc2,2026-05-03 04:34:10+00:00,1777782850000,4074,28.24607,84.44607,10.02203,40188,True,186.71948,2
20260503-032551,-Org6PmW9a_HuQ-zJLZ9,2026-05-03 04:34:20+00:00,1777782860000,4084,28.10959,86.15926,10.0222,30286,True,214.75012,2
20260503-032551,-Org6SiYoEqulKE2Kx-T,2026-05-03 04:34:32+00:00,1777782872000,4096,28.21355,85.39454,10.02212,38455,True,197.44482,2
20260503-032551,-Org6VpB_jcQdQw2vmh1,2026-05-03 04:34:45+00:00,1777782885000,4109,28.21102,85.38922,10.02216,37127,True,193.97987,2
20260503-032551,-Org6_rP3EN6F9yU8-nJ,2026-05-03 04:34:58+00:00,1777782898000,4122,28.28112,84.81304,10.02221,38633,True,190.11122,2
20260503-032551,-Org6acS87xd1dzhQftV,2026-05-03 04:35:09+00:00,1777782909000,4133,28.19766,85.99429,10.02238,30352,True,205.2502,2
20260503-032551,-Org6dYqG83zOtvUvs0l,2026-05-03 04:35:21+00:00,1777782921000,4145,28.26173,85.66418,10.02236,36197,True,211.07724,2
20260503-032551,-Org6gUvCJRjHGO7QppI,2026-05-03 04:35:33+00:00,1777782933000,4157,28.26173,85.96311,10.02217,39731,True,185.27264,2
20260503-032551,-Org6jQ1vC9x63rr5kZg,2026-05-03 04:35:45+00:00,1777782945000,4169,28.12734,81.47545,10.02213,41625,True,168.89926,2
20260503-032551,-Org6mLAmwHV3G1v7jWr,2026-05-03 04:35:57+00:00,1777782957000,4181,28.01831,81.16972,10.02176,42641,True,160.65656,2
20260503-032551,-Org6pGfIQenK5mQ1bbx,2026-05-03 04:36:09+00:00,1777782969000,4193,27.89913,80.50621,10.02162,43527,True,154.87244,2
20260503-032551,-Org6sCcKWEYKxrVmsT7,2026-05-03 04:36:21+00:00,1777782981000,4205,27.80278,79.3624,10.02153,44403,True,150.15309,2
20260503-032551,-Org6v835GR6_jlPR09E,2026-05-03 04:36:33+00:00,1777782993000,4217,27.70389,78.74682,10.02135,45071,True,147.439,3
20260503-032551,-Org6y3ce4codzgHTZyh,2026-05-03 04:36:45+00:00,1777783005000,4229,27.61261,77.41188,10.02126,45710,True,143.88042,3
20260503-032551,-Org70reftOQPSzVEBMR,2026-05-03 04:36:57+00:00,1777783017000,4241,27.54668,76.80179,10.02115,46214,True,141.53967,3
20260503-032551,-Org7366gkFwmS9PemQe,2026-05-03 04:37:10+00:00,1777783030000,4254,27.47315,76.44037,10.02098,42859,True,153.09991,3
20260503-032551,-Org7619VRYbHJ21prZV,2026-05-03 04:37:22+00:00,1777783042000,4266,27.46807,75.71904,10.02069,46113,True,147.0977,3
20260503-032551,-Org78xbjwW0A2Z5X75J,2026-05-03 04:37:34+00:00,1777783054000,4278,27.47822,74.89258,10.02096,46471,True,141.74208,3
20260503-032551,-Org7Bt_juHPjKLFkMRZ,2026-05-03 04:37:46+00:00,1777783066000,4290,27.48582,74.60162,10.02067,47097,True,139.38626,3
20260503-032551,-Org7Epl5233MvVR4ynR,2026-05-03 04:37:58+00:00,1777783078000,4302,27.4985,74.96419,10.02082,46626,True,139.95673,3
20260503-032551,-Org7HkDUV8x01lHVzim,2026-05-03 04:38:10+00:00,1777783090000,4314,27.50611,75.14907,10.02084,46834,True,139.89001,3
20260503-032551,-Org7L21dp4aXw-y1gsM,2026-05-03 04:38:23+00:00,1777783103000,4327,27.561,74.79147,10.02087,46782,True,140.02377,3
20260503-032551,-Org7Nr5MjvcAYG9f2tA,2026-05-03 04:38:35+00:00,1777783115000,4339,27.48836,72.37057,10.02061,42903,True,166.89835,3
20260503-032551,-Org7QnnkgFd-f_oV7VJ,2026-05-03 04:38:47+00:00,1777783127000,4351,27.49343,70.85201,10.02034,46368,True,151.80682,3
20260503-032551,-Org7TG0ScO77SSo7tQR,2026-05-03 04:38:57+00:00,1777783137000,4361,27.55259,70.30799,10.02067,46522,True,149.06898,3
20260503-032551,-Org7WBH6mOfvJFvXJLz,2026-05-03 04:39:09+00:00,1777783149000,4373,27.48836,71.3742,10.02066,43846,True,164.34399,3
20260503-032551,-Org7Z6bqmOGHWgv7QkV,2026-05-03 04:39:21+00:00,1777783161000,4385,27.4985,70.7364,10.02068,46419,True,151.47035,3
20260503-032551,-Org7b1pcLSUJb6n3Mxs,2026-05-03 04:39:33+00:00,1777783173000,4397,27.50865,69.17489,10.02079,47016,True,143.7645,3
20260503-032551,-Org7dy9OB6_z1r6tGYc,2026-05-03 04:39:45+00:00,1777783185000,4409,27.4985,68.4389,10.02061,47335,True,141.19489,3
20260503-032551,-Org7gtdRmU_hjKRzBrq,2026-05-03 04:39:57+00:00,1777783197000,4421,27.50357,67.79045,10.02064,48124,True,138.6676,3
20260503-032551,-Org7kBrIZ4IoQnwwYDL,2026-05-03 04:40:09+00:00,1777783209000,4433,27.50104,67.07666,10.02049,48318,True,136.7616,3
20260503-032551,-Org7mlFKl_fuh-iVWmY,2026-05-03 04:40:21+00:00,1777783221000,4445,27.50611,66.27229,10.02063,49198,True,134.38962,3
20260503-032551,-Org7pgUuu3u0JQQEgKH,2026-05-03 04:40:33+00:00,1777783233000,4457,27.49343,65.78123,10.0205,49083,True,134.01917,3
20260503-032551,-Org7scaAJZ7--QbCzQt,2026-05-03 04:40:45+00:00,1777783245000,4469,27.49597,65.51249,10.02041,49606,True,132.92062,3
20260503-032551,-Org7vZ5Hfz6I9-qEaCj,2026-05-03 04:40:57+00:00,1777783257000,4481,27.48836,65.16116,10.0205,49577,True,132.63132,3
20260503-032551,-Org7yTlrm5F0Ro9W2_3,2026-05-03 04:41:09+00:00,1777783269000,4493,27.48582,64.73621,10.02051,49754,True,132.0388,3
20260503-032551,-Org80PWFJyLsCb1e-_X,2026-05-03 04:41:21+00:00,1777783281000,4505,27.48582,64.41814,10.02043,50171,True,130.9845,3
20260503-032551,-Org83L-SCxWHDGV9swU,2026-05-03 04:41:33+00:00,1777783293000,4517,27.47568,64.00099,10.02039,50201,True,130.57986,3
20260503-032551,-Org86GO3Q5H4illOxJ1,2026-05-03 04:41:45+00:00,1777783305000,4529,27.47315,63.66962,10.02036,50626,True,129.60742,3
20260503-032551,-Org89D7mXwYMUvlYQ3G,2026-05-03 04:41:57+00:00,1777783317000,4541,27.47822,63.20045,10.02039,50810,True,128.84778,3
20260503-032551,-Org8C7IVVYAQJRYURaZ,2026-05-03 04:42:09+00:00,1777783329000,4553,27.47061,62.93489,10.02052,51058,True,128.35574,3
20260503-032551,-Org8F4KyMi4NKnjoyEm,2026-05-03 04:42:21+00:00,1777783341000,4565,27.46807,62.62236,10.02039,51214,True,127.41618,3
20260503-032551,-Org8I1PBrQHbnx2o-by,2026-05-03 04:42:33+00:00,1777783353000,4577,27.46554,62.47588,10.02056,51214,True,127.0805,3
20260503-032551,-Org8KvLKWtkMPRiuEOn,2026-05-03 04:42:45+00:00,1777783365000,4589,27.463,62.30321,10.02048,51561,True,126.51591,3
20260503-032551,-Org8NqH4CJjThxmVcTt,2026-05-03 04:42:57+00:00,1777783377000,4601,27.463,62.15515,10.02053,51434,True,126.63472,3
20260503-032551,-Org8QlroA4D4qbf5NHN,2026-05-03 04:43:09+00:00,1777783389000,4613,27.46047,61.91017,10.02051,51656,True,126.02161,3
20260503-032551,-Org8Tr_ijSu184IUEpC,2026-05-03 04:43:21+00:00,1777783401000,4625,27.46047,61.67348,10.02071,52171,True,125.01234,3
20260503-032551,-Org8Wd3yX72WO_GPyFa,2026-05-03 04:43:33+00:00,1777783413000,4637,27.45793,61.58571,10.02075,52204,True,124.33523,3
20260503-032551,-Org8ZV5CbRAwDgs7vXc,2026-05-03 04:43:44+00:00,1777783424000,4648,27.50645,61.37393,10.02071,51977,True,124.52181,3
20260503-032551,-Org8bsz3ZxUapqTz3-x,2026-05-03 04:43:56+00:00,1777783436000,4660,27.41736,61.55552,10.02061,47849,True,149.23074,3
20260503-032551,-Org8eEHfLVnGjbOI5Vv,2026-05-03 04:44:08+00:00,1777783448000,4672,27.48096,61.22212,10.02067,49054,True,146.08958,3
20260503-032551,-Org8gn1SVGrGAkDF4qV,2026-05-03 04:44:18+00:00,1777783458000,4682,27.3753,62.08718,10.02036,38811,True,161.56454,3
20260503-032551,-Org8jh6tbroPoY_RBTF,2026-05-03 04:44:30+00:00,1777783470000,4694,27.38693,61.30018,10.02055,45512,True,171.86156,3
20260503-032551,-Org8mae0Oe8CjvKU2gm,2026-05-03 04:44:42+00:00,1777783482000,4706,27.39961,60.91967,10.02056,49256,True,149.27051,3
20260503-032551,-Org8paNuXSZQGftuagY,2026-05-03 04:44:54+00:00,1777783494000,4718,27.40468,60.72549,10.02075,50934,True,136.07712,3
20260503-032551,-Org8sTFhZAH8quF_spr,2026-05-03 04:45:06+00:00,1777783506000,4730,27.40215,60.6021,10.02049,51656,True,130.39612,3
20260503-032551,-Org8vRfKar3GNsweRFa,2026-05-03 04:45:18+00:00,1777783518000,4742,27.39708,60.51749,10.02069,52106,True,127.00167,3
20260503-032551,-Org8zSCi1OmW0yyIAHd,2026-05-03 04:45:31+00:00,1777783531000,4755,27.45958,60.26059,10.02067,52074,True,126.55428,3
20260503-032551,-Org90fZujqUgeW4Y7ma,2026-05-03 04:45:44+00:00,1777783544000,4768,27.34636,60.81425,10.0209,42991,True,165.42253,3
20260503-032551,-Org93bCFxPu6Bk7dAj1,2026-05-03 04:45:56+00:00,1777783556000,4780,27.37426,60.2107,10.02096,49606,True,148.46933,3
20260503-032551,-Org96_MXXWx1oGNGMyS,2026-05-03 04:46:08+00:00,1777783568000,4792,27.37679,60.07772,10.02093,51340,True,135.08673,3
20260503-032551,-Org99U1NfWc1D6O2VHg,2026-05-03 04:46:20+00:00,1777783580000,4804,27.37679,59.96724,10.02095,52009,True,128.42435,3
20260503-032551,-Org9C_t0akCRi8-1GVp,2026-05-03 04:46:32+00:00,1777783592000,4816,27.37933,59.91905,10.02102,52597,True,125.02639,3
20260503-032551,-Org9FK9dhawCbxhaECp,2026-05-03 04:46:44+00:00,1777783604000,4828,27.37679,59.84176,10.02114,53266,True,121.93887,3
20260503-032551,-Org9Iv3gI3J2vF-dqWu,2026-05-03 04:46:57+00:00,1777783617000,4841,27.43423,59.61177,10.02113,53131,True,121.77836,3
20260503-032551,-Org9LSQxLIiS525JXov,2026-05-03 04:47:09+00:00,1777783629000,4853,27.35144,59.83289,10.02135,48486,True,148.15215,3
20260503-032551,-Org9ONL4INqwEyTwJyS,2026-05-03 04:47:21+00:00,1777783641000,4865,27.35397,59.57313,10.02118,51880,True,134.34282,3
20260503-032551,-Org9RIJHsH4dXuPi5ZX,2026-05-03 04:47:33+00:00,1777783653000,4877,27.36411,59.42419,10.02141,52796,True,126.03726,3
20260503-032551,-Org9U1Mle7CNkfn2ep4,2026-05-03 04:47:44+00:00,1777783664000,4888,27.27537,60.20139,10.02133,45120,True,136.13611,3
20260503-032551,-Org9YEjbBBORYZ8DvWL,2026-05-03 04:47:57+00:00,1777783677000,4901,27.38098,59.63312,10.02116,47631,True,139.92363,3
20260503-032551,-Org9ZkXpXr9YjweM3d8,2026-05-03 04:48:08+00:00,1777783688000,4912,27.23987,60.25733,10.02113,37627,True,173.75708,3
20260503-032551,-Org9bfOXz7YMVIAkKc4,2026-05-03 04:48:20+00:00,1777783700000,4924,27.33622,59.06021,10.02137,48571,True,157.93335,3
20260503-032551,-Org9eaKiuzwfnuo-YF8,2026-05-03 04:48:32+00:00,1777783712000,4936,27.33876,58.65408,10.02136,51977,True,136.52731,3
20260503-032551,-Org9hWoD5YCj8cRBhI9,2026-05-03 04:48:44+00:00,1777783724000,4948,27.3413,58.53989,10.02121,53334,True,126.33686,3
20260503-032551,-Org9kSsy00GCSWI9OnM,2026-05-03 04:48:56+00:00,1777783736000,4960,27.34383,58.24778,10.02125,54373,True,120.27814,3
20260503-032551,-Org9nObv5hMwN6NZ3rL,2026-05-03 04:49:08+00:00,1777783748000,4972,27.3413,57.75708,10.02128,55052,True,65.18134,3
20260503-032551,-Org9qJxkiqV7_Gccaim,2026-05-03 04:49:20+00:00,1777783760000,4984,27.33115,57.35286,10.02099,55379,True,62.97023,3
20260503-032551,-Org9tFwbte8WEBEaWjR,2026-05-03 04:49:32+00:00,1777783772000,4996,27.33115,57.18666,10.02094,55748,True,61.42907,3
20260503-032551,-Org9xRq6a1s_PDCxPLs,2026-05-03 04:49:44+00:00,1777783784000,5008,27.33115,56.81047,10.02104,56084,True,60.62158,3
20260503-032551,-Org9ywbjVFevEdPHjQE,2026-05-03 04:49:55+00:00,1777783795000,5019,27.22719,57.5291,10.02077,47335,True,73.19698,3
20260503-032551,-OrgA0sQ54yvJzF1sTJ9,2026-05-03 04:50:07+00:00,1777783807000,5031,27.30833,56.73639,10.02119,54550,True,73.58153,3
20260503-032551,-OrgA3nbN42dbL2A1_Sb,2026-05-03 04:50:19+00:00,1777783819000,5043,27.30833,56.60428,10.02126,55897,True,65.72603,3
20260503-032551,-OrgA6jO54JtHWi0R4Ob,2026-05-03 04:50:31+00:00,1777783831000,5055,27.29819,56.59661,10.0211,56807,True,61.97153,3
20260503-032551,-OrgA9gnzerG-XslaOBm,2026-05-03 04:50:43+00:00,1777783843000,5067,27.31087,56.67212,10.02144,56845,True,60.14552,3
20260503-032551,-OrgACb2UMdL-PQHhl4D,2026-05-03 04:50:55+00:00,1777783855000,5079,27.29312,56.74652,10.02133,57039,True,59.58089,3
20260503-032551,-OrgAFWXEyt1Vop4p2oY,2026-05-03 04:51:07+00:00,1777783867000,5091,27.30073,56.65097,10.02135,57352,True,59.01022,3
20260503-032551,-OrgAIS7B0d8r83TTvrQ,2026-05-03 04:51:19+00:00,1777783879000,5103,27.30073,56.58939,10.02145,57352,True,58.59874,3
20260503-032551,-OrgALOouPgo_frBoEi-,2026-05-03 04:51:31+00:00,1777783891000,5115,27.30326,56.34229,10.02139,57707,True,57.88287,3
20260503-032551,-OrgAOKM_XmuEQbR0uTJ,2026-05-03 04:51:43+00:00,1777783903000,5127,27.30326,56.07682,10.02135,57987,True,57.27238,3
20260503-032551,-OrgAREm2tf-LZ5olYyb,2026-05-03 04:51:55+00:00,1777783915000,5139,27.29312,56.08846,10.02126,57667,True,57.94506,3
20260503-032551,-OrgAUA8gGiN-jGVtomc,2026-05-03 04:52:07+00:00,1777783927000,5151,27.28551,56.03755,10.02112,58027,True,57.27439,3
20260503-032551,-OrgAX6jos77Gk4gcZqr,2026-05-03 04:52:19+00:00,1777783939000,5163,27.28805,55.98788,10.02109,58229,True,56.82519,3
20260503-032551,-OrgAZYl95RfLS-7GvSG,2026-05-03 04:52:29+00:00,1777783949000,5173,27.33697,55.80535,10.02107,58108,True,56.94818,3
20260503-032551,-OrgAfg6HtNfjyqgU__u,2026-05-03 04:52:42+00:00,1777783962000,5186,27.24659,56.65868,10.02118,47069,True,73.00602,3
20260503-032551,-OrgAhVLT_CMq91WWikY,2026-05-03 04:53:01+00:00,1777783981000,5205,27.21965,56.87304,10.02105,39469,True,97.43362,3
20260503-032551,-OrgAjJLUfqSF5c_GsKu,2026-05-03 04:53:13+00:00,1777783993000,5217,27.18955,56.93698,10.02112,32594,True,128.80133,3
20260503-032551,-OrgAmEn1bxpnqst3LE9,2026-05-03 04:53:25+00:00,1777784005000,5229,27.22973,55.9166,10.02137,46062,True,136.89481,3
20260503-032551,-OrgAp9zxwdIzAFIH-ft,2026-05-03 04:53:37+00:00,1777784017000,5241,27.24241,55.62036,10.02117,52171,True,100.46647,3
20260503-032551,-OrgArqpxKz56ARsWySO,2026-05-03 04:53:48+00:00,1777784028000,5252,27.16887,56.22792,10.02112,46574,True,99.6136,3
20260503-032551,-OrgAv9fZx4SoKGNGXeZ,2026-05-03 04:54:00+00:00,1777784040000,5264,27.24241,55.59747,10.02106,53918,True,86.55913,3
20260503-032551,-OrgBPGfKIgCnIa01f9j,2026-05-03 04:55:50+00:00,1777784150000,5374,27.20184,55.35649,10.02127,46626,True,138.31065,3
20260503-032551,-OrgBQBscBB8DoE27ixH,2026-05-03 04:56:12+00:00,1777784172000,5396,27.2636,55.10558,10.02107,47986,True,128.21164,3
20260503-032551,-OrgBTPdKCE7kC6RuHya,2026-05-03 04:56:24+00:00,1777784184000,5408,27.18916,55.25077,10.02111,45217,True,138.80475,3
20260503-032551,-OrgBVvxpiC8n_ocsCzz,2026-05-03 04:56:36+00:00,1777784196000,5420,27.20691,54.94368,10.02099,51183,True,105.77544,3
20260503-032551,-OrgBYpM_emy2zQu-1LC,2026-05-03 04:56:48+00:00,1777784208000,5432,27.21451,54.83076,10.02092,53918,True,86.50454,3
20260503-032551,-OrgBakiQzGmdEx6uoVH,2026-05-03 04:57:00+00:00,1777784220000,5444,27.22466,54.72827,10.02076,55897,True,75.96204,3
20260503-032551,-OrgBdfivwUXFiqSTuND,2026-05-03 04:57:12+00:00,1777784232000,5456,27.23734,54.65525,10.02077,56730,True,69.42007,3
20260503-032551,-OrgBggKjV6k3ufxv0XM,2026-05-03 04:57:24+00:00,1777784244000,5468,27.23226,54.59737,10.02062,57509,True,65.47253,3
20260503-032551,-OrgBjac8Oe1YEyI325f,2026-05-03 04:57:36+00:00,1777784256000,5480,27.23226,54.59016,10.02062,58027,True,63.46134,3
20260503-032551,-OrgBmVkK9HT4CDTyKXp,2026-05-03 04:57:48+00:00,1777784268000,5492,27.24241,54.57283,10.02064,58554,True,60.81799,3
20260503-032551,-OrgBpRk-z01D2ORwfIm,2026-05-03 04:58:00+00:00,1777784280000,5504,27.23987,54.57415,10.02067,58925,True,59.06121,3
20260503-032551,-OrgBsMidkYoyCztAKFe,2026-05-03 04:58:12+00:00,1777784292000,5516,27.24494,54.54981,10.02061,59217,True,58.21211,3
20260503-032551,-OrgBvIAbw3XxCLgaWUr,2026-05-03 04:58:24+00:00,1777784304000,5528,27.25001,54.54614,10.02053,59596,True,56.89909,3
20260503-032551,-OrgByDd1-d1RS_N4A0m,2026-05-03 04:58:36+00:00,1777784316000,5540,27.25001,54.51859,10.02066,59852,True,56.04627,3
20260503-032551,-OrgC09AqISVDCAPgvjl,2026-05-03 04:58:48+00:00,1777784328000,5552,27.24494,54.51645,10.02033,59724,True,55.37508,3
20260503-032551,-OrgC34_-K_94nJqX7Zk,2026-05-03 04:59:00+00:00,1777784340000,5564,27.25001,54.49588,10.0204,60066,True,54.83905,3
20260503-032551,-OrgC72h9BhrsOpy0FOI,2026-05-03 04:59:12+00:00,1777784352000,5576,27.25255,54.5174,10.02042,60109,True,54.67451,3
20260503-032551,-OrgC8YedezNAgXFfg7F,2026-05-03 04:59:23+00:00,1777784363000,5587,27.17648,55.14794,10.02052,51816,True,65.67455,3
20260503-032551,-OrgCBMElnOIOzju3rrM,2026-05-03 04:59:34+00:00,1777784374000,5598,27.2679,54.69395,10.02032,54692,True,69.29774,3
20260503-032551,-OrgCEHQGg8dgeknYq6m,2026-05-03 04:59:46+00:00,1777784386000,5610,27.22466,54.68025,10.02046,54302,True,87.6609,3
20260503-032551,-OrgCHD4BCI2C5Zl92dB,2026-05-03 04:59:58+00:00,1777784398000,5622,27.22719,54.49091,10.02029,57867,True,71.42268,3
20260503-032551,-OrgCK8Lw4m9Uo_fEVAD,2026-05-03 05:00:10+00:00,1777784410000,5634,27.23987,54.44877,10.02055,59008,True,62.26968,3
20260503-032551,-OrgCN3q6Es9f6ti2i7I,2026-05-03 05:00:22+00:00,1777784422000,5646,27.23734,54.43069,10.02028,59681,True,58.01681,3
20260503-032551,-OrgCQ-bNswKZLwKKMT5,2026-05-03 05:00:34+00:00,1777784434000,5658,27.23734,54.45143,10.02032,60109,True,55.57917,3
20260503-032551,-OrgCSvopDJDbbrsT2oe,2026-05-03 05:00:46+00:00,1777784446000,5670,27.24748,54.40914,10.02048,60413,True,53.98342,3
20260503-032551,-OrgCVsKbPFHPhazTGBL,2026-05-03 05:00:58+00:00,1777784458000,5682,27.24748,54.35459,10.0205,60413,True,53.41848,3
20260503-032551,-OrgCYn_cSXxdrvw3fb1,2026-05-03 05:01:10+00:00,1777784470000,5694,27.24494,54.32582,10.02033,60632,True,52.82133,3
20260503-032551,-OrgCaiSAQiHJeL5iuJh,2026-05-03 05:01:22+00:00,1777784482000,5706,27.24748,54.31266,10.02048,60764,True,52.43501,3
20260503-032551,-OrgCde8dIVBoLq2CkFH,2026-05-03 05:01:34+00:00,1777784494000,5718,27.24494,54.35932,10.02037,60632,True,52.1502,3
20260503-032551,-OrgCg_LNXeb4jC64LE5,2026-05-03 05:01:46+00:00,1777784506000,5730,27.23987,54.38576,10.02018,60852,True,51.92137,3
20260503-032551,-OrgCjcIir7FWHXfl7KV,2026-05-03 05:01:58+00:00,1777784518000,5742,27.23734,54.37277,10.02021,60896,True,51.60379,3
20260503-032551,-OrgCmNVSR887gsQPo0g,2026-05-03 05:02:10+00:00,1777784530000,5754,27.29343,54.18717,10.02035,61163,True,51.31618,3
20260503-032551,-OrgCpRVuYUp7TWGQRRE,2026-05-03 05:02:22+00:00,1777784542000,5766,27.22212,54.51337,10.02044,55934,True,76.56165,3
20260503-032551,-OrgCsD2p91Ke7b_HiaB,2026-05-03 05:02:34+00:00,1777784554000,5778,27.23226,54.27684,10.02058,59259,True,64.94507,3
20260503-032551,-OrgCvNrRt_sWPXXq7Nd,2026-05-03 05:02:46+00:00,1777784566000,5790,27.2348,54.234,10.0204,60500,True,57.21127,3
20260503-032551,-OrgCy3urJQDnoTPfDQ2,2026-05-03 05:02:58+00:00,1777784578000,5802,27.23226,54.18484,10.02039,60676,True,53.90545,3
20260503-032551,-OrgD00SUbpI_Vm2nIji,2026-05-03 05:03:10+00:00,1777784590000,5814,27.2348,54.12256,10.0205,60764,True,52.89859,3
20260503-032551,-OrgD2w65o8wPLF_8zJE,2026-05-03 05:03:22+00:00,1777784602000,5826,27.23734,54.08777,10.02056,60896,True,51.81511,3
20260503-032551,-OrgD5rTEwDv5uM-ziII,2026-05-03 05:03:34+00:00,1777784614000,5838,27.23226,54.09719,10.02058,61568,True,50.67438,3
20260503-032551,-OrgD8nGQrc1UAWvDfn4,2026-05-03 05:03:46+00:00,1777784626000,5850,27.2348,54.03469,10.02068,61074,True,50.89336,3
20260503-032551,-OrgDBjArPX2Sb3CkOg-,2026-05-03 05:03:58+00:00,1777784638000,5862,27.23734,54.04286,10.02077,61387,True,50.18059,3
20260503-032551,-OrgDEeVE0DD_c9CtJ_O,2026-05-03 05:04:10+00:00,1777784650000,5874,27.23734,54.0961,10.0207,61932,True,50.0,2
20260503-032551,-OrgDIoda6LU2mzmmC9b,2026-05-03 05:04:23+00:00,1777784663000,5887,27.29223,53.89679,10.0206,61253,True,50.64024,2
20260503-032551,-OrgDKvUJLYwsjAyOXPa,2026-05-03 05:04:36+00:00,1777784676000,5899,27.19051,54.95198,10.02068,46782,True,71.50685,2
20260503-032551,-OrgDNqslcd7xpEv2ReF,2026-05-03 05:04:48+00:00,1777784688000,5911,27.19423,54.35553,10.02073,52597,True,99.11038,2
20260503-032551,-OrgDQmvpV4dZ2z2wXoQ,2026-05-03 05:05:00+00:00,1777784700000,5923,27.21451,54.13248,10.0209,57787,True,77.28901,2
20260503-032551,-OrgDThurrduvuSY6gIS,2026-05-03 05:05:12+00:00,1777784712000,5935,27.21705,54.05528,10.02066,59469,True,64.39212,2
20260503-032551,-OrgDWqob9q7QkZk8yre,2026-05-03 05:05:24+00:00,1777784724000,5947,27.22719,53.9952,10.02079,60676,True,57.91378,2
20260503-032551,-OrgDZ_KBIWoYzMZLFRO,2026-05-03 05:05:36+00:00,1777784736000,5959,27.22212,53.96458,10.02069,61208,True,54.86538,3
20260503-032551,-OrgDbVMZVHQKpEjMVb4,2026-05-03 05:05:48+00:00,1777784748000,5971,27.22212,53.936,10.02076,61163,True,53.42605,3
20260503-032551,-OrgDeQykhrWITX4ylUk,2026-05-03 05:06:00+00:00,1777784760000,5983,27.22719,53.91919,10.02119,61074,True,52.54724,3
20260503-032551,-OrgDhNP200WJ8rNRjuF,2026-05-03 05:06:12+00:00,1777784772000,5995,27.22719,53.86127,10.02089,61840,True,51.28818,3
20260503-032551,-OrgDkHyexxO7QOy9lG6,2026-05-03 05:06:24+00:00,1777784784000,6007,27.22719,53.8021,10.02077,61932,True,50.30958,3
20260503-032551,-OrgDnDRA9wcqmZNqqRw,2026-05-03 05:06:36+00:00,1777784796000,6019,27.22719,53.81259,10.02079,62116,True,50.0,2
20260503-032551,-OrgDq980KLQWjsssyHM,2026-05-03 05:06:48+00:00,1777784808000,6031,27.23226,53.77861,10.02101,62254,True,50.0,2
20260503-032551,-OrgDt4b8Tu1gLLQ1Y85,2026-05-03 05:07:00+00:00,1777784820000,6043,27.22973,53.81934,10.02081,62024,True,50.25769,2
20260503-032551,-OrgDw-vlkP24gtbtrJq,2026-05-03 05:07:12+00:00,1777784832000,6055,27.23734,53.80476,10.02107,62347,True,50.12889,2
20260503-032551,-OrgDyyPeSFUDRhKhlEu,2026-05-03 05:07:24+00:00,1777784844000,6067,27.2348,53.80897,10.02092,62254,True,50.09785,2
20260503-032551,-OrgE0sA08otbUUuZxwD,2026-05-03 05:07:36+00:00,1777784856000,6079,27.22719,53.72601,10.02096,62208,True,50.08701,2
20260503-032551,-OrgE3nzWZ633ZTje7YG,2026-05-03 05:07:48+00:00,1777784868000,6092,27.22973,53.62616,10.02095,62393,True,50.0,2
20260503-032551,-OrgE6qwqO5mB7PpwXky,2026-05-03 05:08:00+00:00,1777784880000,6104,27.13591,54.36611,10.02089,51371,True,64.72805,2
20260503-032551,-OrgE9m3AQOWSBsQSkSL,2026-05-03 05:08:12+00:00,1777784892000,6116,27.21451,53.72213,10.02093,59469,True,66.71678,2
20260503-032551,-OrgED9adpwR0WrnDfig,2026-05-03 05:08:24+00:00,1777784904000,6128,27.21705,53.65085,10.0208,61118,True,58.5308,2
20260503-032551,-OrgEFaNnHW-TFueSoS1,2026-05-03 05:08:36+00:00,1777784916000,6140,27.22719,53.60935,10.02108,62208,True,53.35221,2
20260503-032551,-OrgEIWyKUDGQOMqeG6c,2026-05-03 05:08:48+00:00,1777784928000,6152,27.22466,53.60429,10.02108,62024,True,52.15327,2
20260503-032551,-OrgELTHZdgunQAwxpnh,2026-05-03 05:09:00+00:00,1777784940000,6164,27.21959,53.57919,10.02107,62440,True,50.69937,3
20260503-032551,-OrgEONZqiPE6tPri1Du,2026-05-03 05:09:12+00:00,1777784952000,6176,27.22719,53.58881,10.02103,62580,True,50.10268,3
20260503-032551,-OrgERJ4tmCBJymXrYoL,2026-05-03 05:09:24+00:00,1777784964000,6188,27.22466,53.54629,10.0212,62440,True,50.2542,2
20260503-032551,-OrgEUFUIeWI-Md7bFsT,2026-05-03 05:09:36+00:00,1777784976000,6200,27.22212,53.54928,10.02118,62533,True,50.02304,2
20260503-032551,-OrgEXAFCSbfaiuZW7sl,2026-05-03 05:09:48+00:00,1777784988000,6212,27.22719,53.49329,10.02128,62673,True,50.15483,2
20260503-032551,-OrgE_6xOplsLnBHQiXv,2026-05-03 05:10:00+00:00,1777785000000,6224,27.22466,53.45921,10.02117,63098,True,49.86359,2
20260503-032551,-OrgEc16vtBbZ_CciFq3,2026-05-03 05:10:12+00:00,1777785012000,6236,27.22212,53.45158,10.02109,62720,True,50.34383,2
20260503-032551,-OrgEexWDD1N60-zgnyb,2026-05-03 05:10:24+00:00,1777785024000,6248,27.21959,53.43884,10.02102,62909,True,50.11359,2
20260503-032551,-OrgEhtN46BAX9qkseKa,2026-05-03 05:10:36+00:00,1777785036000,6260,27.22212,53.41299,10.02114,62673,True,50.6499,2
20260503-032551,-OrgEkouApV2rzxZFdfd,2026-05-03 05:10:48+00:00,1777785048000,6272,27.23226,53.38934,10.02109,63146,True,50.41241,2
20260503-032551,-OrgEnlZdtvq1Pb1VPH7,2026-05-03 05:11:00+00:00,1777785060000,6284,27.21959,53.33739,10.0211,63098,True,50.0,2
20260503-032551,-OrgEqhJ6z-AIBxAyjBu,2026-05-03 05:11:12+00:00,1777785072000,6296,27.22719,53.26222,10.02122,63051,True,50.31555,2
20260503-032551,-OrgEtb4MkSXSf24c6Jv,2026-05-03 05:11:24+00:00,1777785084000,6308,27.22212,53.29879,10.02112,63051,True,50.36696,2
20260503-032551,-OrgEwhwDf_tPUYSY8IL,2026-05-03 05:11:36+00:00,1777785096000,6320,27.22719,53.31781,10.02124,63098,True,50.53034,2
20260503-032551,-OrgEzTVrxtHt2olY_RN,2026-05-03 05:11:48+00:00,1777785108000,6332,27.22212,53.29941,10.02134,62862,True,50.74757,2
20260503-032551,-OrgF29iXrxNeHObxOYS,2026-05-03 05:12:00+00:00,1777785120000,6344,27.21959,53.27612,10.02116,63146,True,50.11627,2
20260503-032551,-OrgF3vS8s_MonfGFhOm,2026-05-03 05:12:10+00:00,1777785130000,6354,27.14605,53.92842,10.02126,54197,True,61.60556,2
20260503-032551,-OrgF6rheNAM3fT8k04B,2026-05-03 05:12:22+00:00,1777785142000,6366,27.20944,53.46607,10.02136,60941,True,62.92908,2
20260503-032551,-OrgF9mCyGXTOT_QxYLn,2026-05-03 05:12:34+00:00,1777785154000,6378,27.20944,53.42006,10.02124,62162,True,56.75479,2
20260503-032551,-OrgFChbnriKZNxz28or,2026-05-03 05:12:46+00:00,1777785166000,6390,27.21198,53.369,10.0213,62720,True,53.42712,2
20260503-032551,-OrgFFdHX4hirz6KAy-k,2026-05-03 05:12:58+00:00,1777785178000,6402,27.20944,53.30322,10.02133,62767,True,52.39973,2
20260503-032551,-OrgFIZnYmzgNzQJ36UJ,2026-05-03 05:13:10+00:00,1777785190000,6414,27.21451,53.20037,10.0215,62956,True,51.17549,3
20260503-032551,-OrgFLVKR8nVnQGKrJfe,2026-05-03 05:13:22+00:00,1777785202000,6426,27.21198,53.14307,10.02116,62909,True,51.01436,3
20260503-032551,-OrgFOQyQCFY51LBuKRq,2026-05-03 05:13:34+00:00,1777785214000,6438,27.21198,53.1714,10.02117,63241,True,50.93718,3
20260503-032551,-OrgFRMDqNuPYx0wHwXB,2026-05-03 05:13:46+00:00,1777785226000,6450,27.21959,53.20287,10.0213,63385,True,50.24586,3
20260503-032551,-OrgFUHvLQd3wmugA_o0,2026-05-03 05:13:58+00:00,1777785238000,6462,27.21959,53.18067,10.02126,63529,True,50.0,2
20260503-032551,-OrgFXDF6rPHu6BP-gl7,2026-05-03 05:14:10+00:00,1777785250000,6474,27.21705,53.19579,10.02133,63577,True,50.23396,2
20260503-032551,-OrgF_8qKGPT6_TwFV_z,2026-05-03 05:14:22+00:00,1777785262000,6486,27.21451,53.1901,10.02134,63433,True,50.09207,2
20260503-032551,-OrgFc4K6AFs_PqGwf75,2026-05-03 05:14:34+00:00,1777785274000,6498,27.20944,53.21698,10.02138,63529,True,50.25502,2
20260503-032551,-OrgFf73UsGR2NTvmvNm,2026-05-03 05:14:46+00:00,1777785286000,6510,27.21451,53.20168,10.02132,63529,True,50.15228,2
20260503-032551,-OrgFhwN9iYzG9ezYn-n,2026-05-03 05:14:58+00:00,1777785298000,6522,27.21959,53.14041,10.0214,63577,True,50.05194,2
20260503-032551,-OrgFksTLMZsHLWuGCOe,2026-05-03 05:15:10+00:00,1777785310000,6534,27.21451,53.03616,10.0213,63626,True,50.42792,2
20260503-032551,-OrgFnnX0B7R3ioUlNiL,2026-05-03 05:15:22+00:00,1777785322000,6546,27.21451,52.98139,10.02132,63771,True,50.0,2
20260503-032551,-OrgFqijgB0-8V4QUkyy,2026-05-03 05:15:34+00:00,1777785334000,6558,27.20944,52.89006,10.02134,63917,True,50.0,2
20260503-032551,-OrgFteFlMxHc7Hh7sA0,2026-05-03 05:15:46+00:00,1777785346000,6570,27.21198,52.87639,10.02135,64064,True,50.0,2
20260503-032551,-OrgFw_lrEDVitE8T2_G,2026-05-03 05:15:58+00:00,1777785358000,6582,27.21451,52.91051,10.02129,63966,True,50.45468,2
20260503-032551,-OrgFzWKe_oa8fuUPC5s,2026-05-03 05:16:10+00:00,1777785370000,6594,27.21198,52.93495,10.02142,63966,True,50.53254,2
20260503-032551,-OrgG1RlXz_QOEpaVRMb,2026-05-03 05:16:22+00:00,1777785382000,6606,27.20944,52.91686,10.02152,63674,True,50.48344,2
20260503-032551,-OrgG4NJtI73qilYBcIc,2026-05-03 05:16:34+00:00,1777785394000,6618,27.20944,52.88634,10.02136,63626,True,50.76671,2
20260503-032551,-OrgG7IexzdpQCXQK1EP,2026-05-03 05:16:46+00:00,1777785406000,6630,27.21705,52.7971,10.02145,64260,True,50.0,2
20260503-032551,-OrgGAE5wByonz_hmpqG,2026-05-03 05:16:58+00:00,1777785418000,6642,27.20944,52.70411,10.02131,64015,True,50.08542,2
20260503-032551,-OrgGDUxwEQjRp11awe7,2026-05-03 05:17:11+00:00,1777785431000,6655,27.26434,52.53308,10.02136,64359,True,50.0,2
20260503-032551,-OrgGGLKZR6Cwapso3Vc,2026-05-03 05:17:23+00:00,1777785443000,6667,27.18155,52.85546,10.02118,57628,True,78.93478,2
20260503-032551,-OrgGJGoTOZrrAwYV8iA,2026-05-03 05:17:35+00:00,1777785455000,6679,27.20184,52.67646,10.02149,61568,True,66.28897,2
20260503-032551,-OrgGNisVaY8beD3XX4G,2026-05-03 05:17:47+00:00,1777785467000,6691,27.19676,52.67896,10.02112,62580,True,58.89734,2
20260503-032551,-OrgGPDTAOgiOgOwz82L,2026-05-03 05:18:00+00:00,1777785480000,6704,27.11309,53.43855,10.02119,51912,True,71.48715,2
20260503-032551,-OrgGS93PT7yLAxX6pOz,2026-05-03 05:18:12+00:00,1777785492000,6716,27.19169,52.75752,10.02136,60066,True,71.3909,2
20260503-032551,-OrgGV58331AjHY5yeiX,2026-05-03 05:18:24+00:00,1777785504000,6728,27.19423,52.65148,10.02128,62533,True,61.61918,3
20260503-032551,-OrgGY-qe-5b9gQEVf3V,2026-05-03 05:18:36+00:00,1777785516000,6740,27.1993,52.65313,10.02125,63194,True,56.2838,3
20260503-032551,-OrgG_wj1z5jzjaoE3Ha,2026-05-03 05:18:48+00:00,1777785528000,6752,27.1993,52.59723,10.02139,63771,True,53.56231,3
20260503-032551,-OrgGcsT0sX2W2ern-CO,2026-05-03 05:19:00+00:00,1777785540000,6764,27.20437,52.54939,10.02137,63194,True,53.31401,3
20260503-032551,-OrgGfyYpVnyqcRFT0GF,2026-05-03 05:19:12+00:00,1777785552000,6776,27.17394,52.86591,10.02125,58719,True,65.65995,3
20260503-032551,-OrgGjJe8YWSfYufA3ct,2026-05-03 05:19:25+00:00,1777785565000,6789,27.23898,52.59268,10.02138,60153,True,65.82063,3
20260503-032551,-OrgGm4aCNXF_dezOU-1,2026-05-03 05:19:37+00:00,1777785577000,6801,27.17141,52.79819,10.02121,57078,True,86.34341,3
20260503-032551,-OrgGp07WpdHf6Y0FBR1,2026-05-03 05:19:49+00:00,1777785589000,6813,27.18155,52.65587,10.02128,61118,True,70.57151,3
20260503-032551,-OrgGrwcJeLlfqIx_zlN,2026-05-03 05:20:01+00:00,1777785601000,6825,27.18155,52.66284,10.0212,62627,True,61.18866,3
20260503-032551,-OrgGusZwniJoY8CbDv1,2026-05-03 05:20:13+00:00,1777785613000,6837,27.18409,52.57022,10.02127,63433,True,56.54281,3
20260503-032551,-OrgGxomcEw3CgWkwL7k,2026-05-03 05:20:25+00:00,1777785625000,6849,27.18916,52.42754,10.0213,63626,True,53.79747,3
20260503-032551,-OrgH-j9w1zuFZ_CRj9U,2026-05-03 05:20:37+00:00,1777785637000,6861,27.18409,52.43651,10.0212,63529,True,52.95977,3
20260503-032551,-OrgH2auPzTvITZpzWdw,2026-05-03 05:20:48+00:00,1777785648000,6872,27.23608,52.27552,10.02131,63626,True,52.99203,3
20260503-032551,-OrgH5C1rFgxMZ_IPPIX,2026-05-03 05:21:00+00:00,1777785660000,6884,27.16887,52.58595,10.02143,59259,True,74.26908,3
20260503-032551,-OrgH8DnPFYOQmqIgBAE,2026-05-03 05:21:12+00:00,1777785672000,6896,27.09027,53.18255,10.02128,50595,True,82.92332,3
20260503-032551,-OrgHBb965sPHID6t_o3,2026-05-03 05:21:25+00:00,1777785685000,6909,27.19081,52.70489,10.02106,54443,True,85.33878,3
20260503-032551,-OrgHEIXOuOg65g8X4ja,2026-05-03 05:21:37+00:00,1777785697000,6921,27.15619,52.58222,10.02144,55563,True,97.6521,3
20260503-032551,-OrgHHI9QoNJx2M7ILyh,2026-05-03 05:21:49+00:00,1777785709000,6933,27.17902,52.33402,10.02151,60109,True,76.42845,3
20260503-032551,-OrgHKtkeMSuLqn8TkXx,2026-05-03 05:22:01+00:00,1777785721000,6945,27.22298,52.22358,10.02134,60764,True,72.65445,3
20260503-032551,-OrgHN83WVERHHTs-zk7,2026-05-03 05:22:13+00:00,1777785733000,6957,27.15619,52.52229,10.02135,57117,True,87.58158,3
20260503-032551,-OrgHQ3o7kKe3z_zMLZL,2026-05-03 05:22:25+00:00,1777785745000,6969,27.17141,52.2895,10.02133,61029,True,71.36086,3
20260503-032551,-OrgHTD30H6qgqrOLpsD,2026-05-03 05:22:38+00:00,1777785758000,6982,27.14605,52.53925,10.0213,57549,True,75.55278,3
20260503-032551,-OrgH_8ZAkoVFUmPGjba,2026-05-03 05:22:51+00:00,1777785771000,6995,27.21616,52.233,10.0214,58925,True,74.43474,3
20260503-032551,-OrgHa87FdJZxvNC-A3s,2026-05-03 05:23:11+00:00,1777785791000,7014,27.12595,53.03602,10.02132,46782,True,91.02097,3
20260503-032551,-OrgHd3CPOKgEqAWvNhZ,2026-05-03 05:23:23+00:00,1777785803000,7026,27.13591,52.42508,10.02141,51245,True,119.80824,3
20260503-032551,-OrgHfzsZrWQMlD9RC-7,2026-05-03 05:23:35+00:00,1777785815000,7038,27.16127,52.17912,10.02128,57907,True,90.46646,3
20260503-032551,-OrgHivDm5OnpSrQKC_H,2026-05-03 05:23:47+00:00,1777785827000,7050,27.1638,52.10109,10.02135,60588,True,72.40057,3
20260503-032551,-OrgHlyfVSnSFIwN6td5,2026-05-03 05:23:59+00:00,1777785839000,7062,27.17394,52.04909,10.02148,62024,True,63.54478,3
20260503-032551,-OrgHomCQkGYHg6Jwc-7,2026-05-03 05:24:11+00:00,1777785851000,7074,27.17141,52.03872,10.0214,63241,True,58.35185,3
20260503-032551,-OrgHrh_MgfIftyHkSpo,2026-05-03 05:24:23+00:00,1777785863000,7086,27.17902,52.07466,10.02142,63481,True,56.1313,3
20260503-032551,-OrgHudCFqed1q2s0klF,2026-05-03 05:24:35+00:00,1777785875000,7098,27.17648,52.09349,10.02141,63820,True,54.9696,3
20260503-032551,-OrgHxZlmm7mMZwhQYtl,2026-05-03 05:24:47+00:00,1777785887000,7110,27.18662,52.05067,10.02161,64211,True,53.29985,3
20260503-032551,-OrgI-VExOO8fH9yimGD,2026-05-03 05:24:59+00:00,1777785899000,7122,27.18409,51.99832,10.02127,64211,True,52.27755,3
20260503-032551,-OrgI2Ql73r2ArmB1vyx,2026-05-03 05:25:11+00:00,1777785911000,7134,27.18662,51.95419,10.02145,64310,True,51.72738,3
20260503-032551,-OrgI5MprQy0psnzX9cC,2026-05-03 05:25:23+00:00,1777785923000,7146,27.18662,51.88766,10.02133,64908,True,50.74749,3
20260503-032551,-OrgI8HhBB0WrKnOjLrv,2026-05-03 05:25:35+00:00,1777785935000,7158,27.18409,51.86553,10.02145,64657,True,50.44402,3
20260503-032551,-OrgIBDWyt7BTE_tPCjL,2026-05-03 05:25:47+00:00,1777785947000,7170,27.18916,51.81547,10.02146,65211,True,50.12315,3
20260503-032551,-OrgIE8j8plB521fDq9z,2026-05-03 05:25:59+00:00,1777785959000,7182,27.19169,51.80036,10.02145,65009,True,50.0,2
20260503-032551,-OrgIH45JcZKmuIj6tfB,2026-05-03 05:26:11+00:00,1777785971000,7194,27.19169,51.8084,10.02131,65415,True,50.0,2
20260503-032551,-OrgIK-iXW5E9cKPZuJI,2026-05-03 05:26:23+00:00,1777785983000,7206,27.19676,51.78363,10.02142,64958,True,50.33901,2
20260503-032551,-OrgIMw6vSVKY7OCuTVs,2026-05-03 05:26:35+00:00,1777785995000,7218,27.19423,51.763,10.02147,65415,True,50.0,2
20260503-032551,-OrgIPNYMyjxe_shi6-U,2026-05-03 05:26:45+00:00,1777786005000,7228,27.24056,51.60778,10.0216,65110,True,50.33736,2
20260503-032551,-OrgISJCmb8bHUZFFZfC,2026-05-03 05:26:57+00:00,1777786017000,7240,27.16887,51.91499,10.02121,60985,True,70.42258,2
20260503-032551,-OrgIVTRxtJ91Vm7fVLN,2026-05-03 05:27:09+00:00,1777786029000,7252,27.17902,51.75383,10.0213,63577,True,61.22547,2
20260503-032551,-OrgIYAG_5admMA7rL9e,2026-05-03 05:27:21+00:00,1777786041000,7264,27.18662,51.71996,10.02119,64113,True,56.28732,2
20260503-032551,-OrgI_r86YYGRkHRM5S-,2026-05-03 05:27:32+00:00,1777786052000,7275,27.09788,52.35892,10.02107,55124,True,66.36385,2
20260503-032551,-OrgIcmKzYKAsRyZDooq,2026-05-03 05:27:44+00:00,1777786064000,7287,27.17394,51.76202,10.0212,62815,True,65.4405,2
20260503-032551,-OrgIfhm-YvddgZKdPYd,2026-05-03 05:27:56+00:00,1777786076000,7299,27.18409,51.66005,10.0212,64211,True,58.10871,3
20260503-032551,-OrgIidbQpufJftZf5oy,2026-05-03 05:28:08+00:00,1777786088000,7311,27.17902,51.64937,10.0211,64707,True,54.59567,3
20260503-032551,-OrgIl_44IMo3il9X8jb,2026-05-03 05:28:20+00:00,1777786100000,7323,27.18662,51.60395,10.02124,64908,True,52.71125,3
20260503-032551,-OrgIoVkG1-4NajsMQVO,2026-05-03 05:28:32+00:00,1777786112000,7335,27.17902,51.55792,10.02119,65313,True,51.4324,3
20260503-032551,-OrgIrQopM4dWIUj47zO,2026-05-03 05:28:44+00:00,1777786124000,7347,27.18662,51.47886,10.02121,65569,True,50.11344,3
20260503-032551,-OrgIuMXDtBjDa6b3VMl,2026-05-03 05:28:56+00:00,1777786136000,7359,27.17902,51.50266,10.02107,65982,True,50.0,2
20260503-032551,-OrgIxImCH7ERVZo_ayM,2026-05-03 05:29:08+00:00,1777786148000,7371,27.17648,51.52409,10.02106,65775,True,50.36699,2
20260503-032551,-OrgJ-DcqLp_tglGA9G_,2026-05-03 05:29:20+00:00,1777786160000,7383,27.18409,51.52887,10.02117,65775,True,50.7659,2
20260503-032551,-OrgJ29bt39weyYyPDgx,2026-05-03 05:29:32+00:00,1777786172000,7395,27.18916,51.52292,10.02116,66034,True,50.25971,2
20260503-032551,-OrgJ54LIDS1GeMONBBH,2026-05-03 05:29:44+00:00,1777786184000,7407,27.18662,51.5485,10.02119,65826,True,50.1316,2
20260503-032551,-OrgJ81XolGbE_QKC_WA,2026-05-03 05:29:56+00:00,1777786196000,7419,27.18409,51.5764,10.02103,65569,True,50.50603,2
20260503-032551,-OrgJAwFpyIOurdKUIAK,2026-05-03 05:30:08+00:00,1777786208000,7431,27.18409,51.56486,10.02115,66034,True,50.23834,2
20260503-032551,-OrgJFOv_J8Pd5NlHmjc,2026-05-03 05:30:20+00:00,1777786220000,7443,27.17902,51.54321,10.02082,65930,True,50.07676,2
20260503-032551,-OrgJGtd2WtF1U4b9qIl,2026-05-03 05:30:32+00:00,1777786232000,7456,27.09027,52.29769,10.02102,54197,True,64.85901,2
20260503-032551,-OrgJJp9rVJZksY_rmd3,2026-05-03 05:30:44+00:00,1777786244000,7468,27.16634,51.60204,10.02087,62486,True,67.16832,2
20260503-032551,-OrgJMkfXLOSur5427jQ,2026-05-03 05:30:56+00:00,1777786256000,7480,27.17394,51.43397,10.02097,64657,True,59.11602,2
20260503-032551,-OrgJPgLChek4qCURXqJ,2026-05-03 05:31:08+00:00,1777786268000,7492,27.17141,51.41544,10.02104,65009,True,55.28535,2
20260503-032551,-OrgJSbaC736mWg3b-b6,2026-05-03 05:31:20+00:00,1777786280000,7504,27.17648,51.35859,10.02097,65466,True,52.57677,2
20260503-032551,-OrgJVYGSHlWpSKJzXww,2026-05-03 05:31:32+00:00,1777786292000,7516,27.17141,51.34953,10.02082,65775,True,51.46111,3
20260503-032551,-OrgJYToMpX4UaQHfC-v,2026-05-03 05:31:44+00:00,1777786304000,7528,27.17902,51.37179,10.02098,66243,True,50.46261,3
20260503-032551,-OrgJaLLIUR76_RZTN3Q,2026-05-03 05:31:56+00:00,1777786316000,7540,27.22761,51.23638,10.02088,65775,True,50.6913,3
20260503-032551,-OrgJdLQZKU4rcAH7_6-,2026-05-03 05:32:08+00:00,1777786328000,7552,27.1369,52.1859,10.02081,51434,True,69.20389,3
20260503-032551,-OrgJgGxOuHN0ZORljLe,2026-05-03 05:32:20+00:00,1777786340000,7564,27.13591,51.82082,10.02076,56424,True,95.78919,3
20260503-032551,-OrgJjCHE7JzgfSP5LUD,2026-05-03 05:32:32+00:00,1777786352000,7576,27.15873,51.58043,10.02092,61840,True,75.72342,3
20260503-032551,-OrgJm7nOAx-1FNaiBLv,2026-05-03 05:32:44+00:00,1777786364000,7588,27.16127,51.4864,10.0208,63771,True,63.74064,3
20260503-032551,-OrgJp3r4mJPxOzG6cwP,2026-05-03 05:32:56+00:00,1777786376000,7600,27.16127,51.44118,10.02054,64409,True,57.84839,3
20260503-032551,-OrgJs-0LwAIsKhFdNaT,2026-05-03 05:33:08+00:00,1777786388000,7612,27.16127,51.37909,10.02068,65211,True,54.94393,3
20260503-032551,-OrgJy5AmJfVmPd1mbrm,2026-05-03 05:33:20+00:00,1777786400000,7624,27.1638,51.40937,10.02072,65364,True,53.28618,3
20260503-032551,-OrgJyqoaQAdYY7fI0cO,2026-05-03 05:33:36+00:00,1777786416000,7640,27.22332,51.21546,10.02067,65466,True,52.98782,3
20260503-032551,-OrgK0mOC7sZeowonhzF,2026-05-03 05:33:48+00:00,1777786428000,7652,27.14098,51.65142,10.02086,58067,True,86.27362,3
20260503-032551,-OrgK3hsecboi-Zx8oEz,2026-05-03 05:34:00+00:00,1777786440000,7664,27.14859,51.52043,10.02076,62347,True,71.45576,3
20260503-032551,-OrgK6eMp8r6P2fvP_Tt,2026-05-03 05:34:12+00:00,1777786452000,7676,27.15873,51.48174,10.02044,63868,True,62.14212,3
20260503-032551,-OrgK9_93BjlLO7i1M6_,2026-05-03 05:34:24+00:00,1777786464000,7688,27.15366,51.40849,10.02049,64558,True,57.15418,3
20260503-032551,-OrgKCVlp2vj2a539y1S,2026-05-03 05:34:36+00:00,1777786476000,7700,27.16127,51.31546,10.02036,65364,True,54.0072,3
20260503-032551,-OrgKFUI2gMDGIXCBp0v,2026-05-03 05:34:48+00:00,1777786488000,7712,27.16127,51.25196,10.02031,65262,True,52.85526,3
20260503-032551,-OrgKIMQjt7wqHG49JlA,2026-05-03 05:35:00+00:00,1777786500000,7724,27.16127,51.20885,10.0204,66034,True,51.25328,3
20260503-032551,-OrgKLJ3-ETKXCghRnbJ,2026-05-03 05:35:12+00:00,1777786512000,7736,27.15873,51.21949,10.0203,66243,True,50.79626,3
20260503-032551,-OrgKODbUYIUup_NGafy,2026-05-03 05:35:24+00:00,1777786524000,7748,27.16127,51.25954,10.02041,65671,True,50.9185,3
20260503-032551,-OrgKVKMLLYHdfeVNcVC,2026-05-03 05:35:37+00:00,1777786537000,7761,27.21109,51.08321,10.02017,66138,True,50.74951,3
20260503-032551,-OrgKW5OOI3QFiiIdDpc,2026-05-03 05:35:56+00:00,1777786556000,7780,27.11058,52.1198,10.0205,49991,True,71.57513,3
20260503-032551,-OrgKZ0dK19ObzRTcFIV,2026-05-03 05:36:08+00:00,1777786568000,7792,27.11309,51.68279,10.02068,53539,True,110.58535,3
20260503-032551,-OrgKahUIz6YJ4GRyyBX,2026-05-03 05:36:19+00:00,1777786579000,7803,27.17349,51.42216,10.02071,55972,True,104.28011,3
20260503-032551,-OrgKdj03f9qGjQCHq7Y,2026-05-03 05:36:31+00:00,1777786591000,7815,27.11563,51.695,10.0207,57195,True,100.23228,3
20260503-032551,-OrgKgZTwkGLMrhLGNZL,2026-05-03 05:36:43+00:00,1777786603000,7827,27.13591,51.54539,10.02061,61074,True,78.41557,3
20260503-032551,-OrgKjVHEj2D16MBucYo,2026-05-03 05:36:55+00:00,1777786615000,7839,27.14352,51.50373,10.02082,63337,True,65.57788,3
20260503-032551,-OrgKmRAtMPhM92qbNaU,2026-05-03 05:37:07+00:00,1777786627000,7851,27.14352,51.44643,10.02053,64409,True,59.65541,3
20260503-032551,-OrgKpLxtZz9u1L-0Hcu,2026-05-03 05:37:19+00:00,1777786639000,7863,27.14352,51.38568,10.02069,64807,True,56.40707,3
20260503-032551,-OrgKsHHSPB-H2C1q7lC,2026-05-03 05:37:31+00:00,1777786651000,7875,27.15366,51.35584,10.02073,65160,True,54.54511,3
20260503-032551,-OrgKv4WDXUXBdrul0ZV,2026-05-03 05:37:43+00:00,1777786663000,7887,27.19938,51.2174,10.02065,65262,True,54.14764,3
20260503-032551,-OrgKy-h5d6UAnf9uxzG,2026-05-03 05:37:55+00:00,1777786675000,7899,27.12323,51.62667,10.02053,60326,True,76.64508,3
20260503-032551,-OrgL017-hNwLs5sBye8,2026-05-03 05:38:07+00:00,1777786687000,7911,27.11055,51.66763,10.02045,58310,True,79.55828,3
20260503-032551,-OrgL2xVFxQAQO0aDv2b,2026-05-03 05:38:19+00:00,1777786699000,7923,27.13591,51.23853,10.02073,63433,True,67.39598,3
20260503-032551,-OrgL5suiN_uB8sYdTit,2026-05-03 05:38:31+00:00,1777786711000,7935,27.14098,51.05289,10.02046,64707,True,58.92093,3
20260503-032551,-OrgL8pgjdm4oORzw56b,2026-05-03 05:38:43+00:00,1777786723000,7947,27.15366,50.95337,10.02073,65466,True,54.69773,3
20260503-032551,-OrgLBk5CULnc-cEXMJo,2026-05-03 05:38:55+00:00,1777786735000,7959,27.14859,50.88014,10.0206,66086,True,52.21698,3
20260503-032551,-OrgLEfbXZuYWxAQlnPZ,2026-05-03 05:39:07+00:00,1777786747000,7971,27.15619,50.76861,10.02075,65878,True,51.53439,3
20260503-032551,-OrgLHb7U1wuV_ZhQtJt,2026-05-03 05:39:19+00:00,1777786759000,7983,27.15873,50.69936,10.02069,66771,True,50.40575,3
20260503-032551,-OrgLKXxR8nVugUJNcWM,2026-05-03 05:39:31+00:00,1777786771000,7995,27.16127,50.69256,10.02073,66612,True,50.04205,2
20260503-032551,-OrgLO_jEInKi3QqAOra,2026-05-03 05:39:43+00:00,1777786783000,8007,27.15366,50.68766,10.02052,66453,True,50.42583,2
20260503-032551,-OrgLQ4oZ2BhlU_SRmPK,2026-05-03 05:39:54+00:00,1777786794000,8018,27.07252,51.2853,10.02047,57667,True,61.0908,2
20260503-032551,-OrgLT-gPyjJx8AVGHe8,2026-05-03 05:40:06+00:00,1777786806000,8030,27.14859,50.74358,10.02069,64607,True,62.20681,2
20260503-032551,-OrgLVwErw4-az5qWxIX,2026-05-03 05:40:18+00:00,1777786818000,8042,27.15112,50.67813,10.02041,65723,True,56.50082,2
20260503-032551,-OrgLYtDrK41l3by5htc,2026-05-03 05:40:30+00:00,1777786830000,8054,27.14859,50.65311,10.02047,66665,True,53.16653,2
20260503-032551,-OrgLanRnsLniHLI0AIb,2026-05-03 05:40:42+00:00,1777786842000,8066,27.15873,50.6184,10.02057,67038,True,51.75109,2
20260503-032551,-OrgLdidOcH_cmN0tIlL,2026-05-03 05:40:54+00:00,1777786854000,8078,27.15619,50.57902,10.02049,66985,True,50.60806,3
20260503-032551,-OrgLgeCo1_5C-KiWDvQ,2026-05-03 05:41:06+00:00,1777786866000,8090,27.15619,50.51077,10.02051,67038,True,50.20254,3
20260503-032551,-OrgLj__Visq3xG7BnF7,2026-05-03 05:41:18+00:00,1777786878000,8102,27.15619,50.47429,10.0203,67253,True,50.0,2
20260503-032551,-OrgLmXjKpBQqgZqpIgS,2026-05-03 05:41:30+00:00,1777786890000,8114,27.15873,50.41339,10.02048,67092,True,50.28194,2
20260503-032551,-OrgLpRamrRDb2u3Ycgz,2026-05-03 05:41:42+00:00,1777786902000,8126,27.1638,50.42556,10.0207,67199,True,50.21582,2
20260503-032551,-OrgLsNBbi69mGtNt6Aw,2026-05-03 05:41:54+00:00,1777786914000,8138,27.15873,50.4741,10.02048,67362,True,50.08105,2
20260503-032551,-OrgLvIXPfb_ov1y-kTl,2026-05-03 05:42:06+00:00,1777786926000,8150,27.15873,50.42459,10.0205,67308,True,50.34137,2
20260503-032551,-OrgLyE9CHiGXER0m0JV,2026-05-03 05:42:18+00:00,1777786938000,8162,27.15619,50.47762,10.02053,67525,True,50.45517,2
20260503-032551,-OrgM4KVVHZVrujtVeGL,2026-05-03 05:42:31+00:00,1777786951000,8175,27.21109,50.33323,10.02046,67525,True,50.3026,2
20260503-032551,-OrgMBR3YINxqXPAI7pa,2026-05-03 05:42:51+00:00,1777786971000,8195,27.10845,51.34335,10.02051,51183,True,70.7891,2
20260503-032551,-OrgMCBarOOGzyPuKQ8B,2026-05-03 05:43:19+00:00,1777786999000,8223,27.07465,51.6313,10.02022,39958,True,103.3234,2
20260503-032551,-OrgMF795fZxoGJRdtZ2,2026-05-03 05:43:31+00:00,1777787011000,8235,27.0852,50.92508,10.02048,48458,True,145.69199,2
20260503-032551,-OrgMI2n3KjiSWOd9P_d,2026-05-03 05:43:43+00:00,1777787023000,8247,27.10548,50.60939,10.0205,57987,True,106.11911,2
20260503-032551,-OrgMKz7Pack9fl7VZ7L,2026-05-03 05:43:55+00:00,1777787035000,8259,27.11309,50.44212,10.02065,61840,True,81.10966,3
20260503-032551,-OrgMNwZShdr3ioyU5zR,2026-05-03 05:44:07+00:00,1777787047000,8271,27.11816,50.39652,10.02046,63723,True,69.02921,3
20260503-032551,-OrgMS8q9XTWTO_SUlcl,2026-05-03 05:44:20+00:00,1777787060000,8284,27.17559,50.23882,10.02054,64211,True,66.85332,3
20260503-032551,-OrgMTqrVW88oVRQCt2J,2026-05-03 05:44:31+00:00,1777787071000,8295,27.02181,51.2888,10.02034,47175,True,100.63124,3
20260503-032551,-OrgMWl5A8LyjHKTIUGh,2026-05-03 05:44:43+00:00,1777787083000,8307,27.10802,50.54543,10.02046,59681,True,91.6198,3
20260503-032551,-OrgMZfzxQOa6uo62IRL,2026-05-03 05:44:55+00:00,1777787095000,8319,27.11055,50.40907,10.02045,63289,True,73.27545,3
20260503-032551,-OrgMbe2W7tFH3d_kaEu,2026-05-03 05:45:07+00:00,1777787107000,8331,27.1207,50.38961,10.0204,64757,True,64.66918,3
20260503-032551,-OrgMe_KoAjkLyg5N96_,2026-05-03 05:45:19+00:00,1777787119000,8343,27.12576,50.34973,10.02051,65415,True,59.53422,3
20260503-032551,-OrgMhYfjScsysCvfWv6,2026-05-03 05:45:32+00:00,1777787132000,8356,27.03956,51.03956,10.02029,54907,True,71.29241,3
20260503-032551,-OrgMkUELgaxKgOOX5Z5,2026-05-03 05:45:44+00:00,1777787144000,8368,27.11309,50.39108,10.02042,63146,True,71.52237,3
20260503-032551,-OrgMqYvOCco__h36BZ6,2026-05-03 05:45:56+00:00,1777787156000,8380,27.12576,50.26207,10.02053,65313,True,62.64613,3
20260503-032551,-OrgMrmUWx2mHBtwsAzJ,2026-05-03 05:46:14+00:00,1777787174000,8397,27.1836,50.09061,10.02048,65930,True,60.61813,3
20260503-032551,-OrgMuiYmD8_M4Z7sfOh,2026-05-03 05:46:26+00:00,1777787186000,8409,27.10041,50.42665,10.02069,58391,True,92.16013,3
20260503-032551,-OrgMxd4sYgf8kN4lqTJ,2026-05-03 05:46:38+00:00,1777787198000,8421,27.11563,50.22762,10.02049,63385,True,74.82632,3
20260503-032551,-OrgN-ZwpGPFMW8HP-Qo,2026-05-03 05:46:50+00:00,1777787210000,8433,27.11563,50.19493,10.02047,65160,True,64.00537,3
20260503-032551,-OrgN2VuWZTR2Gs0DpKT,2026-05-03 05:47:02+00:00,1777787222000,8445,27.13337,50.12872,10.02076,66243,True,58.27174,3
20260503-032551,-OrgN5RF1pWBaJKwBmgP,2026-05-03 05:47:14+00:00,1777787234000,8457,27.1283,50.14549,10.02057,66985,True,54.58882,3
20260503-032551,-OrgN8MODTbbSYgkXg41,2026-05-03 05:47:26+00:00,1777787246000,8469,27.12576,50.15038,10.0205,67092,True,52.95607,3
20260503-032551,-OrgNBHfRpWQITnRywPG,2026-05-03 05:47:38+00:00,1777787258000,8481,27.13084,50.12491,10.02061,67470,True,52.03143,3
20260503-032551,-OrgNEDuL6smsJJ3R9lC,2026-05-03 05:47:50+00:00,1777787270000,8493,27.13337,50.10784,10.02057,67416,True,51.53692,3
20260503-032551,-OrgNH8jF3L7HbYDHwHr,2026-05-03 05:48:02+00:00,1777787282000,8505,27.12576,50.08532,10.02048,68018,True,50.75127,3
20260503-032551,-OrgNK4LLs75GUtHobec,2026-05-03 05:48:14+00:00,1777787294000,8517,27.13337,50.02185,10.0205,67579,True,50.76062,3
20260503-032551,-OrgNN10mqCBokFcYn-K,2026-05-03 05:48:26+00:00,1777787306000,8529,27.13337,49.99212,10.02048,68184,True,50.0,2
20260503-032551,-OrgNPwI09rBlamKh3S3,2026-05-03 05:48:38+00:00,1777787318000,8541,27.13591,49.94999,10.02036,68073,True,50.19784,2
20260503-032551,-OrgNSrZX-p3p57HqaV-,2026-05-03 05:48:50+00:00,1777787330000,8553,27.13084,49.95761,10.02038,67798,True,50.43921,2
20260503-032551,-OrgNW6Yo0chK4trzom3,2026-05-03 05:49:02+00:00,1777787342000,8565,27.14098,49.94303,10.02049,68351,True,50.0,2
20260503-032551,-OrgNYirrdGGzqoc10wR,2026-05-03 05:49:14+00:00,1777787354000,8577,27.13844,49.93865,10.0206,68519,True,50.0,2
20260503-032551,-OrgNaekxjWMdr6p0LVB,2026-05-03 05:49:26+00:00,1777787366000,8589,27.14352,49.92719,10.02057,68463,True,50.13651,2
20260503-032551,-OrgNd_zqDA6LW5qsNen,2026-05-03 05:49:38+00:00,1777787378000,8601,27.13844,49.92076,10.02061,68519,True,50.15671,2
20260503-032551,-OrgNgWuQnZm0bla6ZQD,2026-05-03 05:49:50+00:00,1777787390000,8613,27.13337,49.98189,10.02035,68519,True,50.33709,2
20260503-032551,-OrgNjRezmoxB-h0U_6G,2026-05-03 05:50:02+00:00,1777787402000,8625,27.13844,49.96513,10.02052,68129,True,50.50309,2
20260503-032551,-OrgNmNJ3G3NwkQii4Uu,2026-05-03 05:50:14+00:00,1777787414000,8637,27.14098,49.96875,10.02046,68407,True,50.52658,2
20260503-032551,-OrgNpIdK02KNfB7Gh8A,2026-05-03 05:50:26+00:00,1777787426000,8649,27.14352,49.99453,10.02057,68519,True,50.9073,2
20260503-032551,-OrgNsE2cYFzlqQML5oi,2026-05-03 05:50:38+00:00,1777787438000,8661,27.14098,50.01717,10.02062,68800,True,50.13902,2
20260503-032551,-OrgNv9kgGJjHAFstmgX,2026-05-03 05:50:50+00:00,1777787450000,8673,27.14098,50.04135,10.02069,68575,True,50.20403,2
20260503-032551,-OrgNy5ImnvWYwSbNa2c,2026-05-03 05:51:02+00:00,1777787462000,8685,27.13844,50.01513,10.02038,68240,True,50.7213,3
20260503-032551,-OrgO13NFAKyYrhSjt2z,2026-05-03 05:51:15+00:00,1777787475000,8699,27.19081,49.84146,10.02052,68295,True,50.80648,3
20260503-032551,-OrgO3MOrnfdf0NmTot1,2026-05-03 05:51:27+00:00,1777787487000,8711,27.0852,50.54292,10.02046,55563,True,90.22955,3
20260503-032551,-OrgO6HqdCHxyNnfu0Pl,2026-05-03 05:51:39+00:00,1777787499000,8723,27.1207,50.1311,10.02063,63966,True,75.63506,3
20260503-032551,-OrgO9DmV-rQkbEdzZCk,2026-05-03 05:51:51+00:00,1777787511000,8735,27.1283,50.08565,10.02061,65930,True,63.90615,3
20260503-032551,-OrgOCJaGhv_VxEgwwII,2026-05-03 05:52:03+00:00,1777787523000,8747,27.12576,50.07161,10.02044,67146,True,58.14367,3
20260503-032551,-OrgOF599gPLmImvGXGT,2026-05-03 05:52:15+00:00,1777787535000,8759,27.1283,50.01412,10.02063,67853,True,54.04684,3
20260503-032551,-OrgOI-s8JERf0tI5MGC,2026-05-03 05:52:27+00:00,1777787547000,8771,27.13084,49.95832,10.02051,68018,True,52.57292,3
20260503-032551,-OrgOKwOmtIR4N0J6XGX,2026-05-03 05:52:39+00:00,1777787559000,8783,27.13337,49.92657,10.02067,67853,True,52.4592,3
20260503-032551,-OrgONs56HrBcd_eT9XU,2026-05-03 05:52:51+00:00,1777787571000,8795,27.13337,49.86214,10.02065,68240,True,51.57508,3
20260503-032551,-OrgOQnMe-nZ6d395Svz,2026-05-03 05:53:03+00:00,1777787583000,8807,27.13084,49.83834,10.02049,68519,True,50.66029,3
20260503-032551,-OrgOTinb4Ho4KBoII3Q,2026-05-03 05:53:15+00:00,1777787595000,8819,27.13591,49.77933,10.02071,68744,True,50.24348,3
20260503-032551,-OrgOWeKmoO4_U8Q-ZrN,2026-05-03 05:53:27+00:00,1777787607000,8831,27.13591,49.76662,10.02069,68575,True,50.21252,2
20260503-032551,-OrgOZ_sRmLzsQ6GsMsa,2026-05-03 05:53:39+00:00,1777787619000,8843,27.13084,49.77805,10.02047,68744,True,50.46774,2
20260503-032551,-OrgObWjBg18u2GvaPJE,2026-05-03 05:53:51+00:00,1777787631000,8855,27.13337,49.76058,10.02074,68857,True,50.0,2
20260503-032551,-OrgOeS977DUMk5QQZ5K,2026-05-03 05:54:03+00:00,1777787643000,8867,27.13337,49.69219,10.02051,68744,True,50.37634,2
20260503-032551,-OrgOhNDWrMLsUZ6MFBQ,2026-05-03 05:54:15+00:00,1777787655000,8879,27.13084,49.65334,10.02072,68688,True,50.3589,2
20260503-032551,-OrgOkJM6eHrTgFhAGnk,2026-05-03 05:54:27+00:00,1777787667000,8891,27.13337,49.657,10.02074,68857,True,50.17635,2
20260503-032551,-OrgOnEL0yuMiE_83wWk,2026-05-03 05:54:39+00:00,1777787679000,8903,27.13337,49.67558,10.02053,68744,True,50.39787,2
20260503-032551,-OrgOqBRU_Kyr28VEZ2E,2026-05-03 05:54:51+00:00,1777787691000,8915,27.13337,49.67653,10.02072,68970,True,50.44045,2
20260503-032551,-OrgOt5KvrOGsbFRWVh6,2026-05-03 05:55:03+00:00,1777787703000,8927,27.13337,49.67682,10.02072,69141,True,50.15028,2
20260503-032551,-OrgOwKwrYZPV0GjwBqc,2026-05-03 05:55:15+00:00,1777787715000,8939,27.13844,49.65408,10.02088,68857,True,50.5385,2
20260503-032551,-OrgOyxvton5lnb21gSr,2026-05-03 05:55:27+00:00,1777787727000,8951,27.14098,49.59483,10.02099,68914,True,50.80521,2
20260503-032551,-OrgP0stonHR0J-HcH22,2026-05-03 05:55:39+00:00,1777787739000,8963,27.13844,49.561,10.02086,69428,True,50.5476,2
20260503-032551,-OrgP3oIorZ3jLYmEv33,2026-05-03 05:55:51+00:00,1777787751000,8975,27.13084,49.56351,10.02074,69084,True,50.15368,2
20260503-032551,-OrgP6jvyu3zRI9_UE4_,2026-05-03 05:56:03+00:00,1777787763000,8987,27.13337,49.55904,10.02076,68970,True,50.57421,3
20260503-032551,-OrgP9fHo21_v2o1lwZq,2026-05-03 05:56:15+00:00,1777787775000,8999,27.13337,49.53073,10.02101,69141,True,50.05719,3
20260503-032551,-OrgPCb4hFRDMwkU888H,2026-05-03 05:56:27+00:00,1777787787000,9011,27.13337,49.47845,10.02099,69141,True,50.26292,3
20260503-032551,-OrgPFXOfsIbEsF1tWY8,2026-05-03 05:56:39+00:00,1777787799000,9023,27.13591,49.41228,10.02104,69775,True,49.91934,2
20260503-032551,-OrgPIUT4MLR9SE-qMXw,2026-05-03 05:56:51+00:00,1777787811000,9035,27.13591,49.39822,10.02106,69084,True,50.37101,2
20260503-032551,-OrgPLOfpIzNWTgsXm_W,2026-05-03 05:57:03+00:00,1777787823000,9047,27.13337,49.42692,10.02092,69428,True,50.31642,2
20260503-032551,-OrgPOJugV6k6EG6BNCl,2026-05-03 05:57:15+00:00,1777787835000,9059,27.13084,49.44316,10.021,69717,True,50.0,2
20260503-032551,-OrgPRFM8XPMGs6dcwXp,2026-05-03 05:57:27+00:00,1777787847000,9071,27.13084,49.42495,10.02086,69717,True,50.31226,2
20260503-032551,-OrgPUArqxLsH8-Y0TWn,2026-05-03 05:57:39+00:00,1777787859000,9083,27.1283,49.44475,10.02091,69313,True,50.55297,2
20260503-032551,-OrgPX6Llx0BJuDabchc,2026-05-03 05:57:51+00:00,1777787871000,9095,27.13591,49.45549,10.02101,69256,True,50.76871,2
20260503-032551,-OrgP_1jRscf2beUfElq,2026-05-03 05:58:03+00:00,1777787883000,9107,27.13591,49.46708,10.02094,69370,True,50.68615,2
20260503-032551,-OrgPcK44pDqOT7YBebC,2026-05-03 05:58:16+00:00,1777787896000,9120,27.18827,49.32091,10.02108,69428,True,50.51702,2
20260503-032551,-OrgPf8c9IMklB22uBj6,2026-05-03 05:58:28+00:00,1777787908000,9132,27.10295,49.69865,10.02112,62347,True,78.67023,3
20260503-032551,-OrgPi4DdqNqeQFgtx_w,2026-05-03 05:58:40+00:00,1777787920000,9144,27.11309,49.5011,10.02096,66295,True,66.60543,3
20260503-032551,-OrgPl07b06i8o7uORrX,2026-05-03 05:58:52+00:00,1777787932000,9156,27.12323,49.44351,10.02105,67853,True,59.10374,3
20260503-032551,-OrgPnz88gSML2AwVV0v,2026-05-03 05:59:04+00:00,1777787944000,9168,27.1207,49.41842,10.02087,68407,True,55.35381,3
20260503-032551,-OrgPqrd5DjPGVtOOKNN,2026-05-03 05:59:16+00:00,1777787956000,9180,27.1207,49.36345,10.02092,68351,True,53.5787,3
20260503-032551,-OrgPtyZWRqAdYGdNTLJ,2026-05-03 05:59:29+00:00,1777787969000,9193,27.0928,49.60717,10.02088,63433,True,65.01105,3
20260503-032551,-OrgPwuUXNQ0I_7REW49,2026-05-03 05:59:41+00:00,1777787981000,9205,27.11309,49.35476,10.0211,66985,True,60.96429,3
20260503-032551,-OrgPzrBm4q0GDOGjg3d,2026-05-03 05:59:53+00:00,1777787993000,9217,27.11563,49.32915,10.02093,68463,True,56.0426,3
20260503-032551,-OrgQ1l-NMox5AzpSuHT,2026-05-03 06:00:05+00:00,1777788005000,9229,27.1207,49.35028,10.02108,68407,True,54.37412,3
20260503-032551,-OrgQ4pCuTs2NfkfcjVP,2026-05-03 06:00:17+00:00,1777788017000,9241,27.12323,49.40122,10.02114,68631,True,53.40477,3
20260503-032551,-OrgQ7c0XWxH9xzmIMxy,2026-05-03 06:00:29+00:00,1777788029000,9253,27.1283,49.38995,10.02113,69084,True,52.48955,3
20260503-032551,-OrgQAdGv3sNyE0bWQbK,2026-05-03 06:00:41+00:00,1777788041000,9265,27.17742,49.25333,10.02119,69141,True,52.14726,3
20260503-032551,-OrgQDjmOq5x4LkaDTWi,2026-05-03 06:00:54+00:00,1777788054000,9278,27.07651,50.15435,10.02073,53165,True,71.41397,3
20260503-032551,-OrgQGen3qml_ETjppuZ,2026-05-03 06:01:06+00:00,1777788066000,9290,27.08266,49.64688,10.0209,58967,True,97.77125,3
20260503-032551,-OrgQJiq6NK6h3LboWmx,2026-05-03 06:01:18+00:00,1777788078000,9302,27.10295,49.40399,10.02099,64607,True,77.72369,3
20260503-032551,-OrgQMXGmLAYE6mx-6mE,2026-05-03 06:01:30+00:00,1777788090000,9314,27.11055,49.3096,10.02104,66612,True,65.29161,3
20260503-032551,-OrgQPSM593jSJpH8hxJ,2026-05-03 06:01:42+00:00,1777788102000,9326,27.11055,49.27681,10.02096,67634,True,58.99142,3
20260503-032551,-OrgQSNot6w1UpdwtsfI,2026-05-03 06:01:54+00:00,1777788114000,9338,27.11309,49.27419,10.02096,68184,True,56.46151,3
20260503-032551,-OrgQVJvL-AeFFHMDKho,2026-05-03 06:02:06+00:00,1777788126000,9350,27.11563,49.27028,10.02086,68575,True,54.60914,3
20260503-032551,-OrgQYEqPZyKj_bNEoXT,2026-05-03 06:02:18+00:00,1777788138000,9362,27.11563,49.2967,10.0209,68519,True,53.64473,3
20260503-032551,-OrgQaC3uI-b_xnnVDDJ,2026-05-03 06:02:30+00:00,1777788150000,9374,27.12323,49.26757,10.02088,68857,True,52.90997,3
20260503-032551,-OrgQd8O3qw5xCMRfUci,2026-05-03 06:02:42+00:00,1777788162000,9386,27.11816,49.26842,10.02089,68914,True,52.52571,3
20260503-032551,-OrgQg1VBgQ4-xVMAUyB,2026-05-03 06:02:54+00:00,1777788174000,9398,27.1283,49.15129,10.02103,68688,True,52.07558,3
20260503-032551,-OrgQixuj8Jnu9Sxt_EW,2026-05-03 06:03:06+00:00,1777788186000,9410,27.1207,49.23107,10.02099,68857,True,52.12719,3
20260503-032551,-OrgQl_YZODyIVkA6C1M,2026-05-03 06:03:17+00:00,1777788197000,9421,27.03956,49.84754,10.02094,59681,True,62.95036,3
20260503-032551,-OrgQq_xOpwaGlQ_sWq5,2026-05-03 06:03:30+00:00,1777788210000,9434,27.14009,49.40091,10.02085,62440,True,67.05745,3
20260503-032551,-OrgQrM4pvpZvPJK6R47,2026-05-03 06:03:40+00:00,1777788220000,9444,27.05636,50.01169,10.02074,50021,True,86.38809,3
20260503-032551,-OrgQuNR9awjSU5cQJOy,2026-05-03 06:03:52+00:00,1777788232000,9456,27.08266,49.45419,10.02093,59301,True,101.42018,3
20260503-032551,-OrgQyBC5Hk8m217QHPK,2026-05-03 06:04:05+00:00,1777788245000,9469,27.14263,49.22599,10.021,60985,True,95.27948,3
20260503-032551,-OrgQzvnwNlkfKJ8lhq1,2026-05-03 06:04:15+00:00,1777788255000,9479,27.00406,50.03402,10.02094,48069,True,117.31839,3
20260503-032551,-OrgR23yxdEQql_-xzOr,2026-05-03 06:04:27+00:00,1777788267000,9491,27.08266,49.2801,10.02091,61163,True,96.4962,3
20260503-032551,-OrgR4mRVadpX-U_rCYc,2026-05-03 06:04:39+00:00,1777788279000,9503,27.09534,49.13226,10.02094,64858,True,75.95891,3
20260503-032551,-OrgR7i8phbBPbJ6tWZQ,2026-05-03 06:04:51+00:00,1777788291000,9515,27.10041,49.0752,10.02104,66771,True,65.16556,3
20260503-032551,-OrgRAdhAvuf8Eks2mPK,2026-05-03 06:05:03+00:00,1777788303000,9527,27.10295,49.04842,10.02078,67525,True,60.12844,3
20260503-032551,-OrgRD_2nXwJHoDp2pIS,2026-05-03 06:05:15+00:00,1777788315000,9539,27.10295,49.02798,10.02083,67963,True,57.11073,3
20260503-032551,-OrgRGVduOeycMyNIZB0,2026-05-03 06:05:27+00:00,1777788327000,9551,27.10295,49.03468,10.02092,68744,True,54.79368,3
20260503-032551,-OrgRJR6gOk_g1ftPQIA,2026-05-03 06:05:39+00:00,1777788339000,9563,27.10548,49.03759,10.02102,68800,True,53.88846,3
20260503-032551,-OrgRMs16bJyCNZXSqUM,2026-05-03 06:05:53+00:00,1777788353000,9576,27.16545,48.87563,10.02092,68688,True,53.88253,3
20260503-032551,-OrgRPYMp7lmdBRLP-R6,2026-05-03 06:06:05+00:00,1777788365000,9588,27.0852,49.24482,10.02099,62486,True,80.24453,3
20260503-032551,-OrgRSTOB6-XZbkJPBlq,2026-05-03 06:06:17+00:00,1777788377000,9600,27.10041,49.06192,10.02113,66771,True,67.50529,3
20260503-032551,-OrgRVP1dxJJgh2FKfeN,2026-05-03 06:06:29+00:00,1777788389000,9612,27.10295,49.00024,10.02096,68018,True,60.09723,3
20260503-032551,-OrgRYQVvuaV4EXjkS5o,2026-05-03 06:06:41+00:00,1777788401000,9625,27.0852,49.24121,10.02102,63577,True,67.98396,3
20260503-032551,-OrgRaKAJ5egAng0xFHy,2026-05-03 06:06:53+00:00,1777788413000,9637,27.10295,48.98812,10.02108,67199,True,62.59348,3
20260503-032551,-OrgRdGNdfzA8EbtJDxb,2026-05-03 06:07:05+00:00,1777788425000,9649,27.11055,48.9667,10.02099,68631,True,57.34657,3
20260503-032551,-OrgRgH4HXsv90malOj2,2026-05-03 06:07:17+00:00,1777788437000,9661,27.11309,48.97241,10.02116,68744,True,54.47399,3
20260503-032551,-OrgRjLX-p1U_OqZe0J_,2026-05-03 06:07:29+00:00,1777788449000,9673,27.11055,48.96967,10.02101,69428,True,53.15713,3
20260503-032551,-OrgRm3bkcGZWhjxI_SD,2026-05-03 06:07:41+00:00,1777788461000,9685,27.11055,48.96696,10.02113,69198,True,52.58621,3
20260503-032551,-OrgRoylo00r08LBS2DI,2026-05-03 06:07:53+00:00,1777788473000,9697,27.11563,48.93826,10.0212,69027,True,52.54037,3
20260503-032551,-OrgRruxmV2yOrYRVRVZ,2026-05-03 06:08:05+00:00,1777788485000,9709,27.11055,48.93405,10.02111,69198,True,51.95127,3
20260503-032551,-OrgRwI4l3EVaZYdUqB9,2026-05-03 06:08:18+00:00,1777788498000,9722,27.16798,48.76425,10.02107,69950,True,51.32518,3
20260503-032551,-OrgS3Q_HXIcgembT_fK,2026-05-03 06:08:36+00:00,1777788516000,9740,27.06188,49.68348,10.02095,53300,True,71.17035,3
20260503-032551,-OrgS4BFkbfdMAAswfUj,2026-05-03 06:08:59+00:00,1777788539000,9763,27.04084,49.89684,10.02115,43168,True,100.57578,3
20260503-032551,-OrgS76e05xV1FnVzH7I,2026-05-03 06:09:11+00:00,1777788551000,9775,27.04716,49.16526,10.02108,52074,True,137.14078,3
20260503-032551,-OrgSA2TN-G9Bi_kXgdd,2026-05-03 06:09:23+00:00,1777788563000,9787,27.07505,48.86111,10.02123,61029,True,100.30728,3
20260503-032551,-OrgSCync6j_iLXuQS7e,2026-05-03 06:09:35+00:00,1777788575000,9799,27.07759,48.84329,10.02103,64508,True,78.3455,3
20260503-032551,-OrgSFlgkrkjBJIJH_Zy,2026-05-03 06:09:47+00:00,1777788587000,9811,27.00152,49.44544,10.02112,56047,True,83.75232,3
20260503-032551,-OrgSIhOLZSAnxUZtdQU,2026-05-03 06:09:59+00:00,1777788599000,9823,27.07252,48.85461,10.02109,64409,True,77.35334,3
20260503-032551,-OrgSLdOnhzoiBw1Y7-y,2026-05-03 06:10:11+00:00,1777788611000,9835,27.08773,48.71967,10.02119,66771,True,66.07919,3
20260503-032551,-OrgSOZDuGXo0ARGeGmU,2026-05-03 06:10:23+00:00,1777788623000,9847,27.08773,48.71505,10.02119,68073,True,59.8512,3
20260503-032551,-OrgSSy4PkqH2WCAsd0Y,2026-05-03 06:10:35+00:00,1777788635000,9859,27.09788,48.68595,10.02118,68240,True,56.79176,3
20260503-032551,-OrgSUSm215-048tHt7h,2026-05-03 06:10:47+00:00,1777788647000,9871,27.0142,49.40866,10.0211,57117,True,69.46176,3
20260503-032551,-OrgSXOCkxp-_dorWBP5,2026-05-03 06:10:59+00:00,1777788659000,9883,27.08773,48.8402,10.02117,65671,True,70.61437,3
20260503-032551,-OrgS_MjWA133OKIZiNi,2026-05-03 06:11:11+00:00,1777788671000,9895,27.10041,48.79774,10.02136,68018,True,61.43684,3
20260503-032551,-OrgScGNdbnFq27QstZY,2026-05-03 06:11:23+00:00,1777788683000,9907,27.10295,48.78233,10.02124,68857,True,56.9543,3
20260503-032551,-OrgSfZHWKDFr66JiYXx,2026-05-03 06:11:36+00:00,1777788696000,9920,27.15277,48.63386,10.0213,68857,True,56.11058,3
20260503-032551,-OrgSiM3iiwfqVJ-Np0L,2026-05-03 06:11:48+00:00,1777788708000,9932,27.0852,48.8688,10.02125,62720,True,80.95417,3
20260503-032551,-OrgSlHkPX5x6E13hbH_,2026-05-03 06:12:00+00:00,1777788720000,9944,27.0928,48.72928,10.02125,66985,True,67.66328,3
20260503-032551,-OrgSoDBNlaKubpUnhkF,2026-05-03 06:12:12+00:00,1777788732000,9956,27.0928,48.74726,10.02097,67963,True,59.85735,3
20260503-032551,-OrgSr8wqcmTkdfwLCKC,2026-05-03 06:12:24+00:00,1777788744000,9968,27.10295,48.71389,10.0212,69141,True,55.47834,3
20260503-032551,-OrgSuPeZNwMqkN0NgAx,2026-05-03 06:12:37+00:00,1777788757000,9981,27.16038,48.54365,10.02119,68688,True,55.31737,3
20260503-032551,-OrgSxFn5-hON_ucGsTe,2026-05-03 06:12:49+00:00,1777788769000,9993,27.07759,48.8919,10.02104,62909,True,80.35921,3
20260503-032551,-OrgT-B7YIcqlhthCZa7,2026-05-03 06:13:01+00:00,1777788781000,10005,27.09534,48.67853,10.02122,66931,True,67.7166,3
20260503-032551,-OrgT26RwWF0z_4o0-4z,2026-05-03 06:13:13+00:00,1777788793000,10017,27.10295,48.64372,10.02131,68295,True,59.59975,3
20260503-032551,-OrgT522dbwyX1rEIyrH,2026-05-03 06:13:25+00:00,1777788805000,10029,27.10295,48.65128,10.02112,69084,True,55.42492,3
20260503-032551,-OrgT9z6jVh9Zm_U7iYC,2026-05-03 06:13:37+00:00,1777788817000,10041,27.10295,48.63773,10.02113,69659,True,53.19561,3
20260503-032551,-OrgTAkD0H3eoS4VlSqk,2026-05-03 06:13:48+00:00,1777788828000,10052,27.15615,48.4576,10.02119,69543,True,52.88269,3
20260503-032551,-OrgTDfC-u1fSQwE6AJi,2026-05-03 06:14:00+00:00,1777788840000,10064,27.08266,48.82558,10.02109,64310,True,75.02017,3
20260503-032551,-OrgTN2t8KiiXPUQSAXi,2026-05-03 06:14:13+00:00,1777788853000,10077,27.14516,48.61893,10.02123,65517,True,72.35269,3
20260503-032551,-OrgTQNv_1LMGD-JvS5U,2026-05-03 06:14:52+00:00,1777788892000,10116,27.05559,49.41771,10.02107,51752,True,88.16321,3
20260503-032551,-OrgTT9sTFGWO00iqHLG,2026-05-03 06:15:04+00:00,1777788904000,10128,27.04716,48.97421,10.02135,50352,True,142.03638,3
20260503-032551,-OrgTW5KfV1mqlvhcWRI,2026-05-03 06:15:16+00:00,1777788916000,10140,27.06238,48.72956,10.02124,60153,True,105.80349,3
20260503-032551,-OrgTZ11WPtwOo4OvwTn,2026-05-03 06:15:28+00:00,1777788928000,10152,27.07252,48.63057,10.02123,64211,True,82.13263,3
20260503-032551,-OrgTaxA3cqiZo78wNn8,2026-05-03 06:15:40+00:00,1777788940000,10164,27.08013,48.58214,10.02135,66086,True,69.65119,3
20260503-032551,-OrgTdurGNEwEl7em4I3,2026-05-03 06:15:52+00:00,1777788952000,10176,27.08013,48.53699,10.02124,67470,True,62.65418,3
20260503-032551,-OrgTgo8BCf07ECJSTfj,2026-05-03 06:16:04+00:00,1777788964000,10188,27.09027,48.48572,10.02123,68351,True,58.61326,3
20260503-032551,-OrgTjlvZnebox77AOx7,2026-05-03 06:16:16+00:00,1777788976000,10200,27.08773,48.50264,10.02133,68857,True,56.66196,3
20260503-032551,-OrgTmG5x-94T_w6Jbbn,2026-05-03 06:16:26+00:00,1777788986000,10210,27.02181,48.98765,10.02124,60632,True,65.42366,3
20260503-032551,-OrgTp8PEdhR4EmN-fmc,2026-05-03 06:16:37+00:00,1777788997000,10221,27.1155,48.60865,10.02126,63241,True,68.53363,3
20260503-032551,-OrgTrw_d6j8ZEjmk-zG,2026-05-03 06:16:49+00:00,1777789009000,10233,27.06745,48.64295,10.02123,62393,True,85.25081,3
20260503-032551,-OrgTus3N8mU4ie4ZcpT,2026-05-03 06:17:01+00:00,1777789021000,10245,27.08266,48.50271,10.0213,66718,True,69.81691,3
20260503-032551,-OrgTxnbNTeFv_MD5_TS,2026-05-03 06:17:13+00:00,1777789033000,10257,27.0852,48.47031,10.02111,68129,True,60.96368,3
20260503-032551,-OrgU-jCoUdN0gzqIqs_,2026-05-03 06:17:25+00:00,1777789045000,10269,27.09788,48.4687,10.02125,68744,True,56.87711,3
20260503-032551,-OrgU2emifAyO5WKN0wU,2026-05-03 06:17:37+00:00,1777789057000,10281,27.09788,48.52248,10.02118,70125,True,53.38794,3
20260503-032551,-OrgU5_zPKs80PmvPHaU,2026-05-03 06:17:49+00:00,1777789069000,10293,27.09534,48.50177,10.02122,69950,True,52.45502,3
20260503-032551,-OrgU8WZk9HoYx2G5oE6,2026-05-03 06:18:01+00:00,1777789081000,10305,27.09788,48.46839,10.02109,69891,True,51.73558,3
20260503-032551,-OrgUBS6gHGCp3i-Yooz,2026-05-03 06:18:13+00:00,1777789093000,10317,27.09788,48.43496,10.02104,69891,True,51.32317,3
20260503-032551,-OrgUENewjxxBkkSPFFa,2026-05-03 06:18:25+00:00,1777789105000,10329,27.10041,48.37781,10.02118,70243,True,50.28416,3
20260503-032551,-OrgUHJO7gFl0jacZi7O,2026-05-03 06:18:37+00:00,1777789117000,10341,27.10295,48.35199,10.0214,70598,True,50.0,2
20260503-032551,-OrgUKETezGRBVyKR_29,2026-05-03 06:18:49+00:00,1777789129000,10353,27.10548,48.31554,10.02131,70718,True,50.18668,2
20260503-032551,-OrgUNA56KC_BdGsWTqU,2026-05-03 06:19:01+00:00,1777789141000,10365,27.10548,48.31797,10.02131,70480,True,50.28381,2
20260503-032551,-OrgUQCF66E_ctYgV_mO,2026-05-03 06:19:13+00:00,1777789153000,10377,27.11055,48.31955,10.0211,70837,True,50.39054,2
20260503-032551,-OrgUT0v37OuWR1CddWq,2026-05-03 06:19:25+00:00,1777789165000,10389,27.10802,48.32633,10.02137,70837,True,50.0153,2
20260503-032551,-OrgUVy5EYYcQ-ZHDAnx,2026-05-03 06:19:37+00:00,1777789177000,10401,27.10548,48.32376,10.02126,71078,True,50.0,2
20260503-032551,-OrgUhvKB893mmACzNeU,2026-05-03 06:19:49+00:00,1777789189000,10413,27.10295,48.33873,10.02136,71259,True,50.0,2
20260503-032551,-OrgUkAVu6WkC3y-jyRd,2026-05-03 06:20:40+00:00,1777789240000,10463,27.17043,48.16151,10.02134,70837,True,50.22065,2
20260503-032551,-OrgUn8qASW5G1zHgE-u,2026-05-03 06:20:52+00:00,1777789252000,10475,27.04209,48.64772,10.02134,50903,True,132.73383,2
20260503-032551,-OrgUrqKIot0ytEbcMdT,2026-05-03 06:21:05+00:00,1777789265000,10489,27.1122,48.33758,10.02137,54514,True,126.68925,2
20260503-032551,-OrgUuAln4lxiVB6gX23,2026-05-03 06:21:21+00:00,1777789281000,10504,27.02294,49.04192,10.0214,45710,True,135.61771,2
20260503-032551,-OrgUx6hHiNX5Ly2Z1oN,2026-05-03 06:21:33+00:00,1777789293000,10516,27.03702,48.49702,10.02141,54443,True,135.81447,2
20260503-032551,-OrgV-22LRw7iW045ahf,2026-05-03 06:21:45+00:00,1777789305000,10528,27.06745,48.26218,10.0215,62024,True,99.41469,2
20260503-032551,-OrgV1y4sMGlIoNCKDCw,2026-05-03 06:21:57+00:00,1777789317000,10540,27.07252,48.23823,10.02144,65262,True,79.04928,2
20260503-032551,-OrgV4txpq8GOF1LumWq,2026-05-03 06:22:09+00:00,1777789329000,10552,27.08266,48.20195,10.02156,66931,True,68.54887,3
20260503-032551,-OrgV7p-NALxmmMud8Y2,2026-05-03 06:22:21+00:00,1777789341000,10564,27.08013,48.14785,10.02142,68295,True,62.90558,3
20260503-032551,-OrgVAkTV9BNBrj5kFWZ,2026-05-03 06:22:33+00:00,1777789353000,10576,27.08266,48.10808,10.02139,68688,True,59.77498,3
20260503-032551,-OrgVDg0CDaKaOUUZMNr,2026-05-03 06:22:45+00:00,1777789365000,10588,27.08773,48.08574,10.02129,69717,True,57.08745,3
20260503-032551,-OrgVKmeUzkYRF2QmBRv,2026-05-03 06:22:57+00:00,1777789377000,10600,27.09027,48.08525,10.02133,69833,True,55.58788,3
20260503-032551,-OrgVLjBqbtmJNSBBMHm,2026-05-03 06:23:17+00:00,1777789397000,10621,27.15173,47.92826,10.02155,69601,True,55.54062,3
20260503-032551,-OrgVOgp1inPwjgLBmjM,2026-05-03 06:23:29+00:00,1777789409000,10633,27.06491,48.34592,10.02145,60023,True,95.79289,3
20260503-032551,-OrgVRa0m43hoJNGs2GL,2026-05-03 06:23:41+00:00,1777789421000,10645,27.07505,48.18856,10.02144,65878,True,78.07132,3
20260503-032551,-OrgVUXFyCrYAPptac-V,2026-05-03 06:23:53+00:00,1777789433000,10657,27.08013,48.12499,10.02135,68073,True,65.78929,3
20260503-032551,-OrgVXRxQhXg4Cpe69UL,2026-05-03 06:24:05+00:00,1777789445000,10669,27.0852,48.04294,10.02143,68970,True,59.76477,3
20260503-032551,-OrgV_Nc4WP9A7IeREpD,2026-05-03 06:24:17+00:00,1777789457000,10681,27.09027,48.01294,10.0214,69891,True,56.09533,3
20260503-032551,-OrgVcJu7rRuZlqII3Gp,2026-05-03 06:24:29+00:00,1777789469000,10693,27.0928,48.02715,10.02131,70008,True,54.67743,3
20260503-032551,-OrgVfOgyfTJoyjdllBE,2026-05-03 06:24:42+00:00,1777789482000,10706,27.00152,48.75845,10.0213,58027,True,68.0344,3
20260503-032551,-OrgViKORBMskeDhh0kN,2026-05-03 06:24:54+00:00,1777789494000,10718,27.08013,48.10122,10.02131,67038,True,69.87483,3
20260503-032551,-OrgVlFgsfLxlV6AYAF_,2026-05-03 06:25:06+00:00,1777789506000,10730,27.0852,48.00052,10.02131,69141,True,61.31898,3
20260503-032551,-OrgVoB5U1iMnwzK09xG,2026-05-03 06:25:18+00:00,1777789518000,10742,27.09534,47.90871,10.02131,70243,True,56.08437,3
20260503-032551,-OrgVr6bIQgw0CBzE5T8,2026-05-03 06:25:30+00:00,1777789530000,10754,27.10041,47.89621,10.02123,70837,True,53.59996,3
20260503-032551,-OrgVu33Dc6u8qUNoPtR,2026-05-03 06:25:42+00:00,1777789542000,10766,27.09788,47.92939,10.02139,70718,True,52.42934,3
20260503-032551,-OrgVwz54Nws8FulbDrY,2026-05-03 06:25:54+00:00,1777789554000,10778,27.0928,47.97009,10.02116,71017,True,51.57718,3
20260503-032551,-OrgW-_JkDZmYTgUec-c,2026-05-03 06:26:06+00:00,1777789566000,10790,27.10041,47.93785,10.0213,71078,True,51.2961,3
20260503-032551,-OrgW1xHTmdvqupk7KhM,2026-05-03 06:26:18+00:00,1777789578000,10803,27.07505,48.1572,10.02118,65982,True,62.10673,3
20260503-032551,-OrgW4sVo2kgXPVbeN5T,2026-05-03 06:26:30+00:00,1777789590000,10815,27.0928,47.90441,10.02109,69775,True,58.13357,3
20260503-032551,-OrgW7oOmdXNIzVqKMci,2026-05-03 06:26:42+00:00,1777789602000,10827,27.10548,47.84087,10.02137,70777,True,53.94502,3
20260503-032551,-OrgWAjgnEUgiCp4d2bU,2026-05-03 06:26:54+00:00,1777789614000,10839,27.10295,47.80179,10.02136,71381,True,51.19556,3
20260503-032551,-OrgWDeuEssVEfEUn3Kr,2026-05-03 06:27:06+00:00,1777789626000,10851,27.10802,47.81049,10.02118,71441,True,50.39382,3
20260503-032551,-OrgWGao1vhbHznSftSQ,2026-05-03 06:27:18+00:00,1777789638000,10863,27.10802,47.85674,10.02128,71320,True,50.42295,3
20260503-032551,-OrgWJXB2fUXEZh_7zcU,2026-05-03 06:27:30+00:00,1777789650000,10875,27.10295,47.85908,10.0211,71502,True,50.18877,3
20260503-032551,-OrgWMS_au5oZHIPXRBO,2026-05-03 06:27:42+00:00,1777789662000,10887,27.10041,47.9308,10.02107,71809,True,49.98787,2
20260503-032551,-OrgWPO5jkq1xbsZ6kXd,2026-05-03 06:27:54+00:00,1777789674000,10899,27.10295,47.98643,10.02127,71564,True,50.23585,2
20260503-032551,-OrgWSK1M2k7K8IWyGX0,2026-05-03 06:28:06+00:00,1777789686000,10911,27.0928,48.07133,10.02092,71259,True,50.39776,2
20260503-032551,-OrgWVFGB4Hp-lzVegxr,2026-05-03 06:28:18+00:00,1777789698000,10923,27.0928,48.18738,10.02102,71441,True,50.1429,2
20260503-032551,-OrgWYA_O5gPuyxrZHjq,2026-05-03 06:28:30+00:00,1777789710000,10935,27.10041,48.24232,10.02129,71320,True,50.83382,2
20260503-032551,-OrgWa69V0OvdE08ylfB,2026-05-03 06:28:42+00:00,1777789722000,10947,27.10041,48.44158,10.02107,71138,True,51.10608,2
20260503-032551,-OrgWd1l87OV-zOyNtNN,2026-05-03 06:28:54+00:00,1777789734000,10959,27.10548,48.83929,10.0211,70957,True,51.28525,2
20260503-032551,-OrgWgsG7vklVhNC5m_n,2026-05-03 06:29:06+00:00,1777789746000,10971,27.10802,49.05066,10.02121,70598,True,51.68871,2
20260503-032551,-OrgWiToKAmAOoQIen3s,2026-05-03 06:29:17+00:00,1777789757000,10981,27.02941,49.75915,10.02117,61932,True,61.76058,2
20260503-032551,-OrgWlOeiDb_YS1iFYJk,2026-05-03 06:29:29+00:00,1777789769000,10993,27.09534,49.18763,10.02119,67853,True,63.35852,3
20260503-032551,-OrgWoI9YUQXCgRFnm8O,2026-05-03 06:29:41+00:00,1777789781000,11005,27.10548,48.90757,10.02121,70008,True,56.71923,3
20260503-032551,-OrgWrDWPg_BKhZMf-VS,2026-05-03 06:29:53+00:00,1777789793000,11017,27.11309,48.80368,10.02135,70302,True,53.78735,3
20260503-032551,-OrgWu9Gh6ylsgkJ9Qyd,2026-05-03 06:30:05+00:00,1777789805000,11029,27.11309,48.87401,10.02117,70243,True,52.73103,3
20260503-032551,-OrgWx5vQzU5podCmJC3,2026-05-03 06:30:17+00:00,1777789817000,11041,27.1207,48.91172,10.02113,70420,True,52.3832,3
20260503-032551,-OrgX--sfqdVS1vczZhG,2026-05-03 06:30:29+00:00,1777789829000,11053,27.1207,48.95979,10.02135,70184,True,52.37375,3
20260503-032551,-OrgX1wXpQORv99Pi4pY,2026-05-03 06:30:41+00:00,1777789841000,11065,27.12323,48.9428,10.02133,70598,True,51.34111,3
20260503-032551,-OrgX4s0naWZljB5jC9l,2026-05-03 06:30:53+00:00,1777789853000,11077,27.13337,49.09126,10.02146,69833,True,52.06569,3
20260503-032551,-OrgX7oPJEcldD_hdVMo,2026-05-03 06:31:05+00:00,1777789865000,11089,27.1283,49.13453,10.02131,70361,True,51.99492,3
20260503-032551,-OrgXAjRO2OvnSicqKd1,2026-05-03 06:31:17+00:00,1777789877000,11101,27.1207,49.14407,10.02119,69891,True,52.04221,3
20260503-032551,-OrgXDeicEdmlm2CSwtV,2026-05-03 06:31:29+00:00,1777789889000,11113,27.13084,49.13863,10.02151,70361,True,51.74342,3
20260503-032551,-OrgXGa4F3FSZjSno1Hz,2026-05-03 06:31:41+00:00,1777789901000,11125,27.13084,49.20127,10.02147,70184,True,51.62846,3
20260503-032551,-OrgXJWYUaBauN--Cvr6,2026-05-03 06:31:53+00:00,1777789913000,11137,27.1283,49.26501,10.02152,70302,True,51.41119,3
20260503-032551,-OrgXM-4W0AYYV_NXNTd,2026-05-03 06:32:03+00:00,1777789923000,11147,27.18493,49.10018,10.02139,70125,True,51.40146,3
20260503-032551,-OrgXQ_YjxUsmBqW-5n-,2026-05-03 06:32:16+00:00,1777789936000,11160,27.08938,49.87828,10.02135,57117,True,66.70478,3
20260503-032551,-OrgXS5QFhuBo1Etyx9s,2026-05-03 06:32:28+00:00,1777789948000,11172,27.00406,50.37109,10.02132,46626,True,108.8282,3
20260503-032551,-OrgXV0gupgDrvV0MMNk,2026-05-03 06:32:40+00:00,1777789960000,11184,27.09788,49.6039,10.02149,60720,True,98.99181,3
20260503-032551,-OrgXXxeu70iwFjqcvVO,2026-05-03 06:32:52+00:00,1777789972000,11196,27.10295,49.5204,10.02147,65415,True,77.132,3
20260503-032551,-OrgX_tWnaxKW1E-jHeB,2026-05-03 06:33:04+00:00,1777789984000,11208,27.11309,49.48226,10.02133,66985,True,66.73548,3
20260503-032551,-OrgXcxzijqQwXTDUN52,2026-05-03 06:33:16+00:00,1777789996000,11220,27.02688,50.21819,10.02109,55563,True,77.79861,3
20260503-032551,-OrgXftGSlvdPULy5TVa,2026-05-03 06:33:28+00:00,1777790008000,11232,27.11055,49.55262,10.02124,64558,True,76.51493,3
20260503-032551,-OrgXjUp17RvLz-U_0ZQ,2026-05-03 06:33:41+00:00,1777790021000,11245,27.16545,49.36507,10.02117,65211,True,73.79546,3
20260503-032551,-OrgXm0D5kT67TvowzKn,2026-05-03 06:33:53+00:00,1777790033000,11257,27.10295,49.69165,10.02138,60764,True,91.7514,3
20260503-032551,-OrgXovp1kcT5h9YjKaC,2026-05-03 06:34:05+00:00,1777790045000,11269,27.11816,49.71002,10.02143,64607,True,76.31547,3
20260503-032551,-OrgXrrZo_2rJL7OeA0o,2026-05-03 06:34:17+00:00,1777790057000,11281,27.11816,49.75702,10.02141,66348,True,67.18575,3
20260503-032551,-OrgXumwlyRXlT9ipix3,2026-05-03 06:34:29+00:00,1777790069000,11293,27.1207,49.6788,10.02126,67253,True,62.22309,3
20260503-032551,-OrgXxiKnCF5RpqZgDRT,2026-05-03 06:34:41+00:00,1777790081000,11305,27.11816,49.66038,10.02127,67908,True,59.57365,3
20260503-032551,-OrgY-eRWEB3c4RxIimz,2026-05-03 06:34:53+00:00,1777790093000,11317,27.1207,49.6109,10.02154,67853,True,57.97713,3
20260503-032551,-OrgY2_KRyZAoINly0hS,2026-05-03 06:35:05+00:00,1777790105000,11329,27.11309,49.3251,10.02142,68800,True,55.87713,3
20260503-032551,-OrgY8_KzyXVWnmEANI7,2026-05-03 06:35:17+00:00,1777790117000,11341,27.11309,48.9798,10.02126,69256,True,53.89781,3
20260503-032551,-OrgY9LuqJiLqcaFlann,2026-05-03 06:35:33+00:00,1777790133000,11357,27.16734,48.73396,10.02147,69428,True,53.53622,3
20260503-032551,-OrgYCHK_E4bqyA6Z3U0,2026-05-03 06:35:45+00:00,1777790145000,11369,27.07252,48.78185,10.02123,61978,True,84.81277,3
20260503-032551,-OrgYFCk3SOug3n-qD8U,2026-05-03 06:35:57+00:00,1777790157000,11381,27.08013,48.53221,10.02112,67308,True,69.70761,3
20260503-032551,-OrgYI8Q_tdKjI2CEPTx,2026-05-03 06:36:09+00:00,1777790169000,11393,27.0852,48.40489,10.02131,68575,True,60.48169,3
20260503-032551,-OrgYL4403RiJnt-kKu_,2026-05-03 06:36:21+00:00,1777790181000,11405,27.0852,48.3368,10.02123,69543,True,56.13686,3
20260503-032551,-OrgYO-GgX6lHyDooKI8,2026-05-03 06:36:33+00:00,1777790193000,11417,27.0852,48.28058,10.02131,70067,True,53.23871,3
20260503-032551,-OrgYQw3z2D_wQDrg6Wo,2026-05-03 06:36:45+00:00,1777790205000,11429,27.07505,48.30021,10.02107,70243,True,52.74937,3
20260503-032551,-OrgYTrIKbvT6zgF30-h,2026-05-03 06:36:57+00:00,1777790217000,11441,27.08266,48.23093,10.0213,70480,True,52.01685,3
20260503-032551,-OrgYWmxGmBqdQlwmb01,2026-05-03 06:37:09+00:00,1777790229000,11453,27.07759,48.10759,10.02131,70837,True,51.2669,3
20260503-032551,-OrgYZLZMvmPafcpJM3I,2026-05-03 06:37:20+00:00,1777790240000,11464,26.99899,48.67056,10.02121,61658,True,61.42169,3
20260503-032551,-OrgYbJMh5hiET3G55Cw,2026-05-03 06:37:32+00:00,1777790252000,11476,27.06998,48.17458,10.02145,68575,True,62.92327,3
20260503-032551,-OrgYh2RpJoHZJXsS6aO,2026-05-03 06:37:45+00:00,1777790265000,11489,27.12234,47.97961,10.02125,69141,True,61.12167,3
20260503-032551,-OrgYho6_xqpMbejJW32,2026-05-03 06:37:58+00:00,1777790278000,11502,27.02657,48.88513,10.0213,53539,True,79.04443,3
20260503-032551,-OrgYkk0_vuIXC5KvyHi,2026-05-03 06:38:10+00:00,1777790290000,11514,27.03702,48.47558,10.02134,59895,True,102.71508,3
20260503-032551,-OrgYoz2fQjNrtEIg9fD,2026-05-03 06:38:22+00:00,1777790302000,11526,27.05223,48.43557,10.02143,65723,True,80.19555,3
20260503-032551,-OrgYsLTexaQc0lvuzUa,2026-05-03 06:38:41+00:00,1777790321000,11545,27.1128,48.2557,10.02126,66559,True,75.86075,3
20260503-032551,-OrgYv4kog2QAP84gX_K,2026-05-03 06:38:53+00:00,1777790333000,11557,27.01674,48.41934,10.02119,59852,True,100.89948,3
20260503-032551,-OrgYy0MxDbEo-wIt7OA,2026-05-03 06:39:05+00:00,1777790345000,11569,27.03448,48.18002,10.02134,65930,True,79.55295,3
20260503-032551,-OrgZ-y21q1MbiQBstmp,2026-05-03 06:39:17+00:00,1777790357000,11581,27.04209,47.96524,10.02109,68519,True,66.17029,3
20260503-032551,-OrgZ2sMouWXJOBYxd2z,2026-05-03 06:39:29+00:00,1777790369000,11593,27.04209,48.02174,10.02125,69084,True,60.14177,3
20260503-032551,-OrgZ5nlas9lrXKg-1C4,2026-05-03 06:39:41+00:00,1777790381000,11605,27.0497,48.05917,10.02126,69659,True,57.57202,3
20260503-032551,-OrgZ8jUJ2WdI-GFD73Z,2026-05-03 06:39:53+00:00,1777790393000,11617,27.04716,48.09652,10.02117,70243,True,55.65891,3
20260503-032551,-OrgZBehux3kRDBBsBNA,2026-05-03 06:40:05+00:00,1777790405000,11629,27.0497,48.06365,10.02119,70302,True,54.35597,3
20260503-032551,-OrgZEb_QyHvHd4jUOoc,2026-05-03 06:40:17+00:00,1777790417000,11641,27.04716,47.90694,10.02119,70897,True,52.79028,3
20260503-032551,-OrgZHXEnlDXE2LWvLzP,2026-05-03 06:40:29+00:00,1777790429000,11653,27.0497,47.91431,10.02116,71017,True,52.29212,3
20260503-032551,-OrgZKSBNsMAJVllL9aZ,2026-05-03 06:40:41+00:00,1777790441000,11665,27.04716,47.98568,10.02122,70837,True,52.33413,3
20260503-032551,-OrgZNNiChkoz-zxtGKr,2026-05-03 06:40:53+00:00,1777790453000,11677,27.0497,48.05638,10.02118,71199,True,51.68116,3
20260503-032551,-OrgZQJ8pdYoYIhHCues,2026-05-03 06:41:05+00:00,1777790465000,11689,27.04716,48.05556,10.02119,71502,True,51.07399,3
20260503-032551,-OrgZTQ4ycIkz_-I3njd,2026-05-03 06:41:17+00:00,1777790477000,11702,27.0142,48.36166,10.02106,65775,True,63.12193,3
20260503-032551,-OrgZW_0Qe5fO3T4NpHS,2026-05-03 06:41:29+00:00,1777790489000,11714,27.03702,48.03844,10.02116,70361,True,58.58279,3
20260503-032551,-OrgZZH9W1pRYPUWSPab,2026-05-03 06:41:41+00:00,1777790501000,11726,27.03448,47.87948,10.02102,70897,True,54.38317,3
20260503-032551,-OrgZbCbJukoPZxwiwo2,2026-05-03 06:41:53+00:00,1777790513000,11738,27.03956,47.81174,10.02105,71078,True,52.09618,3
20260503-032551,-OrgZe8APy5c5q4SWRxp,2026-05-03 06:42:05+00:00,1777790525000,11750,27.04463,47.80639,10.02106,71686,True,50.57749,3
20260503-032551,-OrgZgcMHrgOV3jrdaIR,2026-05-03 06:42:16+00:00,1777790536000,11760,26.97109,48.269,10.02118,63289,True,60.05735,3
20260503-032551,-OrgZjD8TZHwY9cWBZr0,2026-05-03 06:42:26+00:00,1777790546000,11770,26.95334,48.39875,10.02107,59469,True,73.18906,3
20260503-032551,-OrgZm8abNaUajXSba5n,2026-05-03 06:42:38+00:00,1777790558000,11782,27.03195,47.88008,10.02109,68018,True,69.383,3
20260503-032551,-OrgZp6CGIjfKttkvXps,2026-05-03 06:42:50+00:00,1777790570000,11794,27.03195,47.76735,10.02107,70184,True,59.29025,3
20260503-032551,-OrgZs-YAv6Hmcl13WwG,2026-05-03 06:43:02+00:00,1777790582000,11806,27.03448,47.74831,10.0212,70957,True,54.93083,3
20260503-032551,-OrgZuw8b6Z-vaL_KZJf,2026-05-03 06:43:14+00:00,1777790594000,11818,27.03956,47.74799,10.02105,71686,True,52.29161,3
20260503-032551,-OrgZxrsl7WNURy1PYsN,2026-05-03 06:43:26+00:00,1777790606000,11830,27.03195,47.73418,10.02105,71625,True,51.55589,3
20260503-032551,-Org_-o-f8lC_HHAJggu,2026-05-03 06:43:38+00:00,1777790618000,11842,27.02941,47.68583,10.02094,72243,True,50.0,2
20260503-032551,-Org_2i_4-k401qBkj2P,2026-05-03 06:43:50+00:00,1777790630000,11854,27.02941,47.55039,10.02099,72056,True,50.38744,2
20260503-032551,-Org_5e9RBlNU7Fwb5j1,2026-05-03 06:44:02+00:00,1777790642000,11866,27.03702,47.45599,10.02102,72681,True,50.0,2
20260503-032551,-Org_8bz95175REEEZs9,2026-05-03 06:44:14+00:00,1777790654000,11879,27.03448,47.44304,10.02104,72305,True,50.72725,2
20260503-032551,-Org_BYi85sBiwKPHwVq,2026-05-03 06:44:26+00:00,1777790666000,11891,27.03702,47.4504,10.02088,72493,True,50.30841,2
20260503-032551,-Org_FO49IaEbsJmcVf3,2026-05-03 06:44:38+00:00,1777790678000,11903,27.04209,47.39253,10.02111,72556,True,50.00264,2
20260503-032551,-Org_Hc2etCnYU66p6Pd,2026-05-03 06:44:51+00:00,1777790691000,11915,27.00659,47.66816,10.02105,67092,True,62.36578,2
20260503-032551,-Org_KYCi99h_0qjiOiJ,2026-05-03 06:45:03+00:00,1777790703000,11927,27.02688,47.44238,10.02111,71138,True,58.32145,2
20260503-032551,-Org_NTU5ZftNHiQefPw,2026-05-03 06:45:15+00:00,1777790715000,11939,27.03448,47.41652,10.02116,71747,True,54.31523,2
20260503-032551,-Org_QP41-LW2puPq118,2026-05-03 06:45:27+00:00,1777790727000,11951,27.03448,47.32201,10.02114,71994,True,52.20006,2
20260503-032551,-Org_TKaAglgR6UR4trB,2026-05-03 06:45:39+00:00,1777790739000,11963,27.0497,47.20912,10.0214,72808,True,50.76879,3
20260503-032551,-Org_WGb6XTr1LxiqkCz,2026-05-03 06:45:51+00:00,1777790751000,11975,27.03956,47.21879,10.02117,72681,True,50.54058,3
20260503-032551,-Org_ZBcoGzqReRTj5V4,2026-05-03 06:46:03+00:00,1777790763000,11987,27.04209,47.24437,10.02132,72618,True,50.18029,2
20260503-032551,-Org_b7WPEJRQgf9G_Pz,2026-05-03 06:46:15+00:00,1777790775000,11999,27.04463,47.26792,10.02122,72871,True,50.28577,2
20260503-032551,-Org_e2jjTy9XBnTmjKT,2026-05-03 06:46:27+00:00,1777790787000,12011,27.03702,47.26115,10.02132,72808,True,50.06833,2
20260503-032551,-Org_gz0K9OZXmZWXZ8s,2026-05-03 06:46:39+00:00,1777790799000,12023,27.04463,47.24311,10.02143,72998,True,50.0,2
20260503-032551,-Org_juf_kLsWc18P6E8,2026-05-03 06:46:51+00:00,1777790811000,12035,27.04716,47.13083,10.02145,73190,True,50.0,2
20260503-032551,-Org_nEIKLLHFvELCQtr,2026-05-03 06:47:04+00:00,1777790824000,12048,27.09192,46.96573,10.02134,72935,True,50.13262,2
20260503-032551,-Org_q0S0ngWQclPSi40,2026-05-03 06:47:16+00:00,1777790836000,12060,27.01166,47.36651,10.02123,66138,True,77.03162,2
20260503-032551,-Org_sxuV7Is07Rm27t-,2026-05-03 06:47:28+00:00,1777790848000,12072,27.02434,47.1279,10.02135,70361,True,64.87688,2
20260503-032551,-Org_wEoMzsdBy4fVWsq,2026-05-03 06:47:40+00:00,1777790860000,12084,27.02688,47.07825,10.02162,71932,True,57.82054,2
20260503-032551,-Org_yoAtSihijjiGZpO,2026-05-03 06:47:52+00:00,1777790872000,12096,27.02688,47.0837,10.02142,72556,True,54.06163,2
20260503-032551,-Orga0lVFqtOyChTLu_G,2026-05-03 06:48:04+00:00,1777790884000,12108,27.03195,47.03082,10.02145,72745,True,52.32822,3
20260503-032551,-Orga3zjd0_amBR72eNc,2026-05-03 06:48:17+00:00,1777790897000,12121,27.08431,46.89907,10.02141,72681,True,52.11734,3
20260503-032551,-Orga6qOa5ZVftdLiq_V,2026-05-03 06:48:29+00:00,1777790909000,12133,26.99899,47.25049,10.02138,65878,True,78.49237,3
20260503-032551,-Orga9lxnCarPkQFiJ73,2026-05-03 06:48:41+00:00,1777790921000,12145,27.01674,47.03727,10.02137,70067,True,66.12897,3
20260503-032551,-OrgaChTYUvs36zNU_07,2026-05-03 06:48:53+00:00,1777790933000,12157,27.02181,46.96423,10.02142,71381,True,58.55471,3
20260503-032551,-OrgaFcx3tn6_F7WP7bu,2026-05-03 06:49:05+00:00,1777790945000,12169,27.02181,46.98201,10.02145,72305,True,54.70424,3
20260503-032551,-OrgaI8yXtluUGeGv3u5,2026-05-03 06:49:15+00:00,1777790955000,12180,26.94574,47.48272,10.02132,63820,True,63.35989,3
20260503-032551,-OrgaL2T1RpmrWP6mmBn,2026-05-03 06:49:27+00:00,1777790967000,12192,27.01166,47.01558,10.02145,70243,True,63.846,3
20260503-032551,-OrgaNz0K5kQsItLTvYi,2026-05-03 06:49:39+00:00,1777790979000,12204,27.0142,46.97419,10.02128,71564,True,58.11327,3
20260503-032551,-OrgaQu9ImkELso7hDK2,2026-05-03 06:49:51+00:00,1777790991000,12216,27.01927,46.95795,10.02127,72556,True,54.22693,3
20260503-032551,-OrgaTpYZLnn1mI7DVnf,2026-05-03 06:50:03+00:00,1777791003000,12228,27.02181,47.04586,10.02115,72493,True,52.68299,3
20260503-032551,-OrgaWl2VeBi5mxz2mZ3,2026-05-03 06:50:15+00:00,1777791015000,12240,27.02688,46.94078,10.0213,73062,True,51.70586,3
20260503-032551,-OrgaZgZNiCgsOTxzCBZ,2026-05-03 06:50:27+00:00,1777791027000,12252,27.02434,46.92843,10.02114,73062,True,51.26392,3
20260503-032551,-Orgabc-ZvPAe7PFmrQX,2026-05-03 06:50:39+00:00,1777791039000,12264,27.02181,46.87161,10.02115,73511,True,50.34201,3
20260503-032551,-OrganLP-RBYuW2n82oz,2026-05-03 06:50:51+00:00,1777791051000,12276,27.02434,46.88132,10.02128,73446,True,50.41789,3
20260503-032551,-OrgavKQlPpOW2L1xYs0,2026-05-03 06:51:40+00:00,1777791100000,12325,27.0867,46.69834,10.02121,73511,True,50.19888,3
20260503-032551,-Orgaw5yPc62PJE1wbyj,2026-05-03 06:52:03+00:00,1777791123000,12347,26.9215,48.03832,10.02107,36104,True,103.38297,3
20260503-032551,-Orgaz0ZkW0EzTBhTXmn,2026-05-03 06:52:15+00:00,1777791135000,12359,26.94827,47.28427,10.02131,50626,True,155.69078,3
20260503-032551,-Orgb0xdHfpE-jRt20hw,2026-05-03 06:52:27+00:00,1777791147000,12371,26.97109,46.96371,10.02125,61477,True,113.75582,3
20260503-032551,-Orgb3s_t9v26UrCV_ae,2026-05-03 06:52:39+00:00,1777791159000,12383,26.98124,46.90534,10.02126,66243,True,86.99843,3
20260503-032551,-Orgb6nw_ASs9WlmkLFB,2026-05-03 06:52:51+00:00,1777791171000,12395,26.99138,46.9325,10.02133,68240,True,73.08989,3
20260503-032551,-Orgb9jRcMYDQthIx0mJ,2026-05-03 06:53:03+00:00,1777791183000,12407,26.99645,46.89935,10.02132,70125,True,65.40211,3
20260503-032551,-OrgbDtsoa6EHlC32qel,2026-05-03 06:53:16+00:00,1777791196000,12420,27.04374,46.75061,10.02134,70539,True,63.63998,3
20260503-032551,-OrgbFcg5m-i2UTR89YN,2026-05-03 06:53:27+00:00,1777791207000,12431,26.93507,47.57025,10.02108,54373,True,81.96061,3
20260503-032551,-OrgbJDIImsWWW4Y_su8,2026-05-03 06:53:40+00:00,1777791220000,12444,26.93471,47.67204,10.0213,49169,True,102.11916,3
20260503-032551,-OrgbMYeeAzJWo4XLSbl,2026-05-03 06:53:52+00:00,1777791232000,12457,26.8646,47.79786,10.02135,45071,True,137.0426,3
20260503-032551,-OrgbOp4bmg1WoSYCarc,2026-05-03 06:54:05+00:00,1777791245000,12469,26.92799,47.30339,10.0213,55379,True,131.62151,3
20260503-032551,-OrgbRhbhQPXJCVoMs8o,2026-05-03 06:54:17+00:00,1777791257000,12481,26.96602,46.96611,10.02138,64757,True,97.12871,3
20260503-032551,-OrgbUeRcmua0A6eq2oA,2026-05-03 06:54:29+00:00,1777791269000,12493,26.9787,46.92723,10.02143,67743,True,77.29231,3
20260503-032551,-OrgbXZVt3_PmnPx_6MK,2026-05-03 06:54:41+00:00,1777791281000,12505,26.98124,46.85399,10.02133,69833,True,66.96844,3
20260503-032551,-Orgb_VZBP8jn45yoeYt,2026-05-03 06:54:53+00:00,1777791293000,12517,26.98124,46.82706,10.02126,70718,True,61.18057,3
20260503-032551,-OrgbcT_5TOGiAFapeWb,2026-05-03 06:55:05+00:00,1777791305000,12529,26.98885,46.83841,10.02141,71320,True,58.23568,3
20260503-032551,-OrgbfM-WUjZhtHojuFi,2026-05-03 06:55:17+00:00,1777791317000,12541,26.99391,46.80218,10.02139,71994,True,56.12015,3
20260503-032551,-OrgbiUl0f5USyzO_GA0,2026-05-03 06:55:29+00:00,1777791329000,12554,26.97109,47.0539,10.02141,67308,True,66.08678,3
20260503-032551,-OrgblN2BwN5KoiE3nfF,2026-05-03 06:55:41+00:00,1777791341000,12566,26.98885,46.82196,10.02136,70897,True,61.87243,3
20260503-032551,-OrgboIJ3CqlWHYAoimo,2026-05-03 06:55:53+00:00,1777791353000,12578,26.99899,46.80946,10.02154,72180,True,56.90724,3
20260503-032551,-OrgbrFYlrOFcbOBCekq,2026-05-03 06:56:05+00:00,1777791365000,12590,26.99899,46.78376,10.02144,72871,True,54.27472,3
20260503-032551,-Orgbu9qS2vuOrXlq-v8,2026-05-03 06:56:17+00:00,1777791377000,12602,26.99391,46.76418,10.02137,73318,True,52.01463,3
20260503-032551,-Orgbx4sV4gthIZ8deMm,2026-05-03 06:56:29+00:00,1777791389000,12614,27.00152,46.74534,10.02149,72998,True,51.36898,3
20260503-032551,-Orgc-0sCzDkMZDPwWqa,2026-05-03 06:56:41+00:00,1777791401000,12626,27.00152,46.72828,10.02153,73254,True,51.15605,3
20260503-032551,-Orgc4RgB_NmalPv20AL,2026-05-03 06:56:53+00:00,1777791413000,12638,27.00152,46.68313,10.02155,74031,True,50.0,2
20260503-032551,-Orgc5C_Z-VN0WNrbaLH,2026-05-03 06:57:07+00:00,1777791427000,12651,27.05163,46.51899,10.02146,73965,True,49.98593,2
20260503-032551,-Orgc8ICjRbNBQLwTC1n,2026-05-03 06:57:19+00:00,1777791439000,12664,26.94827,47.25564,10.02157,60326,True,89.49963,2
20260503-032551,-OrgcOCADOB7IFJ9yhRr,2026-05-03 06:57:32+00:00,1777791452000,12677,27.01331,46.93243,10.02143,63723,True,88.11177,2
20260503-032551,-OrgcOxyvV6B1iOXQvmD,2026-05-03 06:58:28+00:00,1777791508000,12732,26.92976,47.48153,10.02141,51752,True,102.78766,2
20260503-032551,-OrgcRucVbFK_pOxTrPl,2026-05-03 06:58:40+00:00,1777791520000,12744,26.91278,47.21774,10.02167,48458,True,165.61487,2
20260503-032551,-OrgcUoufJiVU2uPFdsd,2026-05-03 06:58:52+00:00,1777791532000,12756,26.9432,46.87646,10.02167,60109,True,122.1126,2
20260503-032551,-OrgcXkiUWMuRE54eoLt,2026-05-03 06:59:04+00:00,1777791544000,12768,26.95081,46.8255,10.02163,65517,True,91.67092,2
20260503-032551,-Orgc_fuYQwntVtco8PA,2026-05-03 06:59:16+00:00,1777791556000,12780,26.95334,46.84588,10.02167,67963,True,75.79573,3
20260503-032551,-OrgccbhrmrwDq7Zx-HH,2026-05-03 06:59:28+00:00,1777791568000,12792,26.96095,46.89811,10.02167,69543,True,67.59853,3
20260503-032551,-OrgcfZM1qMfYxB3K5pv,2026-05-03 06:59:40+00:00,1777791580000,12804,26.97109,46.81617,10.0218,70539,True,62.64459,3
20260503-032551,-OrgciVkPmx4rpyCIvCq,2026-05-03 06:59:52+00:00,1777791592000,12816,26.97109,46.79584,10.02159,71199,True,59.63343,3
20260503-032551,-OrgcmKW7mN8EBQZJKeE,2026-05-03 07:00:04+00:00,1777791604000,12828,26.97617,46.71426,10.02198,72243,True,56.36277,3
20260503-032551,-OrgcoZ4_1iK68MisfEP,2026-05-03 07:00:17+00:00,1777791617000,12841,26.94827,46.99701,10.02183,66665,True,67.51375,3
20260503-032551,-OrgcrUYIkcYb6nRZ89t,2026-05-03 07:00:29+00:00,1777791629000,12853,26.9787,46.75576,10.02183,71017,True,62.66101,3
20260503-032551,-OrgcuPt6baaiFrcsFuz,2026-05-03 07:00:41+00:00,1777791641000,12865,26.9787,46.71244,10.02169,72556,True,56.76164,3
20260503-032551,-OrgcxLOi5BUpV5AdYSt,2026-05-03 07:00:53+00:00,1777791653000,12877,26.97617,46.70652,10.02176,73062,True,53.95435,3
20260503-032551,-Orgd-Gt4Yin8OPciun9,2026-05-03 07:01:05+00:00,1777791665000,12889,26.98124,46.69204,10.02175,73446,True,52.22113,3
20260503-032551,-Orgd2CnNYJUmSa0XGg2,2026-05-03 07:01:17+00:00,1777791677000,12901,26.98377,46.65322,10.02191,73446,True,51.3222,3
20260503-032551,-Orgd58kOBwuLHxPXVJ3,2026-05-03 07:01:29+00:00,1777791689000,12913,26.98885,46.60626,10.02189,73705,True,50.86525,3
20260503-032551,-Orgd83JBgfCoPmc2WaL,2026-05-03 07:01:41+00:00,1777791701000,12925,26.98885,46.53988,10.02183,74031,True,50.09671,3
20260503-032551,-OrgdB-TQXJSBfVzCin_,2026-05-03 07:01:53+00:00,1777791713000,12937,26.98377,46.55456,10.02177,74293,True,49.89128,2
20260503-032551,-OrgdE2QoKmAHU0Ftqy3,2026-05-03 07:02:05+00:00,1777791725000,12949,26.98377,46.51168,10.02179,74031,True,50.1745,2
20260503-032551,-OrgdGsgGqqB7uHrNpX7,2026-05-03 07:02:17+00:00,1777791737000,12961,26.98377,46.48467,10.02184,74228,True,50.11709,2
20260503-032551,-OrgdJmVYxaGadwkppCi,2026-05-03 07:02:29+00:00,1777791749000,12973,26.99138,46.47401,10.02186,74492,True,50.0,2
20260503-032551,-OrgdMhhhX36roawmN8S,2026-05-03 07:02:41+00:00,1777791761000,12985,26.99391,46.54675,10.02169,74425,True,50.0823,2
20260503-032551,-OrgdPdo4p5_WNPb8uBN,2026-05-03 07:02:53+00:00,1777791773000,12997,26.99138,46.54247,10.02163,74558,True,50.09001,2
20260503-032551,-OrgdSm35tsQ55kIaEK_,2026-05-03 07:03:05+00:00,1777791785000,13009,26.99138,46.48292,10.02154,74492,True,50.0,2
20260503-032551,-OrgdVVLlJnxkA4ewIHu,2026-05-03 07:03:17+00:00,1777791797000,13021,26.98631,46.46775,10.02158,74891,True,49.92616,2
20260503-032551,-OrgdYTtSQIRpiez-NTq,2026-05-03 07:03:29+00:00,1777791809000,13033,26.98377,46.51801,10.02154,74624,True,50.30346,2
20260503-032551,-OrgdaNUWEc4-uOI8dD8,2026-05-03 07:03:41+00:00,1777791821000,13045,26.98631,46.48498,10.0216,74758,True,50.01552,2
20260503-032551,-OrgddHnqgoXQss_dJhz,2026-05-03 07:03:53+00:00,1777791833000,13057,26.98885,46.56038,10.0217,74758,True,50.06679,2
20260503-032551,-OrgdgDrGjbIrZtRs0NL,2026-05-03 07:04:05+00:00,1777791845000,13069,26.99391,46.58096,10.02185,74958,True,50.0,2
20260503-032551,-OrgdjApfHVqVtHIbhuQ,2026-05-03 07:04:17+00:00,1777791857000,13081,26.98631,46.55864,10.02169,74558,True,50.43489,2
20260503-032551,-Orgdm4cqGuOUA6EiOYE,2026-05-03 07:04:29+00:00,1777791869000,13093,26.98631,46.44205,10.02141,74624,True,50.58658,2
20260503-032551,-Orgdp-f8lVJpk6dpMdo,2026-05-03 07:04:41+00:00,1777791881000,13105,26.98631,46.4288,10.02169,74492,True,50.40292,2
20260503-032551,-Orgdrwdgt3xYd4P-JPg,2026-05-03 07:04:53+00:00,1777791893000,13117,26.98631,46.35813,10.02164,74758,True,50.36956,2
20260503-032551,-OrgdurjUh6Nedl6mdEL,2026-05-03 07:05:05+00:00,1777791905000,13129,26.98124,46.34686,10.0215,75228,True,50.0,2
20260503-032551,-Orgdxo90q_KzgX1Vxpu,2026-05-03 07:05:17+00:00,1777791917000,13141,26.9787,46.33537,10.02148,75160,True,50.13196,2
20260503-032551,-Orge-jAMRABqxqSTYjs,2026-05-03 07:05:29+00:00,1777791929000,13153,26.98631,46.30671,10.02158,74758,True,50.70206,2
20260503-032551,-Orge2eTllrKTQm6uXSb,2026-05-03 07:05:41+00:00,1777791941000,13165,26.98124,46.30866,10.02152,75363,True,50.09689,2
20260503-032551,-Orge5_c44frnFsMgDB7,2026-05-03 07:05:53+00:00,1777791953000,13177,26.98377,46.30735,10.02151,75025,True,50.53033,2
20260503-032551,-Orge8WsDW1yBpyvFq7B,2026-05-03 07:06:05+00:00,1777791965000,13189,26.9787,46.28969,10.02157,75160,True,50.26357,2
20260503-032551,-OrgeBe7oAGwCOqJWwz3,2026-05-03 07:06:17+00:00,1777791977000,13201,26.98124,46.28892,10.0215,75093,True,50.38478,2
20260503-032551,-OrgeENHbhcJ0Dt1Na3M,2026-05-03 07:06:29+00:00,1777791989000,13213,26.9787,46.32437,10.02137,75363,True,50.29094,2
20260503-032551,-OrgeHJdPb6dvnj1lX45,2026-05-03 07:06:41+00:00,1777792001000,13225,26.98885,46.33201,10.02164,75228,True,50.61732,2
20260503-032551,-OrgeKEBskxXfO82gs-b,2026-05-03 07:06:53+00:00,1777792013000,13237,26.97617,46.29637,10.02123,74958,True,50.90219,2
20260503-032551,-OrgeN9qlOE3wIrF334y,2026-05-03 07:07:05+00:00,1777792025000,13249,26.98124,46.34803,10.02155,75431,True,50.15643,2
20260503-032551,-OrgeQ6EvgPUofx4b78n,2026-05-03 07:07:17+00:00,1777792037000,13261,26.98377,46.38712,10.02153,75025,True,50.70926,3
20260503-032551,-OrgeSleAjdTPU4obJR4,2026-05-03 07:07:28+00:00,1777792048000,13272,26.90517,46.93511,10.02155,64508,True,62.0577,3
20260503-032551,-OrgeVgN0f_l-avOmXaZ,2026-05-03 07:07:40+00:00,1777792060000,13284,26.96856,46.44056,10.02144,72243,True,63.75834,3
20260503-032551,-OrgeYddzvSB15Vn4Ex1,2026-05-03 07:07:52+00:00,1777792072000,13296,26.96856,46.34967,10.02162,73705,True,58.10657,3
20260503-032551,-OrgeaZB4wPgZ7w_DlJv,2026-05-03 07:08:04+00:00,1777792084000,13308,26.96856,46.34608,10.02128,74228,True,55.10984,3
20260503-032551,-OrgedUZREDEsW_SwbyY,2026-05-03 07:08:16+00:00,1777792096000,13320,26.97363,46.36425,10.02152,74425,True,53.04827,3
20260503-032551,-OrgegPf7QA7KK6zrYkc,2026-05-03 07:08:28+00:00,1777792108000,13332,26.9787,46.39603,10.02155,74758,True,52.51863,3
20260503-032551,-OrgejLf-8rVFVE1U432,2026-05-03 07:08:40+00:00,1777792120000,13344,26.97617,46.36971,10.02142,74758,True,52.07309,3
20260503-032551,-OrgemHQ14kEPR14t3uu,2026-05-03 07:08:52+00:00,1777792132000,13356,26.9787,46.34956,10.02139,74758,True,51.90595,3
20260503-032551,-OrgepCQu1jaHxiQusSi,2026-05-03 07:09:04+00:00,1777792144000,13368,26.96856,46.381,10.0213,74691,True,52.03075,3
20260503-032551,-Orges7I8BSHUlrRIXxl,2026-05-03 07:09:16+00:00,1777792156000,13380,26.9787,46.35146,10.02143,74891,True,51.72795,3
20260503-032551,-OrgevyRsUwlV4mcfpDJ,2026-05-03 07:09:28+00:00,1777792168000,13392,26.9787,46.3485,10.02137,74558,True,52.11665,3
20260503-032551,-OrgexhuBono3m_KGCTM,2026-05-03 07:09:39+00:00,1777792179000,13403,26.9001,46.88595,10.02127,64409,True,62.99553,3
20260503-032551,-Orgf-dYwClxn2d3BZ87,2026-05-03 07:09:51+00:00,1777792191000,13415,26.97109,46.42665,10.0215,71932,True,64.64265,3
20260503-032551,-Orgf2_2lCwRFuLSztJa,2026-05-03 07:10:03+00:00,1777792203000,13427,26.96856,46.39389,10.02146,73835,True,58.40368,3
20260503-032551,-Orgf5VN58aqkLaqjH3d,2026-05-03 07:10:15+00:00,1777792215000,13439,26.96856,46.37711,10.02146,74096,True,55.28722,3
20260503-032551,-Orgf8e8R6TSG_9R2hHM,2026-05-03 07:10:27+00:00,1777792227000,13452,26.94574,46.6381,10.02148,68800,True,65.89734,3
20260503-032551,-OrgfC9zKJBRXREOEduQ,2026-05-03 07:10:40+00:00,1777792240000,13465,27.00824,46.36607,10.0213,70125,True,66.24286,3
20260503-032551,-OrgfEkygn4Z3joz1skS,2026-05-03 07:10:52+00:00,1777792252000,13477,26.94067,46.58963,10.02136,66718,True,86.22632,3
20260503-032551,-OrgfHk_tITetpRN5OUA,2026-05-03 07:11:05+00:00,1777792265000,13489,26.93306,46.60106,10.0214,65826,True,84.63434,3
20260503-032551,-OrgfKi30wwHIc2tplty,2026-05-03 07:11:17+00:00,1777792277000,13501,26.94827,46.34479,10.0214,71259,True,70.55422,3
20260503-032551,-OrgfNbIBkPrEmg1Xd5c,2026-05-03 07:11:29+00:00,1777792289000,13513,26.95588,46.31224,10.02154,72745,True,62.07833,3
20260503-032551,-OrgfQYO5JfpHOOH9yph,2026-05-03 07:11:41+00:00,1777792301000,13525,26.95842,46.27182,10.02149,73446,True,57.51476,3
20260503-032551,-OrgfTTSbufN47ic3qJN,2026-05-03 07:11:53+00:00,1777792313000,13537,26.95842,46.19938,10.02156,73965,True,55.47657,3
20260503-032551,-OrgfWOtw7awWUdCHlzq,2026-05-03 07:12:05+00:00,1777792325000,13549,26.96095,46.19584,10.02144,74228,True,54.03369,3
20260503-032551,-OrgfZMggS-ZT7ElD-jq,2026-05-03 07:12:17+00:00,1777792337000,13561,26.96095,46.18263,10.02128,74758,True,53.04493,3
20260503-032551,-OrgfbNGIL-MV1SM9Ij6,2026-05-03 07:12:29+00:00,1777792349000,13573,26.96095,46.18167,10.02141,74758,True,52.64349,3
20260503-032551,-OrgfeBp0YUhG0L9wtt5,2026-05-03 07:12:41+00:00,1777792361000,13585,26.96349,46.11632,10.02157,74891,True,51.88097,3
20260503-032551,-Orgfh6wbB0lOOpcW3nD,2026-05-03 07:12:53+00:00,1777792373000,13597,26.96349,46.18515,10.02153,74958,True,51.99655,3
20260503-032551,-Orgfk2WS3toGXdvkIJT,2026-05-03 07:13:05+00:00,1777792385000,13609,26.96095,46.2523,10.02155,74758,True,52.11164,3
20260503-032551,-OrgfmzspYltTEqq4o90,2026-05-03 07:13:17+00:00,1777792397000,13621,26.96349,46.2907,10.02159,74824,True,52.12539,3
20260503-032551,-OrgfpuIqJH7pUjgnHUh,2026-05-03 07:13:29+00:00,1777792409000,13633,26.96095,46.30646,10.02156,74758,True,51.89624,3
20260503-032551,-OrgfsqxKklu2ZaZqOb4,2026-05-03 07:13:41+00:00,1777792421000,13645,26.95842,46.51075,10.02163,74824,True,51.61713,3
20260503-032551,-OrgfvlYCjoNlUlIH_tS,2026-05-03 07:13:53+00:00,1777792433000,13657,26.95334,46.6325,10.02151,74492,True,52.30823,3
20260503-032551,-OrgfyI59QhuSC72be2g,2026-05-03 07:14:03+00:00,1777792443000,13667,26.88742,47.06429,10.02163,65059,True,62.21913,3
20260503-032551,-Orgg0DEm_MZE_tbMaMT,2026-05-03 07:14:15+00:00,1777792455000,13679,26.94827,46.51893,10.0218,72243,True,63.70408,3
20260503-032551,-Orgg38p4UnOniyrYAIA,2026-05-03 07:14:27+00:00,1777792467000,13691,26.95081,46.51704,10.02165,73835,True,57.82826,3
20260503-032551,-Orgg64DYWlzLjXlRnVH,2026-05-03 07:14:39+00:00,1777792479000,13703,26.95081,46.51173,10.02174,73965,True,54.90778,3
20260503-032551,-Orgg9-pOnrwId9Q-Q_2,2026-05-03 07:14:51+00:00,1777792491000,13715,26.95081,46.45577,10.02163,74492,True,53.13788,3
20260503-032551,-OrggBwJuzcZBnsGGVXd,2026-05-03 07:15:03+00:00,1777792503000,13727,26.94827,46.34562,10.02162,74096,True,52.80898,3
20260503-032551,-OrggEs6HxiMpE70R_Qh,2026-05-03 07:15:15+00:00,1777792515000,13739,26.95334,46.2992,10.02174,74758,True,52.31425,3
20260503-032551,-OrggI0e5AWVGkNoeggh,2026-05-03 07:15:28+00:00,1777792528000,13752,26.85953,47.04795,10.02175,61208,True,67.27785,3
20260503-032551,-OrggLxYBRY58RqwlxSr,2026-05-03 07:15:40+00:00,1777792540000,13764,26.94067,46.41558,10.02166,71078,True,69.56329,3
20260503-032551,-OrggNSPzdbYNKf5C-0X,2026-05-03 07:15:50+00:00,1777792550000,13774,26.8646,46.84954,10.02165,63626,True,74.13393,3
20260503-032551,-OrggQNbdF59lfSiFraI,2026-05-03 07:16:02+00:00,1777792562000,13786,26.93053,46.48421,10.02176,70957,True,69.87174,3
20260503-032551,-OrggTIxzSFJk0t_c1MM,2026-05-03 07:16:14+00:00,1777792574000,13798,26.93559,46.44991,10.02169,73382,True,60.61736,3
20260503-032551,-OrggWEvK9zFinFwNbDN,2026-05-03 07:16:26+00:00,1777792586000,13810,26.94067,46.3348,10.02175,73770,True,56.37675,3
20260503-032551,-OrggZA3CID9Pze_vQQ_,2026-05-03 07:16:38+00:00,1777792598000,13822,26.94827,46.35295,10.02185,74096,True,54.25485,3
20260503-032551,-Orggb5YIRX-Mckjqzz8,2026-05-03 07:16:50+00:00,1777792610000,13834,26.94827,46.38284,10.02196,74359,True,53.60163,3
20260503-032551,-Orgge1NH2dgd5k2rC0P,2026-05-03 07:17:02+00:00,1777792622000,13846,26.94574,46.40042,10.0219,74162,True,53.11652,3
20260503-032551,-Orgggxo9AUl4S3LfnwK,2026-05-03 07:17:14+00:00,1777792634000,13858,26.94827,46.34072,10.02212,74624,True,52.27663,3
20260503-032551,-Orggjt6k-lUdF9xUzGv,2026-05-03 07:17:26+00:00,1777792646000,13870,26.94574,46.30592,10.02179,74891,True,52.06465,3
20260503-032551,-OrggmophmImAvb5UeVR,2026-05-03 07:17:38+00:00,1777792658000,13882,26.9432,46.34179,10.02198,74425,True,52.38525,3
20260503-032551,-Orggq7V4urR01NR6JzR,2026-05-03 07:17:51+00:00,1777792671000,13895,27.00064,46.21008,10.02192,74758,True,52.26567,3
20260503-032551,-Orggsvb5A5fSwtrfHa_,2026-05-03 07:18:03+00:00,1777792683000,13907,26.91785,46.60632,10.02205,67416,True,79.35224,3
20260503-032551,-Orggvqu2B_FtnLUKcEi,2026-05-03 07:18:15+00:00,1777792695000,13919,26.93053,46.59035,10.02203,71625,True,67.72632,3
20260503-032551,-OrggymVav8je1KHWgqJ,2026-05-03 07:18:27+00:00,1777792707000,13931,26.93559,46.41025,10.02205,73446,True,59.93732,3
20260503-032551,-Orgh0hzyZInhMRCO2lH,2026-05-03 07:18:39+00:00,1777792719000,13943,26.93306,46.34475,10.02189,73965,True,56.39077,3
20260503-032551,-OrghP9zkA_V9vMQpbIm,2026-05-03 07:20:17+00:00,1777792817000,14041,26.85953,46.84824,10.02199,48318,True,159.77032,3
20260503-032551,-OrghRSLALll7Qi4H6bt,2026-05-03 07:20:29+00:00,1777792829000,14053,26.88235,46.5466,10.02197,60153,True,124.33459,3
20260503-032551,-OrghUOyvEedVPxHbwqn,2026-05-03 07:20:41+00:00,1777792841000,14065,26.89503,46.39746,10.022,65775,True,95.37764,3
20260503-032551,-OrghXJ4uXtBESyNLttH,2026-05-03 07:20:53+00:00,1777792853000,14077,26.89756,46.32766,10.02201,68519,True,79.40051,3
20260503-032551,-Orgh_F1GemKFdZocErE,2026-05-03 07:21:05+00:00,1777792865000,14089,26.90771,46.24339,10.02201,70480,True,70.22023,3
20260503-032551,-OrghcAUdEjliaj7zzaA,2026-05-03 07:21:17+00:00,1777792877000,14101,26.91024,46.35484,10.02203,71381,True,65.37291,3
20260503-032551,-Orghf5fRqCcLu5Kekp6,2026-05-03 07:21:29+00:00,1777792889000,14113,26.91278,46.32339,10.02185,72618,True,61.86752,3
20260503-032551,-Orghi19mgLLa3N3hoON,2026-05-03 07:21:41+00:00,1777792901000,14125,26.91278,46.24057,10.02186,72243,True,60.11125,3
20260503-032551,-OrghlD12g86KNtcf2-T,2026-05-03 07:21:53+00:00,1777792913000,14137,26.92038,46.32001,10.02183,73062,True,58.46359,3
20260503-032551,-OrghnuHHY7lCz7RPjDj,2026-05-03 07:22:05+00:00,1777792925000,14149,26.91785,46.33344,10.02188,73965,True,56.66927,3
20260503-032551,-Orghqr6EtKbX6jyOROo,2026-05-03 07:22:17+00:00,1777792937000,14161,26.92799,46.43115,10.02192,73446,True,56.0926,3
20260503-032551,-OrghtpQKBF4yGprx6SN,2026-05-03 07:22:29+00:00,1777792949000,14173,26.89756,46.72825,10.02188,68744,True,66.25308,3
20260503-032551,-OrghxCKCw8_S88kNR4M,2026-05-03 07:22:42+00:00,1777792962000,14186,26.9626,46.49172,10.02183,70957,True,65.72375,3
20260503-032551,-Orghzw8cRvjCvAFWpDV,2026-05-03 07:22:54+00:00,1777792974000,14198,26.89503,46.59029,10.02184,66295,True,87.06361,3
20260503-032551,-Orgi1rWgFwpINpzVcpu,2026-05-03 07:23:06+00:00,1777792986000,14210,26.90517,46.34107,10.02176,70777,True,72.46107,3
20260503-032551,-Orgi4mxLC3yMAv67Gjr,2026-05-03 07:23:18+00:00,1777792998000,14222,26.90771,46.26725,10.02162,72367,True,63.27001,3
20260503-032551,-Orgi7lGsfDYHfoLrphD,2026-05-03 07:23:30+00:00,1777793010000,14234,26.91531,46.28175,10.02187,73446,True,58.77518,3
20260503-032551,-OrgiAdp6sihExkS1XeJ,2026-05-03 07:23:42+00:00,1777793022000,14246,26.92038,46.27354,10.02172,73575,True,56.61467,3
20260503-032551,-OrgiDa6PJbVGjOBrvdW,2026-05-03 07:23:54+00:00,1777793034000,14258,26.91531,46.20417,10.02159,74293,True,54.37568,3
20260503-032551,-OrgiGVsB7MCCnVBWaDy,2026-05-03 07:24:06+00:00,1777793046000,14270,26.92292,46.14298,10.02175,74492,True,53.39463,3
20260503-032551,-OrgiJRnLPBq0kaCADHz,2026-05-03 07:24:18+00:00,1777793058000,14282,26.92546,46.13377,10.02178,74758,True,52.82073,3
20260503-032551,-OrgiMNmD4Q3o6xGE3LS,2026-05-03 07:24:30+00:00,1777793070000,14294,26.91785,46.12019,10.02152,74758,True,52.5226,3
20260503-032551,-OrgiPJv-1EczB8g_OAp,2026-05-03 07:24:42+00:00,1777793082000,14306,26.92038,46.09662,10.02169,75160,True,51.99203,3
20260503-032551,-OrgiSQdgm_E2VCZv5_7,2026-05-03 07:24:54+00:00,1777793094000,14318,26.92546,46.15931,10.02168,75160,True,51.86414,3
20260503-032551,-OrgiVB9nvLoIE555iUj,2026-05-03 07:25:06+00:00,1777793106000,14330,26.91785,46.1138,10.02163,74558,True,52.09335,3
20260503-032551,-OrgiY4wq9ykMp-_NgmV,2026-05-03 07:25:18+00:00,1777793118000,14342,26.92546,46.19468,10.02173,74958,True,52.00214,3
20260503-032551,-Orgia4-p_c_PNdG9B_D,2026-05-03 07:25:30+00:00,1777793130000,14354,26.91785,46.31289,10.02145,74891,True,51.88697,3
20260503-032551,-OrgiczXv3fGWHlQCGyp,2026-05-03 07:25:42+00:00,1777793142000,14366,26.92292,46.34095,10.02176,74758,True,52.12293,3
20260503-032551,-OrgifsTkeWSmZvnNzzm,2026-05-03 07:25:54+00:00,1777793154000,14378,26.92038,46.17502,10.02169,75093,True,51.38461,3
20260503-032551,-OrgiiqVCuJXdA7Og8Mn,2026-05-03 07:26:06+00:00,1777793166000,14390,26.91785,46.16151,10.02159,75160,True,51.0535,3
20260503-032551,-OrgiljabVgh7b97CyG6,2026-05-03 07:26:18+00:00,1777793178000,14402,26.91785,46.19845,10.02165,75160,True,50.93761,3
20260503-032551,-OrgiogNlPjskCBVDc5A,2026-05-03 07:26:30+00:00,1777793190000,14414,26.91531,46.16067,10.02155,75228,True,51.14854,3
20260503-032551,-OrgirafIKhFoTVBikGT,2026-05-03 07:26:42+00:00,1777793202000,14426,26.91278,46.11837,10.02156,75567,True,50.61176,3
20260503-032551,-OrgiuXRNbPgVAdBQieo,2026-05-03 07:26:54+00:00,1777793214000,14438,26.91785,46.07059,10.02158,75431,True,50.71594,3
20260503-032551,-OrgixSRbLsUryKqNwGU,2026-05-03 07:27:06+00:00,1777793226000,14450,26.92038,46.14173,10.02169,75093,True,50.97087,3
20260503-032551,-Orgj-Nvai3stxMyYtmb,2026-05-03 07:27:18+00:00,1777793238000,14462,26.92292,46.12053,10.0218,75160,True,50.81947,3
20260503-032551,-Orgj2JhcpTdmu1ZMs61,2026-05-03 07:27:30+00:00,1777793250000,14474,26.91785,46.15875,10.02161,75499,True,50.70531,3
20260503-032551,-Orgj5F4Ba4VeMvP-OlY,2026-05-03 07:27:42+00:00,1777793262000,14486,26.92038,46.14256,10.02169,75228,True,51.15081,3
20260503-032551,-Orgj8AOTFnrC14a1sGw,2026-05-03 07:27:54+00:00,1777793274000,14498,26.91531,46.24522,10.0218,75093,True,51.3015,3
20260503-032551,-OrgjBdKl7Zy5Sog3A9x,2026-05-03 07:28:06+00:00,1777793286000,14510,26.91278,46.2883,10.02181,75228,True,50.94515,3
20260503-032551,-OrgjE27juQgcfz2n6VA,2026-05-03 07:28:18+00:00,1777793298000,14522,26.91531,46.25308,10.02159,75160,True,51.25842,3
20260503-032551,-OrgjGyKWP9XWjDW05QP,2026-05-03 07:28:30+00:00,1777793310000,14534,26.91531,46.1604,10.02175,75635,True,50.52614,3
20260503-032551,-OrgjJtReI-KwqMVi9b9,2026-05-03 07:28:42+00:00,1777793322000,14546,26.91785,46.25963,10.02172,75228,True,51.26595,3
20260503-032551,-OrgjMovodhswPZNP0ut,2026-05-03 07:28:54+00:00,1777793334000,14558,26.91024,46.3352,10.02196,75295,True,51.14135,3
20260503-032551,-OrgjPkVbZJTODQrzYkO,2026-05-03 07:29:06+00:00,1777793346000,14570,26.91785,46.32644,10.02182,75093,True,51.1663,3
20260503-032551,-OrgjSfqalTpghhH_vrf,2026-05-03 07:29:18+00:00,1777793358000,14582,26.90517,46.21105,10.02158,75567,True,50.56616,3
20260503-032551,-OrgjVbRlIT_jvjtuD4R,2026-05-03 07:29:30+00:00,1777793370000,14594,26.91531,46.11925,10.0219,75431,True,50.5633,3
20260503-032551,-OrgjYyRbIjDdfhHd3pV,2026-05-03 07:29:43+00:00,1777793383000,14607,26.97021,45.94212,10.02182,75228,True,50.77164,3
20260503-032551,-OrgjaiFLnZa5DXscJql,2026-05-03 07:29:55+00:00,1777793395000,14619,26.88996,46.33869,10.02187,67853,True,78.34789,3
20260503-032551,-OrgjdgWqSLhZ7H7NSsZ,2026-05-03 07:30:07+00:00,1777793407000,14631,26.89503,46.21847,10.0217,72681,True,66.06376,3
20260503-032551,-OrgjgaTgESwWejhTYYT,2026-05-03 07:30:19+00:00,1777793419000,14643,26.90263,46.10028,10.02179,73575,True,59.19333,3
20260503-032551,-OrgjjX3EkON1CDReaHN,2026-05-03 07:30:31+00:00,1777793431000,14655,26.90263,46.08379,10.02184,74293,True,55.66254,3
20260503-032551,-OrgjmRLZw9h-BhOEtMo,2026-05-03 07:30:43+00:00,1777793443000,14667,26.9001,46.13169,10.02175,74624,True,53.86169,3
20260503-032551,-OrgjpN1Z61fz1pUHedL,2026-05-03 07:30:55+00:00,1777793455000,14679,26.91024,46.06705,10.02202,75093,True,52.4618,3
20260503-032551,-Orgjst9HSyatprHeYim,2026-05-03 07:31:07+00:00,1777793467000,14691,26.90771,46.06528,10.02191,75228,True,51.70256,3
20260503-032551,-OrgjvERm_8WN_8tySfF,2026-05-03 07:31:19+00:00,1777793479000,14703,26.90517,46.00913,10.02178,75228,True,51.55273,3
20260503-032551,-Orgjy9GfhORTlZXkzE4,2026-05-03 07:31:31+00:00,1777793491000,14715,26.91024,46.02102,10.02209,75567,True,50.88663,3
20260503-032551,-Orgk058zF3uGcAOM9L9,2026-05-03 07:31:43+00:00,1777793503000,14727,26.91024,45.96201,10.02202,75499,True,51.01842,3
20260503-032551,-Orgk30Q4QAeXyBV-Yrw,2026-05-03 07:31:55+00:00,1777793515000,14739,26.91278,45.94975,10.02199,75841,True,50.12475,3
20260503-032551,-Orgk5x6MIl984C0u2E0,2026-05-03 07:32:07+00:00,1777793527000,14751,26.91278,45.94423,10.02209,75635,True,50.44937,3
20260503-032551,-Orgk8sJY-HOgrnvXKxJ,2026-05-03 07:32:19+00:00,1777793539000,14763,26.91024,45.93062,10.02214,75499,True,50.7161,3
20260503-032551,-OrgkBnofpCpB9FUh5Nf,2026-05-03 07:32:31+00:00,1777793551000,14775,26.90517,45.95557,10.02193,75567,True,50.32095,3
20260503-032551,-OrgkEjLqkp0dZOHBVNh,2026-05-03 07:32:43+00:00,1777793563000,14787,26.91278,45.97499,10.02222,75431,True,50.60404,3
20260503-032551,-OrgkHemekiPcwAsclwr,2026-05-03 07:32:55+00:00,1777793575000,14799,26.90771,45.98,10.02224,75978,True,50.38118,3
20260503-032551,-OrgkKMw4FddS6Nu3iQi,2026-05-03 07:33:06+00:00,1777793586000,14810,26.95799,45.84868,10.02208,75363,True,50.74047,3
20260503-032551,-OrgkNIhIebEBPfqgSjj,2026-05-03 07:33:18+00:00,1777793598000,14822,26.88742,46.13845,10.02218,69659,True,73.72057,3
20260503-032551,-OrgkQHrLhSFp6AfRS_t,2026-05-03 07:33:30+00:00,1777793610000,14834,26.90263,45.93995,10.02219,73062,True,64.23624,3
20260503-032551,-OrgkT8hROFEBL1UyDi5,2026-05-03 07:33:42+00:00,1777793622000,14846,26.89503,45.94305,10.0219,74359,True,57.7378,3
20260503-032551,-OrgkW49d9-2y71rWtOD,2026-05-03 07:33:54+00:00,1777793634000,14858,26.9001,45.91304,10.0221,74558,True,54.68924,3
20260503-032551,-OrgkZ0R8DSwbTuJQxEd,2026-05-03 07:34:06+00:00,1777793646000,14870,26.90263,45.91862,10.02203,75295,True,53.30583,3
20260503-032551,-OrgkdeWwMRrgNvMm2s7,2026-05-03 07:34:19+00:00,1777793659000,14883,26.87728,46.25233,10.02214,69256,True,65.06453,3
20260503-032551,-OrgkeX-rvYJpAugE8fO,2026-05-03 07:34:33+00:00,1777793673000,14897,26.93775,46.01143,10.02203,70718,True,65.66835,3
20260503-032551,-OrgkhRRmiWJRGXaD9IN,2026-05-03 07:34:45+00:00,1777793685000,14909,26.86714,46.33661,10.02205,66612,True,87.83086,3
20260503-032551,-OrgkjyHNqEGA1LdMb0t,2026-05-03 07:34:55+00:00,1777793695000,14919,26.80121,46.76685,10.0219,61297,True,89.12967,3
20260503-032551,-OrgkmtlDcRzOLW0skbR,2026-05-03 07:35:07+00:00,1777793707000,14931,26.87474,46.23991,10.02206,70420,True,77.58749,3
20260503-032551,-OrgkppenYw6Fn5w6rNh,2026-05-03 07:35:19+00:00,1777793719000,14943,26.88235,46.13602,10.02201,72493,True,65.44971,3
20260503-032551,-OrgkskmDGgvo3FWYUyG,2026-05-03 07:35:31+00:00,1777793731000,14955,26.88742,46.19691,10.02211,73900,True,58.8448,3
20260503-032551,-OrgkvgSPqmsxhKkxrUM,2026-05-03 07:35:43+00:00,1777793743000,14967,26.88742,46.19543,10.02227,73965,True,56.55173,3
20260503-032551,-OrgkyboMdq7X3UIjsCX,2026-05-03 07:35:55+00:00,1777793755000,14979,26.88488,46.22017,10.02228,74293,True,55.21616,3
20260503-032551,-Orgl0YGmpZYmheMhPS7,2026-05-03 07:36:07+00:00,1777793767000,14991,26.88742,46.15073,10.02198,74492,True,54.42254,3
20260503-032551,-Orgl3TmFB6p0702pD7L,2026-05-03 07:36:19+00:00,1777793779000,15003,26.88996,46.29164,10.02197,74558,True,53.36082,3
20260503-032551,-Orgl6QEjWDn_qStQYRC,2026-05-03 07:36:31+00:00,1777793791000,15015,26.88742,46.32003,10.02204,74958,True,52.64627,3
20260503-032551,-Orgl9L5zCyRZQ3DntD7,2026-05-03 07:36:43+00:00,1777793803000,15027,26.89249,46.24966,10.02201,74958,True,52.86499,3
20260503-032551,-OrglCGq-_ouU9SxtUZy,2026-05-03 07:36:55+00:00,1777793815000,15039,26.88488,46.1748,10.02196,74958,True,52.63921,3
20260503-032551,-OrglFDm46hd5d3VQSvl,2026-05-03 07:37:07+00:00,1777793827000,15051,26.88996,46.12143,10.02201,75228,True,51.5102,3
20260503-032551,-OrglOHJ3_AskuOy_97F,2026-05-03 07:37:19+00:00,1777793839000,15063,26.88996,46.07952,10.02213,74958,True,51.80659,3
20260503-032551,-OrglP26r9xAa9DVux3x,2026-05-03 07:37:47+00:00,1777793867000,15092,26.94795,45.95004,10.02186,75431,True,51.5118,3
20260503-032551,-OrglRyfOX9VHqZFrkzN,2026-05-03 07:37:59+00:00,1777793879000,15104,26.83924,46.71322,10.02176,61163,True,106.33649,3
20260503-032551,-OrglUu36luoK3Tho5qX,2026-05-03 07:38:11+00:00,1777793891000,15116,26.86206,46.29825,10.02186,68800,True,85.07348,3
20260503-032551,-OrglXqjd2Lp8TUTzksA,2026-05-03 07:38:23+00:00,1777793903000,15128,26.85953,46.08324,10.02173,71441,True,70.14052,3
20260503-032551,-Orgl_l0leE-CmCTkzDU,2026-05-03 07:38:35+00:00,1777793915000,15140,26.87474,46.27121,10.02201,72808,True,62.48605,3
20260503-032551,-OrglcgT50EnY9dHc_nn,2026-05-03 07:38:47+00:00,1777793927000,15152,26.8646,46.52686,10.0219,73254,True,59.33966,3
20260503-032551,-Orglfc4EP6RdhhD3F43,2026-05-03 07:38:59+00:00,1777793939000,15164,26.87221,46.34972,10.02204,73900,True,56.96507,3
20260503-032551,-OrgliYOcbYYxtx3m-TZ,2026-05-03 07:39:11+00:00,1777793951000,15176,26.87474,46.31246,10.02203,74162,True,55.10179,3
20260503-032551,-OrgllU47-CNNsp5rLoV,2026-05-03 07:39:23+00:00,1777793963000,15188,26.87728,46.25658,10.02198,74293,True,54.25774,3
20260503-032551,-OrglqghaxLnzyfsUeZy,2026-05-03 07:39:36+00:00,1777793976000,15201,26.93217,46.1277,10.02191,74691,True,53.83467,3
20260503-032551,-Orglu1pCFo4bcrNpJwc,2026-05-03 07:39:58+00:00,1777793998000,15222,26.82222,47.051,10.0217,57628,True,73.19988,3
20260503-032551,-OrglxJocQmPwUg3Ek_V,2026-05-03 07:40:10+00:00,1777794010000,15234,26.82149,46.38755,10.02175,60239,True,115.05509,3
20260503-032551,-Orgm-RM-Wds03zKMmuA,2026-05-03 07:40:21+00:00,1777794021000,15245,26.88961,46.07546,10.022,62767,True,108.91803,3
20260503-032551,-Orgm1eoYbT-0T286B1U,2026-05-03 07:40:34+00:00,1777794034000,15258,26.80374,46.51357,10.0218,57549,True,121.44898,3
20260503-032551,-Orgm4an9sviScgXS5sI,2026-05-03 07:40:46+00:00,1777794046000,15270,26.83417,46.12575,10.02178,67688,True,93.0108,3
20260503-032551,-Orgm7X1gRcCBJ542p1S,2026-05-03 07:40:58+00:00,1777794058000,15282,26.84939,46.10484,10.02194,70480,True,74.83316,3
20260503-032551,-OrgmAXhN6zTwdOMXD_H,2026-05-03 07:41:10+00:00,1777794070000,15294,26.85699,46.04256,10.02178,72556,True,65.23019,3
20260503-032551,-OrgmDNqe9v4plDXlx1d,2026-05-03 07:41:22+00:00,1777794082000,15306,26.86206,45.98374,10.02188,73254,True,60.47316,3
20260503-032551,-OrgmGJHBQaVU257n14N,2026-05-03 07:41:34+00:00,1777794094000,15318,26.8646,45.97053,10.0219,73965,True,57.62069,3
20260503-032551,-OrgmJEa8AZdmeKpQgRu,2026-05-03 07:41:46+00:00,1777794106000,15330,26.8646,46.01528,10.02195,74096,True,55.66077,3
20260503-032551,-OrgmMAPt3Ad0va63ebe,2026-05-03 07:41:58+00:00,1777794118000,15342,26.86714,46.102,10.02184,74228,True,55.39925,3
20260503-032551,-OrgmP7-_7QeXlhTHR24,2026-05-03 07:42:10+00:00,1777794130000,15354,26.8646,46.1824,10.02179,74228,True,54.90675,3
20260503-032551,-OrgmS19czxmArpL4nOY,2026-05-03 07:42:22+00:00,1777794142000,15366,26.86714,46.04262,10.0218,74691,True,53.62337,3
20260503-032551,-OrgmUy4HgmpqWnIo7nZ,2026-05-03 07:42:34+00:00,1777794154000,15378,26.87474,45.92776,10.02196,75499,True,52.42999,3
20260503-032551,-OrgmXu8RWXSXvteQekh,2026-05-03 07:42:46+00:00,1777794166000,15390,26.87981,45.90637,10.02207,75093,True,52.43193,3
20260503-032551,-Orgm_q_-Lf7pAaOi7PB,2026-05-03 07:42:58+00:00,1777794178000,15402,26.87728,45.98406,10.02205,75499,True,51.81445,3
20260503-032551,-Orgmcqv19bmUY2LfwF6,2026-05-03 07:43:10+00:00,1777794190000,15414,26.87474,45.96831,10.02196,75295,True,51.82061,3
20260503-032551,-OrgmfoNcHfgKFcvDNRG,2026-05-03 07:43:22+00:00,1777794202000,15426,26.87474,45.93887,10.02187,75704,True,51.27713,3
20260503-032551,-OrgmibRNoYw5frPl32Y,2026-05-03 07:43:34+00:00,1777794214000,15438,26.87728,46.00587,10.02193,75567,True,51.34054,3
20260503-032551,-OrgmlXlIomWipaLTJUm,2026-05-03 07:43:46+00:00,1777794226000,15450,26.87981,45.99043,10.02184,75772,True,50.77262,3
20260503-032551,-OrgmoT6fZMJNetiGgGc,2026-05-03 07:43:58+00:00,1777794238000,15462,26.87474,45.92685,10.02164,75567,True,51.13662,3
20260503-032551,-Orgmr_KCuqiPUCtYEut,2026-05-03 07:44:11+00:00,1777794251000,15475,26.85446,46.28491,10.02193,70243,True,62.75067,3
20260503-032551,-Orgmu7MWz9JLsyunQFP,2026-05-03 07:44:21+00:00,1777794261000,15485,26.78346,46.61516,10.02169,63337,True,72.88681,3
20260503-032551,-OrgmxQ-O0ux_Q2p1CbQ,2026-05-03 07:44:34+00:00,1777794274000,15498,26.8916,46.18317,10.02177,67038,True,75.16183,3
20260503-032551,-Orgn-EAGNMuhWsEJ8N3,2026-05-03 07:44:46+00:00,1777794286000,15510,26.84178,46.11176,10.02171,66243,True,92.09119,3
20260503-032551,-Orgn29pqWQVumZ2cXMZ,2026-05-03 07:44:58+00:00,1777794298000,15522,26.85699,45.97973,10.02169,71747,True,73.19632,3
20260503-032551,-Orgn5K7SNiBz4w4T-zo,2026-05-03 07:45:11+00:00,1777794311000,15535,26.81896,46.19081,10.02148,67308,True,77.44038,3
20260503-032551,-Orgn8FsqZyO1y9ttchE,2026-05-03 07:45:23+00:00,1777794323000,15547,26.85446,45.86255,10.02182,72305,True,67.30789,3
20260503-032551,-OrgnBAx3D1q7q53_fXO,2026-05-03 07:45:35+00:00,1777794335000,15559,26.86206,45.95117,10.02186,73511,True,60.12557,3
20260503-032551,-OrgnE6LU0FcHjEV3U2p,2026-05-03 07:45:47+00:00,1777794347000,15571,26.86967,45.96551,10.02191,74691,True,56.02774,3
20260503-032551,-OrgnH1rKflzY6uhg0QG,2026-05-03 07:45:59+00:00,1777794359000,15583,26.86967,45.85335,10.02196,74824,True,54.41158,3
20260503-032551,-OrgnJyONhwzp3uFLvN5,2026-05-03 07:46:11+00:00,1777794371000,15595,26.86714,45.83233,10.02184,75431,True,52.86987,3
20260503-032551,-OrgnN1E9RnzLERRBXwU,2026-05-03 07:46:23+00:00,1777794383000,15607,26.87474,45.78291,10.02197,75228,True,52.5514,3
20260503-032551,-OrgnPpYzdbOyHkfJo4a,2026-05-03 07:46:35+00:00,1777794395000,15619,26.86714,45.86171,10.02191,75910,True,51.34084,3
20260503-032551,-OrgnSku_FYmlxcShjYV,2026-05-03 07:46:47+00:00,1777794407000,15631,26.86714,46.06603,10.0218,75363,True,51.69637,3
20260503-032551,-OrgnVgalJA2g79VUTmX,2026-05-03 07:46:59+00:00,1777794419000,15643,26.87474,45.85509,10.0219,75635,True,51.44825,3
20260503-032551,-OrgnYdOp9SfxIp11yEd,2026-05-03 07:47:11+00:00,1777794431000,15655,26.86714,45.86383,10.02171,75841,True,51.1181,3
20260503-032551,-OrgnaYQX6q5TNBztbo4,2026-05-03 07:47:23+00:00,1777794443000,15667,26.86714,45.99586,10.02178,75772,True,51.03733,3
20260503-032551,-OrgndU1RsRjkQgAzwoI,2026-05-03 07:47:35+00:00,1777794455000,15679,26.86714,45.90316,10.02175,75841,True,50.42352,3
20260503-032551,-OrgngPLjj_1CPU3s7Ke,2026-05-03 07:47:47+00:00,1777794467000,15691,26.85953,45.90995,10.02157,75978,True,50.34101,3
20260503-032551,-OrgnjKwhCFUyNNaW36s,2026-05-03 07:47:59+00:00,1777794479000,15703,26.86714,45.86172,10.02166,76325,True,50.07043,3
20260503-032551,-OrgnmGQTSvQFNh0S6Jf,2026-05-03 07:48:11+00:00,1777794491000,15715,26.8646,45.7743,10.02169,76464,True,50.0,2
20260503-032551,-OrgnpBy0--dJAbM5aUF,2026-05-03 07:48:23+00:00,1777794503000,15727,26.86714,45.89362,10.0218,75635,True,50.84442,2
20260503-032551,-Orgns7LolV5Nyq_hCJn,2026-05-03 07:48:35+00:00,1777794515000,15739,26.86206,45.95126,10.02172,75704,True,50.76242,2
20260503-032551,-Orgnv2zGu4ZRlSm9JzU,2026-05-03 07:48:47+00:00,1777794527000,15751,26.8646,45.89061,10.02174,76047,True,50.0659,2
20260503-032551,-OrgnxzPZzBuyzDpKaIn,2026-05-03 07:48:59+00:00,1777794539000,15763,26.8646,45.9172,10.02179,75841,True,50.58135,2
20260503-032551,-Orgo-uskjF9rowRC731,2026-05-03 07:49:11+00:00,1777794551000,15775,26.8646,45.85054,10.02172,75567,True,50.90557,2
20260503-032551,-Orgo2rgCTmdd6_Cfhk_,2026-05-03 07:49:23+00:00,1777794563000,15787,26.86967,45.83033,10.02179,75978,True,50.55809,2
20260503-032551,-Orgo7kvVGrHo6CD3noQ,2026-05-03 07:49:35+00:00,1777794575000,15799,26.8646,45.75843,10.02169,76255,True,50.04131,2
20260503-032551,-Orgo8X7IwNzqi_rgS7E,2026-05-03 07:49:46+00:00,1777794586000,15810,26.9228,45.59368,10.02175,76047,True,50.1674,2
20260503-032551,-OrgoBTkAgK7W8WSdxXp,2026-05-03 07:49:58+00:00,1777794598000,15822,26.84178,45.91299,10.02155,69891,True,73.95085,3
20260503-032551,-OrgoEOF7D3-OdLAFQ0G,2026-05-03 07:50:10+00:00,1777794610000,15834,26.85192,45.74215,10.02177,74162,True,62.80902,3
20260503-032551,-OrgoHlLJKkFyvoaY4gB,2026-05-03 07:50:23+00:00,1777794623000,15847,26.91442,45.57077,10.02185,74228,True,60.82679,3
20260503-032551,-OrgoKVCpDB2m74BtYCR,2026-05-03 07:50:35+00:00,1777794635000,15859,26.8291,45.98141,10.02174,68240,True,82.8378,3
20260503-032551,-OrgoNQXXwIjsRt9puLE,2026-05-03 07:50:47+00:00,1777794647000,15871,26.84431,45.83953,10.02165,72367,True,69.54911,3
20260503-032551,-OrgoQLvyMmwd-uWFZTY,2026-05-03 07:50:59+00:00,1777794659000,15883,26.85192,45.78659,10.02161,74293,True,60.51239,3
20260503-032551,-OrgoTHOYfvREU303qcE,2026-05-03 07:51:11+00:00,1777794671000,15895,26.84431,45.74662,10.02165,74691,True,56.2657,3
20260503-032551,-OrgoWCnDXChRoouwq1C,2026-05-03 07:51:23+00:00,1777794683000,15907,26.85192,45.84763,10.02179,75228,True,54.19062,3
20260503-032551,-OrgoZ8XKjy-MQCh-mb3,2026-05-03 07:51:35+00:00,1777794695000,15919,26.84431,45.85364,10.02168,75295,True,53.30002,3
20260503-032551,-Orgob3zZ97hNnSwW1hC,2026-05-03 07:51:47+00:00,1777794707000,15931,26.84431,45.7794,10.02161,75295,True,52.75125,3
20260503-032551,-Orgoe-JeqOIDGjL98UK,2026-05-03 07:51:59+00:00,1777794719000,15943,26.85446,45.78962,10.02184,75635,True,51.87805,3
20260503-032551,-Orgogvuws-cEDU8QCEJ,2026-05-03 07:52:11+00:00,1777794731000,15955,26.84939,45.83595,10.02178,75704,True,51.58915,3
20260503-032551,-Orgojt4c2ToOLfXxtJK,2026-05-03 07:52:23+00:00,1777794743000,15967,26.85446,45.86886,10.02179,76186,True,51.25662,3
20260503-032551,-OrgonXhsvvJpzzy-Btc,2026-05-03 07:52:35+00:00,1777794755000,15979,26.84685,45.86014,10.0217,75635,True,51.59716,3
20260503-032551,-OrgoppLnjk_V4fgopag,2026-05-03 07:52:48+00:00,1777794768000,15992,26.81896,46.22254,10.02152,70184,True,63.31632,3
20260503-032551,-OrgosklUtPQWosRcrhU,2026-05-03 07:53:00+00:00,1777794780000,16004,26.84431,45.77843,10.02172,74293,True,59.34826,3
20260503-032551,-Orgovjqs9iZlAqHr9f1,2026-05-03 07:53:12+00:00,1777794792000,16016,26.84939,45.66495,10.02176,75295,True,55.12924,3
20260503-032551,-OrgoybkUIWUXDTrOlOe,2026-05-03 07:53:24+00:00,1777794804000,16028,26.84431,45.7253,10.02175,75704,True,53.10315,3
20260503-032551,-Orgp0Z8Muu3aBnq6y_Q,2026-05-03 07:53:36+00:00,1777794816000,16040,26.84685,45.80186,10.02188,75431,True,52.44918,3
20260503-032551,-Orgp3Uz7oe53wTk6xhr,2026-05-03 07:53:48+00:00,1777794828000,16052,26.85192,45.79711,10.02212,75499,True,51.80288,3
20260503-032551,-Orgp6PDwpQpmJVpZmAl,2026-05-03 07:54:00+00:00,1777794840000,16064,26.84685,45.91859,10.02202,75841,True,51.5426,3
20260503-032551,-Orgp9MRzLnIN1uF5nT8,2026-05-03 07:54:12+00:00,1777794852000,16076,26.84685,45.99886,10.02197,75772,True,51.34806,3
20260503-032551,-OrgpCHbZtxZllTTAGql,2026-05-03 07:54:24+00:00,1777794864000,16088,26.84431,45.87926,10.02182,75704,True,51.46582,3
20260503-032551,-OrgpFBpeY6wXBBByo0n,2026-05-03 07:54:36+00:00,1777794876000,16100,26.84178,45.80452,10.0219,76047,True,50.76213,3
20260503-032551,-OrgpI7Inkm6b0bpVzCU,2026-05-03 07:54:48+00:00,1777794888000,16112,26.84178,45.84161,10.02185,75978,True,50.35064,3
20260503-032551,-OrgpL2kqcTouvCNeoTJ,2026-05-03 07:55:00+00:00,1777794900000,16124,26.84685,45.78461,10.02204,75978,True,50.36315,3
20260503-032551,-OrgpNzVuZyG-GZA1oFh,2026-05-03 07:55:12+00:00,1777794912000,16136,26.84178,45.81162,10.02194,75978,True,50.72965,3
20260503-032551,-OrgpQugYywxILByNKMV,2026-05-03 07:55:24+00:00,1777794924000,16148,26.84685,45.72434,10.02207,76394,True,50.0,2
20260503-032551,-OrgpYm0UPmYYk8hceWP,2026-05-03 07:55:36+00:00,1777794936000,16160,26.84939,45.66158,10.02201,76674,True,50.0,2
20260503-032551,-OrgpZlQWBq-nwucCpV4,2026-05-03 07:56:00+00:00,1777794960000,16184,26.90406,45.46458,10.02196,76604,True,50.0,2
20260503-032551,-Orgpbo-ifs_eraZejtX,2026-05-03 07:56:12+00:00,1777794972000,16196,26.76825,46.35198,10.02194,56538,True,110.73805,2
20260503-032551,-Orgpeim2LpbPmSnx__f,2026-05-03 07:56:24+00:00,1777794984000,16208,26.81389,45.81827,10.02218,68631,True,91.7753,2
20260503-032551,-Orgphe7N5Xr8o3GExgs,2026-05-03 07:56:36+00:00,1777794996000,16220,26.82149,45.71177,10.02205,71871,True,73.3363,2
20260503-032551,-Orgpka0sj6w5edHWETN,2026-05-03 07:56:48+00:00,1777795008000,16232,26.8291,45.73019,10.02207,73254,True,64.29454,2
20260503-032551,-OrgpnXyOCLn2scsUECm,2026-05-03 07:57:00+00:00,1777795020000,16244,26.8291,45.7209,10.02216,74359,True,59.16744,2
20260503-032551,-OrgpqTz3hLi7fXXWMb_,2026-05-03 07:57:12+00:00,1777795032000,16256,26.83417,45.60518,10.02206,75228,True,56.56655,3
20260503-032551,-OrgptNQHPUyMqopo--r,2026-05-03 07:57:24+00:00,1777795044000,16268,26.8291,45.60923,10.02214,75635,True,54.48488,3
20260503-032551,-OrgpwIemcp47-poX2Xw,2026-05-03 07:57:36+00:00,1777795056000,16280,26.83671,45.62487,10.02217,75431,True,54.15985,3
20260503-032551,-OrgpzE7bT5vWMrrLrZM,2026-05-03 07:57:48+00:00,1777795068000,16292,26.83924,45.62992,10.02242,75704,True,53.20141,3
20260503-032551,-Orgq19sXuDb-f1DL3bs,2026-05-03 07:58:00+00:00,1777795080000,16304,26.83417,45.66214,10.02217,75635,True,53.50162,3
20260503-032551,-Orgq3fhxfHmNHFPXv0d,2026-05-03 07:58:11+00:00,1777795091000,16315,26.7581,46.22463,10.02197,66718,True,62.73491,3
20260503-032551,-Orgq6bBqQ1hwW2yyTIv,2026-05-03 07:58:23+00:00,1777795103000,16327,26.73528,46.48258,10.02208,60326,True,79.65805,3
20260503-032551,-OrgqAuzwptggEKapLDr,2026-05-03 07:58:36+00:00,1777795116000,16340,26.84596,46.05096,10.02214,64657,True,83.359,3
20260503-032551,-Orgq_jpRHhqMqWJNrhc,2026-05-03 08:00:25+00:00,1777795225000,16449,26.74035,45.94968,10.02221,48627,True,188.4597,2
20260503-032551,-OrgqcNKlDAc_mi2upQa,2026-05-03 08:00:37+00:00,1777795237000,16461,26.76825,45.75114,10.02222,59937,True,135.20352,2
20260503-032551,-OrgqfIpf41zltShcXFP,2026-05-03 08:00:49+00:00,1777795249000,16473,26.77839,45.69171,10.02219,65620,True,101.70496,2
20260503-032551,-OrgqiEFsqoWOsk-OmCc,2026-05-03 08:01:01+00:00,1777795261000,16485,26.786,45.6959,10.02222,68688,True,84.12398,2
20260503-032551,-OrgqlALvc9xZlgJPifu,2026-05-03 08:01:13+00:00,1777795273000,16497,26.7936,45.68044,10.02219,70480,True,74.16238,2
20260503-032551,-Orgqo5Y--lFQMTsoUAl,2026-05-03 08:01:25+00:00,1777795285000,16509,26.79867,45.69477,10.02211,72180,True,68.21973,3
20260503-032551,-Orgqr1HQq5dE6Fua1HM,2026-05-03 08:01:37+00:00,1777795297000,16521,26.80374,45.74085,10.02214,72556,True,64.11273,3
20260503-032551,-OrgquVnIvJGrdMzuBHU,2026-05-03 08:01:49+00:00,1777795309000,16533,26.80628,45.72077,10.02207,73900,True,61.09597,3
20260503-032551,-Orgqwse92e40OrpVDMe,2026-05-03 08:02:01+00:00,1777795321000,16545,26.81135,45.68745,10.02207,74031,True,59.49305,3
20260503-032551,-Orgqzonv4RzopIMEYuv,2026-05-03 08:02:13+00:00,1777795333000,16557,26.81389,45.69949,10.02216,74359,True,57.80387,3
20260503-032551,-Orgr1jg6Y_Zc5aprFmk,2026-05-03 08:02:25+00:00,1777795345000,16569,26.81135,45.74796,10.02205,74624,True,56.74177,3
20260503-032551,-Orgr4fACJjqFSon1RgL,2026-05-03 08:02:37+00:00,1777795357000,16581,26.81642,45.6614,10.02204,74691,True,56.33319,3
20260503-032551,-Orgr7cHVGyeVjjT7-FG,2026-05-03 08:02:49+00:00,1777795369000,16593,26.81389,45.68723,10.02188,75499,True,54.85513,3
20260503-032551,-OrgrAI4hKAjRSarCnpT,2026-05-03 08:03:00+00:00,1777795380000,16604,26.87171,45.55941,10.02212,75228,True,54.73137,3
20260503-032551,-OrgrDCOmxvUHEr8iKrS,2026-05-03 08:03:12+00:00,1777795392000,16616,26.80121,45.73903,10.02204,70067,True,76.34679,3
20260503-032551,-OrgrG8JdUq2olVgR3dE,2026-05-03 08:03:24+00:00,1777795404000,16628,26.81135,45.66858,10.02194,73318,True,66.05835,3
20260503-032551,-OrgrJ3biqwNqTpyHdVt,2026-05-03 08:03:36+00:00,1777795416000,16640,26.81135,45.80438,10.02194,74096,True,59.92671,3
20260503-032551,-OrgrM-YcaZ0a4p_1q-B,2026-05-03 08:03:48+00:00,1777795428000,16652,26.80882,45.74416,10.02192,74824,True,56.61097,3
20260503-032551,-OrgrOwqhse-fS9eHVgp,2026-05-03 08:04:00+00:00,1777795440000,16664,26.81389,45.68046,10.02205,75295,True,54.80872,3
20260503-032551,-OrgrRdMKWEcujHnJJaE,2026-05-03 08:04:11+00:00,1777795451000,16675,26.72768,46.31201,10.02192,64908,True,65.76926,3
20260503-032551,-OrgrUZav1rK49zZAKxt,2026-05-03 08:04:23+00:00,1777795463000,16687,26.80121,45.8069,10.02201,72618,True,67.04999,3
20260503-032551,-OrgrYDAUz1AwAyoeHEC,2026-05-03 08:04:36+00:00,1777795476000,16700,26.85864,45.57021,10.02191,73770,True,64.5859,3
20260503-032551,-Orgr_fbxOIEjT8AwZH_,2026-05-03 08:04:48+00:00,1777795488000,16712,26.77332,45.9332,10.02184,67634,True,85.09404,3
20260503-032551,-Orgrcm4nE_h_RoD8zAG,2026-05-03 08:05:00+00:00,1777795500000,16724,26.79867,45.71648,10.02202,72493,True,70.48572,3
20260503-032551,-OrgrfXX-KkMHyqAGGOW,2026-05-03 08:05:12+00:00,1777795512000,16736,26.80121,45.65101,10.02206,73835,True,62.18766,3
20260503-032551,-OrgriTAtk1TJh2df8AH,2026-05-03 08:05:24+00:00,1777795524000,16748,26.79614,45.66668,10.02198,74958,True,57.30484,3
20260503-032551,-OrgrlOPs7jcdjmcDlvz,2026-05-03 08:05:36+00:00,1777795536000,16760,26.80374,45.70634,10.02212,75025,True,55.72786,3
20260503-032551,-Orgro1zgA_NLT8HldEC,2026-05-03 08:05:47+00:00,1777795547000,16771,26.71754,46.30178,10.02186,65313,True,65.45117,3
20260503-032551,-OrgrqyOOfEOOm0en30V,2026-05-03 08:05:59+00:00,1777795559000,16783,26.79107,45.85055,10.02195,72935,True,66.54533,3
20260503-032551,-Orgru20URYaD4-Sq2YP,2026-05-03 08:06:11+00:00,1777795571000,16796,26.70739,46.41526,10.02182,61932,True,75.90676,3
20260503-032551,-OrgrwyZJDxh3ChT7o3U,2026-05-03 08:06:23+00:00,1777795583000,16808,26.78346,45.79083,10.02193,71259,True,73.79898,3
20260503-032551,-Orgrzut2_EiIM5_uGF9,2026-05-03 08:06:35+00:00,1777795595000,16820,26.79867,45.73341,10.02192,73705,True,63.56758,3
20260503-032551,-Orgs1pcLrQPSNoh04Yr,2026-05-03 08:06:47+00:00,1777795607000,16832,26.80121,45.81688,10.02183,74691,True,58.14152,3
20260503-032551,-Orgs4l2qohlBxW75M2h,2026-05-03 08:06:59+00:00,1777795619000,16844,26.80121,45.72603,10.02202,75295,True,55.14939,3
20260503-032551,-Orgs7ghngYY6K2iWoY8,2026-05-03 08:07:11+00:00,1777795631000,16856,26.80628,45.73692,10.02221,75841,True,53.65774,3
20260503-032551,-OrgsAckgKs4eC9-0EGI,2026-05-03 08:07:23+00:00,1777795643000,16868,26.80121,45.72312,10.02192,75704,True,52.7518,3
20260503-032551,-OrgsDh3rNrJihgJvvvf,2026-05-03 08:07:36+00:00,1777795656000,16880,26.77585,45.97342,10.02202,70897,True,63.72793,3
20260503-032551,-OrgsHDw6d7gm3j4HFe7,2026-05-03 08:07:49+00:00,1777795669000,16893,26.84089,45.7572,10.02208,72180,True,63.95342,3
20260503-032551,-OrgsK8GU-Q0S8mvSTx6,2026-05-03 08:08:01+00:00,1777795681000,16905,26.77332,45.86673,10.02204,67743,True,85.90138,3
20260503-032551,-OrgsMjOM0tc1sGrwF-q,2026-05-03 08:08:13+00:00,1777795693000,16917,26.79614,45.69757,10.02215,72305,True,71.12437,3
20260503-032551,-OrgsPet_6yfSW4XTuo_,2026-05-03 08:08:25+00:00,1777795705000,16929,26.79107,45.71771,10.02207,74293,True,61.53994,3
20260503-032551,-OrgsSajXBW67nhqR35I,2026-05-03 08:08:37+00:00,1777795717000,16941,26.79614,45.6878,10.02209,75025,True,56.77265,3
20260503-032551,-OrgsVWtyRYt-x9qU1t5,2026-05-03 08:08:49+00:00,1777795729000,16953,26.79614,45.80726,10.02203,75093,True,54.77335,3
20260503-032551,-Orgs_-X8mZRiQVTNLJY,2026-05-03 08:09:02+00:00,1777795742000,16966,26.85864,45.71587,10.02217,75363,True,54.48303,3
20260503-032551,-OrgsaD66vstpY5Z-1s8,2026-05-03 08:09:12+00:00,1777795752000,16976,26.74146,46.62033,10.02201,58067,True,74.23424,3
20260503-032551,-OrgsdICZ6uscNsXde0_,2026-05-03 08:09:25+00:00,1777795765000,16989,26.67697,46.64573,10.02218,50810,True,112.16783,3
20260503-032551,-OrgshfMSQim90Ehf_Nm,2026-05-03 08:09:38+00:00,1777795778000,17002,26.79018,46.19685,10.0222,56768,True,115.66979,3
20260503-032551,-OrgsjDyejcSF9KymE2k,2026-05-03 08:09:49+00:00,1777795789000,17013,26.66429,46.79077,10.02211,48939,True,138.48639,3
20260503-032551,-Orgsm9LY5pDzT4ey5pq,2026-05-03 08:10:01+00:00,1777795801000,17025,26.75557,45.95888,10.02214,64858,True,111.04163,3
20260503-032551,-Orgsp4qcwIlzk6y5rzQ,2026-05-03 08:10:13+00:00,1777795813000,17037,26.76825,45.70026,10.02225,70420,True,83.25011,3
20260503-032551,-Orgss0UE1yig5pGfaHS,2026-05-03 08:10:25+00:00,1777795825000,17049,26.77332,45.75156,10.02216,72243,True,69.32817,3
20260503-032551,-Orgsuwliz6pPrQ0CIgc,2026-05-03 08:10:37+00:00,1777795837000,17061,26.77585,45.86066,10.02236,73254,True,62.51881,3
20260503-032551,-OrgsxsIACGsfhvDpAdI,2026-05-03 08:10:49+00:00,1777795849000,17073,26.78853,45.76999,10.02233,74558,True,58.55772,3
20260503-032551,-Orgt6D4GKuUS0Z_8uNW,2026-05-03 08:11:01+00:00,1777795861000,17085,26.786,45.81702,10.02233,75025,True,56.04067,3
20260503-032551,-Orgt7XWSnPY8ui_EYq7,2026-05-03 08:11:31+00:00,1777795891000,17115,26.84921,45.63762,10.02228,75160,True,55.51014,3
20260503-032551,-Orgt9uAdIEWTf-yuVv4,2026-05-03 08:11:43+00:00,1777795903000,17127,26.74796,46.15164,10.02224,60720,True,110.82466,3
20260503-032551,-OrgtCpdTOLqIJy_6v4Q,2026-05-03 08:11:55+00:00,1777795915000,17139,26.76571,45.87449,10.02228,68800,True,88.35637,3
20260503-032551,-OrgtFl7zEHjFGICtLfO,2026-05-03 08:12:07+00:00,1777795927000,17151,26.76825,45.75919,10.02209,71686,True,72.60229,3
20260503-032551,-OrgtIgkfUeNmXgd2AxX,2026-05-03 08:12:19+00:00,1777795939000,17163,26.78346,45.72142,10.02232,73062,True,64.41596,3
20260503-032551,-OrgtLcfpUPZ-0VE9qFF,2026-05-03 08:12:31+00:00,1777795951000,17175,26.77839,45.67157,10.02217,74096,True,59.65427,3
20260503-032551,-OrgtOYdFDLhjxv-gbwQ,2026-05-03 08:12:43+00:00,1777795963000,17187,26.78346,45.60228,10.0225,74891,True,56.6766,3
20260503-032551,-OrgtRUJeeCoTZvLn6SF,2026-05-03 08:12:55+00:00,1777795975000,17199,26.78853,45.61116,10.02233,75295,True,54.46003,3
20260503-032551,-OrgtUPiheDhBcjLWrdY,2026-05-03 08:13:07+00:00,1777795987000,17211,26.79614,45.62679,10.0224,75635,True,53.56418,3
20260503-032551,-OrgtXLOMIx9nUIVqp7p,2026-05-03 08:13:19+00:00,1777795999000,17223,26.78346,45.69543,10.02225,75431,True,52.99519,3
20260503-032551,-Orgt_GazLqDAm_luqtS,2026-05-03 08:13:31+00:00,1777796011000,17235,26.7936,45.65345,10.02234,76047,True,52.37659,3
20260503-032551,-OrgtcCvWGID5zoMGhZq,2026-05-03 08:13:43+00:00,1777796023000,17247,26.79614,45.6993,10.02247,76186,True,51.87061,3
20260503-032551,-Orgtf7l5W9rARDXxC7z,2026-05-03 08:13:55+00:00,1777796035000,17259,26.79107,45.7478,10.02241,76534,True,50.89099,3
20260503-032551,-Orgtwsjua7pZuwK7Bik,2026-05-03 08:14:08+00:00,1777796048000,17272,26.85357,45.57231,10.02241,76394,True,50.83041,3
20260503-032551,-Orgtxde-4R2GsR9vuc3,2026-05-03 08:15:10+00:00,1777796110000,17335,26.75253,46.36219,10.02233,59008,True,70.62365,3
20260503-032551,-Orgu-_3_4cy1-VtygEP,2026-05-03 08:15:22+00:00,1777796122000,17347,26.715,46.02261,10.02238,49902,True,163.1125,3
20260503-032551,-Orgu2VjtxXSGL78ytTh,2026-05-03 08:15:34+00:00,1777796134000,17359,26.73528,45.73427,10.0222,62208,True,123.58763,3
20260503-032551,-Orgu5R90Lm7wuHUm_hf,2026-05-03 08:15:46+00:00,1777796146000,17371,26.75303,45.57872,10.02233,67688,True,93.50404,3
20260503-032551,-Orgu8bs_7c3CzFvwK_7,2026-05-03 08:15:59+00:00,1777796159000,17384,26.72514,45.88893,10.02228,64757,True,92.6347,3
20260503-032551,-OrguBEvx70leIBXlV_P,2026-05-03 08:16:10+00:00,1777796170000,17394,26.67697,46.17025,10.02249,59809,True,96.29189,3
20260503-032551,-OrguE9EOCSELLKf0W1b,2026-05-03 08:16:22+00:00,1777796182000,17406,26.75557,45.71779,10.02254,69198,True,84.86568,3
20260503-032551,-OrguH-F96awO1Oks4_g,2026-05-03 08:16:34+00:00,1777796194000,17418,26.80403,45.58434,10.02225,69717,True,81.27624,3
20260503-032551,-OrguKophKCUEStiOThy,2026-05-03 08:16:47+00:00,1777796207000,17431,26.71411,46.22817,10.02245,56961,True,94.34958,3
20260503-032551,-OrguMoZfjx9QYzTVkCG,2026-05-03 08:16:58+00:00,1777796218000,17442,26.644,46.50244,10.02247,49961,True,126.63448,3
20260503-032551,-OrguSHNy9JAIRJbdrlX,2026-05-03 08:17:10+00:00,1777796230000,17454,26.73528,45.76868,10.02232,65364,True,107.12523,3
20260503-032551,-OrguT2F7ABX9Em1AY56,2026-05-03 08:17:23+00:00,1777796243000,17467,26.79819,45.54062,10.02244,66878,True,99.77066,3
20260503-032551,-OrguVygpu-bZMcf9X8F,2026-05-03 08:17:35+00:00,1777796255000,17479,26.7226,45.71033,10.02215,65009,True,104.03629,3
20260503-032551,-OrguYuW54dp-vxrfezV,2026-05-03 08:17:47+00:00,1777796267000,17491,26.74796,45.50673,10.0224,70008,True,82.45451,3
20260503-032551,-Orguapv5Zzi3WQ1_JQG,2026-05-03 08:17:59+00:00,1777796279000,17503,26.75557,45.46738,10.02233,72305,True,69.97559,3
20260503-032551,-OrgudlHmUCNdlHIeaqu,2026-05-03 08:18:11+00:00,1777796291000,17515,26.7581,45.47814,10.02228,73705,True,62.79939,3
20260503-032551,-OrguggdegB8Oqk039Nh,2026-05-03 08:18:23+00:00,1777796303000,17527,26.76825,45.51384,10.02243,74293,True,59.43363,3
20260503-032551,-OrgujcJuAyyILIHk_Ol,2026-05-03 08:18:35+00:00,1777796315000,17539,26.76571,45.58877,10.02221,75025,True,57.06789,3
20260503-032551,-Orgum_5oeGBaan8rBNf,2026-05-03 08:18:47+00:00,1777796327000,17551,26.77332,45.64315,10.02235,75228,True,55.59682,3
20260503-032551,-OrgupUscFKzRphpCewa,2026-05-03 08:18:59+00:00,1777796339000,17563,26.77839,45.60263,10.02233,75841,True,53.77263,3
20260503-032551,-OrgusPeEg3G-ZrPvZeo,2026-05-03 08:19:11+00:00,1777796351000,17575,26.77585,45.54839,10.02225,75910,True,53.40047,3
20260503-032551,-OrguvLQUrZChk0JniLv,2026-05-03 08:19:23+00:00,1777796363000,17587,26.77839,45.5578,10.02229,76394,True,52.09461,3
20260503-032551,-OrguzZgzUyW_YyYtOng,2026-05-03 08:19:36+00:00,1777796376000,17600,26.83582,45.44394,10.0223,75978,True,52.19611,3
20260503-032551,-Orgv30jlZ5YJ8J7dkCh,2026-05-03 08:19:54+00:00,1777796394000,17618,26.72694,46.36123,10.02228,59050,True,71.67122,3
20260503-032551,-Orgv4WBi8rJ0A9yVDvg,2026-05-03 08:20:05+00:00,1777796405000,17629,26.64147,46.46069,10.02205,48939,True,119.9003,3
20260503-032551,-Orgv85OR3vgD4dgaTth,2026-05-03 08:20:17+00:00,1777796417000,17641,26.74542,45.6708,10.02234,65569,True,105.93123,3
20260503-032551,-OrgvANAlbF85nJ-rdvS,2026-05-03 08:20:29+00:00,1777796429000,17653,26.7505,45.5695,10.02234,70897,True,80.85385,3
20260503-032551,-OrgvDId2ZZWAL8GJPOL,2026-05-03 08:20:41+00:00,1777796441000,17665,26.75557,45.56271,10.02219,72998,True,67.54055,3
20260503-032551,-OrgvGGvqel1rHJQncMt,2026-05-03 08:20:53+00:00,1777796453000,17677,26.7581,45.49496,10.02214,74558,True,60.4536,3
20260503-032551,-OrgvJAI3_ReR2tQCIbS,2026-05-03 08:21:05+00:00,1777796465000,17689,26.76317,45.45867,10.02231,75025,True,56.88951,3
20260503-032551,-OrgvM5DpPvajJ1MRznr,2026-05-03 08:21:17+00:00,1777796477000,17701,26.76317,45.46926,10.02231,75704,True,54.34343,3
20260503-032551,-OrgvP0rqML3_p_WMUrF,2026-05-03 08:21:29+00:00,1777796489000,17713,26.76825,45.43462,10.02222,76116,True,52.60091,3
20260503-032551,-OrgvRx6ih2vsDO6prDO,2026-05-03 08:21:41+00:00,1777796501000,17725,26.77332,45.5033,10.02226,76186,True,51.82747,3
20260503-032551,-OrgvUuzhDFsecrJqZZZ,2026-05-03 08:21:53+00:00,1777796513000,17737,26.76571,45.7215,10.02223,76255,True,51.899,3
20260503-032551,-OrgvXoBiyclDp9fv9th,2026-05-03 08:22:05+00:00,1777796525000,17749,26.77078,45.66685,10.02233,76325,True,51.21264,3
20260503-032551,-Orgv_k3hUv4YfDZQ2TF,2026-05-03 08:22:17+00:00,1777796537000,17761,26.77585,45.541,10.02225,76674,True,50.70092,3
20260503-032551,-OrgveUVhk4lCmelU5gt,2026-05-03 08:22:29+00:00,1777796549000,17773,26.77585,45.51664,10.02232,76255,True,50.51333,3
20260503-032551,-OrgvfihkXeebSDQCA6P,2026-05-03 08:22:41+00:00,1777796561000,17785,26.82775,45.37197,10.02225,76885,True,50.22949,3
20260503-032551,-OrgvieXW69JI5Q4hPa8,2026-05-03 08:22:53+00:00,1777796573000,17797,26.74796,45.77038,10.02235,69891,True,76.67619,3
20260503-032551,-OrgvpXgZcvvUK9uw7xI,2026-05-03 08:23:06+00:00,1777796586000,17810,26.80286,45.60567,10.02214,71686,True,73.60743,3
20260503-032551,-OrgvqeLUMQ1ctOcoaMR,2026-05-03 08:23:25+00:00,1777796605000,17829,26.70963,46.26667,10.02254,56845,True,89.41029,3
20260503-032551,-OrgvtF4pw78nnKIRc6N,2026-05-03 08:23:37+00:00,1777796617000,17841,26.7226,45.80571,10.02242,61932,True,116.19389,3
20260503-032551,-OrgvwBgVgzYEZov7Cc0,2026-05-03 08:23:49+00:00,1777796629000,17853,26.74035,45.65358,10.02242,69659,True,87.79852,3
20260503-032551,-Orgvz5v1mXHPD9cdFi7,2026-05-03 08:24:01+00:00,1777796641000,17865,26.74796,45.59018,10.02244,72556,True,71.05634,3
20260503-032551,-Orgw11Oz8-9cs1O1bZx,2026-05-03 08:24:13+00:00,1777796653000,17877,26.7581,45.42651,10.0226,74228,True,61.86134,3
20260503-032551,-Orgw3yPCJThGU89HIEV,2026-05-03 08:24:25+00:00,1777796665000,17889,26.75303,45.40874,10.02238,75160,True,57.02365,3
20260503-032551,-Orgw6tPzaVR9K0AJAE-,2026-05-03 08:24:37+00:00,1777796677000,17901,26.76064,45.3985,10.02255,75567,True,54.69476,3
20260503-032551,-Orgw9q2l-oqkMZe_v7h,2026-05-03 08:24:49+00:00,1777796689000,17913,26.76064,45.40807,10.02238,76255,True,52.61525,3
20260503-032551,-OrgwCkEFY9LirrwjoSR,2026-05-03 08:25:01+00:00,1777796701000,17925,26.76571,45.48358,10.02256,76394,True,51.83941,3
20260503-032551,-OrgwFg76swpAq9B4Ssa,2026-05-03 08:25:13+00:00,1777796713000,17937,26.76064,45.50913,10.02245,76464,True,51.01656,3
20260503-032551,-OrgwIbG_JPx9vSCAMDO,2026-05-03 08:25:25+00:00,1777796725000,17949,26.77078,45.47795,10.02254,76885,True,50.75671,3
20260503-032551,-OrgwLXu-lbDmKxWhbXG,2026-05-03 08:25:37+00:00,1777796737000,17961,26.77078,45.61977,10.0225,76674,True,50.20337,3
20260503-032551,-OrgwOUssm9-5hz6_j5n,2026-05-03 08:25:49+00:00,1777796749000,17973,26.76825,45.58106,10.02253,76674,True,50.19133,2
20260503-032551,-OrgwROgB2WHpJcvcQwn,2026-05-03 08:26:01+00:00,1777796761000,17985,26.77078,45.45753,10.02257,76815,True,50.10275,2
20260503-032551,-OrgwUKKCkBesnQFD15C,2026-05-03 08:26:13+00:00,1777796773000,17997,26.76825,45.50804,10.02245,77526,True,49.82782,2
20260503-032551,-OrgwhqUFRC3FNd0C3MT,2026-05-03 08:26:26+00:00,1777796786000,18010,26.74035,45.77173,10.02261,71078,True,62.59734,2
20260503-032551,-OrgwibJMigrObaEO8xw,2026-05-03 08:27:15+00:00,1777796835000,18059,26.81288,45.51191,10.02265,72935,True,63.13644,2
20260503-032551,-OrgwlYi6XtDVLD6Dc3c,2026-05-03 08:27:27+00:00,1777796847000,18071,26.70232,45.79887,10.0226,54871,True,140.62439,2
20260503-032551,-OrgwoTAZ4gTYiT1KxGi,2026-05-03 08:27:39+00:00,1777796859000,18083,26.7226,45.74373,10.02259,65620,True,108.17232,2
20260503-032551,-OrgwrOgUT95Hu3ykeCH,2026-05-03 08:27:51+00:00,1777796871000,18095,26.73275,45.63916,10.02267,70184,True,84.145,2
20260503-032551,-OrgwuJyug-_UIAjn6t6,2026-05-03 08:28:03+00:00,1777796883000,18107,26.74289,45.62561,10.02267,72243,True,71.72791,2
20260503-032551,-OrgwxF_Vit06piO4jti,2026-05-03 08:28:15+00:00,1777796895000,18119,26.74035,45.56814,10.02265,73575,True,64.79588,3
20260503-032551,-Orgx-CfiIg7L1Rwlole,2026-05-03 08:28:27+00:00,1777796907000,18131,26.7505,45.5017,10.02274,74891,True,60.13815,3
20260503-032551,-Orgx272GJUQuufFq5eG,2026-05-03 08:28:39+00:00,1777796919000,18143,26.7581,45.67867,10.02283,74758,True,58.446,3
20260503-032551,-OrgxRnb9uEmcvFtutJf,2026-05-03 08:30:24+00:00,1777797024000,18248,26.66429,45.96157,10.0228,47044,True,179.68419,3
20260503-032551,-OrgxUYX0KHg8rhzRiuK,2026-05-03 08:30:36+00:00,1777797036000,18260,26.69218,45.75521,10.0226,60109,True,136.97842,3
20260503-032551,-OrgxXTxsUowIwDK6ZVf,2026-05-03 08:30:48+00:00,1777797048000,18272,26.70739,45.56834,10.0227,66243,True,103.36472,3
20260503-032551,-Orgx_PV12iUWR1ORTxz,2026-05-03 08:31:00+00:00,1777797060000,18284,26.71246,45.52408,10.02262,69543,True,84.43457,3
20260503-032551,-OrgxcKwkOHhnjWTWF5w,2026-05-03 08:31:12+00:00,1777797072000,18296,26.72007,45.52583,10.02259,71441,True,74.23365,3
20260503-032551,-OrgxfGgOSL_FYYICcy0,2026-05-03 08:31:24+00:00,1777797084000,18308,26.72514,45.57128,10.02258,72871,True,67.70055,3
20260503-032551,-OrgxiBtMhO83HTQ4YQI,2026-05-03 08:31:36+00:00,1777797096000,18320,26.73528,45.55457,10.02253,73705,True,63.73012,3
20260503-032551,-Orgxl7erJfNs82dwjXr,2026-05-03 08:31:48+00:00,1777797108000,18332,26.74035,45.50132,10.0227,74492,True,60.91904,3
20260503-032551,-OrgxoL3CAm-HVeeIcBd,2026-05-03 08:32:00+00:00,1777797120000,18344,26.74289,45.46205,10.02274,75025,True,58.39967,3
20260503-032551,-Orgxqz_O0AH-S-ueWdr,2026-05-03 08:32:12+00:00,1777797132000,18356,26.74035,45.50617,10.02263,75704,True,56.69742,3
20260503-032551,-OrgxtvF69txohxIiRO-,2026-05-03 08:32:24+00:00,1777797144000,18368,26.74035,45.46987,10.02244,75910,True,55.4351,3
20260503-032551,-OrgxwqSqNXL9gUOqj61,2026-05-03 08:32:36+00:00,1777797156000,18380,26.74796,45.47066,10.02261,75978,True,54.75421,3
20260503-032551,-OrgxzmoUqX3Yeq2wwu8,2026-05-03 08:32:48+00:00,1777797168000,18392,26.74796,45.56023,10.02253,76394,True,53.74097,3
20260503-032551,-Orgy28eI5HU67SvdGsh,2026-05-03 08:33:00+00:00,1777797180000,18404,26.74289,45.55764,10.02251,76394,True,53.21757,3
20260503-032551,-Orgy4dI9XqJS2Y2uKZR,2026-05-03 08:33:12+00:00,1777797192000,18416,26.75303,45.49561,10.02243,76604,True,52.50774,3
20260503-032551,-OrgyTvdSPYxBmN_yor4,2026-05-03 08:34:49+00:00,1777797289000,18513,26.67697,45.91045,10.02279,50081,True,159.09799,3
20260503-032551,-OrgyVUQ08jmaMbCc1Ag,2026-05-03 08:35:02+00:00,1777797302000,18526,26.74158,45.62535,10.02294,54197,True,152.4762,3
20260503-032551,-OrgyYPZjbd9ne2QCw1Q,2026-05-03 08:35:14+00:00,1777797314000,18538,26.6795,45.89762,10.02276,59809,True,136.06908,3
20260503-032551,-OrgyaKyJlot5De_PViH,2026-05-03 08:35:26+00:00,1777797326000,18550,26.69471,45.68192,10.02248,66718,True,101.63568,3
20260503-032551,-OrgydGbTiesWDYuASRH,2026-05-03 08:35:38+00:00,1777797338000,18562,26.71246,45.63862,10.02275,70243,True,81.87403,3
20260503-032551,-OrgygCIVXx-huKiYBJk,2026-05-03 08:35:50+00:00,1777797350000,18574,26.71754,45.56791,10.02272,71809,True,71.84264,3
20260503-032551,-Orgylh9lYLdhSik4bgj,2026-05-03 08:36:03+00:00,1777797363000,18587,26.76736,45.44775,10.02241,72367,True,70.03197,3
20260503-032551,-OrgymSpcaj_vY6YuJ_Q,2026-05-03 08:36:15+00:00,1777797375000,18599,26.66052,46.27726,10.02257,57039,True,87.12518,3
20260503-032551,-OrgytLQXJmBDIj0XZWz,2026-05-03 08:36:27+00:00,1777797387000,18611,26.68204,45.71277,10.02236,63820,True,108.06776,3
20260503-032551,-Orgyu66xoNWFP7L1jOb,2026-05-03 08:36:47+00:00,1777797407000,18631,26.7531,45.47713,10.02266,65878,True,102.21761,3
20260503-032551,-Orgyx1eb57SumlpVkLH,2026-05-03 08:36:59+00:00,1777797419000,18643,26.6795,46.03433,10.02257,61932,True,117.21208,3
20260503-032551,-OrgyzzQUMK_HoY8Fz21,2026-05-03 08:37:11+00:00,1777797431000,18655,26.69979,45.69557,10.02258,68857,True,90.67224,3
20260503-032551,-Orgz1tTJ9FC0PaB8cGO,2026-05-03 08:37:23+00:00,1777797443000,18667,26.715,45.56964,10.02282,71809,True,74.8269,3
20260503-032551,-Orgz4qml-GW3JrN6PiV,2026-05-03 08:37:35+00:00,1777797455000,18679,26.71246,45.55862,10.02255,73575,True,65.77168,3
20260503-032551,-OrgzAMJ4_Eq2XGkzTPn,2026-05-03 08:37:48+00:00,1777797468000,18692,26.77243,45.44634,10.02256,73770,True,64.32283,3
20260503-032551,-OrgzB77dY5DcuWbXUob,2026-05-03 08:38:00+00:00,1777797480000,18705,26.66317,46.41048,10.0228,57747,True,82.19534,3
20260503-032551,-OrgzE2RRdXZEZhSZOz8,2026-05-03 08:38:12+00:00,1777797492000,18717,26.68711,45.78643,10.02255,64064,True,105.27118,3
20260503-032551,-OrgzGzSrSQtTpY3dquj,2026-05-03 08:38:24+00:00,1777797504000,18729,26.69979,45.64857,10.02251,70480,True,83.28108,3
20260503-032551,-OrgzJucy3FYxbTKFkkE,2026-05-03 08:38:36+00:00,1777797516000,18741,26.715,45.5752,10.02256,72935,True,69.87257,3
20260503-032551,-OrgzMpz7sbO-4Bj6rnU,2026-05-03 08:38:48+00:00,1777797528000,18753,26.71754,45.48734,10.02258,73900,True,63.08503,3
20260503-032551,-OrgzPlalWoqtMiK_noO,2026-05-03 08:39:00+00:00,1777797540000,18765,26.71754,45.51116,10.0225,74958,True,58.82346,3
20260503-032551,-OrgzSvvnvlLANgt2itK,2026-05-03 08:39:13+00:00,1777797553000,18778,26.68964,45.80856,10.02243,69659,True,69.29701,3
20260503-032551,-OrgzWrTGj4h9Pov42lU,2026-05-03 08:39:26+00:00,1777797566000,18791,26.76482,45.51358,10.02258,71686,True,69.0124,3
20260503-032551,-OrgzZDl9Yy3Dz1sONLG,2026-05-03 08:39:39+00:00,1777797579000,18803,26.66936,45.86366,10.02269,61886,True,100.23357,3
20260503-032551,-Orgzb0a_sYFSlbVLBVY,2026-05-03 08:39:51+00:00,1777797591000,18815,26.70993,45.43716,10.0226,71199,True,81.90028,3
20260503-032551,-Orgzdx50oHUr8fbM0KH,2026-05-03 08:40:03+00:00,1777797603000,18827,26.71246,45.47387,10.02261,73575,True,67.79086,3
20260503-032551,-OrgzgsgT6uaOpjpnCgZ,2026-05-03 08:40:15+00:00,1777797615000,18839,26.7226,45.42102,10.02254,75025,True,60.37974,3
20260503-032551,-Orgzjo6Ewl-AqbAxBQs,2026-05-03 08:40:27+00:00,1777797627000,18851,26.7226,45.46397,10.02259,75772,True,56.26726,3
20260503-032551,-Orgzml-ctHEhvGNowol,2026-05-03 08:40:39+00:00,1777797639000,18863,26.72007,45.57845,10.02252,76534,True,54.10027,3
20260503-032551,-OrgzpfPcV5HOB5Uphzb,2026-05-03 08:40:51+00:00,1777797651000,18875,26.72768,45.57845,10.02264,76534,True,53.11974,3
20260503-032551,-OrgzsaatQNUNJQVusLd,2026-05-03 08:41:03+00:00,1777797663000,18887,26.73021,45.51168,10.02263,76815,True,51.88069,3
20260503-032551,-OrgzvYnbO7PVofALCmX,2026-05-03 08:41:15+00:00,1777797675000,18899,26.72514,45.49822,10.02246,77097,True,51.06482,3
20260503-032551,-OrgzySvkajbdJJWTxid,2026-05-03 08:41:27+00:00,1777797687000,18911,26.73021,45.48927,10.02254,77240,True,50.15761,3
20260503-032551,-Orh-0B5N12uADir0soQ,2026-05-03 08:41:38+00:00,1777797698000,18922,26.64907,46.05766,10.0228,66559,True,61.58656,2
20260503-032551,-Orh-5q9Yvor0Ob_qQKE,2026-05-03 08:41:51+00:00,1777797711000,18935,26.75215,45.68674,10.02264,69775,True,65.90128,2
20260503-032551,-Orh-6asDKpyoXbs4dBV,2026-05-03 08:42:04+00:00,1777797724000,18948,26.66867,46.28749,10.02285,56653,True,84.97121,2
20260503-032551,-Orh-9Ycd53lEFSfQjsk,2026-05-03 08:42:16+00:00,1777797736000,18960,26.68711,45.68626,10.02264,65160,True,105.7133,2
20260503-032551,-Orh-CSnxseimh0QLU-s,2026-05-03 08:42:28+00:00,1777797748000,18972,26.70739,45.45111,10.02265,71747,True,80.9243,2
20260503-032551,-Orh-jsOgGNPo8P0vbXM,2026-05-03 08:44:27+00:00,1777797867000,19091,26.63893,45.83475,10.02313,50261,True,176.81555,3
20260503-032551,-Orh-nCgEZpvAu_4luXF,2026-05-03 08:45:02+00:00,1777797902000,19126,26.7003,45.57109,10.02294,54022,True,165.09604,3
20260503-032551,-Orh-pzfV9OQOkYpwl3k,2026-05-03 08:45:14+00:00,1777797914000,19138,26.63132,45.72511,10.02317,52139,True,172.37344,3
20260503-032551,-Orh-suoz29fCVd1NhBi,2026-05-03 08:45:26+00:00,1777797926000,19150,26.65922,45.61676,10.02314,62393,True,125.2392,3
20260503-032551,-Orh-vqSSwoY4raIBC5L,2026-05-03 08:45:38+00:00,1777797938000,19162,26.67697,45.71323,10.02321,67798,True,95.85709,3
20260503-032551,-Orh0CmldsRjmhqU-6d4,2026-05-03 08:45:50+00:00,1777797950000,19174,26.67697,45.59623,10.02321,70184,True,80.49126,3
20260503-032551,-Orh0DZG9MJmJNjZPUck,2026-05-03 08:46:55+00:00,1777798015000,19239,26.74244,45.37281,10.02311,70480,True,78.10476,3
20260503-032551,-Orh0GU4EHHVEmRsYDtX,2026-05-03 08:47:07+00:00,1777798027000,19251,26.62372,45.92799,10.02285,50595,True,162.37524,3
20260503-032551,-Orh0JPdLKRTDADR3kEU,2026-05-03 08:47:19+00:00,1777798039000,19263,26.64654,45.64131,10.0229,62116,True,125.30213,3
20260503-032551,-Orh0MS_0f9lA3qJMDQC,2026-05-03 08:47:31+00:00,1777798051000,19275,26.63893,45.84382,10.02303,62024,True,112.70515,3
20260503-032551,-Orh0POAbltTb_VwI2bC,2026-05-03 08:47:43+00:00,1777798063000,19287,26.67443,45.59433,10.02294,68129,True,91.72808,3
20260503-032551,-Orh0SJbXlByCtoT3Gnm,2026-05-03 08:47:55+00:00,1777798075000,19299,26.6795,45.46566,10.02308,70897,True,77.33408,3
20260503-032551,-Orh0VEz9Ub5mRx4k8__,2026-05-03 08:48:07+00:00,1777798087000,19311,26.68204,45.47694,10.0228,72681,True,68.99895,3
20260503-032551,-Orh0YAUoIK1DlSC9M2r,2026-05-03 08:48:19+00:00,1777798099000,19323,26.69218,45.48181,10.02284,73446,True,64.28573,3
20260503-032551,-Orh0a6-Fs08w07L3CM_,2026-05-03 08:48:31+00:00,1777798111000,19335,26.69725,45.48364,10.02257,74359,True,60.37733,3
20260503-032551,-Orh0d1a6lExWlfo-S7r,2026-05-03 08:48:43+00:00,1777798123000,19347,26.69725,45.62071,10.02284,75363,True,58.07183,3
20260503-032551,-Orh0ih7vzh64r_kXXov,2026-05-03 08:48:55+00:00,1777798135000,19359,26.69979,45.55775,10.0227,75978,True,55.90443,3
20260503-032551,-Orh0jU-vs3yNioPGqbC,2026-05-03 08:49:10+00:00,1777798150000,19374,26.75315,45.40251,10.02273,75704,True,55.65654,3
20260503-032551,-Orh0qYZJwaFbcqwyX94,2026-05-03 08:49:23+00:00,1777798163000,19387,26.63804,46.40454,10.02264,57987,True,76.16228,3
20260503-032551,-Orh0zujmQ9YxKJOzh3o,2026-05-03 08:49:52+00:00,1777798192000,19416,26.63364,46.4237,10.02278,50779,True,100.59561,3
20260503-032551,-Orh1-hGjEh7NKIZLsB8,2026-05-03 08:50:20+00:00,1777798220000,19444,26.60312,46.53669,10.02264,39395,True,137.16396,3
20260503-032551,-Orh12amuiArozejJpNM,2026-05-03 08:50:32+00:00,1777798232000,19456,26.62625,45.9278,10.0228,52400,True,169.41718,3
20260503-032551,-Orh15XNKE2qC77Kzbj4,2026-05-03 08:50:44+00:00,1777798244000,19468,26.65414,45.65691,10.02281,63626,True,121.17785,3
20260503-032551,-Orh18TKKUw96l765S0d,2026-05-03 08:50:56+00:00,1777798256000,19480,26.65922,45.6516,10.02252,68857,True,91.03615,3
20260503-032551,-Orh1BOJKL9cF6k1XTTN,2026-05-03 08:51:08+00:00,1777798268000,19492,26.67443,45.62836,10.02258,71502,True,75.81322,3
20260503-032551,-Orh1EJr0VGy4p75NyCN,2026-05-03 08:51:20+00:00,1777798280000,19504,26.68457,45.44884,10.02272,73575,True,66.73089,3
20260503-032551,-Orh1GugxVWfyO_WKbXP,2026-05-03 08:51:31+00:00,1777798291000,19515,26.59836,46.12281,10.02252,64958,True,74.03365,3
20260503-032551,-Orh1JqP-oeZ5jRDCaLz,2026-05-03 08:51:43+00:00,1777798303000,19527,26.67697,45.6155,10.02242,72305,True,71.66544,3
20260503-032551,-Orh1Mlm9WSfKArpfdgv,2026-05-03 08:51:55+00:00,1777798315000,19539,26.6795,45.50681,10.02246,74492,True,63.16196,3
20260503-032551,-Orh1Q-e1ZC273BGZJEC,2026-05-03 08:52:07+00:00,1777798327000,19551,26.68964,45.47068,10.02236,75499,True,57.63136,3
20260503-032551,-Orh1ScW15liYXbcXPN4,2026-05-03 08:52:19+00:00,1777798339000,19563,26.69471,45.44474,10.02241,76325,True,54.71758,3
20260503-032551,-Orh1VZOW3CN9jQ60Hbi,2026-05-03 08:52:31+00:00,1777798351000,19575,26.69979,45.35094,10.02251,76604,True,52.76299,3
20260503-032551,-Orh1YV2DNMv8eJ4O5Mi,2026-05-03 08:52:43+00:00,1777798363000,19587,26.69471,45.42501,10.02246,77097,True,51.19968,3
20260503-032551,-Orh1aQ5J-KjjivGwEiC,2026-05-03 08:52:55+00:00,1777798375000,19599,26.70485,45.43604,10.02241,77311,True,50.0,2
20260503-032551,-Orh1dL_H7Se8d2qEjxv,2026-05-03 08:53:07+00:00,1777798387000,19611,26.69979,45.46417,10.0223,77240,True,50.16666,2
20260503-032551,-Orh1gIeDVXWgHYNKAq3,2026-05-03 08:53:19+00:00,1777798399000,19623,26.70232,45.52775,10.02241,77670,True,50.0,2
20260503-032551,-Orh1jCWY6EinhXeznW6,2026-05-03 08:53:31+00:00,1777798411000,19635,26.70993,45.42301,10.02243,77814,True,50.0,2
20260503-032551,-Orh1m85sy21x-Jd5zAh,2026-05-03 08:53:43+00:00,1777798423000,19647,26.70739,45.38519,10.02231,77886,True,50.00545,2
20260503-032551,-Orh1p3aiPirvCti5wth,2026-05-03 08:53:55+00:00,1777798435000,19659,26.71246,45.39067,10.02238,78177,True,50.0,2
20260503-032551,-Orh1s-51qO3DYF92h3d,2026-05-03 08:54:07+00:00,1777798447000,19671,26.70993,45.49582,10.02239,77959,True,50.15797,2
20260503-032551,-Orh1v8xEW6mw-uc9Uiu,2026-05-03 08:54:20+00:00,1777798460000,19684,26.6795,45.63095,10.02225,72180,True,62.40053,2
20260503-032551,-Orh1xwbqWxf4kBUXvlK,2026-05-03 08:54:31+00:00,1777798471000,19695,26.6085,45.90916,10.02224,64657,True,73.36736,2
20260503-032551,-Orh2-rlIkDqgnC52age,2026-05-03 08:54:43+00:00,1777798483000,19707,26.69979,45.39121,10.0224,74228,True,69.5433,2
20260503-032551,-Orh22nejwglx40FxGYC,2026-05-03 08:54:55+00:00,1777798495000,19719,26.69725,45.40569,10.02217,76394,True,59.93975,2
20260503-032551,-Orh28KgpMR-2uVaxv2z,2026-05-03 08:55:07+00:00,1777798507000,19731,26.70232,45.32602,10.02223,77382,True,54.37439,2
20260503-032551,-Orh29Ahml2yZ-EvcvYE,2026-05-03 08:55:21+00:00,1777798521000,19745,26.75555,45.18591,10.02217,77311,True,53.86428,2
20260503-032551,-Orh2BkwNX1bt5XgNaXg,2026-05-03 08:55:32+00:00,1777798532000,19756,26.59329,46.16868,10.02243,57117,True,90.5892,2
20260503-032551,-Orh2EhL0o6qBAj3WqFV,2026-05-03 08:55:44+00:00,1777798544000,19768,26.67443,45.51471,10.02198,71017,True,84.58237,3
20260503-032551,-Orh2HcBJlXfNFQ0aYsW,2026-05-03 08:55:56+00:00,1777798556000,19780,26.68457,45.43166,10.02205,74958,True,68.36607,3
20260503-032551,-Orh2KYbmCiauMl8vl0N,2026-05-03 08:56:08+00:00,1777798568000,19792,26.68204,45.47366,10.02193,76325,True,59.45065,3
20260503-032551,-Orh2NtUPPFXdelDRHW1,2026-05-03 08:56:20+00:00,1777798580000,19804,26.69725,45.47784,10.02205,77382,True,55.06036,3
20260503-032551,-Orh2QPUhiy_cdoE3Ppf,2026-05-03 08:56:32+00:00,1777798592000,19816,26.69471,45.43536,10.02207,77886,True,52.54836,3
20260503-032551,-Orh2TLBHl6Im5k7q9PF,2026-05-03 08:56:44+00:00,1777798604000,19828,26.69725,45.3299,10.02206,77814,True,51.74287,3
20260503-032551,-Orh2WGyNh2flgcJJJxm,2026-05-03 08:56:56+00:00,1777798616000,19840,26.69979,45.36182,10.02205,77670,True,51.09693,3
20260503-032551,-Orh2ZEiTqKs4sc6zqJ3,2026-05-03 08:57:08+00:00,1777798628000,19852,26.70232,45.43561,10.02218,78031,True,50.3686,3
20260503-032551,-Orh2bA1IMhQ4vx-z8yj,2026-05-03 08:57:20+00:00,1777798640000,19864,26.70739,45.46578,10.02202,78104,True,50.09412,2
20260503-032551,-Orh2e4_vRV3IuwD-hFY,2026-05-03 08:57:32+00:00,1777798652000,19876,26.70232,45.41875,10.02209,78397,True,50.0,2
20260503-032551,-Orh2gzqHNkqu5ZOUUwV,2026-05-03 08:57:44+00:00,1777798664000,19888,26.70739,45.36787,10.02205,78397,True,50.16948,2
20260503-032551,-Orh2jv11sa6dmPkkdNI,2026-05-03 08:57:56+00:00,1777798676000,19900,26.70739,45.40291,10.02205,78397,True,50.07146,2
20260503-032551,-Orh2n7t3I2FaO-Mn_ez,2026-05-03 08:58:08+00:00,1777798688000,19912,26.70993,45.38544,10.02216,78544,True,50.02165,2
20260503-032551,-Orh2plzgBZy63wfS3K3,2026-05-03 08:58:20+00:00,1777798700000,19924,26.70232,45.30425,10.02213,78765,True,50.13691,2
20260503-032551,-Orh2shRMNTzPLFtVLHn,2026-05-03 08:58:32+00:00,1777798712000,19936,26.70739,45.39193,10.0221,79137,True,50.0,2
20260503-032551,-Orh2vQhkhryOcIG-Wbw,2026-05-03 08:58:43+00:00,1777798723000,19947,26.62118,46.04795,10.02227,67579,True,61.71508,2
20260503-032551,-Orh2yZyJ_3cpy-Prgg0,2026-05-03 08:58:56+00:00,1777798736000,19960,26.72411,45.67492,10.02213,70777,True,66.24071,2
20260503-032551,-Orh31A8Q-YwxOdzAqoO,2026-05-03 08:59:09+00:00,1777798749000,19973,26.63804,46.22463,10.02215,57747,True,84.85397,2
20260503-032551,-Orh33fi_ogsz7XBttzA,2026-05-03 08:59:21+00:00,1777798761000,19985,26.66429,45.68782,10.02231,65723,True,106.09406,2
20260503-032551,-Orh36bbYWBGtsIPQ8mT,2026-05-03 08:59:33+00:00,1777798773000,19997,26.68711,45.45697,10.02217,72871,True,81.25889,2
20260503-032551,-Orh39ZQNqNr7IJ6oTV6,2026-05-03 08:59:45+00:00,1777798785000,20009,26.6795,45.39559,10.02187,75093,True,67.17506,2
20260503-032551,-Orh3CTFKedY8-ZF2ZB6,2026-05-03 08:59:57+00:00,1777798797000,20021,26.68964,45.37396,10.02201,76604,True,60.14581,2
20260503-032551,-Orh3FQZnBsXQtfLHoQC,2026-05-03 09:00:09+00:00,1777798809000,20033,26.69218,45.31472,10.02216,77097,True,56.99475,3
20260503-032551,-Orh3IO8DBo7DySiHPVD,2026-05-03 09:00:21+00:00,1777798821000,20045,26.68964,45.33635,10.02212,77454,True,54.9355,3
20260503-032551,-Orh3LFoX6S3XFyDkCal,2026-05-03 09:00:33+00:00,1777798833000,20057,26.69471,45.27617,10.02215,78104,True,53.75365,3
20260503-032551,-Orh3OC7ymRTjBvxpxVk,2026-05-03 09:00:45+00:00,1777798845000,20069,26.69725,45.26559,10.02217,78104,True,53.09584,3
20260503-032551,-Orh3R6x5BCWM58-Qoxm,2026-05-03 09:00:57+00:00,1777798857000,20081,26.69979,45.34277,10.02216,78470,True,52.01602,3
20260503-032551,-Orh3VGqye6-sAN6dndF,2026-05-03 09:01:09+00:00,1777798869000,20093,26.69725,45.36311,10.02212,78914,True,51.14873,3
20260503-032551,-Orh3X5md6Xg7L8DVO3h,2026-05-03 09:01:21+00:00,1777798881000,20105,26.75422,45.18958,10.02203,78250,True,51.3997,3
20260503-032551,-Orh3Zy9mqc5n5I3PDUr,2026-05-03 09:01:33+00:00,1777798893000,20117,26.64188,46.06464,10.02209,61568,True,69.86369,3
20260503-032551,-Orh3bu5pgH5rd-8xMbb,2026-05-03 09:01:45+00:00,1777798905000,20129,26.66682,45.67948,10.02221,67634,True,95.45526,3
20260503-032551,-Orh3epGtb-yKl1XSegH,2026-05-03 09:01:57+00:00,1777798917000,20141,26.6795,45.51632,10.02222,73770,True,76.1925,3
20260503-032551,-Orh3hnSYPG-UMkV_1vq,2026-05-03 09:02:09+00:00,1777798929000,20153,26.6795,45.37074,10.02206,75772,True,64.32677,3
20260503-032551,-Orh3kgAdMvXNDCde77j,2026-05-03 09:02:21+00:00,1777798941000,20165,26.68711,45.35554,10.02208,76885,True,58.46045,3
20260503-032551,-Orh3nbrY2JuXTOSD1Pu,2026-05-03 09:02:33+00:00,1777798953000,20177,26.68711,45.47796,10.02192,76956,True,56.41865,3
20260503-032551,-Orh3rIZjHMN3WPS8WiT,2026-05-03 09:02:46+00:00,1777798966000,20190,26.73947,45.32569,10.02197,77526,True,55.66713,3
20260503-032551,-Orh3tiZRzYDmfavmdwm,2026-05-03 09:02:58+00:00,1777798978000,20202,26.67189,45.5968,10.02236,70718,True,80.87383,3
20260503-032551,-Orh3we08DyHKJ7aILJ-,2026-05-03 09:03:10+00:00,1777798990000,20214,26.67697,45.37405,10.02188,74891,True,68.76501,3
20260503-032551,-Orh3z_W9w8t5Wd6m2RR,2026-05-03 09:03:22+00:00,1777799002000,20226,26.67697,45.30735,10.02195,76464,True,60.84492,3
20260503-032551,-Orh41W83UlXFcHa-Ilb,2026-05-03 09:03:34+00:00,1777799014000,20238,26.68457,45.24711,10.02214,77240,True,56.57497,3
20260503-032551,-Orh44RTx1_HWvS5PT5o,2026-05-03 09:03:46+00:00,1777799026000,20250,26.68457,45.22128,10.02193,77670,True,54.42596,3
20260503-032551,-Orh47NAbbEwGGni3qqV,2026-05-03 09:03:58+00:00,1777799038000,20262,26.68711,45.2233,10.02192,78031,True,52.81794,3
20260503-032551,-Orh4B6MYCo7s1DSPuk9,2026-05-03 09:04:10+00:00,1777799050000,20274,26.69218,45.24654,10.02195,78104,True,52.55479,3
20260503-032551,-Orh4DRMXwMyLeIPG8jw,2026-05-03 09:04:23+00:00,1777799063000,20287,26.66429,45.51812,10.02194,72180,True,64.53148,3
20260503-032551,-Orh4GOx1KedFe787lFU,2026-05-03 09:04:35+00:00,1777799075000,20299,26.68457,45.48319,10.02191,76674,True,60.83923,3
20260503-032551,-Orh4JI3_jJlEl7u4aad,2026-05-03 09:04:47+00:00,1777799087000,20311,26.68457,45.44154,10.0219,77526,True,56.31549,3
20260503-032551,-Orh4MDoZGRUebcdciSC,2026-05-03 09:04:59+00:00,1777799099000,20323,26.68964,45.4565,10.02196,77814,True,54.31553,3
20260503-032551,-Orh4P994MRPL_oUVxOo,2026-05-03 09:05:11+00:00,1777799111000,20335,26.68711,45.39149,10.02194,78104,True,52.59628,3
20260503-032551,-Orh4S7N4At_GrWz8boh,2026-05-03 09:05:23+00:00,1777799123000,20347,26.68964,45.31989,10.02199,78544,True,52.02824,3
20260503-032551,-Orh4UiKwXq8el_nIStX,2026-05-03 09:05:34+00:00,1777799134000,20358,26.6085,45.85458,10.02224,67579,True,63.0713,3
20260503-032551,-Orh4XeEuGWuM44BMlV8,2026-05-03 09:05:46+00:00,1777799146000,20370,26.68457,45.32158,10.02216,75704,True,64.24858,3
20260503-032551,-Orh4__BbPGaXgHukbEV,2026-05-03 09:05:58+00:00,1777799158000,20382,26.68711,45.30831,10.02202,77169,True,57.97302,3
20260503-032551,-Orh4cVKKR3AAtrAD1rp,2026-05-03 09:06:10+00:00,1777799170000,20394,26.68964,45.40088,10.02205,77814,True,54.6675,3
20260503-032551,-Orh4fRBCyVc4rzKx1q7,2026-05-03 09:06:22+00:00,1777799182000,20406,26.68457,45.49662,10.02188,78104,True,53.08817,3
20260503-032551,-Orh4iMJsfm87X1l6Toz,2026-05-03 09:06:34+00:00,1777799194000,20418,26.69471,45.52123,10.02213,78104,True,52.39835,3
20260503-032551,-Orh4lI5-ee8J4bFqiH5,2026-05-03 09:06:46+00:00,1777799206000,20430,26.68964,45.42602,10.02192,78104,True,51.78803,3
20260503-032551,-Orh4oExbN_TMpBPcWRP,2026-05-03 09:06:58+00:00,1777799218000,20442,26.68964,45.33562,10.02187,78323,True,51.51395,3
20260503-032551,-Orh4r97vi5vq_W5AGTA,2026-05-03 09:07:10+00:00,1777799230000,20454,26.68964,45.37955,10.02203,79137,True,50.56852,3
20260503-032551,-Orh4uUJdkbOZVqb39Yi,2026-05-03 09:07:22+00:00,1777799242000,20466,26.69218,45.3578,10.02212,78544,True,51.02142,3
20260503-032551,-Orh4x00fuztkkIIwYEQ,2026-05-03 09:07:34+00:00,1777799254000,20478,26.69218,45.33564,10.02202,78470,True,51.02834,3
20260503-032551,-Orh4zypUKVwk_i0b7ay,2026-05-03 09:07:46+00:00,1777799266000,20490,26.68964,45.31725,10.02182,78691,True,50.97179,3
20260503-032551,-Orh51sI3TIGGbdy38er,2026-05-03 09:07:58+00:00,1777799278000,20502,26.69218,45.29057,10.02193,78839,True,50.61793,3
20260503-032551,-Orh54nN6epCZtN5e_4u,2026-05-03 09:08:10+00:00,1777799290000,20514,26.68964,45.38319,10.02199,78544,True,50.64813,3
20260503-032551,-Orh58WB7bqn8MnyBMIN,2026-05-03 09:08:23+00:00,1777799303000,20527,26.74454,45.21148,10.02187,78914,True,50.42677,3
20260503-032551,-Orh5AuIViD_smmdwMMa,2026-05-03 09:08:35+00:00,1777799315000,20539,26.65414,45.51646,10.02172,71078,True,78.13238,3
20260503-032551,-Orh5Dpr2EGF9rlIdphu,2026-05-03 09:08:47+00:00,1777799327000,20551,26.6795,45.32066,10.02218,75228,True,66.99703,3
20260503-032551,-Orh5Glfg0YTmqDNVlC1,2026-05-03 09:08:59+00:00,1777799339000,20563,26.67697,45.31196,10.02186,77169,True,59.05082,3
20260503-032551,-Orh5JhEHNWT3uuIIc3m,2026-05-03 09:09:11+00:00,1777799351000,20575,26.68204,45.28009,10.0221,77814,True,55.30757,3
20260503-032551,-Orh5MH7LHzXFTaV6E_e,2026-05-03 09:09:21+00:00,1777799361000,20585,26.59836,45.84114,10.02208,68184,True,64.07833,3
20260503-032551,-Orh5P-Csuj5f6wmh3HE,2026-05-03 09:09:32+00:00,1777799372000,20596,26.57554,46.02919,10.02211,63289,True,79.15852,3
20260503-032551,-Orh5Rvhg4Z-R6fG_hV0,2026-05-03 09:09:44+00:00,1777799384000,20608,26.66682,45.35833,10.02186,73640,True,75.09526,3
20260503-032551,-Orh5UrQ8v3W1XWb1ptt,2026-05-03 09:09:56+00:00,1777799396000,20620,26.67189,45.2689,10.02194,76464,True,63.00318,3
20260503-032551,-Orh5XmcB2avKoJ2vCVW,2026-05-03 09:10:08+00:00,1777799408000,20632,26.6795,45.31884,10.0218,77382,True,57.42745,3
20260503-032551,-Orh5_iuFgSR_Cn67krY,2026-05-03 09:10:20+00:00,1777799420000,20644,26.68457,45.38812,10.02191,77526,True,54.97986,3
20260503-032551,-Orh5eBYFl9z_Vnn8zlg,2026-05-03 09:10:32+00:00,1777799432000,20656,26.6795,45.35124,10.02188,78691,True,53.09208,3
20260503-032551,-Orh5f9sjCI8RO6nT_uj,2026-05-03 09:10:43+00:00,1777799443000,20667,26.73134,45.22635,10.02199,77886,True,53.12071,3
20260503-032551,-Orh5iAPZ4ci5hinrXDU,2026-05-03 09:10:55+00:00,1777799455000,20679,26.63132,45.84194,10.02202,66190,True,85.03104,3
20260503-032551,-Orh5l5pch-UuVjVA3cI,2026-05-03 09:11:07+00:00,1777799467000,20691,26.66682,45.40002,10.02203,73835,True,73.91376,3
20260503-032551,-Orh5o1hXfnsem7N_xXG,2026-05-03 09:11:19+00:00,1777799479000,20703,26.67189,45.34974,10.02199,76116,True,63.36879,3
20260503-032551,-Orh5qxrvcCMKpmJMHoi,2026-05-03 09:11:31+00:00,1777799491000,20715,26.67443,45.37694,10.02205,76956,True,58.15895,3
20260503-032551,-Orh5ttaIZr1FcHU7hMk,2026-05-03 09:11:43+00:00,1777799503000,20727,26.66936,45.28192,10.02188,77454,True,55.50494,3
20260503-032551,-Orh5wosfrmY1seKdRYl,2026-05-03 09:11:55+00:00,1777799515000,20739,26.67443,45.24229,10.02207,77814,True,54.1535,3
20260503-032551,-Orh5zkYooJShyfAfro6,2026-05-03 09:12:07+00:00,1777799527000,20751,26.67697,45.22837,10.02234,77959,True,53.1337,3
20260503-032551,-Orh61hCQNizBq39hZ78,2026-05-03 09:12:19+00:00,1777799539000,20763,26.67697,45.30903,10.02204,78323,True,52.53141,3
20260503-032551,-Orh64bS3crhHKaRvInh,2026-05-03 09:12:31+00:00,1777799551000,20775,26.67443,45.29153,10.022,78470,True,51.91697,3
20260503-032551,-Orh67YunKwh7jVAVP5N,2026-05-03 09:12:43+00:00,1777799563000,20787,26.6795,45.22572,10.02217,78691,True,51.51921,3
20260503-032551,-Orh6AU3-Pcb9lt2Z3Lz,2026-05-03 09:12:55+00:00,1777799575000,20799,26.67697,45.26673,10.02216,78914,True,50.82583,3
20260503-032551,-Orh6EoaFw4jL0gylDDk,2026-05-03 09:13:08+00:00,1777799588000,20812,26.7344,45.10851,10.02215,78470,True,51.07321,3
20260503-032551,-Orh6KWVhfr1yVIDN51v,2026-05-03 09:13:26+00:00,1777799606000,20830,26.62573,45.92336,10.02215,60808,True,70.85315,3
20260503-032551,-Orh6LhCE4b6X3yiOf3B,2026-05-03 09:13:40+00:00,1777799620000,20844,26.59303,46.17569,10.02228,49112,True,100.91291,3
20260503-032551,-Orh6OIM3pw2B98kLADt,2026-05-03 09:13:52+00:00,1777799632000,20856,26.62118,45.62907,10.02223,61886,True,124.89343,3
20260503-032551,-Orh6RDwRQZODaHM1l10,2026-05-03 09:14:04+00:00,1777799644000,20868,26.64147,45.38581,10.0221,70361,True,93.26315,3
20260503-032551,-Orh6U951aHXFdMRgz4W,2026-05-03 09:14:16+00:00,1777799656000,20880,26.65161,45.38469,10.02219,73705,True,74.52485,3
20260503-032551,-Orh6cQf_nOzCCFD6RpF,2026-05-03 09:14:29+00:00,1777799669000,20893,26.71665,45.21248,10.02223,73965,True,71.85796,3
20260503-032551,-Orh6dBO9hx3EY3Tdkai,2026-05-03 09:14:57+00:00,1777799697000,20921,26.61321,46.05494,10.02219,58391,True,88.20419,3
20260503-032551,-Orh6g87SyCd08iO-eix,2026-05-03 09:15:09+00:00,1777799709000,20933,26.6009,45.6256,10.02203,58925,True,133.64392,3
20260503-032551,-Orh6j2larTtZDPPN4Lu,2026-05-03 09:15:21+00:00,1777799721000,20945,26.62879,45.46607,10.02212,68073,True,102.29589,3
20260503-032551,-Orh6lywZJyC0NYNPG_t,2026-05-03 09:15:33+00:00,1777799733000,20957,26.63639,45.42287,10.02188,71871,True,81.14185,3
20260503-032551,-Orh6ovm0gfH21bpbSum,2026-05-03 09:15:45+00:00,1777799745000,20969,26.63893,45.37024,10.02183,74359,True,70.08203,3
20260503-032551,-Orh6rpy7fVumWKoso8D,2026-05-03 09:15:57+00:00,1777799757000,20981,26.64907,45.32727,10.02194,75093,True,64.53257,3
20260503-032551,-Orh6unAuT0aThZWMnh6,2026-05-03 09:16:09+00:00,1777799769000,20993,26.65668,45.34,10.02187,75841,True,61.05232,3
20260503-032551,-Orh6xh7Y6FEbKb1A3gF,2026-05-03 09:16:21+00:00,1777799781000,21005,26.65668,45.39164,10.0219,76464,True,58.91222,3
20260503-032551,-Orh7-cZKSkfYZgbNRUp,2026-05-03 09:16:33+00:00,1777799793000,21017,26.66682,45.4934,10.022,76885,True,57.18137,3
20260503-032551,-Orh753ndemT9E1AipiV,2026-05-03 09:16:45+00:00,1777799805000,21029,26.66429,45.40528,10.02196,77382,True,55.64695,3
20260503-032551,-Orh75vrltbC3ctAvPU4,2026-05-03 09:16:59+00:00,1777799819000,21043,26.72235,45.20042,10.02215,77097,True,55.63978,3
20260503-032551,-Orh78rjXjAIToHnXh68,2026-05-03 09:17:11+00:00,1777799831000,21055,26.63639,45.59042,10.02209,69659,True,84.26102,3
20260503-032551,-Orh7BmtMugQ2fTACwyM,2026-05-03 09:17:23+00:00,1777799843000,21067,26.66175,45.46232,10.02223,74359,True,71.21395,3
20260503-032551,-Orh7EjD4oaDu36LYdfL,2026-05-03 09:17:35+00:00,1777799855000,21079,26.65668,45.44039,10.02201,75841,True,63.05776,3
20260503-032551,-Orh7HExJkzIlIReHXL5,2026-05-03 09:17:45+00:00,1777799865000,21089,26.573,45.97026,10.02186,67253,True,70.52805,3
20260503-032551,-Orh7KASEUpHaxm9MWWj,2026-05-03 09:17:57+00:00,1777799877000,21101,26.64147,45.50981,10.02205,74958,True,68.28355,3
20260503-032551,-Orh7MlY577AtfTsmzeg,2026-05-03 09:18:07+00:00,1777799887000,21112,26.57047,45.9462,10.0221,66086,True,74.71944,3
20260503-032551,-Orh7PgNlBpX6yorGenG,2026-05-03 09:18:19+00:00,1777799899000,21124,26.64147,45.49116,10.02203,73900,True,71.38131,3
20260503-032551,-Orh7ScAfiq5JzZOvjcQ,2026-05-03 09:18:31+00:00,1777799911000,21136,26.644,45.46444,10.02167,76116,True,62.62958,3
20260503-032551,-Orh7VYY49wxrrwDVJ6S,2026-05-03 09:18:43+00:00,1777799923000,21148,26.65922,45.32993,10.02207,77240,True,57.55346,3
20260503-032551,-Orh7YU56Y9jZjrZNLx0,2026-05-03 09:18:55+00:00,1777799935000,21160,26.66429,45.32262,10.02183,77526,True,55.44804,3
20260503-032551,-Orh7aPPRtrarwlN3jaN,2026-05-03 09:19:07+00:00,1777799947000,21172,26.66936,45.31493,10.02204,77959,True,54.02536,3
20260503-032551,-Orh7dKzgYL3Rs8JbPly,2026-05-03 09:19:19+00:00,1777799959000,21184,26.66429,45.26733,10.0218,78104,True,52.99916,3
20260503-032551,-Orh7gGX_V-5DFE3sj6z,2026-05-03 09:19:31+00:00,1777799971000,21196,26.67189,45.22768,10.02192,78104,True,52.68842,3
20260503-032551,-Orh7jC71FboynFdjmeN,2026-05-03 09:19:43+00:00,1777799983000,21208,26.66936,45.20273,10.02181,78177,True,52.4489,3
20260503-032551,-Orh7nOIVZ0ybq7zSzX7,2026-05-03 09:19:57+00:00,1777799997000,21221,26.72425,45.09351,10.02181,78250,True,52.3651,3
20260503-032551,-Orh7ostnQwcyYZWiogv,2026-05-03 09:20:07+00:00,1777800007000,21231,26.56286,46.20917,10.02209,58678,True,87.96036,3
20260503-032551,-Orh7roJ1Z805vDQk2B0,2026-05-03 09:20:19+00:00,1777800019000,21243,26.63639,45.45766,10.02167,71502,True,83.69328,3
20260503-032551,-Orh7ukh8iXRUy54Ajhp,2026-05-03 09:20:31+00:00,1777800031000,21255,26.65414,45.29634,10.02179,75431,True,68.38808,3
20260503-032551,-Orh7xp3Y-oRb8IS1Cdz,2026-05-03 09:20:43+00:00,1777800043000,21267,26.5654,45.9558,10.02209,63577,True,77.8264,3
20260503-032551,-Orh8-K2jWlBKwrpxgMQ,2026-05-03 09:20:54+00:00,1777800054000,21278,26.66277,45.56919,10.02198,67525,True,81.16504,3
20260503-032551,-Orh82GKxiMLbQF1IZ-G,2026-05-03 09:21:06+00:00,1777800066000,21290,26.62879,45.51316,10.02183,69256,True,91.35902,3
20260503-032551,-Orh85AewD3Q7pU0g_Vy,2026-05-03 09:21:18+00:00,1777800078000,21302,26.64147,45.40906,10.02185,73965,True,74.27281,3
20260503-032551,-Orh886-FauQaR_5QhXa,2026-05-03 09:21:30+00:00,1777800090000,21314,26.64147,45.42768,10.02155,75635,True,64.29453,3
20260503-032551,-Orh8B31D6hGXpvKtrCc,2026-05-03 09:21:42+00:00,1777800102000,21326,26.644,45.47649,10.02149,76394,True,59.46609,3
20260503-032551,-Orh8DYUYHEeQRvSahUU,2026-05-03 09:21:52+00:00,1777800112000,21336,26.57554,45.94522,10.02203,67579,True,67.78114,3
20260503-032551,-Orh8GTwLGr--HWI2Uvu,2026-05-03 09:22:04+00:00,1777800124000,21348,26.63893,45.45179,10.02162,74758,True,67.80005,3
20260503-032551,-Orh8JPlLJkZOzAus7Qj,2026-05-03 09:22:16+00:00,1777800136000,21360,26.64654,45.29536,10.02192,76604,True,60.64727,3
20260503-032551,-Orh8MMPtIOxQ5zFsJz5,2026-05-03 09:22:28+00:00,1777800148000,21372,26.64907,45.34275,10.02169,77097,True,56.8528,3
20260503-032551,-Orh8PKZSihy18gASyes,2026-05-03 09:22:40+00:00,1777800160000,21384,26.65161,45.51738,10.02154,77311,True,55.43171,3
20260503-032551,-Orh8SBv3Nq0AAIM8C9o,2026-05-03 09:22:52+00:00,1777800172000,21396,26.66175,45.44265,10.02167,77670,True,53.98014,3
20260503-032551,-Orh8Xrcnj-8MvQO37Qy,2026-05-03 09:23:04+00:00,1777800184000,21408,26.62372,45.62541,10.02173,73062,True,64.18369,3
20260503-032551,-Orh8Yp1VvXOnoMmkvp0,2026-05-03 09:23:19+00:00,1777800199000,21423,26.69253,45.35254,10.02167,73900,True,64.77275,3
20260503-032551,-Orh8akA7kNZ-MVoVfzF,2026-05-03 09:23:31+00:00,1777800211000,21435,26.62879,45.63297,10.02193,68744,True,90.0771,3
20260503-032551,-Orh8dffZ3E8lUb6c6xf,2026-05-03 09:23:43+00:00,1777800223000,21447,26.63639,45.39837,10.02156,74293,True,73.29397,3
20260503-032551,-Orh8gb2fSGyDPsT3tNq,2026-05-03 09:23:55+00:00,1777800235000,21459,26.64147,45.31353,10.02147,75910,True,63.40987,3
20260503-032551,-Orh8jXag6pQd1FewIef,2026-05-03 09:24:07+00:00,1777800247000,21471,26.64907,45.39938,10.02183,76815,True,58.62406,3
20260503-032551,-Orh8mUku-QP-B7od6iH,2026-05-03 09:24:19+00:00,1777800259000,21483,26.64654,45.41764,10.02146,77169,True,56.48463,3
20260503-032551,-Orh8pOzCm6Kumww90TD,2026-05-03 09:24:31+00:00,1777800271000,21495,26.65668,45.35173,10.02161,77814,True,54.52515,3
20260503-032551,-Orh8sKiJ3nEz3qjJ4jH,2026-05-03 09:24:43+00:00,1777800283000,21507,26.66175,45.29508,10.02172,77670,True,53.65576,3
20260503-032551,-Orh8vFkNpSAmlr1pz6J,2026-05-03 09:24:55+00:00,1777800295000,21519,26.65161,45.22485,10.0216,78397,True,52.51096,3
20260503-032551,-Orh8yBMMSXKYz60hyaP,2026-05-03 09:25:07+00:00,1777800307000,21531,26.65161,45.26158,10.02153,78177,True,52.04369,3
20260503-032551,-Orh90u-9WuGS8QUqTHQ,2026-05-03 09:25:20+00:00,1777800320000,21544,26.7065,45.14943,10.02154,77814,True,52.51798,3
20260503-032551,-Orh93It0DPaAHk8g3Gm,2026-05-03 09:25:32+00:00,1777800332000,21556,26.63132,45.56404,10.02129,71259,True,79.15787,3
20260503-032551,-Orh96DiRSUVq5HDYvyz,2026-05-03 09:25:44+00:00,1777800344000,21568,26.63639,45.31432,10.02145,75160,True,67.81911,3
20260503-032551,-Orh999BKeGM4TeZrSG6,2026-05-03 09:25:56+00:00,1777800356000,21580,26.64654,45.2615,10.02151,76956,True,59.62803,3
20260503-032551,-Orh9HcFKziHX1DRhhHZ,2026-05-03 09:26:29+00:00,1777800389000,21614,26.70307,45.14128,10.02142,78104,True,55.20514,3
20260503-032551,-Orh9KEijKAJSU5eXhgj,2026-05-03 09:26:41+00:00,1777800401000,21626,26.61357,45.72727,10.02162,65982,True,98.43908,3
20260503-032551,-Orh9NDicnHfSOInF718,2026-05-03 09:26:54+00:00,1777800414000,21638,26.6728,45.46643,10.02163,68519,True,94.25272,3
20260503-032551,-Orh9QYU5bA2n66jktjL,2026-05-03 09:27:07+00:00,1777800427000,21651,26.57972,46.08339,10.02156,56348,True,106.53188,3
20260503-032551,-Orh9TKwnxNK_I2FF37t,2026-05-03 09:27:19+00:00,1777800439000,21663,26.60343,45.59343,10.02172,64015,True,116.7813,3
20260503-032551,-Orh9WFx0rBe0pCEVxCl,2026-05-03 09:27:31+00:00,1777800451000,21675,26.61104,45.34727,10.02147,71320,True,88.50624,3
20260503-032551,-Orh9ZBzitH0YZTDOuSR,2026-05-03 09:27:43+00:00,1777800463000,21687,26.62625,45.31898,10.02131,73965,True,72.52007,3
20260503-032551,-Orh9b7CbrO6popmbZsy,2026-05-03 09:27:55+00:00,1777800475000,21699,26.62879,45.42981,10.02132,75704,True,64.37383,3
20260503-032551,-Orh9e2bQyECMuUakRi1,2026-05-03 09:28:07+00:00,1777800487000,21711,26.63132,45.48689,10.02143,75910,True,60.71872,3
20260503-032551,-Orh9gz4miPl9UM2pRtV,2026-05-03 09:28:19+00:00,1777800499000,21723,26.63893,45.375,10.0213,76674,True,58.12528,3
20260503-032551,-Orh9juRcKlQw2B01ucg,2026-05-03 09:28:31+00:00,1777800511000,21735,26.63893,45.41788,10.0212,76885,True,56.50497,3
20260503-032551,-Orh9mq4-42yuX1AnfHW,2026-05-03 09:28:43+00:00,1777800523000,21747,26.63893,45.4671,10.02132,77311,True,55.26793,3
20260503-032551,-Orh9plpDx2RKWsERqnS,2026-05-03 09:28:55+00:00,1777800535000,21759,26.63893,45.38747,10.02144,77240,True,54.80138,3
20260503-032551,-Orh9shIlr1et6wWViM7,2026-05-03 09:29:07+00:00,1777800547000,21771,26.63639,45.48495,10.02137,77959,True,53.50908,3
20260503-032551,-OrhA1nQFZmAXJeblwXW,2026-05-03 09:29:19+00:00,1777800559000,21783,26.63893,45.42552,10.02136,78031,True,53.15592,3
20260503-032551,-OrhA5YZww6mgYh63dnT,2026-05-03 09:30:01+00:00,1777800601000,21825,26.70597,45.21398,10.02147,78544,True,52.48113,3
20260503-032551,-OrhA7uLMKXPGgUkRF6j,2026-05-03 09:30:13+00:00,1777800613000,21837,26.58315,45.65006,10.02146,58310,True,128.46835,3
20260503-032551,-OrhAAqG2Rn-I0vSfo7f,2026-05-03 09:30:25+00:00,1777800625000,21849,26.61357,45.40382,10.02176,68631,True,100.81212,3
20260503-032551,-OrhADlEoyp0o7KXxrYj,2026-05-03 09:30:37+00:00,1777800637000,21861,26.60597,45.35399,10.02134,72556,True,80.01226,3
20260503-032551,-OrhAGgmxN86L4sr1uw_,2026-05-03 09:30:49+00:00,1777800649000,21873,26.61611,45.36959,10.0215,74228,True,69.26077,3
20260503-032551,-OrhAJfXmMOmDxwR62wB,2026-05-03 09:31:01+00:00,1777800661000,21885,26.62879,45.31205,10.02146,75910,True,62.99898,3
20260503-032551,-OrhAM_0ZJA2VywpFsgD,2026-05-03 09:31:13+00:00,1777800673000,21897,26.62879,45.29767,10.02133,76047,True,60.26354,3
20260503-032551,-OrhAPH9pj1pJekmIhLm,2026-05-03 09:31:24+00:00,1777800684000,21908,26.54765,45.83306,10.02158,66034,True,70.22673,3
20260503-032551,-OrhASCUoV7ZAQeQtHfd,2026-05-03 09:31:36+00:00,1777800696000,21920,26.62118,45.3114,10.02149,74096,True,70.57814,3
20260503-032551,-OrhAV8A3sUu3gWuU_xB,2026-05-03 09:31:48+00:00,1777800708000,21932,26.62372,45.35607,10.02136,75567,True,63.27637,3
20260503-032551,-OrhAY3WOo1cGODed2gX,2026-05-03 09:32:00+00:00,1777800720000,21944,26.62879,45.40244,10.0213,76956,True,58.55756,3
20260503-032551,-OrhAa-Jk43qQWoWzrCq,2026-05-03 09:32:12+00:00,1777800732000,21956,26.62625,45.4605,10.02152,77382,True,56.14431,3
20260503-032551,-OrhAdZviDeOQ2dcCRK3,2026-05-03 09:32:24+00:00,1777800744000,21968,26.62625,45.41473,10.02128,77742,True,54.72828,3
20260503-032551,-OrhAfr7zmeP77nnFaOb,2026-05-03 09:32:36+00:00,1777800756000,21980,26.62625,45.32376,10.02129,77959,True,53.77962,3
20260503-032551,-OrhAimZomVESIWGsFcC,2026-05-03 09:32:48+00:00,1777800768000,21992,26.63132,45.27135,10.02118,78031,True,52.94469,3
20260503-032551,-OrhAli3JmOwr01WHSqs,2026-05-03 09:33:00+00:00,1777800780000,22004,26.63132,45.3095,10.02114,78470,True,52.08807,3
20260503-032551,-OrhAoe3EtMdQd5BOJ7_,2026-05-03 09:33:12+00:00,1777800792000,22016,26.63132,45.34725,10.02122,78104,True,52.22057,3
20260503-032551,-OrhArbXWpq0nEfrw7I9,2026-05-03 09:33:24+00:00,1777800804000,22028,26.63639,45.3395,10.02124,78397,True,52.21261,3
20260503-032551,-OrhAuVVMEVQ8iJnQ-wA,2026-05-03 09:33:36+00:00,1777800816000,22040,26.63639,45.38482,10.02117,78177,True,52.08591,3
20260503-032551,-OrhAxR-xmpvHcOreBtK,2026-05-03 09:33:48+00:00,1777800828000,22052,26.63639,45.38567,10.02123,78691,True,51.25652,3
20260503-032551,-OrhB-NzbuSC4AyvGhn9,2026-05-03 09:34:00+00:00,1777800840000,22064,26.63639,45.32456,10.02114,78323,True,51.7996,3
20260503-032551,-OrhB2Hr3AO6TAJ1tPTu,2026-05-03 09:34:12+00:00,1777800852000,22076,26.63386,45.35413,10.02112,78691,True,51.14,3
20260503-032551,-OrhB5DmCLnuy8gzmkg5,2026-05-03 09:34:24+00:00,1777800864000,22088,26.63893,45.32636,10.0212,78914,True,50.4951,3
20260503-032551,-OrhB88tcMn5ufB_4J0i,2026-05-03 09:34:36+00:00,1777800876000,22100,26.63893,45.26851,10.02116,79362,True,50.3314,3
20260503-032551,-OrhBB4XPBwbQMw5Hiiw,2026-05-03 09:34:48+00:00,1777800888000,22112,26.63386,45.23985,10.02101,78839,True,50.38825,3
20260503-032551,-OrhBE0YjvE_UorPFWkn,2026-05-03 09:35:00+00:00,1777800900000,22124,26.63639,45.18895,10.0211,78914,True,50.36072,3
20260503-032551,-OrhBHScHps-ApFlMR5o,2026-05-03 09:35:13+00:00,1777800913000,22137,26.69383,45.00851,10.0212,79063,True,50.20078,3
20260503-032551,-OrhBLQ9LVYl4v1TurPw,2026-05-03 09:35:25+00:00,1777800925000,22149,26.61357,45.36613,10.02113,71625,True,78.24229,3
20260503-032551,-OrhBMv6kcULF1xio7-E,2026-05-03 09:35:37+00:00,1777800937000,22161,26.53751,45.9422,10.02129,63820,True,84.21753,3
20260503-032551,-OrhBPr69JqVJmRsplt0,2026-05-03 09:35:49+00:00,1777800949000,22173,26.61104,45.49249,10.02119,73965,True,76.09409,3
20260503-032551,-OrhBSmUyt3X8u3tGwcm,2026-05-03 09:36:01+00:00,1777800961000,22185,26.62372,45.36561,10.02108,75841,True,64.42268,3
20260503-032551,-OrhBVhgaZolL5a5nLNM,2026-05-03 09:36:13+00:00,1777800973000,22197,26.62625,45.40393,10.02096,76956,True,58.49282,3
20260503-032551,-OrhBYd6EYISrDjqv3cp,2026-05-03 09:36:25+00:00,1777800985000,22209,26.62625,45.52647,10.02105,76815,True,56.58462,3
20260503-032551,-OrhBaZNYc-LeghL14KB,2026-05-03 09:36:37+00:00,1777800997000,22221,26.62625,45.44765,10.02084,77670,True,54.1895,3
20260503-032551,-OrhBdV3flq8i8ipcY5O,2026-05-03 09:36:49+00:00,1777801009000,22233,26.62625,45.28689,10.02094,78031,True,53.26712,3
20260503-032551,-OrhBgQREXQJ0uwe-2np,2026-05-03 09:37:01+00:00,1777801021000,22245,26.63132,45.27544,10.02088,78397,True,52.21915,3
20260503-032551,-OrhBjM7FvqjOP9H6y3W,2026-05-03 09:37:13+00:00,1777801033000,22257,26.63386,45.21467,10.02096,78397,True,51.77513,3
20260503-032551,-OrhBmHQEB8QU5zBsqNd,2026-05-03 09:37:25+00:00,1777801045000,22269,26.63386,45.24846,10.02094,78544,True,51.51935,3
20260503-032551,-OrhBpCvMlOgqPMZ_u1e,2026-05-03 09:37:37+00:00,1777801057000,22281,26.63132,45.23712,10.02085,78250,True,51.87535,3
20260503-032551,-OrhBsAFC3d94sLsHBKP,2026-05-03 09:37:49+00:00,1777801069000,22293,26.63132,45.2685,10.02088,78617,True,50.99209,3
20260503-032551,-OrhBv4AbFyTmBTeyFtL,2026-05-03 09:38:01+00:00,1777801081000,22305,26.63386,45.38557,10.02094,79137,True,50.60374,3
20260503-032551,-OrhBx_LnR4duW_GtP9O,2026-05-03 09:38:11+00:00,1777801091000,22315,26.69325,45.22093,10.02099,78691,True,50.69108,3
20260503-032551,-OrhC-Wk21ePBML6h6NF,2026-05-03 09:38:23+00:00,1777801103000,22327,26.61104,45.48097,10.02077,72935,True,72.70345,3
20260503-032551,-OrhCAq7Q0Qh1qsORucK,2026-05-03 09:38:35+00:00,1777801115000,22339,26.63132,45.3101,10.02106,75910,True,63.81243,3
20260503-032551,-OrhCPM6RiPdifpcPwtj,2026-05-03 09:39:22+00:00,1777801162000,22386,26.69106,45.14361,10.02107,77027,True,61.43689,3
20260503-032551,-OrhCQ6sHJ4C4z1Z6mtq,2026-05-03 09:40:12+00:00,1777801212000,22436,26.53396,46.5031,10.02103,39694,True,111.61,3
20260503-032551,-OrhCT3X_hroM15zz1ri,2026-05-03 09:40:24+00:00,1777801224000,22448,26.54004,45.87767,10.021,48014,True,190.0296,3
20260503-032551,-OrhCVzM1O3x8005rOCd,2026-05-03 09:40:36+00:00,1777801236000,22460,26.56033,45.61206,10.02066,61074,True,140.26938,3
20260503-032551,-OrhCYuTGNGlsur-fVYD,2026-05-03 09:40:48+00:00,1777801248000,22472,26.58061,45.53224,10.02079,67146,True,105.03598,3
20260503-032551,-OrhCaqDs8ac0MF2jCdQ,2026-05-03 09:41:00+00:00,1777801260000,22484,26.58568,45.45915,10.02064,70777,True,85.12946,3
20260503-032551,-OrhCdg5ZO6i4VqWwF3s,2026-05-03 09:41:11+00:00,1777801271000,22496,26.50454,46.04785,10.02098,61749,True,91.24255,3
20260503-032551,-OrhCgc6Q3R30ncf6Q4F,2026-05-03 09:41:23+00:00,1777801283000,22508,26.58568,45.60026,10.02084,70361,True,85.71521,3
20260503-032551,-OrhCjg9CW68YKSPLjqx,2026-05-03 09:41:35+00:00,1777801295000,22520,26.59075,45.51373,10.02051,73062,True,73.95706,3
20260503-032551,-OrhCmbEf2QwSLS_OjWJ,2026-05-03 09:41:47+00:00,1777801307000,22532,26.60343,45.63602,10.0206,74359,True,67.29791,3
20260503-032551,-OrhCpPM-TCDqzMNLkL9,2026-05-03 09:41:59+00:00,1777801319000,22544,26.60597,45.55293,10.02065,75025,True,63.09419,3
20260503-032551,-OrhCsKsxSXE7UUq-9qc,2026-05-03 09:42:11+00:00,1777801331000,22556,26.61611,45.43114,10.02071,76116,True,60.16151,3
20260503-032551,-OrhCvGIahBF9A0rSA74,2026-05-03 09:42:23+00:00,1777801343000,22568,26.6085,45.39891,10.02057,76674,True,58.07479,3
20260503-032551,-OrhCyBiNyH0hhTGzrRR,2026-05-03 09:42:35+00:00,1777801355000,22580,26.61611,45.34191,10.02062,77240,True,55.94676,3
20260503-032551,-OrhD078-HOyb7UW4PJ6,2026-05-03 09:42:47+00:00,1777801367000,22592,26.61611,45.32171,10.02062,77382,True,55.27767,3
20260503-032551,-OrhD32k7CVQQPqKd5LR,2026-05-03 09:42:59+00:00,1777801379000,22604,26.62118,45.35139,10.0207,77526,True,54.92871,3
20260503-032551,-OrhD5zINKT0PuRAUiWz,2026-05-03 09:43:11+00:00,1777801391000,22616,26.61865,45.33395,10.02043,77670,True,53.9184,3
20260503-032551,-OrhD8usMDRQ2u0nK21r,2026-05-03 09:43:23+00:00,1777801403000,22628,26.61611,45.38778,10.02045,77742,True,53.6423,3
20260503-032551,-OrhDBreIMxkMWWQcsH5,2026-05-03 09:43:35+00:00,1777801415000,22640,26.61865,45.37075,10.02054,78177,True,52.98996,3
20260503-032551,-OrhDEmbQWNz6ib4Eyh4,2026-05-03 09:43:47+00:00,1777801427000,22652,26.62118,45.35569,10.0204,77454,True,53.53016,3
20260503-032551,-OrhDHleI4fIkUj8jH-d,2026-05-03 09:43:59+00:00,1777801439000,22664,26.61865,45.28991,10.02063,78250,True,52.23767,3
20260503-032551,-OrhDKd22OLewL1as0U9,2026-05-03 09:44:11+00:00,1777801451000,22676,26.61865,45.2012,10.02031,78470,True,51.83337,3
20260503-032551,-OrhDNZDNRfnEbVTThY8,2026-05-03 09:44:23+00:00,1777801463000,22688,26.62625,45.27498,10.02059,78470,True,51.71548,3
20260503-032551,-OrhDQUlkDbMexF9fE4N,2026-05-03 09:44:35+00:00,1777801475000,22700,26.62879,45.2873,10.02061,79063,True,50.93456,3
20260503-032551,-OrhDTsQIEXSe9OBC4qM,2026-05-03 09:44:47+00:00,1777801487000,22712,26.62625,45.32677,10.0204,78544,True,51.11946,3
20260503-032551,-OrhDWLo7WDoV15KR6D4,2026-05-03 09:44:59+00:00,1777801499000,22724,26.62879,45.31049,10.02058,78617,True,51.37102,3
20260503-032551,-OrhDZHCGsQes0jf8Puu,2026-05-03 09:45:11+00:00,1777801511000,22736,26.61865,45.28335,10.02038,78765,True,51.04541,3
20260503-032551,-OrhDbCn_YNTYpgoJRQQ,2026-05-03 09:45:23+00:00,1777801523000,22748,26.62879,45.27117,10.02044,78691,True,51.1402,3
20260503-032551,-OrhDe87oD4G8euhzSqd,2026-05-03 09:45:35+00:00,1777801535000,22760,26.62625,45.29296,10.02047,78914,True,50.62931,3
20260503-032551,-OrhDh3cSVd2n74XVfYY,2026-05-03 09:45:47+00:00,1777801547000,22772,26.61865,45.28495,10.02038,78544,True,50.5425,3
20260503-032551,-OrhDk1es3vr-wKuH49X,2026-05-03 09:46:00+00:00,1777801560000,22784,26.61865,45.31183,10.02033,78397,True,51.54719,3
20260503-032551,-OrhDmyvhSU6L_I8nTJc,2026-05-03 09:46:12+00:00,1777801572000,22796,26.62625,45.30622,10.02042,78914,True,50.66262,3
20260503-032551,-OrhDpv6Sn1r9OD00NSS,2026-05-03 09:46:24+00:00,1777801584000,22808,26.62625,45.27188,10.0205,78839,True,50.36774,3
20260503-032551,-OrhDspCT2l7Vf8cmmy0,2026-05-03 09:46:36+00:00,1777801596000,22820,26.62372,45.22113,10.0205,78765,True,50.37613,3
20260503-032551,-OrhDvkizjOriZlxUcgF,2026-05-03 09:46:48+00:00,1777801608000,22832,26.62879,45.1504,10.02053,78765,True,50.44675,3
20260503-032551,-OrhDylBnBOZjmM0aBRG,2026-05-03 09:47:00+00:00,1777801620000,22844,26.63132,45.2013,10.02043,78544,True,50.68995,3
20260503-032551,-OrhE0bs0X1BamP7fwbh,2026-05-03 09:47:12+00:00,1777801632000,22856,26.62372,45.20985,10.02027,78839,True,50.53831,3
20260503-032551,-OrhE78JYHWBqD4PgW1-,2026-05-03 09:47:25+00:00,1777801645000,22869,26.68115,45.06428,10.02049,78765,True,50.64366,3
20260503-032551,-OrhE84RETdLSmhz0qOx,2026-05-03 09:47:42+00:00,1777801662000,22886,26.57744,45.97183,10.02061,61074,True,70.67527,3
20260503-032551,-OrhECUFpyjBGIn-q7ij,2026-05-03 09:47:54+00:00,1777801674000,22898,26.57808,45.55709,10.02045,64458,True,109.52688,3
20260503-032551,-OrhEDzP0TNQPa5N48VG,2026-05-03 09:48:06+00:00,1777801686000,22911,26.50708,46.01993,10.02074,59385,True,109.17984,3
20260503-032551,-OrhEGuPKhm5lafvO_HG,2026-05-03 09:48:18+00:00,1777801698000,22923,26.59583,45.43462,10.02065,70184,True,91.98108,3
20260503-032551,-OrhEJqr3A-DOu1_CMWM,2026-05-03 09:48:30+00:00,1777801710000,22935,26.59329,45.35952,10.02045,74492,True,73.33872,3
20260503-032551,-OrhEMmMuiQ1SrH3FKrp,2026-05-03 09:48:42+00:00,1777801722000,22947,26.6009,45.21956,10.02046,75841,True,64.01038,3
20260503-032551,-OrhEPgxJF3CpKQvdM2E,2026-05-03 09:48:54+00:00,1777801734000,22959,26.61104,45.32898,10.02057,76604,True,59.38214,3
20260503-032551,-OrhEScWUcZ-hpIxhAkd,2026-05-03 09:49:06+00:00,1777801746000,22971,26.6085,45.28152,10.02043,77027,True,57.07057,3
20260503-032551,-OrhEVZC_qh3G0taH3BN,2026-05-03 09:49:18+00:00,1777801758000,22983,26.6085,45.29192,10.02053,77670,True,55.03712,3
20260503-032551,-OrhEYUO74JeL5zlYUV7,2026-05-03 09:49:30+00:00,1777801770000,22995,26.6085,45.38846,10.02064,77959,True,54.18577,3
20260503-032551,-OrhEaQ6YY2J7R3-v7Cd,2026-05-03 09:49:42+00:00,1777801782000,23007,26.6085,45.35397,10.02041,78397,True,52.67233,3
20260503-032551,-OrhEdMT7ka8C9am1BXe,2026-05-03 09:49:54+00:00,1777801794000,23019,26.61611,45.30123,10.02052,78250,True,52.59725,3
20260503-032551,-OrhEgGvA3MaL351MByv,2026-05-03 09:50:06+00:00,1777801806000,23031,26.61357,45.2133,10.02048,78397,True,51.95564,3
20260503-032551,-OrhEjCW92y4mJDiV4Oq,2026-05-03 09:50:18+00:00,1777801818000,23043,26.61865,45.16661,10.02054,78544,True,51.95118,3
20260503-032551,-OrhEm84Vcz5LJ_-Va9m,2026-05-03 09:50:30+00:00,1777801830000,23055,26.6085,45.26336,10.02046,78617,True,51.59808,3
20260503-032551,-OrhEp3ORNJiEhbntJzY,2026-05-03 09:50:42+00:00,1777801842000,23067,26.61357,45.2551,10.02044,78617,True,51.46184,3
20260503-032551,-OrhEsDyoLEzkEyaifBp,2026-05-03 09:50:54+00:00,1777801854000,23079,26.61357,45.11456,10.02063,78839,True,51.06262,3
20260503-032551,-OrhEuvN1Q1BhinPb5il,2026-05-03 09:51:06+00:00,1777801866000,23091,26.61865,45.08639,10.02045,78765,True,51.14607,3
20260503-032551,-OrhExrOYWMVTOJxr4-m,2026-05-03 09:51:18+00:00,1777801878000,23103,26.61865,45.19617,10.02064,78617,True,51.36021,3
20260503-032551,-OrhF-mXIolzCi4svJ-Q,2026-05-03 09:51:30+00:00,1777801890000,23115,26.61611,45.26153,10.02048,78988,True,51.06586,3
20260503-032551,-OrhF2hyzMxoAajhwJM8,2026-05-03 09:51:42+00:00,1777801902000,23127,26.61611,45.25793,10.02052,78914,True,50.53677,3
20260503-032551,-OrhF5dhXw3smWyh46HW,2026-05-03 09:51:54+00:00,1777801914000,23139,26.61611,45.23219,10.02053,78988,True,50.46159,3
20260503-032551,-OrhF8_1s2qNBz7S62cE,2026-05-03 09:52:06+00:00,1777801926000,23151,26.61611,45.26057,10.0206,78617,True,50.53971,3
20260503-032551,-OrhFBVXxI9PzEYA0Rpq,2026-05-03 09:52:18+00:00,1777801938000,23163,26.62118,45.21737,10.0204,78914,True,50.84592,3
20260503-032551,-OrhFE-ooN0v8NKN3Ymk,2026-05-03 09:52:29+00:00,1777801949000,23173,26.54511,45.75396,10.02056,69198,True,61.04428,3
20260503-032551,-OrhFGxBq8RNIlVTIKe2,2026-05-03 09:52:41+00:00,1777801961000,23185,26.6085,45.35192,10.0205,76255,True,62.76537,3
20260503-032551,-OrhFJreZxC0NSrNk_aV,2026-05-03 09:52:53+00:00,1777801973000,23197,26.6085,45.30805,10.0204,77598,True,56.97696,3
20260503-032551,-OrhFMnF4Uw4-HSARh2X,2026-05-03 09:53:05+00:00,1777801985000,23209,26.6085,45.25196,10.02036,78617,True,53.99372,3
20260503-032551,-OrhFPiw4qXK9TbHDUYt,2026-05-03 09:53:17+00:00,1777801997000,23221,26.6085,45.20066,10.02038,78031,True,52.92379,3
20260503-032551,-OrhFSxZbFpt4vRCxzvg,2026-05-03 09:53:29+00:00,1777802009000,23233,26.61357,45.22388,10.02042,78323,True,51.71796,3
20260503-032551,-OrhFVi0EYVYt7RchHIG,2026-05-03 09:53:41+00:00,1777802021000,23245,26.58315,45.55606,10.02037,73062,True,63.45374,3
20260503-032551,-OrhFYdYWhs0faXk2ZV5,2026-05-03 09:53:53+00:00,1777802033000,23257,26.60597,45.22501,10.02053,77169,True,59.72999,3
20260503-032551,-OrhFeNQBlvxqPDJXldZ,2026-05-03 09:54:05+00:00,1777802045000,23269,26.60597,45.23339,10.02053,77959,True,55.50559,3
20260503-032551,-OrhFfBl4PH6Sl2dN-pY,2026-05-03 09:54:24+00:00,1777802064000,23288,26.66168,45.14011,10.02033,77959,True,54.87269,3
20260503-032551,-OrhFi7GBQjhY1CvXiA8,2026-05-03 09:54:36+00:00,1777802076000,23300,26.56793,45.55241,10.02034,67743,True,93.89741,3
20260503-032551,-OrhFl2oRRe7w5hQyPc7,2026-05-03 09:54:48+00:00,1777802088000,23312,26.58315,45.28169,10.0203,73640,True,76.75163,3
20260503-032551,-OrhFnzyXU9ML5PhtEDv,2026-05-03 09:55:00+00:00,1777802100000,23324,26.59836,45.21543,10.0205,75841,True,65.05756,3
20260503-032551,-OrhFquentJL39F10PUU,2026-05-03 09:55:12+00:00,1777802112000,23336,26.59329,45.32795,10.02048,76885,True,59.51392,3
20260503-032551,-OrhFtrasgN8ishdDf8X,2026-05-03 09:55:24+00:00,1777802124000,23348,26.59836,45.31473,10.02034,77454,True,56.25263,3
20260503-032551,-OrhFwmG1pjtLStrFSrA,2026-05-03 09:55:36+00:00,1777802136000,23360,26.60343,45.28006,10.02045,77382,True,54.92258,3
20260503-032551,-OrhFzjC32RSciDGPiSo,2026-05-03 09:55:48+00:00,1777802148000,23373,26.51468,45.87649,10.02058,65313,True,68.20305,3
20260503-032551,-OrhG1TCqQrtzjhnhiK3,2026-05-03 09:55:59+00:00,1777802159000,23384,26.6133,45.47258,10.02053,69370,True,72.80045,3
20260503-032551,-OrhG4xKtcTfOjZ8dtHI,2026-05-03 09:56:12+00:00,1777802172000,23397,26.5493,45.97472,10.02073,58269,True,89.72951,3
20260503-032551,-OrhG7ZE_dASHAq0I63p,2026-05-03 09:56:24+00:00,1777802184000,23409,26.56033,45.45087,10.02036,66034,True,108.58646,3
20260503-032551,-OrhGAUjIwmxDAm03gLi,2026-05-03 09:56:36+00:00,1777802196000,23421,26.58315,45.2945,10.02064,72556,True,83.76575,3
20260503-032551,-OrhGDQBtFxYlNCnFI4C,2026-05-03 09:56:48+00:00,1777802208000,23433,26.58568,45.29277,10.02048,74891,True,69.52936,3
20260503-032551,-OrhGGLe82iuGlzQyoAC,2026-05-03 09:57:00+00:00,1777802220000,23445,26.58568,45.26088,10.02033,75704,True,62.91412,3
20260503-032551,-OrhGJYA5RXE8SG7wiWX,2026-05-03 09:57:12+00:00,1777802232000,23457,26.58822,45.17302,10.02044,76956,True,58.46807,3
20260503-032551,-OrhGMCwNTOvNZjukgRp,2026-05-03 09:57:24+00:00,1777802244000,23469,26.59329,45.12601,10.02047,77526,True,56.18967,3
20260503-032551,-OrhGP89AT5DH7HT-ngv,2026-05-03 09:57:36+00:00,1777802256000,23481,26.59329,45.21753,10.02036,77598,True,55.29604,3
20260503-032551,-OrhGS58mECVCyuAaTJ1,2026-05-03 09:57:48+00:00,1777802268000,23493,26.59836,45.19285,10.02034,77886,True,54.03875,3
20260503-032551,-OrhGV-G8JkPLsy9dzkr,2026-05-03 09:58:00+00:00,1777802280000,23505,26.60343,45.18225,10.02042,78031,True,53.26624,3
20260503-032551,-OrhGXwz7-NkUx8IUtvT,2026-05-03 09:58:12+00:00,1777802292000,23517,26.59836,45.22008,10.02041,78177,True,53.05793,3
20260503-032551,-OrhG_rLta5S3vNNfR5M,2026-05-03 09:58:24+00:00,1777802304000,23529,26.59836,45.15326,10.02034,78839,True,52.1625,3
20260503-032551,-OrhGcmf5ilcTGPwYivg,2026-05-03 09:58:36+00:00,1777802316000,23541,26.59583,45.13241,10.02037,78544,True,52.0388,3
20260503-032551,-OrhGfiIjg_osuzRQEEn,2026-05-03 09:58:48+00:00,1777802328000,23553,26.60597,45.1413,10.02037,78691,True,51.29023,3
20260503-032551,-OrhGidaTIdzuAl6oaJE,2026-05-03 09:59:00+00:00,1777802340000,23565,26.60343,45.16689,10.0204,78544,True,51.7966,3
20260503-032551,-OrhGl_WLuRsW7Y3BSmz,2026-05-03 09:59:12+00:00,1777802352000,23577,26.6009,45.19769,10.0205,78914,True,50.95065,3
20260503-032551,-OrhGoVeXZjsjaKka_LJ,2026-05-03 09:59:24+00:00,1777802364000,23589,26.60597,45.23721,10.02051,78544,True,51.40109,3
20260503-032551,-OrhGrRGqzJOkPe2VSAl,2026-05-03 09:59:36+00:00,1777802376000,23601,26.6009,45.31459,10.02031,78470,True,52.07069,3
20260503-032551,-OrhGuMjF6YDdx5vYRLg,2026-05-03 09:59:48+00:00,1777802388000,23613,26.60343,45.24797,10.02028,78544,True,51.66339,3
20260503-032551,-OrhGxIjAiStx8ADWXHv,2026-05-03 10:00:00+00:00,1777802400000,23625,26.6009,45.19194,10.02034,78617,True,51.75467,3
20260503-032551,-OrhH6-Q2iKAr4A8vwhf,2026-05-03 10:00:12+00:00,1777802412000,23637,26.6009,45.20277,10.02029,78544,True,51.50805,3
20260503-032551,-OrhH6lvAFrjuyeS-PD9,2026-05-03 10:00:43+00:00,1777802443000,23668,26.66939,44.99982,10.02046,78914,True,51.23097,3
20260503-032551,-OrhH9h-TQszJPbpndoK,2026-05-03 10:00:55+00:00,1777802455000,23680,26.55525,45.54122,10.02037,62533,True,113.34134,3
20260503-032551,-OrhHCc0ol0d6Ea5Gyfg,2026-05-03 10:01:07+00:00,1777802467000,23692,26.57554,45.31241,10.02034,70718,True,90.73592,3
20260503-032551,-OrhHFZE6ItQS6K5CN07,2026-05-03 10:01:19+00:00,1777802479000,23704,26.57808,45.29657,10.02019,74425,True,73.21949,3
20260503-032551,-OrhHIU18Unhy_nK2Al-,2026-05-03 10:01:31+00:00,1777802491000,23716,26.58315,45.25012,10.02025,75841,True,64.47759,3
20260503-032551,-OrhHLPmdIYKHOKFZYQA,2026-05-03 10:01:43+00:00,1777802503000,23728,26.58315,45.25155,10.02022,76604,True,59.71913,3
20260503-032551,-OrhHNzdaUyKDuNVQDRx,2026-05-03 10:01:54+00:00,1777802514000,23738,26.64044,45.11418,10.02042,76674,True,59.11513,3
20260503-032551,-OrhHQsNLT4rzhdg-1YT,2026-05-03 10:02:06+00:00,1777802526000,23750,26.54303,45.83705,10.02043,62909,True,74.37564,3
20260503-032551,-OrhHVFDWmdBb9ADeIcS,2026-05-03 10:02:19+00:00,1777802539000,23763,26.52648,46.05531,10.02041,55016,True,95.50008,3
20260503-032551,-OrhHWnzcMp-PBefbT2I,2026-05-03 10:02:30+00:00,1777802550000,23774,26.46397,46.22086,10.02036,49606,True,134.22784,3
20260503-032551,-OrhHZkBlrZ7OaVIyh35,2026-05-03 10:02:42+00:00,1777802562000,23786,26.55272,45.60016,10.02022,66295,True,113.02055,3
20260503-032551,-OrhHbegITasO8hjmr9X,2026-05-03 10:02:54+00:00,1777802574000,23798,26.55779,45.49512,10.02009,71871,True,85.90938,3
20260503-032551,-OrhHeaCvNpF2BXHdSQW,2026-05-03 10:03:06+00:00,1777802586000,23810,26.573,45.3954,10.02016,74425,True,71.51918,3
20260503-032551,-OrhHhl9QIR1vX-8i5cZ,2026-05-03 10:03:18+00:00,1777802598000,23822,26.56793,45.29916,10.02004,75635,True,64.16426,3
20260503-032551,-OrhHkTQrdWLdiVOgVZN,2026-05-03 10:03:30+00:00,1777802610000,23834,26.573,45.2154,10.02002,76534,True,60.1931,3
20260503-032551,-OrhHnNnVmjsYdhUheTk,2026-05-03 10:03:42+00:00,1777802622000,23846,26.58315,45.15865,10.02027,77027,True,57.26869,3
20260503-032551,-OrhHqJMc01n88SYtBvz,2026-05-03 10:03:54+00:00,1777802634000,23858,26.58822,45.18438,10.02019,77311,True,56.11085,3
20260503-032551,-OrhHtEmzTTWqqL56ING,2026-05-03 10:04:06+00:00,1777802646000,23870,26.58315,45.09807,10.0199,77886,True,54.84427,3
20260503-032551,-OrhHwAGVoTDCgBF_Q5e,2026-05-03 10:04:18+00:00,1777802658000,23882,26.58568,45.12697,10.01998,77959,True,53.93911,3
20260503-032551,-OrhHz5ioEGgwoAxNjzS,2026-05-03 10:04:30+00:00,1777802670000,23894,26.58315,45.1652,10.02009,78397,True,53.0494,3
20260503-032551,-OrhI118PYaQxnboy5uz,2026-05-03 10:04:42+00:00,1777802682000,23906,26.58568,45.20952,10.01994,78104,True,52.98631,3
20260503-032551,-OrhI3yY2EYjeTeSq0Pj,2026-05-03 10:04:54+00:00,1777802694000,23918,26.59329,45.21133,10.02005,77959,True,53.21601,3
20260503-032551,-OrhI6t9zUHpVAYGEokS,2026-05-03 10:05:06+00:00,1777802706000,23930,26.59075,45.1095,10.02002,78470,True,52.65493,3
20260503-032551,-OrhI9pM462NGVXeIaZB,2026-05-03 10:05:18+00:00,1777802718000,23942,26.58822,45.18642,10.0198,78544,True,52.26994,3
20260503-032551,-OrhICmjw9xSmKxjn9zq,2026-05-03 10:05:30+00:00,1777802730000,23954,26.59583,45.23196,10.0201,78397,True,52.085,3
20260503-032551,-OrhIFgCoVmwGC3J7Mbl,2026-05-03 10:05:42+00:00,1777802742000,23966,26.59329,45.1787,10.01999,79137,True,51.67002,3
20260503-032551,-OrhIIb6xPgBlwaLhD_U,2026-05-03 10:05:54+00:00,1777802754000,23978,26.58568,45.19473,10.01978,78765,True,51.45261,3
20260503-032551,-OrhIMGQGmkptvOYS8_Q,2026-05-03 10:06:07+00:00,1777802767000,23991,26.64565,45.0473,10.01976,78839,True,51.28844,3
20260503-032551,-OrhIOy7rVfdSUYeIfEH,2026-05-03 10:06:19+00:00,1777802779000,24003,26.53831,45.85496,10.01998,60852,True,71.75212,3
20260503-032551,-OrhIRg62MPhy633t-Gg,2026-05-03 10:06:31+00:00,1777802791000,24015,26.55018,45.4222,10.01979,67146,True,99.95172,3
20260503-032551,-OrhIUaqhKWiWruZDXuC,2026-05-03 10:06:43+00:00,1777802803000,24027,26.56793,45.41656,10.01969,73511,True,79.15125,3
20260503-032551,-OrhIXXU48KR7keLM7el,2026-05-03 10:06:55+00:00,1777802815000,24039,26.573,45.33678,10.01968,75567,True,66.96015,3
20260503-032551,-OrhI_Sr2-FcdFiZa026,2026-05-03 10:07:07+00:00,1777802827000,24051,26.57808,45.18686,10.01985,76744,True,60.4951,3
20260503-032551,-OrhIcP_TeflzslMCgjh,2026-05-03 10:07:19+00:00,1777802839000,24063,26.57554,45.08252,10.01953,77240,True,56.95007,3
20260503-032551,-OrhIfJpEOWSKsIufhqL,2026-05-03 10:07:31+00:00,1777802851000,24075,26.58315,45.13714,10.01974,77959,True,54.75412,3
20260503-032551,-OrhIiFMCYWfWk7q5820,2026-05-03 10:07:43+00:00,1777802863000,24087,26.58061,45.18234,10.01951,77959,True,53.84222,3
20260503-032551,-OrhIlB4kLSJodpedT_e,2026-05-03 10:07:55+00:00,1777802875000,24099,26.58315,45.15405,10.0196,78470,True,52.88445,3
20260503-032551,-OrhIo6Sh2SQZubXmk3r,2026-05-03 10:08:07+00:00,1777802887000,24111,26.58568,45.17332,10.01952,78617,True,52.17137,3
20260503-032551,-OrhIr1x-BzYYnYjOm-f,2026-05-03 10:08:19+00:00,1777802899000,24123,26.58315,45.31979,10.01958,78397,True,52.47241,3
20260503-032551,-OrhIu-JB9oQ41yu24vG,2026-05-03 10:08:31+00:00,1777802911000,24135,26.58568,45.27615,10.01955,78839,True,51.6484,3
20260503-032551,-OrhIwut8bWAg4VtHdtq,2026-05-03 10:08:43+00:00,1777802923000,24147,26.59329,45.22115,10.01959,78177,True,52.26041,3
20260503-032551,-OrhIzpWNUcXCLqYmjf1,2026-05-03 10:08:55+00:00,1777802935000,24159,26.59329,45.22868,10.01961,78617,True,51.88717,3
20260503-032551,-OrhJ1ktfTwdM0xcPka3,2026-05-03 10:09:07+00:00,1777802947000,24171,26.59075,45.24276,10.01941,78691,True,52.08465,3
20260503-032551,-OrhJ4gNHJvBNJLVLohI,2026-05-03 10:09:19+00:00,1777802959000,24183,26.59329,45.19223,10.01969,78617,True,51.45796,3
20260503-032551,-OrhJ9rEJMWDdh_WYrl1,2026-05-03 10:09:31+00:00,1777802971000,24195,26.59075,45.27052,10.0196,78839,True,51.25975,3
20260503-032551,-OrhJAch8qpZIFenFtx6,2026-05-03 10:09:43+00:00,1777802983000,24208,26.65005,45.12181,10.01942,78470,True,51.47709,3
20260503-032551,-OrhJDYMuJLWqET09JhR,2026-05-03 10:09:55+00:00,1777802995000,24220,26.573,45.57268,10.0194,71747,True,78.60342,3
20260503-032551,-OrhJGVErivPgQSitsz-,2026-05-03 10:10:07+00:00,1777803007000,24232,26.58315,45.36836,10.01944,75704,True,66.90798,3
20260503-032551,-OrhJJPTaaDjnnOl3dYp,2026-05-03 10:10:19+00:00,1777803019000,24244,26.58315,45.26132,10.01932,76815,True,59.66671,3
20260503-032551,-OrhJMKuF5rpRTnT2_-z,2026-05-03 10:10:31+00:00,1777803031000,24256,26.58568,45.17297,10.01948,77526,True,56.09101,3
20260503-032551,-OrhJPGLHp3fT2qnDv20,2026-05-03 10:10:43+00:00,1777803043000,24268,26.58568,45.13361,10.01936,77959,True,53.96056,3
20260503-032551,-OrhJSBu6sNp7G6syJH5,2026-05-03 10:10:55+00:00,1777803055000,24280,26.58568,45.11797,10.01934,78397,True,52.64497,3
20260503-032551,-OrhJV7wJXSyXif4e5sh,2026-05-03 10:11:07+00:00,1777803067000,24292,26.58315,45.0965,10.01941,78470,True,52.34742,3
20260503-032551,-OrhJXbKHb2UEY0SKYEh,2026-05-03 10:11:18+00:00,1777803078000,24302,26.63733,44.95997,10.01922,78250,True,52.49815,3
20260503-032551,-OrhJ_Z8A6MsX2TpfRV_,2026-05-03 10:11:30+00:00,1777803090000,24314,26.5654,45.32841,10.01921,72998,True,73.47711,3
20260503-032551,-OrhJcTIuPDYBgrG3S_r,2026-05-03 10:11:42+00:00,1777803102000,24326,26.58315,45.12343,10.01951,76255,True,64.48906,3
20260503-032551,-OrhJfPij9ASCn51Jvh3,2026-05-03 10:11:54+00:00,1777803114000,24338,26.57808,45.15028,10.01924,77454,True,57.93784,3
20260503-032551,-OrhJiQIbtl4-u2TwPU_,2026-05-03 10:12:06+00:00,1777803126000,24350,26.58568,45.21533,10.01936,77886,True,55.28757,3
20260503-032551,-OrhJl6GOdF16GTzmPDd,2026-05-03 10:12:17+00:00,1777803137000,24361,26.63895,45.04012,10.01938,77959,True,54.81183,3
20260503-032551,-OrhJo1l5YwHAeRXIKUo,2026-05-03 10:12:29+00:00,1777803149000,24373,26.55779,45.22585,10.01939,71994,True,78.05461,3
20260503-032551,-OrhJtt9YzEd5zAJ_cn5,2026-05-03 10:12:41+00:00,1777803161000,24385,26.5654,45.12524,10.01921,75635,True,66.92628,3
20260503-032551,-OrhJwrXNTA5pCo9OKJ9,2026-05-03 10:13:05+00:00,1777803185000,24409,26.63529,44.98913,10.01941,76325,True,64.54027,3
20260503-032551,-OrhK-wYdjSDwR5AifjJ,2026-05-03 10:13:18+00:00,1777803198000,24422,26.50366,46.17889,10.01954,50382,True,96.02743,3
20260503-032551,-OrhK2ALn5_lHfdQH8xN,2026-05-03 10:13:31+00:00,1777803211000,24435,26.50708,45.79962,10.01938,55306,True,139.82968,3
20260503-032551,-OrhK55eUJtq26_zeq5g,2026-05-03 10:13:43+00:00,1777803223000,24447,26.54004,45.37849,10.0193,67963,True,107.66168,3
20260503-032551,-OrhK81wtADbv7M2E4wY,2026-05-03 10:13:55+00:00,1777803235000,24459,26.55018,45.35657,10.01928,72430,True,83.11436,3
20260503-032551,-OrhKAxkiEYjOtlE8qci,2026-05-03 10:14:07+00:00,1777803247000,24471,26.55525,45.34907,10.01944,74425,True,70.46651,3
20260503-032551,-OrhKDRuoSTMRtyyNU4S,2026-05-03 10:14:17+00:00,1777803257000,24481,26.48426,45.9489,10.01965,66559,True,76.51042,3
