session_id,push_id,datetime_utc,unix_ms,elapsed_s,temp_c,humidity_pct,pressure_hpa,gas_ohm,heater_stable,iaq,iaq_accuracy
20260507-162444,1778171088,2026-05-07 16:24:48+00:00,1778171088000,3,26.13316,43.0277,10.07954,99880,True,95.3143,0
20260507-162444,1778171100,2026-05-07 16:25:00+00:00,1778171100000,15,26.77078,38.946,10.08012,4824482,True,0.0,0
20260507-162444,1778171112,2026-05-07 16:25:12+00:00,1778171112000,27,26.46651,40.23066,10.07975,76534,True,0.0,0
20260507-162444,1778171124,2026-05-07 16:25:24+00:00,1778171124000,39,26.33466,41.67682,10.07991,77027,True,95.55059,0
20260507-162444,1778171136,2026-05-07 16:25:36+00:00,1778171136000,51,26.31184,41.90303,10.07977,79438,True,96.55322,0
20260507-162444,1778171148,2026-05-07 16:25:48+00:00,1778171148000,63,26.3093,41.96203,10.07987,81052,True,97.35416,0
20260507-162444,1778171160,2026-05-07 16:26:00+00:00,1778171160000,75,26.3093,41.93014,10.07981,83144,True,97.99852,0
20260507-162444,1778171172,2026-05-07 16:26:12+00:00,1778171172000,87,26.30423,42.18059,10.07958,84401,True,98.65348,0
20260507-162444,1778171184,2026-05-07 16:26:24+00:00,1778171184000,99,26.29663,42.32376,10.07956,85434,True,99.36159,0
20260507-162444,1778171196,2026-05-07 16:26:36+00:00,1778171196000,111,26.29916,42.35277,10.07993,86493,True,100.02568,0
20260507-162444,1778171208,2026-05-07 16:26:48+00:00,1778171208000,123,26.29916,42.24525,10.08006,87396,True,100.66985,0
20260507-162444,1778171220,2026-05-07 16:27:00+00:00,1778171220000,135,26.30423,42.24332,10.08007,88039,True,101.37933,0
20260507-162444,1778171232,2026-05-07 16:27:12+00:00,1778171232000,147,26.29916,42.30298,10.07993,88598,True,102.02446,0
20260507-162444,1778171244,2026-05-07 16:27:24+00:00,1778171244000,159,26.29916,42.35855,10.07985,89259,True,102.73851,0
20260507-162444,1778171254,2026-05-07 16:27:34+00:00,1778171254000,169,26.35085,42.24068,10.07995,89164,True,103.66582,0
20260507-162444,1778171266,2026-05-07 16:27:46+00:00,1778171266000,181,26.28648,42.65385,10.07988,83144,True,111.38345,0
20260507-162444,1778171278,2026-05-07 16:27:58+00:00,1778171278000,192,26.21041,43.18587,10.07996,74824,True,116.04914,0
20260507-162444,1778171290,2026-05-07 16:28:10+00:00,1778171290000,204,26.28648,42.74285,10.08008,83726,True,117.10571,0
20260507-162444,1778171302,2026-05-07 16:28:22+00:00,1778171302000,216,26.29409,42.75376,10.07999,86942,True,114.23933,0
20260507-162444,1778171314,2026-05-07 16:28:34+00:00,1778171314000,228,26.29663,42.7493,10.08001,88974,True,112.68307,0
20260507-162444,1778171326,2026-05-07 16:28:46+00:00,1778171326000,240,26.28902,42.67274,10.07993,89449,True,112.33293,0
20260507-162444,1778171338,2026-05-07 16:28:58+00:00,1778171338000,252,26.21041,43.26037,10.07982,77742,True,121.05923,0
20260507-162444,1778171350,2026-05-07 16:29:10+00:00,1778171350000,264,26.28902,42.6167,10.08005,85434,True,125.46186,0
20260507-162444,1778171362,2026-05-07 16:29:22+00:00,1778171362000,276,26.29409,42.55189,10.08011,87946,True,122.3807,0
20260507-162444,1778171374,2026-05-07 16:29:34+00:00,1778171374000,288,26.29409,42.54143,10.08003,89641,True,119.86797,0
20260507-162444,1778171386,2026-05-07 16:29:46+00:00,1778171386000,300,26.30677,42.4288,10.08014,90415,True,118.62562,0
20260507-162444,1778171398,2026-05-07 16:29:58+00:00,1778171398000,312,26.3017,42.29385,10.08001,91602,True,116.48633,0
20260507-162444,1778171410,2026-05-07 16:30:10+00:00,1778171410000,324,26.30677,42.29317,10.08021,92105,True,114.73043,0
20260507-162444,1778171422,2026-05-07 16:30:22+00:00,1778171422000,336,26.30423,42.30206,10.07994,92105,True,114.29948,0
20260507-162444,1778171434,2026-05-07 16:30:34+00:00,1778171434000,348,26.30677,42.23881,10.08,92308,True,113.8407,0
20260507-162444,1778171446,2026-05-07 16:30:46+00:00,1778171446000,360,26.30423,42.27452,10.08005,92820,True,103.74032,3
20260507-162444,1778171458,2026-05-07 16:30:58+00:00,1778171458000,372,26.31184,42.16876,10.0801,93233,True,102.0476,3
20260507-162444,1778171486,2026-05-07 16:31:26+00:00,1778171486000,401,26.36736,42.00067,10.08007,93441,True,101.80994,3
20260507-162444,1778171498,2026-05-07 16:31:38+00:00,1778171498000,413,26.27127,42.41332,10.08018,76116,True,150.77893,3
20260507-162444,1778171510,2026-05-07 16:31:50+00:00,1778171510000,425,26.28141,42.22275,10.08003,84915,True,134.83585,3
20260507-162444,1778171523,2026-05-07 16:32:03+00:00,1778171523000,438,26.35152,42.06679,10.08022,85960,True,130.73087,3
20260507-162444,1778171544,2026-05-07 16:32:24+00:00,1778171544000,459,26.24904,42.88208,10.07998,72056,True,141.24017,3
20260507-162444,1778171555,2026-05-07 16:32:35+00:00,1778171555000,470,26.21463,43.21494,10.07979,59343,True,163.16562,3
20260507-162444,1778171567,2026-05-07 16:32:47+00:00,1778171567000,482,26.2662,42.5682,10.08016,72180,True,176.71466,3
20260507-162444,1778171579,2026-05-07 16:32:59+00:00,1778171579000,494,26.2738,42.3952,10.07991,82165,True,147.62309,3
20260507-162444,1778171591,2026-05-07 16:33:11+00:00,1778171591000,506,26.28902,42.30728,10.08012,86315,True,128.50793,3
20260507-162444,1778171604,2026-05-07 16:33:24+00:00,1778171604000,519,26.34391,42.1792,10.07996,86852,True,125.50545,3
20260507-162444,1778171616,2026-05-07 16:33:36+00:00,1778171616000,531,26.27888,42.50594,10.08003,81605,True,138.65472,3
20260507-162444,1778171628,2026-05-07 16:33:48+00:00,1778171628000,543,26.29916,42.36328,10.07998,86852,True,125.83038,3
20260507-162444,1778171640,2026-05-07 16:34:00+00:00,1778171640000,555,26.3017,42.37276,10.07999,89545,True,115.74346,3
20260507-162444,1778171693,2026-05-07 16:34:53+00:00,1778171693000,608,26.36677,42.18193,10.07984,90123,True,113.877,3
20260507-162444,1778171705,2026-05-07 16:35:05+00:00,1778171705000,620,26.24591,42.84633,10.07999,66138,True,183.15768,3
20260507-162444,1778171718,2026-05-07 16:35:18+00:00,1778171718000,632,26.25352,42.81247,10.08004,71686,True,174.75627,3
20260507-162444,1778171731,2026-05-07 16:35:31+00:00,1778171731000,645,26.32616,42.54084,10.08015,74558,True,168.78365,3
20260507-162444,1778171741,2026-05-07 16:35:41+00:00,1778171741000,656,26.18759,43.21603,10.08006,64310,True,180.12312,3
20260507-162444,1778171753,2026-05-07 16:35:53+00:00,1778171753000,668,26.27888,42.84376,10.08017,77598,True,160.21634,3
20260507-162444,1778171765,2026-05-07 16:36:05+00:00,1778171765000,680,26.29663,42.93513,10.08,83559,True,137.52237,3
20260507-162444,1778171777,2026-05-07 16:36:17+00:00,1778171777000,692,26.29916,42.90086,10.07997,86762,True,123.74641,3
20260507-162444,1778171789,2026-05-07 16:36:29+00:00,1778171789000,704,26.3093,42.8779,10.08001,88691,True,116.1189,3
20260507-162444,1778171801,2026-05-07 16:36:41+00:00,1778171801000,716,26.3093,42.81931,10.08017,89641,True,111.48862,3
20260507-162444,1778171813,2026-05-07 16:36:53+00:00,1778171813000,728,26.31691,42.67583,10.08031,91402,True,106.96015,3
20260507-162444,1778171825,2026-05-07 16:37:05+00:00,1778171825000,740,26.31691,42.52418,10.08006,92004,True,104.37283,3
20260507-162444,1778171853,2026-05-07 16:37:33+00:00,1778171853000,767,26.3722,42.35522,10.08015,92308,True,103.84685,3
20260507-162444,1778171865,2026-05-07 16:37:45+00:00,1778171865000,779,26.26366,42.79516,10.07985,77027,True,146.98734,3
20260507-162444,1778171877,2026-05-07 16:37:57+00:00,1778171877000,791,26.2738,42.55187,10.08008,85784,True,130.96251,3
20260507-162444,1778171889,2026-05-07 16:38:09+00:00,1778171889000,803,26.28648,42.49537,10.08017,89641,True,116.63863,3
20260507-162444,1778171901,2026-05-07 16:38:21+00:00,1778171901000,815,26.28902,42.56077,10.07998,91702,True,108.9404,3
20260507-162444,1778171913,2026-05-07 16:38:33+00:00,1778171913000,827,26.28902,42.59743,10.08003,92410,True,104.77519,3
20260507-162444,1778171925,2026-05-07 16:38:45+00:00,1778171925000,839,26.29916,42.56151,10.0802,93441,True,101.68279,3
20260507-162444,1778171937,2026-05-07 16:38:57+00:00,1778171937000,851,26.30677,42.5418,10.07986,94177,True,99.32188,3
20260507-162444,1778171949,2026-05-07 16:39:09+00:00,1778171949000,863,26.22056,43.14874,10.08005,82979,True,108.0231,3
20260507-162444,1778171961,2026-05-07 16:39:21+00:00,1778171961000,875,26.29409,42.61451,10.07983,90906,True,110.39695,3
20260507-162444,1778171973,2026-05-07 16:39:33+00:00,1778171973000,887,26.31184,42.53748,10.08024,93026,True,103.72153,3
20260507-162444,1778171985,2026-05-07 16:39:45+00:00,1778171985000,899,26.30423,42.53796,10.08007,94602,True,99.4957,3
20260507-162444,1778171997,2026-05-07 16:39:57+00:00,1778171997000,911,26.30423,42.54206,10.08005,95465,True,96.49043,3
20260507-162444,1778172009,2026-05-07 16:40:09+00:00,1778172009000,923,26.3017,42.5675,10.07996,94632,True,96.38536,3
20260507-162444,1778172021,2026-05-07 16:40:21+00:00,1778172021000,936,26.20788,43.20827,10.08002,83393,True,105.80235,3
20260507-162444,1778172033,2026-05-07 16:40:33+00:00,1778172033000,948,26.29155,42.49531,10.08023,92004,True,107.99542,3
20260507-162444,1778172045,2026-05-07 16:40:45+00:00,1778172045000,960,26.29409,42.33841,10.0799,95032,True,100.44953,3
20260507-162444,1778172057,2026-05-07 16:40:57+00:00,1778172057000,972,26.29409,42.2578,10.0801,94793,True,98.02969,3
20260507-162444,1778172069,2026-05-07 16:41:09+00:00,1778172069000,984,26.3017,42.16262,10.08041,95659,True,96.07419,3
20260507-162444,1778172081,2026-05-07 16:41:21+00:00,1778172081000,996,26.29663,42.20939,10.08031,96043,True,94.79269,3
20260507-162444,1778172093,2026-05-07 16:41:33+00:00,1778172093000,1008,26.29409,42.21236,10.08031,96541,True,93.93324,3
20260507-162444,1778172105,2026-05-07 16:41:45+00:00,1778172105000,1020,26.29409,42.21414,10.08043,97101,True,92.66812,3
20260507-162444,1778172117,2026-05-07 16:41:57+00:00,1778172117000,1032,26.3017,42.2333,10.08048,97045,True,92.07433,3
20260507-162444,1778172129,2026-05-07 16:42:09+00:00,1778172129000,1044,26.29409,42.344,10.08027,97440,True,91.32024,3
20260507-162444,1778172141,2026-05-07 16:42:21+00:00,1778172141000,1056,26.29409,42.47696,10.08038,97045,True,91.42424,3
20260507-162444,1778172153,2026-05-07 16:42:33+00:00,1778172153000,1068,26.29663,42.28844,10.08042,97440,True,91.16982,3
20260507-162444,1778172165,2026-05-07 16:42:45+00:00,1778172165000,1080,26.29409,42.27953,10.08055,98010,True,90.18967,3
20260507-162444,1778172177,2026-05-07 16:42:57+00:00,1778172177000,1092,26.29155,42.31842,10.08042,98820,True,88.86581,3
20260507-162444,1778172189,2026-05-07 16:43:09+00:00,1778172189000,1104,26.29409,42.43246,10.08043,98413,True,89.10462,3
20260507-162444,1778172201,2026-05-07 16:43:21+00:00,1778172201000,1116,26.34757,42.27507,10.08036,98703,True,88.674,3
20260507-162444,1778172213,2026-05-07 16:43:33+00:00,1778172213000,1128,26.2662,42.38588,10.08026,92105,True,106.29285,3
20260507-162444,1778172225,2026-05-07 16:43:45+00:00,1778172225000,1140,26.28648,42.22479,10.08048,94525,True,100.4221,3
20260507-162444,1778172237,2026-05-07 16:43:57+00:00,1778172237000,1152,26.28395,42.23202,10.08053,96653,True,95.50716,3
20260507-162444,1778172249,2026-05-07 16:44:09+00:00,1778172249000,1164,26.28902,42.19523,10.08056,97781,True,91.62106,3
20260507-162444,1778172261,2026-05-07 16:44:21+00:00,1778172261000,1176,26.28902,42.23364,10.08054,98471,True,89.59903,3
20260507-162444,1778172273,2026-05-07 16:44:33+00:00,1778172273000,1188,26.28648,42.31084,10.08055,98471,True,88.73009,3
20260507-162444,1778172285,2026-05-07 16:44:45+00:00,1778172285000,1200,26.28648,42.22131,10.08039,99583,True,87.60316,3
20260507-162444,1778172297,2026-05-07 16:44:57+00:00,1778172297000,1212,26.28395,42.17721,10.08056,98820,True,87.41713,3
20260507-162444,1778172309,2026-05-07 16:45:09+00:00,1778172309000,1224,26.28395,42.11416,10.08051,99880,True,86.25137,3
20260507-162444,1778172321,2026-05-07 16:45:21+00:00,1778172321000,1236,26.28902,41.97773,10.08044,99583,True,86.10106,3
20260507-162444,1778172333,2026-05-07 16:45:33+00:00,1778172333000,1248,26.28141,41.73871,10.0804,100179,True,85.55698,3
20260507-162444,1778172345,2026-05-07 16:45:45+00:00,1778172345000,1260,26.28648,41.71004,10.08041,100179,True,84.86318,3
20260507-162444,1778172357,2026-05-07 16:45:57+00:00,1778172357000,1272,26.28902,41.88159,10.08035,100600,True,84.28474,3
20260507-162444,1778172370,2026-05-07 16:46:10+00:00,1778172370000,1284,26.26113,42.09837,10.08051,95683,True,92.14004,3
20260507-162444,1778172382,2026-05-07 16:46:22+00:00,1778172382000,1296,26.28395,41.8667,10.08037,98182,True,92.37921,3
20260507-162444,1778172394,2026-05-07 16:46:34+00:00,1778172394000,1308,26.28395,41.7901,10.08037,99880,True,88.314,3
20260507-162444,1778172406,2026-05-07 16:46:46+00:00,1778172406000,1320,26.28395,41.71844,10.08044,100179,True,86.08325,3
20260507-162444,1778172418,2026-05-07 16:46:58+00:00,1778172418000,1332,26.28902,41.85327,10.08054,100600,True,85.42161,3
20260507-162444,1778172430,2026-05-07 16:47:10+00:00,1778172430000,1344,26.28648,41.87201,10.0805,100842,True,84.62921,3
20260507-162444,1778172442,2026-05-07 16:47:22+00:00,1778172442000,1356,26.27634,41.91439,10.08035,101453,True,83.74684,3
20260507-162444,1778172454,2026-05-07 16:47:34+00:00,1778172454000,1368,26.28648,41.91208,10.08055,100842,True,83.81149,3
20260507-162444,1778172466,2026-05-07 16:47:46+00:00,1778172466000,1380,26.28395,41.84469,10.08041,101638,True,82.80489,3
20260507-162444,1778172478,2026-05-07 16:47:58+00:00,1778172478000,1392,26.28395,41.75098,10.08046,101823,True,82.53565,3
20260507-162444,1778172490,2026-05-07 16:48:10+00:00,1778172490000,1404,26.28395,41.81753,10.08063,101823,True,81.8508,3
20260507-162444,1778172502,2026-05-07 16:48:22+00:00,1778172502000,1416,26.28395,41.82075,10.08062,101638,True,82.17633,3
20260507-162444,1778172514,2026-05-07 16:48:34+00:00,1778172514000,1428,26.2738,41.72271,10.08044,102134,True,81.71503,3
20260507-162444,1778172526,2026-05-07 16:48:46+00:00,1778172526000,1440,26.2738,41.60881,10.08052,102383,True,81.59868,3
20260507-162444,1778172538,2026-05-07 16:48:58+00:00,1778172538000,1452,26.2738,41.68741,10.08059,102634,True,81.01158,3
20260507-162444,1778172550,2026-05-07 16:49:10+00:00,1778172550000,1464,26.27127,41.79182,10.08043,102321,True,81.12981,3
20260507-162444,1778172562,2026-05-07 16:49:22+00:00,1778172562000,1476,26.2738,41.64727,10.08051,102321,True,81.18849,3
20260507-162444,1778172573,2026-05-07 16:49:33+00:00,1778172573000,1487,26.33172,41.50114,10.08073,102071,True,81.45897,3
20260507-162444,1778172585,2026-05-07 16:49:45+00:00,1778172585000,1499,26.25352,41.90683,10.08056,94472,True,99.14455,3
20260507-162444,1778172597,2026-05-07 16:49:57+00:00,1778172597000,1511,26.26366,41.7653,10.08041,98936,True,93.28479,3
20260507-162444,1778172609,2026-05-07 16:50:09+00:00,1778172609000,1523,26.2738,41.71255,10.08057,100239,True,88.16499,3
20260507-162444,1778172621,2026-05-07 16:50:21+00:00,1778172621000,1535,26.2662,41.76949,10.08035,101453,True,84.62657,3
20260507-162444,1778172631,2026-05-07 16:50:31+00:00,1778172631000,1546,26.19013,42.17166,10.08019,94496,True,89.31009,3
20260507-162444,1778172643,2026-05-07 16:50:43+00:00,1778172643000,1558,26.26113,41.71002,10.08043,98878,True,92.24371,3
20260507-162444,1778172655,2026-05-07 16:50:55+00:00,1778172655000,1570,26.26366,41.63414,10.08025,100540,True,87.37628,3
20260507-162444,1778172667,2026-05-07 16:51:07+00:00,1778172667000,1582,26.26366,41.58747,10.08011,102258,True,83.93658,3
20260507-162444,1778172679,2026-05-07 16:51:19+00:00,1778172679000,1594,26.26113,41.66488,10.08007,102383,True,82.51997,3
20260507-162444,1778172691,2026-05-07 16:51:31+00:00,1778172691000,1606,26.27127,41.74714,10.08048,101947,True,81.61429,3
20260507-162444,1778172703,2026-05-07 16:51:43+00:00,1778172703000,1618,26.2662,41.71558,10.0803,102509,True,81.06303,3
20260507-162444,1778172715,2026-05-07 16:51:55+00:00,1778172715000,1630,26.2662,41.73903,10.08037,103203,True,80.02077,3
20260507-162444,1778172727,2026-05-07 16:52:07+00:00,1778172727000,1642,26.26366,41.65342,10.08025,103203,True,79.66145,3
20260507-162444,1778172739,2026-05-07 16:52:19+00:00,1778172739000,1654,26.26113,41.67017,10.08035,103395,True,79.1664,3
20260507-162444,1778172751,2026-05-07 16:52:31+00:00,1778172751000,1666,26.26366,41.59176,10.08031,104101,True,78.72199,3
20260507-162444,1778172763,2026-05-07 16:52:43+00:00,1778172763000,1678,26.32311,41.43068,10.08043,103650,True,78.70377,3
20260507-162444,1778172775,2026-05-07 16:52:55+00:00,1778172775000,1690,26.24084,41.80213,10.08043,94472,True,99.70929,3
20260507-162444,1778172787,2026-05-07 16:53:07+00:00,1778172787000,1702,26.25099,41.63398,10.08024,99702,True,93.36107,3
20260507-162444,1778172799,2026-05-07 16:53:19+00:00,1778172799000,1714,26.25352,41.57489,10.08011,101269,True,87.52945,3
20260507-162444,1778172811,2026-05-07 16:53:31+00:00,1778172811000,1726,26.25352,41.60016,10.08016,102697,True,83.31503,3
20260507-162444,1778172823,2026-05-07 16:53:43+00:00,1778172823000,1738,26.25352,41.61167,10.07998,102446,True,81.77991,3
20260507-162444,1778172835,2026-05-07 16:53:55+00:00,1778172835000,1750,26.25859,41.68556,10.08005,103013,True,81.10001,3
20260507-162444,1778172847,2026-05-07 16:54:07+00:00,1778172847000,1762,26.25859,41.70208,10.08007,103076,True,80.17169,3
20260507-162444,1778172859,2026-05-07 16:54:19+00:00,1778172859000,1774,26.26113,41.67005,10.08004,103586,True,78.82983,3
20260507-162444,1778172871,2026-05-07 16:54:31+00:00,1778172871000,1785,26.17745,42.1423,10.0799,93650,True,86.66629,3
20260507-162444,1778172883,2026-05-07 16:54:43+00:00,1778172883000,1797,26.24591,41.62012,10.07992,99465,True,90.33836,3
20260507-162444,1778172895,2026-05-07 16:54:55+00:00,1778172895000,1809,26.25099,41.64142,10.07991,101947,True,85.96864,3
20260507-162444,1778172907,2026-05-07 16:55:07+00:00,1778172907000,1821,26.25605,41.59128,10.0799,103076,True,82.04332,3
20260507-162444,1778172919,2026-05-07 16:55:19+00:00,1778172919000,1833,26.25859,41.56551,10.08005,103650,True,80.189,3
20260507-162444,1778172931,2026-05-07 16:55:31+00:00,1778172931000,1845,26.25605,41.49035,10.07994,104491,True,78.50139,3
20260507-162444,1778172943,2026-05-07 16:55:43+00:00,1778172943000,1857,26.25099,41.53396,10.07987,103843,True,77.97512,3
20260507-162444,1778172955,2026-05-07 16:55:55+00:00,1778172955000,1870,26.22816,41.77436,10.07994,97895,True,87.38764,3
20260507-162444,1778172967,2026-05-07 16:56:07+00:00,1778172967000,1882,26.24845,41.52439,10.08004,101700,True,86.10963,3
20260507-162444,1778172979,2026-05-07 16:56:19+00:00,1778172979000,1894,26.24591,41.55095,10.07986,103395,True,81.72018,3
20260507-162444,1778172991,2026-05-07 16:56:31+00:00,1778172991000,1906,26.24845,41.58768,10.07994,103843,True,79.814,3
20260507-162444,1778173003,2026-05-07 16:56:43+00:00,1778173003000,1918,26.24591,41.6579,10.08006,104296,True,78.39485,3
20260507-162444,1778173015,2026-05-07 16:56:55+00:00,1778173015000,1930,26.24591,41.6147,10.08007,104687,True,77.35685,3
20260507-162444,1778173028,2026-05-07 16:57:08+00:00,1778173028000,1943,26.22056,41.82959,10.0801,97610,True,87.35048,3
20260507-162444,1778173040,2026-05-07 16:57:20+00:00,1778173040000,1955,26.24338,41.66245,10.08002,102009,True,85.80908,3
20260507-162444,1778173052,2026-05-07 16:57:32+00:00,1778173052000,1967,26.24338,41.59422,10.07993,103331,True,81.50671,3
20260507-162444,1778173064,2026-05-07 16:57:44+00:00,1778173064000,1979,26.21548,41.85036,10.08004,98182,True,88.02817,3
20260507-162444,1778173076,2026-05-07 16:57:56+00:00,1778173076000,1991,26.24338,41.66586,10.08005,102446,True,85.0675,3
20260507-162444,1778173088,2026-05-07 16:58:08+00:00,1778173088000,2003,26.24338,41.62468,10.08012,103586,True,80.92758,3
20260507-162444,1778173100,2026-05-07 16:58:20+00:00,1778173100000,2015,26.24084,41.59204,10.08024,103267,True,79.4809,3
20260507-162444,1778173112,2026-05-07 16:58:32+00:00,1778173112000,2027,26.23577,41.71365,10.08019,104296,True,77.72619,3
20260507-162444,1778173125,2026-05-07 16:58:45+00:00,1778173125000,2039,26.21802,41.91157,10.08027,99347,True,84.72275,3
20260507-162444,1778173137,2026-05-07 16:58:57+00:00,1778173137000,2052,26.28044,41.73026,10.08038,100359,True,85.37206,3
20260507-162444,1778173149,2026-05-07 16:59:09+00:00,1778173149000,2064,26.21041,41.95903,10.08024,95248,True,103.15613,3
20260507-162444,1778173161,2026-05-07 16:59:21+00:00,1778173161000,2076,26.22309,41.80136,10.08035,99940,True,94.16741,3
20260507-162444,1778173173,2026-05-07 16:59:33+00:00,1778173173000,2088,26.22309,41.78797,10.0803,101453,True,87.22653,3
20260507-162444,1778173185,2026-05-07 16:59:45+00:00,1778173185000,2100,26.23323,41.69917,10.08029,102823,True,82.55879,3
20260507-162444,1778173197,2026-05-07 16:59:57+00:00,1778173197000,2112,26.23323,41.66443,10.08029,103586,True,80.06281,3
20260507-162444,1778173209,2026-05-07 17:00:09+00:00,1778173209000,2124,26.23577,41.61845,10.0804,104556,True,77.95849,3
20260507-162444,1778173221,2026-05-07 17:00:21+00:00,1778173221000,2136,26.23577,41.53836,10.08028,104426,True,77.06014,3
20260507-162444,1778173233,2026-05-07 17:00:33+00:00,1778173233000,2148,26.2307,41.55961,10.08027,104491,True,76.83617,3
20260507-162444,1778173245,2026-05-07 17:00:45+00:00,1778173245000,2160,26.2307,41.65732,10.08043,104752,True,76.32739,3
20260507-162444,1778173257,2026-05-07 17:00:57+00:00,1778173257000,2172,26.23323,41.62142,10.08043,105478,True,75.64526,3
20260507-162444,1778173269,2026-05-07 17:01:09+00:00,1778173269000,2184,26.23577,41.72959,10.08052,105412,True,75.37299,3
20260507-162444,1778173281,2026-05-07 17:01:21+00:00,1778173281000,2196,26.22816,41.76111,10.08047,105412,True,75.12001,3
20260507-162444,1778173293,2026-05-07 17:01:33+00:00,1778173293000,2208,26.23577,41.68317,10.08037,105213,True,75.05363,3
20260507-162444,1778173305,2026-05-07 17:01:45+00:00,1778173305000,2220,26.2307,41.68099,10.08041,105412,True,74.98721,3
20260507-162444,1778173340,2026-05-07 17:02:20+00:00,1778173340000,2255,26.28949,41.50029,10.08056,105478,True,74.86553,3
20260507-162444,1778173352,2026-05-07 17:02:32+00:00,1778173352000,2267,26.17238,41.90194,10.08054,84743,True,128.0399,3
20260507-162444,1778173364,2026-05-07 17:02:44+00:00,1778173364000,2279,26.19013,41.60634,10.08051,95140,True,111.14165,3
20260507-162444,1778173376,2026-05-07 17:02:56+00:00,1778173376000,2291,26.20281,41.53364,10.08036,99406,True,97.95564,3
20260507-162444,1778173388,2026-05-07 17:03:08+00:00,1778173388000,2303,26.20534,41.45914,10.08046,101025,True,89.82854,3
20260507-162444,1778173400,2026-05-07 17:03:20+00:00,1778173400000,2315,26.20788,41.49633,10.08039,102196,True,84.7697,3
20260507-162444,1778173412,2026-05-07 17:03:32+00:00,1778173412000,2327,26.20788,41.50453,10.08044,103331,True,81.67923,3
20260507-162444,1778173424,2026-05-07 17:03:44+00:00,1778173424000,2339,26.21802,41.50961,10.08057,103715,True,79.71188,3
20260507-162444,1778173436,2026-05-07 17:03:56+00:00,1778173436000,2351,26.22056,41.49484,10.08051,104166,True,78.44922,3
20260507-162444,1778173448,2026-05-07 17:04:08+00:00,1778173448000,2363,26.22816,41.40672,10.08054,104884,True,77.23169,3
20260507-162444,1778173460,2026-05-07 17:04:20+00:00,1778173460000,2375,26.21548,41.37408,10.08035,106079,True,75.04232,3
20260507-162444,1778173472,2026-05-07 17:04:32+00:00,1778173472000,2387,26.22056,41.39394,10.08054,105811,True,74.98701,3
20260507-162444,1778173484,2026-05-07 17:04:44+00:00,1778173484000,2399,26.21802,41.47499,10.08038,105678,True,74.81058,3
20260507-162444,1778173496,2026-05-07 17:04:56+00:00,1778173496000,2411,26.22563,41.50019,10.08059,105744,True,75.24933,3
20260507-162444,1778173507,2026-05-07 17:05:07+00:00,1778173507000,2421,26.27057,41.41135,10.08036,105945,True,74.96691,3
20260507-162444,1778173519,2026-05-07 17:05:19+00:00,1778173519000,2433,26.20788,41.73026,10.08051,98529,True,93.07585,3
20260507-162444,1778173531,2026-05-07 17:05:31+00:00,1778173531000,2445,26.20534,41.48827,10.08017,103013,True,86.87616,3
20260507-162444,1778173543,2026-05-07 17:05:43+00:00,1778173543000,2457,26.21548,41.55502,10.08044,103650,True,81.84943,3
20260507-162444,1778173553,2026-05-07 17:05:53+00:00,1778173553000,2467,26.13435,41.97642,10.08017,95387,True,86.89724,3
20260507-162444,1778173565,2026-05-07 17:06:05+00:00,1778173565000,2480,26.18252,41.81732,10.08044,95387,True,95.40697,3
20260507-162444,1778173577,2026-05-07 17:06:17+00:00,1778173577000,2492,26.19773,41.57138,10.08035,101392,True,89.33896,3
20260507-162444,1778173589,2026-05-07 17:06:29+00:00,1778173589000,2504,26.20788,41.48169,10.08027,103331,True,83.20461,3
20260507-162444,1778173601,2026-05-07 17:06:41+00:00,1778173601000,2516,26.20788,41.49544,10.08039,104884,True,78.77493,3
20260507-162444,1778173613,2026-05-07 17:06:53+00:00,1778173613000,2528,26.20788,41.50462,10.08034,105545,True,76.5122,3
20260507-162444,1778173625,2026-05-07 17:07:05+00:00,1778173625000,2540,26.21548,41.46275,10.08043,106349,True,74.97495,3
20260507-162444,1778173637,2026-05-07 17:07:17+00:00,1778173637000,2552,26.21295,41.50533,10.08035,105412,True,75.02579,3
20260507-162444,1778173649,2026-05-07 17:07:29+00:00,1778173649000,2564,26.21548,41.44786,10.08034,106214,True,73.9209,3
20260507-162444,1778173661,2026-05-07 17:07:41+00:00,1778173661000,2576,26.20788,41.42564,10.08032,106416,True,73.42022,3
20260507-162444,1778173673,2026-05-07 17:07:53+00:00,1778173673000,2588,26.22056,41.35205,10.08047,106416,True,73.01693,3
20260507-162444,1778173685,2026-05-07 17:08:05+00:00,1778173685000,2600,26.22309,41.37695,10.08071,106349,True,73.28835,3
20260507-162444,1778173697,2026-05-07 17:08:17+00:00,1778173697000,2612,26.21295,41.42471,10.08028,106484,True,72.59968,3
20260507-162444,1778173709,2026-05-07 17:08:29+00:00,1778173709000,2624,26.21548,41.378,10.08058,107234,True,72.18843,3
20260507-162444,1778173721,2026-05-07 17:08:41+00:00,1778173721000,2636,26.21295,41.38838,10.0806,106755,True,72.17123,3
20260507-162444,1778173733,2026-05-07 17:08:53+00:00,1778173733000,2648,26.21802,41.44837,10.08059,108344,True,70.74632,3
20260507-162444,1778173745,2026-05-07 17:09:05+00:00,1778173745000,2660,26.21041,41.45684,10.08041,107303,True,71.52019,3
20260507-162444,1778173757,2026-05-07 17:09:17+00:00,1778173757000,2672,26.21041,41.44427,10.08052,107234,True,71.3548,3
20260507-162444,1778173769,2026-05-07 17:09:29+00:00,1778173769000,2684,26.21041,41.33014,10.08063,107371,True,71.34982,3
20260507-162444,1778173781,2026-05-07 17:09:41+00:00,1778173781000,2696,26.20788,41.21965,10.08048,107509,True,70.91173,3
20260507-162444,1778173794,2026-05-07 17:09:54+00:00,1778173794000,2709,26.17745,41.56304,10.08048,100419,True,81.20092,3
20260507-162444,1778173806,2026-05-07 17:10:06+00:00,1778173806000,2720,26.10899,41.9245,10.08034,93233,True,89.53175,3
20260507-162444,1778173819,2026-05-07 17:10:19+00:00,1778173819000,2733,26.21967,41.54843,10.0804,95441,True,93.03931,3
20260507-162444,1778173829,2026-05-07 17:10:29+00:00,1778173829000,2744,26.08617,41.93472,10.08022,81685,True,116.59048,3
20260507-162444,1778173841,2026-05-07 17:10:41+00:00,1778173841000,2756,26.16985,41.30288,10.08036,95008,True,109.72504,3
20260507-162444,1778173853,2026-05-07 17:10:53+00:00,1778173853000,2768,26.18252,41.25931,10.08038,100842,True,94.40646,3
20260507-162444,1778173865,2026-05-07 17:11:05+00:00,1778173865000,2780,26.19013,41.21895,10.08054,103203,True,85.29048,3
20260507-162444,1778173877,2026-05-07 17:11:17+00:00,1778173877000,2792,26.18506,41.28667,10.08043,105945,True,78.91032,3
20260507-162444,1778173907,2026-05-07 17:11:47+00:00,1778173907000,2822,26.12839,42.06286,10.0802,84316,True,95.16344,3
20260507-162444,1778173930,2026-05-07 17:12:10+00:00,1778173930000,2844,26.12271,42.13508,10.08045,75431,True,115.2546,3
20260507-162444,1778173942,2026-05-07 17:12:22+00:00,1778173942000,2856,26.12927,41.78607,10.08033,81844,True,148.43246,3
20260507-162444,1778173954,2026-05-07 17:12:34+00:00,1778173954000,2868,26.1597,41.555,10.08065,93860,True,120.73232,3
20260507-162444,1778173966,2026-05-07 17:12:46+00:00,1778173966000,2880,26.16731,41.46439,10.08025,97497,True,103.00986,3
20260507-162444,1778173978,2026-05-07 17:12:58+00:00,1778173978000,2892,26.17492,41.44555,10.08053,100419,True,92.25935,3
20260507-162444,1778173990,2026-05-07 17:13:10+00:00,1778173990000,2904,26.18252,41.45644,10.08052,102697,True,85.64867,3
20260507-162444,1778174002,2026-05-07 17:13:22+00:00,1778174002000,2916,26.17745,41.44753,10.08034,103458,True,82.42058,3
20260507-162444,1778174014,2026-05-07 17:13:34+00:00,1778174014000,2928,26.18759,41.45209,10.08054,104296,True,79.4884,3
20260507-162444,1778174026,2026-05-07 17:13:46+00:00,1778174026000,2940,26.18506,41.36739,10.0805,106079,True,76.81596,3
20260507-162444,1778174037,2026-05-07 17:13:57+00:00,1778174037000,2952,26.09885,41.90394,10.08033,95356,True,84.23779,3
20260507-162444,1778174049,2026-05-07 17:14:09+00:00,1778174049000,2964,26.17745,41.44777,10.08053,102071,True,87.10275,3
20260507-162444,1778174062,2026-05-07 17:14:22+00:00,1778174062000,2977,26.23488,41.3024,10.08059,102823,True,85.58449,3
20260507-162444,1778174074,2026-05-07 17:14:34+00:00,1778174074000,2989,26.16224,41.64858,10.08057,95332,True,102.03506,3
20260507-162444,1778174086,2026-05-07 17:14:46+00:00,1778174086000,3001,26.17492,41.5315,10.08046,101086,True,92.20893,3
20260507-162444,1778174098,2026-05-07 17:14:58+00:00,1778174098000,3013,26.18506,41.51606,10.08057,103267,True,84.35042,3
20260507-162444,1778174110,2026-05-07 17:15:10+00:00,1778174110000,3025,26.18506,41.47549,10.08034,104622,True,79.86021,3
20260507-162444,1778174122,2026-05-07 17:15:22+00:00,1778174122000,3037,26.19267,41.35881,10.08037,105678,True,77.16083,3
20260507-162444,1778174134,2026-05-07 17:15:34+00:00,1778174134000,3049,26.19013,41.40662,10.08046,106619,True,74.83243,3
20260507-162444,1778174146,2026-05-07 17:15:46+00:00,1778174146000,3061,26.19267,41.31722,10.08051,106147,True,74.21534,3
20260507-162444,1778174158,2026-05-07 17:15:58+00:00,1778174158000,3073,26.19013,41.42225,10.08046,106619,True,73.61047,3
20260507-162444,1778174170,2026-05-07 17:16:10+00:00,1778174170000,3085,26.19013,41.66874,10.0804,106281,True,73.18874,3
20260507-162444,1778174182,2026-05-07 17:16:22+00:00,1778174182000,3097,26.19267,41.68633,10.08057,106755,True,72.45058,3
20260507-162444,1778174194,2026-05-07 17:16:34+00:00,1778174194000,3109,26.19267,41.42959,10.08051,107371,True,71.62603,3
20260507-162444,1778174206,2026-05-07 17:16:46+00:00,1778174206000,3121,26.19773,41.45535,10.08063,107234,True,71.72984,3
20260507-162444,1778174218,2026-05-07 17:16:58+00:00,1778174218000,3133,26.19773,41.41791,10.0807,108134,True,70.34393,3
20260507-162444,1778174230,2026-05-07 17:17:10+00:00,1778174230000,3145,26.19773,41.32029,10.08044,108344,True,69.86086,3
20260507-162444,1778174241,2026-05-07 17:17:21+00:00,1778174241000,3155,26.2426,41.21351,10.08042,108134,True,69.77998,3
20260507-162444,1778174252,2026-05-07 17:17:32+00:00,1778174252000,3166,26.08871,42.08737,10.08035,88504,True,92.71896,3
20260507-162444,1778174264,2026-05-07 17:17:44+00:00,1778174264000,3178,26.16731,41.57978,10.08053,98995,True,95.92433,3
20260507-162444,1778174276,2026-05-07 17:17:56+00:00,1778174276000,3190,26.18252,41.35461,10.08067,103972,True,85.39966,3
20260507-162444,1778174288,2026-05-07 17:18:08+00:00,1778174288000,3202,26.18759,41.37531,10.08064,105081,True,78.78134,3
20260507-162444,1778174363,2026-05-07 17:19:23+00:00,1778174363000,3277,26.25809,41.23997,10.08073,106755,True,74.56121,3
20260507-162444,1778174375,2026-05-07 17:19:35+00:00,1778174375000,3289,26.11153,41.75467,10.08059,75295,True,156.0735,3
20260507-162444,1778174387,2026-05-07 17:19:47+00:00,1778174387000,3301,26.13435,41.49273,10.08054,89449,True,132.89679,3
20260507-162444,1778174399,2026-05-07 17:19:59+00:00,1778174399000,3313,26.14702,41.35388,10.0806,95605,True,110.03453,3
20260507-162444,1778174411,2026-05-07 17:20:11+00:00,1778174411000,3325,26.14956,41.24923,10.08052,99053,True,97.37996,3
20260507-162444,1778174423,2026-05-07 17:20:23+00:00,1778174423000,3337,26.15463,41.29276,10.0806,101638,True,89.42165,3
20260507-162444,1778174435,2026-05-07 17:20:35+00:00,1778174435000,3349,26.16477,41.32657,10.08055,102760,True,84.79259,3
20260507-162444,1778174447,2026-05-07 17:20:47+00:00,1778174447000,3361,26.17238,41.24678,10.08075,104296,True,80.60211,3
20260507-162444,1778174459,2026-05-07 17:20:59+00:00,1778174459000,3373,26.17492,41.33558,10.08075,105081,True,78.21964,3
20260507-162444,1778174471,2026-05-07 17:21:11+00:00,1778174471000,3385,26.16985,41.41832,10.08071,105345,True,77.05459,3
20260507-162444,1778174483,2026-05-07 17:21:23+00:00,1778174483000,3397,26.17745,41.46834,10.08088,105345,True,75.66082,3
20260507-162444,1778174495,2026-05-07 17:21:35+00:00,1778174495000,3409,26.18252,41.47518,10.08093,105945,True,75.03165,3
20260507-162444,1778174507,2026-05-07 17:21:47+00:00,1778174507000,3421,26.17999,41.45696,10.08084,106552,True,73.96468,3
20260507-162444,1778174519,2026-05-07 17:21:59+00:00,1778174519000,3433,26.17999,41.38312,10.08082,107717,True,72.47572,3
20260507-162444,1778174531,2026-05-07 17:22:11+00:00,1778174531000,3445,26.17999,41.38805,10.08068,107028,True,72.11734,3
20260507-162444,1778174543,2026-05-07 17:22:23+00:00,1778174543000,3457,26.18506,41.34695,10.08094,108064,True,70.87273,3
20260507-162444,1778174555,2026-05-07 17:22:35+00:00,1778174555000,3469,26.18759,41.31647,10.08089,107647,True,71.11903,3
20260507-162444,1778174567,2026-05-07 17:22:47+00:00,1778174567000,3481,26.18252,41.33139,10.08098,107647,True,70.95676,3
20260507-162444,1778174579,2026-05-07 17:22:59+00:00,1778174579000,3493,26.18759,41.23851,10.0808,108414,True,70.04224,3
20260507-162444,1778174591,2026-05-07 17:23:11+00:00,1778174591000,3505,26.18759,41.28804,10.08106,109049,True,68.85012,3
20260507-162444,1778174603,2026-05-07 17:23:23+00:00,1778174603000,3517,26.19267,41.29562,10.08118,108978,True,68.63567,3
20260507-162444,1778174615,2026-05-07 17:23:35+00:00,1778174615000,3529,26.18506,41.28535,10.08092,108766,True,68.66758,3
20260507-162444,1778174627,2026-05-07 17:23:47+00:00,1778174627000,3541,26.18759,41.2471,10.08103,108554,True,68.71796,3
20260507-162444,1778174650,2026-05-07 17:24:10+00:00,1778174650000,3564,26.25211,41.07657,10.08111,109334,True,68.31271,3
20260507-162444,1778174662,2026-05-07 17:24:22+00:00,1778174662000,3576,26.14449,41.48656,10.081,93860,True,105.80173,3
20260507-162444,1778174674,2026-05-07 17:24:34+00:00,1778174674000,3588,26.16731,41.29323,10.08139,100479,True,95.68453,3
20260507-162444,1778174686,2026-05-07 17:24:46+00:00,1778174686000,3600,26.16731,41.29392,10.08114,103843,True,84.89613,3
20260507-162444,1778174698,2026-05-07 17:24:58+00:00,1778174698000,3612,26.17745,41.25148,10.08118,105945,True,78.37913,3
20260507-162444,1778174710,2026-05-07 17:25:10+00:00,1778174710000,3624,26.17745,41.22968,10.08106,106960,True,75.10782,3
20260507-162444,1778174722,2026-05-07 17:25:22+00:00,1778174722000,3636,26.17492,41.28541,10.08111,107440,True,73.19524,3
20260507-162444,1778174734,2026-05-07 17:25:34+00:00,1778174734000,3648,26.18252,41.19745,10.08133,107925,True,71.41414,3
20260507-162444,1778174746,2026-05-07 17:25:46+00:00,1778174746000,3660,26.18506,41.23457,10.08125,108344,True,70.02783,3
20260507-162444,1778174758,2026-05-07 17:25:58+00:00,1778174758000,3672,26.18506,41.21543,10.08104,108625,True,69.89242,3
20260507-162444,1778174769,2026-05-07 17:26:09+00:00,1778174769000,3683,26.09631,41.63684,10.08126,98125,True,77.24097,3
20260507-162444,1778174781,2026-05-07 17:26:21+00:00,1778174781000,3695,26.16985,41.26977,10.08106,104949,True,80.57901,3
20260507-162444,1778174793,2026-05-07 17:26:33+00:00,1778174793000,3707,26.17492,41.25566,10.08111,106214,True,75.69213,3
20260507-162444,1778174805,2026-05-07 17:26:45+00:00,1778174805000,3719,26.17999,41.27138,10.08124,108344,True,71.61909,3
20260507-162444,1778174817,2026-05-07 17:26:57+00:00,1778174817000,3731,26.17999,41.21806,10.08113,108274,True,69.99657,3
20260507-162444,1778174832,2026-05-07 17:27:12+00:00,1778174832000,3747,26.23943,41.04183,10.08126,109262,True,69.32044,3
20260507-162444,1778174844,2026-05-07 17:27:24+00:00,1778174844000,3759,26.14956,41.38304,10.0811,96932,True,96.86293,3
20260507-162444,1778174856,2026-05-07 17:27:36+00:00,1778174856000,3771,26.16224,41.24996,10.08115,103013,True,87.72293,3
20260507-162444,1778174868,2026-05-07 17:27:48+00:00,1778174868000,3783,26.16985,41.24914,10.08097,106281,True,79.04684,3
20260507-162444,1778174880,2026-05-07 17:28:00+00:00,1778174880000,3795,26.17238,41.27856,10.08112,106755,True,75.53335,3
20260507-162444,1778174892,2026-05-07 17:28:12+00:00,1778174892000,3807,26.16985,41.27685,10.0812,107925,True,72.1404,3
20260507-162444,1778174904,2026-05-07 17:28:24+00:00,1778174904000,3819,26.17999,41.3191,10.08108,108134,True,70.4938,3
20260507-162444,1778174916,2026-05-07 17:28:36+00:00,1778174916000,3831,26.17999,41.30071,10.08119,108554,True,69.81361,3
20260507-162444,1778174928,2026-05-07 17:28:48+00:00,1778174928000,3843,26.17492,41.3279,10.08102,108766,True,68.68861,3
20260507-162444,1778174940,2026-05-07 17:29:00+00:00,1778174940000,3855,26.17745,41.3134,10.08094,109620,True,67.91725,3
20260507-162444,1778174952,2026-05-07 17:29:12+00:00,1778174952000,3867,26.17745,41.20834,10.08092,109191,True,68.11257,3
20260507-162444,1778174964,2026-05-07 17:29:24+00:00,1778174964000,3879,26.18252,41.11761,10.08091,109836,True,67.34658,3
20260507-162444,1778174976,2026-05-07 17:29:36+00:00,1778174976000,3891,26.17999,41.04186,10.08096,110197,True,66.36531,3
20260507-162444,1778174988,2026-05-07 17:29:48+00:00,1778174988000,3903,26.17999,41.04282,10.08096,110124,True,66.08064,3
20260507-162444,1778175000,2026-05-07 17:30:00+00:00,1778175000000,3915,26.18252,41.09329,10.08093,110634,True,66.23002,3
20260507-162444,1778175012,2026-05-07 17:30:12+00:00,1778175012000,3927,26.18506,41.2412,10.08099,110052,True,66.59653,3
20260507-162444,1778175024,2026-05-07 17:30:24+00:00,1778175024000,3939,26.17492,41.23235,10.08086,109908,True,66.61413,3
20260507-162444,1778175036,2026-05-07 17:30:36+00:00,1778175036000,3951,26.17999,41.15388,10.08099,110488,True,66.12718,3
20260507-162444,1778175048,2026-05-07 17:30:48+00:00,1778175048000,3963,26.17999,41.1859,10.08089,110269,True,65.84034,3
20260507-162444,1778175060,2026-05-07 17:31:00+00:00,1778175060000,3975,26.17999,41.12507,10.08084,110269,True,65.7398,3
20260507-162444,1778175072,2026-05-07 17:31:12+00:00,1778175072000,3987,26.18252,41.0769,10.08093,110634,True,65.0489,3
20260507-162444,1778175084,2026-05-07 17:31:24+00:00,1778175084000,3999,26.17999,41.09684,10.0809,110853,True,64.78206,3
20260507-162444,1778175098,2026-05-07 17:31:38+00:00,1778175098000,4012,26.23488,40.95802,10.0809,110780,True,64.79342,3
20260507-162444,1778175110,2026-05-07 17:31:50+00:00,1778175110000,4024,26.15717,41.34373,10.08075,101638,True,87.92962,3
20260507-162444,1778175122,2026-05-07 17:32:02+00:00,1778175122000,4036,26.16477,41.28071,10.08082,105744,True,81.05975,3
20260507-162444,1778175134,2026-05-07 17:32:14+00:00,1778175134000,4048,26.16477,41.25736,10.08084,106892,True,75.43766,3
20260507-162444,1778175146,2026-05-07 17:32:26+00:00,1778175146000,4060,26.16731,41.25826,10.08089,108554,True,71.31423,3
20260507-162444,1778175159,2026-05-07 17:32:39+00:00,1778175159000,4073,26.2222,41.12498,10.08077,108695,True,70.69612,3
20260507-162444,1778175171,2026-05-07 17:32:51+00:00,1778175171000,4085,26.14702,41.44738,10.08095,99465,True,92.19537,3
20260507-162444,1778175183,2026-05-07 17:33:03+00:00,1778175183000,4097,26.16224,41.29152,10.08106,104622,True,83.53084,3
20260507-162444,1778175194,2026-05-07 17:33:14+00:00,1778175194000,4108,26.07603,41.80133,10.08077,95278,True,88.33427,3
20260507-162444,1778175206,2026-05-07 17:33:26+00:00,1778175206000,4120,26.1597,41.43602,10.08123,103458,True,86.75059,3
20260507-162444,1778175218,2026-05-07 17:33:38+00:00,1778175218000,4132,26.15463,41.40415,10.08109,105611,True,79.43594,3
20260507-162444,1778175230,2026-05-07 17:33:50+00:00,1778175230000,4144,26.16477,41.27371,10.08103,108344,True,72.99981,3
20260507-162444,1778175242,2026-05-07 17:34:02+00:00,1778175242000,4156,26.16731,41.20006,10.08116,108978,True,70.05675,3
20260507-162444,1778175254,2026-05-07 17:34:14+00:00,1778175254000,4168,26.16731,41.22858,10.08086,109262,True,68.47002,3
20260507-162444,1778175266,2026-05-07 17:34:26+00:00,1778175266000,4180,26.17238,41.23721,10.08107,109477,True,67.30856,3
20260507-162444,1778175278,2026-05-07 17:34:38+00:00,1778175278000,4192,26.17238,41.20181,10.08107,110269,True,66.86587,3
20260507-162444,1778175290,2026-05-07 17:34:50+00:00,1778175290000,4204,26.16985,41.20293,10.08097,110124,True,66.15215,3
20260507-162444,1778175302,2026-05-07 17:35:02+00:00,1778175302000,4216,26.17492,41.10301,10.08104,110197,True,65.75316,3
20260507-162444,1778175314,2026-05-07 17:35:14+00:00,1778175314000,4228,26.17745,41.1016,10.08125,110927,True,65.12039,3
20260507-162444,1778175326,2026-05-07 17:35:26+00:00,1778175326000,4240,26.17492,41.06868,10.08109,110707,True,65.11863,3
20260507-162444,1778175338,2026-05-07 17:35:38+00:00,1778175338000,4252,26.16985,41.0974,10.08108,110927,True,64.53798,3
20260507-162444,1778175350,2026-05-07 17:35:50+00:00,1778175350000,4264,26.16985,41.03482,10.08104,110342,True,64.79691,3
20260507-162444,1778175362,2026-05-07 17:36:02+00:00,1778175362000,4276,26.16731,40.98247,10.081,111147,True,64.38018,3
20260507-162444,1778175373,2026-05-07 17:36:13+00:00,1778175373000,4287,26.08617,41.42379,10.08094,99524,True,73.05868,3
20260507-162444,1778175383,2026-05-07 17:36:23+00:00,1778175383000,4298,26.18605,41.13521,10.08115,102196,True,76.90479,3
20260507-162444,1778175395,2026-05-07 17:36:35+00:00,1778175395000,4310,26.15463,41.09794,10.08118,99821,True,93.04999,3
20260507-162444,1778175407,2026-05-07 17:36:47+00:00,1778175407000,4322,26.1597,41.07339,10.08117,106012,True,81.80421,3
20260507-162444,1778175419,2026-05-07 17:36:59+00:00,1778175419000,4334,26.16224,41.24039,10.08111,107994,True,74.4075,3
20260507-162444,1778175431,2026-05-07 17:37:11+00:00,1778175431000,4346,26.16224,41.28085,10.08109,108554,True,70.86965,3
20260507-162444,1778175443,2026-05-07 17:37:23+00:00,1778175443000,4358,26.16224,41.26353,10.08106,109120,True,68.77335,3
20260507-162444,1778175455,2026-05-07 17:37:35+00:00,1778175455000,4370,26.16731,41.18966,10.08112,109692,True,67.34425,3
20260507-162444,1778175467,2026-05-07 17:37:47+00:00,1778175467000,4382,26.16985,41.15126,10.08111,110124,True,66.40606,3
20260507-162444,1778175479,2026-05-07 17:37:59+00:00,1778175479000,4394,26.16731,41.19572,10.08107,110707,True,65.51335,3
20260507-162444,1778175491,2026-05-07 17:38:11+00:00,1778175491000,4406,26.16477,41.16803,10.08113,110634,True,65.30906,3
20260507-162444,1778175503,2026-05-07 17:38:23+00:00,1778175503000,4418,26.15717,41.17856,10.08107,111000,True,65.16108,3
20260507-162444,1778175515,2026-05-07 17:38:35+00:00,1778175515000,4430,26.15717,41.21031,10.08091,111147,True,64.26476,3
20260507-162444,1778175527,2026-05-07 17:38:47+00:00,1778175527000,4442,26.16477,41.12133,10.08119,111666,True,64.00967,3
20260507-162444,1778175539,2026-05-07 17:38:59+00:00,1778175539000,4454,26.16477,41.03856,10.08103,111295,True,64.24087,3
20260507-162444,1778175551,2026-05-07 17:39:11+00:00,1778175551000,4466,26.16731,41.01852,10.08105,110415,True,64.55228,3
20260507-162444,1778175563,2026-05-07 17:39:23+00:00,1778175563000,4478,26.16985,41.08463,10.08106,111147,True,63.92709,3
20260507-162444,1778175573,2026-05-07 17:39:33+00:00,1778175573000,4488,26.08871,41.57292,10.08085,100782,True,72.06612,3
20260507-162444,1778175585,2026-05-07 17:39:45+00:00,1778175585000,4500,26.16224,41.19527,10.08108,107165,True,75.38785,3
20260507-162444,1778175597,2026-05-07 17:39:57+00:00,1778175597000,4512,26.16731,41.16867,10.08104,109262,True,70.75809,3
20260507-162444,1778175610,2026-05-07 17:40:10+00:00,1778175610000,4525,26.13181,41.42514,10.08088,103267,True,78.12009,3
20260507-162444,1778175621,2026-05-07 17:40:21+00:00,1778175621000,4536,26.07096,41.70652,10.08092,95878,True,85.58948,3
20260507-162444,1778175633,2026-05-07 17:40:33+00:00,1778175633000,4548,26.14449,41.26426,10.08089,104361,True,84.16972,3
20260507-162444,1778175645,2026-05-07 17:40:45+00:00,1778175645000,4560,26.15463,41.19492,10.08122,107440,True,76.00507,3
20260507-162444,1778175657,2026-05-07 17:40:57+00:00,1778175657000,4572,26.1521,41.20573,10.081,109191,True,70.60087,3
20260507-162444,1778175669,2026-05-07 17:41:09+00:00,1778175669000,4584,26.15463,41.12605,10.08104,109764,True,68.25327,3
20260507-162444,1778175681,2026-05-07 17:41:21+00:00,1778175681000,4596,26.14956,41.08999,10.08089,110853,True,66.48526,3
20260507-162444,1778175693,2026-05-07 17:41:33+00:00,1778175693000,4608,26.15463,41.04469,10.08088,111074,True,65.19814,3
20260507-162444,1778175705,2026-05-07 17:41:45+00:00,1778175705000,4620,26.15463,41.06486,10.08092,110780,True,64.6216,3
20260507-162444,1778175717,2026-05-07 17:41:57+00:00,1778175717000,4632,26.16477,41.03193,10.08112,110853,True,64.49529,3
20260507-162444,1778175729,2026-05-07 17:42:09+00:00,1778175729000,4644,26.15463,41.10449,10.08097,111221,True,64.24806,3
20260507-162444,1778175741,2026-05-07 17:42:21+00:00,1778175741000,4656,26.1597,41.13488,10.08109,111443,True,64.25988,3
20260507-162444,1778175753,2026-05-07 17:42:33+00:00,1778175753000,4668,26.1597,41.13202,10.08102,111295,True,63.74306,3
20260507-162444,1778175767,2026-05-07 17:42:47+00:00,1778175767000,4682,26.2156,40.97847,10.08128,111000,True,63.9915,3
20260507-162444,1778175779,2026-05-07 17:42:59+00:00,1778175779000,4694,26.12927,41.34181,10.08072,100661,True,89.26237,3
20260507-162444,1778175791,2026-05-07 17:43:11+00:00,1778175791000,4706,26.13181,41.05688,10.0809,105478,True,81.69328,3
20260507-162444,1778175803,2026-05-07 17:43:23+00:00,1778175803000,4718,26.14702,40.84643,10.0809,108625,True,73.75253,3
20260507-162444,1778175815,2026-05-07 17:43:35+00:00,1778175815000,4730,26.15463,40.92896,10.08086,109836,True,69.41787,3
20260507-162444,1778175827,2026-05-07 17:43:47+00:00,1778175827000,4742,26.14956,40.99908,10.08085,110415,True,67.2484,3
20260507-162444,1778175839,2026-05-07 17:43:59+00:00,1778175839000,4754,26.15463,40.85223,10.08085,110853,True,65.85263,3
20260507-162444,1778175851,2026-05-07 17:44:11+00:00,1778175851000,4766,26.1597,40.90987,10.08096,110780,True,65.0932,3
20260507-162444,1778175863,2026-05-07 17:44:23+00:00,1778175863000,4778,26.1597,40.99689,10.08091,111443,True,64.45207,3
20260507-162444,1778175875,2026-05-07 17:44:35+00:00,1778175875000,4790,26.15717,40.80794,10.08096,111443,True,63.9475,3
20260507-162444,1778175887,2026-05-07 17:44:47+00:00,1778175887000,4802,26.15463,40.86683,10.08083,111741,True,63.40804,3
20260507-162444,1778175899,2026-05-07 17:44:59+00:00,1778175899000,4814,26.16224,40.98183,10.08095,112491,True,63.09966,3
20260507-162444,1778175912,2026-05-07 17:45:12+00:00,1778175912000,4826,26.12927,41.27696,10.08084,104361,True,72.87186,3
20260507-162444,1778175924,2026-05-07 17:45:24+00:00,1778175924000,4838,26.14956,41.01603,10.08084,109908,True,70.50663,3
20260507-162444,1778175936,2026-05-07 17:45:36+00:00,1778175936000,4850,26.15463,40.89804,10.08092,110197,True,67.14854,3
20260507-162444,1778175965,2026-05-07 17:46:05+00:00,1778175965000,4880,26.21279,40.74648,10.08091,110780,True,66.70415,3
20260507-162444,1778175977,2026-05-07 17:46:17+00:00,1778175977000,4892,26.10139,41.333,10.08095,92410,True,112.60384,3
20260507-162444,1778175989,2026-05-07 17:46:29+00:00,1778175989000,4904,26.12167,41.13531,10.0809,101025,True,98.49856,3
20260507-162444,1778176001,2026-05-07 17:46:41+00:00,1778176001000,4916,26.12927,41.09171,10.08089,104622,True,85.89316,3
20260507-162444,1778176013,2026-05-07 17:46:53+00:00,1778176013000,4928,26.13181,41.1226,10.08088,106484,True,78.39927,3
20260507-162444,1778176025,2026-05-07 17:47:05+00:00,1778176025000,4940,26.13435,41.1065,10.0808,108695,True,73.30605,3
20260507-162444,1778176037,2026-05-07 17:47:17+00:00,1778176037000,4952,26.12927,41.10489,10.0807,109120,True,70.26214,3
20260507-162444,1778176049,2026-05-07 17:47:29+00:00,1778176049000,4964,26.13942,41.03181,10.08092,110269,True,68.02728,3
20260507-162444,1778176061,2026-05-07 17:47:41+00:00,1778176061000,4976,26.13435,40.99907,10.08089,110269,True,67.20805,3
20260507-162444,1778176073,2026-05-07 17:47:53+00:00,1778176073000,4988,26.14195,41.08879,10.08073,110707,True,66.3569,3
20260507-162444,1778176085,2026-05-07 17:48:05+00:00,1778176085000,5000,26.13942,41.02959,10.08078,111074,True,65.45843,3
20260507-162444,1778176097,2026-05-07 17:48:17+00:00,1778176097000,5012,26.13942,41.05517,10.08069,110927,True,65.14272,3
20260507-162444,1778176109,2026-05-07 17:48:29+00:00,1778176109000,5024,26.14449,40.97151,10.08095,111666,True,64.47246,3
20260507-162444,1778176121,2026-05-07 17:48:41+00:00,1778176121000,5036,26.14195,41.00225,10.08075,111295,True,64.3599,3
20260507-162444,1778176135,2026-05-07 17:48:55+00:00,1778176135000,5050,26.20525,40.85333,10.08073,111592,True,64.15281,3
20260507-162444,1778176147,2026-05-07 17:49:07+00:00,1778176147000,5062,26.1166,41.29291,10.08076,101025,True,89.63486,3
20260507-162444,1778176159,2026-05-07 17:49:19+00:00,1778176159000,5074,26.13181,41.0858,10.08083,106079,True,81.84644,3
20260507-162444,1778176171,2026-05-07 17:49:31+00:00,1778176171000,5086,26.12927,41.06035,10.08053,109120,True,73.50072,3
20260507-162444,1778176183,2026-05-07 17:49:43+00:00,1778176183000,5098,26.13181,41.04059,10.08067,109692,True,69.10473,3
20260507-162444,1778176195,2026-05-07 17:49:55+00:00,1778176195000,5110,26.13688,41.02049,10.08076,110124,True,67.35254,3
20260507-162444,1778176207,2026-05-07 17:50:07+00:00,1778176207000,5122,26.13435,40.99953,10.08078,110634,True,65.7802,3
20260507-162444,1778176219,2026-05-07 17:50:19+00:00,1778176219000,5134,26.13435,41.06086,10.08066,111147,True,64.66214,3
20260507-162444,1778176231,2026-05-07 17:50:31+00:00,1778176231000,5146,26.13435,41.06196,10.08061,111517,True,64.03481,3
20260507-162444,1778176243,2026-05-07 17:50:43+00:00,1778176243000,5158,26.14195,40.98586,10.08084,111666,True,64.00108,3
20260507-162444,1778176255,2026-05-07 17:50:55+00:00,1778176255000,5170,26.14195,40.96554,10.08063,111369,True,63.6368,3
20260507-162444,1778176267,2026-05-07 17:51:07+00:00,1778176267000,5182,26.14195,40.99644,10.08077,111666,True,63.47274,3
20260507-162444,1778176279,2026-05-07 17:51:19+00:00,1778176279000,5194,26.14956,40.89753,10.08082,111741,True,63.18481,3
20260507-162444,1778176291,2026-05-07 17:51:31+00:00,1778176291000,5206,26.13688,40.88532,10.08044,111592,True,63.16671,3
20260507-162444,1778176303,2026-05-07 17:51:43+00:00,1778176303000,5218,26.14449,40.86874,10.0806,112491,True,62.75284,3
20260507-162444,1778176316,2026-05-07 17:51:56+00:00,1778176316000,5230,26.04814,41.62554,10.08034,98010,True,73.1198,3
20260507-162444,1778176328,2026-05-07 17:52:08+00:00,1778176328000,5242,26.12674,41.13215,10.08052,106012,True,78.69928,3
20260507-162444,1778176340,2026-05-07 17:52:20+00:00,1778176340000,5254,26.13942,41.02283,10.08053,109548,True,72.18803,3
20260507-162444,1778176352,2026-05-07 17:52:32+00:00,1778176352000,5266,26.13435,40.97348,10.08059,111221,True,67.28019,3
20260507-162444,1778176364,2026-05-07 17:52:44+00:00,1778176364000,5278,26.13688,40.98356,10.0804,110342,True,66.2945,3
20260507-162444,1778176376,2026-05-07 17:52:56+00:00,1778176376000,5290,26.14195,40.95899,10.0805,111741,True,64.18043,3
20260507-162444,1778176388,2026-05-07 17:53:08+00:00,1778176388000,5302,26.14195,41.00119,10.08041,112265,True,63.51078,3
20260507-162444,1778176400,2026-05-07 17:53:20+00:00,1778176400000,5314,26.13942,41.00635,10.08036,112265,True,62.65385,3
20260507-162444,1778176412,2026-05-07 17:53:32+00:00,1778176412000,5326,26.13688,41.03004,10.08039,111369,True,62.94114,3
20260507-162444,1778176424,2026-05-07 17:53:44+00:00,1778176424000,5338,26.12674,40.96773,10.0802,112642,True,62.44748,3
20260507-162444,1778176436,2026-05-07 17:53:56+00:00,1778176436000,5350,26.12927,40.8909,10.08024,112190,True,62.20173,3
20260507-162444,1778176448,2026-05-07 17:54:08+00:00,1778176448000,5362,26.13942,40.92923,10.08039,113022,True,61.62992,3
20260507-162444,1778176460,2026-05-07 17:54:20+00:00,1778176460000,5374,26.13942,40.93784,10.08027,112491,True,61.63939,3
20260507-162444,1778176472,2026-05-07 17:54:32+00:00,1778176472000,5386,26.13435,40.98492,10.08019,112642,True,61.6294,3
20260507-162444,1778176484,2026-05-07 17:54:44+00:00,1778176484000,5398,26.13435,41.05698,10.08027,112416,True,61.64,3
20260507-162444,1778176496,2026-05-07 17:54:56+00:00,1778176496000,5410,26.13435,41.03658,10.08027,112340,True,61.64778,3
20260507-162444,1778176508,2026-05-07 17:55:08+00:00,1778176508000,5422,26.13688,41.03466,10.08037,112340,True,62.22018,3
20260507-162444,1778176520,2026-05-07 17:55:20+00:00,1778176520000,5434,26.13435,40.98373,10.08031,112567,True,61.89,3
20260507-162444,1778176532,2026-05-07 17:55:32+00:00,1778176532000,5446,26.12927,40.96769,10.08037,113099,True,61.04499,3
20260507-162444,1778176544,2026-05-07 17:55:44+00:00,1778176544000,5458,26.13181,41.00743,10.08041,112642,True,61.37163,3
20260507-162444,1778176556,2026-05-07 17:55:56+00:00,1778176556000,5470,26.10645,41.14503,10.08021,107165,True,69.13051,3
20260507-162444,1778176568,2026-05-07 17:56:08+00:00,1778176568000,5482,26.12167,40.96045,10.08016,109980,True,68.70145,3
20260507-162444,1778176580,2026-05-07 17:56:20+00:00,1778176580000,5494,26.12674,40.76925,10.0801,112416,True,64.87901,3
20260507-162444,1778176592,2026-05-07 17:56:32+00:00,1778176592000,5506,26.12927,40.78026,10.08007,112946,True,63.29439,3
20260507-162444,1778176604,2026-05-07 17:56:44+00:00,1778176604000,5518,26.13688,40.86035,10.08009,112718,True,62.11373,3
20260507-162444,1778176616,2026-05-07 17:56:56+00:00,1778176616000,5531,26.04053,41.44942,10.08001,98703,True,72.23222,3
20260507-162444,1778176627,2026-05-07 17:57:07+00:00,1778176627000,5541,26.1434,41.11127,10.0801,101638,True,77.19015,3
20260507-162444,1778176639,2026-05-07 17:57:19+00:00,1778176639000,5553,26.10139,41.11909,10.08006,100721,True,94.30386,3
20260507-162444,1778176651,2026-05-07 17:57:31+00:00,1778176651000,5565,26.11913,40.92743,10.08024,106687,True,82.04869,3
20260507-162444,1778176663,2026-05-07 17:57:43+00:00,1778176663000,5578,26.1166,40.97739,10.08015,109191,True,73.57806,3
20260507-162444,1778176675,2026-05-07 17:57:55+00:00,1778176675000,5590,26.11913,40.89138,10.0801,110269,True,68.86163,3
20260507-162444,1778176687,2026-05-07 17:58:07+00:00,1778176687000,5602,26.1242,40.90573,10.08009,111295,True,66.02831,3
20260507-162444,1778176699,2026-05-07 17:58:19+00:00,1778176699000,5614,26.1242,40.97288,10.08002,111890,True,64.8483,3
20260507-162444,1778176711,2026-05-07 17:58:31+00:00,1778176711000,5626,26.12927,40.99884,10.08028,111592,True,64.29401,3
20260507-162444,1778176723,2026-05-07 17:58:43+00:00,1778176723000,5638,26.1242,40.92084,10.08002,112416,True,63.17824,3
20260507-162444,1778176735,2026-05-07 17:58:55+00:00,1778176735000,5650,26.12674,40.88002,10.08014,112190,True,62.3848,3
20260507-162444,1778176747,2026-05-07 17:59:07+00:00,1778176747000,5662,26.12927,40.86886,10.08019,113099,True,61.47145,3
20260507-162444,1778176759,2026-05-07 17:59:19+00:00,1778176759000,5674,26.1242,40.89041,10.08018,112340,True,61.69791,3
20260507-162444,1778176771,2026-05-07 17:59:31+00:00,1778176771000,5686,26.1242,40.88805,10.07997,112870,True,61.50739,3
20260507-162444,1778176783,2026-05-07 17:59:43+00:00,1778176783000,5698,26.1242,40.91402,10.07993,112946,True,61.30181,3
20260507-162444,1778176795,2026-05-07 17:59:55+00:00,1778176795000,5710,26.12674,40.85685,10.0801,113022,True,61.34523,3
20260507-162444,1778176807,2026-05-07 18:00:07+00:00,1778176807000,5722,26.12167,40.88514,10.07997,113482,True,60.79285,3
20260507-162444,1778176819,2026-05-07 18:00:19+00:00,1778176819000,5734,26.12167,40.88859,10.07997,112567,True,61.54562,3
20260507-162444,1778176831,2026-05-07 18:00:31+00:00,1778176831000,5746,26.12167,40.90945,10.07995,112794,True,61.60609,3
20260507-162444,1778176843,2026-05-07 18:00:43+00:00,1778176843000,5758,26.12167,40.93605,10.07982,113405,True,60.80801,3
20260507-162444,1778176855,2026-05-07 18:00:55+00:00,1778176855000,5770,26.12167,40.92103,10.07998,113252,True,61.11534,3
20260507-162444,1778176867,2026-05-07 18:01:07+00:00,1778176867000,5782,26.1242,40.89194,10.08004,114256,True,60.12693,3
20260507-162444,1778176878,2026-05-07 18:01:18+00:00,1778176878000,5792,26.17393,40.75295,10.07991,112946,True,60.49635,3
20260507-162444,1778176890,2026-05-07 18:01:30+00:00,1778176890000,5804,26.10645,41.05919,10.08002,105081,True,79.86119,3
20260507-162444,1778176902,2026-05-07 18:01:42+00:00,1778176902000,5816,26.11153,40.9258,10.07987,109620,True,73.34966,3
20260507-162444,1778176914,2026-05-07 18:01:54+00:00,1778176914000,5828,26.11406,40.81619,10.07993,111592,True,67.76292,3
20260507-162444,1778176926,2026-05-07 18:02:06+00:00,1778176926000,5840,26.12167,40.81815,10.07995,111592,True,65.30285,3
20260507-162444,1778176939,2026-05-07 18:02:19+00:00,1778176939000,5853,26.17403,40.68792,10.07994,112190,True,64.61753,3
20260507-162444,1778176953,2026-05-07 18:02:33+00:00,1778176953000,5867,26.06324,41.48478,10.07972,94924,True,77.50233,3
20260507-162444,1778176965,2026-05-07 18:02:45+00:00,1778176965000,5879,26.08364,41.25867,10.08002,95387,True,106.56263,3
20260507-162444,1778176977,2026-05-07 18:02:57+00:00,1778176977000,5891,26.09378,41.07343,10.07974,103458,True,92.15623,3
20260507-162444,1778176989,2026-05-07 18:03:09+00:00,1778176989000,5903,26.10139,41.004,10.07988,107786,True,79.01326,3
20260507-162444,1778177001,2026-05-07 18:03:21+00:00,1778177001000,5915,26.11406,40.96973,10.08,109620,True,72.39187,3
20260507-162444,1778177013,2026-05-07 18:03:33+00:00,1778177013000,5927,26.10899,40.97873,10.07994,110269,True,68.46591,3
20260507-162444,1778177025,2026-05-07 18:03:45+00:00,1778177025000,5939,26.10645,41.09927,10.07988,110124,True,67.14826,3
20260507-162444,1778177037,2026-05-07 18:03:57+00:00,1778177037000,5951,26.11406,41.10004,10.07991,110634,True,65.72443,3
20260507-162444,1778177049,2026-05-07 18:04:09+00:00,1778177049000,5963,26.10899,40.96701,10.07974,111890,True,64.30968,3
20260507-162444,1778177061,2026-05-07 18:04:21+00:00,1778177061000,5976,26.02532,41.52747,10.07967,98182,True,74.63792,3
20260507-162444,1778177073,2026-05-07 18:04:33+00:00,1778177073000,5988,26.09885,40.9824,10.07975,107440,True,78.17447,3
20260507-162444,1778177085,2026-05-07 18:04:45+00:00,1778177085000,6000,26.11153,40.85258,10.0797,109908,True,71.37018,3
20260507-162444,1778177097,2026-05-07 18:04:57+00:00,1778177097000,6012,26.11153,40.82785,10.07978,111517,True,66.8875,3
20260507-162444,1778177109,2026-05-07 18:05:09+00:00,1778177109000,6024,26.11913,40.65157,10.07971,111666,True,65.28991,3
20260507-162444,1778177122,2026-05-07 18:05:22+00:00,1778177122000,6037,26.16896,40.54315,10.07961,112265,True,64.56531,3
20260507-162444,1778177134,2026-05-07 18:05:34+00:00,1778177134000,6049,26.09631,41.08636,10.07964,102134,True,87.15483,3
20260507-162444,1778177146,2026-05-07 18:05:46+00:00,1778177146000,6061,26.11153,40.93011,10.07971,107028,True,79.23164,3
20260507-162444,1778177158,2026-05-07 18:05:58+00:00,1778177158000,6073,26.10899,40.97005,10.07969,109908,True,71.50535,3
20260507-162444,1778177170,2026-05-07 18:06:10+00:00,1778177170000,6085,26.10899,40.91014,10.07964,110634,True,67.89383,3
20260507-162444,1778177182,2026-05-07 18:06:22+00:00,1778177182000,6097,26.10899,40.8548,10.07964,112190,True,65.43744,3
20260507-162444,1778177194,2026-05-07 18:06:34+00:00,1778177194000,6109,26.1166,40.80122,10.07976,111965,True,63.87703,3
20260507-162444,1778177206,2026-05-07 18:06:46+00:00,1778177206000,6121,26.10899,40.88112,10.07962,111890,True,63.60419,3
20260507-162444,1778177218,2026-05-07 18:06:58+00:00,1778177218000,6133,26.1166,40.90483,10.07971,112416,True,62.69144,3
20260507-162444,1778177230,2026-05-07 18:07:10+00:00,1778177230000,6145,26.11406,40.88848,10.07949,112946,True,61.68395,3
20260507-162444,1778177242,2026-05-07 18:07:22+00:00,1778177242000,6157,26.1242,40.89407,10.07967,112642,True,61.95509,3
20260507-162444,1778177254,2026-05-07 18:07:34+00:00,1778177254000,6169,26.11913,40.92532,10.07959,112416,True,61.63368,3
20260507-162444,1778177266,2026-05-07 18:07:46+00:00,1778177266000,6181,26.1242,40.92089,10.07971,113405,True,61.40319,3
20260507-162444,1778177278,2026-05-07 18:07:58+00:00,1778177278000,6193,26.11913,40.9003,10.07938,112870,True,61.69716,3
20260507-162444,1778177290,2026-05-07 18:08:10+00:00,1778177290000,6205,26.1242,40.84224,10.07958,112946,True,61.06038,3
20260507-162444,1778177302,2026-05-07 18:08:22+00:00,1778177302000,6217,26.11913,40.80379,10.07956,113636,True,60.03761,3
20260507-162444,1778177314,2026-05-07 18:08:34+00:00,1778177314000,6229,26.12167,40.71779,10.07967,114100,True,60.02703,3
20260507-162444,1778177326,2026-05-07 18:08:46+00:00,1778177326000,6241,26.1166,40.73914,10.0795,113252,True,60.62691,3
20260507-162444,1778177338,2026-05-07 18:08:58+00:00,1778177338000,6253,26.1166,40.84139,10.07941,113252,True,60.61527,3
20260507-162444,1778177350,2026-05-07 18:09:10+00:00,1778177350000,6265,26.12927,40.91203,10.07947,113482,True,60.4203,3
20260507-162444,1778177362,2026-05-07 18:09:22+00:00,1778177362000,6277,26.11913,40.86214,10.07947,114023,True,59.89955,3
20260507-162444,1778177374,2026-05-07 18:09:34+00:00,1778177374000,6289,26.1242,40.82192,10.07944,114256,True,60.02506,3
20260507-162444,1778177386,2026-05-07 18:09:46+00:00,1778177386000,6301,26.1166,40.7487,10.0793,113559,True,60.34967,3
20260507-162444,1778177398,2026-05-07 18:09:58+00:00,1778177398000,6313,26.1166,40.7775,10.07943,113559,True,59.95887,3
20260507-162444,1778177410,2026-05-07 18:10:10+00:00,1778177410000,6325,26.1166,40.83789,10.07944,113328,True,60.17531,3
20260507-162444,1778177422,2026-05-07 18:10:22+00:00,1778177422000,6337,26.11406,40.78958,10.07937,113099,True,60.16559,3
20260507-162444,1778177434,2026-05-07 18:10:34+00:00,1778177434000,6348,26.17021,40.62492,10.07951,113559,True,60.22549,3
20260507-162444,1778177446,2026-05-07 18:10:46+00:00,1778177446000,6360,26.09378,40.96338,10.07929,104884,True,81.61993,3
20260507-162444,1778177458,2026-05-07 18:10:58+00:00,1778177458000,6372,26.10899,40.82313,10.07939,109191,True,73.69395,3
20260507-162444,1778177470,2026-05-07 18:11:10+00:00,1778177470000,6384,26.11153,40.76699,10.07936,111443,True,67.95827,3
20260507-162444,1778177482,2026-05-07 18:11:22+00:00,1778177482000,6396,26.11153,40.79433,10.07929,112718,True,64.3263,3
20260507-162444,1778177494,2026-05-07 18:11:34+00:00,1778177494000,6408,26.1166,40.77847,10.07932,112567,True,63.05161,3
20260507-162444,1778177506,2026-05-07 18:11:46+00:00,1778177506000,6420,26.11406,40.7266,10.07958,112870,True,62.23392,3
20260507-162444,1778177518,2026-05-07 18:11:58+00:00,1778177518000,6432,26.11913,40.72602,10.07931,113790,True,61.02806,3
20260507-162444,1778177530,2026-05-07 18:12:10+00:00,1778177530000,6444,26.1166,40.79656,10.07951,113559,True,60.51273,3
20260507-162444,1778177542,2026-05-07 18:12:22+00:00,1778177542000,6456,26.11913,40.75004,10.07954,113405,True,60.61316,3
20260507-162444,1778177554,2026-05-07 18:12:34+00:00,1778177554000,6468,26.1166,40.7236,10.07944,114023,True,59.92129,3
20260507-162444,1778177566,2026-05-07 18:12:46+00:00,1778177566000,6480,26.11406,40.73521,10.0793,113713,True,60.11127,3
20260507-162444,1778177578,2026-05-07 18:12:58+00:00,1778177578000,6492,26.11406,40.84113,10.07926,113482,True,60.23509,3
20260507-162444,1778177588,2026-05-07 18:13:08+00:00,1778177588000,6502,26.04053,41.27322,10.07934,103267,True,67.51184,3
20260507-162444,1778177601,2026-05-07 18:13:21+00:00,1778177601000,6515,26.136,40.98903,10.07922,106214,True,70.67668,3
20260507-162444,1778177613,2026-05-07 18:13:33+00:00,1778177613000,6527,26.08617,40.94916,10.07922,101638,True,92.49147,3
20260507-162444,1778177625,2026-05-07 18:13:45+00:00,1778177625000,6540,26.00503,41.33515,10.07919,94709,True,95.65646,3
20260507-162444,1778177637,2026-05-07 18:13:57+00:00,1778177637000,6552,26.08617,40.85965,10.07911,104231,True,89.92123,3
20260507-162444,1778177649,2026-05-07 18:14:09+00:00,1778177649000,6564,26.09378,40.80601,10.07923,108766,True,77.9688,3
20260507-162444,1778177661,2026-05-07 18:14:21+00:00,1778177661000,6576,26.10392,40.81398,10.07954,109692,True,70.95493,3
20260507-162444,1778177673,2026-05-07 18:14:33+00:00,1778177673000,6588,26.10139,40.9088,10.07939,111221,True,67.32415,3
20260507-162444,1778177685,2026-05-07 18:14:45+00:00,1778177685000,6600,26.10645,40.88537,10.07947,111965,True,64.56914,3
20260507-162444,1778177697,2026-05-07 18:14:57+00:00,1778177697000,6612,26.10645,40.82592,10.07926,112718,True,63.47717,3
20260507-162444,1778177709,2026-05-07 18:15:09+00:00,1778177709000,6624,26.10645,40.86861,10.07926,112190,True,63.02161,3
20260507-162444,1778177721,2026-05-07 18:15:21+00:00,1778177721000,6636,26.11153,40.85036,10.07954,112416,True,62.42614,3
20260507-162444,1778177733,2026-05-07 18:15:33+00:00,1778177733000,6648,26.10899,40.7814,10.07918,113099,True,61.3734,3
20260507-162444,1778177745,2026-05-07 18:15:45+00:00,1778177745000,6660,26.10645,40.76216,10.07912,113482,True,60.55276,3
20260507-162444,1778177757,2026-05-07 18:15:57+00:00,1778177757000,6672,26.10899,40.77305,10.0796,112718,True,60.9059,3
20260507-162444,1778177769,2026-05-07 18:16:09+00:00,1778177769000,6684,26.10899,40.77836,10.07934,113405,True,61.13158,3
20260507-162444,1778177781,2026-05-07 18:16:21+00:00,1778177781000,6696,26.11153,40.70302,10.07915,113790,True,60.2039,3
20260507-162444,1778177793,2026-05-07 18:16:33+00:00,1778177793000,6708,26.1166,40.70178,10.07936,114023,True,59.78825,3
20260507-162444,1778177810,2026-05-07 18:16:50+00:00,1778177810000,6725,26.17916,40.54491,10.0794,113405,True,60.11898,3
20260507-162444,1778177822,2026-05-07 18:17:02+00:00,1778177822000,6737,26.07856,41.08859,10.07923,100782,True,91.1324,3
20260507-162444,1778177834,2026-05-07 18:17:14+00:00,1778177834000,6749,26.09124,40.90872,10.07897,106755,True,82.08846,3
20260507-162444,1778177846,2026-05-07 18:17:26+00:00,1778177846000,6761,26.09631,40.83298,10.0791,109836,True,72.81992,3
20260507-162444,1778177857,2026-05-07 18:17:37+00:00,1778177857000,6771,26.01771,41.17638,10.07903,100600,True,77.83985,3
20260507-162444,1778177869,2026-05-07 18:17:49+00:00,1778177869000,6783,26.09885,40.70393,10.07926,108134,True,76.87346,3
20260507-162444,1778177881,2026-05-07 18:18:01+00:00,1778177881000,6795,26.10139,40.74587,10.07911,109908,True,71.16733,3
20260507-162444,1778177893,2026-05-07 18:18:13+00:00,1778177893000,6807,26.10392,40.80284,10.0791,111741,True,66.95921,3
20260507-162444,1778177905,2026-05-07 18:18:25+00:00,1778177905000,6819,26.10139,40.77428,10.07918,112794,True,64.11295,3
20260507-162444,1778177917,2026-05-07 18:18:37+00:00,1778177917000,6831,26.11153,40.74491,10.07926,112491,True,63.00467,3
20260507-162444,1778177929,2026-05-07 18:18:49+00:00,1778177929000,6843,26.10645,40.74482,10.07897,112870,True,62.31709,3
20260507-162444,1778177941,2026-05-07 18:19:01+00:00,1778177941000,6855,26.10899,40.76728,10.07922,113405,True,61.82921,3
20260507-162444,1778177952,2026-05-07 18:19:12+00:00,1778177952000,6867,26.02532,41.30941,10.07918,100540,True,70.90319,3
20260507-162444,1778177964,2026-05-07 18:19:24+00:00,1778177964000,6879,26.09378,40.85933,10.07911,108554,True,74.56304,3
20260507-162444,1778177976,2026-05-07 18:19:36+00:00,1778177976000,6891,26.10139,40.74723,10.07913,111221,True,68.92019,3
20260507-162444,1778177988,2026-05-07 18:19:48+00:00,1778177988000,6903,26.0025,41.24653,10.07883,98703,True,76.69236,3
20260507-162444,1778178000,2026-05-07 18:20:00+00:00,1778178000000,6915,26.08364,40.7268,10.07904,107647,True,78.15336,3
20260507-162444,1778178012,2026-05-07 18:20:12+00:00,1778178012000,6927,26.09631,40.60547,10.07919,110342,True,71.37238,3
20260507-162444,1778178024,2026-05-07 18:20:24+00:00,1778178024000,6939,26.09378,40.68512,10.07888,112115,True,66.20395,3
20260507-162444,1778178036,2026-05-07 18:20:36+00:00,1778178036000,6951,26.09378,40.7956,10.07907,112870,True,63.92595,3
20260507-162444,1778178048,2026-05-07 18:20:48+00:00,1778178048000,6963,26.09885,40.78061,10.07905,113252,True,62.41459,3
20260507-162444,1778178060,2026-05-07 18:21:00+00:00,1778178060000,6975,26.10139,40.73052,10.07895,113328,True,61.55265,3
20260507-162444,1778178072,2026-05-07 18:21:12+00:00,1778178072000,6987,26.09378,40.71041,10.07888,113868,True,60.67011,3
20260507-162444,1778178084,2026-05-07 18:21:24+00:00,1778178084000,6999,26.10139,40.71544,10.07897,113790,True,60.38811,3
20260507-162444,1778178096,2026-05-07 18:21:36+00:00,1778178096000,7011,26.10139,40.79408,10.07893,113790,True,60.42541,3
20260507-162444,1778178108,2026-05-07 18:21:48+00:00,1778178108000,7023,26.10645,40.73349,10.07893,114178,True,59.61898,3
20260507-162444,1778178120,2026-05-07 18:22:00+00:00,1778178120000,7035,26.10645,40.74802,10.07914,113099,True,60.81663,3
20260507-162444,1778178132,2026-05-07 18:22:12+00:00,1778178132000,7047,26.09885,40.73973,10.07891,114726,True,59.37389,3
20260507-162444,1778178144,2026-05-07 18:22:24+00:00,1778178144000,7059,26.10392,40.72665,10.07896,114490,True,59.16961,3
20260507-162444,1778178156,2026-05-07 18:22:36+00:00,1778178156000,7071,26.09885,40.79447,10.07893,114023,True,59.2329,3
20260507-162444,1778178168,2026-05-07 18:22:48+00:00,1778178168000,7083,26.09378,40.8415,10.07879,114023,True,59.10149,3
20260507-162444,1778178181,2026-05-07 18:23:01+00:00,1778178181000,7095,26.15353,40.69832,10.07905,113328,True,59.74627,3
20260507-162444,1778178193,2026-05-07 18:23:13+00:00,1778178193000,7107,26.07096,40.92039,10.07885,104101,True,83.65651,3
20260507-162444,1778178205,2026-05-07 18:23:25+00:00,1778178205000,7119,26.08364,40.77537,10.07877,109262,True,75.46696,3
20260507-162444,1778178217,2026-05-07 18:23:37+00:00,1778178217000,7131,26.08871,40.67674,10.07891,111741,True,68.10634,3
20260507-162444,1778178229,2026-05-07 18:23:49+00:00,1778178229000,7143,26.09378,40.59478,10.07897,113636,True,63.78041,3
20260507-162444,1778178241,2026-05-07 18:24:01+00:00,1778178241000,7155,26.08871,40.64,10.07892,113175,True,62.43251,3
20260507-162444,1778178253,2026-05-07 18:24:13+00:00,1778178253000,7167,26.09631,40.61649,10.07891,112567,True,62.4719,3
20260507-162444,1778178265,2026-05-07 18:24:25+00:00,1778178265000,7179,26.09378,40.66199,10.07901,113713,True,60.54638,3
20260507-162444,1778178277,2026-05-07 18:24:37+00:00,1778178277000,7191,26.09631,40.52528,10.07899,114334,True,60.02887,3
20260507-162444,1778178289,2026-05-07 18:24:49+00:00,1778178289000,7203,26.09631,40.5321,10.07898,114178,True,59.62968,3
20260507-162444,1778178301,2026-05-07 18:25:01+00:00,1778178301000,7215,26.09124,40.57014,10.07895,114256,True,59.59938,3
20260507-162444,1778178313,2026-05-07 18:25:13+00:00,1778178313000,7227,26.09378,40.60534,10.07895,114178,True,59.45516,3
20260507-162444,1778178325,2026-05-07 18:25:25+00:00,1778178325000,7239,26.09378,40.58904,10.07878,114647,True,59.17857,3
20260507-162444,1778178337,2026-05-07 18:25:37+00:00,1778178337000,7251,26.08871,40.58574,10.07884,115199,True,58.56701,3
20260507-162444,1778178349,2026-05-07 18:25:49+00:00,1778178349000,7263,26.09124,40.57785,10.07886,114647,True,58.62603,3
20260507-162444,1778178361,2026-05-07 18:26:01+00:00,1778178361000,7276,26.15302,40.4279,10.07888,114804,True,58.6059,3
20260507-162444,1778178373,2026-05-07 18:26:13+00:00,1778178373000,7288,26.07856,40.80123,10.07892,105015,True,81.78606,3
20260507-162444,1778178385,2026-05-07 18:26:25+00:00,1778178385000,7300,26.08617,40.77099,10.07888,110707,True,73.3388,3
20260507-162444,1778178397,2026-05-07 18:26:37+00:00,1778178397000,7312,26.08617,40.80703,10.07878,112040,True,67.22075,3
20260507-162444,1778178409,2026-05-07 18:26:49+00:00,1778178409000,7324,26.09378,40.72329,10.07872,112946,True,63.96295,3
20260507-162444,1778178421,2026-05-07 18:27:01+00:00,1778178421000,7336,26.09378,40.74192,10.07894,113252,True,62.36413,3
20260507-162444,1778178433,2026-05-07 18:27:13+00:00,1778178433000,7348,26.08871,40.71437,10.07876,112946,True,61.76102,3
20260507-162444,1778178445,2026-05-07 18:27:25+00:00,1778178445000,7360,26.09378,40.67476,10.07895,112794,True,61.82717,3
20260507-162444,1778178457,2026-05-07 18:27:37+00:00,1778178457000,7372,26.09124,40.67876,10.07875,114178,True,60.6393,3
20260507-162444,1778178469,2026-05-07 18:27:49+00:00,1778178469000,7384,26.09378,40.67512,10.07879,113868,True,59.99306,3
20260507-162444,1778178481,2026-05-07 18:28:01+00:00,1778178481000,7396,26.09631,40.69065,10.07887,114334,True,59.21669,3
20260507-162444,1778178493,2026-05-07 18:28:13+00:00,1778178493000,7408,26.09631,40.71571,10.07892,114178,True,59.21912,3
20260507-162444,1778178505,2026-05-07 18:28:25+00:00,1778178505000,7420,26.09631,40.72655,10.07894,114490,True,58.99066,3
20260507-162444,1778178517,2026-05-07 18:28:37+00:00,1778178517000,7432,26.08617,40.63985,10.07864,114412,True,59.19774,3
20260507-162444,1778178529,2026-05-07 18:28:49+00:00,1778178529000,7444,26.09378,40.64979,10.07876,114490,True,58.74115,3
20260507-162444,1778178541,2026-05-07 18:29:01+00:00,1778178541000,7455,26.0101,41.09317,10.07859,101947,True,68.12653,3
20260507-162444,1778178553,2026-05-07 18:29:13+00:00,1778178553000,7467,26.08364,40.63366,10.07875,110124,True,71.5735,3
20260507-162444,1778178565,2026-05-07 18:29:25+00:00,1778178565000,7479,26.08871,40.45203,10.07866,112946,True,65.62138,3
20260507-162444,1778178577,2026-05-07 18:29:37+00:00,1778178577000,7491,26.09378,40.49691,10.07871,113713,True,62.92036,3
20260507-162444,1778178589,2026-05-07 18:29:49+00:00,1778178589000,7503,26.09124,40.60047,10.07861,113636,True,60.9358,3
20260507-162444,1778178601,2026-05-07 18:30:01+00:00,1778178601000,7515,26.09378,40.55738,10.07862,114726,True,59.85094,3
20260507-162444,1778178613,2026-05-07 18:30:13+00:00,1778178613000,7527,26.09631,40.53483,10.07862,114256,True,59.55102,3
20260507-162444,1778178625,2026-05-07 18:30:25+00:00,1778178625000,7539,26.09378,40.52606,10.07869,114569,True,58.82703,3
20260507-162444,1778178637,2026-05-07 18:30:37+00:00,1778178637000,7551,26.09124,40.61694,10.07852,115120,True,58.51591,3
20260507-162444,1778178649,2026-05-07 18:30:49+00:00,1778178649000,7563,26.09124,40.69732,10.07867,114412,True,59.38408,3
20260507-162444,1778178661,2026-05-07 18:31:01+00:00,1778178661000,7575,26.09631,40.73524,10.07857,115041,True,58.87603,3
20260507-162444,1778178673,2026-05-07 18:31:13+00:00,1778178673000,7587,26.09124,40.73871,10.0786,113868,True,59.01674,3
20260507-162444,1778178685,2026-05-07 18:31:25+00:00,1778178685000,7599,26.09378,40.72561,10.07876,114804,True,58.85856,3
20260507-162444,1778178697,2026-05-07 18:31:37+00:00,1778178697000,7611,26.09378,40.68667,10.07865,114804,True,58.65181,3
20260507-162444,1778178709,2026-05-07 18:31:49+00:00,1778178709000,7623,26.09378,40.66785,10.07864,115199,True,57.84869,3
20260507-162444,1778178721,2026-05-07 18:32:01+00:00,1778178721000,7635,26.08871,40.69848,10.07871,114804,True,57.68884,3
20260507-162444,1778178733,2026-05-07 18:32:13+00:00,1778178733000,7647,26.09124,40.68708,10.07867,115437,True,57.60899,3
20260507-162444,1778178745,2026-05-07 18:32:25+00:00,1778178745000,7659,26.08871,40.65343,10.07859,114962,True,57.39646,3
20260507-162444,1778178757,2026-05-07 18:32:37+00:00,1778178757000,7671,26.08871,40.67189,10.07868,115041,True,57.82674,3
20260507-162444,1778178769,2026-05-07 18:32:49+00:00,1778178769000,7683,26.08871,40.6666,10.07847,115199,True,57.56157,3
20260507-162444,1778178781,2026-05-07 18:33:01+00:00,1778178781000,7695,26.08617,40.63954,10.07844,114962,True,57.91161,3
20260507-162444,1778178793,2026-05-07 18:33:13+00:00,1778178793000,7707,26.09124,40.61437,10.0786,115437,True,57.49802,3
20260507-162444,1778178805,2026-05-07 18:33:25+00:00,1778178805000,7719,26.09124,40.59423,10.0787,115358,True,57.16038,3
20260507-162444,1778178817,2026-05-07 18:33:37+00:00,1778178817000,7731,26.08871,40.53818,10.07863,114883,True,57.5999,3
20260507-162444,1778178829,2026-05-07 18:33:49+00:00,1778178829000,7743,26.08617,40.53868,10.07843,115836,True,57.10855,3
20260507-162444,1778178841,2026-05-07 18:34:01+00:00,1778178841000,7755,26.08871,40.53065,10.0785,115358,True,57.81179,3
20260507-162444,1778178853,2026-05-07 18:34:13+00:00,1778178853000,7767,26.09378,40.51794,10.07843,115358,True,57.36143,3
20260507-162444,1778178865,2026-05-07 18:34:25+00:00,1778178865000,7779,26.08871,40.52564,10.07852,114726,True,57.82119,3
20260507-162444,1778178877,2026-05-07 18:34:37+00:00,1778178877000,7791,26.08871,40.57339,10.07845,115756,True,57.49634,3
20260507-162444,1778178889,2026-05-07 18:34:49+00:00,1778178889000,7803,26.09124,40.59402,10.07842,115916,True,56.66013,3
20260507-162444,1778178901,2026-05-07 18:35:01+00:00,1778178901000,7815,26.08871,40.63429,10.07847,114412,True,58.10474,3
20260507-162444,1778178913,2026-05-07 18:35:13+00:00,1778178913000,7827,26.08871,40.64531,10.07829,115278,True,57.46037,3
20260507-162444,1778178925,2026-05-07 18:35:25+00:00,1778178925000,7839,26.09378,40.54135,10.07848,115676,True,57.10632,3
20260507-162444,1778178937,2026-05-07 18:35:37+00:00,1778178937000,7851,26.08871,40.55997,10.07838,115199,True,57.46708,3
20260507-162444,1778178949,2026-05-07 18:35:49+00:00,1778178949000,7863,26.09378,40.55046,10.07858,115120,True,57.45972,3
20260507-162444,1778178961,2026-05-07 18:36:01+00:00,1778178961000,7875,26.08617,40.55359,10.07857,115997,True,56.88734,3
20260507-162444,1778178973,2026-05-07 18:36:13+00:00,1778178973000,7887,26.08871,40.56721,10.07863,115358,True,57.43339,3
20260507-162444,1778178985,2026-05-07 18:36:25+00:00,1778178985000,7899,26.08871,40.59819,10.07873,115358,True,57.42544,3
20260507-162444,1778178997,2026-05-07 18:36:37+00:00,1778178997000,7911,26.09124,40.45362,10.07872,116158,True,56.64238,3
20260507-162444,1778179009,2026-05-07 18:36:49+00:00,1778179009000,7923,26.0811,40.52224,10.07854,115358,True,56.93727,3
20260507-162444,1778179021,2026-05-07 18:37:01+00:00,1778179021000,7935,26.08871,40.52344,10.07863,115596,True,56.98608,3
20260507-162444,1778179033,2026-05-07 18:37:13+00:00,1778179033000,7947,26.09631,40.52172,10.07854,114726,True,57.8054,3
20260507-162444,1778179045,2026-05-07 18:37:25+00:00,1778179045000,7959,26.08617,40.51883,10.0786,114804,True,57.97442,3
20260507-162444,1778179057,2026-05-07 18:37:37+00:00,1778179057000,7971,26.09124,40.34143,10.07861,116400,True,56.77463,3
20260507-162444,1778179069,2026-05-07 18:37:49+00:00,1778179069000,7983,26.09124,40.48362,10.07849,115278,True,57.41817,3
20260507-162444,1778179081,2026-05-07 18:38:01+00:00,1778179081000,7995,26.08871,40.57004,10.07836,115596,True,57.27007,3
20260507-162444,1778179093,2026-05-07 18:38:13+00:00,1778179093000,8007,26.09124,40.57047,10.07851,115358,True,57.22639,3
20260507-162444,1778179105,2026-05-07 18:38:25+00:00,1778179105000,8019,26.09378,40.54304,10.07867,116319,True,56.97519,3
20260507-162444,1778179117,2026-05-07 18:38:37+00:00,1778179117000,8031,26.09124,40.45825,10.07856,116077,True,56.91201,3
20260507-162444,1778179129,2026-05-07 18:38:49+00:00,1778179129000,8043,26.09378,40.43005,10.07862,115676,True,57.36702,3
20260507-162444,1778179141,2026-05-07 18:39:01+00:00,1778179141000,8055,26.08871,40.51866,10.0785,115437,True,57.16045,3
20260507-162444,1778179153,2026-05-07 18:39:13+00:00,1778179153000,8067,26.08617,40.50206,10.07837,115676,True,56.80513,3
20260507-162444,1778179165,2026-05-07 18:39:25+00:00,1778179165000,8079,26.08617,40.49173,10.07843,115041,True,57.43922,3
20260507-162444,1778179177,2026-05-07 18:39:37+00:00,1778179177000,8091,26.08871,40.46113,10.07852,115756,True,56.7588,3
20260507-162444,1778179189,2026-05-07 18:39:49+00:00,1778179189000,8103,26.09124,40.46634,10.07858,116077,True,56.55552,3
20260507-162444,1778179201,2026-05-07 18:40:01+00:00,1778179201000,8115,26.09124,40.50463,10.07858,114726,True,58.02287,3
20260507-162444,1778179213,2026-05-07 18:40:13+00:00,1778179213000,8127,26.08617,40.49725,10.07853,115676,True,57.49946,3
20260507-162444,1778179225,2026-05-07 18:40:25+00:00,1778179225000,8139,26.08364,40.44147,10.0784,115756,True,56.95876,3
20260507-162444,1778179237,2026-05-07 18:40:37+00:00,1778179237000,8151,26.08871,40.53076,10.07863,114883,True,57.58062,3
20260507-162444,1778179249,2026-05-07 18:40:49+00:00,1778179249000,8163,26.08871,40.57225,10.07843,115120,True,57.67209,3
20260507-162444,1778179261,2026-05-07 18:41:01+00:00,1778179261000,8175,26.08871,40.57063,10.07833,115120,True,57.61094,3
20260507-162444,1778179273,2026-05-07 18:41:13+00:00,1778179273000,8187,26.08871,40.56709,10.07838,115517,True,57.27525,3
20260507-162444,1778179285,2026-05-07 18:41:25+00:00,1778179285000,8199,26.08617,40.50187,10.07823,116562,True,56.31213,3
20260507-162444,1778179297,2026-05-07 18:41:37+00:00,1778179297000,8211,26.08871,40.5132,10.07834,114883,True,57.14784,3
20260507-162444,1778179309,2026-05-07 18:41:49+00:00,1778179309000,8223,26.09124,40.53627,10.07835,115836,True,56.43026,3
20260507-162444,1778179321,2026-05-07 18:42:01+00:00,1778179321000,8235,26.09124,40.47829,10.07839,115437,True,56.98137,3
20260507-162444,1778179333,2026-05-07 18:42:13+00:00,1778179333000,8248,26.05828,40.75678,10.07827,109548,True,66.12833,3
20260507-162444,1778179344,2026-05-07 18:42:24+00:00,1778179344000,8258,25.99489,41.08887,10.07802,101392,True,74.67392,3
20260507-162444,1778179357,2026-05-07 18:42:37+00:00,1778179357000,8271,26.10557,40.72557,10.07829,104231,True,77.68398,3
20260507-162444,1778179369,2026-05-07 18:42:49+00:00,1778179369000,8283,26.05321,40.7233,10.07821,101269,True,95.70117,3
20260507-162444,1778179381,2026-05-07 18:43:01+00:00,1778179381000,8295,26.06589,40.59735,10.07826,108134,True,82.06056,3
20260507-162444,1778179393,2026-05-07 18:43:13+00:00,1778179393000,8307,26.06589,40.6444,10.07805,111369,True,71.58437,3
20260507-162444,1778179405,2026-05-07 18:43:25+00:00,1778179405000,8319,26.07603,40.66592,10.07821,112642,True,66.17162,3
20260507-162444,1778179417,2026-05-07 18:43:37+00:00,1778179417000,8331,26.07603,40.60249,10.07823,113252,True,63.26131,3
20260507-162444,1778179429,2026-05-07 18:43:49+00:00,1778179429000,8343,26.07096,40.60066,10.07809,113559,True,61.70742,3
20260507-162444,1778179440,2026-05-07 18:44:00+00:00,1778179440000,8355,26.12654,40.46315,10.07824,113945,True,61.37781,3
20260507-162444,1778179452,2026-05-07 18:44:12+00:00,1778179452000,8367,26.06082,40.68551,10.07807,106281,True,80.85857,3
20260507-162444,1778179464,2026-05-07 18:44:24+00:00,1778179464000,8379,26.07349,40.54708,10.07815,110853,True,73.23802,3
20260507-162444,1778179476,2026-05-07 18:44:36+00:00,1778179476000,8391,26.07096,40.45025,10.07802,112794,True,66.69503,3
20260507-162444,1778179488,2026-05-07 18:44:48+00:00,1778179488000,8403,26.0456,40.67514,10.07809,107303,True,72.226,3
20260507-162444,1778179500,2026-05-07 18:45:00+00:00,1778179500000,8415,25.97714,41.12547,10.07786,96764,True,82.29678,3
20260507-162444,1778179512,2026-05-07 18:45:12+00:00,1778179512000,8427,26.06842,40.60594,10.07814,107028,True,82.05383,3
20260507-162444,1778179524,2026-05-07 18:45:24+00:00,1778179524000,8439,26.07349,40.55795,10.07812,111147,True,72.51189,3
20260507-162444,1778179536,2026-05-07 18:45:36+00:00,1778179536000,8451,26.07096,40.58751,10.07788,112115,True,66.97635,3
20260507-162444,1778179548,2026-05-07 18:45:48+00:00,1778179548000,8463,26.07603,40.51535,10.07798,113252,True,63.35196,3
20260507-162444,1778179561,2026-05-07 18:46:01+00:00,1778179561000,8476,26.0456,40.74708,10.07768,107578,True,70.81288,3
20260507-162444,1778179573,2026-05-07 18:46:13+00:00,1778179573000,8488,26.07349,40.55539,10.07766,110853,True,69.16576,3
20260507-162444,1778179585,2026-05-07 18:46:25+00:00,1778179585000,8500,26.06842,40.5498,10.07753,112718,True,65.18732,3
20260507-162444,1778179597,2026-05-07 18:46:37+00:00,1778179597000,8512,26.07349,40.52048,10.07775,114647,True,61.6375,3
20260507-162444,1778179609,2026-05-07 18:46:49+00:00,1778179609000,8524,26.07856,40.48799,10.07785,114100,True,60.65722,3
20260507-162444,1778179621,2026-05-07 18:47:01+00:00,1778179621000,8536,26.07349,40.52163,10.0778,114178,True,59.87161,3
20260507-162444,1778179633,2026-05-07 18:47:13+00:00,1778179633000,8548,26.07349,40.4476,10.07759,114883,True,59.2037,3
20260507-162444,1778179645,2026-05-07 18:47:25+00:00,1778179645000,8560,26.07096,40.46658,10.07728,115437,True,58.50612,3
20260507-162444,1778179657,2026-05-07 18:47:37+00:00,1778179657000,8572,26.0811,40.39803,10.07757,115278,True,58.29564,3
20260507-162444,1778179669,2026-05-07 18:47:49+00:00,1778179669000,8584,26.0811,40.3617,10.0775,115041,True,58.54325,3
20260507-162444,1778179681,2026-05-07 18:48:01+00:00,1778179681000,8596,26.07603,40.42843,10.07749,114647,True,59.20448,3
20260507-162444,1778179693,2026-05-07 18:48:13+00:00,1778179693000,8608,26.07856,40.4523,10.07746,115199,True,58.02427,3
20260507-162444,1778179705,2026-05-07 18:48:25+00:00,1778179705000,8620,26.07856,40.5032,10.07741,115437,True,58.04322,3
20260507-162444,1778179717,2026-05-07 18:48:37+00:00,1778179717000,8632,26.08364,40.50705,10.07753,114647,True,58.74965,3
20260507-162444,1778179729,2026-05-07 18:48:49+00:00,1778179729000,8644,26.07603,40.46447,10.07738,115358,True,57.64777,3
20260507-162444,1778179741,2026-05-07 18:49:01+00:00,1778179741000,8656,26.07603,40.39892,10.07747,115517,True,57.64592,3
20260507-162444,1778179753,2026-05-07 18:49:13+00:00,1778179753000,8668,26.07096,40.41005,10.07718,115997,True,57.03405,3
20260507-162444,1778179765,2026-05-07 18:49:25+00:00,1778179765000,8680,26.0811,40.42139,10.07733,115676,True,56.67606,3
20260507-162444,1778179777,2026-05-07 18:49:37+00:00,1778179777000,8692,26.07349,40.5121,10.07734,115596,True,57.07579,3
20260507-162444,1778179789,2026-05-07 18:49:49+00:00,1778179789000,8704,26.07349,40.48621,10.07726,115596,True,57.7704,3
20260507-162444,1778179801,2026-05-07 18:50:01+00:00,1778179801000,8716,26.07349,40.46031,10.07729,115836,True,57.33748,3
20260507-162444,1778179813,2026-05-07 18:50:13+00:00,1778179813000,8728,26.07603,40.45096,10.07735,115916,True,57.06824,3
20260507-162444,1778179825,2026-05-07 18:50:25+00:00,1778179825000,8740,26.07603,40.43322,10.07716,116158,True,56.79191,3
20260507-162444,1778179837,2026-05-07 18:50:37+00:00,1778179837000,8752,26.0811,40.52163,10.07736,114883,True,57.64574,3
20260507-162444,1778179849,2026-05-07 18:50:49+00:00,1778179849000,8764,26.0811,40.50272,10.07733,116077,True,57.05835,3
20260507-162444,1778179861,2026-05-07 18:51:01+00:00,1778179861000,8776,26.0811,40.53832,10.07715,115916,True,56.61449,3
20260507-162444,1778179873,2026-05-07 18:51:13+00:00,1778179873000,8788,26.0811,40.52624,10.0774,115836,True,56.62888,3
20260507-162444,1778179885,2026-05-07 18:51:25+00:00,1778179885000,8800,26.07349,40.50483,10.0772,115997,True,56.7879,3
20260507-162444,1778179897,2026-05-07 18:51:37+00:00,1778179897000,8812,26.0811,40.47948,10.07736,115916,True,56.64802,3
20260507-162444,1778179909,2026-05-07 18:51:49+00:00,1778179909000,8824,26.07603,40.46252,10.07733,116319,True,56.32245,3
20260507-162444,1778179921,2026-05-07 18:52:01+00:00,1778179921000,8836,26.07856,40.47464,10.07728,115916,True,56.22962,3
20260507-162444,1778179933,2026-05-07 18:52:13+00:00,1778179933000,8848,26.07349,40.49489,10.07708,115756,True,56.71761,3
20260507-162444,1778179945,2026-05-07 18:52:25+00:00,1778179945000,8860,26.07856,40.48673,10.07727,115916,True,56.64092,3
20260507-162444,1778179957,2026-05-07 18:52:37+00:00,1778179957000,8872,26.0811,40.46434,10.0772,116077,True,56.31136,3
20260507-162444,1778179969,2026-05-07 18:52:49+00:00,1778179969000,8884,26.07096,40.44193,10.07706,115836,True,56.47576,3
20260507-162444,1778179982,2026-05-07 18:53:02+00:00,1778179982000,8897,26.12585,40.32607,10.07704,116319,True,56.26118,3
20260507-162444,1778179994,2026-05-07 18:53:14+00:00,1778179994000,8909,26.05067,40.63423,10.07719,105744,True,81.52106,3
20260507-162444,1778180006,2026-05-07 18:53:26+00:00,1778180006000,8921,26.06335,40.5228,10.07709,111147,True,73.24637,3
20260507-162444,1778180018,2026-05-07 18:53:38+00:00,1778180018000,8933,26.06335,40.48629,10.07715,113636,True,65.91398,3
20260507-162444,1778180030,2026-05-07 18:53:50+00:00,1778180030000,8945,26.06082,40.48354,10.07696,114256,True,62.7094,3
20260507-162444,1778180042,2026-05-07 18:54:02+00:00,1778180042000,8957,26.06589,40.41288,10.07692,114883,True,60.25604,3
20260507-162444,1778180057,2026-05-07 18:54:17+00:00,1778180057000,8971,26.12714,40.29446,10.07699,114100,True,60.45259,3
20260507-162444,1778180069,2026-05-07 18:54:29+00:00,1778180069000,8983,26.0456,40.70369,10.07712,103331,True,87.40519,3
20260507-162444,1778180081,2026-05-07 18:54:41+00:00,1778180081000,8995,26.06082,40.52983,10.07732,109120,True,77.60729,3
20260507-162444,1778180093,2026-05-07 18:54:53+00:00,1778180093000,9007,26.05828,40.49817,10.07706,112491,True,68.98342,3
20260507-162444,1778180105,2026-05-07 18:55:05+00:00,1778180105000,9019,26.06335,40.33343,10.07718,113252,True,64.17223,3
20260507-162444,1778180117,2026-05-07 18:55:17+00:00,1778180117000,9031,26.06335,40.40293,10.07706,114178,True,62.08915,3
20260507-162444,1778180129,2026-05-07 18:55:29+00:00,1778180129000,9043,26.06589,40.47506,10.07701,114569,True,60.3747,3
20260507-162444,1778180141,2026-05-07 18:55:41+00:00,1778180141000,9055,26.06842,40.51522,10.07709,114647,True,59.67078,3
20260507-162444,1778180153,2026-05-07 18:55:53+00:00,1778180153000,9067,26.06589,40.50283,10.07692,114962,True,58.96607,3
20260507-162444,1778180165,2026-05-07 18:56:05+00:00,1778180165000,9079,26.03546,40.74136,10.07692,108554,True,67.66627,3
20260507-162444,1778180177,2026-05-07 18:56:17+00:00,1778180177000,9091,26.05067,40.49648,10.07697,113713,True,65.69068,3
20260507-162444,1778180189,2026-05-07 18:56:29+00:00,1778180189000,9103,26.06589,40.41703,10.07703,114178,True,62.40345,3
20260507-162444,1778180201,2026-05-07 18:56:41+00:00,1778180201000,9115,26.06335,40.42851,10.07686,114962,True,59.53297,3
20260507-162444,1778180213,2026-05-07 18:56:53+00:00,1778180213000,9127,26.06842,40.47529,10.07702,115199,True,59.18296,3
20260507-162444,1778180225,2026-05-07 18:57:05+00:00,1778180225000,9139,26.06842,40.45591,10.07705,115596,True,57.93023,3
20260507-162444,1778180237,2026-05-07 18:57:17+00:00,1778180237000,9151,26.06335,40.40813,10.07686,115517,True,57.81174,3
20260507-162444,1778180249,2026-05-07 18:57:29+00:00,1778180249000,9163,26.06589,40.36175,10.07689,115756,True,57.04458,3
20260507-162444,1778180261,2026-05-07 18:57:41+00:00,1778180261000,9175,26.06842,40.34034,10.07693,115756,True,57.10172,3
20260507-162444,1778180273,2026-05-07 18:57:53+00:00,1778180273000,9187,26.06589,40.28798,10.07669,116643,True,56.22546,3
20260507-162444,1778180285,2026-05-07 18:58:05+00:00,1778180285000,9199,26.07096,40.2172,10.0769,115278,True,57.08226,3
20260507-162444,1778180297,2026-05-07 18:58:17+00:00,1778180297000,9211,26.07096,40.28891,10.07699,115997,True,56.72361,3
20260507-162444,1778180309,2026-05-07 18:58:29+00:00,1778180309000,9223,26.06589,40.36636,10.07676,115916,True,56.8028,3
20260507-162444,1778180321,2026-05-07 18:58:41+00:00,1778180321000,9235,26.06082,40.3978,10.07668,115358,True,57.44795,3
20260507-162444,1778180333,2026-05-07 18:58:53+00:00,1778180333000,9247,26.07096,40.37514,10.07678,116319,True,56.74882,3
20260507-162444,1778180345,2026-05-07 18:59:05+00:00,1778180345000,9259,26.07603,40.36501,10.07703,116481,True,56.22809,3
20260507-162444,1778180357,2026-05-07 18:59:17+00:00,1778180357000,9271,26.07349,40.32267,10.07694,115916,True,56.78692,3
20260507-162444,1778180369,2026-05-07 18:59:29+00:00,1778180369000,9283,26.07096,40.17041,10.07692,116887,True,55.8181,3
20260507-162444,1778180381,2026-05-07 18:59:41+00:00,1778180381000,9295,26.07349,40.31308,10.0771,116562,True,55.93666,3
20260507-162444,1778180393,2026-05-07 18:59:53+00:00,1778180393000,9307,26.06842,40.36894,10.07672,115916,True,56.27165,3
20260507-162444,1778180404,2026-05-07 19:00:04+00:00,1778180404000,9318,25.98221,40.75287,10.07685,105081,True,64.79947,3
20260507-162444,1778180416,2026-05-07 19:00:16+00:00,1778180416000,9330,26.06589,40.36547,10.07701,112190,True,68.56239,3
20260507-162444,1778180428,2026-05-07 19:00:28+00:00,1778180428000,9343,26.03546,40.5101,10.07689,107371,True,74.06787,3
20260507-162444,1778180440,2026-05-07 19:00:40+00:00,1778180440000,9355,26.06589,40.32,10.0772,113405,True,69.12362,3
20260507-162444,1778180452,2026-05-07 19:00:52+00:00,1778180452000,9367,26.06335,40.31762,10.07708,114647,True,63.21828,3
20260507-162444,1778180464,2026-05-07 19:01:04+00:00,1778180464000,9379,26.06842,40.30136,10.07707,114962,True,60.50517,3
20260507-162444,1778180476,2026-05-07 19:01:16+00:00,1778180476000,9391,26.06589,40.34248,10.07694,115596,True,59.07047,3
20260507-162444,1778180488,2026-05-07 19:01:28+00:00,1778180488000,9403,26.06842,40.34022,10.07693,116319,True,57.70847,3
20260507-162444,1778180500,2026-05-07 19:01:40+00:00,1778180500000,9415,26.06082,40.28455,10.07672,115997,True,57.752,3
20260507-162444,1778180512,2026-05-07 19:01:52+00:00,1778180512000,9427,26.06082,40.32265,10.07707,115836,True,57.20539,3
20260507-162444,1778180525,2026-05-07 19:02:05+00:00,1778180525000,9439,25.96446,40.95585,10.07671,101947,True,67.96095,3
20260507-162444,1778180537,2026-05-07 19:02:17+00:00,1778180537000,9451,26.05321,40.40336,10.07707,110634,True,72.96085,3
20260507-162444,1778180549,2026-05-07 19:02:29+00:00,1778180549000,9463,26.05828,40.37333,10.07697,113790,True,66.44645,3
20260507-162444,1778180561,2026-05-07 19:02:41+00:00,1778180561000,9475,26.05574,40.3737,10.07679,113868,True,62.7368,3
20260507-162444,1778180573,2026-05-07 19:02:53+00:00,1778180573000,9487,26.06082,40.41839,10.07693,114883,True,60.65633,3
20260507-162444,1778180585,2026-05-07 19:03:05+00:00,1778180585000,9499,26.05067,40.34809,10.07652,115676,True,59.01579,3
20260507-162444,1778180597,2026-05-07 19:03:17+00:00,1778180597000,9511,26.06082,40.28572,10.07674,115997,True,58.32517,3
20260507-162444,1778180609,2026-05-07 19:03:29+00:00,1778180609000,9523,26.05321,40.31936,10.07682,116562,True,57.00669,3
20260507-162444,1778180621,2026-05-07 19:03:41+00:00,1778180621000,9535,26.05828,40.33009,10.07666,116158,True,57.47223,3
20260507-162444,1778180633,2026-05-07 19:03:53+00:00,1778180633000,9547,26.06335,40.30786,10.07686,115517,True,58.28532,3
20260507-162444,1778180645,2026-05-07 19:04:05+00:00,1778180645000,9559,26.06335,40.37844,10.07697,115437,True,57.83303,3
20260507-162444,1778180657,2026-05-07 19:04:17+00:00,1778180657000,9571,26.05828,40.38032,10.07662,115836,True,57.05791,3
20260507-162444,1778180669,2026-05-07 19:04:29+00:00,1778180669000,9583,26.04814,40.39483,10.07657,115596,True,57.17585,3
20260507-162444,1778180681,2026-05-07 19:04:41+00:00,1778180681000,9595,26.05321,40.35783,10.07668,116724,True,56.73621,3
20260507-162444,1778180693,2026-05-07 19:04:53+00:00,1778180693000,9607,26.05321,40.38673,10.07677,117296,True,55.6466,3
20260507-162444,1778180705,2026-05-07 19:05:05+00:00,1778180705000,9619,26.06082,40.39872,10.07679,116400,True,56.51005,3
20260507-162444,1778180717,2026-05-07 19:05:17+00:00,1778180717000,9631,26.04814,40.34911,10.07651,115756,True,56.14932,3
20260507-162444,1778180729,2026-05-07 19:05:29+00:00,1778180729000,9643,26.04814,40.25945,10.07641,117379,True,55.6623,3
20260507-162444,1778180741,2026-05-07 19:05:41+00:00,1778180741000,9655,26.05321,40.21712,10.07651,117051,True,55.22539,3
20260507-162444,1778180753,2026-05-07 19:05:53+00:00,1778180753000,9667,26.05828,40.27961,10.07655,116724,True,56.14573,3
20260507-162444,1778180765,2026-05-07 19:06:05+00:00,1778180765000,9679,26.05067,40.35922,10.0764,117214,True,55.23959,3
20260507-162444,1778180777,2026-05-07 19:06:17+00:00,1778180777000,9691,26.05828,40.3096,10.07647,116643,True,56.04428,3
20260507-162444,1778180789,2026-05-07 19:06:29+00:00,1778180789000,9703,26.05574,40.34243,10.07641,115756,True,56.67207,3
20260507-162444,1778180802,2026-05-07 19:06:42+00:00,1778180802000,9717,26.11341,40.20084,10.07634,117296,True,55.95456,3
20260507-162444,1778180814,2026-05-07 19:06:54+00:00,1778180814000,9729,26.03039,40.51403,10.07635,105811,True,81.92377,3
20260507-162444,1778180826,2026-05-07 19:07:06+00:00,1778180826000,9741,26.04307,40.39021,10.07641,111221,True,73.28008,3
20260507-162444,1778180838,2026-05-07 19:07:18+00:00,1778180838000,9753,26.0456,40.42885,10.0763,113713,True,66.086,3
20260507-162444,1778180850,2026-05-07 19:07:30+00:00,1778180850000,9765,26.04814,40.27765,10.07628,115120,True,61.50537,3
20260507-162444,1778180862,2026-05-07 19:07:42+00:00,1778180862000,9777,26.05828,40.37712,10.07647,115517,True,60.05149,3
20260507-162444,1778180874,2026-05-07 19:07:54+00:00,1778180874000,9789,26.05321,40.43879,10.07633,115756,True,58.83229,3
20260507-162444,1778180886,2026-05-07 19:08:06+00:00,1778180886000,9801,26.05828,40.39055,10.07643,115676,True,58.74089,3
20260507-162444,1778180898,2026-05-07 19:08:18+00:00,1778180898000,9813,26.05828,40.34874,10.07641,115916,True,57.73759,3
20260507-162444,1778180910,2026-05-07 19:08:30+00:00,1778180910000,9825,26.05828,40.36243,10.07648,116077,True,57.11568,3
20260507-162444,1778180922,2026-05-07 19:08:42+00:00,1778180922000,9837,26.05828,40.3524,10.0764,116077,True,57.04651,3
20260507-162444,1778180934,2026-05-07 19:08:54+00:00,1778180934000,9849,26.05574,40.3651,10.07621,116481,True,56.60915,3
20260507-162444,1778180946,2026-05-07 19:09:06+00:00,1778180946000,9861,26.05828,40.28317,10.07634,116158,True,56.34319,3
20260507-162444,1778180958,2026-05-07 19:09:18+00:00,1778180958000,9873,26.05828,40.3016,10.07661,116319,True,56.32483,3
20260507-162444,1778180970,2026-05-07 19:09:30+00:00,1778180970000,9885,26.05574,40.30667,10.07634,115916,True,56.6745,3
20260507-162444,1778180982,2026-05-07 19:09:42+00:00,1778180982000,9897,26.05574,40.2396,10.07644,116400,True,56.2887,3
20260507-162444,1778180994,2026-05-07 19:09:54+00:00,1778180994000,9909,26.04814,40.24554,10.07627,115916,True,56.21253,3
20260507-162444,1778181006,2026-05-07 19:10:06+00:00,1778181006000,9921,26.05067,40.32282,10.07643,116806,True,55.77083,3
20260507-162444,1778181018,2026-05-07 19:10:18+00:00,1778181018000,9933,26.04814,40.36671,10.07632,116319,True,56.28575,3
20260507-162444,1778181030,2026-05-07 19:10:30+00:00,1778181030000,9945,26.05828,40.29426,10.0765,116969,True,55.82318,3
20260507-162444,1778181042,2026-05-07 19:10:42+00:00,1778181042000,9957,26.05574,40.24344,10.07627,116969,True,55.6342,3
20260507-162444,1778181054,2026-05-07 19:10:54+00:00,1778181054000,9969,26.06335,40.21561,10.07655,115997,True,56.32462,3
20260507-162444,1778181066,2026-05-07 19:11:06+00:00,1778181066000,9981,26.05828,40.22636,10.07631,117379,True,55.62275,3
20260507-162444,1778181078,2026-05-07 19:11:18+00:00,1778181078000,9993,26.06082,40.30775,10.07647,116724,True,55.86388,3
20260507-162444,1778181090,2026-05-07 19:11:30+00:00,1778181090000,10005,26.06335,40.33558,10.07639,116643,True,55.57688,3
20260507-162444,1778181102,2026-05-07 19:11:42+00:00,1778181102000,10017,26.05828,40.35977,10.07622,116319,True,56.51727,3
20260507-162444,1778181114,2026-05-07 19:11:54+00:00,1778181114000,10029,26.06082,40.31239,10.07619,117051,True,55.89696,3
20260507-162444,1778181126,2026-05-07 19:12:06+00:00,1778181126000,10041,26.05321,40.26701,10.07633,117051,True,55.73363,3
20260507-162444,1778181138,2026-05-07 19:12:18+00:00,1778181138000,10053,26.05828,40.27302,10.07638,116724,True,56.01591,3
20260507-162444,1778181150,2026-05-07 19:12:30+00:00,1778181150000,10065,26.05828,40.26923,10.07647,116887,True,55.54284,3
20260507-162444,1778181162,2026-05-07 19:12:42+00:00,1778181162000,10077,26.05828,40.28693,10.07634,117214,True,55.15458,3
20260507-162444,1778181174,2026-05-07 19:12:54+00:00,1778181174000,10089,26.05574,40.30133,10.07639,116724,True,55.3368,3
20260507-162444,1778181186,2026-05-07 19:13:06+00:00,1778181186000,10101,26.05321,40.23151,10.07619,116806,True,55.31795,3
20260507-162444,1778181198,2026-05-07 19:13:18+00:00,1778181198000,10113,26.05828,40.25213,10.07617,116724,True,55.45123,3
20260507-162444,1778181210,2026-05-07 19:13:30+00:00,1778181210000,10125,26.05067,40.38325,10.07626,116481,True,55.70191,3
20260507-162444,1778181222,2026-05-07 19:13:42+00:00,1778181222000,10137,26.04814,40.31419,10.07627,117626,True,54.64677,3
20260507-162444,1778181235,2026-05-07 19:13:55+00:00,1778181235000,10150,26.10557,40.17165,10.07636,117543,True,54.42313,3
20260507-162444,1778181265,2026-05-07 19:14:25+00:00,1778181265000,10180,25.99734,40.9078,10.07612,97553,True,69.90623,3
20260507-162444,1778181277,2026-05-07 19:14:37+00:00,1778181277000,10192,25.95939,40.90126,10.07601,82489,True,132.80739,3
20260507-162444,1778181289,2026-05-07 19:14:49+00:00,1778181289000,10204,25.99489,40.44204,10.07606,98067,True,116.25072,3
20260507-162444,1778181301,2026-05-07 19:15:01+00:00,1778181301000,10216,26.01517,40.31733,10.07628,105945,True,93.59972,3
20260507-162444,1778181313,2026-05-07 19:15:13+00:00,1778181313000,10228,26.02024,40.36621,10.07629,108766,True,80.41859,3
20260507-162444,1778181325,2026-05-07 19:15:25+00:00,1778181325000,10240,26.02278,40.38628,10.07602,110561,True,72.72503,3
20260507-162444,1778181337,2026-05-07 19:15:37+00:00,1778181337000,10252,26.02785,40.38478,10.07634,113099,True,67.63947,3
20260507-162444,1778181349,2026-05-07 19:15:49+00:00,1778181349000,10264,26.03799,40.33419,10.0763,113482,True,64.4575,3
20260507-162444,1778181361,2026-05-07 19:16:01+00:00,1778181361000,10276,26.03546,40.29574,10.07627,113790,True,62.27908,3
20260507-162444,1778181373,2026-05-07 19:16:13+00:00,1778181373000,10288,26.03292,40.36277,10.07613,114490,True,61.41595,3
20260507-162444,1778181385,2026-05-07 19:16:25+00:00,1778181385000,10300,26.03799,40.32077,10.07607,114647,True,60.42223,3
20260507-162444,1778181397,2026-05-07 19:16:37+00:00,1778181397000,10312,26.03546,40.31946,10.07599,114726,True,59.53481,3
20260507-162444,1778181409,2026-05-07 19:16:49+00:00,1778181409000,10324,26.04307,40.2467,10.0762,115437,True,59.18242,3
20260507-162444,1778181421,2026-05-07 19:17:01+00:00,1778181421000,10336,26.0456,40.19034,10.07598,115916,True,57.94598,3
20260507-162444,1778181433,2026-05-07 19:17:13+00:00,1778181433000,10348,26.0456,40.26471,10.07596,115997,True,57.92597,3
20260507-162444,1778181445,2026-05-07 19:17:25+00:00,1778181445000,10360,26.04307,40.34245,10.07605,115916,True,58.2437,3
20260507-162444,1778181457,2026-05-07 19:17:37+00:00,1778181457000,10372,26.03546,40.33938,10.07601,116562,True,57.6813,3
20260507-162444,1778181469,2026-05-07 19:17:49+00:00,1778181469000,10384,26.03546,40.41171,10.0759,116238,True,57.87783,3
20260507-162444,1778181481,2026-05-07 19:18:01+00:00,1778181481000,10396,26.03799,40.3869,10.07598,116158,True,57.63404,3
20260507-162444,1778181493,2026-05-07 19:18:13+00:00,1778181493000,10408,26.04053,40.37136,10.07604,115437,True,57.72066,3
20260507-162444,1778181505,2026-05-07 19:18:25+00:00,1778181505000,10420,26.0456,40.2938,10.0761,116158,True,57.65977,3
20260507-162444,1778181517,2026-05-07 19:18:37+00:00,1778181517000,10432,26.03546,40.28751,10.07578,117379,True,55.85028,3
20260507-162444,1778181529,2026-05-07 19:18:49+00:00,1778181529000,10444,26.03799,40.30647,10.07596,116158,True,56.21692,3
20260507-162444,1778181541,2026-05-07 19:19:01+00:00,1778181541000,10456,26.04307,40.29596,10.07576,116969,True,56.26999,3
20260507-162444,1778181553,2026-05-07 19:19:13+00:00,1778181553000,10468,26.04307,40.32127,10.07605,116724,True,56.21691,3
20260507-162444,1778181565,2026-05-07 19:19:25+00:00,1778181565000,10480,26.04307,40.25791,10.07605,117379,True,55.32809,3
20260507-162444,1778181577,2026-05-07 19:19:37+00:00,1778181577000,10492,26.03799,40.33014,10.07603,116400,True,56.10146,3
20260507-162444,1778181589,2026-05-07 19:19:49+00:00,1778181589000,10504,26.0456,40.33282,10.07624,117543,True,55.70554,3
20260507-162444,1778181601,2026-05-07 19:20:01+00:00,1778181601000,10516,26.0456,40.2902,10.07619,116724,True,55.52195,3
20260507-162444,1778181613,2026-05-07 19:20:13+00:00,1778181613000,10528,26.0456,40.29072,10.076,116724,True,55.55109,3
20260507-162444,1778181625,2026-05-07 19:20:25+00:00,1778181625000,10540,26.03546,40.31132,10.0759,116643,True,55.87125,3
20260507-162444,1778181637,2026-05-07 19:20:37+00:00,1778181637000,10552,26.04307,40.1222,10.07605,117379,True,54.78938,3
20260507-162444,1778181649,2026-05-07 19:20:49+00:00,1778181649000,10564,26.04307,40.08567,10.07605,117379,True,54.65691,3
20260507-162444,1778181661,2026-05-07 19:21:01+00:00,1778181661000,10576,26.0456,40.25993,10.07603,117051,True,54.77313,3
20260507-162444,1778181673,2026-05-07 19:21:13+00:00,1778181673000,10588,26.04307,40.30177,10.07613,116077,True,56.58718,3
20260507-162444,1778181685,2026-05-07 19:21:25+00:00,1778181685000,10600,26.03546,40.33099,10.0759,117051,True,55.83633,3
20260507-162444,1778181698,2026-05-07 19:21:38+00:00,1778181698000,10613,26.10014,40.22087,10.07609,117051,True,55.65135,3
20260507-162444,1778181710,2026-05-07 19:21:50+00:00,1778181710000,10625,26.01517,40.57805,10.07612,106823,True,80.53827,3
20260507-162444,1778181722,2026-05-07 19:22:02+00:00,1778181722000,10637,26.02785,40.37337,10.07597,112340,True,71.89284,3
20260507-162444,1778181734,2026-05-07 19:22:14+00:00,1778181734000,10649,26.03292,40.27954,10.07592,114100,True,64.82127,3
20260507-162444,1778181746,2026-05-07 19:22:26+00:00,1778181746000,10661,26.02532,40.3557,10.07585,115437,True,60.97189,3
20260507-162444,1778181758,2026-05-07 19:22:38+00:00,1778181758000,10673,26.03039,40.33125,10.07591,115437,True,59.44268,3
20260507-162444,1778181770,2026-05-07 19:22:50+00:00,1778181770000,10685,26.03546,40.30706,10.07605,115997,True,58.06792,3
20260507-162444,1778181782,2026-05-07 19:23:02+00:00,1778181782000,10697,26.02785,40.28422,10.07587,116319,True,57.5799,3
20260507-162444,1778181794,2026-05-07 19:23:14+00:00,1778181794000,10709,26.02785,40.29624,10.07592,116562,True,56.90608,3
20260507-162444,1778181806,2026-05-07 19:23:26+00:00,1778181806000,10721,26.02532,40.25973,10.07567,115756,True,56.97646,3
20260507-162444,1778181818,2026-05-07 19:23:38+00:00,1778181818000,10733,26.03292,40.20583,10.07595,117132,True,55.55068,3
20260507-162444,1778181830,2026-05-07 19:23:50+00:00,1778181830000,10745,26.03292,40.20531,10.07609,116969,True,55.75491,3
20260507-162444,1778181842,2026-05-07 19:24:02+00:00,1778181842000,10757,26.02785,40.25782,10.07582,117296,True,56.00766,3
20260507-162444,1778181854,2026-05-07 19:24:14+00:00,1778181854000,10769,26.04053,40.19249,10.07602,117214,True,55.30291,3
20260507-162444,1778181866,2026-05-07 19:24:26+00:00,1778181866000,10781,26.03799,40.17127,10.07605,116724,True,55.76786,3
20260507-162444,1778181878,2026-05-07 19:24:38+00:00,1778181878000,10793,26.03292,40.24043,10.07593,116562,True,55.9845,3
20260507-162444,1778181890,2026-05-07 19:24:50+00:00,1778181890000,10805,26.02785,40.28589,10.0757,117461,True,55.07228,3
20260507-162444,1778181902,2026-05-07 19:25:02+00:00,1778181902000,10817,26.03039,40.35868,10.07593,116806,True,55.28799,3
20260507-162444,1778181914,2026-05-07 19:25:14+00:00,1778181914000,10829,26.02785,40.34638,10.07582,116319,True,55.91492,3
20260507-162444,1778181924,2026-05-07 19:25:24+00:00,1778181924000,10839,25.94925,40.71589,10.07562,105611,True,64.18281,3
20260507-162444,1778181936,2026-05-07 19:25:36+00:00,1778181936000,10851,26.02532,40.37627,10.07585,112416,True,67.88682,3
20260507-162444,1778181948,2026-05-07 19:25:48+00:00,1778181948000,10863,26.02785,40.3508,10.07592,114962,True,62.46303,3
20260507-162444,1778181960,2026-05-07 19:26:00+00:00,1778181960000,10875,26.02532,40.05561,10.07581,116158,True,58.84341,3
20260507-162444,1778181972,2026-05-07 19:26:12+00:00,1778181972000,10887,26.02785,40.02494,10.07575,116887,True,57.24094,3
20260507-162444,1778181984,2026-05-07 19:26:24+00:00,1778181984000,10899,26.03292,40.1076,10.07597,117296,True,55.99557,3
20260507-162444,1778181996,2026-05-07 19:26:36+00:00,1778181996000,10911,26.03039,40.12134,10.07568,117132,True,55.57382,3
20260507-162444,1778182008,2026-05-07 19:26:48+00:00,1778182008000,10923,26.03292,40.10146,10.07581,116887,True,55.24127,3
20260507-162444,1778182020,2026-05-07 19:27:00+00:00,1778182020000,10935,26.03546,40.22565,10.07587,116562,True,55.7766,3
20260507-162444,1778182032,2026-05-07 19:27:12+00:00,1778182032000,10947,26.03546,40.28044,10.07583,117379,True,55.81221,3
20260507-162444,1778182044,2026-05-07 19:27:24+00:00,1778182044000,10959,26.03039,40.13961,10.07577,117626,True,55.42138,3
20260507-162444,1778182056,2026-05-07 19:27:36+00:00,1778182056000,10971,26.03292,40.18374,10.07593,118124,True,54.6015,3
20260507-162444,1778182068,2026-05-07 19:27:48+00:00,1778182068000,10983,26.03292,40.22835,10.07583,117214,True,55.27924,3
20260507-162444,1778182080,2026-05-07 19:28:00+00:00,1778182080000,10995,26.02532,40.24062,10.07567,117626,True,55.18129,3
20260507-162444,1778182092,2026-05-07 19:28:12+00:00,1778182092000,11007,26.03039,40.23434,10.07563,115997,True,56.23681,3
20260507-162444,1778182104,2026-05-07 19:28:24+00:00,1778182104000,11019,26.02785,40.17157,10.07557,117461,True,55.48861,3
20260507-162444,1778182116,2026-05-07 19:28:36+00:00,1778182116000,11031,26.03292,40.1726,10.07572,117132,True,55.22495,3
20260507-162444,1778182128,2026-05-07 19:28:48+00:00,1778182128000,11043,26.03799,40.16027,10.07579,117296,True,55.29836,3
20260507-162444,1778182140,2026-05-07 19:29:00+00:00,1778182140000,11055,26.03799,40.13927,10.07587,117051,True,55.24147,3
20260507-162444,1778182152,2026-05-07 19:29:12+00:00,1778182152000,11067,26.03039,40.1124,10.07563,117626,True,54.61671,3
20260507-162444,1778182164,2026-05-07 19:29:24+00:00,1778182164000,11079,26.03292,40.17061,10.07583,117296,True,54.89939,3
20260507-162444,1778182176,2026-05-07 19:29:36+00:00,1778182176000,11091,26.03546,40.1214,10.07576,116724,True,55.21489,3
20260507-162444,1778182188,2026-05-07 19:29:48+00:00,1778182188000,11103,26.02785,40.21382,10.07578,117296,True,55.23697,3
20260507-162444,1778182200,2026-05-07 19:30:00+00:00,1778182200000,11115,26.02532,40.30978,10.0756,117296,True,55.11664,3
20260507-162444,1778182212,2026-05-07 19:30:12+00:00,1778182212000,11127,26.03039,40.32556,10.07567,117626,True,54.84782,3
20260507-162444,1778182224,2026-05-07 19:30:24+00:00,1778182224000,11139,26.02785,40.29137,10.07555,118124,True,54.15334,3
20260507-162444,1778182236,2026-05-07 19:30:36+00:00,1778182236000,11151,26.02532,40.21993,10.07557,117791,True,54.19872,3
20260507-162444,1778182248,2026-05-07 19:30:48+00:00,1778182248000,11163,26.02532,40.08386,10.07551,118040,True,54.22816,3
20260507-162444,1778182260,2026-05-07 19:31:00+00:00,1778182260000,11175,26.02278,40.13238,10.07553,116562,True,54.84665,3
20260507-162444,1778182272,2026-05-07 19:31:12+00:00,1778182272000,11187,26.02785,40.16022,10.07561,118040,True,54.13192,3
20260507-162444,1778182285,2026-05-07 19:31:25+00:00,1778182285000,11200,26.08275,40.03557,10.07557,117874,True,54.05357,3
20260507-162444,1778182297,2026-05-07 19:31:37+00:00,1778182297000,11212,26.0025,40.41356,10.07562,106687,True,80.48527,3
20260507-162444,1778182309,2026-05-07 19:31:49+00:00,1778182309000,11224,26.01517,40.27268,10.07547,112340,True,72.21375,3
20260507-162444,1778182321,2026-05-07 19:32:01+00:00,1778182321000,11236,26.02278,40.21382,10.07563,113713,True,65.39217,3
20260507-162444,1778182333,2026-05-07 19:32:13+00:00,1778182333000,11248,26.02532,40.22739,10.07569,115358,True,61.49073,3
20260507-162444,1778182345,2026-05-07 19:32:25+00:00,1778182345000,11260,26.01771,40.05474,10.07558,116238,True,58.97945,3
20260507-162444,1778182357,2026-05-07 19:32:37+00:00,1778182357000,11272,26.02024,39.99435,10.07559,116806,True,57.21843,3
20260507-162444,1778182369,2026-05-07 19:32:49+00:00,1778182369000,11284,26.02532,40.10455,10.0756,117132,True,56.08582,3
20260507-162444,1778182381,2026-05-07 19:33:01+00:00,1778182381000,11296,26.02278,40.16428,10.0757,116158,True,57.75457,3
20260507-162444,1778182393,2026-05-07 19:33:13+00:00,1778182393000,11308,26.02532,40.29169,10.07564,116158,True,57.12303,3
20260507-162444,1778182405,2026-05-07 19:33:25+00:00,1778182405000,11320,26.02024,40.3612,10.07552,117214,True,56.98309,3
20260507-162444,1778182417,2026-05-07 19:33:37+00:00,1778182417000,11332,26.02278,40.3184,10.07567,117214,True,55.25253,3
20260507-162444,1778182429,2026-05-07 19:33:49+00:00,1778182429000,11344,26.02024,40.31607,10.07545,116077,True,56.14225,3
20260507-162444,1778182441,2026-05-07 19:34:01+00:00,1778182441000,11356,26.01771,40.36489,10.07541,116643,True,56.28383,3
20260507-162444,1778182453,2026-05-07 19:34:13+00:00,1778182453000,11368,26.02785,40.32366,10.07562,116887,True,56.07803,3
20260507-162444,1778182465,2026-05-07 19:34:25+00:00,1778182465000,11380,26.02278,40.30547,10.07556,117132,True,55.3288,3
20260507-162444,1778182477,2026-05-07 19:34:37+00:00,1778182477000,11392,26.02278,40.3439,10.07546,117379,True,55.08181,3
20260507-162444,1778182489,2026-05-07 19:34:49+00:00,1778182489000,11404,26.02532,40.35283,10.07553,116806,True,55.20795,3
20260507-162444,1778182501,2026-05-07 19:35:01+00:00,1778182501000,11416,26.02024,40.34064,10.07531,116158,True,56.38305,3
20260507-162444,1778182513,2026-05-07 19:35:13+00:00,1778182513000,11428,26.02278,40.22793,10.07549,116400,True,55.81406,3
20260507-162444,1778182525,2026-05-07 19:35:25+00:00,1778182525000,11440,26.01771,40.18046,10.07537,116887,True,55.61374,3
20260507-162444,1778182537,2026-05-07 19:35:37+00:00,1778182537000,11452,26.02278,40.22979,10.07533,117874,True,54.47831,3
20260507-162444,1778182549,2026-05-07 19:35:49+00:00,1778182549000,11464,26.03039,40.25114,10.07554,116481,True,55.19332,3
20260507-162444,1778182561,2026-05-07 19:36:01+00:00,1778182561000,11476,26.02785,40.25981,10.07555,117543,True,54.86611,3
20260507-162444,1778182573,2026-05-07 19:36:13+00:00,1778182573000,11488,26.02024,40.29324,10.07541,117296,True,55.26665,3
20260507-162444,1778182585,2026-05-07 19:36:25+00:00,1778182585000,11500,26.01771,40.25884,10.07541,117214,True,55.41167,3
20260507-162444,1778182597,2026-05-07 19:36:37+00:00,1778182597000,11512,26.01771,40.23637,10.07546,117214,True,54.84407,3
20260507-162444,1778182609,2026-05-07 19:36:49+00:00,1778182609000,11524,26.0101,40.24823,10.07534,118374,True,54.09487,3
20260507-162444,1778182621,2026-05-07 19:37:01+00:00,1778182621000,11536,26.02024,40.36178,10.07545,116724,True,55.51094,3
20260507-162444,1778182633,2026-05-07 19:37:13+00:00,1778182633000,11548,26.02278,40.32403,10.07558,117051,True,55.2013,3
20260507-162444,1778182645,2026-05-07 19:37:25+00:00,1778182645000,11560,26.02024,40.23484,10.07533,117132,True,55.02235,3
20260507-162444,1778182657,2026-05-07 19:37:37+00:00,1778182657000,11572,26.01771,40.21288,10.07537,117461,True,55.14088,3
20260507-162444,1778182669,2026-05-07 19:37:49+00:00,1778182669000,11584,26.01771,40.21801,10.07537,117214,True,54.45552,3
20260507-162444,1778182681,2026-05-07 19:38:01+00:00,1778182681000,11596,25.92896,40.84294,10.07505,103779,True,64.94099,3
20260507-162444,1778182693,2026-05-07 19:38:13+00:00,1778182693000,11608,25.99489,40.38365,10.07506,111965,True,70.31087,3
20260507-162444,1778182705,2026-05-07 19:38:25+00:00,1778182705000,11620,26.01264,40.25628,10.07517,115437,True,63.36849,3
20260507-162444,1778182717,2026-05-07 19:38:37+00:00,1778182717000,11632,26.01264,40.23226,10.07524,114883,True,60.81232,3
20260507-162444,1778182729,2026-05-07 19:38:49+00:00,1778182729000,11644,26.01771,40.27174,10.07515,116887,True,57.56712,3
20260507-162444,1778182741,2026-05-07 19:39:01+00:00,1778182741000,11656,26.01264,40.27919,10.07517,116887,True,56.41354,3
20260507-162444,1778182753,2026-05-07 19:39:13+00:00,1778182753000,11668,26.01517,40.30474,10.07503,116806,True,56.54657,3
20260507-162444,1778182765,2026-05-07 19:39:25+00:00,1778182765000,11680,26.01517,40.35134,10.07512,115997,True,57.04075,3
20260507-162444,1778182777,2026-05-07 19:39:37+00:00,1778182777000,11692,26.01771,40.35771,10.07502,116806,True,56.42106,3
20260507-162444,1778182789,2026-05-07 19:39:49+00:00,1778182789000,11704,26.01771,40.3685,10.07522,116481,True,56.52179,3
20260507-162444,1778182801,2026-05-07 19:40:01+00:00,1778182801000,11716,26.01517,40.31549,10.075,117132,True,55.72641,3
20260507-162444,1778182813,2026-05-07 19:40:13+00:00,1778182813000,11728,26.00757,40.3235,10.07493,117051,True,55.16471,3
20260507-162444,1778182825,2026-05-07 19:40:25+00:00,1778182825000,11740,26.0101,40.26748,10.07506,117461,True,54.55564,3
20260507-162444,1778182837,2026-05-07 19:40:37+00:00,1778182837000,11752,26.00503,40.29927,10.07499,117379,True,55.42804,3
20260507-162444,1778182849,2026-05-07 19:40:49+00:00,1778182849000,11764,26.0101,40.28299,10.07495,117874,True,54.97201,3
20260507-162444,1778182861,2026-05-07 19:41:01+00:00,1778182861000,11776,26.01517,40.3419,10.0751,117051,True,55.8653,3
20260507-162444,1778182873,2026-05-07 19:41:13+00:00,1778182873000,11788,26.01264,40.37083,10.07494,116969,True,55.10064,3
20260507-162444,1778182885,2026-05-07 19:41:25+00:00,1778182885000,11800,26.01264,40.40074,10.07503,117626,True,54.88332,3
20260507-162444,1778182897,2026-05-07 19:41:37+00:00,1778182897000,11812,26.01517,40.31979,10.07498,117051,True,54.6729,3
20260507-162444,1778182909,2026-05-07 19:41:49+00:00,1778182909000,11824,26.01517,40.25624,10.07517,117379,True,54.67207,3
20260507-162444,1778182921,2026-05-07 19:42:01+00:00,1778182921000,11836,26.01771,40.217,10.07488,117051,True,54.81606,3
20260507-162444,1778182933,2026-05-07 19:42:13+00:00,1778182933000,11848,26.00503,40.24765,10.07483,117214,True,54.90525,3
20260507-162444,1778182945,2026-05-07 19:42:25+00:00,1778182945000,11860,26.00503,40.22612,10.07478,117296,True,54.57196,3
20260507-162444,1778182957,2026-05-07 19:42:37+00:00,1778182957000,11872,26.01264,40.21881,10.07468,117379,True,54.6384,3
20260507-162444,1778182969,2026-05-07 19:42:49+00:00,1778182969000,11884,26.01264,40.21711,10.07482,117051,True,55.082,3
20260507-162444,1778182981,2026-05-07 19:43:01+00:00,1778182981000,11896,26.01264,40.22343,10.07487,116806,True,54.94173,3
20260507-162444,1778182993,2026-05-07 19:43:13+00:00,1778182993000,11908,26.01517,40.23754,10.07484,117379,True,54.66102,3
20260507-162444,1778183005,2026-05-07 19:43:25+00:00,1778183005000,11920,26.0025,40.22982,10.07474,117379,True,54.62075,3
20260507-162444,1778183017,2026-05-07 19:43:37+00:00,1778183017000,11932,26.01517,40.20515,10.07473,116806,True,54.98664,3
20260507-162444,1778183028,2026-05-07 19:43:48+00:00,1778183028000,11943,25.92643,40.75247,10.07474,105213,True,64.39008,3
20260507-162444,1778183040,2026-05-07 19:44:00+00:00,1778183040000,11955,25.99742,40.37808,10.07473,112642,True,68.94194,3
20260507-162444,1778183053,2026-05-07 19:44:13+00:00,1778183053000,11968,25.97714,40.53672,10.07483,108766,True,73.81836,3
20260507-162444,1778183065,2026-05-07 19:44:25+00:00,1778183065000,11980,25.99742,40.31192,10.07468,113713,True,68.54842,3
20260507-162444,1778183077,2026-05-07 19:44:37+00:00,1778183077000,11992,26.01517,40.26788,10.07491,115358,True,62.34093,3
20260507-162444,1778183089,2026-05-07 19:44:49+00:00,1778183089000,12004,26.00503,40.28395,10.07473,116400,True,59.3768,3
20260507-162444,1778183101,2026-05-07 19:45:01+00:00,1778183101000,12016,26.01264,40.25954,10.0748,115278,True,58.32215,3
20260507-162444,1778183113,2026-05-07 19:45:13+00:00,1778183113000,12028,26.0101,40.26835,10.07488,116319,True,57.45577,3
20260507-162444,1778183125,2026-05-07 19:45:25+00:00,1778183125000,12040,26.0025,40.2837,10.07478,116562,True,56.75801,3
20260507-162444,1778183137,2026-05-07 19:45:37+00:00,1778183137000,12052,26.00503,40.25354,10.07471,117296,True,55.64912,3
20260507-162444,1778183149,2026-05-07 19:45:49+00:00,1778183149000,12064,26.0101,40.27054,10.07483,117461,True,55.47707,3
20260507-162444,1778183161,2026-05-07 19:46:01+00:00,1778183161000,12076,26.00503,40.21949,10.07463,117543,True,55.88494,3
20260507-162444,1778183173,2026-05-07 19:46:13+00:00,1778183173000,12088,26.01264,40.24798,10.07461,116400,True,56.09179,3
20260507-162444,1778183185,2026-05-07 19:46:25+00:00,1778183185000,12100,26.01517,40.26591,10.07468,116238,True,56.17986,3
20260507-162444,1778183197,2026-05-07 19:46:37+00:00,1778183197000,12112,26.01264,40.28299,10.07475,117874,True,54.79779,3
20260507-162444,1778183209,2026-05-07 19:46:49+00:00,1778183209000,12124,26.01264,40.30853,10.07471,117461,True,54.94593,3
20260507-162444,1778183221,2026-05-07 19:47:01+00:00,1778183221000,12136,26.0025,40.34627,10.07453,116319,True,55.81223,3
20260507-162444,1778183233,2026-05-07 19:47:13+00:00,1778183233000,12148,26.01517,40.33762,10.07472,117051,True,55.61874,3
20260507-162444,1778183245,2026-05-07 19:47:25+00:00,1778183245000,12160,26.01771,40.31197,10.07478,117626,True,54.85771,3
20260507-162444,1778183257,2026-05-07 19:47:37+00:00,1778183257000,12172,26.0101,40.36914,10.07464,117214,True,54.89857,3
20260507-162444,1778183269,2026-05-07 19:47:49+00:00,1778183269000,12184,26.01264,40.33274,10.07468,117626,True,54.44754,3
20260507-162444,1778183281,2026-05-07 19:48:01+00:00,1778183281000,12196,26.01517,40.3155,10.07472,116643,True,55.01013,3
20260507-162444,1778183293,2026-05-07 19:48:13+00:00,1778183293000,12208,26.01771,40.32985,10.07478,116724,True,54.88274,3
20260507-162444,1778183305,2026-05-07 19:48:25+00:00,1778183305000,12220,26.01517,40.28944,10.07465,116238,True,56.34121,3
20260507-162444,1778183317,2026-05-07 19:48:37+00:00,1778183317000,12232,26.01517,40.20438,10.07465,117957,True,54.56208,3
20260507-162444,1778183329,2026-05-07 19:48:49+00:00,1778183329000,12244,26.01771,40.18454,10.07462,117214,True,54.21111,3
20260507-162444,1778183341,2026-05-07 19:49:01+00:00,1778183341000,12256,26.01264,40.23469,10.07468,117379,True,54.8575,3
20260507-162444,1778183353,2026-05-07 19:49:13+00:00,1778183353000,12268,26.02278,40.14985,10.07474,117791,True,54.21506,3
20260507-162444,1778183365,2026-05-07 19:49:25+00:00,1778183365000,12280,26.02024,40.16116,10.07475,117379,True,54.40447,3
20260507-162444,1778183377,2026-05-07 19:49:37+00:00,1778183377000,12292,26.01264,40.19318,10.07455,117626,True,54.28812,3
20260507-162444,1778183389,2026-05-07 19:49:49+00:00,1778183389000,12304,26.01771,40.19099,10.07462,117461,True,54.82794,3
20260507-162444,1778183401,2026-05-07 19:50:01+00:00,1778183401000,12316,26.01517,40.27046,10.07438,117379,True,54.76466,3
20260507-162444,1778183413,2026-05-07 19:50:13+00:00,1778183413000,12328,26.02024,40.21273,10.07457,117543,True,54.67028,3
20260507-162444,1778183425,2026-05-07 19:50:25+00:00,1778183425000,12340,26.01264,40.21589,10.07443,116887,True,55.05405,3
20260507-162444,1778183437,2026-05-07 19:50:37+00:00,1778183437000,12352,26.00503,40.25021,10.07436,117709,True,54.34821,3
20260507-162444,1778183449,2026-05-07 19:50:49+00:00,1778183449000,12364,26.02024,40.22384,10.07448,118290,True,54.01043,3
20260507-162444,1778183461,2026-05-07 19:51:01+00:00,1778183461000,12376,26.01264,40.25496,10.07443,117874,True,54.9242,3
20260507-162444,1778183473,2026-05-07 19:51:13+00:00,1778183473000,12388,26.01771,40.26588,10.07444,117379,True,54.98467,3
20260507-162444,1778183483,2026-05-07 19:51:23+00:00,1778183483000,12398,25.93911,40.71791,10.07412,107925,True,61.92612,3
20260507-162444,1778183495,2026-05-07 19:51:35+00:00,1778183495000,12410,26.0025,40.35852,10.0742,113252,True,66.06769,3
20260507-162444,1778183507,2026-05-07 19:51:47+00:00,1778183507000,12422,26.0101,40.31862,10.07434,115278,True,61.71286,3
20260507-162444,1778183519,2026-05-07 19:51:59+00:00,1778183519000,12434,26.00503,40.28742,10.07429,116319,True,58.02312,3
20260507-162444,1778183531,2026-05-07 19:52:11+00:00,1778183531000,12446,26.01517,40.27877,10.07424,115836,True,57.62602,3
20260507-162444,1778183543,2026-05-07 19:52:23+00:00,1778183543000,12458,26.00757,40.30081,10.07417,116806,True,57.0689,3
20260507-162444,1778183555,2026-05-07 19:52:35+00:00,1778183555000,12470,26.00503,40.33777,10.07411,116319,True,56.65569,3
20260507-162444,1778183567,2026-05-07 19:52:47+00:00,1778183567000,12482,26.0101,40.31106,10.07407,117379,True,55.70693,3
20260507-162444,1778183579,2026-05-07 19:52:59+00:00,1778183579000,12494,26.00757,40.29615,10.07426,117214,True,55.1832,3
20260507-162444,1778183591,2026-05-07 19:53:11+00:00,1778183591000,12506,26.00757,40.29745,10.07423,116806,True,55.04105,3
20260507-162444,1778183603,2026-05-07 19:53:23+00:00,1778183603000,12518,26.00757,40.25546,10.07419,117874,True,54.44474,3
20260507-162444,1778183615,2026-05-07 19:53:35+00:00,1778183615000,12530,25.91121,40.81137,10.07381,102886,True,66.02804,3
20260507-162444,1778183627,2026-05-07 19:53:47+00:00,1778183627000,12542,25.99236,40.36533,10.07421,112115,True,70.04156,3
20260507-162444,1778183639,2026-05-07 19:53:59+00:00,1778183639000,12554,26.0025,40.259,10.07407,115120,True,63.78459,3
20260507-162444,1778183651,2026-05-07 19:54:11+00:00,1778183651000,12566,25.99489,40.23824,10.07392,115836,True,60.11507,3
20260507-162444,1778183663,2026-05-07 19:54:23+00:00,1778183663000,12578,25.99489,40.24047,10.07379,116319,True,57.94436,3
20260507-162444,1778183675,2026-05-07 19:54:35+00:00,1778183675000,12590,25.99489,40.28749,10.07371,116969,True,56.52733,3
20260507-162444,1778183687,2026-05-07 19:54:47+00:00,1778183687000,12602,25.99742,40.28936,10.07382,117626,True,55.842,3
20260507-162444,1778183699,2026-05-07 19:54:59+00:00,1778183699000,12614,26.0025,40.3233,10.07386,116887,True,55.62453,3
20260507-162444,1778183711,2026-05-07 19:55:11+00:00,1778183711000,12626,25.99742,40.33648,10.07389,117379,True,55.54215,3
20260507-162444,1778183723,2026-05-07 19:55:23+00:00,1778183723000,12638,26.0025,40.3324,10.07395,116724,True,55.78909,3
20260507-162444,1778183735,2026-05-07 19:55:35+00:00,1778183735000,12650,25.99742,40.35523,10.07382,117626,True,54.98124,3
20260507-162444,1778183747,2026-05-07 19:55:47+00:00,1778183747000,12662,26.00757,40.34025,10.07379,117543,True,54.46072,3
20260507-162444,1778183759,2026-05-07 19:55:59+00:00,1778183759000,12674,26.00503,40.29874,10.07405,117461,True,55.12675,3
20260507-162444,1778183771,2026-05-07 19:56:11+00:00,1778183771000,12686,26.0101,40.25682,10.07406,116481,True,55.11094,3
20260507-162444,1778183783,2026-05-07 19:56:23+00:00,1778183783000,12698,25.99996,40.29448,10.07382,116887,True,55.37022,3
20260507-162444,1778183795,2026-05-07 19:56:35+00:00,1778183795000,12710,25.99742,40.28022,10.07371,117543,True,54.73743,3
20260507-162444,1778183807,2026-05-07 19:56:47+00:00,1778183807000,12722,25.91121,40.83542,10.07365,104361,True,64.5613,3
20260507-162444,1778183819,2026-05-07 19:56:59+00:00,1778183819000,12734,25.98982,40.3988,10.07373,111000,True,70.82561,3
20260507-162444,1778183831,2026-05-07 19:57:11+00:00,1778183831000,12746,25.99742,40.33085,10.07376,114804,True,64.10548,3
20260507-162444,1778183843,2026-05-07 19:57:23+00:00,1778183843000,12758,25.99996,40.32454,10.07384,115437,True,60.32031,3
20260507-162444,1778183855,2026-05-07 19:57:35+00:00,1778183855000,12770,25.99236,40.31875,10.07354,116238,True,58.09594,3
20260507-162444,1778183867,2026-05-07 19:57:47+00:00,1778183867000,12782,25.99996,40.28098,10.07389,116319,True,57.25875,3
20260507-162444,1778183879,2026-05-07 19:57:59+00:00,1778183879000,12794,25.99996,40.24242,10.07382,116806,True,56.82967,3
20260507-162444,1778183891,2026-05-07 19:58:11+00:00,1778183891000,12806,25.99489,40.28624,10.07383,116238,True,56.44888,3
20260507-162444,1778183903,2026-05-07 19:58:23+00:00,1778183903000,12818,26.00503,40.34454,10.07385,116238,True,56.40902,3
20260507-162444,1778183915,2026-05-07 19:58:35+00:00,1778183915000,12830,26.00503,40.33284,10.07408,116562,True,56.56865,3
20260507-162444,1778183927,2026-05-07 19:58:47+00:00,1778183927000,12842,25.99489,40.31203,10.07381,116643,True,56.24897,3
20260507-162444,1778183939,2026-05-07 19:58:59+00:00,1778183939000,12854,25.99489,40.24659,10.0739,117051,True,55.45834,3
20260507-162444,1778183951,2026-05-07 19:59:11+00:00,1778183951000,12866,25.99996,40.30093,10.07405,117461,True,55.05348,3
20260507-162444,1778183963,2026-05-07 19:59:23+00:00,1778183963000,12878,26.01517,40.26438,10.07421,117379,True,54.78987,3
20260507-162444,1778183975,2026-05-07 19:59:35+00:00,1778183975000,12890,26.0101,40.23016,10.07413,117543,True,55.19779,3
20260507-162444,1778183988,2026-05-07 19:59:48+00:00,1778183988000,12903,26.065,40.1189,10.0742,116481,True,55.71627,3
20260507-162444,1778184001,2026-05-07 20:00:01+00:00,1778184001000,12916,25.89347,41.07904,10.0739,90709,True,88.86438,3
20260507-162444,1778184013,2026-05-07 20:00:13+00:00,1778184013000,12928,25.97714,40.4195,10.07402,104687,True,92.57222,3
20260507-162444,1778184025,2026-05-07 20:00:25+00:00,1778184025000,12940,25.97968,40.28329,10.07397,109692,True,78.82935,3
20260507-162444,1778184037,2026-05-07 20:00:37+00:00,1778184037000,12952,25.98475,40.24828,10.07393,112870,True,68.7398,3
20260507-162444,1778184049,2026-05-07 20:00:49+00:00,1778184049000,12964,25.96446,40.52796,10.07393,107371,True,74.2242,3
20260507-162444,1778184061,2026-05-07 20:01:01+00:00,1778184061000,12976,25.98475,40.35249,10.07389,112567,True,69.99654,3
20260507-162444,1778184073,2026-05-07 20:01:13+00:00,1778184073000,12988,25.98728,40.30269,10.07386,114569,True,64.11172,3
20260507-162444,1778184085,2026-05-07 20:01:25+00:00,1778184085000,13000,25.99489,40.2981,10.07395,115278,True,61.25095,3
20260507-162444,1778184097,2026-05-07 20:01:37+00:00,1778184097000,13012,26.00503,40.27228,10.07397,115756,True,59.77783,3
20260507-162444,1778184107,2026-05-07 20:01:47+00:00,1778184107000,13022,25.92389,40.71294,10.07395,105147,True,67.44294,3
20260507-162444,1778184119,2026-05-07 20:01:59+00:00,1778184119000,13034,25.98728,40.35411,10.07383,111815,True,69.84166,3
20260507-162444,1778184131,2026-05-07 20:02:11+00:00,1778184131000,13046,25.99996,40.30022,10.07391,113945,True,64.58093,3
20260507-162444,1778184143,2026-05-07 20:02:23+00:00,1778184143000,13058,25.99236,40.27069,10.07384,115916,True,59.99762,3
20260507-162444,1778184155,2026-05-07 20:02:35+00:00,1778184155000,13070,25.99236,40.25748,10.07398,116158,True,58.55013,3
20260507-162444,1778184167,2026-05-07 20:02:47+00:00,1778184167000,13082,26.0025,40.21532,10.07393,115916,True,57.68144,3
20260507-162444,1778184179,2026-05-07 20:02:59+00:00,1778184179000,13094,26.0025,40.19,10.0739,116158,True,57.75473,3
20260507-162444,1778184218,2026-05-07 20:03:38+00:00,1778184218000,13133,26.05911,40.05398,10.07382,116887,True,57.20243,3
20260507-162444,1778184239,2026-05-07 20:03:59+00:00,1778184239000,13154,25.90162,41.33973,10.07359,76394,True,93.71706,3
20260507-162444,1778184251,2026-05-07 20:04:11+00:00,1778184251000,13166,25.93404,40.59865,10.07383,85609,True,148.35696,3
20260507-162444,1778184263,2026-05-07 20:04:23+00:00,1778184263000,13178,25.95432,40.38065,10.07377,98240,True,119.84719,3
20260507-162444,1778184275,2026-05-07 20:04:35+00:00,1778184275000,13190,25.96193,40.33875,10.07375,104361,True,96.95438,3
20260507-162444,1778184287,2026-05-07 20:04:47+00:00,1778184287000,13202,25.96953,40.29887,10.07377,108836,True,82.62474,3
20260507-162444,1778184299,2026-05-07 20:04:59+00:00,1778184299000,13214,25.96953,40.27666,10.07368,110561,True,74.68871,3
20260507-162444,1778184311,2026-05-07 20:05:11+00:00,1778184311000,13226,25.97968,40.28806,10.07372,111592,True,70.5907,3
20260507-162444,1778184323,2026-05-07 20:05:23+00:00,1778184323000,13238,25.97461,40.3106,10.0737,113328,True,66.91951,3
20260507-162444,1778184335,2026-05-07 20:05:35+00:00,1778184335000,13250,25.97968,40.30167,10.07362,113790,True,64.63461,3
20260507-162444,1778184347,2026-05-07 20:05:47+00:00,1778184347000,13262,25.97968,40.26982,10.0736,114100,True,63.17095,3
20260507-162444,1778184359,2026-05-07 20:05:59+00:00,1778184359000,13274,25.98221,40.28199,10.0735,115041,True,61.0237,3
20260507-162444,1778184371,2026-05-07 20:06:11+00:00,1778184371000,13286,25.98982,40.28401,10.07355,115676,True,60.11383,3
20260507-162444,1778184383,2026-05-07 20:06:23+00:00,1778184383000,13298,25.98728,40.28288,10.07358,115997,True,59.43951,3
20260507-162444,1778184395,2026-05-07 20:06:35+00:00,1778184395000,13310,25.98728,40.26701,10.07371,115437,True,58.90479,3
20260507-162444,1778184407,2026-05-07 20:06:47+00:00,1778184407000,13322,25.98728,40.25885,10.07353,116077,True,58.72466,3
20260507-162444,1778184419,2026-05-07 20:06:59+00:00,1778184419000,13334,25.98982,40.27237,10.07347,116724,True,57.43392,3
20260507-162444,1778184431,2026-05-07 20:07:11+00:00,1778184431000,13346,25.98728,40.27538,10.07329,116238,True,57.36843,3
20260507-162444,1778184443,2026-05-07 20:07:23+00:00,1778184443000,13358,25.99489,40.26513,10.07342,116969,True,56.27245,3
20260507-162444,1778184455,2026-05-07 20:07:35+00:00,1778184455000,13370,25.99489,40.25515,10.07332,116562,True,57.12893,3
20260507-162444,1778184467,2026-05-07 20:07:47+00:00,1778184467000,13382,25.99236,40.26479,10.07345,116724,True,57.03101,3
20260507-162444,1778184479,2026-05-07 20:07:59+00:00,1778184479000,13394,25.99236,40.26339,10.07342,116887,True,56.23347,3
20260507-162444,1778184490,2026-05-07 20:08:10+00:00,1778184490000,13405,25.91121,40.7633,10.07336,104622,True,65.76908,3
20260507-162444,1778184502,2026-05-07 20:08:22+00:00,1778184502000,13417,25.98221,40.34057,10.07334,112718,True,69.74898,3
20260507-162444,1778184514,2026-05-07 20:08:34+00:00,1778184514000,13429,25.98728,40.27622,10.07362,114100,True,64.9093,3
20260507-162444,1778184526,2026-05-07 20:08:46+00:00,1778184526000,13441,25.98728,40.30685,10.07358,114804,True,61.03212,3
20260507-162444,1778184538,2026-05-07 20:08:58+00:00,1778184538000,13453,25.98982,40.31659,10.07338,115120,True,59.4828,3
20260507-162444,1778184550,2026-05-07 20:09:10+00:00,1778184550000,13465,25.98728,40.34877,10.07371,117132,True,57.6567,3
20260507-162444,1778184562,2026-05-07 20:09:22+00:00,1778184562000,13477,25.99742,40.29108,10.07352,117379,True,56.48126,3
20260507-162444,1778184580,2026-05-07 20:09:40+00:00,1778184580000,13495,26.05535,40.15538,10.07357,117461,True,55.85126,3
20260507-162444,1778184592,2026-05-07 20:09:52+00:00,1778184592000,13507,25.95178,40.57394,10.07338,102258,True,92.33905,3
20260507-162444,1778184604,2026-05-07 20:10:04+00:00,1778184604000,13519,25.97461,40.35854,10.07343,109477,True,81.14305,3
20260507-162444,1778184616,2026-05-07 20:10:16+00:00,1778184616000,13531,25.97461,40.35809,10.07327,112870,True,70.21366,3
20260507-162444,1778184628,2026-05-07 20:10:28+00:00,1778184628000,13543,25.97968,40.31135,10.07341,113328,True,65.45026,3
20260507-162444,1778184640,2026-05-07 20:10:40+00:00,1778184640000,13555,25.98475,40.27044,10.07333,115437,True,61.40815,3
20260507-162444,1778184652,2026-05-07 20:10:52+00:00,1778184652000,13567,25.98728,40.22736,10.07332,116643,True,59.00127,3
20260507-162444,1778184664,2026-05-07 20:11:04+00:00,1778184664000,13579,25.98982,40.25014,10.07326,115916,True,58.1046,3
20260507-162444,1778184676,2026-05-07 20:11:16+00:00,1778184676000,13591,25.98982,40.28226,10.0734,115596,True,58.36174,3
20260507-162444,1778184688,2026-05-07 20:11:28+00:00,1778184688000,13603,25.98982,40.28264,10.0732,116643,True,57.45361,3
20260507-162444,1778184700,2026-05-07 20:11:40+00:00,1778184700000,13615,25.99489,40.29921,10.07318,115836,True,57.81268,3
20260507-162444,1778184712,2026-05-07 20:11:52+00:00,1778184712000,13627,25.99236,40.32396,10.07317,116887,True,56.77013,3
20260507-162444,1778184724,2026-05-07 20:12:04+00:00,1778184724000,13639,25.99489,40.36753,10.07335,116724,True,56.1092,3
20260507-162444,1778184736,2026-05-07 20:12:16+00:00,1778184736000,13651,25.98728,40.33277,10.07323,117214,True,55.36063,3
20260507-162444,1778184748,2026-05-07 20:12:28+00:00,1778184748000,13663,25.98982,40.30529,10.0731,116887,True,55.30389,3
20260507-162444,1778184764,2026-05-07 20:12:44+00:00,1778184764000,13679,26.05179,40.15985,10.07314,117461,True,55.02682,3
20260507-162444,1778184776,2026-05-07 20:12:56+00:00,1778184776000,13691,25.967,40.55012,10.0734,104296,True,87.62991,3
20260507-162444,1778184788,2026-05-07 20:13:08+00:00,1778184788000,13703,25.97968,40.36788,10.07327,110780,True,77.4921,3
20260507-162444,1778184801,2026-05-07 20:13:21+00:00,1778184801000,13716,26.03204,40.21183,10.07323,111000,True,75.1933,3
20260507-162444,1778184813,2026-05-07 20:13:33+00:00,1778184813000,13728,25.95939,40.48843,10.07324,103972,True,91.64167,3
20260507-162444,1778184825,2026-05-07 20:13:45+00:00,1778184825000,13740,25.967,40.32993,10.07308,110124,True,79.35299,3
20260507-162444,1778184837,2026-05-07 20:13:57+00:00,1778184837000,13752,25.97968,40.28933,10.0733,113022,True,69.79871,3
20260507-162444,1778184849,2026-05-07 20:14:09+00:00,1778184849000,13764,25.98221,40.32086,10.07318,113099,True,65.91773,3
20260507-162444,1778184861,2026-05-07 20:14:21+00:00,1778184861000,13776,25.97968,40.37006,10.07286,114962,True,62.0322,3
20260507-162444,1778184873,2026-05-07 20:14:33+00:00,1778184873000,13788,25.98982,40.37767,10.0731,115916,True,59.77367,3
20260507-162444,1778184885,2026-05-07 20:14:45+00:00,1778184885000,13800,25.98728,40.34404,10.07311,116077,True,58.46588,3
20260507-162444,1778184897,2026-05-07 20:14:57+00:00,1778184897000,13812,25.98982,40.29235,10.0729,115997,True,57.92879,3
20260507-162444,1778184909,2026-05-07 20:15:09+00:00,1778184909000,13824,25.98728,40.243,10.07281,117051,True,56.81944,3
20260507-162444,1778184921,2026-05-07 20:15:21+00:00,1778184921000,13836,25.98982,40.24574,10.07283,116806,True,56.68354,3
20260507-162444,1778184933,2026-05-07 20:15:33+00:00,1778184933000,13848,25.98728,40.28111,10.07283,117626,True,55.50712,3
20260507-162444,1778184945,2026-05-07 20:15:45+00:00,1778184945000,13860,25.98982,40.23256,10.07304,116806,True,55.78106,3
20260507-162444,1778184957,2026-05-07 20:15:57+00:00,1778184957000,13872,25.98982,40.23355,10.07304,116643,True,56.09039,3
20260507-162444,1778184969,2026-05-07 20:16:09+00:00,1778184969000,13884,25.99489,40.25889,10.07311,117461,True,55.49798,3
20260507-162444,1778184981,2026-05-07 20:16:21+00:00,1778184981000,13896,25.97207,40.45341,10.073,111221,True,64.72713,3
20260507-162444,1778184994,2026-05-07 20:16:34+00:00,1778184994000,13909,25.90361,40.88344,10.07306,98936,True,77.12811,3
20260507-162444,1778185007,2026-05-07 20:16:47+00:00,1778185007000,13922,26.01175,40.49729,10.07314,102134,True,82.29137,3
20260507-162444,1778185019,2026-05-07 20:16:59+00:00,1778185019000,13934,25.96193,40.50721,10.07312,101947,True,100.68076,3
20260507-162444,1778185031,2026-05-07 20:17:11+00:00,1778185031000,13946,25.96953,40.3229,10.07309,109620,True,83.42742,3
20260507-162444,1778185043,2026-05-07 20:17:23+00:00,1778185043000,13958,25.97968,40.28859,10.07295,112190,True,72.06335,3
20260507-162444,1778185055,2026-05-07 20:17:35+00:00,1778185055000,13970,25.97968,40.23513,10.07308,114569,True,64.97439,3
20260507-162444,1778185067,2026-05-07 20:17:47+00:00,1778185067000,13982,25.98728,40.19626,10.07297,115676,True,61.18142,3
20260507-162444,1778185079,2026-05-07 20:17:59+00:00,1778185079000,13994,25.98221,40.25124,10.07304,115916,True,59.83923,3
20260507-162444,1778185091,2026-05-07 20:18:11+00:00,1778185091000,14006,25.97968,40.28977,10.07292,116319,True,58.40145,3
20260507-162444,1778185103,2026-05-07 20:18:23+00:00,1778185103000,14018,25.98475,40.28079,10.07289,115997,True,57.91405,3
20260507-162444,1778185115,2026-05-07 20:18:35+00:00,1778185115000,14030,25.98475,40.26206,10.07279,115836,True,57.47957,3
20260507-162444,1778185128,2026-05-07 20:18:48+00:00,1778185128000,14043,25.89093,40.86219,10.0728,102571,True,68.48615,3
20260507-162444,1778185140,2026-05-07 20:19:00+00:00,1778185140000,14055,25.97207,40.37527,10.07276,111295,True,72.70287,3
20260507-162444,1778185152,2026-05-07 20:19:12+00:00,1778185152000,14067,25.98221,40.27726,10.07296,114490,True,65.75021,3
20260507-162444,1778185164,2026-05-07 20:19:24+00:00,1778185164000,14079,25.98475,40.29297,10.07286,114490,True,62.51733,3
20260507-162444,1778185176,2026-05-07 20:19:36+00:00,1778185176000,14091,25.98982,40.2597,10.07301,115836,True,59.51955,3
20260507-162444,1778185188,2026-05-07 20:19:48+00:00,1778185188000,14103,25.98475,40.25632,10.07295,116481,True,58.04699,3
20260507-162444,1778185200,2026-05-07 20:20:00+00:00,1778185200000,14115,25.98728,40.21849,10.07265,116643,True,57.11994,3
20260507-162444,1778185212,2026-05-07 20:20:12+00:00,1778185212000,14127,25.99489,40.18673,10.07288,117132,True,56.53612,3
20260507-162444,1778185224,2026-05-07 20:20:24+00:00,1778185224000,14139,25.99236,40.20201,10.07279,116724,True,56.11304,3
20260507-162444,1778185236,2026-05-07 20:20:36+00:00,1778185236000,14151,25.99236,40.2137,10.07256,117379,True,55.26081,3
20260507-162444,1778185248,2026-05-07 20:20:48+00:00,1778185248000,14163,25.99236,40.17081,10.07288,117543,True,55.00242,3
20260507-162444,1778185259,2026-05-07 20:20:59+00:00,1778185259000,14174,25.91121,40.70992,10.07269,104556,True,65.44987,3
20260507-162444,1778185269,2026-05-07 20:21:09+00:00,1778185269000,14184,26.0111,40.37953,10.0728,107786,True,69.63271,3
20260507-162444,1778185281,2026-05-07 20:21:21+00:00,1778185281000,14196,25.96953,40.41097,10.07284,106214,True,87.01572,3
20260507-162444,1778185293,2026-05-07 20:21:33+00:00,1778185293000,14208,25.97968,40.27459,10.07278,112567,True,74.38383,3
20260507-162444,1778185305,2026-05-07 20:21:45+00:00,1778185305000,14220,25.98475,40.24361,10.07261,114647,True,66.0596,3
20260507-162444,1778185320,2026-05-07 20:22:00+00:00,1778185320000,14235,26.05079,40.09493,10.07285,114804,True,64.48213,3
20260507-162444,1778185332,2026-05-07 20:22:12+00:00,1778185332000,14247,25.96193,40.47917,10.07275,104426,True,89.0533,3
20260507-162444,1778185344,2026-05-07 20:22:24+00:00,1778185344000,14259,25.97968,40.29626,10.07269,111221,True,77.43788,3
20260507-162444,1778185356,2026-05-07 20:22:36+00:00,1778185356000,14271,25.98475,40.28196,10.07275,113022,True,68.99371,3
20260507-162444,1778185368,2026-05-07 20:22:48+00:00,1778185368000,14283,25.98475,40.29287,10.07267,114490,True,63.24311,3
20260507-162444,1778185380,2026-05-07 20:23:00+00:00,1778185380000,14295,25.98728,40.30447,10.07263,115596,True,60.64382,3
20260507-162444,1778185392,2026-05-07 20:23:12+00:00,1778185392000,14307,25.98982,40.27471,10.07246,116238,True,58.47513,3
20260507-162444,1778185404,2026-05-07 20:23:24+00:00,1778185404000,14319,25.98982,40.21736,10.07245,116806,True,57.74006,3
20260507-162444,1778185416,2026-05-07 20:23:36+00:00,1778185416000,14331,25.98728,40.21326,10.07228,115997,True,57.5899,3
20260507-162444,1778185428,2026-05-07 20:23:48+00:00,1778185428000,14343,25.98728,40.19313,10.07234,116724,True,57.31767,3
20260507-162444,1778185440,2026-05-07 20:24:00+00:00,1778185440000,14355,25.98728,40.22161,10.07246,116238,True,56.35145,3
20260507-162444,1778185452,2026-05-07 20:24:12+00:00,1778185452000,14367,25.98982,40.17599,10.07233,117791,True,55.19004,3
20260507-162444,1778185464,2026-05-07 20:24:24+00:00,1778185464000,14379,25.98982,40.1894,10.07238,116481,True,55.89112,3
20260507-162444,1778185476,2026-05-07 20:24:36+00:00,1778185476000,14391,25.99742,40.19385,10.07226,116806,True,55.77205,3
