session_id,push_id,datetime_utc,unix_ms,elapsed_s,temp_c,humidity_pct,pressure_hpa,gas_ohm
20260502-025019,-OraaVEgXch-nKm8ARJ6,2026-05-02 02:52:26+00:00,1777690346000,120,26.7369,40.59856,1002.21002,22156
20260502-025019,-OraaXgBdqABvB7D5qzC,2026-05-02 02:52:36+00:00,1777690356000,130,26.66907,40.62017,1002.20001,22465
20260502-025019,-Oraa_Vgkl7dZLQa9fXT,2026-05-02 02:52:46+00:00,1777690366000,140,26.60854,40.6659,1002.20001,22758
20260502-025019,-OraabZAHPtvoCNCtNw9,2026-05-02 02:52:56+00:00,1777690376000,150,26.55402,40.71812,1002.20001,22932
20260502-025019,-Oraae-aa-e2gtnADs92,2026-05-02 02:53:06+00:00,1777690386000,160,26.50489,40.77676,1002.19,23135
20260502-025019,-OraagRZkmkzK_QzFr7k,2026-05-02 02:53:16+00:00,1777690396000,170,26.45862,40.82991,1002.19,23393
20260502-025019,-OraanqB7ceDwopV4QoV,2026-05-02 02:53:26+00:00,1777690406000,180,26.41552,40.88924,1002.17999,23775
20260502-025019,-OraapjpOLH2eWIlXB80,2026-05-02 02:53:50+00:00,1777690430000,204,26.36449,41.21029,1002.17999,19440
20260502-025019,-OraarS3dEGFi0A4KIwW,2026-05-02 02:54:00+00:00,1777690440000,214,26.31884,41.19353,1002.16998,21063
20260502-025019,-Oraat_G0WkmDZfjUgSv,2026-05-02 02:54:10+00:00,1777690450000,224,26.27954,41.195,1002.16998,22179
20260502-025019,-Oraaw0_ijnL6oXlXJdW,2026-05-02 02:54:20+00:00,1777690460000,234,26.24405,41.24945,1002.16998,22932
20260502-025019,-OraayShQB3Ixagh0XOX,2026-05-02 02:54:30+00:00,1777690470000,244,26.2114,41.33927,1002.15002,23498
20260502-025019,-Orab-uM8rfdSNKjdhJZ,2026-05-02 02:54:40+00:00,1777690480000,254,26.18129,41.30671,1002.15002,24131
20260502-025019,-Orab2JWvBJ95Uuf5a-L,2026-05-02 02:54:50+00:00,1777690490000,264,26.15498,41.28625,1002.15002,24201
20260502-025019,-Orab4ksAHZ2kET0B5-J,2026-05-02 02:55:00+00:00,1777690500000,274,26.12899,41.33593,1002.15002,24484
20260502-025019,-Orab7BTfgZyRF21c0EW,2026-05-02 02:55:10+00:00,1777690510000,284,26.10617,41.32755,1002.14001,24642
20260502-025019,-Orab9dDM-v7LVfmucyG,2026-05-02 02:55:20+00:00,1777690520000,294,26.08367,41.3192,1002.14001,24729
20260502-025019,-OrabC4ngd8MzDDNUCtr,2026-05-02 02:55:30+00:00,1777690530000,304,26.06275,41.35192,1002.14001,24995
20260502-025019,-OrabEW-H427AkGI03XP,2026-05-02 02:55:40+00:00,1777690540000,314,26.04247,41.41394,1002.14001,25099
20260502-025019,-OrabGxq-VDJQFbxHdZb,2026-05-02 02:55:50+00:00,1777690550000,324,26.02313,41.49946,1002.14001,25220
20260502-025019,-OrabJP6bVYyujDG084G,2026-05-02 02:56:00+00:00,1777690560000,334,26.00475,41.52665,1002.14001,25358
20260502-025019,-OrabLsV-ByD-pa4qsTj,2026-05-02 02:56:10+00:00,1777690570000,344,25.98573,41.55376,1002.14001,25543
20260502-025019,-OrabOHp78YvCd8yNlMV,2026-05-02 02:56:20+00:00,1777690580000,354,25.96862,41.61034,1002.13,25527
20260502-025019,-OrabR9GKDcxqv2NPS71,2026-05-02 02:56:30+00:00,1777690590000,364,25.9534,41.65545,1002.12,25779
20260502-025019,-OrabUcWLCiD3eR6JYrx,2026-05-02 02:56:40+00:00,1777690600000,374,25.93851,41.66548,1002.12,25986
20260502-025019,-OrabW3ebUDFHDc2Ctt-,2026-05-02 02:56:50+00:00,1777690610000,384,25.92266,41.64615,1002.10999,26019
20260502-025019,-OrabYOts684nQXd744u,2026-05-02 02:57:00+00:00,1777690620000,394,25.90998,41.63889,1002.10999,25986
20260502-025019,-Orab_U_GKfS8uYNkdvY,2026-05-02 02:57:10+00:00,1777690630000,404,25.8973,41.63747,1002.10999,26116
20260502-025019,-Orabbxeabtv1fPavuMI,2026-05-02 02:57:20+00:00,1777690640000,414,25.88368,41.65934,1002.10999,26116
20260502-025019,-OrabeNTSHckUN4YtB-d,2026-05-02 02:57:30+00:00,1777690650000,424,25.87163,41.67556,1002.10999,26362
20260502-025019,-Orabgol8sOw5ptHbC_R,2026-05-02 02:57:40+00:00,1777690660000,434,25.8599,41.67424,1002.10999,26412
20260502-025019,-OrabjG2HSABDP4AwsKd,2026-05-02 02:57:50+00:00,1777690670000,444,25.84754,41.67286,1002.10999,26429
20260502-025019,-OrablhjJmWbePE5gyy8,2026-05-02 02:58:00+00:00,1777690680000,454,25.8374,41.67173,1002.10999,26529
20260502-025019,-OraboAZQznyOwWe2q2i,2026-05-02 02:58:10+00:00,1777690690000,464,25.82694,41.69981,1002.09998,26664
20260502-025019,-Orabq_UPycht-kta5vr,2026-05-02 02:58:20+00:00,1777690700000,474,25.8168,41.72209,1002.10999,26766
20260502-025019,-Orabt0Ty-dXvqkKGB7x,2026-05-02 02:58:30+00:00,1777690710000,484,25.80666,41.67999,1002.09998,26801
20260502-025019,-OrabvTPaogRJ4a5S7i8,2026-05-02 02:58:40+00:00,1777690720000,494,25.79651,41.63206,1002.09998,26887
20260502-025019,-OrabyI7pHwakkFBidad,2026-05-02 02:58:50+00:00,1777690730000,504,25.78542,41.64251,1002.09003,26801
20260502-025019,-Orac-UQ6oxwAvEabAH4,2026-05-02 02:59:00+00:00,1777690740000,514,25.77559,41.62971,1002.09998,26921
20260502-025019,-Orac1sWd4sL5KfCEHZC,2026-05-02 02:59:10+00:00,1777690750000,524,25.76577,41.61107,1002.09998,26990
20260502-025019,-Orac4JjcXS9kJd6eMLb,2026-05-02 02:59:20+00:00,1777690760000,534,25.755,41.60987,1002.09003,27183
20260502-025019,-Orac773JwQ71daKJvOS,2026-05-02 02:59:30+00:00,1777690770000,544,25.74612,41.62643,1002.08002,27236
20260502-025019,-Orac9C7zUv-MbCHxpKT,2026-05-02 02:59:40+00:00,1777690780000,554,25.73725,41.63128,1002.08002,27307
20260502-025019,-OracBdZkA_bcmLynCjW,2026-05-02 02:59:50+00:00,1777690790000,564,25.72805,41.6712,1002.08002,27450
20260502-025019,-OracE4tYpENBedSFfD9,2026-05-02 03:00:00+00:00,1777690800000,574,25.72045,41.69961,1002.08002,27486
20260502-025019,-OracGXXwLLQdzg3A5bR,2026-05-02 03:00:10+00:00,1777690810000,584,25.71157,41.70447,1002.07001,27414
20260502-025019,-OracIyJ4jNEPgVePjAl,2026-05-02 03:00:20+00:00,1777690820000,594,25.70365,41.70358,1002.07001,27595
20260502-025019,-OracLQH3C-DoAuYa7pB,2026-05-02 03:00:30+00:00,1777690830000,604,25.69636,41.72032,1002.07001,27667
20260502-025019,-OracNqr39oriZCfZQ8n,2026-05-02 03:00:40+00:00,1777690840000,614,25.6897,41.73714,1002.07001,27613
20260502-025019,-OracQIWs2tPFHMdgBR0,2026-05-02 03:00:50+00:00,1777690850000,624,25.68241,41.73632,1002.07001,27741
20260502-025019,-OracSlznejnBwzDqdMs,2026-05-02 03:01:00+00:00,1777690860000,634,25.67449,41.78226,1002.07001,27741
20260502-025019,-OracVAW54_BlLH8puSb,2026-05-02 03:01:10+00:00,1777690870000,644,25.66752,41.8166,1002.07001,27833
20260502-025019,-OracXbxhGBHM0Mp9VSt,2026-05-02 03:01:20+00:00,1777690880000,654,25.6615,41.85107,1002.07001,27870
20260502-025019,-Orac_3LLYODrppBtQGD,2026-05-02 03:01:30+00:00,1777690890000,664,25.65452,41.86785,1002.07001,28000
20260502-025019,-OracbVIOqERvLbAVSoM,2026-05-02 03:01:40+00:00,1777690900000,674,25.64787,41.87881,1002.07001,27944
20260502-025019,-Oracdwln21TD0Y44Ikr,2026-05-02 03:01:50+00:00,1777690910000,684,25.64089,41.87804,1002.06,27981
20260502-025019,-OracgOJ_rVyaO6qqtEv,2026-05-02 03:02:00+00:00,1777690920000,694,25.63487,41.86564,1002.06,28056
20260502-025019,-OracipFnAF9q9Ml_MKQ,2026-05-02 03:02:10+00:00,1777690930000,704,25.62885,41.85912,1002.06,28226
20260502-025019,-OraclGkK97qLZ2t5Ysl,2026-05-02 03:02:20+00:00,1777690940000,714,25.62346,41.85266,1002.06,28284
20260502-025019,-OracnhnY1jfHtl_Ttto,2026-05-02 03:02:30+00:00,1777690950000,724,25.61776,41.86959,1002.06,28379
20260502-025019,-OracqXvObKqZIY0iEQx,2026-05-02 03:02:40+00:00,1777690960000,734,25.61047,41.90391,1002.07001,28264
20260502-025019,-OracsaS5LT25bTbmZas,2026-05-02 03:02:50+00:00,1777690970000,744,25.60413,41.91491,1002.07001,28322
20260502-025019,-Oracv2-riHeg_GBr3zF,2026-05-02 03:03:00+00:00,1777690980000,754,25.59937,41.90852,1002.07001,28379
20260502-025019,-OracxTS0liedFSwOp4P,2026-05-02 03:03:10+00:00,1777690990000,764,25.5943,41.90796,1002.07001,28437
20260502-025019,-Oraczuo8JGhP8Z4Py8T,2026-05-02 03:03:20+00:00,1777691000000,774,25.58891,41.91321,1002.06,28495
20260502-025019,-Orad1PA-yu4XXDpHd2l,2026-05-02 03:03:30+00:00,1777691010000,784,25.58479,41.91275,1002.07001,28437
20260502-025019,-Orad3oFLPbEZc6iD3l8,2026-05-02 03:03:40+00:00,1777691020000,794,25.57941,41.90043,1002.07001,28573
20260502-025019,-Orad6Ef3IMCzLccghTX,2026-05-02 03:03:50+00:00,1777691030000,804,25.57497,41.89407,1002.07001,28495
20260502-025019,-Orad8gLZSQMT0jQZsna,2026-05-02 03:04:00+00:00,1777691040000,814,25.56863,41.88751,1002.07001,28592
20260502-025019,-OradB6lLw0NDOTkf4OS,2026-05-02 03:04:10+00:00,1777691050000,824,25.56388,41.86941,1002.07001,28769
20260502-025019,-OradDZxfE-HqEyL6tiU,2026-05-02 03:04:20+00:00,1777691060000,834,25.55849,41.85123,1002.07001,28710
20260502-025019,-OradG-Y26dSIIBkPZoA,2026-05-02 03:04:30+00:00,1777691070000,844,25.55278,41.83888,1002.07001,28749
20260502-025019,-OradIRWqpProLqjok68,2026-05-02 03:04:40+00:00,1777691080000,854,25.54803,41.85007,1002.07001,28868
20260502-025019,-OradKsYMhSDVDGfKXgF,2026-05-02 03:04:50+00:00,1777691090000,864,25.54422,41.85549,1002.07001,28868
20260502-025019,-OradNKEaSZuF2dSL_mT,2026-05-02 03:05:00+00:00,1777691100000,874,25.53915,41.87835,1002.09003,28928
20260502-025019,-OradPm1PNIWRKMCqnKh,2026-05-02 03:05:10+00:00,1777691110000,884,25.53472,41.89542,1002.09003,28828
20260502-025019,-OradSChcYauqxi5BjFh,2026-05-02 03:05:20+00:00,1777691120000,894,25.53028,41.88907,1002.09998,28948
20260502-025019,-OradUdoXDBydIYLi721,2026-05-02 03:05:30+00:00,1777691130000,904,25.52711,41.92971,1002.09998,29008
20260502-025019,-OradX5Jg7oDcmr8e4fU,2026-05-02 03:05:40+00:00,1777691140000,914,25.52362,41.95861,1002.09998,29149
20260502-025019,-OradZerPRjB4pJZUE2M,2026-05-02 03:05:50+00:00,1777691150000,924,25.52014,41.99337,1002.10999,28988
20260502-025019,-Oradaz0-noh6fnGR51H,2026-05-02 03:06:00+00:00,1777691160000,934,25.51665,42.02229,1002.12,29068
20260502-025019,-OraddPyV7JBBWELjVrO,2026-05-02 03:06:10+00:00,1777691170000,944,25.51316,42.02775,1002.12,29088
20260502-025019,-Oradfs6Itiwz4DyiT7M,2026-05-02 03:06:20+00:00,1777691180000,954,25.50999,42.01567,1002.13,29271
20260502-025019,-OradiI_L8LsPUGuCR4Y,2026-05-02 03:06:30+00:00,1777691190000,964,25.50587,42.00935,1002.13,29374
20260502-025019,-OradnaLr5RwM1x09TPB,2026-05-02 03:06:50+00:00,1777691210000,984,25.49954,42.03209,1002.15002,29048
20260502-025019,-OradplSUXpYKHqtzqFR,2026-05-02 03:07:00+00:00,1777691220000,994,25.49763,42.03773,1002.15997,29210
20260502-025019,-OradspLM1tyZ9RA9uo6,2026-05-02 03:07:10+00:00,1777691230000,1004,25.49541,42.04921,1002.16998,29581
20260502-025019,-OraduaUopZKPDvzWtF1,2026-05-02 03:07:20+00:00,1777691240000,1014,25.49193,42.06054,1002.17999,29333
20260502-025019,-Oradx25FDvB7Xms4j9i,2026-05-02 03:07:30+00:00,1777691250000,1024,25.48908,42.07194,1002.19,29477
20260502-025019,-OradzTvjqjwS_dR-AsR,2026-05-02 03:07:40+00:00,1777691260000,1034,25.48654,42.05993,1002.20001,29436
20260502-025019,-Orae0w9frbCCk6I0tjK,2026-05-02 03:07:50+00:00,1777691270000,1044,25.48432,42.03624,1002.20001,29602
20260502-025019,-Orae3MdjHaVd62n60MB,2026-05-02 03:08:00+00:00,1777691280000,1054,25.48147,42.03006,1002.21997,29539
20260502-025019,-Orae5oCRsOD7-ouNjl3,2026-05-02 03:08:10+00:00,1777691290000,1064,25.47925,42.00051,1002.22998,29498
20260502-025019,-Orae8Eg-q6Woj31HrZQ,2026-05-02 03:08:20+00:00,1777691300000,1074,25.47608,41.98843,1002.23999,29539
20260502-025019,-OraeAgbRihbfCDFJRKo,2026-05-02 03:08:30+00:00,1777691310000,1084,25.47355,41.99986,1002.23999,29686
20260502-025019,-OraeD7eHK49xVTTLDwu,2026-05-02 03:08:40+00:00,1777691320000,1094,25.47228,42.04074,1002.25,29728
20260502-025019,-OraeGMNDI1hL875W05C,2026-05-02 03:08:50+00:00,1777691330000,1104,25.47006,42.09325,1002.26001,29665
20260502-025019,-OraeI0Llmxj5aB6jiJs,2026-05-02 03:09:00+00:00,1777691340000,1114,25.46911,42.1166,1002.26001,29686
20260502-025019,-OraeKSIT14-zgobc60N,2026-05-02 03:09:10+00:00,1777691350000,1124,25.46721,42.13398,1002.26001,29602
20260502-025019,-OraeOfH9jIsT6wTWEuM,2026-05-02 03:09:21+00:00,1777691361000,1135,25.46404,42.13363,1002.27002,29498
20260502-025019,-OraePS1R3WsdjCOyx6i,2026-05-02 03:09:31+00:00,1777691371000,1145,25.4615,42.10988,1002.27002,29665
20260502-025019,-OraeRszP6V1ZSKMpZ45,2026-05-02 03:09:41+00:00,1777691381000,1155,25.46023,42.13906,1002.28003,29749
20260502-025019,-OraeUJxe7iMzCUzPE43,2026-05-02 03:09:51+00:00,1777691391000,1165,25.45802,42.14468,1002.28998,29665
20260502-025019,-OraeWlFW8Uo5gBsZIN3,2026-05-02 03:10:01+00:00,1777691401000,1175,25.45548,42.10921,1002.29999,29855
20260502-025019,-OraebZuCYFHTiBA6hYo,2026-05-02 03:10:11+00:00,1777691411000,1185,25.4539,42.0973,1002.29999,29686
20260502-025019,-Oraebg_6XP9feWNDWQ-,2026-05-02 03:10:25+00:00,1777691425000,1199,25.45199,42.10295,1002.31,27704
20260502-025019,-Oraee7rvliGCPbFf8oO,2026-05-02 03:10:35+00:00,1777691435000,1209,25.45009,42.05584,1002.32001,28612
20260502-025019,-Oraeg_ZYk6pR5esUJxB,2026-05-02 03:10:45+00:00,1777691445000,1219,25.44787,42.038,1002.32001,29292
20260502-025019,-Oraej12Eo4MgVptwkFg,2026-05-02 03:10:55+00:00,1777691455000,1229,25.44661,42.02614,1002.33002,29353
20260502-025019,-OraelTEF8p5xQM2kbOz,2026-05-02 03:11:05+00:00,1777691465000,1239,25.44565,42.02018,1002.33002,29728
20260502-025019,-Oraentx8IHMXNsA7Nwy,2026-05-02 03:11:15+00:00,1777691475000,1249,25.44439,42.03762,1002.33002,29940
20260502-025019,-OraeqKTZz5Mow4FLnLu,2026-05-02 03:11:25+00:00,1777691485000,1259,25.44312,42.04333,1002.33002,29770
20260502-025019,-OraesmKavHXjE7SUoiQ,2026-05-02 03:11:35+00:00,1777691495000,1269,25.44185,42.03733,1002.34003,29919
20260502-025019,-OraevDKeDw59r14_rSt,2026-05-02 03:11:45+00:00,1777691505000,1279,25.44058,42.06063,1002.34003,29876
20260502-025019,-Oraexzg6kRLVDqCPLSu,2026-05-02 03:11:55+00:00,1777691515000,1289,25.44027,42.10163,1002.34998,30177
20260502-025019,-Oraf-66MoSDLy9fKm6s,2026-05-02 03:12:05+00:00,1777691525000,1299,25.43932,42.13084,1002.35999,30026
20260502-025019,-Oraf1YawuIi_FggBuQh,2026-05-02 03:12:15+00:00,1777691535000,1309,25.43805,42.17762,1002.35999,30264
20260502-025019,-Oraf4Z3kbGD9TFqrMDX,2026-05-02 03:12:25+00:00,1777691545000,1319,25.4371,42.19511,1002.37,30264
20260502-025019,-Oraf6RcMuMoz8-G2QbH,2026-05-02 03:12:35+00:00,1777691555000,1329,25.43615,42.17155,1002.38,30177
20260502-025019,-Oraf9DaNVUl2ZvXolN7,2026-05-02 03:12:45+00:00,1777691565000,1339,25.43583,42.13632,1002.39001,30286
20260502-025019,-OrafBK-VLyn3dPBJXt4,2026-05-02 03:12:55+00:00,1777691575000,1349,25.43583,42.12459,1002.39001,30440
20260502-025019,-OrafDk6vpmiSn7N--Pd,2026-05-02 03:13:05+00:00,1777691585000,1359,25.43425,42.12441,1002.40002,30352
20260502-025019,-OrafGCB48ph-Z1OdMJf,2026-05-02 03:13:15+00:00,1777691595000,1369,25.43393,42.14784,1002.40997,30374
20260502-025019,-OrafIcn1LnrgTGV5ay_,2026-05-02 03:13:25+00:00,1777691605000,1379,25.43234,42.15352,1002.40997,30308
20260502-025019,-OrafL5jecTHh65ccK4j,2026-05-02 03:13:35+00:00,1777691615000,1389,25.43139,42.15341,1002.40997,30462
20260502-025019,-OrafNWVLpvZQeFDXVXf,2026-05-02 03:13:45+00:00,1777691625000,1399,25.43107,42.11232,1002.40997,30374
20260502-025019,-OrafPxtYyFqKSofV1b7,2026-05-02 03:13:55+00:00,1777691635000,1409,25.43044,42.09467,1002.40997,30529
20260502-025019,-OrafSP6iTennKRDLXbY,2026-05-02 03:14:05+00:00,1777691645000,1419,25.42981,42.08287,1002.41998,30529
20260502-025019,-OrafUqCOnBp1MTWkb8R,2026-05-02 03:14:15+00:00,1777691655000,1429,25.42854,42.11205,1002.41998,30843
20260502-025019,-OrafXHDfA9ebVG46ZOV,2026-05-02 03:14:25+00:00,1777691665000,1439,25.42759,42.15298,1002.42999,30685
20260502-025019,-OrafZipdkLcn_bap9EL,2026-05-02 03:14:35+00:00,1777691675000,1449,25.426,42.2056,1002.41998,30641
20260502-025019,-OrafbAhKLTKu61R2rv5,2026-05-02 03:14:45+00:00,1777691685000,1459,25.42537,42.21726,1002.41998,30798
20260502-025019,-Orafdc613dOTuQ050FC,2026-05-02 03:14:55+00:00,1777691695000,1469,25.426,42.21146,1002.41998,30798
20260502-025019,-OrafgrHbiQ3-TKUrruB,2026-05-02 03:15:05+00:00,1777691705000,1479,25.42379,42.18775,1002.41998,30753
20260502-025019,-OrafiV71M37KjvrQWyN,2026-05-02 03:15:15+00:00,1777691715000,1489,25.42379,42.15842,1002.41998,30798
20260502-025019,-OrafkxZ4XP2JTqfSkGs,2026-05-02 03:15:25+00:00,1777691725000,1499,25.4241,42.135,1002.41998,30753
20260502-025019,-OrafnO2kytqRCFOqlAO,2026-05-02 03:15:35+00:00,1777691735000,1509,25.42315,42.12316,1002.41998,30843
20260502-025019,-OrafpoxSX8-rzNjId41,2026-05-02 03:15:45+00:00,1777691745000,1519,25.4222,42.10546,1002.42999,30843
20260502-025019,-OrafsG00mmGlg_su7R6,2026-05-02 03:15:55+00:00,1777691755000,1529,25.42157,42.08194,1002.42999,30980
20260502-025019,-Orafugv34mCKv56RRgr,2026-05-02 03:16:05+00:00,1777691765000,1539,25.42125,42.08777,1002.44,30957
20260502-025019,-Orafx8jGw8u2TD7hsIk,2026-05-02 03:16:15+00:00,1777691775000,1549,25.4203,42.10526,1002.42999,31049
20260502-025019,-Orafza7RgmNwv92DI8w,2026-05-02 03:16:25+00:00,1777691785000,1559,25.41967,42.13451,1002.42999,31211
20260502-025019,-Orag114dGVZK055I_GJ,2026-05-02 03:16:35+00:00,1777691795000,1569,25.41935,42.14619,1002.44,30957
20260502-025019,-Orag3T2E6LqExxyoXtM,2026-05-02 03:16:45+00:00,1777691805000,1579,25.41871,42.15198,1002.42999,30843
20260502-025019,-Orag5uywB7vCWXjNK2J,2026-05-02 03:16:55+00:00,1777691815000,1589,25.41903,42.15788,1002.44,30889
20260502-025019,-Orag944Y3VHi3Yzn1yk,2026-05-02 03:17:05+00:00,1777691825000,1599,25.4184,42.15781,1002.44,30957
20260502-025019,-OragAnA1WcptZ2J9fZ0,2026-05-02 03:17:15+00:00,1777691835000,1609,25.41871,42.16371,1002.46002,31003
20260502-025019,-OragDDaiZhzi1zSXZiR,2026-05-02 03:17:25+00:00,1777691845000,1619,25.4165,42.18106,1002.45001,31095
20260502-025019,-OragFfibYJStDjw9KZZ,2026-05-02 03:17:35+00:00,1777691855000,1629,25.41428,42.20428,1002.45001,31141
20260502-025019,-OragI6LEd2yjhQzUbUG,2026-05-02 03:17:45+00:00,1777691865000,1639,25.41396,42.25705,1002.44,31141
20260502-025019,-OragKZcFmBYNylmB4Dn,2026-05-02 03:17:55+00:00,1777691875000,1649,25.41428,42.27469,1002.44,31118
20260502-025019,-OragMzs-1ulbHFUJjzQ,2026-05-02 03:18:05+00:00,1777691885000,1659,25.41491,42.26889,1002.44,31141
20260502-025019,-OragPcQW_UOl4ZE22HR,2026-05-02 03:18:15+00:00,1777691895000,1669,25.41428,42.21601,1002.44,31095
20260502-025019,-OragRsJ-NnaN81SViAv,2026-05-02 03:18:25+00:00,1777691905000,1679,25.41269,42.1865,1002.42999,31118
20260502-025019,-OragUOE2rTSXGvfy_UX,2026-05-02 03:18:35+00:00,1777691915000,1689,25.41301,42.18653,1002.44,31072
20260502-025019,-OragWlSt-n_0wuwFr5x,2026-05-02 03:18:45+00:00,1777691925000,1699,25.41333,42.20417,1002.44,31095
20260502-025019,-OragZD-brNILQhmkXIL,2026-05-02 03:18:55+00:00,1777691935000,1709,25.41333,42.22764,1002.44,31026
20260502-025019,-OragadDffuXfoBwYHrm,2026-05-02 03:19:05+00:00,1777691945000,1719,25.41301,42.23933,1002.44,31304
20260502-025019,-Oragd5HRIU7F4PPMVj4,2026-05-02 03:19:15+00:00,1777691955000,1729,25.41174,42.25093,1002.45001,31164
20260502-025019,-OragfWXEbnXdyuhGEvF,2026-05-02 03:19:25+00:00,1777691965000,1739,25.41396,42.28052,1002.45001,31492
20260502-025019,-OraghyZoAxtuakpg85j,2026-05-02 03:19:35+00:00,1777691975000,1749,25.41364,42.29223,1002.44,31374
20260502-025019,-OragkP3KSaUI6IhYjew,2026-05-02 03:19:45+00:00,1777691985000,1759,25.41364,42.28049,1002.45001,31445
20260502-025019,-OragmqLqb65wIbgOy-y,2026-05-02 03:19:55+00:00,1777691995000,1769,25.41333,42.27459,1002.45001,31351
20260502-025019,-OragpI1nU_s88HO0mt0,2026-05-02 03:20:05+00:00,1777692005000,1779,25.41237,42.25687,1002.45001,31469
20260502-025019,-Oragrjr_VaDtfVfejyo,2026-05-02 03:20:15+00:00,1777692015000,1789,25.41174,42.2392,1002.44,31540
20260502-025019,-OraguA987mlxYPSevky,2026-05-02 03:20:25+00:00,1777692025000,1799,25.41079,42.22735,1002.45001,31516
20260502-025019,-OragwbK7gB2pPBmEe0m,2026-05-02 03:20:35+00:00,1777692035000,1809,25.41079,42.21561,1002.46002,31540
20260502-025019,-Oragz2mhb10Y_QFgN4c,2026-05-02 03:20:45+00:00,1777692045000,1819,25.41174,42.22159,1002.46997,31540
20260502-025019,-Orah0VWyGIdBJ3LzNEg,2026-05-02 03:20:55+00:00,1777692055000,1829,25.41111,42.22739,1002.46002,31492
20260502-025019,-Orah2w6n1zytkFOJOsC,2026-05-02 03:21:05+00:00,1777692065000,1839,25.40921,42.2389,1002.46002,31635
20260502-025019,-Orah5NPUZ9ikPFeNDyL,2026-05-02 03:21:15+00:00,1777692075000,1849,25.40921,42.25064,1002.46002,31540
20260502-025019,-Orah88ZwjqEqp6lXDlS,2026-05-02 03:21:25+00:00,1777692085000,1859,25.40825,42.26814,1002.46997,31611
20260502-025019,-OrahAJUUfJf6z_xlsnj,2026-05-02 03:21:35+00:00,1777692095000,1869,25.40762,42.2446,1002.46997,31683
20260502-025019,-OrahCiM_UJoricShiw6,2026-05-02 03:21:45+00:00,1777692105000,1879,25.40857,42.23297,1002.46997,31683
20260502-025019,-OrahFcoSXWnImct5g8h,2026-05-02 03:21:55+00:00,1777692115000,1889,25.40857,42.2095,1002.46997,31803
20260502-025019,-OrahHaJPFVQdYYy2KLQ,2026-05-02 03:22:05+00:00,1777692125000,1899,25.40952,42.21547,1002.47998,31779
20260502-025019,-OrahK1CAp9yyAxgMWyt,2026-05-02 03:22:15+00:00,1777692135000,1909,25.40857,42.20364,1002.48999,31683
20260502-025019,-OrahMT4rXegHG1bscJZ,2026-05-02 03:22:25+00:00,1777692145000,1919,25.40857,42.18017,1002.47998,31731
20260502-025019,-OrahOv74j3_zLv1mKnf,2026-05-02 03:22:35+00:00,1777692155000,1929,25.41016,42.19207,1002.48999,31779
20260502-025019,-OrahRLbu59_bxyCGsRB,2026-05-02 03:22:45+00:00,1777692165000,1939,25.40889,42.1802,1002.48999,31827
20260502-025019,-OrahTnS2TBHe6c6c5EH,2026-05-02 03:22:55+00:00,1777692175000,1949,25.40984,42.18618,1002.5,31731
20260502-025019,-OrahWE1YN1nUilvBD_a,2026-05-02 03:23:05+00:00,1777692185000,1959,25.41016,42.17448,1002.5,31875
20260502-025019,-Orah_KK6ZmDEaAzEWSk,2026-05-02 03:23:15+00:00,1777692195000,1969,25.40984,42.18618,1002.5,31659
20260502-025019,-OrahaDOAJID_2rcmPNG,2026-05-02 03:23:25+00:00,1777692205000,1979,25.40952,42.21547,1002.51001,31611
20260502-025019,-OrahceLYjiKy38Ydpjq,2026-05-02 03:23:35+00:00,1777692215000,1989,25.41047,42.20971,1002.51001,31635
20260502-025019,-OrahfbTeQsW5ZRhZO2L,2026-05-02 03:23:45+00:00,1777692225000,1999,25.41079,42.20388,1002.52002,31683
20260502-025019,-OrahhXcF4DgB97qhkyI,2026-05-02 03:23:55+00:00,1777692235000,2009,25.41174,42.19226,1002.53003,31924
20260502-025019,-OrahlcSVZgn4PlJIHg9,2026-05-02 03:24:06+00:00,1777692246000,2020,25.41016,42.18035,1002.53003,31635
20260502-025019,-OrahmW1aBAWKecEjjJk,2026-05-02 03:24:16+00:00,1777692256000,2030,25.41047,42.18038,1002.53998,31635
20260502-025019,-OraiGjO_2dRyXI16ujx,2026-05-02 03:25:47+00:00,1777692347000,2121,25.40255,42.37904,1002.54999,20112
20260502-025019,-OraiGtauy__Kdg4HK2j,2026-05-02 03:26:24+00:00,1777692384000,2158,25.40001,42.44336,1002.56,17375
20260502-025019,-OraiJlRJ7pHS29yuZZX,2026-05-02 03:26:34+00:00,1777692394000,2168,25.39875,42.33163,1002.57001,20771
20260502-025019,-OraiLnlKSMwnIfgE74B,2026-05-02 03:26:44+00:00,1777692404000,2178,25.39906,42.29058,1002.57001,23884
20260502-025019,-OraiOD9ZwlXqMruvfCK,2026-05-02 03:26:54+00:00,1777692414000,2188,25.3997,42.24371,1002.57001,25970
20260502-025019,-OraiQeSwqLzqq7BPIeG,2026-05-02 03:27:04+00:00,1777692424000,2198,25.40097,42.23211,1002.57001,27325
20260502-025019,-OraiT5lMQsIKHT7Ml-t,2026-05-02 03:27:14+00:00,1777692434000,2208,25.40192,42.22048,1002.56,28418
20260502-025019,-OraiVY0Ifz1AHuABj1X,2026-05-02 03:27:24+00:00,1777692444000,2218,25.4035,42.22066,1002.56,29190
20260502-025019,-OraiYdPcfAclrzPSDna,2026-05-02 03:27:34+00:00,1777692454000,2228,25.40445,42.23838,1002.57001,29602
20260502-025019,-Orai_SVIUaJMBEz-Kzi,2026-05-02 03:27:44+00:00,1777692464000,2238,25.40604,42.24442,1002.57001,30221
20260502-025019,-OraibsHLvC3W4EdSoDF,2026-05-02 03:27:54+00:00,1777692474000,2248,25.40889,42.27995,1002.57001,30374
20260502-025019,-OraieImREry9oRIx7Oj,2026-05-02 03:28:04+00:00,1777692484000,2258,25.40984,42.30354,1002.58002,30730
20260502-025019,-OraigkfbaXci2PcVVzf,2026-05-02 03:28:14+00:00,1777692494000,2268,25.41047,42.30361,1002.58002,30798
20260502-025019,-OraijBgMdJIICNJspVN,2026-05-02 03:28:24+00:00,1777692504000,2278,25.41206,42.28618,1002.59003,31141
20260502-025019,-Orailc_QuWeKhmWLSEM,2026-05-02 03:28:34+00:00,1777692514000,2288,25.41396,42.23944,1002.59003,31445
20260502-025019,-Oraio6PpOXzRDyINzAv,2026-05-02 03:28:44+00:00,1777692524000,2298,25.41459,42.22778,1002.59003,31469
20260502-025019,-OraiqW__wOJFXb04YDV,2026-05-02 03:28:54+00:00,1777692534000,2308,25.41586,42.21033,1002.59003,31683
20260502-025019,-OraisxSo3T31uSKNs1X,2026-05-02 03:29:04+00:00,1777692544000,2318,25.4184,42.22234,1002.59998,31731
20260502-025019,-OraivP-iEPaHeOG9oxr,2026-05-02 03:29:14+00:00,1777692554000,2328,25.42093,42.24023,1002.59998,31827
20260502-025019,-OraixrieAcB8yYzJLU7,2026-05-02 03:29:24+00:00,1777692564000,2338,25.42188,42.24621,1002.59003,32046
20260502-025019,-Oraj-H8SNNAwenW1j8W,2026-05-02 03:29:34+00:00,1777692574000,2348,25.42315,42.26982,1002.59998,31803
20260502-025019,-Oraj1jFLwejc4I9rIgO,2026-05-02 03:29:44+00:00,1777692584000,2358,25.42347,42.28159,1002.59998,31851
20260502-025019,-Oraj49UNS-HI6BeBO8T,2026-05-02 03:29:54+00:00,1777692594000,2368,25.42347,42.25225,1002.60999,32071
20260502-025019,-Oraj6asmzpfqxZO5bs2,2026-05-02 03:30:04+00:00,1777692604000,2378,25.42474,42.23479,1002.60999,32169
20260502-025019,-Oraj928AIxQKvU3wGmX,2026-05-02 03:30:14+00:00,1777692614000,2388,25.426,42.22319,1002.59998,32071
20260502-025019,-OrajBVx1Dr1ZllCbR7h,2026-05-02 03:30:24+00:00,1777692624000,2398,25.42537,42.22313,1002.59998,32219
20260502-025019,-OrajDvnk9qhhviqw6yf,2026-05-02 03:30:34+00:00,1777692634000,2408,25.426,42.21146,1002.60999,32219
20260502-025019,-OrajHeGo12tLiWB0_oY,2026-05-02 03:30:44+00:00,1777692644000,2418,25.42664,42.2174,1002.60999,32468
20260502-025019,-OrajIomQt6RCfdYDN2A,2026-05-02 03:30:54+00:00,1777692654000,2428,25.42759,42.21751,1002.60999,32368
20260502-025019,-OrajLFOqp5vZb5qjlvN,2026-05-02 03:31:04+00:00,1777692664000,2438,25.42727,42.25267,1002.62,32418
20260502-025019,-OrajOHf3f6OIEu02kFM,2026-05-02 03:31:15+00:00,1777692675000,2449,25.42727,42.28789,1002.62,32194
20260502-025019,-OrajQDm7BI5P_SYjEKG,2026-05-02 03:31:25+00:00,1777692685000,2459,25.42791,42.30558,1002.62,32293
20260502-025019,-OrajSfD2PEvIv-BtlN8,2026-05-02 03:31:35+00:00,1777692695000,2469,25.42791,42.32906,1002.63,32594
20260502-025019,-OrajV6A5BHnBDEyoYVC,2026-05-02 03:31:45+00:00,1777692705000,2479,25.42886,42.32329,1002.63,32468
20260502-025019,-OrajXYmxqPkiYoWe4qc,2026-05-02 03:31:55+00:00,1777692715000,2489,25.42854,42.32913,1002.62,32620
20260502-025019,-Oraj_-0EFT0vTgNp59B,2026-05-02 03:32:05+00:00,1777692725000,2499,25.42917,42.3292,1002.64001,32544
20260502-025019,-OrajbRNcxCZuPh_7HYA,2026-05-02 03:32:15+00:00,1777692735000,2509,25.43012,42.32344,1002.63,32696
20260502-025019,-OrajdsaAMCr7CtlCyBl,2026-05-02 03:32:25+00:00,1777692745000,2519,25.42917,42.32333,1002.63,32645
20260502-025019,-OrajgJkOwEipeUhWmaT,2026-05-02 03:32:35+00:00,1777692755000,2529,25.42917,42.34094,1002.62,32620
20260502-025019,-OrajikgvaJqaz9TaNwQ,2026-05-02 03:32:45+00:00,1777692765000,2539,25.42981,42.30579,1002.64001,32696
20260502-025019,-OrajlBt0B29-dFWmegy,2026-05-02 03:32:55+00:00,1777692775000,2549,25.43107,42.29419,1002.64001,32747
20260502-025019,-OrajndK4juAJsuGH3pl,2026-05-02 03:33:05+00:00,1777692785000,2559,25.43171,42.27665,1002.64001,32747
20260502-025019,-Orajq5ZxxN-o-Jxz5aN,2026-05-02 03:33:15+00:00,1777692795000,2569,25.43203,42.24734,1002.65002,32645
20260502-025019,-OrajsXOIYtH2xkPpuwS,2026-05-02 03:33:25+00:00,1777692805000,2579,25.43298,42.2592,1002.65002,32493
20260502-025019,-Orajuxwut-4GqMsJoES,2026-05-02 03:33:35+00:00,1777692815000,2589,25.43361,42.26513,1002.64001,32544
20260502-025019,-Orajxs29bSiheIUGCKe,2026-05-02 03:33:45+00:00,1777692825000,2599,25.43488,42.28288,1002.65002,32493
20260502-025019,-OrajzqM-5j3tgMKdDXT,2026-05-02 03:33:55+00:00,1777692835000,2609,25.43583,42.26538,1002.65002,32671
20260502-025019,-Orak1HgJgw1cfrMyaCg,2026-05-02 03:34:05+00:00,1777692845000,2619,25.43551,42.25947,1002.65002,32901
20260502-025019,-Orak3jLoNO9Xxd9USsD,2026-05-02 03:34:15+00:00,1777692855000,2629,25.43583,42.23017,1002.65002,32876
20260502-025019,-Orak6AqBg1EJ6Mb0zBH,2026-05-02 03:34:25+00:00,1777692865000,2639,25.43678,42.23028,1002.65002,32850
20260502-025019,-Orak8bq2a1qXAvxWiLM,2026-05-02 03:34:35+00:00,1777692875000,2649,25.43646,42.24784,1002.65002,32824
20260502-025019,-OrakB2emm_RIndyNdb3,2026-05-02 03:34:45+00:00,1777692885000,2659,25.43678,42.25962,1002.65997,32850
20260502-025019,-OrakDVFTJom5DMy2R_i,2026-05-02 03:34:55+00:00,1777692895000,2669,25.4371,42.27726,1002.66998,32979
20260502-025019,-OrakFw945ZhdYB23NTp,2026-05-02 03:35:05+00:00,1777692905000,2679,25.43646,42.30654,1002.66998,32876
20260502-025019,-OrakINSGen4iglwbSx_,2026-05-02 03:35:15+00:00,1777692915000,2689,25.43741,42.30078,1002.67999,32747
20260502-025019,-OrakKoaHLJW5mkZsN4u,2026-05-02 03:35:25+00:00,1777692925000,2699,25.4371,42.30661,1002.67999,32953
20260502-025019,-OrakNG6r4EHqYsG_mop,2026-05-02 03:35:35+00:00,1777692935000,2709,25.43741,42.32426,1002.67999,33241
20260502-025019,-OrakPhPrZ0YqOlrkM7y,2026-05-02 03:35:45+00:00,1777692945000,2719,25.43773,42.30668,1002.69,33135
20260502-025019,-OrakS8jAmFi3ld7gJDy,2026-05-02 03:35:55+00:00,1777692955000,2729,25.43868,42.35376,1002.70001,32876
20260502-025019,-OrakUa-xG0ilhwgoCIT,2026-05-02 03:36:05+00:00,1777692965000,2739,25.43868,42.34789,1002.69,33005
20260502-025019,-OrakX10HmuOtEviwyr3,2026-05-02 03:36:15+00:00,1777692975000,2749,25.43932,42.34796,1002.69,32979
20260502-025019,-OrakZTXfgFGJ11QIwo8,2026-05-02 03:36:25+00:00,1777692985000,2759,25.43963,42.34212,1002.69,33135
20260502-025019,-Orakaua6SooezKXQbhP,2026-05-02 03:36:35+00:00,1777692995000,2769,25.43963,42.34799,1002.69,33083
20260502-025019,-OrakdM4CPtYW5nn9ikr,2026-05-02 03:36:45+00:00,1777693005000,2779,25.44027,42.35981,1002.69,33135
20260502-025019,-Orakg-hVoLDUui26Ozh,2026-05-02 03:36:55+00:00,1777693015000,2789,25.44058,42.38921,1002.69,33135
20260502-025019,-OrakiE5QNDjTUF_jv0I,2026-05-02 03:37:05+00:00,1777693025000,2799,25.4409,42.40686,1002.71002,33162
20260502-025019,-OrakkgNk4PPAOngYBRp,2026-05-02 03:37:15+00:00,1777693035000,2809,25.44027,42.4068,1002.71002,33267
20260502-025019,-Orakn6qWH7a-x3d3w2U,2026-05-02 03:37:25+00:00,1777693045000,2819,25.44027,42.4068,1002.71002,33267
20260502-025019,-OrakpZbiR4nTIYCNY5x,2026-05-02 03:37:35+00:00,1777693055000,2829,25.44027,42.4068,1002.71997,33241
20260502-025019,-Oraks-86cu6ExH1hu8L,2026-05-02 03:37:45+00:00,1777693065000,2839,25.4409,42.41273,1002.71002,33267
20260502-025019,-OrakuRjI5MOCQLom54A,2026-05-02 03:37:55+00:00,1777693075000,2849,25.4409,42.41861,1002.71002,33506
20260502-025019,-OrakwsxEh_K9_DTI9nA,2026-05-02 03:38:05+00:00,1777693085000,2859,25.44058,42.4127,1002.71002,33506
20260502-025019,-OrakzJzKR2noTDivTiv,2026-05-02 03:38:15+00:00,1777693095000,2869,25.44122,42.38929,1002.71997,33533
20260502-025019,-Oral0qobqYZojdg5hio,2026-05-02 03:38:25+00:00,1777693105000,2879,25.44217,42.36003,1002.71997,33293
20260502-025019,-Oral3CQ78yGK1SNcw0z,2026-05-02 03:38:35+00:00,1777693115000,2889,25.4428,42.33074,1002.72998,33373
20260502-025019,-Oral5dh3BXk7bMgmq5G,2026-05-02 03:38:45+00:00,1777693125000,2899,25.44375,42.32498,1002.72998,33346
20260502-025019,-Oral85OmFWtdic_-G_8,2026-05-02 03:38:55+00:00,1777693135000,2909,25.44375,42.3015,1002.72998,33426
20260502-025019,-OralAXJ_V3mQznGlTnx,2026-05-02 03:39:05+00:00,1777693145000,2919,25.44439,42.28983,1002.73999,33614
20260502-025019,-OralCzDXiLVO0eaBIue,2026-05-02 03:39:15+00:00,1777693155000,2929,25.44534,42.28406,1002.73999,33533
20260502-025019,-OralFPjRAkw4gL1EqRc,2026-05-02 03:39:25+00:00,1777693165000,2939,25.44597,42.29,1002.73999,33373
20260502-025019,-OralHrlyisRdPMLbXe1,2026-05-02 03:39:35+00:00,1777693175000,2949,25.44692,42.30185,1002.73999,33506
20260502-025019,-OralKJ1QZo5cbJNWfNC,2026-05-02 03:39:45+00:00,1777693185000,2959,25.44692,42.3312,1002.75,33695
20260502-025019,-OralMjT9fODC-p2dm3w,2026-05-02 03:39:55+00:00,1777693195000,2969,25.44756,42.35477,1002.75,33506
20260502-025019,-OralQ-z-gceNFwh8aDW,2026-05-02 03:40:05+00:00,1777693205000,2979,25.44756,42.39001,1002.75,33399
20260502-025019,-OralRcDBVuqKngT7R2R,2026-05-02 03:40:15+00:00,1777693215000,2989,25.44756,42.40175,1002.76001,33346
20260502-025019,-OralU4HnTUZqmjRALQi,2026-05-02 03:40:25+00:00,1777693225000,2999,25.44756,42.40763,1002.77002,33587
20260502-025019,-OralWW7VPXa05uWRKJf,2026-05-02 03:40:35+00:00,1777693235000,3009,25.44724,42.41346,1002.76001,33399
20260502-025019,-OralYxXEq-CI3ioV4rn,2026-05-02 03:40:45+00:00,1777693245000,3019,25.44661,42.41926,1002.77002,33533
20260502-025019,-OralaOZ5YhxZlozDR1C,2026-05-02 03:40:55+00:00,1777693255000,3029,25.44661,42.42514,1002.77002,33614
20260502-025019,-Oralcowr737Ob3YF6AE,2026-05-02 03:41:05+00:00,1777693265000,3039,25.44724,42.44283,1002.77002,33776
20260502-025019,-OralfGVodJe0a09qVDH,2026-05-02 03:41:15+00:00,1777693275000,3049,25.44756,42.44287,1002.77002,33614
20260502-025019,-OralhhaHmRKWP1ctd4V,2026-05-02 03:41:25+00:00,1777693285000,3059,25.44819,42.46056,1002.77002,33749
20260502-025019,-Oralka4-o0jF84yhFIm,2026-05-02 03:41:35+00:00,1777693295000,3069,25.44946,42.44896,1002.78003,33560
20260502-025019,-Oralma8hoTwm2tLgZyR,2026-05-02 03:41:45+00:00,1777693305000,3079,25.44914,42.44304,1002.78998,33776
20260502-025019,-Oralp1VOFU9l7FcTIt6,2026-05-02 03:41:55+00:00,1777693315000,3089,25.44946,42.39609,1002.78003,33668
20260502-025019,-OralrT_p3LMM19wqaaO,2026-05-02 03:42:05+00:00,1777693325000,3099,25.44946,42.34911,1002.78998,33722
20260502-025019,-Oraltv7mQPxNgmpeP2V,2026-05-02 03:42:15+00:00,1777693335000,3109,25.44978,42.33153,1002.78003,33831
20260502-025019,-OralwN3eW4Zpd5yIXP3,2026-05-02 03:42:25+00:00,1777693345000,3119,25.45009,42.29634,1002.78003,33940
20260502-025019,-OralynEVug7XuvcZkjy,2026-05-02 03:42:35+00:00,1777693355000,3129,25.44946,42.30801,1002.78003,33995
20260502-025019,-Oram0FA_39DmVgkNB4A,2026-05-02 03:42:45+00:00,1777693365000,3139,25.45009,42.3433,1002.78003,33858
20260502-025019,-Oram2gPpTY95X5B8DuG,2026-05-02 03:42:55+00:00,1777693375000,3149,25.45041,42.36095,1002.78998,33776
20260502-025019,-Oram57RVTDYXR1eJeEI,2026-05-02 03:43:05+00:00,1777693385000,3159,25.45168,42.37872,1002.78998,33831
20260502-025019,-Oram8fu3a2aWyJOpd5G,2026-05-02 03:43:15+00:00,1777693395000,3169,25.45199,42.37875,1002.78998,33968
20260502-025019,-OramA0VEwPKpHbHOjND,2026-05-02 03:43:25+00:00,1777693405000,3179,25.45231,42.37879,1002.79999,33885
20260502-025019,-OramCSa7J6TrUSlAwg8,2026-05-02 03:43:35+00:00,1777693415000,3189,25.45295,42.36711,1002.79999,34134
20260502-025019,-OramEtVSnzEfIuGJXxg,2026-05-02 03:43:45+00:00,1777693425000,3199,25.45358,42.36132,1002.81,33858
20260502-025019,-OramI996Bvac2jzx2_V,2026-05-02 03:43:55+00:00,1777693435000,3209,25.4539,42.3496,1002.81,33831
20260502-025019,-OramKTMUVpRipyZTXwv,2026-05-02 03:44:05+00:00,1777693445000,3219,25.4539,42.34373,1002.78998,33913
20260502-025019,-OramMmRpqSvD-GRzQct,2026-05-02 03:44:15+00:00,1777693455000,3229,25.4539,42.32024,1002.78998,33968
20260502-025019,-OramP9w2bBuZc9aSpvW,2026-05-02 03:44:25+00:00,1777693465000,3239,25.45516,42.32039,1002.78998,34106
20260502-025019,-OramR5rebfRFqyJho4L,2026-05-02 03:44:35+00:00,1777693475000,3249,25.4558,42.33808,1002.78998,34134
20260502-025019,-OramTYiNm0Fui5EPrvv,2026-05-02 03:44:45+00:00,1777693485000,3259,25.45707,42.32648,1002.78998,34023
20260502-025019,-OramW23nFBXCpmUmw49,2026-05-02 03:44:55+00:00,1777693495000,3269,25.45675,42.31469,1002.79999,33940
20260502-025019,-OramZIbxbopv7_QLbW_,2026-05-02 03:45:05+00:00,1777693505000,3279,25.45738,42.30891,1002.79999,33695
20260502-025019,-Oram_xkqWgAMEhWnZBe,2026-05-02 03:45:15+00:00,1777693515000,3289,25.4577,42.29719,1002.78998,34078
20260502-025019,-OramcOcMToSBL8Rnt16,2026-05-02 03:45:25+00:00,1777693525000,3299,25.45802,42.29136,1002.78003,33913
20260502-025019,-OrameqMmjZBsyzkRS_W,2026-05-02 03:45:35+00:00,1777693535000,3309,25.45928,42.29737,1002.77002,33940
20260502-025019,-OramhHjHkhmuVQM9ta1,2026-05-02 03:45:45+00:00,1777693545000,3319,25.4596,42.32676,1002.77002,33831
20260502-025019,-OramjiYA4Di0gdmCA7M,2026-05-02 03:45:55+00:00,1777693555000,3329,25.4596,42.33263,1002.75,34023
20260502-025019,-OrammA0hnvVREWcyOSE,2026-05-02 03:46:05+00:00,1777693565000,3339,25.46023,42.32684,1002.75,33968
20260502-025019,-Orampr8ceD8TLbLAnIo,2026-05-02 03:46:15+00:00,1777693575000,3349,25.46023,42.33271,1002.75,33968
20260502-025019,-Oramr28FiTt_Uid_R5H,2026-05-02 03:46:25+00:00,1777693585000,3359,25.46055,42.29752,1002.73999,34134
20260502-025019,-OramtUoYiXRG_qe5Omc,2026-05-02 03:46:35+00:00,1777693595000,3369,25.46087,42.29168,1002.71997,34106
20260502-025019,-Oran1bSRnod0mJdUJIL,2026-05-02 03:46:45+00:00,1777693605000,3379,25.4615,42.28588,1002.71997,33940
20260502-025019,-Oran1irNqZHnI26qP04,2026-05-02 03:47:13+00:00,1777693633000,3407,25.45928,42.43832,1002.71997,25858
20260502-025019,-Oran4YXw_DQLzLjlOF7,2026-05-02 03:47:23+00:00,1777693643000,3417,25.4596,42.36787,1002.71002,28264
20260502-025019,-Oran6biDjGjkUnHjXI5,2026-05-02 03:47:33+00:00,1777693653000,3427,25.46023,42.36794,1002.71002,30047
20260502-025019,-Oran92bZ0-vCQt9Lu-7,2026-05-02 03:47:43+00:00,1777693663000,3437,25.46023,42.36794,1002.71002,31421
20260502-025019,-OranBUyTyN9Ng7L7X93,2026-05-02 03:47:53+00:00,1777693673000,3447,25.4615,42.39157,1002.70001,32219
20260502-025019,-OranDw7xoVej6atwkGM,2026-05-02 03:48:03+00:00,1777693683000,3457,25.46214,42.40927,1002.70001,32927
20260502-025019,-OranGPNrxQvnlyvvUH5,2026-05-02 03:48:13+00:00,1777693693000,3467,25.4634,42.41529,1002.70001,33162
20260502-025019,-OranJgx5h0PjVTjbC28,2026-05-02 03:48:23+00:00,1777693703000,3477,25.46467,42.44481,1002.70001,33162
20260502-025019,-OranLNXvh7QfOw4f5XW,2026-05-02 03:48:33+00:00,1777693713000,3487,25.46435,42.43889,1002.69,33560
20260502-025019,-OranO4hzro7LIEihguH,2026-05-02 03:48:44+00:00,1777693724000,3498,25.46562,42.45079,1002.70001,33399
20260502-025019,-OranQKbUaP0c7AXsg94,2026-05-02 03:48:54+00:00,1777693734000,3508,25.46594,42.4567,1002.70001,33533
20260502-025019,-OranSlghDNwMYJknB05,2026-05-02 03:49:04+00:00,1777693744000,3518,25.46816,42.45695,1002.69,33858
20260502-025019,-OranVCiqOHkAYtpYTgq,2026-05-02 03:49:14+00:00,1777693754000,3528,25.46879,42.44527,1002.70001,33722
20260502-025019,-OranXkuEm_sPXs8RUYD,2026-05-02 03:49:24+00:00,1777693764000,3538,25.46943,42.43947,1002.69,33695
20260502-025019,-Oran_5GVivWtyLVier-,2026-05-02 03:49:34+00:00,1777693774000,3548,25.46943,42.40422,1002.69,33995
20260502-025019,-OranbXVmTx07i9d8PHw,2026-05-02 03:49:44+00:00,1777693784000,3558,25.46943,42.3866,1002.67999,34023
20260502-025019,-OrandzGgueX4EDB8c0L,2026-05-02 03:49:54+00:00,1777693794000,3568,25.47069,42.38675,1002.67999,34189
20260502-025019,-OranhDXEZlxq25vaCn2,2026-05-02 03:50:04+00:00,1777693804000,3578,25.47165,42.40447,1002.69,33995
20260502-025019,-OranirCoKKLOVcr7HD8,2026-05-02 03:50:14+00:00,1777693814000,3588,25.47291,42.38112,1002.69,34078
20260502-025019,-OranlIPoBo2CUiANEn2,2026-05-02 03:50:24+00:00,1777693824000,3598,25.4745,42.38129,1002.70001,34134
20260502-025019,-OrannkZoy7MT9VfAjBM,2026-05-02 03:50:34+00:00,1777693834000,3608,25.47608,42.36973,1002.71002,34386
20260502-025019,-OranqAu0auTPl2w67Ui,2026-05-02 03:50:44+00:00,1777693844000,3618,25.4764,42.33453,1002.71002,34134
20260502-025019,-Oransc8_LAe8O0EJLXZ,2026-05-02 03:50:54+00:00,1777693854000,3628,25.47798,42.3171,1002.71002,34162
20260502-025019,-Oranv4HTErFgw2puf8E,2026-05-02 03:51:04+00:00,1777693864000,3638,25.47798,42.32297,1002.71997,34386
20260502-025019,-OranxVaYonuDr3JRFCD,2026-05-02 03:51:14+00:00,1777693874000,3648,25.47798,42.32297,1002.71997,34358
20260502-025019,-OranzyyMHN9WYpoiCxj,2026-05-02 03:51:24+00:00,1777693884000,3658,25.47798,42.36994,1002.71997,34414
20260502-025019,-Orao1OEfiT0XMmdyXYn,2026-05-02 03:51:34+00:00,1777693894000,3668,25.47862,42.41113,1002.71002,34499
20260502-025019,-Orao3sykGp62C0yiuo-,2026-05-02 03:51:44+00:00,1777693904000,3678,25.47957,42.41711,1002.71997,34499
20260502-025019,-Orao9W_D-rESrXPF2KY,2026-05-02 03:51:54+00:00,1777693914000,3688,25.4802,42.41132,1002.72998,34386
20260502-025019,-Orao9qV4Qvx2kk_3lxJ,2026-05-02 03:52:08+00:00,1777693928000,3702,25.47957,42.47586,1002.71997,31611
20260502-025019,-OraoCJAfQ1lM0sxmpdn,2026-05-02 03:52:18+00:00,1777693938000,3712,25.47989,42.42303,1002.72998,32671
20260502-025019,-OraoGHRseU4KaxOxdSU,2026-05-02 03:52:28+00:00,1777693948000,3722,25.48052,42.4231,1002.72998,33293
20260502-025019,-OraoHAaOapOp_ZGblut,2026-05-02 03:52:38+00:00,1777693958000,3732,25.4802,42.40544,1002.72998,33940
20260502-025019,-OraoJbTEemYeseyq8lb,2026-05-02 03:52:48+00:00,1777693968000,3742,25.4802,42.41132,1002.72998,34106
20260502-025019,-OraoM2dPWtXOXgyCcOF,2026-05-02 03:52:58+00:00,1777693978000,3752,25.48179,42.40561,1002.73999,34217
20260502-025019,-OraoOVLKSvZva-EyW_W,2026-05-02 03:53:08+00:00,1777693988000,3762,25.4821,42.38803,1002.72998,34414
20260502-025019,-OraoSnhMGoyHYXgU5l-,2026-05-02 03:53:19+00:00,1777693999000,3773,25.48242,42.36457,1002.75,34358
20260502-025019,-OraoUErkICWMu-Gsmk8,2026-05-02 03:53:32+00:00,1777694012000,3786,25.48179,42.38212,1002.75,32169
20260502-025019,-OraoWgxR6dWOab2Pxj-,2026-05-02 03:53:42+00:00,1777694022000,3796,25.48084,42.34678,1002.75,33188
20260502-025019,-OraoZ8RQCQKbXjUuH1B,2026-05-02 03:53:52+00:00,1777694032000,3806,25.48179,42.33514,1002.75,33803
20260502-025019,-OraoaZ_mjr_xOrTz1cg,2026-05-02 03:54:02+00:00,1777694042000,3816,25.48274,42.32351,1002.76001,33995
20260502-025019,-Oraod-y_HGcahjbC8gc,2026-05-02 03:54:12+00:00,1777694052000,3826,25.48274,42.32351,1002.76001,34414
20260502-025019,-OraofTcU4i5OHWGKIT8,2026-05-02 03:54:22+00:00,1777694062000,3836,25.484,42.31778,1002.77002,34329
20260502-025019,-Oraok0oP_qTAbfwWpi9,2026-05-02 03:54:32+00:00,1777694072000,3846,25.484,42.33539,1002.78003,34189
20260502-025019,-OraokV9OlUUavmF9l3U,2026-05-02 03:54:43+00:00,1777694083000,3857,25.48559,42.31795,1002.78998,34358
20260502-025019,-OraomxICq_MZDfnU3__,2026-05-02 03:54:53+00:00,1777694093000,3867,25.48559,42.34731,1002.78998,34442
20260502-025019,-OraopNiEAaoznlPL2zp,2026-05-02 03:55:03+00:00,1777694103000,3877,25.48654,42.33568,1002.79999,34584
20260502-025019,-OraoromRn1WzcV6MXXb,2026-05-02 03:55:13+00:00,1777694113000,3887,25.48686,42.31223,1002.78998,34613
20260502-025019,-OraouFxLdAjgqi-vCWJ,2026-05-02 03:55:23+00:00,1777694123000,3897,25.48876,42.28309,1002.78998,34814
20260502-025019,-Orap--MmLGRjtyxKaSr,2026-05-02 03:55:33+00:00,1777694133000,3907,25.48908,42.27138,1002.78998,34756
20260502-025019,-Orap-TkOWLz3Gx69iM1,2026-05-02 03:55:48+00:00,1777694148000,3922,25.48812,42.31824,1002.78998,31540
20260502-025019,-Orap1v3FGAYAyo1TLq8,2026-05-02 03:55:58+00:00,1777694158000,3932,25.48844,42.25958,1002.79999,32645
20260502-025019,-Orap4MGdHCF9FtIPXeO,2026-05-02 03:56:08+00:00,1777694168000,3942,25.48908,42.25377,1002.79999,33506
20260502-025019,-Orap6p4Z_kzFwiXDvLK,2026-05-02 03:56:18+00:00,1777694178000,3952,25.48939,42.25381,1002.79999,33940
20260502-025019,-Orap9F8jen0wvQk1O_3,2026-05-02 03:56:28+00:00,1777694188000,3962,25.49003,42.25975,1002.79999,34442
20260502-025019,-OrapBgJJGTW0gL3XaEV,2026-05-02 03:56:38+00:00,1777694198000,3972,25.49035,42.2774,1002.78998,34358
20260502-025019,-OrapE7H_T_OU6MAoNyi,2026-05-02 03:56:48+00:00,1777694208000,3982,25.49129,42.2775,1002.81,34471
20260502-025019,-OrapG_p4i8fmDHk9LED,2026-05-02 03:56:58+00:00,1777694218000,3992,25.49288,42.27768,1002.81,34642
20260502-025019,-OrapJ17kG6GaYcrmUuu,2026-05-02 03:57:08+00:00,1777694228000,4002,25.49288,42.26594,1002.79999,34728
20260502-025019,-OrapLTfDZ77fIffej5x,2026-05-02 03:57:18+00:00,1777694238000,4012,25.49383,42.25432,1002.81,34872
20260502-025019,-OrapNuRUU995GQBxg9-,2026-05-02 03:57:28+00:00,1777694248000,4022,25.49478,42.25442,1002.82001,34785
20260502-025019,-OrapQLh3ejK1AIjiyLN,2026-05-02 03:57:38+00:00,1777694258000,4032,25.49446,42.27786,1002.81,34756
20260502-025019,-OrapSovJjztVTqa_eQx,2026-05-02 03:57:48+00:00,1777694268000,4042,25.4951,42.29555,1002.81,34959
20260502-025019,-OrapVF6ovv_X9k-3qjt,2026-05-02 03:57:58+00:00,1777694278000,4052,25.4951,42.29555,1002.81,34959
20260502-025019,-OrapXhVEoG8pq8cxPop,2026-05-02 03:58:08+00:00,1777694288000,4062,25.49573,42.30149,1002.81,34930
20260502-025019,-Orap_7wdJORilGNhAtx,2026-05-02 03:58:18+00:00,1777694298000,4072,25.49668,42.32508,1002.82001,34959
20260502-025019,-OrapbYICXfKVXoMefqw,2026-05-02 03:58:28+00:00,1777694308000,4082,25.49573,42.36608,1002.81,34989
20260502-025019,-OrapfJ33j82OFmJsDzb,2026-05-02 03:58:38+00:00,1777694318000,4092,25.49637,42.38377,1002.82001,35165
20260502-025019,-OrapgQBMHbXGSRVu_Jq,2026-05-02 03:58:48+00:00,1777694328000,4102,25.497,42.38972,1002.81,35076
20260502-025019,-OrapirmnkEsj8XettQT,2026-05-02 03:58:58+00:00,1777694338000,4112,25.49795,42.38982,1002.82001,35253
20260502-025019,-OraplJMcvua4I53T_LS,2026-05-02 03:59:08+00:00,1777694348000,4122,25.49858,42.41339,1002.78998,35194
20260502-025019,-OrapnlkJvwbGxIPb6Ek,2026-05-02 03:59:18+00:00,1777694358000,4132,25.49922,42.39584,1002.78998,35076
20260502-025019,-OrapqB8UkQm6tGe5DNq,2026-05-02 03:59:28+00:00,1777694368000,4142,25.49954,42.39,1002.78998,35165
20260502-025019,-OraptGyJhCFK3vSAThG,2026-05-02 03:59:38+00:00,1777694378000,4152,25.5008,42.40777,1002.79999,34843
20260502-025019,-Orapv9iDVoFddYl4eyW,2026-05-02 03:59:48+00:00,1777694388000,4162,25.5008,42.41364,1002.79999,35018
20260502-025019,-OrapxcF2Pt8yDKCyVN1,2026-05-02 03:59:58+00:00,1777694398000,4172,25.50144,42.40784,1002.78998,35047
20260502-025019,-Oraq-49YJxiNYpJJovj,2026-05-02 04:00:08+00:00,1777694408000,4182,25.5008,42.41364,1002.78998,35106
20260502-025019,-Oraq1UP4ZFgjffflKjl,2026-05-02 04:00:18+00:00,1777694418000,4192,25.50144,42.41371,1002.78003,35253
20260502-025019,-Oraq3v_t-pUxgll1BjM,2026-05-02 04:00:28+00:00,1777694428000,4202,25.5008,42.41364,1002.77002,35283
20260502-025019,-Oraq6MqaSzWsIOxI4Yk,2026-05-02 04:00:38+00:00,1777694438000,4212,25.50049,42.39598,1002.76001,35253
20260502-025019,-Oraq8o3GDUasj4EF5Rr,2026-05-02 04:00:48+00:00,1777694448000,4222,25.50144,42.40197,1002.76001,35253
20260502-025019,-OraqBHiBxPxefgiUUlb,2026-05-02 04:00:58+00:00,1777694458000,4232,25.50207,42.39616,1002.76001,35343
20260502-025019,-OraqDhdGw9-97PSv1uZ,2026-05-02 04:01:08+00:00,1777694468000,4242,25.50207,42.38442,1002.75,35462
20260502-025019,-OraqG7ovrlHsOThml9y,2026-05-02 04:01:18+00:00,1777694478000,4252,25.50207,42.39029,1002.75,35343
20260502-025019,-OraqI_8IPtAvcpw1tPO,2026-05-02 04:01:28+00:00,1777694488000,4262,25.50239,42.40207,1002.73999,35283
20260502-025019,-OraqN2Yw4QguawLuZBe,2026-05-02 04:01:38+00:00,1777694498000,4272,25.50207,42.39029,1002.73999,35224
20260502-025019,-OraqNTUeBikhjoZ7gSv,2026-05-02 04:01:48+00:00,1777694508000,4282,25.50207,42.40791,1002.72998,35372
20260502-025019,-OraqPu0qmgf6AoVpfE1,2026-05-02 04:01:58+00:00,1777694518000,4292,25.5027,42.39036,1002.72998,35402
20260502-025019,-OraqSL3Sk3OUPHr3YGI,2026-05-02 04:02:08+00:00,1777694528000,4302,25.5027,42.4021,1002.71002,35613
20260502-025019,-OraqUmGji2OjJXfU504,2026-05-02 04:02:18+00:00,1777694538000,4312,25.50334,42.40805,1002.71002,35283
20260502-025019,-OraqYJmUEv5ApIkBSDm,2026-05-02 04:02:29+00:00,1777694549000,4323,25.50302,42.40215,1002.71002,35076
20260502-025019,-OraqZl4qzddkQs8xpPV,2026-05-02 04:02:39+00:00,1777694559000,4333,25.50397,42.40225,1002.70001,35224
20260502-025019,-OraqbCFqo70GMxtToLH,2026-05-02 04:02:49+00:00,1777694569000,4343,25.50429,42.36705,1002.69,35253
20260502-025019,-Oraqdd15WsF3lOF0ME5,2026-05-02 04:02:59+00:00,1777694579000,4353,25.50556,42.33783,1002.69,35492
20260502-025019,-Oraqg6QK2LmRwxYoXqC,2026-05-02 04:03:09+00:00,1777694589000,4363,25.50524,42.32018,1002.70001,35372
20260502-025019,-OraqiWaLErxYFZvBkdT,2026-05-02 04:03:19+00:00,1777694599000,4373,25.50524,42.3143,1002.69,35492
20260502-025019,-OraqkygBL_e1rZKXo4e,2026-05-02 04:03:29+00:00,1777694609000,4383,25.50682,42.30861,1002.67999,35613
20260502-025019,-OraqnQaZyZfhUY3M49W,2026-05-02 04:03:39+00:00,1777694619000,4393,25.50746,42.33217,1002.69,35704
20260502-025019,-OraqpqVJWtdZniG6zUf,2026-05-02 04:03:49+00:00,1777694629000,4403,25.50841,42.33815,1002.67999,35522
20260502-025019,-OraqsIUPfb3DXSwqiqa,2026-05-02 04:03:59+00:00,1777694639000,4413,25.50936,42.34413,1002.69,35492
20260502-025019,-OraquiwOaL-lIsY6UQJ,2026-05-02 04:04:09+00:00,1777694649000,4423,25.50968,42.32655,1002.69,35432
20260502-025019,-OraqxAKo7J4KlFNn6Et,2026-05-02 04:04:19+00:00,1777694659000,4433,25.51031,42.33249,1002.69,35673
20260502-025019,-OraqzbMA-3Sw6jvOzIy,2026-05-02 04:04:29+00:00,1777694669000,4443,25.51063,42.32666,1002.67999,35552
20260502-025019,-Orar2Op0GEF3KKoXsZb,2026-05-02 04:04:39+00:00,1777694679000,4453,25.51094,42.33256,1002.67999,35795
20260502-025019,-Orar3Uw25qOedkG6lZA,2026-05-02 04:04:49+00:00,1777694689000,4463,25.51126,42.3326,1002.67999,35673
20260502-025019,-Orar5w3NzX4rDYV2V7I,2026-05-02 04:04:59+00:00,1777694699000,4473,25.5119,42.30918,1002.67999,35643
20260502-025019,-Orar8NQqNqWxmj81WA6,2026-05-02 04:05:09+00:00,1777694709000,4483,25.51158,42.30328,1002.69,35795
20260502-025019,-OrarAoifKZYqYo486eZ,2026-05-02 04:05:19+00:00,1777694719000,4493,25.51221,42.28574,1002.67999,35673
20260502-025019,-OrarDFqtzJ7kU1YeMYl,2026-05-02 04:05:29+00:00,1777694729000,4503,25.51285,42.29168,1002.67999,35734
20260502-025019,-OrarFhAcF_TrPv_QPFE,2026-05-02 04:05:39+00:00,1777694739000,4513,25.51348,42.32698,1002.70001,35704
20260502-025019,-OrarI8HKPCl0YhpsTs7,2026-05-02 04:05:49+00:00,1777694749000,4523,25.51348,42.32698,1002.69,35765
20260502-025019,-OrarK_fW-tWpucUBq2T,2026-05-02 04:05:59+00:00,1777694759000,4533,25.51348,42.32698,1002.69,35826
20260502-025019,-OrarN0skxEBofqcwibk,2026-05-02 04:06:09+00:00,1777694769000,4543,25.51348,42.33285,1002.70001,35795
20260502-025019,-OrarPTm6Wy_U6o1TLm6,2026-05-02 04:06:19+00:00,1777694779000,4553,25.51348,42.31523,1002.71002,35887
20260502-025019,-OrarRuUzVfXgGQgTbN7,2026-05-02 04:06:29+00:00,1777694789000,4563,25.51253,42.29752,1002.71997,36073
20260502-025019,-OrarULnk1VQloAeWT4C,2026-05-02 04:06:39+00:00,1777694799000,4573,25.51316,42.30345,1002.71002,35795
20260502-025019,-OrarWmkMue-ZeHEib0-,2026-05-02 04:06:49+00:00,1777694809000,4583,25.51443,42.31534,1002.71997,35887
20260502-025019,-OrarZE9_OXWPox0rANb,2026-05-02 04:06:59+00:00,1777694819000,4593,25.51475,42.3095,1002.71997,35765
20260502-025019,-OrarafRcbLx5A_83Ej7,2026-05-02 04:07:09+00:00,1777694829000,4603,25.51538,42.29197,1002.71997,35918
20260502-025019,-Orard7XVhM-Kqhx5Esr,2026-05-02 04:07:19+00:00,1777694839000,4613,25.51538,42.27436,1002.71997,36104
20260502-025019,-OrarfYm6gQZfCM06cb1,2026-05-02 04:07:29+00:00,1777694849000,4623,25.51602,42.28617,1002.72998,35857
20260502-025019,-Orari-8tty-GQah-jQW,2026-05-02 04:07:39+00:00,1777694859000,4633,25.51697,42.28628,1002.72998,36073
20260502-025019,-OrarlJ0DydanNT3-g5D,2026-05-02 04:07:49+00:00,1777694869000,4643,25.51697,42.30976,1002.73999,35795
20260502-025019,-OrarnLSHBQExWD2iEd7,2026-05-02 04:08:01+00:00,1777694881000,4655,25.51633,42.36253,1002.72998,34301
20260502-025019,-Orarpn-Y-WHWjH6IJRH,2026-05-02 04:08:11+00:00,1777694891000,4665,25.51665,42.34496,1002.72998,34930
20260502-025019,-OrarsGXq7v9QpfeiLv9,2026-05-02 04:08:21+00:00,1777694901000,4675,25.51792,42.33922,1002.72998,35253
20260502-025019,-OrarukjP-Zghwsdw140,2026-05-02 04:08:31+00:00,1777694911000,4685,25.51855,42.36865,1002.73999,35704
20260502-025019,-Orarx8urvTbih8BzERV,2026-05-02 04:08:41+00:00,1777694921000,4695,25.51824,42.38037,1002.73999,35949
20260502-025019,-OrarzYXTdAV46ppdGnQ,2026-05-02 04:08:51+00:00,1777694931000,4705,25.51887,42.37457,1002.73999,35826
20260502-025019,-Oras10DuC6o-BS5m9Ij,2026-05-02 04:09:01+00:00,1777694941000,4715,25.5195,42.37463,1002.75,35795
20260502-025019,-Oras3SSUi8Hs5Ex1RuD,2026-05-02 04:09:11+00:00,1777694951000,4725,25.51982,42.38055,1002.75,35857
20260502-025019,-Oras5uDjr3mKLaM2xNn,2026-05-02 04:09:21+00:00,1777694961000,4735,25.52045,42.38062,1002.76001,35949
20260502-025019,-Oras8JY9JdhjtpH1bU_,2026-05-02 04:09:31+00:00,1777694971000,4745,25.52109,42.39244,1002.76001,36073
20260502-025019,-OrasAl937sudOMB71VO,2026-05-02 04:09:41+00:00,1777694981000,4755,25.52172,42.38663,1002.77002,36135
20260502-025019,-OrasDC5Ms4hxe9aHcSY,2026-05-02 04:09:51+00:00,1777694991000,4765,25.52267,42.35151,1002.78998,36260
20260502-025019,-OrasFdSx3SmFRVZQNxJ,2026-05-02 04:10:01+00:00,1777695001000,4775,25.52267,42.33976,1002.78998,36291
20260502-025019,-OrasI6HVXfTwgWVtigY,2026-05-02 04:10:11+00:00,1777695011000,4785,25.52331,42.3457,1002.78998,36166
20260502-025019,-OrasL6If-wcHrcdpPxl,2026-05-02 04:10:21+00:00,1777695021000,4795,25.52394,42.36339,1002.78998,36135
20260502-025019,-OrasN--DkadNY7urmvc,2026-05-02 04:10:31+00:00,1777695031000,4805,25.52489,42.38699,1002.78998,36291
20260502-025019,-OrasPPQgB5F1WE3KINK,2026-05-02 04:10:41+00:00,1777695041000,4815,25.52457,42.39871,1002.78003,36354
20260502-025019,-Orase46qzQXGkVI_Moz,2026-05-02 04:10:51+00:00,1777695051000,4825,25.52521,42.41053,1002.78998,36228
20260502-025019,-OraseOUHdfUc1xLijye,2026-05-02 04:11:46+00:00,1777695106000,4880,25.5214,42.51,1002.79999,21299
20260502-025019,-OrashA7QMeH2QngrVCl,2026-05-02 04:11:56+00:00,1777695116000,4890,25.52077,42.40415,1002.81,24541
20260502-025019,-OrasjH5DgS_NmZOfH0T,2026-05-02 04:12:06+00:00,1777695126000,4900,25.52172,42.39838,1002.82001,28132
20260502-025019,-OrasliEglB7UsBIKuRp,2026-05-02 04:12:16+00:00,1777695136000,4910,25.52109,42.37482,1002.82001,30156
20260502-025019,-OrasoCvQVhzQB-hZt0u,2026-05-02 04:12:26+00:00,1777695146000,4920,25.52236,42.35147,1002.83002,31635
20260502-025019,-Orasqak5ZUbFICqKAQY,2026-05-02 04:12:36+00:00,1777695156000,4930,25.52457,42.33997,1002.83002,32927
20260502-025019,-Orast20gMSVrB6fW7I7,2026-05-02 04:12:46+00:00,1777695166000,4940,25.52584,42.33424,1002.83002,33587
20260502-025019,-OrasvUKtilkIDhXo-XY,2026-05-02 04:12:56+00:00,1777695176000,4950,25.52679,42.33435,1002.83002,34217
20260502-025019,-OrasxvaUQMgYXR7hbX6,2026-05-02 04:13:06+00:00,1777695186000,4960,25.52838,42.3404,1002.84998,34613
20260502-025019,-Orat-Mro26BVySNVUA8,2026-05-02 04:13:16+00:00,1777695196000,4970,25.52996,42.34058,1002.84998,34901
20260502-025019,-Orat1o2sTFo5UUahb0E,2026-05-02 04:13:26+00:00,1777695206000,4980,25.53028,42.33475,1002.85999,35194
20260502-025019,-Orat4FSq-GubLBixHyp,2026-05-02 04:13:36+00:00,1777695216000,4990,25.5306,42.31717,1002.84998,35372
20260502-025019,-Orat6gqdBVRNjXvDeus,2026-05-02 04:13:46+00:00,1777695226000,5000,25.53155,42.3349,1002.85999,35673
20260502-025019,-OratAIrk103O6JeJns3,2026-05-02 04:13:56+00:00,1777695236000,5010,25.53218,42.3467,1002.85999,35522
20260502-025019,-OratB_AWK1afEVapUnh,2026-05-02 04:14:06+00:00,1777695246000,5020,25.53345,42.35859,1002.87,35887
20260502-025019,-OratE0AN0qFxTYxciAY,2026-05-02 04:14:16+00:00,1777695256000,5030,25.53313,42.36443,1002.88,35704
20260502-025019,-OratGTG9DqPyrHqSvVo,2026-05-02 04:14:26+00:00,1777695266000,5040,25.53345,42.37621,1002.89001,35857
20260502-025019,-OratJDews3kljydB_04,2026-05-02 04:14:36+00:00,1777695276000,5050,25.53408,42.34691,1002.89001,36042
20260502-025019,-OratLL5TnleRWd3QFPY,2026-05-02 04:14:46+00:00,1777695286000,5060,25.53472,42.32937,1002.90002,36011
20260502-025019,-OratNmBf_f2JtsDjNXm,2026-05-02 04:14:56+00:00,1777695296000,5070,25.53535,42.33532,1002.90997,36042
20260502-025019,-OratQDjI4iMU4yOvVpc,2026-05-02 04:15:06+00:00,1777695306000,5080,25.53598,42.35301,1002.90997,36135
20260502-025019,-OratSeo-KctpI6hd7hi,2026-05-02 04:15:16+00:00,1777695316000,5090,25.5363,42.37653,1002.91998,36323
20260502-025019,-OratV6CLEa17v6_KGpN,2026-05-02 04:15:26+00:00,1777695326000,5100,25.53789,42.37671,1002.91998,36228
20260502-025019,-OratXYFv9HHoaOrMqAz,2026-05-02 04:15:36+00:00,1777695336000,5110,25.53789,42.38846,1002.92999,36417
20260502-025019,-Orat_x2FPL4TIUyr1wZ,2026-05-02 04:15:46+00:00,1777695346000,5120,25.53884,42.37683,1002.92999,36291
20260502-025019,-OratbQlLGgyHYayYAcF,2026-05-02 04:15:56+00:00,1777695356000,5130,25.53979,42.39455,1002.91998,36323
20260502-025019,-Oratds4zGjQnW3ChB2V,2026-05-02 04:16:06+00:00,1777695366000,5140,25.54074,42.39466,1002.92999,36386
20260502-025019,-OratgKe46X1q38ddEPe,2026-05-02 04:16:16+00:00,1777695376000,5150,25.54169,42.41827,1002.94,36544
20260502-025019,-OratiknO79te-mg9FeC,2026-05-02 04:16:26+00:00,1777695386000,5160,25.54201,42.40068,1002.94,36704
20260502-025019,-OratlCawv38Vd2lbqbG,2026-05-02 04:16:36+00:00,1777695396000,5170,25.54264,42.38313,1002.94,36417
20260502-025019,-OratoSicESoSGb6tGJQ,2026-05-02 04:16:46+00:00,1777695406000,5180,25.54296,42.34793,1002.95001,36449
20260502-025019,-Oratq4KLYdY4QZMZNjZ,2026-05-02 04:16:56+00:00,1777695416000,5190,25.54391,42.33629,1002.95001,36481
20260502-025019,-OrattCtzqsoWuxdumc8,2026-05-02 04:17:06+00:00,1777695426000,5200,25.54422,42.35981,1002.96002,36481
20260502-025019,-OratuxtEKRL5YoZ8Ijm,2026-05-02 04:17:16+00:00,1777695436000,5210,25.54454,42.35985,1002.96997,36608
20260502-025019,-OratxPM2bCaPQe8YJmz,2026-05-02 04:17:26+00:00,1777695446000,5220,25.54644,42.37181,1002.96997,36672
20260502-025019,-OratzqpUdT2-wEOdmuz,2026-05-02 04:17:36+00:00,1777695456000,5230,25.54676,42.37772,1002.96997,36866
20260502-025019,-Orau1JI_DHlBOBztpUc,2026-05-02 04:17:46+00:00,1777695466000,5240,25.54676,42.38947,1002.97998,36866
20260502-025019,-Orau3inFoIRSLgQKoyr,2026-05-02 04:17:56+00:00,1777695476000,5250,25.54739,42.40129,1002.98999,36931
20260502-025019,-Orau6Ad95HvkjtxH6Db,2026-05-02 04:18:06+00:00,1777695486000,5260,25.54835,42.38378,1002.98999,36512
20260502-025019,-Orau8byyKBnCCpBzFxI,2026-05-02 04:18:16+00:00,1777695496000,5270,25.54898,42.36035,1002.98999,36737
20260502-025019,-OrauB2cf2aX2mi-KATr,2026-05-02 04:18:26+00:00,1777695506000,5280,25.5493,42.38976,1002.98999,36576
20260502-025019,-OrauDVElhhluR3qgC2a,2026-05-02 04:18:36+00:00,1777695516000,5290,25.54898,42.38971,1002.98999,36737
20260502-025019,-OrauFwXoQOwfuaovLSn,2026-05-02 04:18:46+00:00,1777695526000,5300,25.54993,42.38982,1003.0,36608
20260502-025019,-OrauIN9q4zEuiTVFdYE,2026-05-02 04:18:56+00:00,1777695536000,5310,25.54993,42.40157,1003.01001,36866
20260502-025019,-OrauKoMx-4pH-wwrAdN,2026-05-02 04:19:06+00:00,1777695546000,5320,25.55088,42.37231,1003.01001,36931
20260502-025019,-OrauNFdJYHblOs1yRqu,2026-05-02 04:19:16+00:00,1777695556000,5330,25.55056,42.35466,1003.02002,36640
20260502-025019,-OrauPitbJ59EIVu0T8Q,2026-05-02 04:19:26+00:00,1777695566000,5340,25.55056,42.35466,1003.03003,36737
20260502-025019,-OrauS8E4VS9z6mp5ILi,2026-05-02 04:19:36+00:00,1777695576000,5350,25.55215,42.32548,1003.03003,36640
20260502-025019,-OrauU_ffshVvA0nZmDE,2026-05-02 04:19:46+00:00,1777695586000,5360,25.55247,42.31377,1003.03003,36801
20260502-025019,-OrauX0jMiBXH4T8zejb,2026-05-02 04:19:56+00:00,1777695596000,5370,25.55278,42.30206,1003.03998,37061
20260502-025019,-OrauZVFWso4It_yxyF-,2026-05-02 04:20:06+00:00,1777695606000,5380,25.55278,42.32555,1003.03998,36963
20260502-025019,-Oraux4ROhe9OHle6060,2026-05-02 04:21:37+00:00,1777695697000,5471,25.54866,42.35443,1003.03998,23186
20260502-025019,-OrauxBiMpY9xfZB5pbO,2026-05-02 04:21:47+00:00,1777695707000,5481,25.54739,42.36017,1003.03998,26580
20260502-025019,-OrauzcqltLmBdMho4iJ,2026-05-02 04:21:57+00:00,1777695717000,5491,25.54739,42.36605,1003.03003,29415
20260502-025019,-Orav14wxfBPwKH66-ze,2026-05-02 04:22:07+00:00,1777695727000,5501,25.54739,42.39541,1003.02002,31398
20260502-025019,-Orav3mNShIyg12_Veb2,2026-05-02 04:22:18+00:00,1777695738000,5512,25.54898,42.39559,1003.03003,32468
20260502-025019,-Orav62dRYPjKL7HBHdh,2026-05-02 04:22:28+00:00,1777695748000,5522,25.55152,42.38413,1003.03003,33293
20260502-025019,-Orav8VEB-SyviYr5WyZ,2026-05-02 04:22:38+00:00,1777695758000,5532,25.555,42.39039,1003.02002,34106
20260502-025019,-OravAwR3r_N33HwU1i7,2026-05-02 04:22:48+00:00,1777695768000,5542,25.5569,42.38474,1003.03003,34613
20260502-025019,-OravDNUxp27ibmb1N6j,2026-05-02 04:22:58+00:00,1777695778000,5552,25.5588,42.39082,1003.03003,35106
20260502-025019,-OravFrAhf-_4uqiLjWI,2026-05-02 04:23:08+00:00,1777695788000,5562,25.56007,42.40273,1003.03003,35194
20260502-025019,-OravJ2X66WExGTw6CHX,2026-05-02 04:23:18+00:00,1777695798000,5572,25.56134,42.40874,1003.03003,35643
20260502-025019,-OravKhHrwGzbaJqL8v0,2026-05-02 04:23:28+00:00,1777695808000,5582,25.56229,42.41472,1003.03003,36011
20260502-025019,-OravN98Ovgc1OG5zsrM,2026-05-02 04:23:38+00:00,1777695818000,5592,25.56419,42.42669,1003.03998,36104
20260502-025019,-OravP_fOKugnmbCDLPB,2026-05-02 04:23:48+00:00,1777695828000,5602,25.56546,42.42683,1003.03998,36197
20260502-025019,-OravS0rXkqidMBx-Uha,2026-05-02 04:23:58+00:00,1777695838000,5612,25.56641,42.42107,1003.04999,36260
20260502-025019,-OravUTY1bGxOaYGJ9c-,2026-05-02 04:24:08+00:00,1777695848000,5622,25.56641,42.40345,1003.06,36576
20260502-025019,-OravWuGeqoEmyP7aDYI,2026-05-02 04:24:18+00:00,1777695858000,5632,25.568,42.41537,1003.06,36481
20260502-025019,-OravZLd2ipYB7qjyMBO,2026-05-02 04:24:28+00:00,1777695868000,5642,25.56958,42.41555,1003.04999,36512
20260502-025019,-OravamqxoHaehPuymVA,2026-05-02 04:24:38+00:00,1777695878000,5652,25.5699,42.40971,1003.04999,36801
20260502-025019,-OravdEcWb9g2tBA_XHx,2026-05-02 04:24:48+00:00,1777695888000,5662,25.57212,42.40409,1003.04999,36963
20260502-025019,-OravffEPOVN_Scir0c1,2026-05-02 04:24:58+00:00,1777695898000,5672,25.57307,42.39831,1003.06,36801
20260502-025019,-Oravi6denaBX_0PbBXf,2026-05-02 04:25:08+00:00,1777695908000,5682,25.57402,42.39842,1003.06,37127
20260502-025019,-OravkZNA12lVu9II21x,2026-05-02 04:25:18+00:00,1777695918000,5692,25.57465,42.39262,1003.06,37029
20260502-025019,-Oravn0PJuuUWgV06RQz,2026-05-02 04:25:28+00:00,1777695928000,5702,25.57528,42.38683,1003.06,36996
20260502-025019,-OravpRFEMbOX_TSqLSi,2026-05-02 04:25:38+00:00,1777695938000,5712,25.57687,42.387,1003.07001,36996
20260502-025019,-Oravy3IBPDNtTPGX_CX,2026-05-02 04:25:48+00:00,1777695948000,5722,25.57782,42.40473,1003.06,36576
20260502-025019,-OravyGk-zoZMm8ktIL1,2026-05-02 04:26:14+00:00,1777695974000,5748,25.57624,42.48095,1003.07001,28729
20260502-025019,-Oraw08jnB9JJmArnBfm,2026-05-02 04:26:24+00:00,1777695984000,5758,25.57624,42.41043,1003.06,31234
20260502-025019,-Oraw29KkJK8Mt7KEjgh,2026-05-02 04:26:34+00:00,1777695994000,5768,25.57624,42.42218,1003.07001,33267
20260502-025019,-Oraw4ahVRQ9F7yQguV1,2026-05-02 04:26:44+00:00,1777696004000,5778,25.57687,42.4105,1003.06,34556
20260502-025019,-Oraw7D1r1M6DkQJwUvn,2026-05-02 04:26:54+00:00,1777696014000,5788,25.57719,42.4164,1003.06,34989
20260502-025019,-Oraw9ePOmW8ItDE_BG3,2026-05-02 04:27:04+00:00,1777696024000,5798,25.57909,42.41074,1003.04999,35826
20260502-025019,-OrawC0FTVJY3zCIk4fd,2026-05-02 04:27:14+00:00,1777696034000,5808,25.57972,42.39907,1003.04999,35918
20260502-025019,-OrawESVAk7025cJI0eG,2026-05-02 04:27:24+00:00,1777696044000,5818,25.58131,42.3875,1003.04999,36291
20260502-025019,-OrawGtmh9of22RK2bjC,2026-05-02 04:27:34+00:00,1777696054000,5828,25.58289,42.38181,1003.04999,36608
20260502-025019,-OrawJL97s1oHjo8xs2J,2026-05-02 04:27:44+00:00,1777696064000,5838,25.58353,42.37013,1003.04999,36544
20260502-025019,-OrawLmBsNKoJLwp9MLZ,2026-05-02 04:27:54+00:00,1777696074000,5848,25.58543,42.36447,1003.04999,36996
20260502-025019,-OrawOEMyuvY5M2ccdIc,2026-05-02 04:28:04+00:00,1777696084000,5858,25.5867,42.38811,1003.03998,37127
20260502-025019,-OrawQecSobQ2D4JVqxS,2026-05-02 04:28:14+00:00,1777696094000,5868,25.58701,42.38227,1003.04999,37193
20260502-025019,-OrawT602cuS-IQG8yeS,2026-05-02 04:28:24+00:00,1777696104000,5878,25.58828,42.38829,1003.06,37325
20260502-025019,-OrawWUD4KZojUcs0MjC,2026-05-02 04:28:35+00:00,1777696115000,5889,25.58923,42.38252,1003.07001,36769
20260502-025019,-OrawY4OdeYW3EC8RDrO,2026-05-02 04:28:45+00:00,1777696125000,5899,25.59018,42.38263,1003.07001,36963
20260502-025019,-Oraw_WWCYccehr84GW-,2026-05-02 04:28:55+00:00,1777696135000,5909,25.59082,42.39445,1003.07001,37160
20260502-025019,-Orawbyxb_0CHKnUCC3T,2026-05-02 04:29:05+00:00,1777696145000,5919,25.59113,42.40624,1003.07001,37459
20260502-025019,-OraweP8esEMApNVtrYd,2026-05-02 04:29:15+00:00,1777696155000,5929,25.59208,42.38285,1003.07001,37226
20260502-025019,-Orax5Cf4s5S6_gOcOCx,2026-05-02 04:30:58+00:00,1777696258000,6032,25.5886,42.45296,1003.08002,26921
20260502-025019,-Orax5KmNmP6XAwxVuBh,2026-05-02 04:31:09+00:00,1777696269000,6043,25.58955,42.45894,1003.09003,29169
20260502-025019,-Orax7lqGUY3qVDQe5x5,2026-05-02 04:31:19+00:00,1777696279000,6053,25.58923,42.41777,1003.09003,31257
20260502-025019,-OraxADD7RwEn7HS6brd,2026-05-02 04:31:29+00:00,1777696289000,6063,25.58955,42.40606,1003.09003,32696
20260502-025019,-OraxCeqP6K7tDFHvh99,2026-05-02 04:31:39+00:00,1777696299000,6073,25.5905,42.35917,1003.09998,33940
20260502-025019,-OraxF7Jw8jbYak71G7v,2026-05-02 04:31:49+00:00,1777696309000,6083,25.59177,42.36519,1003.10999,34556
20260502-025019,-OraxHXllxiYngRJ2yCh,2026-05-02 04:31:59+00:00,1777696319000,6093,25.59303,42.36534,1003.10999,35253
20260502-025019,-OraxJyBIAbmJPlpFdi6,2026-05-02 04:32:09+00:00,1777696329000,6103,25.59462,42.35377,1003.12,35704
20260502-025019,-OraxMPXrLnBCX9wPu4c,2026-05-02 04:32:19+00:00,1777696339000,6113,25.59589,42.35391,1003.12,36073
20260502-025019,-OraxP_dATtJ-HtgnsdN,2026-05-02 04:32:29+00:00,1777696349000,6123,25.59684,42.34814,1003.12,36544
20260502-025019,-OraxRJHMUUGCtmi-BzK,2026-05-02 04:32:39+00:00,1777696359000,6133,25.59747,42.37171,1003.12,36672
20260502-025019,-OraxTk_oCCsSc_-Ogb1,2026-05-02 04:32:49+00:00,1777696369000,6143,25.59969,42.37783,1003.12,36672
20260502-025019,-OraxWGAfMvG2YU2xqV_,2026-05-02 04:32:59+00:00,1777696379000,6153,25.60064,42.38382,1003.12,36672
20260502-025019,-OraxZCOO7QG8cYaaDqC,2026-05-02 04:33:09+00:00,1777696389000,6163,25.60159,42.3898,1003.13,37029
20260502-025019,-Oraxa7JLXiCdZjpiUUQ,2026-05-02 04:33:19+00:00,1777696399000,6173,25.60286,42.38406,1003.14001,36996
20260502-025019,-OraxcVGoJuKr5JpGdKO,2026-05-02 04:33:29+00:00,1777696409000,6183,25.60476,42.36666,1003.14001,37226
20260502-025019,-OraxewYS4QAOU2LnhLp,2026-05-02 04:33:39+00:00,1777696419000,6193,25.60603,42.35506,1003.15002,37425
20260502-025019,-OraxhPpH48gA_oN3UWG,2026-05-02 04:33:49+00:00,1777696429000,6203,25.60698,42.35516,1003.14001,37392
20260502-025019,-OraxjpjtFp2PlkRXixD,2026-05-02 04:33:59+00:00,1777696439000,6213,25.60825,42.37292,1003.14001,37226
20260502-025019,-OraxmGLLS3s-C0XWHnD,2026-05-02 04:34:09+00:00,1777696449000,6223,25.60952,42.37894,1003.15002,37492
20260502-025019,-Oraxoif2hKjRyVTnLyH,2026-05-02 04:34:19+00:00,1777696459000,6233,25.61047,42.39668,1003.15002,37559
20260502-025019,-OraxrApzVdnsfRv3GuI,2026-05-02 04:34:29+00:00,1777696469000,6243,25.6111,42.39675,1003.15002,37593
20260502-025019,-OraxtaC_4DCCPXxAuu7,2026-05-02 04:34:39+00:00,1777696479000,6253,25.61142,42.40266,1003.15002,37831
20260502-025019,-Oraxw1P0FJyizNBSk3D,2026-05-02 04:34:49+00:00,1777696489000,6263,25.61205,42.41448,1003.16998,37661
20260502-025019,-OraxyTivN9PViiT_BfG,2026-05-02 04:34:59+00:00,1777696499000,6273,25.61364,42.43229,1003.16998,37831
20260502-025019,-Oray2paW6034ESdzlBg,2026-05-02 04:35:10+00:00,1777696510000,6284,25.61269,42.43219,1003.16998,37627
20260502-025019,-Oray2wsWC5bHjONtJSJ,2026-05-02 04:35:22+00:00,1777696522000,6296,25.613,42.43809,1003.17999,36042
20260502-025019,-Oray5ki4WFknHhSUysx,2026-05-02 04:35:32+00:00,1777696532000,6306,25.61395,42.42057,1003.16998,36833
20260502-025019,-Oray7pA3rpssdZ2O_-5,2026-05-02 04:35:42+00:00,1777696542000,6316,25.61427,42.37948,1003.16998,37226
20260502-025019,-OrayAGSX8qfbKX75EDu,2026-05-02 04:35:52+00:00,1777696552000,6326,25.61427,42.36774,1003.19,37292
20260502-025019,-OrayChlzjVUMK5EFLMN,2026-05-02 04:36:02+00:00,1777696562000,6336,25.61554,42.35613,1003.19,37593
20260502-025019,-OrayFBGAQOvhUGMmaP4,2026-05-02 04:36:12+00:00,1777696572000,6346,25.61585,42.34442,1003.17999,37865
20260502-025019,-OrayHbl-yOGPrT9Mkhu,2026-05-02 04:36:22+00:00,1777696582000,6356,25.61649,42.3445,1003.17999,37593
20260502-025019,-OrayK2_wRYbWz6h1ckT,2026-05-02 04:36:32+00:00,1777696592000,6366,25.61712,42.32695,1003.19,37728
20260502-025019,-OrayMTxLl-x13BbXzyC,2026-05-02 04:36:42+00:00,1777696602000,6376,25.61712,42.35044,1003.19,37797
20260502-025019,-OrayOvpLIE67teJIlKe,2026-05-02 04:36:52+00:00,1777696612000,6386,25.61839,42.36232,1003.17999,38002
20260502-025019,-OrayRMRj9sAW8PBAQ2Y,2026-05-02 04:37:02+00:00,1777696622000,6396,25.61902,42.36827,1003.19,37831
20260502-025019,-OrayToqA3pfZR0075Hc,2026-05-02 04:37:12+00:00,1777696632000,6406,25.61839,42.35645,1003.20001,37797
20260502-025019,-OrayWEjHwpbWvACTcVc,2026-05-02 04:37:22+00:00,1777696642000,6416,25.61934,42.33307,1003.21002,37933
20260502-025019,-OrayYgLGTu2RvwaWjm8,2026-05-02 04:37:32+00:00,1777696652000,6426,25.61966,42.32723,1003.20001,38106
20260502-025019,-Oraya7PvbUNk9ko-RgU,2026-05-02 04:37:42+00:00,1777696662000,6436,25.62124,42.33916,1003.21997,38315
20260502-025019,-Orayc_UAaqcYXMbwfK0,2026-05-02 04:37:52+00:00,1777696672000,6446,25.62283,42.35696,1003.21997,38037
20260502-025019,-Orayf1RgDQ6vAtAKUdW,2026-05-02 04:38:02+00:00,1777696682000,6456,25.62314,42.34524,1003.21997,38002
20260502-025019,-OrayhS6ZxctajF5R2KE,2026-05-02 04:38:12+00:00,1777696692000,6466,25.62441,42.36301,1003.22998,38245
20260502-025019,-OrayjtOJlOW9wEAJ5Lm,2026-05-02 04:38:22+00:00,1777696702000,6476,25.62441,42.35126,1003.22998,38385
20260502-025019,-OraymLJT7GFqdN3nHPo,2026-05-02 04:38:32+00:00,1777696712000,6486,25.62536,42.35136,1003.23999,38315
20260502-025019,-Orayp1iAFgTrZiWlTb4,2026-05-02 04:38:42+00:00,1777696722000,6496,25.62505,42.33959,1003.23999,38210
20260502-025019,-OrayrCy007-JgFzpVX9,2026-05-02 04:38:52+00:00,1777696732000,6506,25.62441,42.26905,1003.22998,38280
20260502-025019,-Oraytf_NXmdU6vS6w8-,2026-05-02 04:39:02+00:00,1777696742000,6516,25.62378,42.18681,1003.22998,38491
20260502-025019,-OraywXab3SISQPcTtVT,2026-05-02 04:39:12+00:00,1777696752000,6526,25.62314,42.21021,1003.23999,38350
20260502-025019,-OrayyYTY05EjJaYknE6,2026-05-02 04:39:22+00:00,1777696762000,6536,25.62219,42.18663,1003.22998,38350
20260502-025019,-Oraz-zng-Nm7aEiJIns,2026-05-02 04:39:32+00:00,1777696772000,6546,25.62093,42.18649,1003.23999,38245
20260502-025019,-Oraz2UzDWqXeN3slL-1,2026-05-02 04:39:42+00:00,1777696782000,6556,25.62029,42.15121,1003.23999,38350
20260502-025019,-Oraz4rfZ8gZzZGT2UMD,2026-05-02 04:39:52+00:00,1777696792000,6566,25.61934,42.11005,1003.25,38704
20260502-025019,-OrazZROd0qY0QPszhvu,2026-05-02 04:41:23+00:00,1777696883000,6657,25.61395,42.23852,1003.28998,24159
20260502-025019,-OrazZeoa89Zvmzn6amx,2026-05-02 04:41:57+00:00,1777696917000,6691,25.61205,42.31462,1003.31,21256
20260502-025019,-Orazazw3XKsX3ttIw5q,2026-05-02 04:42:07+00:00,1777696927000,6701,25.61205,42.22657,1003.33002,25327
20260502-025019,-OrazdRUGEKd53fbVBu0,2026-05-02 04:42:17+00:00,1777696937000,6711,25.61332,42.18563,1003.34003,28789
20260502-025019,-OrazftCdET_ZiNaFXUP,2026-05-02 04:42:27+00:00,1777696947000,6721,25.61554,42.18588,1003.34998,31118
20260502-025019,-OraziLczo5D0tdIH_r5,2026-05-02 04:42:37+00:00,1777696957000,6731,25.61681,42.20362,1003.35999,32901
20260502-025019,-Orazkmqq94AdKH9-k2q,2026-05-02 04:42:47+00:00,1777696967000,6741,25.61934,42.19218,1003.37,33913
20260502-025019,-OraznDCI4vBxQIv0pbq,2026-05-02 04:42:57+00:00,1777696977000,6751,25.62156,42.19242,1003.37,35076
20260502-025019,-OrazpeBewCpqR_rSt1X,2026-05-02 04:43:07+00:00,1777696987000,6761,25.62219,42.2101,1003.38,35552
20260502-025019,-Orazs4qK91Pkl57-oUW,2026-05-02 04:43:17+00:00,1777696997000,6771,25.62346,42.22786,1003.38,36291
20260502-025019,-OrazuX8YtLcOKQgl6en,2026-05-02 04:43:27+00:00,1777697007000,6781,25.62473,42.25148,1003.38,36737
20260502-025019,-OrazxuDYJMeEJ4eUU2n,2026-05-02 04:43:37+00:00,1777697017000,6791,25.62663,42.26343,1003.38,36833
20260502-025019,-OrazzSH0b5_7y5KM02s,2026-05-02 04:43:47+00:00,1777697027000,6801,25.6279,42.30467,1003.38,37226
20260502-025019,-Orb-0qv62W5MlApmRMG,2026-05-02 04:43:57+00:00,1777697037000,6811,25.62853,42.31061,1003.39001,37325
20260502-025019,-Orb-3HxhnKaGtM9vASa,2026-05-02 04:44:07+00:00,1777697047000,6821,25.62948,42.29311,1003.39001,37593
20260502-025019,-Orb-5lWacy0f8J2lWt2,2026-05-02 04:44:17+00:00,1777697057000,6831,25.63075,42.26977,1003.40002,37933
20260502-025019,-Orb-8AcoFKE2tM1Aqp8,2026-05-02 04:44:27+00:00,1777697067000,6841,25.63202,42.27578,1003.40002,37899
20260502-025019,-Orb-Ae4XwNMBMOxW2mu,2026-05-02 04:44:37+00:00,1777697077000,6851,25.63202,42.25817,1003.40997,37968
20260502-025019,-Orb-D34wgwASE5hNDYu,2026-05-02 04:44:47+00:00,1777697087000,6861,25.63202,42.20535,1003.40997,37865
20260502-025019,-Orb-FVbZHmOuZfF-FG-,2026-05-02 04:44:57+00:00,1777697097000,6871,25.6336,42.14099,1003.41998,38245
20260502-025019,-Orb-KUdN8wreC0bc4Hi,2026-05-02 04:45:07+00:00,1777697107000,6881,25.63456,42.09417,1003.41998,38175
20260502-025019,-Orb-KbnuQZQZNZ98oki,2026-05-02 04:45:18+00:00,1777697118000,6892,25.6355,42.05323,1003.41998,37492
20260502-025019,-Orb-N741pT-e6gQ32hE,2026-05-02 04:45:28+00:00,1777697128000,6902,25.63582,42.02395,1003.41998,38140
20260502-025019,-Orb-PVDeVO5Tetwqv4q,2026-05-02 04:45:38+00:00,1777697138000,6912,25.63646,42.02402,1003.42999,38140
20260502-025019,-Orb-Rx3nQfqoMH4gPin,2026-05-02 04:45:48+00:00,1777697148000,6922,25.63709,42.071,1003.42999,38175
20260502-025019,-Orb-VdwFdnIpz6xQQpD,2026-05-02 04:45:59+00:00,1777697159000,6933,25.63741,42.10035,1003.44,38106
20260502-025019,-Orb-Wuzl5xSypdhg1P_,2026-05-02 04:46:09+00:00,1777697169000,6943,25.63709,42.12379,1003.44,38140
20260502-025019,-Orb-Zgqaakzrt023fkn,2026-05-02 04:46:19+00:00,1777697179000,6953,25.63804,42.16494,1003.41998,38071
20260502-025019,-Orb-atECrv3Jnqokrlz,2026-05-02 04:46:29+00:00,1777697189000,6963,25.63836,42.18846,1003.41998,38175
20260502-025019,-Orb-dKSzeQW51I4GeE2,2026-05-02 04:46:39+00:00,1777697199000,6973,25.63963,42.20033,1003.42999,38491
20260502-025019,-Orb-flfNG_GuvNfjTDn,2026-05-02 04:46:49+00:00,1777697209000,6983,25.64058,42.21218,1003.42999,38315
20260502-025019,-Orb-iJqHrTzut3AkWiU,2026-05-02 04:46:59+00:00,1777697219000,6993,25.64058,42.18284,1003.42999,38811
20260502-025019,-Orb-kdxLHmzMqnnzr8C,2026-05-02 04:47:09+00:00,1777697229000,7003,25.64216,42.17715,1003.44,38811
20260502-025019,-Orb-n5T6E8LwtPU315m,2026-05-02 04:47:19+00:00,1777697239000,7013,25.64248,42.16545,1003.42999,38776
20260502-025019,-Orb-pXNf67LNsicj7E8,2026-05-02 04:47:29+00:00,1777697249000,7023,25.64343,42.1773,1003.44,39065
20260502-025019,-Orb-rymdqTzfX54PV06,2026-05-02 04:47:39+00:00,1777697259000,7033,25.64438,42.195,1003.42999,38704
20260502-025019,-Orb-uPvXoJGwuEcVvOj,2026-05-02 04:47:49+00:00,1777697269000,7043,25.64375,42.20667,1003.42999,38704
20260502-025019,-Orb-wrb1fPUNulUmAC1,2026-05-02 04:47:59+00:00,1777697279000,7053,25.64406,42.1891,1003.44,38776
20260502-025019,-Orb0-R0GBDBXu9sldoH,2026-05-02 04:48:09+00:00,1777697289000,7063,25.64438,42.17153,1003.44,38776
20260502-025019,-Orb00kW2D73L2FbJMuk,2026-05-02 04:48:19+00:00,1777697299000,7073,25.64533,42.19511,1003.45001,38847
20260502-025019,-Orb03BPu01pL-U7BJWs,2026-05-02 04:48:29+00:00,1777697309000,7083,25.64628,42.21869,1003.45001,38956
20260502-025019,-Orb05carnpmj6XJXPJ6,2026-05-02 04:48:39+00:00,1777697319000,7093,25.6466,42.21286,1003.45001,39211
20260502-025019,-Orb083sEosvZhRvK6GY,2026-05-02 04:48:49+00:00,1777697329000,7103,25.64723,42.22466,1003.45001,39284
20260502-025019,-Orb0AX0pu_YCOthKcuq,2026-05-02 04:48:59+00:00,1777697339000,7113,25.64755,42.2071,1003.46002,39321
20260502-025019,-Orb0DN2sZHRsORU6zFa,2026-05-02 04:49:09+00:00,1777697349000,7123,25.64818,42.20717,1003.45001,38704
20260502-025019,-Orb0FTqz4DDVDPb8QOA,2026-05-02 04:49:19+00:00,1777697359000,7133,25.64723,42.20706,1003.45001,38847
20260502-025019,-Orb0HvGdYA16KPgHZ6q,2026-05-02 04:49:29+00:00,1777697369000,7143,25.64818,42.21304,1003.46002,39065
20260502-025019,-Orb0KM_u16gasYvkT_c,2026-05-02 04:49:39+00:00,1777697379000,7153,25.6485,42.21307,1003.45001,39065
20260502-025019,-Orb0MnjMigKv-MyqNUd,2026-05-02 04:49:49+00:00,1777697389000,7163,25.64882,42.18964,1003.46002,39321
20260502-025019,-Orb0PF3KbqJ403ESBp1,2026-05-02 04:49:59+00:00,1777697399000,7173,25.6485,42.17199,1003.46002,39358
20260502-025019,-Orb0RgiX1ebQeHU0Fw9,2026-05-02 04:50:09+00:00,1777697409000,7183,25.6485,42.17786,1003.46002,39284
20260502-025019,-Orb0U7MB-FvghCJRbVC,2026-05-02 04:50:19+00:00,1777697419000,7193,25.64882,42.1955,1003.45001,38992
20260502-025019,-Orb0W_syAKcz6KV6nx5,2026-05-02 04:50:29+00:00,1777697429000,7203,25.64945,42.19557,1003.46002,39284
20260502-025019,-Orb0Z0SRE2qfzbjmudt,2026-05-02 04:50:39+00:00,1777697439000,7213,25.65009,42.20738,1003.45001,39469
20260502-025019,-Orb0aSNTQC_lc-BvUEg,2026-05-02 04:50:49+00:00,1777697449000,7223,25.65072,42.2192,1003.45001,39544
20260502-025019,-Orb0ctN4i_es9vTC85Y,2026-05-02 04:50:59+00:00,1777697459000,7233,25.65072,42.21333,1003.45001,39284
20260502-025019,-Orb0gQD4qenJHYjQ6n-,2026-05-02 04:51:09+00:00,1777697469000,7243,25.65104,42.2251,1003.45001,39544
20260502-025019,-Orb0i4rAydDtC-hpcCM,2026-05-02 04:51:21+00:00,1777697481000,7255,25.6504,42.24851,1003.46002,38350
20260502-025019,-Orb0kXO-pxhff7EpiD5,2026-05-02 04:51:31+00:00,1777697491000,7265,25.65104,42.23684,1003.46997,38992
20260502-025019,-Orb0myx7u5h5ZnyUg0a,2026-05-02 04:51:41+00:00,1777697501000,7275,25.65072,42.23093,1003.46997,39028
20260502-025019,-Orb0pPaLN9oax60veYr,2026-05-02 04:51:51+00:00,1777697511000,7285,25.65135,42.22514,1003.46997,39138
20260502-025019,-Orb0rruPEsMUuF9P9td,2026-05-02 04:52:01+00:00,1777697521000,7295,25.65199,42.21933,1003.46997,39174
20260502-025019,-Orb0uIJF_lQGhZTtdGx,2026-05-02 04:52:11+00:00,1777697531000,7305,25.65294,42.19597,1003.46002,39395
20260502-025019,-Orb0wlqvAo8oz07N7uW,2026-05-02 04:52:21+00:00,1777697541000,7315,25.65325,42.16079,1003.46997,39581
20260502-025019,-Orb0zAXaoCaXSwHds-P,2026-05-02 04:52:31+00:00,1777697551000,7325,25.65262,42.15486,1003.46002,39284
20260502-025019,-Orb10c3WXPPaJT3oimx,2026-05-02 04:52:41+00:00,1777697561000,7335,25.65262,42.16659,1003.46997,39248
20260502-025019,-Orb133nI7vn2nHtyyyr,2026-05-02 04:52:51+00:00,1777697571000,7345,25.6523,42.19003,1003.46002,39211
20260502-025019,-Orb15UxCuvCbKywGaWU,2026-05-02 04:53:01+00:00,1777697581000,7355,25.65325,42.21948,1003.46002,39581
20260502-025019,-Orb17wSmv0AfL7qV4nN,2026-05-02 04:53:11+00:00,1777697591000,7365,25.65357,42.23125,1003.46002,39544
20260502-025019,-Orb1AO6LKayzlJacctv,2026-05-02 04:53:21+00:00,1777697601000,7375,25.65484,42.22553,1003.46997,39544
20260502-025019,-Orb1Cp6JqQ0EOzCPS9z,2026-05-02 04:53:31+00:00,1777697611000,7385,25.65547,42.23146,1003.47998,39506
20260502-025019,-Orb1FGiOEg67OBryhI2,2026-05-02 04:53:41+00:00,1777697621000,7395,25.65516,42.23143,1003.47998,39694
20260502-025019,-Orb1Hi7l4MIDGGyqaks,2026-05-02 04:53:51+00:00,1777697631000,7405,25.65579,42.22563,1003.47998,39619
20260502-025019,-Orb1K8pUOUpNnWZsLLP,2026-05-02 04:54:01+00:00,1777697641000,7415,25.65579,42.23737,1003.46997,39882
20260502-025019,-Orb1P57uagY-EvALlJ8,2026-05-02 04:54:11+00:00,1777697651000,7425,25.65611,42.2198,1003.47998,39619
20260502-025019,-Orb1PDTwZQL4tetqnZ8,2026-05-02 04:54:21+00:00,1777697661000,7435,25.65611,42.19046,1003.46997,39211
20260502-025019,-Orb1RexFIzPXPSzAG0y,2026-05-02 04:54:31+00:00,1777697671000,7445,25.65579,42.18455,1003.46997,39211
20260502-025019,-Orb1U5oUICGu-5fG45b,2026-05-02 04:54:41+00:00,1777697681000,7455,25.65516,42.16689,1003.46002,39395
20260502-025019,-Orb1WYJJsMLJSdV7qOR,2026-05-02 04:54:51+00:00,1777697691000,7465,25.65484,42.19618,1003.46002,39358
20260502-025019,-Orb1YzVu6pgGwAk6555,2026-05-02 04:55:01+00:00,1777697701000,7475,25.65547,42.21973,1003.46997,39506
20260502-025019,-Orb1aQf0b0I1U1Tr60n,2026-05-02 04:55:11+00:00,1777697711000,7485,25.65452,42.22549,1003.46002,39506
20260502-025019,-Orb1croPzRbSsDXl29P,2026-05-02 04:55:21+00:00,1777697721000,7495,25.65516,42.23143,1003.46002,39694
20260502-025019,-Orb1fKWW-yJZO6Yt8bV,2026-05-02 04:55:31+00:00,1777697731000,7505,25.65674,42.24922,1003.45001,39581
20260502-025019,-Orb1hkLQl5ftWwzvPNN,2026-05-02 04:55:41+00:00,1777697741000,7515,25.65674,42.21987,1003.45001,39544
20260502-025019,-Orb1kBeBrcpVGNcSeFB,2026-05-02 04:55:51+00:00,1777697751000,7525,25.65674,42.20226,1003.46002,39694
20260502-025019,-Orb1mdCjedjGFZQ0P62,2026-05-02 04:56:01+00:00,1777697761000,7535,25.65674,42.23161,1003.46002,39958
20260502-025019,-Orb1p49dgeD0ivvlCF-,2026-05-02 04:56:11+00:00,1777697771000,7545,25.65706,42.22578,1003.46002,39656
20260502-025019,-Orb1rWGIbqNladcZqFc,2026-05-02 04:56:21+00:00,1777697781000,7555,25.65801,42.21414,1003.45001,39619
20260502-025019,-Orb1txbezHudcg8VT3n,2026-05-02 04:56:31+00:00,1777697791000,7565,25.65864,42.19075,1003.45001,39997
20260502-025019,-Orb1wOmDaurOFDgCOxK,2026-05-02 04:56:41+00:00,1777697801000,7575,25.65864,42.19075,1003.45001,39807
20260502-025019,-Orb1yqB8ONT_QOhFCCK,2026-05-02 04:56:51+00:00,1777697811000,7585,25.65864,42.17901,1003.45001,39920
20260502-025019,-Orb20HHSzm0bGhD2BrX,2026-05-02 04:57:01+00:00,1777697821000,7595,25.65769,42.20238,1003.45001,39920
20260502-025019,-Orb22y1kKmRg2oPPQNv,2026-05-02 04:57:11+00:00,1777697831000,7605,25.65769,42.21411,1003.45001,39958
20260502-025019,-Orb259nsHPcA_uU5lsX,2026-05-02 04:57:21+00:00,1777697841000,7615,25.65896,42.23186,1003.45001,39958
20260502-025019,-Orb27bE-M0NAfNKSAML,2026-05-02 04:57:31+00:00,1777697851000,7625,25.65991,42.25545,1003.45001,40111
20260502-025019,-Orb2A2JDErqaXlgIYJQ,2026-05-02 04:57:41+00:00,1777697861000,7635,25.65991,42.26132,1003.45001,39807
20260502-025019,-Orb2CV1KPde2mg5KXvv,2026-05-02 04:57:51+00:00,1777697871000,7645,25.6596,42.25541,1003.44,39769
20260502-025019,-Orb2EvphzYHnS3tDdim,2026-05-02 04:58:01+00:00,1777697881000,7655,25.65928,42.26125,1003.44,40035
20260502-025019,-Orb2HN9Lw7RcXYoLsFh,2026-05-02 04:58:11+00:00,1777697891000,7665,25.65864,42.26118,1003.42999,40111
20260502-025019,-Orb2JoQlsSYWkt2I61l,2026-05-02 04:58:21+00:00,1777697901000,7675,25.65833,42.24353,1003.44,39920
20260502-025019,-Orb2MFjnbA1qEJ-t7MA,2026-05-02 04:58:31+00:00,1777697911000,7685,25.65801,42.23175,1003.42999,39997
20260502-025019,-Orb2Oh7mHRHPh9t9SCe,2026-05-02 04:58:41+00:00,1777697921000,7695,25.65864,42.22596,1003.42999,39958
20260502-025019,-Orb2R8B-fYGVhdA0D2T,2026-05-02 04:58:51+00:00,1777697931000,7705,25.65864,42.21422,1003.41998,40111
20260502-025019,-Orb2TaMTzHEh0SxI0ac,2026-05-02 04:59:01+00:00,1777697941000,7715,25.65864,42.23183,1003.42999,40035
20260502-025019,-Orb2W0amir-0lLh5RTq,2026-05-02 04:59:11+00:00,1777697951000,7725,25.65896,42.23773,1003.42999,39958
20260502-025019,-Orb2YTf3SjVKPgMUpQJ,2026-05-02 04:59:21+00:00,1777697961000,7735,25.6596,42.24954,1003.41998,39997
20260502-025019,-Orb2_uy95wb3P4DO3Lo,2026-05-02 04:59:31+00:00,1777697971000,7745,25.65928,42.25538,1003.42999,39844
20260502-025019,-Orb2cL3DSWsoYtAonwH,2026-05-02 04:59:41+00:00,1777697981000,7755,25.65928,42.27299,1003.42999,39882
20260502-025019,-Orb2enP7YI4JGYLexzg,2026-05-02 04:59:51+00:00,1777697991000,7765,25.66023,42.27311,1003.42999,40073
20260502-025019,-Orb2hDrJs12UwBF-wXV,2026-05-02 05:00:01+00:00,1777698001000,7775,25.66023,42.29072,1003.42999,40304
20260502-025019,-Orb2jfC0kVQpa9a5o3K,2026-05-02 05:00:11+00:00,1777698011000,7785,25.66054,42.279,1003.42999,40266
20260502-025019,-Orb2mTbXui-fLW89ZV_,2026-05-02 05:00:21+00:00,1777698021000,7795,25.66086,42.27904,1003.42999,40111
20260502-025019,-Orb2oZKMj3Uy8LO1nrF,2026-05-02 05:00:31+00:00,1777698031000,7805,25.66118,42.2732,1003.42999,40035
20260502-025019,-Orb2sejc3XMmExaT9TJ,2026-05-02 05:00:42+00:00,1777698042000,7816,25.66181,42.29676,1003.42999,39656
20260502-025019,-Orb2tYZAI8rJjP9s_3I,2026-05-02 05:00:52+00:00,1777698052000,7826,25.66181,42.30263,1003.41998,40111
20260502-025019,-Orb2vyoNK6qrqI-Vhp2,2026-05-02 05:01:02+00:00,1777698062000,7836,25.66276,42.30862,1003.44,39882
20260502-025019,-Orb2yPouHef_uqv4iLa,2026-05-02 05:01:12+00:00,1777698072000,7846,25.66181,42.30851,1003.42999,40111
20260502-025019,-Orb301wyWSZwoxc7ddm,2026-05-02 05:01:22+00:00,1777698082000,7856,25.66181,42.31438,1003.42999,40111
20260502-025019,-Orb32ILDw4VOun_zDHW,2026-05-02 05:01:32+00:00,1777698092000,7866,25.66181,42.29676,1003.44,40150
20260502-025019,-Orb34jWkaBuSO7HXN52,2026-05-02 05:01:42+00:00,1777698102000,7876,25.6615,42.26737,1003.42999,40188
20260502-025019,-Orb37DUOo7gmWpZ6nNv,2026-05-02 05:01:52+00:00,1777698112000,7886,25.66276,42.25577,1003.42999,40421
20260502-025019,-Orb39bkHfc58fa1eUgu,2026-05-02 05:02:02+00:00,1777698122000,7896,25.66276,42.25577,1003.42999,40343
20260502-025019,-Orb3C2r1YHCrPSAXzX5,2026-05-02 05:02:12+00:00,1777698132000,7906,25.6634,42.24997,1003.44,40304
20260502-025019,-Orb3EVGEv91tw6bY0hZ,2026-05-02 05:02:22+00:00,1777698142000,7916,25.66308,42.24993,1003.45001,40343
20260502-025019,-Orb3Gwd5GtB4CTdSCfH,2026-05-02 05:02:32+00:00,1777698152000,7926,25.66435,42.23834,1003.45001,40460
20260502-025019,-Orb3JON4km517WN116a,2026-05-02 05:02:42+00:00,1777698162000,7936,25.66403,42.24417,1003.45001,40304
20260502-025019,-Orb3LrF85G6A3bV0DdC,2026-05-02 05:02:52+00:00,1777698172000,7946,25.66466,42.25012,1003.44,40111
20260502-025019,-Orb3OG2Pldkf28NIVQX,2026-05-02 05:03:02+00:00,1777698182000,7956,25.66498,42.25603,1003.44,40227
20260502-025019,-Orb3QhN1WbeNUHC60Ic,2026-05-02 05:03:12+00:00,1777698192000,7966,25.66498,42.2619,1003.44,40150
20260502-025019,-Orb3TOXmsyoSLvylEtr,2026-05-02 05:03:22+00:00,1777698202000,7976,25.66562,42.26783,1003.42999,40111
20260502-025019,-Orb3VaGWgctuis65Kvy,2026-05-02 05:03:32+00:00,1777698212000,7986,25.66466,42.29121,1003.42999,40343
20260502-025019,-Orb3Y2-E3qkoxljqTo3,2026-05-02 05:03:42+00:00,1777698222000,7996,25.66372,42.28524,1003.42999,40304
20260502-025019,-Orb3_VeUVivBJGoghtN,2026-05-02 05:03:52+00:00,1777698232000,8006,25.66372,42.30285,1003.42999,40150
20260502-025019,-Orb3bvUeO5o9RZEpWmE,2026-05-02 05:04:02+00:00,1777698242000,8016,25.66403,42.30288,1003.42999,40150
20260502-025019,-Orb3eMtnSzusstZk0m1,2026-05-02 05:04:12+00:00,1777698252000,8026,25.66466,42.28534,1003.42999,40304
20260502-025019,-Orb3gnViDG9EkQJhURI,2026-05-02 05:04:22+00:00,1777698262000,8036,25.66625,42.27378,1003.42999,40343
20260502-025019,-Orb3jFO-TCPZqJWqBcr,2026-05-02 05:04:32+00:00,1777698272000,8046,25.66593,42.27374,1003.41998,40656
20260502-025019,-Orb3lfuWhl2bLtZv1tI,2026-05-02 05:04:42+00:00,1777698282000,8056,25.6653,42.27953,1003.40997,40382
20260502-025019,-Orb3o6sy0kw0KSllUt2,2026-05-02 05:04:52+00:00,1777698292000,8066,25.66593,42.28548,1003.40997,40382
20260502-025019,-Orb3qZq_PiFi2gzTQwS,2026-05-02 05:05:02+00:00,1777698302000,8076,25.66688,42.3032,1003.40997,40343
20260502-025019,-Orb3t0Th-X5oWH9tUEw,2026-05-02 05:05:12+00:00,1777698312000,8086,25.66815,42.29748,1003.41998,40304
20260502-025019,-Orb3vRdDGNyWf3gClhz,2026-05-02 05:05:22+00:00,1777698322000,8096,25.6691,42.30932,1003.41998,40266
20260502-025019,-Orb3xsqYFSiZ_iSwH11,2026-05-02 05:05:32+00:00,1777698332000,8106,25.67005,42.29182,1003.41998,40656
20260502-025019,-Orb418uirqx8O_xqfqv,2026-05-02 05:05:42+00:00,1777698342000,8116,25.67037,42.28598,1003.41998,40035
20260502-025019,-Orb41rm64A1tcfkRLzD,2026-05-02 05:05:52+00:00,1777698352000,8126,25.671,42.29193,1003.42999,40343
20260502-025019,-Orb44K3kE1Y9EwM4vzV,2026-05-02 05:06:02+00:00,1777698362000,8136,25.671,42.27431,1003.42999,40656
20260502-025019,-Orb46k0OnJvpCx6m7lu,2026-05-02 05:06:12+00:00,1777698372000,8146,25.67005,42.28595,1003.42999,40617
20260502-025019,-Orb49kC7nvRi6t3c5xT,2026-05-02 05:06:22+00:00,1777698382000,8156,25.66942,42.29175,1003.41998,40343
20260502-025019,-Orb4BbwinZsQPV8WJ_Y,2026-05-02 05:06:32+00:00,1777698392000,8166,25.67005,42.25659,1003.42999,40266
20260502-025019,-Orb4E5EDz9RyWBPiVyH,2026-05-02 05:06:42+00:00,1777698402000,8176,25.67069,42.26254,1003.42999,40382
20260502-025019,-Orb4GVpqw0yXh8PXP9h,2026-05-02 05:06:52+00:00,1777698412000,8186,25.67164,42.25677,1003.42999,40577
20260502-025019,-Orb4IyNg_t5yHKlC-bg,2026-05-02 05:07:02+00:00,1777698422000,8196,25.67196,42.26268,1003.44,40577
20260502-025019,-Orb4LOUVEIqjaI_hUkt,2026-05-02 05:07:12+00:00,1777698432000,8206,25.67291,42.27453,1003.45001,40656
20260502-025019,-Orb4Nq8q31p-IjcwUvv,2026-05-02 05:07:22+00:00,1777698442000,8216,25.67259,42.27449,1003.46002,40696
20260502-025019,-Orb4QGigaFYibcyxjT0,2026-05-02 05:07:32+00:00,1777698452000,8226,25.67354,42.28048,1003.46002,40538
20260502-025019,-Orb4Sin2TLlsXPh3a62,2026-05-02 05:07:42+00:00,1777698462000,8236,25.67291,42.28627,1003.46997,40656
20260502-025019,-Orb4V98u58ut-deCCeg,2026-05-02 05:07:52+00:00,1777698472000,8246,25.67322,42.28043,1003.46997,40696
20260502-025019,-Orb4XcBwDOj1kVjhK8F,2026-05-02 05:08:02+00:00,1777698482000,8256,25.67322,42.2863,1003.47998,40854
20260502-025019,-Orb4_1lT0OVH30S8YfA,2026-05-02 05:08:12+00:00,1777698492000,8266,25.67354,42.29221,1003.47998,40656
20260502-025019,-Orb4bU2VsqR8dfXIua9,2026-05-02 05:08:22+00:00,1777698502000,8276,25.67385,42.30399,1003.47998,40735
20260502-025019,-Orb4dvOde0Te2_u6ZTQ,2026-05-02 05:08:32+00:00,1777698512000,8286,25.67513,42.32175,1003.48999,40499
20260502-025019,-Orb4gNFD2YqXW8V4k3h,2026-05-02 05:08:42+00:00,1777698522000,8296,25.67385,42.31573,1003.48999,40894
20260502-025019,-Orb4ip_MxeYrxnEJov4,2026-05-02 05:08:52+00:00,1777698532000,8306,25.67481,42.28649,1003.51001,40735
20260502-025019,-Orb4lF-OUSekn4v9zgo,2026-05-02 05:09:02+00:00,1777698542000,8316,25.67417,42.28054,1003.51001,40894
20260502-025019,-Orb4ngGHsjiCyBXBzzI,2026-05-02 05:09:12+00:00,1777698552000,8326,25.67385,42.28051,1003.52002,40814
20260502-025019,-Orb4q8_-JiFiMvvb3_f,2026-05-02 05:09:22+00:00,1777698562000,8336,25.67417,42.27467,1003.52002,40894
20260502-025019,-Orb4sznP34UcJ650FF2,2026-05-02 05:09:32+00:00,1777698572000,8346,25.67449,42.26884,1003.53003,40656
20260502-025019,-Orb4v0DI36VBiNuAVOx,2026-05-02 05:09:42+00:00,1777698582000,8356,25.67513,42.26304,1003.53003,40775
20260502-025019,-Orb4xSTbF7l0SP9QUDm,2026-05-02 05:09:52+00:00,1777698592000,8366,25.67449,42.22775,1003.53003,40735
20260502-025019,-Orb4ztxRKDO9D5ktD7n,2026-05-02 05:10:02+00:00,1777698602000,8376,25.67417,42.22184,1003.53003,40577
20260502-025019,-Orb51L8MS6t4bO8WUx9,2026-05-02 05:10:12+00:00,1777698612000,8386,25.67481,42.22192,1003.53003,40617
20260502-025019,-Orb53mWB4ibxjIER_zt,2026-05-02 05:10:22+00:00,1777698622000,8396,25.67513,42.23369,1003.53998,40617
20260502-025019,-Orb56DWk2nUTkZ0-y3A,2026-05-02 05:10:32+00:00,1777698632000,8406,25.67544,42.25133,1003.53998,40735
20260502-025019,-Orb58eZopEy_oSI0y7k,2026-05-02 05:10:42+00:00,1777698642000,8416,25.67576,42.22788,1003.54999,40696
20260502-025019,-Orb5B5jjCIjVd7pl9_p,2026-05-02 05:10:52+00:00,1777698652000,8426,25.67703,42.23391,1003.56,40577
20260502-025019,-Orb5DZtYA8Pl_MwPUeI,2026-05-02 05:11:02+00:00,1777698662000,8436,25.67734,42.24567,1003.57001,40735
20260502-025019,-Orb5G-dtvdWYPNkXUhb,2026-05-02 05:11:12+00:00,1777698672000,8446,25.67671,42.26321,1003.56,40617
20260502-025019,-Orb5IQcltYMBNzB4tqR,2026-05-02 05:11:22+00:00,1777698682000,8456,25.67671,42.27496,1003.57001,40934
20260502-025019,-Orb5Kry968lC6Xo67zy,2026-05-02 05:11:32+00:00,1777698692000,8466,25.67703,42.26913,1003.57001,40894
20260502-025019,-Orb5NIsmP65MISNOAdf,2026-05-02 05:11:42+00:00,1777698702000,8476,25.67734,42.2809,1003.57001,40974
20260502-025019,-Orb5PkAweTVaEkCT95t,2026-05-02 05:11:52+00:00,1777698712000,8486,25.67829,42.27514,1003.57001,41054
20260502-025019,-Orb5SCeoPLb8JuVEw1Q,2026-05-02 05:12:02+00:00,1777698722000,8496,25.67829,42.25166,1003.56,40894
20260502-025019,-Orb5UczbNGW_f4tHvXH,2026-05-02 05:12:12+00:00,1777698732000,8506,25.67893,42.25173,1003.57001,41054
20260502-025019,-Orb5X40gOslxzSexusv,2026-05-02 05:12:22+00:00,1777698742000,8516,25.67829,42.2634,1003.57001,40854
20260502-025019,-Orb5ZWfg8UZmZHvUbXB,2026-05-02 05:12:32+00:00,1777698752000,8526,25.67893,42.26347,1003.57001,40775
20260502-025019,-Orb5bSbr_SS7OTf89aK,2026-05-02 05:12:42+00:00,1777698762000,8536,25.67797,42.28097,1003.56,41054
20260502-025019,-Orb5dOzl2ynZCZJN-ZK,2026-05-02 05:12:52+00:00,1777698772000,8546,25.67861,42.28104,1003.57001,41175
20260502-025019,-Orb5fqABExiu8o8-Jjs,2026-05-02 05:13:02+00:00,1777698782000,8556,25.67829,42.28688,1003.57001,40934
20260502-025019,-Orb5iHMWmm888mLS3l4,2026-05-02 05:13:12+00:00,1777698792000,8566,25.67956,42.28703,1003.58002,41054
20260502-025019,-Orb5kigY1AY8D0HpRSa,2026-05-02 05:13:22+00:00,1777698802000,8576,25.67956,42.29876,1003.57001,41216
20260502-025019,-Orb5nAGkwPikTeSJ2a4,2026-05-02 05:13:32+00:00,1777698812000,8586,25.67988,42.29293,1003.57001,41297
20260502-025019,-Orb5pbEebyYxYDDrYm1,2026-05-02 05:13:42+00:00,1777698822000,8596,25.68051,42.28713,1003.57001,41135
20260502-025019,-Orb5sF5IbBeLUE72pes,2026-05-02 05:13:53+00:00,1777698833000,8607,25.68083,42.29304,1003.57001,40577
20260502-025019,-Orb5u_OZb7l9RilM_v7,2026-05-02 05:14:03+00:00,1777698843000,8617,25.68051,42.27539,1003.57001,40775
20260502-025019,-Orb5x0l9EVRYuLsBm0b,2026-05-02 05:14:13+00:00,1777698853000,8627,25.68051,42.28713,1003.57001,40934
20260502-025019,-Orb5zSgdkzlQgfnzQvU,2026-05-02 05:14:23+00:00,1777698863000,8637,25.68019,42.27536,1003.58002,41216
20260502-025019,-Orb60u-6149RDWZoqfk,2026-05-02 05:14:33+00:00,1777698873000,8647,25.67988,42.24596,1003.58002,41175
20260502-025019,-Orb63LMubR-LA33-KvE,2026-05-02 05:14:43+00:00,1777698883000,8657,25.68019,42.23426,1003.58002,41135
20260502-025019,-Orb65mSt7qPPdm9TV-a,2026-05-02 05:14:53+00:00,1777698893000,8667,25.68019,42.24013,1003.58002,41338
20260502-025019,-Orb68Dc3R1kaduIjOAu,2026-05-02 05:15:03+00:00,1777698903000,8677,25.67956,42.23419,1003.58002,41135
20260502-025019,-Orb6AfGk8GWzeQ2g5sq,2026-05-02 05:15:13+00:00,1777698913000,8687,25.68051,42.24604,1003.58002,41175
20260502-025019,-Orb6D6n3kslu5Cn1Ucw,2026-05-02 05:15:23+00:00,1777698923000,8697,25.68083,42.25782,1003.58002,40974
20260502-025019,-Orb6FYOpdfpjv3AnRFu,2026-05-02 05:15:33+00:00,1777698933000,8707,25.68178,42.26966,1003.58002,41378
20260502-025019,-Orb6IzwtXGYA-U-ai8O,2026-05-02 05:15:43+00:00,1777698943000,8717,25.68146,42.26963,1003.58002,41095
20260502-025019,-Orb6KQoKF5Agft-2qQW,2026-05-02 05:15:53+00:00,1777698953000,8727,25.68305,42.28154,1003.58002,41175
20260502-025019,-Orb6N5RiNJRj0wpIJdf,2026-05-02 05:16:03+00:00,1777698963000,8737,25.68368,42.26987,1003.59003,41014
20260502-025019,-Orb6PPQDEnE7fpSb6Cu,2026-05-02 05:16:13+00:00,1777698973000,8747,25.68305,42.24632,1003.58002,41175
20260502-025019,-Orb6RqkXxbuHh7xA1mz,2026-05-02 05:16:23+00:00,1777698983000,8757,25.68305,42.22284,1003.58002,41256
20260502-025019,-Orb6UIZcQx5zrPS0lnV,2026-05-02 05:16:33+00:00,1777698993000,8767,25.68368,42.19357,1003.58002,41378
20260502-025019,-Orb6WixdaQOlxfzO0YU,2026-05-02 05:16:43+00:00,1777699003000,8777,25.684,42.21708,1003.58002,41543
20260502-025019,-Orb6ZCFowRxwrF2IFAm,2026-05-02 05:16:53+00:00,1777699013000,8787,25.68431,42.20538,1003.58002,41378
20260502-025019,-Orb6ad_MkN-tUmeDrfB,2026-05-02 05:17:03+00:00,1777699023000,8797,25.68368,42.23465,1003.59003,41175
20260502-025019,-Orb6d3DOcGQguYxD091,2026-05-02 05:17:13+00:00,1777699033000,8807,25.68336,42.24636,1003.59003,41216
20260502-025019,-Orb6fV7OZfdlMptpLfX,2026-05-02 05:17:23+00:00,1777699043000,8817,25.68241,42.25799,1003.58002,41135
20260502-025019,-Orb6hx92GIPXnAxLA4Y,2026-05-02 05:17:33+00:00,1777699053000,8827,25.68241,42.25799,1003.58002,41054
20260502-025019,-Orb6kNWJ2-eyeOoaIGY,2026-05-02 05:17:43+00:00,1777699063000,8837,25.68273,42.26976,1003.58002,41338
20260502-025019,-Orb6mpHq8G-c7n4J_EL,2026-05-02 05:17:53+00:00,1777699073000,8847,25.684,42.27578,1003.58002,41501
20260502-025019,-Orb6pGNUBi0yKaH5Wbm,2026-05-02 05:18:03+00:00,1777699083000,8857,25.68527,42.2818,1003.58002,41419
20260502-025019,-Orb6rhj5O_oYlx2ZnRZ,2026-05-02 05:18:13+00:00,1777699093000,8867,25.68558,42.28771,1003.58002,41584
20260502-025019,-Orb6u9WuHCM-Z7oLzdC,2026-05-02 05:18:23+00:00,1777699103000,8877,25.68653,42.29956,1003.57001,41543
20260502-025019,-Orb6w_yJVesGbJz3jgL,2026-05-02 05:18:33+00:00,1777699113000,8887,25.68748,42.29379,1003.57001,41543
20260502-025019,-Orb6zjSS9RT7EAeCqyA,2026-05-02 05:18:43+00:00,1777699123000,8897,25.68717,42.29962,1003.58002,41460
20260502-025019,-Orb70Trk4_iXDHKb88G,2026-05-02 05:18:53+00:00,1777699133000,8907,25.68717,42.29962,1003.58002,41338
20260502-025019,-Orb72ujrDsjB3OgnCoD,2026-05-02 05:19:03+00:00,1777699143000,8917,25.68748,42.28205,1003.58002,41216
20260502-025019,-Orb75Lw1-hA8QdkiVnA,2026-05-02 05:19:13+00:00,1777699153000,8927,25.6878,42.28208,1003.58002,41460
20260502-025019,-Orb77oss9X6QPxShpea,2026-05-02 05:19:23+00:00,1777699163000,8937,25.6878,42.28208,1003.58002,41338
20260502-025019,-Orb7AFwDWLdGuBXPVYd,2026-05-02 05:19:33+00:00,1777699173000,8947,25.68844,42.27041,1003.58002,41338
20260502-025019,-Orb7CfVty-hWimlCOhL,2026-05-02 05:19:43+00:00,1777699183000,8957,25.68907,42.27049,1003.57001,41216
20260502-025019,-Orb7F7VY7IQd9hqH2ns,2026-05-02 05:19:53+00:00,1777699193000,8967,25.6897,42.25881,1003.57001,41543
20260502-025019,-Orb7HZDsgF9zgWIl2yr,2026-05-02 05:20:03+00:00,1777699203000,8977,25.68907,42.23526,1003.57001,41666
20260502-025019,-Orb7K0ubkT-TJg0AH2z,2026-05-02 05:20:13+00:00,1777699213000,8987,25.68875,42.21175,1003.57001,41460
20260502-025019,-Orb7MSkEvvGdpvn30KP,2026-05-02 05:20:23+00:00,1777699223000,8997,25.68907,42.20592,1003.57001,41460
20260502-025019,-Orb7OsrBGU4Tv4QBh7Z,2026-05-02 05:20:33+00:00,1777699233000,9007,25.68939,42.18247,1003.56,41708
20260502-025019,-Orb7RO0fwW78ggAF_kr,2026-05-02 05:20:43+00:00,1777699243000,9017,25.69002,42.20015,1003.56,41460
20260502-025019,-Orb7Tm8V_8JJtel6DZj,2026-05-02 05:20:53+00:00,1777699253000,9027,25.69034,42.18845,1003.56,41419
20260502-025019,-Orb7WDRomortINRczAy,2026-05-02 05:21:03+00:00,1777699263000,9037,25.69034,42.17085,1003.56,41543
20260502-025019,-Orb7YdiIZnemtk7xrtt,2026-05-02 05:21:13+00:00,1777699273000,9047,25.69097,42.18265,1003.56,41338
20260502-025019,-Orb7a9JHPC1Srk_5dzu,2026-05-02 05:21:23+00:00,1777699283000,9057,25.69129,42.21203,1003.56,41584
20260502-025019,-Orb7cYxMPs55pfz_sC_,2026-05-02 05:21:33+00:00,1777699293000,9067,25.6916,42.2062,1003.54999,41875
20260502-025019,-Orb7eyJSTBSjJZ_mLhK,2026-05-02 05:21:43+00:00,1777699303000,9077,25.69129,42.2179,1003.56,41625
20260502-025019,-Orb7sqQP3qTzkq6ZU2f,2026-05-02 05:21:53+00:00,1777699313000,9087,25.6916,42.22968,1003.54999,41625
20260502-025019,-Orb7vfnqSqDm_kbuuO2,2026-05-02 05:22:50+00:00,1777699370000,9144,25.68685,42.35833,1003.54999,24243
20260502-025019,-Orb7xou_nxIboz5_ZOm,2026-05-02 05:23:00+00:00,1777699380000,9154,25.6859,42.24664,1003.54999,28019
20260502-025019,-Orb8-GCITVXUNIq-A1m,2026-05-02 05:23:10+00:00,1777699390000,9164,25.68558,42.19966,1003.54999,31683
20260502-025019,-Orb81hRcZC4n5uoCK4H,2026-05-02 05:23:20+00:00,1777699400000,9174,25.68558,42.229,1003.53998,34471
20260502-025019,-Orb848a7Rgcb7hFk1Rr,2026-05-02 05:23:30+00:00,1777699410000,9184,25.68717,42.25265,1003.53998,36481
20260502-025019,-Orb86_ismEqs9dY33xK,2026-05-02 05:23:40+00:00,1777699420000,9194,25.6878,42.27621,1003.53998,37459
20260502-025019,-Orb89386uyHRRacIgP9,2026-05-02 05:23:50+00:00,1777699430000,9204,25.68907,42.27049,1003.53998,38491
20260502-025019,-Orb8BTOmo5SWYH3WEN0,2026-05-02 05:24:00+00:00,1777699440000,9214,25.69002,42.26472,1003.53998,39358
20260502-025019,-Orb8DuydIHKl6vjDr7f,2026-05-02 05:24:10+00:00,1777699450000,9224,25.69034,42.25888,1003.53003,39769
20260502-025019,-Orb8GLnOuEpjtAzQ5uL,2026-05-02 05:24:20+00:00,1777699460000,9234,25.69097,42.26483,1003.53003,40227
20260502-025019,-Orb8In-TrmfO5sRL4Lw,2026-05-02 05:24:30+00:00,1777699470000,9244,25.69192,42.25906,1003.52002,40577
20260502-025019,-Orb8LEF9_wc2VgCwFb4,2026-05-02 05:24:40+00:00,1777699480000,9254,25.69256,42.25326,1003.52002,40577
20260502-025019,-Orb8NfcthuJUNpb_RxF,2026-05-02 05:24:50+00:00,1777699490000,9264,25.69319,42.25333,1003.53003,40814
20260502-025019,-Orb8RJanV-okn5maFrQ,2026-05-02 05:25:00+00:00,1777699500000,9274,25.69414,42.25344,1003.53003,40974
20260502-025019,-Orb8SZh8cPv3VsUFv-F,2026-05-02 05:25:10+00:00,1777699510000,9284,25.69477,42.25352,1003.53003,41216
20260502-025019,-Orb8V-omeQe2iBTVjp9,2026-05-02 05:25:20+00:00,1777699520000,9294,25.69604,42.25366,1003.53003,40894
20260502-025019,-Orb8XRuus_skSZvbULs,2026-05-02 05:25:30+00:00,1777699530000,9304,25.69604,42.2654,1003.53003,41338
20260502-025019,-Orb8Ztl165NCEBEkg6C,2026-05-02 05:25:40+00:00,1777699540000,9314,25.69636,42.27718,1003.52002,41378
20260502-025019,-Orb8bK_lxdz0c1oOIkg,2026-05-02 05:25:50+00:00,1777699550000,9324,25.69763,42.27145,1003.53003,41378
20260502-025019,-Orb8dlkwexIfg8lqd-b,2026-05-02 05:26:00+00:00,1777699560000,9334,25.69763,42.27732,1003.52002,41256
20260502-025019,-Orb8gCt6XYbIJDVmt5z,2026-05-02 05:26:10+00:00,1777699570000,9344,25.69921,42.26576,1003.53003,41625
20260502-025019,-Orb8ieF8y6WZsymR2-6,2026-05-02 05:26:20+00:00,1777699580000,9354,25.69984,42.27757,1003.53998,41501
20260502-025019,-Orb8l5XEYQqRK5vQbN5,2026-05-02 05:26:30+00:00,1777699590000,9364,25.70048,42.27177,1003.53998,41460
20260502-025019,-Orb8nXcIk5faZ7Z7Ga-,2026-05-02 05:26:40+00:00,1777699600000,9374,25.7008,42.2718,1003.53998,41708
20260502-025019,-Orb8pz255OU4nnpWRji,2026-05-02 05:26:50+00:00,1777699610000,9384,25.70111,42.26598,1003.54999,41378
20260502-025019,-Orb8t4ijZxb3Je3DveY,2026-05-02 05:27:01+00:00,1777699621000,9395,25.70111,42.26598,1003.53998,41460
20260502-025019,-Orb8uxasKq_497N7JAJ,2026-05-02 05:27:11+00:00,1777699631000,9405,25.70143,42.26601,1003.53998,41460
20260502-025019,-Orb8xOgwkptxcQozNMg,2026-05-02 05:27:21+00:00,1777699641000,9415,25.70143,42.25427,1003.53003,41791
20260502-025019,-Orb8zpsMblPh4JcoF5m,2026-05-02 05:27:31+00:00,1777699651000,9425,25.70238,42.26612,1003.53998,41584
20260502-025019,-Orb91HUxVIOmKcFjfrM,2026-05-02 05:27:41+00:00,1777699661000,9435,25.70206,42.27782,1003.54999,41543
20260502-025019,-Orb93iQh8OtWrJPsIaR,2026-05-02 05:27:51+00:00,1777699671000,9445,25.70238,42.27199,1003.56,41833
20260502-025019,-Orb96XI8OAOvFIH2UpW,2026-05-02 05:28:01+00:00,1777699681000,9455,25.7027,42.26616,1003.57001,41833
20260502-025019,-Orb98anhoIoMxF2fo7V,2026-05-02 05:28:11+00:00,1777699691000,9465,25.7027,42.27203,1003.57001,41791
20260502-025019,-Orb9B2n_TMTdJOWdKiJ,2026-05-02 05:28:21+00:00,1777699701000,9475,25.70301,42.26031,1003.56,41666
20260502-025019,-Orb9DUQNU5J8_1nLReR,2026-05-02 05:28:31+00:00,1777699711000,9485,25.70428,42.26633,1003.56,42043
20260502-025019,-Orb9FvZH1k9yBN2aeD_,2026-05-02 05:28:41+00:00,1777699721000,9495,25.7046,42.26049,1003.57001,41958
20260502-025019,-Orb9IN8uqrKK8p86Cpz,2026-05-02 05:28:51+00:00,1777699731000,9505,25.70365,42.278,1003.56,41708
20260502-025019,-Orb9Ko07cEsvgV2Ju6S,2026-05-02 05:29:01+00:00,1777699741000,9515,25.70397,42.27804,1003.56,41875
20260502-025019,-Orb9NFeLW4wF1Gc5qjq,2026-05-02 05:29:11+00:00,1777699751000,9525,25.70428,42.27808,1003.57001,42043
20260502-025019,-Orb9Ph89S0ED0UsDXX0,2026-05-02 05:29:21+00:00,1777699761000,9535,25.70523,42.28992,1003.59003,42127
20260502-025019,-Orb9S7uuABbw07J94SK,2026-05-02 05:29:31+00:00,1777699771000,9545,25.70682,42.26074,1003.59998,42169
20260502-025019,-Orb9Ue8liA1K6RXfFsA,2026-05-02 05:29:41+00:00,1777699781000,9555,25.70713,42.26665,1003.60999,42254
20260502-025019,-Orb9X0TexZi_ywudN5b,2026-05-02 05:29:51+00:00,1777699791000,9565,25.70745,42.27257,1003.62,42127
20260502-025019,-Orb9ZT1ZxWvdcjd7SmH,2026-05-02 05:30:01+00:00,1777699801000,9575,25.70809,42.2785,1003.60999,42085
20260502-025019,-Orb9au2gHzN3NSK6YSS,2026-05-02 05:30:11+00:00,1777699811000,9585,25.70904,42.28448,1003.62,41875
20260502-025019,-Orb9dLOc9QqQIXO-v9U,2026-05-02 05:30:21+00:00,1777699821000,9595,25.70904,42.26687,1003.62,42127
20260502-025019,-Orb9fmRr304NEj58cES,2026-05-02 05:30:31+00:00,1777699831000,9605,25.70967,42.2552,1003.62,42212
20260502-025019,-Orb9iDVr0lsGZgaEFwy,2026-05-02 05:30:41+00:00,1777699841000,9615,25.70967,42.23759,1003.62,42043
20260502-025019,-Orb9keuT7AyYpHAF_r5,2026-05-02 05:30:51+00:00,1777699851000,9625,25.70967,42.24346,1003.63,42297
20260502-025019,-Orb9n5yAQzLOvMRbVLL,2026-05-02 05:31:01+00:00,1777699861000,9635,25.70967,42.2552,1003.64001,42297
20260502-025019,-Orb9pnJJZSBRdcGZIct,2026-05-02 05:31:11+00:00,1777699871000,9645,25.71062,42.24356,1003.64001,42297
20260502-025019,-Orb9rzX7Fq0Y4yrfAgn,2026-05-02 05:31:21+00:00,1777699881000,9655,25.71157,42.24955,1003.65002,42555
20260502-025019,-Orb9uQuGMnRyzl9tAVp,2026-05-02 05:31:31+00:00,1777699891000,9665,25.71031,42.25526,1003.65002,42340
20260502-025019,-Orb9wsB3KXAd7OiJX4E,2026-05-02 05:31:41+00:00,1777699901000,9675,25.71062,42.24944,1003.65002,42297
20260502-025019,-Orb9zJHKw5sNytjEylI,2026-05-02 05:31:51+00:00,1777699911000,9685,25.71094,42.2436,1003.65002,42085
20260502-025019,-OrbA0l2yPrA1nZfSS4Q,2026-05-02 05:32:01+00:00,1777699921000,9695,25.71094,42.2436,1003.65002,42169
20260502-025019,-OrbA3BlszcFf5YxHG3z,2026-05-02 05:32:11+00:00,1777699931000,9705,25.71157,42.22606,1003.65997,42127
20260502-025019,-OrbA5dpcgAuF2Rk6kyt,2026-05-02 05:32:21+00:00,1777699941000,9715,25.71094,42.24947,1003.65002,42254
20260502-025019,-OrbA84881W4cRsWYtbC,2026-05-02 05:32:31+00:00,1777699951000,9725,25.71031,42.26701,1003.65997,42340
20260502-025019,-OrbAAWR0PsgyhNQ1feU,2026-05-02 05:32:41+00:00,1777699961000,9735,25.71189,42.29068,1003.65997,41958
20260502-025019,-OrbACxkfG2pBqTU0OlV,2026-05-02 05:32:51+00:00,1777699971000,9745,25.71284,42.27904,1003.65997,42254
20260502-025019,-OrbAFP2oa9YzKcthZ3u,2026-05-02 05:33:01+00:00,1777699981000,9755,25.71284,42.28491,1003.66998,42383
20260502-025019,-OrbAHqLZRxyVSFeDtZU,2026-05-02 05:33:11+00:00,1777699991000,9765,25.71379,42.27327,1003.65997,42297
20260502-025019,-OrbAKHQtDjZv6wpsNXs,2026-05-02 05:33:21+00:00,1777700001000,9775,25.71443,42.25573,1003.66998,42297
20260502-025019,-OrbAMie46R_B3q_Nrf6,2026-05-02 05:33:31+00:00,1777700011000,9785,25.71347,42.2615,1003.66998,42426
20260502-025019,-OrbAPA75NuMEm3p172Z,2026-05-02 05:33:41+00:00,1777700021000,9795,25.71347,42.22627,1003.65997,42426
20260502-025019,-OrbARbFVs_ke7p_7Ynd,2026-05-02 05:33:51+00:00,1777700031000,9805,25.71379,42.20284,1003.65997,42340
20260502-025019,-OrbAU4nr8UXcLUNM268,2026-05-02 05:34:01+00:00,1777700041000,9815,25.71284,42.18512,1003.66998,42641
20260502-025019,-OrbAWVnlAvGpI9KIkpm,2026-05-02 05:34:11+00:00,1777700051000,9825,25.71443,42.19117,1003.65997,42254
20260502-025019,-OrbAZNEKvro0GG_TNxW,2026-05-02 05:34:21+00:00,1777700061000,9835,25.71506,42.20298,1003.65997,42728
20260502-025019,-OrbAaNn-IbncuV7ILRB,2026-05-02 05:34:31+00:00,1777700071000,9845,25.71506,42.20884,1003.65997,42469
20260502-025019,-OrbAcpBAm3sz_Et4PCK,2026-05-02 05:34:41+00:00,1777700081000,9855,25.71569,42.23827,1003.65997,42555
20260502-025019,-OrbAfFtkdpJo611GmVS,2026-05-02 05:34:51+00:00,1777700091000,9865,25.71601,42.25005,1003.66998,42469
20260502-025019,-OrbAhgzEoimPo9pgBub,2026-05-02 05:35:01+00:00,1777700101000,9875,25.71633,42.23247,1003.66998,42512
20260502-025019,-OrbAk8JrV_vPwlmQHoe,2026-05-02 05:35:11+00:00,1777700111000,9885,25.71601,42.23831,1003.66998,42426
20260502-025019,-OrbAm_Y3pPetQJ3mMY6,2026-05-02 05:35:21+00:00,1777700121000,9895,25.71569,42.22652,1003.66998,42212
20260502-025019,-OrbAp0jKwPEmR-D0rma,2026-05-02 05:35:31+00:00,1777700131000,9905,25.71664,42.25011,1003.66998,42340
20260502-025019,-OrbArSxW9usemwm-8YW,2026-05-02 05:35:41+00:00,1777700141000,9915,25.71633,42.2266,1003.67999,42469
20260502-025019,-OrbAtu6Sl12HfzKuBmB,2026-05-02 05:35:51+00:00,1777700151000,9925,25.71633,42.23834,1003.66998,42512
20260502-025019,-OrbAwLRtT9CL3Wapnks,2026-05-02 05:36:01+00:00,1777700161000,9935,25.71664,42.24424,1003.67999,42426
20260502-025019,-OrbAymefH4t0noJe7tx,2026-05-02 05:36:11+00:00,1777700171000,9945,25.71601,42.23831,1003.67999,42555
20260502-025019,-OrbB0DzURS56z-vYykt,2026-05-02 05:36:21+00:00,1777700181000,9955,25.71633,42.25595,1003.67999,42555
20260502-025019,-OrbB2f7Hy08wEUc6gLo,2026-05-02 05:36:31+00:00,1777700191000,9965,25.71601,42.25592,1003.67999,42641
20260502-025019,-OrbB56ZC-tCb-Df0rba,2026-05-02 05:36:41+00:00,1777700201000,9975,25.71601,42.25005,1003.67999,42816
20260502-025019,-OrbB7Yhw6sQZrBfm7Ce,2026-05-02 05:36:51+00:00,1777700211000,9985,25.71696,42.25603,1003.69,42816
20260502-025019,-OrbBA-5fQnJjioSma6P,2026-05-02 05:37:01+00:00,1777700221000,9995,25.71728,42.25019,1003.67999,42512
20260502-025019,-OrbBCRHqAnb2v9_izyA,2026-05-02 05:37:11+00:00,1777700231000,10005,25.71696,42.2619,1003.67999,42641
20260502-025019,-OrbBEs_w8v72MxNi4ks,2026-05-02 05:37:21+00:00,1777700241000,10015,25.71823,42.26204,1003.67999,42728
20260502-025019,-OrbBHwuGvxJrZB5y4Lu,2026-05-02 05:37:31+00:00,1777700251000,10025,25.71886,42.2856,1003.67999,42816
20260502-025019,-OrbBLChAheED_IBhMrj,2026-05-02 05:37:41+00:00,1777700261000,10035,25.71823,42.27965,1003.69,42728
20260502-025019,-OrbBMCGashxG9hMfPJI,2026-05-02 05:37:51+00:00,1777700271000,10045,25.71759,42.27957,1003.69,42555
20260502-025019,-OrbBOdeiWI_j18raLSB,2026-05-02 05:38:01+00:00,1777700281000,10055,25.71696,42.28539,1003.67999,42816
20260502-025019,-OrbBR4nwLc5ruVKg8mZ,2026-05-02 05:38:11+00:00,1777700291000,10065,25.71791,42.29136,1003.66998,42641
20260502-025019,-OrbBTX3FE6ErgpW4TDV,2026-05-02 05:38:21+00:00,1777700301000,10075,25.71855,42.29143,1003.67999,42641
20260502-025019,-OrbBVyOjr3D1TTO3-ik,2026-05-02 05:38:31+00:00,1777700311000,10085,25.71886,42.27386,1003.67999,42641
20260502-025019,-OrbBYPZt9I79zEcOoSr,2026-05-02 05:38:41+00:00,1777700321000,10095,25.71823,42.27378,1003.66998,42859
20260502-025019,-OrbB_qmUIZlSmcA1RqO,2026-05-02 05:38:51+00:00,1777700331000,10105,25.71886,42.2856,1003.66998,42598
20260502-025019,-OrbBcIhK9_Vm5SvV-k5,2026-05-02 05:39:01+00:00,1777700341000,10115,25.71886,42.26212,1003.66998,42641
20260502-025019,-OrbBejOgWP2C_tWdrPx,2026-05-02 05:39:11+00:00,1777700351000,10125,25.71918,42.27389,1003.66998,42728
20260502-025019,-OrbBhAVP4NW5rL7UoaE,2026-05-02 05:39:21+00:00,1777700361000,10135,25.72045,42.27403,1003.66998,42598
20260502-025019,-OrbBjbtwhQALkcKmzKQ,2026-05-02 05:39:31+00:00,1777700371000,10145,25.7195,42.25631,1003.65002,42598
20260502-025019,-OrbBm304fE7NQMrrJmz,2026-05-02 05:39:41+00:00,1777700381000,10155,25.71981,42.25634,1003.65002,42816
20260502-025019,-OrbBoVHPCy5uubMW46N,2026-05-02 05:39:51+00:00,1777700391000,10165,25.72045,42.24467,1003.65997,42816
20260502-025019,-OrbBqwRUDNQWeGZXShV,2026-05-02 05:40:01+00:00,1777700401000,10175,25.7214,42.25065,1003.65002,43035
20260502-025019,-OrbBtNcjVEtjm0zDn0a,2026-05-02 05:40:11+00:00,1777700411000,10185,25.7214,42.25652,1003.65002,42728
20260502-025019,-OrbBvpjb-qmD4EVZh4P,2026-05-02 05:40:21+00:00,1777700421000,10195,25.72076,42.26819,1003.65002,42512
20260502-025019,-OrbByH01AQeTVZVZwsv,2026-05-02 05:40:31+00:00,1777700431000,10205,25.72013,42.25051,1003.65002,42598
20260502-025019,-OrbC-nokkPuDbCE8nph,2026-05-02 05:40:41+00:00,1777700441000,10215,25.71918,42.20931,1003.64001,43124
20260502-025019,-OrbC28ipFyOWzaZMdD2,2026-05-02 05:40:51+00:00,1777700451000,10225,25.71918,42.1741,1003.64001,42947
20260502-025019,-OrbC4_n-D0N8zWnlAsD,2026-05-02 05:41:01+00:00,1777700461000,10235,25.71823,42.16813,1003.63,42947
20260502-025019,-OrbC71DPT2agsPECPJG,2026-05-02 05:41:11+00:00,1777700471000,10245,25.71696,42.22667,1003.63,42903
20260502-025019,-OrbC9TjGwcOh6Do2QRE,2026-05-02 05:41:21+00:00,1777700481000,10255,25.71601,42.25592,1003.63,42991
20260502-025019,-OrbCBufAdfGQY8cgg1Q,2026-05-02 05:41:31+00:00,1777700491000,10265,25.71537,42.32043,1003.63,43080
20260502-025019,-OrbCELr86WU7dwAmAwZ,2026-05-02 05:41:41+00:00,1777700501000,10275,25.71506,42.50844,1003.62,42469
20260502-025019,-OrbCGnP_YudVNepjsxF,2026-05-02 05:41:51+00:00,1777700511000,10285,25.71855,45.7441,1003.62,41916
20260502-025019,-OrbCJEWOmrLfocr905Y,2026-05-02 05:42:01+00:00,1777700521000,10295,25.7271,53.23532,1003.64001,40577
20260502-025019,-OrbCLfiCCz8eiZgaB5m,2026-05-02 05:42:11+00:00,1777700531000,10305,25.73408,55.93496,1003.64001,40227
20260502-025019,-OrbCO79sXcFN-b11nKW,2026-05-02 05:42:21+00:00,1777700541000,10315,25.74105,50.81074,1003.64001,40421
20260502-025019,-OrbCQ_9eeU7HIJWzwWK,2026-05-02 05:42:31+00:00,1777700551000,10325,25.74834,48.50203,1003.65002,40382
20260502-025019,-OrbCT-QTCgkQpyoYUTZ,2026-05-02 05:42:41+00:00,1777700561000,10335,25.755,47.7981,1003.64001,40577
20260502-025019,-OrbCVRxKKPghoU3evl3,2026-05-02 05:42:51+00:00,1777700571000,10345,25.76197,48.38812,1003.65002,40696
20260502-025019,-OrbCXt-kw80d3WlIkjl,2026-05-02 05:43:01+00:00,1777700581000,10355,25.76894,49.48741,1003.65002,39920
20260502-025019,-OrbC_K8y5bWuT2Qm_NI,2026-05-02 05:43:11+00:00,1777700591000,10365,25.77623,50.2674,1003.64001,39920
20260502-025019,-OrbCblgJspLOBKwAsmO,2026-05-02 05:43:21+00:00,1777700601000,10375,25.78257,51.20502,1003.64001,39619
20260502-025019,-OrbCeD-zh_iLAGoZ-Ce,2026-05-02 05:43:31+00:00,1777700611000,10385,25.78891,51.67605,1003.64001,39506
20260502-025019,-OrbCge--IcIYRS3DVOu,2026-05-02 05:43:41+00:00,1777700621000,10395,25.7962,51.84435,1003.65002,39321
20260502-025019,-OrbCjj1xMn3CWg-iAG7,2026-05-02 05:43:51+00:00,1777700631000,10405,25.80349,51.96317,1003.65002,39065
20260502-025019,-OrbClXVPsGVnyRfFYi9,2026-05-02 05:44:01+00:00,1777700641000,10415,25.81109,52.49232,1003.65002,39211
20260502-025019,-OrbCnynQm4RH-scM5rX,2026-05-02 05:44:11+00:00,1777700651000,10425,25.81902,54.00521,1003.65002,38776
20260502-025019,-OrbCqPwqmPfG9OxR0Ux,2026-05-02 05:44:21+00:00,1777700661000,10435,25.82789,54.82359,1003.65002,38704
20260502-025019,-OrbCsraRhiuqKO0wMx9,2026-05-02 05:44:31+00:00,1777700671000,10445,25.83582,55.74028,1003.65997,38350
20260502-025019,-OrbCvIP6u2OUeWcvCg6,2026-05-02 05:44:41+00:00,1777700681000,10455,25.84437,56.82049,1003.65997,37865
20260502-025019,-OrbCxjeGGPUKteej6xt,2026-05-02 05:44:51+00:00,1777700691000,10465,25.85388,57.72774,1003.66998,37661
20260502-025019,-OrbD-B9EWL3uiUwP17r,2026-05-02 05:45:01+00:00,1777700701000,10475,25.86244,59.1343,1003.67999,37259
20260502-025019,-OrbD1c6ZRlaPr6cMzBI,2026-05-02 05:45:11+00:00,1777700711000,10485,25.87258,60.94702,1003.69,36769
20260502-025019,-OrbD43Jfo7Kku7evAKQ,2026-05-02 05:45:21+00:00,1777700721000,10495,25.88336,62.04321,1003.69,36704
20260502-025019,-OrbD6VchRSpxtSxBEtf,2026-05-02 05:45:31+00:00,1777700731000,10505,25.89477,62.73202,1003.70001,36104
20260502-025019,-OrbD8xE-gPw-5dlHlWk,2026-05-02 05:45:41+00:00,1777700741000,10515,25.90586,63.32449,1003.71002,35765
20260502-025019,-OrbDGkQTA6HgcCZjdPb,2026-05-02 05:45:51+00:00,1777700751000,10525,25.9179,64.24865,1003.72998,35372
20260502-025019,-OrbDGssY6Es8E0QoR0N,2026-05-02 05:46:13+00:00,1777700773000,10547,25.93058,65.88776,1003.73999,28456
20260502-025019,-OrbDJJ9heqVJLvNJ6aH,2026-05-02 05:46:23+00:00,1777700783000,10557,25.94421,66.3362,1003.75,30462
20260502-025019,-OrbDLktU7oBS8-Sr9ts,2026-05-02 05:46:33+00:00,1777700793000,10567,25.95752,67.79683,1003.75,31611
20260502-025019,-OrbDOBuRnsC8OF2pN4x,2026-05-02 05:46:43+00:00,1777700803000,10577,25.96988,68.89584,1003.75,32368
20260502-025019,-OrbDQnhQFbLQkUKLJfA,2026-05-02 05:46:53+00:00,1777700813000,10587,25.98351,69.59411,1003.76001,32696
20260502-025019,-OrbDT4iQ5SzA8KgY6cC,2026-05-02 05:47:03+00:00,1777700823000,10597,25.99778,69.69125,1003.77002,32850
20260502-025019,-OrbDVWGU5KNAkXleo4u,2026-05-02 05:47:13+00:00,1777700833000,10607,26.00982,70.66369,1003.78003,32722
20260502-025019,-OrbDXxelvzM-_5FDgFn,2026-05-02 05:47:23+00:00,1777700843000,10617,26.02345,71.46313,1003.78998,32927
20260502-025019,-OrbD_OsjWWNRw1dIf6f,2026-05-02 05:47:33+00:00,1777700853000,10627,26.03803,71.72514,1003.79999,32620
20260502-025019,-OrbDbrAuF-aGqZIM_iB,2026-05-02 05:47:43+00:00,1777700863000,10637,26.05229,71.67289,1003.81,32620
20260502-025019,-OrbDeHO8RDVob8Rs-Lq,2026-05-02 05:47:53+00:00,1777700873000,10647,26.0656,72.28403,1003.82001,32722
20260502-025019,-OrbDgia5H1DxGjNbyrk,2026-05-02 05:48:03+00:00,1777700883000,10657,26.07891,72.99989,1003.83002,32468
20260502-025019,-OrbDjA9twEgwzFnpd6U,2026-05-02 05:48:13+00:00,1777700893000,10667,26.09223,73.81456,1003.83002,32518
20260502-025019,-OrbDlbQszTNhHYxsiPz,2026-05-02 05:48:23+00:00,1777700903000,10677,26.1049,74.36226,1003.84003,32144
20260502-025019,-OrbDo2Hdl6R3juQ42KC,2026-05-02 05:48:33+00:00,1777700913000,10687,26.11822,74.44756,1003.85999,32219
20260502-025019,-OrbDqUmUHhhooN3kXOH,2026-05-02 05:48:43+00:00,1777700923000,10697,26.13089,74.54662,1003.87,32120
20260502-025019,-OrbDsvrZzqpspbpmbKE,2026-05-02 05:48:53+00:00,1777700933000,10707,26.14389,75.08225,1003.88,32046
20260502-025019,-OrbDvNEu7LlEILLoqKq,2026-05-02 05:49:03+00:00,1777700943000,10717,26.15752,75.93926,1003.89001,31803
20260502-025019,-OrbDxoNd25gd8pcEwmN,2026-05-02 05:49:13+00:00,1777700953000,10727,26.17241,76.1717,1003.90002,31924
20260502-025019,-OrbE-G9J4tA__nabV7e,2026-05-02 05:49:23+00:00,1777700963000,10737,26.18668,76.30667,1003.90002,31779
20260502-025019,-OrbE1mbwwMY9C65qMtG,2026-05-02 05:49:33+00:00,1777700973000,10747,26.20062,76.658,1003.90997,31587
20260502-025019,-OrbE49BWRHBV6nINqOj,2026-05-02 05:49:43+00:00,1777700983000,10757,26.21235,76.84869,1003.91998,31635
20260502-025019,-OrbE6_s82B6H2j6wXRa,2026-05-02 05:49:53+00:00,1777700993000,10767,26.22598,77.32679,1003.92999,31611
20260502-025019,-OrbE9ce9xbKT3Ex4iez,2026-05-02 05:50:03+00:00,1777701003000,10777,26.23993,77.53946,1003.94,31398
20260502-025019,-OrbEBT-KXyvLAQgZdL6,2026-05-02 05:50:13+00:00,1777701013000,10787,26.25292,77.74513,1003.94,31398
20260502-025019,-OrbEDujkKYbGSx7H9-4,2026-05-02 05:50:23+00:00,1777701023000,10797,26.26591,78.05633,1003.95001,31141
20260502-025019,-OrbEGLl0d1XEBFZn0BT,2026-05-02 05:50:33+00:00,1777701033000,10807,26.27891,78.71985,1003.96002,31469
20260502-025019,-OrbEImk6c68ls-MniNW,2026-05-02 05:50:43+00:00,1777701043000,10817,26.29159,78.94767,1003.96002,31234
20260502-025019,-OrbELECV1u5JQS4bt31,2026-05-02 05:50:53+00:00,1777701053000,10827,26.30427,78.90766,1003.96997,31234
20260502-025019,-OrbENhE-3wGfnpXOJIO,2026-05-02 05:51:03+00:00,1777701063000,10837,26.31821,79.36181,1003.96997,31304
20260502-025019,-OrbEQ6Sb7yH_5d3u521,2026-05-02 05:51:13+00:00,1777701073000,10847,26.33089,79.8378,1003.97998,31164
20260502-025019,-OrbESYxs45tt32WjTLb,2026-05-02 05:51:23+00:00,1777701083000,10857,26.3442,79.80485,1003.98999,31026
20260502-025019,-OrbEV-HPQeVt_vbWDor,2026-05-02 05:51:33+00:00,1777701093000,10867,26.3572,80.01251,1004.0,31164
20260502-025019,-OrbEXRRvi7VioZDtGCD,2026-05-02 05:51:43+00:00,1777701103000,10877,26.36987,79.88741,1004.0,31095
20260502-025019,-OrbEZsNtFsuaUVAbzOv,2026-05-02 05:51:53+00:00,1777701113000,10887,26.38318,80.2724,1004.01001,30980
20260502-025019,-OrbEbJZeD1fnx-Gt7TU,2026-05-02 05:52:03+00:00,1777701123000,10897,26.39713,80.9992,1004.02002,31141
20260502-025019,-OrbEdlDk1rYzXvUwBCz,2026-05-02 05:52:13+00:00,1777701133000,10907,26.41076,81.15823,1004.01001,31026
20260502-025019,-OrbEgCa81mv7v4gfsK0,2026-05-02 05:52:23+00:00,1777701143000,10917,26.42312,80.90448,1004.03003,30957
20260502-025019,-OrbEidKei_Elu38Ka6h,2026-05-02 05:52:33+00:00,1777701153000,10927,26.43707,81.75445,1004.03003,30889
20260502-025019,-OrbEl4eReFbHB9kaX0R,2026-05-02 05:52:43+00:00,1777701163000,10937,26.45165,82.2999,1004.03998,31049
20260502-025019,-OrbEnXPrNgdGaIdWhVU,2026-05-02 05:52:53+00:00,1777701173000,10947,26.47003,81.89618,1004.03998,30753
20260502-025019,-OrbEpy-SSEpz3lfL8ru,2026-05-02 05:53:03+00:00,1777701183000,10957,26.48715,82.97235,1004.06,30753
20260502-025019,-OrbEu1W5F1Iv2Om2TzI,2026-05-02 05:53:13+00:00,1777701193000,10967,26.50236,81.78091,1004.06,30934
20260502-025019,-OrbEuqy6yJY6pPIFKnb,2026-05-02 05:53:23+00:00,1777701203000,10977,26.51821,82.24805,1004.07001,30753
20260502-025019,-OrbExHumV-16OS_bAA8,2026-05-02 05:53:33+00:00,1777701213000,10987,26.53184,81.43706,1004.08002,30821
20260502-025019,-OrbEzjrhGZq7iSCYRno,2026-05-02 05:53:43+00:00,1777701223000,10997,26.54451,82.76104,1004.09003,30663
20260502-025019,-OrbF1As0ErFFhqnyYY5,2026-05-02 05:53:53+00:00,1777701233000,11007,26.55656,83.04999,1004.09998,30573
20260502-025019,-OrbF3cIjbqify_uAcOT,2026-05-02 05:54:03+00:00,1777701243000,11017,26.56765,83.39655,1004.10999,30596
20260502-025019,-OrbF62x8LKiR8JqqW1-,2026-05-02 05:54:13+00:00,1777701253000,11027,26.57526,82.9388,1004.12,30529
20260502-025019,-OrbF8V2zeJRoE7DIEpj,2026-05-02 05:54:23+00:00,1777701263000,11037,26.58286,83.15538,1004.12,30551
20260502-025019,-OrbFAwhTPktaKfqXdLD,2026-05-02 05:54:33+00:00,1777701273000,11047,26.58667,82.5828,1004.13,30708
20260502-025019,-OrbFDNWvuF5XyYzv5xR,2026-05-02 05:54:43+00:00,1777701283000,11057,26.59142,80.36044,1004.13,30798
20260502-025019,-OrbFFotYH2BeAimm3J7,2026-05-02 05:54:53+00:00,1777701293000,11067,26.59649,81.15715,1004.13,30708
20260502-025019,-OrbFIGhNFG48TQ_0ffh,2026-05-02 05:55:03+00:00,1777701303000,11077,26.59998,81.77774,1004.13,30934
20260502-025019,-OrbFKhUBTOYkm_HR1N3,2026-05-02 05:55:13+00:00,1777701313000,11087,26.6041,81.42915,1004.14001,30821
20260502-025019,-OrbFN8lzJchkCevcX0D,2026-05-02 05:55:23+00:00,1777701323000,11097,26.60632,80.29935,1004.14001,30776
20260502-025019,-OrbFPaAEPktEufP-mIG,2026-05-02 05:55:33+00:00,1777701333000,11107,26.61012,79.91031,1004.14001,30980
20260502-025019,-OrbFS1RIjeq7yUJRyek,2026-05-02 05:55:43+00:00,1777701343000,11117,26.61393,80.45683,1004.15997,30843
20260502-025019,-OrbFUTMPLA7MKqKQ9sq,2026-05-02 05:55:53+00:00,1777701353000,11127,26.61678,80.72717,1004.15997,30912
20260502-025019,-OrbFWvgVyrrBK-u22hT,2026-05-02 05:56:03+00:00,1777701363000,11137,26.619,81.04038,1004.15997,30866
20260502-025019,-OrbFZLthQFFYgJbq9gH,2026-05-02 05:56:13+00:00,1777701373000,11147,26.62343,79.67213,1004.15997,30912
20260502-025019,-OrbFbGRqGjG36sgb8p1,2026-05-02 05:56:23+00:00,1777701383000,11157,26.62597,81.697,1004.15997,30798
20260502-025019,-OrbFdEKhh02Q_pZn1DW,2026-05-02 05:56:33+00:00,1777701393000,11167,26.6266,80.52305,1004.16998,30866
20260502-025019,-OrbFffbk3AloXzBHWYy,2026-05-02 05:56:43+00:00,1777701403000,11177,26.62819,80.06237,1004.16998,30934
20260502-025019,-OrbFi7At22gjQRv4bvz,2026-05-02 05:56:53+00:00,1777701413000,11187,26.63072,80.47413,1004.16998,31026
20260502-025019,-OrbFkZI3PxRv5MJSRoC,2026-05-02 05:57:03+00:00,1777701423000,11197,26.63389,80.12011,1004.16998,31003
20260502-025019,-OrbFn0sJN6rSSp_vGeV,2026-05-02 05:57:13+00:00,1777701433000,11207,26.6377,79.98619,1004.17999,31003
20260502-025019,-OrbFpRv11cBH8ftum7k,2026-05-02 05:57:23+00:00,1777701443000,11217,26.64023,80.20634,1004.17999,30821
20260502-025019,-OrbFrtLmo5jIO6r6AVS,2026-05-02 05:57:33+00:00,1777701453000,11227,26.64752,80.88211,1004.17999,30821
20260502-025019,-OrbFuKNYYK_I0FHTG9G,2026-05-02 05:57:43+00:00,1777701463000,11237,26.6583,81.43925,1004.19,30821
20260502-025019,-OrbFwl9MqX42Tx2VxUI,2026-05-02 05:57:53+00:00,1777701473000,11247,26.66907,81.37002,1004.17999,30753
20260502-025019,-OrbFzD0k2jLwIlX6d3K,2026-05-02 05:58:03+00:00,1777701483000,11257,26.68365,81.96471,1004.17999,30596
20260502-025019,-OrbG0dmLDBziDqPS6or,2026-05-02 05:58:13+00:00,1777701493000,11267,26.69697,81.41797,1004.19,30730
20260502-025019,-OrbG34tozfCB4_HtWkH,2026-05-02 05:58:23+00:00,1777701503000,11277,26.70267,76.18919,1004.17999,31304
20260502-025019,-OrbG5XNu-n2TEB_05vB,2026-05-02 05:58:33+00:00,1777701513000,11287,26.70457,72.91509,1004.17999,31779
20260502-025019,-OrbG7zUfoOX0qNPu5yd,2026-05-02 05:58:43+00:00,1777701523000,11297,26.70267,71.08004,1004.17999,31827
20260502-025019,-OrbGAPh2UGb1izuqQXU,2026-05-02 05:58:53+00:00,1777701533000,11307,26.6995,69.66578,1004.16998,32022
20260502-025019,-OrbGCr75ANSZmHVcZGT,2026-05-02 05:59:03+00:00,1777701543000,11317,26.69348,66.26299,1004.15997,32518
20260502-025019,-OrbGFIIfFelJoHgKdxc,2026-05-02 05:59:13+00:00,1777701553000,11327,26.68872,66.54257,1004.14001,32544
20260502-025019,-OrbGHkiBiTbbhA7Mvs_,2026-05-02 05:59:23+00:00,1777701563000,11337,26.68492,66.60208,1004.13,32544
20260502-025019,-OrbGKPDIDIiF_HSTqsV,2026-05-02 05:59:33+00:00,1777701573000,11347,26.67922,66.06068,1004.12,32696
20260502-025019,-OrbGMcdkeSSlnVcGtcm,2026-05-02 05:59:43+00:00,1777701583000,11357,26.67351,66.05975,1004.12,32620
20260502-025019,-OrbGP3K5oDsFo54GljT,2026-05-02 05:59:53+00:00,1777701593000,11367,26.66717,65.85892,1004.10999,32824
20260502-025019,-OrbGRVdwhSv7OOMqAHV,2026-05-02 06:00:03+00:00,1777701603000,11377,26.6583,64.3449,1004.09998,33031
20260502-025019,-OrbGTxwsA0uPDQFqhU5,2026-05-02 06:00:13+00:00,1777701613000,11387,26.64942,63.24903,1004.09998,33083
20260502-025019,-OrbGWO6Tmn6V85zo0pv,2026-05-02 06:00:23+00:00,1777701623000,11397,26.63928,62.17831,1004.08002,33188
20260502-025019,-OrbGYpJp2398E_1ouaO,2026-05-02 06:00:33+00:00,1777701633000,11407,26.62819,61.23668,1004.08002,33587
20260502-025019,-OrbGaGWYOSOUa9Puhl0,2026-05-02 06:00:43+00:00,1777701643000,11417,26.61551,59.39363,1004.07001,33749
20260502-025019,-OrbGchuQQnL4mYcCGaq,2026-05-02 06:00:53+00:00,1777701653000,11427,26.60315,58.66389,1004.07001,33940
20260502-025019,-OrbGf8y3lif6iKX9K7e,2026-05-02 06:01:03+00:00,1777701663000,11437,26.5911,57.76397,1004.06,34134
20260502-025019,-OrbGhaDhbXkHP_34aj-,2026-05-02 06:01:13+00:00,1777701673000,11447,26.57811,56.60695,1004.04999,34442
20260502-025019,-OrbGk1Mig3DXlF4K39Q,2026-05-02 06:01:23+00:00,1777701683000,11457,26.56385,55.74144,1004.03003,34499
20260502-025019,-OrbGmTvkz3SqgIKIaEh,2026-05-02 06:01:33+00:00,1777701693000,11467,26.55149,55.48014,1004.03003,34785
20260502-025019,-OrbGovMQHQLiYLoJLWg,2026-05-02 06:01:43+00:00,1777701703000,11477,26.53976,55.30776,1004.02002,34642
20260502-025019,-OrbGrMVfxrkK3ofxT8Q,2026-05-02 06:01:53+00:00,1777701713000,11487,26.52772,54.97139,1004.01001,35047
20260502-025019,-OrbGtnuYjYASA5uF2aj,2026-05-02 06:02:03+00:00,1777701723000,11497,26.51599,54.46565,1004.01001,35106
20260502-025019,-OrbGwF2mucaCkqm_Z7D,2026-05-02 06:02:13+00:00,1777701733000,11507,26.50584,54.47684,1004.01001,35194
20260502-025019,-OrbGygA-BI_XLEUdhsz,2026-05-02 06:02:23+00:00,1777701743000,11517,26.49634,54.48811,1004.01001,35313
20260502-025019,-OrbH070K0HD8-gF7JkL,2026-05-02 06:02:33+00:00,1777701753000,11527,26.48715,54.63792,1004.01001,35432
20260502-025019,-OrbH2nV3DSqcVrjwKib,2026-05-02 06:02:43+00:00,1777701763000,11537,26.47827,54.1712,1004.0,35522
20260502-025019,-OrbH500aiIiweGVIWZh,2026-05-02 06:02:53+00:00,1777701773000,11547,26.4694,53.56779,1004.0,35673
20260502-025019,-OrbH7T7gNeSw365gKrB,2026-05-02 06:03:03+00:00,1777701783000,11557,26.46211,53.65449,1003.98999,35765
20260502-025019,-OrbH9tsW9SBC3rlB7O-,2026-05-02 06:03:13+00:00,1777701793000,11567,26.45513,53.641,1003.98999,35795
20260502-025019,-OrbHCLYxBnWFDKGy52L,2026-05-02 06:03:23+00:00,1777701803000,11577,26.44721,53.40199,1003.98999,35918
20260502-025019,-OrbHEleCto-JzddD0i3,2026-05-02 06:03:33+00:00,1777701813000,11587,26.43834,53.21941,1003.98999,36104
20260502-025019,-OrbHHCwY8VHbHMQ4qSg,2026-05-02 06:03:43+00:00,1777701823000,11597,26.43136,53.13097,1003.98999,36228
20260502-025019,-OrbHJeCynMSbRIzthjM,2026-05-02 06:03:53+00:00,1777701833000,11607,26.42407,52.91143,1003.98999,36197
20260502-025019,-OrbHM5WSRcHFuER7SwI,2026-05-02 06:04:03+00:00,1777701843000,11617,26.41805,52.67361,1003.98999,36197
20260502-025019,-OrbHOXsUMsGcYGwpIuE,2026-05-02 06:04:13+00:00,1777701853000,11627,26.41108,52.33018,1003.98999,36481
20260502-025019,-OrbHQzIXp8MoRFauauo,2026-05-02 06:04:23+00:00,1777701863000,11637,26.40537,52.19881,1003.98999,36481
20260502-025019,-OrbHTQ3B_l96un3K8As,2026-05-02 06:04:33+00:00,1777701873000,11647,26.39935,52.04264,1003.98999,36737
20260502-025019,-OrbHVrqpGaYp9oUsmwH,2026-05-02 06:04:43+00:00,1777701883000,11657,26.39428,51.86811,1003.98999,36833
20260502-025019,-OrbHYJCK1-g_0R3sSgd,2026-05-02 06:04:53+00:00,1777701893000,11667,26.38952,51.7248,1003.98999,36963
20260502-025019,-OrbH_klkCi_o8J9o6em,2026-05-02 06:05:03+00:00,1777701903000,11677,26.38414,51.61251,1003.98999,36866
20260502-025019,-OrbHcBcJn-CV6xbH8E1,2026-05-02 06:05:13+00:00,1777701913000,11687,26.38033,51.82903,1003.98999,37029
20260502-025019,-OrbHecr5SCwVN6-VSqw,2026-05-02 06:05:23+00:00,1777701923000,11697,26.37748,53.35493,1004.0,36866
20260502-025019,-OrbHh3yMlt4f71EmIEC,2026-05-02 06:05:33+00:00,1777701933000,11707,26.37558,52.46231,1004.0,36672
20260502-025019,-OrbHjW1uW8rHfc3GMS-,2026-05-02 06:05:43+00:00,1777701943000,11717,26.37304,52.69246,1004.0,36996
20260502-025019,-OrbHmfnflxArZi4hbth,2026-05-02 06:05:53+00:00,1777701953000,11727,26.36987,52.0387,1004.0,37127
20260502-025019,-OrbHoPOHesCN7XB_ezD,2026-05-02 06:06:03+00:00,1777701963000,11737,26.36544,51.3128,1003.98999,37160
20260502-025019,-OrbHqpbFCDEk7_Dz3gY,2026-05-02 06:06:13+00:00,1777701973000,11747,26.36036,51.2379,1004.0,37425
20260502-025019,-OrbHtHypjgCi_7ZBbJK,2026-05-02 06:06:23+00:00,1777701983000,11757,26.35466,51.10113,1004.0,37526
20260502-025019,-OrbHvi_ZtDQrADEyi6F,2026-05-02 06:06:33+00:00,1777701993000,11767,26.34927,51.77526,1004.01001,37325
20260502-025019,-OrbHy9yxsewM0CgyWql,2026-05-02 06:06:43+00:00,1777702003000,11777,26.3442,52.15953,1004.01001,37292
20260502-025019,-OrbI-aidrBcuDf5y9M2,2026-05-02 06:06:53+00:00,1777702013000,11787,26.33945,52.22106,1004.01001,37359
20260502-025019,-OrbI21wF7K5D1Do4PQ3,2026-05-02 06:07:03+00:00,1777702023000,11797,26.33659,52.78106,1004.01001,37292
20260502-025019,-OrbI4U9T_zt5G7bBsxI,2026-05-02 06:07:13+00:00,1777702033000,11807,26.33406,52.5439,1004.01001,37392
20260502-025019,-OrbI6vb_t3S2pg4t0mK,2026-05-02 06:07:23+00:00,1777702043000,11817,26.33152,52.59962,1004.0,37325
20260502-025019,-OrbI9MdT8Y5rarGg2RG,2026-05-02 06:07:33+00:00,1777702053000,11827,26.32962,52.31301,1004.0,37492
20260502-025019,-OrbIBo5qLbcLwU2qQ4R,2026-05-02 06:07:43+00:00,1777702063000,11837,26.32708,51.87777,1004.01001,37492
20260502-025019,-OrbIEFkH7XpoDPsv8wm,2026-05-02 06:07:53+00:00,1777702073000,11847,26.32487,52.0451,1004.01001,37797
20260502-025019,-OrbIGgeubTDE2Ec2YIE,2026-05-02 06:08:03+00:00,1777702083000,11857,26.32328,52.07594,1004.02002,37492
20260502-025019,-OrbIJ8KsCA2XJ5TK6_m,2026-05-02 06:08:13+00:00,1777702093000,11867,26.32043,51.98862,1004.02002,37865
20260502-025019,-OrbIL_INWBDL6g6k4Zh,2026-05-02 06:08:23+00:00,1777702103000,11877,26.31758,51.85789,1004.01001,38106
20260502-025019,-OrbIO0Jk_-1TVlhj8Y5,2026-05-02 06:08:33+00:00,1777702113000,11887,26.31568,51.77079,1004.02002,37728
20260502-025019,-OrbIQS_htVEErKOoa_W,2026-05-02 06:08:43+00:00,1777702123000,11897,26.31155,51.78264,1004.01001,38002
20260502-025019,-OrbISu_bSAPYvi0yTuO,2026-05-02 06:08:53+00:00,1777702133000,11907,26.30839,51.90631,1004.02002,37797
20260502-025019,-OrbIVVoLfmdEOty_N3T,2026-05-02 06:09:03+00:00,1777702143000,11917,26.30553,51.85628,1004.02002,38037
20260502-025019,-OrbIXm9k2JqyAytDi06,2026-05-02 06:09:13+00:00,1777702153000,11927,26.30236,51.49633,1004.02002,38140
20260502-025019,-OrbI_EPHd62OMvpfEeF,2026-05-02 06:09:23+00:00,1777702163000,11937,26.29983,51.08155,1004.02002,38071
20260502-025019,-OrbIbexmyrleyEf-hCl,2026-05-02 06:09:33+00:00,1777702173000,11947,26.29634,51.19235,1004.02002,38210
20260502-025019,-OrbIe6NaizlqUJHuoaH,2026-05-02 06:09:43+00:00,1777702183000,11957,26.29412,51.46429,1004.02002,38315
20260502-025019,-OrbIgYYnq-7DXJhgcrT,2026-05-02 06:09:53+00:00,1777702193000,11967,26.29159,51.50729,1004.02002,38245
20260502-025019,-OrbIizW9qQnCFCQHstu,2026-05-02 06:10:03+00:00,1777702203000,11977,26.28905,51.57509,1004.02002,38350
20260502-025019,-OrbIlQSGbWgl5p_GScT,2026-05-02 06:10:13+00:00,1777702213000,11987,26.28588,51.65523,1004.03003,38210
20260502-025019,-OrbInruFpqKlL-kkmZ9,2026-05-02 06:10:23+00:00,1777702223000,11997,26.28208,51.80974,1004.02002,38350
20260502-025019,-OrbIqJUeRxOZEUZekOB,2026-05-02 06:10:33+00:00,1777702233000,12007,26.27859,51.85269,1004.01001,38245
20260502-025019,-OrbIskynkYavHS8-pV4,2026-05-02 06:10:43+00:00,1777702243000,12017,26.27511,51.83982,1004.01001,38385
20260502-025019,-OrbIvBcWIs9sHx0bcb7,2026-05-02 06:10:53+00:00,1777702253000,12027,26.27225,51.89529,1004.01001,38633
20260502-025019,-OrbIxd2D_GU45H490ee,2026-05-02 06:11:03+00:00,1777702263000,12037,26.2694,52.13087,1004.02002,38491
20260502-025019,-OrbJ-4EFQf7b0Q1zq-3,2026-05-02 06:11:13+00:00,1777702273000,12047,26.26686,52.68437,1004.02002,38385
20260502-025019,-OrbJ1WAAAJUKmJP8BsM,2026-05-02 06:11:23+00:00,1777702283000,12057,26.26433,53.05207,1004.03003,38175
20260502-025019,-OrbJ3y6mAckZ0JrHPRw,2026-05-02 06:11:33+00:00,1777702293000,12067,26.26211,53.54571,1004.03003,38106
20260502-025019,-OrbJ6PW0YId_5nrogax,2026-05-02 06:11:43+00:00,1777702303000,12077,26.25926,54.11588,1004.03003,38210
20260502-025019,-OrbJ8r9OpXgtkZEUGHr,2026-05-02 06:11:53+00:00,1777702313000,12087,26.2564,54.3354,1004.03003,38175
20260502-025019,-OrbJBIGmz7vwNHkLCCd,2026-05-02 06:12:03+00:00,1777702323000,12097,26.25387,54.51744,1004.03003,37797
20260502-025019,-OrbJDovCmW1hbU-bimi,2026-05-02 06:12:13+00:00,1777702333000,12107,26.25102,54.7311,1004.03003,38140
20260502-025019,-OrbJGAFQ9uD-9rnEoJ1,2026-05-02 06:12:23+00:00,1777702343000,12117,26.24848,54.93243,1004.03998,38037
20260502-025019,-OrbJIbTdRXxcWF_IVFs,2026-05-02 06:12:33+00:00,1777702353000,12127,26.245,55.19068,1004.04999,37695
20260502-025019,-OrbJL3C3kH9e9xTqh8-,2026-05-02 06:12:43+00:00,1777702363000,12137,26.24183,55.46194,1004.06,37728
20260502-025019,-OrbJNVB3mAc_kBGlXAT,2026-05-02 06:12:53+00:00,1777702373000,12147,26.23961,55.75907,1004.06,37661
20260502-025019,-OrbJPxClzdaAFu6SL0g,2026-05-02 06:13:03+00:00,1777702383000,12157,26.23771,55.94888,1004.06,37559
20260502-025019,-OrbJSNStThUeZL9l_-B,2026-05-02 06:13:13+00:00,1777702393000,12167,26.23549,56.06905,1004.08002,37559
20260502-025019,-OrbJUpDLJrCWiXUgcuj,2026-05-02 06:13:23+00:00,1777702403000,12177,26.23264,56.14478,1004.08002,37492
20260502-025019,-OrbJXFLwjQXef7uyCIn,2026-05-02 06:13:33+00:00,1777702413000,12187,26.22978,56.15706,1004.08002,37593
20260502-025019,-OrbJZhGOW8tLuZG_RmJ,2026-05-02 06:13:43+00:00,1777702423000,12197,26.22661,56.13124,1004.09003,37492
20260502-025019,-OrbJb85ta6vf_YmJYLU,2026-05-02 06:13:53+00:00,1777702433000,12207,26.22313,56.22594,1004.09998,37797
20260502-025019,-OrbJd_btJUQtRuOYVWq,2026-05-02 06:14:03+00:00,1777702443000,12217,26.22027,56.49234,1004.10999,37526
20260502-025019,-OrbJg0hfuy0NAZCtXDq,2026-05-02 06:14:13+00:00,1777702453000,12227,26.21742,56.77184,1004.10999,37459
20260502-025019,-OrbJiSrLOoGPAa2zBzB,2026-05-02 06:14:23+00:00,1777702463000,12237,26.21362,56.87318,1004.12,37526
20260502-025019,-OrbJktt1Ojb_iNrD6Pr,2026-05-02 06:14:33+00:00,1777702473000,12247,26.21077,56.9301,1004.12,37559
20260502-025019,-OrbJnLxwdn_FQkn6Zpv,2026-05-02 06:14:43+00:00,1777702483000,12257,26.20601,56.70021,1004.12,37661
20260502-025019,-OrbJpmW4xZ6hzPWgZM4,2026-05-02 06:14:53+00:00,1777702493000,12267,26.20284,56.44537,1004.13,37593
20260502-025019,-OrbJsF41tgjxQ77Knsp,2026-05-02 06:15:03+00:00,1777702503000,12277,26.19999,56.1592,1004.13,38002
20260502-025019,-OrbJuf-zaN3y4_sK3Ev,2026-05-02 06:15:13+00:00,1777702513000,12287,26.19745,56.03196,1004.13,37899
20260502-025019,-OrbJxen_vw97tTx_yvf,2026-05-02 06:15:23+00:00,1777702523000,12297,26.1946,55.74006,1004.13,37695
20260502-025019,-OrbJzYv3nmq5v4jGE6K,2026-05-02 06:15:33+00:00,1777702533000,12307,26.19238,55.39812,1004.12,37968
20260502-025019,-OrbK1-v_JENX9R5pC-w,2026-05-02 06:15:43+00:00,1777702543000,12317,26.19111,54.93707,1004.13,38002
20260502-025019,-OrbK3RGUM7JyDxX7ORr,2026-05-02 06:15:53+00:00,1777702553000,12327,26.18889,54.41409,1004.12,38385
20260502-025019,-OrbK5sa7YUEQzubOQbR,2026-05-02 06:16:03+00:00,1777702563000,12337,26.18763,54.16254,1004.12,38420
20260502-025019,-OrbK8JzVVzbRG_KCTNf,2026-05-02 06:16:13+00:00,1777702573000,12347,26.18668,54.34462,1004.12,38526
20260502-025019,-OrbKAkkmBPyIfEMXO2U,2026-05-02 06:16:23+00:00,1777702583000,12357,26.18477,54.38208,1004.13,38491
20260502-025019,-OrbKDBsIIPqlJf5uge0,2026-05-02 06:16:33+00:00,1777702593000,12367,26.18224,54.33144,1004.13,38526
20260502-025019,-OrbKFojK9uCn0K72Olw,2026-05-02 06:16:43+00:00,1777702603000,12377,26.18034,54.1113,1004.12,38350
20260502-025019,-OrbKIAUzBwZd8kOZSxb,2026-05-02 06:16:53+00:00,1777702613000,12387,26.17844,54.10475,1004.12,38455
20260502-025019,-OrbKKbuQ7LrROkxAXuG,2026-05-02 06:17:03+00:00,1777702623000,12397,26.17558,54.3871,1004.12,38668
20260502-025019,-OrbKN2gElX62K3vcCIw,2026-05-02 06:17:13+00:00,1777702633000,12407,26.17432,54.64489,1004.12,38668
20260502-025019,-OrbKPVOcBDV0JBmnLcu,2026-05-02 06:17:23+00:00,1777702643000,12417,26.17146,54.97847,1004.10999,38597
20260502-025019,-OrbKRwZelg-H2_gPIOt,2026-05-02 06:17:33+00:00,1777702653000,12427,26.17051,55.37609,1004.09998,38597
20260502-025019,-OrbKUNNDClrM3hQFeU6,2026-05-02 06:17:43+00:00,1777702663000,12437,26.16924,55.97091,1004.09003,38491
20260502-025019,-OrbKWp7VVJEsG0Z2ZJE,2026-05-02 06:17:53+00:00,1777702673000,12447,26.16703,56.35769,1004.09998,38350
20260502-025019,-OrbKZGBpiLtD0hxJeeS,2026-05-02 06:18:03+00:00,1777702683000,12457,26.16481,56.49717,1004.09003,38562
20260502-025019,-OrbKahGOMYduIyoJGcI,2026-05-02 06:18:13+00:00,1777702693000,12467,26.16259,56.49685,1004.09003,38455
20260502-025019,-OrbKdtZXOMigqmV3pis,2026-05-02 06:18:23+00:00,1777702703000,12477,26.15974,56.22331,1004.08002,38740
20260502-025019,-OrbKfa9kmVDKsOm7FOm,2026-05-02 06:18:33+00:00,1777702713000,12487,26.15847,55.96939,1004.07001,38847
20260502-025019,-OrbKi1JPOuI_HJZkDtK,2026-05-02 06:18:43+00:00,1777702723000,12497,26.15657,55.89307,1004.07001,38455
20260502-025019,-OrbKkTCoOQiOjBStKQF,2026-05-02 06:18:53+00:00,1777702733000,12507,26.1553,56.00064,1004.04999,38633
20260502-025019,-OrbKmua4amGj4LtbYYl,2026-05-02 06:19:03+00:00,1777702743000,12517,26.15435,56.24793,1004.04999,38491
20260502-025019,-OrbKpLrjVgURgn3X9tv,2026-05-02 06:19:13+00:00,1777702753000,12527,26.15277,56.30486,1004.03998,38491
20260502-025019,-OrbKrn-U4hnOrbgoLN-,2026-05-02 06:19:23+00:00,1777702763000,12537,26.15149,56.4635,1004.03003,38633
20260502-025019,-OrbKuEZ0CuWvzgfqUJk,2026-05-02 06:19:33+00:00,1777702773000,12547,26.15023,56.52052,1004.01001,38597
20260502-025019,-OrbKwfqfy4zAbEkbBcH,2026-05-02 06:19:43+00:00,1777702783000,12557,26.14769,56.7237,1004.0,38562
20260502-025019,-OrbKz6hXgXIDwIjF1t0,2026-05-02 06:19:53+00:00,1777702793000,12567,26.14611,57.01005,1004.0,38704
20260502-025019,-OrbL0Z8VOAvwN2jZvJs,2026-05-02 06:20:03+00:00,1777702803000,12577,26.14452,56.90789,1003.98999,38633
20260502-025019,-OrbL3-VB20UFt_nvQFJ,2026-05-02 06:20:13+00:00,1777702813000,12587,26.14326,56.61492,1003.97998,38668
20260502-025019,-OrbL5ReVKEg-5tXDxxE,2026-05-02 06:20:23+00:00,1777702823000,12597,26.14199,56.68471,1003.96997,38992
20260502-025019,-OrbL7shDe58XBURS1hf,2026-05-02 06:20:33+00:00,1777702833000,12607,26.13977,56.87535,1003.96002,38704
20260502-025019,-OrbLAJx4ECOtWHYKx1b,2026-05-02 06:20:43+00:00,1777702843000,12617,26.13882,56.9644,1003.95001,39028
20260502-025019,-OrbLClPPX_s4gdQRAQh,2026-05-02 06:20:53+00:00,1777702853000,12627,26.13787,57.0025,1003.95001,38811
20260502-025019,-OrbLFCgnN3ijAEBp0R_,2026-05-02 06:21:03+00:00,1777702863000,12637,26.13692,57.09161,1003.94,38992
20260502-025019,-OrbLHetvoj8GTmzueLM,2026-05-02 06:21:13+00:00,1777702873000,12647,26.13597,57.35305,1003.92999,38597
20260502-025019,-OrbLK5_ClLaqBEIxABz,2026-05-02 06:21:23+00:00,1777702883000,12657,26.13343,57.51874,1003.92999,38704
20260502-025019,-OrbLNI-qL5BqSV8bh0t,2026-05-02 06:21:33+00:00,1777702893000,12667,26.13216,57.72952,1003.92999,38704
20260502-025019,-OrbLOyuNTNs22yO8NAY,2026-05-02 06:21:43+00:00,1777702903000,12677,26.12994,57.86358,1003.91998,38633
20260502-025019,-OrbLRPyhW_kP7EqarR9,2026-05-02 06:21:53+00:00,1777702913000,12687,26.12899,57.88903,1003.90997,38562
20260502-025019,-OrbLTqpsPQZPMzmoKEE,2026-05-02 06:22:03+00:00,1777702923000,12697,26.12867,57.85699,1003.91998,38704
20260502-025019,-OrbLWIv5KeOfcTEFuKZ,2026-05-02 06:22:13+00:00,1777702933000,12707,26.12677,57.88871,1003.91998,38776
20260502-025019,-OrbLYjmArt4LT4sPwFc,2026-05-02 06:22:23+00:00,1777702943000,12717,26.12614,57.75424,1003.90997,38811
20260502-025019,-OrbLaArP4efzfHWl2h1,2026-05-02 06:22:33+00:00,1777702953000,12727,26.12392,57.57488,1003.90997,38740
20260502-025019,-OrbLccJeWT7_d0lfazg,2026-05-02 06:22:43+00:00,1777702963000,12737,26.12297,57.61949,1003.90002,38847
20260502-025019,-OrbLf3PinA4T-cEypX_,2026-05-02 06:22:53+00:00,1777702973000,12747,26.12202,57.58739,1003.89001,38811
20260502-025019,-OrbLhVdleMhKQI_jEds,2026-05-02 06:23:03+00:00,1777702983000,12757,26.11949,57.54867,1003.89001,38883
20260502-025019,-OrbLjwcgYnF7a_Xnmme,2026-05-02 06:23:13+00:00,1777702993000,12767,26.11885,57.51025,1003.89001,38847
20260502-025019,-OrbLmO5qXd5P7QoUPpl,2026-05-02 06:23:23+00:00,1777703003000,12777,26.11727,57.80414,1003.89001,39065
20260502-025019,-OrbLopSIadKzLT5HgRS,2026-05-02 06:23:33+00:00,1777703013000,12787,26.11505,58.14324,1003.88,38811
20260502-025019,-OrbLrGNVx-VNKnjJ3_d,2026-05-02 06:23:43+00:00,1777703023000,12797,26.11346,58.36105,1003.89001,38920
20260502-025019,-OrbLthjowRUG6ewG2KF,2026-05-02 06:23:53+00:00,1777703033000,12807,26.11219,58.42504,1003.89001,39138
20260502-025019,-OrbLw93uCUbJh2v4__U,2026-05-02 06:24:03+00:00,1777703043000,12817,26.10998,58.50818,1003.89001,38704
20260502-025019,-OrbLyaFPJTmAWZ7Mia-,2026-05-02 06:24:13+00:00,1777703053000,12827,26.10807,58.34743,1003.88,38956
20260502-025019,-OrbM01ZOdNJ2Cres2dl,2026-05-02 06:24:23+00:00,1777703063000,12837,26.10554,58.35349,1003.89001,38776
20260502-025019,-OrbM2TnxtquB76xct0k,2026-05-02 06:24:33+00:00,1777703073000,12847,26.10459,58.4753,1003.89001,38883
20260502-025019,-OrbM6Oyphyn002S-ADd,2026-05-02 06:24:43+00:00,1777703083000,12857,26.10237,58.53275,1003.90002,38811
20260502-025019,-OrbM7MPXf8J5w1vcz2N,2026-05-02 06:24:53+00:00,1777703093000,12867,26.10174,58.37218,1003.90997,38920
20260502-025019,-OrbM9ohYb_yAmIH_pxz,2026-05-02 06:25:03+00:00,1777703103000,12877,26.09983,57.85281,1003.90997,38883
20260502-025019,-OrbMCEe-3yg0agNmvAd,2026-05-02 06:25:13+00:00,1777703113000,12887,26.09888,58.21781,1003.90997,38776
20260502-025019,-OrbMEg-iOd7LWnj7yfr,2026-05-02 06:25:23+00:00,1777703123000,12897,26.09793,58.61561,1003.91998,38920
20260502-025019,-OrbMH7PZ4kxIoB9vSkX,2026-05-02 06:25:33+00:00,1777703133000,12907,26.0973,58.67336,1003.92999,38847
20260502-025019,-OrbMJZgW2QC5suM9wXK,2026-05-02 06:25:43+00:00,1777703143000,12917,26.09603,58.87249,1003.91998,38704
20260502-025019,-OrbMM-buFVYvVeOst30,2026-05-02 06:25:53+00:00,1777703153000,12927,26.09603,58.99475,1003.92999,38920
20260502-025019,-OrbMORyZmAsLYc-yV_S,2026-05-02 06:26:03+00:00,1777703163000,12937,26.09539,58.49963,1003.94,38920
20260502-025019,-OrbMQt7SnjvGEjYzcCK,2026-05-02 06:26:13+00:00,1777703173000,12947,26.09508,58.75659,1003.94,38847
20260502-025019,-OrbMTKfXhVW6fOlfjsL,2026-05-02 06:26:23+00:00,1777703183000,12957,26.09445,58.94302,1003.94,38776
20260502-025019,-OrbMVm6RIesopLXzCV_,2026-05-02 06:26:33+00:00,1777703193000,12967,26.09254,59.07793,1003.95001,38776
20260502-025019,-OrbMYD8DmOvFXbTs5w1,2026-05-02 06:26:43+00:00,1777703203000,12977,26.09254,58.68551,1003.96002,38740
20260502-025019,-OrbM_eEx8Avb7ikzhBj,2026-05-02 06:26:53+00:00,1777703213000,12987,26.09223,58.59551,1003.96997,38992
20260502-025019,-OrbMc66WaYeec82ND4R,2026-05-02 06:27:03+00:00,1777703223000,12997,26.09223,59.03926,1003.96997,38776
20260502-025019,-OrbMeXocHHdMBzw0kJw,2026-05-02 06:27:13+00:00,1777703233000,13007,26.09159,59.22595,1003.97998,39065
20260502-025019,-OrbMgz-PtkkbA9HLVkN,2026-05-02 06:27:23+00:00,1777703243000,13017,26.09096,59.15499,1003.97998,38992
20260502-025019,-OrbMjQhOW8wIc1DbtV_,2026-05-02 06:27:33+00:00,1777703253000,13027,26.08874,59.18044,1003.98999,38992
20260502-025019,-OrbMlrsiUtdx1JmgPv8,2026-05-02 06:27:43+00:00,1777703263000,13037,26.08842,59.26416,1004.0,38920
20260502-025019,-OrbMoZOE-yhHFGau3Zg,2026-05-02 06:27:53+00:00,1777703273000,13047,26.08747,59.70925,1004.0,38920
20260502-025019,-OrbMqjxnzI3_8c5lCLW,2026-05-02 06:28:03+00:00,1777703283000,13057,26.08557,60.18756,1004.01001,38956
20260502-025019,-OrbMtBV2x8u7RsqK3j4,2026-05-02 06:28:13+00:00,1777703293000,13067,26.08367,59.87671,1004.02002,38956
20260502-025019,-OrbMvcJc68ug8vIN-vL,2026-05-02 06:28:23+00:00,1777703303000,13077,26.08145,59.31471,1004.02002,39211
20260502-025019,-OrbMy3ZDrr8l_w8M_fO,2026-05-02 06:28:33+00:00,1777703313000,13087,26.07986,59.26934,1004.03003,39028
20260502-025019,-OrbN-WLE3zSiAskaBs3,2026-05-02 06:28:43+00:00,1777703323000,13097,26.07765,59.5851,1004.03998,38992
20260502-025019,-OrbN1xNgwYKfP-Pg7Q4,2026-05-02 06:28:53+00:00,1777703333000,13107,26.07701,59.11429,1004.04999,39028
20260502-025019,-OrbN4OK2ZC7yMnLPYfc,2026-05-02 06:29:03+00:00,1777703343000,13117,26.07638,59.53327,1004.06,38883
20260502-025019,-OrbN6pkXMoze9E6t8Pb,2026-05-02 06:29:13+00:00,1777703353000,13127,26.07574,59.90785,1004.06,38992
20260502-025019,-OrbN9H5kSLEWZ6qJoxw,2026-05-02 06:29:23+00:00,1777703363000,13137,26.07384,60.12106,1004.06,38883
20260502-025019,-OrbNBiBOipeH_Bw9UYu,2026-05-02 06:29:33+00:00,1777703373000,13147,26.07258,60.11441,1004.06,38776
20260502-025019,-OrbNE9TQLySyFFHUSG2,2026-05-02 06:29:43+00:00,1777703383000,13157,26.07131,60.50294,1004.08002,38740
20260502-025019,-OrbNGbXC-rfkPigI6jp,2026-05-02 06:29:53+00:00,1777703393000,13167,26.07036,60.78834,1004.08002,38920
20260502-025019,-OrbNJ2kznfOj74RsSEw,2026-05-02 06:30:03+00:00,1777703403000,13177,26.06877,60.83356,1004.09003,38776
20260502-025019,-OrbNLUOPQGGZW8Gyhtg,2026-05-02 06:30:13+00:00,1777703413000,13187,26.06624,60.96313,1004.09998,38811
20260502-025019,-OrbNNvbNTC23H1vlL2S,2026-05-02 06:30:23+00:00,1777703423000,13197,26.06497,61.01495,1004.10999,38811
20260502-025019,-OrbNQNTIT7xT-1cbbm1,2026-05-02 06:30:33+00:00,1777703433000,13207,26.06275,61.10566,1004.12,38776
20260502-025019,-OrbNSo3iiaEDJ2eeQCg,2026-05-02 06:30:43+00:00,1777703443000,13217,26.06085,61.28757,1004.13,38633
20260502-025019,-OrbNVEv4Wh4z93HLyOP,2026-05-02 06:30:53+00:00,1777703453000,13227,26.05958,61.32644,1004.13,38704
20260502-025019,-OrbNXxKL7dCw9bKa-II,2026-05-02 06:31:03+00:00,1777703463000,13237,26.05863,61.19611,1004.13,38920
20260502-025019,-OrbN_7VzD8mTTlrmxYm,2026-05-02 06:31:13+00:00,1777703473000,13247,26.05799,60.63069,1004.15002,38883
20260502-025019,-OrbNb_GfWTSJ3DEWhtH,2026-05-02 06:31:23+00:00,1777703483000,13257,26.05736,60.71498,1004.15002,38883
20260502-025019,-OrbNe0IiMSlGpViKiF2,2026-05-02 06:31:33+00:00,1777703493000,13267,26.05673,60.9812,1004.15002,38668
20260502-025019,-OrbNgSXCpvDJEED984u,2026-05-02 06:31:43+00:00,1777703503000,13277,26.05736,60.97481,1004.15997,38811
20260502-025019,-OrbNitgnpYxsSnTI-av,2026-05-02 06:31:53+00:00,1777703513000,13287,26.05799,60.95539,1004.16998,38597
20260502-025019,-OrbNlKr4W9C_otvtDXB,2026-05-02 06:32:03+00:00,1777703523000,13297,26.05673,60.9812,1004.17999,38920
20260502-025019,-OrbNnmOnuE2eTu65lkw,2026-05-02 06:32:13+00:00,1777703533000,13307,26.05673,60.9682,1004.17999,38920
20260502-025019,-OrbNqDaSOn2VUqImHoR,2026-05-02 06:32:23+00:00,1777703543000,13317,26.05578,60.92257,1004.19,38847
20260502-025019,-OrbNsf32BiaVxZPkrkG,2026-05-02 06:32:33+00:00,1777703553000,13327,26.05451,61.11742,1004.19,38704
20260502-025019,-OrbNv5pS0IWAJKrocon,2026-05-02 06:32:43+00:00,1777703563000,13337,26.05356,61.20186,1004.20001,38811
20260502-025019,-OrbNxYj1LlE1KmLqIpe,2026-05-02 06:32:53+00:00,1777703573000,13347,26.05293,61.01313,1004.21002,39065
20260502-025019,-OrbNzzkYW9KNAcnywWb,2026-05-02 06:33:03+00:00,1777703583000,13357,26.05229,60.2085,1004.21002,39211
20260502-025019,-OrbO1QlIbgGGoCxNpal,2026-05-02 06:33:13+00:00,1777703593000,13367,26.05102,59.67156,1004.21002,38956
20260502-025019,-OrbO3sSNtyrKyfI203J,2026-05-02 06:33:23+00:00,1777703603000,13377,26.05039,58.51875,1004.21002,39248
20260502-025019,-OrbO6LW7AH0zH4U8sU3,2026-05-02 06:33:33+00:00,1777703613000,13387,26.04976,57.69204,1004.21002,39506
20260502-025019,-OrbO8k_T_lV3e-116Nq,2026-05-02 06:33:43+00:00,1777703623000,13397,26.04976,57.43003,1004.21002,39882
20260502-025019,-OrbOBMkIccGXuzoAp7A,2026-05-02 06:33:53+00:00,1777703633000,13407,26.04944,56.30927,1004.21997,40188
20260502-025019,-OrbODdEGApvXKzXvd-d,2026-05-02 06:34:03+00:00,1777703643000,13417,26.04944,54.89845,1004.21997,40266
20260502-025019,-OrbOGM2L7iRBc7CTDDg,2026-05-02 06:34:13+00:00,1777703653000,13427,26.04912,54.48911,1004.21997,40538
20260502-025019,-OrbOIWN8HqKTgllD2YA,2026-05-02 06:34:23+00:00,1777703663000,13437,26.04912,55.16964,1004.21997,40343
20260502-025019,-OrbOKxtm0LGsMZJsmPV,2026-05-02 06:34:33+00:00,1777703673000,13447,26.04944,55.70065,1004.21997,40775
20260502-025019,-OrbONP73btyMS-tH5QN,2026-05-02 06:34:43+00:00,1777703683000,13457,26.04976,55.99208,1004.21997,40735
20260502-025019,-OrbOPqMRUymBu-LsBtG,2026-05-02 06:34:53+00:00,1777703693000,13467,26.05071,56.04293,1004.22998,40577
20260502-025019,-OrbOSHCxc3-g_7BkhKV,2026-05-02 06:35:03+00:00,1777703703000,13477,26.05134,56.28414,1004.22998,40421
20260502-025019,-OrbOUiidIGlyxUTpOsO,2026-05-02 06:35:13+00:00,1777703713000,13487,26.05198,56.69098,1004.22998,40499
20260502-025019,-OrbOXA27NiND2J2s-yj,2026-05-02 06:35:23+00:00,1777703723000,13497,26.05229,56.51932,1004.22998,40460
20260502-025019,-OrbOZb-UDlEWpIxMTyJ,2026-05-02 06:35:33+00:00,1777703733000,13507,26.05293,56.51305,1004.23999,40343
20260502-025019,-OrbOb28QsRgycCBl5LT,2026-05-02 06:35:43+00:00,1777703743000,13517,26.05356,56.52586,1004.25,40538
20260502-025019,-OrbOdUbDs0h521C7k-Q,2026-05-02 06:35:53+00:00,1777703753000,13527,26.05324,56.3606,1004.25,40696
20260502-025019,-OrbOfvsZCJOyyxMWEkE,2026-05-02 06:36:03+00:00,1777703763000,13537,26.05324,56.92669,1004.25,40304
20260502-025019,-OrbOiN1D0IOwy-gFb02,2026-05-02 06:36:13+00:00,1777703773000,13547,26.05451,57.12444,1004.25,40696
20260502-025019,-OrbOkoNnOxkqEua-8TN,2026-05-02 06:36:23+00:00,1777703783000,13557,26.05387,57.10522,1004.26001,40499
20260502-025019,-OrbOnGG3FM0ZDNpo4KT,2026-05-02 06:36:33+00:00,1777703793000,13567,26.05356,56.87578,1004.25,40538
20260502-025019,-OrbOpgie5hGHge2yPPf,2026-05-02 06:36:43+00:00,1777703803000,13577,26.05356,56.7421,1004.26001,40499
20260502-025019,-OrbOs8UT9l08Cht23r8,2026-05-02 06:36:53+00:00,1777703813000,13587,26.05387,57.14347,1004.26001,40343
20260502-025019,-OrbOua5OzLJW_pD6JNu,2026-05-02 06:37:03+00:00,1777703823000,13597,26.05419,56.90135,1004.26001,40343
20260502-025019,-OrbOx0knOP4gj0ZyKU0,2026-05-02 06:37:13+00:00,1777703833000,13607,26.05356,56.78029,1004.25,40696
20260502-025019,-OrbOzcfNbsDSE-khjpM,2026-05-02 06:37:23+00:00,1777703843000,13617,26.05356,56.22732,1004.25,40735
20260502-025019,-OrbP0uCWDJLd-lXX3d9,2026-05-02 06:37:33+00:00,1777703853000,13627,26.05356,56.21462,1004.23999,40656
20260502-025019,-OrbP3LXl81_69K6DUAC,2026-05-02 06:37:43+00:00,1777703863000,13637,26.05387,56.18929,1004.22998,40735
20260502-025019,-OrbP5n5eb3_Py209pbv,2026-05-02 06:37:53+00:00,1777703873000,13647,26.05387,56.04973,1004.22998,40894
20260502-025019,-OrbP8EcgzBPG2c_9ozm,2026-05-02 06:38:03+00:00,1777703883000,13657,26.05324,55.55566,1004.23999,40894
20260502-025019,-OrbPAf5wmTeAPsnLROl,2026-05-02 06:38:13+00:00,1777703893000,13667,26.05293,55.31541,1004.22998,40814
20260502-025019,-OrbPD6kP3OYEM7ScDMV,2026-05-02 06:38:23+00:00,1777703903000,13677,26.05166,55.18261,1004.22998,41014
20260502-025019,-OrbPFYhasmw0Q6TCbUw,2026-05-02 06:38:33+00:00,1777703913000,13687,26.05198,55.25212,1004.22998,40894
20260502-025019,-OrbPHzrRZCyEUmQUz8i,2026-05-02 06:38:43+00:00,1777703923000,13697,26.05166,55.43529,1004.22998,40974
20260502-025019,-OrbPKRCHGAx6Sm7LUBn,2026-05-02 06:38:53+00:00,1777703933000,13707,26.05324,55.84049,1004.21997,41338
20260502-025019,-OrbPMsBt5rfmcwZFoYT,2026-05-02 06:39:03+00:00,1777703943000,13717,26.05419,55.84695,1004.21997,41095
20260502-025019,-OrbPPJQ5PdaLI0TWyyT,2026-05-02 06:39:13+00:00,1777703953000,13727,26.05419,55.8913,1004.21997,41216
20260502-025019,-OrbPRkqIiPgcSIGXOwh,2026-05-02 06:39:23+00:00,1777703963000,13737,26.05387,55.7456,1004.21002,41378
20260502-025019,-OrbPUBs2z8chA76LLtE,2026-05-02 06:39:33+00:00,1777703973000,13747,26.05324,55.34705,1004.20001,41216
20260502-025019,-OrbPWjK-ljCcMJynVpM,2026-05-02 06:39:43+00:00,1777703983000,13757,26.05293,55.39755,1004.21002,41216
20260502-025019,-OrbPZ4XLPpKksHIYkc0,2026-05-02 06:39:53+00:00,1777703993000,13767,26.05166,55.41633,1004.20001,41216
20260502-025019,-OrbPaWoTFWLC33VswiT,2026-05-02 06:40:03+00:00,1777704003000,13777,26.05102,55.48579,1004.20001,41543
20260502-025019,-OrbPcxpZRtHZV5LVO8a,2026-05-02 06:40:13+00:00,1777704013000,13787,26.05071,55.46045,1004.19,41297
20260502-025019,-OrbPfPMe3VK1z989zgp,2026-05-02 06:40:23+00:00,1777704023000,13797,26.05071,55.6502,1004.19,41297
20260502-025019,-OrbPjFDhq1XhjoDJbE7,2026-05-02 06:40:33+00:00,1777704033000,13807,26.04976,55.95405,1004.19,41175
20260502-025019,-OrbPkHsWkYYf6f9e_PU,2026-05-02 06:40:43+00:00,1777704043000,13817,26.04786,55.97281,1004.17999,41256
20260502-025019,-OrbPmjxQHyQqZUXSD__,2026-05-02 06:40:53+00:00,1777704053000,13827,26.04722,55.99173,1004.16998,41338
20260502-025019,-OrbPpAJgiqWQlykRSg8,2026-05-02 06:41:03+00:00,1777704063000,13837,26.04627,55.9599,1004.15002,41297
20260502-025019,-OrbPrc0sxe2ynoiFe_t,2026-05-02 06:41:13+00:00,1777704073000,13847,26.04564,55.9598,1004.15002,41216
20260502-025019,-OrbPu2ithwkwXgSo04E,2026-05-02 06:41:23+00:00,1777704083000,13857,26.045,56.0358,1004.14001,41338
20260502-025019,-OrbPwUsszSO4enDeGZG,2026-05-02 06:41:33+00:00,1777704093000,13867,26.04532,55.88372,1004.13,41338
20260502-025019,-OrbPyw43DoKYe6EkSL_,2026-05-02 06:41:43+00:00,1777704103000,13877,26.045,55.98508,1004.13,41256
20260502-025019,-OrbQ0OCyrqGkUNRtRfk,2026-05-02 06:41:53+00:00,1777704113000,13887,26.045,56.01677,1004.12,41584
20260502-025019,-OrbQ2odtUEeWNlZ65Vh,2026-05-02 06:42:03+00:00,1777704123000,13897,26.04532,55.83305,1004.10999,41543
20260502-025019,-OrbQ5G-QpX2ZtPDiEJZ,2026-05-02 06:42:13+00:00,1777704133000,13907,26.045,55.39645,1004.09003,41501
20260502-025019,-OrbQ7iFoKZZcEF4ehC_,2026-05-02 06:42:23+00:00,1777704143000,13917,26.04437,55.31421,1004.09003,41501
20260502-025019,-OrbQA8P22nzR35Fm9sw,2026-05-02 06:42:33+00:00,1777704153000,13927,26.04374,55.35835,1004.08002,41791
20260502-025019,-OrbQCaZ-k44qvf-3H8N,2026-05-02 06:42:43+00:00,1777704163000,13937,26.04532,55.41545,1004.08002,41916
20260502-025019,-OrbQF12cIEGnI_yHvGm,2026-05-02 06:42:53+00:00,1777704173000,13947,26.04532,55.4597,1004.07001,41708
20260502-025019,-OrbQHUPmWz-aJ8k83ZB,2026-05-02 06:43:03+00:00,1777704183000,13957,26.04468,55.55446,1004.06,41666
20260502-025019,-OrbQJusu8mOph8pHMA0,2026-05-02 06:43:13+00:00,1777704193000,13967,26.04437,55.92794,1004.04999,41460
20260502-025019,-OrbQMLYYSQYptrdFk8Z,2026-05-02 06:43:23+00:00,1777704203000,13977,26.04437,56.1689,1004.04999,41625
20260502-025019,-OrbQOmo08bkWdaY9bhz,2026-05-02 06:43:33+00:00,1777704213000,13987,26.04468,56.34669,1004.06,41501
20260502-025019,-OrbQROoeb09Ooufhv7V,2026-05-02 06:43:43+00:00,1777704223000,13997,26.04468,56.47375,1004.04999,41419
20260502-025019,-OrbQTfwls0UpL7RGpwl,2026-05-02 06:43:53+00:00,1777704233000,14007,26.04468,56.32129,1004.03998,41501
20260502-025019,-OrbQW7AipMyBesHL9M2,2026-05-02 06:44:03+00:00,1777704243000,14017,26.04437,56.33394,1004.03003,41833
20260502-025019,-OrbQYZ42AL_ftWTASv-,2026-05-02 06:44:13+00:00,1777704253000,14027,26.04468,56.30224,1004.03003,41625
20260502-025019,-OrbQa-BiPiRlPswHG7J,2026-05-02 06:44:23+00:00,1777704263000,14037,26.04532,56.34678,1004.02002,41543
20260502-025019,-OrbQcRs6zS3Mqh92Kex,2026-05-02 06:44:33+00:00,1777704273000,14047,26.04595,56.42945,1004.01001,41419
20260502-025019,-OrbQesaLrkIwFkRIRrN,2026-05-02 06:44:43+00:00,1777704283000,14057,26.04595,56.35957,1004.0,41297
20260502-025019,-OrbQhJrNdgCWRDsFwiH,2026-05-02 06:44:53+00:00,1777704293000,14067,26.04595,56.18816,1004.0,41791
20260502-025019,-OrbQjmL_SkgYF1hijtV,2026-05-02 06:45:03+00:00,1777704303000,14077,26.04627,56.19455,1003.97998,41625
20260502-025019,-OrbQmER6XGdmn4HYv6r,2026-05-02 06:45:13+00:00,1777704313000,14087,26.04595,56.21989,1003.96002,41378
20260502-025019,-OrbQodePi4hzQrLGpTa,2026-05-02 06:45:23+00:00,1777704323000,14097,26.04627,56.41043,1003.96002,41543
20260502-025019,-OrbQr5Tz5je-rfqxkD-,2026-05-02 06:45:33+00:00,1777704333000,14107,26.04595,56.39769,1003.95001,41708
20260502-025019,-OrbQtX55opofppAqPph,2026-05-02 06:45:43+00:00,1777704343000,14117,26.04627,56.19455,1003.95001,41460
20260502-025019,-OrbQvyInXYJSKJOltyA,2026-05-02 06:45:53+00:00,1777704353000,14127,26.04659,56.40413,1003.95001,41625
20260502-025019,-OrbQyQABLshy1G3YNZ6,2026-05-02 06:46:03+00:00,1777704363000,14137,26.04722,56.60125,1003.94,41501
20260502-025019,-OrbR-qnMU3o1ezsHh9Q,2026-05-02 06:46:13+00:00,1777704373000,14147,26.04659,56.6266,1003.94,41749
20260502-025019,-OrbR2IDVnXRsommZg4b,2026-05-02 06:46:23+00:00,1777704383000,14157,26.04754,56.58221,1003.92999,41625
20260502-025019,-OrbR4l5LWmbv8ppvqXv,2026-05-02 06:46:33+00:00,1777704393000,14167,26.04786,56.63951,1003.92999,41584
20260502-025019,-OrbR7AVsYeTZPn85V2Z,2026-05-02 06:46:43+00:00,1777704403000,14177,26.04817,56.75406,1003.94,41749
20260502-025019,-OrbRbBS5TLjgr-lkenH,2026-05-02 06:48:27+00:00,1777704507000,14281,26.03708,56.94349,1003.92999,30047
20260502-025019,-OrbRbVZjLOmwKQU-OTO,2026-05-02 06:48:51+00:00,1777704531000,14306,26.03423,57.33844,1003.92999,27025
20260502-025019,-OrbRdwjXvUwB4d0frn1,2026-05-02 06:49:01+00:00,1777704541000,14316,26.03264,57.24886,1003.91998,30980
20260502-025019,-OrbRgTklSld7XNm-tEs,2026-05-02 06:49:11+00:00,1777704551000,14326,26.03264,57.28077,1003.91998,33749
20260502-025019,-OrbRipA08-s6ALb2KAC,2026-05-02 06:49:21+00:00,1777704561000,14336,26.03232,57.26157,1003.91998,35492
20260502-025019,-OrbRlG_Pfyk_2WnyRD-,2026-05-02 06:49:31+00:00,1777704571000,14346,26.03169,57.14667,1003.92999,36898
20260502-025019,-OrbRnhn64zQp3epgxxE,2026-05-02 06:49:41+00:00,1777704581000,14356,26.03106,57.09557,1003.92999,37695
20260502-025019,-OrbRq97JP_H_aidKp3G,2026-05-02 06:49:51+00:00,1777704591000,14366,26.03137,57.11475,1003.92999,38526
20260502-025019,-OrbRssi0UtOichV8_Ev,2026-05-02 06:50:01+00:00,1777704601000,14376,26.03232,57.21692,1003.94,39065
20260502-025019,-OrbRv1N_XNkEl20BvUw,2026-05-02 06:50:11+00:00,1777704611000,14386,26.03264,57.29353,1003.95001,39581
20260502-025019,-OrbRxUETiqfz5Y5RH4h,2026-05-02 06:50:21+00:00,1777704621000,14396,26.03296,57.26804,1003.95001,39920
20260502-025019,-OrbRzuseFJDFdRkSwsE,2026-05-02 06:50:31+00:00,1777704631000,14406,26.03391,57.24266,1003.94,40227
20260502-025019,-OrbS1MKXB6N3cczZHRF,2026-05-02 06:50:41+00:00,1777704641000,14416,26.03391,57.16611,1003.92999,40343
20260502-025019,-OrbS3nMDSs16wg8qrVx,2026-05-02 06:50:51+00:00,1777704651000,14426,26.03359,57.04494,1003.94,40656
20260502-025019,-OrbS6Ef55G28wUjWsTS,2026-05-02 06:51:01+00:00,1777704661000,14436,26.03423,57.00043,1003.92999,40775
20260502-025019,-OrbS8g2keY6mqC5fDre,2026-05-02 06:51:11+00:00,1777704671000,14446,26.03423,57.01318,1003.92999,40814
20260502-025019,-OrbSB7SuLmEAeupZ5Zm,2026-05-02 06:51:21+00:00,1777704681000,14456,26.03359,57.02582,1003.94,40974
20260502-025019,-OrbSDZNesMORSMNxnZb,2026-05-02 06:51:31+00:00,1777704691000,14466,26.03296,56.93652,1003.94,41054
20260502-025019,-OrbSG-h-Il44cdJwoLX,2026-05-02 06:51:41+00:00,1777704701000,14476,26.03327,56.91748,1003.94,41054
20260502-025019,-OrbSIRruyAoWeNJIrYz,2026-05-02 06:51:51+00:00,1777704711000,14486,26.03296,56.89194,1003.95001,41216
20260502-025019,-OrbSKt0y1ZB9waUG5_x,2026-05-02 06:52:01+00:00,1777704721000,14496,26.03169,56.89177,1003.95001,41338
20260502-025019,-OrbSNKcKGqNqra_2G9y,2026-05-02 06:52:11+00:00,1777704731000,14506,26.03264,56.89828,1003.96002,41135
20260502-025019,-OrbSPlfPQEnZaPkbg_E,2026-05-02 06:52:21+00:00,1777704741000,14516,26.03359,56.98759,1003.96002,41256
20260502-025019,-OrbSSD4Zgy7VwqKbI1f,2026-05-02 06:52:31+00:00,1777704751000,14526,26.03296,56.93652,1003.96002,41378
20260502-025019,-OrbSUe5lkPPX-3xEcm4,2026-05-02 06:52:41+00:00,1777704761000,14536,26.03264,57.05756,1003.96002,41501
20260502-025019,-OrbSX5MV1q6JiLLyEBI,2026-05-02 06:52:51+00:00,1777704771000,14546,26.03106,57.08283,1003.96002,41460
20260502-025019,-OrbSZXscNW4gZfgvFTe,2026-05-02 06:53:01+00:00,1777704781000,14556,26.03011,56.96161,1003.95001,41419
20260502-025019,-OrbSbKceunBgR490iAM,2026-05-02 06:53:11+00:00,1777704791000,14566,26.03011,56.98072,1003.95001,41584
20260502-025019,-OrbSdQEt8zN9GdUAvHK,2026-05-02 06:53:21+00:00,1777704801000,14576,26.03106,56.94263,1003.95001,41625
20260502-025019,-OrbSfrLF0c2lEjOT_u4,2026-05-02 06:53:31+00:00,1777704811000,14586,26.03074,56.91711,1003.94,41666
20260502-025019,-OrbSiIjCK3or2uwd_3j,2026-05-02 06:53:41+00:00,1777704821000,14596,26.03042,56.96165,1003.92999,41708
20260502-025019,-OrbSkk77osgFP6pkF5h,2026-05-02 06:53:51+00:00,1777704831000,14606,26.03042,56.96802,1003.92999,41708
20260502-025019,-OrbSnB8VtMfs5x3wfHY,2026-05-02 06:54:01+00:00,1777704841000,14616,26.03106,56.89168,1003.94,41791
20260502-025019,-OrbSpcO9IFBiUtIbLwb,2026-05-02 06:54:11+00:00,1777704851000,14626,26.03106,56.80254,1003.94,41875
20260502-025019,-OrbSs3Z7_jQGYiKTY8u,2026-05-02 06:54:21+00:00,1777704861000,14636,26.03042,56.71335,1003.92999,41958
20260502-025019,-OrbSuVlyDp2mMT45y-s,2026-05-02 06:54:31+00:00,1777704871000,14646,26.03137,56.5672,1003.92999,42000
20260502-025019,-OrbSwx1M-gsXdt0WZnq,2026-05-02 06:54:41+00:00,1777704881000,14656,26.03169,56.6054,1003.94,41958
20260502-025019,-OrbSzOKMZliG7ciqyx5,2026-05-02 06:54:51+00:00,1777704891000,14666,26.03106,56.68163,1003.94,41958
20260502-025019,-OrbT0p_ZBV0RUr1B5Li,2026-05-02 06:55:01+00:00,1777704901000,14676,26.02979,56.60513,1003.94,42043
20260502-025019,-OrbT3GvAMXvM-nVZzYH,2026-05-02 06:55:11+00:00,1777704911000,14686,26.03011,56.59882,1003.94,42043
20260502-025019,-OrbT5i379snT23KGK72,2026-05-02 06:55:21+00:00,1777704921000,14696,26.03011,56.59246,1003.92999,42169
20260502-025019,-OrbT89Ibao2ZCBjJcrC,2026-05-02 06:55:31+00:00,1777704931000,14706,26.02979,56.54154,1003.92999,41708
20260502-025019,-OrbTAadqJA4dehSPkdb,2026-05-02 06:55:41+00:00,1777704941000,14716,26.03042,56.51621,1003.92999,42043
20260502-025019,-OrbTD1qeCmxSJ4CtPXQ,2026-05-02 06:55:51+00:00,1777704951000,14726,26.02979,56.45892,1003.92999,42127
20260502-025019,-OrbTFUnqjU79BPSU91m,2026-05-02 06:56:01+00:00,1777704961000,14736,26.03011,56.4272,1003.92999,42169
20260502-025019,-OrbTHvAlXEz42rNOhx_,2026-05-02 06:56:11+00:00,1777704971000,14746,26.02979,56.25569,1003.94,42212
20260502-025019,-OrbTKdKjHUvZlZ7Ai69,2026-05-02 06:56:21+00:00,1777704981000,14756,26.03042,56.10349,1003.92999,42000
20260502-025019,-OrbTMnyhaYNnOfr_1sP,2026-05-02 06:56:31+00:00,1777704991000,14766,26.02979,55.90688,1003.95001,42512
20260502-025019,-OrbTPFBI6lt6BRpxo_O,2026-05-02 06:56:41+00:00,1777705001000,14776,26.02884,55.86239,1003.95001,42512
20260502-025019,-OrbTRgdk_9OW0n_WSQ9,2026-05-02 06:56:51+00:00,1777705011000,14786,26.02915,56.09064,1003.95001,42212
20260502-025019,-OrbTU7mspRrbtBbjoNn,2026-05-02 06:57:01+00:00,1777705021000,14796,26.02979,56.28107,1003.95001,42212
20260502-025019,-OrbTWZm_bZBtWQkheFI,2026-05-02 06:57:11+00:00,1777705031000,14806,26.02884,56.22382,1003.95001,42426
20260502-025019,-OrbTZ00SAnz7W4fOXS5,2026-05-02 06:57:21+00:00,1777705041000,14816,26.02852,56.10957,1003.95001,42340
20260502-025019,-OrbTaSOGwuniJtSzAJs,2026-05-02 06:57:31+00:00,1777705051000,14826,26.02915,55.96383,1003.96997,42383
20260502-025019,-OrbTctc35aMh-wkbPXJ,2026-05-02 06:57:41+00:00,1777705061000,14836,26.02915,55.98285,1003.96997,42728
20260502-025019,-OrbTfKqluPiPNMl_FcH,2026-05-02 06:57:51+00:00,1777705071000,14846,26.02947,56.1097,1003.97998,42469
20260502-025019,-OrbThm8_EYDGH8kc7yj,2026-05-02 06:58:01+00:00,1777705081000,14856,26.02915,56.14772,1003.98999,42728
20260502-025019,-OrbTkDVRWLeU8XZOwvv,2026-05-02 06:58:11+00:00,1777705091000,14866,26.02915,56.116,1004.01001,42598
20260502-025019,-OrbTmekuMP8SZmICqKu,2026-05-02 06:58:21+00:00,1777705101000,14876,26.02852,56.07785,1004.01001,42555
20260502-025019,-OrbTp5rfsbUcCxeA790,2026-05-02 06:58:31+00:00,1777705111000,14886,26.02852,55.97008,1004.02002,42555
20260502-025019,-OrbTrY8f0Bt03NQifzO,2026-05-02 06:58:41+00:00,1777705121000,14896,26.02757,55.87488,1004.03003,42598
20260502-025019,-OrbTtzLJXdLW9SCAlEj,2026-05-02 06:58:51+00:00,1777705131000,14906,26.0282,55.80531,1004.03003,42728
20260502-025019,-OrbTwQVIgBLCA--YyTx,2026-05-02 06:59:01+00:00,1777705141000,14916,26.02852,55.61545,1004.04999,42859
20260502-025019,-OrbTyraO4QXZALQTMD3,2026-05-02 06:59:11+00:00,1777705151000,14926,26.02757,55.38136,1004.04999,42816
20260502-025019,-OrbU0Ix1T9_xqNL3KZT,2026-05-02 06:59:21+00:00,1777705161000,14936,26.02757,55.33713,1004.06,42903
20260502-025019,-OrbU3KFgzQ_49AObH2e,2026-05-02 06:59:31+00:00,1777705171000,14946,26.02694,55.22337,1004.07001,42859
20260502-025019,-OrbU5BgJo_iXq3lHe4v,2026-05-02 06:59:41+00:00,1777705181000,14956,26.0263,55.21065,1004.08002,42816
20260502-025019,-OrbU7crSkGlIXMRX_NK,2026-05-02 06:59:51+00:00,1777705191000,14966,26.02503,55.21678,1004.08002,43080
20260502-025019,-OrbUA40OK3aVU0voov9,2026-05-02 07:00:01+00:00,1777705201000,14976,26.02535,55.16001,1004.09003,42991
20260502-025019,-OrbUCWSuuXuwE48wcjN,2026-05-02 07:00:11+00:00,1777705211000,14986,26.02599,55.10962,1004.09998,42903
20260502-025019,-OrbUExjdAw4Z-_e4q1q,2026-05-02 07:00:21+00:00,1777705221000,14996,26.02567,55.06541,1004.10999,42903
20260502-025019,-OrbUHOnPmg12zpSKX65,2026-05-02 07:00:31+00:00,1777705231000,15006,26.02535,54.95814,1004.10999,43213
20260502-025019,-OrbUJptLJGtP6HOKMPU,2026-05-02 07:00:41+00:00,1777705241000,15016,26.02535,54.84468,1004.12,43213
20260502-025019,-OrbUMHHexsftDO2kXRR,2026-05-02 07:00:51+00:00,1777705251000,15026,26.02535,54.74389,1004.13,43257
20260502-025019,-OrbUOigZ5VDytynAX7r,2026-05-02 07:01:01+00:00,1777705261000,15036,26.0263,54.72512,1004.14001,43168
20260502-025019,-OrbUR9k2HTZDNnENSp2,2026-05-02 07:01:11+00:00,1777705271000,15046,26.02694,54.55525,1004.15002,43168
20260502-025019,-OrbUTbfUfz2QWcUvOPm,2026-05-02 07:01:21+00:00,1777705281000,15056,26.02694,54.43574,1004.15997,43482
20260502-025019,-OrbUW2T2IpbsBD4tL4A,2026-05-02 07:01:31+00:00,1777705291000,15066,26.02757,54.36666,1004.15997,43437
20260502-025019,-OrbUYUhC7NTiR1Sia8f,2026-05-02 07:01:41+00:00,1777705301000,15076,26.02725,54.21583,1004.16998,43257
20260502-025019,-OrbU_w2rs7x0ncV9l3b,2026-05-02 07:01:51+00:00,1777705311000,15086,26.02725,54.1342,1004.16998,43437
20260502-025019,-OrbUcNUJE5TqO2fcDna,2026-05-02 07:02:01+00:00,1777705321000,15096,26.02662,54.04623,1004.16998,43572
20260502-025019,-OrbUeoPTsgnbRlFWmNi,2026-05-02 07:02:11+00:00,1777705331000,15106,26.02694,53.95844,1004.17999,43347
20260502-025019,-OrbUhFgqxm428gaa3fQ,2026-05-02 07:02:21+00:00,1777705341000,15116,26.02757,53.877,1004.17999,43754
20260502-025019,-OrbUjgo-95boJvpn9Ah,2026-05-02 07:02:31+00:00,1777705351000,15126,26.02725,53.82682,1004.19,43800
20260502-025019,-OrbUp8dIISRqlPYoPZV,2026-05-02 07:02:41+00:00,1777705361000,15136,26.02662,53.81419,1004.19,43754
20260502-025019,-OrbUpFvzJv0re2tG5A3,2026-05-02 07:02:54+00:00,1777705374000,15148,26.02694,53.72025,1004.19,41543
20260502-025019,-OrbUrhZJ5ARBknurDxP,2026-05-02 07:03:04+00:00,1777705384000,15158,26.02662,53.53236,1004.20001,42426
20260502-025019,-OrbUu8Y4wogBcc-A6oA,2026-05-02 07:03:14+00:00,1777705394000,15168,26.02757,53.50745,1004.20001,42641
20260502-025019,-OrbUw_llPF5gxjSSNlJ,2026-05-02 07:03:24+00:00,1777705404000,15178,26.02852,53.60773,1004.21002,43168
20260502-025019,-OrbUz0quKfOTkXSbMyI,2026-05-02 07:03:34+00:00,1777705414000,15188,26.02852,53.67035,1004.20001,43347
20260502-025019,-OrbV0THaPveEHFy3w7h,2026-05-02 07:03:44+00:00,1777705424000,15198,26.02884,53.73929,1004.20001,43482
20260502-025019,-OrbV2vbWc0TaHvzFXTp,2026-05-02 07:03:54+00:00,1777705434000,15208,26.0282,53.73295,1004.20001,43437
20260502-025019,-OrbV5LcbMS-3dXa9d9Q,2026-05-02 07:04:04+00:00,1777705444000,15218,26.02852,53.67035,1004.20001,43437
20260502-025019,-OrbV7mrLNr9z6lx0MxY,2026-05-02 07:04:14+00:00,1777705454000,15228,26.02852,53.58895,1004.20001,43892
20260502-025019,-OrbVAE3WQ8YtOf4ZDpx,2026-05-02 07:04:24+00:00,1777705464000,15238,26.02852,53.52636,1004.20001,43892
20260502-025019,-OrbVCfQKI2K0mWN08W3,2026-05-02 07:04:34+00:00,1777705474000,15248,26.02915,53.45763,1004.20001,44076
20260502-025019,-OrbVF6lucke3FMrRLSh,2026-05-02 07:04:44+00:00,1777705484000,15258,26.02915,53.33255,1004.20001,43754
20260502-025019,-OrbVHYsfKJ6Qnl5gp9b,2026-05-02 07:04:54+00:00,1777705494000,15268,26.02915,53.15134,1004.19,43938
20260502-025019,-OrbVK-nnjCuxY76xJN5,2026-05-02 07:05:04+00:00,1777705504000,15278,26.02979,53.04527,1004.17999,43984
20260502-025019,-OrbVMRVl_X52rmPP9eb,2026-05-02 07:05:14+00:00,1777705514000,15288,26.02979,53.13268,1004.19,43892
20260502-025019,-OrbVOtOZvtKg-Op7z8k,2026-05-02 07:05:24+00:00,1777705524000,15298,26.02979,53.1077,1004.17999,44169
20260502-025019,-OrbVRK1NhpT4wL6ifCX,2026-05-02 07:05:34+00:00,1777705534000,15308,26.02915,52.95158,1004.17999,44123
20260502-025019,-OrbVUK1GS7AdJ3pmAhY,2026-05-02 07:05:44+00:00,1777705544000,15318,26.02947,52.82064,1004.17999,44123
20260502-025019,-OrbVWCRm2GhpyyV3trf,2026-05-02 07:05:54+00:00,1777705554000,15328,26.02947,52.82064,1004.17999,44403
20260502-025019,-OrbVYdgyp-rx_uOBZvJ,2026-05-02 07:06:04+00:00,1777705564000,15338,26.02852,52.85169,1004.15997,44123
20260502-025019,-OrbVa501VEyLncMkaJ4,2026-05-02 07:06:14+00:00,1777705574000,15348,26.0282,52.82671,1004.15002,44356
20260502-025019,-OrbVcXYj3pmMwbtK0O8,2026-05-02 07:06:24+00:00,1777705584000,15358,26.02725,52.86399,1004.15002,44216
20260502-025019,-OrbVezeWRhRe01ILaJe,2026-05-02 07:06:34+00:00,1777705594000,15368,26.02789,53.04501,1004.15002,44169
20260502-025019,-OrbVhQ5gZd7uuw7X7-4,2026-05-02 07:06:44+00:00,1777705604000,15378,26.02852,53.03886,1004.15002,44169
20260502-025019,-OrbVjrqYLmWAwYhzCQ9,2026-05-02 07:06:54+00:00,1777705614000,15388,26.02789,52.97637,1004.14001,44216
20260502-025019,-OrbVmIJ6cmiJgLILqh7,2026-05-02 07:07:04+00:00,1777705624000,15398,26.0282,52.92026,1004.13,44450
20260502-025019,-OrbVojNaXZffz5Nj9YS,2026-05-02 07:07:14+00:00,1777705634000,15408,26.02884,52.88914,1004.12,44262
20260502-025019,-OrbVstcYAJ_WXhzxNZI,2026-05-02 07:07:25+00:00,1777705645000,15419,26.02757,52.97007,1004.10999,44076
20260502-025019,-OrbVthwd18OZVWe8k5h,2026-05-02 07:07:35+00:00,1777705655000,15429,26.02789,53.02005,1004.09998,44030
20260502-025019,-OrbVw8rDBGC1EIRj0JY,2026-05-02 07:07:45+00:00,1777705665000,15439,26.02757,53.06993,1004.09003,44216
20260502-025019,-OrbVya9YlYoAwiXab8-,2026-05-02 07:07:55+00:00,1777705675000,15449,26.02915,53.28879,1004.09003,44216
20260502-025019,-OrbW01b_viMxeTWweaq,2026-05-02 07:08:05+00:00,1777705685000,15459,26.02979,53.52652,1004.08002,44076
20260502-025019,-OrbW2TaABd-sjE9RWBi,2026-05-02 07:08:15+00:00,1777705695000,15469,26.03106,53.63939,1004.08002,44123
20260502-025019,-OrbW4upXa7icjrdS8IT,2026-05-02 07:08:25+00:00,1777705705000,15479,26.03042,53.45779,1004.08002,44123
20260502-025019,-OrbW7MCSUDlTiLUtqNm,2026-05-02 07:08:35+00:00,1777705715000,15489,26.03042,53.34521,1004.08002,44497
20260502-025019,-OrbWAgEO09qT3s_Nl0u,2026-05-02 07:08:45+00:00,1777705725000,15499,26.03074,53.40154,1004.07001,44309
20260502-025019,-OrbWDB5ui_CZ9uimLp8,2026-05-02 07:08:58+00:00,1777705738000,15513,26.03042,53.44528,1004.07001,41297
20260502-025019,-OrbWFcDkuyhQZ3hGE7_,2026-05-02 07:09:08+00:00,1777705748000,15523,26.02947,53.33259,1004.06,42816
20260502-025019,-OrbWI3PIGFBsWUIINHJ,2026-05-02 07:09:18+00:00,1777705758000,15533,26.02915,53.34505,1004.04999,43257
20260502-025019,-OrbWKVhb38C665i2CfT,2026-05-02 07:09:28+00:00,1777705768000,15543,26.0282,53.36368,1004.04999,43708
20260502-025019,-OrbWMx9PBBPQFyP3iwF,2026-05-02 07:09:38+00:00,1777705778000,15553,26.02884,53.35125,1004.04999,43800
20260502-025019,-OrbWPO6I8vdg6c7yyPj,2026-05-02 07:09:48+00:00,1777705788000,15563,26.03011,53.38895,1004.04999,43892
20260502-025019,-OrbWRpINcZmeZwnFZSV,2026-05-02 07:09:58+00:00,1777705798000,15573,26.02947,53.32008,1004.03998,44030
20260502-025019,-OrbWUGwmKIiWY0G66af,2026-05-02 07:10:08+00:00,1777705808000,15583,26.03011,53.25142,1004.03998,43938
20260502-025019,-OrbWWiCSpMBWFvPokRU,2026-05-02 07:10:18+00:00,1777705818000,15593,26.03042,53.25146,1004.03003,44262
20260502-025019,-OrbWZ996MhGIvOCgkTG,2026-05-02 07:10:28+00:00,1777705828000,15603,26.02947,53.26383,1004.02002,44309
20260502-025019,-OrbWaaLOb_EPlzYJiH5,2026-05-02 07:10:38+00:00,1777705838000,15613,26.03042,53.23896,1004.02002,44262
20260502-025019,-OrbWd1i-nddffQeVSBN,2026-05-02 07:10:48+00:00,1777705848000,15623,26.03042,53.19522,1004.02002,44309
20260502-025019,-OrbWfTvM29eKccwTtHU,2026-05-02 07:10:58+00:00,1777705858000,15633,26.02915,53.10138,1004.02002,44356
20260502-025019,-OrbWhvDm1xvOAAvu9Vz,2026-05-02 07:11:08+00:00,1777705868000,15643,26.02979,53.13892,1004.02002,44403
20260502-025019,-OrbWkMQB4S0Zg8Ku5Hr,2026-05-02 07:11:18+00:00,1777705878000,15653,26.03074,53.18903,1004.02002,44309
20260502-025019,-OrbWmnZG-m48MvHAxdf,2026-05-02 07:11:28+00:00,1777705888000,15663,26.03042,53.17649,1004.02002,44545
20260502-025019,-OrbWpEsFOs2JC7i3-PG,2026-05-02 07:11:38+00:00,1777705898000,15673,26.03042,53.17024,1004.02002,44309
20260502-025019,-OrbWsbQ7FyQM8ZVPezs,2026-05-02 07:11:48+00:00,1777705908000,15683,26.02979,53.17015,1004.02002,44262
20260502-025019,-OrbWu7LOXeIq1na6mYr,2026-05-02 07:11:58+00:00,1777705918000,15693,26.03011,53.23267,1004.03003,44450
20260502-025019,-OrbWwZrP1aFwO7IhIMj,2026-05-02 07:12:08+00:00,1777705928000,15703,26.03011,53.29517,1004.03998,44309
20260502-025019,-OrbWz-ss2Mib-cYLuvb,2026-05-02 07:12:18+00:00,1777705938000,15713,26.03011,53.23892,1004.03998,44262
20260502-025019,-OrbX0S5WMVZc1tBLe_X,2026-05-02 07:12:28+00:00,1777705948000,15723,26.03011,53.07653,1004.03998,44639
20260502-025019,-OrbX2tKFggY6aJmduJM,2026-05-02 07:12:38+00:00,1777705958000,15733,26.02915,52.94534,1004.03998,44687
20260502-025019,-OrbX5KzdZA1JApBHA_P,2026-05-02 07:12:48+00:00,1777705968000,15743,26.02915,52.85802,1004.04999,44545
20260502-025019,-OrbX7lzMN5V6mpbWuqb,2026-05-02 07:12:58+00:00,1777705978000,15753,26.02915,52.7645,1004.04999,44783
20260502-025019,-OrbXADBQ-gDpaNvLKOT,2026-05-02 07:13:08+00:00,1777705988000,15763,26.02852,52.74571,1004.06,44783
20260502-025019,-OrbXCeHtLXLDgj5VOBA,2026-05-02 07:13:18+00:00,1777705998000,15773,26.0282,52.75191,1004.07001,44639
20260502-025019,-OrbXF5dN0Kok0llYOOW,2026-05-02 07:13:28+00:00,1777706008000,15783,26.0282,52.73321,1004.08002,44592
20260502-025019,-OrbXHXqgmoI2Jp3kFuc,2026-05-02 07:13:38+00:00,1777706018000,15793,26.02789,52.83913,1004.09003,44878
20260502-025019,-OrbXJz-yKJCVwhWW8kh,2026-05-02 07:13:48+00:00,1777706028000,15803,26.02789,52.90774,1004.09998,44687
20260502-025019,-OrbXMQE9p6uZTGeym_C,2026-05-02 07:13:58+00:00,1777706038000,15813,26.02725,52.95132,1004.09998,44783
20260502-025019,-OrbXOrZcBrOpHHB2rQ4,2026-05-02 07:14:08+00:00,1777706048000,15823,26.02757,52.90768,1004.09998,44878
20260502-025019,-OrbXRJ4lx7TDktg0ppT,2026-05-02 07:14:18+00:00,1777706058000,15833,26.02757,52.77051,1004.10999,44735
20260502-025019,-OrbXTk6KN1kwcxXpvs2,2026-05-02 07:14:28+00:00,1777706068000,15843,26.02725,52.73309,1004.12,44927
20260502-025019,-OrbXWBGPR0bC68nK1pb,2026-05-02 07:14:38+00:00,1777706078000,15853,26.02852,52.94526,1004.13,45023
20260502-025019,-OrbXYccB5DK3QRuBqEy,2026-05-02 07:14:48+00:00,1777706088000,15863,26.02884,53.15128,1004.14001,45023
20260502-025019,-OrbXaMYcL3r3e2xpI6t,2026-05-02 07:14:58+00:00,1777706098000,15873,26.02789,53.10745,1004.15002,44927
20260502-025019,-OrbXcWJEaIXAUgKOS5g,2026-05-02 07:15:08+00:00,1777706108000,15883,26.02852,53.07631,1004.15002,44830
20260502-025019,-OrbXexIz_qlVZpeX8cB,2026-05-02 07:15:18+00:00,1777706118000,15893,26.0282,53.08876,1004.15997,44830
20260502-025019,-OrbXhO_yyJu7UKHtdRm,2026-05-02 07:15:28+00:00,1777706128000,15903,26.02757,53.12613,1004.16998,44830
20260502-025019,-OrbXjpm7suLh38SEV3X,2026-05-02 07:15:38+00:00,1777706138000,15913,26.02725,53.23854,1004.17999,44639
20260502-025019,-OrbXmH2UV54ZMAdUyUd,2026-05-02 07:15:48+00:00,1777706148000,15923,26.0263,53.39468,1004.17999,44639
20260502-025019,-OrbXoiGhO-LcKIkjWPo,2026-05-02 07:15:58+00:00,1777706158000,15933,26.0263,53.2759,1004.17999,44783
20260502-025019,-OrbXr9WSoVRE9XXEs1a,2026-05-02 07:16:08+00:00,1777706168000,15943,26.02662,53.10103,1004.19,44927
20260502-025019,-OrbXtafseEFbJxE4RVP,2026-05-02 07:16:18+00:00,1777706178000,15953,26.02725,53.18856,1004.19,44783
20260502-025019,-OrbXw21K2NJCX8d6Z_-,2026-05-02 07:16:28+00:00,1777706188000,15963,26.02789,53.52627,1004.19,44830
20260502-025019,-OrbXyUDuQWOOBi4FL0D,2026-05-02 07:16:38+00:00,1777706198000,15973,26.0282,53.88337,1004.20001,44783
20260502-025019,-OrbY-vbR7B9qH9-wraT,2026-05-02 07:16:48+00:00,1777706208000,15983,26.02789,54.20335,1004.21002,44639
20260502-025019,-OrbY2Mk2bB9G2kgUrUD,2026-05-02 07:16:58+00:00,1777706218000,15993,26.02725,54.36034,1004.21002,44735
20260502-025019,-OrbY4o09-9Ardh6cgOD,2026-05-02 07:17:08+00:00,1777706228000,16003,26.02852,54.27254,1004.21997,44687
20260502-025019,-OrbY7FXlWNWK5jj7LO_,2026-05-02 07:17:18+00:00,1777706238000,16013,26.02884,54.04026,1004.21002,44687
20260502-025019,-OrbY9heWz0eU54jpiwo,2026-05-02 07:17:28+00:00,1777706248000,16023,26.02789,54.01503,1004.21997,44735
20260502-025019,-OrbYC7gnpQwamYz0i_U,2026-05-02 07:17:38+00:00,1777706258000,16033,26.0282,53.93353,1004.22998,44545
20260502-025019,-OrbYEZyJeSMurYtsKJk,2026-05-02 07:17:48+00:00,1777706268000,16043,26.02852,54.00257,1004.22998,44639
20260502-025019,-OrbYH0_MkB7oIULM9SS,2026-05-02 07:17:58+00:00,1777706278000,16053,26.02852,54.12809,1004.22998,44687
20260502-025019,-OrbYKChiWJDr4FbcAGW,2026-05-02 07:18:08+00:00,1777706288000,16063,26.0282,54.2725,1004.22998,44592
20260502-025019,-OrbYLuUoRb0-lrRhRDx,2026-05-02 07:18:18+00:00,1777706298000,16073,26.02852,54.34794,1004.23999,44878
20260502-025019,-OrbYOKxeAEEyuF8bOLQ,2026-05-02 07:18:28+00:00,1777706308000,16083,26.02915,54.45491,1004.23999,44687
20260502-025019,-OrbYQmEbBvPTg1qIPid,2026-05-02 07:18:38+00:00,1777706318000,16093,26.02884,54.52405,1004.23999,44687
20260502-025019,-OrbYTDdUkp2boOF4V1I,2026-05-02 07:18:48+00:00,1777706328000,16103,26.02789,54.56797,1004.23999,44735
20260502-025019,-OrbYVelI5jtQ7aQdFEq,2026-05-02 07:18:58+00:00,1777706338000,16113,26.02725,54.59306,1004.23999,44545
20260502-025019,-OrbYY63wm41AtzHajqT,2026-05-02 07:19:08+00:00,1777706348000,16123,26.0263,54.63068,1004.23999,44545
20260502-025019,-OrbY_Y7l7QkFYByNe-A,2026-05-02 07:19:18+00:00,1777706358000,16133,26.0263,54.64956,1004.23999,44545
20260502-025019,-OrbYbzOI9do4B5pDULI,2026-05-02 07:19:28+00:00,1777706368000,16143,26.0263,54.69363,1004.23999,44735
20260502-025019,-OrbYeQbZEJjGX1vSbDS,2026-05-02 07:19:38+00:00,1777706378000,16153,26.02694,54.7441,1004.22998,44830
20260502-025019,-OrbYgrsKpkBWBz3kCzd,2026-05-02 07:19:48+00:00,1777706388000,16163,26.02725,54.80085,1004.23999,44687
20260502-025019,-OrbYjJATRDPPpJ2nqaO,2026-05-02 07:19:58+00:00,1777706398000,16173,26.0263,54.79441,1004.23999,44639
20260502-025019,-OrbYlkTNrPDeeGDNznz,2026-05-02 07:20:08+00:00,1777706408000,16183,26.02599,54.93301,1004.25,44497
20260502-025019,-OrbYoBlKv458FgCKVEw,2026-05-02 07:20:18+00:00,1777706418000,16193,26.0263,54.95827,1004.25,44356
20260502-025019,-OrbYqd3VUf8JnhqCHIw,2026-05-02 07:20:28+00:00,1777706428000,16203,26.02535,54.95814,1004.25,44878
20260502-025019,-OrbYt4FgHliJ4Y8rdRU,2026-05-02 07:20:38+00:00,1777706438000,16213,26.02472,54.96436,1004.26001,44639
20260502-025019,-OrbYvWWUGvR8PpcrCD_,2026-05-02 07:20:48+00:00,1777706448000,16223,26.02377,54.98945,1004.26001,44927
20260502-025019,-OrbYxxfCXH3TstI4GUS,2026-05-02 07:20:58+00:00,1777706458000,16233,26.02472,55.0148,1004.25,44592
20260502-025019,-OrbZ-OyZUNLT6dAcA4i,2026-05-02 07:21:08+00:00,1777706468000,16243,26.0244,55.03369,1004.26001,44927
20260502-025019,-OrbZ201kbkoaHc8OOkd,2026-05-02 07:21:18+00:00,1777706478000,16253,26.02408,55.00841,1004.26001,44592
20260502-025019,-OrbZ4HhZzrenel9Cira,2026-05-02 07:21:28+00:00,1777706488000,16263,26.0244,54.98323,1004.26001,44878
20260502-025019,-OrbZ6in6vjvqSF1NWxK,2026-05-02 07:21:38+00:00,1777706498000,16273,26.02377,54.9327,1004.26001,44975
20260502-025019,-OrbZ9WeeWKQ-HzvcGwW,2026-05-02 07:21:49+00:00,1777706509000,16283,26.0244,54.92018,1004.26001,44545
20260502-025019,-OrbZBhGYnysIiwEHHWd,2026-05-02 07:21:59+00:00,1777706519000,16293,26.02472,54.95175,1004.26001,44497
20260502-025019,-OrbZE8MrkzQ7lVaRAAN,2026-05-02 07:22:09+00:00,1777706529000,16303,26.02408,55.02102,1004.27002,44497
20260502-025019,-OrbZG_byYi47kK8dpll,2026-05-02 07:22:19+00:00,1777706539000,16313,26.02408,55.05887,1004.27002,44830
20260502-025019,-OrbZJ0tdV2H5FQA3ku8,2026-05-02 07:22:29+00:00,1777706549000,16323,26.02377,55.0336,1004.27002,44783
20260502-025019,-OrbZLT2IO6Kj6ehj6pS,2026-05-02 07:22:39+00:00,1777706559000,16333,26.02345,55.05247,1004.26001,44592
20260502-025019,-OrbZNuBmz0UBMBGBHex,2026-05-02 07:22:49+00:00,1777706569000,16343,26.0244,54.97692,1004.26001,44783
20260502-025019,-OrbZQLfq4sRb7ysA1cd,2026-05-02 07:22:59+00:00,1777706579000,16353,26.02472,54.96436,1004.26001,44735
20260502-025019,-OrbZSp2YZaV-TbZf5dB,2026-05-02 07:23:09+00:00,1777706589000,16363,26.02377,54.88857,1004.26001,44830
20260502-025019,-OrbZVE8sdB3G9q9Zh9R,2026-05-02 07:23:19+00:00,1777706599000,16373,26.02472,54.95175,1004.27002,44592
20260502-025019,-OrbZXfMrbX4jDyE_1v7,2026-05-02 07:23:29+00:00,1777706609000,16383,26.02408,55.02102,1004.27002,44830
20260502-025019,-OrbZ_6WUxWwFeYRsKWf,2026-05-02 07:23:39+00:00,1777706619000,16393,26.0244,54.97692,1004.27002,44783
20260502-025019,-OrbZbYnhUbdjfjD9kDD,2026-05-02 07:23:49+00:00,1777706629000,16403,26.02472,54.94545,1004.27002,45023
20260502-025019,-OrbZe-6_zJJyluKhl6D,2026-05-02 07:23:59+00:00,1777706639000,16413,26.02503,54.92027,1004.28003,44927
20260502-025019,-OrbZgRBGALs_zA-2o4H,2026-05-02 07:24:09+00:00,1777706649000,16423,26.02377,54.77516,1004.27002,44927
20260502-025019,-OrbZmglXI1VCRdRxC87,2026-05-02 07:24:19+00:00,1777706659000,16433,26.02377,54.77516,1004.28003,44830
20260502-025019,-OrbZms0TunR0e6dETQU,2026-05-02 07:24:35+00:00,1777706675000,16449,26.02186,54.95766,1004.27002,40304
20260502-025019,-OrbZpJksGAmC49NSj2o,2026-05-02 07:24:45+00:00,1777706685000,16459,26.02091,54.926,1004.27002,42043
20260502-025019,-OrbZrkjvXIeAiwP2A0H,2026-05-02 07:24:55+00:00,1777706695000,16469,26.02091,54.95753,1004.27002,42816
20260502-025019,-OrbZuBhOGt6ebdHpgCi,2026-05-02 07:25:05+00:00,1777706705000,16479,26.01964,54.96996,1004.26001,43437
20260502-025019,-OrbZwdEDectcq6gU2kX,2026-05-02 07:25:15+00:00,1777706715000,16489,26.02028,55.01419,1004.26001,43892
20260502-025019,-OrbZz4ICJ-AL_y3QE6G,2026-05-02 07:25:25+00:00,1777706725000,16499,26.01996,54.9637,1004.27002,43984
20260502-025019,-Orb_0WZA0BzZTVxtNJF,2026-05-02 07:25:35+00:00,1777706735000,16509,26.02186,54.95135,1004.26001,44545
20260502-025019,-Orb_2xvseJ-cjd3OUf4,2026-05-02 07:25:45+00:00,1777706745000,16519,26.02186,54.93244,1004.26001,44403
20260502-025019,-Orb_5Oxq2E8lkw2CxFc,2026-05-02 07:25:55+00:00,1777706755000,16529,26.02218,54.93248,1004.25,44403
20260502-025019,-Orb_7qHaeZVOYJqKo5I,2026-05-02 07:26:05+00:00,1777706765000,16539,26.02282,55.01455,1004.26001,44497
20260502-025019,-Orb_AHlvrUHIAvNGi-x,2026-05-02 07:26:15+00:00,1777706775000,16549,26.02345,55.1345,1004.27002,44639
20260502-025019,-Orb_Cinc5Cpv08uF1W-,2026-05-02 07:26:25+00:00,1777706785000,16559,26.02377,55.21029,1004.27002,44830
20260502-025019,-Orb_FAKmmxxA2XqTazi,2026-05-02 07:26:35+00:00,1777706795000,16569,26.02503,55.19153,1004.27002,44783
20260502-025019,-Orb_HbGn458e1435mfB,2026-05-02 07:26:45+00:00,1777706805000,16579,26.02377,55.12824,1004.26001,44687
20260502-025019,-Orb_K2fWLOWT43Co502,2026-05-02 07:26:55+00:00,1777706815000,16589,26.02408,55.05256,1004.25,44927
20260502-025019,-Orb_MUlSUdc4v1cHgwX,2026-05-02 07:27:05+00:00,1777706825000,16599,26.02313,55.05875,1004.25,44735
20260502-025019,-Orb_Ow2gE4l_dP2yoY1,2026-05-02 07:27:15+00:00,1777706835000,16609,26.02282,55.03977,1004.25,44735
20260502-025019,-Orb_RSW731CNkzBQfjB,2026-05-02 07:27:25+00:00,1777706845000,16619,26.02282,55.03347,1004.25,44545
20260502-025019,-Orb_ToZFm2ONMmdGZ9j,2026-05-02 07:27:35+00:00,1777706855000,16629,26.02408,54.94535,1004.26001,44830
20260502-025019,-Orb_WFlnqXHaemGx7Lh,2026-05-02 07:27:45+00:00,1777706865000,16639,26.02408,54.90122,1004.25,44927
20260502-025019,-Orb_YgqvtPX7TDa6vDU,2026-05-02 07:27:55+00:00,1777706875000,16649,26.02472,54.81939,1004.25,45071
20260502-025019,-Orb_a8IpXzI2hWL55wj,2026-05-02 07:28:05+00:00,1777706885000,16659,26.02408,54.86971,1004.25,45023
20260502-025019,-Orb_c_a5CvucNE6rJAA,2026-05-02 07:28:15+00:00,1777706895000,16669,26.02377,54.85076,1004.25,45266
20260502-025019,-Orb_f0tBk_sZE7kLfIZ,2026-05-02 07:28:25+00:00,1777706905000,16679,26.02408,54.8445,1004.25,45120
20260502-025019,-Orb_hSuIkscuSD3mikK,2026-05-02 07:28:35+00:00,1777706915000,16689,26.02472,55.00219,1004.25,44735
20260502-025019,-Orb_ju9HkhWAU58UQ4k,2026-05-02 07:28:45+00:00,1777706925000,16699,26.02567,55.05279,1004.25,44927
20260502-025019,-Orb_mLRdO0s6SiY1mkh,2026-05-02 07:28:55+00:00,1777706935000,16709,26.02503,54.98331,1004.23999,45169
20260502-025019,-Orb_omXCZANsZ6_oxfK,2026-05-02 07:29:05+00:00,1777706945000,16719,26.02472,55.04634,1004.22998,45023
20260502-025019,-Orb_rE_vNp05RjJgxHC,2026-05-02 07:29:15+00:00,1777706955000,16729,26.02503,55.20415,1004.22998,44927
20260502-025019,-Orb_tfVlfKrV9cnf71E,2026-05-02 07:29:25+00:00,1777706965000,16739,26.02472,55.21043,1004.22998,44975
20260502-025019,-Orb_w6W-gRCG3-t4-Wz,2026-05-02 07:29:35+00:00,1777706975000,16749,26.02472,55.18517,1004.22998,45217
20260502-025019,-Orb_yYaEA2_1ajXY8LS,2026-05-02 07:29:45+00:00,1777706985000,16759,26.02472,55.09051,1004.22998,44830
20260502-025019,-Orba-ztvVOc81RE6Hin,2026-05-02 07:29:55+00:00,1777706995000,16769,26.02408,55.09672,1004.22998,45217
20260502-025019,-Orba2RJqufYu3hK89LE,2026-05-02 07:30:05+00:00,1777707005000,16779,26.02377,55.12193,1004.23999,45169
20260502-025019,-Orba4sLx3PrhaoHSOvr,2026-05-02 07:30:15+00:00,1777707015000,16789,26.02345,55.09033,1004.23999,44975
20260502-025019,-Orba7JkJmUcXQQPVzV8,2026-05-02 07:30:25+00:00,1777707025000,16799,26.02282,55.03347,1004.23999,45120
20260502-025019,-OrbaBbmtJjnbecxO9Ig,2026-05-02 07:30:35+00:00,1777707035000,16809,26.02313,55.03351,1004.23999,44927
20260502-025019,-OrbaCCCaub95JnXBm8t,2026-05-02 07:30:45+00:00,1777707045000,16819,26.02282,55.00824,1004.25,45071
20260502-025019,-OrbaEdXHLrpmpgjWweL,2026-05-02 07:30:55+00:00,1777707055000,16829,26.02186,54.93874,1004.25,45071
20260502-025019,-OrbaH4bFl1lf8Bc8fut,2026-05-02 07:31:05+00:00,1777707065000,16839,26.02123,54.96388,1004.25,45120
20260502-025019,-OrbaJWpFIgJ6wn5rdnu,2026-05-02 07:31:15+00:00,1777707075000,16849,26.02091,54.88188,1004.25,45413
20260502-025019,-OrbaLyCv_ifXS8KQ3k2,2026-05-02 07:31:25+00:00,1777707085000,16859,26.02123,54.81891,1004.26001,45071
20260502-025019,-OrbaOPQmPIiy8EKfgKe,2026-05-02 07:31:35+00:00,1777707095000,16869,26.02123,54.84411,1004.26001,45169
20260502-025019,-OrbaQqpQgk9MsUMCXp-,2026-05-02 07:31:45+00:00,1777707105000,16879,26.02123,54.83151,1004.27002,44975
20260502-025019,-OrbaTHywLv3pUZ3LD-5,2026-05-02 07:31:55+00:00,1777707115000,16889,26.02091,54.84406,1004.27002,45217
20260502-025019,-OrbaVjGSfyeCusd4ZTK,2026-05-02 07:32:05+00:00,1777707125000,16899,26.02091,54.82516,1004.27002,45266
20260502-025019,-OrbaYAqkxqcJ7J3y0IP,2026-05-02 07:32:15+00:00,1777707135000,16909,26.02155,54.88195,1004.27002,45266
20260502-025019,-Orba_band0KWPoaKd8R,2026-05-02 07:32:25+00:00,1777707145000,16919,26.02091,54.84406,1004.28003,45266
20260502-025019,-Orbac310C3UIzdhJ2Zy,2026-05-02 07:32:35+00:00,1777707155000,16929,26.02123,54.83151,1004.28003,45315
20260502-025019,-OrbaeVVoEqWZFtco9bL,2026-05-02 07:32:45+00:00,1777707165000,16939,26.02091,54.81886,1004.28003,45413
20260502-025019,-OrbagwN6P21RLXWKKbo,2026-05-02 07:32:55+00:00,1777707175000,16949,26.01996,54.86914,1004.28003,45315
20260502-025019,-OrbajNq4EWoU8YB7-WK,2026-05-02 07:33:05+00:00,1777707185000,16959,26.02123,54.91344,1004.29999,45169
20260502-025019,-Orbalor_uaNe1iHqEzN,2026-05-02 07:33:15+00:00,1777707195000,16969,26.02091,54.83776,1004.29999,45071
20260502-025019,-OrbaoGW9QPK3mjCsSbK,2026-05-02 07:33:25+00:00,1777707205000,16979,26.02091,54.76846,1004.29999,45315
20260502-025019,-OrbaqhKa74lZgfya4Sv,2026-05-02 07:33:35+00:00,1777707215000,16989,26.02155,54.75594,1004.29999,45315
20260502-025019,-OrbatIQ_1UH8sfcUfs8,2026-05-02 07:33:45+00:00,1777707225000,16999,26.02155,54.71186,1004.29999,45169
20260502-025019,-OrbavaGma3VaDBbO_y_,2026-05-02 07:33:55+00:00,1777707235000,17009,26.02155,54.74335,1004.29999,45169
20260502-025019,-Orbay1HKsGde5sz_GpP,2026-05-02 07:34:05+00:00,1777707245000,17019,26.02123,54.68664,1004.29999,45364
20260502-025019,-Orbb-TPU_nqd4xqWMtF,2026-05-02 07:34:15+00:00,1777707255000,17029,26.02091,54.66141,1004.29999,45463
20260502-025019,-Orbb1vPpwCgGOXZva6W,2026-05-02 07:34:25+00:00,1777707265000,17039,26.02123,54.67405,1004.29999,45217
20260502-025019,-Orbb4M84MJFAn8HXBd7,2026-05-02 07:34:35+00:00,1777707275000,17049,26.02155,54.70556,1004.29999,45315
20260502-025019,-Orbb6nMJ80PycBqK3zP,2026-05-02 07:34:45+00:00,1777707285000,17059,26.02282,54.73094,1004.29999,45266
20260502-025019,-Orbb9EJ-kMa733_ZyxU,2026-05-02 07:34:55+00:00,1777707295000,17069,26.02218,54.73085,1004.29999,45315
20260502-025019,-OrbbBfiT8jLmYC8Xrfo,2026-05-02 07:35:05+00:00,1777707305000,17079,26.02218,54.81274,1004.29999,45120
20260502-025019,-OrbbE6zCUfTT-obmYb-,2026-05-02 07:35:15+00:00,1777707315000,17089,26.02186,54.76859,1004.31,45463
20260502-025019,-OrbbGZFCprYrCpe_XC0,2026-05-02 07:35:25+00:00,1777707325000,17099,26.02186,54.76859,1004.31,45413
20260502-025019,-OrbbJ-T9ywJU4qyr32r,2026-05-02 07:35:35+00:00,1777707335000,17109,26.02282,54.78133,1004.31,45413
20260502-025019,-OrbbLRdWkkP2FkTS5W0,2026-05-02 07:35:45+00:00,1777707345000,17119,26.02155,54.76224,1004.29999,45364
20260502-025019,-OrbbNsvLzn4vxluD_d9,2026-05-02 07:35:55+00:00,1777707355000,17129,26.01996,54.74314,1004.29999,45463
20260502-025019,-OrbbQKGdNqh0SDeDiSP,2026-05-02 07:36:05+00:00,1777707365000,17139,26.01996,54.70535,1004.29999,45217
20260502-025019,-OrbbSlU8QvqezLZl9oW,2026-05-02 07:36:15+00:00,1777707375000,17149,26.01964,54.64865,1004.31,45413
20260502-025019,-OrbbVCmRBzgEIbPG-I7,2026-05-02 07:36:25+00:00,1777707385000,17159,26.01933,54.61712,1004.31,45611
20260502-025019,-OrbbXe60LDPFLVtQdii,2026-05-02 07:36:35+00:00,1777707395000,17169,26.0187,54.62963,1004.31,45463
20260502-025019,-Orbb_54pGk_-j6qLWzc,2026-05-02 07:36:45+00:00,1777707405000,17179,26.01838,54.64217,1004.31,45413
20260502-025019,-OrbbbrcNrLwoKEw9kbd,2026-05-02 07:36:55+00:00,1777707415000,17189,26.01806,54.59177,1004.32001,45364
20260502-025019,-Orbbdye8f3X099O5Qjd,2026-05-02 07:37:05+00:00,1777707425000,17199,26.01743,54.56652,1004.32001,45364
20260502-025019,-OrbbgPy8R17YDdPlt55,2026-05-02 07:37:15+00:00,1777707435000,17209,26.01711,54.59164,1004.31,45413
20260502-025019,-OrbbirF3a1cszWpwMFp,2026-05-02 07:37:25+00:00,1777707445000,17219,26.01711,54.61681,1004.29999,45512
20260502-025019,-OrbblMdoqo8W4L_kVFH,2026-05-02 07:37:35+00:00,1777707455000,17229,26.01743,54.62945,1004.29999,45413
20260502-025019,-Orbbnjbhlk9ROcNJJ6_,2026-05-02 07:37:45+00:00,1777707465000,17239,26.01648,54.58526,1004.29999,45413
20260502-025019,-OrbbqAyJUOUI0YBbkrW,2026-05-02 07:37:55+00:00,1777707475000,17249,26.01552,54.58513,1004.29999,45512
20260502-025019,-Orbbsc0ob-Cf7oXkuPL,2026-05-02 07:38:05+00:00,1777707485000,17259,26.01521,54.59768,1004.31,45512
20260502-025019,-Orbbv7SApXGwhIjTl0F,2026-05-02 07:38:15+00:00,1777707495000,17269,26.01552,54.55996,1004.29999,45512
20260502-025019,-OrbbxVsA6-k0bFlAi-9,2026-05-02 07:38:25+00:00,1777707505000,17279,26.01426,54.52203,1004.29999,45413
20260502-025019,-OrbbzwxX8AMgM311JZ0,2026-05-02 07:38:35+00:00,1777707515000,17289,26.01394,54.49054,1004.29999,45611
20260502-025019,-Orbc1Nz941_cc-bOdtD,2026-05-02 07:38:45+00:00,1777707525000,17299,26.01299,54.48412,1004.31,45710
20260502-025019,-Orbc3pI4svxIlEHuGHW,2026-05-02 07:38:55+00:00,1777707535000,17309,26.01299,54.52186,1004.31,45810
20260502-025019,-Orbc6G_-bp8YRyY9Ngs,2026-05-02 07:39:05+00:00,1777707545000,17319,26.01299,54.49041,1004.31,45661
20260502-025019,-Orbc8hnBPUvYKELsEti,2026-05-02 07:39:15+00:00,1777707555000,17329,26.01362,54.47163,1004.31,45760
20260502-025019,-OrbcB95056RbFU4Q4Ht,2026-05-02 07:39:25+00:00,1777707565000,17339,26.01489,54.37749,1004.31,45710
20260502-025019,-OrbcDavlXegUrNeHGoY,2026-05-02 07:39:35+00:00,1777707575000,17349,26.01489,54.27066,1004.32001,45760
20260502-025019,-OrbcG1cjc51hA7K9yHM,2026-05-02 07:39:45+00:00,1777707585000,17359,26.01489,54.27066,1004.31,45611
20260502-025019,-OrbcITlooeC_sF39_RE,2026-05-02 07:39:55+00:00,1777707595000,17369,26.01521,54.3524,1004.31,45961
20260502-025019,-OrbcLen5AtCzh2v6eyq,2026-05-02 07:40:05+00:00,1777707605000,17379,26.01552,54.4153,1004.32001,45860
20260502-025019,-OrbcNMKkHnkKGik5maI,2026-05-02 07:40:15+00:00,1777707615000,17389,26.01426,54.36483,1004.31,45860
20260502-025019,-OrbcPnXPjxetw3LhiLk,2026-05-02 07:40:25+00:00,1777707625000,17399,26.01426,54.28313,1004.31,46062
20260502-025019,-OrbcSGxzL3lsv7U0XPc,2026-05-02 07:40:35+00:00,1777707635000,17409,26.01489,54.32721,1004.31,45760
20260502-025019,-OrbcUg2NEuFoKeonQ5t,2026-05-02 07:40:45+00:00,1777707645000,17419,26.01394,54.37107,1004.32001,45760
20260502-025019,-OrbcX7S5FuV2nVGPgJM,2026-05-02 07:40:55+00:00,1777707655000,17429,26.01331,54.36471,1004.32001,45710
20260502-025019,-OrbcZZWNlHrLSBmx5j1,2026-05-02 07:41:05+00:00,1777707665000,17439,26.01362,54.35217,1004.32001,45710
20260502-025019,-Orbcb-p76T93TPQHzPZ,2026-05-02 07:41:15+00:00,1777707675000,17449,26.01362,54.32704,1004.33002,45810
20260502-025019,-OrbcdS3GhlbGxy7cuOk,2026-05-02 07:41:25+00:00,1777707685000,17459,26.01362,54.27677,1004.33002,45710
20260502-025019,-OrbcftH3_QSDyIpydqv,2026-05-02 07:41:35+00:00,1777707695000,17469,26.01331,54.21391,1004.33002,45860
20260502-025019,-OrbciKSB5UilzSFZjLO,2026-05-02 07:41:45+00:00,1777707705000,17479,26.01236,54.26403,1004.33002,46164
20260502-025019,-Orbckllk3zz5paenkne,2026-05-02 07:41:55+00:00,1777707715000,17489,26.01394,54.31451,1004.33002,45860
20260502-025019,-OrbcnCzeu-p3sXZv8i7,2026-05-02 07:42:05+00:00,1777707725000,17499,26.01394,54.28938,1004.34003,45661
20260502-025019,-OrbcpeHp-esdAcB0LPo,2026-05-02 07:42:15+00:00,1777707735000,17509,26.01458,54.28946,1004.33002,46062
20260502-025019,-Orbcs5TtLqvsgZsMuU9,2026-05-02 07:42:25+00:00,1777707745000,17519,26.01552,54.29588,1004.34003,45961
20260502-025019,-OrbcuXfLElJOuyb_eY_,2026-05-02 07:42:35+00:00,1777707755000,17529,26.01521,54.28327,1004.34003,45760
20260502-025019,-OrbcwysCbwQ515Jp62S,2026-05-02 07:42:45+00:00,1777707765000,17539,26.01458,54.21408,1004.34003,46214
20260502-025019,-OrbczQDzLvEw-B0ADQa,2026-05-02 07:42:55+00:00,1777707775000,17549,26.01426,54.20147,1004.34998,45911
20260502-025019,-Orbd0rSWWWEKVApDeZw,2026-05-02 07:43:05+00:00,1777707785000,17559,26.01394,54.13236,1004.34998,46011
20260502-025019,-Orbd3kc1nmJUNqQ63eQ,2026-05-02 07:43:15+00:00,1777707795000,17569,26.01394,54.08842,1004.34998,45760
20260502-025019,-Orbd5k10m4jXZYEd9fs,2026-05-02 07:43:25+00:00,1777707805000,17579,26.01331,54.06951,1004.35999,46214
20260502-025019,-Orbd8BaVTtUnuFPZUfE,2026-05-02 07:43:35+00:00,1777707815000,17589,26.01394,53.9943,1004.37,45961
20260502-025019,-OrbdAdD-LtTGUJGSNJJ,2026-05-02 07:43:45+00:00,1777707825000,17599,26.01362,54.02562,1004.37,45911
20260502-025019,-OrbdD3khIov8s38F10F,2026-05-02 07:43:55+00:00,1777707835000,17609,26.01521,54.0635,1004.38,46164
20260502-025019,-OrbdFVwETRSxF7GK-LB,2026-05-02 07:44:05+00:00,1777707845000,17619,26.01458,54.03203,1004.38,46368
20260502-025019,-OrbdHx6iAfD1i2neazF,2026-05-02 07:44:15+00:00,1777707855000,17629,26.01489,54.0509,1004.37,46368
20260502-025019,-OrbdKOfFRgFtbebRmUv,2026-05-02 07:44:25+00:00,1777707865000,17639,26.01426,54.04453,1004.38,46062
20260502-025019,-OrbdMpkOJWDQDf58Noc,2026-05-02 07:44:35+00:00,1777707875000,17649,26.01489,53.95052,1004.37,46113
20260502-025019,-OrbdPHERH9eGgkycGpQ,2026-05-02 07:44:45+00:00,1777707885000,17659,26.01552,54.03843,1004.38,46164
20260502-025019,-OrbdRi9_pTjuvBcPWc5,2026-05-02 07:44:55+00:00,1777707895000,17669,26.01552,54.10119,1004.38,46265
20260502-025019,-OrbdU9ViwUIyKi6Ns0H,2026-05-02 07:45:05+00:00,1777707905000,17679,26.01616,54.08872,1004.38,46164
20260502-025019,-OrbdWakxkcag5ZCIr_s,2026-05-02 07:45:15+00:00,1777707915000,17689,26.01616,54.08872,1004.38,46214
20260502-025019,-OrbdZ2b2dxQ7J48AqUl,2026-05-02 07:45:25+00:00,1777707925000,17699,26.01489,54.0509,1004.38,46113
20260502-025019,-OrbdaUFcUC_gqrDjhWV,2026-05-02 07:45:35+00:00,1777707935000,17709,26.01458,54.02575,1004.37,46419
20260502-025019,-OrbdcvWXTL1-cBq6dKs,2026-05-02 07:45:45+00:00,1777707945000,17719,26.01489,54.04462,1004.38,46214
20260502-025019,-OrbdfMkfZXEWDnTsfzt,2026-05-02 07:45:55+00:00,1777707955000,17729,26.01552,53.99451,1004.38,46062
20260502-025019,-OrbdhoFhJMzuQMYDTmG,2026-05-02 07:46:05+00:00,1777707965000,17739,26.01552,53.95687,1004.38,46214
20260502-025019,-OrbdkFHyfSEvCFhkFz-,2026-05-02 07:46:15+00:00,1777707975000,17749,26.01521,53.93802,1004.39001,46062
20260502-025019,-Orbdmq1DP6nfrkxs5ZM,2026-05-02 07:46:25+00:00,1777707985000,17759,26.01489,53.95679,1004.39001,46419
20260502-025019,-Orbdp7h3LkE-YWyX6BP,2026-05-02 07:46:35+00:00,1777707995000,17769,26.01426,53.93161,1004.40002,46574
20260502-025019,-OrbdrZwlSAgmbHtekZM,2026-05-02 07:46:45+00:00,1777708005000,17779,26.01458,53.90658,1004.40002,46574
20260502-025019,-Orbdu09qQq4Rv47qDMi,2026-05-02 07:46:55+00:00,1777708015000,17789,26.01458,53.92539,1004.40002,46265
20260502-025019,-OrbdwSXXxsZdrpSkQw9,2026-05-02 07:47:05+00:00,1777708025000,17799,26.01458,53.96302,1004.40002,46317
20260502-025019,-Orbdyten-MsCL_SE2Li,2026-05-02 07:47:15+00:00,1777708035000,17809,26.01552,54.01961,1004.40002,46368
20260502-025019,-Orbe0L5ZpqU85l3MFIh,2026-05-02 07:47:25+00:00,1777708045000,17819,26.01552,53.96942,1004.40997,46368
20260502-025019,-Orbe2mRGkFgNbbKXW9D,2026-05-02 07:47:35+00:00,1777708055000,17829,26.01489,53.87527,1004.40002,46368
20260502-025019,-Orbe5DOHNriUb5RkW0T,2026-05-02 07:47:45+00:00,1777708065000,17839,26.01489,53.84393,1004.40002,46419
20260502-025019,-Orbe7eeWbdYu6E4-uaL,2026-05-02 07:47:55+00:00,1777708075000,17849,26.01394,53.87514,1004.40997,46419
20260502-025019,-OrbeA5rjTpQzVaeXx9M,2026-05-02 07:48:05+00:00,1777708085000,17859,26.01299,53.91263,1004.40997,46265
20260502-025019,-OrbeCYQ6wd-qIm3-uSn,2026-05-02 07:48:15+00:00,1777708095000,17869,26.01331,53.91895,1004.40997,46214
20260502-025019,-OrbeEzV09EllAgKd7xd,2026-05-02 07:48:25+00:00,1777708105000,17879,26.01331,53.90014,1004.40997,46574
20260502-025019,-OrbeHQfl1OfKtbHTGdL,2026-05-02 07:48:35+00:00,1777708115000,17889,26.01331,53.83744,1004.40997,46419
20260502-025019,-OrbeJrzjGIFyUuF0E7u,2026-05-02 07:48:45+00:00,1777708125000,17899,26.01331,53.84371,1004.40997,46317
20260502-025019,-OrbeMJLzJKlPjmqAhCX,2026-05-02 07:48:55+00:00,1777708135000,17909,26.01362,53.88136,1004.40997,46368
20260502-025019,-OrbeOkPHQZoB2QtoiII,2026-05-02 07:49:05+00:00,1777708145000,17919,26.01458,53.90658,1004.40997,46419
20260502-025019,-OrbeRC2qd-EY6h0y8Bh,2026-05-02 07:49:15+00:00,1777708155000,17929,26.01331,53.88132,1004.40997,46368
20260502-025019,-OrbeTcxD_T4gKSoqDCg,2026-05-02 07:49:25+00:00,1777708165000,17939,26.01394,53.82499,1004.40997,46419
20260502-025019,-OrbeWKWUyjWKIRCFJ6C,2026-05-02 07:49:35+00:00,1777708175000,17949,26.01489,53.81259,1004.40997,46419
20260502-025019,-OrbeYWTBR3Y3iCQOIsR,2026-05-02 07:49:45+00:00,1777708185000,17959,26.01521,53.75623,1004.40997,46471
20260502-025019,-Orbe_xWLq1wJDj1V0GR,2026-05-02 07:49:55+00:00,1777708195000,17969,26.01584,53.73126,1004.41998,46678
20260502-025019,-OrbecP8C_VWheLC1k-E,2026-05-02 07:50:05+00:00,1777708205000,17979,26.01584,53.73126,1004.41998,46471
20260502-025019,-OrbeeqAu_FNyNuus_gk,2026-05-02 07:50:15+00:00,1777708215000,17989,26.01552,53.73747,1004.40997,46419
20260502-025019,-OrbehHWTfJK_FpL2QrF,2026-05-02 07:50:25+00:00,1777708225000,17999,26.01552,53.74374,1004.40997,46574
20260502-025019,-OrbejibXCp5FNdAsTl_,2026-05-02 07:50:35+00:00,1777708235000,18009,26.01458,53.76241,1004.40997,46730
20260502-025019,-Orbem9yWvN2vqwJgnYu,2026-05-02 07:50:45+00:00,1777708245000,18019,26.01362,53.76228,1004.40002,46782
20260502-025019,-OrbeoblwCxSloC-tSVB,2026-05-02 07:50:55+00:00,1777708255000,18029,26.01362,53.77481,1004.40997,46730
20260502-025019,-Orber2K4MMCv6n5O7SB,2026-05-02 07:51:05+00:00,1777708265000,18039,26.01299,53.79979,1004.40997,46626
20260502-025019,-OrbetUu7KIfSWcBliWc,2026-05-02 07:51:15+00:00,1777708275000,18049,26.01299,53.78098,1004.40997,46626
20260502-025019,-OrbevvpLQCmeeVubja2,2026-05-02 07:51:25+00:00,1777708285000,18059,26.01299,53.78098,1004.40997,46626
20260502-025019,-OrbeyN63DqLLH3aLWuk,2026-05-02 07:51:35+00:00,1777708295000,18069,26.01267,53.80601,1004.40002,46522
20260502-025019,-Orbf-oLog8QvsivmnB2,2026-05-02 07:51:45+00:00,1777708305000,18079,26.01267,53.78094,1004.40002,46574
20260502-025019,-Orbf2FzrYz-DNN7O6oa,2026-05-02 07:51:55+00:00,1777708315000,18089,26.01331,53.69959,1004.40002,46574
20260502-025019,-Orbf4gxpPNQ1TMpgFlB,2026-05-02 07:52:05+00:00,1777708325000,18099,26.01331,53.68707,1004.39001,46471
20260502-025019,-Orbf782YyLSZziO0Mll,2026-05-02 07:52:15+00:00,1777708335000,18109,26.01299,53.68701,1004.39001,46730
20260502-025019,-Orbf9_JfYN5AdDI1Kvi,2026-05-02 07:52:25+00:00,1777708345000,18119,26.01362,53.6871,1004.39001,46574
20260502-025019,-OrbfC1_cbLvltIXdtFe,2026-05-02 07:52:35+00:00,1777708355000,18129,26.01331,53.63697,1004.39001,46939
20260502-025019,-OrbfEbElfg2MJG80a1h,2026-05-02 07:52:45+00:00,1777708365000,18139,26.01267,53.57427,1004.38,46678
20260502-025019,-OrbfGuDMdVHNDhcxz7R,2026-05-02 07:52:55+00:00,1777708375000,18149,26.01204,53.53662,1004.38,46678
20260502-025019,-OrbfJLJMUFgO7EfMI1r,2026-05-02 07:53:05+00:00,1777708385000,18159,26.01204,53.58044,1004.38,46782
20260502-025019,-OrbfLmbdYZGqmeJW4lC,2026-05-02 07:53:15+00:00,1777708395000,18169,26.01236,53.58049,1004.37,46626
20260502-025019,-OrbfODsvAG6wMY7yiq2,2026-05-02 07:53:25+00:00,1777708405000,18179,26.0114,53.56158,1004.35999,46939
20260502-025019,-OrbfQf6saaEcrdbOyZA,2026-05-02 07:53:35+00:00,1777708415000,18189,26.01172,53.55536,1004.34998,46834
20260502-025019,-OrbfT6O7-Gz37t7VkEc,2026-05-02 07:53:45+00:00,1777708425000,18199,26.01172,53.58039,1004.34998,46730
20260502-025019,-OrbfVYZW13VZSNv6YEY,2026-05-02 07:53:55+00:00,1777708435000,18209,26.01172,53.56788,1004.34998,46782
20260502-025019,-OrbfY-8mAchrjfHBc8L,2026-05-02 07:54:05+00:00,1777708445000,18219,26.0114,53.58662,1004.33002,47044
20260502-025019,-Orbf_RB_Z0WvfTaFAbN,2026-05-02 07:54:15+00:00,1777708455000,18229,26.01109,53.58031,1004.34003,46834
20260502-025019,-OrbfbsJibN0-BVQSSMK,2026-05-02 07:54:25+00:00,1777708465000,18239,26.01172,53.57413,1004.34003,46626
20260502-025019,-OrbfeJfNXRQj00ynLhp,2026-05-02 07:54:35+00:00,1777708475000,18249,26.01172,53.59918,1004.33002,46782
20260502-025019,-Orbfgkp9un6D4QlPj6Z,2026-05-02 07:54:45+00:00,1777708485000,18259,26.01236,53.58675,1004.33002,46626
20260502-025019,-OrbfjtZE6ZuLO1z8Yym,2026-05-02 07:54:56+00:00,1777708496000,18270,26.01267,53.54923,1004.33002,46626
20260502-025019,-OrbfljPkPcoDVvp1RMZ,2026-05-02 07:55:06+00:00,1777708506000,18280,26.01299,53.50546,1004.32001,46626
20260502-025019,-OrbfoAVxCUenEZ3X4wg,2026-05-02 07:55:16+00:00,1777708516000,18290,26.01331,53.38041,1004.31,46939
20260502-025019,-Orbfqc-VE7kfcWJ9tVY,2026-05-02 07:55:26+00:00,1777708526000,18300,26.01267,53.36156,1004.31,46939
20260502-025019,-Orbft2va-NKIwBqP5LT,2026-05-02 07:55:36+00:00,1777708536000,18310,26.01362,53.32418,1004.29999,46992
20260502-025019,-Orbfx7SoeyPBqV2VKLF,2026-05-02 07:55:46+00:00,1777708546000,18320,26.01394,53.30547,1004.31,47097
20260502-025019,-OrbfxwQSrxJxEOx4EzU,2026-05-02 07:55:56+00:00,1777708556000,18330,26.01362,53.35544,1004.29999,47044
20260502-025019,-Orbg-NeHatDPHjCl7tS,2026-05-02 07:56:06+00:00,1777708566000,18340,26.01299,53.41788,1004.29999,46886
20260502-025019,-Orbg1or3v5EnyfrPEUa,2026-05-02 07:56:16+00:00,1777708576000,18350,26.01299,53.43665,1004.29999,46939
20260502-025019,-Orbg4G6z36BiJwNPKu0,2026-05-02 07:56:26+00:00,1777708586000,18360,26.01299,53.43665,1004.29999,46939
20260502-025019,-Orbg6hXsJJjOM4b5RCr,2026-05-02 07:56:36+00:00,1777708596000,18370,26.01394,53.4618,1004.29999,46886
20260502-025019,-Orbg98bHBRiOoIYcGwK,2026-05-02 07:56:46+00:00,1777708606000,18380,26.01299,53.44916,1004.29999,47044
20260502-025019,-OrbgB_nq-wi4DDXYOoI,2026-05-02 07:56:56+00:00,1777708616000,18390,26.01236,53.43031,1004.28998,47016
20260502-025019,-OrbgE18TtOrR_I2u6gM,2026-05-02 07:57:06+00:00,1777708626000,18400,26.01236,53.4178,1004.28998,47044
20260502-025019,-OrbgGTHP0SIh3NGc7kj,2026-05-02 07:57:16+00:00,1777708636000,18410,26.0114,53.41142,1004.28003,47256
20260502-025019,-OrbgIukrmz4q5jy6Viu,2026-05-02 07:57:26+00:00,1777708646000,18420,26.01109,53.43013,1004.28003,47150
20260502-025019,-OrbgLLtk0flL_VcyEUN,2026-05-02 07:57:36+00:00,1777708656000,18430,26.01109,53.41137,1004.28998,47310
20260502-025019,-OrbgNn3qLOJqTZ9a6Tp,2026-05-02 07:57:46+00:00,1777708666000,18440,26.01172,53.38019,1004.28003,46964
20260502-025019,-OrbgQEPUUgWtgaR-Wlg,2026-05-02 07:57:56+00:00,1777708676000,18450,26.01236,53.33027,1004.28003,47044
20260502-025019,-OrbgSfYIfR2KyJGMbl0,2026-05-02 07:58:06+00:00,1777708686000,18460,26.01267,53.36782,1004.28998,46939
20260502-025019,-OrbgV6ydbnQuVG4ltsl,2026-05-02 07:58:16+00:00,1777708696000,18470,26.01204,53.4115,1004.28003,46834
20260502-025019,-OrbgXZinFktE3Zu4EIB,2026-05-02 07:58:26+00:00,1777708706000,18480,26.01331,53.39292,1004.28998,47150
20260502-025019,-Orbg_-KBu0gx_n7rZXc,2026-05-02 07:58:36+00:00,1777708716000,18490,26.01394,53.36174,1004.28003,46730
20260502-025019,-OrbgbRz0RtcZlHLiwah,2026-05-02 07:58:46+00:00,1777708726000,18500,26.01426,53.38679,1004.27002,47096
20260502-025019,-OrbgjLkN4DoS4UC_MZX,2026-05-02 07:58:56+00:00,1777708736000,18510,26.01458,53.34932,1004.27002,46990
20260502-025019,-OrbgjUYBGDMy39jr83p,2026-05-02 07:59:19+00:00,1777708759000,18533,26.01236,53.44282,1004.27002,38776
20260502-025019,-OrbglvQO0d7NcKjXreY,2026-05-02 07:59:29+00:00,1777708769000,18543,26.01204,53.31771,1004.27002,41175
20260502-025019,-OrbgoMqHnvkH6eBgkWP,2026-05-02 07:59:39+00:00,1777708779000,18553,26.01236,53.24276,1004.26001,43437
20260502-025019,-Orbgqnu4DC3M3nvenFN,2026-05-02 07:59:49+00:00,1777708789000,18563,26.01394,53.18675,1004.27002,44450
20260502-025019,-OrbgtFdBxk-UvmnzLf3,2026-05-02 07:59:59+00:00,1777708799000,18573,26.01331,53.16792,1004.27002,44878
20260502-025019,-OrbgvgN55qxoml8J3Wt,2026-05-02 08:00:09+00:00,1777708809000,18583,26.01331,53.14294,1004.26001,45710
20260502-025019,-Orbgy7UsuZqG6FUKLD3,2026-05-02 08:00:19+00:00,1777708819000,18593,26.01267,53.11787,1004.26001,45961
20260502-025019,-Orbh-Zqe_7MfKzioFxD,2026-05-02 08:00:29+00:00,1777708829000,18603,26.01331,53.06802,1004.26001,46419
20260502-025019,-Orbh20CIGoyzNH3ahM0,2026-05-02 08:00:39+00:00,1777708839000,18613,26.01267,53.05544,1004.26001,46522
20260502-025019,-Orbh4SOJMReDXN3W1r8,2026-05-02 08:00:49+00:00,1777708849000,18623,26.01331,52.99936,1004.25,46678
20260502-025019,-Orbh6teZ4mIQDoKKaxx,2026-05-02 08:00:59+00:00,1777708859000,18633,26.01299,52.9993,1004.25,46834
20260502-025019,-Orbh9MFuZxq89FgUdUZ,2026-05-02 08:01:09+00:00,1777708869000,18643,26.01299,52.98682,1004.25,46886
20260502-025019,-OrbhBmB_SRi-82oayIX,2026-05-02 08:01:19+00:00,1777708879000,18653,26.01236,53.10534,1004.23999,47096
20260502-025019,-OrbhET89eiuFB00QefI,2026-05-02 08:01:29+00:00,1777708889000,18663,26.01299,53.11167,1004.23999,47203
20260502-025019,-OrbhGenvk0TFSRp8oou,2026-05-02 08:01:39+00:00,1777708899000,18673,26.01331,53.06802,1004.23999,47044
20260502-025019,-OrbhJ5myCIAg0v77ydy,2026-05-02 08:01:49+00:00,1777708909000,18683,26.01362,53.08054,1004.22998,46992
20260502-025019,-OrbhMJst3izE7oy_3n7,2026-05-02 08:01:59+00:00,1777708919000,18693,26.01394,53.03064,1004.21997,46964
20260502-025019,-OrbhNzhNrijonQvvjJ4,2026-05-02 08:02:09+00:00,1777708929000,18703,26.01426,53.01196,1004.21997,47150
20260502-025019,-OrbhQQZv0orOU4H84Ad,2026-05-02 08:02:19+00:00,1777708939000,18713,26.01331,53.0056,1004.21997,46964
20260502-025019,-OrbhSrwFzxmOB7-YgWN,2026-05-02 08:02:29+00:00,1777708949000,18723,26.01362,53.05557,1004.21002,47097
20260502-025019,-OrbhVQZELd_eZRaN8sO,2026-05-02 08:02:39+00:00,1777708959000,18733,26.01394,53.03064,1004.20001,47069
20260502-025019,-OrbhXkSLqL8-G4dUivu,2026-05-02 08:02:49+00:00,1777708969000,18743,26.01299,53.02427,1004.20001,47016
20260502-025019,-Orbh_DQMHDyWL_0AjWQ,2026-05-02 08:02:59+00:00,1777708979000,18753,26.01299,53.01802,1004.19,47096
20260502-025019,-OrbhbcuqZtZRtkNTx98,2026-05-02 08:03:09+00:00,1777708989000,18763,26.01267,52.98054,1004.19,47122
20260502-025019,-Orbhe45VHYlEHcyc41a,2026-05-02 08:03:19+00:00,1777708999000,18773,26.01331,52.95568,1004.19,47096
20260502-025019,-OrbhgWZ_jpG5b4TPYnn,2026-05-02 08:03:29+00:00,1777709009000,18783,26.01299,53.00554,1004.19,47202
20260502-025019,-OrbhixgCW6gXl_DZGP3,2026-05-02 08:03:39+00:00,1777709019000,18793,26.01426,53.03692,1004.17999,47096
20260502-025019,-OrbhlOrg4VDF_lNxaGy,2026-05-02 08:03:49+00:00,1777709029000,18803,26.01521,53.03706,1004.17999,47122
20260502-025019,-OrbhnqWBsG-rAfFw0qc,2026-05-02 08:03:59+00:00,1777709039000,18813,26.01458,52.8997,1004.16998,47175
20260502-025019,-OrbhqHK2Kpmyoi8UatX,2026-05-02 08:04:09+00:00,1777709049000,18823,26.01426,52.93084,1004.15997,47175
20260502-025019,-OrbhsidXGRvvoJA4FOp,2026-05-02 08:04:19+00:00,1777709059000,18833,26.01331,52.93073,1004.15997,47175
20260502-025019,-Orbhv9rEhiKkoULpbWE,2026-05-02 08:04:29+00:00,1777709069000,18843,26.01331,52.90577,1004.15002,47308
20260502-025019,-Orbhxb31Sa9WRbNa0PI,2026-05-02 08:04:39+00:00,1777709079000,18853,26.01362,52.94324,1004.14001,47122
20260502-025019,-Orbi-2Uw5yUUOGLmMiH,2026-05-02 08:04:49+00:00,1777709089000,18863,26.01394,52.94328,1004.14001,47096
20260502-025019,-Orbi1UYfJ5fDhjdfM2u,2026-05-02 08:04:59+00:00,1777709099000,18873,26.01394,52.95576,1004.14001,47308
20260502-025019,-Orbi4NHSDOXsSSPMFwF,2026-05-02 08:05:09+00:00,1777709109000,18883,26.01362,52.937,1004.13,47308
20260502-025019,-Orbi6Myf571c1mmWNYR,2026-05-02 08:05:19+00:00,1777709119000,18893,26.01362,52.90581,1004.12,47389
20260502-025019,-Orbi8oCAF-snNqC7SOK,2026-05-02 08:05:29+00:00,1777709129000,18903,26.01362,52.91829,1004.12,47416
20260502-025019,-OrbiBFW4dMdd7RI5z_Q,2026-05-02 08:05:39+00:00,1777709139000,18913,26.01426,52.90589,1004.12,47550
20260502-025019,-OrbiDgpdaceuB0duYPX,2026-05-02 08:05:49+00:00,1777709149000,18923,26.01362,52.88086,1004.12,47469
20260502-025019,-OrbiG8EtXcaoIWSBsGe,2026-05-02 08:05:59+00:00,1777709159000,18933,26.01362,52.88086,1004.10999,47523
20260502-025019,-OrbiI_H6sh8Cxh-x_Ul,2026-05-02 08:06:09+00:00,1777709169000,18943,26.01394,52.86219,1004.12,47469
20260502-025019,-OrbiL0UUcytOkx0L8-R,2026-05-02 08:06:19+00:00,1777709179000,18953,26.01394,52.85596,1004.10999,47416
20260502-025019,-OrbiNSphuAuI52esprR,2026-05-02 08:06:29+00:00,1777709189000,18963,26.01426,52.88095,1004.10999,47149
20260502-025019,-OrbiPtx28aQSiGqmT09,2026-05-02 08:06:39+00:00,1777709199000,18973,26.01426,52.88718,1004.09998,47469
20260502-025019,-OrbiSLFW85FNhzyyBYK,2026-05-02 08:06:49+00:00,1777709209000,18983,26.01426,52.88718,1004.09003,47416
20260502-025019,-OrbiUmfSnHm2PpEywM4,2026-05-02 08:06:59+00:00,1777709219000,18993,26.01331,52.89954,1004.09003,47469
20260502-025019,-OrbiXE1hsV5DErpZBQu,2026-05-02 08:07:09+00:00,1777709229000,19003,26.0114,52.91799,1004.09003,47686
20260502-025019,-OrbiZf0eNB5uXfpVXlS,2026-05-02 08:07:19+00:00,1777709239000,19013,26.0114,52.89928,1004.09003,47550
20260502-025019,-Orbib6Ekfk9i_YGp0dP,2026-05-02 08:07:29+00:00,1777709249000,19023,26.01236,52.89941,1004.09003,47550
20260502-025019,-OrbidYQCA8VlKl2-DsI,2026-05-02 08:07:39+00:00,1777709259000,19033,26.01109,52.8431,1004.09003,47740
20260502-025019,-OrbifzkStF4SMOwNx3g,2026-05-02 08:07:49+00:00,1777709269000,19043,26.0114,52.81821,1004.09003,47577
20260502-025019,-OrbiiR-yEInbzlJb2_4,2026-05-02 08:07:59+00:00,1777709279000,19053,26.0114,52.84315,1004.09003,47794
20260502-025019,-OrbiksQcMzNcii7c2iC,2026-05-02 08:08:09+00:00,1777709289000,19063,26.0114,52.83068,1004.09003,47362
20260502-025019,-Orbiq7lNYPpgQ55662H,2026-05-02 08:08:19+00:00,1777709299000,19073,26.01204,52.76842,1004.09003,47604
20260502-025019,-OrbiqTMeJcZ8qEWgt6H,2026-05-02 08:08:31+00:00,1777709311000,19086,26.01077,52.83683,1004.09003,45413
20260502-025019,-OrbisuWKgkrvEhvvVgi,2026-05-02 08:08:41+00:00,1777709321000,19096,26.01046,52.82431,1004.09003,46419
20260502-025019,-OrbivLhc5t0p5_TSGnN,2026-05-02 08:08:51+00:00,1777709331000,19106,26.01014,52.81804,1004.09003,46834
20260502-025019,-OrbiyKfjnLXhCPKmFun,2026-05-02 08:09:02+00:00,1777709342000,19116,26.01077,52.80565,1004.09998,46886
20260502-025019,-Orbj-K6iK4s18plmSUH,2026-05-02 08:09:12+00:00,1777709352000,19126,26.01109,52.79322,1004.09998,47150
20260502-025019,-Orbj1lLykWu4wCokqLS,2026-05-02 08:09:22+00:00,1777709362000,19136,26.01077,52.80565,1004.10999,47069
20260502-025019,-Orbj4DRsLMNFuOG-Q2h,2026-05-02 08:09:32+00:00,1777709372000,19146,26.01077,52.76825,1004.10999,47362
20260502-025019,-Orbj6dni-PcF01tGkCJ,2026-05-02 08:09:42+00:00,1777709382000,19156,26.0114,52.73718,1004.12,47308
20260502-025019,-Orbj9LHaUFyWtltWukh,2026-05-02 08:09:52+00:00,1777709392000,19166,26.01109,52.68728,1004.12,47362
20260502-025019,-OrbjBcdVfJ1FO8rVQ3l,2026-05-02 08:10:02+00:00,1777709402000,19176,26.01109,52.66236,1004.13,47389
20260502-025019,-OrbjE3Tk-VZ8KTMrrJE,2026-05-02 08:10:12+00:00,1777709412000,19186,26.01109,52.68728,1004.14001,47550
20260502-025019,-OrbjGViZVJxfSzIviyg,2026-05-02 08:10:22+00:00,1777709422000,19196,26.01204,52.67495,1004.14001,47577
20260502-025019,-OrbjIx08rvt2XL9UATy,2026-05-02 08:10:32+00:00,1777709432000,19206,26.01236,52.7373,1004.15002,47577
20260502-025019,-OrbjLODacKL-PDKi0zR,2026-05-02 08:10:42+00:00,1777709442000,19216,26.01362,52.78733,1004.15002,47686
20260502-025019,-OrbjNpT1mQfg51IGQaz,2026-05-02 08:10:52+00:00,1777709452000,19226,26.01426,52.76872,1004.15997,47794
20260502-025019,-OrbjQGgDekx8dAO8u5n,2026-05-02 08:11:02+00:00,1777709462000,19236,26.01521,52.77509,1004.15997,47767
20260502-025019,-OrbjSi88rLe92nXpdvn,2026-05-02 08:11:12+00:00,1777709472000,19246,26.01426,52.73132,1004.15997,47658
20260502-025019,-OrbjVE39ZJucHUeOQPU,2026-05-02 08:11:22+00:00,1777709482000,19256,26.01552,52.70657,1004.16998,47767
20260502-025019,-OrbjXaZILX_ZxQwoHkz,2026-05-02 08:11:32+00:00,1777709492000,19266,26.01584,52.67547,1004.15997,47713
20260502-025019,-Orbj_1mX_ZxjSWFQ_nD,2026-05-02 08:11:42+00:00,1777709502000,19276,26.01584,52.63809,1004.15997,47631
20260502-025019,-OrbjbUAhzcZWYbsGJRl,2026-05-02 08:11:52+00:00,1777709512000,19286,26.01648,52.63195,1004.15997,47849
20260502-025019,-Orbjdvd4NczEMSF0lsQ,2026-05-02 08:12:02+00:00,1777709522000,19296,26.01648,52.63817,1004.15997,47822
20260502-025019,-OrbjgMT9qHIPpvTdMWu,2026-05-02 08:12:12+00:00,1777709532000,19306,26.01743,52.65076,1004.15002,48041
20260502-025019,-OrbjizwX0Lo6FMWPDMm,2026-05-02 08:12:22+00:00,1777709542000,19316,26.01806,52.61347,1004.15002,47767
20260502-025019,-OrbjlEoNtvHEU5St43Z,2026-05-02 08:12:32+00:00,1777709552000,19326,26.01774,52.58852,1004.15997,47904
20260502-025019,-Orbjng8LQcPxzanwndb,2026-05-02 08:12:42+00:00,1777709562000,19336,26.01743,52.56358,1004.15997,48096
20260502-025019,-Orbjq7R0zNV4ssWG099,2026-05-02 08:12:52+00:00,1777709572000,19346,26.0187,52.63848,1004.15997,47931
20260502-025019,-OrbjsZf_D0NATdGcBe9,2026-05-02 08:13:02+00:00,1777709582000,19356,26.0187,52.68208,1004.16998,47959
20260502-025019,-Orbjv53BuS_a_gRg8V3,2026-05-02 08:13:12+00:00,1777709592000,19366,26.01901,52.63852,1004.16998,47876
20260502-025019,-OrbjxSC_ve6e4sOmYzV,2026-05-02 08:13:22+00:00,1777709602000,19376,26.01964,52.60746,1004.17999,48041
20260502-025019,-OrbjztLAqCfHExzx_lF,2026-05-02 08:13:32+00:00,1777709612000,19386,26.01933,52.59496,1004.19,48124
20260502-025019,-Orbk1Kf9t3NLc59bFIx,2026-05-02 08:13:42+00:00,1777709622000,19396,26.01964,52.58255,1004.19,48069
20260502-025019,-Orbk3lsMf7v9utx2gw1,2026-05-02 08:13:52+00:00,1777709632000,19406,26.02028,52.59509,1004.20001,48041
20260502-025019,-Orbk6DAge099AhldG1F,2026-05-02 08:14:02+00:00,1777709642000,19416,26.0206,52.62004,1004.19,47904
20260502-025019,-Orbk8ecsIVRNmoWeq4b,2026-05-02 08:14:12+00:00,1777709652000,19426,26.02028,52.60754,1004.20001,48069
20260502-025019,-OrbkB5uR_SiJnRpkdAb,2026-05-02 08:14:22+00:00,1777709662000,19436,26.02028,52.61377,1004.20001,48014
20260502-025019,-OrbkDivIilHghl__7r8,2026-05-02 08:14:32+00:00,1777709672000,19446,26.01964,52.61992,1004.21002,47876
20260502-025019,-OrbkFz9i_i-4XsB-qel,2026-05-02 08:14:42+00:00,1777709682000,19456,26.01964,52.59501,1004.21002,47959
20260502-025019,-OrbkIQJDUOvKbyFKry_,2026-05-02 08:14:52+00:00,1777709692000,19466,26.01933,52.6261,1004.21002,47959
20260502-025019,-OrbkKrlJjSHvVMR9_qu,2026-05-02 08:15:02+00:00,1777709702000,19476,26.01933,52.60741,1004.21002,48069
20260502-025019,-OrbkNIo2H_iCwsBT6sn,2026-05-02 08:15:12+00:00,1777709712000,19486,26.01933,52.59496,1004.21997,48179
20260502-025019,-OrbkPkDLh5G9mwvy6Xr,2026-05-02 08:15:22+00:00,1777709722000,19496,26.01996,52.59505,1004.21997,47931
20260502-025019,-OrbkSBwTvye_2N9mq0K,2026-05-02 08:15:32+00:00,1777709732000,19506,26.01933,52.59496,1004.22998,48152
20260502-025019,-OrbkUca48BWonvsXtSs,2026-05-02 08:15:42+00:00,1777709742000,19516,26.0187,52.53885,1004.22998,48124
20260502-025019,-OrbkX44xIxEtV4ryUVQ,2026-05-02 08:15:52+00:00,1777709752000,19526,26.0187,52.53263,1004.22998,47986
20260502-025019,-OrbkZWMbKb9Sfl1QcTs,2026-05-02 08:16:02+00:00,1777709762000,19536,26.01711,52.48261,1004.22998,48235
20260502-025019,-OrbkaxPSawsXDt62zJg,2026-05-02 08:16:12+00:00,1777709772000,19546,26.01679,52.48257,1004.22998,48318
20260502-025019,-OrbkdOXoDErwcjNDEKm,2026-05-02 08:16:22+00:00,1777709782000,19556,26.01711,52.47639,1004.22998,48069
20260502-025019,-Orbkfpw4s0Wzt_MSfCp,2026-05-02 08:16:32+00:00,1777709792000,19566,26.01616,52.50115,1004.22998,48124
20260502-025019,-OrbkiH4_Cu5hyCX6CY6,2026-05-02 08:16:42+00:00,1777709802000,19576,26.01552,52.50729,1004.23999,48402
20260502-025019,-OrbkkiOZafHFDzCYeDX,2026-05-02 08:16:52+00:00,1777709812000,19586,26.01489,52.52588,1004.23999,48290
20260502-025019,-Orbkn9Wnw8E5WbmGrHi,2026-05-02 08:17:02+00:00,1777709822000,19596,26.01458,52.52584,1004.23999,48290
20260502-025019,-OrbkpbXKyTJLYT-4XPf,2026-05-02 08:17:12+00:00,1777709832000,19606,26.01426,52.52579,1004.25,48014
20260502-025019,-Orbks20_kKUhW1JEBNB,2026-05-02 08:17:22+00:00,1777709842000,19616,26.01489,52.53833,1004.25,48235
20260502-025019,-OrbkuUOHrkEQqAjpwa_,2026-05-02 08:17:32+00:00,1777709852000,19626,26.01521,52.55083,1004.25,48235
20260502-025019,-Orbkx2NsHSndIRiEuRK,2026-05-02 08:17:42+00:00,1777709862000,19636,26.01489,52.59437,1004.25,48069
20260502-025019,-OrbkzMp_Md_-XT8H-sz,2026-05-02 08:17:52+00:00,1777709872000,19646,26.01552,52.61937,1004.26001,48014
20260502-025019,-Orbl0o776mpIp_fqLG6,2026-05-02 08:18:02+00:00,1777709882000,19656,26.01584,52.61318,1004.26001,47986
20260502-025019,-Orbl3FG4kLU2O43lcLF,2026-05-02 08:18:12+00:00,1777709892000,19666,26.01552,52.58822,1004.27002,48318
20260502-025019,-Orbl5gds0ShfBEuDgMz,2026-05-02 08:18:22+00:00,1777709902000,19676,26.01552,52.59445,1004.28003,48263
20260502-025019,-Orbl883rtUBgfOqtcRc,2026-05-02 08:18:32+00:00,1777709912000,19686,26.01616,52.60699,1004.28003,48290
20260502-025019,-OrblAZxzjjCy10H3Y92,2026-05-02 08:18:42+00:00,1777709922000,19696,26.01552,52.6505,1004.28998,48374
20260502-025019,-OrblD0MrgXFXyMKgGZE,2026-05-02 08:18:52+00:00,1777709932000,19706,26.01521,52.6567,1004.28003,48152
20260502-025019,-OrblFSgMhnP3nrFhlzA,2026-05-02 08:19:02+00:00,1777709942000,19716,26.01426,52.63164,1004.28998,48179
20260502-025019,-OrblHtlwyTqr5NQ8-RA,2026-05-02 08:19:12+00:00,1777709952000,19726,26.01426,52.5756,1004.28998,48179
20260502-025019,-OrblKL6R0sypz9Wh-to,2026-05-02 08:19:22+00:00,1777709962000,19736,26.01458,52.54451,1004.28003,48263
20260502-025019,-OrblMmKTjJelP8qRlTR,2026-05-02 08:19:32+00:00,1777709972000,19746,26.01552,52.51974,1004.28998,48207
20260502-025019,-OrblPDgONrE7W6W5iYC,2026-05-02 08:19:42+00:00,1777709982000,19756,26.01584,52.53223,1004.29999,48235
20260502-025019,-OrblRfZOpMaFQdcr1C5,2026-05-02 08:19:52+00:00,1777709992000,19766,26.01584,52.50111,1004.28998,48290
20260502-025019,-OrblU6E6X7aWNkuAKKP,2026-05-02 08:20:02+00:00,1777710002000,19776,26.01584,52.46377,1004.29999,48430
20260502-025019,-OrblWYGFYfHUUhRYSG-,2026-05-02 08:20:12+00:00,1777710012000,19786,26.01679,52.43279,1004.29999,48346
20260502-025019,-OrblYzd6XhIOWYrzID0,2026-05-02 08:20:22+00:00,1777710022000,19796,26.01743,52.47021,1004.31,48096
20260502-025019,-OrblaQzGYSt5xOWP8LE,2026-05-02 08:20:32+00:00,1777710032000,19806,26.01648,52.43274,1004.31,48402
