session_id,push_id,datetime_utc,unix_ms,elapsed_s,temp_c,humidity_pct,pressure_hpa,gas_ohm,heater_stable,iaq,iaq_accuracy
20260508-002650,1778200014,2026-05-08 00:26:54+00:00,1778200014000,3,26.12805,40.40207,10.05195,115916,True,55.32555,0
20260508-002650,1778200026,2026-05-08 00:27:06+00:00,1778200026000,15,26.75557,36.72019,10.0522,5982143,True,0.0,0
20260508-002650,1778200038,2026-05-08 00:27:18+00:00,1778200038000,27,26.44622,37.94481,10.05195,85784,True,0.0,0
20260508-002650,1778200050,2026-05-08 00:27:30+00:00,1778200050000,39,26.30423,39.35429,10.05192,84743,True,55.93382,0
20260508-002650,1778200062,2026-05-08 00:27:42+00:00,1778200062000,51,26.2738,39.5612,10.05204,86137,True,57.69299,0
20260508-002650,1778200074,2026-05-08 00:27:54+00:00,1778200074000,63,26.25605,39.62957,10.05221,88598,True,59.20454,0
20260508-002650,1778200086,2026-05-08 00:28:06+00:00,1778200086000,75,26.24845,39.68212,10.05202,90123,True,60.66762,0
20260508-002650,1778200098,2026-05-08 00:28:18+00:00,1778200098000,87,26.24591,39.67735,10.05207,91402,True,62.23384,0
20260508-002650,1778200110,2026-05-08 00:28:30+00:00,1778200110000,99,26.24338,39.70309,10.05224,92615,True,63.79499,0
20260508-002650,1778200122,2026-05-08 00:28:42+00:00,1778200122000,111,26.23323,39.71625,10.0522,94177,True,65.36897,0
20260508-002650,1778200134,2026-05-08 00:28:54+00:00,1778200134000,123,26.23323,39.71956,10.05207,94602,True,67.31506,0
20260508-002650,1778200146,2026-05-08 00:29:06+00:00,1778200146000,135,26.23323,39.71137,10.0522,94496,True,69.73284,0
20260508-002650,1778200158,2026-05-08 00:29:18+00:00,1778200158000,147,26.22816,39.7453,10.05206,95248,True,72.00408,0
20260508-002650,1778200170,2026-05-08 00:29:30+00:00,1778200170000,159,26.2307,39.74599,10.0521,95574,True,126.72889,3
20260508-002650,1778200182,2026-05-08 00:29:42+00:00,1778200182000,171,26.2307,39.76178,10.05221,95574,True,125.98844,3
20260508-002650,1778200194,2026-05-08 00:29:54+00:00,1778200194000,183,26.22816,39.7746,10.05197,94739,True,126.45079,3
20260508-002650,1778200206,2026-05-08 00:30:06+00:00,1778200206000,195,26.22563,39.76313,10.05206,94817,True,126.77213,3
20260508-002650,1778200218,2026-05-08 00:30:18+00:00,1778200218000,207,26.2307,39.79842,10.05214,95032,True,127.10455,3
20260508-002650,1778200230,2026-05-08 00:30:30+00:00,1778200230000,219,26.21802,39.8352,10.05193,94048,True,127.38096,3
20260508-002650,1778200242,2026-05-08 00:30:42+00:00,1778200242000,231,26.21295,39.89806,10.05204,95387,True,126.2407,3
20260508-002650,1778200254,2026-05-08 00:30:54+00:00,1778200254000,243,26.20534,40.19778,10.05213,96153,True,123.33437,3
20260508-002650,1778200266,2026-05-08 00:31:06+00:00,1778200266000,255,26.20281,40.35454,10.05185,96709,True,119.74563,3
20260508-002650,1778200278,2026-05-08 00:31:18+00:00,1778200278000,267,26.20027,40.73383,10.05228,96375,True,118.51817,3
20260508-002650,1778200290,2026-05-08 00:31:30+00:00,1778200290000,279,26.20027,40.65877,10.05219,97667,True,115.07052,3
20260508-002650,1778200302,2026-05-08 00:31:42+00:00,1778200302000,291,26.20027,40.70291,10.05212,98067,True,113.51088,3
20260508-002650,1778200314,2026-05-08 00:31:54+00:00,1778200314000,303,26.19013,40.74327,10.05222,98355,True,112.21031,3
20260508-002650,1778200326,2026-05-08 00:32:06+00:00,1778200326000,315,26.18506,40.75791,10.05205,98298,True,110.35814,3
20260508-002650,1778200338,2026-05-08 00:32:18+00:00,1778200338000,327,26.19267,40.78891,10.05216,99643,True,108.72201,3
20260508-002650,1778200350,2026-05-08 00:32:30+00:00,1778200350000,339,26.18759,40.79242,10.05211,98761,True,108.16609,3
20260508-002650,1778200362,2026-05-08 00:32:42+00:00,1778200362000,351,26.19013,40.81522,10.05221,99171,True,107.51447,3
20260508-002650,1778200374,2026-05-08 00:32:54+00:00,1778200374000,363,26.1952,40.80491,10.05232,98820,True,108.005,3
20260508-002650,1778200386,2026-05-08 00:33:06+00:00,1778200386000,375,26.18506,40.83619,10.05205,97610,True,110.15767,3
20260508-002650,1778200398,2026-05-08 00:33:18+00:00,1778200398000,387,26.18252,40.8331,10.05208,98067,True,111.11899,3
20260508-002650,1778200410,2026-05-08 00:33:30+00:00,1778200410000,399,26.18252,40.84977,10.05217,97838,True,111.14942,3
20260508-002650,1778200422,2026-05-08 00:33:42+00:00,1778200422000,411,26.18506,40.86195,10.05225,98355,True,109.63123,3
20260508-002650,1778200434,2026-05-08 00:33:54+00:00,1778200434000,423,26.17745,40.899,10.05198,98587,True,109.03387,3
20260508-002650,1778200446,2026-05-08 00:34:06+00:00,1778200446000,435,26.17745,41.01133,10.05198,99524,True,106.74362,3
20260508-002650,1778200458,2026-05-08 00:34:18+00:00,1778200458000,447,26.17238,41.07719,10.05195,98645,True,106.89664,3
20260508-002650,1778200470,2026-05-08 00:34:30+00:00,1778200470000,459,26.17745,41.09669,10.05205,99465,True,106.13187,3
20260508-002650,1778200482,2026-05-08 00:34:42+00:00,1778200482000,471,26.16731,41.07634,10.05203,99880,True,105.14328,3
20260508-002650,1778200494,2026-05-08 00:34:54+00:00,1778200494000,483,26.16985,41.06157,10.05218,99465,True,104.19893,3
20260508-002650,1778200506,2026-05-08 00:35:06+00:00,1778200506000,495,26.16477,41.09923,10.05203,99524,True,104.04819,3
20260508-002650,1778200518,2026-05-08 00:35:18+00:00,1778200518000,507,26.17238,41.05821,10.05225,99524,True,104.07107,3
20260508-002650,1778200530,2026-05-08 00:35:30+00:00,1778200530000,519,26.16224,41.01123,10.05195,99702,True,102.72582,3
20260508-002650,1778200542,2026-05-08 00:35:42+00:00,1778200542000,531,26.16224,40.96513,10.05198,100059,True,101.48215,3
20260508-002650,1778200554,2026-05-08 00:35:54+00:00,1778200554000,543,26.15463,41.06973,10.05177,101147,True,99.48433,3
20260508-002650,1778200566,2026-05-08 00:36:06+00:00,1778200566000,555,26.1597,41.00334,10.05194,100239,True,100.8797,3
20260508-002650,1778200578,2026-05-08 00:36:18+00:00,1778200578000,567,26.15717,40.98048,10.05203,99821,True,101.20627,3
20260508-002650,1778200590,2026-05-08 00:36:30+00:00,1778200590000,579,26.15717,41.02291,10.05211,100359,True,101.18053,3
20260508-002650,1778200602,2026-05-08 00:36:42+00:00,1778200602000,591,26.15717,41.04233,10.05206,100903,True,99.99288,3
20260508-002650,1778200614,2026-05-08 00:36:54+00:00,1778200614000,603,26.1521,41.13121,10.0521,100540,True,100.58797,3
20260508-002650,1778200626,2026-05-08 00:37:06+00:00,1778200626000,615,26.1521,41.10552,10.05194,99643,True,102.38525,3
20260508-002650,1778200638,2026-05-08 00:37:18+00:00,1778200638000,627,26.15717,41.16074,10.05197,100661,True,101.92676,3
20260508-002650,1778200650,2026-05-08 00:37:30+00:00,1778200650000,639,26.15463,41.20966,10.05207,100119,True,101.92064,3
20260508-002650,1778200662,2026-05-08 00:37:42+00:00,1778200662000,651,26.13942,41.21846,10.05169,100299,True,101.44722,3
20260508-002650,1778200674,2026-05-08 00:37:54+00:00,1778200674000,663,26.1521,41.18052,10.05205,99702,True,101.5645,3
20260508-002650,1778200686,2026-05-08 00:38:06+00:00,1778200686000,675,26.14702,41.19768,10.05216,100903,True,99.94594,3
20260508-002650,1778200698,2026-05-08 00:38:18+00:00,1778200698000,687,26.14449,41.14541,10.05198,100600,True,100.24001,3
20260508-002650,1778200710,2026-05-08 00:38:30+00:00,1778200710000,699,26.14195,41.14163,10.05199,101453,True,98.8868,3
20260508-002650,1778200722,2026-05-08 00:38:42+00:00,1778200722000,711,26.14195,41.11501,10.0522,101086,True,98.26559,3
20260508-002650,1778200734,2026-05-08 00:38:54+00:00,1778200734000,723,26.13435,41.12561,10.05218,101086,True,97.67336,3
20260508-002650,1778200746,2026-05-08 00:39:06+00:00,1778200746000,735,26.13435,41.13376,10.05215,101086,True,97.99077,3
20260508-002650,1778200758,2026-05-08 00:39:18+00:00,1778200758000,747,26.12674,41.12196,10.05185,99761,True,101.10733,3
20260508-002650,1778200770,2026-05-08 00:39:30+00:00,1778200770000,759,26.13435,41.12347,10.05195,99171,True,103.20989,3
20260508-002650,1778200782,2026-05-08 00:39:42+00:00,1778200782000,771,26.13181,41.13197,10.05186,99053,True,104.80006,3
20260508-002650,1778200794,2026-05-08 00:39:54+00:00,1778200794000,783,26.12674,41.13198,10.05199,99171,True,104.72383,3
20260508-002650,1778200806,2026-05-08 00:40:06+00:00,1778200806000,795,26.13181,41.13894,10.05188,100119,True,102.7173,3
20260508-002650,1778200818,2026-05-08 00:40:18+00:00,1778200818000,807,26.1242,41.1416,10.05188,100059,True,102.32251,3
20260508-002650,1778200830,2026-05-08 00:40:30+00:00,1778200830000,819,26.1242,41.14997,10.05199,100782,True,101.19391,3
20260508-002650,1778200842,2026-05-08 00:40:42+00:00,1778200842000,831,26.12167,41.13486,10.05196,102071,True,97.85127,3
20260508-002650,1778200854,2026-05-08 00:40:54+00:00,1778200854000,843,26.12674,41.14301,10.05199,101208,True,97.37698,3
20260508-002650,1778200866,2026-05-08 00:41:06+00:00,1778200866000,855,26.11913,41.16341,10.05199,99053,True,101.21916,3
20260508-002650,1778200878,2026-05-08 00:41:18+00:00,1778200878000,867,26.1166,41.19205,10.05179,98761,True,104.49333,3
20260508-002650,1778200890,2026-05-08 00:41:30+00:00,1778200890000,879,26.11406,41.17621,10.05188,98878,True,106.51909,3
20260508-002650,1778200902,2026-05-08 00:41:42+00:00,1778200902000,891,26.11406,41.18921,10.05189,99524,True,104.58116,3
20260508-002650,1778200914,2026-05-08 00:41:54+00:00,1778200914000,903,26.11913,41.1771,10.05176,100179,True,103.29913,3
20260508-002650,1778200926,2026-05-08 00:42:06+00:00,1778200926000,915,26.11406,41.19424,10.05182,99940,True,101.57759,3
20260508-002650,1778200938,2026-05-08 00:42:18+00:00,1778200938000,927,26.11913,41.23671,10.05199,101330,True,99.75464,3
20260508-002650,1778200950,2026-05-08 00:42:30+00:00,1778200950000,939,26.11913,41.24059,10.05182,100782,True,99.46643,3
20260508-002650,1778200962,2026-05-08 00:42:42+00:00,1778200962000,951,26.11153,41.29052,10.05178,100540,True,99.80721,3
20260508-002650,1778200974,2026-05-08 00:42:54+00:00,1778200974000,963,26.10899,41.30198,10.05174,99643,True,101.45887,3
20260508-002650,1778200986,2026-05-08 00:43:06+00:00,1778200986000,975,26.11153,41.3425,10.05189,98125,True,105.4692,3
20260508-002650,1778200998,2026-05-08 00:43:18+00:00,1778200998000,987,26.10899,41.34924,10.05181,97610,True,108.8093,3
20260508-002650,1778201010,2026-05-08 00:43:30+00:00,1778201010000,999,26.10645,41.342,10.05167,97610,True,109.02448,3
20260508-002650,1778201022,2026-05-08 00:43:42+00:00,1778201022000,1011,26.10899,41.32893,10.05155,98125,True,108.10486,3
20260508-002650,1778201034,2026-05-08 00:43:54+00:00,1778201034000,1023,26.10645,41.30628,10.05168,98820,True,106.86742,3
20260508-002650,1778201046,2026-05-08 00:44:06+00:00,1778201046000,1035,26.10139,41.28885,10.05162,99880,True,104.0897,3
20260508-002650,1778201058,2026-05-08 00:44:18+00:00,1778201058000,1047,26.09885,41.26947,10.05167,100540,True,101.05946,3
20260508-002650,1778201070,2026-05-08 00:44:30+00:00,1778201070000,1059,26.09885,41.25877,10.05158,101392,True,98.91669,3
20260508-002650,1778201082,2026-05-08 00:44:42+00:00,1778201082000,1071,26.10139,41.22465,10.05148,101823,True,96.13116,3
20260508-002650,1778201094,2026-05-08 00:44:54+00:00,1778201094000,1083,26.10139,41.22066,10.05157,102823,True,94.00157,3
20260508-002650,1778201106,2026-05-08 00:45:06+00:00,1778201106000,1095,26.10899,41.20347,10.05167,102571,True,92.94451,3
20260508-002650,1778201118,2026-05-08 00:45:18+00:00,1778201118000,1107,26.10392,41.22514,10.05148,103267,True,91.60263,3
20260508-002650,1778201130,2026-05-08 00:45:30+00:00,1778201130000,1119,26.10139,41.24066,10.0513,104101,True,89.99138,3
20260508-002650,1778201142,2026-05-08 00:45:42+00:00,1778201142000,1131,26.10645,41.25055,10.05153,103013,True,90.31598,3
20260508-002650,1778201154,2026-05-08 00:45:54+00:00,1778201154000,1143,26.10139,41.28276,10.05134,103972,True,89.75264,3
20260508-002650,1778201166,2026-05-08 00:46:06+00:00,1778201166000,1155,26.09885,41.27876,10.05154,103843,True,89.40895,3
20260508-002650,1778201178,2026-05-08 00:46:18+00:00,1778201178000,1167,26.10139,41.2975,10.05164,104037,True,88.45085,3
20260508-002650,1778201190,2026-05-08 00:46:30+00:00,1778201190000,1179,26.10139,41.2901,10.05153,104426,True,87.04356,3
20260508-002650,1778201202,2026-05-08 00:46:42+00:00,1778201202000,1191,26.09885,41.25604,10.05138,104426,True,87.09504,3
20260508-002650,1778201214,2026-05-08 00:46:54+00:00,1778201214000,1203,26.10392,41.28175,10.05145,104037,True,87.21849,3
20260508-002650,1778201226,2026-05-08 00:47:06+00:00,1778201226000,1215,26.10139,41.29417,10.05167,104622,True,85.65974,3
20260508-002650,1778201238,2026-05-08 00:47:18+00:00,1778201238000,1227,26.09885,41.27715,10.05121,105213,True,85.57898,3
20260508-002650,1778201250,2026-05-08 00:47:30+00:00,1778201250000,1239,26.10139,41.30256,10.05144,105015,True,84.88968,3
20260508-002650,1778201262,2026-05-08 00:47:42+00:00,1778201262000,1251,26.10139,41.32265,10.0515,105213,True,84.72195,3
20260508-002650,1778201274,2026-05-08 00:47:54+00:00,1778201274000,1263,26.09378,41.3268,10.05132,105147,True,84.66663,3
20260508-002650,1778201286,2026-05-08 00:48:06+00:00,1778201286000,1275,26.09378,41.36085,10.05139,105081,True,84.97248,3
20260508-002650,1778201298,2026-05-08 00:48:18+00:00,1778201298000,1287,26.09885,41.34787,10.05145,105213,True,84.58974,3
20260508-002650,1778201310,2026-05-08 00:48:30+00:00,1778201310000,1299,26.09378,41.40018,10.05153,104622,True,84.82957,3
20260508-002650,1778201322,2026-05-08 00:48:42+00:00,1778201322000,1311,26.08871,41.41969,10.05136,104491,True,84.29816,3
20260508-002650,1778201334,2026-05-08 00:48:54+00:00,1778201334000,1323,26.09378,41.45855,10.05143,105678,True,84.15436,3
20260508-002650,1778201346,2026-05-08 00:49:06+00:00,1778201346000,1335,26.09378,41.4715,10.05141,105945,True,83.11491,3
20260508-002650,1778201358,2026-05-08 00:49:18+00:00,1778201358000,1346,26.00757,42.04806,10.05134,95465,True,93.45343,3
20260508-002650,1778201370,2026-05-08 00:49:30+00:00,1778201370000,1358,26.07603,41.66172,10.0513,100842,True,100.81255,3
20260508-002650,1778201382,2026-05-08 00:49:42+00:00,1778201382000,1370,26.08617,41.61736,10.0516,102634,True,94.94813,3
20260508-002650,1778201394,2026-05-08 00:49:54+00:00,1778201394000,1382,26.08617,41.62786,10.0516,102196,True,94.1769,3
20260508-002650,1778201406,2026-05-08 00:50:06+00:00,1778201406000,1394,26.0811,41.63124,10.05147,102134,True,93.47421,3
20260508-002650,1778201418,2026-05-08 00:50:18+00:00,1778201418000,1406,26.08364,41.61343,10.0516,102634,True,92.44977,3
20260508-002650,1778201430,2026-05-08 00:50:30+00:00,1778201430000,1418,26.0811,41.62144,10.0517,102886,True,90.39889,3
20260508-002650,1778201442,2026-05-08 00:50:42+00:00,1778201442000,1430,26.0811,41.61406,10.05164,103843,True,88.09978,3
20260508-002650,1778201454,2026-05-08 00:50:54+00:00,1778201454000,1442,26.0811,41.64971,10.05178,103522,True,88.42314,3
20260508-002650,1778201466,2026-05-08 00:51:06+00:00,1778201466000,1454,26.08871,41.6568,10.05206,102571,True,90.50917,3
20260508-002650,1778201478,2026-05-08 00:51:18+00:00,1778201478000,1466,26.0811,41.65969,10.05168,102196,True,91.40352,3
20260508-002650,1778201490,2026-05-08 00:51:30+00:00,1778201490000,1478,26.07603,41.63583,10.05172,102950,True,90.22427,3
20260508-002650,1778201502,2026-05-08 00:51:42+00:00,1778201502000,1490,26.0811,41.61962,10.05182,103395,True,88.52264,3
20260508-002650,1778201514,2026-05-08 00:51:54+00:00,1778201514000,1502,26.08617,41.62113,10.05183,104884,True,85.30883,3
20260508-002650,1778201526,2026-05-08 00:52:06+00:00,1778201526000,1514,26.07856,41.67648,10.05178,104426,True,84.46808,3
20260508-002650,1778201538,2026-05-08 00:52:18+00:00,1778201538000,1526,26.07856,41.6792,10.05152,105147,True,83.5504,3
20260508-002650,1778201550,2026-05-08 00:52:30+00:00,1778201550000,1538,26.08364,41.66328,10.0516,105811,True,82.27357,3
20260508-002650,1778201562,2026-05-08 00:52:42+00:00,1778201562000,1550,26.09124,41.66171,10.05182,104687,True,83.18439,3
20260508-002650,1778201572,2026-05-08 00:52:52+00:00,1778201572000,1560,25.99996,42.1815,10.05144,95659,True,92.72362,3
20260508-002650,1778201585,2026-05-08 00:53:05+00:00,1778201585000,1573,26.11317,41.84949,10.05178,97838,True,97.21033,3
20260508-002650,1778201597,2026-05-08 00:53:17+00:00,1778201597000,1585,26.05321,41.94004,10.05165,95140,True,121.43132,3
20260508-002650,1778201609,2026-05-08 00:53:29+00:00,1778201609000,1597,26.06335,41.78737,10.0516,99524,True,108.56816,3
20260508-002650,1778201621,2026-05-08 00:53:41+00:00,1778201621000,1609,26.06842,41.7229,10.05146,102321,True,97.63052,3
20260508-002650,1778201633,2026-05-08 00:53:53+00:00,1778201633000,1621,26.06842,41.7518,10.0514,102571,True,91.65042,3
20260508-002650,1778201645,2026-05-08 00:54:05+00:00,1778201645000,1633,26.07349,41.74368,10.05156,104361,True,87.08513,3
20260508-002650,1778201657,2026-05-08 00:54:17+00:00,1778201657000,1645,26.07096,41.77077,10.05134,104687,True,85.09702,3
20260508-002650,1778201669,2026-05-08 00:54:29+00:00,1778201669000,1657,26.07603,41.7735,10.05151,104101,True,84.7638,3
20260508-002650,1778201681,2026-05-08 00:54:41+00:00,1778201681000,1669,26.07096,41.77934,10.05113,104818,True,83.68411,3
20260508-002650,1778201693,2026-05-08 00:54:53+00:00,1778201693000,1681,26.07856,41.77364,10.05137,104752,True,83.21675,3
20260508-002650,1778201705,2026-05-08 00:55:05+00:00,1778201705000,1693,26.07096,41.79598,10.05109,105811,True,81.55814,3
20260508-002650,1778201717,2026-05-08 00:55:17+00:00,1778201717000,1705,26.07096,41.80061,10.05115,104949,True,82.45357,3
20260508-002650,1778201729,2026-05-08 00:55:29+00:00,1778201729000,1717,26.07603,41.79165,10.05112,104884,True,82.57,3
20260508-002650,1778201741,2026-05-08 00:55:41+00:00,1778201741000,1729,26.07096,41.78682,10.05127,104752,True,83.00581,3
20260508-002650,1778201753,2026-05-08 00:55:53+00:00,1778201753000,1741,26.07603,41.80806,10.05109,105611,True,81.90669,3
20260508-002650,1778201765,2026-05-08 00:56:05+00:00,1778201765000,1753,26.07603,41.78143,10.0509,105744,True,81.68536,3
20260508-002650,1778201777,2026-05-08 00:56:17+00:00,1778201777000,1765,26.07096,41.82228,10.05073,105945,True,80.74438,3
20260508-002650,1778201789,2026-05-08 00:56:29+00:00,1778201789000,1777,26.07096,41.7734,10.05088,105478,True,81.08051,3
20260508-002650,1778201801,2026-05-08 00:56:41+00:00,1778201801000,1789,26.07603,41.75501,10.05065,105611,True,81.86288,3
20260508-002650,1778201813,2026-05-08 00:56:53+00:00,1778201813000,1801,26.07096,41.74326,10.05076,105545,True,81.42784,3
20260508-002650,1778201825,2026-05-08 00:57:05+00:00,1778201825000,1813,26.07096,41.73988,10.05073,106147,True,79.91978,3
20260508-002650,1778201837,2026-05-08 00:57:17+00:00,1778201837000,1825,26.07349,41.73008,10.05073,105678,True,80.73518,3
20260508-002650,1778201849,2026-05-08 00:57:29+00:00,1778201849000,1837,26.06589,41.76019,10.05056,106349,True,79.61472,3
20260508-002650,1778201861,2026-05-08 00:57:41+00:00,1778201861000,1849,26.06842,41.76501,10.0506,105811,True,80.04588,3
20260508-002650,1778201873,2026-05-08 00:57:53+00:00,1778201873000,1861,26.07096,41.75245,10.05051,106012,True,80.53432,3
20260508-002650,1778201885,2026-05-08 00:58:05+00:00,1778201885000,1873,26.07096,41.72252,10.05065,105945,True,80.5326,3
20260508-002650,1778201897,2026-05-08 00:58:17+00:00,1778201897000,1885,26.06842,41.74689,10.05032,105478,True,81.65514,3
20260508-002650,1778201909,2026-05-08 00:58:29+00:00,1778201909000,1897,26.06842,41.71809,10.0504,105945,True,81.96346,3
20260508-002650,1778201921,2026-05-08 00:58:41+00:00,1778201921000,1909,26.06842,41.7151,10.05023,105945,True,80.93793,3
20260508-002650,1778201933,2026-05-08 00:58:53+00:00,1778201933000,1922,26.04307,41.97374,10.05026,99643,True,93.17325,3
20260508-002650,1778201945,2026-05-08 00:59:05+00:00,1778201945000,1934,26.06842,41.79165,10.05035,102634,True,92.4856,3
20260508-002650,1778201957,2026-05-08 00:59:17+00:00,1778201957000,1946,26.06335,41.78902,10.05016,104231,True,88.58357,3
20260508-002650,1778201969,2026-05-08 00:59:29+00:00,1778201969000,1958,26.06082,41.84657,10.05002,104361,True,86.55551,3
20260508-002650,1778201981,2026-05-08 00:59:41+00:00,1778201981000,1970,26.12485,41.68188,10.05036,105147,True,85.24007,3
20260508-002650,1778201994,2026-05-08 00:59:54+00:00,1778201994000,1983,26.01175,42.4635,10.05005,89833,True,100.9362,3
20260508-002650,1778202006,2026-05-08 01:00:06+00:00,1778202006000,1995,26.03546,42.09992,10.05031,91802,True,133.58969,3
20260508-002650,1778202018,2026-05-08 01:00:18+00:00,1778202018000,2007,26.04307,41.89017,10.05007,96319,True,119.75002,3
20260508-002650,1778202030,2026-05-08 01:00:30+00:00,1778202030000,2019,26.05067,41.82146,10.0501,99583,True,107.10424,3
20260508-002650,1778202042,2026-05-08 01:00:42+00:00,1778202042000,2031,26.05828,41.82435,10.05001,101025,True,98.53616,3
20260508-002650,1778202054,2026-05-08 01:00:54+00:00,1778202054000,2043,26.05828,41.80416,10.05003,101947,True,94.74901,3
20260508-002650,1778202066,2026-05-08 01:01:06+00:00,1778202066000,2055,26.06082,41.79535,10.05014,102950,True,91.03679,3
20260508-002650,1778202078,2026-05-08 01:01:18+00:00,1778202078000,2067,26.05828,41.84019,10.05013,102950,True,89.07894,3
20260508-002650,1778202090,2026-05-08 01:01:30+00:00,1778202090000,2079,26.06335,41.84315,10.05009,102823,True,88.42342,3
20260508-002650,1778202102,2026-05-08 01:01:42+00:00,1778202102000,2091,26.06589,41.84996,10.05007,103267,True,87.34016,3
20260508-002650,1778202114,2026-05-08 01:01:54+00:00,1778202114000,2103,26.06082,41.83137,10.0499,104037,True,86.63983,3
20260508-002650,1778202126,2026-05-08 01:02:06+00:00,1778202126000,2115,26.06842,41.81143,10.04991,104296,True,85.95784,3
20260508-002650,1778202138,2026-05-08 01:02:18+00:00,1778202138000,2127,26.06082,41.8213,10.04984,104491,True,84.76083,3
20260508-002650,1778202150,2026-05-08 01:02:30+00:00,1778202150000,2139,26.06335,41.82413,10.04985,105279,True,83.5957,3
20260508-002650,1778202162,2026-05-08 01:02:42+00:00,1778202162000,2151,26.06589,41.79039,10.05007,104296,True,83.96884,3
20260508-002650,1778202174,2026-05-08 01:02:54+00:00,1778202174000,2163,26.06335,41.83115,10.04988,104426,True,83.91287,3
20260508-002650,1778202186,2026-05-08 01:03:06+00:00,1778202186000,2175,26.06589,41.8345,10.04992,104687,True,84.32102,3
20260508-002650,1778202198,2026-05-08 01:03:18+00:00,1778202198000,2187,26.06335,41.82226,10.04986,103522,True,85.51447,3
20260508-002650,1778202210,2026-05-08 01:03:30+00:00,1778202210000,2199,26.06589,41.77179,10.04982,104166,True,85.90158,3
20260508-002650,1778202222,2026-05-08 01:03:42+00:00,1778202222000,2211,26.06082,41.82572,10.04984,102886,True,88.03007,3
20260508-002650,1778202234,2026-05-08 01:03:54+00:00,1778202234000,2223,26.06335,41.84388,10.0499,104361,True,85.91016,3
20260508-002650,1778202246,2026-05-08 01:04:06+00:00,1778202246000,2235,26.07349,41.84271,10.0501,104166,True,85.67545,3
20260508-002650,1778202258,2026-05-08 01:04:18+00:00,1778202258000,2247,26.07096,41.84666,10.05008,103203,True,86.37536,3
20260508-002650,1778202270,2026-05-08 01:04:30+00:00,1778202270000,2259,26.06589,41.82634,10.04992,103140,True,87.15794,3
20260508-002650,1778202282,2026-05-08 01:04:42+00:00,1778202282000,2271,26.07349,41.81946,10.04998,102760,True,88.07378,3
20260508-002650,1778202294,2026-05-08 01:04:54+00:00,1778202294000,2283,26.06842,41.81856,10.04991,103013,True,89.078,3
20260508-002650,1778202305,2026-05-08 01:05:05+00:00,1778202305000,2294,25.97968,42.34371,10.0498,93965,True,98.42631,3
20260508-002650,1778202317,2026-05-08 01:05:17+00:00,1778202317000,2306,26.05574,41.88675,10.0499,98125,True,106.06199,3
20260508-002650,1778202329,2026-05-08 01:05:29+00:00,1778202329000,2318,26.06082,41.80996,10.05018,101700,True,98.95208,3
20260508-002650,1778202341,2026-05-08 01:05:41+00:00,1778202341000,2330,26.06082,41.78526,10.04998,101269,True,95.74065,3
20260508-002650,1778202353,2026-05-08 01:05:53+00:00,1778202353000,2342,26.06335,41.80898,10.0502,101576,True,94.1969,3
20260508-002650,1778202365,2026-05-08 01:06:05+00:00,1778202365000,2354,26.06589,41.82061,10.05017,102258,True,92.78984,3
20260508-002650,1778202377,2026-05-08 01:06:17+00:00,1778202377000,2366,26.06589,41.81104,10.05017,101885,True,92.00008,3
20260508-002650,1778202389,2026-05-08 01:06:29+00:00,1778202389000,2378,26.07349,41.80991,10.05017,102071,True,92.30583,3
20260508-002650,1778202401,2026-05-08 01:06:41+00:00,1778202401000,2390,26.06842,41.83274,10.05037,101947,True,92.41963,3
20260508-002650,1778202413,2026-05-08 01:06:53+00:00,1778202413000,2402,26.06842,41.89914,10.05003,101700,True,93.28371,3
20260508-002650,1778202425,2026-05-08 01:07:05+00:00,1778202425000,2414,26.06842,41.94851,10.05007,102950,True,91.22292,3
20260508-002650,1778202437,2026-05-08 01:07:17+00:00,1778202437000,2426,26.06589,41.95807,10.05003,102886,True,90.5918,3
20260508-002650,1778202449,2026-05-08 01:07:29+00:00,1778202449000,2438,26.06842,41.90317,10.05012,103203,True,88.82976,3
20260508-002650,1778202461,2026-05-08 01:07:41+00:00,1778202461000,2450,26.06842,41.95197,10.05009,104037,True,87.66953,3
20260508-002650,1778202473,2026-05-08 01:07:53+00:00,1778202473000,2462,26.06842,41.92117,10.05,103650,True,86.18512,3
20260508-002650,1778202485,2026-05-08 01:08:05+00:00,1778202485000,2474,26.07349,41.86159,10.05024,104556,True,84.99918,3
20260508-002650,1778202495,2026-05-08 01:08:15+00:00,1778202495000,2484,26.11481,41.76673,10.04997,104818,True,84.30594,3
20260508-002650,1778202507,2026-05-08 01:08:27+00:00,1778202507000,2496,26.04814,42.00272,10.05002,96876,True,107.35704,3
20260508-002650,1778202519,2026-05-08 01:08:39+00:00,1778202519000,2508,26.06082,41.9117,10.04983,100782,True,100.47377,3
20260508-002650,1778202531,2026-05-08 01:08:51+00:00,1778202531000,2520,26.06082,41.89605,10.04986,101761,True,93.88579,3
20260508-002650,1778202543,2026-05-08 01:09:03+00:00,1778202543000,2532,26.07096,41.87053,10.04992,103650,True,89.19056,3
20260508-002650,1778202555,2026-05-08 01:09:15+00:00,1778202555000,2544,26.06335,41.8928,10.0499,104101,True,85.83151,3
20260508-002650,1778202567,2026-05-08 01:09:27+00:00,1778202567000,2556,26.06589,41.81418,10.04996,104884,True,83.70207,3
20260508-002650,1778202579,2026-05-08 01:09:39+00:00,1778202579000,2568,26.06589,41.78424,10.04987,104491,True,83.41233,3
20260508-002650,1778202591,2026-05-08 01:09:51+00:00,1778202591000,2580,26.06589,41.89686,10.04975,104101,True,84.85309,3
20260508-002650,1778202603,2026-05-08 01:10:03+00:00,1778202603000,2592,26.07603,41.94896,10.04991,104818,True,83.83005,3
20260508-002650,1778202616,2026-05-08 01:10:16+00:00,1778202616000,2604,26.06842,41.95734,10.04976,105213,True,82.6093,3
20260508-002650,1778202628,2026-05-08 01:10:28+00:00,1778202628000,2616,26.07349,41.9623,10.04955,105081,True,81.94435,3
20260508-002650,1778202640,2026-05-08 01:10:40+00:00,1778202640000,2628,26.0811,41.95579,10.0498,106214,True,80.21239,3
20260508-002650,1778202652,2026-05-08 01:10:52+00:00,1778202652000,2640,26.07856,41.97367,10.04967,105213,True,79.98636,3
20260508-002650,1778202664,2026-05-08 01:11:04+00:00,1778202664000,2652,26.07603,41.97358,10.04979,106755,True,78.54501,3
20260508-002650,1778202676,2026-05-08 01:11:16+00:00,1778202676000,2664,26.07856,41.98808,10.04953,105213,True,79.19783,3
20260508-002650,1778202688,2026-05-08 01:11:28+00:00,1778202688000,2676,26.07603,41.98928,10.04956,105945,True,78.97986,3
20260508-002650,1778202700,2026-05-08 01:11:40+00:00,1778202700000,2688,26.07856,41.93562,10.04941,105878,True,78.50314,3
20260508-002650,1778202712,2026-05-08 01:11:52+00:00,1778202712000,2700,26.07856,41.93414,10.04927,105279,True,79.76986,3
20260508-002650,1778202724,2026-05-08 01:12:04+00:00,1778202724000,2712,26.0811,41.92086,10.04957,104037,True,83.36317,3
20260508-002650,1778202736,2026-05-08 01:12:16+00:00,1778202736000,2724,26.07856,41.96724,10.04948,104556,True,84.0394,3
20260508-002650,1778202748,2026-05-08 01:12:28+00:00,1778202748000,2736,26.07603,41.97302,10.04949,104296,True,84.20304,3
20260508-002650,1778202760,2026-05-08 01:12:40+00:00,1778202760000,2748,26.07856,41.96306,10.04937,103908,True,84.96071,3
20260508-002650,1778202772,2026-05-08 01:12:52+00:00,1778202772000,2760,26.07603,41.94125,10.04949,103458,True,86.32755,3
20260508-002650,1778202784,2026-05-08 01:13:04+00:00,1778202784000,2772,26.07856,41.94347,10.04909,104361,True,85.00209,3
20260508-002650,1778202796,2026-05-08 01:13:16+00:00,1778202796000,2784,26.07603,41.90577,10.04937,104622,True,83.31572,3
20260508-002650,1778202808,2026-05-08 01:13:28+00:00,1778202808000,2796,26.07856,41.86482,10.04946,104752,True,82.88506,3
20260508-002650,1778202820,2026-05-08 01:13:40+00:00,1778202820000,2808,26.07856,41.83452,10.04927,105147,True,82.179,3
20260508-002650,1778202832,2026-05-08 01:13:52+00:00,1778202832000,2820,26.08364,41.83405,10.04937,104296,True,83.6954,3
20260508-002650,1778202844,2026-05-08 01:14:04+00:00,1778202844000,2832,26.0811,41.84911,10.04938,103972,True,84.99353,3
20260508-002650,1778202856,2026-05-08 01:14:16+00:00,1778202856000,2844,26.08617,41.86224,10.04895,102571,True,87.42435,3
20260508-002650,1778202868,2026-05-08 01:14:28+00:00,1778202868000,2856,26.07856,41.91922,10.04899,103013,True,88.4549,3
20260508-002650,1778202883,2026-05-08 01:14:43+00:00,1778202883000,2872,26.13788,41.7845,10.04901,102634,True,88.88058,3
20260508-002650,1778202895,2026-05-08 01:14:55+00:00,1778202895000,2884,26.05067,42.20171,10.04914,94283,True,120.44401,3
20260508-002650,1778202907,2026-05-08 01:15:07+00:00,1778202907000,2896,26.07096,41.99773,10.04904,97781,True,111.50267,3
20260508-002650,1778202919,2026-05-08 01:15:19+00:00,1778202919000,2908,26.06842,41.98934,10.04905,100540,True,101.4203,3
20260508-002650,1778202931,2026-05-08 01:15:31+00:00,1778202931000,2920,26.06589,42.08939,10.04892,101885,True,95.38025,3
20260508-002650,1778202943,2026-05-08 01:15:43+00:00,1778202943000,2932,26.07349,42.06852,10.04885,102071,True,93.08546,3
20260508-002650,1778202955,2026-05-08 01:15:55+00:00,1778202955000,2944,26.07096,42.00711,10.04886,102697,True,90.68037,3
20260508-002650,1778202967,2026-05-08 01:16:07+00:00,1778202967000,2956,26.07856,41.89548,10.04904,102823,True,88.87558,3
20260508-002650,1778202979,2026-05-08 01:16:19+00:00,1778202979000,2968,26.07856,41.86008,10.04855,103267,True,88.28302,3
20260508-002650,1778202991,2026-05-08 01:16:31+00:00,1778202991000,2980,26.06842,41.8218,10.04837,102446,True,88.57567,3
20260508-002650,1778203003,2026-05-08 01:16:43+00:00,1778203003000,2992,26.07603,41.76153,10.04852,103076,True,88.31587,3
20260508-002650,1778203015,2026-05-08 01:16:55+00:00,1778203015000,3004,26.07349,41.78124,10.04859,102321,True,89.72299,3
20260508-002650,1778203027,2026-05-08 01:17:07+00:00,1778203027000,3016,26.07856,41.76976,10.04851,102321,True,91.09492,3
20260508-002650,1778203040,2026-05-08 01:17:20+00:00,1778203040000,3028,26.04814,42.07155,10.04844,96043,True,103.2433,3
20260508-002650,1778203051,2026-05-08 01:17:31+00:00,1778203051000,3040,25.97714,42.42727,10.0486,90513,True,113.5769,3
20260508-002650,1778203063,2026-05-08 01:17:43+00:00,1778203063000,3052,26.05321,41.93408,10.04832,97214,True,112.81052,3
20260508-002650,1778203075,2026-05-08 01:17:55+00:00,1778203075000,3064,26.06335,41.81425,10.0485,100239,True,103.29228,3
20260508-002650,1778203087,2026-05-08 01:18:07+00:00,1778203087000,3076,26.06842,41.76106,10.04826,100419,True,98.94719,3
20260508-002650,1778203099,2026-05-08 01:18:19+00:00,1778203099000,3088,26.07349,41.77441,10.04854,100842,True,96.53488,3
20260508-002650,1778203111,2026-05-08 01:18:31+00:00,1778203111000,3100,26.07349,41.76428,10.04831,102196,True,93.22572,3
20260508-002650,1778203123,2026-05-08 01:18:43+00:00,1778203123000,3112,26.07856,41.73399,10.04841,102950,True,89.82851,3
20260508-002650,1778203135,2026-05-08 01:18:55+00:00,1778203135000,3124,26.0811,41.68297,10.04842,103458,True,88.35181,3
20260508-002650,1778203147,2026-05-08 01:19:07+00:00,1778203147000,3136,26.07856,41.63615,10.0483,103267,True,88.15714,3
20260508-002650,1778203159,2026-05-08 01:19:19+00:00,1778203159000,3148,26.07856,41.69292,10.04825,104296,True,86.13629,3
20260508-002650,1778203171,2026-05-08 01:19:31+00:00,1778203171000,3160,26.08364,41.74451,10.04823,104426,True,84.9283,3
20260508-002650,1778203183,2026-05-08 01:19:43+00:00,1778203183000,3172,26.07603,41.77519,10.0481,104884,True,84.09537,3
20260508-002650,1778203195,2026-05-08 01:19:55+00:00,1778203195000,3184,26.0811,41.72596,10.04799,104491,True,84.07783,3
20260508-002650,1778203207,2026-05-08 01:20:07+00:00,1778203207000,3196,26.08871,41.67336,10.04811,104037,True,84.47212,3
20260508-002650,1778203219,2026-05-08 01:20:19+00:00,1778203219000,3208,26.08364,41.60426,10.04788,104166,True,85.70145,3
20260508-002650,1778203231,2026-05-08 01:20:31+00:00,1778203231000,3220,26.0811,41.60981,10.04784,104752,True,85.34358,3
20260508-002650,1778203244,2026-05-08 01:20:44+00:00,1778203244000,3233,26.13853,41.4641,10.04786,104491,True,85.16502,3
20260508-002650,1778203257,2026-05-08 01:20:57+00:00,1778203257000,3245,26.03292,42.11694,10.04757,90513,True,122.92457,3
20260508-002650,1778203269,2026-05-08 01:21:09+00:00,1778203269000,3257,26.06082,41.85812,10.04751,97270,True,115.55141,3
20260508-002650,1778203281,2026-05-08 01:21:21+00:00,1778203281000,3269,26.07603,41.82208,10.04786,100842,True,102.41002,3
20260508-002650,1778203293,2026-05-08 01:21:33+00:00,1778203293000,3281,26.07096,41.86196,10.04762,102383,True,93.99902,3
20260508-002650,1778203305,2026-05-08 01:21:45+00:00,1778203305000,3293,26.07603,41.8734,10.0476,103522,True,89.02304,3
20260508-002650,1778203317,2026-05-08 01:21:57+00:00,1778203317000,3305,26.0811,41.86018,10.04748,104231,True,85.92303,3
20260508-002650,1778203329,2026-05-08 01:22:09+00:00,1778203329000,3317,26.08364,41.80081,10.04738,104556,True,84.49809,3
20260508-002650,1778203341,2026-05-08 01:22:21+00:00,1778203341000,3329,26.07856,41.80345,10.04772,104037,True,85.25375,3
20260508-002650,1778203353,2026-05-08 01:22:33+00:00,1778203353000,3341,26.08617,41.76587,10.04778,102823,True,87.36973,3
20260508-002650,1778203365,2026-05-08 01:22:45+00:00,1778203365000,3353,26.08617,41.77898,10.04779,103972,True,87.40124,3
20260508-002650,1778203375,2026-05-08 01:22:55+00:00,1778203375000,3363,26.01771,42.19341,10.04783,95683,True,95.96098,3
20260508-002650,1778203386,2026-05-08 01:23:06+00:00,1778203386000,3374,25.98728,42.40459,10.0478,88974,True,113.01563,3
20260508-002650,1778203398,2026-05-08 01:23:18+00:00,1778203398000,3386,26.07349,41.89175,10.04778,95714,True,117.14415,3
20260508-002650,1778203410,2026-05-08 01:23:30+00:00,1778203410000,3398,26.07349,41.82727,10.04754,99229,True,107.2453,3
20260508-002650,1778203422,2026-05-08 01:23:42+00:00,1778203422000,3410,26.07603,41.85522,10.04754,101576,True,98.95039,3
20260508-002650,1778203434,2026-05-08 01:23:54+00:00,1778203434000,3422,26.0811,41.84604,10.04757,102697,True,92.57379,3
20260508-002650,1778203444,2026-05-08 01:24:04+00:00,1778203444000,3433,26.13524,41.74377,10.0476,102634,True,91.77817,3
20260508-002650,1778203456,2026-05-08 01:24:16+00:00,1778203456000,3445,26.05828,42.07412,10.04747,96653,True,111.0433,3
20260508-002650,1778203468,2026-05-08 01:24:28+00:00,1778203468000,3457,26.07603,41.94126,10.04751,100842,True,101.9416,3
20260508-002650,1778203480,2026-05-08 01:24:40+00:00,1778203480000,3469,26.07856,41.86348,10.04725,102134,True,95.32564,3
20260508-002650,1778203492,2026-05-08 01:24:52+00:00,1778203492000,3481,26.08364,41.79399,10.047,102446,True,92.211,3
20260508-002650,1778203504,2026-05-08 01:25:04+00:00,1778203504000,3493,26.08364,41.80928,10.04695,102760,True,89.61053,3
20260508-002650,1778203516,2026-05-08 01:25:16+00:00,1778203516000,3505,26.07856,41.85881,10.047,103715,True,87.29323,3
20260508-002650,1778203528,2026-05-08 01:25:28+00:00,1778203528000,3517,26.08617,41.84341,10.04723,104818,True,84.12917,3
20260508-002650,1778203540,2026-05-08 01:25:40+00:00,1778203540000,3529,26.08617,41.83466,10.04723,105015,True,82.85042,3
20260508-002650,1778203552,2026-05-08 01:25:52+00:00,1778203552000,3541,26.08364,41.80493,10.04705,104949,True,82.44098,3
20260508-002650,1778203564,2026-05-08 01:26:04+00:00,1778203564000,3553,26.08871,41.78923,10.04701,105081,True,82.59405,3
20260508-002650,1778203576,2026-05-08 01:26:16+00:00,1778203576000,3565,26.08617,41.75504,10.04674,105279,True,81.81708,3
20260508-002650,1778203588,2026-05-08 01:26:28+00:00,1778203588000,3577,26.08617,41.72918,10.04683,105412,True,81.17581,3
20260508-002650,1778203600,2026-05-08 01:26:40+00:00,1778203600000,3589,26.08617,41.68293,10.04681,105081,True,81.77699,3
20260508-002650,1778203612,2026-05-08 01:26:52+00:00,1778203612000,3601,26.08364,41.70859,10.04672,104687,True,82.67734,3
20260508-002650,1778203624,2026-05-08 01:27:04+00:00,1778203624000,3613,26.08871,41.74084,10.04692,104556,True,83.50403,3
20260508-002650,1778203640,2026-05-08 01:27:20+00:00,1778203640000,3629,26.14565,41.63044,10.04671,104231,True,83.99512,3
20260508-002650,1778203652,2026-05-08 01:27:32+00:00,1778203652000,3641,26.06335,42.05616,10.04676,95140,True,117.9828,3
20260508-002650,1778203664,2026-05-08 01:27:44+00:00,1778203664000,3653,26.07349,41.88214,10.04664,99524,True,108.12234,3
20260508-002650,1778203676,2026-05-08 01:27:56+00:00,1778203676000,3665,26.08364,41.81748,10.04677,102071,True,96.98421,3
20260508-002650,1778203688,2026-05-08 01:28:08+00:00,1778203688000,3677,26.0811,41.78557,10.04675,103522,True,91.06353,3
20260508-002650,1778203700,2026-05-08 01:28:20+00:00,1778203700000,3689,26.08617,41.70796,10.04665,103779,True,87.81526,3
20260508-002650,1778203712,2026-05-08 01:28:32+00:00,1778203712000,3701,26.13775,41.5631,10.04666,103458,True,87.71091,3
20260508-002650,1778203724,2026-05-08 01:28:44+00:00,1778203724000,3713,26.06589,41.90463,10.04668,96153,True,111.80519,3
20260508-002650,1778203736,2026-05-08 01:28:56+00:00,1778203736000,3725,26.07349,41.76567,10.04652,100661,True,102.30182,3
20260508-002650,1778203748,2026-05-08 01:29:08+00:00,1778203748000,3737,26.0811,41.7225,10.04647,102760,True,94.28819,3
20260508-002650,1778203760,2026-05-08 01:29:20+00:00,1778203760000,3749,26.07856,41.73928,10.04644,103076,True,89.16611,3
20260508-002650,1778203772,2026-05-08 01:29:32+00:00,1778203772000,3761,26.08617,41.73294,10.04644,104622,True,85.73419,3
20260508-002650,1778203784,2026-05-08 01:29:44+00:00,1778203784000,3773,26.09124,41.76291,10.04663,105081,True,83.3149,3
20260508-002650,1778203796,2026-05-08 01:29:56+00:00,1778203796000,3785,26.08871,41.73129,10.04645,105744,True,82.05237,3
20260508-002650,1778203808,2026-05-08 01:30:08+00:00,1778203808000,3797,26.09631,41.74693,10.04669,105345,True,81.19479,3
20260508-002650,1778203820,2026-05-08 01:30:20+00:00,1778203820000,3808,25.99996,42.33864,10.0463,94686,True,92.51674,3
20260508-002650,1778203832,2026-05-08 01:30:32+00:00,1778203832000,3820,26.07856,41.89414,10.04641,101330,True,97.63368,3
20260508-002650,1778203844,2026-05-08 01:30:44+00:00,1778203844000,3832,26.08364,41.84741,10.04645,103458,True,90.99854,3
20260508-002650,1778203856,2026-05-08 01:30:56+00:00,1778203856000,3844,26.08871,41.82767,10.04631,103972,True,86.5439,3
20260508-002650,1778203868,2026-05-08 01:31:08+00:00,1778203868000,3856,26.09378,41.83657,10.04648,105213,True,83.17651,3
20260508-002650,1778203880,2026-05-08 01:31:20+00:00,1778203880000,3868,26.09378,41.81929,10.04634,105345,True,82.31653,3
20260508-002650,1778203892,2026-05-08 01:31:32+00:00,1778203892000,3880,26.09378,41.85207,10.04637,105279,True,81.02275,3
20260508-002650,1778203904,2026-05-08 01:31:44+00:00,1778203904000,3892,26.09631,41.83092,10.04652,105412,True,80.10644,3
20260508-002650,1778203916,2026-05-08 01:31:56+00:00,1778203916000,3904,26.09885,41.79117,10.04647,105015,True,80.33311,3
20260508-002650,1778203928,2026-05-08 01:32:08+00:00,1778203928000,3916,26.09885,41.77009,10.04631,105279,True,80.64394,3
20260508-002650,1778203940,2026-05-08 01:32:20+00:00,1778203940000,3928,26.09885,41.7778,10.04617,105279,True,81.11728,3
20260508-002650,1778203952,2026-05-08 01:32:32+00:00,1778203952000,3940,26.09885,41.7658,10.04649,105147,True,81.10643,3
20260508-002650,1778203964,2026-05-08 01:32:44+00:00,1778203964000,3952,26.10392,41.76778,10.04624,105678,True,79.97041,3
20260508-002650,1778203976,2026-05-08 01:32:56+00:00,1778203976000,3964,26.10392,41.79375,10.04645,106012,True,78.82374,3
20260508-002650,1778203988,2026-05-08 01:33:08+00:00,1778203988000,3976,26.10139,41.77798,10.04618,106281,True,78.58234,3
20260508-002650,1778204000,2026-05-08 01:33:20+00:00,1778204000000,3988,26.10392,41.7986,10.04611,106416,True,78.17487,3
20260508-002650,1778204013,2026-05-08 01:33:33+00:00,1778204013000,4001,26.07603,42.05056,10.04619,99702,True,91.56804,3
20260508-002650,1778204025,2026-05-08 01:33:45+00:00,1778204025000,4013,26.09885,41.82989,10.04621,102886,True,91.41329,3
20260508-002650,1778204037,2026-05-08 01:33:57+00:00,1778204037000,4025,26.10139,41.80214,10.04632,104884,True,85.34158,3
20260508-002650,1778204049,2026-05-08 01:34:09+00:00,1778204049000,4037,26.09885,41.81078,10.04601,105545,True,82.00809,3
20260508-002650,1778204061,2026-05-08 01:34:21+00:00,1778204061000,4049,26.11153,41.80988,10.04631,106012,True,80.7083,3
20260508-002650,1778204073,2026-05-08 01:34:33+00:00,1778204073000,4061,26.10899,41.81706,10.04626,106349,True,79.1551,3
20260508-002650,1778204085,2026-05-08 01:34:45+00:00,1778204085000,4073,26.10392,41.83835,10.04609,105945,True,78.6696,3
20260508-002650,1778204097,2026-05-08 01:34:57+00:00,1778204097000,4085,26.10645,41.84592,10.04614,105744,True,78.83759,3
20260508-002650,1778204109,2026-05-08 01:35:09+00:00,1778204109000,4097,26.10899,41.84044,10.04618,106079,True,78.29561,3
20260508-002650,1778204120,2026-05-08 01:35:20+00:00,1778204120000,4108,26.02785,42.37539,10.04599,95878,True,88.98981,3
20260508-002650,1778204132,2026-05-08 01:35:32+00:00,1778204132000,4120,26.09631,41.94826,10.04602,102760,True,92.62163,3
20260508-002650,1778204144,2026-05-08 01:35:44+00:00,1778204144000,4132,26.10392,41.89327,10.04602,104231,True,86.97038,3
20260508-002650,1778204156,2026-05-08 01:35:56+00:00,1778204156000,4144,26.07856,42.1282,10.04616,99053,True,95.21391,3
20260508-002650,1778204166,2026-05-08 01:36:06+00:00,1778204166000,4154,26.02785,42.36114,10.04608,94817,True,101.69945,3
20260508-002650,1778204178,2026-05-08 01:36:18+00:00,1778204178000,4166,26.09124,41.97877,10.04594,100600,True,100.78137,3
20260508-002650,1778204190,2026-05-08 01:36:30+00:00,1778204190000,4178,26.09885,41.90488,10.04615,103972,True,90.89087,3
20260508-002650,1778204202,2026-05-08 01:36:42+00:00,1778204202000,4190,26.09885,41.92025,10.04621,104426,True,85.20679,3
20260508-002650,1778204214,2026-05-08 01:36:54+00:00,1778204214000,4202,26.10392,41.89504,10.04588,105412,True,81.92891,3
20260508-002650,1778204226,2026-05-08 01:37:06+00:00,1778204226000,4214,26.10392,41.90609,10.04602,105744,True,80.76363,3
20260508-002650,1778204238,2026-05-08 01:37:18+00:00,1778204238000,4226,26.10899,41.89042,10.04604,105545,True,79.57655,3
20260508-002650,1778204250,2026-05-08 01:37:30+00:00,1778204250000,4238,26.11153,41.90668,10.04622,106079,True,78.17091,3
20260508-002650,1778204262,2026-05-08 01:37:42+00:00,1778204262000,4250,26.11153,41.92615,10.0462,105744,True,77.76941,3
20260508-002650,1778204274,2026-05-08 01:37:54+00:00,1778204274000,4262,26.1166,41.92189,10.04616,106552,True,76.87046,3
20260508-002650,1778204286,2026-05-08 01:38:06+00:00,1778204286000,4274,26.11406,41.93984,10.04605,106552,True,76.54674,3
20260508-002650,1778204298,2026-05-08 01:38:18+00:00,1778204298000,4286,26.11406,41.9031,10.04617,106755,True,76.04066,3
20260508-002650,1778204310,2026-05-08 01:38:30+00:00,1778204310000,4298,26.11913,41.89346,10.04609,106484,True,76.10898,3
20260508-002650,1778204322,2026-05-08 01:38:42+00:00,1778204322000,4310,26.1166,41.89123,10.04605,105545,True,78.02486,3
20260508-002650,1778204334,2026-05-08 01:38:54+00:00,1778204334000,4322,26.11406,41.9225,10.04607,103843,True,82.50482,3
20260508-002650,1778204346,2026-05-08 01:39:06+00:00,1778204346000,4334,26.1242,41.94146,10.04617,102760,True,86.45631,3
20260508-002650,1778204358,2026-05-08 01:39:18+00:00,1778204358000,4346,26.12167,41.92368,10.0465,103076,True,87.76103,3
20260508-002650,1778204370,2026-05-08 01:39:30+00:00,1778204370000,4358,26.11153,41.93969,10.04592,103395,True,86.3846,3
20260508-002650,1778204382,2026-05-08 01:39:42+00:00,1778204382000,4370,26.11913,41.92645,10.04583,104101,True,84.41896,3
20260508-002650,1778204395,2026-05-08 01:39:55+00:00,1778204395000,4383,26.09124,42.15778,10.04598,99643,True,93.82169,3
20260508-002650,1778204407,2026-05-08 01:40:07+00:00,1778204407000,4395,26.11153,41.96762,10.04597,102950,True,90.48845,3
20260508-002650,1778204419,2026-05-08 01:40:19+00:00,1778204419000,4407,26.1166,41.92965,10.04574,104622,True,85.1712,3
20260508-002650,1778204431,2026-05-08 01:40:31+00:00,1778204431000,4419,26.11913,41.92453,10.04595,105015,True,81.78459,3
20260508-002650,1778204443,2026-05-08 01:40:43+00:00,1778204443000,4431,26.11913,41.93659,10.04611,105678,True,79.66898,3
20260508-002650,1778204455,2026-05-08 01:40:55+00:00,1778204455000,4443,26.11913,41.95052,10.04595,105015,True,79.59982,3
20260508-002650,1778204467,2026-05-08 01:41:07+00:00,1778204467000,4455,26.12674,41.94886,10.04599,105412,True,79.69711,3
20260508-002650,1778204479,2026-05-08 01:41:19+00:00,1778204479000,4467,26.12167,41.95516,10.04596,105811,True,78.1367,3
20260508-002650,1778204491,2026-05-08 01:41:31+00:00,1778204491000,4479,26.12674,41.94804,10.04587,105015,True,79.10914,3
20260508-002650,1778204503,2026-05-08 01:41:43+00:00,1778204503000,4491,26.1242,41.94934,10.04596,106147,True,77.70013,3
20260508-002650,1778204515,2026-05-08 01:41:55+00:00,1778204515000,4503,26.11913,41.96961,10.04571,105811,True,77.60881,3
20260508-002650,1778204527,2026-05-08 01:42:07+00:00,1778204527000,4515,26.12927,41.94175,10.04599,105611,True,77.39165,3
20260508-002650,1778204539,2026-05-08 01:42:19+00:00,1778204539000,4527,26.12674,41.99206,10.04597,106416,True,76.29825,3
20260508-002650,1778204551,2026-05-08 01:42:31+00:00,1778204551000,4539,26.12927,41.96877,10.04599,106416,True,76.81668,3
20260508-002650,1778204563,2026-05-08 01:42:43+00:00,1778204563000,4551,26.1242,41.9922,10.04591,106619,True,76.64404,3
20260508-002650,1778204575,2026-05-08 01:42:55+00:00,1778204575000,4563,26.03799,42.58739,10.04595,94924,True,89.07638,3
20260508-002650,1778204587,2026-05-08 01:43:07+00:00,1778204587000,4575,26.11153,42.09723,10.0459,101453,True,96.15829,3
20260508-002650,1778204599,2026-05-08 01:43:19+00:00,1778204599000,4587,26.12167,42.01034,10.04603,103779,True,88.61314,3
20260508-002650,1778204611,2026-05-08 01:43:31+00:00,1778204611000,4599,26.12167,42.01632,10.04582,105015,True,83.94951,3
20260508-002650,1778204623,2026-05-08 01:43:43+00:00,1778204623000,4611,26.1242,42.06241,10.04598,104884,True,82.30861,3
20260508-002650,1778204635,2026-05-08 01:43:55+00:00,1778204635000,4623,26.12167,42.08271,10.04582,104752,True,80.78133,3
20260508-002650,1778204647,2026-05-08 01:44:07+00:00,1778204647000,4635,26.1242,42.09634,10.04589,104556,True,81.16407,3
20260508-002650,1778204659,2026-05-08 01:44:19+00:00,1778204659000,4647,26.12674,42.07031,10.04602,104361,True,81.60472,3
20260508-002650,1778204671,2026-05-08 01:44:31+00:00,1778204671000,4659,26.12927,42.09071,10.04601,105147,True,80.70406,3
20260508-002650,1778204683,2026-05-08 01:44:43+00:00,1778204683000,4671,26.12674,42.08934,10.04592,105545,True,79.74454,3
20260508-002650,1778204695,2026-05-08 01:44:55+00:00,1778204695000,4683,26.13181,42.09277,10.04593,105147,True,79.28664,3
20260508-002650,1778204707,2026-05-08 01:45:07+00:00,1778204707000,4695,26.13181,42.11353,10.04574,105279,True,79.18446,3
20260508-002650,1778204719,2026-05-08 01:45:19+00:00,1778204719000,4707,26.12927,42.15315,10.04583,105678,True,78.56671,3
20260508-002650,1778204731,2026-05-08 01:45:31+00:00,1778204731000,4719,26.12927,42.18487,10.04557,104622,True,80.7304,3
20260508-002650,1778204743,2026-05-08 01:45:43+00:00,1778204743000,4731,26.13688,42.15427,10.04591,104884,True,80.68198,3
20260508-002650,1778204755,2026-05-08 01:45:55+00:00,1778204755000,4743,26.13688,42.16861,10.04575,104949,True,79.83428,3
20260508-002650,1778204767,2026-05-08 01:46:07+00:00,1778204767000,4755,26.13181,42.208,10.04574,105412,True,79.08588,3
20260508-002650,1778204779,2026-05-08 01:46:19+00:00,1778204779000,4767,26.13181,42.21547,10.04567,104752,True,79.34435,3
20260508-002650,1778204791,2026-05-08 01:46:31+00:00,1778204791000,4779,26.13435,42.23516,10.04579,104884,True,79.25518,3
20260508-002650,1778204803,2026-05-08 01:46:43+00:00,1778204803000,4791,26.13942,42.25711,10.04582,103908,True,81.39923,3
20260508-002650,1778204815,2026-05-08 01:46:55+00:00,1778204815000,4803,26.13942,42.25801,10.04579,103843,True,83.42598,3
20260508-002650,1778204827,2026-05-08 01:47:07+00:00,1778204827000,4815,26.13942,42.25164,10.04582,103715,True,85.08827,3
20260508-002650,1778204839,2026-05-08 01:47:19+00:00,1778204839000,4827,26.13688,42.26309,10.04576,103586,True,84.62923,3
20260508-002650,1778204851,2026-05-08 01:47:31+00:00,1778204851000,4839,26.13181,42.29034,10.0457,103779,True,84.95787,3
20260508-002650,1778204863,2026-05-08 01:47:43+00:00,1778204863000,4851,26.14702,42.22998,10.04596,103972,True,83.40294,3
20260508-002650,1778204875,2026-05-08 01:47:55+00:00,1778204875000,4863,26.14195,42.24763,10.04571,104556,True,82.45393,3
20260508-002650,1778204887,2026-05-08 01:48:07+00:00,1778204887000,4875,26.14702,42.23536,10.04587,104361,True,80.9229,3
20260508-002650,1778204899,2026-05-08 01:48:19+00:00,1778204899000,4887,26.14956,42.20808,10.04605,105015,True,79.70286,3
20260508-002650,1778204911,2026-05-08 01:48:31+00:00,1778204911000,4899,26.1521,42.21199,10.04587,104884,True,79.56647,3
20260508-002650,1778204923,2026-05-08 01:48:43+00:00,1778204923000,4911,26.13688,42.25674,10.04569,104752,True,79.31332,3
20260508-002650,1778204934,2026-05-08 01:48:54+00:00,1778204934000,4922,26.06082,42.79245,10.04589,94472,True,90.35458,3
20260508-002650,1778204946,2026-05-08 01:49:06+00:00,1778204946000,4934,26.13181,42.35484,10.04581,100842,True,95.61993,3
20260508-002650,1778204958,2026-05-08 01:49:18+00:00,1778204958000,4946,26.13688,42.29861,10.04599,102823,True,89.1796,3
20260508-002650,1778204970,2026-05-08 01:49:30+00:00,1778204970000,4958,26.13942,42.28055,10.04588,103715,True,85.23318,3
20260508-002650,1778204982,2026-05-08 01:49:42+00:00,1778204982000,4970,26.14702,42.27447,10.046,104491,True,82.70517,3
20260508-002650,1778204993,2026-05-08 01:49:53+00:00,1778204993000,4981,26.06082,42.82267,10.04568,95465,True,91.67189,3
20260508-002650,1778205005,2026-05-08 01:50:05+00:00,1778205005000,4993,26.15821,42.50075,10.04574,96486,True,96.85474,3
20260508-002650,1778205017,2026-05-08 01:50:17+00:00,1778205017000,5005,26.10899,42.52178,10.04565,94709,True,120.4948,3
20260508-002650,1778205029,2026-05-08 01:50:29+00:00,1778205029000,5017,26.12167,42.36433,10.04563,98820,True,107.4091,3
20260508-002650,1778205041,2026-05-08 01:50:41+00:00,1778205041000,5029,26.12167,42.32505,10.04566,100782,True,97.04562,3
20260508-002650,1778205053,2026-05-08 01:50:53+00:00,1778205053000,5041,26.12927,42.31783,10.04576,102258,True,90.06024,3
20260508-002650,1778205065,2026-05-08 01:51:05+00:00,1778205065000,5053,26.12927,42.32934,10.04566,103331,True,86.62166,3
20260508-002650,1778205077,2026-05-08 01:51:17+00:00,1778205077000,5065,26.12927,42.36448,10.04576,101885,True,87.38647,3
20260508-002650,1778205089,2026-05-08 01:51:29+00:00,1778205089000,5077,26.13181,42.3716,10.04568,101147,True,90.69044,3
20260508-002650,1778205101,2026-05-08 01:51:41+00:00,1778205101000,5089,26.14195,42.34441,10.04558,100964,True,91.53777,3
20260508-002650,1778205112,2026-05-08 01:51:52+00:00,1778205112000,5100,26.06082,42.80806,10.0457,93650,True,100.12056,3
20260508-002650,1778205124,2026-05-08 01:52:04+00:00,1778205124000,5112,26.1242,42.42007,10.04567,98298,True,104.47866,3
20260508-002650,1778205136,2026-05-08 01:52:16+00:00,1778205136000,5124,26.13688,42.33163,10.04583,101330,True,96.16734,3
20260508-002650,1778205148,2026-05-08 01:52:28+00:00,1778205148000,5136,26.14195,42.32225,10.04593,101885,True,91.23631,3
20260508-002650,1778205160,2026-05-08 01:52:40+00:00,1778205160000,5148,26.14449,42.31833,10.04573,102760,True,87.40604,3
20260508-002650,1778205172,2026-05-08 01:52:52+00:00,1778205172000,5160,26.14195,42.31685,10.04569,103715,True,84.74959,3
20260508-002650,1778205184,2026-05-08 01:53:04+00:00,1778205184000,5172,26.14956,42.30921,10.04586,103203,True,85.30421,3
20260508-002650,1778205196,2026-05-08 01:53:16+00:00,1778205196000,5184,26.14702,42.31531,10.04591,103715,True,84.01973,3
20260508-002650,1778205208,2026-05-08 01:53:28+00:00,1778205208000,5196,26.14702,42.31275,10.04577,104231,True,82.05779,3
20260508-002650,1778205220,2026-05-08 01:53:40+00:00,1778205220000,5208,26.14956,42.32148,10.04595,103843,True,83.08975,3
20260508-002650,1778205232,2026-05-08 01:53:52+00:00,1778205232000,5220,26.14702,42.3455,10.04582,103843,True,82.18518,3
20260508-002650,1778205244,2026-05-08 01:54:04+00:00,1778205244000,5232,26.14956,42.34671,10.04584,103650,True,82.65099,3
20260508-002650,1778205256,2026-05-08 01:54:16+00:00,1778205256000,5244,26.14449,42.37853,10.04564,103203,True,84.33147,3
20260508-002650,1778205268,2026-05-08 01:54:28+00:00,1778205268000,5256,26.15463,42.33366,10.04596,102134,True,86.19281,3
20260508-002650,1778205280,2026-05-08 01:54:40+00:00,1778205280000,5268,26.14956,42.35875,10.04583,102823,True,87.29262,3
20260508-002650,1778205292,2026-05-08 01:54:52+00:00,1778205292000,5280,26.15463,42.32826,10.04598,102383,True,87.83043,3
20260508-002650,1778205304,2026-05-08 01:55:04+00:00,1778205304000,5293,26.04814,42.98401,10.04588,91402,True,99.80324,3
20260508-002650,1778205317,2026-05-08 01:55:17+00:00,1778205317000,5305,26.10392,42.67515,10.04583,93026,True,115.80621,3
20260508-002650,1778205329,2026-05-08 01:55:29+00:00,1778205329000,5317,26.12927,42.39395,10.04592,98703,True,107.25771,3
20260508-002650,1778205341,2026-05-08 01:55:41+00:00,1778205341000,5329,26.13688,42.37125,10.04606,100359,True,98.23511,3
20260508-002650,1778205353,2026-05-08 01:55:53+00:00,1778205353000,5341,26.14195,42.37189,10.0462,101392,True,93.00108,3
20260508-002650,1778205365,2026-05-08 01:56:05+00:00,1778205365000,5353,26.13688,42.38465,10.04615,102321,True,89.19966,3
20260508-002650,1778205377,2026-05-08 01:56:17+00:00,1778205377000,5365,26.14449,42.35545,10.04617,101025,True,89.57751,3
20260508-002650,1778205389,2026-05-08 01:56:29+00:00,1778205389000,5377,26.14449,42.37888,10.04604,101147,True,91.06712,3
20260508-002650,1778205401,2026-05-08 01:56:41+00:00,1778205401000,5389,26.1597,42.33418,10.04643,101208,True,90.75217,3
20260508-002650,1778205413,2026-05-08 01:56:53+00:00,1778205413000,5401,26.1597,42.35121,10.04641,101208,True,90.05284,3
20260508-002650,1778205425,2026-05-08 01:57:05+00:00,1778205425000,5413,26.14956,42.38937,10.04616,102134,True,88.59221,3
20260508-002650,1778205437,2026-05-08 01:57:17+00:00,1778205437000,5425,26.14956,42.3681,10.04616,102446,True,87.09248,3
20260508-002650,1778205449,2026-05-08 01:57:29+00:00,1778205449000,5437,26.1521,42.37269,10.04617,103331,True,85.23512,3
20260508-002650,1778205461,2026-05-08 01:57:41+00:00,1778205461000,5449,26.1521,42.35877,10.04611,103267,True,84.9304,3
20260508-002650,1778205473,2026-05-08 01:57:53+00:00,1778205473000,5461,26.1597,42.35956,10.04634,103586,True,83.34483,3
20260508-002650,1778205485,2026-05-08 01:58:05+00:00,1778205485000,5473,26.15717,42.3661,10.0463,103395,True,83.24549,3
20260508-002650,1778205497,2026-05-08 01:58:17+00:00,1778205497000,5485,26.1521,42.35125,10.0462,104166,True,81.98884,3
20260508-002650,1778205509,2026-05-08 01:58:29+00:00,1778205509000,5497,26.1597,42.36394,10.04648,103908,True,82.37764,3
20260508-002650,1778205521,2026-05-08 01:58:41+00:00,1778205521000,5509,26.1597,42.39625,10.04631,103395,True,82.41852,3
20260508-002650,1778205533,2026-05-08 01:58:53+00:00,1778205533000,5521,26.1597,42.37127,10.04631,104101,True,81.43172,3
20260508-002650,1778205545,2026-05-08 01:59:05+00:00,1778205545000,5533,26.15717,42.37105,10.04634,104101,True,80.7397,3
20260508-002650,1778205557,2026-05-08 01:59:17+00:00,1778205557000,5545,26.1597,42.36343,10.04634,103779,True,81.87717,3
20260508-002650,1778205569,2026-05-08 01:59:29+00:00,1778205569000,5557,26.1597,42.36655,10.04636,104491,True,81.28972,3
20260508-002650,1778205581,2026-05-08 01:59:41+00:00,1778205581000,5569,26.16477,42.35378,10.04653,103908,True,81.83932,3
20260508-002650,1778205593,2026-05-08 01:59:53+00:00,1778205593000,5581,26.15463,42.35503,10.04619,103395,True,82.51244,3
20260508-002650,1778205605,2026-05-08 02:00:05+00:00,1778205605000,5593,26.16224,42.35847,10.04636,103908,True,82.03613,3
20260508-002650,1778205617,2026-05-08 02:00:17+00:00,1778205617000,5605,26.16731,42.39182,10.04634,104361,True,81.2988,3
20260508-002650,1778205629,2026-05-08 02:00:29+00:00,1778205629000,5617,26.15717,42.41614,10.04616,103908,True,81.35205,3
20260508-002650,1778205641,2026-05-08 02:00:41+00:00,1778205641000,5629,26.16224,42.36185,10.04623,103779,True,81.31414,3
20260508-002650,1778205653,2026-05-08 02:00:53+00:00,1778205653000,5641,26.15463,42.35604,10.04621,102950,True,84.34299,3
20260508-002650,1778205665,2026-05-08 02:01:05+00:00,1778205665000,5653,26.1597,42.33348,10.04627,101392,True,88.25331,3
20260508-002650,1778205677,2026-05-08 02:01:17+00:00,1778205677000,5665,26.16731,42.33839,10.04647,101208,True,90.36781,3
20260508-002650,1778205688,2026-05-08 02:01:28+00:00,1778205688000,5676,26.07349,42.8814,10.04608,91903,True,101.57347,3
20260508-002650,1778205700,2026-05-08 02:01:40+00:00,1778205700000,5688,26.14195,42.41698,10.04615,95496,True,110.54189,3
20260508-002650,1778205712,2026-05-08 02:01:52+00:00,1778205712000,5700,26.1597,42.32727,10.04627,98240,True,104.52663,3
20260508-002650,1778205724,2026-05-08 02:02:04+00:00,1778205724000,5712,26.15463,42.31815,10.04626,99229,True,100.38371,3
20260508-002650,1778205736,2026-05-08 02:02:16+00:00,1778205736000,5724,26.15463,42.32345,10.04598,99583,True,97.76888,3
20260508-002650,1778205748,2026-05-08 02:02:28+00:00,1778205748000,5736,26.15717,42.31666,10.04599,100661,True,95.45407,3
20260508-002650,1778205760,2026-05-08 02:02:40+00:00,1778205760000,5748,26.15717,42.33648,10.04616,101147,True,92.39647,3
20260508-002650,1778205772,2026-05-08 02:02:52+00:00,1778205772000,5760,26.1521,42.35236,10.04601,101086,True,91.37961,3
20260508-002650,1778205784,2026-05-08 02:03:04+00:00,1778205784000,5772,26.1597,42.34524,10.0461,101823,True,90.29922,3
20260508-002650,1778205796,2026-05-08 02:03:16+00:00,1778205796000,5784,26.16224,42.31942,10.04601,102071,True,89.25435,3
20260508-002650,1778205808,2026-05-08 02:03:28+00:00,1778205808000,5796,26.16985,42.27011,10.04619,101576,True,89.90569,3
20260508-002650,1778205820,2026-05-08 02:03:40+00:00,1778205820000,5808,26.16477,42.27759,10.04621,102134,True,88.84658,3
20260508-002650,1778205832,2026-05-08 02:03:52+00:00,1778205832000,5820,26.16224,42.27921,10.04617,101823,True,89.48712,3
20260508-002650,1778205844,2026-05-08 02:04:04+00:00,1778205844000,5832,26.16224,42.30315,10.04631,100782,True,90.3519,3
20260508-002650,1778205856,2026-05-08 02:04:16+00:00,1778205856000,5844,26.16224,42.28709,10.04619,101823,True,89.50088,3
20260508-002650,1778205868,2026-05-08 02:04:28+00:00,1778205868000,5856,26.16477,42.28566,10.04637,102446,True,88.53574,3
20260508-002650,1778205880,2026-05-08 02:04:40+00:00,1778205880000,5868,26.16985,42.26255,10.04638,102823,True,86.93489,3
20260508-002650,1778205892,2026-05-08 02:04:52+00:00,1778205892000,5880,26.16477,42.25943,10.04625,102823,True,85.81146,3
20260508-002650,1778205904,2026-05-08 02:05:04+00:00,1778205904000,5892,26.16477,42.28014,10.04627,103267,True,85.10001,3
20260508-002650,1778205916,2026-05-08 02:05:16+00:00,1778205916000,5904,26.16985,42.23045,10.04626,103395,True,84.993,3
20260508-002650,1778205928,2026-05-08 02:05:28+00:00,1778205928000,5916,26.16477,42.25271,10.04627,103013,True,85.47852,3
20260508-002650,1778205940,2026-05-08 02:05:40+00:00,1778205940000,5928,26.16477,42.24747,10.04639,102950,True,85.4677,3
20260508-002650,1778205952,2026-05-08 02:05:52+00:00,1778205952000,5940,26.16731,42.23038,10.04636,103458,True,85.56322,3
20260508-002650,1778205964,2026-05-08 02:06:04+00:00,1778205964000,5952,26.16731,42.24663,10.04629,102950,True,85.87852,3
20260508-002650,1778205976,2026-05-08 02:06:16+00:00,1778205976000,5964,26.16477,42.22696,10.0463,102950,True,85.36362,3
20260508-002650,1778205988,2026-05-08 02:06:28+00:00,1778205988000,5976,26.16985,42.21866,10.04626,103458,True,84.20708,3
20260508-002650,1778206000,2026-05-08 02:06:40+00:00,1778206000000,5988,26.16477,42.20173,10.04642,103331,True,84.39207,3
20260508-002650,1778206012,2026-05-08 02:06:52+00:00,1778206012000,6000,26.16985,42.19722,10.04636,103908,True,84.17684,3
20260508-002650,1778206024,2026-05-08 02:07:04+00:00,1778206024000,6012,26.16224,42.21357,10.04626,103331,True,83.72443,3
20260508-002650,1778206036,2026-05-08 02:07:16+00:00,1778206036000,6024,26.16985,42.19907,10.04631,103779,True,84.03387,3
20260508-002650,1778206048,2026-05-08 02:07:28+00:00,1778206048000,6036,26.17238,42.16476,10.04644,103203,True,84.4577,3
20260508-002650,1778206062,2026-05-08 02:07:42+00:00,1778206062000,6051,26.22065,42.06453,10.04627,103203,True,84.58257,3
20260508-002650,1778206074,2026-05-08 02:07:54+00:00,1778206074000,6063,26.13435,42.44949,10.04628,94496,True,116.55762,3
20260508-002650,1778206086,2026-05-08 02:08:06+00:00,1778206086000,6075,26.15717,42.25328,10.04637,97383,True,110.0079,3
20260508-002650,1778206098,2026-05-08 02:08:18+00:00,1778206098000,6087,26.1597,42.20545,10.04631,100059,True,100.61833,3
20260508-002650,1778206110,2026-05-08 02:08:30+00:00,1778206110000,6099,26.16477,42.20437,10.04662,100903,True,95.69357,3
20260508-002650,1778206122,2026-05-08 02:08:42+00:00,1778206122000,6111,26.15717,42.21466,10.04627,102071,True,91.89607,3
20260508-002650,1778206134,2026-05-08 02:08:54+00:00,1778206134000,6123,26.16224,42.20327,10.04633,101947,True,89.94027,3
20260508-002650,1778206146,2026-05-08 02:09:06+00:00,1778206146000,6135,26.1597,42.217,10.04618,102321,True,88.9502,3
20260508-002650,1778206158,2026-05-08 02:09:18+00:00,1778206158000,6147,26.16477,42.20035,10.04634,100842,True,90.06497,3
20260508-002650,1778206170,2026-05-08 02:09:30+00:00,1778206170000,6159,26.16985,42.17672,10.04636,102196,True,88.29237,3
20260508-002650,1778206182,2026-05-08 02:09:42+00:00,1778206182000,6171,26.16477,42.21326,10.04607,102509,True,87.23727,3
20260508-002650,1778206194,2026-05-08 02:09:54+00:00,1778206194000,6183,26.16985,42.19777,10.04642,102634,True,86.75505,3
20260508-002650,1778206206,2026-05-08 02:10:06+00:00,1778206206000,6195,26.17492,42.17466,10.04636,103267,True,85.56341,3
20260508-002650,1778206218,2026-05-08 02:10:18+00:00,1778206218000,6207,26.16985,42.20592,10.04629,103076,True,85.03533,3
20260508-002650,1778206230,2026-05-08 02:10:30+00:00,1778206230000,6219,26.16985,42.19855,10.04612,103395,True,84.34396,3
20260508-002650,1778206247,2026-05-08 02:10:47+00:00,1778206247000,6235,26.23195,42.04042,10.04625,103908,True,83.76074,3
20260508-002650,1778206259,2026-05-08 02:10:59+00:00,1778206259000,6247,26.13181,42.41165,10.04614,93337,True,121.0547,3
20260508-002650,1778206271,2026-05-08 02:11:11+00:00,1778206271000,6259,26.15717,42.19654,10.04614,97157,True,112.55496,3
20260508-002650,1778206283,2026-05-08 02:11:23+00:00,1778206283000,6271,26.1597,42.2049,10.04615,99583,True,103.95908,3
20260508-002650,1778206295,2026-05-08 02:11:35+00:00,1778206295000,6283,26.16477,42.19003,10.0462,100903,True,96.23749,3
20260508-002650,1778206307,2026-05-08 02:11:47+00:00,1778206307000,6295,26.16731,42.20315,10.04618,101638,True,91.64109,3
20260508-002650,1778206319,2026-05-08 02:11:59+00:00,1778206319000,6307,26.16985,42.18355,10.04631,102446,True,88.64334,3
20260508-002650,1778206331,2026-05-08 02:12:11+00:00,1778206331000,6319,26.17238,42.17654,10.04611,102886,True,87.64084,3
20260508-002650,1778206343,2026-05-08 02:12:23+00:00,1778206343000,6331,26.17238,42.17572,10.04618,103140,True,86.04204,3
20260508-002650,1778206355,2026-05-08 02:12:35+00:00,1778206355000,6343,26.17492,42.16447,10.04622,103650,True,84.93956,3
20260508-002650,1778206367,2026-05-08 02:12:47+00:00,1778206367000,6355,26.16985,42.18798,10.04601,103013,True,85.82249,3
20260508-002650,1778206379,2026-05-08 02:12:59+00:00,1778206379000,6367,26.17492,42.21255,10.04606,102321,True,85.45343,3
20260508-002650,1778206391,2026-05-08 02:13:11+00:00,1778206391000,6379,26.17999,42.16998,10.04609,103076,True,84.47614,3
20260508-002650,1778206403,2026-05-08 02:13:23+00:00,1778206403000,6391,26.16985,42.20058,10.04596,102258,True,86.57187,3
20260508-002650,1778206415,2026-05-08 02:13:35+00:00,1778206415000,6403,26.17745,42.18104,10.04596,103203,True,86.07465,3
20260508-002650,1778206427,2026-05-08 02:13:47+00:00,1778206427000,6415,26.17999,42.1959,10.04597,102634,True,86.56218,3
20260508-002650,1778206439,2026-05-08 02:13:59+00:00,1778206439000,6427,26.17492,42.1674,10.04589,102571,True,86.22323,3
20260508-002650,1778206451,2026-05-08 02:14:11+00:00,1778206451000,6439,26.17238,42.19113,10.04588,102823,True,86.11102,3
20260508-002650,1778206463,2026-05-08 02:14:23+00:00,1778206463000,6451,26.17745,42.18396,10.04584,103013,True,86.24725,3
20260508-002650,1778206475,2026-05-08 02:14:35+00:00,1778206475000,6463,26.17999,42.21748,10.04581,102823,True,86.33675,3
20260508-002650,1778206487,2026-05-08 02:14:47+00:00,1778206487000,6475,26.17999,42.21338,10.04581,103140,True,85.65031,3
20260508-002650,1778206499,2026-05-08 02:14:59+00:00,1778206499000,6487,26.18759,42.19286,10.04588,103458,True,85.17845,3
20260508-002650,1778206511,2026-05-08 02:15:11+00:00,1778206511000,6499,26.17745,42.2151,10.04568,103715,True,83.6042,3
20260508-002650,1778206523,2026-05-08 02:15:23+00:00,1778206523000,6511,26.18759,42.16201,10.04579,103972,True,82.46269,3
20260508-002650,1778206535,2026-05-08 02:15:35+00:00,1778206535000,6523,26.17999,42.17064,10.04563,103522,True,82.96135,3
20260508-002650,1778206547,2026-05-08 02:15:47+00:00,1778206547000,6535,26.17999,42.16997,10.04548,103843,True,83.69745,3
20260508-002650,1778206559,2026-05-08 02:15:59+00:00,1778206559000,6547,26.17999,42.18079,10.04562,103586,True,83.77959,3
20260508-002650,1778206571,2026-05-08 02:16:11+00:00,1778206571000,6559,26.18252,42.16005,10.04544,103843,True,82.94375,3
20260508-002650,1778206583,2026-05-08 02:16:23+00:00,1778206583000,6571,26.18252,42.13465,10.04557,103395,True,83.79078,3
20260508-002650,1778206595,2026-05-08 02:16:35+00:00,1778206595000,6583,26.18759,42.13718,10.0456,102634,True,86.21624,3
20260508-002650,1778206607,2026-05-08 02:16:47+00:00,1778206607000,6595,26.18252,42.14175,10.04529,102009,True,89.34769,3
20260508-002650,1778206619,2026-05-08 02:16:59+00:00,1778206619000,6607,26.18506,42.16188,10.04533,102196,True,89.35534,3
20260508-002650,1778206631,2026-05-08 02:17:11+00:00,1778206631000,6619,26.19013,42.12992,10.04548,102446,True,88.61195,3
20260508-002650,1778206643,2026-05-08 02:17:23+00:00,1778206643000,6631,26.18506,42.14473,10.04556,102886,True,86.47476,3
20260508-002650,1778206655,2026-05-08 02:17:35+00:00,1778206655000,6643,26.18252,42.15788,10.04541,103267,True,85.25548,3
20260508-002650,1778206667,2026-05-08 02:17:47+00:00,1778206667000,6655,26.18252,42.15101,10.04537,103715,True,83.97478,3
20260508-002650,1778206679,2026-05-08 02:17:59+00:00,1778206679000,6667,26.18252,42.17722,10.04543,103908,True,82.89986,3
20260508-002650,1778206691,2026-05-08 02:18:11+00:00,1778206691000,6679,26.18252,42.15779,10.04523,104101,True,82.11715,3
20260508-002650,1778206703,2026-05-08 02:18:23+00:00,1778206703000,6691,26.18506,42.17487,10.04515,104231,True,82.33483,3
20260508-002650,1778206715,2026-05-08 02:18:35+00:00,1778206715000,6703,26.18506,42.15869,10.04522,104296,True,82.00606,3
20260508-002650,1778206727,2026-05-08 02:18:47+00:00,1778206727000,6715,26.18759,42.14872,10.04523,103972,True,82.0136,3
20260508-002650,1778206739,2026-05-08 02:18:59+00:00,1778206739000,6727,26.18759,42.15533,10.04532,104361,True,81.77304,3
20260508-002650,1778206751,2026-05-08 02:19:11+00:00,1778206751000,6739,26.18759,42.14936,10.04533,103908,True,82.79314,3
20260508-002650,1778206763,2026-05-08 02:19:23+00:00,1778206763000,6751,26.18759,42.1702,10.04532,103586,True,82.95424,3
20260508-002650,1778206775,2026-05-08 02:19:35+00:00,1778206775000,6763,26.18506,42.14784,10.04519,104491,True,82.06228,3
20260508-002650,1778206787,2026-05-08 02:19:47+00:00,1778206787000,6775,26.18506,42.1512,10.04531,103586,True,82.7987,3
20260508-002650,1778206799,2026-05-08 02:19:59+00:00,1778206799000,6787,26.18759,42.13356,10.04528,102634,True,85.36586,3
20260508-002650,1778206811,2026-05-08 02:20:11+00:00,1778206811000,6799,26.19267,42.10039,10.04547,101761,True,87.67754,3
20260508-002650,1778206823,2026-05-08 02:20:23+00:00,1778206823000,6811,26.19013,42.10743,10.04534,102134,True,88.09643,3
20260508-002650,1778206835,2026-05-08 02:20:35+00:00,1778206835000,6823,26.19013,42.10946,10.04532,102258,True,87.2551,3
20260508-002650,1778206847,2026-05-08 02:20:47+00:00,1778206847000,6835,26.17999,42.12642,10.04516,103013,True,86.58611,3
20260508-002650,1778206859,2026-05-08 02:20:59+00:00,1778206859000,6847,26.18506,42.11096,10.04524,103140,True,85.46709,3
20260508-002650,1778206871,2026-05-08 02:21:11+00:00,1778206871000,6859,26.19013,42.12378,10.04541,103843,True,84.06177,3
20260508-002650,1778206883,2026-05-08 02:21:23+00:00,1778206883000,6871,26.19013,42.14556,10.04529,102760,True,85.48589,3
20260508-002650,1778206895,2026-05-08 02:21:35+00:00,1778206895000,6883,26.18759,42.15852,10.04521,102509,True,86.5943,3
20260508-002650,1778206907,2026-05-08 02:21:47+00:00,1778206907000,6895,26.19267,42.14289,10.0452,103331,True,85.97929,3
20260508-002650,1778206919,2026-05-08 02:21:59+00:00,1778206919000,6907,26.19013,42.14446,10.04525,103586,True,85.54869,3
20260508-002650,1778206931,2026-05-08 02:22:11+00:00,1778206931000,6919,26.18759,42.13832,10.04512,103203,True,84.9393,3
20260508-002650,1778206943,2026-05-08 02:22:23+00:00,1778206943000,6931,26.19013,42.12965,10.04515,103586,True,84.23763,3
20260508-002650,1778206955,2026-05-08 02:22:35+00:00,1778206955000,6943,26.20281,42.11683,10.04524,104491,True,82.54019,3
20260508-002650,1778206967,2026-05-08 02:22:47+00:00,1778206967000,6955,26.18759,42.1712,10.045,103779,True,83.02511,3
20260508-002650,1778206979,2026-05-08 02:22:59+00:00,1778206979000,6967,26.19267,42.13103,10.04515,104231,True,81.88983,3
20260508-002650,1778206991,2026-05-08 02:23:11+00:00,1778206991000,6979,26.19013,42.13954,10.04495,104231,True,82.17108,3
20260508-002650,1778207003,2026-05-08 02:23:23+00:00,1778207003000,6991,26.19773,42.12927,10.04511,104101,True,82.01013,3
20260508-002650,1778207015,2026-05-08 02:23:35+00:00,1778207015000,7003,26.19013,42.14378,10.04481,104037,True,81.96902,3
20260508-002650,1778207027,2026-05-08 02:23:47+00:00,1778207027000,7015,26.20027,42.14283,10.04522,104426,True,82.28799,3
20260508-002650,1778207039,2026-05-08 02:23:59+00:00,1778207039000,7027,26.20027,42.12956,10.04496,104037,True,82.2113,3
20260508-002650,1778207051,2026-05-08 02:24:11+00:00,1778207051000,7039,26.19267,42.15918,10.04496,103586,True,82.33248,3
20260508-002650,1778207063,2026-05-08 02:24:23+00:00,1778207063000,7051,26.20027,42.10644,10.04494,103908,True,81.76527,3
20260508-002650,1778207075,2026-05-08 02:24:35+00:00,1778207075000,7063,26.1952,42.13443,10.04481,103779,True,82.56704,3
20260508-002650,1778207087,2026-05-08 02:24:47+00:00,1778207087000,7075,26.20281,42.14062,10.04495,103458,True,83.6161,3
20260508-002650,1778207099,2026-05-08 02:24:59+00:00,1778207099000,7087,26.19773,42.16518,10.04471,103395,True,83.47855,3
20260508-002650,1778207111,2026-05-08 02:25:11+00:00,1778207111000,7099,26.19773,42.14319,10.04462,104101,True,82.81097,3
20260508-002650,1778207123,2026-05-08 02:25:23+00:00,1778207123000,7111,26.19267,42.14202,10.04466,103843,True,82.62534,3
20260508-002650,1778207135,2026-05-08 02:25:35+00:00,1778207135000,7123,26.19773,42.163,10.04472,104231,True,81.75739,3
20260508-002650,1778207147,2026-05-08 02:25:47+00:00,1778207147000,7135,26.20281,42.11779,10.04459,103972,True,81.88062,3
20260508-002650,1778207159,2026-05-08 02:25:59+00:00,1778207159000,7147,26.20027,42.13569,10.04452,104101,True,81.89055,3
20260508-002650,1778207171,2026-05-08 02:26:11+00:00,1778207171000,7159,26.20281,42.11819,10.0447,103586,True,83.4903,3
20260508-002650,1778207183,2026-05-08 02:26:23+00:00,1778207183000,7171,26.20534,42.12316,10.04472,103586,True,83.34862,3
20260508-002650,1778207195,2026-05-08 02:26:35+00:00,1778207195000,7183,26.19773,42.16331,10.04448,103395,True,83.55421,3
20260508-002650,1778207207,2026-05-08 02:26:47+00:00,1778207207000,7195,26.19773,42.12092,10.04437,103843,True,82.73841,3
20260508-002650,1778207219,2026-05-08 02:26:59+00:00,1778207219000,7207,26.21041,42.1082,10.04467,103715,True,82.40186,3
20260508-002650,1778207231,2026-05-08 02:27:11+00:00,1778207231000,7219,26.20027,42.11183,10.04438,103522,True,83.04965,3
20260508-002650,1778207243,2026-05-08 02:27:23+00:00,1778207243000,7231,26.20534,42.12475,10.04434,103586,True,84.11852,3
20260508-002650,1778207255,2026-05-08 02:27:35+00:00,1778207255000,7243,26.20281,42.14997,10.04447,102697,True,86.16406,3
20260508-002650,1778207267,2026-05-08 02:27:47+00:00,1778207267000,7255,26.20027,42.16994,10.04434,102697,True,85.53456,3
20260508-002650,1778207279,2026-05-08 02:27:59+00:00,1778207279000,7267,26.20281,42.14183,10.04449,102950,True,84.64494,3
20260508-002650,1778207291,2026-05-08 02:28:11+00:00,1778207291000,7279,26.20281,42.14195,10.04424,103203,True,85.05614,3
20260508-002650,1778207303,2026-05-08 02:28:23+00:00,1778207303000,7291,26.20281,42.16989,10.04428,103076,True,84.55325,3
20260508-002650,1778207315,2026-05-08 02:28:35+00:00,1778207315000,7303,26.20027,42.20211,10.04422,103331,True,84.1459,3
20260508-002650,1778207327,2026-05-08 02:28:47+00:00,1778207327000,7315,26.20788,42.19382,10.04455,103650,True,84.20976,3
20260508-002650,1778207339,2026-05-08 02:28:59+00:00,1778207339000,7327,26.20281,42.18998,10.04451,103843,True,83.41466,3
20260508-002650,1778207351,2026-05-08 02:29:11+00:00,1778207351000,7339,26.20788,42.16819,10.0445,103972,True,82.41717,3
20260508-002650,1778207363,2026-05-08 02:29:23+00:00,1778207363000,7351,26.20788,42.12061,10.0444,103140,True,84.06142,3
20260508-002650,1778207375,2026-05-08 02:29:35+00:00,1778207375000,7363,26.20281,42.14815,10.04447,102446,True,85.69263,3
20260508-002650,1778207387,2026-05-08 02:29:47+00:00,1778207387000,7375,26.20534,42.1689,10.04444,102823,True,85.64191,3
20260508-002650,1778207399,2026-05-08 02:29:59+00:00,1778207399000,7387,26.19773,42.17362,10.04444,103458,True,83.69757,3
20260508-002650,1778207411,2026-05-08 02:30:11+00:00,1778207411000,7399,26.20788,42.18933,10.04471,104101,True,82.14499,3
20260508-002650,1778207423,2026-05-08 02:30:23+00:00,1778207423000,7411,26.20534,42.20479,10.04464,104037,True,82.17445,3
20260508-002650,1778207435,2026-05-08 02:30:35+00:00,1778207435000,7423,26.20534,42.16586,10.04458,104166,True,81.15039,3
20260508-002650,1778207447,2026-05-08 02:30:47+00:00,1778207447000,7435,26.20788,42.1668,10.04466,103715,True,81.60241,3
20260508-002650,1778207459,2026-05-08 02:30:59+00:00,1778207459000,7447,26.20281,42.18125,10.04456,104231,True,81.83861,3
20260508-002650,1778207471,2026-05-08 02:31:11+00:00,1778207471000,7459,26.19773,42.20666,10.04451,103843,True,82.12459,3
20260508-002650,1778207483,2026-05-08 02:31:23+00:00,1778207483000,7471,26.21041,42.20726,10.04486,103522,True,82.55862,3
20260508-002650,1778207495,2026-05-08 02:31:35+00:00,1778207495000,7483,26.20534,42.21353,10.04464,103715,True,82.33276,3
20260508-002650,1778207507,2026-05-08 02:31:47+00:00,1778207507000,7495,26.20788,42.24444,10.04492,103972,True,82.05194,3
20260508-002650,1778207519,2026-05-08 02:31:59+00:00,1778207519000,7507,26.21041,42.23235,10.04502,104491,True,81.43158,3
20260508-002650,1778207531,2026-05-08 02:32:11+00:00,1778207531000,7519,26.21295,42.23357,10.0449,104296,True,81.26199,3
20260508-002650,1778207543,2026-05-08 02:32:23+00:00,1778207543000,7531,26.20788,42.2104,10.04496,104556,True,80.879,3
20260508-002650,1778207555,2026-05-08 02:32:35+00:00,1778207555000,7543,26.21041,42.17574,10.04498,103779,True,81.97289,3
20260508-002650,1778207565,2026-05-08 02:32:45+00:00,1778207565000,7554,26.1242,42.7306,10.04472,94817,True,92.39046,3
20260508-002650,1778207577,2026-05-08 02:32:57+00:00,1778207577000,7565,26.10899,42.901,10.04491,89069,True,110.67529,3
20260508-002650,1778207589,2026-05-08 02:33:09+00:00,1778207589000,7577,26.1952,42.33271,10.04496,96932,True,112.02966,3
20260508-002650,1778207601,2026-05-08 02:33:21+00:00,1778207601000,7589,26.1952,42.26659,10.04484,100903,True,99.73103,3
20260508-002650,1778207613,2026-05-08 02:33:33+00:00,1778207613000,7601,26.20027,42.26952,10.04482,102258,True,91.35657,3
20260508-002650,1778207625,2026-05-08 02:33:45+00:00,1778207625000,7613,26.20281,42.24717,10.04481,102446,True,87.67559,3
20260508-002650,1778207637,2026-05-08 02:33:57+00:00,1778207637000,7625,26.20027,42.24001,10.04464,103779,True,84.11832,3
20260508-002650,1778207649,2026-05-08 02:34:09+00:00,1778207649000,7637,26.20027,42.24097,10.04459,103331,True,83.29016,3
20260508-002650,1778207661,2026-05-08 02:34:21+00:00,1778207661000,7649,26.21041,42.23044,10.0447,103972,True,82.38845,3
20260508-002650,1778207673,2026-05-08 02:34:33+00:00,1778207673000,7661,26.21548,42.2048,10.04485,103779,True,82.16333,3
20260508-002650,1778207685,2026-05-08 02:34:45+00:00,1778207685000,7673,26.21041,42.23031,10.04467,104231,True,81.19424,3
20260508-002650,1778207697,2026-05-08 02:34:57+00:00,1778207697000,7685,26.21548,42.23239,10.04464,103972,True,81.00317,3
20260508-002650,1778207709,2026-05-08 02:35:09+00:00,1778207709000,7697,26.21802,42.23806,10.04445,104101,True,80.77258,3
20260508-002650,1778207721,2026-05-08 02:35:21+00:00,1778207721000,7709,26.21041,42.22916,10.04438,104556,True,80.28947,3
20260508-002650,1778207733,2026-05-08 02:35:33+00:00,1778207733000,7721,26.20788,42.2406,10.04431,104231,True,80.28329,3
20260508-002650,1778207745,2026-05-08 02:35:45+00:00,1778207745000,7733,26.21295,42.2222,10.04439,104166,True,80.48136,3
20260508-002650,1778207858,2026-05-08 02:37:38+00:00,1778207858000,7846,26.11406,42.82655,10.04405,64858,True,241.10272,2
20260508-002650,1778207870,2026-05-08 02:37:50+00:00,1778207870000,7858,26.14956,42.50327,10.04425,79589,True,202.67754,2
20260508-002650,1778207882,2026-05-08 02:38:02+00:00,1778207882000,7870,26.16224,42.44229,10.04415,87946,True,160.00226,2
20260508-002650,1778207894,2026-05-08 02:38:14+00:00,1778207894000,7882,26.16985,42.38985,10.04436,93026,True,132.5647,2
20260508-002650,1778207906,2026-05-08 02:38:26+00:00,1778207906000,7894,26.17999,42.37652,10.04423,95224,True,117.1066,2
20260508-002650,1778207918,2026-05-08 02:38:38+00:00,1778207918000,7906,26.18759,42.35477,10.04414,96264,True,110.66855,2
20260508-002650,1778207930,2026-05-08 02:38:50+00:00,1778207930000,7918,26.19013,42.36961,10.04411,98240,True,103.62477,3
20260508-002650,1778207942,2026-05-08 02:39:02+00:00,1778207942000,7930,26.19013,42.36086,10.04385,99347,True,99.00656,3
20260508-002650,1778207953,2026-05-08 02:39:13+00:00,1778207953000,7941,26.10899,42.87164,10.04379,91602,True,106.53902,3
20260508-002650,1778207965,2026-05-08 02:39:25+00:00,1778207965000,7953,26.19013,42.44048,10.04415,97045,True,109.08447,3
20260508-002650,1778207977,2026-05-08 02:39:37+00:00,1778207977000,7965,26.19773,42.37203,10.04411,99112,True,101.44195,3
20260508-002650,1778207989,2026-05-08 02:39:49+00:00,1778207989000,7977,26.20281,42.34295,10.04414,100239,True,95.85731,3
20260508-002650,1778208001,2026-05-08 02:40:01+00:00,1778208001000,7989,26.20027,42.3625,10.04405,101392,True,92.00961,3
20260508-002650,1778208013,2026-05-08 02:40:13+00:00,1778208013000,8001,26.21295,42.32364,10.04399,101947,True,88.52786,3
20260508-002650,1778208025,2026-05-08 02:40:25+00:00,1778208025000,8013,26.20534,42.34329,10.04393,102509,True,87.15984,3
20260508-002650,1778208037,2026-05-08 02:40:37+00:00,1778208037000,8025,26.18252,42.55525,10.04402,96264,True,99.13683,3
20260508-002650,1778208050,2026-05-08 02:40:50+00:00,1778208050000,8038,26.10645,42.97937,10.04389,88317,True,111.96779,3
20260508-002650,1778208062,2026-05-08 02:41:02+00:00,1778208062000,8050,26.19267,42.38579,10.04398,96486,True,112.73567,3
20260508-002650,1778208074,2026-05-08 02:41:14+00:00,1778208074000,8062,26.20027,42.30096,10.04406,99940,True,100.94257,3
20260508-002650,1778208086,2026-05-08 02:41:26+00:00,1778208086000,8074,26.20788,42.3114,10.04413,101269,True,92.59575,3
20260508-002650,1778208098,2026-05-08 02:41:38+00:00,1778208098000,8086,26.21041,42.30338,10.04398,102446,True,88.24036,3
20260508-002650,1778208110,2026-05-08 02:41:50+00:00,1778208110000,8098,26.21041,42.30991,10.04398,102634,True,85.79929,3
20260508-002650,1778208122,2026-05-08 02:42:02+00:00,1778208122000,8110,26.21802,42.29857,10.04403,103458,True,83.8419,3
20260508-002650,1778208134,2026-05-08 02:42:14+00:00,1778208134000,8122,26.21548,42.29554,10.04401,103522,True,82.77048,3
20260508-002650,1778208146,2026-05-08 02:42:26+00:00,1778208146000,8134,26.21802,42.27657,10.04394,103522,True,81.7039,3
20260508-002650,1778208158,2026-05-08 02:42:38+00:00,1778208158000,8146,26.22309,42.30372,10.04397,103972,True,81.53011,3
20260508-002650,1778208170,2026-05-08 02:42:50+00:00,1778208170000,8158,26.22056,42.29114,10.04402,104296,True,80.46663,3
20260508-002650,1778208182,2026-05-08 02:43:02+00:00,1778208182000,8170,26.22056,42.29311,10.0439,104101,True,79.24716,3
20260508-002650,1778208194,2026-05-08 02:43:14+00:00,1778208194000,8182,26.22563,42.30298,10.04391,104361,True,79.52713,3
20260508-002650,1778208206,2026-05-08 02:43:26+00:00,1778208206000,8194,26.22056,42.28831,10.04383,103972,True,79.61705,3
20260508-002650,1778208218,2026-05-08 02:43:38+00:00,1778208218000,8206,26.22309,42.2727,10.04375,104426,True,79.10168,3
20260508-002650,1778208230,2026-05-08 02:43:50+00:00,1778208230000,8218,26.23323,42.24078,10.04398,103843,True,78.85471,3
20260508-002650,1778208242,2026-05-08 02:44:02+00:00,1778208242000,8230,26.22816,42.25646,10.0439,104622,True,78.04552,3
20260508-002650,1778208255,2026-05-08 02:44:15+00:00,1778208255000,8243,26.27799,42.1473,10.04395,104491,True,78.2371,3
20260508-002650,1778208267,2026-05-08 02:44:27+00:00,1778208267000,8255,26.20027,42.50136,10.04408,95714,True,108.25397,3
20260508-002650,1778208279,2026-05-08 02:44:39+00:00,1778208279000,8267,26.22056,42.34497,10.04395,100119,True,99.64259,3
20260508-002650,1778208291,2026-05-08 02:44:51+00:00,1778208291000,8279,26.21548,42.31585,10.04401,102134,True,90.20496,3
20260508-002650,1778208303,2026-05-08 02:45:03+00:00,1778208303000,8291,26.22563,42.29151,10.04393,102321,True,85.71812,3
20260508-002650,1778208315,2026-05-08 02:45:15+00:00,1778208315000,8303,26.23323,42.28173,10.04419,103843,True,82.19566,3
20260508-002650,1778208327,2026-05-08 02:45:27+00:00,1778208327000,8315,26.22563,42.30807,10.04398,104166,True,80.7231,3
20260508-002650,1778208339,2026-05-08 02:45:39+00:00,1778208339000,8327,26.2307,42.28579,10.04415,104361,True,78.59428,3
20260508-002650,1778208351,2026-05-08 02:45:51+00:00,1778208351000,8339,26.2307,42.27888,10.04424,105147,True,77.73177,3
20260508-002650,1778208363,2026-05-08 02:46:03+00:00,1778208363000,8351,26.2307,42.2932,10.04418,104361,True,77.67329,3
20260508-002650,1778208375,2026-05-08 02:46:15+00:00,1778208375000,8363,26.23323,42.27789,10.0441,105213,True,76.3989,3
20260508-002650,1778208387,2026-05-08 02:46:27+00:00,1778208387000,8375,26.23323,42.27448,10.0441,104949,True,76.51525,3
20260508-002650,1778208399,2026-05-08 02:46:39+00:00,1778208399000,8387,26.23323,42.27275,10.04429,105213,True,76.76738,3
20260508-002650,1778208411,2026-05-08 02:46:51+00:00,1778208411000,8399,26.23323,42.26503,10.04431,104949,True,76.37129,3
20260508-002650,1778208423,2026-05-08 02:47:03+00:00,1778208423000,8411,26.23831,42.24124,10.04445,105147,True,76.35308,3
20260508-002650,1778208435,2026-05-08 02:47:15+00:00,1778208435000,8423,26.23831,42.25283,10.04436,106079,True,75.57282,3
20260508-002650,1778208447,2026-05-08 02:47:27+00:00,1778208447000,8435,26.23831,42.22581,10.04445,105081,True,75.51558,3
20260508-002650,1778208459,2026-05-08 02:47:39+00:00,1778208459000,8447,26.24084,42.23217,10.04438,105611,True,75.25653,3
20260508-002650,1778208471,2026-05-08 02:47:51+00:00,1778208471000,8459,26.23577,42.22579,10.04442,105811,True,74.27677,3
20260508-002650,1778208483,2026-05-08 02:48:03+00:00,1778208483000,8471,26.23831,42.23132,10.04436,105279,True,75.11847,3
20260508-002650,1778208495,2026-05-08 02:48:15+00:00,1778208495000,8483,26.24084,42.27707,10.04443,105213,True,75.44023,3
20260508-002650,1778208508,2026-05-08 02:48:28+00:00,1778208508000,8496,26.21548,42.48504,10.04438,99524,True,87.98227,3
20260508-002650,1778208520,2026-05-08 02:48:40+00:00,1778208520000,8508,26.2307,42.31659,10.04439,102760,True,87.19255,3
20260508-002650,1778208532,2026-05-08 02:48:52+00:00,1778208532000,8520,26.23577,42.27127,10.04444,104037,True,82.29971,3
20260508-002650,1778208544,2026-05-08 02:49:04+00:00,1778208544000,8532,26.24084,42.27993,10.04445,104949,True,79.00429,3
20260508-002650,1778208556,2026-05-08 02:49:16+00:00,1778208556000,8544,26.23577,42.28143,10.04448,105545,True,76.11426,3
20260508-002650,1778208568,2026-05-08 02:49:28+00:00,1778208568000,8556,26.23831,42.26501,10.04438,105744,True,75.54756,3
20260508-002650,1778208580,2026-05-08 02:49:40+00:00,1778208580000,8568,26.23831,42.2622,10.04447,105015,True,75.82354,3
20260508-002650,1778208592,2026-05-08 02:49:52+00:00,1778208592000,8580,26.24084,42.25927,10.04447,106079,True,74.71007,3
20260508-002650,1778208604,2026-05-08 02:50:04+00:00,1778208604000,8592,26.23323,42.2744,10.04408,105213,True,75.33215,3
20260508-002650,1778208616,2026-05-08 02:50:16+00:00,1778208616000,8604,26.24845,42.23323,10.04475,105545,True,74.89077,3
20260508-002650,1778208628,2026-05-08 02:50:28+00:00,1778208628000,8616,26.24591,42.22715,10.04452,105345,True,75.23328,3
20260508-002650,1778208640,2026-05-08 02:50:40+00:00,1778208640000,8628,26.24084,42.17892,10.04412,105678,True,74.92113,3
20260508-002650,1778208652,2026-05-08 02:50:52+00:00,1778208652000,8640,26.24591,42.19704,10.04432,104884,True,74.751,3
20260508-002650,1778208664,2026-05-08 02:51:04+00:00,1778208664000,8652,26.24338,42.22425,10.04404,105678,True,73.72404,3
20260508-002650,1778208676,2026-05-08 02:51:16+00:00,1778208676000,8664,26.24845,42.23793,10.04434,105147,True,74.75146,3
20260508-002650,1778208688,2026-05-08 02:51:28+00:00,1778208688000,8676,26.24338,42.22311,10.04421,105744,True,74.48129,3
20260508-002650,1778208700,2026-05-08 02:51:40+00:00,1778208700000,8688,26.24338,42.23779,10.04402,105811,True,74.05609,3
20260508-002650,1778208712,2026-05-08 02:51:52+00:00,1778208712000,8700,26.24845,42.24992,10.04438,105811,True,74.46773,3
20260508-002650,1778208724,2026-05-08 02:52:04+00:00,1778208724000,8712,26.25099,42.2394,10.04411,105611,True,74.70896,3
20260508-002650,1778208736,2026-05-08 02:52:16+00:00,1778208736000,8724,26.24591,42.26031,10.04401,105744,True,74.42986,3
20260508-002650,1778208748,2026-05-08 02:52:28+00:00,1778208748000,8736,26.24845,42.25401,10.04422,106214,True,73.86296,3
20260508-002650,1778208760,2026-05-08 02:52:40+00:00,1778208760000,8748,26.24591,42.25668,10.04408,105678,True,74.2457,3
20260508-002650,1778208772,2026-05-08 02:52:52+00:00,1778208772000,8760,26.25099,42.25549,10.04419,105811,True,73.91022,3
20260508-002650,1778208784,2026-05-08 02:53:04+00:00,1778208784000,8772,26.24845,42.24479,10.0442,106214,True,72.99017,3
20260508-002650,1778208796,2026-05-08 02:53:16+00:00,1778208796000,8784,26.25605,42.23032,10.04413,106147,True,72.93433,3
20260508-002650,1778208808,2026-05-08 02:53:28+00:00,1778208808000,8796,26.24845,42.22473,10.04405,105744,True,73.49222,3
20260508-002650,1778208820,2026-05-08 02:53:40+00:00,1778208820000,8808,26.25099,42.20464,10.04414,105611,True,73.34151,3
20260508-002650,1778208832,2026-05-08 02:53:52+00:00,1778208832000,8820,26.24338,42.20447,10.04395,105744,True,73.74165,3
20260508-002650,1778208844,2026-05-08 02:54:04+00:00,1778208844000,8832,26.25099,42.17154,10.04423,106484,True,72.59234,3
20260508-002650,1778208856,2026-05-08 02:54:16+00:00,1778208856000,8844,26.25352,42.17109,10.04423,106214,True,73.0639,3
20260508-002650,1778208868,2026-05-08 02:54:28+00:00,1778208868000,8856,26.25099,42.17863,10.04426,105678,True,73.38157,3
20260508-002650,1778208880,2026-05-08 02:54:40+00:00,1778208880000,8868,26.22816,42.40396,10.04426,99940,True,85.42202,3
20260508-002650,1778208892,2026-05-08 02:54:52+00:00,1778208892000,8880,26.24338,42.20909,10.04418,103843,True,83.72327,3
20260508-002650,1778208904,2026-05-08 02:55:04+00:00,1778208904000,8892,26.24845,42.17509,10.04434,104687,True,79.57403,3
20260508-002650,1778208916,2026-05-08 02:55:16+00:00,1778208916000,8904,26.25352,42.14585,10.04451,105213,True,75.84966,3
20260508-002650,1778208928,2026-05-08 02:55:28+00:00,1778208928000,8916,26.24845,42.15627,10.04424,105478,True,75.57011,3
20260508-002650,1778208940,2026-05-08 02:55:40+00:00,1778208940000,8928,26.25099,42.15357,10.04428,105945,True,74.34194,3
20260508-002650,1778208952,2026-05-08 02:55:52+00:00,1778208952000,8940,26.25605,42.15621,10.04456,105678,True,74.40802,3
20260508-002650,1778208964,2026-05-08 02:56:04+00:00,1778208964000,8952,26.25352,42.18368,10.04451,106687,True,72.82939,3
20260508-002650,1778208976,2026-05-08 02:56:16+00:00,1778208976000,8964,26.25099,42.19318,10.04455,106416,True,72.75504,3
20260508-002650,1778208988,2026-05-08 02:56:28+00:00,1778208988000,8977,26.22309,42.43897,10.04438,99643,True,86.87993,3
20260508-002650,1778209000,2026-05-08 02:56:40+00:00,1778209000000,8989,26.24591,42.24538,10.04469,103908,True,85.24806,3
20260508-002650,1778209012,2026-05-08 02:56:52+00:00,1778209012000,9001,26.25099,42.21373,10.04446,105015,True,79.5871,3
20260508-002650,1778209024,2026-05-08 02:57:04+00:00,1778209024000,9013,26.24845,42.23124,10.04452,105279,True,77.22221,3
20260508-002650,1778209036,2026-05-08 02:57:16+00:00,1778209036000,9025,26.24845,42.2534,10.04454,105345,True,76.35598,3
20260508-002650,1778209048,2026-05-08 02:57:28+00:00,1778209048000,9037,26.25605,42.2209,10.04471,105945,True,75.25319,3
20260508-002650,1778209058,2026-05-08 02:57:38+00:00,1778209058000,9047,26.17492,42.66566,10.04453,96932,True,83.94798,3
20260508-002650,1778209070,2026-05-08 02:57:50+00:00,1778209070000,9059,26.24338,42.2847,10.04455,102258,True,88.61788,3
20260508-002650,1778209082,2026-05-08 02:58:02+00:00,1778209082000,9071,26.24591,42.23825,10.04474,104491,True,82.20623,3
20260508-002650,1778209094,2026-05-08 02:58:14+00:00,1778209094000,9083,26.24591,42.2255,10.04455,104949,True,79.03023,3
20260508-002650,1778209106,2026-05-08 02:58:26+00:00,1778209106000,9095,26.24845,42.22916,10.04485,105678,True,76.48547,3
20260508-002650,1778209118,2026-05-08 02:58:38+00:00,1778209118000,9107,26.24845,42.21091,10.04478,105744,True,75.31381,3
20260508-002650,1778209130,2026-05-08 02:58:50+00:00,1778209130000,9119,26.25352,42.17813,10.0446,106079,True,74.29552,3
20260508-002650,1778209142,2026-05-08 02:59:02+00:00,1778209142000,9131,26.26113,42.16396,10.04474,105744,True,74.02429,3
20260508-002650,1778209154,2026-05-08 02:59:14+00:00,1778209154000,9143,26.24845,42.19957,10.04442,105744,True,73.86989,3
20260508-002650,1778209166,2026-05-08 02:59:26+00:00,1778209166000,9155,26.25352,42.15719,10.0446,106079,True,73.61053,3
20260508-002650,1778209178,2026-05-08 02:59:38+00:00,1778209178000,9167,26.24845,42.17963,10.04438,105878,True,72.77286,3
20260508-002650,1778209190,2026-05-08 02:59:50+00:00,1778209190000,9179,26.25352,42.18035,10.04451,105878,True,73.82376,3
20260508-002650,1778209202,2026-05-08 03:00:02+00:00,1778209202000,9191,26.25352,42.18424,10.04443,106147,True,73.04796,3
20260508-002650,1778209214,2026-05-08 03:00:14+00:00,1778209214000,9203,26.26366,42.17593,10.04457,106755,True,72.60126,3
20260508-002650,1778209226,2026-05-08 03:00:26+00:00,1778209226000,9215,26.26113,42.19864,10.04446,106281,True,73.10565,3
20260508-002650,1778209238,2026-05-08 03:00:38+00:00,1778209238000,9227,26.26113,42.18733,10.0443,106012,True,72.8059,3
20260508-002650,1778209251,2026-05-08 03:00:51+00:00,1778209251000,9239,26.31287,42.05806,10.04426,106552,True,72.44161,3
20260508-002650,1778209263,2026-05-08 03:01:03+00:00,1778209263000,9251,26.23577,42.4086,10.04421,97383,True,103.38428,3
20260508-002650,1778209275,2026-05-08 03:01:15+00:00,1778209275000,9263,26.24845,42.25289,10.04396,101515,True,94.40808,3
20260508-002650,1778209287,2026-05-08 03:01:27+00:00,1778209287000,9275,26.24845,42.23365,10.04417,103458,True,85.8875,3
20260508-002650,1778209299,2026-05-08 03:01:39+00:00,1778209299000,9287,26.25099,42.23473,10.04404,104556,True,80.64733,3
20260508-002650,1778209311,2026-05-08 03:01:51+00:00,1778209311000,9299,26.26113,42.19746,10.04415,104949,True,77.63424,3
20260508-002650,1778209323,2026-05-08 03:02:03+00:00,1778209323000,9311,26.25859,42.20744,10.04396,105878,True,75.18102,3
20260508-002650,1778209335,2026-05-08 03:02:15+00:00,1778209335000,9323,26.25605,42.19974,10.04375,106079,True,74.18809,3
20260508-002650,1778209347,2026-05-08 03:02:27+00:00,1778209347000,9335,26.25859,42.19729,10.04402,105147,True,75.27991,3
20260508-002650,1778209359,2026-05-08 03:02:39+00:00,1778209359000,9347,26.25859,42.2039,10.04384,105678,True,74.32161,3
20260508-002650,1778209371,2026-05-08 03:02:51+00:00,1778209371000,9360,26.23577,42.46593,10.04369,100119,True,86.61063,3
20260508-002650,1778209383,2026-05-08 03:03:03+00:00,1778209383000,9372,26.25352,42.25717,10.04378,103203,True,85.39281,3
20260508-002650,1778209395,2026-05-08 03:03:15+00:00,1778209395000,9384,26.26366,42.21494,10.04392,103522,True,81.22429,3
20260508-002650,1778209407,2026-05-08 03:03:27+00:00,1778209407000,9396,26.26366,42.213,10.04383,105213,True,77.43762,3
20260508-002650,1778209419,2026-05-08 03:03:39+00:00,1778209419000,9408,26.25859,42.23441,10.04356,105345,True,75.74341,3
20260508-002650,1778209431,2026-05-08 03:03:51+00:00,1778209431000,9420,26.25859,42.23695,10.04367,106619,True,73.61945,3
20260508-002650,1778209443,2026-05-08 03:04:03+00:00,1778209443000,9432,26.26113,42.21484,10.0438,106147,True,73.59142,3
20260508-002650,1778209455,2026-05-08 03:04:15+00:00,1778209455000,9444,26.25605,42.20152,10.04357,106281,True,72.56277,3
20260508-002650,1778209467,2026-05-08 03:04:27+00:00,1778209467000,9456,26.25859,42.20674,10.04368,106755,True,72.30357,3
20260508-002650,1778209479,2026-05-08 03:04:39+00:00,1778209479000,9468,26.27127,42.20112,10.04389,105478,True,73.92914,3
20260508-002650,1778209491,2026-05-08 03:04:51+00:00,1778209491000,9480,26.26366,42.21454,10.04378,106214,True,73.64354,3
20260508-002650,1778209503,2026-05-08 03:05:03+00:00,1778209503000,9492,26.25859,42.21342,10.04354,105945,True,73.02749,3
20260508-002650,1778209515,2026-05-08 03:05:15+00:00,1778209515000,9504,26.26873,42.17774,10.04392,106147,True,72.69827,3
20260508-002650,1778209527,2026-05-08 03:05:27+00:00,1778209527000,9516,26.26873,42.18291,10.04393,106484,True,72.82727,3
20260508-002650,1778209539,2026-05-08 03:05:39+00:00,1778209539000,9528,26.2662,42.17243,10.04381,106687,True,72.64227,3
20260508-002650,1778209551,2026-05-08 03:05:51+00:00,1778209551000,9540,26.2662,42.16055,10.04396,105945,True,73.11915,3
20260508-002650,1778209563,2026-05-08 03:06:03+00:00,1778209563000,9552,26.26366,42.17237,10.04399,107028,True,71.51723,3
20260508-002650,1778209575,2026-05-08 03:06:15+00:00,1778209575000,9564,26.26366,42.18136,10.04383,107165,True,71.27245,3
20260508-002650,1778209587,2026-05-08 03:06:27+00:00,1778209587000,9576,26.2662,42.14105,10.04379,106687,True,71.68415,3
20260508-002650,1778209599,2026-05-08 03:06:39+00:00,1778209599000,9588,26.27127,42.137,10.04401,106619,True,71.20113,3
20260508-002650,1778209611,2026-05-08 03:06:51+00:00,1778209611000,9600,26.27127,42.13755,10.04394,106892,True,70.88295,3
20260508-002650,1778209623,2026-05-08 03:07:03+00:00,1778209623000,9611,26.32169,42.01841,10.04383,106416,True,71.25955,3
20260508-002650,1778209635,2026-05-08 03:07:15+00:00,1778209635000,9623,26.24338,42.3252,10.04381,98355,True,99.29565,3
20260508-002650,1778209647,2026-05-08 03:07:27+00:00,1778209647000,9635,26.25859,42.16933,10.04375,102446,True,91.26135,3
20260508-002650,1778209659,2026-05-08 03:07:39+00:00,1778209659000,9647,26.26113,42.16178,10.04364,105147,True,82.6346,3
20260508-002650,1778209671,2026-05-08 03:07:51+00:00,1778209671000,9659,26.26366,42.14345,10.0438,105545,True,78.28566,3
20260508-002650,1778209683,2026-05-08 03:08:03+00:00,1778209683000,9671,26.26366,42.14146,10.04375,106079,True,76.20397,3
20260508-002650,1778209695,2026-05-08 03:08:15+00:00,1778209695000,9683,26.27127,42.13592,10.0437,105213,True,75.0396,3
20260508-002650,1778209707,2026-05-08 03:08:27+00:00,1778209707000,9695,26.2738,42.15162,10.04388,105945,True,73.77219,3
20260508-002650,1778209719,2026-05-08 03:08:39+00:00,1778209719000,9707,26.26873,42.12916,10.04353,106012,True,73.16234,3
20260508-002650,1778209731,2026-05-08 03:08:51+00:00,1778209731000,9719,26.2662,42.15281,10.04339,106687,True,72.92743,3
20260508-002650,1778209743,2026-05-08 03:09:03+00:00,1778209743000,9731,26.27888,42.13954,10.04354,106281,True,72.35758,3
20260508-002650,1778209755,2026-05-08 03:09:15+00:00,1778209755000,9743,26.27127,42.16351,10.04354,105412,True,73.2329,3
20260508-002650,1778209767,2026-05-08 03:09:27+00:00,1778209767000,9755,26.2738,42.17969,10.04354,105611,True,73.15029,3
20260508-002650,1778209779,2026-05-08 03:09:39+00:00,1778209779000,9767,26.2738,42.15659,10.04359,106484,True,72.95517,3
20260508-002650,1778209791,2026-05-08 03:09:51+00:00,1778209791000,9779,26.28141,42.16941,10.04356,106552,True,72.79105,3
20260508-002650,1778209803,2026-05-08 03:10:03+00:00,1778209803000,9791,26.2738,42.16739,10.0434,106552,True,72.30143,3
20260508-002650,1778209815,2026-05-08 03:10:15+00:00,1778209815000,9803,26.27634,42.14448,10.04341,106823,True,71.28937,3
20260508-002650,1778209827,2026-05-08 03:10:27+00:00,1778209827000,9815,26.27634,42.15716,10.04353,106281,True,71.97084,3
20260508-002650,1778209839,2026-05-08 03:10:39+00:00,1778209839000,9827,26.2738,42.13932,10.04337,106079,True,72.23212,3
20260508-002650,1778209851,2026-05-08 03:10:51+00:00,1778209851000,9839,26.27127,42.12869,10.04331,106079,True,71.89023,3
20260508-002650,1778209863,2026-05-08 03:11:03+00:00,1778209863000,9851,26.28141,42.11131,10.04345,106281,True,71.80733,3
20260508-002650,1778209875,2026-05-08 03:11:15+00:00,1778209875000,9863,26.27127,42.12015,10.04338,106552,True,71.83501,3
20260508-002650,1778209887,2026-05-08 03:11:27+00:00,1778209887000,9875,26.27634,42.08194,10.04346,106552,True,71.96845,3
20260508-002650,1778209899,2026-05-08 03:11:39+00:00,1778209899000,9887,26.28141,42.1059,10.04351,106552,True,71.88512,3
20260508-002650,1778209911,2026-05-08 03:11:51+00:00,1778209911000,9899,26.28141,42.09745,10.04351,107028,True,71.55911,3
20260508-002650,1778209921,2026-05-08 03:12:01+00:00,1778209921000,9909,26.20027,42.56407,10.04345,97610,True,81.8194,3
20260508-002650,1778209933,2026-05-08 03:12:13+00:00,1778209933000,9921,26.2662,42.19063,10.0433,102760,True,86.66501,3
20260508-002650,1778209945,2026-05-08 03:12:25+00:00,1778209945000,9933,26.2738,42.11069,10.04331,104491,True,81.12791,3
20260508-002650,1778209957,2026-05-08 03:12:37+00:00,1778209957000,9945,26.27888,42.1231,10.04345,105213,True,77.28996,3
20260508-002650,1778209969,2026-05-08 03:12:49+00:00,1778209969000,9957,26.27888,42.11691,10.04355,105545,True,75.80733,3
20260508-002650,1778209981,2026-05-08 03:13:01+00:00,1778209981000,9969,26.27634,42.08437,10.04346,106079,True,74.41077,3
20260508-002650,1778209993,2026-05-08 03:13:13+00:00,1778209993000,9981,26.2738,42.06726,10.04354,104622,True,76.73441,3
20260508-002650,1778210005,2026-05-08 03:13:25+00:00,1778210005000,9993,26.27888,42.09634,10.04357,104361,True,77.84445,3
20260508-002650,1778210017,2026-05-08 03:13:37+00:00,1778210017000,10005,26.27634,42.12954,10.04358,104884,True,77.06119,3
20260508-002650,1778210029,2026-05-08 03:13:49+00:00,1778210029000,10017,26.27888,42.18264,10.0435,106079,True,75.00378,3
20260508-002650,1778210041,2026-05-08 03:14:01+00:00,1778210041000,10029,26.27888,42.16859,10.04343,106687,True,72.9656,3
20260508-002650,1778210053,2026-05-08 03:14:13+00:00,1778210053000,10041,26.28395,42.14859,10.04351,106484,True,72.70229,3
20260508-002650,1778210065,2026-05-08 03:14:25+00:00,1778210065000,10053,26.28141,42.15292,10.04363,106960,True,71.64936,3
20260508-002650,1778210077,2026-05-08 03:14:37+00:00,1778210077000,10065,26.28395,42.1476,10.04353,106552,True,71.47562,3
20260508-002650,1778210089,2026-05-08 03:14:49+00:00,1778210089000,10077,26.28648,42.1389,10.04343,106281,True,71.9949,3
20260508-002650,1778210101,2026-05-08 03:15:01+00:00,1778210101000,10089,26.27634,42.15219,10.04321,106281,True,71.71108,3
20260508-002650,1778210113,2026-05-08 03:15:13+00:00,1778210113000,10101,26.27888,42.13958,10.04338,106619,True,71.17059,3
20260508-002650,1778210125,2026-05-08 03:15:25+00:00,1778210125000,10113,26.28395,42.13136,10.04316,106552,True,70.52067,3
20260508-002650,1778210137,2026-05-08 03:15:37+00:00,1778210137000,10125,26.28141,42.13648,10.04317,106687,True,71.38461,3
20260508-002650,1778210149,2026-05-08 03:15:49+00:00,1778210149000,10137,26.28395,42.1268,10.04314,106892,True,70.78677,3
20260508-002650,1778210161,2026-05-08 03:16:01+00:00,1778210161000,10149,26.28648,42.13123,10.0432,106892,True,70.82694,3
20260508-002650,1778210173,2026-05-08 03:16:13+00:00,1778210173000,10161,26.28395,42.12226,10.04327,106823,True,71.4487,3
20260508-002650,1778210185,2026-05-08 03:16:25+00:00,1778210185000,10173,26.28902,42.09346,10.04317,106687,True,71.41526,3
20260508-002650,1778210197,2026-05-08 03:16:37+00:00,1778210197000,10186,26.26113,42.36975,10.0433,99821,True,85.71666,3
20260508-002650,1778210209,2026-05-08 03:16:49+00:00,1778210209000,10198,26.27888,42.15345,10.04301,104101,True,84.52242,3
20260508-002650,1778210221,2026-05-08 03:17:01+00:00,1778210221000,10210,26.28141,42.12106,10.04305,105081,True,79.17483,3
20260508-002650,1778210233,2026-05-08 03:17:13+00:00,1778210233000,10222,26.28395,42.1248,10.04307,105611,True,75.94198,3
20260508-002650,1778210245,2026-05-08 03:17:25+00:00,1778210245000,10234,26.28395,42.13906,10.04298,106349,True,73.64095,3
20260508-002650,1778210257,2026-05-08 03:17:37+00:00,1778210257000,10246,26.28902,42.13909,10.04294,105811,True,73.63373,3
20260508-002650,1778210269,2026-05-08 03:17:49+00:00,1778210269000,10258,26.28648,42.18112,10.04308,106619,True,71.8888,3
20260508-002650,1778210281,2026-05-08 03:18:01+00:00,1778210281000,10270,26.28395,42.14983,10.04297,106349,True,72.16153,3
20260508-002650,1778210293,2026-05-08 03:18:13+00:00,1778210293000,10282,26.28648,42.15192,10.04299,106079,True,71.94159,3
20260508-002650,1778210305,2026-05-08 03:18:25+00:00,1778210305000,10294,26.28648,42.14079,10.04287,106349,True,72.04324,3
20260508-002650,1778210317,2026-05-08 03:18:37+00:00,1778210317000,10306,26.28395,42.13846,10.04318,106823,True,71.44637,3
20260508-002650,1778210329,2026-05-08 03:18:49+00:00,1778210329000,10318,26.28648,42.13151,10.04311,106416,True,71.38852,3
20260508-002650,1778210341,2026-05-08 03:19:01+00:00,1778210341000,10330,26.28395,42.11273,10.04316,106960,True,70.7646,3
20260508-002650,1778210353,2026-05-08 03:19:13+00:00,1778210353000,10342,26.28395,42.12616,10.04307,105945,True,71.09868,3
20260508-002650,1778210365,2026-05-08 03:19:25+00:00,1778210365000,10354,26.28902,42.14612,10.04324,106687,True,70.83254,3
20260508-002650,1778210377,2026-05-08 03:19:37+00:00,1778210377000,10365,26.33755,42.00518,10.04304,107028,True,70.53128,3
20260508-002650,1778210389,2026-05-08 03:19:49+00:00,1778210389000,10377,26.2662,42.33173,10.04333,98355,True,99.98214,3
20260508-002650,1778210401,2026-05-08 03:20:01+00:00,1778210401000,10389,26.2738,42.16546,10.0433,102760,True,90.78532,3
20260508-002650,1778210413,2026-05-08 03:20:13+00:00,1778210413000,10401,26.27634,42.11553,10.04323,103779,True,84.00102,3
20260508-002650,1778210425,2026-05-08 03:20:25+00:00,1778210425000,10413,26.27634,42.10029,10.04335,104361,True,80.48623,3
20260508-002650,1778210437,2026-05-08 03:20:37+00:00,1778210437000,10425,26.27634,42.11592,10.04339,105213,True,77.72493,3
20260508-002650,1778210449,2026-05-08 03:20:49+00:00,1778210449000,10437,26.2738,42.13256,10.04342,104556,True,77.48737,3
20260508-002650,1778210461,2026-05-08 03:21:01+00:00,1778210461000,10449,26.27888,42.13682,10.04333,105015,True,77.48486,3
20260508-002650,1778210473,2026-05-08 03:21:13+00:00,1778210473000,10461,26.28141,42.12932,10.04356,105811,True,74.91121,3
20260508-002650,1778210485,2026-05-08 03:21:25+00:00,1778210485000,10473,26.28141,42.15928,10.04351,105611,True,74.69851,3
20260508-002650,1778210497,2026-05-08 03:21:37+00:00,1778210497000,10485,26.28395,42.12714,10.04346,106892,True,72.60826,3
20260508-002650,1778210509,2026-05-08 03:21:49+00:00,1778210509000,10497,26.28395,42.14714,10.04346,106281,True,72.74683,3
20260508-002650,1778210521,2026-05-08 03:22:01+00:00,1778210521000,10509,26.28141,42.14259,10.04335,106755,True,71.82098,3
20260508-002650,1778210533,2026-05-08 03:22:13+00:00,1778210533000,10521,26.28141,42.11761,10.04335,106892,True,71.86798,3
20260508-002650,1778210545,2026-05-08 03:22:25+00:00,1778210545000,10533,26.28141,42.09984,10.04349,106755,True,71.56969,3
20260508-002650,1778210557,2026-05-08 03:22:37+00:00,1778210557000,10545,26.28395,42.0686,10.0437,107028,True,71.15825,3
20260508-002650,1778210569,2026-05-08 03:22:49+00:00,1778210569000,10557,26.28902,42.06789,10.04365,106892,True,71.41956,3
20260508-002650,1778210581,2026-05-08 03:23:01+00:00,1778210581000,10569,26.28141,42.05481,10.04338,106687,True,71.19962,3
20260508-002650,1778210593,2026-05-08 03:23:13+00:00,1778210593000,10581,26.28902,42.06279,10.04356,106960,True,71.27667,3
20260508-002650,1778210605,2026-05-08 03:23:25+00:00,1778210605000,10593,26.28141,42.05421,10.04354,106484,True,71.70009,3
20260508-002650,1778210617,2026-05-08 03:23:37+00:00,1778210617000,10605,26.28141,42.06718,10.04331,106416,True,71.24319,3
20260508-002650,1778210629,2026-05-08 03:23:49+00:00,1778210629000,10617,26.28902,42.01926,10.04358,107028,True,71.3101,3
20260508-002650,1778210641,2026-05-08 03:24:01+00:00,1778210641000,10629,26.28902,42.00508,10.04354,105878,True,72.95885,3
20260508-002650,1778210653,2026-05-08 03:24:13+00:00,1778210653000,10641,26.28395,41.98169,10.04335,104752,True,76.03738,3
20260508-002650,1778210665,2026-05-08 03:24:25+00:00,1778210665000,10653,26.28141,41.99916,10.04326,104556,True,78.06986,3
20260508-002650,1778210677,2026-05-08 03:24:37+00:00,1778210677000,10665,26.28141,42.01026,10.04335,103908,True,79.29468,3
20260508-002650,1778210689,2026-05-08 03:24:49+00:00,1778210689000,10677,26.28902,42.03128,10.04323,104556,True,78.92297,3
20260508-002650,1778210701,2026-05-08 03:25:01+00:00,1778210701000,10689,26.28395,42.07795,10.04349,105081,True,77.83565,3
20260508-002650,1778210713,2026-05-08 03:25:13+00:00,1778210713000,10701,26.29155,42.10278,10.04337,105611,True,76.44046,3
20260508-002650,1778210725,2026-05-08 03:25:25+00:00,1778210725000,10713,26.28648,42.0951,10.04338,105545,True,75.8121,3
20260508-002650,1778210737,2026-05-08 03:25:37+00:00,1778210737000,10725,26.29155,42.10181,10.04339,105811,True,74.30559,3
20260508-002650,1778210749,2026-05-08 03:25:49+00:00,1778210749000,10737,26.35007,41.94346,10.04347,105744,True,74.43199,3
20260508-002650,1778210761,2026-05-08 03:26:01+00:00,1778210761000,10749,26.26366,42.3092,10.04327,97667,True,102.05248,3
20260508-002650,1778210773,2026-05-08 03:26:13+00:00,1778210773000,10761,26.28141,42.15485,10.0434,103140,True,91.62558,3
20260508-002650,1778210785,2026-05-08 03:26:25+00:00,1778210785000,10773,26.28648,42.13058,10.04343,104231,True,83.64533,3
20260508-002650,1778210797,2026-05-08 03:26:37+00:00,1778210797000,10785,26.29155,42.12787,10.04353,104818,True,78.81996,3
20260508-002650,1778210809,2026-05-08 03:26:49+00:00,1778210809000,10797,26.28648,42.11264,10.04341,106214,True,76.01463,3
20260508-002650,1778210821,2026-05-08 03:27:01+00:00,1778210821000,10809,26.29916,42.09676,10.04351,105744,True,74.19518,3
20260508-002650,1778210833,2026-05-08 03:27:13+00:00,1778210833000,10821,26.29409,42.10566,10.04343,106349,True,73.09698,3
20260508-002650,1778210845,2026-05-08 03:27:25+00:00,1778210845000,10833,26.29663,42.11637,10.04361,106484,True,72.81338,3
20260508-002650,1778210857,2026-05-08 03:27:37+00:00,1778210857000,10845,26.29663,42.11689,10.04361,106147,True,72.2334,3
20260508-002650,1778210869,2026-05-08 03:27:49+00:00,1778210869000,10857,26.29155,42.13985,10.04346,106281,True,71.97285,3
20260508-002650,1778210881,2026-05-08 03:28:01+00:00,1778210881000,10869,26.29155,42.12551,10.04333,106823,True,71.94331,3
20260508-002650,1778210893,2026-05-08 03:28:13+00:00,1778210893000,10881,26.29916,42.11019,10.04353,106552,True,70.83298,3
20260508-002650,1778210905,2026-05-08 03:28:25+00:00,1778210905000,10893,26.29663,42.12791,10.04344,106755,True,70.46841,3
20260508-002650,1778210917,2026-05-08 03:28:37+00:00,1778210917000,10905,26.30423,42.10652,10.04349,106619,True,70.6747,3
20260508-002650,1778210929,2026-05-08 03:28:49+00:00,1778210929000,10917,26.30423,42.11628,10.04363,106687,True,71.59464,3
20260508-002650,1778210941,2026-05-08 03:29:01+00:00,1778210941000,10929,26.30423,42.11236,10.04358,106214,True,71.62916,3
20260508-002650,1778210953,2026-05-08 03:29:13+00:00,1778210953000,10941,26.29663,42.13386,10.04349,106755,True,70.54007,3
20260508-002650,1778210965,2026-05-08 03:29:25+00:00,1778210965000,10953,26.3017,42.09559,10.04346,106552,True,70.72156,3
20260508-002650,1778210977,2026-05-08 03:29:37+00:00,1778210977000,10965,26.30423,42.09105,10.04345,106619,True,70.81277,3
20260508-002650,1778210989,2026-05-08 03:29:49+00:00,1778210989000,10977,26.29916,42.09998,10.04348,106755,True,70.24591,3
20260508-002650,1778211001,2026-05-08 03:30:01+00:00,1778211001000,10989,26.30423,42.06945,10.04354,107097,True,70.11346,3
20260508-002650,1778211013,2026-05-08 03:30:13+00:00,1778211013000,11001,26.30423,42.05122,10.04329,106892,True,70.34364,3
20260508-002650,1778211025,2026-05-08 03:30:25+00:00,1778211025000,11013,26.3017,42.05463,10.04332,106755,True,70.3494,3
20260508-002650,1778211037,2026-05-08 03:30:37+00:00,1778211037000,11025,26.30423,42.08466,10.04333,106755,True,69.92856,3
20260508-002650,1778211049,2026-05-08 03:30:49+00:00,1778211049000,11037,26.30423,42.07332,10.04333,106823,True,69.85612,3
20260508-002650,1778211061,2026-05-08 03:31:01+00:00,1778211061000,11049,26.30423,42.08949,10.04322,107165,True,69.97553,3
20260508-002650,1778211073,2026-05-08 03:31:13+00:00,1778211073000,11061,26.3017,42.11021,10.04313,106755,True,70.41004,3
20260508-002650,1778211085,2026-05-08 03:31:25+00:00,1778211085000,11073,26.30423,42.09426,10.04315,107028,True,70.23574,3
20260508-002650,1778211097,2026-05-08 03:31:37+00:00,1778211097000,11085,26.3017,42.10838,10.04294,106619,True,70.10969,3
20260508-002650,1778211109,2026-05-08 03:31:49+00:00,1778211109000,11097,26.30423,42.0793,10.04312,106892,True,69.88536,3
20260508-002650,1778211121,2026-05-08 03:32:01+00:00,1778211121000,11109,26.3093,42.06798,10.04329,107440,True,69.18401,3
20260508-002650,1778211133,2026-05-08 03:32:13+00:00,1778211133000,11121,26.30423,42.04985,10.04308,106755,True,70.37048,3
20260508-002650,1778211145,2026-05-08 03:32:25+00:00,1778211145000,11133,26.30423,42.08216,10.043,106281,True,71.3173,3
20260508-002650,1778211157,2026-05-08 03:32:37+00:00,1778211157000,11145,26.30423,42.07932,10.04303,106416,True,71.4473,3
20260508-002650,1778211169,2026-05-08 03:32:49+00:00,1778211169000,11157,26.30677,42.06427,10.04325,106960,True,70.58929,3
20260508-002650,1778211181,2026-05-08 03:33:01+00:00,1778211181000,11169,26.30677,42.11305,10.04323,107028,True,70.03504,3
20260508-002650,1778211193,2026-05-08 03:33:13+00:00,1778211193000,11181,26.30677,42.09206,10.043,107440,True,69.65682,3
20260508-002650,1778211205,2026-05-08 03:33:25+00:00,1778211205000,11193,26.3093,42.07578,10.04316,107509,True,69.9559,3
20260508-002650,1778211217,2026-05-08 03:33:37+00:00,1778211217000,11205,26.30423,42.08632,10.04331,106484,True,70.11039,3
20260508-002650,1778211229,2026-05-08 03:33:49+00:00,1778211229000,11217,26.29916,42.08328,10.04311,106960,True,69.03228,3
20260508-002650,1778211241,2026-05-08 03:34:01+00:00,1778211241000,11229,26.30677,42.06847,10.04333,107028,True,69.69341,3
20260508-002650,1778211253,2026-05-08 03:34:13+00:00,1778211253000,11241,26.3017,42.07628,10.04316,106619,True,70.08658,3
20260508-002650,1778211265,2026-05-08 03:34:25+00:00,1778211265000,11253,26.3093,42.04889,10.04332,107578,True,69.20977,3
20260508-002650,1778211277,2026-05-08 03:34:37+00:00,1778211277000,11265,26.31184,42.0676,10.04343,107647,True,68.71909,3
20260508-002650,1778211289,2026-05-08 03:34:49+00:00,1778211289000,11277,26.3093,42.08371,10.04325,107509,True,68.77589,3
20260508-002650,1778211301,2026-05-08 03:35:01+00:00,1778211301000,11289,26.30423,42.0833,10.04337,107165,True,69.69594,3
20260508-002650,1778211313,2026-05-08 03:35:13+00:00,1778211313000,11301,26.3017,42.07177,10.04325,106823,True,69.3951,3
20260508-002650,1778211325,2026-05-08 03:35:25+00:00,1778211325000,11313,26.31184,42.07431,10.04354,107440,True,68.93083,3
20260508-002650,1778211337,2026-05-08 03:35:37+00:00,1778211337000,11325,26.31184,42.05346,10.04352,107303,True,69.77494,3
20260508-002650,1778211349,2026-05-08 03:35:49+00:00,1778211349000,11337,26.30677,42.02238,10.04332,105213,True,72.52444,3
20260508-002650,1778211361,2026-05-08 03:36:01+00:00,1778211361000,11349,26.3093,41.99702,10.04343,104426,True,76.25427,3
20260508-002650,1778211373,2026-05-08 03:36:13+00:00,1778211373000,11361,26.30423,41.98997,10.04333,103458,True,81.31956,3
20260508-002650,1778211385,2026-05-08 03:36:25+00:00,1778211385000,11373,26.30423,41.92052,10.04326,102321,True,85.04436,3
20260508-002650,1778211397,2026-05-08 03:36:37+00:00,1778211397000,11385,26.31184,41.93896,10.0435,102509,True,86.33864,3
20260508-002650,1778211409,2026-05-08 03:36:49+00:00,1778211409000,11397,26.3017,41.97023,10.04348,102509,True,86.48636,3
20260508-002650,1778211421,2026-05-08 03:37:01+00:00,1778211421000,11409,26.31184,41.9518,10.04361,102697,True,85.18669,3
20260508-002650,1778211433,2026-05-08 03:37:13+00:00,1778211433000,11421,26.3093,41.97384,10.04334,102697,True,85.1502,3
20260508-002650,1778211445,2026-05-08 03:37:25+00:00,1778211445000,11433,26.30677,41.99471,10.0436,102509,True,85.93729,3
20260508-002650,1778211457,2026-05-08 03:37:37+00:00,1778211457000,11445,26.3093,41.97063,10.04364,102321,True,86.77104,3
20260508-002650,1778211469,2026-05-08 03:37:49+00:00,1778211469000,11457,26.30677,41.93293,10.04354,101330,True,89.206,3
20260508-002650,1778211481,2026-05-08 03:38:01+00:00,1778211481000,11469,26.3093,41.89835,10.04371,101947,True,89.40398,3
20260508-002650,1778211493,2026-05-08 03:38:13+00:00,1778211493000,11481,26.3093,41.91395,10.04378,101576,True,90.24965,3
20260508-002650,1778211505,2026-05-08 03:38:25+00:00,1778211505000,11493,26.30677,41.92888,10.04381,102196,True,88.44135,3
20260508-002650,1778211517,2026-05-08 03:38:37+00:00,1778211517000,11505,26.31437,41.93009,10.04393,102134,True,87.89197,3
20260508-002650,1778211529,2026-05-08 03:38:49+00:00,1778211529000,11517,26.31184,41.9533,10.04375,102383,True,87.43326,3
20260508-002650,1778211541,2026-05-08 03:39:01+00:00,1778211541000,11529,26.31184,41.89749,10.04391,103203,True,85.31568,3
20260508-002650,1778211553,2026-05-08 03:39:13+00:00,1778211553000,11541,26.30423,41.92065,10.04379,102571,True,86.20827,3
20260508-002650,1778211565,2026-05-08 03:39:25+00:00,1778211565000,11553,26.30677,41.96642,10.04372,101947,True,88.37862,3
20260508-002650,1778211577,2026-05-08 03:39:37+00:00,1778211577000,11565,26.3093,41.9928,10.04392,102886,True,86.24784,3
20260508-002650,1778211589,2026-05-08 03:39:49+00:00,1778211589000,11577,26.3093,41.9712,10.04392,102697,True,84.70398,3
20260508-002650,1778211601,2026-05-08 03:40:01+00:00,1778211601000,11589,26.29916,41.93579,10.04385,103843,True,83.03329,3
20260508-002650,1778211613,2026-05-08 03:40:13+00:00,1778211613000,11601,26.30677,41.87477,10.04393,103013,True,84.58624,3
20260508-002650,1778211625,2026-05-08 03:40:25+00:00,1778211625000,11613,26.3017,41.89387,10.04366,103013,True,84.90705,3
20260508-002650,1778211637,2026-05-08 03:40:37+00:00,1778211637000,11625,26.30677,41.89977,10.04383,102571,True,85.48209,3
20260508-002650,1778211649,2026-05-08 03:40:49+00:00,1778211649000,11637,26.30677,41.94773,10.04388,103203,True,84.95904,3
20260508-002650,1778211661,2026-05-08 03:41:01+00:00,1778211661000,11649,26.3093,41.95665,10.0439,103586,True,83.36217,3
20260508-002650,1778211673,2026-05-08 03:41:13+00:00,1778211673000,11661,26.31184,41.97078,10.04394,103972,True,82.00014,3
20260508-002650,1778211685,2026-05-08 03:41:25+00:00,1778211685000,11673,26.36063,41.85471,10.04388,104101,True,81.70129,3
20260508-002650,1778211695,2026-05-08 03:41:35+00:00,1778211695000,11684,26.20534,42.76084,10.04395,85784,True,114.90287,3
20260508-002650,1778211707,2026-05-08 03:41:47+00:00,1778211707000,11696,26.28902,42.141,10.04386,95605,True,118.13689,3
20260508-002650,1778211719,2026-05-08 03:41:59+00:00,1778211719000,11708,26.29409,42.06943,10.04366,99821,True,103.84079,3
20260508-002650,1778211731,2026-05-08 03:42:11+00:00,1778211731000,11720,26.29663,42.01682,10.04389,101269,True,93.78053,3
20260508-002650,1778211743,2026-05-08 03:42:23+00:00,1778211743000,11732,26.30677,41.98101,10.04398,101453,True,90.50467,3
20260508-002650,1778211755,2026-05-08 03:42:35+00:00,1778211755000,11744,26.3017,41.94686,10.04394,101576,True,91.24718,3
20260508-002650,1778211767,2026-05-08 03:42:47+00:00,1778211767000,11756,26.30423,41.9135,10.04387,101453,True,90.38824,3
20260508-002650,1778211779,2026-05-08 03:42:59+00:00,1778211779000,11768,26.29916,41.96042,10.04372,101885,True,90.12793,3
20260508-002650,1778211791,2026-05-08 03:43:11+00:00,1778211791000,11780,26.31184,41.91492,10.04387,101269,True,90.08908,3
20260508-002650,1778211803,2026-05-08 03:43:23+00:00,1778211803000,11792,26.31184,41.91695,10.04375,100964,True,91.35489,3
20260508-002650,1778211815,2026-05-08 03:43:35+00:00,1778211815000,11804,26.30423,41.92284,10.0437,101823,True,90.56104,3
20260508-002650,1778211827,2026-05-08 03:43:47+00:00,1778211827000,11816,26.30423,41.92062,10.04372,101147,True,91.98512,3
20260508-002650,1778211839,2026-05-08 03:43:59+00:00,1778211839000,11828,26.30423,41.95716,10.04354,101576,True,90.62533,3
20260508-002650,1778211851,2026-05-08 03:44:11+00:00,1778211851000,11840,26.30423,41.96736,10.04352,101885,True,89.81577,3
20260508-002650,1778211863,2026-05-08 03:44:23+00:00,1778211863000,11852,26.31184,41.96594,10.04366,102071,True,88.43167,3
20260508-002650,1778211875,2026-05-08 03:44:35+00:00,1778211875000,11864,26.31184,41.98608,10.04352,103013,True,87.00189,3
20260508-002650,1778211886,2026-05-08 03:44:46+00:00,1778211886000,11874,26.2307,42.4558,10.04364,94389,True,96.59893,3
20260508-002650,1778211898,2026-05-08 03:44:58+00:00,1778211898000,11886,26.30423,42.05758,10.04372,98820,True,102.75571,3
20260508-002650,1778211910,2026-05-08 03:45:10+00:00,1778211910000,11898,26.3093,41.9737,10.04369,100239,True,96.17981,3
20260508-002650,1778211922,2026-05-08 03:45:22+00:00,1778211922000,11910,26.31437,41.94239,10.04376,101885,True,91.40253,3
20260508-002650,1778211934,2026-05-08 03:45:34+00:00,1778211934000,11922,26.3093,41.9256,10.04378,100782,True,91.69736,3
20260508-002650,1778211946,2026-05-08 03:45:46+00:00,1778211946000,11934,26.3093,41.90467,10.04357,100119,True,95.21849,3
20260508-002650,1778211958,2026-05-08 03:45:58+00:00,1778211958000,11946,26.30677,41.91078,10.04365,100540,True,95.43327,3
20260508-002650,1778211970,2026-05-08 03:46:10+00:00,1778211970000,11958,26.31184,41.90692,10.04363,100179,True,95.97057,3
20260508-002650,1778211982,2026-05-08 03:46:22+00:00,1778211982000,11970,26.31691,41.88151,10.04369,99821,True,96.4187,3
20260508-002650,1778211994,2026-05-08 03:46:34+00:00,1778211994000,11982,26.30677,41.92567,10.04353,100359,True,95.79312,3
20260508-002650,1778212006,2026-05-08 03:46:46+00:00,1778212006000,11994,26.31944,41.89419,10.04363,99761,True,96.54449,3
20260508-002650,1778212018,2026-05-08 03:46:58+00:00,1778212018000,12006,26.31437,41.88129,10.04353,99643,True,96.81009,3
20260508-002650,1778212030,2026-05-08 03:47:10+00:00,1778212030000,12018,26.31437,41.89766,10.04361,100059,True,96.87347,3
20260508-002650,1778212042,2026-05-08 03:47:22+00:00,1778212042000,12030,26.31437,41.91714,10.04369,100540,True,95.56206,3
20260508-002650,1778212054,2026-05-08 03:47:34+00:00,1778212054000,12042,26.31184,41.9721,10.04359,100842,True,93.65482,3
20260508-002650,1778212066,2026-05-08 03:47:46+00:00,1778212066000,12054,26.32198,41.95123,10.04361,101700,True,91.20849,3
20260508-002650,1778212078,2026-05-08 03:47:58+00:00,1778212078000,12066,26.32198,41.92643,10.04365,102258,True,89.14857,3
20260508-002650,1778212090,2026-05-08 03:48:10+00:00,1778212090000,12078,26.32452,41.90901,10.04373,101453,True,90.12283,3
20260508-002650,1778212102,2026-05-08 03:48:22+00:00,1778212102000,12090,26.31944,41.90251,10.04373,101453,True,90.97232,3
20260508-002650,1778212114,2026-05-08 03:48:34+00:00,1778212114000,12102,26.31691,41.89561,10.04364,101638,True,91.467,3
20260508-002650,1778212126,2026-05-08 03:48:46+00:00,1778212126000,12114,26.32452,41.87119,10.04374,101208,True,91.31015,3
20260508-002650,1778212138,2026-05-08 03:48:58+00:00,1778212138000,12126,26.31437,41.90895,10.04361,101761,True,90.22261,3
20260508-002650,1778212150,2026-05-08 03:49:10+00:00,1778212150000,12138,26.31437,41.92178,10.04363,101761,True,89.86217,3
20260508-002650,1778212162,2026-05-08 03:49:22+00:00,1778212162000,12150,26.31944,41.9721,10.04364,102134,True,89.17766,3
20260508-002650,1778212174,2026-05-08 03:49:34+00:00,1778212174000,12162,26.31944,42.02329,10.04384,102071,True,88.72874,3
20260508-002650,1778212186,2026-05-08 03:49:46+00:00,1778212186000,12174,26.32452,42.04556,10.04358,102760,True,85.97169,3
20260508-002650,1778212198,2026-05-08 03:49:58+00:00,1778212198000,12186,26.32705,42.07243,10.04377,103715,True,83.5647,3
20260508-002650,1778212210,2026-05-08 03:50:10+00:00,1778212210000,12198,26.32705,42.07922,10.04382,103843,True,81.8418,3
20260508-002650,1778212222,2026-05-08 03:50:22+00:00,1778212222000,12210,26.32452,42.05073,10.04369,103908,True,80.90859,3
20260508-002650,1778212234,2026-05-08 03:50:34+00:00,1778212234000,12222,26.32452,41.9836,10.04373,103203,True,81.77963,3
20260508-002650,1778212246,2026-05-08 03:50:46+00:00,1778212246000,12234,26.32452,42.01296,10.04378,102697,True,84.30391,3
20260508-002650,1778212258,2026-05-08 03:50:58+00:00,1778212258000,12246,26.32705,42.03961,10.04375,103203,True,84.12345,3
20260508-002650,1778212268,2026-05-08 03:51:08+00:00,1778212268000,12256,26.37624,41.90003,10.04378,102950,True,84.25409,3
20260508-002650,1778212280,2026-05-08 03:51:20+00:00,1778212280000,12268,26.3017,42.26278,10.04369,97101,True,106.82677,3
20260508-002650,1778212292,2026-05-08 03:51:32+00:00,1778212292000,12280,26.31437,42.09917,10.04358,100903,True,97.62613,3
20260508-002650,1778212304,2026-05-08 03:51:44+00:00,1778212304000,12292,26.32452,42.05657,10.04362,102134,True,89.92921,3
20260508-002650,1778212316,2026-05-08 03:51:56+00:00,1778212316000,12304,26.31691,42.04824,10.04344,103843,True,84.39482,3
20260508-002650,1778212328,2026-05-08 03:52:08+00:00,1778212328000,12316,26.31691,42.04603,10.04355,103203,True,83.98138,3
20260508-002650,1778212340,2026-05-08 03:52:20+00:00,1778212340000,12328,26.32959,42.01869,10.04367,103458,True,82.75253,3
20260508-002650,1778212352,2026-05-08 03:52:32+00:00,1778212352000,12340,26.3805,41.8945,10.0437,103586,True,82.48718,3
20260508-002650,1778212364,2026-05-08 03:52:44+00:00,1778212364000,12352,26.3093,42.2695,10.0436,95878,True,109.31567,3
20260508-002650,1778212376,2026-05-08 03:52:56+00:00,1778212376000,12364,26.32452,42.12516,10.04374,101208,True,98.52473,3
20260508-002650,1778212388,2026-05-08 03:53:08+00:00,1778212388000,12376,26.32452,42.08733,10.04367,103267,True,88.59134,3
20260508-002650,1778212400,2026-05-08 03:53:20+00:00,1778212400000,12388,26.31944,42.10858,10.04356,103458,True,83.97984,3
20260508-002650,1778212412,2026-05-08 03:53:32+00:00,1778212412000,12400,26.32959,42.06928,10.04377,103908,True,81.06966,3
20260508-002650,1778212424,2026-05-08 03:53:44+00:00,1778212424000,12412,26.33212,42.07099,10.04378,104101,True,78.9042,3
20260508-002650,1778212436,2026-05-08 03:53:56+00:00,1778212436000,12424,26.32452,42.07198,10.04358,105678,True,77.10874,3
20260508-002650,1778212448,2026-05-08 03:54:08+00:00,1778212448000,12436,26.33212,42.04668,10.04327,104622,True,77.14892,3
20260508-002650,1778212460,2026-05-08 03:54:20+00:00,1778212460000,12448,26.32959,42.02721,10.04346,104752,True,77.12427,3
20260508-002650,1778212472,2026-05-08 03:54:32+00:00,1778212472000,12460,26.33212,42.01296,10.04343,105015,True,77.37023,3
20260508-002650,1778212484,2026-05-08 03:54:44+00:00,1778212484000,12472,26.33212,42.02691,10.04353,104622,True,78.19209,3
20260508-002650,1778212496,2026-05-08 03:54:56+00:00,1778212496000,12484,26.32959,41.97587,10.04333,104037,True,79.11605,3
20260508-002650,1778212508,2026-05-08 03:55:08+00:00,1778212508000,12496,26.33212,41.96442,10.04346,102321,True,83.45869,3
20260508-002650,1778212520,2026-05-08 03:55:20+00:00,1778212520000,12508,26.33212,41.95196,10.04337,102071,True,86.25988,3
20260508-002650,1778212532,2026-05-08 03:55:32+00:00,1778212532000,12520,26.33212,41.97309,10.0435,102571,True,86.22404,3
20260508-002650,1778212544,2026-05-08 03:55:44+00:00,1778212544000,12532,26.33719,41.97615,10.04354,103395,True,83.94304,3
20260508-002650,1778212556,2026-05-08 03:55:56+00:00,1778212556000,12544,26.32705,42.02297,10.04329,103267,True,82.79239,3
20260508-002650,1778212568,2026-05-08 03:56:08+00:00,1778212568000,12556,26.32959,42.00727,10.04339,103522,True,82.94943,3
20260508-002650,1778212580,2026-05-08 03:56:20+00:00,1778212580000,12568,26.33212,41.97951,10.04357,103458,True,82.89674,3
20260508-002650,1778212592,2026-05-08 03:56:32+00:00,1778212592000,12580,26.33212,41.92826,10.04339,101453,True,86.81207,3
20260508-002650,1778212604,2026-05-08 03:56:44+00:00,1778212604000,12592,26.33212,41.93314,10.04336,100782,True,90.95882,3
20260508-002650,1778212616,2026-05-08 03:56:56+00:00,1778212616000,12604,26.32959,41.97793,10.04333,101823,True,90.759,3
20260508-002650,1778212628,2026-05-08 03:57:08+00:00,1778212628000,12616,26.33466,41.95179,10.0435,102446,True,88.88369,3
20260508-002650,1778212640,2026-05-08 03:57:20+00:00,1778212640000,12628,26.33466,41.98207,10.04331,102196,True,87.74471,3
20260508-002650,1778212652,2026-05-08 03:57:32+00:00,1778212652000,12640,26.33212,41.97654,10.04344,102009,True,87.49979,3
20260508-002650,1778212664,2026-05-08 03:57:44+00:00,1778212664000,12652,26.33466,41.93874,10.04345,101947,True,88.03725,3
20260508-002650,1778212676,2026-05-08 03:57:56+00:00,1778212676000,12664,26.32959,41.97149,10.0434,101208,True,90.32031,3
20260508-002650,1778212688,2026-05-08 03:58:08+00:00,1778212688000,12676,26.33719,41.98195,10.04354,101947,True,89.70184,3
20260508-002650,1778212700,2026-05-08 03:58:20+00:00,1778212700000,12688,26.33719,41.99931,10.04366,101700,True,88.88271,3
20260508-002650,1778212712,2026-05-08 03:58:32+00:00,1778212712000,12700,26.32959,42.04388,10.04328,101576,True,87.42767,3
20260508-002650,1778212724,2026-05-08 03:58:44+00:00,1778212724000,12712,26.33973,42.02631,10.04369,102886,True,86.51672,3
20260508-002650,1778212736,2026-05-08 03:58:56+00:00,1778212736000,12724,26.33973,42.03144,10.04369,103586,True,84.12779,3
20260508-002650,1778212748,2026-05-08 03:59:08+00:00,1778212748000,12736,26.33973,42.04396,10.04367,103331,True,82.6698,3
20260508-002650,1778212760,2026-05-08 03:59:20+00:00,1778212760000,12748,26.33719,42.02555,10.04354,103908,True,82.51478,3
20260508-002650,1778212772,2026-05-08 03:59:32+00:00,1778212772000,12760,26.34227,41.99427,10.04392,103331,True,83.22905,3
20260508-002650,1778212784,2026-05-08 03:59:44+00:00,1778212784000,12772,26.33719,41.97794,10.04356,102196,True,85.32948,3
20260508-002650,1778212796,2026-05-08 03:59:56+00:00,1778212796000,12784,26.34227,41.96022,10.04375,101576,True,88.57132,3
20260508-002650,1778212808,2026-05-08 04:00:08+00:00,1778212808000,12796,26.33973,41.96223,10.04355,101515,True,89.12316,3
20260508-002650,1778212820,2026-05-08 04:00:20+00:00,1778212820000,12808,26.32959,41.97172,10.04351,101823,True,88.49064,3
20260508-002650,1778212832,2026-05-08 04:00:32+00:00,1778212832000,12820,26.33466,41.9351,10.04368,101208,True,90.28822,3
20260508-002650,1778212848,2026-05-08 04:00:48+00:00,1778212848000,12836,26.39674,41.79559,10.04374,101392,True,90.3071,3
20260508-002650,1778212860,2026-05-08 04:01:00+00:00,1778212860000,12848,26.31184,42.17598,10.04398,90317,True,132.63611,3
20260508-002650,1778212872,2026-05-08 04:01:12+00:00,1778212872000,12860,26.31944,42.02715,10.04375,94686,True,120.98308,3
20260508-002650,1778212884,2026-05-08 04:01:24+00:00,1778212884000,12872,26.32959,42.00538,10.04377,96764,True,112.10814,3
20260508-002650,1778212896,2026-05-08 04:01:36+00:00,1778212896000,12884,26.32198,41.97359,10.04377,98010,True,105.32985,3
20260508-002650,1778212908,2026-05-08 04:01:48+00:00,1778212908000,12896,26.31691,41.95824,10.04387,100479,True,98.1493,3
20260508-002650,1778212920,2026-05-08 04:02:00+00:00,1778212920000,12908,26.32452,41.95527,10.04381,101576,True,92.1559,3
20260508-002650,1778212932,2026-05-08 04:02:12+00:00,1778212932000,12920,26.32452,42.08304,10.04401,102634,True,87.52256,3
20260508-002650,1778212944,2026-05-08 04:02:24+00:00,1778212944000,12932,26.32452,44.08109,10.04392,101147,True,87.77039,3
20260508-002650,1778212956,2026-05-08 04:02:36+00:00,1778212956000,12944,26.34227,49.41904,10.04415,95574,True,97.08707,3
20260508-002650,1778212968,2026-05-08 04:02:48+00:00,1778212968000,12956,26.36508,54.83327,10.04457,88598,True,110.52286,3
20260508-002650,1778212980,2026-05-08 04:03:00+00:00,1778212980000,12968,26.37523,50.15306,10.04473,91802,True,107.04226,3
20260508-002650,1778212992,2026-05-08 04:03:12+00:00,1778212992000,12980,26.37776,48.76692,10.04469,93233,True,97.63126,3
20260508-002650,1778213004,2026-05-08 04:03:24+00:00,1778213004000,12992,26.38537,49.27864,10.04481,93130,True,92.18737,3
20260508-002650,1778213016,2026-05-08 04:03:36+00:00,1778213016000,13004,26.39044,49.61402,10.04487,93130,True,89.40619,3
20260508-002650,1778213028,2026-05-08 04:03:48+00:00,1778213028000,13016,26.39805,50.52243,10.04471,92410,True,89.14584,3
20260508-002650,1778213040,2026-05-08 04:04:00+00:00,1778213040000,13028,26.40819,51.11528,10.04481,91302,True,90.31246,3
20260508-002650,1778213052,2026-05-08 04:04:12+00:00,1778213052000,13040,26.4158,51.98619,10.04514,90220,True,90.81285,3
20260508-002650,1778213064,2026-05-08 04:04:24+00:00,1778213064000,13052,26.42848,52.5749,10.04526,89641,True,91.76545,3
20260508-002650,1778213076,2026-05-08 04:04:36+00:00,1778213076000,13064,26.43608,52.87927,10.04527,88598,True,92.32124,3
20260508-002650,1778213088,2026-05-08 04:04:48+00:00,1778213088000,13076,26.4513,53.54343,10.04534,87670,True,93.31766,3
20260508-002650,1778213100,2026-05-08 04:05:00+00:00,1778213100000,13088,26.4589,54.06647,10.04545,86315,True,94.76245,3
20260508-002650,1778213112,2026-05-08 04:05:12+00:00,1778213112000,13100,26.46651,54.92142,10.0455,85347,True,96.24786,3
20260508-002650,1778213124,2026-05-08 04:05:24+00:00,1778213124000,13112,26.46905,55.18268,10.04545,84743,True,97.31451,3
20260508-002650,1778213136,2026-05-08 04:05:36+00:00,1778213136000,13124,26.47919,55.44505,10.04549,84572,True,97.3736,3
20260508-002650,1778213148,2026-05-08 04:05:48+00:00,1778213148000,13136,26.49693,55.65324,10.04576,83726,True,97.48591,3
20260508-002650,1778213160,2026-05-08 04:06:00+00:00,1778213160000,13148,26.50454,55.81265,10.04578,83559,True,96.89369,3
20260508-002650,1778213172,2026-05-08 04:06:12+00:00,1778213172000,13160,26.52483,55.89244,10.04596,82489,True,96.98682,3
20260508-002650,1778213184,2026-05-08 04:06:24+00:00,1778213184000,13172,26.52483,56.75663,10.04559,81764,True,98.5757,3
20260508-002650,1778213196,2026-05-08 04:06:36+00:00,1778213196000,13184,26.54258,56.92084,10.04583,81446,True,98.78633,3
20260508-002650,1778213208,2026-05-08 04:06:48+00:00,1778213208000,13196,26.55018,57.8274,10.0456,80275,True,100.48598,3
20260508-002650,1778213220,2026-05-08 04:07:00+00:00,1778213220000,13208,26.54004,58.71022,10.04603,75567,True,113.85301,3
20260508-002650,1778213232,2026-05-08 04:07:12+00:00,1778213232000,13220,26.57808,59.48318,10.04592,76604,True,115.66577,3
20260508-002650,1778213244,2026-05-08 04:07:24+00:00,1778213244000,13232,26.59583,60.50813,10.04607,76186,True,114.56919,3
20260508-002650,1778213256,2026-05-08 04:07:36+00:00,1778213256000,13244,26.60343,61.07956,10.04617,75635,True,114.04522,3
20260508-002650,1778213268,2026-05-08 04:07:48+00:00,1778213268000,13256,26.61357,61.93264,10.04598,75093,True,113.82857,3
20260508-002650,1778213280,2026-05-08 04:08:00+00:00,1778213280000,13268,26.62879,63.5559,10.04602,73382,True,116.54361,3
20260508-002650,1778213292,2026-05-08 04:08:12+00:00,1778213292000,13280,26.64147,65.25328,10.04622,71320,True,121.67109,3
20260508-002650,1778213304,2026-05-08 04:08:24+00:00,1778213304000,13292,26.66429,65.06689,10.04666,70957,True,123.15991,3
20260508-002650,1778213316,2026-05-08 04:08:36+00:00,1778213316000,13304,26.67443,65.79227,10.04642,70008,True,123.49248,3
20260508-002650,1778213328,2026-05-08 04:08:48+00:00,1778213328000,13316,26.68964,66.95425,10.04675,69198,True,124.50176,3
20260508-002650,1778213340,2026-05-08 04:09:00+00:00,1778213340000,13328,26.70232,68.71214,10.04659,67199,True,129.10126,3
20260508-002650,1778213352,2026-05-08 04:09:12+00:00,1778213352000,13340,26.71754,68.82053,10.04686,66138,True,132.20465,3
20260508-002650,1778213364,2026-05-08 04:09:24+00:00,1778213364000,13352,26.72768,68.91875,10.04681,65930,True,132.66383,3
20260508-002650,1778213376,2026-05-08 04:09:36+00:00,1778213376000,13364,26.74289,69.63863,10.04697,65415,True,132.65698,3
20260508-002650,1778213388,2026-05-08 04:09:48+00:00,1778213388000,13376,26.75557,69.79135,10.04688,64607,True,133.82977,3
20260508-002650,1778213400,2026-05-08 04:10:00+00:00,1778213400000,13388,26.77332,70.06311,10.04708,64310,True,133.63081,3
20260508-002650,1778213412,2026-05-08 04:10:12+00:00,1778213412000,13400,26.7936,70.57044,10.04714,63723,True,134.53741,3
20260508-002650,1778213424,2026-05-08 04:10:24+00:00,1778213424000,13412,26.79867,70.971,10.0469,63146,True,135.53419,3
20260508-002650,1778213436,2026-05-08 04:10:36+00:00,1778213436000,13424,26.81135,71.61028,10.04691,62393,True,136.64597,3
20260508-002650,1778213448,2026-05-08 04:10:48+00:00,1778213448000,13436,26.82656,72.22184,10.047,61978,True,138.31079,3
20260508-002650,1778213460,2026-05-08 04:11:00+00:00,1778213460000,13448,26.84178,72.32905,10.04723,61840,True,138.56143,3
20260508-002650,1778213472,2026-05-08 04:11:12+00:00,1778213472000,13460,26.85446,73.09442,10.04713,60764,True,140.86713,3
20260508-002650,1778213484,2026-05-08 04:11:24+00:00,1778213484000,13472,26.87221,73.81207,10.04731,59766,True,144.42859,3
20260508-002650,1778213496,2026-05-08 04:11:36+00:00,1778213496000,13484,26.87981,74.27529,10.04747,59175,True,146.56105,3
20260508-002650,1778213508,2026-05-08 04:11:48+00:00,1778213508000,13496,26.89503,74.43907,10.04738,58636,True,148.53119,3
20260508-002650,1778213520,2026-05-08 04:12:00+00:00,1778213520000,13508,26.90263,75.04524,10.04747,58027,True,151.04034,3
20260508-002650,1778213532,2026-05-08 04:12:12+00:00,1778213532000,13520,26.91531,75.06075,10.04739,57747,True,151.67114,3
20260508-002650,1778213544,2026-05-08 04:12:24+00:00,1778213544000,13532,26.93053,75.34176,10.04741,57588,True,151.84558,3
20260508-002650,1778213556,2026-05-08 04:12:36+00:00,1778213556000,13544,26.95081,75.92972,10.04759,56538,True,154.36057,3
20260508-002650,1778213568,2026-05-08 04:12:48+00:00,1778213568000,13556,26.96602,75.92023,10.04759,56386,True,155.50131,3
20260508-002650,1778213580,2026-05-08 04:13:00+00:00,1778213580000,13568,26.9787,75.66888,10.04751,56348,True,155.57523,3
20260508-002650,1778213590,2026-05-08 04:13:10+00:00,1778213590000,13579,27.03312,75.5405,10.04743,56386,True,155.32944,3
20260508-002650,1778213602,2026-05-08 04:13:22+00:00,1778213602000,13591,26.98885,76.84937,10.04762,51593,True,185.8887,3
20260508-002650,1778213614,2026-05-08 04:13:34+00:00,1778213614000,13603,27.01166,76.82431,10.04758,53165,True,178.69301,3
20260508-002650,1778213626,2026-05-08 04:13:46+00:00,1778213626000,13615,27.03195,76.73709,10.04782,54092,True,170.49603,3
20260508-002650,1778213638,2026-05-08 04:13:58+00:00,1778213638000,13627,27.04209,77.16605,10.04767,53848,True,166.69316,3
20260508-002650,1778213650,2026-05-08 04:14:10+00:00,1778213650000,13639,27.05731,77.31371,10.04763,54127,True,164.77788,3
20260508-002650,1778213662,2026-05-08 04:14:22+00:00,1778213662000,13651,27.07505,77.49675,10.04783,53710,True,164.46344,3
20260508-002650,1778213674,2026-05-08 04:14:34+00:00,1778213674000,13663,27.08266,77.9878,10.04769,53573,True,165.04227,3
20260508-002650,1778213686,2026-05-08 04:14:46+00:00,1778213686000,13675,27.10041,78.10307,10.04766,53266,True,165.71625,3
20260508-002650,1778213698,2026-05-08 04:14:58+00:00,1778213698000,13687,27.11563,78.67835,10.04785,52863,True,167.29404,3
20260508-002650,1778213710,2026-05-08 04:15:10+00:00,1778213710000,13699,27.13844,79.51199,10.04801,51720,True,172.32559,3
20260508-002650,1778213722,2026-05-08 04:15:22+00:00,1778213722000,13711,27.15873,79.65725,10.04775,51245,True,175.3943,3
20260508-002650,1778213734,2026-05-08 04:15:34+00:00,1778213734000,13723,27.19169,80.819,10.04823,50201,True,179.66808,3
20260508-002650,1778213746,2026-05-08 04:15:46+00:00,1778213746000,13735,27.20437,80.49138,10.04811,49961,True,182.42896,3
20260508-002650,1778213758,2026-05-08 04:15:58+00:00,1778213758000,13747,27.21198,80.53137,10.0479,50141,True,182.38609,3
20260508-002650,1778213770,2026-05-08 04:16:10+00:00,1778213770000,13759,27.24241,81.41998,10.04793,49256,True,184.22676,3
20260508-002650,1778213782,2026-05-08 04:16:22+00:00,1778213782000,13771,27.24494,79.86377,10.04789,50171,True,182.369,3
20260508-002650,1778213794,2026-05-08 04:16:34+00:00,1778213794000,13783,27.28044,80.76083,10.04796,49431,True,181.25363,3
20260508-002650,1778213806,2026-05-08 04:16:46+00:00,1778213806000,13795,27.28551,80.55937,10.04792,49548,True,182.65103,3
20260508-002650,1778213818,2026-05-08 04:16:58+00:00,1778213818000,13807,27.31087,80.24277,10.04842,49754,True,180.11971,3
20260508-002650,1778213830,2026-05-08 04:17:10+00:00,1778213830000,13819,27.29565,80.32669,10.04794,49842,True,178.50201,3
20260508-002650,1778213842,2026-05-08 04:17:22+00:00,1778213842000,13831,27.30833,79.66196,10.04813,50382,True,176.11728,3
20260508-002650,1778213854,2026-05-08 04:17:34+00:00,1778213854000,13843,27.29565,79.44697,10.04803,50656,True,173.67114,3
20260508-002650,1778213866,2026-05-08 04:17:46+00:00,1778213866000,13855,27.30073,79.71818,10.04797,50534,True,173.0117,3
20260508-002650,1778213878,2026-05-08 04:17:58+00:00,1778213878000,13867,27.30326,80.22748,10.04814,50291,True,174.1198,3
20260508-002650,1778213890,2026-05-08 04:18:10+00:00,1778213890000,13879,27.31594,79.45767,10.04832,50779,True,172.55533,3
20260508-002650,1778213902,2026-05-08 04:18:22+00:00,1778213902000,13891,27.3134,78.83684,10.04811,51245,True,170.35965,3
20260508-002650,1778213914,2026-05-08 04:18:34+00:00,1778213914000,13903,27.32101,78.72562,10.04795,51593,True,167.65971,3
20260508-002650,1778213926,2026-05-08 04:18:46+00:00,1778213926000,13915,27.33115,78.69289,10.04815,51624,True,166.34439,3
20260508-002650,1778213938,2026-05-08 04:18:58+00:00,1778213938000,13927,27.32862,77.6509,10.04782,52204,True,164.49164,3
20260508-002650,1778213950,2026-05-08 04:19:10+00:00,1778213950000,13939,27.33115,77.07462,10.04788,53064,True,229.11087,2
20260508-002650,1778213962,2026-05-08 04:19:22+00:00,1778213962000,13951,27.33115,76.06907,10.04795,54232,True,221.68425,2
20260508-002650,1778213973,2026-05-08 04:19:33+00:00,1778213973000,13961,27.23226,75.13155,10.04765,50021,True,228.78316,2
20260508-002650,1778213985,2026-05-08 04:19:45+00:00,1778213985000,13973,27.28551,70.91962,10.04776,55637,True,219.91565,2
20260508-002650,1778213997,2026-05-08 04:19:57+00:00,1778213997000,13985,27.26016,66.23448,10.04762,59724,True,198.5753,2
20260508-002650,1778214009,2026-05-08 04:20:09+00:00,1778214009000,13997,27.25508,63.76365,10.04749,62116,True,183.16492,2
20260508-002650,1778214021,2026-05-08 04:20:21+00:00,1778214021000,14009,27.23226,63.49122,10.04712,63194,True,176.32834,2
20260508-002650,1778214033,2026-05-08 04:20:33+00:00,1778214033000,14021,27.21959,61.85151,10.04725,64908,True,170.50465,2
20260508-002650,1778214045,2026-05-08 04:20:45+00:00,1778214045000,14033,27.20944,61.81738,10.04719,65517,True,168.43143,2
20260508-002650,1778214057,2026-05-08 04:20:57+00:00,1778214057000,14045,27.20437,60.50938,10.04715,66931,True,164.73474,3
20260508-002650,1778214069,2026-05-08 04:21:09+00:00,1778214069000,14057,27.20691,60.09365,10.04715,67688,True,163.63123,3
20260508-002650,1778214081,2026-05-08 04:21:21+00:00,1778214081000,14069,27.19423,60.93044,10.0469,67798,True,163.9201,3
20260508-002650,1778214093,2026-05-08 04:21:33+00:00,1778214093000,14081,27.18916,61.02278,10.04688,68018,True,164.70685,3
20260508-002650,1778214105,2026-05-08 04:21:45+00:00,1778214105000,14093,27.18409,61.08153,10.04696,68351,True,164.2034,3
20260508-002650,1778214117,2026-05-08 04:21:57+00:00,1778214117000,14105,27.17394,60.96258,10.04689,68688,True,164.17801,3
20260508-002650,1778214129,2026-05-08 04:22:09+00:00,1778214129000,14117,27.16127,59.48594,10.04693,70008,True,160.0535,3
20260508-002650,1778214141,2026-05-08 04:22:21+00:00,1778214141000,14129,27.16887,59.96409,10.04695,70480,True,159.82188,3
20260508-002650,1778214153,2026-05-08 04:22:33+00:00,1778214153000,14141,27.16127,58.20751,10.04672,71320,True,156.57858,3
20260508-002650,1778214165,2026-05-08 04:22:45+00:00,1778214165000,14153,27.15873,59.45885,10.04687,70897,True,156.88565,3
20260508-002650,1778214177,2026-05-08 04:22:57+00:00,1778214177000,14165,27.13591,60.08572,10.04671,71017,True,157.32321,3
20260508-002650,1778214189,2026-05-08 04:23:09+00:00,1778214189000,14177,27.12576,58.50243,10.04657,72367,True,155.54144,3
20260508-002650,1778214201,2026-05-08 04:23:21+00:00,1778214201000,14189,27.1207,56.29337,10.04661,73705,True,149.81796,3
20260508-002650,1778214213,2026-05-08 04:23:33+00:00,1778214213000,14201,27.10295,55.35166,10.04647,74492,True,146.1875,3
20260508-002650,1778214225,2026-05-08 04:23:45+00:00,1778214225000,14213,27.10295,55.03586,10.0465,75431,True,143.47685,3
20260508-002650,1778214237,2026-05-08 04:23:57+00:00,1778214237000,14225,27.08266,54.94425,10.04626,76394,True,141.14859,3
20260508-002650,1778214249,2026-05-08 04:24:09+00:00,1778214249000,14237,27.07252,55.04908,10.04645,76815,True,140.28214,3
20260508-002650,1778214261,2026-05-08 04:24:21+00:00,1778214261000,14249,27.12677,54.8651,10.04633,76956,True,139.89261,3
20260508-002650,1778214273,2026-05-08 04:24:33+00:00,1778214273000,14261,27.03956,54.97622,10.04647,70897,True,172.54488,3
20260508-002650,1778214285,2026-05-08 04:24:45+00:00,1778214285000,14273,27.04463,54.96129,10.04644,74228,True,161.65457,3
20260508-002650,1778214297,2026-05-08 04:24:57+00:00,1778214297000,14285,27.03956,55.32394,10.04652,75295,True,152.97322,3
20260508-002650,1778214309,2026-05-08 04:25:09+00:00,1778214309000,14297,27.03448,55.22034,10.04651,76394,True,147.50075,3
20260508-002650,1778214321,2026-05-08 04:25:21+00:00,1778214321000,14309,27.02434,54.9123,10.04629,77382,True,143.43054,3
20260508-002650,1778214333,2026-05-08 04:25:33+00:00,1778214333000,14321,27.02434,54.52477,10.04652,78104,True,140.39044,3
20260508-002650,1778214345,2026-05-08 04:25:45+00:00,1778214345000,14333,27.01674,54.0405,10.04608,78544,True,138.74341,3
20260508-002650,1778214357,2026-05-08 04:25:57+00:00,1778214357000,14345,27.0142,53.41794,10.04611,79513,True,135.34123,3
20260508-002650,1778214369,2026-05-08 04:26:09+00:00,1778214369000,14357,27.00913,53.51833,10.0461,79438,True,134.63823,3
20260508-002650,1778214381,2026-05-08 04:26:21+00:00,1778214381000,14369,27.00659,53.346,10.04606,79969,True,133.3773,3
20260508-002650,1778214392,2026-05-08 04:26:32+00:00,1778214392000,14381,26.91531,53.8782,10.04609,71686,True,145.83609,3
20260508-002650,1778214404,2026-05-08 04:26:44+00:00,1778214404000,14393,26.98885,53.00437,10.04593,77814,True,149.60922,3
20260508-002650,1778214416,2026-05-08 04:26:56+00:00,1778214416000,14405,26.99138,52.70881,10.04629,79362,True,141.96268,3
20260508-002650,1778214428,2026-05-08 04:27:08+00:00,1778214428000,14417,26.98631,52.5928,10.04631,80584,True,135.77834,3
20260508-002650,1778214440,2026-05-08 04:27:20+00:00,1778214440000,14429,26.9787,52.56083,10.04609,80974,True,132.64282,3
20260508-002650,1778214452,2026-05-08 04:27:32+00:00,1778214452000,14441,26.98124,52.49394,10.04644,81685,True,130.50186,3
20260508-002650,1778214464,2026-05-08 04:27:44+00:00,1778214464000,14453,26.97617,52.55846,10.04629,82246,True,128.98363,3
20260508-002650,1778214476,2026-05-08 04:27:56+00:00,1778214476000,14465,26.98124,52.78001,10.04653,81844,True,129.5885,3
20260508-002650,1778214488,2026-05-08 04:28:08+00:00,1778214488000,14477,26.97109,52.93517,10.04639,82246,True,128.56482,3
20260508-002650,1778214500,2026-05-08 04:28:20+00:00,1778214500000,14489,26.96095,53.2394,10.04635,81764,True,128.72446,3
20260508-002650,1778214512,2026-05-08 04:28:32+00:00,1778214512000,14501,26.95842,53.53209,10.04631,81685,True,129.19867,3
20260508-002650,1778214524,2026-05-08 04:28:44+00:00,1778214524000,14513,26.95842,53.65009,10.04632,81685,True,129.24706,3
20260508-002650,1778214536,2026-05-08 04:28:56+00:00,1778214536000,14525,26.95081,54.08028,10.04646,81605,True,129.31458,3
20260508-002650,1778214548,2026-05-08 04:29:08+00:00,1778214548000,14537,26.94574,54.47703,10.04637,81131,True,130.44586,3
20260508-002650,1778214560,2026-05-08 04:29:20+00:00,1778214560000,14549,26.94574,54.79644,10.04668,81131,True,131.22742,3
20260508-002650,1778214572,2026-05-08 04:29:32+00:00,1778214572000,14561,26.94067,54.84307,10.04669,81131,True,130.84326,3
20260508-002650,1778214584,2026-05-08 04:29:44+00:00,1778214584000,14573,26.93813,55.17223,10.04665,80507,True,131.45709,3
20260508-002650,1778214596,2026-05-08 04:29:56+00:00,1778214596000,14585,26.92799,55.67661,10.0465,80275,True,132.53235,3
20260508-002650,1778214608,2026-05-08 04:30:08+00:00,1778214608000,14597,26.92546,55.99681,10.04664,79892,True,133.01639,3
20260508-002650,1778214620,2026-05-08 04:30:20+00:00,1778214620000,14609,26.91785,56.50546,10.04648,79362,True,133.77725,3
20260508-002650,1778214632,2026-05-08 04:30:32+00:00,1778214632000,14621,26.91024,56.82985,10.04652,79212,True,134.88007,3
20260508-002650,1778214644,2026-05-08 04:30:44+00:00,1778214644000,14633,26.91024,57.00611,10.04671,78691,True,135.21848,3
20260508-002650,1778214656,2026-05-08 04:30:56+00:00,1778214656000,14645,26.89756,57.3399,10.04666,78765,True,135.48996,3
20260508-002650,1778214668,2026-05-08 04:31:08+00:00,1778214668000,14657,26.9001,57.61889,10.04669,78397,True,135.6004,3
20260508-002650,1778214680,2026-05-08 04:31:20+00:00,1778214680000,14669,26.89503,57.65371,10.04655,78323,True,136.0173,3
20260508-002650,1778214692,2026-05-08 04:31:32+00:00,1778214692000,14681,26.89249,57.84571,10.0465,78617,True,135.42586,3
20260508-002650,1778214704,2026-05-08 04:31:44+00:00,1778214704000,14693,26.88235,58.06984,10.04658,78104,True,135.56924,3
20260508-002650,1778214716,2026-05-08 04:31:56+00:00,1778214716000,14705,26.88742,57.57272,10.04657,78250,True,134.99466,3
20260508-002650,1778214734,2026-05-08 04:32:14+00:00,1778214734000,14723,26.94271,57.4929,10.04667,78470,True,134.56973,3
20260508-002650,1778214746,2026-05-08 04:32:26+00:00,1778214746000,14735,26.83924,58.56926,10.04661,69027,True,182.73618,3
20260508-002650,1778214758,2026-05-08 04:32:38+00:00,1778214758000,14747,26.85192,58.13751,10.04656,73190,True,168.25171,3
20260508-002650,1778214770,2026-05-08 04:32:50+00:00,1778214770000,14759,26.85446,58.37966,10.0466,75025,True,154.56244,3
20260508-002650,1778214782,2026-05-08 04:33:02+00:00,1778214782000,14771,26.85446,57.60984,10.04638,76815,True,145.97644,3
20260508-002650,1778214794,2026-05-08 04:33:14+00:00,1778214794000,14783,26.85699,56.60791,10.04635,77959,True,138.92752,3
20260508-002650,1778214806,2026-05-08 04:33:26+00:00,1778214806000,14795,26.85446,56.51692,10.04609,78470,True,135.26529,3
20260508-002650,1778214818,2026-05-08 04:33:38+00:00,1778214818000,14807,26.85446,56.68941,10.04622,78839,True,133.00148,3
20260508-002650,1778214830,2026-05-08 04:33:50+00:00,1778214830000,14819,26.84939,55.33467,10.0461,79664,True,131.1367,3
20260508-002650,1778214842,2026-05-08 04:34:02+00:00,1778214842000,14831,26.85192,55.80434,10.04607,79816,True,129.20508,3
20260508-002650,1778214854,2026-05-08 04:34:14+00:00,1778214854000,14843,26.84431,56.81506,10.04595,79287,True,130.47615,3
20260508-002650,1778214866,2026-05-08 04:34:26+00:00,1778214866000,14855,26.84939,55.85949,10.04589,80429,True,128.96019,3
20260508-002650,1778214878,2026-05-08 04:34:38+00:00,1778214878000,14867,26.84431,55.17642,10.04593,80817,True,126.43706,3
20260508-002650,1778214890,2026-05-08 04:34:50+00:00,1778214890000,14879,26.84431,54.56895,10.04604,81924,True,123.52186,3
20260508-002650,1778214902,2026-05-08 04:35:02+00:00,1778214902000,14891,26.84685,54.23671,10.04583,81924,True,121.82233,3
20260508-002650,1778214913,2026-05-08 04:35:13+00:00,1778214913000,14902,26.75557,55.16475,10.04573,73705,True,134.14822,3
20260508-002650,1778214925,2026-05-08 04:35:25+00:00,1778214925000,14914,26.83164,54.38881,10.04569,79212,True,139.05566,3
20260508-002650,1778214937,2026-05-08 04:35:37+00:00,1778214937000,14926,26.83924,53.91848,10.04581,81052,True,131.45021,3
20260508-002650,1778214949,2026-05-08 04:35:49+00:00,1778214949000,14938,26.83671,53.94876,10.04572,82004,True,125.8436,3
20260508-002650,1778214961,2026-05-08 04:36:01+00:00,1778214961000,14950,26.83417,53.96966,10.04566,82570,True,123.47982,3
20260508-002650,1778214973,2026-05-08 04:36:13+00:00,1778214973000,14962,26.83164,52.97711,10.04553,83726,True,119.94746,3
20260508-002650,1778214985,2026-05-08 04:36:25+00:00,1778214985000,14974,26.83924,51.84674,10.04583,84915,True,115.30077,3
20260508-002650,1778214997,2026-05-08 04:36:37+00:00,1778214997000,14986,26.8291,51.5165,10.04541,85784,True,112.74285,3
20260508-002650,1778215009,2026-05-08 04:36:49+00:00,1778215009000,14998,26.83417,51.6139,10.04549,85960,True,112.10573,3
20260508-002650,1778215021,2026-05-08 04:37:01+00:00,1778215021000,15010,26.82656,51.73713,10.04529,86049,True,112.13033,3
20260508-002650,1778215033,2026-05-08 04:37:13+00:00,1778215033000,15022,26.83671,51.56076,10.04533,86315,True,110.83893,3
20260508-002650,1778215045,2026-05-08 04:37:25+00:00,1778215045000,15034,26.83164,52.26455,10.0452,86493,True,112.11603,3
20260508-002650,1778215057,2026-05-08 04:37:37+00:00,1778215057000,15046,26.82656,52.58579,10.04515,85522,True,113.85078,3
20260508-002650,1778215069,2026-05-08 04:37:49+00:00,1778215069000,15058,26.83164,54.69839,10.0452,83810,True,118.70697,3
20260508-002650,1778215081,2026-05-08 04:38:01+00:00,1778215081000,15070,26.82403,55.54268,10.04541,82897,True,122.18651,3
20260508-002650,1778215093,2026-05-08 04:38:13+00:00,1778215093000,15082,26.82656,55.80496,10.04528,82897,True,123.75523,3
20260508-002650,1778215104,2026-05-08 04:38:24+00:00,1778215104000,15092,26.87621,55.67155,10.04531,82408,True,124.18469,3
20260508-002650,1778215116,2026-05-08 04:38:36+00:00,1778215116000,15104,26.79867,55.63134,10.0452,76815,True,152.11856,3
20260508-002650,1778215128,2026-05-08 04:38:48+00:00,1778215128000,15116,26.80882,55.02908,10.0452,80198,True,140.76672,3
20260508-002650,1778215140,2026-05-08 04:39:00+00:00,1778215140000,15128,26.80628,54.09815,10.04511,82489,True,130.23135,3
20260508-002650,1778215152,2026-05-08 04:39:12+00:00,1778215152000,15140,26.80882,53.56965,10.04503,83476,True,123.07389,3
20260508-002650,1778215164,2026-05-08 04:39:24+00:00,1778215164000,15152,26.81896,53.43262,10.04515,83978,True,119.53744,3
20260508-002650,1778215176,2026-05-08 04:39:36+00:00,1778215176000,15164,26.81896,53.54963,10.0451,84231,True,117.55431,3
20260508-002650,1778215188,2026-05-08 04:39:48+00:00,1778215188000,15176,26.81896,53.9348,10.04503,84147,True,116.87254,3
20260508-002650,1778215200,2026-05-08 04:40:00+00:00,1778215200000,15188,26.80882,53.92266,10.04496,84147,True,116.63336,3
20260508-002650,1778215212,2026-05-08 04:40:12+00:00,1778215212000,15200,26.80628,53.88013,10.04488,84316,True,117.07476,3
20260508-002650,1778215224,2026-05-08 04:40:24+00:00,1778215224000,15212,26.80882,54.14122,10.04483,84401,True,116.28462,3
20260508-002650,1778215236,2026-05-08 04:40:36+00:00,1778215236000,15224,26.80374,54.25403,10.04481,84147,True,116.74374,3
20260508-002650,1778215248,2026-05-08 04:40:48+00:00,1778215248000,15236,26.80374,54.18769,10.04477,84316,True,116.63404,3
20260508-002650,1778215260,2026-05-08 04:41:00+00:00,1778215260000,15248,26.80374,54.35119,10.04482,83978,True,116.93244,3
20260508-002650,1778215272,2026-05-08 04:41:12+00:00,1778215272000,15260,26.80121,54.56433,10.04482,83894,True,117.34612,3
20260508-002650,1778215284,2026-05-08 04:41:24+00:00,1778215284000,15272,26.79867,54.73083,10.04486,83642,True,117.31567,3
20260508-002650,1778215296,2026-05-08 04:41:36+00:00,1778215296000,15284,26.79107,55.16996,10.04474,83559,True,117.90056,3
20260508-002650,1778215308,2026-05-08 04:41:48+00:00,1778215308000,15296,26.79614,54.90561,10.04484,83810,True,118.15735,3
20260508-002650,1778215320,2026-05-08 04:42:00+00:00,1778215320000,15308,26.79614,54.45502,10.04489,84147,True,116.88842,3
20260508-002650,1778215332,2026-05-08 04:42:12+00:00,1778215332000,15320,26.7936,54.45762,10.0448,84062,True,116.99693,3
20260508-002650,1778215344,2026-05-08 04:42:24+00:00,1778215344000,15332,26.79107,55.01763,10.04476,83726,True,117.24196,3
20260508-002650,1778215356,2026-05-08 04:42:36+00:00,1778215356000,15344,26.786,55.29835,10.04471,83726,True,116.8545,3
20260508-002650,1778215368,2026-05-08 04:42:48+00:00,1778215368000,15356,26.78853,55.54863,10.04482,83062,True,118.59814,3
20260508-002650,1778215380,2026-05-08 04:43:00+00:00,1778215380000,15368,26.78853,55.68718,10.04503,83062,True,119.12968,3
20260508-002650,1778215392,2026-05-08 04:43:12+00:00,1778215392000,15380,26.78092,55.4655,10.04484,83393,True,118.0906,3
20260508-002650,1778215404,2026-05-08 04:43:24+00:00,1778215404000,15392,26.78092,55.18587,10.04484,84062,True,116.1201,3
20260508-002650,1778215416,2026-05-08 04:43:36+00:00,1778215416000,15404,26.78092,55.60353,10.04465,83393,True,117.5918,3
20260508-002650,1778215428,2026-05-08 04:43:48+00:00,1778215428000,15416,26.77585,55.5688,10.04488,83726,True,117.16795,3
20260508-002650,1778215440,2026-05-08 04:44:00+00:00,1778215440000,15428,26.77585,55.9486,10.04478,83476,True,117.192,3
20260508-002650,1778215452,2026-05-08 04:44:12+00:00,1778215452000,15440,26.77585,56.10844,10.04473,82570,True,118.76865,3
20260508-002650,1778215464,2026-05-08 04:44:24+00:00,1778215464000,15452,26.76571,55.82219,10.04453,83062,True,118.1037,3
20260508-002650,1778215562,2026-05-08 04:46:02+00:00,1778215562000,15550,26.67697,56.56127,10.04459,55637,True,257.20117,2
20260508-002650,1778215572,2026-05-08 04:46:12+00:00,1778215572000,15561,26.62372,56.82292,10.04467,56500,True,256.2663,2
20260508-002650,1778215584,2026-05-08 04:46:24+00:00,1778215584000,15573,26.70232,55.7779,10.0446,67092,True,218.9827,2
20260508-002650,1778215596,2026-05-08 04:46:36+00:00,1778215596000,15585,26.71754,55.69569,10.04467,72556,True,183.35803,2
20260508-002650,1778215608,2026-05-08 04:46:48+00:00,1778215608000,15597,26.72514,55.72469,10.04472,75499,True,161.87729,2
20260508-002650,1778215620,2026-05-08 04:47:00+00:00,1778215620000,15609,26.73528,56.05343,10.0448,76885,True,150.03418,2
20260508-002650,1778215632,2026-05-08 04:47:12+00:00,1778215632000,15621,26.73528,55.89858,10.04467,77886,True,142.74051,2
20260508-002650,1778215644,2026-05-08 04:47:24+00:00,1778215644000,15633,26.73275,55.95432,10.04475,78470,True,137.93359,2
20260508-002650,1778215656,2026-05-08 04:47:36+00:00,1778215656000,15645,26.73528,55.76992,10.04483,79589,True,133.55299,3
20260508-002650,1778215668,2026-05-08 04:47:48+00:00,1778215668000,15657,26.72768,55.57321,10.0445,80352,True,129.98941,3
20260508-002650,1778215680,2026-05-08 04:48:00+00:00,1778215680000,15669,26.73275,55.54017,10.0446,81209,True,126.67116,3
20260508-002650,1778215692,2026-05-08 04:48:12+00:00,1778215692000,15681,26.73528,55.60811,10.04471,81446,True,125.61298,3
20260508-002650,1778215704,2026-05-08 04:48:24+00:00,1778215704000,15693,26.74289,55.7275,10.04474,81605,True,124.03312,3
20260508-002650,1778215716,2026-05-08 04:48:36+00:00,1778215716000,15705,26.74035,55.81238,10.0447,81446,True,123.66506,3
20260508-002650,1778215728,2026-05-08 04:48:48+00:00,1778215728000,15717,26.74542,55.87789,10.04473,81525,True,123.53781,3
20260508-002650,1778215740,2026-05-08 04:49:00+00:00,1778215740000,15729,26.73782,55.91822,10.04471,81764,True,122.67406,3
20260508-002650,1778215752,2026-05-08 04:49:12+00:00,1778215752000,15741,26.74289,55.85057,10.04435,81764,True,121.89471,3
20260508-002650,1778215764,2026-05-08 04:49:24+00:00,1778215764000,15753,26.74542,55.9366,10.04447,82327,True,120.66937,3
20260508-002650,1778215776,2026-05-08 04:49:36+00:00,1778215776000,15765,26.74035,56.2709,10.0443,81605,True,121.28833,3
20260508-002650,1778215788,2026-05-08 04:49:48+00:00,1778215788000,15777,26.74796,56.45085,10.04452,81844,True,120.50162,3
20260508-002650,1778215800,2026-05-08 04:50:00+00:00,1778215800000,15789,26.74289,56.32682,10.0445,82004,True,120.02414,3
20260508-002650,1778215812,2026-05-08 04:50:12+00:00,1778215812000,15801,26.74289,56.1709,10.04437,82327,True,119.42968,3
20260508-002650,1778215824,2026-05-08 04:50:24+00:00,1778215824000,15813,26.74542,56.08787,10.04427,81924,True,119.51881,3
20260508-002650,1778215836,2026-05-08 04:50:36+00:00,1778215836000,15825,26.74796,55.87397,10.04452,82652,True,118.01231,3
20260508-002650,1778215848,2026-05-08 04:50:48+00:00,1778215848000,15837,26.73782,56.001,10.04415,82652,True,117.67886,3
20260508-002650,1778215860,2026-05-08 04:51:00+00:00,1778215860000,15849,26.74035,56.04268,10.04437,82734,True,117.02444,3
20260508-002650,1778215872,2026-05-08 04:51:12+00:00,1778215872000,15861,26.74035,55.93967,10.04442,82734,True,116.74094,3
20260508-002650,1778215884,2026-05-08 04:51:24+00:00,1778215884000,15873,26.74289,55.85464,10.04428,83144,True,116.39348,3
20260508-002650,1778215896,2026-05-08 04:51:36+00:00,1778215896000,15885,26.74289,56.0871,10.04423,83062,True,115.9609,3
20260508-002650,1778215908,2026-05-08 04:51:48+00:00,1778215908000,15897,26.73528,56.22429,10.04416,83062,True,116.34994,3
20260508-002650,1778215920,2026-05-08 04:52:00+00:00,1778215920000,15909,26.74035,56.12633,10.04428,82734,True,116.53331,3
20260508-002650,1778215932,2026-05-08 04:52:12+00:00,1778215932000,15921,26.73782,56.04389,10.0442,82734,True,116.04418,3
20260508-002650,1778215944,2026-05-08 04:52:24+00:00,1778215944000,15933,26.74289,55.99236,10.04451,83062,True,115.80013,3
20260508-002650,1778215956,2026-05-08 04:52:36+00:00,1778215956000,15945,26.74035,56.38969,10.04445,82897,True,115.80941,3
20260508-002650,1778215968,2026-05-08 04:52:48+00:00,1778215968000,15957,26.73782,56.35254,10.04443,82897,True,116.57811,3
20260508-002650,1778215980,2026-05-08 04:53:00+00:00,1778215980000,15969,26.73782,56.40523,10.0444,82897,True,116.17626,3
20260508-002650,1778215992,2026-05-08 04:53:12+00:00,1778215992000,15981,26.73528,56.63979,10.04434,82897,True,116.08305,3
20260508-002650,1778216004,2026-05-08 04:53:24+00:00,1778216004000,15993,26.73782,56.46212,10.04448,82734,True,116.46839,3
20260508-002650,1778216016,2026-05-08 04:53:36+00:00,1778216016000,16005,26.73782,56.44933,10.0442,82652,True,116.6088,3
20260508-002650,1778216028,2026-05-08 04:53:48+00:00,1778216028000,16017,26.73275,56.55698,10.04396,82734,True,116.06548,3
20260508-002650,1778216040,2026-05-08 04:54:00+00:00,1778216040000,16029,26.72768,56.67235,10.04402,83062,True,115.25082,3
20260508-002650,1778216052,2026-05-08 04:54:12+00:00,1778216052000,16041,26.73021,56.77983,10.04394,82489,True,116.20992,3
20260508-002650,1778216064,2026-05-08 04:54:24+00:00,1778216064000,16053,26.72768,56.77861,10.04392,82570,True,116.31338,3
20260508-002650,1778216076,2026-05-08 04:54:36+00:00,1778216076000,16065,26.73021,56.66086,10.04424,82979,True,115.62739,3
20260508-002650,1778216088,2026-05-08 04:54:48+00:00,1778216088000,16077,26.72514,56.35299,10.04405,83062,True,115.01175,3
20260508-002650,1778216100,2026-05-08 04:55:00+00:00,1778216100000,16089,26.73021,56.20021,10.0441,83393,True,113.53618,3
20260508-002650,1778216112,2026-05-08 04:55:12+00:00,1778216112000,16101,26.73021,55.97497,10.04415,83393,True,113.18871,3
20260508-002650,1778216124,2026-05-08 04:55:24+00:00,1778216124000,16113,26.7226,55.70176,10.04399,83642,True,112.41904,3
20260508-002650,1778216136,2026-05-08 04:55:36+00:00,1778216136000,16125,26.73021,55.82195,10.04417,83810,True,112.2743,3
20260508-002650,1778216148,2026-05-08 04:55:48+00:00,1778216148000,16137,26.7226,55.95769,10.04392,83810,True,112.42734,3
20260508-002650,1778216160,2026-05-08 04:56:00+00:00,1778216160000,16149,26.72007,56.12505,10.04416,84231,True,112.11864,3
20260508-002650,1778216172,2026-05-08 04:56:12+00:00,1778216172000,16161,26.72007,56.19102,10.04401,83642,True,112.74188,3
20260508-002650,1778216184,2026-05-08 04:56:24+00:00,1778216184000,16173,26.72514,56.223,10.04409,83559,True,113.40814,3
20260508-002650,1778216196,2026-05-08 04:56:36+00:00,1778216196000,16185,26.72007,56.17307,10.04395,83810,True,112.61542,3
20260508-002650,1778216208,2026-05-08 04:56:48+00:00,1778216208000,16197,26.72514,55.81982,10.04414,83978,True,112.3711,3
20260508-002650,1778216220,2026-05-08 04:57:00+00:00,1778216220000,16209,26.72768,55.72215,10.04418,83894,True,111.95103,3
20260508-002650,1778216232,2026-05-08 04:57:12+00:00,1778216232000,16221,26.73021,55.63337,10.04434,83559,True,112.33318,3
20260508-002650,1778216244,2026-05-08 04:57:24+00:00,1778216244000,16233,26.72007,55.59771,10.04411,84231,True,111.1772,3
20260508-002650,1778216256,2026-05-08 04:57:36+00:00,1778216256000,16245,26.72514,55.62282,10.04416,84231,True,110.5215,3
20260508-002650,1778216268,2026-05-08 04:57:48+00:00,1778216268000,16257,26.72514,55.60029,10.0443,84401,True,111.08771,3
20260508-002650,1778216280,2026-05-08 04:58:00+00:00,1778216280000,16269,26.71754,55.43054,10.04411,84316,True,111.01837,3
20260508-002650,1778216292,2026-05-08 04:58:12+00:00,1778216292000,16281,26.72007,55.44289,10.04415,84316,True,110.84776,3
20260508-002650,1778216304,2026-05-08 04:58:24+00:00,1778216304000,16293,26.71754,55.48328,10.04416,84316,True,111.50508,3
20260508-002650,1778216316,2026-05-08 04:58:36+00:00,1778216316000,16305,26.72768,55.46672,10.04439,84401,True,111.15446,3
20260508-002650,1778216328,2026-05-08 04:58:48+00:00,1778216328000,16317,26.7226,55.49896,10.04438,84486,True,110.79375,3
20260508-002650,1778216340,2026-05-08 04:59:00+00:00,1778216340000,16329,26.72007,55.44118,10.04441,84743,True,110.07695,3
20260508-002650,1778216352,2026-05-08 04:59:12+00:00,1778216352000,16341,26.71754,55.19335,10.04433,84915,True,109.2202,3
20260508-002650,1778216364,2026-05-08 04:59:24+00:00,1778216364000,16353,26.72007,54.9049,10.04448,85260,True,108.07207,3
20260508-002650,1778216376,2026-05-08 04:59:36+00:00,1778216376000,16365,26.715,54.88277,10.04429,85347,True,108.0125,3
20260508-002650,1778216388,2026-05-08 04:59:48+00:00,1778216388000,16377,26.715,54.75607,10.04433,84915,True,108.35748,3
20260508-002650,1778216400,2026-05-08 05:00:00+00:00,1778216400000,16389,26.715,54.42704,10.04436,85784,True,106.93716,3
20260508-002650,1778216412,2026-05-08 05:00:12+00:00,1778216412000,16401,26.71246,54.42549,10.04439,85960,True,106.70592,3
20260508-002650,1778216424,2026-05-08 05:00:24+00:00,1778216424000,16413,26.71754,54.42261,10.04447,86404,True,106.21714,3
20260508-002650,1778216436,2026-05-08 05:00:36+00:00,1778216436000,16425,26.72007,54.27752,10.04443,86315,True,105.89349,3
20260508-002650,1778216448,2026-05-08 05:00:48+00:00,1778216448000,16437,26.71754,54.43546,10.04458,86226,True,106.21838,3
20260508-002650,1778216460,2026-05-08 05:01:00+00:00,1778216460000,16449,26.71754,54.63412,10.04444,86049,True,106.40645,3
20260508-002650,1778216472,2026-05-08 05:01:12+00:00,1778216472000,16461,26.71754,54.60721,10.04446,85609,True,107.58241,3
20260508-002650,1778216484,2026-05-08 05:01:24+00:00,1778216484000,16473,26.71246,54.23079,10.04453,86493,True,106.02649,3
20260508-002650,1778216496,2026-05-08 05:01:36+00:00,1778216496000,16485,26.70993,53.6787,10.0443,86404,True,105.46327,3
20260508-002650,1778216508,2026-05-08 05:01:48+00:00,1778216508000,16497,26.715,53.55356,10.04447,87123,True,103.54625,3
20260508-002650,1778216520,2026-05-08 05:02:00+00:00,1778216520000,16509,26.71754,53.78156,10.04458,87214,True,103.851,3
20260508-002650,1778216532,2026-05-08 05:02:12+00:00,1778216532000,16521,26.70485,54.54546,10.04425,86137,True,105.81151,3
20260508-002650,1778216544,2026-05-08 05:02:24+00:00,1778216544000,16533,26.71246,54.51522,10.04453,86493,True,106.23705,3
20260508-002650,1778216556,2026-05-08 05:02:36+00:00,1778216556000,16545,26.70993,54.34576,10.04435,86942,True,105.66176,3
20260508-002650,1778216568,2026-05-08 05:02:48+00:00,1778216568000,16557,26.70993,54.69446,10.04448,86315,True,106.17643,3
20260508-002650,1778216580,2026-05-08 05:03:00+00:00,1778216580000,16569,26.715,54.78753,10.04459,86226,True,106.42245,3
20260508-002650,1778216592,2026-05-08 05:03:12+00:00,1778216592000,16581,26.715,54.54161,10.04461,86404,True,106.03885,3
20260508-002650,1778216604,2026-05-08 05:03:24+00:00,1778216604000,16593,26.70739,54.55307,10.04438,86049,True,106.77042,3
20260508-002650,1778216616,2026-05-08 05:03:36+00:00,1778216616000,16604,26.76294,54.43837,10.0446,86137,True,106.77248,3
20260508-002650,1778216628,2026-05-08 05:03:48+00:00,1778216628000,16616,26.6795,54.89518,10.04439,79664,True,136.3732,3
20260508-002650,1778216640,2026-05-08 05:04:00+00:00,1778216640000,16628,26.69979,54.56849,10.04458,82570,True,127.17372,3
20260508-002650,1778216652,2026-05-08 05:04:12+00:00,1778216652000,16640,26.69725,54.70251,10.04438,84486,True,118.25324,3
20260508-002650,1778216664,2026-05-08 05:04:24+00:00,1778216664000,16652,26.70485,54.5304,10.04448,84915,True,114.11225,3
20260508-002650,1778216676,2026-05-08 05:04:36+00:00,1778216676000,16664,26.69725,54.31425,10.04448,85609,True,110.60018,3
20260508-002650,1778216688,2026-05-08 05:04:48+00:00,1778216688000,16676,26.69725,54.11442,10.04429,85609,True,109.794,3
20260508-002650,1778216700,2026-05-08 05:05:00+00:00,1778216700000,16688,26.69725,54.21139,10.04441,86137,True,107.8089,3
20260508-002650,1778216712,2026-05-08 05:05:12+00:00,1778216712000,16700,26.70232,54.32303,10.04446,86315,True,107.13153,3
20260508-002650,1778216724,2026-05-08 05:05:24+00:00,1778216724000,16712,26.69979,54.13433,10.04428,86315,True,106.29988,3
20260508-002650,1778216736,2026-05-08 05:05:36+00:00,1778216736000,16724,26.70485,54.12823,10.04436,86404,True,106.54131,3
20260508-002650,1778216748,2026-05-08 05:05:48+00:00,1778216748000,16736,26.70232,53.98859,10.04439,86762,True,105.44672,3
20260508-002650,1778216760,2026-05-08 05:06:00+00:00,1778216760000,16748,26.69979,53.99934,10.04436,87305,True,103.99434,3
20260508-002650,1778216772,2026-05-08 05:06:12+00:00,1778216772000,16760,26.70485,53.96795,10.04441,87032,True,104.10201,3
20260508-002650,1778216784,2026-05-08 05:06:24+00:00,1778216784000,16772,26.69725,54.1937,10.0442,86137,True,105.66328,3
20260508-002650,1778216796,2026-05-08 05:06:36+00:00,1778216796000,16784,26.69218,54.31462,10.04426,87214,True,104.58051,3
20260508-002650,1778216817,2026-05-08 05:06:57+00:00,1778216817000,16806,26.75389,54.15241,10.04418,87032,True,104.34486,3
20260508-002650,1778216829,2026-05-08 05:07:09+00:00,1778216829000,16818,26.66175,54.59353,10.04412,74031,True,163.67151,3
20260508-002650,1778216841,2026-05-08 05:07:21+00:00,1778216841000,16830,26.67189,54.00484,10.04413,80352,True,146.31056,3
20260508-002650,1778216853,2026-05-08 05:07:33+00:00,1778216853000,16842,26.6795,54.03888,10.04413,83062,True,129.17212,3
20260508-002650,1778216865,2026-05-08 05:07:45+00:00,1778216865000,16854,26.68457,54.16645,10.04416,84147,True,120.73862,3
20260508-002650,1778216877,2026-05-08 05:07:57+00:00,1778216877000,16866,26.68457,54.17761,10.04412,84743,True,115.90315,3
20260508-002650,1778216889,2026-05-08 05:08:09+00:00,1778216889000,16878,26.68204,54.40377,10.04392,85087,True,113.0854,3
20260508-002650,1778216901,2026-05-08 05:08:21+00:00,1778216901000,16890,26.68711,54.37152,10.04402,85609,True,111.13356,3
20260508-002650,1778216913,2026-05-08 05:08:33+00:00,1778216913000,16902,26.68457,54.09167,10.04389,85872,True,109.73418,3
20260508-002650,1778216925,2026-05-08 05:08:45+00:00,1778216925000,16914,26.68964,54.06033,10.0439,86226,True,108.03529,3
20260508-002650,1778216937,2026-05-08 05:08:57+00:00,1778216937000,16926,26.68964,54.2244,10.04383,86404,True,107.02225,3
20260508-002650,1778216949,2026-05-08 05:09:09+00:00,1778216949000,16938,26.68457,54.12251,10.04384,85960,True,107.33108,3
20260508-002650,1778216961,2026-05-08 05:09:21+00:00,1778216961000,16950,26.68457,54.11273,10.04373,86762,True,106.79453,3
20260508-002650,1778216973,2026-05-08 05:09:33+00:00,1778216973000,16962,26.69218,54.07863,10.04379,86493,True,106.36488,3
20260508-002650,1778216985,2026-05-08 05:09:45+00:00,1778216985000,16973,26.6085,54.93722,10.04367,78104,True,118.32023,3
20260508-002650,1778216997,2026-05-08 05:09:57+00:00,1778216997000,16985,26.68204,54.49475,10.04385,82734,True,125.54613,3
20260508-002650,1778217009,2026-05-08 05:10:09+00:00,1778217009000,16997,26.69471,54.46026,10.04395,84657,True,117.54704,3
20260508-002650,1778217021,2026-05-08 05:10:21+00:00,1778217021000,17009,26.68711,54.62299,10.04374,85347,True,113.23496,3
20260508-002650,1778217033,2026-05-08 05:10:33+00:00,1778217033000,17021,26.69218,54.53056,10.04379,85697,True,110.26778,3
20260508-002650,1778217045,2026-05-08 05:10:45+00:00,1778217045000,17033,26.68457,54.48512,10.04358,85960,True,108.77536,3
20260508-002650,1778217057,2026-05-08 05:10:57+00:00,1778217057000,17045,26.69725,54.64639,10.0439,85697,True,108.83308,3
20260508-002650,1778217069,2026-05-08 05:11:09+00:00,1778217069000,17057,26.69218,54.7985,10.04361,85960,True,107.95988,3
20260508-002650,1778217081,2026-05-08 05:11:21+00:00,1778217081000,17069,26.68964,54.80595,10.04374,86404,True,107.09818,3
20260508-002650,1778217093,2026-05-08 05:11:33+00:00,1778217093000,17081,26.68711,54.18755,10.0436,86583,True,105.89822,3
20260508-002650,1778217105,2026-05-08 05:11:45+00:00,1778217105000,17093,26.68711,53.44646,10.04367,87578,True,103.59357,3
20260508-002650,1778217117,2026-05-08 05:11:57+00:00,1778217117000,17105,26.68964,53.33875,10.04373,87305,True,103.3392,3
20260508-002650,1778217129,2026-05-08 05:12:09+00:00,1778217129000,17117,26.69218,53.59372,10.04361,87305,True,102.51949,3
20260508-002650,1778217141,2026-05-08 05:12:21+00:00,1778217141000,17129,26.69218,53.92545,10.04358,87123,True,103.77884,3
20260508-002650,1778217153,2026-05-08 05:12:33+00:00,1778217153000,17141,26.68964,53.72905,10.04367,87396,True,103.15628,3
20260508-002650,1778217165,2026-05-08 05:12:45+00:00,1778217165000,17153,26.68457,54.08327,10.0437,87214,True,103.58084,3
20260508-002650,1778217177,2026-05-08 05:12:57+00:00,1778217177000,17165,26.68964,54.17637,10.04355,87032,True,104.05727,3
20260508-002650,1778217187,2026-05-08 05:13:07+00:00,1778217187000,17176,26.60343,54.90493,10.04338,78250,True,116.70295,3
20260508-002650,1778217199,2026-05-08 05:13:19+00:00,1778217199000,17188,26.68204,54.30302,10.04368,83894,True,121.98715,3
20260508-002650,1778217211,2026-05-08 05:13:31+00:00,1778217211000,17200,26.68711,54.38747,10.04376,85260,True,115.21148,3
20260508-002650,1778217223,2026-05-08 05:13:43+00:00,1778217223000,17212,26.69725,54.373,10.04381,85960,True,110.71953,3
20260508-002650,1778217235,2026-05-08 05:13:55+00:00,1778217235000,17224,26.69218,54.33844,10.04379,86137,True,108.43626,3
20260508-002650,1778217247,2026-05-08 05:14:07+00:00,1778217247000,17236,26.69471,54.12506,10.04365,86583,True,106.55933,3
20260508-002650,1778217259,2026-05-08 05:14:19+00:00,1778217259000,17248,26.68964,53.95995,10.04348,87123,True,105.10137,3
20260508-002650,1778217271,2026-05-08 05:14:31+00:00,1778217271000,17260,26.69218,53.94551,10.04358,87123,True,104.1402,3
20260508-002650,1778217283,2026-05-08 05:14:43+00:00,1778217283000,17272,26.69471,54.00967,10.04342,86852,True,104.45901,3
20260508-002650,1778217295,2026-05-08 05:14:55+00:00,1778217295000,17284,26.68964,54.03603,10.04329,87305,True,103.77628,3
20260508-002650,1778217307,2026-05-08 05:15:07+00:00,1778217307000,17296,26.69471,54.13431,10.04367,87123,True,103.31026,3
20260508-002650,1778217319,2026-05-08 05:15:19+00:00,1778217319000,17308,26.69218,54.31923,10.04363,87032,True,103.6812,3
20260508-002650,1778217331,2026-05-08 05:15:31+00:00,1778217331000,17320,26.68711,54.39569,10.04349,86852,True,105.2495,3
20260508-002650,1778217343,2026-05-08 05:15:43+00:00,1778217343000,17332,26.68711,54.3439,10.04348,86852,True,104.1619,3
20260508-002650,1778217355,2026-05-08 05:15:55+00:00,1778217355000,17344,26.68964,54.28495,10.04336,87396,True,103.35623,3
20260508-002650,1778217367,2026-05-08 05:16:07+00:00,1778217367000,17356,26.69218,54.2701,10.04359,87214,True,104.10567,3
20260508-002650,1778217379,2026-05-08 05:16:19+00:00,1778217379000,17368,26.69471,54.15165,10.04351,86762,True,104.13026,3
20260508-002650,1778217391,2026-05-08 05:16:31+00:00,1778217391000,17380,26.68964,53.87935,10.04341,87578,True,102.41224,3
20260508-002650,1778217402,2026-05-08 05:16:42+00:00,1778217402000,17391,26.6085,54.40811,10.04342,78691,True,114.75043,3
20260508-002650,1778217414,2026-05-08 05:16:54+00:00,1778217414000,17403,26.70527,53.92604,10.04349,80740,True,120.42464,3
20260508-002650,1778217427,2026-05-08 05:17:07+00:00,1778217427000,17416,26.62283,54.42964,10.04314,70718,True,140.17493,3
20260508-002650,1778217439,2026-05-08 05:17:19+00:00,1778217439000,17428,26.63893,53.67019,10.04328,74031,True,174.77052,3
20260508-002650,1778217451,2026-05-08 05:17:31+00:00,1778217451000,17440,26.65414,53.40546,10.04331,80352,True,149.03766,3
20260508-002650,1778217463,2026-05-08 05:17:43+00:00,1778217463000,17452,26.66175,53.45578,10.04342,83559,True,129.77393,3
20260508-002650,1778217475,2026-05-08 05:17:55+00:00,1778217475000,17464,26.67189,53.5962,10.04348,84743,True,119.68613,3
20260508-002650,1778217487,2026-05-08 05:18:07+00:00,1778217487000,17476,26.67189,53.98259,10.04334,85260,True,114.90822,3
20260508-002650,1778217499,2026-05-08 05:18:19+00:00,1778217499000,17488,26.67443,54.36105,10.04345,85434,True,112.24623,3
20260508-002650,1778217511,2026-05-08 05:18:31+00:00,1778217511000,17500,26.67443,54.47317,10.04341,85609,True,111.57936,3
20260508-002650,1778217524,2026-05-08 05:18:44+00:00,1778217524000,17512,26.64654,54.75534,10.04351,80662,True,124.32825,3
20260508-002650,1778217536,2026-05-08 05:18:56+00:00,1778217536000,17524,26.66936,54.41988,10.04354,83894,True,122.23679,3
20260508-002650,1778217548,2026-05-08 05:19:08+00:00,1778217548000,17536,26.6795,54.43814,10.04383,84915,True,115.74723,3
20260508-002650,1778217560,2026-05-08 05:19:20+00:00,1778217560000,17548,26.6795,54.53637,10.04383,85872,True,111.41547,3
20260508-002650,1778217572,2026-05-08 05:19:32+00:00,1778217572000,17560,26.67443,54.57552,10.04357,86049,True,110.00135,3
20260508-002650,1778217584,2026-05-08 05:19:44+00:00,1778217584000,17572,26.68457,54.53856,10.04379,85609,True,108.93755,3
20260508-002650,1778217596,2026-05-08 05:19:56+00:00,1778217596000,17584,26.67697,54.52864,10.04354,86137,True,107.84884,3
20260508-002650,1778217608,2026-05-08 05:20:08+00:00,1778217608000,17596,26.6795,54.52991,10.04356,86315,True,106.83041,3
20260508-002650,1778217620,2026-05-08 05:20:20+00:00,1778217620000,17608,26.67697,54.5136,10.04358,86493,True,106.25777,3
20260508-002650,1778217632,2026-05-08 05:20:32+00:00,1778217632000,17620,26.67697,54.46519,10.04335,86583,True,105.5767,3
20260508-002650,1778217644,2026-05-08 05:20:44+00:00,1778217644000,17632,26.68204,54.51535,10.04343,86762,True,105.01682,3
20260508-002650,1778217656,2026-05-08 05:20:56+00:00,1778217656000,17644,26.67697,54.52819,10.04351,86493,True,104.95885,3
20260508-002650,1778217668,2026-05-08 05:21:08+00:00,1778217668000,17656,26.6795,54.57194,10.0435,87396,True,103.88623,3
20260508-002650,1778217680,2026-05-08 05:21:20+00:00,1778217680000,17668,26.68457,54.51649,10.04363,86942,True,103.96165,3
20260508-002650,1778217692,2026-05-08 05:21:32+00:00,1778217692000,17680,26.6795,54.43967,10.04353,86852,True,104.07306,3
20260508-002650,1778217704,2026-05-08 05:21:44+00:00,1778217704000,17692,26.6795,54.29111,10.04355,86852,True,103.80612,3
20260508-002650,1778217716,2026-05-08 05:21:56+00:00,1778217716000,17704,26.6795,54.16017,10.04362,86942,True,103.30586,3
20260508-002650,1778217728,2026-05-08 05:22:08+00:00,1778217728000,17716,26.6795,53.98413,10.0437,87305,True,102.55569,3
20260508-002650,1778217740,2026-05-08 05:22:20+00:00,1778217740000,17728,26.67443,53.89081,10.04343,87396,True,101.86375,3
20260508-002650,1778217752,2026-05-08 05:22:32+00:00,1778217752000,17740,26.67697,53.80972,10.04354,87487,True,101.67513,3
20260508-002650,1778217764,2026-05-08 05:22:44+00:00,1778217764000,17752,26.67697,53.77829,10.04354,88224,True,100.52716,3
20260508-002650,1778217776,2026-05-08 05:22:56+00:00,1778217776000,17764,26.67443,53.67839,10.04336,88317,True,100.46411,3
20260508-002650,1778217788,2026-05-08 05:23:08+00:00,1778217788000,17776,26.6795,53.5768,10.0436,87670,True,101.24709,3
20260508-002650,1778217800,2026-05-08 05:23:20+00:00,1778217800000,17788,26.67443,53.59634,10.0435,87854,True,100.91125,3
20260508-002650,1778217812,2026-05-08 05:23:32+00:00,1778217812000,17800,26.68711,53.79387,10.04386,87670,True,101.1525,3
20260508-002650,1778217824,2026-05-08 05:23:44+00:00,1778217824000,17812,26.6795,53.96771,10.04378,87578,True,101.94943,3
20260508-002650,1778217836,2026-05-08 05:23:56+00:00,1778217836000,17824,26.68711,54.10331,10.04395,87670,True,102.02473,3
20260508-002650,1778217848,2026-05-08 05:24:08+00:00,1778217848000,17836,26.68204,54.33383,10.04383,87854,True,102.36372,3
20260508-002650,1778217860,2026-05-08 05:24:20+00:00,1778217860000,17848,26.67697,54.43533,10.04387,87032,True,102.97841,3
20260508-002650,1778217872,2026-05-08 05:24:32+00:00,1778217872000,17860,26.67697,54.41172,10.0438,87396,True,103.20145,3
20260508-002650,1778217884,2026-05-08 05:24:44+00:00,1778217884000,17872,26.67697,54.19965,10.04386,87670,True,102.29514,3
20260508-002650,1778217896,2026-05-08 05:24:56+00:00,1778217896000,17884,26.68204,53.93388,10.04397,87762,True,101.6575,3
20260508-002650,1778217908,2026-05-08 05:25:08+00:00,1778217908000,17896,26.68204,53.57938,10.04406,87670,True,101.31155,3
20260508-002650,1778217920,2026-05-08 05:25:20+00:00,1778217920000,17908,26.6795,53.63936,10.04407,87946,True,100.19376,3
20260508-002650,1778217932,2026-05-08 05:25:32+00:00,1778217932000,17920,26.67443,53.86831,10.04387,87946,True,100.39025,3
20260508-002650,1778217944,2026-05-08 05:25:44+00:00,1778217944000,17932,26.67697,54.06244,10.04417,87946,True,100.47731,3
20260508-002650,1778217956,2026-05-08 05:25:56+00:00,1778217956000,17944,26.67189,54.09735,10.04395,88131,True,101.12,3
20260508-002650,1778217968,2026-05-08 05:26:08+00:00,1778217968000,17956,26.67697,53.97588,10.04417,87854,True,100.26518,3
20260508-002650,1778217980,2026-05-08 05:26:20+00:00,1778217980000,17968,26.66936,53.84148,10.04405,88131,True,100.40235,3
20260508-002650,1778217992,2026-05-08 05:26:32+00:00,1778217992000,17980,26.67697,53.72672,10.04405,88411,True,100.05209,3
20260508-002650,1778218004,2026-05-08 05:26:44+00:00,1778218004000,17992,26.67443,53.61677,10.04419,88504,True,99.59811,3
20260508-002650,1778218016,2026-05-08 05:26:56+00:00,1778218016000,18004,26.68457,53.46317,10.04426,88691,True,99.12064,3
20260508-002650,1778218028,2026-05-08 05:27:08+00:00,1778218028000,18016,26.67443,53.46729,10.04417,88598,True,98.75774,3
20260508-002650,1778218040,2026-05-08 05:27:20+00:00,1778218040000,18028,26.67443,53.39396,10.04417,88411,True,99.03628,3
20260508-002650,1778218052,2026-05-08 05:27:32+00:00,1778218052000,18040,26.67443,53.32921,10.04406,88691,True,98.6805,3
20260508-002650,1778218064,2026-05-08 05:27:44+00:00,1778218064000,18052,26.6795,53.33574,10.04428,89069,True,97.78022,3
20260508-002650,1778218076,2026-05-08 05:27:56+00:00,1778218076000,18064,26.66936,53.32411,10.04398,88880,True,98.1888,3
20260508-002650,1778218088,2026-05-08 05:28:08+00:00,1778218088000,18076,26.67443,53.26508,10.04424,89259,True,97.33243,3
20260508-002650,1778218100,2026-05-08 05:28:20+00:00,1778218100000,18088,26.66936,53.20229,10.04416,89069,True,97.86562,3
20260508-002650,1778218112,2026-05-08 05:28:32+00:00,1778218112000,18100,26.67443,53.244,10.04426,89259,True,97.38698,3
20260508-002650,1778218124,2026-05-08 05:28:44+00:00,1778218124000,18112,26.67189,53.33014,10.0443,89069,True,98.164,3
20260508-002650,1778218136,2026-05-08 05:28:56+00:00,1778218136000,18124,26.67443,53.28721,10.04434,88974,True,98.12759,3
20260508-002650,1778218148,2026-05-08 05:29:08+00:00,1778218148000,18136,26.67189,53.25639,10.04413,88880,True,98.67651,3
20260508-002650,1778218160,2026-05-08 05:29:20+00:00,1778218160000,18148,26.67189,53.24531,10.04422,88598,True,99.3332,3
20260508-002650,1778218172,2026-05-08 05:29:32+00:00,1778218172000,18160,26.66682,53.20229,10.04411,88880,True,98.74805,3
20260508-002650,1778218184,2026-05-08 05:29:44+00:00,1778218184000,18172,26.66936,53.15067,10.04426,89069,True,97.94104,3
20260508-002650,1778218196,2026-05-08 05:29:56+00:00,1778218196000,18184,26.67443,53.18995,10.04441,89069,True,97.65262,3
20260508-002650,1778218208,2026-05-08 05:30:08+00:00,1778218208000,18196,26.67189,53.23594,10.0443,88880,True,98.60281,3
20260508-002650,1778218220,2026-05-08 05:30:20+00:00,1778218220000,18208,26.67189,53.45191,10.04437,88785,True,98.83038,3
20260508-002650,1778218232,2026-05-08 05:30:32+00:00,1778218232000,18220,26.66682,53.54938,10.04406,88974,True,99.12103,3
20260508-002650,1778218244,2026-05-08 05:30:44+00:00,1778218244000,18232,26.66936,53.53535,10.04433,88785,True,99.45605,3
20260508-002650,1778218256,2026-05-08 05:30:56+00:00,1778218256000,18244,26.66936,53.55384,10.0443,88504,True,99.72771,3
20260508-002650,1778218268,2026-05-08 05:31:08+00:00,1778218268000,18256,26.66682,53.55652,10.04429,88691,True,98.8502,3
20260508-002650,1778218280,2026-05-08 05:31:20+00:00,1778218280000,18268,26.67443,53.4227,10.04441,88691,True,98.71159,3
20260508-002650,1778218292,2026-05-08 05:31:32+00:00,1778218292000,18280,26.66936,53.41682,10.04435,88880,True,98.71993,3
20260508-002650,1778218304,2026-05-08 05:31:44+00:00,1778218304000,18292,26.66682,53.57563,10.04419,88504,True,98.98353,3
20260508-002650,1778218316,2026-05-08 05:31:56+00:00,1778218316000,18304,26.66429,53.57308,10.04434,88598,True,99.06139,3
20260508-002650,1778218328,2026-05-08 05:32:08+00:00,1778218328000,18316,26.66429,53.53738,10.0443,89449,True,97.81192,3
20260508-002650,1778218340,2026-05-08 05:32:20+00:00,1778218340000,18328,26.66936,53.53099,10.04437,88691,True,98.46558,3
20260508-002650,1778218352,2026-05-08 05:32:32+00:00,1778218352000,18340,26.66682,53.63345,10.04413,88691,True,98.87553,3
20260508-002650,1778218364,2026-05-08 05:32:44+00:00,1778218364000,18352,26.66682,53.60986,10.04441,88785,True,99.2033,3
20260508-002650,1778218376,2026-05-08 05:32:56+00:00,1778218376000,18364,26.66429,53.6136,10.0443,88504,True,99.71625,3
20260508-002650,1778218388,2026-05-08 05:33:08+00:00,1778218388000,18376,26.66682,53.60587,10.04438,88131,True,100.06767,3
20260508-002650,1778218400,2026-05-08 05:33:20+00:00,1778218400000,18388,26.66175,53.62646,10.0443,88691,True,99.22174,3
20260508-002650,1778218412,2026-05-08 05:33:32+00:00,1778218412000,18400,26.66429,53.67778,10.04441,88504,True,99.58131,3
20260508-002650,1778218424,2026-05-08 05:33:44+00:00,1778218424000,18412,26.65414,53.70989,10.04409,89069,True,98.29343,3
20260508-002650,1778218436,2026-05-08 05:33:56+00:00,1778218436000,18424,26.66175,53.88282,10.04442,88317,True,99.99174,3
20260508-002650,1778218448,2026-05-08 05:34:08+00:00,1778218448000,18436,26.65922,53.84127,10.04424,87946,True,100.91711,3
20260508-002650,1778218460,2026-05-08 05:34:20+00:00,1778218460000,18448,26.66175,53.69221,10.04424,88504,True,100.2513,3
20260508-002650,1778218472,2026-05-08 05:34:32+00:00,1778218472000,18460,26.65922,53.68777,10.04433,88598,True,98.90815,3
20260508-002650,1778218484,2026-05-08 05:34:44+00:00,1778218484000,18472,26.65922,53.3768,10.04426,88598,True,98.92935,3
20260508-002650,1778218496,2026-05-08 05:34:56+00:00,1778218496000,18484,26.65414,53.23373,10.04432,89069,True,98.13956,3
20260508-002650,1778218508,2026-05-08 05:35:08+00:00,1778218508000,18496,26.65161,53.32299,10.04424,88974,True,97.99068,3
20260508-002650,1778218520,2026-05-08 05:35:20+00:00,1778218520000,18508,26.65414,53.32258,10.04416,88880,True,98.22321,3
20260508-002650,1778218532,2026-05-08 05:35:32+00:00,1778218532000,18520,26.644,53.47667,10.04405,88880,True,97.87733,3
20260508-002650,1778218544,2026-05-08 05:35:44+00:00,1778218544000,18532,26.65414,53.52408,10.04423,88691,True,98.44107,3
20260508-002650,1778218556,2026-05-08 05:35:56+00:00,1778218556000,18544,26.66175,53.53239,10.04428,88880,True,98.42633,3
20260508-002650,1778218568,2026-05-08 05:36:08+00:00,1778218568000,18556,26.64654,53.39433,10.04409,89069,True,98.16325,3
20260508-002650,1778218580,2026-05-08 05:36:20+00:00,1778218580000,18568,26.65414,53.15622,10.04416,89354,True,97.23026,3
20260508-002650,1778218592,2026-05-08 05:36:32+00:00,1778218592000,18580,26.65161,53.23837,10.04407,89259,True,97.28674,3
20260508-002650,1778218604,2026-05-08 05:36:44+00:00,1778218604000,18592,26.65161,53.371,10.04408,88880,True,97.90338,3
20260508-002650,1778218616,2026-05-08 05:36:56+00:00,1778218616000,18604,26.65922,53.45722,10.04417,88691,True,98.55354,3
20260508-002650,1778218628,2026-05-08 05:37:08+00:00,1778218628000,18616,26.66175,53.52792,10.04421,88691,True,99.74922,3
20260508-002650,1778218640,2026-05-08 05:37:20+00:00,1778218640000,18628,26.65414,53.62973,10.04402,88785,True,99.15373,3
20260508-002650,1778218652,2026-05-08 05:37:32+00:00,1778218652000,18640,26.65922,53.59355,10.04401,88598,True,99.2439,3
20260508-002650,1778218664,2026-05-08 05:37:44+00:00,1778218664000,18652,26.65161,53.63051,10.04401,89354,True,97.83177,3
20260508-002650,1778218676,2026-05-08 05:37:56+00:00,1778218676000,18664,26.65414,53.68498,10.044,88317,True,99.32841,3
20260508-002650,1778218688,2026-05-08 05:38:08+00:00,1778218688000,18676,26.65922,53.7232,10.04413,88504,True,99.47812,3
20260508-002650,1778218700,2026-05-08 05:38:20+00:00,1778218700000,18688,26.66175,53.73028,10.04416,88504,True,99.8419,3
20260508-002650,1778218712,2026-05-08 05:38:32+00:00,1778218712000,18700,26.65668,53.73597,10.04402,88598,True,99.58073,3
20260508-002650,1778218724,2026-05-08 05:38:44+00:00,1778218724000,18712,26.65414,53.73825,10.04419,88504,True,100.06194,3
20260508-002650,1778218736,2026-05-08 05:38:56+00:00,1778218736000,18724,26.64907,53.74467,10.04397,88224,True,100.26408,3
20260508-002650,1778218748,2026-05-08 05:39:08+00:00,1778218748000,18736,26.65414,53.78487,10.04405,88691,True,99.4919,3
20260508-002650,1778218760,2026-05-08 05:39:20+00:00,1778218760000,18748,26.66175,53.74713,10.04428,88504,True,99.90862,3
20260508-002650,1778218772,2026-05-08 05:39:32+00:00,1778218772000,18760,26.65414,53.69412,10.04411,88131,True,100.39099,3
20260508-002650,1778218784,2026-05-08 05:39:44+00:00,1778218784000,18772,26.64654,53.57998,10.04398,89069,True,98.95911,3
20260508-002650,1778218796,2026-05-08 05:39:56+00:00,1778218796000,18784,26.64907,53.74648,10.04404,88504,True,99.17279,3
20260508-002650,1778218808,2026-05-08 05:40:08+00:00,1778218808000,18796,26.63893,53.79393,10.04395,88598,True,99.59442,3
20260508-002650,1778218820,2026-05-08 05:40:20+00:00,1778218820000,18808,26.644,53.78482,10.04405,88504,True,99.90984,3
20260508-002650,1778218832,2026-05-08 05:40:32+00:00,1778218832000,18820,26.644,53.73944,10.04408,88504,True,99.03398,3
20260508-002650,1778218844,2026-05-08 05:40:44+00:00,1778218844000,18832,26.64147,53.74969,10.04415,88411,True,99.60282,3
20260508-002650,1778218856,2026-05-08 05:40:56+00:00,1778218856000,18844,26.644,53.6442,10.04407,88598,True,98.65035,3
20260508-002650,1778218868,2026-05-08 05:41:08+00:00,1778218868000,18856,26.644,53.51593,10.04412,88880,True,98.63902,3
20260508-002650,1778218880,2026-05-08 05:41:20+00:00,1778218880000,18868,26.64907,53.46597,10.04411,88691,True,98.92193,3
20260508-002650,1778218892,2026-05-08 05:41:32+00:00,1778218892000,18880,26.63893,53.52636,10.04377,88598,True,98.19377,3
20260508-002650,1778218905,2026-05-08 05:41:45+00:00,1778218905000,18893,26.61865,53.89093,10.0438,83642,True,112.50389,3
20260508-002650,1778218917,2026-05-08 05:41:57+00:00,1778218917000,18905,26.63386,53.58574,10.04381,86852,True,110.75015,3
20260508-002650,1778218929,2026-05-08 05:42:09+00:00,1778218929000,18917,26.63893,53.56461,10.04388,87670,True,105.86037,3
20260508-002650,1778218941,2026-05-08 05:42:21+00:00,1778218941000,18929,26.65161,53.63514,10.04407,87854,True,103.64467,3
20260508-002650,1778218953,2026-05-08 05:42:33+00:00,1778218953000,18941,26.64147,53.64755,10.0439,88224,True,101.89542,3
20260508-002650,1778218965,2026-05-08 05:42:45+00:00,1778218965000,18953,26.644,53.71339,10.04403,88691,True,99.99886,3
20260508-002650,1778218977,2026-05-08 05:42:57+00:00,1778218977000,18965,26.64147,53.75178,10.0439,88974,True,99.24054,3
20260508-002650,1778218989,2026-05-08 05:43:09+00:00,1778218989000,18977,26.64907,53.7749,10.0439,88131,True,100.23807,3
20260508-002650,1778219001,2026-05-08 05:43:21+00:00,1778219001000,18989,26.64147,53.74818,10.04371,88504,True,99.71495,3
20260508-002650,1778219013,2026-05-08 05:43:33+00:00,1778219013000,19001,26.64654,53.6777,10.04391,88598,True,99.54651,3
20260508-002650,1778219025,2026-05-08 05:43:45+00:00,1778219025000,19013,26.64907,53.61185,10.04399,88691,True,99.37373,3
20260508-002650,1778219037,2026-05-08 05:43:57+00:00,1778219037000,19025,26.63893,53.66063,10.04365,88598,True,99.32639,3
20260508-002650,1778219049,2026-05-08 05:44:09+00:00,1778219049000,19037,26.63639,53.72612,10.04371,88598,True,99.38817,3
20260508-002650,1778219061,2026-05-08 05:44:21+00:00,1778219061000,19049,26.63893,53.76379,10.04354,88785,True,99.13149,3
20260508-002650,1778219073,2026-05-08 05:44:33+00:00,1778219073000,19061,26.64147,53.87601,10.04369,89069,True,98.76942,3
20260508-002650,1778219084,2026-05-08 05:44:44+00:00,1778219084000,19072,26.56033,54.7196,10.04363,78988,True,113.02875,3
20260508-002650,1778219096,2026-05-08 05:44:56+00:00,1778219096000,19084,26.63132,54.16204,10.04377,84486,True,120.08017,3
20260508-002650,1778219108,2026-05-08 05:45:08+00:00,1778219108000,19096,26.63386,53.94081,10.04359,86404,True,112.66484,3
20260508-002650,1778219120,2026-05-08 05:45:20+00:00,1778219120000,19108,26.63893,53.8572,10.0436,87032,True,106.89291,3
20260508-002650,1778219132,2026-05-08 05:45:32+00:00,1778219132000,19120,26.63386,53.94891,10.04357,87578,True,104.19102,3
20260508-002650,1778219144,2026-05-08 05:45:44+00:00,1778219144000,19132,26.63893,54.05143,10.04356,88039,True,102.50908,3
20260508-002650,1778219156,2026-05-08 05:45:56+00:00,1778219156000,19144,26.64147,54.14005,10.04378,87578,True,103.12599,3
20260508-002650,1778219168,2026-05-08 05:46:08+00:00,1778219168000,19156,26.63386,54.06617,10.04352,87670,True,101.94432,3
20260508-002650,1778219180,2026-05-08 05:46:20+00:00,1778219180000,19168,26.63386,53.9989,10.04357,88131,True,101.66356,3
20260508-002650,1778219192,2026-05-08 05:46:32+00:00,1778219192000,19180,26.63893,53.89552,10.04375,88411,True,100.34492,3
20260508-002650,1778219204,2026-05-08 05:46:44+00:00,1778219204000,19192,26.63893,53.8803,10.04354,88131,True,100.45819,3
20260508-002650,1778219216,2026-05-08 05:46:56+00:00,1778219216000,19204,26.63639,53.94193,10.04356,87946,True,100.4208,3
20260508-002650,1778219228,2026-05-08 05:47:08+00:00,1778219228000,19216,26.63386,54.05651,10.04353,87854,True,101.0741,3
20260508-002650,1778219240,2026-05-08 05:47:20+00:00,1778219240000,19228,26.63893,54.0244,10.04358,87946,True,100.87312,3
20260508-002650,1778219252,2026-05-08 05:47:32+00:00,1778219252000,19240,26.63386,54.01134,10.0436,88224,True,100.24092,3
20260508-002650,1778219264,2026-05-08 05:47:44+00:00,1778219264000,19252,26.644,53.91188,10.04387,87854,True,100.70277,3
20260508-002650,1778219276,2026-05-08 05:47:56+00:00,1778219276000,19264,26.63639,53.80325,10.04371,88131,True,100.25305,3
20260508-002650,1778219288,2026-05-08 05:48:08+00:00,1778219288000,19276,26.63639,53.69566,10.04366,88039,True,100.4931,3
20260508-002650,1778219300,2026-05-08 05:48:20+00:00,1778219300000,19288,26.63132,53.83976,10.04353,88504,True,98.59216,3
20260508-002650,1778219312,2026-05-08 05:48:32+00:00,1778219312000,19300,26.63639,53.74252,10.04373,88224,True,99.68592,3
20260508-002650,1778219324,2026-05-08 05:48:44+00:00,1778219324000,19312,26.63639,53.82285,10.04352,88504,True,99.48714,3
20260508-002650,1778219336,2026-05-08 05:48:56+00:00,1778219336000,19325,26.69082,53.66327,10.04354,88411,True,99.46514,3
20260508-002650,1778219348,2026-05-08 05:49:08+00:00,1778219348000,19337,26.6085,54.0415,10.04357,80584,True,135.15289,3
20260508-002650,1778219360,2026-05-08 05:49:20+00:00,1778219360000,19349,26.62625,53.97589,10.04376,84657,True,123.47066,3
20260508-002650,1778219372,2026-05-08 05:49:32+00:00,1778219372000,19361,26.62879,54.04041,10.04366,85784,True,114.57042,3
20260508-002650,1778219384,2026-05-08 05:49:44+00:00,1778219384000,19373,26.62118,54.03537,10.04347,86942,True,108.71735,3
20260508-002650,1778219396,2026-05-08 05:49:56+00:00,1778219396000,19385,26.62625,54.00431,10.04352,87032,True,105.87807,3
20260508-002650,1778219408,2026-05-08 05:50:08+00:00,1778219408000,19397,26.62625,53.97261,10.04359,87487,True,103.83071,3
20260508-002650,1778219420,2026-05-08 05:50:20+00:00,1778219420000,19409,26.63132,53.96842,10.04374,87762,True,102.82967,3
20260508-002650,1778219432,2026-05-08 05:50:32+00:00,1778219432000,19421,26.62879,53.95578,10.04352,87396,True,102.76964,3
20260508-002650,1778219444,2026-05-08 05:50:44+00:00,1778219444000,19433,26.63386,53.80014,10.04366,88317,True,101.34947,3
20260508-002650,1778219456,2026-05-08 05:50:56+00:00,1778219456000,19445,26.63132,53.85285,10.04363,87946,True,101.71704,3
20260508-002650,1778219468,2026-05-08 05:51:08+00:00,1778219468000,19457,26.63132,53.97697,10.04361,88039,True,101.09424,3
20260508-002650,1778219480,2026-05-08 05:51:20+00:00,1778219480000,19469,26.63639,54.05214,10.04373,87854,True,100.84436,3
20260508-002650,1778219492,2026-05-08 05:51:32+00:00,1778219492000,19481,26.63132,54.08389,10.04372,87946,True,100.81166,3
20260508-002650,1778219504,2026-05-08 05:51:44+00:00,1778219504000,19493,26.63639,53.87447,10.04371,88131,True,100.19322,3
20260508-002650,1778219516,2026-05-08 05:51:56+00:00,1778219516000,19505,26.62879,53.62536,10.0434,88974,True,98.55898,3
20260508-002650,1778219528,2026-05-08 05:52:08+00:00,1778219528000,19517,26.63132,53.7412,10.04339,88504,True,98.74673,3
20260508-002650,1778219540,2026-05-08 05:52:20+00:00,1778219540000,19529,26.63386,53.94822,10.04374,88039,True,99.97508,3
20260508-002650,1778219552,2026-05-08 05:52:32+00:00,1778219552000,19541,26.63639,54.07841,10.04377,88131,True,100.76511,3
20260508-002650,1778219564,2026-05-08 05:52:44+00:00,1778219564000,19553,26.63132,54.10575,10.04356,88224,True,100.17174,3
20260508-002650,1778219576,2026-05-08 05:52:56+00:00,1778219576000,19565,26.63386,54.07804,10.0436,88317,True,99.72606,3
20260508-002650,1778219588,2026-05-08 05:53:08+00:00,1778219588000,19577,26.63639,54.06416,10.04359,88317,True,100.83979,3
20260508-002650,1778219600,2026-05-08 05:53:20+00:00,1778219600000,19589,26.63893,53.95863,10.0437,88131,True,100.35992,3
20260508-002650,1778219612,2026-05-08 05:53:32+00:00,1778219612000,19601,26.63132,54.00621,10.04365,88317,True,99.84964,3
20260508-002650,1778219624,2026-05-08 05:53:44+00:00,1778219624000,19613,26.63639,54.14621,10.04378,87946,True,100.84966,3
20260508-002650,1778219636,2026-05-08 05:53:56+00:00,1778219636000,19625,26.63386,54.10923,10.04373,88317,True,99.36119,3
20260508-002650,1778219648,2026-05-08 05:54:08+00:00,1778219648000,19637,26.63132,54.1466,10.0436,87946,True,100.02956,3
20260508-002650,1778219660,2026-05-08 05:54:20+00:00,1778219660000,19649,26.63132,54.21603,10.04367,88224,True,100.1503,3
20260508-002650,1778219672,2026-05-08 05:54:32+00:00,1778219672000,19661,26.63132,54.19386,10.04363,87854,True,100.42038,3
20260508-002650,1778219684,2026-05-08 05:54:44+00:00,1778219684000,19673,26.62879,54.13651,10.04363,87946,True,100.43687,3
20260508-002650,1778219696,2026-05-08 05:54:56+00:00,1778219696000,19685,26.63132,54.1381,10.04374,88317,True,100.07201,3
20260508-002650,1778219708,2026-05-08 05:55:08+00:00,1778219708000,19697,26.63132,54.25571,10.04367,88317,True,100.03088,3
20260508-002650,1778219720,2026-05-08 05:55:20+00:00,1778219720000,19709,26.63639,54.25874,10.04377,88131,True,100.52583,3
20260508-002650,1778219732,2026-05-08 05:55:32+00:00,1778219732000,19721,26.63386,54.30237,10.04381,87946,True,101.01746,3
20260508-002650,1778219744,2026-05-08 05:55:44+00:00,1778219744000,19733,26.63386,54.28355,10.04371,87762,True,100.78152,3
20260508-002650,1778219756,2026-05-08 05:55:56+00:00,1778219756000,19745,26.63386,54.38174,10.04374,87762,True,101.07059,3
20260508-002650,1778219768,2026-05-08 05:56:08+00:00,1778219768000,19757,26.63893,54.41459,10.044,87487,True,101.17862,3
20260508-002650,1778219780,2026-05-08 05:56:20+00:00,1778219780000,19769,26.63893,54.41439,10.04377,87487,True,101.45741,3
20260508-002650,1778219792,2026-05-08 05:56:32+00:00,1778219792000,19781,26.62879,54.4193,10.0438,87854,True,100.76203,3
20260508-002650,1778219804,2026-05-08 05:56:44+00:00,1778219804000,19793,26.63386,54.32872,10.04376,87578,True,101.06944,3
20260508-002650,1778219816,2026-05-08 05:56:56+00:00,1778219816000,19805,26.62625,54.24961,10.04376,88317,True,99.76866,3
20260508-002650,1778219828,2026-05-08 05:57:08+00:00,1778219828000,19817,26.62625,54.0725,10.04368,87946,True,99.85664,3
20260508-002650,1778219840,2026-05-08 05:57:20+00:00,1778219840000,19829,26.63132,54.01646,10.04365,88317,True,99.74344,3
20260508-002650,1778219852,2026-05-08 05:57:32+00:00,1778219852000,19841,26.63132,53.91189,10.04376,88224,True,99.58121,3
20260508-002650,1778219864,2026-05-08 05:57:44+00:00,1778219864000,19853,26.62625,53.89611,10.04368,88131,True,99.34737,3
20260508-002650,1778219876,2026-05-08 05:57:56+00:00,1778219876000,19865,26.63132,53.98595,10.04384,88317,True,99.51125,3
20260508-002650,1778219888,2026-05-08 05:58:08+00:00,1778219888000,19877,26.63639,53.94486,10.0438,88131,True,99.74937,3
20260508-002650,1778219900,2026-05-08 05:58:20+00:00,1778219900000,19889,26.62879,53.98311,10.04366,88317,True,98.98737,3
20260508-002650,1778219912,2026-05-08 05:58:32+00:00,1778219912000,19901,26.63132,53.97506,10.04386,88039,True,99.53882,3
20260508-002650,1778219924,2026-05-08 05:58:44+00:00,1778219924000,19913,26.62879,54.15274,10.04364,88317,True,99.58694,3
20260508-002650,1778219936,2026-05-08 05:58:56+00:00,1778219936000,19925,26.62372,54.23872,10.0437,87670,True,100.77719,3
20260508-002650,1778219948,2026-05-08 05:59:08+00:00,1778219948000,19937,26.62879,54.20582,10.04384,88131,True,100.54675,3
20260508-002650,1778219960,2026-05-08 05:59:20+00:00,1778219960000,19949,26.62625,54.17819,10.04366,88131,True,100.64323,3
20260508-002650,1778219972,2026-05-08 05:59:32+00:00,1778219972000,19961,26.62372,54.03694,10.04353,87487,True,100.90346,3
20260508-002650,1778219984,2026-05-08 05:59:44+00:00,1778219984000,19973,26.62625,53.94081,10.04366,88411,True,99.74345,3
20260508-002650,1778219996,2026-05-08 05:59:56+00:00,1778219996000,19985,26.63639,53.88026,10.04375,88131,True,99.47799,3
20260508-002650,1778220008,2026-05-08 06:00:08+00:00,1778220008000,19997,26.63386,53.93146,10.0438,88598,True,99.24591,3
20260508-002650,1778220020,2026-05-08 06:00:20+00:00,1778220020000,20009,26.62879,53.95769,10.04361,88317,True,99.25449,3
20260508-002650,1778220033,2026-05-08 06:00:33+00:00,1778220033000,20021,26.60343,54.22895,10.04373,83393,True,112.87913,3
20260508-002650,1778220045,2026-05-08 06:00:45+00:00,1778220045000,20033,26.61865,53.91396,10.04359,86404,True,111.29799,3
20260508-002650,1778220057,2026-05-08 06:00:57+00:00,1778220057000,20045,26.62118,53.83278,10.04354,87396,True,106.09367,3
20260508-002650,1778220069,2026-05-08 06:01:09+00:00,1778220069000,20057,26.62118,53.79104,10.04354,87578,True,103.48253,3
20260508-002650,1778220081,2026-05-08 06:01:21+00:00,1778220081000,20069,26.62625,53.77301,10.04383,88131,True,101.50417,3
20260508-002650,1778220093,2026-05-08 06:01:33+00:00,1778220093000,20081,26.62118,53.77681,10.04358,88039,True,100.89555,3
20260508-002650,1778220105,2026-05-08 06:01:45+00:00,1778220105000,20093,26.62118,53.82148,10.04363,88504,True,100.0793,3
20260508-002650,1778220115,2026-05-08 06:01:55+00:00,1778220115000,20104,26.54511,54.5207,10.04339,79892,True,112.36317,3
20260508-002650,1778220127,2026-05-08 06:02:07+00:00,1778220127000,20116,26.61611,53.90134,10.04356,84829,True,117.82035,3
20260508-002650,1778220139,2026-05-08 06:02:19+00:00,1778220139000,20128,26.61865,53.91388,10.04355,86852,True,111.05943,3
20260508-002650,1778220151,2026-05-08 06:02:31+00:00,1778220151000,20140,26.61357,53.80502,10.04345,87487,True,106.78436,3
20260508-002650,1778220163,2026-05-08 06:02:43+00:00,1778220163000,20152,26.61865,53.71138,10.04346,87854,True,103.44118,3
20260508-002650,1778220175,2026-05-08 06:02:55+00:00,1778220175000,20164,26.62625,53.68358,10.04345,88131,True,101.88644,3
20260508-002650,1778220187,2026-05-08 06:03:07+00:00,1778220187000,20176,26.62372,53.76288,10.04333,88224,True,100.57942,3
20260508-002650,1778220199,2026-05-08 06:03:19+00:00,1778220199000,20188,26.62625,53.84235,10.04338,88504,True,99.43356,3
20260508-002650,1778220211,2026-05-08 06:03:31+00:00,1778220211000,20200,26.62118,53.82353,10.04322,88224,True,99.91378,3
20260508-002650,1778220222,2026-05-08 06:03:42+00:00,1778220222000,20211,26.54511,54.46109,10.04334,79664,True,112.66896,3
20260508-002650,1778220234,2026-05-08 06:03:54+00:00,1778220234000,20223,26.61104,54.10732,10.04336,84657,True,119.00895,3
20260508-002650,1778220246,2026-05-08 06:04:06+00:00,1778220246000,20235,26.61104,54.13148,10.04308,86049,True,112.48849,3
20260508-002650,1778220258,2026-05-08 06:04:18+00:00,1778220258000,20247,26.61611,54.04704,10.04323,87032,True,107.33724,3
20260508-002650,1778220270,2026-05-08 06:04:30+00:00,1778220270000,20259,26.61865,53.69732,10.04325,88039,True,103.4342,3
20260508-002650,1778220282,2026-05-08 06:04:42+00:00,1778220282000,20271,26.61865,53.54807,10.04306,87946,True,101.99704,3
20260508-002650,1778220294,2026-05-08 06:04:54+00:00,1778220294000,20283,26.61865,53.79048,10.04325,88131,True,101.36884,3
20260508-002650,1778220306,2026-05-08 06:05:06+00:00,1778220306000,20295,26.61357,53.84123,10.04309,88131,True,100.78667,3
20260508-002650,1778220318,2026-05-08 06:05:18+00:00,1778220318000,20307,26.62372,53.80492,10.04325,88131,True,100.16334,3
20260508-002650,1778220330,2026-05-08 06:05:30+00:00,1778220330000,20319,26.62372,53.81674,10.04311,88411,True,99.75394,3
20260508-002650,1778220342,2026-05-08 06:05:42+00:00,1778220342000,20331,26.62118,53.79775,10.043,88317,True,99.72294,3
20260508-002650,1778220354,2026-05-08 06:05:54+00:00,1778220354000,20343,26.61865,53.7986,10.04306,88039,True,100.31387,3
20260508-002650,1778220366,2026-05-08 06:06:06+00:00,1778220366000,20355,26.61611,53.84797,10.04291,88317,True,100.25766,3
20260508-002650,1778220378,2026-05-08 06:06:18+00:00,1778220378000,20367,26.61611,53.8656,10.04297,88504,True,99.67658,3
20260508-002650,1778220390,2026-05-08 06:06:30+00:00,1778220390000,20379,26.61865,53.81227,10.04313,88504,True,99.41299,3
20260508-002650,1778220402,2026-05-08 06:06:42+00:00,1778220402000,20391,26.61357,53.79367,10.04282,88785,True,98.64006,3
20260508-002650,1778220414,2026-05-08 06:06:54+00:00,1778220414000,20403,26.61865,53.81823,10.04296,88504,True,99.29411,3
20260508-002650,1778220426,2026-05-08 06:07:06+00:00,1778220426000,20415,26.61865,53.83128,10.04306,88785,True,99.16219,3
20260508-002650,1778220438,2026-05-08 06:07:18+00:00,1778220438000,20427,26.61611,53.86958,10.0429,88598,True,99.09441,3
20260508-002650,1778220450,2026-05-08 06:07:30+00:00,1778220450000,20439,26.61104,53.90943,10.04294,88411,True,98.93403,3
20260508-002650,1778220462,2026-05-08 06:07:42+00:00,1778220462000,20451,26.61611,53.8633,10.04307,88691,True,99.15135,3
20260508-002650,1778220474,2026-05-08 06:07:54+00:00,1778220474000,20463,26.61865,53.8788,10.04296,88317,True,99.71815,3
20260508-002650,1778220486,2026-05-08 06:08:06+00:00,1778220486000,20475,26.61357,53.87228,10.0428,88691,True,98.97377,3
20260508-002650,1778220498,2026-05-08 06:08:18+00:00,1778220498000,20487,26.62118,53.86387,10.04321,88317,True,99.64117,3
20260508-002650,1778220510,2026-05-08 06:08:30+00:00,1778220510000,20499,26.61611,53.8564,10.04298,88691,True,99.05782,3
20260508-002650,1778220522,2026-05-08 06:08:42+00:00,1778220522000,20511,26.61865,53.83737,10.04308,88504,True,99.15907,3
20260508-002650,1778220534,2026-05-08 06:08:54+00:00,1778220534000,20523,26.61865,53.82468,10.04299,88691,True,98.43387,3
20260508-002650,1778220546,2026-05-08 06:09:06+00:00,1778220546000,20535,26.61865,53.82133,10.0429,88785,True,98.05772,3
20260508-002650,1778220558,2026-05-08 06:09:18+00:00,1778220558000,20547,26.62372,53.82751,10.04293,88598,True,98.48544,3
20260508-002650,1778220570,2026-05-08 06:09:30+00:00,1778220570000,20559,26.61611,53.81941,10.04269,88691,True,98.39867,3
20260508-002650,1778220582,2026-05-08 06:09:42+00:00,1778220582000,20571,26.61865,53.92557,10.04285,88598,True,98.42117,3
20260508-002650,1778220594,2026-05-08 06:09:54+00:00,1778220594000,20583,26.62625,53.91232,10.0428,88598,True,99.19728,3
20260508-002650,1778220606,2026-05-08 06:10:06+00:00,1778220606000,20595,26.61357,53.89852,10.04282,88504,True,99.27022,3
20260508-002650,1778220618,2026-05-08 06:10:18+00:00,1778220618000,20607,26.61611,53.7947,10.04274,88880,True,98.61345,3
20260508-002650,1778220630,2026-05-08 06:10:30+00:00,1778220630000,20619,26.61611,53.67294,10.04263,88691,True,97.96218,3
20260508-002650,1778220642,2026-05-08 06:10:42+00:00,1778220642000,20631,26.61611,53.35367,10.04276,88598,True,98.35225,3
20260508-002650,1778220654,2026-05-08 06:10:54+00:00,1778220654000,20643,26.62372,53.40292,10.04304,89069,True,97.32129,3
20260508-002650,1778220666,2026-05-08 06:11:06+00:00,1778220666000,20655,26.62118,53.5069,10.04273,89354,True,96.8788,3
20260508-002650,1778220678,2026-05-08 06:11:18+00:00,1778220678000,20667,26.61104,53.73697,10.04278,88504,True,97.71981,3
20260508-002650,1778220690,2026-05-08 06:11:30+00:00,1778220690000,20679,26.62118,53.75542,10.04293,88691,True,98.07153,3
20260508-002650,1778220702,2026-05-08 06:11:42+00:00,1778220702000,20691,26.61611,53.72396,10.04277,89259,True,97.84179,3
20260508-002650,1778220714,2026-05-08 06:11:54+00:00,1778220714000,20703,26.61357,53.64199,10.04275,88691,True,98.1783,3
20260508-002650,1778220726,2026-05-08 06:12:06+00:00,1778220726000,20715,26.61611,53.56629,10.04269,88880,True,98.45882,3
20260508-002650,1778220738,2026-05-08 06:12:18+00:00,1778220738000,20727,26.61611,53.64513,10.04269,88880,True,97.51581,3
20260508-002650,1778220750,2026-05-08 06:12:30+00:00,1778220750000,20739,26.61104,53.80844,10.04276,88880,True,98.03819,3
20260508-002650,1778220762,2026-05-08 06:12:42+00:00,1778220762000,20751,26.61357,53.90403,10.04266,88411,True,99.40474,3
20260508-002650,1778220774,2026-05-08 06:12:54+00:00,1778220774000,20763,26.61357,53.91748,10.04266,88691,True,99.10312,3
20260508-002650,1778220786,2026-05-08 06:13:06+00:00,1778220786000,20775,26.61357,53.83486,10.0427,88785,True,98.80623,3
20260508-002650,1778220798,2026-05-08 06:13:18+00:00,1778220798000,20787,26.61104,53.78582,10.04282,88317,True,99.14188,3
20260508-002650,1778220810,2026-05-08 06:13:30+00:00,1778220810000,20799,26.61865,53.66907,10.04287,88880,True,98.10609,3
20260508-002650,1778220822,2026-05-08 06:13:42+00:00,1778220822000,20811,26.62118,53.58652,10.04278,88785,True,97.84447,3
20260508-002650,1778220834,2026-05-08 06:13:54+00:00,1778220834000,20823,26.61357,53.63212,10.04272,88974,True,97.78363,3
20260508-002650,1778220846,2026-05-08 06:14:06+00:00,1778220846000,20835,26.61357,53.65768,10.04265,88880,True,97.84956,3
20260508-002650,1778220858,2026-05-08 06:14:18+00:00,1778220858000,20847,26.6085,53.58561,10.0426,89449,True,96.80116,3
20260508-002650,1778220870,2026-05-08 06:14:30+00:00,1778220870000,20859,26.61865,53.50229,10.0428,89069,True,97.04379,3
20260508-002650,1778220882,2026-05-08 06:14:42+00:00,1778220882000,20871,26.61357,53.5153,10.04293,89069,True,96.86433,3
20260508-002650,1778220894,2026-05-08 06:14:54+00:00,1778220894000,20883,26.61611,53.5771,10.0429,89259,True,97.12285,3
20260508-002650,1778220906,2026-05-08 06:15:06+00:00,1778220906000,20895,26.61104,53.57613,10.04276,89069,True,97.69661,3
20260508-002650,1778220918,2026-05-08 06:15:18+00:00,1778220918000,20907,26.61611,53.50721,10.04277,88504,True,98.28413,3
20260508-002650,1778220930,2026-05-08 06:15:30+00:00,1778220930000,20919,26.61357,53.50774,10.04268,89164,True,97.49661,3
20260508-002650,1778220942,2026-05-08 06:15:42+00:00,1778220942000,20931,26.61611,53.49437,10.04295,89259,True,96.78659,3
20260508-002650,1778220954,2026-05-08 06:15:54+00:00,1778220954000,20943,26.61611,53.54403,10.04274,89069,True,96.91659,3
20260508-002650,1778220966,2026-05-08 06:16:06+00:00,1778220966000,20955,26.61104,53.58324,10.04267,88691,True,98.28317,3
20260508-002650,1778220978,2026-05-08 06:16:18+00:00,1778220978000,20967,26.61357,53.56765,10.04268,89259,True,97.29224,3
20260508-002650,1778220990,2026-05-08 06:16:30+00:00,1778220990000,20979,26.61611,53.53565,10.04277,89354,True,97.15871,3
20260508-002650,1778221002,2026-05-08 06:16:42+00:00,1778221002000,20991,26.61865,53.51585,10.04292,88880,True,97.35607,3
20260508-002650,1778221014,2026-05-08 06:16:54+00:00,1778221014000,21003,26.60343,53.45081,10.04283,89354,True,96.69817,3
20260508-002650,1778221026,2026-05-08 06:17:06+00:00,1778221026000,21015,26.61611,53.31872,10.04293,89069,True,96.78035,3
20260508-002650,1778221038,2026-05-08 06:17:18+00:00,1778221038000,21027,26.61611,53.43747,10.04291,89259,True,96.97862,3
20260508-002650,1778221050,2026-05-08 06:17:30+00:00,1778221050000,21039,26.61357,53.48661,10.04287,89259,True,97.16287,3
20260508-002650,1778221062,2026-05-08 06:17:42+00:00,1778221062000,21051,26.61104,53.49246,10.04276,88504,True,98.26497,3
20260508-002650,1778221074,2026-05-08 06:17:54+00:00,1778221074000,21063,26.61357,53.48955,10.04286,89259,True,97.55748,3
20260508-002650,1778221086,2026-05-08 06:18:06+00:00,1778221086000,21075,26.61357,53.41332,10.04284,89259,True,97.60992,3
20260508-002650,1778221098,2026-05-08 06:18:18+00:00,1778221098000,21087,26.61865,53.30274,10.04292,89354,True,96.6936,3
20260508-002650,1778221110,2026-05-08 06:18:30+00:00,1778221110000,21099,26.61357,53.28152,10.04293,89449,True,96.64034,3
20260508-002650,1778221122,2026-05-08 06:18:42+00:00,1778221122000,21111,26.6085,53.31693,10.04283,89449,True,96.28428,3
20260508-002650,1778221134,2026-05-08 06:18:54+00:00,1778221134000,21123,26.6085,53.35986,10.04278,89641,True,95.56236,3
20260508-002650,1778221146,2026-05-08 06:19:06+00:00,1778221146000,21135,26.61865,53.4255,10.04285,89164,True,96.35323,3
20260508-002650,1778221158,2026-05-08 06:19:18+00:00,1778221158000,21147,26.61104,53.54106,10.04278,89069,True,97.42783,3
20260508-002650,1778221170,2026-05-08 06:19:30+00:00,1778221170000,21159,26.61104,53.51221,10.04278,89164,True,96.79736,3
20260508-002650,1778221182,2026-05-08 06:19:42+00:00,1778221182000,21171,26.61357,53.45704,10.04296,89354,True,97.51826,3
20260508-002650,1778221194,2026-05-08 06:19:54+00:00,1778221194000,21183,26.61104,53.39077,10.0429,89449,True,96.53352,3
20260508-002650,1778221206,2026-05-08 06:20:06+00:00,1778221206000,21195,26.61611,53.25927,10.04276,89737,True,95.64892,3
20260508-002650,1778221218,2026-05-08 06:20:18+00:00,1778221218000,21207,26.6085,53.18315,10.04258,89545,True,95.74611,3
20260508-002650,1778221230,2026-05-08 06:20:30+00:00,1778221230000,21219,26.61104,53.16616,10.04267,89449,True,96.05748,3
20260508-002650,1778221242,2026-05-08 06:20:42+00:00,1778221242000,21231,26.61357,53.29349,10.04268,90123,True,95.85817,3
20260508-002650,1778221254,2026-05-08 06:20:54+00:00,1778221254000,21243,26.61104,53.20591,10.04269,89737,True,95.62442,3
20260508-002650,1778221267,2026-05-08 06:21:07+00:00,1778221267000,21256,26.58061,53.56597,10.04268,83559,True,112.4425,3
20260508-002650,1778221279,2026-05-08 06:21:19+00:00,1778221279000,21268,26.59836,53.3315,10.04263,87487,True,110.5256,3
20260508-002650,1778221291,2026-05-08 06:21:31+00:00,1778221291000,21280,26.6085,53.30846,10.04276,88317,True,104.98691,3
20260508-002650,1778221303,2026-05-08 06:21:43+00:00,1778221303000,21292,26.59836,53.3409,10.04252,88785,True,101.75338,3
20260508-002650,1778221315,2026-05-08 06:21:55+00:00,1778221315000,21304,26.60343,53.41351,10.04255,89069,True,100.36607,3
20260508-002650,1778221327,2026-05-08 06:22:07+00:00,1778221327000,21316,26.6085,53.43193,10.04248,88880,True,99.61844,3
20260508-002650,1778221339,2026-05-08 06:22:19+00:00,1778221339000,21328,26.60597,53.41374,10.04254,89164,True,98.57323,3
20260508-002650,1778221351,2026-05-08 06:22:31+00:00,1778221351000,21340,26.60597,53.4046,10.04245,89259,True,98.26196,3
20260508-002650,1778221363,2026-05-08 06:22:43+00:00,1778221363000,21352,26.61357,53.38247,10.04266,88974,True,98.08386,3
20260508-002650,1778221375,2026-05-08 06:22:55+00:00,1778221375000,21364,26.60597,53.44111,10.04245,89259,True,98.07168,3
20260508-002650,1778221387,2026-05-08 06:23:07+00:00,1778221387000,21376,26.60343,53.42323,10.04234,88974,True,98.39497,3
20260508-002650,1778221399,2026-05-08 06:23:19+00:00,1778221399000,21388,26.61104,53.32929,10.0425,89259,True,97.33429,3
20260508-002650,1778221411,2026-05-08 06:23:31+00:00,1778221411000,21400,26.61611,53.29643,10.04265,89164,True,97.18599,3
20260508-002650,1778221423,2026-05-08 06:23:43+00:00,1778221423000,21412,26.61104,53.27892,10.04252,88785,True,98.27638,3
20260508-002650,1778221435,2026-05-08 06:23:55+00:00,1778221435000,21424,26.6085,53.25127,10.04249,89449,True,97.1026,3
20260508-002650,1778221447,2026-05-08 06:24:07+00:00,1778221447000,21436,26.60597,53.10255,10.04228,89259,True,96.97894,3
20260508-002650,1778221459,2026-05-08 06:24:19+00:00,1778221459000,21448,26.6085,52.84746,10.04235,89929,True,95.47905,3
20260508-002650,1778221472,2026-05-08 06:24:32+00:00,1778221472000,21460,26.58568,53.31182,10.04243,84401,True,109.72844,3
20260508-002650,1778221484,2026-05-08 06:24:44+00:00,1778221484000,21472,26.59583,53.06471,10.04243,87762,True,107.84331,3
20260508-002650,1778221496,2026-05-08 06:24:56+00:00,1778221496000,21484,26.60597,52.98233,10.04242,88691,True,103.40846,3
20260508-002650,1778221508,2026-05-08 06:25:08+00:00,1778221508000,21496,26.6009,53.05094,10.04234,88691,True,100.46899,3
20260508-002650,1778221520,2026-05-08 06:25:20+00:00,1778221520000,21508,26.60343,53.09571,10.04247,89354,True,98.36028,3
20260508-002650,1778221534,2026-05-08 06:25:34+00:00,1778221534000,21523,26.65693,52.93445,10.04232,89354,True,98.20857,3
20260508-002650,1778221546,2026-05-08 06:25:46+00:00,1778221546000,21535,26.57554,53.32294,10.04212,80507,True,139.85214,3
20260508-002650,1778221558,2026-05-08 06:25:58+00:00,1778221558000,21547,26.58315,53.21566,10.04224,85001,True,126.74837,3
20260508-002650,1778221570,2026-05-08 06:26:10+00:00,1778221570000,21559,26.59836,53.16728,10.04245,86852,True,114.34555,3
20260508-002650,1778221582,2026-05-08 06:26:22+00:00,1778221582000,21571,26.59583,53.13754,10.04229,87762,True,107.75246,3
20260508-002650,1778221594,2026-05-08 06:26:34+00:00,1778221594000,21583,26.59583,53.13156,10.04225,88131,True,104.19249,3
20260508-002650,1778221606,2026-05-08 06:26:46+00:00,1778221606000,21595,26.60343,53.11814,10.04247,88974,True,101.26962,3
20260508-002650,1778221618,2026-05-08 06:26:58+00:00,1778221618000,21607,26.59836,53.06568,10.04219,88691,True,101.27378,3
20260508-002650,1778221630,2026-05-08 06:27:10+00:00,1778221630000,21619,26.59836,53.10613,10.04217,88974,True,99.53586,3
20260508-002650,1778221642,2026-05-08 06:27:22+00:00,1778221642000,21631,26.60343,53.08645,10.04239,89069,True,99.52737,3
20260508-002650,1778221654,2026-05-08 06:27:34+00:00,1778221654000,21643,26.60343,52.96389,10.04217,89259,True,98.61308,3
20260508-002650,1778221666,2026-05-08 06:27:46+00:00,1778221666000,21655,26.6085,52.94978,10.04243,89449,True,97.58958,3
20260508-002650,1778221678,2026-05-08 06:27:58+00:00,1778221678000,21667,26.6009,52.95504,10.04234,89449,True,97.6911,3
20260508-002650,1778221690,2026-05-08 06:28:10+00:00,1778221690000,21679,26.6009,52.90435,10.04242,89641,True,97.44894,3
20260508-002650,1778221702,2026-05-08 06:28:22+00:00,1778221702000,21691,26.6009,52.89951,10.04235,89833,True,96.57724,3
20260508-002650,1778221714,2026-05-08 06:28:34+00:00,1778221714000,21703,26.573,53.16073,10.04217,84915,True,110.20113,3
20260508-002650,1778221726,2026-05-08 06:28:46+00:00,1778221726000,21715,26.59583,52.88979,10.04229,87762,True,109.13828,3
20260508-002650,1778221738,2026-05-08 06:28:58+00:00,1778221738000,21727,26.6009,52.96154,10.04241,88880,True,103.35242,3
20260508-002650,1778221750,2026-05-08 06:29:10+00:00,1778221750000,21739,26.6009,52.98414,10.04225,89069,True,100.76055,3
20260508-002650,1778221762,2026-05-08 06:29:22+00:00,1778221762000,21751,26.59836,53.01783,10.04224,88880,True,99.81604,3
20260508-002650,1778221774,2026-05-08 06:29:34+00:00,1778221774000,21763,26.60597,53.03408,10.04249,89641,True,98.4767,3
20260508-002650,1778221786,2026-05-08 06:29:46+00:00,1778221786000,21775,26.59583,53.06761,10.04232,88974,True,98.58334,3
20260508-002650,1778221798,2026-05-08 06:29:58+00:00,1778221798000,21787,26.6009,53.06625,10.04239,89833,True,97.65541,3
20260508-002650,1778221810,2026-05-08 06:30:10+00:00,1778221810000,21799,26.60343,53.0537,10.04224,89449,True,98.24585,3
20260508-002650,1778221822,2026-05-08 06:30:22+00:00,1778221822000,21811,26.6009,53.07616,10.04225,89641,True,97.07231,3
20260508-002650,1778221834,2026-05-08 06:30:34+00:00,1778221834000,21823,26.6009,53.12039,10.04235,89545,True,96.71875,3
20260508-002650,1778221846,2026-05-08 06:30:46+00:00,1778221846000,21835,26.60597,53.07113,10.04217,89641,True,97.00848,3
20260508-002650,1778221858,2026-05-08 06:30:58+00:00,1778221858000,21847,26.60597,53.02218,10.04217,89833,True,96.42226,3
20260508-002650,1778221870,2026-05-08 06:31:10+00:00,1778221870000,21859,26.60343,52.99373,10.04222,90220,True,96.25532,3
20260508-002650,1778221882,2026-05-08 06:31:22+00:00,1778221882000,21871,26.6009,52.99072,10.04228,89929,True,96.33469,3
20260508-002650,1778221894,2026-05-08 06:31:34+00:00,1778221894000,21883,26.57554,53.19163,10.04217,84829,True,110.08595,3
20260508-002650,1778221906,2026-05-08 06:31:46+00:00,1778221906000,21895,26.59329,52.90628,10.04204,87854,True,108.20654,3
20260508-002650,1778221918,2026-05-08 06:31:58+00:00,1778221918000,21907,26.59583,52.85247,10.04225,88974,True,102.97424,3
20260508-002650,1778221930,2026-05-08 06:32:10+00:00,1778221930000,21919,26.59836,52.89132,10.04233,89069,True,100.29964,3
20260508-002650,1778221942,2026-05-08 06:32:22+00:00,1778221942000,21931,26.6085,52.85922,10.04227,89641,True,99.01685,3
20260508-002650,1778221954,2026-05-08 06:32:34+00:00,1778221954000,21943,26.60597,52.8737,10.04254,90026,True,97.23122,3
20260508-002650,1778221966,2026-05-08 06:32:46+00:00,1778221966000,21955,26.60343,52.85427,10.04233,89737,True,96.70119,3
20260508-002650,1778221978,2026-05-08 06:32:58+00:00,1778221978000,21967,26.60343,52.80743,10.04229,89737,True,96.49585,3
20260508-002650,1778221990,2026-05-08 06:33:10+00:00,1778221990000,21979,26.60343,52.79292,10.04241,90026,True,95.63756,3
20260508-002650,1778222002,2026-05-08 06:33:22+00:00,1778222002000,21991,26.6085,52.82064,10.04244,89545,True,96.45129,3
20260508-002650,1778222014,2026-05-08 06:33:34+00:00,1778222014000,22003,26.60597,52.83238,10.04235,90026,True,95.79104,3
20260508-002650,1778222026,2026-05-08 06:33:46+00:00,1778222026000,22015,26.59836,52.8146,10.04226,90123,True,95.66861,3
20260508-002650,1778222038,2026-05-08 06:33:58+00:00,1778222038000,22027,26.60597,52.74215,10.04235,90611,True,94.99294,3
20260508-002650,1778222050,2026-05-08 06:34:10+00:00,1778222050000,22039,26.59836,52.77749,10.04242,90317,True,95.36271,3
20260508-002650,1778222062,2026-05-08 06:34:22+00:00,1778222062000,22051,26.59836,52.78615,10.04254,90220,True,95.1165,3
20260508-002650,1778222074,2026-05-08 06:34:34+00:00,1778222074000,22063,26.60597,52.69729,10.04256,90026,True,95.37429,3
20260508-002650,1778222086,2026-05-08 06:34:46+00:00,1778222086000,22075,26.60597,52.71054,10.04265,90317,True,95.28419,3
20260508-002650,1778222098,2026-05-08 06:34:58+00:00,1778222098000,22087,26.60343,52.68913,10.04255,90123,True,94.9624,3
20260508-002650,1778222110,2026-05-08 06:35:10+00:00,1778222110000,22099,26.6009,52.67014,10.04246,90317,True,95.01109,3
20260508-002650,1778222122,2026-05-08 06:35:22+00:00,1778222122000,22111,26.60343,52.56078,10.04266,90220,True,95.11676,3
20260508-002650,1778222134,2026-05-08 06:35:34+00:00,1778222134000,22123,26.6009,52.49136,10.04249,90513,True,93.88378,3
20260508-002650,1778222145,2026-05-08 06:35:45+00:00,1778222145000,22134,26.51976,53.09956,10.0423,82246,True,105.8652,3
20260508-002650,1778222157,2026-05-08 06:35:57+00:00,1778222157000,22146,26.59075,52.49604,10.04251,86852,True,112.78061,3
20260508-002650,1778222169,2026-05-08 06:36:09+00:00,1778222169000,22158,26.6009,52.42409,10.04274,88785,True,105.51204,3
20260508-002650,1778222181,2026-05-08 06:36:21+00:00,1778222181000,22170,26.60343,52.45953,10.04282,89449,True,100.94771,3
20260508-002650,1778222193,2026-05-08 06:36:33+00:00,1778222193000,22182,26.6009,52.51343,10.04271,90026,True,97.99027,3
20260508-002650,1778222205,2026-05-08 06:36:45+00:00,1778222205000,22194,26.6009,52.577,10.04274,90123,True,96.73309,3
20260508-002650,1778222217,2026-05-08 06:36:57+00:00,1778222217000,22206,26.6009,52.57758,10.0426,89833,True,96.28122,3
20260508-002650,1778222228,2026-05-08 06:37:08+00:00,1778222228000,22217,26.52229,53.22187,10.04265,81446,True,108.66583,3
20260508-002650,1778222240,2026-05-08 06:37:20+00:00,1778222240000,22229,26.59583,52.54772,10.04278,86672,True,115.03692,3
20260508-002650,1778222252,2026-05-08 06:37:32+00:00,1778222252000,22241,26.59583,52.4238,10.04261,88691,True,107.02575,3
20260508-002650,1778222262,2026-05-08 06:37:42+00:00,1778222262000,22251,26.52229,52.98732,10.0426,81605,True,115.25597,3
20260508-002650,1778222274,2026-05-08 06:37:54+00:00,1778222274000,22263,26.58568,52.53014,10.04258,86404,True,116.62881,3
20260508-002650,1778222286,2026-05-08 06:38:06+00:00,1778222286000,22275,26.59583,52.44995,10.0428,88411,True,108.32191,3
20260508-002650,1778222298,2026-05-08 06:38:18+00:00,1778222298000,22287,26.59836,52.46487,10.04272,89069,True,103.03371,3
20260508-002650,1778222310,2026-05-08 06:38:30+00:00,1778222310000,22299,26.59583,52.4892,10.04287,89833,True,99.45686,3
20260508-002650,1778222322,2026-05-08 06:38:42+00:00,1778222322000,22311,26.59329,52.49699,10.04276,89641,True,98.62212,3
20260508-002650,1778222334,2026-05-08 06:38:54+00:00,1778222334000,22323,26.59836,52.50164,10.04274,90123,True,97.23344,3
20260508-002650,1778222346,2026-05-08 06:39:06+00:00,1778222346000,22335,26.60343,52.49058,10.04287,90317,True,96.58199,3
20260508-002650,1778222358,2026-05-08 06:39:18+00:00,1778222358000,22347,26.59836,52.44532,10.04275,89929,True,96.62836,3
20260508-002650,1778222370,2026-05-08 06:39:30+00:00,1778222370000,22359,26.60343,52.38532,10.04273,90026,True,96.0369,3
20260508-002650,1778222382,2026-05-08 06:39:42+00:00,1778222382000,22371,26.6009,52.34589,10.04267,90611,True,95.14081,3
20260508-002650,1778222394,2026-05-08 06:39:54+00:00,1778222394000,22383,26.59836,52.27385,10.04259,90906,True,94.43304,3
20260508-002650,1778222406,2026-05-08 06:40:06+00:00,1778222406000,22395,26.60597,52.23135,10.0427,90807,True,94.51626,3
20260508-002650,1778222418,2026-05-08 06:40:18+00:00,1778222418000,22407,26.60597,52.20208,10.04275,90906,True,94.1523,3
20260508-002650,1778222430,2026-05-08 06:40:30+00:00,1778222430000,22419,26.61104,52.17328,10.04271,90906,True,93.87356,3
20260508-002650,1778222442,2026-05-08 06:40:42+00:00,1778222442000,22431,26.60597,52.16616,10.04266,91004,True,93.34369,3
20260508-002650,1778222454,2026-05-08 06:40:54+00:00,1778222454000,22443,26.60597,52.15091,10.04275,90906,True,93.18227,3
20260508-002650,1778222466,2026-05-08 06:41:06+00:00,1778222466000,22455,26.60597,52.14383,10.04249,90807,True,93.91449,3
20260508-002650,1778222478,2026-05-08 06:41:18+00:00,1778222478000,22467,26.60597,52.04457,10.04263,91402,True,92.46202,3
20260508-002650,1778222490,2026-05-08 06:41:30+00:00,1778222490000,22479,26.60597,51.94539,10.04263,91702,True,91.91783,3
20260508-002650,1778222502,2026-05-08 06:41:42+00:00,1778222502000,22491,26.60597,51.7697,10.04266,91203,True,92.24831,3
20260508-002650,1778222514,2026-05-08 06:41:54+00:00,1778222514000,22503,26.6009,51.92223,10.04251,91602,True,92.04417,3
20260508-002650,1778222526,2026-05-08 06:42:06+00:00,1778222526000,22515,26.6009,51.93211,10.04251,91502,True,91.79303,3
20260508-002650,1778222538,2026-05-08 06:42:18+00:00,1778222538000,22527,26.60343,51.93004,10.04255,91402,True,91.95772,3
20260508-002650,1778222550,2026-05-08 06:42:30+00:00,1778222550000,22539,26.60343,51.9116,10.04269,91802,True,91.18053,3
20260508-002650,1778222562,2026-05-08 06:42:42+00:00,1778222562000,22551,26.61104,51.87695,10.04266,91802,True,91.76788,3
20260508-002650,1778222574,2026-05-08 06:42:54+00:00,1778222574000,22563,26.60343,51.80696,10.04236,91502,True,91.34434,3
20260508-002650,1778222586,2026-05-08 06:43:06+00:00,1778222586000,22575,26.60597,51.76425,10.04258,92004,True,90.84641,3
20260508-002650,1778222598,2026-05-08 06:43:18+00:00,1778222598000,22587,26.6009,51.76257,10.04271,91402,True,91.65858,3
20260508-002650,1778222610,2026-05-08 06:43:30+00:00,1778222610000,22599,26.60343,51.82735,10.04261,91602,True,91.22904,3
20260508-002650,1778222622,2026-05-08 06:43:42+00:00,1778222622000,22611,26.59583,51.43462,10.04261,92512,True,90.23061,3
20260508-002650,1778222634,2026-05-08 06:43:54+00:00,1778222634000,22623,26.58315,51.13158,10.04237,92308,True,89.82182,3
20260508-002650,1778222646,2026-05-08 06:44:06+00:00,1778222646000,22635,26.58315,50.84907,10.04244,92717,True,89.30727,3
20260508-002650,1778222658,2026-05-08 06:44:18+00:00,1778222658000,22647,26.58568,50.5765,10.04248,93441,True,87.56113,3
20260508-002650,1778222670,2026-05-08 06:44:30+00:00,1778222670000,22659,26.59329,50.68773,10.04255,93233,True,87.09535,3
20260508-002650,1778222682,2026-05-08 06:44:42+00:00,1778222682000,22671,26.60343,50.61019,10.04255,93546,True,86.77324,3
20260508-002650,1778222694,2026-05-08 06:44:54+00:00,1778222694000,22683,26.6009,50.56757,10.0426,93441,True,87.11182,3
20260508-002650,1778222706,2026-05-08 06:45:06+00:00,1778222706000,22695,26.60597,50.61472,10.04251,93441,True,87.50291,3
20260508-002650,1778222718,2026-05-08 06:45:18+00:00,1778222718000,22707,26.6009,50.7651,10.04265,93650,True,87.15965,3
20260508-002650,1778222730,2026-05-08 06:45:30+00:00,1778222730000,22719,26.59329,50.58175,10.04253,93755,True,86.79971,3
20260508-002650,1778222742,2026-05-08 06:45:42+00:00,1778222742000,22731,26.59329,50.47118,10.04235,93233,True,87.40027,3
20260508-002650,1778222754,2026-05-08 06:45:54+00:00,1778222754000,22743,26.59836,50.46728,10.0424,93860,True,87.22855,3
20260508-002650,1778222766,2026-05-08 06:46:06+00:00,1778222766000,22755,26.59329,50.47323,10.04255,93755,True,86.76892,3
20260508-002650,1778222778,2026-05-08 06:46:18+00:00,1778222778000,22767,26.60597,50.54736,10.04258,93233,True,87.98499,3
20260508-002650,1778222790,2026-05-08 06:46:30+00:00,1778222790000,22779,26.6009,50.5828,10.04235,93130,True,87.9734,3
20260508-002650,1778222802,2026-05-08 06:46:42+00:00,1778222802000,22791,26.6009,50.56801,10.04237,93650,True,87.40961,3
20260508-002650,1778222814,2026-05-08 06:46:54+00:00,1778222814000,22803,26.59329,50.69823,10.04232,93650,True,87.28354,3
20260508-002650,1778222826,2026-05-08 06:47:06+00:00,1778222826000,22815,26.6085,50.95059,10.04267,92923,True,88.8683,3
20260508-002650,1778222838,2026-05-08 06:47:18+00:00,1778222838000,22827,26.62372,50.85888,10.04246,93026,True,88.79041,3
20260508-002650,1778222850,2026-05-08 06:47:30+00:00,1778222850000,22839,26.63132,50.78735,10.04239,93233,True,89.45979,3
20260508-002650,1778222862,2026-05-08 06:47:42+00:00,1778222862000,22851,26.63639,50.91488,10.04248,92820,True,89.94084,3
20260508-002650,1778222874,2026-05-08 06:47:54+00:00,1778222874000,22863,26.64147,50.97894,10.0423,93026,True,89.63725,3
20260508-002650,1778222886,2026-05-08 06:48:06+00:00,1778222886000,22875,26.65161,50.89506,10.0424,92615,True,90.74043,3
20260508-002650,1778222898,2026-05-08 06:48:18+00:00,1778222898000,22887,26.66429,50.56611,10.04246,93233,True,89.50446,3
20260508-002650,1778222910,2026-05-08 06:48:30+00:00,1778222910000,22899,26.66175,50.54988,10.0424,93233,True,88.94242,3
20260508-002650,1778222922,2026-05-08 06:48:42+00:00,1778222922000,22911,26.65922,50.32341,10.04261,93337,True,87.95258,3
20260508-002650,1778222934,2026-05-08 06:48:54+00:00,1778222934000,22923,26.64907,49.89571,10.04241,94283,True,86.68166,3
20260508-002650,1778222946,2026-05-08 06:49:06+00:00,1778222946000,22935,26.46905,50.48777,10.04201,12735,True,339.79993,2
20260508-002650,1778222958,2026-05-08 06:49:18+00:00,1778222958000,22947,26.34734,56.68616,10.04244,7985,True,500.0,2
20260508-002650,1778222970,2026-05-08 06:49:30+00:00,1778222970000,22959,26.28395,56.8165,10.04242,13447,True,500.0,2
20260508-002650,1778222982,2026-05-08 06:49:42+00:00,1778222982000,22971,26.27634,54.81947,10.04248,15625,True,500.0,2
20260508-002650,1778222994,2026-05-08 06:49:54+00:00,1778222994000,22983,26.29409,52.91821,10.04229,16939,True,500.0,2
20260508-002650,1778223006,2026-05-08 06:50:06+00:00,1778223006000,22995,26.32959,51.2028,10.04217,18127,True,500.0,2
20260508-002650,1778223018,2026-05-08 06:50:18+00:00,1778223018000,23007,26.36762,50.7615,10.04236,18913,True,500.0,2
20260508-002650,1778223030,2026-05-08 06:50:30+00:00,1778223030000,23019,26.39044,50.7107,10.04196,19226,True,500.0,2
20260508-002650,1778223042,2026-05-08 06:50:42+00:00,1778223042000,23031,26.41833,50.62295,10.0423,19733,True,500.0,2
20260508-002650,1778223054,2026-05-08 06:50:54+00:00,1778223054000,23043,26.43862,50.24717,10.04229,20347,True,500.0,2
20260508-002650,1778223066,2026-05-08 06:51:06+00:00,1778223066000,23055,26.45383,50.04044,10.04234,20791,True,500.0,2
20260508-002650,1778223078,2026-05-08 06:51:18+00:00,1778223078000,23067,26.46905,50.24493,10.04206,21277,True,500.0,2
20260508-002650,1778223090,2026-05-08 06:51:30+00:00,1778223090000,23079,26.47665,50.15514,10.04232,22610,True,500.0,2
20260508-002650,1778223102,2026-05-08 06:51:42+00:00,1778223102000,23091,26.48426,50.28577,10.04238,23160,True,500.0,2
20260508-002650,1778223114,2026-05-08 06:51:54+00:00,1778223114000,23103,26.4944,50.6018,10.04252,23829,True,500.0,2
20260508-002650,1778223126,2026-05-08 06:52:06+00:00,1778223126000,23115,26.48933,50.6323,10.04235,24455,True,500.0,2
20260508-002650,1778223138,2026-05-08 06:52:18+00:00,1778223138000,23127,26.49947,50.52893,10.04253,25296,True,500.0,2
20260508-002650,1778223150,2026-05-08 06:52:30+00:00,1778223150000,23139,26.50708,50.4989,10.04251,25559,True,500.0,2
20260508-002650,1778223162,2026-05-08 06:52:42+00:00,1778223162000,23151,26.50961,50.49237,10.04241,25874,True,500.0,2
20260508-002650,1778223174,2026-05-08 06:52:54+00:00,1778223174000,23163,26.52229,50.48645,10.04276,26329,True,500.0,2
20260508-002650,1778223186,2026-05-08 06:53:06+00:00,1778223186000,23175,26.51468,50.49864,10.04273,26630,True,500.0,2
20260508-002650,1778223198,2026-05-08 06:53:18+00:00,1778223198000,23187,26.51722,50.56254,10.04261,26990,True,500.0,2
20260508-002650,1778223210,2026-05-08 06:53:30+00:00,1778223210000,23199,26.51468,50.70073,10.04257,27236,True,500.0,2
20260508-002650,1778223222,2026-05-08 06:53:42+00:00,1778223222000,23211,26.51215,50.7911,10.04256,27704,True,500.0,2
20260508-002650,1778223234,2026-05-08 06:53:54+00:00,1778223234000,23223,26.50961,51.14084,10.04264,28132,True,500.0,2
20260508-002650,1778223246,2026-05-08 06:54:06+00:00,1778223246000,23235,26.50961,51.29913,10.04275,28495,True,499.89813,2
20260508-002650,1778223258,2026-05-08 06:54:18+00:00,1778223258000,23247,26.51215,51.41015,10.04272,28848,True,492.12881,2
20260508-002650,1778223270,2026-05-08 06:54:30+00:00,1778223270000,23259,26.50961,51.44278,10.04259,29088,True,485.6886,2
20260508-002650,1778223282,2026-05-08 06:54:42+00:00,1778223282000,23271,26.51215,51.06931,10.0427,29602,True,478.23346,2
20260508-002650,1778223294,2026-05-08 06:54:54+00:00,1778223294000,23283,26.51468,50.70785,10.04274,30091,True,470.68274,2
20260508-002650,1778223306,2026-05-08 06:55:06+00:00,1778223306000,23295,26.51468,51.20552,10.04269,30286,True,464.57251,2
20260508-002650,1778223318,2026-05-08 06:55:18+00:00,1778223318000,23307,26.50961,51.42025,10.04271,30573,True,458.73383,2
20260508-002650,1778223330,2026-05-08 06:55:30+00:00,1778223330000,23319,26.50454,51.77539,10.04246,31026,True,451.48743,2
20260508-002650,1778223342,2026-05-08 06:55:42+00:00,1778223342000,23331,26.50961,51.50424,10.04268,31351,True,445.3103,2
20260508-002650,1778223354,2026-05-08 06:55:54+00:00,1778223354000,23343,26.50961,51.62522,10.04264,31540,True,440.35675,2
20260508-002650,1778223366,2026-05-08 06:56:06+00:00,1778223366000,23355,26.51215,51.7238,10.04267,31851,True,434.73645,2
20260508-002650,1778223378,2026-05-08 06:56:18+00:00,1778223378000,23367,26.50201,51.99582,10.04259,32268,True,429.07843,2
20260508-002650,1778223390,2026-05-08 06:56:30+00:00,1778223390000,23379,26.50708,51.98337,10.04255,32493,True,423.61826,2
20260508-002650,1778223402,2026-05-08 06:56:42+00:00,1778223402000,23391,26.51215,51.85061,10.04272,32876,True,417.93259,2
20260508-002650,1778223414,2026-05-08 06:56:54+00:00,1778223414000,23403,26.50201,51.80059,10.04243,33214,True,412.45685,2
20260508-002650,1778223426,2026-05-08 06:57:06+00:00,1778223426000,23415,26.50961,51.61139,10.04256,33506,True,406.47867,2
20260508-002650,1778223438,2026-05-08 06:57:18+00:00,1778223438000,23427,26.51215,51.53131,10.04258,33803,True,401.76105,2
20260508-002650,1778223450,2026-05-08 06:57:30+00:00,1778223450000,23439,26.51468,51.51264,10.04267,34106,True,396.91962,2
20260508-002650,1778223462,2026-05-08 06:57:42+00:00,1778223462000,23451,26.51722,51.49684,10.0425,34527,True,391.94473,2
20260508-002650,1778223474,2026-05-08 06:57:54+00:00,1778223474000,23463,26.50961,51.45758,10.04247,34930,True,387.30923,2
20260508-002650,1778223486,2026-05-08 06:58:06+00:00,1778223486000,23475,26.51468,51.37342,10.04244,35253,True,382.34552,2
20260508-002650,1778223498,2026-05-08 06:58:18+00:00,1778223498000,23487,26.51468,51.2858,10.04236,35583,True,377.9949,2
20260508-002650,1778223510,2026-05-08 06:58:30+00:00,1778223510000,23499,26.51468,51.25841,10.04241,36042,True,372.31207,2
20260508-002650,1778223522,2026-05-08 06:58:42+00:00,1778223522000,23511,26.51215,51.29822,10.0424,36449,True,367.24817,2
20260508-002650,1778223534,2026-05-08 06:58:54+00:00,1778223534000,23523,26.51722,51.31491,10.04231,36704,True,362.97946,2
20260508-002650,1778223546,2026-05-08 06:59:06+00:00,1778223546000,23535,26.51215,51.30742,10.04207,37094,True,358.80328,2
20260508-002650,1778223558,2026-05-08 06:59:18+00:00,1778223558000,23547,26.51722,51.35242,10.04254,37459,True,353.80948,2
20260508-002650,1778223570,2026-05-08 06:59:30+00:00,1778223570000,23559,26.51468,51.34027,10.04213,37661,True,350.17715,2
20260508-002650,1778223582,2026-05-08 06:59:42+00:00,1778223582000,23571,26.51722,51.34786,10.04217,37899,True,346.06479,2
20260508-002650,1778223594,2026-05-08 06:59:54+00:00,1778223594000,23583,26.51976,51.368,10.04223,38350,True,342.00546,2
20260508-002650,1778223606,2026-05-08 07:00:06+00:00,1778223606000,23595,26.51215,51.41693,10.04207,38491,True,338.06049,2
20260508-002650,1778223618,2026-05-08 07:00:18+00:00,1778223618000,23607,26.51468,51.41114,10.04216,38956,True,334.2435,2
20260508-002650,1778223630,2026-05-08 07:00:30+00:00,1778223630000,23619,26.51215,51.48404,10.04195,39321,True,330.1178,2
20260508-002650,1778223642,2026-05-08 07:00:42+00:00,1778223642000,23631,26.51468,51.5107,10.04215,39506,True,326.61154,2
20260508-002650,1778223654,2026-05-08 07:00:54+00:00,1778223654000,23643,26.51468,51.51818,10.04218,39920,True,322.41022,2
20260508-002650,1778223666,2026-05-08 07:01:06+00:00,1778223666000,23655,26.51468,51.54346,10.04213,40111,True,319.22485,2
20260508-002650,1778223678,2026-05-08 07:01:18+00:00,1778223678000,23667,26.51215,51.58512,10.04216,40382,True,315.69354,2
20260508-002650,1778223690,2026-05-08 07:01:30+00:00,1778223690000,23679,26.50708,51.66744,10.04201,40894,True,311.89426,2
20260508-002650,1778223702,2026-05-08 07:01:42+00:00,1778223702000,23691,26.51215,51.68769,10.04216,41054,True,308.63129,2
20260508-002650,1778223714,2026-05-08 07:01:54+00:00,1778223714000,23703,26.50201,51.8024,10.04185,41054,True,306.14963,2
20260508-002650,1778223726,2026-05-08 07:02:06+00:00,1778223726000,23715,26.50454,51.87569,10.04202,41625,True,302.15582,2
20260508-002650,1778223738,2026-05-08 07:02:18+00:00,1778223738000,23727,26.51468,51.81597,10.04206,41791,True,299.59564,2
20260508-002650,1778223750,2026-05-08 07:02:30+00:00,1778223750000,23739,26.50961,51.82996,10.0422,42085,True,296.70493,2
20260508-002650,1778223762,2026-05-08 07:02:42+00:00,1778223762000,23751,26.50961,52.09256,10.04206,42297,True,293.51135,2
20260508-002650,1778223774,2026-05-08 07:02:54+00:00,1778223774000,23763,26.50961,52.16171,10.04212,42469,True,291.06775,2
20260508-002650,1778223786,2026-05-08 07:03:06+00:00,1778223786000,23775,26.50201,52.17779,10.04192,42685,True,288.18085,2
20260508-002650,1778223798,2026-05-08 07:03:18+00:00,1778223798000,23787,26.50201,52.05952,10.04198,42772,True,285.36761,2
20260508-002650,1778223810,2026-05-08 07:03:30+00:00,1778223810000,23799,26.50454,51.98,10.04198,43213,True,281.95221,2
20260508-002650,1778223822,2026-05-08 07:03:42+00:00,1778223822000,23811,26.49947,51.95361,10.04201,43663,True,278.69128,2
20260508-002650,1778223834,2026-05-08 07:03:54+00:00,1778223834000,23823,26.50454,51.87236,10.04204,43938,True,275.96741,2
20260508-002650,1778223846,2026-05-08 07:04:06+00:00,1778223846000,23835,26.50454,51.91131,10.04204,43984,True,273.73193,2
20260508-002650,1778223858,2026-05-08 07:04:18+00:00,1778223858000,23847,26.50708,52.01635,10.0423,44403,True,270.41113,2
20260508-002650,1778223870,2026-05-08 07:04:30+00:00,1778223870000,23859,26.50201,52.2683,10.04196,44687,True,267.66821,2
20260508-002650,1778223882,2026-05-08 07:04:42+00:00,1778223882000,23871,26.49947,52.07983,10.04199,45120,True,264.53442,2
20260508-002650,1778223894,2026-05-08 07:04:54+00:00,1778223894000,23883,26.50201,51.96056,10.04208,45463,True,262.03915,2
20260508-002650,1778223906,2026-05-08 07:05:06+00:00,1778223906000,23895,26.4944,51.94507,10.04189,45661,True,259.06305,2
20260508-002650,1778223918,2026-05-08 07:05:18+00:00,1778223918000,23907,26.50201,52.01367,10.04196,45710,True,256.91168,2
20260508-002650,1778223930,2026-05-08 07:05:30+00:00,1778223930000,23919,26.49187,52.18057,10.04185,45810,True,254.8528,2
20260508-002650,1778223942,2026-05-08 07:05:42+00:00,1778223942000,23931,26.49947,52.15549,10.04201,46368,True,252.62738,2
20260508-002650,1778223954,2026-05-08 07:05:54+00:00,1778223954000,23943,26.4944,52.19761,10.04189,46522,True,249.96999,2
20260508-002650,1778223966,2026-05-08 07:06:06+00:00,1778223966000,23955,26.49693,52.27171,10.04196,46834,True,247.59018,2
20260508-002650,1778223978,2026-05-08 07:06:18+00:00,1778223978000,23967,26.49693,52.22897,10.042,46886,True,245.5406,2
20260508-002650,1778223989,2026-05-08 07:06:29+00:00,1778223989000,23977,26.4234,52.69335,10.04187,41916,True,253.56145,2
20260508-002650,1778224001,2026-05-08 07:06:41+00:00,1778224001000,23989,26.48172,52.32925,10.0417,45512,True,255.13747,2
20260508-002650,1778224013,2026-05-08 07:06:53+00:00,1778224013000,24001,26.48933,52.12982,10.04191,46730,True,246.89771,2
20260508-002650,1778224025,2026-05-08 07:07:05+00:00,1778224025000,24013,26.48426,52.09905,10.04185,47389,True,241.61183,2
20260508-002650,1778224037,2026-05-08 07:07:17+00:00,1778224037000,24025,26.48426,52.3108,10.0418,47604,True,238.1534,2
20260508-002650,1778224049,2026-05-08 07:07:29+00:00,1778224049000,24037,26.48426,52.401,10.0418,47931,True,235.24519,2
20260508-002650,1778224061,2026-05-08 07:07:41+00:00,1778224061000,24049,26.48426,52.38646,10.04178,48430,True,232.6194,2
20260508-002650,1778224073,2026-05-08 07:07:53+00:00,1778224073000,24061,26.48426,52.13301,10.04181,48997,True,229.41281,2
20260508-002650,1778224085,2026-05-08 07:08:05+00:00,1778224085000,24073,26.47665,52.02136,10.04187,49256,True,226.84909,2
20260508-002650,1778224097,2026-05-08 07:08:17+00:00,1778224097000,24085,26.48426,52.08162,10.04188,49636,True,223.91592,2
20260508-002650,1778224109,2026-05-08 07:08:29+00:00,1778224109000,24097,26.48933,52.1794,10.04204,49577,True,222.3266,2
20260508-002650,1778224121,2026-05-08 07:08:41+00:00,1778224121000,24109,26.47919,52.30416,10.04173,49842,True,220.86653,2
20260508-002650,1778224133,2026-05-08 07:08:53+00:00,1778224133000,24121,26.48172,52.14245,10.04177,50261,True,218.73463,2
20260508-002650,1778224145,2026-05-08 07:09:05+00:00,1778224145000,24133,26.47919,52.18518,10.04184,50412,True,216.58105,2
20260508-002650,1778224157,2026-05-08 07:09:17+00:00,1778224157000,24145,26.47158,52.31092,10.04173,50779,True,214.41136,2
20260508-002650,1778224169,2026-05-08 07:09:29+00:00,1778224169000,24157,26.47919,52.20272,10.0421,51214,True,212.34201,2
20260508-002650,1778224181,2026-05-08 07:09:41+00:00,1778224181000,24169,26.47412,52.62305,10.04193,51058,True,211.23393,2
20260508-002650,1778224193,2026-05-08 07:09:53+00:00,1778224193000,24181,26.47919,52.76084,10.04205,51371,True,209.7002,2
20260508-002650,1778224205,2026-05-08 07:10:05+00:00,1778224205000,24193,26.47919,52.61555,10.04207,51434,True,208.1312,2
20260508-002650,1778224217,2026-05-08 07:10:17+00:00,1778224217000,24206,26.47412,52.72981,10.04188,51784,True,206.40953,2
20260508-002650,1778224229,2026-05-08 07:10:29+00:00,1778224229000,24218,26.47158,52.78419,10.04214,51848,True,204.67854,2
20260508-002650,1778224241,2026-05-08 07:10:41+00:00,1778224241000,24230,26.47412,52.79065,10.04191,52269,True,202.76389,2
20260508-002650,1778224252,2026-05-08 07:10:52+00:00,1778224252000,24241,26.52964,52.62655,10.04204,52204,True,202.3356,2
20260508-002650,1778224264,2026-05-08 07:11:04+00:00,1778224264000,24253,26.44369,53.02177,10.04201,48014,True,221.55579,2
20260508-002650,1778224276,2026-05-08 07:11:16+00:00,1778224276000,24265,26.4589,52.87411,10.04202,50595,True,212.25589,2
20260508-002650,1778224288,2026-05-08 07:11:28+00:00,1778224288000,24277,26.46397,52.61397,10.0421,51880,True,204.4657,2
20260508-002650,1778224300,2026-05-08 07:11:40+00:00,1778224300000,24289,26.46144,52.78304,10.04213,52597,True,199.8662,2
20260508-002650,1778224312,2026-05-08 07:11:52+00:00,1778224312000,24301,26.45637,52.70593,10.04191,52730,True,197.60861,2
20260508-002650,1778224324,2026-05-08 07:12:04+00:00,1778224324000,24313,26.46905,52.77022,10.04224,53266,True,195.79082,2
20260508-002650,1778224336,2026-05-08 07:12:16+00:00,1778224336000,24325,26.46397,52.84195,10.04224,53607,True,194.32913,2
20260508-002650,1778224348,2026-05-08 07:12:28+00:00,1778224348000,24337,26.45637,52.8798,10.04214,53745,True,193.03419,2
20260508-002650,1778224360,2026-05-08 07:12:40+00:00,1778224360000,24349,26.46144,53.04137,10.04229,53607,True,192.75142,3
20260508-002650,1778224372,2026-05-08 07:12:52+00:00,1778224372000,24361,26.45637,53.04468,10.04202,54057,True,191.53879,3
20260508-002650,1778224384,2026-05-08 07:13:04+00:00,1778224384000,24373,26.4589,52.85109,10.04207,54337,True,190.50323,3
20260508-002650,1778224396,2026-05-08 07:13:16+00:00,1778224396000,24385,26.4589,53.0472,10.04218,54621,True,189.31284,3
20260508-002650,1778224408,2026-05-08 07:13:28+00:00,1778224408000,24397,26.4589,53.00152,10.04218,54514,True,189.02893,3
20260508-002650,1778224420,2026-05-08 07:13:40+00:00,1778224420000,24409,26.45383,53.07492,10.04222,54836,True,188.11508,3
20260508-002650,1778224432,2026-05-08 07:13:52+00:00,1778224432000,24421,26.4589,53.04045,10.04222,54800,True,187.49138,3
20260508-002650,1778224444,2026-05-08 07:14:04+00:00,1778224444000,24433,26.4589,53.01918,10.04225,55124,True,186.54016,3
20260508-002650,1778224456,2026-05-08 07:14:16+00:00,1778224456000,24445,26.45383,52.62325,10.04203,55416,True,185.3781,3
20260508-002650,1778224468,2026-05-08 07:14:28+00:00,1778224468000,24457,26.4589,52.48021,10.04216,55822,True,183.95197,3
20260508-002650,1778224480,2026-05-08 07:14:40+00:00,1778224480000,24469,26.45637,52.69449,10.04212,55897,True,183.00352,3
20260508-002650,1778224492,2026-05-08 07:14:52+00:00,1778224492000,24481,26.44876,52.97464,10.04202,56462,True,181.80876,3
20260508-002650,1778224504,2026-05-08 07:15:04+00:00,1778224504000,24493,26.45383,52.92239,10.0422,56615,True,180.75075,3
20260508-002650,1778224516,2026-05-08 07:15:16+00:00,1778224516000,24505,26.4589,52.85667,10.04213,56768,True,180.35016,3
20260508-002650,1778224528,2026-05-08 07:15:28+00:00,1778224528000,24517,26.45383,52.63941,10.04205,56615,True,180.32367,3
20260508-002650,1778224540,2026-05-08 07:15:40+00:00,1778224540000,24529,26.45637,52.84283,10.04207,56807,True,179.86333,3
20260508-002650,1778224550,2026-05-08 07:15:50+00:00,1778224550000,24539,26.38283,53.54071,10.04201,51089,True,187.25064,3
20260508-002650,1778224562,2026-05-08 07:16:02+00:00,1778224562000,24551,26.44115,52.9761,10.04202,54943,True,189.10316,3
20260508-002650,1778224574,2026-05-08 07:16:14+00:00,1778224574000,24563,26.44622,52.89401,10.04199,56615,True,183.09544,3
20260508-002650,1778224586,2026-05-08 07:16:26+00:00,1778224586000,24575,26.44876,52.99922,10.04198,57117,True,179.813,3
20260508-002650,1778224598,2026-05-08 07:16:38+00:00,1778224598000,24587,26.4513,52.8576,10.04204,57509,True,177.87231,3
20260508-002650,1778224610,2026-05-08 07:16:50+00:00,1778224610000,24599,26.44876,52.98504,10.042,57312,True,176.78967,3
20260508-002650,1778224622,2026-05-08 07:17:02+00:00,1778224622000,24611,26.44876,52.90088,10.04198,57907,True,175.54565,3
20260508-002650,1778224634,2026-05-08 07:17:14+00:00,1778224634000,24623,26.44876,52.97557,10.04182,58108,True,174.62885,3
20260508-002650,1778224646,2026-05-08 07:17:26+00:00,1778224646000,24635,26.44622,52.95834,10.04183,58108,True,174.24014,3
20260508-002650,1778224658,2026-05-08 07:17:38+00:00,1778224658000,24647,26.44622,52.9547,10.04185,58514,True,173.20721,3
20260508-002650,1778224670,2026-05-08 07:17:50+00:00,1778224670000,24659,26.44622,52.95434,10.04169,58595,True,172.70334,3
20260508-002650,1778224682,2026-05-08 07:18:02+00:00,1778224682000,24671,26.4513,52.71967,10.04174,58760,True,171.60846,3
20260508-002650,1778224694,2026-05-08 07:18:14+00:00,1778224694000,24683,26.44622,52.57288,10.04178,59050,True,170.63986,3
20260508-002650,1778224706,2026-05-08 07:18:26+00:00,1778224706000,24695,26.44369,52.70002,10.04143,59301,True,169.75833,3
20260508-002650,1778224718,2026-05-08 07:18:38+00:00,1778224718000,24707,26.44876,52.58967,10.04168,59724,True,168.73572,3
20260508-002650,1778224730,2026-05-08 07:18:50+00:00,1778224730000,24719,26.44622,52.36128,10.04157,59596,True,168.56714,3
20260508-002650,1778224742,2026-05-08 07:19:02+00:00,1778224742000,24731,26.44622,52.31912,10.04159,59937,True,167.96263,3
20260508-002650,1778224754,2026-05-08 07:19:14+00:00,1778224754000,24743,26.44622,52.39588,10.04161,59895,True,167.65302,3
20260508-002650,1778224766,2026-05-08 07:19:26+00:00,1778224766000,24755,26.44115,52.55544,10.04147,60196,True,166.88785,3
20260508-002650,1778224778,2026-05-08 07:19:38+00:00,1778224778000,24767,26.43862,52.69131,10.04147,60153,True,166.85809,3
20260508-002650,1778224790,2026-05-08 07:19:50+00:00,1778224790000,24779,26.43608,52.71,10.04132,60326,True,166.09882,3
20260508-002650,1778224802,2026-05-08 07:20:02+00:00,1778224802000,24791,26.43355,52.61042,10.04133,60808,True,165.14038,3
20260508-002650,1778224814,2026-05-08 07:20:14+00:00,1778224814000,24803,26.44115,52.67284,10.04142,60941,True,164.32393,3
20260508-002650,1778224826,2026-05-08 07:20:26+00:00,1778224826000,24815,26.44369,52.5877,10.04153,60941,True,164.19928,3
20260508-002650,1778224838,2026-05-08 07:20:38+00:00,1778224838000,24827,26.44622,52.73184,10.0415,60852,True,163.89905,3
20260508-002650,1778224850,2026-05-08 07:20:50+00:00,1778224850000,24839,26.44622,52.64555,10.04141,60852,True,163.80368,3
20260508-002650,1778224862,2026-05-08 07:21:02+00:00,1778224862000,24851,26.44369,52.77308,10.04155,61297,True,162.42665,3
20260508-002650,1778224874,2026-05-08 07:21:14+00:00,1778224874000,24863,26.44369,52.74448,10.04153,61432,True,162.05988,3
20260508-002650,1778224886,2026-05-08 07:21:26+00:00,1778224886000,24875,26.44115,52.72301,10.04142,61477,True,161.59967,3
20260508-002650,1778224898,2026-05-08 07:21:38+00:00,1778224898000,24887,26.44369,52.74495,10.04155,61886,True,161.13681,3
20260508-002650,1778224910,2026-05-08 07:21:50+00:00,1778224910000,24899,26.44369,52.84364,10.04148,61704,True,160.6035,3
20260508-002650,1778224922,2026-05-08 07:22:02+00:00,1778224922000,24911,26.44115,52.70091,10.04149,62208,True,159.9593,3
20260508-002650,1778224934,2026-05-08 07:22:14+00:00,1778224934000,24923,26.44622,52.55256,10.04141,62208,True,159.29236,3
20260508-002650,1778224946,2026-05-08 07:22:26+00:00,1778224946000,24935,26.44369,52.43662,10.04129,62720,True,157.8438,3
20260508-002650,1778224958,2026-05-08 07:22:38+00:00,1778224958000,24947,26.43862,52.30109,10.04134,62440,True,158.25145,3
20260508-002650,1778224970,2026-05-08 07:22:50+00:00,1778224970000,24959,26.43862,52.22042,10.04157,62862,True,157.19406,3
20260508-002650,1778224982,2026-05-08 07:23:02+00:00,1778224982000,24971,26.42848,52.31544,10.04109,62673,True,156.94769,3
20260508-002650,1778224994,2026-05-08 07:23:14+00:00,1778224994000,24983,26.43355,52.46726,10.04125,63146,True,156.67926,3
20260508-002650,1778225006,2026-05-08 07:23:26+00:00,1778225006000,24995,26.43862,52.72358,10.04133,62862,True,156.85999,3
20260508-002650,1778225018,2026-05-08 07:23:38+00:00,1778225018000,25007,26.42848,52.62607,10.04115,63051,True,156.40759,3
20260508-002650,1778225030,2026-05-08 07:23:50+00:00,1778225030000,25019,26.43862,52.49913,10.04131,63051,True,156.05392,3
20260508-002650,1778225042,2026-05-08 07:24:02+00:00,1778225042000,25031,26.44115,52.57279,10.04137,63051,True,155.88121,3
20260508-002650,1778225054,2026-05-08 07:24:14+00:00,1778225054000,25043,26.43608,52.47445,10.04125,63337,True,154.72672,3
20260508-002650,1778225066,2026-05-08 07:24:26+00:00,1778225066000,25055,26.43608,52.43016,10.04134,63337,True,154.75255,3
20260508-002650,1778225078,2026-05-08 07:24:38+00:00,1778225078000,25067,26.42848,52.51446,10.04131,63529,True,153.89758,3
20260508-002650,1778225090,2026-05-08 07:24:50+00:00,1778225090000,25079,26.43101,52.64342,10.04147,63820,True,153.42905,3
20260508-002650,1778225102,2026-05-08 07:25:02+00:00,1778225102000,25091,26.43608,52.7438,10.04143,63577,True,153.70381,3
20260508-002650,1778225114,2026-05-08 07:25:14+00:00,1778225114000,25103,26.42848,52.70003,10.04131,63771,True,153.19565,3
20260508-002650,1778225130,2026-05-08 07:25:30+00:00,1778225130000,25118,26.4952,52.49308,10.04164,63820,True,153.12485,3
20260508-002650,1778225142,2026-05-08 07:25:42+00:00,1778225142000,25130,26.39551,52.95699,10.04141,56500,True,181.94818,3
20260508-002650,1778225154,2026-05-08 07:25:54+00:00,1778225154000,25142,26.40819,52.6642,10.04138,60764,True,171.00024,3
20260508-002650,1778225166,2026-05-08 07:26:06+00:00,1778225166000,25154,26.41326,52.42741,10.04138,62533,True,161.93011,3
20260508-002650,1778225178,2026-05-08 07:26:18+00:00,1778225178000,25166,26.41326,52.39726,10.04117,63241,True,157.25752,3
20260508-002650,1778225190,2026-05-08 07:26:30+00:00,1778225190000,25178,26.41833,52.4254,10.04139,63771,True,154.76555,3
20260508-002650,1778225202,2026-05-08 07:26:42+00:00,1778225202000,25190,26.41833,52.46742,10.04139,64162,True,152.83313,3
20260508-002650,1778225214,2026-05-08 07:26:54+00:00,1778225214000,25202,26.42087,52.58738,10.04143,64260,True,152.06137,3
20260508-002650,1778225226,2026-05-08 07:27:06+00:00,1778225226000,25214,26.42594,52.59254,10.04156,64458,True,151.29469,3
20260508-002650,1778225238,2026-05-08 07:27:18+00:00,1778225238000,25226,26.42087,52.62284,10.04152,64260,True,150.96434,3
20260508-002650,1778225250,2026-05-08 07:27:30+00:00,1778225250000,25238,26.41326,52.56895,10.04152,64558,True,150.0361,3
20260508-002650,1778225262,2026-05-08 07:27:42+00:00,1778225262000,25250,26.4158,52.27281,10.04149,65110,True,149.16898,3
20260508-002650,1778225274,2026-05-08 07:27:54+00:00,1778225274000,25262,26.41833,52.31036,10.04165,65211,True,148.52966,3
20260508-002650,1778225286,2026-05-08 07:28:06+00:00,1778225286000,25274,26.42087,52.28802,10.04153,65569,True,147.67961,3
20260508-002650,1778225298,2026-05-08 07:28:18+00:00,1778225298000,25286,26.42087,52.48429,10.04155,65466,True,147.46674,3
20260508-002650,1778225311,2026-05-08 07:28:31+00:00,1778225311000,25299,26.32452,53.45393,10.04172,56084,True,158.8251,3
20260508-002650,1778225323,2026-05-08 07:28:43+00:00,1778225323000,25311,26.40312,52.69372,10.04156,61978,True,163.44263,3
20260508-002650,1778225335,2026-05-08 07:28:55+00:00,1778225335000,25323,26.40565,52.61351,10.04173,63626,True,156.65181,3
20260508-002650,1778225347,2026-05-08 07:29:07+00:00,1778225347000,25335,26.40312,52.6943,10.04156,64558,True,152.34325,3
20260508-002650,1778225359,2026-05-08 07:29:19+00:00,1778225359000,25347,26.40565,52.66546,10.04157,65313,True,149.36511,3
20260508-002650,1778225371,2026-05-08 07:29:31+00:00,1778225371000,25359,26.41073,52.6484,10.04149,65364,True,147.8354,3
20260508-002650,1778225383,2026-05-08 07:29:43+00:00,1778225383000,25371,26.40819,52.61743,10.0414,65671,True,146.6803,3
20260508-002650,1778225395,2026-05-08 07:29:55+00:00,1778225395000,25383,26.41073,52.57322,10.04146,65517,True,146.53598,3
20260508-002650,1778225407,2026-05-08 07:30:07+00:00,1778225407000,25395,26.40819,52.56354,10.04145,66034,True,145.77478,3
20260508-002650,1778225419,2026-05-08 07:30:19+00:00,1778225419000,25407,26.41326,52.44967,10.04139,66295,True,145.05505,3
20260508-002650,1778225431,2026-05-08 07:30:31+00:00,1778225431000,25419,26.41073,52.40525,10.04139,66348,True,144.46146,3
20260508-002650,1778225443,2026-05-08 07:30:43+00:00,1778225443000,25431,26.41073,52.34888,10.04146,66453,True,144.05014,3
20260508-002650,1778225455,2026-05-08 07:30:55+00:00,1778225455000,25443,26.41073,52.29052,10.04151,66612,True,143.86356,3
20260508-002650,1778225467,2026-05-08 07:31:07+00:00,1778225467000,25455,26.4158,52.26557,10.04133,66878,True,142.79285,3
20260508-002650,1778225479,2026-05-08 07:31:19+00:00,1778225479000,25467,26.41073,52.29081,10.04132,66824,True,142.68459,3
20260508-002650,1778225491,2026-05-08 07:31:31+00:00,1778225491000,25479,26.41073,52.27085,10.04132,67146,True,142.06717,3
20260508-002650,1778225503,2026-05-08 07:31:43+00:00,1778225503000,25491,26.40312,52.30755,10.04113,67092,True,142.15446,3
20260508-002650,1778225515,2026-05-08 07:31:55+00:00,1778225515000,25503,26.4158,52.375,10.04136,67362,True,141.72998,3
20260508-002650,1778225527,2026-05-08 07:32:07+00:00,1778225527000,25515,26.41326,52.40542,10.04117,67362,True,141.52631,3
20260508-002650,1778225539,2026-05-08 07:32:19+00:00,1778225539000,25527,26.4158,52.39242,10.04119,67416,True,140.98651,3
20260508-002650,1778225551,2026-05-08 07:32:31+00:00,1778225551000,25539,26.41326,52.39023,10.04106,67308,True,140.88286,3
20260508-002650,1778225563,2026-05-08 07:32:43+00:00,1778225563000,25551,26.41326,52.37202,10.0412,67416,True,141.05917,3
20260508-002650,1778225575,2026-05-08 07:32:55+00:00,1778225575000,25563,26.41073,52.12255,10.04118,67579,True,140.09814,3
20260508-002650,1778225587,2026-05-08 07:33:07+00:00,1778225587000,25575,26.4158,52.14001,10.04119,67963,True,139.66635,3
20260508-002650,1778225599,2026-05-08 07:33:19+00:00,1778225599000,25587,26.4158,52.09609,10.04119,67853,True,139.10867,3
20260508-002650,1778225611,2026-05-08 07:33:31+00:00,1778225611000,25599,26.40819,52.20916,10.04098,67798,True,138.89542,3
20260508-002650,1778225623,2026-05-08 07:33:43+00:00,1778225623000,25611,26.40819,51.83956,10.04093,68407,True,137.89001,3
20260508-002650,1778225635,2026-05-08 07:33:55+00:00,1778225635000,25623,26.40819,52.11926,10.04114,68744,True,137.57623,3
20260508-002650,1778225647,2026-05-08 07:34:07+00:00,1778225647000,25635,26.40565,52.24349,10.04101,68575,True,137.71307,3
20260508-002650,1778225659,2026-05-08 07:34:19+00:00,1778225659000,25647,26.40565,52.29242,10.04088,68129,True,138.08434,3
20260508-002650,1778225671,2026-05-08 07:34:31+00:00,1778225671000,25659,26.40819,52.23769,10.04105,68688,True,137.44759,3
20260508-002650,1778225683,2026-05-08 07:34:43+00:00,1778225683000,25671,26.40819,51.94877,10.04105,68688,True,137.07941,3
20260508-002650,1778225695,2026-05-08 07:34:55+00:00,1778225695000,25683,26.40819,51.80051,10.04112,68575,True,136.92416,3
20260508-002650,1778225707,2026-05-08 07:35:07+00:00,1778225707000,25695,26.40819,51.92231,10.04093,69084,True,136.15753,3
20260508-002650,1778225719,2026-05-08 07:35:19+00:00,1778225719000,25707,26.39805,51.89397,10.04085,68914,True,136.26315,3
20260508-002650,1778225731,2026-05-08 07:35:31+00:00,1778225731000,25719,26.39551,52.06892,10.04081,68857,True,136.20877,3
20260508-002650,1778225743,2026-05-08 07:35:43+00:00,1778225743000,25731,26.40312,52.16188,10.04107,69601,True,135.14395,3
20260508-002650,1778225755,2026-05-08 07:35:55+00:00,1778225755000,25743,26.40312,52.20693,10.04113,69141,True,135.27055,3
20260508-002650,1778225767,2026-05-08 07:36:07+00:00,1778225767000,25755,26.40565,52.10218,10.04083,69256,True,135.09563,3
20260508-002650,1778225779,2026-05-08 07:36:19+00:00,1778225779000,25767,26.39805,52.23483,10.04101,69313,True,135.1404,3
20260508-002650,1778225791,2026-05-08 07:36:31+00:00,1778225791000,25779,26.40312,52.28895,10.04107,69198,True,135.39426,3
20260508-002650,1778225803,2026-05-08 07:36:43+00:00,1778225803000,25791,26.40058,52.41117,10.041,68970,True,135.44867,3
20260508-002650,1778225815,2026-05-08 07:36:55+00:00,1778225815000,25803,26.40819,52.43993,10.04115,69428,True,134.83554,3
20260508-002650,1778225827,2026-05-08 07:37:07+00:00,1778225827000,25815,26.40312,52.44121,10.04111,69659,True,134.39587,3
20260508-002650,1778225839,2026-05-08 07:37:19+00:00,1778225839000,25827,26.40312,52.40296,10.04104,69370,True,134.51059,3
20260508-002650,1778225851,2026-05-08 07:37:31+00:00,1778225851000,25839,26.39805,52.31084,10.04125,69659,True,133.90485,3
20260508-002650,1778225863,2026-05-08 07:37:43+00:00,1778225863000,25851,26.39551,52.04764,10.041,69428,True,133.6843,3
20260508-002650,1778225875,2026-05-08 07:37:55+00:00,1778225875000,25863,26.39805,52.05159,10.04096,69659,True,133.49057,3
20260508-002650,1778225887,2026-05-08 07:38:07+00:00,1778225887000,25875,26.39044,52.03069,10.04089,69659,True,133.20656,3
20260508-002650,1778225900,2026-05-08 07:38:20+00:00,1778225900000,25888,26.30423,52.79971,10.04112,59469,True,144.85214,3
20260508-002650,1778225912,2026-05-08 07:38:32+00:00,1778225912000,25900,26.38537,52.09365,10.04117,65826,True,149.48288,3
20260508-002650,1778225924,2026-05-08 07:38:44+00:00,1778225924000,25912,26.38791,51.94471,10.04111,68295,True,142.11136,3
20260508-002650,1778225936,2026-05-08 07:38:56+00:00,1778225936000,25924,26.39044,51.94855,10.04115,69084,True,137.22479,3
20260508-002650,1778225948,2026-05-08 07:39:08+00:00,1778225948000,25936,26.38791,51.85006,10.04097,69485,True,134.65894,3
20260508-002650,1778225960,2026-05-08 07:39:20+00:00,1778225960000,25948,26.39551,51.85943,10.04116,69543,True,134.02194,3
20260508-002650,1778225972,2026-05-08 07:39:32+00:00,1778225972000,25960,26.39298,51.90098,10.04105,70008,True,132.98495,3
20260508-002650,1778225984,2026-05-08 07:39:44+00:00,1778225984000,25972,26.39298,51.99037,10.04112,70420,True,132.14697,3
20260508-002650,1778225996,2026-05-08 07:39:56+00:00,1778225996000,25984,26.38283,52.05417,10.04089,70008,True,132.06772,3
20260508-002650,1778226008,2026-05-08 07:40:08+00:00,1778226008000,25996,26.39551,52.02146,10.04118,70480,True,131.25061,3
20260508-002650,1778226020,2026-05-08 07:40:20+00:00,1778226020000,26008,26.38791,52.07626,10.04106,70361,True,131.27866,3
20260508-002650,1778226032,2026-05-08 07:40:32+00:00,1778226032000,26020,26.38791,52.09836,10.041,70420,True,131.15858,3
20260508-002650,1778226044,2026-05-08 07:40:44+00:00,1778226044000,26032,26.38791,52.10527,10.04116,70718,True,130.58395,3
20260508-002650,1778226056,2026-05-08 07:40:56+00:00,1778226056000,26044,26.38537,52.0563,10.04095,70539,True,130.49847,3
20260508-002650,1778226068,2026-05-08 07:41:08+00:00,1778226068000,26056,26.38537,52.13333,10.04095,70658,True,130.27176,3
20260508-002650,1778226080,2026-05-08 07:41:20+00:00,1778226080000,26068,26.39044,52.06828,10.04113,70658,True,130.45206,3
20260508-002650,1778226092,2026-05-08 07:41:32+00:00,1778226092000,26080,26.38283,52.13219,10.04106,71017,True,129.98401,3
20260508-002650,1778226104,2026-05-08 07:41:44+00:00,1778226104000,26092,26.39044,52.14158,10.04103,71078,True,129.33107,3
20260508-002650,1778226116,2026-05-08 07:41:56+00:00,1778226116000,26104,26.38283,52.16102,10.04108,71017,True,129.18651,3
20260508-002650,1778226128,2026-05-08 07:42:08+00:00,1778226128000,26116,26.38537,52.12872,10.04112,71199,True,129.10855,3
20260508-002650,1778226140,2026-05-08 07:42:20+00:00,1778226140000,26128,26.39298,52.00076,10.04124,71017,True,129.11523,3
20260508-002650,1778226152,2026-05-08 07:42:32+00:00,1778226152000,26140,26.38791,51.90402,10.04116,70957,True,129.27243,3
20260508-002650,1778226164,2026-05-08 07:42:44+00:00,1778226164000,26152,26.38791,51.91922,10.04121,71078,True,128.8394,3
20260508-002650,1778226176,2026-05-08 07:42:56+00:00,1778226176000,26164,26.38791,51.95403,10.04125,71564,True,128.08136,3
20260508-002650,1778226188,2026-05-08 07:43:08+00:00,1778226188000,26176,26.38537,51.953,10.04116,71564,True,128.01431,3
20260508-002650,1778226200,2026-05-08 07:43:20+00:00,1778226200000,26188,26.39044,51.97319,10.04134,71078,True,128.51071,3
20260508-002650,1778226212,2026-05-08 07:43:32+00:00,1778226212000,26200,26.38283,51.97,10.04119,71564,True,127.85336,3
20260508-002650,1778226224,2026-05-08 07:43:44+00:00,1778226224000,26212,26.39298,52.00545,10.04145,71441,True,127.98923,3
20260508-002650,1778226236,2026-05-08 07:43:56+00:00,1778226236000,26224,26.39044,51.99556,10.04111,71809,True,126.97575,3
20260508-002650,1778226248,2026-05-08 07:44:08+00:00,1778226248000,26236,26.38791,51.99787,10.04137,71994,True,126.66397,3
20260508-002650,1778226260,2026-05-08 07:44:20+00:00,1778226260000,26248,26.38791,51.97205,10.0413,71686,True,126.9358,3
20260508-002650,1778226272,2026-05-08 07:44:32+00:00,1778226272000,26260,26.39044,52.05398,10.04141,71994,True,126.55225,3
20260508-002650,1778226284,2026-05-08 07:44:44+00:00,1778226284000,26272,26.38791,52.04942,10.04132,71932,True,126.45481,3
20260508-002650,1778226296,2026-05-08 07:44:56+00:00,1778226296000,26284,26.37776,52.01404,10.04126,71747,True,126.5667,3
20260508-002650,1778226308,2026-05-08 07:45:08+00:00,1778226308000,26296,26.38537,51.89143,10.04144,72118,True,126.10008,3
20260508-002650,1778226320,2026-05-08 07:45:20+00:00,1778226320000,26308,26.38283,51.83918,10.04134,72180,True,125.78715,3
20260508-002650,1778226332,2026-05-08 07:45:32+00:00,1778226332000,26320,26.3803,51.87754,10.04123,72430,True,125.18645,3
20260508-002650,1778226344,2026-05-08 07:45:44+00:00,1778226344000,26332,26.38537,51.88872,10.0414,72180,True,125.5337,3
20260508-002650,1778226356,2026-05-08 07:45:56+00:00,1778226356000,26344,26.3803,51.73626,10.04146,72556,True,124.96998,3
20260508-002650,1778226368,2026-05-08 07:46:08+00:00,1778226368000,26356,26.3803,51.71286,10.04144,72493,True,124.78799,3
20260508-002650,1778226380,2026-05-08 07:46:20+00:00,1778226380000,26368,26.37523,51.75265,10.0412,72493,True,124.62182,3
20260508-002650,1778226392,2026-05-08 07:46:32+00:00,1778226392000,26380,26.3803,51.80495,10.04132,72556,True,124.79053,3
20260508-002650,1778226404,2026-05-08 07:46:44+00:00,1778226404000,26392,26.37776,51.89834,10.04123,72681,True,124.40689,3
20260508-002650,1778226416,2026-05-08 07:46:56+00:00,1778226416000,26404,26.37523,51.92408,10.04138,72493,True,124.74158,3
20260508-002650,1778226428,2026-05-08 07:47:08+00:00,1778226428000,26417,26.34987,52.27036,10.04146,67688,True,134.51767,3
20260508-002650,1778226440,2026-05-08 07:47:20+00:00,1778226440000,26429,26.37016,52.00814,10.04126,71078,True,132.4118,3
20260508-002650,1778226452,2026-05-08 07:47:32+00:00,1778226452000,26441,26.37523,51.89791,10.0414,71932,True,128.6456,3
20260508-002650,1778226464,2026-05-08 07:47:44+00:00,1778226464000,26453,26.37776,51.87507,10.04133,72493,True,126.21901,3
20260508-002650,1778226476,2026-05-08 07:47:56+00:00,1778226476000,26465,26.37269,51.86211,10.04143,72430,True,125.74364,3
20260508-002650,1778226488,2026-05-08 07:48:08+00:00,1778226488000,26477,26.37016,51.86524,10.04117,72681,True,124.44864,3
20260508-002650,1778226500,2026-05-08 07:48:20+00:00,1778226500000,26489,26.37016,51.77938,10.04116,72493,True,124.17258,3
20260508-002650,1778226512,2026-05-08 07:48:32+00:00,1778226512000,26501,26.37523,51.88737,10.0412,72808,True,123.58865,3
20260508-002650,1778226524,2026-05-08 07:48:44+00:00,1778226524000,26513,26.37016,51.79277,10.04123,72935,True,123.98978,3
20260508-002650,1778226536,2026-05-08 07:48:56+00:00,1778226536000,26525,26.37016,51.77887,10.04133,72808,True,123.75106,3
20260508-002650,1778226548,2026-05-08 07:49:08+00:00,1778226548000,26537,26.37523,51.77729,10.04129,72871,True,123.50341,3
20260508-002650,1778226560,2026-05-08 07:49:20+00:00,1778226560000,26549,26.37269,51.84417,10.04127,73254,True,122.90891,3
20260508-002650,1778226572,2026-05-08 07:49:32+00:00,1778226572000,26561,26.37016,51.8622,10.04107,73062,True,122.84399,3
20260508-002650,1778226584,2026-05-08 07:49:44+00:00,1778226584000,26573,26.37776,51.82113,10.04135,72935,True,123.02664,3
20260508-002650,1778226596,2026-05-08 07:49:56+00:00,1778226596000,26585,26.37269,51.83778,10.04129,73318,True,122.16441,3
20260508-002650,1778226609,2026-05-08 07:50:09+00:00,1778226609000,26598,26.34734,52.1269,10.04125,67963,True,132.91307,3
20260508-002650,1778226621,2026-05-08 07:50:21+00:00,1778226621000,26610,26.36762,51.91227,10.04122,71686,True,130.63293,3
20260508-002650,1778226633,2026-05-08 07:50:33+00:00,1778226633000,26622,26.37016,51.92453,10.04116,72808,True,126.80229,3
20260508-002650,1778226644,2026-05-08 07:50:44+00:00,1778226644000,26633,26.28648,52.46059,10.0412,64508,True,134.51353,3
20260508-002650,1778226656,2026-05-08 07:50:56+00:00,1778226656000,26645,26.35748,51.85583,10.04127,70302,True,135.70932,3
20260508-002650,1778226668,2026-05-08 07:51:08+00:00,1778226668000,26657,26.35494,51.81017,10.04105,72180,True,129.30096,3
20260508-002650,1778226680,2026-05-08 07:51:20+00:00,1778226680000,26669,26.35748,51.79069,10.04108,72681,True,125.94045,3
20260508-002650,1778226692,2026-05-08 07:51:32+00:00,1778226692000,26681,26.36002,51.66809,10.0411,73318,True,123.51907,3
20260508-002650,1778226704,2026-05-08 07:51:44+00:00,1778226704000,26693,26.35748,51.76238,10.04083,73318,True,122.83909,3
20260508-002650,1778226716,2026-05-08 07:51:56+00:00,1778226716000,26705,26.36508,51.79849,10.04101,73575,True,121.99764,3
20260508-002650,1778226728,2026-05-08 07:52:08+00:00,1778226728000,26717,26.36508,51.6921,10.04085,73900,True,121.29522,3
20260508-002650,1778226740,2026-05-08 07:52:20+00:00,1778226740000,26729,26.36255,51.65184,10.04093,73705,True,120.93771,3
20260508-002650,1778226752,2026-05-08 07:52:32+00:00,1778226752000,26741,26.35748,51.68451,10.04074,74031,True,120.90362,3
20260508-002650,1778226764,2026-05-08 07:52:44+00:00,1778226764000,26753,26.36002,51.74428,10.04085,73640,True,120.75316,3
20260508-002650,1778226776,2026-05-08 07:52:56+00:00,1778226776000,26765,26.35748,51.75768,10.0408,73900,True,120.53423,3
20260508-002650,1778226788,2026-05-08 07:53:08+00:00,1778226788000,26777,26.36255,51.72299,10.04063,74162,True,119.89289,3
20260508-002650,1778226800,2026-05-08 07:53:20+00:00,1778226800000,26789,26.36002,51.73421,10.0407,73900,True,120.16752,3
20260508-002650,1778226812,2026-05-08 07:53:32+00:00,1778226812000,26801,26.36762,51.71087,10.04071,73900,True,120.20918,3
20260508-002650,1778226824,2026-05-08 07:53:44+00:00,1778226824000,26813,26.36762,51.59832,10.0408,74359,True,119.68641,3
20260508-002650,1778226836,2026-05-08 07:53:56+00:00,1778226836000,26825,26.36762,51.59015,10.04061,74162,True,119.47581,3
20260508-002650,1778226848,2026-05-08 07:54:08+00:00,1778226848000,26837,26.36002,51.66014,10.04057,74624,True,119.23196,3
20260508-002650,1778226860,2026-05-08 07:54:20+00:00,1778226860000,26849,26.36002,51.62613,10.04052,74162,True,119.45441,3
20260508-002650,1778226872,2026-05-08 07:54:32+00:00,1778226872000,26861,26.36508,51.64297,10.04058,74359,True,119.32159,3
20260508-002650,1778226884,2026-05-08 07:54:44+00:00,1778226884000,26873,26.36762,51.67287,10.04061,74228,True,119.2672,3
20260508-002650,1778226896,2026-05-08 07:54:56+00:00,1778226896000,26885,26.36002,51.70442,10.04057,74558,True,118.77211,3
20260508-002650,1778226908,2026-05-08 07:55:08+00:00,1778226908000,26897,26.35748,51.65308,10.04048,74558,True,118.45867,3
20260508-002650,1778226920,2026-05-08 07:55:20+00:00,1778226920000,26909,26.35494,51.63514,10.04054,74492,True,118.82374,3
20260508-002650,1778226932,2026-05-08 07:55:32+00:00,1778226932000,26921,26.36255,51.56401,10.04051,74758,True,118.09003,3
20260508-002650,1778226944,2026-05-08 07:55:44+00:00,1778226944000,26933,26.36002,51.47801,10.04036,74624,True,118.13172,3
20260508-002650,1778226956,2026-05-08 07:55:56+00:00,1778226956000,26945,26.36002,51.44359,10.04043,75025,True,117.75783,3
20260508-002650,1778226968,2026-05-08 07:56:08+00:00,1778226968000,26957,26.35748,51.48578,10.0405,75228,True,117.0925,3
20260508-002650,1778226980,2026-05-08 07:56:20+00:00,1778226980000,26969,26.35494,51.49759,10.04049,75025,True,117.18983,3
20260508-002650,1778226992,2026-05-08 07:56:32+00:00,1778226992000,26981,26.35748,51.41809,10.04057,75025,True,117.0971,3
20260508-002650,1778227004,2026-05-08 07:56:44+00:00,1778227004000,26993,26.34987,51.3516,10.04048,75567,True,116.76501,3
20260508-002650,1778227016,2026-05-08 07:56:56+00:00,1778227016000,27005,26.35748,51.29889,10.0403,75295,True,116.6392,3
20260508-002650,1778227028,2026-05-08 07:57:08+00:00,1778227028000,27017,26.35748,51.35822,10.04048,75704,True,116.17022,3
20260508-002650,1778227040,2026-05-08 07:57:20+00:00,1778227040000,27029,26.35748,51.36504,10.04043,75499,True,116.43069,3
20260508-002650,1778227052,2026-05-08 07:57:32+00:00,1778227052000,27041,26.35241,51.27066,10.04043,75704,True,116.14732,3
20260508-002650,1778227064,2026-05-08 07:57:44+00:00,1778227064000,27053,26.36002,51.19975,10.04047,75635,True,116.11961,3
20260508-002650,1778227076,2026-05-08 07:57:56+00:00,1778227076000,27065,26.34734,51.29075,10.04039,75772,True,115.79943,3
20260508-002650,1778227088,2026-05-08 07:58:08+00:00,1778227088000,27077,26.35241,51.33833,10.04047,75841,True,115.59107,3
20260508-002650,1778227100,2026-05-08 07:58:20+00:00,1778227100000,27089,26.35241,51.29744,10.04029,75704,True,115.55725,3
20260508-002650,1778227112,2026-05-08 07:58:32+00:00,1778227112000,27101,26.35494,51.1748,10.04068,75567,True,115.77643,3
20260508-002650,1778227124,2026-05-08 07:58:44+00:00,1778227124000,27113,26.34987,51.09811,10.04037,76186,True,115.55697,3
20260508-002650,1778227136,2026-05-08 07:58:56+00:00,1778227136000,27125,26.35241,51.01635,10.04052,75978,True,115.19662,3
20260508-002650,1778227148,2026-05-08 07:59:08+00:00,1778227148000,27137,26.35241,51.07907,10.04054,75841,True,115.29099,3
20260508-002650,1778227160,2026-05-08 07:59:20+00:00,1778227160000,27149,26.34734,51.17154,10.04053,76116,True,114.69754,3
20260508-002650,1778227172,2026-05-08 07:59:32+00:00,1778227172000,27161,26.35241,51.18642,10.04064,75910,True,115.39558,3
20260508-002650,1778227183,2026-05-08 07:59:43+00:00,1778227183000,27171,26.2662,51.82907,10.04059,67634,True,123.79498,3
20260508-002650,1778227195,2026-05-08 07:59:55+00:00,1778227195000,27183,26.34227,51.3832,10.04069,73190,True,126.94299,3
20260508-002650,1778227207,2026-05-08 08:00:07+00:00,1778227207000,27195,26.3448,51.18628,10.04059,75025,True,121.40337,3
20260508-002650,1778227219,2026-05-08 08:00:19+00:00,1778227219000,27207,26.33719,51.16013,10.04042,75772,True,117.9051,3
20260508-002650,1778227231,2026-05-08 08:00:31+00:00,1778227231000,27219,26.34227,51.09838,10.0406,75635,True,116.38509,3
20260508-002650,1778227243,2026-05-08 08:00:43+00:00,1778227243000,27231,26.34734,51.0723,10.04068,76116,True,115.58592,3
20260508-002650,1778227255,2026-05-08 08:00:55+00:00,1778227255000,27243,26.34227,51.04787,10.04062,76255,True,114.90551,3
20260508-002650,1778227267,2026-05-08 08:01:07+00:00,1778227267000,27255,26.34227,51.08873,10.04043,76255,True,114.69161,3
20260508-002650,1778227279,2026-05-08 08:01:19+00:00,1778227279000,27267,26.3448,51.10382,10.04045,76255,True,114.1433,3
20260508-002650,1778227291,2026-05-08 08:01:31+00:00,1778227291000,27279,26.34227,51.15184,10.04046,76674,True,113.77274,3
20260508-002650,1778227303,2026-05-08 08:01:43+00:00,1778227303000,27292,26.39669,50.99952,10.04048,76325,True,113.93066,3
20260508-002650,1778227315,2026-05-08 08:01:55+00:00,1778227315000,27304,26.31691,51.32632,10.04046,69313,True,138.34583,3
20260508-002650,1778227327,2026-05-08 08:02:07+00:00,1778227327000,27316,26.33212,51.12449,10.0403,73511,True,129.03995,3
20260508-002650,1778227339,2026-05-08 08:02:19+00:00,1778227339000,27328,26.33719,51.1731,10.04043,74691,True,122.11988,3
20260508-002650,1778227351,2026-05-08 08:02:31+00:00,1778227351000,27340,26.32959,51.16715,10.04024,75499,True,118.37663,3
20260508-002650,1778227363,2026-05-08 08:02:43+00:00,1778227363000,27352,26.33212,51.12259,10.04035,75978,True,116.41994,3
20260508-002650,1778227376,2026-05-08 08:02:56+00:00,1778227376000,27364,26.30423,51.33774,10.04012,70777,True,125.58595,3
20260508-002650,1778227388,2026-05-08 08:03:08+00:00,1778227388000,27376,26.33719,51.02294,10.04036,74425,True,122.87034,3
20260508-002650,1778227400,2026-05-08 08:03:20+00:00,1778227400000,27388,26.33212,51.07114,10.04037,75635,True,118.29018,3
20260508-002650,1778227412,2026-05-08 08:03:32+00:00,1778227412000,27400,26.33466,51.06196,10.04034,75772,True,116.22619,3
20260508-002650,1778227424,2026-05-08 08:03:44+00:00,1778227424000,27412,26.33466,51.07496,10.04031,76325,True,115.17789,3
20260508-002650,1778227436,2026-05-08 08:03:56+00:00,1778227436000,27424,26.33212,50.92142,10.04023,76885,True,113.43187,3
20260508-002650,1778227448,2026-05-08 08:04:08+00:00,1778227448000,27436,26.33466,50.92486,10.04025,76885,True,113.05666,3
20260508-002650,1778227460,2026-05-08 08:04:20+00:00,1778227460000,27448,26.33466,50.9561,10.04024,76815,True,112.98869,3
20260508-002650,1778227472,2026-05-08 08:04:32+00:00,1778227472000,27460,26.33973,50.86418,10.04037,77526,True,112.1429,3
20260508-002650,1778227484,2026-05-08 08:04:44+00:00,1778227484000,27472,26.33212,50.66575,10.04025,77311,True,111.97418,3
20260508-002650,1778227496,2026-05-08 08:04:56+00:00,1778227496000,27484,26.33466,50.6524,10.04017,77027,True,111.89204,3
20260508-002650,1778227508,2026-05-08 08:05:08+00:00,1778227508000,27496,26.33466,50.61055,10.04038,77670,True,111.54577,3
20260508-002650,1778227520,2026-05-08 08:05:20+00:00,1778227520000,27508,26.32705,50.68008,10.04011,77240,True,111.44775,3
20260508-002650,1778227532,2026-05-08 08:05:32+00:00,1778227532000,27520,26.32959,50.78425,10.04033,77454,True,111.21799,3
20260508-002650,1778227544,2026-05-08 08:05:44+00:00,1778227544000,27532,26.33466,50.86757,10.04032,77670,True,111.00162,3
20260508-002650,1778227570,2026-05-08 08:06:10+00:00,1778227570000,27559,26.38985,50.7109,10.04021,77240,True,111.35784,3
20260508-002650,1778227582,2026-05-08 08:06:22+00:00,1778227582000,27571,26.28141,51.22506,10.04006,62909,True,161.58041,3
20260508-002650,1778227594,2026-05-08 08:06:34+00:00,1778227594000,27583,26.3017,50.87716,10.04014,70243,True,145.05402,3
20260508-002650,1778227606,2026-05-08 08:06:46+00:00,1778227606000,27595,26.3093,50.84627,10.04036,73126,True,130.9207,3
20260508-002650,1778227618,2026-05-08 08:06:58+00:00,1778227618000,27607,26.3093,50.79818,10.04021,74958,True,123.01416,3
20260508-002650,1778227630,2026-05-08 08:07:10+00:00,1778227630000,27619,26.31437,50.78252,10.0401,75772,True,118.52338,3
20260508-002650,1778227642,2026-05-08 08:07:22+00:00,1778227642000,27631,26.31184,50.81886,10.03994,76604,True,115.88942,3
20260508-002650,1778227654,2026-05-08 08:07:34+00:00,1778227654000,27643,26.31691,50.7681,10.03997,76674,True,114.6334,3
20260508-002650,1778227666,2026-05-08 08:07:46+00:00,1778227666000,27655,26.32198,50.65894,10.04016,76956,True,113.28849,3
20260508-002650,1778227678,2026-05-08 08:07:58+00:00,1778227678000,27667,26.31944,50.62497,10.04006,77097,True,112.58006,3
20260508-002650,1778227690,2026-05-08 08:08:10+00:00,1778227690000,27679,26.31944,50.60507,10.03983,77311,True,112.27175,3
20260508-002650,1778227702,2026-05-08 08:08:22+00:00,1778227702000,27691,26.31944,50.5765,10.03994,77814,True,111.12904,3
20260508-002650,1778227714,2026-05-08 08:08:34+00:00,1778227714000,27703,26.31691,50.58202,10.03972,77814,True,111.01599,3
20260508-002650,1778227726,2026-05-08 08:08:46+00:00,1778227726000,27715,26.31944,50.60994,10.03966,78177,True,110.31065,3
20260508-002650,1778227737,2026-05-08 08:08:57+00:00,1778227737000,27725,26.37113,50.47853,10.03968,78104,True,110.1713,3
20260508-002650,1778227749,2026-05-08 08:09:09+00:00,1778227749000,27737,26.29916,50.87085,10.03954,72367,True,129.44035,3
20260508-002650,1778227761,2026-05-08 08:09:21+00:00,1778227761000,27749,26.31437,50.7845,10.03966,76116,True,121.48889,3
20260508-002650,1778227773,2026-05-08 08:09:33+00:00,1778227773000,27761,26.31437,50.7911,10.03963,76815,True,116.12897,3
20260508-002650,1778227785,2026-05-08 08:09:45+00:00,1778227785000,27773,26.32452,50.73117,10.03988,77598,True,113.10317,3
20260508-002650,1778227797,2026-05-08 08:09:57+00:00,1778227797000,27785,26.31437,50.82045,10.03963,77886,True,111.26505,3
20260508-002650,1778227809,2026-05-08 08:10:09+00:00,1778227809000,27797,26.32452,50.84737,10.03967,77598,True,111.10989,3
20260508-002650,1778227821,2026-05-08 08:10:21+00:00,1778227821000,27809,26.31184,50.85018,10.0395,77814,True,110.39461,3
20260508-002650,1778227833,2026-05-08 08:10:33+00:00,1778227833000,27821,26.31437,50.77749,10.03979,77814,True,109.89288,3
20260508-002650,1778227845,2026-05-08 08:10:45+00:00,1778227845000,27833,26.32198,50.68929,10.03973,78470,True,109.09344,3
20260508-002650,1778227857,2026-05-08 08:10:57+00:00,1778227857000,27845,26.31437,50.70967,10.03958,78617,True,108.55359,3
20260508-002650,1778227869,2026-05-08 08:11:09+00:00,1778227869000,27857,26.31691,50.72408,10.0396,78397,True,108.94357,3
20260508-002650,1778227881,2026-05-08 08:11:21+00:00,1778227881000,27869,26.31944,50.7012,10.03959,78250,True,108.73402,3
20260508-002650,1778227893,2026-05-08 08:11:33+00:00,1778227893000,27881,26.32452,50.63288,10.03963,78765,True,108.06354,3
20260508-002650,1778227906,2026-05-08 08:11:46+00:00,1778227906000,27894,26.36927,50.53111,10.03949,78544,True,108.17241,3
20260508-002650,1778227917,2026-05-08 08:11:57+00:00,1778227917000,27906,26.21041,51.63663,10.03961,59724,True,139.68567,3
20260508-002650,1778227932,2026-05-08 08:12:12+00:00,1778227932000,27921,26.3152,51.11354,10.03954,63481,True,145.85074,3
20260508-002650,1778227944,2026-05-08 08:12:24+00:00,1778227944000,27933,26.27634,50.94042,10.0396,65009,True,163.21182,3
20260508-002650,1778227956,2026-05-08 08:12:36+00:00,1778227956000,27945,26.28648,50.74226,10.03953,71564,True,141.69861,3
20260508-002650,1778227968,2026-05-08 08:12:48+00:00,1778227968000,27957,26.3017,50.60801,10.0396,74824,True,126.76468,3
20260508-002650,1778227980,2026-05-08 08:13:00+00:00,1778227980000,27969,26.3017,50.52633,10.03967,75841,True,119.20594,3
20260508-002650,1778227992,2026-05-08 08:13:12+00:00,1778227992000,27981,26.29916,50.50705,10.03939,77240,True,115.08092,3
20260508-002650,1778228004,2026-05-08 08:13:24+00:00,1778228004000,27993,26.30423,50.40642,10.03952,77240,True,112.8923,3
20260508-002650,1778228016,2026-05-08 08:13:36+00:00,1778228016000,28005,26.30423,50.43039,10.03948,78104,True,111.09227,3
20260508-002650,1778228029,2026-05-08 08:13:49+00:00,1778228029000,28017,26.28141,50.78786,10.0395,73575,True,119.48712,3
20260508-002650,1778228041,2026-05-08 08:14:01+00:00,1778228041000,28029,26.30677,50.62293,10.03973,76464,True,117.56842,3
20260508-002650,1778228053,2026-05-08 08:14:13+00:00,1778228053000,28041,26.30677,50.55746,10.03956,77454,True,113.22906,3
20260508-002650,1778228065,2026-05-08 08:14:25+00:00,1778228065000,28053,26.31184,50.57319,10.03961,78323,True,110.47742,3
20260508-002650,1778228077,2026-05-08 08:14:37+00:00,1778228077000,28065,26.31437,50.59697,10.03984,78323,True,109.32257,3
20260508-002650,1778228089,2026-05-08 08:14:49+00:00,1778228089000,28077,26.31184,50.62708,10.03978,78617,True,108.97992,3
20260508-002650,1778228101,2026-05-08 08:15:01+00:00,1778228101000,28089,26.3093,50.6181,10.0396,78691,True,108.32584,3
20260508-002650,1778228113,2026-05-08 08:15:13+00:00,1778228113000,28101,26.31184,50.47988,10.03985,79137,True,107.65064,3
20260508-002650,1778228125,2026-05-08 08:15:25+00:00,1778228125000,28113,26.31944,50.4178,10.03971,79287,True,106.90551,3
20260508-002650,1778228137,2026-05-08 08:15:37+00:00,1778228137000,28125,26.3093,50.39191,10.03976,79137,True,106.86517,3
20260508-002650,1778228149,2026-05-08 08:15:49+00:00,1778228149000,28137,26.30677,50.36993,10.03981,79362,True,106.18034,3
20260508-002650,1778228161,2026-05-08 08:16:01+00:00,1778228161000,28149,26.3017,50.35402,10.03963,80045,True,105.80342,3
20260508-002650,1778228173,2026-05-08 08:16:13+00:00,1778228173000,28161,26.30677,50.31432,10.03968,79816,True,105.7282,3
20260508-002650,1778228185,2026-05-08 08:16:25+00:00,1778228185000,28173,26.3093,50.409,10.03978,79664,True,105.4946,3
20260508-002650,1778228195,2026-05-08 08:16:35+00:00,1778228195000,28184,26.23577,51.0489,10.03991,71625,True,113.58852,3
20260508-002650,1778228207,2026-05-08 08:16:47+00:00,1778228207000,28196,26.3017,50.62447,10.03999,76534,True,116.78848,3
20260508-002650,1778228219,2026-05-08 08:16:59+00:00,1778228219000,28208,26.3017,50.58085,10.03976,78617,True,111.73294,3
20260508-002650,1778228231,2026-05-08 08:17:11+00:00,1778228231000,28220,26.3093,50.55187,10.03997,78839,True,108.83375,3
20260508-002650,1778228243,2026-05-08 08:17:23+00:00,1778228243000,28232,26.3093,50.55267,10.03974,79063,True,107.31479,3
20260508-002650,1778228256,2026-05-08 08:17:36+00:00,1778228256000,28244,26.27888,50.91171,10.0399,73965,True,116.81497,3
20260508-002650,1778228268,2026-05-08 08:17:48+00:00,1778228268000,28256,26.3017,50.64542,10.04007,77814,True,114.42944,3
20260508-002650,1778228280,2026-05-08 08:18:00+00:00,1778228280000,28268,26.30423,50.59673,10.03999,78765,True,110.27934,3
20260508-002650,1778228292,2026-05-08 08:18:12+00:00,1778228292000,28280,26.3017,50.60794,10.03978,78914,True,107.94916,3
20260508-002650,1778228304,2026-05-08 08:18:24+00:00,1778228304000,28292,26.3017,50.58312,10.04002,79287,True,106.88322,3
20260508-002650,1778228316,2026-05-08 08:18:36+00:00,1778228316000,28304,26.30677,50.56125,10.0401,79589,True,105.89968,3
20260508-002650,1778228328,2026-05-08 08:18:48+00:00,1778228328000,28316,26.29916,50.5095,10.03995,79816,True,105.45695,3
20260508-002650,1778228340,2026-05-08 08:19:00+00:00,1778228340000,28328,26.3093,50.46698,10.04,80045,True,104.67326,3
20260508-002650,1778228352,2026-05-08 08:19:12+00:00,1778228352000,28340,26.3093,50.42964,10.04014,80045,True,104.51854,3
20260508-002650,1778228364,2026-05-08 08:19:24+00:00,1778228364000,28352,26.30423,50.37125,10.04003,80198,True,104.29339,3
20260508-002650,1778228376,2026-05-08 08:19:36+00:00,1778228376000,28364,26.30677,50.27705,10.04017,80352,True,103.62574,3
20260508-002650,1778228388,2026-05-08 08:19:48+00:00,1778228388000,28376,26.3093,50.21856,10.04013,80429,True,103.71017,3
20260508-002650,1778228400,2026-05-08 08:20:00+00:00,1778228400000,28388,26.30677,50.22628,10.04019,80198,True,103.47612,3
20260508-002650,1778228411,2026-05-08 08:20:11+00:00,1778228411000,28400,26.22816,50.91777,10.0404,70243,True,113.74991,3
20260508-002650,1778228423,2026-05-08 08:20:23+00:00,1778228423000,28412,26.29409,50.41432,10.04025,76815,True,117.25087,3
20260508-002650,1778228435,2026-05-08 08:20:35+00:00,1778228435000,28424,26.29916,50.38225,10.04025,78397,True,111.73487,3
20260508-002650,1778228447,2026-05-08 08:20:47+00:00,1778228447000,28436,26.29663,50.41503,10.04027,80198,True,107.28298,3
20260508-002650,1778228459,2026-05-08 08:20:59+00:00,1778228459000,28448,26.29409,50.42209,10.04031,79892,True,105.65335,3
20260508-002650,1778228471,2026-05-08 08:21:11+00:00,1778228471000,28460,26.29916,50.37912,10.04037,80275,True,104.89542,3
20260508-002650,1778228483,2026-05-08 08:21:23+00:00,1778228483000,28472,26.29916,50.33319,10.04054,80122,True,104.46563,3
20260508-002650,1778228495,2026-05-08 08:21:35+00:00,1778228495000,28484,26.29663,50.25888,10.04047,80507,True,103.29654,3
20260508-002650,1778228507,2026-05-08 08:21:47+00:00,1778228507000,28496,26.29916,50.28593,10.04049,80507,True,103.0406,3
20260508-002650,1778228519,2026-05-08 08:21:59+00:00,1778228519000,28508,26.30677,50.23359,10.04065,80740,True,102.44385,3
20260508-002650,1778228531,2026-05-08 08:22:11+00:00,1778228531000,28520,26.30423,50.23327,10.04052,80817,True,102.82376,3
20260508-002650,1778228543,2026-05-08 08:22:23+00:00,1778228543000,28532,26.3017,50.20493,10.04062,80662,True,102.78706,3
20260508-002650,1778228555,2026-05-08 08:22:35+00:00,1778228555000,28544,26.3017,50.24915,10.04055,80895,True,102.21079,3
20260508-002650,1778228567,2026-05-08 08:22:47+00:00,1778228567000,28556,26.3017,50.2522,10.04051,80974,True,101.99207,3
20260508-002650,1778228579,2026-05-08 08:22:59+00:00,1778228579000,28568,26.3093,50.15013,10.04065,81288,True,101.74586,3
20260508-002650,1778228591,2026-05-08 08:23:11+00:00,1778228591000,28580,26.3017,50.05641,10.04041,81209,True,101.61707,3
20260508-002650,1778228603,2026-05-08 08:23:23+00:00,1778228603000,28592,26.29916,50.08663,10.04051,81446,True,101.45119,3
20260508-002650,1778228615,2026-05-08 08:23:35+00:00,1778228615000,28604,26.29916,50.17684,10.04081,81288,True,101.6312,3
20260508-002650,1778228627,2026-05-08 08:23:47+00:00,1778228627000,28616,26.29916,50.23701,10.04058,81288,True,101.03241,3
20260508-002650,1778228639,2026-05-08 08:23:59+00:00,1778228639000,28628,26.29663,50.23426,10.04043,81052,True,101.70053,3
20260508-002650,1778228651,2026-05-08 08:24:11+00:00,1778228651000,28640,26.3017,50.16167,10.04074,81052,True,101.61217,3
20260508-002650,1778228663,2026-05-08 08:24:23+00:00,1778228663000,28652,26.30423,50.06572,10.04052,81209,True,101.12512,3
20260508-002650,1778228675,2026-05-08 08:24:35+00:00,1778228675000,28664,26.29916,50.06266,10.04065,81525,True,101.23427,3
20260508-002650,1778228687,2026-05-08 08:24:47+00:00,1778228687000,28676,26.29916,50.02238,10.04049,81288,True,101.35439,3
20260508-002650,1778228699,2026-05-08 08:24:59+00:00,1778228699000,28688,26.3017,49.96388,10.04079,81446,True,100.69049,3
20260508-002650,1778228711,2026-05-08 08:25:11+00:00,1778228711000,28700,26.30677,49.96603,10.0407,81525,True,100.82151,3
20260508-002650,1778228723,2026-05-08 08:25:23+00:00,1778228723000,28712,26.3017,49.99583,10.04055,81525,True,100.60966,3
20260508-002650,1778228735,2026-05-08 08:25:35+00:00,1778228735000,28724,26.29916,49.9988,10.04054,81844,True,100.40656,3
20260508-002650,1778228747,2026-05-08 08:25:47+00:00,1778228747000,28736,26.29916,49.91816,10.04047,82085,True,99.96397,3
20260508-002650,1778228759,2026-05-08 08:25:59+00:00,1778228759000,28748,26.30423,49.86696,10.04061,81764,True,100.23537,3
20260508-002650,1778228771,2026-05-08 08:26:11+00:00,1778228771000,28760,26.3017,49.94122,10.04046,82085,True,99.89,3
20260508-002650,1778228783,2026-05-08 08:26:23+00:00,1778228783000,28772,26.29916,50.01953,10.04037,82004,True,100.01006,3
20260508-002650,1778228795,2026-05-08 08:26:35+00:00,1778228795000,28784,26.30423,49.96543,10.04052,82246,True,99.69286,3
20260508-002650,1778228807,2026-05-08 08:26:47+00:00,1778228807000,28796,26.29409,49.97609,10.04039,82085,True,99.92432,3
20260508-002650,1778228819,2026-05-08 08:26:59+00:00,1778228819000,28808,26.3017,49.94568,10.04065,81844,True,100.01328,3
20260508-002650,1778228831,2026-05-08 08:27:11+00:00,1778228831000,28820,26.29409,49.9599,10.04053,81924,True,99.96001,3
20260508-002650,1778228843,2026-05-08 08:27:23+00:00,1778228843000,28832,26.29409,49.96087,10.04043,81605,True,99.92883,3
20260508-002650,1778228855,2026-05-08 08:27:35+00:00,1778228855000,28844,26.29916,49.90745,10.04058,82085,True,99.71884,3
20260508-002650,1778228867,2026-05-08 08:27:47+00:00,1778228867000,28856,26.29663,49.91239,10.04043,81764,True,99.90413,3
20260508-002650,1778228879,2026-05-08 08:27:59+00:00,1778228879000,28868,26.29916,49.86443,10.04053,82408,True,99.58724,3
20260508-002650,1778228891,2026-05-08 08:28:11+00:00,1778228891000,28880,26.29916,49.84935,10.04054,81924,True,99.4945,3
20260508-002650,1778228903,2026-05-08 08:28:23+00:00,1778228903000,28892,26.3017,49.81469,10.04078,82408,True,99.0739,3
20260508-002650,1778228915,2026-05-08 08:28:35+00:00,1778228915000,28904,26.29409,49.92801,10.04071,82085,True,98.84814,3
20260508-002650,1778228927,2026-05-08 08:28:47+00:00,1778228927000,28916,26.29155,49.95352,10.04079,82165,True,99.36697,3
20260508-002650,1778228939,2026-05-08 08:28:59+00:00,1778228939000,28928,26.29155,49.95378,10.04063,82327,True,99.03793,3
20260508-002650,1778228951,2026-05-08 08:29:11+00:00,1778228951000,28940,26.28902,49.92501,10.04064,82408,True,98.76687,3
20260508-002650,1778228964,2026-05-08 08:29:24+00:00,1778228964000,28952,26.2662,50.1074,10.04058,77526,True,108.075,3
20260508-002650,1778228976,2026-05-08 08:29:36+00:00,1778228976000,28964,26.28141,49.84034,10.04075,80198,True,107.26857,3
20260508-002650,1778228988,2026-05-08 08:29:48+00:00,1778228988000,28976,26.28902,49.72168,10.04077,81685,True,103.03498,3
20260508-002650,1778229000,2026-05-08 08:30:00+00:00,1778229000000,28988,26.28395,49.70226,10.04056,81844,True,101.20245,3
20260508-002650,1778229012,2026-05-08 08:30:12+00:00,1778229012000,29000,26.28648,49.65927,10.04062,82408,True,99.77841,3
20260508-002650,1778229024,2026-05-08 08:30:24+00:00,1778229024000,29012,26.28648,49.61858,10.04067,82327,True,99.03838,3
20260508-002650,1778229036,2026-05-08 08:30:36+00:00,1778229036000,29024,26.28902,49.60465,10.04068,82815,True,98.62003,3
20260508-002650,1778229048,2026-05-08 08:30:48+00:00,1778229048000,29036,26.28902,49.53551,10.04064,82734,True,98.65903,3
20260508-002650,1778229059,2026-05-08 08:30:59+00:00,1778229059000,29047,26.20534,50.14327,10.04056,72871,True,107.92723,3
20260508-002650,1778229071,2026-05-08 08:31:11+00:00,1778229071000,29059,26.27127,49.59647,10.04068,79287,True,111.69307,3
20260508-002650,1778229083,2026-05-08 08:31:23+00:00,1778229083000,29071,26.28395,49.53886,10.04054,80895,True,105.96104,3
20260508-002650,1778229095,2026-05-08 08:31:35+00:00,1778229095000,29083,26.28395,49.62483,10.04063,82246,True,101.84655,3
20260508-002650,1778229107,2026-05-08 08:31:47+00:00,1778229107000,29095,26.28648,49.63584,10.04069,82489,True,99.95908,3
20260508-002650,1778229119,2026-05-08 08:31:59+00:00,1778229119000,29107,26.28395,49.56354,10.04047,82734,True,98.94035,3
20260508-002650,1778229131,2026-05-08 08:32:11+00:00,1778229131000,29119,26.28141,49.54448,10.04036,82897,True,98.55426,3
20260508-002650,1778229143,2026-05-08 08:32:23+00:00,1778229143000,29131,26.28902,49.55548,10.04064,82652,True,98.81209,3
20260508-002650,1778229155,2026-05-08 08:32:35+00:00,1778229155000,29143,26.28902,49.57479,10.04054,82652,True,98.34918,3
20260508-002650,1778229167,2026-05-08 08:32:47+00:00,1778229167000,29155,26.28648,49.6523,10.04057,82570,True,98.08891,3
20260508-002650,1778229179,2026-05-08 08:32:59+00:00,1778229179000,29167,26.28648,49.68291,10.04053,82815,True,97.97234,3
20260508-002650,1778229191,2026-05-08 08:33:11+00:00,1778229191000,29179,26.27888,49.76944,10.04032,83144,True,98.03304,3
20260508-002650,1778229203,2026-05-08 08:33:23+00:00,1778229203000,29191,26.29155,49.72253,10.04046,82570,True,98.08652,3
20260508-002650,1778229215,2026-05-08 08:33:35+00:00,1778229215000,29204,26.28902,49.71356,10.04035,82734,True,98.15182,3
20260508-002650,1778229227,2026-05-08 08:33:47+00:00,1778229227000,29216,26.28648,49.66643,10.04029,83062,True,97.50114,3
20260508-002650,1778229239,2026-05-08 08:33:59+00:00,1778229239000,29228,26.27888,49.68434,10.04025,83393,True,97.01614,3
20260508-002650,1778229263,2026-05-08 08:34:23+00:00,1778229263000,29251,26.34618,49.47799,10.04041,83227,True,96.95386,3
20260508-002650,1778229275,2026-05-08 08:34:35+00:00,1778229275000,29263,26.23577,49.95604,10.04016,68295,True,144.72217,3
20260508-002650,1778229287,2026-05-08 08:34:47+00:00,1778229287000,29275,26.26113,49.70082,10.04025,75978,True,128.94852,3
20260508-002650,1778229299,2026-05-08 08:34:59+00:00,1778229299000,29287,26.26113,49.66586,10.04009,78988,True,115.77584,3
20260508-002650,1778229311,2026-05-08 08:35:11+00:00,1778229311000,29299,26.26366,49.63175,10.04025,80740,True,108.07375,3
20260508-002650,1778229323,2026-05-08 08:35:23+00:00,1778229323000,29311,26.2662,49.60274,10.04014,81209,True,104.42466,3
20260508-002650,1778229336,2026-05-08 08:35:36+00:00,1778229336000,29324,26.24845,49.80042,10.04017,75567,True,113.73372,3
20260508-002650,1778229348,2026-05-08 08:35:48+00:00,1778229348000,29336,26.25859,49.59871,10.03996,80662,True,109.3321,3
20260508-002650,1778229360,2026-05-08 08:36:00+00:00,1778229360000,29348,26.27127,49.55146,10.04031,81605,True,104.68742,3
20260508-002650,1778229372,2026-05-08 08:36:12+00:00,1778229372000,29360,26.2738,49.57528,10.0401,81924,True,102.01851,3
20260508-002650,1778229384,2026-05-08 08:36:24+00:00,1778229384000,29372,26.26873,49.61059,10.03995,82327,True,100.31627,3
20260508-002650,1778229396,2026-05-08 08:36:36+00:00,1778229396000,29384,26.26873,49.61276,10.03986,82570,True,99.02716,3
20260508-002650,1778229408,2026-05-08 08:36:48+00:00,1778229408000,29396,26.27634,49.57222,10.03997,82570,True,99.12498,3
20260508-002650,1778229420,2026-05-08 08:37:00+00:00,1778229420000,29408,26.27127,49.56241,10.03971,82897,True,98.1954,3
20260508-002650,1778229432,2026-05-08 08:37:12+00:00,1778229432000,29420,26.2738,49.47723,10.03986,83227,True,97.45328,3
20260508-002650,1778229444,2026-05-08 08:37:24+00:00,1778229444000,29432,26.27127,49.45675,10.03969,83227,True,97.06302,3
20260508-002650,1778229456,2026-05-08 08:37:36+00:00,1778229456000,29444,26.27127,49.41587,10.03974,83062,True,96.87065,3
20260508-002650,1778229468,2026-05-08 08:37:48+00:00,1778229468000,29456,26.2738,49.42869,10.03966,83393,True,96.45949,3
20260508-002650,1778229480,2026-05-08 08:38:00+00:00,1778229480000,29468,26.27127,49.46315,10.03973,83726,True,96.28986,3
20260508-002650,1778229492,2026-05-08 08:38:12+00:00,1778229492000,29480,26.27127,49.54543,10.03974,83476,True,96.24449,3
20260508-002650,1778229504,2026-05-08 08:38:24+00:00,1778229504000,29492,26.27888,49.52023,10.03994,83642,True,95.91248,3
20260508-002650,1778229516,2026-05-08 08:38:36+00:00,1778229516000,29504,26.27634,49.47112,10.03991,83642,True,96.07971,3
20260508-002650,1778229528,2026-05-08 08:38:48+00:00,1778229528000,29516,26.27127,49.42113,10.03987,83559,True,95.97697,3
20260508-002650,1778229540,2026-05-08 08:39:00+00:00,1778229540000,29528,26.27634,49.3813,10.03986,83894,True,95.522,3
20260508-002650,1778229552,2026-05-08 08:39:12+00:00,1778229552000,29540,26.27127,49.35741,10.03973,83894,True,95.56834,3
20260508-002650,1778229564,2026-05-08 08:39:24+00:00,1778229564000,29552,26.2738,49.29457,10.03992,83978,True,95.48495,3
20260508-002650,1778229576,2026-05-08 08:39:36+00:00,1778229576000,29564,26.27634,49.22592,10.03986,84316,True,94.36607,3
20260508-002650,1778229588,2026-05-08 08:39:48+00:00,1778229588000,29576,26.27127,49.20128,10.03955,84231,True,94.54648,3
20260508-002650,1778229600,2026-05-08 08:40:00+00:00,1778229600000,29588,26.2738,49.13915,10.03982,84231,True,94.2309,3
20260508-002650,1778229612,2026-05-08 08:40:12+00:00,1778229612000,29600,26.26873,49.04637,10.03967,84486,True,94.20923,3
20260508-002650,1778229624,2026-05-08 08:40:24+00:00,1778229624000,29612,26.27634,48.94294,10.03984,84401,True,94.16006,3
20260508-002650,1778229636,2026-05-08 08:40:36+00:00,1778229636000,29624,26.2738,48.88683,10.0398,84915,True,93.58253,3
20260508-002650,1778229648,2026-05-08 08:40:48+00:00,1778229648000,29636,26.28141,48.83279,10.03989,85001,True,93.27121,3
20260508-002650,1778229660,2026-05-08 08:41:00+00:00,1778229660000,29648,26.27634,48.8235,10.03965,84743,True,93.51903,3
20260508-002650,1778229672,2026-05-08 08:41:12+00:00,1778229672000,29660,26.27127,48.74498,10.03952,85347,True,93.17902,3
20260508-002650,1778229684,2026-05-08 08:41:24+00:00,1778229684000,29672,26.27634,48.71004,10.03975,85522,True,92.59583,3
20260508-002650,1778229696,2026-05-08 08:41:36+00:00,1778229696000,29684,26.2738,48.75731,10.03966,84915,True,92.6734,3
20260508-002650,1778229708,2026-05-08 08:41:48+00:00,1778229708000,29696,26.27634,48.78211,10.03979,84915,True,92.7579,3
20260508-002650,1778229720,2026-05-08 08:42:00+00:00,1778229720000,29708,26.26873,48.78294,10.03965,85174,True,92.9579,3
20260508-002650,1778229732,2026-05-08 08:42:12+00:00,1778229732000,29720,26.26366,48.76483,10.03967,85522,True,92.69118,3
20260508-002650,1778229744,2026-05-08 08:42:24+00:00,1778229744000,29732,26.27127,48.72895,10.03974,85087,True,93.09894,3
20260508-002650,1778229756,2026-05-08 08:42:36+00:00,1778229756000,29745,26.24084,49.04904,10.0398,79438,True,103.33467,3
20260508-002650,1778229768,2026-05-08 08:42:48+00:00,1778229768000,29757,26.26366,48.8152,10.03973,83310,True,101.57213,3
20260508-002650,1778229780,2026-05-08 08:43:00+00:00,1778229780000,29769,26.26366,48.81564,10.0396,84401,True,97.42213,3
20260508-002650,1778229792,2026-05-08 08:43:12+00:00,1778229792000,29781,26.26366,48.87513,10.03981,84657,True,95.19238,3
20260508-002650,1778229804,2026-05-08 08:43:24+00:00,1778229804000,29793,26.26366,48.91547,10.03994,85174,True,94.28168,3
20260508-002650,1778229816,2026-05-08 08:43:36+00:00,1778229816000,29805,26.27127,48.93856,10.03985,84743,True,93.83183,3
20260508-002650,1778229828,2026-05-08 08:43:48+00:00,1778229828000,29817,26.27127,49.01561,10.03999,84915,True,93.64362,3
20260508-002650,1778229840,2026-05-08 08:44:00+00:00,1778229840000,29829,26.2662,49.08763,10.03996,84743,True,93.93416,3
20260508-002650,1778229852,2026-05-08 08:44:12+00:00,1778229852000,29841,26.26873,49.1094,10.04013,85001,True,93.56595,3
20260508-002650,1778229864,2026-05-08 08:44:24+00:00,1778229864000,29853,26.25859,49.12063,10.03994,85001,True,93.20248,3
20260508-002650,1778229876,2026-05-08 08:44:36+00:00,1778229876000,29865,26.2662,49.10569,10.04012,85001,True,93.16087,3
20260508-002650,1778229888,2026-05-08 08:44:48+00:00,1778229888000,29877,26.26873,49.08593,10.04009,84915,True,93.17088,3
20260508-002650,1778229900,2026-05-08 08:45:00+00:00,1778229900000,29889,26.26873,49.02575,10.04021,85260,True,92.56612,3
20260508-002650,1778229912,2026-05-08 08:45:12+00:00,1778229912000,29901,26.26366,48.9618,10.04015,85347,True,92.24879,3
20260508-002650,1778229924,2026-05-08 08:45:24+00:00,1778229924000,29913,26.26873,48.90556,10.04021,85087,True,92.14774,3
20260508-002650,1778229936,2026-05-08 08:45:36+00:00,1778229936000,29925,26.26873,48.81651,10.04002,85784,True,91.43181,3
20260508-002650,1778229948,2026-05-08 08:45:48+00:00,1778229948000,29936,26.17745,49.42324,10.04003,74758,True,101.78204,3
20260508-002650,1778229960,2026-05-08 08:46:00+00:00,1778229960000,29948,26.24845,48.84363,10.04001,81764,True,106.06132,3
20260508-002650,1778229972,2026-05-08 08:46:12+00:00,1778229972000,29960,26.25352,48.71021,10.04005,83810,True,99.62125,3
20260508-002650,1778229984,2026-05-08 08:46:24+00:00,1778229984000,29972,26.25605,48.65014,10.0399,84743,True,95.84807,3
20260508-002650,1778229996,2026-05-08 08:46:36+00:00,1778229996000,29984,26.25859,48.57899,10.04005,85260,True,93.71835,3
20260508-002650,1778230008,2026-05-08 08:46:48+00:00,1778230008000,29996,26.26113,48.50673,10.03998,85522,True,92.49141,3
20260508-002650,1778230020,2026-05-08 08:47:00+00:00,1778230020000,30008,26.26113,48.44286,10.04006,85697,True,92.17233,3
20260508-002650,1778230032,2026-05-08 08:47:12+00:00,1778230032000,30020,26.25859,48.39738,10.03989,85697,True,91.41477,3
20260508-002650,1778230044,2026-05-08 08:47:24+00:00,1778230044000,30032,26.26113,48.30695,10.03995,85960,True,91.16588,3
20260508-002650,1778230056,2026-05-08 08:47:36+00:00,1778230056000,30044,26.26366,48.21748,10.04002,85960,True,90.93886,3
20260508-002650,1778230068,2026-05-08 08:47:48+00:00,1778230068000,30056,26.25859,48.20222,10.04,86493,True,90.74049,3
20260508-002650,1778230080,2026-05-08 08:48:00+00:00,1778230080000,30068,26.25859,48.17798,10.03994,86137,True,90.82818,3
20260508-002650,1778230092,2026-05-08 08:48:12+00:00,1778230092000,30080,26.25352,48.18466,10.03998,86493,True,90.21623,3
20260508-002650,1778230104,2026-05-08 08:48:24+00:00,1778230104000,30092,26.25352,48.2108,10.03979,86226,True,90.2887,3
20260508-002650,1778230116,2026-05-08 08:48:36+00:00,1778230116000,30104,26.25859,48.1931,10.03998,86762,True,90.21644,3
20260508-002650,1778230128,2026-05-08 08:48:48+00:00,1778230128000,30116,26.25605,48.26731,10.03982,86226,True,90.49712,3
20260508-002650,1778230140,2026-05-08 08:49:00+00:00,1778230140000,30128,26.25605,48.35284,10.0399,86493,True,90.29202,3
20260508-002650,1778230152,2026-05-08 08:49:12+00:00,1778230152000,30140,26.26113,48.45454,10.04016,87123,True,90.18963,3
20260508-002650,1778230164,2026-05-08 08:49:24+00:00,1778230164000,30152,26.25352,48.51987,10.0397,86493,True,90.4395,3
20260508-002650,1778230176,2026-05-08 08:49:36+00:00,1778230176000,30164,26.25859,48.51492,10.03986,86852,True,89.63786,3
20260508-002650,1778230202,2026-05-08 08:50:02+00:00,1778230202000,30190,26.31871,48.32023,10.03991,86942,True,89.46428,3
20260508-002650,1778230214,2026-05-08 08:50:14+00:00,1778230214000,30202,26.21548,48.57045,10.04002,70718,True,140.67316,3
20260508-002650,1778230226,2026-05-08 08:50:26+00:00,1778230226000,30214,26.23323,48.18761,10.03999,78397,True,124.42982,3
20260508-002650,1778230238,2026-05-08 08:50:38+00:00,1778230238000,30226,26.2307,48.12106,10.03985,82489,True,109.10143,3
20260508-002650,1778230250,2026-05-08 08:50:50+00:00,1778230250000,30238,26.23577,48.07866,10.03989,83978,True,101.32767,3
20260508-002650,1778230262,2026-05-08 08:51:02+00:00,1778230262000,30250,26.23831,48.04434,10.04009,84915,True,97.20732,3
20260508-002650,1778230274,2026-05-08 08:51:14+00:00,1778230274000,30262,26.24084,48.02421,10.03992,85434,True,95.15742,3
20260508-002650,1778230286,2026-05-08 08:51:26+00:00,1778230286000,30274,26.24338,47.97109,10.04016,85609,True,93.31987,3
20260508-002650,1778230298,2026-05-08 08:51:38+00:00,1778230298000,30286,26.23577,47.97477,10.04016,86852,True,91.795,3
20260508-002650,1778230310,2026-05-08 08:51:50+00:00,1778230310000,30298,26.24338,47.92011,10.04003,86672,True,91.53215,3
20260508-002650,1778230322,2026-05-08 08:52:02+00:00,1778230322000,30310,26.24084,47.88568,10.04013,87305,True,90.49728,3
20260508-002650,1778230334,2026-05-08 08:52:14+00:00,1778230334000,30322,26.24338,47.86111,10.04016,87123,True,90.20892,3
20260508-002650,1778230346,2026-05-08 08:52:26+00:00,1778230346000,30334,26.24845,47.74227,10.0402,86852,True,89.89005,3
20260508-002650,1778230358,2026-05-08 08:52:38+00:00,1778230358000,30346,26.24591,47.60036,10.04011,87214,True,89.40887,3
20260508-002650,1778230370,2026-05-08 08:52:50+00:00,1778230370000,30358,26.24845,47.44329,10.04033,87762,True,88.97539,3
20260508-002650,1778230382,2026-05-08 08:53:02+00:00,1778230382000,30370,26.25099,47.39563,10.04037,87578,True,88.91552,3
20260508-002650,1778230394,2026-05-08 08:53:14+00:00,1778230394000,30382,26.25099,47.4134,10.04033,88039,True,87.99252,3
20260508-002650,1778230406,2026-05-08 08:53:26+00:00,1778230406000,30394,26.24845,47.53613,10.04033,87670,True,88.48524,3
20260508-002650,1778230418,2026-05-08 08:53:38+00:00,1778230418000,30406,26.25352,47.62083,10.04042,88131,True,88.04948,3
20260508-002650,1778230430,2026-05-08 08:53:50+00:00,1778230430000,30418,26.25099,47.62995,10.04042,88039,True,88.30058,3
20260508-002650,1778230442,2026-05-08 08:54:02+00:00,1778230442000,30430,26.24845,47.60281,10.04033,88224,True,88.05508,3
20260508-002650,1778230454,2026-05-08 08:54:14+00:00,1778230454000,30442,26.24845,47.59472,10.04031,87854,True,87.9711,3
20260508-002650,1778230466,2026-05-08 08:54:26+00:00,1778230466000,30454,26.25352,47.71474,10.04046,88317,True,87.69066,3
20260508-002650,1778230478,2026-05-08 08:54:38+00:00,1778230478000,30466,26.25605,47.92111,10.04045,87487,True,88.11408,3
20260508-002650,1778230490,2026-05-08 08:54:50+00:00,1778230490000,30478,26.24845,48.16998,10.04029,87214,True,88.99701,3
20260508-002650,1778230502,2026-05-08 08:55:02+00:00,1778230502000,30490,26.24591,48.30859,10.04023,87214,True,88.743,3
20260508-002650,1778230514,2026-05-08 08:55:14+00:00,1778230514000,30502,26.24845,48.33487,10.04039,87578,True,88.69879,3
20260508-002650,1778230526,2026-05-08 08:55:26+00:00,1778230526000,30514,26.25099,48.34756,10.04049,87578,True,88.4836,3
20260508-002650,1778230538,2026-05-08 08:55:38+00:00,1778230538000,30526,26.24845,48.38699,10.04045,87487,True,88.26073,3
20260508-002650,1778230550,2026-05-08 08:55:50+00:00,1778230550000,30538,26.24338,48.39569,10.04023,87578,True,88.03235,3
20260508-002650,1778230562,2026-05-08 08:56:02+00:00,1778230562000,30550,26.24591,48.31808,10.04037,87670,True,87.76686,3
20260508-002650,1778230574,2026-05-08 08:56:14+00:00,1778230574000,30562,26.24084,48.2986,10.04013,87578,True,87.64976,3
20260508-002650,1778230586,2026-05-08 08:56:26+00:00,1778230586000,30574,26.24845,48.18283,10.04038,87670,True,87.31439,3
20260508-002650,1778230598,2026-05-08 08:56:38+00:00,1778230598000,30586,26.24591,48.05293,10.04046,87670,True,87.03262,3
20260508-002650,1778230610,2026-05-08 08:56:50+00:00,1778230610000,30598,26.24591,47.94196,10.04032,87762,True,86.79028,3
20260508-002650,1778230622,2026-05-08 08:57:02+00:00,1778230622000,30610,26.25099,47.81165,10.04044,88317,True,86.28649,3
20260508-002650,1778230634,2026-05-08 08:57:14+00:00,1778230634000,30622,26.24591,47.69944,10.04034,88504,True,86.22124,3
20260508-002650,1778230646,2026-05-08 08:57:26+00:00,1778230646000,30634,26.24591,47.66372,10.04046,88785,True,85.69949,3
20260508-002650,1778230658,2026-05-08 08:57:38+00:00,1778230658000,30646,26.25099,47.63732,10.0404,88504,True,85.90292,3
20260508-002650,1778230670,2026-05-08 08:57:50+00:00,1778230670000,30658,26.24845,47.69631,10.04043,88691,True,86.14807,3
20260508-002650,1778230682,2026-05-08 08:58:02+00:00,1778230682000,30670,26.24338,47.79158,10.04024,88317,True,86.21736,3
20260508-002650,1778230694,2026-05-08 08:58:14+00:00,1778230694000,30682,26.24591,47.92839,10.04027,88224,True,86.44203,3
20260508-002650,1778230706,2026-05-08 08:58:26+00:00,1778230706000,30694,26.24845,48.03149,10.04025,87854,True,86.89329,3
20260508-002650,1778230718,2026-05-08 08:58:38+00:00,1778230718000,30706,26.24845,48.06594,10.04038,88504,True,86.59305,3
20260508-002650,1778230730,2026-05-08 08:58:50+00:00,1778230730000,30718,26.24338,48.1865,10.04024,88131,True,86.63194,3
20260508-002650,1778230742,2026-05-08 08:59:02+00:00,1778230742000,30730,26.24591,48.21305,10.04051,87946,True,86.66567,3
20260508-002650,1778230754,2026-05-08 08:59:14+00:00,1778230754000,30742,26.24084,48.22147,10.04015,88317,True,86.56564,3
20260508-002650,1778230766,2026-05-08 08:59:26+00:00,1778230766000,30754,26.24338,48.24793,10.04026,88039,True,86.68483,3
20260508-002650,1778230778,2026-05-08 08:59:38+00:00,1778230778000,30766,26.24591,48.26447,10.04009,88039,True,86.8521,3
20260508-002650,1778230790,2026-05-08 08:59:50+00:00,1778230790000,30778,26.24338,48.2395,10.0401,88317,True,86.29161,3
20260508-002650,1778230802,2026-05-08 09:00:02+00:00,1778230802000,30790,26.23577,48.219,10.04007,88504,True,85.87422,3
20260508-002650,1778230814,2026-05-08 09:00:14+00:00,1778230814000,30802,26.23831,48.09136,10.03995,87762,True,86.63274,3
20260508-002650,1778230826,2026-05-08 09:00:26+00:00,1778230826000,30814,26.23577,48.02184,10.04019,88691,True,85.52487,3
20260508-002650,1778230838,2026-05-08 09:00:38+00:00,1778230838000,30826,26.24591,47.90694,10.04025,88411,True,85.93925,3
20260508-002650,1778230850,2026-05-08 09:00:50+00:00,1778230850000,30838,26.24338,47.87335,10.04016,88691,True,85.52007,3
20260508-002650,1778230862,2026-05-08 09:01:02+00:00,1778230862000,30850,26.24338,47.86245,10.04007,89069,True,85.02814,3
20260508-002650,1778230874,2026-05-08 09:01:14+00:00,1778230874000,30862,26.23831,47.85045,10.03979,88785,True,84.87306,3
20260508-002650,1778230886,2026-05-08 09:01:26+00:00,1778230886000,30874,26.23577,47.86554,10.03989,88131,True,85.57351,3
20260508-002650,1778230898,2026-05-08 09:01:38+00:00,1778230898000,30886,26.24338,47.81303,10.03994,89164,True,84.99947,3
20260508-002650,1778230910,2026-05-08 09:01:50+00:00,1778230910000,30898,26.24084,47.76958,10.03989,88785,True,84.81015,3
20260508-002650,1778230922,2026-05-08 09:02:02+00:00,1778230922000,30910,26.23577,47.7387,10.0397,88785,True,84.93887,3
20260508-002650,1778230934,2026-05-08 09:02:14+00:00,1778230934000,30922,26.23831,47.74895,10.03974,89449,True,84.70435,3
20260508-002650,1778230947,2026-05-08 09:02:27+00:00,1778230947000,30936,26.29611,47.58258,10.0398,89069,True,84.63115,3
20260508-002650,1778230959,2026-05-08 09:02:39+00:00,1778230959000,30948,26.21041,47.96082,10.03977,80045,True,112.47248,3
20260508-002650,1778230971,2026-05-08 09:02:51+00:00,1778230971000,30960,26.22056,47.83617,10.0396,84915,True,102.30838,3
20260508-002650,1778230983,2026-05-08 09:03:03+00:00,1778230983000,30972,26.22563,47.777,10.03975,86762,True,94.54549,3
20260508-002650,1778230995,2026-05-08 09:03:15+00:00,1778230995000,30984,26.22309,47.73729,10.03958,87854,True,90.09228,3
20260508-002650,1778231007,2026-05-08 09:03:27+00:00,1778231007000,30996,26.22816,47.59987,10.0396,88317,True,87.69916,3
20260508-002650,1778231019,2026-05-08 09:03:39+00:00,1778231019000,31008,26.2307,47.53033,10.03944,88691,True,86.38687,3
20260508-002650,1778231031,2026-05-08 09:03:51+00:00,1778231031000,31020,26.22563,47.54447,10.03924,88691,True,85.78297,3
20260508-002650,1778231043,2026-05-08 09:04:03+00:00,1778231043000,31032,26.22563,47.56503,10.03931,88880,True,85.32653,3
20260508-002650,1778231055,2026-05-08 09:04:15+00:00,1778231055000,31044,26.23323,47.57136,10.03945,89164,True,85.26588,3
20260508-002650,1778231067,2026-05-08 09:04:27+00:00,1778231067000,31056,26.23323,47.51054,10.03948,89069,True,84.96724,3
20260508-002650,1778231079,2026-05-08 09:04:39+00:00,1778231079000,31068,26.23323,47.46712,10.03931,89449,True,84.46358,3
20260508-002650,1778231091,2026-05-08 09:04:51+00:00,1778231091000,31080,26.2307,47.51353,10.03911,89641,True,84.16063,3
20260508-002650,1778231103,2026-05-08 09:05:03+00:00,1778231103000,31092,26.2307,47.62687,10.03906,89449,True,84.30925,3
20260508-002650,1778231115,2026-05-08 09:05:15+00:00,1778231115000,31104,26.22563,47.74438,10.03908,89259,True,84.46999,3
20260508-002650,1778231127,2026-05-08 09:05:27+00:00,1778231127000,31116,26.23831,47.82097,10.0393,89164,True,84.65488,3
20260508-002650,1778231139,2026-05-08 09:05:39+00:00,1778231139000,31128,26.2307,47.91483,10.0393,89259,True,84.73537,3
20260508-002650,1778231151,2026-05-08 09:05:51+00:00,1778231151000,31140,26.23323,47.96259,10.03917,89164,True,84.78105,3
20260508-002650,1778231163,2026-05-08 09:06:03+00:00,1778231163000,31152,26.2307,48.03207,10.03883,88691,True,85.11691,3
20260508-002650,1778231175,2026-05-08 09:06:15+00:00,1778231175000,31164,26.23323,48.0757,10.03894,89641,True,84.48625,3
20260508-002650,1778231187,2026-05-08 09:06:27+00:00,1778231187000,31176,26.23323,48.08056,10.03894,88974,True,84.47157,3
20260508-002650,1778231199,2026-05-08 09:06:39+00:00,1778231199000,31188,26.22816,47.97574,10.03877,88974,True,85.14391,3
20260508-002650,1778231211,2026-05-08 09:06:51+00:00,1778231211000,31200,26.2307,47.86748,10.039,88691,True,84.8228,3
20260508-002650,1778231223,2026-05-08 09:07:03+00:00,1778231223000,31212,26.2307,47.81351,10.03895,89641,True,83.86982,3
20260508-002650,1778231235,2026-05-08 09:07:15+00:00,1778231235000,31224,26.22309,47.80474,10.03874,89164,True,84.03236,3
20260508-002650,1778231247,2026-05-08 09:07:27+00:00,1778231247000,31236,26.22816,47.77708,10.03875,89641,True,83.41941,3
20260508-002650,1778231259,2026-05-08 09:07:39+00:00,1778231259000,31248,26.2307,47.7477,10.03869,89259,True,83.7247,3
20260508-002650,1778231271,2026-05-08 09:07:51+00:00,1778231271000,31260,26.22816,47.69238,10.03852,89545,True,83.64922,3
20260508-002650,1778231283,2026-05-08 09:08:03+00:00,1778231283000,31272,26.2307,47.74037,10.03858,89449,True,83.47511,3
20260508-002650,1778231295,2026-05-08 09:08:15+00:00,1778231295000,31284,26.23323,47.71638,10.0388,89354,True,83.54898,3
20260508-002650,1778231307,2026-05-08 09:08:27+00:00,1778231307000,31296,26.22563,47.72619,10.0388,89545,True,83.59596,3
20260508-002650,1778231319,2026-05-08 09:08:39+00:00,1778231319000,31308,26.28466,47.56842,10.0389,89449,True,83.61389,3
20260508-002650,1778231331,2026-05-08 09:08:51+00:00,1778231331000,31320,26.20281,47.84039,10.03875,81367,True,108.31505,3
20260508-002650,1778231344,2026-05-08 09:09:04+00:00,1778231344000,31333,26.26278,47.58615,10.03874,83559,True,105.93507,3
20260508-002650,1778231357,2026-05-08 09:09:17+00:00,1778231357000,31345,26.16477,47.98675,10.03886,71502,True,133.30392,3
20260508-002650,1778231369,2026-05-08 09:09:29+00:00,1778231369000,31357,26.19267,47.53754,10.03892,81685,True,117.5219,3
20260508-002650,1778231381,2026-05-08 09:09:41+00:00,1778231381000,31369,26.20281,47.46793,10.03889,85522,True,102.17502,3
20260508-002650,1778231393,2026-05-08 09:09:53+00:00,1778231393000,31381,26.20788,47.32439,10.03881,86762,True,94.20588,3
20260508-002650,1778231405,2026-05-08 09:10:05+00:00,1778231405000,31393,26.20027,47.20782,10.03885,88411,True,89.34755,3
20260508-002650,1778231417,2026-05-08 09:10:17+00:00,1778231417000,31405,26.21295,47.09563,10.03898,88504,True,87.7061,3
20260508-002650,1778231429,2026-05-08 09:10:29+00:00,1778231429000,31417,26.20788,47.05842,10.03901,88974,True,86.25204,3
20260508-002650,1778231441,2026-05-08 09:10:41+00:00,1778231441000,31429,26.22056,47.00003,10.03912,89259,True,85.58284,3
20260508-002650,1778231453,2026-05-08 09:10:53+00:00,1778231453000,31441,26.22309,46.99332,10.0393,90317,True,83.60318,3
20260508-002650,1778231465,2026-05-08 09:11:05+00:00,1778231465000,31453,26.21802,47.0018,10.03929,90026,True,83.64446,3
20260508-002650,1778231477,2026-05-08 09:11:17+00:00,1778231477000,31465,26.21802,47.01396,10.03936,89929,True,83.50826,3
20260508-002650,1778231489,2026-05-08 09:11:29+00:00,1778231489000,31477,26.22056,47.08474,10.03944,90123,True,83.15404,3
20260508-002650,1778231501,2026-05-08 09:11:41+00:00,1778231501000,31489,26.21548,47.15942,10.03941,90513,True,82.56989,3
20260508-002650,1778231513,2026-05-08 09:11:53+00:00,1778231513000,31501,26.22309,47.19905,10.03941,90415,True,82.63362,3
20260508-002650,1778231525,2026-05-08 09:12:05+00:00,1778231525000,31513,26.22309,47.23349,10.03971,90026,True,82.9705,3
20260508-002650,1778231537,2026-05-08 09:12:17+00:00,1778231537000,31525,26.22056,47.27419,10.0396,90513,True,82.5692,3
20260508-002650,1778231549,2026-05-08 09:12:29+00:00,1778231549000,31537,26.21802,47.28104,10.03962,90513,True,82.21846,3
20260508-002650,1778231561,2026-05-08 09:12:41+00:00,1778231561000,31549,26.21802,47.30572,10.03962,90415,True,82.48711,3
20260508-002650,1778231573,2026-05-08 09:12:53+00:00,1778231573000,31561,26.22056,47.34753,10.03953,90611,True,82.05362,3
20260508-002650,1778231585,2026-05-08 09:13:05+00:00,1778231585000,31573,26.22309,47.35893,10.03974,89929,True,82.40498,3
20260508-002650,1778231597,2026-05-08 09:13:17+00:00,1778231597000,31585,26.21548,47.34208,10.03957,90709,True,81.87491,3
20260508-002650,1778231609,2026-05-08 09:13:29+00:00,1778231609000,31597,26.22056,47.35578,10.0397,90415,True,82.02901,3
20260508-002650,1778231621,2026-05-08 09:13:41+00:00,1778231621000,31609,26.22563,47.37552,10.04001,90611,True,81.64042,3
20260508-002650,1778231633,2026-05-08 09:13:53+00:00,1778231633000,31621,26.22056,47.47812,10.03988,90709,True,81.71045,3
20260508-002650,1778231645,2026-05-08 09:14:05+00:00,1778231645000,31633,26.22056,47.56089,10.03982,90026,True,82.46263,3
20260508-002650,1778231657,2026-05-08 09:14:17+00:00,1778231657000,31645,26.22056,47.64345,10.03996,90611,True,81.90655,3
20260508-002650,1778231669,2026-05-08 09:14:29+00:00,1778231669000,31657,26.21295,47.73649,10.03961,90513,True,81.78525,3
20260508-002650,1778231681,2026-05-08 09:14:41+00:00,1778231681000,31669,26.21295,47.79712,10.03974,90317,True,82.16869,3
20260508-002650,1778231693,2026-05-08 09:14:53+00:00,1778231693000,31681,26.22056,47.75813,10.03993,89833,True,82.37512,3
20260508-002650,1778231705,2026-05-08 09:15:05+00:00,1778231705000,31693,26.21802,47.69451,10.03992,90317,True,82.09739,3
20260508-002650,1778231717,2026-05-08 09:15:17+00:00,1778231717000,31705,26.22056,47.84483,10.03998,90220,True,82.16756,3
20260508-002650,1778231729,2026-05-08 09:15:29+00:00,1778231729000,31717,26.22056,47.87536,10.0401,90415,True,81.89661,3
20260508-002650,1778231741,2026-05-08 09:15:41+00:00,1778231741000,31729,26.21802,47.79847,10.04006,90415,True,81.7258,3
20260508-002650,1778231753,2026-05-08 09:15:53+00:00,1778231753000,31741,26.22309,47.68881,10.04015,90317,True,81.67723,3
20260508-002650,1778231765,2026-05-08 09:16:05+00:00,1778231765000,31753,26.22563,47.59536,10.04015,90415,True,81.52621,3
20260508-002650,1778231777,2026-05-08 09:16:17+00:00,1778231777000,31765,26.22056,47.54535,10.04005,90415,True,81.12801,3
20260508-002650,1778231789,2026-05-08 09:16:29+00:00,1778231789000,31777,26.21548,47.51723,10.04006,90807,True,81.02299,3
20260508-002650,1778231801,2026-05-08 09:16:41+00:00,1778231801000,31789,26.21802,47.50391,10.03989,90415,True,81.09943,3
20260508-002650,1778231813,2026-05-08 09:16:53+00:00,1778231813000,31801,26.21802,47.54306,10.04015,90611,True,80.98112,3
20260508-002650,1778231825,2026-05-08 09:17:05+00:00,1778231825000,31813,26.21548,47.51181,10.04009,90807,True,80.90284,3
20260508-002650,1778231837,2026-05-08 09:17:17+00:00,1778231837000,31825,26.22056,47.53679,10.04012,90415,True,81.10586,3
20260508-002650,1778231849,2026-05-08 09:17:29+00:00,1778231849000,31837,26.21548,47.54972,10.0402,91004,True,81.0892,3
20260508-002650,1778231861,2026-05-08 09:17:41+00:00,1778231861000,31849,26.21295,47.48099,10.04004,90906,True,80.3782,3
20260508-002650,1778231873,2026-05-08 09:17:53+00:00,1778231873000,31861,26.22056,47.48244,10.04025,91103,True,80.36116,3
20260508-002650,1778231896,2026-05-08 09:18:16+00:00,1778231896000,31885,26.27509,47.3286,10.04022,91402,True,79.88284,3
20260508-002650,1778231908,2026-05-08 09:18:28+00:00,1778231908000,31897,26.16985,47.66163,10.04017,75025,True,128.22748,3
20260508-002650,1778231920,2026-05-08 09:18:40+00:00,1778231920000,31909,26.18759,47.33649,10.04003,83310,True,111.81726,3
20260508-002650,1778231932,2026-05-08 09:18:52+00:00,1778231932000,31921,26.19773,47.18929,10.04028,86672,True,98.51375,3
20260508-002650,1778231944,2026-05-08 09:19:04+00:00,1778231944000,31933,26.19773,47.20362,10.04027,88131,True,91.32065,3
20260508-002650,1778231956,2026-05-08 09:19:16+00:00,1778231956000,31945,26.20281,47.28398,10.04029,88691,True,87.74207,3
20260508-002650,1778231968,2026-05-08 09:19:28+00:00,1778231968000,31957,26.19773,47.47005,10.04014,89259,True,86.03379,3
20260508-002650,1778231980,2026-05-08 09:19:40+00:00,1778231980000,31969,26.19773,47.63884,10.04012,89449,True,85.25874,3
20260508-002650,1778231992,2026-05-08 09:19:52+00:00,1778231992000,31981,26.20027,47.76936,10.04022,89641,True,84.29237,3
20260508-002650,1778232004,2026-05-08 09:20:04+00:00,1778232004000,31993,26.20281,47.82724,10.04038,89929,True,83.1905,3
20260508-002650,1778232016,2026-05-08 09:20:16+00:00,1778232016000,32005,26.20027,47.77965,10.04024,90220,True,82.97617,3
20260508-002650,1778232028,2026-05-08 09:20:28+00:00,1778232028000,32017,26.21041,47.62714,10.04022,89929,True,83.09598,3
20260508-002650,1778232040,2026-05-08 09:20:40+00:00,1778232040000,32029,26.20788,47.45401,10.04025,90415,True,82.30862,3
20260508-002650,1778232052,2026-05-08 09:20:52+00:00,1778232052000,32041,26.20281,47.3759,10.04026,90220,True,82.0661,3
20260508-002650,1778232064,2026-05-08 09:21:04+00:00,1778232064000,32053,26.20534,47.30433,10.04007,90513,True,81.22851,3
20260508-002650,1778232076,2026-05-08 09:21:16+00:00,1778232076000,32065,26.21295,47.24144,10.04019,91004,True,80.54112,3
20260508-002650,1778232088,2026-05-08 09:21:28+00:00,1778232088000,32077,26.21802,47.17215,10.04052,90709,True,80.54236,3
20260508-002650,1778232100,2026-05-08 09:21:40+00:00,1778232100000,32089,26.21548,47.10443,10.04031,90611,True,80.65556,3
20260508-002650,1778232112,2026-05-08 09:21:52+00:00,1778232112000,32101,26.21041,47.08884,10.04024,91203,True,80.00161,3
20260508-002650,1778232124,2026-05-08 09:22:04+00:00,1778232124000,32113,26.21548,47.0255,10.04025,91602,True,79.81317,3
20260508-002650,1778232136,2026-05-08 09:22:16+00:00,1778232136000,32125,26.21295,46.92353,10.04012,91203,True,79.92354,3
20260508-002650,1778232148,2026-05-08 09:22:28+00:00,1778232148000,32137,26.21295,46.78231,10.04002,91802,True,79.02687,3
20260508-002650,1778232160,2026-05-08 09:22:40+00:00,1778232160000,32149,26.21295,46.67194,10.04018,91802,True,78.9167,3
20260508-002650,1778232172,2026-05-08 09:22:52+00:00,1778232172000,32161,26.21548,46.61152,10.04034,91702,True,78.70442,3
20260508-002650,1778232184,2026-05-08 09:23:04+00:00,1778232184000,32173,26.21548,46.60411,10.04034,91802,True,78.62885,3
20260508-002650,1778232196,2026-05-08 09:23:16+00:00,1778232196000,32185,26.21295,46.58828,10.04009,92615,True,77.9773,3
20260508-002650,1778232208,2026-05-08 09:23:28+00:00,1778232208000,32197,26.21295,46.56598,10.04021,92410,True,78.29395,3
20260508-002650,1778232220,2026-05-08 09:23:40+00:00,1778232220000,32209,26.21295,46.53089,10.04023,92410,True,78.13891,3
20260508-002650,1778232232,2026-05-08 09:23:52+00:00,1778232232000,32221,26.21041,46.48755,10.04,92308,True,78.18889,3
20260508-002650,1778232244,2026-05-08 09:24:04+00:00,1778232244000,32233,26.22056,46.44366,10.04012,92410,True,78.27696,3
20260508-002650,1778232256,2026-05-08 09:24:16+00:00,1778232256000,32245,26.22056,46.44299,10.04018,92615,True,77.65812,3
20260508-002650,1778232268,2026-05-08 09:24:28+00:00,1778232268000,32257,26.21041,46.49181,10.03979,92410,True,77.98978,3
20260508-002650,1778232280,2026-05-08 09:24:40+00:00,1778232280000,32269,26.21548,46.57596,10.03981,93130,True,77.76345,3
20260508-002650,1778232293,2026-05-08 09:24:53+00:00,1778232293000,32281,26.18506,47.00351,10.03975,86137,True,89.07605,3
20260508-002650,1778232305,2026-05-08 09:25:05+00:00,1778232305000,32293,26.20788,46.90638,10.04009,89354,True,88.18741,3
20260508-002650,1778232317,2026-05-08 09:25:17+00:00,1778232317000,32305,26.20788,47.03371,10.03992,91004,True,83.99915,3
20260508-002650,1778232329,2026-05-08 09:25:29+00:00,1778232329000,32317,26.21295,47.20197,10.03986,91903,True,81.20268,3
20260508-002650,1778232341,2026-05-08 09:25:41+00:00,1778232341000,32329,26.21041,47.29825,10.03996,91402,True,80.84222,3
20260508-002650,1778232353,2026-05-08 09:25:53+00:00,1778232353000,32341,26.21802,47.36747,10.04013,91602,True,80.16926,3
20260508-002650,1778232365,2026-05-08 09:26:05+00:00,1778232365000,32353,26.21041,47.43596,10.04017,91502,True,80.14848,3
20260508-002650,1778232377,2026-05-08 09:26:17+00:00,1778232377000,32365,26.20534,47.41272,10.03993,91302,True,79.65344,3
20260508-002650,1778232389,2026-05-08 09:26:29+00:00,1778232389000,32377,26.21041,47.3608,10.04007,91302,True,79.69488,3
20260508-002650,1778232401,2026-05-08 09:26:41+00:00,1778232401000,32389,26.20788,47.30186,10.03997,92004,True,78.93517,3
20260508-002650,1778232413,2026-05-08 09:26:53+00:00,1778232413000,32401,26.21041,47.17894,10.04017,91502,True,78.58437,3
20260508-002650,1778232424,2026-05-08 09:27:04+00:00,1778232424000,32413,26.21295,47.09557,10.04007,92105,True,78.51775,3
20260508-002650,1778232436,2026-05-08 09:27:16+00:00,1778232436000,32425,26.20534,47.02262,10.03993,92308,True,78.21268,3
20260508-002650,1778232448,2026-05-08 09:27:28+00:00,1778232448000,32437,26.21041,46.96331,10.04015,92410,True,77.72324,3
20260508-002650,1778232460,2026-05-08 09:27:40+00:00,1778232460000,32449,26.20281,46.91864,10.04005,92512,True,77.25304,3
20260508-002650,1778232472,2026-05-08 09:27:52+00:00,1778232472000,32461,26.20788,46.87137,10.04023,92615,True,77.24332,3
20260508-002650,1778232484,2026-05-08 09:28:04+00:00,1778232484000,32473,26.21041,46.87702,10.04024,92207,True,77.61327,3
20260508-002650,1778232496,2026-05-08 09:28:16+00:00,1778232496000,32485,26.21041,46.9393,10.04028,92207,True,77.46942,3
20260508-002650,1778232508,2026-05-08 09:28:28+00:00,1778232508000,32497,26.21548,47.06375,10.04036,93026,True,76.931,3
20260508-002650,1778232520,2026-05-08 09:28:40+00:00,1778232520000,32509,26.21295,47.31055,10.04035,92308,True,77.50015,3
20260508-002650,1778232532,2026-05-08 09:28:52+00:00,1778232532000,32521,26.20534,47.57768,10.04018,92004,True,78.15093,3
20260508-002650,1778232544,2026-05-08 09:29:04+00:00,1778232544000,32533,26.21041,47.5763,10.04036,91502,True,78.47606,3
20260508-002650,1778232556,2026-05-08 09:29:16+00:00,1778232556000,32545,26.20281,47.50157,10.04014,91402,True,78.95422,3
20260508-002650,1778232568,2026-05-08 09:29:28+00:00,1778232568000,32557,26.19773,47.34894,10.04007,91903,True,78.20576,3
20260508-002650,1778232580,2026-05-08 09:29:40+00:00,1778232580000,32569,26.25895,47.13055,10.04034,92410,True,77.73639,3
20260508-002650,1778232592,2026-05-08 09:29:52+00:00,1778232592000,32581,26.17999,47.20738,10.04019,84147,True,101.56507,3
20260508-002650,1778232604,2026-05-08 09:30:04+00:00,1778232604000,32593,26.19013,46.93494,10.04004,89069,True,92.00662,3
20260508-002650,1778232616,2026-05-08 09:30:16+00:00,1778232616000,32605,26.20281,46.87723,10.04031,90709,True,85.05314,3
20260508-002650,1778232628,2026-05-08 09:30:28+00:00,1778232628000,32617,26.20027,46.81563,10.04025,91203,True,81.91478,3
20260508-002650,1778232638,2026-05-08 09:30:38+00:00,1778232638000,32628,26.11153,47.36537,10.03991,81367,True,89.85139,3
20260508-002650,1778232650,2026-05-08 09:30:50+00:00,1778232650000,32640,26.18759,46.86939,10.04007,88317,True,91.68989,3
20260508-002650,1778232662,2026-05-08 09:31:02+00:00,1778232662000,32652,26.19013,46.7896,10.03991,90415,True,85.74391,3
20260508-002650,1778232674,2026-05-08 09:31:14+00:00,1778232674000,32664,26.19267,46.76046,10.03987,91602,True,81.46726,3
20260508-002650,1778232686,2026-05-08 09:31:26+00:00,1778232686000,32676,26.1952,46.75176,10.03984,91802,True,79.80244,3
20260508-002650,1778232698,2026-05-08 09:31:38+00:00,1778232698000,32688,26.1952,46.7284,10.04,92207,True,78.56345,3
20260508-002650,1778232711,2026-05-08 09:31:51+00:00,1778232711000,32700,26.19013,46.7359,10.03986,92004,True,78.40621,3
20260508-002650,1778232723,2026-05-08 09:32:03+00:00,1778232723000,32712,26.19773,46.70914,10.04004,92512,True,77.90295,3
20260508-002650,1778232735,2026-05-08 09:32:15+00:00,1778232735000,32724,26.20027,46.74199,10.03995,92207,True,77.99851,3
20260508-002650,1778232747,2026-05-08 09:32:27+00:00,1778232747000,32736,26.20281,46.76586,10.03984,92615,True,77.50231,3
20260508-002650,1778232759,2026-05-08 09:32:39+00:00,1778232759000,32748,26.20281,46.81769,10.03987,92207,True,77.91695,3
20260508-002650,1778232771,2026-05-08 09:32:51+00:00,1778232771000,32760,26.20281,46.89981,10.03992,92717,True,77.0082,3
20260508-002650,1778232783,2026-05-08 09:33:03+00:00,1778232783000,32772,26.20027,46.92704,10.03997,92207,True,77.73929,3
20260508-002650,1778232795,2026-05-08 09:33:15+00:00,1778232795000,32784,26.20534,46.94682,10.03993,92512,True,77.57013,3
20260508-002650,1778232807,2026-05-08 09:33:27+00:00,1778232807000,32796,26.1952,47.00357,10.03982,92820,True,77.02046,3
20260508-002650,1778232819,2026-05-08 09:33:39+00:00,1778232819000,32808,26.21041,46.90761,10.04003,92820,True,76.60894,3
20260508-002650,1778232831,2026-05-08 09:33:51+00:00,1778232831000,32820,26.20281,46.82851,10.03992,92615,True,76.55077,3
20260508-002650,1778232843,2026-05-08 09:34:03+00:00,1778232843000,32832,26.19773,46.75798,10.03975,92923,True,76.24945,3
20260508-002650,1778232855,2026-05-08 09:34:15+00:00,1778232855000,32844,26.20534,46.67435,10.03979,93130,True,75.85051,3
20260508-002650,1778232867,2026-05-08 09:34:27+00:00,1778232867000,32856,26.1952,46.60777,10.03979,93441,True,75.40842,3
20260508-002650,1778232879,2026-05-08 09:34:39+00:00,1778232879000,32868,26.19267,46.54128,10.03959,93130,True,76.18034,3
20260508-002650,1778232891,2026-05-08 09:34:51+00:00,1778232891000,32880,26.20027,46.47587,10.03985,93441,True,75.86595,3
20260508-002650,1778232903,2026-05-08 09:35:03+00:00,1778232903000,32892,26.20281,46.47409,10.03977,93441,True,75.43152,3
20260508-002650,1778232915,2026-05-08 09:35:15+00:00,1778232915000,32904,26.20788,46.49904,10.04006,93650,True,74.95092,3
20260508-002650,1778232927,2026-05-08 09:35:27+00:00,1778232927000,32916,26.20027,46.56857,10.03989,93755,True,75.04844,3
20260508-002650,1778232939,2026-05-08 09:35:39+00:00,1778232939000,32928,26.20788,46.60792,10.03981,93546,True,75.02933,3
20260508-002650,1778232951,2026-05-08 09:35:51+00:00,1778232951000,32940,26.20027,46.67468,10.03987,93233,True,75.36293,3
20260508-002650,1778232963,2026-05-08 09:36:03+00:00,1778232963000,32952,26.20281,46.79242,10.03977,93233,True,75.74663,3
20260508-002650,1778232975,2026-05-08 09:36:15+00:00,1778232975000,32964,26.20788,46.81123,10.04002,92820,True,76.11587,3
20260508-002650,1778232987,2026-05-08 09:36:27+00:00,1778232987000,32976,26.20534,46.80691,10.03965,93441,True,75.70345,3
20260508-002650,1778232999,2026-05-08 09:36:39+00:00,1778232999000,32988,26.20534,46.69942,10.03984,93337,True,75.93477,3
20260508-002650,1778233011,2026-05-08 09:36:51+00:00,1778233011000,33000,26.20281,46.55125,10.03966,93860,True,74.87998,3
20260508-002650,1778233023,2026-05-08 09:37:03+00:00,1778233023000,33012,26.20281,46.35237,10.03975,93965,True,74.67266,3
20260508-002650,1778233035,2026-05-08 09:37:15+00:00,1778233035000,33024,26.19773,46.18326,10.0399,94389,True,74.01354,3
20260508-002650,1778233047,2026-05-08 09:37:27+00:00,1778233047000,33036,26.20281,46.08229,10.0398,94283,True,73.54498,3
20260508-002650,1778233059,2026-05-08 09:37:39+00:00,1778233059000,33048,26.19773,46.0514,10.03979,94496,True,73.46961,3
20260508-002650,1778233071,2026-05-08 09:37:51+00:00,1778233071000,33060,26.21041,46.02897,10.03996,94924,True,72.80192,3
20260508-002650,1778233083,2026-05-08 09:38:03+00:00,1778233083000,33072,26.20027,46.02312,10.03976,94283,True,73.44405,3
20260508-002650,1778233095,2026-05-08 09:38:15+00:00,1778233095000,33084,26.21041,46.00095,10.03994,94496,True,73.562,3
20260508-002650,1778233107,2026-05-08 09:38:27+00:00,1778233107000,33096,26.19773,46.0186,10.03972,94071,True,73.76044,3
20260508-002650,1778233119,2026-05-08 09:38:39+00:00,1778233119000,33108,26.20027,46.10798,10.03978,94602,True,73.98135,3
20260508-002650,1778233131,2026-05-08 09:38:51+00:00,1778233131000,33120,26.20027,46.24336,10.03982,94071,True,74.33439,3
20260508-002650,1778233143,2026-05-08 09:39:03+00:00,1778233143000,33132,26.19773,46.36388,10.03988,94389,True,74.06921,3
20260508-002650,1778233155,2026-05-08 09:39:15+00:00,1778233155000,33144,26.20534,46.42281,10.03991,93860,True,74.25549,3
20260508-002650,1778233167,2026-05-08 09:39:27+00:00,1778233167000,33156,26.20027,46.63753,10.03967,94283,True,74.40423,3
20260508-002650,1778233179,2026-05-08 09:39:39+00:00,1778233179000,33168,26.19773,46.83758,10.03979,93650,True,75.09402,3
20260508-002650,1778233191,2026-05-08 09:39:51+00:00,1778233191000,33180,26.20027,47.01415,10.03985,93860,True,74.82333,3
20260508-002650,1778233203,2026-05-08 09:40:03+00:00,1778233203000,33192,26.19773,47.03802,10.03972,94071,True,74.55257,3
20260508-002650,1778233215,2026-05-08 09:40:15+00:00,1778233215000,33204,26.20281,46.93253,10.03978,93546,True,75.2168,3
20260508-002650,1778233227,2026-05-08 09:40:27+00:00,1778233227000,33216,26.20027,46.85978,10.04013,93441,True,74.8335,3
20260508-002650,1778233239,2026-05-08 09:40:39+00:00,1778233239000,33228,26.20027,46.81964,10.03994,93546,True,74.91864,3
20260508-002650,1778233251,2026-05-08 09:40:51+00:00,1778233251000,33240,26.20027,46.77892,10.03997,93441,True,74.47183,3
20260508-002650,1778233263,2026-05-08 09:41:03+00:00,1778233263000,33252,26.20281,46.69712,10.03987,94709,True,73.52956,3
20260508-002650,1778233275,2026-05-08 09:41:15+00:00,1778233275000,33264,26.20281,46.58076,10.03996,94071,True,73.86768,3
20260508-002650,1778233287,2026-05-08 09:41:27+00:00,1778233287000,33276,26.20534,46.4217,10.03997,94177,True,73.46828,3
20260508-002650,1778233299,2026-05-08 09:41:39+00:00,1778233299000,33288,26.1952,46.29524,10.0398,94389,True,73.12552,3
20260508-002650,1778233311,2026-05-08 09:41:51+00:00,1778233311000,33300,26.20281,46.22715,10.04008,94389,True,72.83774,3
20260508-002650,1778233323,2026-05-08 09:42:03+00:00,1778233323000,33312,26.1952,46.3019,10.03979,94389,True,72.97194,3
20260508-002650,1778233335,2026-05-08 09:42:15+00:00,1778233335000,33324,26.19773,46.35919,10.03981,94177,True,73.21887,3
20260508-002650,1778233347,2026-05-08 09:42:27+00:00,1778233347000,33336,26.19267,46.31963,10.03978,94283,True,73.06561,3
20260508-002650,1778233359,2026-05-08 09:42:39+00:00,1778233359000,33348,26.19267,46.24478,10.03974,94817,True,72.2334,3
20260508-002650,1778233371,2026-05-08 09:42:51+00:00,1778233371000,33360,26.19013,46.17447,10.03965,94709,True,72.27396,3
20260508-002650,1778233383,2026-05-08 09:43:03+00:00,1778233383000,33372,26.19013,46.12128,10.03948,94924,True,72.21498,3
20260508-002650,1778233395,2026-05-08 09:43:15+00:00,1778233395000,33384,26.19013,46.11433,10.03956,95032,True,72.21983,3
20260508-002650,1778233407,2026-05-08 09:43:27+00:00,1778233407000,33396,26.19267,46.14515,10.03941,95140,True,71.75466,3
20260508-002650,1778233419,2026-05-08 09:43:39+00:00,1778233419000,33408,26.18759,46.17013,10.03938,94602,True,72.18763,3
20260508-002650,1778233431,2026-05-08 09:43:51+00:00,1778233431000,33420,26.18252,46.17096,10.03939,94709,True,72.44824,3
20260508-002650,1778233443,2026-05-08 09:44:03+00:00,1778233443000,33432,26.18506,46.15966,10.03933,94817,True,72.37856,3
20260508-002650,1778233455,2026-05-08 09:44:15+00:00,1778233455000,33444,26.18759,46.17221,10.03952,94817,True,72.39807,3
20260508-002650,1778233467,2026-05-08 09:44:27+00:00,1778233467000,33456,26.19267,46.22123,10.03945,95465,True,72.12598,3
20260508-002650,1778233479,2026-05-08 09:44:39+00:00,1778233479000,33468,26.19267,46.17537,10.03945,95248,True,71.92278,3
20260508-002650,1778233491,2026-05-08 09:44:51+00:00,1778233491000,33480,26.18759,46.14254,10.03931,94924,True,72.54366,3
20260508-002650,1778233503,2026-05-08 09:45:03+00:00,1778233503000,33492,26.18759,46.06823,10.0394,95683,True,71.4241,3
20260508-002650,1778233515,2026-05-08 09:45:15+00:00,1778233515000,33504,26.18506,46.14581,10.03931,95248,True,71.913,3
20260508-002650,1778233527,2026-05-08 09:45:27+00:00,1778233527000,33516,26.19267,46.13019,10.03946,94924,True,72.00008,3
20260508-002650,1778233539,2026-05-08 09:45:39+00:00,1778233539000,33528,26.19267,46.13296,10.03938,95140,True,71.92912,3
20260508-002650,1778233551,2026-05-08 09:45:51+00:00,1778233551000,33540,26.19013,46.17339,10.03949,95574,True,71.84547,3
20260508-002650,1778233563,2026-05-08 09:46:03+00:00,1778233563000,33552,26.18759,46.10598,10.03954,95032,True,71.84521,3
20260508-002650,1778233575,2026-05-08 09:46:15+00:00,1778233575000,33564,26.18759,46.07156,10.03956,95574,True,71.6437,3
20260508-002650,1778233587,2026-05-08 09:46:27+00:00,1778233587000,33576,26.18759,46.00456,10.03942,95356,True,71.82185,3
20260508-002650,1778233599,2026-05-08 09:46:39+00:00,1778233599000,33588,26.19013,45.94558,10.03949,95140,True,72.15961,3
20260508-002650,1778233611,2026-05-08 09:46:51+00:00,1778233611000,33600,26.19013,45.85541,10.03937,95248,True,72.57417,3
20260508-002650,1778233623,2026-05-08 09:47:03+00:00,1778233623000,33612,26.1952,45.75829,10.03968,94739,True,73.4285,3
20260508-002650,1778233635,2026-05-08 09:47:15+00:00,1778233635000,33624,26.18506,45.71675,10.03933,94847,True,72.90188,3
20260508-002650,1778233647,2026-05-08 09:47:27+00:00,1778233647000,33636,26.19267,45.66983,10.03934,94472,True,74.10573,3
20260508-002650,1778233659,2026-05-08 09:47:39+00:00,1778233659000,33648,26.18506,45.69409,10.03924,95574,True,73.47707,3
20260508-002650,1778233671,2026-05-08 09:47:51+00:00,1778233671000,33660,26.18252,45.71175,10.03907,94419,True,74.50883,3
20260508-002650,1778233683,2026-05-08 09:48:03+00:00,1778233683000,33672,26.18506,45.75743,10.03915,94259,True,74.3853,3
20260508-002650,1778233695,2026-05-08 09:48:15+00:00,1778233695000,33684,26.18506,45.79493,10.03927,94419,True,74.30007,3
20260508-002650,1778233707,2026-05-08 09:48:27+00:00,1778233707000,33696,26.17999,45.88,10.03926,94793,True,74.2997,3
20260508-002650,1778233719,2026-05-08 09:48:39+00:00,1778233719000,33708,26.18252,45.94425,10.0392,95574,True,73.63026,3
20260508-002650,1778233731,2026-05-08 09:48:51+00:00,1778233731000,33720,26.18252,45.9819,10.03918,95574,True,73.3981,3
20260508-002650,1778233743,2026-05-08 09:49:03+00:00,1778233743000,33732,26.18252,46.09669,10.03911,95140,True,73.35029,3
20260508-002650,1778233755,2026-05-08 09:49:15+00:00,1778233755000,33744,26.18506,46.20457,10.03917,95032,True,72.78479,3
20260508-002650,1778233767,2026-05-08 09:49:27+00:00,1778233767000,33756,26.18252,46.26999,10.03923,94048,True,72.94681,3
20260508-002650,1778233777,2026-05-08 09:49:37+00:00,1778233777000,33766,26.10645,46.80258,10.03901,85784,True,80.64417,3
20260508-002650,1778233789,2026-05-08 09:49:49+00:00,1778233789000,33778,26.16477,46.32933,10.03914,92512,True,82.62726,3
20260508-002650,1778233801,2026-05-08 09:50:01+00:00,1778233801000,33790,26.17238,46.13362,10.03924,93860,True,77.83106,3
20260508-002650,1778233813,2026-05-08 09:50:13+00:00,1778233813000,33802,26.17745,46.00945,10.0389,95140,True,74.45186,3
20260508-002650,1778233825,2026-05-08 09:50:25+00:00,1778233825000,33814,26.18252,46.00546,10.03925,94924,True,73.25542,3
20260508-002650,1778233837,2026-05-08 09:50:37+00:00,1778233837000,33826,26.17999,46.10482,10.03908,95683,True,72.10617,3
20260508-002650,1778233849,2026-05-08 09:50:49+00:00,1778233849000,33838,26.18759,46.18353,10.03914,95140,True,71.78446,3
20260508-002650,1778233861,2026-05-08 09:51:01+00:00,1778233861000,33850,26.19013,46.26977,10.03905,95465,True,71.46521,3
20260508-002650,1778233873,2026-05-08 09:51:13+00:00,1778233873000,33862,26.17745,46.34628,10.03899,94048,True,72.64908,3
20260508-002650,1778233885,2026-05-08 09:51:25+00:00,1778233885000,33874,26.18506,46.40017,10.03892,94525,True,72.53295,3
20260508-002650,1778233897,2026-05-08 09:51:37+00:00,1778233897000,33886,26.18252,46.40516,10.039,95356,True,71.87305,3
20260508-002650,1778233909,2026-05-08 09:51:49+00:00,1778233909000,33898,26.19013,46.33755,10.03921,95574,True,71.15411,3
20260508-002650,1778233921,2026-05-08 09:52:01+00:00,1778233921000,33910,26.19267,46.39964,10.03911,95140,True,71.97441,3
20260508-002650,1778233933,2026-05-08 09:52:13+00:00,1778233933000,33922,26.18252,46.33455,10.03905,95465,True,71.39481,3
20260508-002650,1778233945,2026-05-08 09:52:25+00:00,1778233945000,33934,26.18759,46.13306,10.03919,94366,True,72.77698,3
20260508-002650,1778233957,2026-05-08 09:52:37+00:00,1778233957000,33946,26.18506,46.04245,10.03918,94472,True,73.17547,3
20260508-002650,1778233969,2026-05-08 09:52:49+00:00,1778233969000,33958,26.17745,45.96547,10.0389,95062,True,72.53633,3
20260508-002650,1778233981,2026-05-08 09:53:01+00:00,1778233981000,33970,26.18506,45.81896,10.03926,94900,True,73.18042,3
20260508-002650,1778233993,2026-05-08 09:53:13+00:00,1778233993000,33982,26.17745,45.84385,10.0391,94900,True,73.18686,3
20260508-002650,1778234005,2026-05-08 09:53:25+00:00,1778234005000,33994,26.17999,45.87058,10.03921,94472,True,73.5066,3
20260508-002650,1778234017,2026-05-08 09:53:37+00:00,1778234017000,34006,26.17238,45.87328,10.03893,94793,True,73.57735,3
20260508-002650,1778234029,2026-05-08 09:53:49+00:00,1778234029000,34018,26.17492,45.8269,10.03892,94954,True,73.62283,3
20260508-002650,1778234041,2026-05-08 09:54:01+00:00,1778234041000,34030,26.17745,45.78965,10.03919,94525,True,73.77354,3
20260508-002650,1778234053,2026-05-08 09:54:13+00:00,1778234053000,34042,26.17492,45.81345,10.0392,94900,True,73.70393,3
20260508-002650,1778234065,2026-05-08 09:54:25+00:00,1778234065000,34054,26.17745,45.79681,10.0392,95062,True,73.39236,3
20260508-002650,1778234077,2026-05-08 09:54:37+00:00,1778234077000,34066,26.17745,45.82222,10.03922,95062,True,73.43905,3
20260508-002650,1778234089,2026-05-08 09:54:49+00:00,1778234089000,34078,26.17999,45.84959,10.03938,94793,True,73.83817,3
20260508-002650,1778234101,2026-05-08 09:55:01+00:00,1778234101000,34090,26.18252,45.8159,10.03921,95387,True,73.37722,3
20260508-002650,1778234113,2026-05-08 09:55:13+00:00,1778234113000,34102,26.17999,45.78559,10.03942,95062,True,73.13042,3
20260508-002650,1778234125,2026-05-08 09:55:25+00:00,1778234125000,34114,26.16985,45.8876,10.03915,95116,True,73.1102,3
20260508-002650,1778234137,2026-05-08 09:55:37+00:00,1778234137000,34126,26.17999,45.98781,10.03933,94686,True,74.02948,3
20260508-002650,1778234149,2026-05-08 09:55:49+00:00,1778234149000,34138,26.16731,46.03312,10.03913,95683,True,73.00195,3
20260508-002650,1778234161,2026-05-08 09:56:01+00:00,1778234161000,34150,26.17745,45.96039,10.03915,94954,True,73.63428,3
20260508-002650,1778234173,2026-05-08 09:56:13+00:00,1778234173000,34162,26.17745,45.92476,10.03941,94366,True,73.98835,3
20260508-002650,1778234185,2026-05-08 09:56:25+00:00,1778234185000,34174,26.17999,45.83532,10.0394,95170,True,73.46477,3
20260508-002650,1778234197,2026-05-08 09:56:37+00:00,1778234197000,34186,26.17238,45.86231,10.0393,95170,True,73.1981,3
20260508-002650,1778234209,2026-05-08 09:56:49+00:00,1778234209000,34198,26.17492,45.86884,10.03934,94954,True,73.39728,3
20260508-002650,1778234221,2026-05-08 09:57:01+00:00,1778234221000,34210,26.17999,45.8604,10.03961,95116,True,72.81763,3
20260508-002650,1778234233,2026-05-08 09:57:13+00:00,1778234233000,34222,26.17492,45.95185,10.03932,94793,True,73.10152,3
20260508-002650,1778234245,2026-05-08 09:57:25+00:00,1778234245000,34234,26.17492,45.97896,10.03935,94632,True,74.09639,3
20260508-002650,1778234257,2026-05-08 09:57:37+00:00,1778234257000,34246,26.17492,46.03749,10.03942,95116,True,73.26815,3
20260508-002650,1778234269,2026-05-08 09:57:49+00:00,1778234269000,34258,26.17745,46.01228,10.03961,95278,True,73.00342,3
20260508-002650,1778234281,2026-05-08 09:58:01+00:00,1778234281000,34270,26.17492,46.01747,10.03948,94686,True,73.70341,3
20260508-002650,1778234293,2026-05-08 09:58:13+00:00,1778234293000,34282,26.16985,46.05395,10.0394,95008,True,73.34455,3
20260508-002650,1778234305,2026-05-08 09:58:25+00:00,1778234305000,34294,26.17999,46.10298,10.03982,94579,True,73.70818,3
20260508-002650,1778234317,2026-05-08 09:58:37+00:00,1778234317000,34306,26.17492,46.11601,10.0396,94259,True,73.71178,3
20260508-002650,1778234329,2026-05-08 09:58:49+00:00,1778234329000,34318,26.16985,46.13781,10.03955,94259,True,74.01273,3
20260508-002650,1778234341,2026-05-08 09:59:01+00:00,1778234341000,34330,26.16477,46.12891,10.03958,95062,True,72.92554,3
20260508-002650,1778234353,2026-05-08 09:59:13+00:00,1778234353000,34342,26.17492,46.04247,10.03974,95008,True,73.06955,3
20260508-002650,1778234365,2026-05-08 09:59:25+00:00,1778234365000,34354,26.14195,46.21383,10.03961,90220,True,81.28008,3
20260508-002650,1778234377,2026-05-08 09:59:37+00:00,1778234377000,34366,26.1597,45.95326,10.0396,94283,True,77.95993,3
20260508-002650,1778234389,2026-05-08 09:59:49+00:00,1778234389000,34378,26.16731,45.88519,10.03964,95248,True,73.9903,3
20260508-002650,1778234401,2026-05-08 10:00:01+00:00,1778234401000,34390,26.16477,45.89558,10.03972,94847,True,72.73051,3
20260508-002650,1778234413,2026-05-08 10:00:13+00:00,1778234413000,34402,26.16731,45.86827,10.03964,95683,True,72.79176,3
20260508-002650,1778234425,2026-05-08 10:00:25+00:00,1778234425000,34414,26.17238,45.83752,10.03954,94686,True,73.44738,3
20260508-002650,1778234437,2026-05-08 10:00:37+00:00,1778234437000,34426,26.17999,45.76695,10.03965,94739,True,73.90068,3
20260508-002650,1778234449,2026-05-08 10:00:49+00:00,1778234449000,34438,26.16985,45.84089,10.03938,94793,True,73.62292,3
20260508-002650,1778234461,2026-05-08 10:01:01+00:00,1778234461000,34450,26.16985,45.82917,10.03938,94847,True,73.25225,3
20260508-002650,1778234473,2026-05-08 10:01:13+00:00,1778234473000,34462,26.16985,45.78436,10.03943,95441,True,73.10904,3
20260508-002650,1778234485,2026-05-08 10:01:25+00:00,1778234485000,34474,26.16985,45.79139,10.03948,94847,True,73.785,3
20260508-002650,1778234497,2026-05-08 10:01:37+00:00,1778234497000,34486,26.16985,45.99853,10.03955,95332,True,73.52702,3
20260508-002650,1778234509,2026-05-08 10:01:49+00:00,1778234509000,34498,26.16985,46.08012,10.0394,94793,True,73.96873,3
20260508-002650,1778234521,2026-05-08 10:02:01+00:00,1778234521000,34510,26.16731,46.07059,10.03948,95441,True,73.17297,3
20260508-002650,1778234533,2026-05-08 10:02:13+00:00,1778234533000,34522,26.16985,46.04371,10.03941,94579,True,73.52328,3
20260508-002650,1778234545,2026-05-08 10:02:25+00:00,1778234545000,34534,26.16731,46.04104,10.03943,94472,True,73.13979,3
20260508-002650,1778234557,2026-05-08 10:02:37+00:00,1778234557000,34546,26.17492,45.95827,10.0396,95008,True,73.22648,3
20260508-002650,1778234569,2026-05-08 10:02:49+00:00,1778234569000,34558,26.16985,45.89443,10.03957,95332,True,73.17178,3
20260508-002650,1778234581,2026-05-08 10:03:01+00:00,1778234581000,34570,26.16985,45.89832,10.03943,94954,True,73.12448,3
20260508-002650,1778234593,2026-05-08 10:03:13+00:00,1778234593000,34582,26.16985,45.87973,10.03945,95008,True,73.55202,3
20260508-002650,1778234605,2026-05-08 10:03:25+00:00,1778234605000,34594,26.16477,45.8573,10.03938,95441,True,73.09059,3
20260508-002650,1778234617,2026-05-08 10:03:37+00:00,1778234617000,34606,26.16477,45.8126,10.03961,94793,True,73.66658,3
20260508-002650,1778234629,2026-05-08 10:03:49+00:00,1778234629000,34618,26.16477,45.74181,10.03944,94954,True,73.38451,3
20260508-002650,1778234641,2026-05-08 10:04:01+00:00,1778234641000,34630,26.16731,45.70388,10.03934,94954,True,73.1503,3
20260508-002650,1778234653,2026-05-08 10:04:13+00:00,1778234653000,34642,26.16477,45.74343,10.03928,94793,True,73.76678,3
20260508-002650,1778234665,2026-05-08 10:04:25+00:00,1778234665000,34654,26.17492,45.71494,10.03953,95332,True,73.44949,3
20260508-002650,1778234677,2026-05-08 10:04:37+00:00,1778234677000,34666,26.17238,45.62386,10.03951,95170,True,73.5335,3
20260508-002650,1778234689,2026-05-08 10:04:49+00:00,1778234689000,34678,26.16477,45.54404,10.03949,95387,True,72.3597,3
20260508-002650,1778234701,2026-05-08 10:05:01+00:00,1778234701000,34690,26.16477,45.49507,10.03956,95170,True,73.03442,3
20260508-002650,1778234713,2026-05-08 10:05:13+00:00,1778234713000,34702,26.16477,45.49206,10.03954,95441,True,72.595,3
20260508-002650,1778234725,2026-05-08 10:05:25+00:00,1778234725000,34714,26.16477,45.48264,10.03938,95441,True,72.46508,3
20260508-002650,1778234754,2026-05-08 10:05:54+00:00,1778234754000,34743,26.22285,45.36089,10.03941,96098,True,72.01772,3
20260508-002650,1778234766,2026-05-08 10:06:06+00:00,1778234766000,34755,26.11153,46.11774,10.03969,77454,True,127.56684,3
20260508-002650,1778234778,2026-05-08 10:06:18+00:00,1778234778000,34767,26.12167,45.94037,10.03941,86672,True,109.10999,3
20260508-002650,1778234790,2026-05-08 10:06:30+00:00,1778234790000,34779,26.13435,45.95789,10.03953,90611,True,92.83115,3
20260508-002650,1778234802,2026-05-08 10:06:42+00:00,1778234802000,34791,26.14195,46.05338,10.03965,92308,True,84.33541,3
20260508-002650,1778234814,2026-05-08 10:06:54+00:00,1778234814000,34803,26.14956,46.12705,10.03988,93233,True,79.48441,3
20260508-002650,1778234826,2026-05-08 10:07:06+00:00,1778234826000,34815,26.1521,46.12598,10.03999,94817,True,76.11164,3
20260508-002650,1778234838,2026-05-08 10:07:18+00:00,1778234838000,34827,26.14702,46.05509,10.03998,94389,True,75.3198,3
20260508-002650,1778234850,2026-05-08 10:07:30+00:00,1778234850000,34839,26.14956,45.93552,10.03984,94924,True,73.80569,3
20260508-002650,1778234862,2026-05-08 10:07:42+00:00,1778234862000,34851,26.14702,45.90337,10.04,95574,True,72.59262,3
20260508-002650,1778234874,2026-05-08 10:07:54+00:00,1778234874000,34863,26.15463,45.90949,10.04019,95465,True,73.04599,3
20260508-002650,1778234886,2026-05-08 10:08:06+00:00,1778234886000,34875,26.1597,45.91593,10.04034,94313,True,73.98148,3
20260508-002650,1778234898,2026-05-08 10:08:18+00:00,1778234898000,34887,26.15717,45.92725,10.04028,94366,True,74.12296,3
20260508-002650,1778234910,2026-05-08 10:08:30+00:00,1778234910000,34899,26.15463,45.8982,10.04026,94954,True,74.01725,3
20260508-002650,1778234922,2026-05-08 10:08:42+00:00,1778234922000,34911,26.15717,45.81205,10.04028,94847,True,73.61702,3
20260508-002650,1778234934,2026-05-08 10:08:54+00:00,1778234934000,34923,26.1521,45.71805,10.04022,95062,True,73.58992,3
20260508-002650,1778234946,2026-05-08 10:09:06+00:00,1778234946000,34935,26.1597,45.61749,10.04025,95332,True,73.60432,3
20260508-002650,1778234958,2026-05-08 10:09:18+00:00,1778234958000,34947,26.16477,45.57988,10.0404,95387,True,72.97625,3
20260508-002650,1778234970,2026-05-08 10:09:30+00:00,1778234970000,34959,26.16224,45.52955,10.0404,95332,True,72.39301,3
20260508-002650,1778234982,2026-05-08 10:09:42+00:00,1778234982000,34971,26.1597,45.50327,10.04046,95387,True,72.90218,3
20260508-002650,1778234994,2026-05-08 10:09:54+00:00,1778234994000,34983,26.15463,45.56734,10.04031,95441,True,72.35547,3
20260508-002650,1778235006,2026-05-08 10:10:06+00:00,1778235006000,34995,26.15717,45.64801,10.04021,95933,True,72.44706,3
20260508-002650,1778235018,2026-05-08 10:10:18+00:00,1778235018000,35007,26.1597,45.67719,10.04034,95332,True,72.51236,3
20260508-002650,1778235030,2026-05-08 10:10:30+00:00,1778235030000,35019,26.16477,45.70113,10.04035,95441,True,72.80717,3
20260508-002650,1778235042,2026-05-08 10:10:42+00:00,1778235042000,35031,26.16731,45.76648,10.04037,95496,True,72.51311,3
20260508-002650,1778235054,2026-05-08 10:10:54+00:00,1778235054000,35043,26.1597,45.76239,10.04018,95332,True,72.35033,3
20260508-002650,1778235066,2026-05-08 10:11:06+00:00,1778235066000,35055,26.1597,45.74547,10.04037,95769,True,71.85784,3
20260508-002650,1778235078,2026-05-08 10:11:18+00:00,1778235078000,35067,26.15463,45.72667,10.04008,95441,True,71.78102,3
20260508-002650,1778235090,2026-05-08 10:11:30+00:00,1778235090000,35079,26.1597,45.66027,10.04021,96153,True,71.55675,3
20260508-002650,1778235102,2026-05-08 10:11:42+00:00,1778235102000,35091,26.15717,45.60632,10.04028,95441,True,72.10361,3
20260508-002650,1778235122,2026-05-08 10:12:02+00:00,1778235122000,35111,26.21328,45.47654,10.04031,95224,True,72.46947,3
20260508-002650,1778235134,2026-05-08 10:12:14+00:00,1778235134000,35123,26.11913,46.10919,10.0403,82815,True,111.63989,3
20260508-002650,1778235146,2026-05-08 10:12:26+00:00,1778235146000,35135,26.13435,45.90911,10.04035,89929,True,96.61293,3
20260508-002650,1778235158,2026-05-08 10:12:38+00:00,1778235158000,35147,26.13688,45.83569,10.04038,93233,True,83.81329,3
20260508-002650,1778235170,2026-05-08 10:12:50+00:00,1778235170000,35159,26.13942,45.79631,10.04028,94817,True,77.52171,3
20260508-002650,1778235182,2026-05-08 10:13:02+00:00,1778235182000,35171,26.14195,45.78341,10.04033,94924,True,74.61068,3
20260508-002650,1778235194,2026-05-08 10:13:14+00:00,1778235194000,35183,26.14702,45.84113,10.04027,95356,True,74.41773,3
20260508-002650,1778235206,2026-05-08 10:13:26+00:00,1778235206000,35195,26.14449,45.90252,10.04039,95008,True,73.80386,3
20260508-002650,1778235218,2026-05-08 10:13:38+00:00,1778235218000,35207,26.14449,45.89931,10.04039,95008,True,73.64751,3
20260508-002650,1778235230,2026-05-08 10:13:50+00:00,1778235230000,35219,26.15463,45.88118,10.04052,95878,True,72.81799,3
20260508-002650,1778235242,2026-05-08 10:14:02+00:00,1778235242000,35231,26.14702,45.8901,10.04022,94900,True,73.69452,3
20260508-002650,1778235254,2026-05-08 10:14:14+00:00,1778235254000,35243,26.14195,45.8344,10.04026,95008,True,73.05953,3
20260508-002650,1778235266,2026-05-08 10:14:26+00:00,1778235266000,35255,26.1521,45.70172,10.04039,95605,True,72.29826,3
20260508-002650,1778235278,2026-05-08 10:14:38+00:00,1778235278000,35267,26.14702,45.73469,10.04033,95441,True,72.20508,3
20260508-002650,1778235290,2026-05-08 10:14:50+00:00,1778235290000,35279,26.14956,45.73648,10.04037,95441,True,72.05182,3
20260508-002650,1778235302,2026-05-08 10:15:02+00:00,1778235302000,35291,26.15463,45.68289,10.04052,95387,True,72.57132,3
20260508-002650,1778235314,2026-05-08 10:15:14+00:00,1778235314000,35303,26.1521,45.65328,10.04045,95878,True,72.14098,3
20260508-002650,1778235326,2026-05-08 10:15:26+00:00,1778235326000,35315,26.16224,45.52081,10.04054,95769,True,71.69593,3
20260508-002650,1778235338,2026-05-08 10:15:38+00:00,1778235338000,35327,26.15463,45.44074,10.04054,95878,True,71.34802,3
20260508-002650,1778235350,2026-05-08 10:15:50+00:00,1778235350000,35339,26.1521,45.38651,10.04032,96098,True,71.25652,3
20260508-002650,1778235362,2026-05-08 10:16:02+00:00,1778235362000,35351,26.1597,45.335,10.04048,95714,True,71.31369,3
20260508-002650,1778235374,2026-05-08 10:16:14+00:00,1778235374000,35363,26.16224,45.41927,10.04077,96153,True,70.92992,3
20260508-002650,1778235386,2026-05-08 10:16:26+00:00,1778235386000,35375,26.15717,45.54295,10.04053,96264,True,70.79459,3
20260508-002650,1778235398,2026-05-08 10:16:38+00:00,1778235398000,35388,26.12927,45.79943,10.04067,91203,True,79.5847,3
20260508-002650,1778235410,2026-05-08 10:16:50+00:00,1778235410000,35400,26.14702,45.51577,10.04068,94419,True,77.23241,3
20260508-002650,1778235422,2026-05-08 10:17:02+00:00,1778235422000,35412,26.14956,45.43062,10.0406,95008,True,75.0647,3
20260508-002650,1778235434,2026-05-08 10:17:14+00:00,1778235434000,35424,26.14702,45.42248,10.04054,95332,True,74.03252,3
20260508-002650,1778235446,2026-05-08 10:17:26+00:00,1778235446000,35436,26.15463,45.40668,10.04075,96486,True,71.94236,3
20260508-002650,1778235458,2026-05-08 10:17:38+00:00,1778235458000,35448,26.15717,45.4427,10.04058,96209,True,71.79481,3
20260508-002650,1778235470,2026-05-08 10:17:50+00:00,1778235470000,35460,26.13942,45.61354,10.04038,95769,True,71.75092,3
20260508-002650,1778235483,2026-05-08 10:18:03+00:00,1778235483000,35472,26.14702,45.67211,10.04052,95224,True,73.12598,3
20260508-002650,1778235495,2026-05-08 10:18:15+00:00,1778235495000,35484,26.14956,45.6673,10.04054,95605,True,72.66456,3
20260508-002650,1778235507,2026-05-08 10:18:27+00:00,1778235507000,35496,26.14702,45.64085,10.04038,96486,True,71.13428,3
20260508-002650,1778235519,2026-05-08 10:18:39+00:00,1778235519000,35508,26.14956,45.57312,10.04044,96153,True,70.82182,3
20260508-002650,1778235531,2026-05-08 10:18:51+00:00,1778235531000,35520,26.12167,45.77677,10.04041,91602,True,78.88139,3
20260508-002650,1778235543,2026-05-08 10:19:03+00:00,1778235543000,35532,26.14195,45.69621,10.04055,95356,True,75.83086,3
20260508-002650,1778235555,2026-05-08 10:19:15+00:00,1778235555000,35544,26.13181,45.66014,10.04019,94793,True,74.24108,3
20260508-002650,1778235567,2026-05-08 10:19:27+00:00,1778235567000,35556,26.1166,45.72303,10.04045,91502,True,80.81175,3
20260508-002650,1778235579,2026-05-08 10:19:39+00:00,1778235579000,35568,26.13688,45.43022,10.04039,94817,True,77.1459,3
20260508-002650,1778235591,2026-05-08 10:19:51+00:00,1778235591000,35580,26.14449,45.33268,10.04048,95170,True,75.05772,3
20260508-002650,1778235603,2026-05-08 10:20:03+00:00,1778235603000,35592,26.14956,45.31034,10.04046,95659,True,73.37904,3
20260508-002650,1778235615,2026-05-08 10:20:15+00:00,1778235615000,35604,26.14956,45.34669,10.04046,95933,True,72.74342,3
20260508-002650,1778235627,2026-05-08 10:20:27+00:00,1778235627000,35616,26.15463,45.45149,10.04055,96209,True,71.6328,3
20260508-002650,1778235639,2026-05-08 10:20:39+00:00,1778235639000,35628,26.14956,45.60994,10.04051,96541,True,71.21693,3
20260508-002650,1778235651,2026-05-08 10:20:51+00:00,1778235651000,35640,26.14702,45.69778,10.04029,96319,True,70.97448,3
20260508-002650,1778235661,2026-05-08 10:21:01+00:00,1778235661000,35651,26.2067,45.55261,10.04064,95988,True,71.16108,3
20260508-002650,1778235673,2026-05-08 10:21:13+00:00,1778235673000,35663,26.12674,45.82529,10.04034,90317,True,89.47293,3
20260508-002650,1778235685,2026-05-08 10:21:25+00:00,1778235685000,35675,26.13435,45.67376,10.04033,94177,True,81.00458,3
20260508-002650,1778235697,2026-05-08 10:21:37+00:00,1778235697000,35687,26.14449,45.60964,10.04046,94366,True,76.23674,3
20260508-002650,1778235709,2026-05-08 10:21:49+00:00,1778235709000,35699,26.13435,45.56497,10.04039,95170,True,74.9371,3
20260508-002650,1778235721,2026-05-08 10:22:01+00:00,1778235721000,35711,26.13942,45.49026,10.04042,95441,True,73.66974,3
20260508-002650,1778235733,2026-05-08 10:22:13+00:00,1778235733000,35723,26.13688,45.32792,10.04039,95933,True,72.11958,3
20260508-002650,1778235745,2026-05-08 10:22:25+00:00,1778235745000,35735,26.14956,45.14,10.04058,96209,True,70.9446,3
20260508-002650,1778235757,2026-05-08 10:22:37+00:00,1778235757000,35747,26.14449,45.0679,10.04055,96932,True,70.1138,3
20260508-002650,1778235769,2026-05-08 10:22:49+00:00,1778235769000,35759,26.14449,44.99746,10.04043,96541,True,70.01113,3
20260508-002650,1778235781,2026-05-08 10:23:01+00:00,1778235781000,35771,26.14956,44.92062,10.0404,97327,True,69.45853,3
20260508-002650,1778235793,2026-05-08 10:23:13+00:00,1778235793000,35783,26.14956,44.95866,10.04054,97157,True,69.60544,3
20260508-002650,1778235805,2026-05-08 10:23:25+00:00,1778235805000,35795,26.1521,45.01381,10.04066,96932,True,69.88072,3
20260508-002650,1778235817,2026-05-08 10:23:37+00:00,1778235817000,35807,26.15717,45.02377,10.04074,96153,True,70.97884,3
20260508-002650,1778235829,2026-05-08 10:23:49+00:00,1778235829000,35819,26.15717,45.0584,10.04079,96653,True,70.21269,3
20260508-002650,1778235841,2026-05-08 10:24:01+00:00,1778235841000,35831,26.1521,45.11563,10.04092,96932,True,70.11603,3
20260508-002650,1778235853,2026-05-08 10:24:13+00:00,1778235853000,35843,26.15717,45.16135,10.04074,96653,True,70.33398,3
20260508-002650,1778235865,2026-05-08 10:24:25+00:00,1778235865000,35855,26.15717,45.17425,10.04081,96989,True,69.81242,3
20260508-002650,1778235877,2026-05-08 10:24:37+00:00,1778235877000,35867,26.15463,45.14672,10.04089,97214,True,69.61903,3
20260508-002650,1778235889,2026-05-08 10:24:49+00:00,1778235889000,35879,26.16224,45.18808,10.04117,96653,True,70.55077,3
20260508-002650,1778235901,2026-05-08 10:25:01+00:00,1778235901000,35891,26.1597,45.26031,10.04132,96932,True,69.86292,3
20260508-002650,1778235913,2026-05-08 10:25:13+00:00,1778235913000,35903,26.1521,45.37531,10.04111,96820,True,70.02254,3
20260508-002650,1778235925,2026-05-08 10:25:25+00:00,1778235925000,35915,26.15717,45.37287,10.04118,97440,True,69.97842,3
20260508-002650,1778235937,2026-05-08 10:25:37+00:00,1778235937000,35927,26.15717,45.32771,10.04116,96597,True,69.85846,3
20260508-002650,1778235949,2026-05-08 10:25:49+00:00,1778235949000,35939,26.15463,45.22782,10.04126,96989,True,69.84096,3
20260508-002650,1778235961,2026-05-08 10:26:01+00:00,1778235961000,35951,26.14702,45.18134,10.04096,96764,True,70.08057,3
20260508-002650,1778235973,2026-05-08 10:26:13+00:00,1778235973000,35963,26.1521,45.09823,10.04118,97045,True,69.78015,3
20260508-002650,1778235985,2026-05-08 10:26:25+00:00,1778235985000,35975,26.1521,45.07438,10.04113,97045,True,69.80984,3
20260508-002650,1778235997,2026-05-08 10:26:37+00:00,1778235997000,35987,26.1521,45.09203,10.04108,97214,True,69.46468,3
20260508-002650,1778236009,2026-05-08 10:26:49+00:00,1778236009000,35999,26.14702,45.1302,10.04114,97157,True,69.18896,3
20260508-002650,1778236021,2026-05-08 10:27:01+00:00,1778236021000,36011,26.1597,45.13863,10.0415,97440,True,68.82335,3
20260508-002650,1778236033,2026-05-08 10:27:13+00:00,1778236033000,36023,26.15463,45.21247,10.0415,96989,True,69.49252,3
20260508-002650,1778236045,2026-05-08 10:27:25+00:00,1778236045000,36035,26.14956,45.27891,10.04125,96876,True,69.58508,3
20260508-002650,1778236057,2026-05-08 10:27:37+00:00,1778236057000,36047,26.15717,45.30803,10.04128,96209,True,69.95364,3
20260508-002650,1778236069,2026-05-08 10:27:49+00:00,1778236069000,36059,26.1521,45.3966,10.04113,96932,True,69.41222,3
20260508-002650,1778236081,2026-05-08 10:28:01+00:00,1778236081000,36071,26.15717,45.4429,10.04137,96709,True,69.81682,3
20260508-002650,1778236093,2026-05-08 10:28:13+00:00,1778236093000,36083,26.15463,45.45997,10.04133,97157,True,69.47592,3
20260508-002650,1778236105,2026-05-08 10:28:25+00:00,1778236105000,36095,26.1521,45.44156,10.04125,97045,True,69.63758,3
20260508-002650,1778236117,2026-05-08 10:28:37+00:00,1778236117000,36107,26.14956,45.39754,10.04114,97497,True,69.32499,3
20260508-002650,1778236129,2026-05-08 10:28:49+00:00,1778236129000,36119,26.14702,45.32932,10.04115,97270,True,68.78079,3
20260508-002650,1778236141,2026-05-08 10:29:01+00:00,1778236141000,36131,26.14449,45.29804,10.04118,96653,True,69.2941,3
20260508-002650,1778236153,2026-05-08 10:29:13+00:00,1778236153000,36143,26.14956,45.27045,10.04132,96932,True,69.58061,3
20260508-002650,1778236165,2026-05-08 10:29:25+00:00,1778236165000,36155,26.13942,45.28145,10.04121,97214,True,69.59727,3
20260508-002650,1778236177,2026-05-08 10:29:37+00:00,1778236177000,36167,26.13942,45.24098,10.04126,97101,True,69.05281,3
20260508-002650,1778236189,2026-05-08 10:29:49+00:00,1778236189000,36179,26.13688,45.15322,10.04106,97270,True,68.87401,3
20260508-002650,1778236201,2026-05-08 10:30:01+00:00,1778236201000,36191,26.14195,45.04264,10.04119,97270,True,68.63651,3
20260508-002650,1778236213,2026-05-08 10:30:13+00:00,1778236213000,36203,26.14449,45.00156,10.0413,97838,True,68.24559,3
20260508-002650,1778236225,2026-05-08 10:30:25+00:00,1778236225000,36215,26.13688,45.02078,10.04094,97327,True,68.85954,3
20260508-002650,1778236238,2026-05-08 10:30:38+00:00,1778236238000,36227,26.11913,45.25426,10.04116,92820,True,76.78902,3
20260508-002650,1778236250,2026-05-08 10:30:50+00:00,1778236250000,36239,26.13435,45.07758,10.04107,94686,True,76.30439,3
20260508-002650,1778236262,2026-05-08 10:31:02+00:00,1778236262000,36251,26.14449,45.04959,10.04118,96764,True,72.87508,3
20260508-002650,1778236274,2026-05-08 10:31:14+00:00,1778236274000,36263,26.14702,45.06544,10.0414,96709,True,71.00998,3
20260508-002650,1778236286,2026-05-08 10:31:26+00:00,1778236286000,36275,26.14702,45.09255,10.04129,97327,True,69.57187,3
20260508-002650,1778236298,2026-05-08 10:31:38+00:00,1778236298000,36287,26.14195,45.15342,10.04128,97895,True,68.97957,3
20260508-002650,1778236310,2026-05-08 10:31:50+00:00,1778236310000,36299,26.13688,45.17918,10.04131,97440,True,69.27701,3
20260508-002650,1778236322,2026-05-08 10:32:02+00:00,1778236322000,36311,26.13942,45.20462,10.0414,97610,True,68.55046,3
20260508-002650,1778236334,2026-05-08 10:32:14+00:00,1778236334000,36323,26.13435,45.25801,10.04135,96932,True,69.203,3
20260508-002650,1778236346,2026-05-08 10:32:26+00:00,1778236346000,36335,26.13688,45.20407,10.04141,97440,True,69.21441,3
20260508-002650,1778236358,2026-05-08 10:32:38+00:00,1778236358000,36347,26.13942,45.15041,10.04157,97497,True,68.86774,3
20260508-002650,1778236370,2026-05-08 10:32:50+00:00,1778236370000,36359,26.13688,45.07394,10.04162,97610,True,68.53755,3
20260508-002650,1778236382,2026-05-08 10:33:02+00:00,1778236382000,36371,26.14702,45.02593,10.04203,97781,True,68.2547,3
20260508-002650,1778236394,2026-05-08 10:33:14+00:00,1778236394000,36383,26.14449,45.04326,10.04178,97440,True,68.81337,3
20260508-002650,1778236406,2026-05-08 10:33:26+00:00,1778236406000,36395,26.13942,45.01443,10.04172,97440,True,68.65214,3
20260508-002650,1778236418,2026-05-08 10:33:38+00:00,1778236418000,36407,26.13688,44.93898,10.04185,97610,True,69.009,3
20260508-002650,1778236430,2026-05-08 10:33:50+00:00,1778236430000,36419,26.14449,44.93446,10.04188,98125,True,67.66226,3
20260508-002650,1778236442,2026-05-08 10:34:02+00:00,1778236442000,36431,26.13435,45.01985,10.04181,97953,True,67.94193,3
20260508-002650,1778236454,2026-05-08 10:34:14+00:00,1778236454000,36443,26.13435,44.97657,10.04169,97724,True,68.34747,3
20260508-002650,1778236466,2026-05-08 10:34:26+00:00,1778236466000,36455,26.14195,44.84082,10.042,97838,True,68.46828,3
20260508-002650,1778236478,2026-05-08 10:34:38+00:00,1778236478000,36467,26.14449,44.77766,10.04188,98182,True,67.51251,3
20260508-002650,1778236490,2026-05-08 10:34:50+00:00,1778236490000,36479,26.13942,44.78777,10.04182,98355,True,67.31278,3
20260508-002650,1778236502,2026-05-08 10:35:02+00:00,1778236502000,36491,26.14449,44.75259,10.04197,97667,True,67.90669,3
20260508-002650,1778236514,2026-05-08 10:35:14+00:00,1778236514000,36503,26.14702,44.75888,10.0421,97895,True,67.91153,3
20260508-002650,1778236526,2026-05-08 10:35:26+00:00,1778236526000,36515,26.14449,44.76903,10.04202,97724,True,67.92569,3
20260508-002650,1778236538,2026-05-08 10:35:38+00:00,1778236538000,36527,26.14702,44.74557,10.04196,97667,True,68.59602,3
20260508-002650,1778236550,2026-05-08 10:35:50+00:00,1778236550000,36539,26.14702,44.82793,10.04198,98125,True,68.13332,3
20260508-002650,1778236562,2026-05-08 10:36:02+00:00,1778236562000,36551,26.13688,44.9659,10.04188,98067,True,68.18106,3
20260508-002650,1778236574,2026-05-08 10:36:14+00:00,1778236574000,36563,26.14449,45.00764,10.04197,98413,True,67.88673,3
20260508-002650,1778236586,2026-05-08 10:36:26+00:00,1778236586000,36575,26.14702,45.07358,10.04212,97953,True,68.49006,3
20260508-002650,1778236598,2026-05-08 10:36:38+00:00,1778236598000,36587,26.14449,45.1453,10.04206,97953,True,67.98479,3
20260508-002650,1778236611,2026-05-08 10:36:51+00:00,1778236611000,36600,26.20452,44.98391,10.04191,97610,True,68.21238,3
20260508-002650,1778236623,2026-05-08 10:37:03+00:00,1778236623000,36612,26.11913,45.36018,10.04197,90026,True,92.55139,3
20260508-002650,1778236635,2026-05-08 10:37:15+00:00,1778236635000,36624,26.12927,45.1753,10.04194,94496,True,82.97868,3
20260508-002650,1778236647,2026-05-08 10:37:27+00:00,1778236647000,36636,26.13688,45.07075,10.04204,95441,True,76.80659,3
20260508-002650,1778236659,2026-05-08 10:37:39+00:00,1778236659000,36648,26.13181,44.97176,10.04205,96153,True,73.7483,3
20260508-002650,1778236671,2026-05-08 10:37:51+00:00,1778236671000,36660,26.13181,44.98583,10.04198,96764,True,71.74442,3
20260508-002650,1778236683,2026-05-08 10:38:03+00:00,1778236683000,36672,26.13435,45.01015,10.04193,96319,True,71.11593,3
20260508-002650,1778236695,2026-05-08 10:38:15+00:00,1778236695000,36684,26.13942,44.98237,10.04194,97440,True,69.803,3
20260508-002650,1778236707,2026-05-08 10:38:27+00:00,1778236707000,36696,26.14195,44.89335,10.04214,97440,True,69.0716,3
20260508-002650,1778236718,2026-05-08 10:38:38+00:00,1778236718000,36707,26.04814,45.42654,10.04181,87396,True,78.19551,3
20260508-002650,1778236730,2026-05-08 10:38:50+00:00,1778236730000,36719,26.12167,44.93887,10.0419,94602,True,80.00345,3
20260508-002650,1778236742,2026-05-08 10:39:02+00:00,1778236742000,36731,26.13181,44.9429,10.042,96264,True,75.01353,3
20260508-002650,1778236754,2026-05-08 10:39:14+00:00,1778236754000,36743,26.12927,44.99493,10.04195,97667,True,71.65263,3
20260508-002650,1778236766,2026-05-08 10:39:26+00:00,1778236766000,36755,26.13181,45.07127,10.04187,97270,True,70.78687,3
20260508-002650,1778236778,2026-05-08 10:39:38+00:00,1778236778000,36767,26.12674,45.15215,10.04183,96932,True,70.20105,3
20260508-002650,1778236805,2026-05-08 10:40:05+00:00,1778236805000,36794,26.19711,44.99937,10.04204,96653,True,70.51035,3
20260508-002650,1778236817,2026-05-08 10:40:17+00:00,1778236817000,36806,26.08871,45.52692,10.04193,80198,True,121.11774,3
20260508-002650,1778236829,2026-05-08 10:40:29+00:00,1778236829000,36818,26.10645,45.31366,10.04194,89833,True,102.24054,3
20260508-002650,1778236841,2026-05-08 10:40:41+00:00,1778236841000,36830,26.1166,45.20181,10.04203,93337,True,87.33809,3
20260508-002650,1778236853,2026-05-08 10:40:53+00:00,1778236853000,36842,26.11406,45.19499,10.04182,95140,True,78.47569,3
20260508-002650,1778236865,2026-05-08 10:41:05+00:00,1778236865000,36854,26.11913,45.18606,10.04185,95008,True,76.31221,3
20260508-002650,1778236877,2026-05-08 10:41:17+00:00,1778236877000,36866,26.1166,45.1852,10.04174,95550,True,74.92561,3
20260508-002650,1778236889,2026-05-08 10:41:29+00:00,1778236889000,36878,26.1242,45.13853,10.04191,96043,True,73.5196,3
20260508-002650,1778236901,2026-05-08 10:41:41+00:00,1778236901000,36890,26.12674,45.13928,10.042,95823,True,73.41522,3
20260508-002650,1778236913,2026-05-08 10:41:53+00:00,1778236913000,36902,26.1242,45.19484,10.04186,96209,True,71.99427,3
20260508-002650,1778236925,2026-05-08 10:42:05+00:00,1778236925000,36914,26.12927,45.16615,10.04183,96209,True,71.49542,3
20260508-002650,1778236937,2026-05-08 10:42:17+00:00,1778236937000,36926,26.12674,45.24042,10.04179,96541,True,71.7411,3
20260508-002650,1778236949,2026-05-08 10:42:29+00:00,1778236949000,36938,26.12167,45.27187,10.04162,96764,True,71.05556,3
20260508-002650,1778236961,2026-05-08 10:42:41+00:00,1778236961000,36950,26.12674,45.22052,10.042,96932,True,70.27103,3
20260508-002650,1778236974,2026-05-08 10:42:54+00:00,1778236974000,36963,26.09631,45.46051,10.04186,91802,True,79.64088,3
20260508-002650,1778236986,2026-05-08 10:43:06+00:00,1778236986000,36975,26.1166,45.14868,10.04191,94739,True,77.00042,3
20260508-002650,1778236998,2026-05-08 10:43:18+00:00,1778236998000,36987,26.1242,45.08003,10.04196,96430,True,73.68089,3
20260508-002650,1778237010,2026-05-08 10:43:30+00:00,1778237010000,36999,26.12167,45.05319,10.0418,96597,True,71.58701,3
20260508-002650,1778237022,2026-05-08 10:43:42+00:00,1778237022000,37011,26.1242,45.03101,10.04189,96989,True,70.71188,3
20260508-002650,1778237034,2026-05-08 10:43:54+00:00,1778237034000,37023,26.12674,44.98943,10.04214,97838,True,69.27884,3
20260508-002650,1778237046,2026-05-08 10:44:06+00:00,1778237046000,37035,26.12927,44.91666,10.04195,97497,True,68.87357,3
20260508-002650,1778237058,2026-05-08 10:44:18+00:00,1778237058000,37047,26.12927,44.86459,10.04192,98067,True,68.57812,3
20260508-002650,1778237070,2026-05-08 10:44:30+00:00,1778237070000,37059,26.1242,44.83173,10.04186,97838,True,68.72468,3
20260508-002650,1778237082,2026-05-08 10:44:42+00:00,1778237082000,37071,26.12674,44.91683,10.042,98067,True,68.16087,3
20260508-002650,1778237094,2026-05-08 10:44:54+00:00,1778237094000,37083,26.12927,44.89082,10.04178,97157,True,68.61735,3
20260508-002650,1778237106,2026-05-08 10:45:06+00:00,1778237106000,37095,26.12674,44.89821,10.0417,98413,True,67.59204,3
20260508-002650,1778237118,2026-05-08 10:45:18+00:00,1778237118000,37107,26.13181,44.93603,10.04172,97953,True,67.17039,3
20260508-002650,1778237130,2026-05-08 10:45:30+00:00,1778237130000,37119,26.12674,44.9867,10.04172,97895,True,67.68207,3
20260508-002650,1778237142,2026-05-08 10:45:42+00:00,1778237142000,37131,26.13181,44.96457,10.04172,98240,True,67.56808,3
20260508-002650,1778237155,2026-05-08 10:45:55+00:00,1778237155000,37144,26.10139,45.22304,10.0417,92410,True,77.34817,3
20260508-002650,1778237167,2026-05-08 10:46:07+00:00,1778237167000,37156,26.11913,45.02178,10.04158,95988,True,75.80009,3
20260508-002650,1778237179,2026-05-08 10:46:19+00:00,1778237179000,37168,26.11913,45.01444,10.04151,96932,True,72.08759,3
20260508-002650,1778237191,2026-05-08 10:46:31+00:00,1778237191000,37180,26.12674,45.02127,10.04167,97553,True,70.23038,3
20260508-002650,1778237203,2026-05-08 10:46:43+00:00,1778237203000,37192,26.1242,45.08456,10.04172,97440,True,70.11505,3
20260508-002650,1778237215,2026-05-08 10:46:55+00:00,1778237215000,37204,26.1242,45.08889,10.04165,97497,True,68.92155,3
20260508-002650,1778237227,2026-05-08 10:47:07+00:00,1778237227000,37216,26.1242,45.06784,10.04173,97781,True,68.15128,3
20260508-002650,1778237239,2026-05-08 10:47:19+00:00,1778237239000,37228,26.12674,44.94345,10.04179,97781,True,68.1647,3
20260508-002650,1778237251,2026-05-08 10:47:31+00:00,1778237251000,37240,26.12927,44.88757,10.04199,97667,True,68.30797,3
20260508-002650,1778237263,2026-05-08 10:47:43+00:00,1778237263000,37252,26.12674,44.82307,10.04179,97610,True,67.85722,3
20260508-002650,1778237275,2026-05-08 10:47:55+00:00,1778237275000,37264,26.12674,44.73089,10.04172,98298,True,67.0511,3
20260508-002650,1778237286,2026-05-08 10:48:06+00:00,1778237286000,37275,26.04814,45.24981,10.04186,87946,True,75.84543,3
20260508-002650,1778237299,2026-05-08 10:48:19+00:00,1778237299000,37288,26.02532,45.35969,10.04178,80352,True,92.91457,3
20260508-002650,1778237312,2026-05-08 10:48:32+00:00,1778237312000,37301,26.13346,44.95759,10.04177,84572,True,97.37997,3
20260508-002650,1778237324,2026-05-08 10:48:44+00:00,1778237324000,37313,26.08871,44.88626,10.04199,85434,True,113.0106,3
20260508-002650,1778237336,2026-05-08 10:48:56+00:00,1778237336000,37325,26.10139,44.77496,10.04189,93233,True,92.22868,3
20260508-002650,1778237348,2026-05-08 10:49:08+00:00,1778237348000,37337,26.10645,44.81272,10.04197,95683,True,79.85317,3
20260508-002650,1778237360,2026-05-08 10:49:20+00:00,1778237360000,37349,26.10645,44.85315,10.04183,94900,True,77.39446,3
20260508-002650,1778237372,2026-05-08 10:49:32+00:00,1778237372000,37361,26.1166,44.84772,10.04187,96209,True,74.14419,3
20260508-002650,1778237384,2026-05-08 10:49:44+00:00,1778237384000,37373,26.12674,44.81985,10.04197,96876,True,71.88893,3
20260508-002650,1778237396,2026-05-08 10:49:56+00:00,1778237396000,37385,26.11913,44.81511,10.04202,96764,True,70.8764,3
20260508-002650,1778237408,2026-05-08 10:50:08+00:00,1778237408000,37397,26.11913,44.73425,10.04195,97838,True,69.61024,3
20260508-002650,1778237420,2026-05-08 10:50:20+00:00,1778237420000,37409,26.11913,44.65386,10.04193,97781,True,68.96697,3
20260508-002650,1778237432,2026-05-08 10:50:32+00:00,1778237432000,37421,26.12674,44.54536,10.04204,98761,True,67.78362,3
20260508-002650,1778237444,2026-05-08 10:50:44+00:00,1778237444000,37433,26.11913,44.50716,10.04188,99406,True,66.56434,3
20260508-002650,1778237456,2026-05-08 10:50:56+00:00,1778237456000,37445,26.11913,44.50911,10.04206,98820,True,66.99205,3
20260508-002650,1778237468,2026-05-08 10:51:08+00:00,1778237468000,37457,26.1242,44.47914,10.04203,98703,True,66.60818,3
20260508-002650,1778237480,2026-05-08 10:51:20+00:00,1778237480000,37469,26.12927,44.48634,10.04208,98878,True,66.30753,3
20260508-002650,1778237492,2026-05-08 10:51:32+00:00,1778237492000,37481,26.1242,44.51556,10.04203,98529,True,66.6703,3
20260508-002650,1778237504,2026-05-08 10:51:44+00:00,1778237504000,37493,26.1242,44.56486,10.04215,98471,True,66.60521,3
20260508-002650,1778237516,2026-05-08 10:51:56+00:00,1778237516000,37505,26.12167,44.57773,10.04196,98413,True,66.56277,3
20260508-002650,1778237529,2026-05-08 10:52:09+00:00,1778237529000,37518,26.03039,45.31944,10.04203,86226,True,77.50439,3
20260508-002650,1778237541,2026-05-08 10:52:21+00:00,1778237541000,37530,26.10139,44.7625,10.04209,95032,True,81.24559,3
20260508-002650,1778237553,2026-05-08 10:52:33+00:00,1778237553000,37542,26.1166,44.60214,10.04224,96209,True,76.45384,3
20260508-002650,1778237565,2026-05-08 10:52:45+00:00,1778237565000,37554,26.1166,44.52247,10.04202,97953,True,71.66794,3
20260508-002650,1778237577,2026-05-08 10:52:57+00:00,1778237577000,37566,26.1242,44.50907,10.04219,98125,True,69.24871,3
20260508-002650,1778237589,2026-05-08 10:53:09+00:00,1778237589000,37578,26.12167,44.56609,10.04229,98067,True,68.13908,3
20260508-002650,1778237601,2026-05-08 10:53:21+00:00,1778237601000,37590,26.11913,44.63409,10.04221,98587,True,67.68636,3
20260508-002650,1778237613,2026-05-08 10:53:33+00:00,1778237613000,37602,26.12167,44.67697,10.04236,98529,True,67.42729,3
20260508-002650,1778237625,2026-05-08 10:53:45+00:00,1778237625000,37614,26.12167,44.72627,10.04224,98820,True,66.92896,3
20260508-002650,1778237637,2026-05-08 10:53:57+00:00,1778237637000,37626,26.12927,44.79361,10.04252,98471,True,66.81691,3
20260508-002650,1778237649,2026-05-08 10:54:09+00:00,1778237649000,37638,26.11913,44.87895,10.04223,98645,True,66.48592,3
20260508-002650,1778237661,2026-05-08 10:54:21+00:00,1778237661000,37650,26.1242,44.90657,10.04228,98587,True,66.80898,3
20260508-002650,1778237673,2026-05-08 10:54:33+00:00,1778237673000,37662,26.12167,44.95469,10.04245,98703,True,66.7485,3
20260508-002650,1778237685,2026-05-08 10:54:45+00:00,1778237685000,37674,26.12674,44.95055,10.04239,98761,True,65.69662,3
20260508-002650,1778237697,2026-05-08 10:54:57+00:00,1778237697000,37686,26.11913,44.94804,10.04234,98878,True,65.78947,3
20260508-002650,1778237711,2026-05-08 10:55:11+00:00,1778237711000,37701,26.17532,44.82785,10.04243,98413,True,66.15076,3
20260508-002650,1778237723,2026-05-08 10:55:23+00:00,1778237723000,37713,26.08871,45.10658,10.04237,89641,True,94.28905,3
20260508-002650,1778237736,2026-05-08 10:55:36+00:00,1778237736000,37725,26.07349,45.06681,10.04232,88504,True,95.95061,3
20260508-002650,1778237748,2026-05-08 10:55:48+00:00,1778237748000,37737,26.10139,44.81969,10.04254,95248,True,83.60246,3
20260508-002650,1778237760,2026-05-08 10:56:00+00:00,1778237760000,37749,26.10139,44.85237,10.04221,95769,True,76.84503,3
20260508-002650,1778237772,2026-05-08 10:56:12+00:00,1778237772000,37761,26.10645,44.86124,10.04231,96209,True,73.46751,3
20260508-002650,1778237784,2026-05-08 10:56:24+00:00,1778237784000,37773,26.1166,44.85056,10.04256,97553,True,70.37199,3
20260508-002650,1778237796,2026-05-08 10:56:36+00:00,1778237796000,37785,26.10899,44.87332,10.04228,98010,True,68.96799,3
20260508-002650,1778237809,2026-05-08 10:56:49+00:00,1778237809000,37798,26.08871,45.12501,10.04239,93130,True,77.08909,3
20260508-002650,1778237822,2026-05-08 10:57:02+00:00,1778237822000,37811,26.0101,45.65201,10.04232,82085,True,89.13046,3
20260508-002650,1778237834,2026-05-08 10:57:14+00:00,1778237834000,37823,26.08871,45.08401,10.04222,92615,True,89.05547,3
20260508-002650,1778237846,2026-05-08 10:57:26+00:00,1778237846000,37835,26.09885,44.94781,10.04224,95224,True,78.92969,3
20260508-002650,1778237858,2026-05-08 10:57:38+00:00,1778237858000,37847,26.10645,44.85285,10.04238,96653,True,74.131,3
20260508-002650,1778237870,2026-05-08 10:57:50+00:00,1778237870000,37859,26.10139,44.75773,10.04209,97157,True,71.43925,3
20260508-002650,1778237882,2026-05-08 10:58:02+00:00,1778237882000,37871,26.11153,44.58872,10.04234,98820,True,68.63334,3
20260508-002650,1778237903,2026-05-08 10:58:23+00:00,1778237903000,37893,26.16812,44.43488,10.04237,98471,True,68.08748,3
20260508-002650,1778237914,2026-05-08 10:58:34+00:00,1778237914000,37904,25.98221,45.45353,10.04231,69775,True,114.28018,3
20260508-002650,1778237926,2026-05-08 10:58:46+00:00,1778237926000,37916,26.07856,44.71901,10.04256,86493,True,113.10988,3
20260508-002650,1778237938,2026-05-08 10:58:58+00:00,1778237938000,37928,26.08364,44.6479,10.04252,93337,True,91.53677,3
20260508-002650,1778237950,2026-05-08 10:59:10+00:00,1778237950000,37940,26.09631,44.57291,10.04264,94366,True,80.67052,3
20260508-002650,1778237962,2026-05-08 10:59:22+00:00,1778237962000,37952,26.09631,44.54172,10.04273,95769,True,76.84225,3
20260508-002650,1778237974,2026-05-08 10:59:34+00:00,1778237974000,37964,26.09885,44.53389,10.0427,97553,True,72.29565,3
20260508-002650,1778237986,2026-05-08 10:59:46+00:00,1778237986000,37976,26.10899,44.50151,10.04275,97383,True,71.33948,3
20260508-002650,1778237998,2026-05-08 10:59:58+00:00,1778237998000,37988,26.10645,44.53993,10.0428,98067,True,69.77213,3
20260508-002650,1778238010,2026-05-08 11:00:10+00:00,1778238010000,38000,26.11406,44.55124,10.04305,98587,True,68.1404,3
20260508-002650,1778238022,2026-05-08 11:00:22+00:00,1778238022000,38012,26.10392,44.56715,10.04294,97838,True,68.39017,3
20260508-002650,1778238034,2026-05-08 11:00:34+00:00,1778238034000,38024,26.10899,44.52733,10.043,99288,True,66.48281,3
20260508-002650,1778238046,2026-05-08 11:00:46+00:00,1778238046000,38036,26.11406,44.51054,10.0431,98761,True,66.45228,3
20260508-002650,1778238058,2026-05-08 11:00:58+00:00,1778238058000,38048,26.11406,44.53443,10.04308,99053,True,66.20518,3
20260508-002650,1778238070,2026-05-08 11:01:10+00:00,1778238070000,38060,26.10899,44.54537,10.0431,99171,True,65.67919,3
20260508-002650,1778238083,2026-05-08 11:01:23+00:00,1778238083000,38072,26.10899,44.54075,10.04316,98820,True,65.93745,3
20260508-002650,1778238095,2026-05-08 11:01:35+00:00,1778238095000,38084,26.11406,44.49097,10.04327,99229,True,65.44922,3
20260508-002650,1778238107,2026-05-08 11:01:47+00:00,1778238107000,38096,26.1166,44.52509,10.04331,99643,True,65.15055,3
20260508-002650,1778238119,2026-05-08 11:01:59+00:00,1778238119000,38108,26.1166,44.52827,10.04338,99643,True,64.58676,3
20260508-002650,1778238131,2026-05-08 11:02:11+00:00,1778238131000,38120,26.1166,44.50264,10.04351,99940,True,64.86133,3
20260508-002650,1778238143,2026-05-08 11:02:23+00:00,1778238143000,38132,26.11406,44.46471,10.04362,99465,True,64.92186,3
20260508-002650,1778238155,2026-05-08 11:02:35+00:00,1778238155000,38144,26.11153,44.47563,10.04346,99940,True,64.07722,3
20260508-002650,1778238167,2026-05-08 11:02:47+00:00,1778238167000,38156,26.11406,44.49156,10.04348,99821,True,64.23051,3
20260508-002650,1778238179,2026-05-08 11:02:59+00:00,1778238179000,38168,26.11406,44.5717,10.04356,99761,True,64.15273,3
20260508-002650,1778238191,2026-05-08 11:03:11+00:00,1778238191000,38180,26.1166,44.5456,10.04361,99524,True,64.19511,3
20260508-002650,1778238203,2026-05-08 11:03:23+00:00,1778238203000,38192,26.11406,44.49176,10.04384,100059,True,63.87455,3
20260508-002650,1778238215,2026-05-08 11:03:35+00:00,1778238215000,38204,26.1166,44.43398,10.04356,99171,True,64.3057,3
20260508-002650,1778238227,2026-05-08 11:03:47+00:00,1778238227000,38216,26.10645,44.56116,10.04375,100299,True,63.2584,3
20260508-002650,1778238239,2026-05-08 11:03:59+00:00,1778238239000,38228,26.1166,44.63649,10.04377,100299,True,63.79112,3
20260508-002650,1778238251,2026-05-08 11:04:11+00:00,1778238251000,38240,26.11406,44.68121,10.04384,100239,True,63.59355,3
20260508-002650,1778238263,2026-05-08 11:04:23+00:00,1778238263000,38252,26.1166,44.65341,10.04391,100059,True,63.58807,3
20260508-002650,1778238275,2026-05-08 11:04:35+00:00,1778238275000,38264,26.1166,44.56062,10.04384,100000,True,63.92444,3
20260508-002650,1778238287,2026-05-08 11:04:47+00:00,1778238287000,38276,26.11406,44.54735,10.04385,100239,True,63.03675,3
20260508-002650,1778238299,2026-05-08 11:04:59+00:00,1778238299000,38288,26.11913,44.48203,10.04406,100119,True,63.03088,3
20260508-002650,1778238311,2026-05-08 11:05:11+00:00,1778238311000,38300,26.11406,44.47337,10.04385,100059,True,63.0268,3
20260508-002650,1778238323,2026-05-08 11:05:23+00:00,1778238323000,38312,26.11153,44.51907,10.04383,100540,True,62.79918,3
20260508-002650,1778238335,2026-05-08 11:05:35+00:00,1778238335000,38324,26.1166,44.5535,10.04414,100299,True,62.71358,3
20260508-002650,1778238347,2026-05-08 11:05:47+00:00,1778238347000,38336,26.1166,44.59731,10.04395,99940,True,62.73494,3
20260508-002650,1778238359,2026-05-08 11:05:59+00:00,1778238359000,38348,26.11153,44.57294,10.04388,99821,True,63.19068,3
20260508-002650,1778238371,2026-05-08 11:06:11+00:00,1778238371000,38360,26.11406,44.54694,10.04396,100239,True,62.65368,3
20260508-002650,1778238383,2026-05-08 11:06:23+00:00,1778238383000,38372,26.1166,44.54414,10.04398,100359,True,62.8065,3
20260508-002650,1778238395,2026-05-08 11:06:35+00:00,1778238395000,38384,26.1166,44.43575,10.04412,100782,True,62.39013,3
20260508-002650,1778238407,2026-05-08 11:06:47+00:00,1778238407000,38396,26.1166,44.32406,10.04405,100600,True,62.54231,3
20260508-002650,1778238417,2026-05-08 11:06:57+00:00,1778238417000,38406,26.03799,44.69892,10.04396,92105,True,69.83571,3
20260508-002650,1778238429,2026-05-08 11:07:09+00:00,1778238429000,38418,26.09885,44.28582,10.0438,96876,True,73.42078,3
20260508-002650,1778238441,2026-05-08 11:07:21+00:00,1778238441000,38430,26.10899,44.21976,10.04405,99465,True,68.35252,3
20260508-002650,1778238453,2026-05-08 11:07:33+00:00,1778238453000,38442,26.11153,44.28273,10.04401,100059,True,65.10464,3
20260508-002650,1778238465,2026-05-08 11:07:45+00:00,1778238465000,38454,26.10645,44.36047,10.04373,100239,True,64.00876,3
20260508-002650,1778238477,2026-05-08 11:07:57+00:00,1778238477000,38466,26.10645,44.40926,10.0437,99524,True,63.79344,3
20260508-002650,1778238489,2026-05-08 11:08:09+00:00,1778238489000,38478,26.10899,44.44165,10.04375,100239,True,63.29491,3
20260508-002650,1778238501,2026-05-08 11:08:21+00:00,1778238501000,38490,26.11153,44.52489,10.04413,100782,True,62.92161,3
20260508-002650,1778238513,2026-05-08 11:08:33+00:00,1778238513000,38502,26.11153,44.51303,10.04392,100179,True,63.17923,3
20260508-002650,1778238525,2026-05-08 11:08:45+00:00,1778238525000,38514,26.11406,44.48331,10.04384,100239,True,62.54836,3
20260508-002650,1778238537,2026-05-08 11:08:57+00:00,1778238537000,38526,26.10645,44.43652,10.0438,100540,True,62.02068,3
20260508-002650,1778238549,2026-05-08 11:09:09+00:00,1778238549000,38538,26.10899,44.41658,10.04372,101269,True,61.56704,3
20260508-002650,1778238561,2026-05-08 11:09:21+00:00,1778238561000,38550,26.11406,44.34729,10.04366,100661,True,62.05402,3
20260508-002650,1778238573,2026-05-08 11:09:33+00:00,1778238573000,38562,26.1166,44.30487,10.0436,100359,True,61.94031,3
20260508-002650,1778238585,2026-05-08 11:09:45+00:00,1778238585000,38574,26.10392,44.42804,10.0435,100903,True,62.10765,3
20260508-002650,1778238597,2026-05-08 11:09:57+00:00,1778238597000,38586,26.10899,44.43101,10.04347,100661,True,61.86454,3
20260508-002650,1778238609,2026-05-08 11:10:09+00:00,1778238609000,38598,26.10899,44.43015,10.04358,100661,True,61.64492,3
20260508-002650,1778238621,2026-05-08 11:10:21+00:00,1778238621000,38610,26.10899,44.42999,10.04353,101453,True,61.235,3
20260508-002650,1778238633,2026-05-08 11:10:33+00:00,1778238633000,38622,26.11406,44.38384,10.04356,100903,True,61.63465,3
20260508-002650,1778238645,2026-05-08 11:10:45+00:00,1778238645000,38634,26.11406,44.39598,10.04354,100600,True,61.41193,3
20260508-002650,1778238657,2026-05-08 11:10:57+00:00,1778238657000,38646,26.11406,44.47459,10.0435,101086,True,61.48328,3
20260508-002650,1778238669,2026-05-08 11:11:09+00:00,1778238669000,38658,26.10899,44.56225,10.04347,100721,True,62.14328,3
20260508-002650,1778238681,2026-05-08 11:11:21+00:00,1778238681000,38670,26.10645,44.62261,10.04347,100600,True,61.71644,3
20260508-002650,1778238693,2026-05-08 11:11:33+00:00,1778238693000,38682,26.10392,44.63455,10.0432,100782,True,61.92185,3
20260508-002650,1778238705,2026-05-08 11:11:45+00:00,1778238705000,38694,26.10392,44.64739,10.04325,100721,True,61.78975,3
20260508-002650,1778238717,2026-05-08 11:11:57+00:00,1778238717000,38706,26.10645,44.64471,10.04345,100600,True,62.10119,3
20260508-002650,1778238729,2026-05-08 11:12:09+00:00,1778238729000,38718,26.10899,44.62772,10.04328,100419,True,62.73518,3
20260508-002650,1778238741,2026-05-08 11:12:21+00:00,1778238741000,38730,26.10645,44.63637,10.04327,100419,True,61.92236,3
20260508-002650,1778238753,2026-05-08 11:12:33+00:00,1778238753000,38742,26.10645,44.65688,10.04333,100600,True,61.97623,3
20260508-002650,1778238765,2026-05-08 11:12:45+00:00,1778238765000,38754,26.10899,44.67099,10.04342,100000,True,62.75171,3
20260508-002650,1778238777,2026-05-08 11:12:57+00:00,1778238777000,38766,26.10645,44.64877,10.04315,100299,True,62.83264,3
20260508-002650,1778238789,2026-05-08 11:13:09+00:00,1778238789000,38778,26.11153,44.60788,10.04314,100600,True,61.9916,3
20260508-002650,1778238801,2026-05-08 11:13:21+00:00,1778238801000,38790,26.10645,44.49699,10.04315,100600,True,61.49006,3
20260508-002650,1778238813,2026-05-08 11:13:33+00:00,1778238813000,38802,26.10899,44.376,10.0434,100661,True,61.42049,3
20260508-002650,1778238825,2026-05-08 11:13:45+00:00,1778238825000,38814,26.10645,44.28285,10.04312,101025,True,61.48809,3
20260508-002650,1778238836,2026-05-08 11:13:56+00:00,1778238836000,38825,26.02024,44.8022,10.04312,90317,True,70.26139,3
20260508-002650,1778238848,2026-05-08 11:14:08+00:00,1778238848000,38837,26.08871,44.3353,10.04309,95878,True,75.33207,3
20260508-002650,1778238860,2026-05-08 11:14:20+00:00,1778238860000,38849,26.09885,44.21051,10.04312,99112,True,69.1689,3
20260508-002650,1778238872,2026-05-08 11:14:32+00:00,1778238872000,38861,26.10645,44.16497,10.04317,100059,True,65.35042,3
20260508-002650,1778238884,2026-05-08 11:14:44+00:00,1778238884000,38873,26.10899,44.24358,10.0433,100000,True,64.27301,3
20260508-002650,1778238896,2026-05-08 11:14:56+00:00,1778238896000,38885,26.10645,44.29403,10.04317,101208,True,61.91087,3
20260508-002650,1778238908,2026-05-08 11:15:08+00:00,1778238908000,38897,26.10392,44.35532,10.04316,101086,True,62.05757,3
20260508-002650,1778238920,2026-05-08 11:15:20+00:00,1778238920000,38909,26.10645,44.37728,10.04313,100782,True,62.25098,3
20260508-002650,1778238932,2026-05-08 11:15:32+00:00,1778238932000,38921,26.10899,44.35287,10.04326,101330,True,61.25114,3
20260508-002650,1778238944,2026-05-08 11:15:44+00:00,1778238944000,38933,26.10899,44.36715,10.0433,101086,True,61.3179,3
20260508-002650,1778238956,2026-05-08 11:15:56+00:00,1778238956000,38945,26.10645,44.4111,10.04312,100661,True,61.62354,3
20260508-002650,1778238968,2026-05-08 11:16:08+00:00,1778238968000,38957,26.10645,44.44992,10.0431,100359,True,62.55189,3
20260508-002650,1778238980,2026-05-08 11:16:20+00:00,1778238980000,38969,26.10645,44.47422,10.04336,100782,True,61.96709,3
20260508-002650,1778238991,2026-05-08 11:16:31+00:00,1778238991000,38980,26.15367,44.3471,10.04314,101025,True,61.70642,3
20260508-002650,1778239004,2026-05-08 11:16:44+00:00,1778239004000,38993,26.06489,45.07902,10.04322,86493,True,74.65623,3
20260508-002650,1778239016,2026-05-08 11:16:56+00:00,1778239016000,39005,26.07096,44.78209,10.04342,87854,True,103.55844,3
20260508-002650,1778239028,2026-05-08 11:17:08+00:00,1778239028000,39017,26.0811,44.56729,10.04327,95356,True,85.88821,3
20260508-002650,1778239040,2026-05-08 11:17:20+00:00,1778239040000,39029,26.08617,44.42825,10.04326,96876,True,77.01235,3
20260508-002650,1778239052,2026-05-08 11:17:32+00:00,1778239052000,39041,26.09124,44.31758,10.04335,98820,True,70.40334,3
20260508-002650,1778239064,2026-05-08 11:17:44+00:00,1778239064000,39053,26.09378,44.23067,10.04323,99583,True,67.12864,3
20260508-002650,1778239076,2026-05-08 11:17:56+00:00,1778239076000,39065,26.09885,44.14267,10.04348,99880,True,65.16745,3
20260508-002650,1778239088,2026-05-08 11:18:08+00:00,1778239088000,39077,26.09378,44.1334,10.04332,99880,True,64.16054,3
20260508-002650,1778239100,2026-05-08 11:18:20+00:00,1778239100000,39089,26.09378,44.13597,10.04346,100661,True,62.65841,3
20260508-002650,1778239112,2026-05-08 11:18:32+00:00,1778239112000,39101,26.09631,44.19862,10.04343,100964,True,62.33397,3
20260508-002650,1778239124,2026-05-08 11:18:44+00:00,1778239124000,39113,26.09885,44.24963,10.04356,100179,True,62.38752,3
20260508-002650,1778239136,2026-05-08 11:18:56+00:00,1778239136000,39125,26.10392,44.29944,10.0436,100721,True,61.9508,3
20260508-002650,1778239148,2026-05-08 11:19:08+00:00,1778239148000,39137,26.09885,44.38874,10.04342,101086,True,61.52806,3
20260508-002650,1778239160,2026-05-08 11:19:20+00:00,1778239160000,39149,26.10139,44.41459,10.04361,100600,True,62.1841,3
20260508-002650,1778239172,2026-05-08 11:19:32+00:00,1778239172000,39161,26.10139,44.47293,10.0437,100964,True,61.60229,3
20260508-002650,1778239184,2026-05-08 11:19:44+00:00,1778239184000,39173,26.10392,44.47969,10.0436,101453,True,61.38245,3
20260508-002650,1778239194,2026-05-08 11:19:54+00:00,1778239194000,39183,26.02785,44.99207,10.04359,92308,True,69.21358,3
20260508-002650,1778239205,2026-05-08 11:20:05+00:00,1778239205000,39194,26.01517,45.1403,10.04377,86049,True,82.26648,3
20260508-002650,1778239216,2026-05-08 11:20:16+00:00,1778239216000,39205,25.99742,45.17947,10.04356,82004,True,95.6689,3
20260508-002650,1778239228,2026-05-08 11:20:28+00:00,1778239228000,39217,26.07349,44.57506,10.04366,94602,True,88.61972,3
20260508-002650,1778239240,2026-05-08 11:20:40+00:00,1778239240000,39229,26.08617,44.44744,10.04358,96541,True,78.00733,3
20260508-002650,1778239252,2026-05-08 11:20:52+00:00,1778239252000,39241,26.08871,44.37978,10.04369,97838,True,70.84358,3
20260508-002650,1778239264,2026-05-08 11:21:04+00:00,1778239264000,39253,26.08871,44.35098,10.04383,99406,True,66.74644,3
20260508-002650,1778239276,2026-05-08 11:21:16+00:00,1778239276000,39265,26.09378,44.33381,10.0439,100000,True,64.77376,3
20260508-002650,1778239289,2026-05-08 11:21:29+00:00,1778239289000,39278,26.14614,44.1851,10.04366,100540,True,64.05054,3
20260508-002650,1778239309,2026-05-08 11:21:49+00:00,1778239309000,39298,26.04321,44.95726,10.04365,82408,True,80.43799,3
20260508-002650,1778239321,2026-05-08 11:22:01+00:00,1778239321000,39310,26.0456,44.51656,10.04375,82652,True,121.85236,3
20260508-002650,1778239333,2026-05-08 11:22:13+00:00,1778239333000,39322,26.06842,44.36506,10.0438,92105,True,98.74432,3
20260508-002650,1778239345,2026-05-08 11:22:25+00:00,1778239345000,39334,26.07603,44.36071,10.04384,94793,True,83.21175,3
20260508-002650,1778239357,2026-05-08 11:22:37+00:00,1778239357000,39346,26.0811,44.37821,10.04387,97497,True,75.82949,3
20260508-002650,1778239369,2026-05-08 11:22:49+00:00,1778239369000,39358,26.08617,44.3604,10.0439,97724,True,71.46944,3
20260508-002650,1778239381,2026-05-08 11:23:01+00:00,1778239381000,39370,26.08364,44.38219,10.04412,99347,True,68.27371,3
20260508-002650,1778239393,2026-05-08 11:23:13+00:00,1778239393000,39382,26.09378,44.33784,10.04426,98995,True,66.8438,3
20260508-002650,1778239405,2026-05-08 11:23:25+00:00,1778239405000,39394,26.09124,44.32156,10.0441,99821,True,64.85887,3
20260508-002650,1778239417,2026-05-08 11:23:37+00:00,1778239417000,39406,26.09124,44.25822,10.04415,100299,True,64.03771,3
20260508-002650,1778239429,2026-05-08 11:23:49+00:00,1778239429000,39418,26.09378,44.1991,10.044,100239,True,63.11343,3
20260508-002650,1778239441,2026-05-08 11:24:01+00:00,1778239441000,39430,26.09631,44.17362,10.04415,100479,True,63.50725,3
20260508-002650,1778239453,2026-05-08 11:24:13+00:00,1778239453000,39442,26.09631,44.17656,10.04408,100661,True,63.0005,3
20260508-002650,1778239465,2026-05-08 11:24:25+00:00,1778239465000,39454,26.09378,44.16665,10.04423,101576,True,61.91103,3
20260508-002650,1778239477,2026-05-08 11:24:37+00:00,1778239477000,39466,26.09631,44.13979,10.0442,101086,True,61.48898,3
20260508-002650,1778239489,2026-05-08 11:24:49+00:00,1778239489000,39478,26.09885,44.13073,10.04442,101086,True,60.98615,3
20260508-002650,1778239502,2026-05-08 11:25:02+00:00,1778239502000,39491,26.15882,43.97881,10.0443,100903,True,61.29862,3
20260508-002650,1778239514,2026-05-08 11:25:14+00:00,1778239514000,39503,26.07349,44.43805,10.04447,93026,True,86.24408,3
20260508-002650,1778239526,2026-05-08 11:25:26+00:00,1778239526000,39515,26.08364,44.29751,10.04461,97214,True,77.74651,3
20260508-002650,1778239538,2026-05-08 11:25:38+00:00,1778239538000,39527,26.08617,44.28828,10.0443,99053,True,70.8387,3
20260508-002650,1778239550,2026-05-08 11:25:50+00:00,1778239550000,39539,26.09124,44.26258,10.04435,100000,True,66.21835,3
20260508-002650,1778239562,2026-05-08 11:26:02+00:00,1778239562000,39551,26.09378,44.21067,10.04453,100359,True,64.26009,3
20260508-002650,1778239574,2026-05-08 11:26:14+00:00,1778239574000,39563,26.09378,44.11248,10.04465,100239,True,62.8786,3
20260508-002650,1778239586,2026-05-08 11:26:26+00:00,1778239586000,39575,26.09378,44.02853,10.04451,101208,True,61.85098,3
20260508-002650,1778239598,2026-05-08 11:26:38+00:00,1778239598000,39587,26.09885,44.02231,10.04477,101823,True,60.37656,3
20260508-002650,1778239610,2026-05-08 11:26:50+00:00,1778239610000,39599,26.09631,44.05658,10.04474,100842,True,61.01831,3
20260508-002650,1778239622,2026-05-08 11:27:02+00:00,1778239622000,39611,26.09124,44.08738,10.04477,101453,True,60.50235,3
20260508-002650,1778239634,2026-05-08 11:27:14+00:00,1778239634000,39623,26.09885,44.09898,10.04459,101453,True,60.48782,3
20260508-002650,1778239646,2026-05-08 11:27:26+00:00,1778239646000,39635,26.09378,44.16589,10.04481,101025,True,60.9146,3
20260508-002650,1778239658,2026-05-08 11:27:38+00:00,1778239658000,39647,26.09885,44.19398,10.04508,101269,True,60.87208,3
20260508-002650,1778239670,2026-05-08 11:27:50+00:00,1778239670000,39659,26.09378,44.21273,10.04491,102134,True,59.8245,3
20260508-002650,1778239682,2026-05-08 11:28:02+00:00,1778239682000,39671,26.09885,44.17223,10.04477,101576,True,59.91873,3
20260508-002650,1778239694,2026-05-08 11:28:14+00:00,1778239694000,39683,26.09631,44.17838,10.0449,101823,True,59.20132,3
20260508-002650,1778239706,2026-05-08 11:28:26+00:00,1778239706000,39695,26.09885,44.2095,10.04491,101823,True,59.67167,3
20260508-002650,1778239718,2026-05-08 11:28:38+00:00,1778239718000,39707,26.09378,44.30589,10.04504,101086,True,60.39014,3
20260508-002650,1778239730,2026-05-08 11:28:50+00:00,1778239730000,39719,26.09885,44.30216,10.04506,101700,True,60.23768,3
20260508-002650,1778239742,2026-05-08 11:29:02+00:00,1778239742000,39731,26.09885,44.30048,10.04505,101823,True,59.47706,3
20260508-002650,1778239754,2026-05-08 11:29:14+00:00,1778239754000,39743,26.10139,44.25633,10.04507,102071,True,59.57766,3
20260508-002650,1778239766,2026-05-08 11:29:26+00:00,1778239766000,39755,26.09631,44.24837,10.04492,102196,True,58.89795,3
20260508-002650,1778239778,2026-05-08 11:29:38+00:00,1778239778000,39767,26.09378,44.2309,10.04533,101947,True,58.76904,3
20260508-002650,1778239790,2026-05-08 11:29:50+00:00,1778239790000,39779,26.10139,44.2137,10.04519,101392,True,59.6444,3
20260508-002650,1778239802,2026-05-08 11:30:02+00:00,1778239802000,39791,26.09631,44.22821,10.04509,101823,True,59.19756,3
20260508-002650,1778239814,2026-05-08 11:30:14+00:00,1778239814000,39803,26.09124,44.24469,10.04524,101947,True,58.91974,3
20260508-002650,1778239826,2026-05-08 11:30:26+00:00,1778239826000,39815,26.09885,44.22352,10.04512,101885,True,58.97714,3
20260508-002650,1778239838,2026-05-08 11:30:38+00:00,1778239838000,39827,26.09631,44.24242,10.04517,102321,True,59.01765,3
20260508-002650,1778239850,2026-05-08 11:30:50+00:00,1778239850000,39839,26.08617,44.26864,10.04502,102571,True,58.29219,3
20260508-002650,1778239862,2026-05-08 11:31:02+00:00,1778239862000,39851,26.09378,44.3125,10.04519,102634,True,58.21777,3
20260508-002650,1778239874,2026-05-08 11:31:14+00:00,1778239874000,39863,26.09124,44.32992,10.0451,101700,True,59.42848,3
20260508-002650,1778239886,2026-05-08 11:31:26+00:00,1778239886000,39875,26.09124,44.33283,10.04524,101453,True,58.84606,3
20260508-002650,1778239898,2026-05-08 11:31:38+00:00,1778239898000,39887,26.09124,44.35955,10.04528,102071,True,58.53164,3
20260508-002650,1778239910,2026-05-08 11:31:50+00:00,1778239910000,39899,26.09378,44.33984,10.04523,101330,True,59.30234,3
20260508-002650,1778239922,2026-05-08 11:32:02+00:00,1778239922000,39911,26.09885,44.32106,10.04557,101823,True,58.57118,3
20260508-002650,1778239934,2026-05-08 11:32:14+00:00,1778239934000,39923,26.09631,44.35538,10.04539,102134,True,59.10588,3
20260508-002650,1778239946,2026-05-08 11:32:26+00:00,1778239946000,39935,26.09885,44.34564,10.04552,101208,True,59.43109,3
20260508-002650,1778239958,2026-05-08 11:32:38+00:00,1778239958000,39947,26.08871,44.35043,10.04552,101515,True,58.78799,3
20260508-002650,1778239970,2026-05-08 11:32:50+00:00,1778239970000,39959,26.09631,44.27419,10.04555,102258,True,58.27996,3
20260508-002650,1778239982,2026-05-08 11:33:02+00:00,1778239982000,39971,26.09124,44.21893,10.04561,102321,True,58.36553,3
20260508-002650,1778239994,2026-05-08 11:33:14+00:00,1778239994000,39983,26.09631,44.19891,10.04574,102071,True,57.70658,3
20260508-002650,1778240006,2026-05-08 11:33:26+00:00,1778240006000,39995,26.09124,44.12813,10.04561,102383,True,57.67495,3
20260508-002650,1778240018,2026-05-08 11:33:38+00:00,1778240018000,40007,26.09631,44.08217,10.04585,103013,True,57.25761,3
20260508-002650,1778240030,2026-05-08 11:33:50+00:00,1778240030000,40019,26.09124,44.00259,10.0458,102823,True,57.23832,3
20260508-002650,1778240042,2026-05-08 11:34:02+00:00,1778240042000,40031,26.09378,43.98299,10.0459,103203,True,56.91348,3
20260508-002650,1778240054,2026-05-08 11:34:14+00:00,1778240054000,40043,26.09124,44.09035,10.04572,102886,True,57.06343,3
20260508-002650,1778240066,2026-05-08 11:34:26+00:00,1778240066000,40055,26.09124,44.17208,10.04584,102697,True,57.49332,3
20260508-002650,1778240078,2026-05-08 11:34:38+00:00,1778240078000,40067,26.09378,44.23428,10.04583,102950,True,57.315,3
20260508-002650,1778240090,2026-05-08 11:34:50+00:00,1778240090000,40079,26.09885,44.25879,10.04593,102446,True,57.22148,3
20260508-002650,1778240102,2026-05-08 11:35:02+00:00,1778240102000,40091,26.09885,44.28894,10.04601,102886,True,57.45247,3
20260508-002650,1778240114,2026-05-08 11:35:14+00:00,1778240114000,40103,26.09378,44.33796,10.04598,103013,True,57.74263,3
20260508-002650,1778240126,2026-05-08 11:35:26+00:00,1778240126000,40115,26.09124,44.38221,10.04573,102509,True,58.01073,3
20260508-002650,1778240138,2026-05-08 11:35:38+00:00,1778240138000,40127,26.09885,44.34646,10.04626,102196,True,58.48809,3
20260508-002650,1778240235,2026-05-08 11:37:15+00:00,1778240235000,40224,26.00503,44.5798,10.04591,64908,True,178.83183,3
20260508-002650,1778240247,2026-05-08 11:37:27+00:00,1778240247000,40236,26.03039,44.28531,10.04609,80275,True,146.64041,3
20260508-002650,1778240259,2026-05-08 11:37:39+00:00,1778240259000,40248,26.04053,44.23106,10.04608,88785,True,113.05786,3
20260508-002650,1778240271,2026-05-08 11:37:51+00:00,1778240271000,40260,26.04814,44.19384,10.04597,93755,True,92.14425,3
20260508-002650,1778240283,2026-05-08 11:38:03+00:00,1778240283000,40272,26.05321,44.15688,10.04621,94579,True,82.15573,3
20260508-002650,1778240295,2026-05-08 11:38:15+00:00,1778240295000,40284,26.05828,44.15017,10.04615,96319,True,77.58858,3
20260508-002650,1778240307,2026-05-08 11:38:27+00:00,1778240307000,40296,26.06842,44.17952,10.04647,98010,True,72.79919,3
20260508-002650,1778240319,2026-05-08 11:38:39+00:00,1778240319000,40308,26.07096,44.19256,10.04618,98936,True,70.17523,3
20260508-002650,1778240331,2026-05-08 11:38:51+00:00,1778240331000,40320,26.07096,44.24075,10.0462,99406,True,67.57474,3
20260508-002650,1778240342,2026-05-08 11:39:02+00:00,1778240342000,40331,25.97968,44.80554,10.04594,88691,True,76.88157,3
20260508-002650,1778240354,2026-05-08 11:39:14+00:00,1778240354000,40343,26.06082,44.29527,10.04621,95170,True,79.92403,3
20260508-002650,1778240366,2026-05-08 11:39:26+00:00,1778240366000,40355,26.07349,44.2268,10.04618,97953,True,73.31854,3
20260508-002650,1778240378,2026-05-08 11:39:38+00:00,1778240378000,40367,26.07096,44.21234,10.04599,99524,True,68.28525,3
20260508-002650,1778240390,2026-05-08 11:39:50+00:00,1778240390000,40379,26.06589,44.24319,10.04589,100359,True,66.04831,3
20260508-002650,1778240402,2026-05-08 11:40:02+00:00,1778240402000,40391,26.0811,44.21428,10.04624,99761,True,64.79575,3
20260508-002650,1778240414,2026-05-08 11:40:14+00:00,1778240414000,40403,26.07603,44.23178,10.046,100964,True,62.7477,3
20260508-002650,1778240426,2026-05-08 11:40:26+00:00,1778240426000,40415,26.0811,44.20025,10.04631,101025,True,62.00124,3
20260508-002650,1778240438,2026-05-08 11:40:38+00:00,1778240438000,40427,26.0811,44.15185,10.04611,101761,True,60.65124,3
20260508-002650,1778240450,2026-05-08 11:40:50+00:00,1778240450000,40439,26.07603,44.10498,10.04609,101761,True,60.18973,3
20260508-002650,1778240463,2026-05-08 11:41:03+00:00,1778240463000,40452,26.05828,44.29452,10.04629,95224,True,70.00032,3
20260508-002650,1778240475,2026-05-08 11:41:15+00:00,1778240475000,40464,26.08617,44.05295,10.04613,99761,True,68.29151,3
20260508-002650,1778240487,2026-05-08 11:41:27+00:00,1778240487000,40476,26.07856,44.00612,10.04602,101330,True,63.85383,3
20260508-002650,1778240499,2026-05-08 11:41:39+00:00,1778240499000,40488,26.0811,44.07336,10.04611,101330,True,61.29271,3
20260508-002650,1778240511,2026-05-08 11:41:51+00:00,1778240511000,40500,26.08364,44.07288,10.04607,102321,True,59.69636,3
20260508-002650,1778240523,2026-05-08 11:42:03+00:00,1778240523000,40512,26.07856,44.13474,10.04597,101823,True,60.14461,3
20260508-002650,1778240535,2026-05-08 11:42:15+00:00,1778240535000,40524,26.0811,44.15675,10.04608,102886,True,58.62829,3
20260508-002650,1778240547,2026-05-08 11:42:27+00:00,1778240547000,40536,26.08617,44.15516,10.04597,102196,True,58.65048,3
20260508-002650,1778240559,2026-05-08 11:42:39+00:00,1778240559000,40548,26.0811,44.16413,10.04594,102258,True,58.83003,3
20260508-002650,1778240571,2026-05-08 11:42:51+00:00,1778240571000,40560,26.07856,44.19793,10.04583,102383,True,58.39048,3
20260508-002650,1778240583,2026-05-08 11:43:03+00:00,1778240583000,40572,26.0811,44.16744,10.04591,102886,True,58.39072,3
20260508-002650,1778240595,2026-05-08 11:43:15+00:00,1778240595000,40584,26.08617,44.10316,10.04595,103140,True,57.28021,3
20260508-002650,1778240607,2026-05-08 11:43:27+00:00,1778240607000,40596,26.08617,44.08366,10.04588,102321,True,57.76785,3
20260508-002650,1778240619,2026-05-08 11:43:39+00:00,1778240619000,40608,26.08617,44.06057,10.04597,103522,True,56.0542,3
20260508-002650,1778240631,2026-05-08 11:43:51+00:00,1778240631000,40620,26.0811,44.10326,10.04601,102886,True,57.03436,3
20260508-002650,1778240643,2026-05-08 11:44:03+00:00,1778240643000,40632,26.0811,44.08725,10.04585,103140,True,57.06671,3
20260508-002650,1778240655,2026-05-08 11:44:15+00:00,1778240655000,40644,26.09124,44.04108,10.0461,102886,True,57.28859,3
20260508-002650,1778240667,2026-05-08 11:44:27+00:00,1778240667000,40656,26.08617,44.03213,10.04621,103715,True,56.05724,3
20260508-002650,1778240679,2026-05-08 11:44:39+00:00,1778240679000,40668,26.08364,43.9757,10.04572,103586,True,55.40524,3
20260508-002650,1778240691,2026-05-08 11:44:51+00:00,1778240691000,40680,26.09124,43.83929,10.04601,104101,True,54.66865,3
20260508-002650,1778240703,2026-05-08 11:45:03+00:00,1778240703000,40692,26.08617,43.79278,10.04607,103908,True,55.03151,3
20260508-002650,1778240715,2026-05-08 11:45:15+00:00,1778240715000,40704,26.08617,43.78125,10.04602,104166,True,54.45719,3
20260508-002650,1778240727,2026-05-08 11:45:27+00:00,1778240727000,40716,25.98475,44.48522,10.04595,91302,True,65.56799,3
20260508-002650,1778240739,2026-05-08 11:45:39+00:00,1778240739000,40728,26.07603,44.00051,10.04612,98067,True,72.62247,3
20260508-002650,1778240751,2026-05-08 11:45:51+00:00,1778240751000,40740,26.07603,43.95931,10.04615,100299,True,66.56276,3
20260508-002650,1778240763,2026-05-08 11:46:03+00:00,1778240763000,40752,26.08617,43.93242,10.04625,102446,True,61.47299,3
20260508-002650,1778240775,2026-05-08 11:46:15+00:00,1778240775000,40764,26.08617,43.90187,10.04627,102886,True,59.00508,3
20260508-002650,1778240787,2026-05-08 11:46:27+00:00,1778240787000,40776,26.08617,43.8224,10.04643,103203,True,57.22307,3
20260508-002650,1778240799,2026-05-08 11:46:39+00:00,1778240799000,40788,26.08617,43.70385,10.04621,103586,True,56.0784,3
20260508-002650,1778240811,2026-05-08 11:46:51+00:00,1778240811000,40800,26.0811,43.63976,10.04626,104361,True,55.08938,3
20260508-002650,1778240823,2026-05-08 11:47:03+00:00,1778240823000,40812,26.0811,43.61013,10.04636,103843,True,54.81172,3
20260508-002650,1778240835,2026-05-08 11:47:15+00:00,1778240835000,40824,26.08617,43.63654,10.04632,104101,True,55.02797,3
20260508-002650,1778240847,2026-05-08 11:47:27+00:00,1778240847000,40836,26.08617,43.6699,10.04639,104361,True,54.60271,3
20260508-002650,1778240859,2026-05-08 11:47:39+00:00,1778240859000,40848,26.08871,43.74217,10.04645,104491,True,54.81195,3
20260508-002650,1778240871,2026-05-08 11:47:51+00:00,1778240871000,40860,26.08364,43.8115,10.04635,103972,True,54.75401,3
20260508-002650,1778240883,2026-05-08 11:48:03+00:00,1778240883000,40872,26.0811,43.85595,10.04631,103843,True,55.23399,3
20260508-002650,1778240895,2026-05-08 11:48:15+00:00,1778240895000,40884,26.08617,43.80577,10.04651,103908,True,55.01595,3
20260508-002650,1778240907,2026-05-08 11:48:27+00:00,1778240907000,40896,26.0811,43.7135,10.04627,104037,True,54.99801,3
20260508-002650,1778240919,2026-05-08 11:48:39+00:00,1778240919000,40908,26.09124,43.59099,10.04658,104231,True,54.42112,3
20260508-002650,1778240931,2026-05-08 11:48:51+00:00,1778240931000,40920,26.08871,43.50458,10.04641,104752,True,53.64718,3
20260508-002650,1778240943,2026-05-08 11:49:03+00:00,1778240943000,40932,26.08617,43.50411,10.04658,104426,True,53.65717,3
20260508-002650,1778240955,2026-05-08 11:49:15+00:00,1778240955000,40944,26.09124,43.57384,10.04661,104622,True,53.84968,3
20260508-002650,1778240967,2026-05-08 11:49:27+00:00,1778240967000,40956,26.08364,43.63812,10.04636,104556,True,53.36707,3
20260508-002650,1778240979,2026-05-08 11:49:39+00:00,1778240979000,40968,26.08364,43.64864,10.04652,105147,True,53.06323,3
20260508-002650,1778240991,2026-05-08 11:49:51+00:00,1778240991000,40980,26.08871,43.64405,10.0465,104884,True,53.31968,3
20260508-002650,1778241003,2026-05-08 11:50:03+00:00,1778241003000,40992,26.08617,43.6794,10.0466,104491,True,53.74995,3
20260508-002650,1778241015,2026-05-08 11:50:15+00:00,1778241015000,41004,26.08364,43.72839,10.04654,104101,True,54.64238,3
20260508-002650,1778241027,2026-05-08 11:50:27+00:00,1778241027000,41016,26.08617,43.80841,10.04658,104296,True,53.92697,3
20260508-002650,1778241039,2026-05-08 11:50:39+00:00,1778241039000,41028,26.08617,43.86662,10.04664,104818,True,53.69461,3
20260508-002650,1778241051,2026-05-08 11:50:51+00:00,1778241051000,41040,26.0811,43.90278,10.04655,104037,True,54.26507,3
20260508-002650,1778241064,2026-05-08 11:51:04+00:00,1778241064000,41053,26.06082,44.09807,10.04675,96264,True,67.16888,3
20260508-002650,1778241075,2026-05-08 11:51:15+00:00,1778241075000,41064,25.98982,44.35529,10.04658,89833,True,76.42816,3
20260508-002650,1778241087,2026-05-08 11:51:27+00:00,1778241087000,41076,26.06589,43.86016,10.04682,97781,True,75.80904,3
20260508-002650,1778241099,2026-05-08 11:51:39+00:00,1778241099000,41088,26.07603,43.82738,10.04686,100661,True,66.91944,3
20260508-002650,1778241111,2026-05-08 11:51:51+00:00,1778241111000,41100,26.07856,43.88499,10.04685,102760,True,61.10294,3
20260508-002650,1778241123,2026-05-08 11:52:03+00:00,1778241123000,41112,26.0811,43.95396,10.04678,103076,True,58.76118,3
20260508-002650,1778241135,2026-05-08 11:52:15+00:00,1778241135000,41124,26.08617,43.96677,10.0469,103972,True,56.49108,3
20260508-002650,1778241147,2026-05-08 11:52:27+00:00,1778241147000,41136,26.0811,44.01405,10.04685,103203,True,56.89397,3
20260508-002650,1778241159,2026-05-08 11:52:39+00:00,1778241159000,41148,26.0811,43.9912,10.04692,103843,True,55.87448,3
20260508-002650,1778241171,2026-05-08 11:52:51+00:00,1778241171000,41160,26.08617,43.89257,10.04681,103458,True,55.11491,3
20260508-002650,1778241183,2026-05-08 11:53:03+00:00,1778241183000,41172,26.0811,43.8258,10.04687,104101,True,54.88573,3
20260508-002650,1778241195,2026-05-08 11:53:15+00:00,1778241195000,41184,26.0811,43.74623,10.0468,103972,True,53.98816,3
20260508-002650,1778241207,2026-05-08 11:53:27+00:00,1778241207000,41196,26.07603,43.70888,10.04666,104361,True,54.24657,3
20260508-002650,1778241219,2026-05-08 11:53:39+00:00,1778241219000,41208,26.07856,43.57862,10.04662,104622,True,53.60625,3
20260508-002650,1778241231,2026-05-08 11:53:51+00:00,1778241231000,41220,26.08364,43.60085,10.04688,103843,True,54.11741,3
20260508-002650,1778241243,2026-05-08 11:54:03+00:00,1778241243000,41232,26.07856,43.66596,10.04676,104231,True,53.83179,3
20260508-002650,1778241255,2026-05-08 11:54:15+00:00,1778241255000,41244,26.08364,43.71434,10.04689,104426,True,53.74704,3
20260508-002650,1778241267,2026-05-08 11:54:27+00:00,1778241267000,41256,26.07856,43.76053,10.04683,105015,True,53.26186,3
20260508-002650,1778241277,2026-05-08 11:54:37+00:00,1778241277000,41267,25.99489,44.28576,10.04683,95574,True,61.22168,3
20260508-002650,1778241289,2026-05-08 11:54:49+00:00,1778241289000,41279,26.07096,43.82835,10.04681,100661,True,65.81184,3
20260508-002650,1778241301,2026-05-08 11:55:01+00:00,1778241301000,41291,26.06842,43.78927,10.04682,102950,True,60.17755,3
20260508-002650,1778241313,2026-05-08 11:55:13+00:00,1778241313000,41303,26.07603,43.79067,10.04708,102823,True,58.5649,3
20260508-002650,1778241325,2026-05-08 11:55:25+00:00,1778241325000,41315,26.07349,43.818,10.04712,103650,True,56.17596,3
20260508-002650,1778241337,2026-05-08 11:55:37+00:00,1778241337000,41327,26.08364,43.82507,10.0471,103843,True,55.45062,3
20260508-002650,1778241349,2026-05-08 11:55:49+00:00,1778241349000,41339,26.07349,43.83283,10.04701,103843,True,54.76224,3
20260508-002650,1778241361,2026-05-08 11:56:01+00:00,1778241361000,41351,26.07603,43.77121,10.04716,104101,True,54.67352,3
20260508-002650,1778241373,2026-05-08 11:56:13+00:00,1778241373000,41363,26.07856,43.74171,10.0472,104622,True,54.06441,3
20260508-002650,1778241385,2026-05-08 11:56:25+00:00,1778241385000,41375,26.07856,43.76753,10.0472,104231,True,54.10859,3
20260508-002650,1778241397,2026-05-08 11:56:37+00:00,1778241397000,41387,26.07096,43.80154,10.04709,104166,True,54.2465,3
20260508-002650,1778241409,2026-05-08 11:56:49+00:00,1778241409000,41399,26.07856,43.81693,10.04748,103715,True,54.46281,3
20260508-002650,1778241421,2026-05-08 11:57:01+00:00,1778241421000,41411,26.07603,43.85416,10.04731,104426,True,53.93754,3
20260508-002650,1778241433,2026-05-08 11:57:13+00:00,1778241433000,41423,26.0811,43.87724,10.04747,103843,True,54.24671,3
20260508-002650,1778241445,2026-05-08 11:57:25+00:00,1778241445000,41435,26.07096,43.88462,10.04749,104231,True,53.81934,3
20260508-002650,1778241457,2026-05-08 11:57:37+00:00,1778241457000,41447,26.07096,43.80578,10.04744,105345,True,53.28022,3
20260508-002650,1778241469,2026-05-08 11:57:49+00:00,1778241469000,41459,26.07603,43.76123,10.04756,103779,True,54.30596,3
20260508-002650,1778241481,2026-05-08 11:58:01+00:00,1778241481000,41471,26.07603,43.78536,10.04774,104491,True,53.92209,3
20260508-002650,1778241493,2026-05-08 11:58:13+00:00,1778241493000,41483,26.07856,43.79241,10.04767,104818,True,53.05026,3
20260508-002650,1778241505,2026-05-08 11:58:25+00:00,1778241505000,41495,26.0811,43.79331,10.04778,104296,True,53.48386,3
20260508-002650,1778241517,2026-05-08 11:58:37+00:00,1778241517000,41507,26.07856,43.7608,10.04807,104949,True,52.93326,3
20260508-002650,1778241529,2026-05-08 11:58:49+00:00,1778241529000,41519,26.07856,43.6823,10.04783,105412,True,51.95876,3
20260508-002650,1778241541,2026-05-08 11:59:01+00:00,1778241541000,41531,26.0811,43.6715,10.04799,104426,True,52.6303,3
20260508-002650,1778241553,2026-05-08 11:59:13+00:00,1778241553000,41543,26.07856,43.717,10.0479,104752,True,52.37302,3
20260508-002650,1778241565,2026-05-08 11:59:25+00:00,1778241565000,41555,26.07603,43.72168,10.04789,104687,True,52.73971,3
20260508-002650,1778241577,2026-05-08 11:59:37+00:00,1778241577000,41567,26.07603,43.75277,10.04789,104752,True,52.71854,3
20260508-002650,1778241589,2026-05-08 11:59:49+00:00,1778241589000,41579,26.0811,43.78973,10.04813,105545,True,51.95335,3
20260508-002650,1778241601,2026-05-08 12:00:01+00:00,1778241601000,41591,26.07603,43.70313,10.0481,105081,True,52.30905,3
20260508-002650,1778241613,2026-05-08 12:00:13+00:00,1778241613000,41603,26.07856,43.63972,10.04814,105945,True,51.72256,3
20260508-002650,1778241625,2026-05-08 12:00:25+00:00,1778241625000,41615,26.07096,43.70884,10.04788,105213,True,52.12176,3
20260508-002650,1778241637,2026-05-08 12:00:37+00:00,1778241637000,41627,26.07856,43.72256,10.04806,104491,True,53.01901,3
20260508-002650,1778241649,2026-05-08 12:00:49+00:00,1778241649000,41639,26.07856,43.64246,10.04809,105345,True,51.73992,3
20260508-002650,1778241661,2026-05-08 12:01:01+00:00,1778241661000,41650,25.98221,44.18983,10.04793,93441,True,62.20832,3
20260508-002650,1778241673,2026-05-08 12:01:13+00:00,1778241673000,41662,26.07096,43.66299,10.04818,100661,True,68.01375,3
20260508-002650,1778241685,2026-05-08 12:01:25+00:00,1778241685000,41674,26.07096,43.66894,10.04797,102823,True,61.68055,3
20260508-002650,1778241697,2026-05-08 12:01:37+00:00,1778241697000,41686,26.07856,43.62619,10.04827,103843,True,57.08331,3
20260508-002650,1778241709,2026-05-08 12:01:49+00:00,1778241709000,41698,26.07096,43.68335,10.04809,104361,True,55.38646,3
20260508-002650,1778241721,2026-05-08 12:02:01+00:00,1778241721000,41710,26.07349,43.66433,10.04797,104556,True,54.09651,3
20260508-002650,1778241733,2026-05-08 12:02:13+00:00,1778241733000,41722,26.07096,43.71052,10.04793,104752,True,53.58689,3
20260508-002650,1778241745,2026-05-08 12:02:25+00:00,1778241745000,41734,26.06842,43.67797,10.04786,104556,True,53.34338,3
20260508-002650,1778241757,2026-05-08 12:02:37+00:00,1778241757000,41746,26.07096,43.61824,10.04799,104818,True,52.79158,3
20260508-002650,1778241769,2026-05-08 12:02:49+00:00,1778241769000,41758,26.07349,43.5722,10.0481,105678,True,52.42014,3
20260508-002650,1778241781,2026-05-08 12:03:01+00:00,1778241781000,41770,26.07096,43.59417,10.04788,104556,True,52.85254,3
20260508-002650,1778241793,2026-05-08 12:03:13+00:00,1778241793000,41782,26.07856,43.59222,10.04813,105878,True,51.64577,3
20260508-002650,1778241805,2026-05-08 12:03:25+00:00,1778241805000,41794,26.07603,43.63019,10.04803,105015,True,52.56068,3
20260508-002650,1778241817,2026-05-08 12:03:37+00:00,1778241817000,41806,26.07856,43.62193,10.04809,104884,True,51.88057,3
20260508-002650,1778241829,2026-05-08 12:03:49+00:00,1778241829000,41818,26.06842,43.71877,10.04807,105015,True,52.15781,3
20260508-002650,1778241841,2026-05-08 12:04:01+00:00,1778241841000,41830,26.07096,43.73892,10.04795,104687,True,52.81902,3
20260508-002650,1778241853,2026-05-08 12:04:13+00:00,1778241853000,41842,26.07856,43.66181,10.04797,105081,True,52.60413,3
20260508-002650,1778241865,2026-05-08 12:04:25+00:00,1778241865000,41854,26.06842,43.6087,10.04789,105279,True,52.69933,3
20260508-002650,1778241877,2026-05-08 12:04:37+00:00,1778241877000,41866,26.07096,43.58622,10.0479,104884,True,52.45315,3
20260508-002650,1778241889,2026-05-08 12:04:49+00:00,1778241889000,41878,26.07349,43.54287,10.04801,105345,True,51.76565,3
20260508-002650,1778241901,2026-05-08 12:05:01+00:00,1778241901000,41890,26.07096,43.58168,10.04802,105213,True,52.53234,3
20260508-002650,1778241913,2026-05-08 12:05:13+00:00,1778241913000,41902,26.07096,43.59245,10.04802,105412,True,51.90369,3
20260508-002650,1778241925,2026-05-08 12:05:25+00:00,1778241925000,41914,26.06589,43.59664,10.04771,106012,True,51.76423,3
20260508-002650,1778241937,2026-05-08 12:05:37+00:00,1778241937000,41926,26.06842,43.62947,10.04777,105279,True,51.82044,3
20260508-002650,1778241949,2026-05-08 12:05:49+00:00,1778241949000,41939,25.97461,44.39235,10.04786,92004,True,63.69629,3
20260508-002650,1778241961,2026-05-08 12:06:01+00:00,1778241961000,41951,26.05321,43.86674,10.04754,100000,True,69.38391,3
20260508-002650,1778241973,2026-05-08 12:06:13+00:00,1778241973000,41963,26.05828,43.81483,10.04768,102383,True,62.85573,3
20260508-002650,1778241985,2026-05-08 12:06:25+00:00,1778241985000,41975,26.06589,43.77954,10.04785,103715,True,58.1112,3
20260508-002650,1778241996,2026-05-08 12:06:36+00:00,1778241996000,41986,25.97207,44.31134,10.04785,93965,True,65.44955,3
20260508-002650,1778242009,2026-05-08 12:06:49+00:00,1778242009000,41998,25.95686,44.41654,10.04815,85784,True,82.1437,3
20260508-002650,1778242021,2026-05-08 12:07:01+00:00,1778242021000,42010,26.05067,43.81528,10.0477,95988,True,81.98576,3
20260508-002650,1778242033,2026-05-08 12:07:13+00:00,1778242033000,42022,26.05574,43.64705,10.04772,101025,True,70.16833,3
20260508-002650,1778242045,2026-05-08 12:07:25+00:00,1778242045000,42034,26.05321,43.57694,10.04758,103395,True,61.86629,3
20260508-002650,1778242057,2026-05-08 12:07:37+00:00,1778242057000,42046,26.06335,43.51717,10.04785,103843,True,57.98843,3
20260508-002650,1778242069,2026-05-08 12:07:49+00:00,1778242069000,42058,26.05828,43.58329,10.04775,104231,True,55.75896,3
20260508-002650,1778242081,2026-05-08 12:08:01+00:00,1778242081000,42070,26.05828,43.65936,10.04773,103779,True,54.90952,3
20260508-002650,1778242093,2026-05-08 12:08:13+00:00,1778242093000,42082,26.06335,43.60334,10.04771,104101,True,54.33728,3
20260508-002650,1778242105,2026-05-08 12:08:25+00:00,1778242105000,42094,26.06589,43.58619,10.04773,104884,True,53.31456,3
20260508-002650,1778242118,2026-05-08 12:08:38+00:00,1778242118000,42107,26.12078,43.45159,10.04778,104949,True,53.17312,3
20260508-002650,1778242130,2026-05-08 12:08:50+00:00,1778242130000,42119,26.03546,43.89484,10.04754,94900,True,79.97398,3
20260508-002650,1778242142,2026-05-08 12:09:02+00:00,1778242142000,42131,26.05067,43.78754,10.04773,100000,True,70.91743,3
20260508-002650,1778242154,2026-05-08 12:09:14+00:00,1778242154000,42143,26.05574,43.78916,10.04776,102196,True,63.75687,3
20260508-002650,1778242166,2026-05-08 12:09:26+00:00,1778242166000,42155,26.06082,43.75394,10.04777,103522,True,58.36813,3
20260508-002650,1778242178,2026-05-08 12:09:38+00:00,1778242178000,42167,26.05574,43.7198,10.04778,104556,True,55.64121,3
20260508-002650,1778242190,2026-05-08 12:09:50+00:00,1778242190000,42179,26.06589,43.65327,10.04787,104426,True,54.55056,3
20260508-002650,1778242203,2026-05-08 12:10:03+00:00,1778242203000,42192,25.96193,44.27782,10.04786,91004,True,66.17169,3
20260508-002650,1778242215,2026-05-08 12:10:15+00:00,1778242215000,42204,26.04053,43.68436,10.04794,99761,True,71.10581,3
20260508-002650,1778242227,2026-05-08 12:10:27+00:00,1778242227000,42216,26.05574,43.67396,10.04797,101515,True,64.61456,3
20260508-002650,1778242239,2026-05-08 12:10:39+00:00,1778242239000,42228,26.06082,43.65794,10.04812,103267,True,59.29376,3
20260508-002650,1778242251,2026-05-08 12:10:51+00:00,1778242251000,42240,26.06082,43.57249,10.04803,104296,True,55.97866,3
20260508-002650,1778242263,2026-05-08 12:11:03+00:00,1778242263000,42252,26.05828,43.41338,10.0481,105147,True,54.26428,3
20260508-002650,1778242275,2026-05-08 12:11:15+00:00,1778242275000,42264,26.05828,43.48021,10.04805,105147,True,53.21306,3
20260508-002650,1778242287,2026-05-08 12:11:27+00:00,1778242287000,42276,26.06082,43.53712,10.048,105412,True,52.0297,3
20260508-002650,1778242299,2026-05-08 12:11:39+00:00,1778242299000,42288,26.05574,43.59016,10.04804,104687,True,53.21952,3
20260508-002650,1778242311,2026-05-08 12:11:51+00:00,1778242311000,42300,26.06082,43.62064,10.04811,105147,True,52.57001,3
20260508-002650,1778242323,2026-05-08 12:12:03+00:00,1778242323000,42312,26.06082,43.67439,10.048,104491,True,53.0596,3
20260508-002650,1778242335,2026-05-08 12:12:15+00:00,1778242335000,42324,26.05828,43.68125,10.04787,105412,True,52.77158,3
20260508-002650,1778242347,2026-05-08 12:12:27+00:00,1778242347000,42336,26.06335,43.68255,10.04809,105279,True,52.3922,3
20260508-002650,1778242360,2026-05-08 12:12:40+00:00,1778242360000,42349,26.12078,43.5543,10.04799,105545,True,52.04667,3
20260508-002650,1778242372,2026-05-08 12:12:52+00:00,1778242372000,42361,26.03546,44.01521,10.04833,95278,True,79.16183,3
20260508-002650,1778242384,2026-05-08 12:13:04+00:00,1778242384000,42373,26.0456,43.82584,10.04821,100299,True,70.4737,3
20260508-002650,1778242395,2026-05-08 12:13:15+00:00,1778242395000,42384,25.96953,44.1758,10.04848,92820,True,73.60603,3
20260508-002650,1778242407,2026-05-08 12:13:27+00:00,1778242407000,42396,26.04307,43.67311,10.04829,99288,True,73.36951,3
20260508-002650,1778242419,2026-05-08 12:13:39+00:00,1778242419000,42408,26.04814,43.56787,10.04795,101947,True,64.70208,3
20260508-002650,1778242431,2026-05-08 12:13:51+00:00,1778242431000,42420,26.04814,43.55235,10.04839,103458,True,59.3366,3
20260508-002650,1778242443,2026-05-08 12:14:03+00:00,1778242443000,42432,26.06082,43.51692,10.0484,104491,True,56.15369,3
20260508-002650,1778242455,2026-05-08 12:14:15+00:00,1778242455000,42444,26.05828,43.51052,10.04831,104949,True,54.16727,3
20260508-002650,1778242467,2026-05-08 12:14:27+00:00,1778242467000,42456,26.06082,43.50984,10.04823,105478,True,52.54155,3
20260508-002650,1778242479,2026-05-08 12:14:39+00:00,1778242479000,42468,26.06082,43.60966,10.04844,105545,True,52.09539,3
20260508-002650,1778242491,2026-05-08 12:14:51+00:00,1778242491000,42480,26.05828,43.57552,10.04842,105412,True,52.15664,3
20260508-002650,1778242503,2026-05-08 12:15:03+00:00,1778242503000,42492,26.05828,43.55687,10.04831,105279,True,52.63092,3
20260508-002650,1778242515,2026-05-08 12:15:15+00:00,1778242515000,42504,26.06082,43.63515,10.04839,106147,True,51.52825,3
20260508-002650,1778242527,2026-05-08 12:15:27+00:00,1778242527000,42516,26.06842,43.6235,10.04849,106484,True,50.33164,3
20260508-002650,1778242539,2026-05-08 12:15:39+00:00,1778242539000,42528,26.06589,43.60001,10.04834,104884,True,52.43069,3
20260508-002650,1778242551,2026-05-08 12:15:51+00:00,1778242551000,42540,26.06082,43.58333,10.04814,105945,True,51.72182,3
20260508-002650,1778242563,2026-05-08 12:16:03+00:00,1778242563000,42552,26.06589,43.63856,10.04822,105678,True,50.96421,3
20260508-002650,1778242575,2026-05-08 12:16:15+00:00,1778242575000,42564,26.06335,43.66255,10.04846,105744,True,51.05306,3
20260508-002650,1778242587,2026-05-08 12:16:27+00:00,1778242587000,42576,26.06842,43.55735,10.04845,106214,True,50.31288,3
20260508-002650,1778242599,2026-05-08 12:16:39+00:00,1778242599000,42588,26.06082,43.54799,10.04865,106484,True,50.49788,3
20260508-002650,1778242611,2026-05-08 12:16:51+00:00,1778242611000,42600,26.06589,43.53841,10.04852,105811,True,50.27404,3
20260508-002650,1778242623,2026-05-08 12:17:03+00:00,1778242623000,42612,26.05828,43.54522,10.0487,105878,True,50.20137,2
20260508-002650,1778242635,2026-05-08 12:17:15+00:00,1778242635000,42624,26.06335,43.5277,10.04869,106281,True,50.01743,2
20260508-002650,1778242647,2026-05-08 12:17:27+00:00,1778242647000,42636,26.05828,43.53577,10.04849,106281,True,50.0,2
20260508-002650,1778242659,2026-05-08 12:17:39+00:00,1778242659000,42648,26.05828,43.51107,10.04845,106147,True,50.14188,2
20260508-002650,1778242671,2026-05-08 12:17:51+00:00,1778242671000,42660,26.06082,43.55682,10.04869,105811,True,50.99886,2
20260508-002650,1778242682,2026-05-08 12:18:02+00:00,1778242682000,42671,25.97714,44.1095,10.0486,95465,True,60.60939,2
20260508-002650,1778242694,2026-05-08 12:18:14+00:00,1778242694000,42684,25.94925,44.31306,10.04856,87762,True,77.18081,2
20260508-002650,1778242706,2026-05-08 12:18:26+00:00,1778242706000,42696,26.03292,43.68845,10.04838,97953,True,78.51923,2
20260508-002650,1778242718,2026-05-08 12:18:38+00:00,1778242718000,42708,26.04814,43.58217,10.04866,102258,True,67.05711,2
20260508-002650,1778242730,2026-05-08 12:18:50+00:00,1778242730000,42720,26.04814,43.60654,10.04851,103843,True,60.43979,2
20260508-002650,1778242742,2026-05-08 12:19:02+00:00,1778242742000,42732,26.05067,43.69308,10.04845,104622,True,56.74243,3
20260508-002650,1778242754,2026-05-08 12:19:14+00:00,1778242754000,42744,26.04814,43.73908,10.0486,104101,True,55.2877,3
20260508-002650,1778242766,2026-05-08 12:19:26+00:00,1778242766000,42756,26.05321,43.71834,10.04865,104361,True,54.29168,3
20260508-002650,1778242779,2026-05-08 12:19:39+00:00,1778242779000,42768,26.02532,43.96202,10.04873,98240,True,64.94878,3
20260508-002650,1778242791,2026-05-08 12:19:51+00:00,1778242791000,42781,26.02532,43.87886,10.0488,95550,True,73.38852,3
20260508-002650,1778242803,2026-05-08 12:20:03+00:00,1778242803000,42793,26.0456,43.61983,10.04881,101208,True,67.60685,3
20260508-002650,1778242815,2026-05-08 12:20:15+00:00,1778242815000,42805,26.05321,43.59362,10.04891,103331,True,60.46346,3
20260508-002650,1778242827,2026-05-08 12:20:27+00:00,1778242827000,42817,26.04814,43.60856,10.04864,104361,True,56.51926,3
20260508-002650,1778242839,2026-05-08 12:20:39+00:00,1778242839000,42829,26.05321,43.61291,10.04874,104622,True,54.78456,3
20260508-002650,1778242851,2026-05-08 12:20:51+00:00,1778242851000,42841,26.05321,43.70311,10.0487,105345,True,53.3215,3
20260508-002650,1778242863,2026-05-08 12:21:03+00:00,1778242863000,42853,26.06082,43.55643,10.04898,105878,True,52.12184,3
20260508-002650,1778242875,2026-05-08 12:21:15+00:00,1778242875000,42865,26.05828,43.5498,10.04894,106281,True,51.64911,3
20260508-002650,1778242887,2026-05-08 12:21:27+00:00,1778242887000,42877,26.05067,43.62523,10.04899,105744,True,51.87037,3
20260508-002650,1778242900,2026-05-08 12:21:40+00:00,1778242900000,42889,26.11503,43.46338,10.04909,105279,True,52.20509,3
20260508-002650,1778242912,2026-05-08 12:21:52+00:00,1778242912000,42901,26.03292,43.89651,10.04876,95714,True,77.73349,3
20260508-002650,1778242924,2026-05-08 12:22:04+00:00,1778242924000,42913,26.03799,43.72347,10.04879,101330,True,69.21727,3
20260508-002650,1778242936,2026-05-08 12:22:16+00:00,1778242936000,42925,26.0456,43.71512,10.04889,103458,True,61.75061,3
20260508-002650,1778242948,2026-05-08 12:22:28+00:00,1778242948000,42937,26.04307,43.73971,10.04892,103395,True,57.97607,3
20260508-002650,1778242964,2026-05-08 12:22:44+00:00,1778242964000,42953,26.10755,43.56683,10.04912,104037,True,57.38771,3
20260508-002650,1778242976,2026-05-08 12:22:56+00:00,1778242976000,42965,26.01771,43.96566,10.04918,94283,True,86.79182,3
20260508-002650,1778242988,2026-05-08 12:23:08+00:00,1778242988000,42977,26.03039,43.75964,10.04907,100000,True,75.45241,3
20260508-002650,1778243000,2026-05-08 12:23:20+00:00,1778243000000,42989,26.03292,43.70866,10.0489,102446,True,65.17008,3
20260508-002650,1778243012,2026-05-08 12:23:32+00:00,1778243012000,43001,26.03799,43.71352,10.04907,102446,True,61.15813,3
20260508-002650,1778243023,2026-05-08 12:23:43+00:00,1778243023000,43013,25.94418,44.28582,10.049,91903,True,69.7324,3
20260508-002650,1778243035,2026-05-08 12:23:55+00:00,1778243035000,43025,26.02532,43.79051,10.04888,99524,True,72.05141,3
20260508-002650,1778243047,2026-05-08 12:24:07+00:00,1778243047000,43037,26.03799,43.71504,10.04907,102823,True,64.107,3
20260508-002650,1778243059,2026-05-08 12:24:19+00:00,1778243059000,43049,26.04307,43.65495,10.04908,103779,True,59.10567,3
20260508-002650,1778243071,2026-05-08 12:24:31+00:00,1778243071000,43061,26.0456,43.66296,10.04909,105015,True,55.9354,3
20260508-002650,1778243083,2026-05-08 12:24:43+00:00,1778243083000,43073,26.04053,43.6762,10.04902,104166,True,55.1972,3
20260508-002650,1778243095,2026-05-08 12:24:55+00:00,1778243095000,43085,26.0456,43.65055,10.04904,105478,True,53.55103,3
20260508-002650,1778243107,2026-05-08 12:25:07+00:00,1778243107000,43097,26.0456,43.615,10.04907,105478,True,52.6483,3
20260508-002650,1778243119,2026-05-08 12:25:19+00:00,1778243119000,43109,26.04814,43.58772,10.04901,105678,True,52.03038,3
20260508-002650,1778243131,2026-05-08 12:25:31+00:00,1778243131000,43121,26.04814,43.61321,10.04901,105811,True,51.96687,3
20260508-002650,1778243143,2026-05-08 12:25:43+00:00,1778243143000,43133,26.05321,43.59617,10.04895,105811,True,51.48034,3
20260508-002650,1778243155,2026-05-08 12:25:55+00:00,1778243155000,43145,26.05321,43.59268,10.04923,106012,True,51.39868,3
20260508-002650,1778243167,2026-05-08 12:26:07+00:00,1778243167000,43157,26.04814,43.57249,10.04923,105945,True,50.8562,3
20260508-002650,1778243179,2026-05-08 12:26:19+00:00,1778243179000,43169,26.04814,43.56345,10.04932,106349,True,50.32602,3
20260508-002650,1778243191,2026-05-08 12:26:31+00:00,1778243191000,43181,26.04814,43.63208,10.04929,106484,True,50.35192,3
20260508-002650,1778243203,2026-05-08 12:26:43+00:00,1778243203000,43193,26.04814,43.63638,10.04948,106823,True,50.0,2
20260508-002650,1778243215,2026-05-08 12:26:55+00:00,1778243215000,43205,26.05067,43.58352,10.04956,106349,True,50.1467,2
20260508-002650,1778243228,2026-05-08 12:27:08+00:00,1778243228000,43217,26.05574,43.55862,10.04974,106349,True,50.18169,2
20260508-002650,1778243240,2026-05-08 12:27:20+00:00,1778243240000,43229,26.05067,43.59993,10.04956,106147,True,50.6094,2
20260508-002650,1778243252,2026-05-08 12:27:32+00:00,1778243252000,43241,26.05067,43.6103,10.04963,105811,True,50.65673,2
20260508-002650,1778243264,2026-05-08 12:27:44+00:00,1778243264000,43253,26.05321,43.59324,10.04984,106552,True,50.24526,2
20260508-002650,1778243276,2026-05-08 12:27:56+00:00,1778243276000,43265,26.05828,43.56262,10.04973,105811,True,50.72879,2
20260508-002650,1778243288,2026-05-08 12:28:08+00:00,1778243288000,43277,26.05828,43.58827,10.04989,106823,True,50.0,2
20260508-002650,1778243300,2026-05-08 12:28:20+00:00,1778243300000,43289,26.05321,43.54164,10.0497,107028,True,49.67668,2
20260508-002650,1778243312,2026-05-08 12:28:32+00:00,1778243312000,43301,26.05828,43.4571,10.04984,107303,True,49.9188,2
20260508-002650,1778243324,2026-05-08 12:28:44+00:00,1778243324000,43313,26.05574,43.51001,10.04976,106823,True,50.89114,2
20260508-002650,1778243336,2026-05-08 12:28:56+00:00,1778243336000,43325,26.05067,43.5766,10.04975,106687,True,51.02065,2
20260508-002650,1778243348,2026-05-08 12:29:08+00:00,1778243348000,43337,26.05321,43.56716,10.04974,106619,True,50.96749,2
20260508-002650,1778243360,2026-05-08 12:29:20+00:00,1778243360000,43349,26.05321,43.4628,10.04991,107717,True,50.0,2
20260508-002650,1778243372,2026-05-08 12:29:32+00:00,1778243372000,43361,26.05828,43.37171,10.04963,106892,True,51.14279,2
20260508-002650,1778243384,2026-05-08 12:29:44+00:00,1778243384000,43373,26.0456,43.41514,10.04958,107097,True,50.47461,2
20260508-002650,1778243396,2026-05-08 12:29:56+00:00,1778243396000,43385,26.04814,43.46137,10.04978,106619,True,50.87882,2
20260508-002650,1778243408,2026-05-08 12:30:08+00:00,1778243408000,43397,26.05321,43.44361,10.04976,105945,True,52.22,2
20260508-002650,1778243420,2026-05-08 12:30:20+00:00,1778243420000,43409,26.05574,43.48718,10.04974,106214,True,51.95071,3
20260508-002650,1778243433,2026-05-08 12:30:33+00:00,1778243433000,43422,26.10557,43.35131,10.04961,106687,True,51.84077,3
20260508-002650,1778243445,2026-05-08 12:30:45+00:00,1778243445000,43434,26.02532,43.76671,10.0498,97214,True,78.14332,3
20260508-002650,1778243457,2026-05-08 12:30:57+00:00,1778243457000,43446,26.03546,43.62762,10.04947,101700,True,69.5452,3
20260508-002650,1778243467,2026-05-08 12:31:07+00:00,1778243467000,43456,25.96193,44.07095,10.04976,94389,True,72.5975,3
20260508-002650,1778243479,2026-05-08 12:31:19+00:00,1778243479000,43468,26.03546,43.57795,10.04968,100600,True,72.03183,3
20260508-002650,1778243491,2026-05-08 12:31:31+00:00,1778243491000,43480,26.03799,43.47453,10.04972,103076,True,64.03886,3
20260508-002650,1778243503,2026-05-08 12:31:43+00:00,1778243503000,43492,26.03799,43.43493,10.04956,105081,True,58.20685,3
20260508-002650,1778243515,2026-05-08 12:31:55+00:00,1778243515000,43504,26.04053,43.48703,10.0496,105279,True,55.21273,3
20260508-002650,1778243527,2026-05-08 12:32:07+00:00,1778243527000,43516,26.04814,43.44669,10.04941,105279,True,55.15794,3
20260508-002650,1778243539,2026-05-08 12:32:19+00:00,1778243539000,43528,26.0456,43.42113,10.04956,105878,True,54.0314,3
20260508-002650,1778243551,2026-05-08 12:32:31+00:00,1778243551000,43540,26.04814,43.49268,10.04952,106281,True,53.46856,3
20260508-002650,1778243563,2026-05-08 12:32:43+00:00,1778243563000,43552,26.04307,43.54937,10.04935,106484,True,52.57571,3
20260508-002650,1778243575,2026-05-08 12:32:55+00:00,1778243575000,43564,26.0456,43.50217,10.04958,106687,True,51.83877,3
20260508-002650,1778243587,2026-05-08 12:33:07+00:00,1778243587000,43576,26.04814,43.50496,10.04937,106892,True,51.52079,3
20260508-002650,1778243599,2026-05-08 12:33:19+00:00,1778243599000,43588,26.04814,43.53853,10.0493,106552,True,52.28629,3
20260508-002650,1778243611,2026-05-08 12:33:31+00:00,1778243611000,43600,26.05067,43.50305,10.04938,106960,True,51.12386,3
20260508-002650,1778243623,2026-05-08 12:33:43+00:00,1778243623000,43612,26.05067,43.43293,10.04943,106960,True,51.05639,3
20260508-002650,1778243635,2026-05-08 12:33:55+00:00,1778243635000,43624,26.05321,43.43879,10.04953,106619,True,51.01114,3
20260508-002650,1778243647,2026-05-08 12:34:07+00:00,1778243647000,43636,26.05321,43.48577,10.04946,106147,True,51.65437,3
20260508-002650,1778243659,2026-05-08 12:34:19+00:00,1778243659000,43648,26.04814,43.56213,10.04969,106823,True,51.32528,3
20260508-002650,1778243671,2026-05-08 12:34:31+00:00,1778243671000,43660,26.0456,43.58901,10.04942,106484,True,51.83836,3
20260508-002650,1778243683,2026-05-08 12:34:43+00:00,1778243683000,43672,26.05321,43.54396,10.04958,106484,True,52.15257,3
20260508-002650,1778243695,2026-05-08 12:34:55+00:00,1778243695000,43684,26.05321,43.5301,10.04958,106755,True,51.88987,3
20260508-002650,1778243707,2026-05-08 12:35:07+00:00,1778243707000,43696,26.0456,43.5359,10.04953,106012,True,52.80598,3
20260508-002650,1778243718,2026-05-08 12:35:18+00:00,1778243718000,43707,25.96193,44.03745,10.04945,95659,True,61.14096,3
20260508-002650,1778243730,2026-05-08 12:35:30+00:00,1778243730000,43719,26.03546,43.59195,10.04952,102634,True,65.17276,3
20260508-002650,1778243742,2026-05-08 12:35:42+00:00,1778243742000,43731,26.04053,43.53837,10.04953,104818,True,59.30524,3
20260508-002650,1778243754,2026-05-08 12:35:54+00:00,1778243754000,43743,26.04307,43.48602,10.0495,105744,True,55.61504,3
20260508-002650,1778243766,2026-05-08 12:36:06+00:00,1778243766000,43755,26.0456,43.48713,10.04963,107303,True,52.89899,3
20260508-002650,1778243778,2026-05-08 12:36:18+00:00,1778243778000,43767,26.0456,43.50264,10.04984,106687,True,52.67171,3
20260508-002650,1778243790,2026-05-08 12:36:30+00:00,1778243790000,43779,26.04307,43.5155,10.04954,106619,True,51.75045,3
20260508-002650,1778243802,2026-05-08 12:36:42+00:00,1778243802000,43791,26.04814,43.52829,10.04978,106552,True,51.62043,3
20260508-002650,1778243814,2026-05-08 12:36:54+00:00,1778243814000,43803,25.94671,44.21213,10.04932,93546,True,63.19763,3
20260508-002650,1778243826,2026-05-08 12:37:06+00:00,1778243826000,43815,26.02532,43.69533,10.04945,100479,True,70.2674,3
20260508-002650,1778243839,2026-05-08 12:37:19+00:00,1778243839000,43828,26.0025,43.85658,10.04945,98010,True,73.73547,3
20260508-002650,1778243849,2026-05-08 12:37:29+00:00,1778243849000,43838,25.95178,44.10996,10.04958,92820,True,78.40001,3
20260508-002650,1778243861,2026-05-08 12:37:41+00:00,1778243861000,43850,26.02532,43.66999,10.04952,100359,True,74.69176,3
20260508-002650,1778243873,2026-05-08 12:37:53+00:00,1778243873000,43862,25.99742,43.86558,10.04944,97270,True,76.36379,3
20260508-002650,1778243885,2026-05-08 12:38:05+00:00,1778243885000,43874,26.02785,43.70937,10.04966,102134,True,68.55949,3
20260508-002650,1778243897,2026-05-08 12:38:17+00:00,1778243897000,43886,26.03546,43.6591,10.04956,103586,True,61.49754,3
20260508-002650,1778243909,2026-05-08 12:38:29+00:00,1778243909000,43898,26.03039,43.66644,10.04965,104296,True,57.65866,3
20260508-002650,1778243921,2026-05-08 12:38:41+00:00,1778243921000,43910,26.03039,43.65996,10.04969,105744,True,55.07706,3
20260508-002650,1778243933,2026-05-08 12:38:53+00:00,1778243933000,43922,26.03546,43.58216,10.0497,106079,True,54.47206,3
20260508-002650,1778243945,2026-05-08 12:39:05+00:00,1778243945000,43934,26.04053,43.54892,10.04983,106484,True,53.03641,3
20260508-002650,1778243957,2026-05-08 12:39:17+00:00,1778243957000,43946,26.03292,43.52925,10.04964,106484,True,52.86791,3
20260508-002650,1778243969,2026-05-08 12:39:29+00:00,1778243969000,43958,26.04307,43.47312,10.04984,105878,True,52.63461,3
20260508-002650,1778243981,2026-05-08 12:39:41+00:00,1778243981000,43970,26.03799,43.48602,10.04988,106960,True,51.35004,3
20260508-002650,1778243993,2026-05-08 12:39:53+00:00,1778243993000,43982,26.03799,43.51279,10.04993,106012,True,52.30143,3
20260508-002650,1778244005,2026-05-08 12:40:05+00:00,1778244005000,43994,26.0456,43.51152,10.05,106079,True,52.13462,3
20260508-002650,1778244017,2026-05-08 12:40:17+00:00,1778244017000,44006,26.04814,43.36098,10.05002,105811,True,52.20036,3
20260508-002650,1778244029,2026-05-08 12:40:29+00:00,1778244029000,44018,26.04814,43.39237,10.05018,106755,True,51.57412,3
20260508-002650,1778244041,2026-05-08 12:40:41+00:00,1778244041000,44030,26.05321,43.42576,10.05023,106755,True,51.08048,3
20260508-002650,1778244053,2026-05-08 12:40:53+00:00,1778244053000,44042,26.05067,43.40127,10.05019,106349,True,51.59194,3
20260508-002650,1778244065,2026-05-08 12:41:05+00:00,1778244065000,44054,26.0456,43.52158,10.05027,106214,True,51.76283,3
20260508-002650,1778244077,2026-05-08 12:41:17+00:00,1778244077000,44066,26.0456,43.56815,10.05042,107097,True,51.54987,3
20260508-002650,1778244089,2026-05-08 12:41:29+00:00,1778244089000,44078,26.04307,43.52404,10.05066,106214,True,52.28168,3
20260508-002650,1778244100,2026-05-08 12:41:40+00:00,1778244100000,44089,25.95178,44.14541,10.0506,95248,True,61.60721,3
20260508-002650,1778244112,2026-05-08 12:41:52+00:00,1778244112000,44101,26.02532,43.65625,10.05043,101761,True,67.54629,3
20260508-002650,1778244124,2026-05-08 12:42:04+00:00,1778244124000,44113,26.03546,43.58648,10.05064,105147,True,59.55278,3
20260508-002650,1778244136,2026-05-08 12:42:16+00:00,1778244136000,44125,26.03799,43.61519,10.05081,105945,True,55.45901,3
20260508-002650,1778244148,2026-05-08 12:42:28+00:00,1778244148000,44137,26.04053,43.56668,10.05067,105478,True,54.35252,3
20260508-002650,1778244160,2026-05-08 12:42:40+00:00,1778244160000,44149,26.04307,43.60411,10.0507,106214,True,52.66019,3
20260508-002650,1778244172,2026-05-08 12:42:52+00:00,1778244172000,44161,26.04307,43.61974,10.05079,106755,True,52.01903,3
20260508-002650,1778244184,2026-05-08 12:43:04+00:00,1778244184000,44173,26.04053,43.61757,10.05074,106416,True,51.9696,3
20260508-002650,1778244196,2026-05-08 12:43:16+00:00,1778244196000,44185,26.04053,43.56368,10.05066,106619,True,51.0429,3
20260508-002650,1778244208,2026-05-08 12:43:28+00:00,1778244208000,44197,26.04307,43.47515,10.05052,107165,True,50.83916,3
20260508-002650,1778244220,2026-05-08 12:43:40+00:00,1778244220000,44209,26.04053,43.48249,10.05031,106892,True,50.83213,3
20260508-002650,1778244232,2026-05-08 12:43:52+00:00,1778244232000,44221,26.03546,43.55027,10.05017,106079,True,52.07734,3
20260508-002650,1778244244,2026-05-08 12:44:04+00:00,1778244244000,44233,26.0456,43.54482,10.05035,106892,True,51.09572,3
20260508-002650,1778244256,2026-05-08 12:44:16+00:00,1778244256000,44245,26.0456,43.59173,10.05032,106960,True,50.95718,3
20260508-002650,1778244268,2026-05-08 12:44:28+00:00,1778244268000,44257,26.04307,43.57223,10.05031,106147,True,50.89075,3
20260508-002650,1778244280,2026-05-08 12:44:40+00:00,1778244280000,44269,26.04053,43.60706,10.05018,106484,True,50.94345,3
20260508-002650,1778244292,2026-05-08 12:44:52+00:00,1778244292000,44281,26.04307,43.56428,10.0501,107440,True,50.89412,3
20260508-002650,1778244304,2026-05-08 12:45:04+00:00,1778244304000,44293,26.04053,43.45549,10.05011,107371,True,50.19291,3
20260508-002650,1778244316,2026-05-08 12:45:16+00:00,1778244316000,44305,26.04053,43.45551,10.04995,107440,True,50.0,2
20260508-002650,1778244328,2026-05-08 12:45:28+00:00,1778244328000,44317,26.03546,43.40064,10.04993,107509,True,49.91906,2
20260508-002650,1778244340,2026-05-08 12:45:40+00:00,1778244340000,44329,26.04053,43.30404,10.04973,107371,True,50.54045,2
20260508-002650,1778244352,2026-05-08 12:45:52+00:00,1778244352000,44341,26.04053,43.31487,10.04974,108064,True,49.9179,2
20260508-002650,1778244364,2026-05-08 12:46:04+00:00,1778244364000,44353,26.04307,43.36257,10.04987,107717,True,50.19114,2
20260508-002650,1778244376,2026-05-08 12:46:16+00:00,1778244376000,44365,26.0456,43.46448,10.04983,107647,True,50.35643,2
20260508-002650,1778244388,2026-05-08 12:46:28+00:00,1778244388000,44377,26.04307,43.45945,10.04968,107097,True,51.1638,2
20260508-002650,1778244400,2026-05-08 12:46:40+00:00,1778244400000,44389,26.04307,43.44841,10.04957,106755,True,52.17249,2
20260508-002650,1778244412,2026-05-08 12:46:52+00:00,1778244412000,44401,26.04814,43.43953,10.04973,107647,True,51.20546,2
20260508-002650,1778244424,2026-05-08 12:47:04+00:00,1778244424000,44413,26.04053,43.38582,10.04945,107440,True,51.33952,3
20260508-002650,1778244436,2026-05-08 12:47:16+00:00,1778244436000,44425,26.04053,43.45311,10.04966,107097,True,51.62049,3
20260508-002650,1778244448,2026-05-08 12:47:28+00:00,1778244448000,44437,26.0456,43.51064,10.04969,107165,True,51.09951,3
20260508-002650,1778244460,2026-05-08 12:47:40+00:00,1778244460000,44449,26.04053,43.44518,10.04962,107440,True,50.75677,3
20260508-002650,1778244472,2026-05-08 12:47:52+00:00,1778244472000,44461,26.04053,43.28459,10.04957,107647,True,50.81305,3
20260508-002650,1778244484,2026-05-08 12:48:04+00:00,1778244484000,44473,26.03039,43.31528,10.04944,107165,True,51.72759,3
20260508-002650,1778244496,2026-05-08 12:48:16+00:00,1778244496000,44485,26.03292,43.33764,10.04943,108414,True,50.24269,3
20260508-002650,1778244508,2026-05-08 12:48:28+00:00,1778244508000,44497,26.03546,43.32621,10.04968,108064,True,50.35729,3
20260508-002650,1778244520,2026-05-08 12:48:40+00:00,1778244520000,44509,26.04053,43.35891,10.04969,107786,True,50.53956,3
20260508-002650,1778244532,2026-05-08 12:48:52+00:00,1778244532000,44521,26.03039,43.47828,10.04955,107303,True,51.61118,3
20260508-002650,1778244544,2026-05-08 12:49:04+00:00,1778244544000,44533,26.03546,43.47088,10.0497,107925,True,51.06706,3
20260508-002650,1778244556,2026-05-08 12:49:16+00:00,1778244556000,44545,26.03799,43.44525,10.04974,107717,True,51.73523,3
20260508-002650,1778244568,2026-05-08 12:49:28+00:00,1778244568000,44557,26.03799,43.40609,10.04979,107509,True,51.5448,3
20260508-002650,1778244580,2026-05-08 12:49:40+00:00,1778244580000,44569,26.03546,43.46873,10.0497,107647,True,51.47054,3
20260508-002650,1778244592,2026-05-08 12:49:52+00:00,1778244592000,44581,26.03799,43.38398,10.04979,107509,True,51.37183,3
20260508-002650,1778244604,2026-05-08 12:50:04+00:00,1778244604000,44593,26.03546,43.30827,10.04975,107786,True,50.90458,3
20260508-002650,1778244616,2026-05-08 12:50:16+00:00,1778244616000,44605,26.04053,43.29846,10.04967,107717,True,51.50856,3
20260508-002650,1778244628,2026-05-08 12:50:28+00:00,1778244628000,44617,25.95432,43.79148,10.04976,94579,True,62.38227,3
20260508-002650,1778244640,2026-05-08 12:50:40+00:00,1778244640000,44629,26.03039,43.27479,10.0499,102383,True,67.01888,3
20260508-002650,1778244652,2026-05-08 12:50:52+00:00,1778244652000,44641,26.02785,43.30885,10.0497,105213,True,59.94284,3
20260508-002650,1778244664,2026-05-08 12:51:04+00:00,1778244664000,44653,26.03039,43.38707,10.04974,106416,True,56.36789,3
20260508-002650,1778244676,2026-05-08 12:51:16+00:00,1778244676000,44665,26.03546,43.39713,10.04982,106892,True,54.92702,3
20260508-002650,1778244688,2026-05-08 12:51:28+00:00,1778244688000,44677,26.03292,43.39668,10.04996,106214,True,54.48119,3
20260508-002650,1778244700,2026-05-08 12:51:40+00:00,1778244700000,44689,26.03292,43.33742,10.0498,106687,True,54.37008,3
20260508-002650,1778244712,2026-05-08 12:51:52+00:00,1778244712000,44701,26.03292,43.35725,10.0499,107097,True,53.11774,3
20260508-002650,1778244724,2026-05-08 12:52:04+00:00,1778244724000,44713,26.03799,43.34921,10.05018,107440,True,52.10283,3
20260508-002650,1778244736,2026-05-08 12:52:16+00:00,1778244736000,44725,26.03292,43.36642,10.05017,107303,True,51.535,3
20260508-002650,1778244748,2026-05-08 12:52:28+00:00,1778244748000,44737,26.03546,43.36803,10.05012,107165,True,52.01796,3
20260508-002650,1778244760,2026-05-08 12:52:40+00:00,1778244760000,44749,26.03546,43.39769,10.05035,107855,True,51.1062,3
20260508-002650,1778244772,2026-05-08 12:52:52+00:00,1778244772000,44761,26.03292,43.38852,10.05002,107303,True,51.77724,3
20260508-002650,1778244784,2026-05-08 12:53:04+00:00,1778244784000,44773,26.03292,43.38232,10.05006,107440,True,51.57118,3
20260508-002650,1778244796,2026-05-08 12:53:16+00:00,1778244796000,44785,26.03292,43.42279,10.0502,107028,True,51.90538,3
20260508-002650,1778244808,2026-05-08 12:53:28+00:00,1778244808000,44797,26.03546,43.48742,10.05028,107440,True,51.45542,3
20260508-002650,1778244820,2026-05-08 12:53:40+00:00,1778244820000,44809,26.03039,43.50674,10.05021,107234,True,51.90158,3
20260508-002650,1778244832,2026-05-08 12:53:52+00:00,1778244832000,44821,26.03546,43.49055,10.05035,107234,True,51.58074,3
20260508-002650,1778244844,2026-05-08 12:54:04+00:00,1778244844000,44833,26.02785,43.47334,10.05026,107509,True,51.46999,3
20260508-002650,1778244856,2026-05-08 12:54:16+00:00,1778244856000,44845,26.03546,43.45605,10.05028,107165,True,51.04762,3
20260508-002650,1778244868,2026-05-08 12:54:28+00:00,1778244868000,44857,26.02785,43.42404,10.05035,108274,True,50.0,2
20260508-002650,1778244880,2026-05-08 12:54:40+00:00,1778244880000,44869,26.03546,43.3372,10.05029,107994,True,50.0,2
20260508-002650,1778244892,2026-05-08 12:54:52+00:00,1778244892000,44881,26.03292,43.32648,10.05022,108064,True,50.13532,2
20260508-002650,1778244904,2026-05-08 12:55:04+00:00,1778244904000,44893,26.04053,43.32908,10.05039,107234,True,50.713,2
20260508-002650,1778244916,2026-05-08 12:55:16+00:00,1778244916000,44905,26.03546,43.37789,10.05049,108134,True,50.60627,2
20260508-002650,1778244928,2026-05-08 12:55:28+00:00,1778244928000,44917,26.03039,43.41096,10.05044,107578,True,50.74633,2
20260508-002650,1778244940,2026-05-08 12:55:40+00:00,1778244940000,44929,26.03546,43.38697,10.05042,107234,True,51.20267,2
20260508-002650,1778244952,2026-05-08 12:55:52+00:00,1778244952000,44941,26.03292,43.39569,10.05045,107578,True,50.65207,2
20260508-002650,1778244964,2026-05-08 12:56:04+00:00,1778244964000,44953,26.02785,43.45876,10.05035,108064,True,50.75811,3
20260508-002650,1778244976,2026-05-08 12:56:16+00:00,1778244976000,44965,26.03799,43.4455,10.05056,107786,True,51.02283,3
20260508-002650,1778244988,2026-05-08 12:56:28+00:00,1778244988000,44977,26.03292,43.49725,10.05046,108484,True,50.6669,3
20260508-002650,1778245000,2026-05-08 12:56:40+00:00,1778245000000,44989,26.03039,43.48099,10.05044,107578,True,51.14927,3
20260508-002650,1778245012,2026-05-08 12:56:52+00:00,1778245012000,45001,26.03039,43.35351,10.05049,107717,True,51.13641,3
20260508-002650,1778245024,2026-05-08 12:57:04+00:00,1778245024000,45013,26.02785,43.27327,10.05038,107994,True,50.70873,3
20260508-002650,1778245036,2026-05-08 12:57:16+00:00,1778245036000,45025,26.02785,43.23895,10.05035,107994,True,50.16174,2
20260508-002650,1778245048,2026-05-08 12:57:28+00:00,1778245048000,45037,26.03039,43.26329,10.05048,107647,True,50.57114,2
20260508-002650,1778245060,2026-05-08 12:57:40+00:00,1778245060000,45049,25.99996,43.42379,10.05027,101515,True,61.32668,2
20260508-002650,1778245072,2026-05-08 12:57:52+00:00,1778245072000,45061,26.02785,43.22907,10.05059,105545,True,59.57166,2
20260508-002650,1778245084,2026-05-08 12:58:04+00:00,1778245084000,45073,26.02278,43.26068,10.05035,106687,True,55.12923,2
20260508-002650,1778245096,2026-05-08 12:58:16+00:00,1778245096000,45085,26.02278,43.30391,10.05078,107578,True,53.1567,3
20260508-002650,1778245108,2026-05-08 12:58:28+00:00,1778245108000,45097,26.02785,43.35566,10.05045,107647,True,52.6343,3
20260508-002650,1778245120,2026-05-08 12:58:40+00:00,1778245120000,45109,26.03039,43.33734,10.05051,107717,True,52.327,3
20260508-002650,1778245132,2026-05-08 12:58:52+00:00,1778245132000,45121,26.03039,43.31326,10.05046,107994,True,51.33349,3
20260508-002650,1778245144,2026-05-08 12:59:04+00:00,1778245144000,45133,26.02785,43.34406,10.05051,107509,True,51.3768,3
20260508-002650,1778245156,2026-05-08 12:59:16+00:00,1778245156000,45145,26.03039,43.35741,10.05058,107165,True,51.84364,3
20260508-002650,1778245168,2026-05-08 12:59:28+00:00,1778245168000,45157,26.02785,43.38898,10.05061,107097,True,52.15918,3
20260508-002650,1778245180,2026-05-08 12:59:40+00:00,1778245180000,45169,26.03039,43.38538,10.05055,107855,True,51.08409,3
20260508-002650,1778245192,2026-05-08 12:59:52+00:00,1778245192000,45181,26.03039,43.4274,10.05049,107855,True,50.82443,3
20260508-002650,1778245204,2026-05-08 13:00:04+00:00,1778245204000,45193,26.02532,43.42173,10.05041,108134,True,50.77457,3
20260508-002650,1778245216,2026-05-08 13:00:16+00:00,1778245216000,45205,26.03292,43.39392,10.05062,107371,True,51.02711,3
20260508-002650,1778245228,2026-05-08 13:00:28+00:00,1778245228000,45217,26.03039,43.34466,10.05067,107855,True,50.63442,3
20260508-002650,1778245239,2026-05-08 13:00:39+00:00,1778245239000,45228,25.94925,43.74965,10.05042,96375,True,60.57912,3
20260508-002650,1778245251,2026-05-08 13:00:51+00:00,1778245251000,45240,26.01771,43.29612,10.05062,104231,True,63.24492,3
20260508-002650,1778245263,2026-05-08 13:01:03+00:00,1778245263000,45252,26.02024,43.24368,10.05056,105744,True,58.20875,3
20260508-002650,1778245275,2026-05-08 13:01:15+00:00,1778245275000,45264,26.02532,43.35884,10.05059,106687,True,55.06948,3
20260508-002650,1778245287,2026-05-08 13:01:27+00:00,1778245287000,45276,26.02785,43.3884,10.05049,107028,True,53.26047,3
20260508-002650,1778245299,2026-05-08 13:01:39+00:00,1778245299000,45288,26.03039,43.36753,10.05058,106552,True,53.01323,3
20260508-002650,1778245311,2026-05-08 13:01:51+00:00,1778245311000,45300,26.02785,43.36979,10.05052,107647,True,52.81315,3
20260508-002650,1778245323,2026-05-08 13:02:03+00:00,1778245323000,45312,26.02532,43.38681,10.05052,107303,True,52.35006,3
20260508-002650,1778245335,2026-05-08 13:02:15+00:00,1778245335000,45324,26.03039,43.35962,10.05063,107440,True,51.66579,3
20260508-002650,1778245347,2026-05-08 13:02:27+00:00,1778245347000,45336,26.02532,43.37284,10.05046,107994,True,50.96548,3
20260508-002650,1778245359,2026-05-08 13:02:39+00:00,1778245359000,45348,26.02278,43.44229,10.05051,107647,True,50.74543,3
20260508-002650,1778245371,2026-05-08 13:02:51+00:00,1778245371000,45360,26.03039,43.34473,10.0506,108064,True,50.93465,3
20260508-002650,1778245383,2026-05-08 13:03:03+00:00,1778245383000,45372,26.02785,43.3015,10.05065,107509,True,51.65585,3
20260508-002650,1778245395,2026-05-08 13:03:15+00:00,1778245395000,45384,26.03292,43.2244,10.05071,107578,True,51.20558,3
20260508-002650,1778245407,2026-05-08 13:03:27+00:00,1778245407000,45396,26.02532,43.16667,10.05059,107925,True,51.21104,3
20260508-002650,1778245419,2026-05-08 13:03:39+00:00,1778245419000,45408,26.02532,43.08629,10.0505,108695,True,50.27168,3
20260508-002650,1778245433,2026-05-08 13:03:53+00:00,1778245433000,45422,26.0839,42.94368,10.05063,108274,True,50.22408,3
20260508-002650,1778245445,2026-05-08 13:04:05+00:00,1778245445000,45434,25.99742,43.41909,10.05046,96319,True,81.64084,3
20260508-002650,1778245457,2026-05-08 13:04:17+00:00,1778245457000,45446,26.00757,43.25679,10.05056,102258,True,72.25441,3
20260508-002650,1778245469,2026-05-08 13:04:29+00:00,1778245469000,45458,26.01771,43.21813,10.05068,104622,True,63.30662,3
20260508-002650,1778245481,2026-05-08 13:04:41+00:00,1778245481000,45470,26.01264,43.30716,10.05059,106079,True,58.56009,3
20260508-002650,1778245493,2026-05-08 13:04:53+00:00,1778245493000,45482,26.02024,43.28701,10.05084,106552,True,55.65282,3
20260508-002650,1778245505,2026-05-08 13:05:05+00:00,1778245505000,45494,26.02278,43.31646,10.05069,107440,True,53.81933,3
20260508-002650,1778245517,2026-05-08 13:05:17+00:00,1778245517000,45506,26.01771,43.31681,10.0505,107786,True,52.55912,3
20260508-002650,1778245529,2026-05-08 13:05:29+00:00,1778245529000,45518,26.02532,43.22723,10.05087,107028,True,52.48811,3
20260508-002650,1778245541,2026-05-08 13:05:41+00:00,1778245541000,45530,26.02278,43.16796,10.05076,108414,True,50.49638,3
20260508-002650,1778245553,2026-05-08 13:05:53+00:00,1778245553000,45542,26.01517,43.14943,10.05049,107717,True,50.72547,2
20260508-002650,1778245565,2026-05-08 13:06:05+00:00,1778245565000,45554,26.02024,43.16028,10.05068,107717,True,50.79723,2
20260508-002650,1778245577,2026-05-08 13:06:17+00:00,1778245577000,45566,26.02785,43.23748,10.0508,107717,True,51.05003,2
20260508-002650,1778245589,2026-05-08 13:06:29+00:00,1778245589000,45578,26.03039,43.1826,10.05098,108907,True,50.42849,2
20260508-002650,1778245602,2026-05-08 13:06:42+00:00,1778245602000,45591,25.99236,43.55823,10.05071,101269,True,62.36599,2
20260508-002650,1778245614,2026-05-08 13:06:54+00:00,1778245614000,45603,26.02024,43.38212,10.05103,104949,True,61.18068,3
20260508-002650,1778245626,2026-05-08 13:07:06+00:00,1778245626000,45615,26.02024,43.34785,10.05101,106416,True,56.79696,3
20260508-002650,1778245638,2026-05-08 13:07:18+00:00,1778245638000,45627,26.01771,43.30555,10.05101,107647,True,54.19073,3
20260508-002650,1778245650,2026-05-08 13:07:30+00:00,1778245650000,45639,26.01771,43.32951,10.0512,107509,True,52.71884,3
20260508-002650,1778245662,2026-05-08 13:07:42+00:00,1778245662000,45651,26.02278,43.36556,10.05146,107578,True,52.06708,3
20260508-002650,1778245674,2026-05-08 13:07:54+00:00,1778245674000,45663,26.02532,43.34949,10.05147,107994,True,51.66624,3
20260508-002650,1778245686,2026-05-08 13:08:06+00:00,1778245686000,45675,26.02278,43.32042,10.05144,106960,True,52.60982,3
20260508-002650,1778245698,2026-05-08 13:08:18+00:00,1778245698000,45687,26.01771,43.36002,10.05133,107855,True,52.17743,3
20260508-002650,1778245710,2026-05-08 13:08:30+00:00,1778245710000,45699,26.01771,43.29547,10.05152,108064,True,52.04666,3
20260508-002650,1778245722,2026-05-08 13:08:42+00:00,1778245722000,45711,26.02278,43.28925,10.0516,107440,True,51.39345,3
20260508-002650,1778245734,2026-05-08 13:08:54+00:00,1778245734000,45723,26.02278,43.23994,10.05169,107786,True,51.88773,3
20260508-002650,1778245746,2026-05-08 13:09:06+00:00,1778245746000,45735,26.02278,43.20903,10.05164,107717,True,51.82149,3
20260508-002650,1778245758,2026-05-08 13:09:18+00:00,1778245758000,45747,26.02278,43.10055,10.05171,108625,True,50.34468,3
20260508-002650,1778245770,2026-05-08 13:09:30+00:00,1778245770000,45759,26.02024,43.09906,10.05182,108414,True,50.26011,3
20260508-002650,1778245782,2026-05-08 13:09:42+00:00,1778245782000,45771,26.02532,43.13917,10.05194,107717,True,50.68175,3
20260508-002650,1778245794,2026-05-08 13:09:54+00:00,1778245794000,45783,26.02278,43.14309,10.05179,107925,True,50.445,2
20260508-002650,1778245806,2026-05-08 13:10:06+00:00,1778245806000,45795,26.02024,43.19224,10.05188,108204,True,50.82114,2
20260508-002650,1778245818,2026-05-08 13:10:18+00:00,1778245818000,45807,26.02024,43.15898,10.05189,108484,True,50.25066,2
20260508-002650,1778245830,2026-05-08 13:10:30+00:00,1778245830000,45819,26.02024,43.03317,10.05184,108414,True,50.08804,2
20260508-002650,1778245842,2026-05-08 13:10:42+00:00,1778245842000,45831,26.02278,43.02728,10.052,108484,True,50.15358,2
20260508-002650,1778245854,2026-05-08 13:10:54+00:00,1778245854000,45843,26.03039,43.06816,10.05223,108064,True,50.38393,2
20260508-002650,1778245866,2026-05-08 13:11:06+00:00,1778245866000,45855,26.02532,43.15761,10.05238,108414,True,50.61388,2
20260508-002650,1778245878,2026-05-08 13:11:18+00:00,1778245878000,45867,26.01771,43.22943,10.05229,108625,True,50.41915,2
20260508-002650,1778245890,2026-05-08 13:11:30+00:00,1778245890000,45879,26.01771,43.26434,10.05227,107925,True,51.91145,2
20260508-002650,1778245902,2026-05-08 13:11:42+00:00,1778245902000,45891,26.01771,43.31752,10.05219,108554,True,51.42749,2
20260508-002650,1778245914,2026-05-08 13:11:54+00:00,1778245914000,45903,26.03039,43.24019,10.0526,107855,True,52.04596,3
20260508-002650,1778245926,2026-05-08 13:12:06+00:00,1778245926000,45915,26.03039,43.30236,10.05256,108274,True,51.8336,3
20260508-002650,1778245938,2026-05-08 13:12:18+00:00,1778245938000,45927,26.02278,43.24107,10.05253,108554,True,51.11655,3
20260508-002650,1778245950,2026-05-08 13:12:30+00:00,1778245950000,45939,26.01771,43.22216,10.05233,108554,True,50.96744,3
20260508-002650,1778245962,2026-05-08 13:12:42+00:00,1778245962000,45951,26.02278,43.22965,10.05246,108766,True,50.4009,3
20260508-002650,1778245974,2026-05-08 13:12:54+00:00,1778245974000,45963,26.02024,43.28074,10.05258,108064,True,51.17674,3
20260508-002650,1778245986,2026-05-08 13:13:06+00:00,1778245986000,45975,26.01771,43.34416,10.05268,108204,True,51.85885,3
20260508-002650,1778245998,2026-05-08 13:13:18+00:00,1778245998000,45987,26.02532,43.34723,10.05268,107786,True,51.50751,3
20260508-002650,1778246010,2026-05-08 13:13:30+00:00,1778246010000,45999,26.02532,43.35149,10.05273,108554,True,50.53992,3
20260508-002650,1778246022,2026-05-08 13:13:42+00:00,1778246022000,46011,26.02532,43.28368,10.05273,107855,True,51.10084,3
20260508-002650,1778246034,2026-05-08 13:13:54+00:00,1778246034000,46023,26.02532,43.32687,10.05266,107786,True,51.31516,3
20260508-002650,1778246046,2026-05-08 13:14:06+00:00,1778246046000,46035,26.02278,43.29831,10.05272,108064,True,51.26024,3
20260508-002650,1778246058,2026-05-08 13:14:18+00:00,1778246058000,46047,26.02532,43.26716,10.05278,108554,True,50.73732,3
20260508-002650,1778246070,2026-05-08 13:14:30+00:00,1778246070000,46059,26.02024,43.34263,10.05272,108484,True,50.47708,3
20260508-002650,1778246082,2026-05-08 13:14:42+00:00,1778246082000,46071,26.01771,43.30705,10.0528,108695,True,50.59488,3
20260508-002650,1778246094,2026-05-08 13:14:54+00:00,1778246094000,46083,26.02785,43.27432,10.053,107925,True,50.79246,3
20260508-002650,1778246106,2026-05-08 13:15:06+00:00,1778246106000,46095,26.02024,43.30015,10.0528,108978,True,50.68135,3
20260508-002650,1778246118,2026-05-08 13:15:18+00:00,1778246118000,46107,26.02024,43.34335,10.0528,108625,True,50.75996,3
20260508-002650,1778246130,2026-05-08 13:15:30+00:00,1778246130000,46119,26.02532,43.3298,10.05285,108907,True,50.0,2
20260508-002650,1778246142,2026-05-08 13:15:42+00:00,1778246142000,46131,26.02024,43.32052,10.05296,107855,True,50.67831,2
20260508-002650,1778246154,2026-05-08 13:15:54+00:00,1778246154000,46143,26.02785,43.34,10.053,107994,True,50.65473,2
20260508-002650,1778246166,2026-05-08 13:16:06+00:00,1778246166000,46155,26.02024,43.28456,10.05317,109262,True,49.94148,2
20260508-002650,1778246178,2026-05-08 13:16:18+00:00,1778246178000,46167,26.02532,43.13579,10.05308,108204,True,51.07499,2
20260508-002650,1778246190,2026-05-08 13:16:30+00:00,1778246190000,46179,26.02024,43.12999,10.05312,108554,True,50.4437,2
20260508-002650,1778246202,2026-05-08 13:16:42+00:00,1778246202000,46191,26.02024,43.1215,10.05312,108064,True,50.69164,2
20260508-002650,1778246214,2026-05-08 13:16:54+00:00,1778246214000,46203,26.02024,43.13213,10.05317,108554,True,50.64814,2
20260508-002650,1778246226,2026-05-08 13:17:06+00:00,1778246226000,46215,26.02278,43.13256,10.05311,108766,True,50.53764,3
20260508-002650,1778246238,2026-05-08 13:17:18+00:00,1778246238000,46227,26.01771,43.15115,10.05329,108836,True,50.82527,3
20260508-002650,1778246250,2026-05-08 13:17:30+00:00,1778246250000,46239,26.01771,43.36625,10.05322,107717,True,51.27781,3
20260508-002650,1778246262,2026-05-08 13:17:42+00:00,1778246262000,46251,26.02024,43.70141,10.05345,108625,True,50.97166,3
20260508-002650,1778246274,2026-05-08 13:17:54+00:00,1778246274000,46263,26.01771,43.8086,10.05342,107234,True,52.58438,3
20260508-002650,1778246286,2026-05-08 13:18:06+00:00,1778246286000,46275,26.02278,43.8538,10.05336,107509,True,52.46378,3
20260508-002650,1778246298,2026-05-08 13:18:18+00:00,1778246298000,46287,26.03546,43.87901,10.05352,106349,True,53.82617,3
20260508-002650,1778246310,2026-05-08 13:18:30+00:00,1778246310000,46299,26.02785,44.31948,10.05344,98936,True,66.0473,3
20260508-002650,1778246322,2026-05-08 13:18:42+00:00,1778246322000,46311,26.02532,44.61252,10.05357,99112,True,74.22851,3
20260508-002650,1778246334,2026-05-08 13:18:54+00:00,1778246334000,46323,26.02532,44.54649,10.0535,101700,True,70.39877,3
20260508-002650,1778246346,2026-05-08 13:19:06+00:00,1778246346000,46335,26.03039,44.46867,10.05353,101885,True,67.30577,3
20260508-002650,1778246358,2026-05-08 13:19:18+00:00,1778246358000,46347,26.02785,44.42239,10.05342,102634,True,65.09135,3
20260508-002650,1778246370,2026-05-08 13:19:30+00:00,1778246370000,46359,26.03546,44.37901,10.05368,102823,True,63.92279,3
20260508-002650,1778246382,2026-05-08 13:19:42+00:00,1778246382000,46371,26.02785,44.38416,10.05345,103267,True,63.11213,3
20260508-002650,1778246394,2026-05-08 13:19:54+00:00,1778246394000,46383,26.03039,44.39259,10.05355,102823,True,63.11388,3
20260508-002650,1778246406,2026-05-08 13:20:06+00:00,1778246406000,46395,26.03039,44.4069,10.05358,102634,True,63.53838,3
20260508-002650,1778246418,2026-05-08 13:20:18+00:00,1778246418000,46407,26.03292,44.43315,10.05355,102446,True,63.72633,3
20260508-002650,1778246430,2026-05-08 13:20:30+00:00,1778246430000,46419,26.03292,44.40347,10.0538,102634,True,63.61306,3
20260508-002650,1778246442,2026-05-08 13:20:42+00:00,1778246442000,46431,26.03292,44.33852,10.05369,102823,True,63.34544,3
20260508-002650,1778246454,2026-05-08 13:20:54+00:00,1778246454000,46443,26.02278,44.3625,10.05351,102697,True,62.60171,3
20260508-002650,1778246466,2026-05-08 13:21:06+00:00,1778246466000,46455,26.02532,44.3822,10.05373,103013,True,62.6543,3
20260508-002650,1778246478,2026-05-08 13:21:18+00:00,1778246478000,46467,26.02532,44.37748,10.0538,102571,True,62.61319,3
20260508-002650,1778246490,2026-05-08 13:21:30+00:00,1778246490000,46479,26.02278,44.35539,10.05371,102571,True,62.70205,3
20260508-002650,1778246503,2026-05-08 13:21:43+00:00,1778246503000,46492,26.07768,44.21096,10.05386,103843,True,61.8651,3
20260508-002650,1778246515,2026-05-08 13:21:55+00:00,1778246515000,46504,25.99236,44.61197,10.05378,94472,True,87.47398,3
20260508-002650,1778246527,2026-05-08 13:22:07+00:00,1778246527000,46516,26.01264,44.44378,10.05407,99053,True,78.52213,3
20260508-002650,1778246539,2026-05-08 13:22:19+00:00,1778246539000,46528,26.0025,44.46358,10.05385,100600,True,71.33413,3
20260508-002650,1778246550,2026-05-08 13:22:30+00:00,1778246550000,46539,26.05838,44.32317,10.05391,101392,True,69.86377,3
20260508-002650,1778246562,2026-05-08 13:22:42+00:00,1778246562000,46551,25.98728,44.65868,10.05403,94366,True,88.00092,3
20260508-002650,1778246573,2026-05-08 13:22:53+00:00,1778246573000,46562,26.04228,44.45363,10.054,95988,True,86.14702,3
20260508-002650,1778246585,2026-05-08 13:23:05+00:00,1778246585000,46574,25.97968,44.59684,10.05401,93650,True,94.99456,3
20260508-002650,1778246597,2026-05-08 13:23:17+00:00,1778246597000,46586,25.99489,44.36938,10.05413,97838,True,83.08256,3
20260508-002650,1778246609,2026-05-08 13:23:29+00:00,1778246609000,46598,26.0025,44.33329,10.05419,100119,True,73.66882,3
20260508-002650,1778246621,2026-05-08 13:23:41+00:00,1778246621000,46610,25.99489,44.35563,10.0541,101269,True,68.76794,3
20260508-002650,1778246633,2026-05-08 13:23:53+00:00,1778246633000,46622,26.01517,44.3041,10.05432,102196,True,66.49577,3
20260508-002650,1778246645,2026-05-08 13:24:05+00:00,1778246645000,46634,26.00757,44.3401,10.05423,102823,True,64.60501,3
20260508-002650,1778246657,2026-05-08 13:24:17+00:00,1778246657000,46646,26.00757,44.38155,10.05427,102634,True,63.32142,3
20260508-002650,1778246669,2026-05-08 13:24:29+00:00,1778246669000,46658,26.01517,44.29539,10.05453,102697,True,63.32383,3
20260508-002650,1778246681,2026-05-08 13:24:41+00:00,1778246681000,46670,26.01264,44.22143,10.0544,103267,True,61.78609,3
20260508-002650,1778246693,2026-05-08 13:24:53+00:00,1778246693000,46682,26.0101,44.21478,10.05433,103586,True,61.79018,3
20260508-002650,1778246705,2026-05-08 13:25:05+00:00,1778246705000,46694,26.01771,44.17727,10.05457,103331,True,61.42196,3
20260508-002650,1778246717,2026-05-08 13:25:17+00:00,1778246717000,46706,26.01517,44.19621,10.05464,103458,True,62.0949,3
20260508-002650,1778246729,2026-05-08 13:25:29+00:00,1778246729000,46718,26.02024,44.20226,10.05458,104037,True,60.24175,3
20260508-002650,1778246741,2026-05-08 13:25:41+00:00,1778246741000,46730,26.01771,44.20519,10.05466,103395,True,60.43615,3
20260508-002650,1778246753,2026-05-08 13:25:53+00:00,1778246753000,46742,26.02532,44.14478,10.05485,104361,True,60.28436,3
20260508-002650,1778246765,2026-05-08 13:26:05+00:00,1778246765000,46754,26.01264,44.16044,10.0546,104556,True,58.83979,3
20260508-002650,1778246777,2026-05-08 13:26:17+00:00,1778246777000,46766,26.02278,44.13307,10.05481,104296,True,59.03816,3
20260508-002650,1778246789,2026-05-08 13:26:29+00:00,1778246789000,46778,26.02532,44.14244,10.05487,104556,True,58.88242,3
20260508-002650,1778246801,2026-05-08 13:26:41+00:00,1778246801000,46790,26.01771,44.15093,10.05468,104884,True,58.47836,3
20260508-002650,1778246813,2026-05-08 13:26:53+00:00,1778246813000,46802,26.02024,44.22288,10.05489,104101,True,58.77302,3
20260508-002650,1778246825,2026-05-08 13:27:05+00:00,1778246825000,46814,26.01771,44.26517,10.05492,104491,True,58.74573,3
20260508-002650,1778246837,2026-05-08 13:27:17+00:00,1778246837000,46826,26.02024,44.25375,10.05482,104884,True,57.95168,3
20260508-002650,1778246849,2026-05-08 13:27:29+00:00,1778246849000,46838,26.01771,44.25741,10.05501,104687,True,58.41889,3
20260508-002650,1778246861,2026-05-08 13:27:41+00:00,1778246861000,46850,26.02278,44.21852,10.05511,104622,True,58.20615,3
20260508-002650,1778246873,2026-05-08 13:27:53+00:00,1778246873000,46862,26.02278,44.2157,10.05509,104818,True,58.33155,3
20260508-002650,1778246885,2026-05-08 13:28:05+00:00,1778246885000,46874,26.01264,44.20435,10.05493,104296,True,58.25524,3
20260508-002650,1778246898,2026-05-08 13:28:18+00:00,1778246898000,46887,26.07768,44.05032,10.05509,104752,True,58.14947,3
20260508-002650,1778246910,2026-05-08 13:28:30+00:00,1778246910000,46899,25.98221,44.45739,10.055,95332,True,84.14784,3
20260508-002650,1778246922,2026-05-08 13:28:42+00:00,1778246922000,46911,25.99489,44.24892,10.05508,100179,True,75.87965,3
20260508-002650,1778246934,2026-05-08 13:28:54+00:00,1778246934000,46923,25.99742,44.24716,10.05512,102886,True,67.37592,3
20260508-002650,1778246946,2026-05-08 13:29:06+00:00,1778246946000,46935,26.00503,44.23146,10.05509,104231,True,62.49618,3
20260508-002650,1778246958,2026-05-08 13:29:18+00:00,1778246958000,46947,26.01771,44.23214,10.05524,104426,True,60.67692,3
20260508-002650,1778246970,2026-05-08 13:29:30+00:00,1778246970000,46959,26.0025,44.28989,10.05512,103779,True,59.68948,3
20260508-002650,1778246982,2026-05-08 13:29:42+00:00,1778246982000,46971,26.0025,44.2502,10.05493,104556,True,58.55603,3
20260508-002650,1778246994,2026-05-08 13:29:54+00:00,1778246994000,46983,26.02024,44.21984,10.05523,105213,True,58.01629,3
20260508-002650,1778247006,2026-05-08 13:30:06+00:00,1778247006000,46995,26.01517,44.23428,10.05516,104884,True,57.80222,3
20260508-002650,1778247018,2026-05-08 13:30:18+00:00,1778247018000,47008,25.98475,44.4799,10.05532,98645,True,68.189,3
20260508-002650,1778247030,2026-05-08 13:30:30+00:00,1778247030000,47020,25.99742,44.34041,10.05528,102634,True,66.21643,3
20260508-002650,1778247042,2026-05-08 13:30:42+00:00,1778247042000,47032,26.0101,44.25238,10.05538,104687,True,61.82337,3
20260508-002650,1778247054,2026-05-08 13:30:54+00:00,1778247054000,47044,26.01517,44.22361,10.05543,104491,True,59.28441,3
20260508-002650,1778247067,2026-05-08 13:31:07+00:00,1778247067000,47056,25.97968,44.47572,10.05517,98936,True,69.23631,3
20260508-002650,1778247079,2026-05-08 13:31:19+00:00,1778247079000,47068,26.00503,44.26886,10.05526,102823,True,67.03479,3
20260508-002650,1778247091,2026-05-08 13:31:31+00:00,1778247091000,47080,25.99996,44.24075,10.05522,104166,True,61.73641,3
20260508-002650,1778247101,2026-05-08 13:31:41+00:00,1778247101000,47090,25.92389,44.70886,10.0555,95465,True,68.24693,3
20260508-002650,1778247113,2026-05-08 13:31:53+00:00,1778247113000,47102,25.98982,44.25167,10.05521,100419,True,71.08465,3
20260508-002650,1778247125,2026-05-08 13:32:05+00:00,1778247125000,47114,25.99742,44.13067,10.05519,103395,True,64.14481,3
20260508-002650,1778247137,2026-05-08 13:32:17+00:00,1778247137000,47126,26.0025,44.09702,10.05524,104622,True,59.91566,3
20260508-002650,1778247149,2026-05-08 13:32:29+00:00,1778247149000,47138,26.00503,44.13269,10.05511,104949,True,58.50044,3
20260508-002650,1778247161,2026-05-08 13:32:41+00:00,1778247161000,47150,25.99742,44.18225,10.05526,104361,True,57.99685,3
20260508-002650,1778247173,2026-05-08 13:32:53+00:00,1778247173000,47162,26.00757,44.15965,10.05538,105945,True,56.79877,3
20260508-002650,1778247185,2026-05-08 13:33:05+00:00,1778247185000,47174,26.01517,44.12879,10.05544,105147,True,56.7393,3
20260508-002650,1778247197,2026-05-08 13:33:17+00:00,1778247197000,47186,26.0101,44.13457,10.05531,106012,True,55.20884,3
20260508-002650,1778247209,2026-05-08 13:33:29+00:00,1778247209000,47198,26.0101,44.12952,10.05513,104949,True,55.99902,3
20260508-002650,1778247221,2026-05-08 13:33:41+00:00,1778247221000,47210,26.01517,44.15176,10.05515,105611,True,55.82225,3
20260508-002650,1778247233,2026-05-08 13:33:53+00:00,1778247233000,47222,26.00503,44.1501,10.055,106079,True,55.25013,3
20260508-002650,1778247245,2026-05-08 13:34:05+00:00,1778247245000,47234,26.0025,44.13697,10.05533,105744,True,55.21874,3
20260508-002650,1778247257,2026-05-08 13:34:17+00:00,1778247257000,47246,26.00503,44.13306,10.05519,106349,True,54.88142,3
20260508-002650,1778247269,2026-05-08 13:34:29+00:00,1778247269000,47258,26.0025,44.15773,10.05524,105611,True,55.47075,3
20260508-002650,1778247281,2026-05-08 13:34:41+00:00,1778247281000,47270,26.01771,44.10906,10.05564,105811,True,55.48477,3
20260508-002650,1778247293,2026-05-08 13:34:53+00:00,1778247293000,47282,26.01264,44.12712,10.05558,106349,True,54.34008,3
20260508-002650,1778247305,2026-05-08 13:35:05+00:00,1778247305000,47294,26.00757,44.14202,10.05536,106349,True,54.07933,3
20260508-002650,1778247317,2026-05-08 13:35:17+00:00,1778247317000,47306,26.00757,44.19445,10.05513,106214,True,54.50144,3
20260508-002650,1778247329,2026-05-08 13:35:29+00:00,1778247329000,47318,26.0101,44.16557,10.05508,106484,True,54.06343,3
20260508-002650,1778247341,2026-05-08 13:35:41+00:00,1778247341000,47330,26.0101,44.08229,10.05531,106281,True,54.20621,3
20260508-002650,1778247353,2026-05-08 13:35:53+00:00,1778247353000,47342,26.0101,44.12069,10.05522,106214,True,54.14056,3
20260508-002650,1778247365,2026-05-08 13:36:05+00:00,1778247365000,47354,26.0101,44.11731,10.05536,106755,True,53.51271,3
20260508-002650,1778247377,2026-05-08 13:36:17+00:00,1778247377000,47366,26.01264,44.06152,10.05547,106079,True,53.64759,3
20260508-002650,1778247389,2026-05-08 13:36:29+00:00,1778247389000,47378,26.00757,44.04554,10.0555,106892,True,53.05421,3
20260508-002650,1778247401,2026-05-08 13:36:41+00:00,1778247401000,47390,26.01264,44.051,10.05532,106079,True,53.70979,3
20260508-002650,1778247413,2026-05-08 13:36:53+00:00,1778247413000,47402,26.00757,44.11638,10.05506,106892,True,52.45185,3
20260508-002650,1778247425,2026-05-08 13:37:05+00:00,1778247425000,47414,26.00503,44.12299,10.055,105945,True,53.85411,3
20260508-002650,1778247437,2026-05-08 13:37:17+00:00,1778247437000,47426,26.01264,44.13123,10.05505,107097,True,53.05712,3
20260508-002650,1778247449,2026-05-08 13:37:29+00:00,1778247449000,47438,26.01264,44.16475,10.055,106823,True,52.70356,3
20260508-002650,1778247461,2026-05-08 13:37:41+00:00,1778247461000,47450,26.0101,44.15801,10.05508,106892,True,53.20637,3
20260508-002650,1778247473,2026-05-08 13:37:53+00:00,1778247473000,47462,25.91882,44.71566,10.05514,95356,True,63.54296,3
20260508-002650,1778247485,2026-05-08 13:38:05+00:00,1778247485000,47474,25.98982,44.20344,10.05502,102446,True,68.42434,3
20260508-002650,1778247497,2026-05-08 13:38:17+00:00,1778247497000,47486,25.99996,44.10229,10.05497,104556,True,62.12604,3
20260508-002650,1778247509,2026-05-08 13:38:29+00:00,1778247509000,47498,25.99996,44.13499,10.05494,105545,True,57.97004,3
20260508-002650,1778247521,2026-05-08 13:38:41+00:00,1778247521000,47510,26.0025,44.12639,10.05494,105878,True,56.20535,3
20260508-002650,1778247533,2026-05-08 13:38:53+00:00,1778247533000,47522,26.0025,44.12416,10.05514,106484,True,54.40633,3
20260508-002650,1778247545,2026-05-08 13:39:05+00:00,1778247545000,47534,26.0025,44.14786,10.05533,105945,True,54.06682,3
20260508-002650,1778247557,2026-05-08 13:39:17+00:00,1778247557000,47546,25.99742,44.18248,10.0553,106687,True,53.64248,3
20260508-002650,1778247569,2026-05-08 13:39:29+00:00,1778247569000,47558,26.0025,44.20412,10.05512,107028,True,53.02675,3
20260508-002650,1778247581,2026-05-08 13:39:41+00:00,1778247581000,47570,26.0101,44.18283,10.05561,106552,True,53.04581,3
20260508-002650,1778247593,2026-05-08 13:39:53+00:00,1778247593000,47582,26.0101,44.2486,10.0555,106552,True,52.87892,3
20260508-002650,1778247605,2026-05-08 13:40:05+00:00,1778247605000,47594,26.00503,44.24475,10.05579,106416,True,53.04031,3
20260508-002650,1778247617,2026-05-08 13:40:17+00:00,1778247617000,47606,26.0025,44.26382,10.0554,106892,True,52.77752,3
20260508-002650,1778247629,2026-05-08 13:40:29+00:00,1778247629000,47618,26.00503,44.22565,10.05549,106416,True,52.71145,3
20260508-002650,1778247641,2026-05-08 13:40:41+00:00,1778247641000,47630,26.0025,44.22226,10.05533,107234,True,52.32134,3
20260508-002650,1778247653,2026-05-08 13:40:53+00:00,1778247653000,47642,26.00503,44.2597,10.05502,105945,True,53.05588,3
20260508-002650,1778247665,2026-05-08 13:41:05+00:00,1778247665000,47654,26.0101,44.28464,10.05524,106823,True,53.07623,3
20260508-002650,1778247677,2026-05-08 13:41:17+00:00,1778247677000,47666,26.0025,44.30287,10.05512,105945,True,53.6436,3
20260508-002650,1778247689,2026-05-08 13:41:29+00:00,1778247689000,47678,26.00757,44.21035,10.05495,107028,True,53.07421,3
20260508-002650,1778247701,2026-05-08 13:41:41+00:00,1778247701000,47690,26.00503,44.15818,10.05525,106823,True,52.24406,3
20260508-002650,1778247713,2026-05-08 13:41:53+00:00,1778247713000,47702,26.0025,44.1442,10.0551,106552,True,51.92863,3
20260508-002650,1778247725,2026-05-08 13:42:05+00:00,1778247725000,47714,25.99489,44.16859,10.05489,106552,True,51.65524,3
20260508-002650,1778247737,2026-05-08 13:42:17+00:00,1778247737000,47726,26.0025,44.13129,10.05515,107165,True,52.18732,3
20260508-002650,1778247749,2026-05-08 13:42:29+00:00,1778247749000,47738,26.00503,44.11296,10.05512,107647,True,51.01476,3
20260508-002650,1778247761,2026-05-08 13:42:41+00:00,1778247761000,47750,26.0025,44.10518,10.05507,107509,True,51.23829,3
20260508-002650,1778247773,2026-05-08 13:42:53+00:00,1778247773000,47762,25.99742,44.13501,10.05502,106755,True,51.86529,3
20260508-002650,1778247785,2026-05-08 13:43:05+00:00,1778247785000,47774,25.99489,44.22269,10.05522,107234,True,51.58758,3
20260508-002650,1778247797,2026-05-08 13:43:17+00:00,1778247797000,47786,25.99996,44.20649,10.05506,107097,True,52.11684,3
20260508-002650,1778247809,2026-05-08 13:43:29+00:00,1778247809000,47798,25.99742,44.23156,10.0549,107303,True,52.36378,3
20260508-002650,1778247821,2026-05-08 13:43:41+00:00,1778247821000,47810,26.00503,44.20627,10.05507,106687,True,52.05749,3
20260508-002650,1778247833,2026-05-08 13:43:53+00:00,1778247833000,47822,25.99996,44.25947,10.05511,107097,True,51.55704,3
20260508-002650,1778247845,2026-05-08 13:44:05+00:00,1778247845000,47834,25.99489,44.29443,10.05529,107234,True,51.44212,3
20260508-002650,1778247858,2026-05-08 13:44:18+00:00,1778247858000,47847,25.896,44.93881,10.05533,93026,True,64.0613,3
20260508-002650,1778247871,2026-05-08 13:44:31+00:00,1778247871000,47860,26.00715,44.49389,10.05569,95170,True,70.77293,3
20260508-002650,1778247883,2026-05-08 13:44:43+00:00,1778247883000,47872,25.96193,44.47171,10.05568,94496,True,94.47142,3
20260508-002650,1778247895,2026-05-08 13:44:55+00:00,1778247895000,47884,25.97968,44.19787,10.05598,100000,True,80.24697,3
20260508-002650,1778247907,2026-05-08 13:45:07+00:00,1778247907000,47896,25.97968,44.1212,10.05601,103013,True,67.99484,3
20260508-002650,1778247919,2026-05-08 13:45:19+00:00,1778247919000,47908,25.97968,44.13194,10.05622,104231,True,61.47416,3
20260508-002650,1778247931,2026-05-08 13:45:31+00:00,1778247931000,47920,25.98728,44.10855,10.05642,105611,True,57.64108,3
20260508-002650,1778247943,2026-05-08 13:45:43+00:00,1778247943000,47932,25.98982,44.13761,10.05658,105878,True,55.70663,3
20260508-002650,1778247955,2026-05-08 13:45:55+00:00,1778247955000,47944,25.98982,44.18103,10.05663,105412,True,55.62458,3
20260508-002650,1778247967,2026-05-08 13:46:07+00:00,1778247967000,47956,25.98982,44.18554,10.05662,106349,True,54.43552,3
20260508-002650,1778247979,2026-05-08 13:46:19+00:00,1778247979000,47968,25.98982,44.19992,10.0566,106823,True,53.62277,3
20260508-002650,1778247991,2026-05-08 13:46:31+00:00,1778247991000,47980,25.99236,44.19502,10.05687,106960,True,53.51654,3
20260508-002650,1778248003,2026-05-08 13:46:43+00:00,1778248003000,47992,25.99489,44.21555,10.05701,106552,True,54.02562,3
20260508-002650,1778248015,2026-05-08 13:46:55+00:00,1778248015000,48004,25.98728,44.24897,10.05664,107028,True,52.67299,3
20260508-002650,1778248027,2026-05-08 13:47:07+00:00,1778248027000,48016,25.99236,44.18678,10.05708,107028,True,53.05213,3
20260508-002650,1778248039,2026-05-08 13:47:19+00:00,1778248039000,48028,25.99489,44.16661,10.05729,106960,True,52.11119,3
20260508-002650,1778248050,2026-05-08 13:47:30+00:00,1778248050000,48039,25.91375,44.65594,10.05734,96430,True,61.3252,3
20260508-002650,1778248062,2026-05-08 13:47:42+00:00,1778248062000,48051,25.97461,44.2418,10.05714,103076,True,65.18646,3
20260508-002650,1778248074,2026-05-08 13:47:54+00:00,1778248074000,48063,25.98475,44.19864,10.05732,105478,True,59.13762,3
20260508-002650,1778248086,2026-05-08 13:48:06+00:00,1778248086000,48075,25.98728,44.22634,10.0575,106147,True,56.04768,3
20260508-002650,1778248098,2026-05-08 13:48:18+00:00,1778248098000,48087,25.99489,44.23737,10.05775,106755,True,53.92391,3
20260508-002650,1778248110,2026-05-08 13:48:30+00:00,1778248110000,48099,25.98728,44.28484,10.05759,106349,True,53.48299,3
20260508-002650,1778248122,2026-05-08 13:48:42+00:00,1778248122000,48111,25.98982,44.25618,10.05748,107371,True,52.11152,3
20260508-002650,1778248134,2026-05-08 13:48:54+00:00,1778248134000,48123,25.98728,44.23691,10.05777,106892,True,51.95305,3
20260508-002650,1778248146,2026-05-08 13:49:06+00:00,1778248146000,48135,25.98728,44.22637,10.05803,107028,True,52.17445,3
20260508-002650,1778248158,2026-05-08 13:49:18+00:00,1778248158000,48147,25.98728,44.20509,10.05817,107028,True,51.76328,3
20260508-002650,1778248170,2026-05-08 13:49:30+00:00,1778248170000,48159,25.98982,44.18843,10.05834,107509,True,51.29121,3
20260508-002650,1778248182,2026-05-08 13:49:42+00:00,1778248182000,48171,25.98982,44.19762,10.05849,106619,True,51.84111,3
20260508-002650,1778248194,2026-05-08 13:49:54+00:00,1778248194000,48183,25.99489,44.22401,10.05856,107303,True,51.50391,3
20260508-002650,1778248206,2026-05-08 13:50:06+00:00,1778248206000,48195,25.99236,44.29475,10.05861,107165,True,51.8276,3
20260508-002650,1778248218,2026-05-08 13:50:18+00:00,1778248218000,48207,25.98728,44.28562,10.05863,107717,True,51.70175,3
20260508-002650,1778248230,2026-05-08 13:50:30+00:00,1778248230000,48219,25.99489,44.1956,10.05866,107855,True,51.20674,3
20260508-002650,1778248268,2026-05-08 13:51:08+00:00,1778248268000,48258,26.05914,44.01999,10.05874,107165,True,51.29946,3
20260508-002650,1778248280,2026-05-08 13:51:20+00:00,1778248280000,48270,25.93404,44.57339,10.05896,82085,True,126.92636,3
20260508-002650,1778248292,2026-05-08 13:51:32+00:00,1778248292000,48282,25.94925,44.34135,10.05903,94389,True,103.31772,3
20260508-002650,1778248304,2026-05-08 13:51:44+00:00,1778248304000,48294,25.95686,44.29649,10.05917,98820,True,84.03325,3
20260508-002650,1778248316,2026-05-08 13:51:56+00:00,1778248316000,48306,25.96446,44.20602,10.05916,101761,True,71.90963,3
20260508-002650,1778248328,2026-05-08 13:52:08+00:00,1778248328000,48318,25.96446,44.15364,10.05923,102383,True,66.54038,3
20260508-002650,1778248340,2026-05-08 13:52:20+00:00,1778248340000,48330,25.967,44.15838,10.05902,104426,True,61.48748,3
20260508-002650,1778248352,2026-05-08 13:52:32+00:00,1778248352000,48342,25.96953,44.16558,10.0592,105015,True,58.95647,3
20260508-002650,1778248364,2026-05-08 13:52:44+00:00,1778248364000,48354,25.97461,44.28713,10.05925,105345,True,57.22255,3
20260508-002650,1778248377,2026-05-08 13:52:57+00:00,1778248377000,48366,25.97714,44.25328,10.05947,105081,True,57.31544,3
20260508-002650,1778248387,2026-05-08 13:53:07+00:00,1778248387000,48376,25.896,44.71452,10.05935,94900,True,65.95736,3
20260508-002650,1778248399,2026-05-08 13:53:19+00:00,1778248399000,48388,25.96446,44.26329,10.05954,102446,True,68.13516,3
20260508-002650,1778248411,2026-05-08 13:53:31+00:00,1778248411000,48400,25.97968,44.1336,10.05944,104426,True,61.84085,3
20260508-002650,1778248423,2026-05-08 13:53:43+00:00,1778248423000,48412,25.97714,44.12614,10.0592,105611,True,57.45364,3
20260508-002650,1778248435,2026-05-08 13:53:55+00:00,1778248435000,48424,25.97461,44.11727,10.05927,106416,True,55.56025,3
20260508-002650,1778248447,2026-05-08 13:54:07+00:00,1778248447000,48436,25.97968,44.11589,10.05933,106079,True,54.16574,3
20260508-002650,1778248459,2026-05-08 13:54:19+00:00,1778248459000,48448,25.97207,44.1351,10.05921,106079,True,53.97831,3
20260508-002650,1778248472,2026-05-08 13:54:32+00:00,1778248472000,48461,25.95432,44.39963,10.0594,100540,True,63.99989,3
20260508-002650,1778248484,2026-05-08 13:54:44+00:00,1778248484000,48473,25.97207,44.19044,10.05916,104037,True,62.5422,3
20260508-002650,1778248496,2026-05-08 13:54:56+00:00,1778248496000,48485,25.97714,44.17126,10.05919,105945,True,57.53019,3
20260508-002650,1778248508,2026-05-08 13:55:08+00:00,1778248508000,48497,25.98221,44.20799,10.05925,106079,True,54.97838,3
20260508-002650,1778248520,2026-05-08 13:55:20+00:00,1778248520000,48509,25.98221,44.20314,10.05923,106079,True,54.48208,3
20260508-002650,1778248532,2026-05-08 13:55:32+00:00,1778248532000,48521,25.97714,44.17459,10.05934,106755,True,52.52804,3
20260508-002650,1778248544,2026-05-08 13:55:44+00:00,1778248544000,48533,25.98221,44.13513,10.05941,107234,True,52.26673,3
20260508-002650,1778248556,2026-05-08 13:55:56+00:00,1778248556000,48545,25.97968,44.10101,10.05914,106349,True,52.59296,3
20260508-002650,1778248568,2026-05-08 13:56:08+00:00,1778248568000,48557,25.97968,44.09267,10.05933,106960,True,52.29132,3
20260508-002650,1778248580,2026-05-08 13:56:20+00:00,1778248580000,48569,25.98221,44.09261,10.05918,107994,True,50.53919,3
20260508-002650,1778248592,2026-05-08 13:56:32+00:00,1778248592000,48581,25.98221,44.09921,10.05941,107440,True,50.96824,3
20260508-002650,1778248604,2026-05-08 13:56:44+00:00,1778248604000,48593,25.98982,44.07987,10.05939,107717,True,50.69055,3
20260508-002650,1778248616,2026-05-08 13:56:56+00:00,1778248616000,48605,25.98475,44.10692,10.05917,107925,True,50.00639,3
20260508-002650,1778248628,2026-05-08 13:57:08+00:00,1778248628000,48617,25.98982,44.10587,10.05927,107994,True,50.11512,2
20260508-002650,1778248640,2026-05-08 13:57:20+00:00,1778248640000,48629,25.98475,44.12773,10.05933,107925,True,50.16449,2
20260508-002650,1778248652,2026-05-08 13:57:32+00:00,1778248652000,48641,25.98475,44.13288,10.05947,107855,True,50.01595,2
20260508-002650,1778248664,2026-05-08 13:57:44+00:00,1778248664000,48653,25.98728,44.09237,10.05968,107994,True,50.08725,2
20260508-002650,1778248676,2026-05-08 13:57:56+00:00,1778248676000,48665,25.98982,44.08765,10.0596,107994,True,50.16148,2
20260508-002650,1778248688,2026-05-08 13:58:08+00:00,1778248688000,48677,25.98475,44.05589,10.05955,108414,True,49.95801,2
20260508-002650,1778248700,2026-05-08 13:58:20+00:00,1778248700000,48689,25.98221,44.07749,10.05965,108766,True,49.60213,2
20260508-002650,1778248712,2026-05-08 13:58:32+00:00,1778248712000,48701,25.98982,44.00983,10.06002,108204,True,50.47538,2
20260508-002650,1778248724,2026-05-08 13:58:44+00:00,1778248724000,48713,25.98982,43.98036,10.06006,108554,True,50.0,2
20260508-002650,1778248736,2026-05-08 13:58:56+00:00,1778248736000,48725,25.99236,43.93476,10.06003,108695,True,50.07377,2
20260508-002650,1778248748,2026-05-08 13:59:08+00:00,1778248748000,48737,25.98728,43.98914,10.06012,107855,True,51.13397,2
20260508-002650,1778248760,2026-05-08 13:59:20+00:00,1778248760000,48749,25.98475,44.05446,10.06031,108484,True,50.76168,2
20260508-002650,1778248772,2026-05-08 13:59:32+00:00,1778248772000,48761,25.98982,44.04082,10.06042,108836,True,50.26227,2
20260508-002650,1778248784,2026-05-08 13:59:44+00:00,1778248784000,48773,25.98475,44.06547,10.06033,107994,True,50.85016,2
20260508-002650,1778248796,2026-05-08 13:59:56+00:00,1778248796000,48785,25.97714,44.07014,10.06041,108554,True,50.02024,2
20260508-002650,1778248808,2026-05-08 14:00:08+00:00,1778248808000,48797,25.97968,44.04194,10.06051,108625,True,50.21794,2
20260508-002650,1778248820,2026-05-08 14:00:20+00:00,1778248820000,48809,25.97714,44.06477,10.06054,107786,True,51.27238,2
20260508-002650,1778248832,2026-05-08 14:00:32+00:00,1778248832000,48821,25.98475,43.99534,10.06047,108064,True,50.60242,2
20260508-002650,1778248844,2026-05-08 14:00:44+00:00,1778248844000,48833,25.98221,44.04086,10.06051,107994,True,51.224,2
20260508-002650,1778248856,2026-05-08 14:00:56+00:00,1778248856000,48845,25.97968,44.04664,10.06058,108554,True,50.12397,2
20260508-002650,1778248868,2026-05-08 14:01:08+00:00,1778248868000,48857,25.97968,44.03254,10.06068,107786,True,51.2048,2
20260508-002650,1778248880,2026-05-08 14:01:20+00:00,1778248880000,48869,25.97968,44.02507,10.06058,108766,True,50.25245,2
20260508-002650,1778248892,2026-05-08 14:01:32+00:00,1778248892000,48881,25.98221,43.99086,10.06077,109049,True,50.01614,2
20260508-002650,1778248904,2026-05-08 14:01:44+00:00,1778248904000,48893,25.97461,43.98669,10.06056,108554,True,50.0,2
20260508-002650,1778248916,2026-05-08 14:01:56+00:00,1778248916000,48905,25.97968,43.93964,10.06081,108204,True,50.73615,2
20260508-002650,1778248928,2026-05-08 14:02:08+00:00,1778248928000,48917,25.98221,43.95347,10.06069,108836,True,50.23195,2
20260508-002650,1778248940,2026-05-08 14:02:20+00:00,1778248940000,48929,25.97968,44.00979,10.06065,108344,True,50.54887,2
20260508-002650,1778248952,2026-05-08 14:02:32+00:00,1778248952000,48941,25.97968,44.03884,10.06075,108134,True,51.55875,2
20260508-002650,1778248965,2026-05-08 14:02:45+00:00,1778248965000,48954,26.03711,43.87181,10.06079,109049,True,50.96533,2
20260508-002650,1778248977,2026-05-08 14:02:57+00:00,1778248977000,48966,25.95939,44.19803,10.06086,98820,True,78.82124,3
20260508-002650,1778248989,2026-05-08 14:03:09+00:00,1778248989000,48978,25.96446,44.02456,10.06068,104491,True,69.20052,3
20260508-002650,1778249001,2026-05-08 14:03:21+00:00,1778249001000,48990,25.967,43.95911,10.06071,106012,True,61.45079,3
20260508-002650,1778249013,2026-05-08 14:03:33+00:00,1778249013000,49002,25.97461,43.94311,10.06092,106552,True,57.48059,3
20260508-002650,1778249025,2026-05-08 14:03:45+00:00,1778249025000,49014,25.97461,43.98995,10.06076,107440,True,54.23298,3
20260508-002650,1778249035,2026-05-08 14:03:55+00:00,1778249035000,49024,25.89093,44.53552,10.06067,97045,True,63.31172,3
20260508-002650,1778249048,2026-05-08 14:04:08+00:00,1778249048000,49037,25.99654,44.19703,10.06089,99347,True,67.36301,3
20260508-002650,1778249060,2026-05-08 14:04:20+00:00,1778249060000,49049,25.94418,44.32286,10.06099,94954,True,90.92561,3
20260508-002650,1778249072,2026-05-08 14:04:32+00:00,1778249072000,49061,25.95686,44.17462,10.06093,101330,True,77.7281,3
20260508-002650,1778249084,2026-05-08 14:04:44+00:00,1778249084000,49073,25.95939,44.13481,10.06086,105015,True,66.65093,3
20260508-002650,1778249096,2026-05-08 14:04:56+00:00,1778249096000,49085,25.96446,44.11991,10.06086,105878,True,60.8619,3
20260508-002650,1778249108,2026-05-08 14:05:08+00:00,1778249108000,49097,25.96446,44.09642,10.06102,107165,True,56.8196,3
20260508-002650,1778249120,2026-05-08 14:05:20+00:00,1778249120000,49109,25.96953,43.99077,10.06122,107994,True,54.06654,3
20260508-002650,1778249132,2026-05-08 14:05:32+00:00,1778249132000,49121,25.96953,43.94555,10.06092,107303,True,53.50799,3
20260508-002650,1778249144,2026-05-08 14:05:44+00:00,1778249144000,49133,25.967,44.00383,10.06071,107994,True,52.73579,3
20260508-002650,1778249156,2026-05-08 14:05:56+00:00,1778249156000,49145,25.96953,43.9746,10.0608,107786,True,52.57642,3
20260508-002650,1778249168,2026-05-08 14:06:08+00:00,1778249168000,49157,25.96953,43.95186,10.06092,108414,True,51.61187,3
20260508-002650,1778249180,2026-05-08 14:06:20+00:00,1778249180000,49169,25.96953,43.91787,10.06076,107647,True,52.42366,3
20260508-002650,1778249192,2026-05-08 14:06:32+00:00,1778249192000,49181,25.97461,43.89267,10.061,108766,True,51.02434,3
20260508-002650,1778249204,2026-05-08 14:06:44+00:00,1778249204000,49193,25.97461,43.87705,10.06078,108344,True,51.10487,3
20260508-002650,1778249216,2026-05-08 14:06:56+00:00,1778249216000,49205,25.97968,43.85804,10.06091,108344,True,51.32564,3
20260508-002650,1778249228,2026-05-08 14:07:08+00:00,1778249228000,49217,25.97968,43.85218,10.06098,109120,True,50.27732,3
20260508-002650,1778249240,2026-05-08 14:07:20+00:00,1778249240000,49229,25.97968,43.82292,10.06098,109191,True,50.0,2
20260508-002650,1778249252,2026-05-08 14:07:32+00:00,1778249252000,49241,25.97714,43.8119,10.06082,109120,True,50.04391,2
20260508-002650,1778249264,2026-05-08 14:07:44+00:00,1778249264000,49253,25.97207,43.8312,10.06079,109262,True,50.14219,2
20260508-002650,1778249276,2026-05-08 14:07:56+00:00,1778249276000,49265,25.89093,44.39658,10.06085,96098,True,61.25266,2
20260508-002650,1778249289,2026-05-08 14:08:09+00:00,1778249289000,49278,25.994,44.05104,10.0607,99288,True,66.27616,2
20260508-002650,1778249301,2026-05-08 14:08:21+00:00,1778249301000,49291,25.91272,44.51127,10.06091,84915,True,83.69916,2
20260508-002650,1778249313,2026-05-08 14:08:33+00:00,1778249313000,49303,25.92643,44.10056,10.06095,91602,True,109.13289,2
20260508-002650,1778249325,2026-05-08 14:08:45+00:00,1778249325000,49315,25.95178,43.95243,10.06079,99880,True,87.0607,2
20260508-002650,1778249337,2026-05-08 14:08:57+00:00,1778249337000,49327,25.95178,43.83796,10.06078,103908,True,71.95465,2
20260508-002650,1778249349,2026-05-08 14:09:09+00:00,1778249349000,49339,25.95432,43.79629,10.06094,105611,True,63.5391,2
20260508-002650,1778249361,2026-05-08 14:09:21+00:00,1778249361000,49351,25.95939,43.76406,10.06095,106755,True,58.90644,3
20260508-002650,1778249373,2026-05-08 14:09:33+00:00,1778249373000,49363,25.96953,43.73728,10.06122,107371,True,56.58413,3
20260508-002650,1778249385,2026-05-08 14:09:45+00:00,1778249385000,49375,25.967,43.83701,10.06118,107165,True,55.22377,3
20260508-002650,1778249397,2026-05-08 14:09:57+00:00,1778249397000,49387,25.967,43.86856,10.06106,107440,True,54.94615,3
20260508-002650,1778249409,2026-05-08 14:10:09+00:00,1778249409000,49399,25.96953,43.79748,10.0612,108344,True,53.08299,3
20260508-002650,1778249421,2026-05-08 14:10:21+00:00,1778249421000,49411,25.97207,43.73414,10.06128,108484,True,52.65073,3
20260508-002650,1778249433,2026-05-08 14:10:33+00:00,1778249433000,49423,25.96953,43.73534,10.06122,107855,True,52.402,3
20260508-002650,1778249445,2026-05-08 14:10:45+00:00,1778249445000,49435,25.96953,43.74732,10.0612,108274,True,52.45259,3
20260508-002650,1778249457,2026-05-08 14:10:57+00:00,1778249457000,49447,25.96953,43.79973,10.06136,108907,True,52.17311,3
20260508-002650,1778249469,2026-05-08 14:11:09+00:00,1778249469000,49459,25.96953,43.7699,10.06126,108204,True,51.89354,3
20260508-002650,1778249481,2026-05-08 14:11:21+00:00,1778249481000,49471,25.96953,43.76675,10.06155,108978,True,51.34792,3
20260508-002650,1778249493,2026-05-08 14:11:33+00:00,1778249493000,49483,25.967,43.79087,10.06143,109120,True,50.67057,3
20260508-002650,1778249505,2026-05-08 14:11:45+00:00,1778249505000,49495,25.96953,43.83344,10.06171,108414,True,51.31918,3
20260508-002650,1778249517,2026-05-08 14:11:57+00:00,1778249517000,49507,25.96953,43.77864,10.06173,109191,True,50.94159,3
20260508-002650,1778249529,2026-05-08 14:12:09+00:00,1778249529000,49519,25.96193,43.70984,10.06178,108766,True,50.8433,3
20260508-002650,1778249541,2026-05-08 14:12:21+00:00,1778249541000,49531,25.967,43.68691,10.06162,108836,True,50.56935,3
20260508-002650,1778249553,2026-05-08 14:12:33+00:00,1778249553000,49543,25.96953,43.76866,10.06152,109620,True,50.07686,2
20260508-002650,1778249565,2026-05-08 14:12:45+00:00,1778249565000,49555,25.97207,43.79955,10.06191,109334,True,50.16924,2
20260508-002650,1778249577,2026-05-08 14:12:57+00:00,1778249577000,49567,25.96953,43.85409,10.06194,109405,True,50.4961,2
20260508-002650,1778249589,2026-05-08 14:13:09+00:00,1778249589000,49579,25.97207,43.89818,10.06191,109548,True,50.09159,2
20260508-002650,1778249601,2026-05-08 14:13:21+00:00,1778249601000,49591,25.97207,43.84987,10.06195,109120,True,50.3364,2
20260508-002650,1778249613,2026-05-08 14:13:33+00:00,1778249613000,49603,25.96953,43.77345,10.06205,110052,True,49.95867,2
20260508-002650,1778249625,2026-05-08 14:13:45+00:00,1778249625000,49615,25.967,43.7398,10.06211,109908,True,50.0,2
20260508-002650,1778249637,2026-05-08 14:13:57+00:00,1778249637000,49627,25.967,43.6924,10.06197,110415,True,49.58714,2
20260508-002650,1778249649,2026-05-08 14:14:09+00:00,1778249649000,49639,25.97714,43.64061,10.06213,109908,True,50.48914,2
20260508-002650,1778249661,2026-05-08 14:14:21+00:00,1778249661000,49651,25.97207,43.68497,10.06216,109980,True,50.13685,2
20260508-002650,1778249673,2026-05-08 14:14:33+00:00,1778249673000,49663,25.96953,43.65892,10.06213,109908,True,50.11578,2
20260508-002650,1778249685,2026-05-08 14:14:45+00:00,1778249685000,49675,25.97461,43.61656,10.0622,109980,True,50.09312,2
20260508-002650,1778249697,2026-05-08 14:14:57+00:00,1778249697000,49687,25.97207,43.70479,10.06221,109548,True,50.63785,2
20260508-002650,1778249709,2026-05-08 14:15:09+00:00,1778249709000,49699,25.97461,43.78239,10.06236,110124,True,50.15102,2
20260508-002650,1778249721,2026-05-08 14:15:21+00:00,1778249721000,49711,25.97714,43.78619,10.0625,110124,True,50.38482,2
20260508-002650,1778249734,2026-05-08 14:15:34+00:00,1778249734000,49723,25.94164,44.0316,10.06232,103331,True,61.02631,2
20260508-002650,1778249746,2026-05-08 14:15:46+00:00,1778249746000,49735,25.967,43.79968,10.06236,106755,True,59.85675,2
20260508-002650,1778249758,2026-05-08 14:15:58+00:00,1778249758000,49747,25.967,43.80487,10.06252,109049,True,55.53099,3
20260508-002650,1778249770,2026-05-08 14:16:10+00:00,1778249770000,49759,25.96953,43.84174,10.06271,109191,True,53.50409,3
20260508-002650,1778249782,2026-05-08 14:16:22+00:00,1778249782000,49771,25.967,43.86164,10.0625,109334,True,52.47414,3
20260508-002650,1778249795,2026-05-08 14:16:35+00:00,1778249795000,49784,26.02443,43.73143,10.06268,108836,True,52.67554,3
20260508-002650,1778249807,2026-05-08 14:16:47+00:00,1778249807000,49796,25.94671,44.14021,10.06277,99229,True,80.0111,3
20260508-002650,1778249819,2026-05-08 14:16:59+00:00,1778249819000,49808,25.95178,43.94698,10.06255,104556,True,69.74643,3
20260508-002650,1778249831,2026-05-08 14:17:11+00:00,1778249831000,49820,25.95686,43.84076,10.06247,107303,True,61.89808,3
20260508-002650,1778249844,2026-05-08 14:17:24+00:00,1778249844000,49833,25.86558,44.40419,10.06258,93755,True,71.45663,3
20260508-002650,1778249856,2026-05-08 14:17:36+00:00,1778249856000,49845,25.94418,43.82371,10.06257,102196,True,74.88239,3
20260508-002650,1778249868,2026-05-08 14:17:48+00:00,1778249868000,49857,25.95686,43.73223,10.06288,105811,True,65.26076,3
20260508-002650,1778249880,2026-05-08 14:18:00+00:00,1778249880000,49869,25.95939,43.76345,10.06285,107509,True,59.04636,3
20260508-002650,1778249892,2026-05-08 14:18:12+00:00,1778249892000,49881,25.95939,43.76225,10.06267,108274,True,55.6627,3
20260508-002650,1778249904,2026-05-08 14:18:24+00:00,1778249904000,49893,25.96446,43.75294,10.06289,107855,True,55.39539,3
20260508-002650,1778249916,2026-05-08 14:18:36+00:00,1778249916000,49905,25.97207,43.77038,10.06298,108836,True,54.11501,3
20260508-002650,1778249928,2026-05-08 14:18:48+00:00,1778249928000,49917,25.96193,43.81266,10.06282,108274,True,54.65888,3
20260508-002650,1778249940,2026-05-08 14:19:00+00:00,1778249940000,49929,25.96446,43.78051,10.06277,109262,True,52.90909,3
20260508-002650,1778249952,2026-05-08 14:19:12+00:00,1778249952000,49941,25.96446,43.77681,10.06307,109191,True,51.9828,3
20260508-002650,1778249964,2026-05-08 14:19:24+00:00,1778249964000,49953,25.967,43.79731,10.06322,109334,True,52.35001,3
20260508-002650,1778249976,2026-05-08 14:19:36+00:00,1778249976000,49965,25.96193,43.83525,10.06292,109405,True,51.87304,3
20260508-002650,1778249988,2026-05-08 14:19:48+00:00,1778249988000,49977,25.97207,43.78851,10.06342,109120,True,52.32393,3
20260508-002650,1778250000,2026-05-08 14:20:00+00:00,1778250000000,49989,25.97207,43.72324,10.06342,109049,True,51.4244,3
20260508-002650,1778250012,2026-05-08 14:20:12+00:00,1778250012000,50001,25.96953,43.67165,10.06363,110052,True,50.46209,3
20260508-002650,1778250024,2026-05-08 14:20:24+00:00,1778250024000,50013,25.96953,43.60537,10.06338,110269,True,50.52282,3
20260508-002650,1778250036,2026-05-08 14:20:36+00:00,1778250036000,50025,25.96446,43.67799,10.06347,110342,True,50.40341,3
20260508-002650,1778250048,2026-05-08 14:20:48+00:00,1778250048000,50037,25.87572,44.38538,10.06341,94954,True,63.28398,3
20260508-002650,1778250060,2026-05-08 14:21:00+00:00,1778250060000,50049,25.95178,43.87861,10.06357,104101,True,68.47151,3
20260508-002650,1778250072,2026-05-08 14:21:12+00:00,1778250072000,50061,25.95686,43.81517,10.06365,107303,True,61.05035,3
20260508-002650,1778250084,2026-05-08 14:21:24+00:00,1778250084000,50073,25.95686,43.81987,10.06395,107786,True,56.73111,3
20260508-002650,1778250094,2026-05-08 14:21:34+00:00,1778250094000,50083,26.00848,43.66861,10.06384,108625,True,55.80834,3
20260508-002650,1778250106,2026-05-08 14:21:46+00:00,1778250106000,50095,25.94418,44.01855,10.06404,101453,True,75.16823,3
20260508-002650,1778250118,2026-05-08 14:21:58+00:00,1778250118000,50107,25.95686,43.87055,10.06395,105811,True,66.04189,3
20260508-002650,1778250130,2026-05-08 14:22:10+00:00,1778250130000,50119,25.96193,43.82535,10.06392,107440,True,59.85846,3
20260508-002650,1778250142,2026-05-08 14:22:22+00:00,1778250142000,50131,25.96446,43.76105,10.06412,107717,True,56.60294,3
20260508-002650,1778250154,2026-05-08 14:22:34+00:00,1778250154000,50143,25.95939,43.75647,10.06437,108836,True,54.08597,3
20260508-002650,1778250166,2026-05-08 14:22:46+00:00,1778250166000,50155,25.95939,43.75166,10.06443,108274,True,54.01127,3
20260508-002650,1778250178,2026-05-08 14:22:58+00:00,1778250178000,50167,25.95686,43.75047,10.06462,108625,True,53.69344,3
20260508-002650,1778250190,2026-05-08 14:23:10+00:00,1778250190000,50179,25.96446,43.71532,10.06483,109049,True,52.443,3
20260508-002650,1778250202,2026-05-08 14:23:22+00:00,1778250202000,50191,25.96446,43.68928,10.06477,109405,True,51.84139,3
20260508-002650,1778250214,2026-05-08 14:23:34+00:00,1778250214000,50203,25.96446,43.72387,10.06468,109764,True,50.78504,3
20260508-002650,1778250226,2026-05-08 14:23:46+00:00,1778250226000,50215,25.97207,43.72556,10.06514,109049,True,51.38567,3
20260508-002650,1778250238,2026-05-08 14:23:58+00:00,1778250238000,50227,25.96953,43.75869,10.0654,110488,True,50.5464,3
20260508-002650,1778250250,2026-05-08 14:24:10+00:00,1778250250000,50239,25.96193,43.752,10.06499,110052,True,50.77905,2
20260508-002650,1778250262,2026-05-08 14:24:22+00:00,1778250262000,50251,25.967,43.74077,10.06496,110269,True,50.87588,2
20260508-002650,1778250274,2026-05-08 14:24:34+00:00,1778250274000,50263,25.96193,43.75984,10.06522,109908,True,51.06097,2
20260508-002650,1778250286,2026-05-08 14:24:46+00:00,1778250286000,50275,25.96953,43.72573,10.06545,109980,True,50.90889,2
20260508-002650,1778250298,2026-05-08 14:24:58+00:00,1778250298000,50287,25.967,43.71984,10.06518,109548,True,51.21664,2
20260508-002650,1778250310,2026-05-08 14:25:10+00:00,1778250310000,50299,25.967,43.73108,10.06532,109908,True,50.9353,3
20260508-002650,1778250322,2026-05-08 14:25:22+00:00,1778250322000,50311,25.96446,43.73238,10.06512,109620,True,51.00038,3
20260508-002650,1778250334,2026-05-08 14:25:34+00:00,1778250334000,50323,26.02596,43.60229,10.06544,109548,True,51.15742,3
20260508-002650,1778250346,2026-05-08 14:25:46+00:00,1778250346000,50335,25.93911,43.93975,10.06545,100661,True,77.06879,3
20260508-002650,1778250358,2026-05-08 14:25:58+00:00,1778250358000,50347,25.95432,43.79698,10.06535,105678,True,67.34792,3
20260508-002650,1778250370,2026-05-08 14:26:10+00:00,1778250370000,50359,25.95432,43.78765,10.06556,106892,True,60.37636,3
20260508-002650,1778250382,2026-05-08 14:26:22+00:00,1778250382000,50371,25.95686,43.75909,10.06565,107994,True,56.5216,3
20260508-002650,1778250394,2026-05-08 14:26:34+00:00,1778250394000,50383,25.96193,43.72893,10.06573,109120,True,53.652,3
20260508-002650,1778250406,2026-05-08 14:26:46+00:00,1778250406000,50395,25.95432,43.71214,10.06557,109405,True,52.35337,3
20260508-002650,1778250418,2026-05-08 14:26:58+00:00,1778250418000,50407,25.95686,43.68471,10.06572,109980,True,51.89482,3
20260508-002650,1778250430,2026-05-08 14:27:10+00:00,1778250430000,50419,25.95178,43.70684,10.0655,108907,True,51.95694,3
20260508-002650,1778250442,2026-05-08 14:27:22+00:00,1778250442000,50431,25.95939,43.68151,10.06578,109764,True,50.60358,3
20260508-002650,1778250454,2026-05-08 14:27:34+00:00,1778250454000,50443,25.96193,43.73539,10.06573,110269,True,50.78488,3
20260508-002650,1778250467,2026-05-08 14:27:47+00:00,1778250467000,50456,25.92643,44.01591,10.06567,101947,True,63.69894,3
20260508-002650,1778250481,2026-05-08 14:28:01+00:00,1778250481000,50470,26.00236,43.75289,10.06591,103843,True,64.68019,3
20260508-002650,1778250493,2026-05-08 14:28:13+00:00,1778250493000,50482,25.92136,43.99884,10.06546,96430,True,89.0135,3
20260508-002650,1778250505,2026-05-08 14:28:25+00:00,1778250505000,50494,25.94164,43.78646,10.06597,103395,True,75.68408,3
20260508-002650,1778250517,2026-05-08 14:28:37+00:00,1778250517000,50506,25.94671,43.75375,10.06587,106147,True,64.71724,3
20260508-002650,1778250529,2026-05-08 14:28:49+00:00,1778250529000,50518,25.94925,43.73196,10.06607,106892,True,60.05219,3
20260508-002650,1778250541,2026-05-08 14:29:01+00:00,1778250541000,50530,25.95686,43.75293,10.06604,108484,True,55.82167,3
20260508-002650,1778250553,2026-05-08 14:29:13+00:00,1778250553000,50542,25.95686,43.74265,10.06619,108695,True,54.17883,3
20260508-002650,1778250565,2026-05-08 14:29:25+00:00,1778250565000,50554,25.95432,43.6725,10.06624,108554,True,53.92306,3
20260508-002650,1778250578,2026-05-08 14:29:38+00:00,1778250578000,50567,25.92896,43.90817,10.06631,102071,True,64.64154,3
20260508-002650,1778250590,2026-05-08 14:29:50+00:00,1778250590000,50579,25.94418,43.66602,10.06617,106281,True,62.61426,3
20260508-002650,1778250602,2026-05-08 14:30:02+00:00,1778250602000,50591,25.94925,43.6228,10.06633,107855,True,57.50827,3
20260508-002650,1778250614,2026-05-08 14:30:14+00:00,1778250614000,50603,25.94925,43.6469,10.06639,109548,True,53.76099,3
20260508-002650,1778250626,2026-05-08 14:30:26+00:00,1778250626000,50615,25.95178,43.65242,10.06646,109620,True,52.63017,3
20260508-002650,1778250638,2026-05-08 14:30:38+00:00,1778250638000,50627,25.95686,43.66245,10.0669,109548,True,51.65215,3
20260508-002650,1778250650,2026-05-08 14:30:50+00:00,1778250650000,50639,25.94925,43.68811,10.06674,109692,True,51.37333,3
20260508-002650,1778250660,2026-05-08 14:31:00+00:00,1778250660000,50649,25.88586,44.11802,10.06679,98761,True,60.9099,3
20260508-002650,1778250672,2026-05-08 14:31:12+00:00,1778250672000,50661,25.94671,43.76684,10.0667,106079,True,63.59002,3
20260508-002650,1778250684,2026-05-08 14:31:24+00:00,1778250684000,50673,25.94671,43.70919,10.06686,107994,True,58.55015,3
20260508-002650,1778250696,2026-05-08 14:31:36+00:00,1778250696000,50685,25.94925,43.7106,10.06697,108766,True,54.75158,3
20260508-002650,1778250708,2026-05-08 14:31:48+00:00,1778250708000,50697,25.95178,43.69593,10.06706,108766,True,53.98266,3
20260508-002650,1778250720,2026-05-08 14:32:00+00:00,1778250720000,50709,25.95686,43.66289,10.06719,108907,True,52.47996,3
20260508-002650,1778250732,2026-05-08 14:32:12+00:00,1778250732000,50721,25.95432,43.62865,10.06705,109334,True,51.93186,3
20260508-002650,1778250744,2026-05-08 14:32:24+00:00,1778250744000,50733,25.95686,43.6259,10.0673,109262,True,51.29494,3
20260508-002650,1778250756,2026-05-08 14:32:36+00:00,1778250756000,50745,25.95432,43.61345,10.06738,110052,True,50.88654,3
20260508-002650,1778250768,2026-05-08 14:32:48+00:00,1778250768000,50757,25.95686,43.58932,10.06737,110124,True,50.13146,3
20260508-002650,1778250780,2026-05-08 14:33:00+00:00,1778250780000,50769,25.95432,43.58186,10.06715,110269,True,50.92097,2
20260508-002650,1778250792,2026-05-08 14:33:12+00:00,1778250792000,50781,25.95939,43.57565,10.06748,109548,True,51.6184,2
20260508-002650,1778250804,2026-05-08 14:33:24+00:00,1778250804000,50793,25.95432,43.62361,10.06738,110052,True,50.57932,2
20260508-002650,1778250816,2026-05-08 14:33:36+00:00,1778250816000,50805,25.95939,43.62333,10.06739,110415,True,50.5927,2
20260508-002650,1778250828,2026-05-08 14:33:48+00:00,1778250828000,50817,25.95686,43.65462,10.06746,110415,True,50.45218,2
20260508-002650,1778250840,2026-05-08 14:34:00+00:00,1778250840000,50829,25.96193,43.60727,10.06752,110634,True,50.07822,3
20260508-002650,1778250879,2026-05-08 14:34:39+00:00,1778250879000,50868,26.02369,43.45538,10.06765,110415,True,50.0,2
20260508-002650,1778250891,2026-05-08 14:34:51+00:00,1778250891000,50880,25.896,44.10097,10.06771,84316,True,126.26921,2
20260508-002650,1778250903,2026-05-08 14:35:03+00:00,1778250903000,50892,25.92136,43.81056,10.06783,94632,True,104.67685,2
20260508-002650,1778250915,2026-05-08 14:35:15+00:00,1778250915000,50904,25.92643,43.75638,10.06749,100842,True,84.69714,2
20260508-002650,1778250927,2026-05-08 14:35:27+00:00,1778250927000,50916,25.93404,43.69727,10.06783,104101,True,72.29508,2
20260508-002650,1778250939,2026-05-08 14:35:39+00:00,1778250939000,50928,25.9315,43.67855,10.06759,106079,True,64.74937,3
20260508-002650,1778250951,2026-05-08 14:35:51+00:00,1778250951000,50940,25.93911,43.6368,10.06798,107303,True,60.88552,3
20260508-002650,1778250963,2026-05-08 14:36:03+00:00,1778250963000,50952,25.94418,43.63277,10.06813,107440,True,59.18454,3
20260508-002650,1778250975,2026-05-08 14:36:15+00:00,1778250975000,50964,25.94418,43.61434,10.06815,108204,True,57.26124,3
20260508-002650,1778250987,2026-05-08 14:36:27+00:00,1778250987000,50976,25.94418,43.60551,10.06797,108695,True,55.23753,3
20260508-002650,1778250999,2026-05-08 14:36:39+00:00,1778250999000,50988,25.94671,43.66672,10.0681,108625,True,55.02202,3
20260508-002650,1778251011,2026-05-08 14:36:51+00:00,1778251011000,51000,25.94671,43.67599,10.06796,109262,True,53.28155,3
20260508-002650,1778251023,2026-05-08 14:37:03+00:00,1778251023000,51012,25.94418,43.68015,10.06792,109477,True,53.2988,3
20260508-002650,1778251036,2026-05-08 14:37:16+00:00,1778251036000,51025,25.91882,43.87649,10.06802,101453,True,64.71259,3
20260508-002650,1778251048,2026-05-08 14:37:28+00:00,1778251048000,51037,25.93657,43.65562,10.06782,106755,True,62.85135,3
20260508-002650,1778251060,2026-05-08 14:37:40+00:00,1778251060000,51049,25.94671,43.57991,10.06805,107855,True,58.16734,3
20260508-002650,1778251072,2026-05-08 14:37:52+00:00,1778251072000,51061,25.94418,43.59664,10.06796,109262,True,54.45572,3
20260508-002650,1778251084,2026-05-08 14:38:04+00:00,1778251084000,51073,25.94418,43.58015,10.06813,109980,True,53.2191,3
20260508-002650,1778251096,2026-05-08 14:38:16+00:00,1778251096000,51085,25.94671,43.55322,10.06793,110124,True,51.76595,3
20260508-002650,1778251108,2026-05-08 14:38:28+00:00,1778251108000,51097,25.95178,43.49898,10.06806,109334,True,52.458,3
20260508-002650,1778251120,2026-05-08 14:38:40+00:00,1778251120000,51109,25.95178,43.48994,10.06804,109908,True,51.93091,3
20260508-002650,1778251132,2026-05-08 14:38:52+00:00,1778251132000,51121,25.94925,43.52706,10.06809,110124,True,51.45068,3
20260508-002650,1778251144,2026-05-08 14:39:04+00:00,1778251144000,51133,25.95686,43.54308,10.06826,110052,True,50.85884,3
20260508-002650,1778251156,2026-05-08 14:39:16+00:00,1778251156000,51145,25.95686,43.53769,10.06823,110707,True,50.09371,3
20260508-002650,1778251168,2026-05-08 14:39:28+00:00,1778251168000,51157,25.95432,43.49921,10.06842,110415,True,50.77043,3
20260508-002650,1778251180,2026-05-08 14:39:40+00:00,1778251180000,51169,25.95432,43.50579,10.06851,111000,True,50.19478,3
20260508-002650,1778251192,2026-05-08 14:39:52+00:00,1778251192000,51181,25.95432,43.49504,10.06824,109836,True,50.77604,3
20260508-002650,1778251204,2026-05-08 14:40:04+00:00,1778251204000,51193,25.95178,43.48678,10.0685,110780,True,50.0,2
20260508-002650,1778251219,2026-05-08 14:40:19+00:00,1778251219000,51208,26.00805,43.33645,10.06857,110269,True,50.18263,2
20260508-002650,1778251232,2026-05-08 14:40:32+00:00,1778251232000,51221,25.89004,44.27158,10.06848,88504,True,70.03975,2
20260508-002650,1778251243,2026-05-08 14:40:43+00:00,1778251243000,51232,25.81993,44.43205,10.06869,77742,True,112.33635,2
20260508-002650,1778251255,2026-05-08 14:40:55+00:00,1778251255000,51244,25.91629,43.69388,10.06882,94579,True,105.40321,2
20260508-002650,1778251267,2026-05-08 14:41:07+00:00,1778251267000,51256,25.92389,43.52422,10.06874,101576,True,84.22002,2
20260508-002650,1778251279,2026-05-08 14:41:19+00:00,1778251279000,51268,25.93404,43.51103,10.06895,104818,True,70.42736,2
20260508-002650,1778251291,2026-05-08 14:41:31+00:00,1778251291000,51280,25.93404,43.55877,10.06892,106823,True,62.48602,3
20260508-002650,1778251303,2026-05-08 14:41:43+00:00,1778251303000,51292,25.9315,43.59803,10.06873,107303,True,59.40973,3
20260508-002650,1778251315,2026-05-08 14:41:55+00:00,1778251315000,51304,25.93911,43.60431,10.06889,108344,True,56.79107,3
20260508-002650,1778251327,2026-05-08 14:42:07+00:00,1778251327000,51316,25.9315,43.62366,10.06891,108554,True,54.9062,3
20260508-002650,1778251339,2026-05-08 14:42:19+00:00,1778251339000,51328,25.93657,43.53856,10.0689,109548,True,53.36581,3
20260508-002650,1778251351,2026-05-08 14:42:31+00:00,1778251351000,51340,25.94164,43.46057,10.06895,108766,True,53.8885,3
20260508-002650,1778251363,2026-05-08 14:42:43+00:00,1778251363000,51352,25.93911,43.44404,10.06894,109262,True,52.999,3
20260508-002650,1778251376,2026-05-08 14:42:56+00:00,1778251376000,51365,25.91629,43.67202,10.06902,102321,True,64.50697,3
20260508-002650,1778251388,2026-05-08 14:43:08+00:00,1778251388000,51377,25.94164,43.50215,10.06895,107578,True,61.78766,3
20260508-002650,1778251400,2026-05-08 14:43:20+00:00,1778251400000,51389,25.93911,43.51844,10.06884,108414,True,57.73935,3
20260508-002650,1778251412,2026-05-08 14:43:32+00:00,1778251412000,51401,25.93911,43.52268,10.06894,109620,True,53.55307,3
20260508-002650,1778251424,2026-05-08 14:43:44+00:00,1778251424000,51413,25.94671,43.50245,10.06916,109836,True,51.86526,3
20260508-002650,1778251436,2026-05-08 14:43:56+00:00,1778251436000,51425,25.94164,43.51544,10.06897,110124,True,51.34534,3
20260508-002650,1778251448,2026-05-08 14:44:08+00:00,1778251448000,51437,25.94164,43.48574,10.06902,109836,True,51.20097,3
20260508-002650,1778251460,2026-05-08 14:44:20+00:00,1778251460000,51449,25.94418,43.48922,10.06934,110342,True,50.88588,3
20260508-002650,1778251472,2026-05-08 14:44:32+00:00,1778251472000,51461,25.94925,43.48339,10.06934,110269,True,50.22031,2
20260508-002650,1778251484,2026-05-08 14:44:44+00:00,1778251484000,51473,25.94925,43.4482,10.06937,110342,True,50.5776,2
20260508-002650,1778251496,2026-05-08 14:44:56+00:00,1778251496000,51485,25.94671,43.49578,10.06928,110853,True,50.0,2
20260508-002650,1778251508,2026-05-08 14:45:08+00:00,1778251508000,51497,25.94671,43.47729,10.06945,110052,True,50.72886,2
20260508-002650,1778251520,2026-05-08 14:45:20+00:00,1778251520000,51509,25.94671,43.46138,10.06924,110561,True,50.3255,2
20260508-002650,1778251532,2026-05-08 14:45:32+00:00,1778251532000,51521,25.94925,43.48539,10.06923,111000,True,50.0105,2
20260508-002650,1778251544,2026-05-08 14:45:44+00:00,1778251544000,51533,25.94671,43.48091,10.06916,110415,True,50.4679,2
20260508-002650,1778251556,2026-05-08 14:45:56+00:00,1778251556000,51545,25.94418,43.496,10.06931,111000,True,50.02509,2
20260508-002650,1778251568,2026-05-08 14:46:08+00:00,1778251568000,51557,25.94671,43.45686,10.06949,111369,True,49.7554,2
20260508-002650,1778251580,2026-05-08 14:46:20+00:00,1778251580000,51569,25.94164,43.44036,10.06935,110927,True,50.09107,2
20260508-002650,1778251593,2026-05-08 14:46:33+00:00,1778251593000,51582,25.99969,43.27967,10.06936,111517,True,49.87336,2
20260508-002650,1778251605,2026-05-08 14:46:45+00:00,1778251605000,51594,25.91882,43.65188,10.06953,100299,True,80.15452,2
20260508-002650,1778251617,2026-05-08 14:46:57+00:00,1778251617000,51606,25.92896,43.38743,10.06959,106416,True,69.5005,2
20260508-002650,1778251629,2026-05-08 14:47:09+00:00,1778251629000,51618,25.93657,43.35803,10.06971,108064,True,60.94366,2
20260508-002650,1778251641,2026-05-08 14:47:21+00:00,1778251641000,51630,25.92896,43.38886,10.06952,108907,True,57.46586,2
20260508-002650,1778251653,2026-05-08 14:47:33+00:00,1778251653000,51642,25.93911,43.39613,10.06966,110269,True,53.88815,3
20260508-002650,1778251665,2026-05-08 14:47:45+00:00,1778251665000,51654,25.93657,43.39978,10.06962,110415,True,53.44017,3
20260508-002650,1778251677,2026-05-08 14:47:57+00:00,1778251677000,51666,25.93404,43.38066,10.06978,110488,True,52.20714,3
20260508-002650,1778251689,2026-05-08 14:48:09+00:00,1778251689000,51678,25.94164,43.34293,10.06967,110780,True,51.9719,3
20260508-002650,1778251701,2026-05-08 14:48:21+00:00,1778251701000,51690,25.94164,43.3222,10.06988,110707,True,50.81644,3
20260508-002650,1778251713,2026-05-08 14:48:33+00:00,1778251713000,51703,25.94418,43.36724,10.07012,110853,True,51.03634,3
20260508-002650,1778251725,2026-05-08 14:48:45+00:00,1778251725000,51715,25.93911,43.37905,10.0703,111147,True,50.67749,3
20260508-002650,1778251737,2026-05-08 14:48:57+00:00,1778251737000,51727,25.93911,43.39329,10.0701,110707,True,50.79273,3
20260508-002650,1778251749,2026-05-08 14:49:09+00:00,1778251749000,51739,25.94164,43.38589,10.06997,111221,True,50.19805,3
20260508-002650,1778251761,2026-05-08 14:49:21+00:00,1778251761000,51751,25.93911,43.391,10.06998,111221,True,50.6148,3
20260508-002650,1778251773,2026-05-08 14:49:33+00:00,1778251773000,51763,25.94164,43.37316,10.07016,111295,True,50.35538,3
20260508-002650,1778251785,2026-05-08 14:49:45+00:00,1778251785000,51775,25.94418,43.38843,10.0702,111147,True,50.03698,2
20260508-002650,1778251797,2026-05-08 14:49:57+00:00,1778251797000,51787,25.93911,43.39472,10.07005,110634,True,51.17731,2
20260508-002650,1778251809,2026-05-08 14:50:09+00:00,1778251809000,51799,25.94671,43.39358,10.07026,111443,True,50.52803,2
20260508-002650,1778251821,2026-05-08 14:50:21+00:00,1778251821000,51811,25.93911,43.37036,10.07014,111295,True,50.64447,2
20260508-002650,1778251833,2026-05-08 14:50:33+00:00,1778251833000,51823,25.94164,43.32564,10.07025,110927,True,50.1118,2
20260508-002650,1778251845,2026-05-08 14:50:45+00:00,1778251845000,51835,25.94418,43.38124,10.07039,111074,True,50.9943,2
20260508-002650,1778251857,2026-05-08 14:50:57+00:00,1778251857000,51847,25.93911,43.38366,10.07024,110780,True,51.22124,2
20260508-002650,1778251868,2026-05-08 14:51:08+00:00,1778251868000,51857,25.8605,43.87861,10.07027,100119,True,60.0742,2
20260508-002650,1778251879,2026-05-08 14:51:19+00:00,1778251879000,51869,25.84275,44.06806,10.07025,93860,True,74.88669,2
20260508-002650,1778251891,2026-05-08 14:51:31+00:00,1778251891000,51881,25.91629,43.53433,10.07028,103908,True,76.09177,2
20260508-002650,1778251903,2026-05-08 14:51:43+00:00,1778251903000,51893,25.92896,43.44611,10.07038,107303,True,65.54274,3
20260508-002650,1778251915,2026-05-08 14:51:55+00:00,1778251915000,51905,25.92643,43.45464,10.07018,108625,True,58.64162,3
20260508-002650,1778251927,2026-05-08 14:52:07+00:00,1778251927000,51917,25.93404,43.42135,10.07037,109405,True,55.42198,3
20260508-002650,1778251939,2026-05-08 14:52:19+00:00,1778251939000,51929,25.92896,43.43175,10.0704,109692,True,54.25895,3
20260508-002650,1778251951,2026-05-08 14:52:31+00:00,1778251951000,51940,25.84783,43.99421,10.07028,97497,True,64.38993,3
20260508-002650,1778251963,2026-05-08 14:52:43+00:00,1778251963000,51952,25.91629,43.50301,10.07024,105744,True,68.492,3
20260508-002650,1778251975,2026-05-08 14:52:55+00:00,1778251975000,51964,25.92136,43.43188,10.0704,108978,True,60.8381,3
20260508-002650,1778251988,2026-05-08 14:53:08+00:00,1778251988000,51977,25.98639,43.28451,10.07051,108836,True,59.4788,3
20260508-002650,1778252000,2026-05-08 14:53:20+00:00,1778252000000,51989,25.88079,43.86633,10.07051,93441,True,91.85376,3
20260508-002650,1778252012,2026-05-08 14:53:32+00:00,1778252012000,52001,25.91121,43.54213,10.07041,101761,True,83.35632,3
20260508-002650,1778252024,2026-05-08 14:53:44+00:00,1778252024000,52013,25.91629,43.46043,10.07054,106079,True,69.70172,3
20260508-002650,1778252036,2026-05-08 14:53:56+00:00,1778252036000,52025,25.92389,43.43467,10.07074,107578,True,62.87317,3
20260508-002650,1778252048,2026-05-08 14:54:08+00:00,1778252048000,52037,25.92896,43.41295,10.07087,108484,True,58.77581,3
20260508-002650,1778252060,2026-05-08 14:54:20+00:00,1778252060000,52049,25.9315,43.41167,10.07098,108766,True,57.45176,3
20260508-002650,1778252072,2026-05-08 14:54:32+00:00,1778252072000,52061,25.92643,43.42095,10.07104,110052,True,54.92086,3
20260508-002650,1778252084,2026-05-08 14:54:44+00:00,1778252084000,52073,25.92643,43.3916,10.07132,110634,True,53.32388,3
20260508-002650,1778252096,2026-05-08 14:54:56+00:00,1778252096000,52085,25.93404,43.38467,10.0713,109477,True,53.81421,3
20260508-002650,1778252108,2026-05-08 14:55:08+00:00,1778252108000,52097,25.93657,43.37664,10.07141,110052,True,53.00459,3
20260508-002650,1778252120,2026-05-08 14:55:20+00:00,1778252120000,52109,25.92896,43.34406,10.07129,110707,True,51.90239,3
20260508-002650,1778252132,2026-05-08 14:55:32+00:00,1778252132000,52121,25.9315,43.33471,10.07144,110488,True,52.15038,3
20260508-002650,1778252147,2026-05-08 14:55:47+00:00,1778252147000,52136,25.99758,43.15373,10.07134,110488,True,52.20874,3
20260508-002650,1778252159,2026-05-08 14:55:59+00:00,1778252159000,52148,25.90868,43.57858,10.0714,99880,True,82.14657,3
20260508-002650,1778252171,2026-05-08 14:56:11+00:00,1778252171000,52160,25.92389,43.3541,10.07137,106214,True,71.14478,3
20260508-002650,1778252183,2026-05-08 14:56:23+00:00,1778252183000,52172,25.92136,43.32027,10.07141,107994,True,61.9002,3
20260508-002650,1778252195,2026-05-08 14:56:35+00:00,1778252195000,52184,25.93404,43.26654,10.07148,109620,True,57.15038,3
20260508-002650,1778252207,2026-05-08 14:56:47+00:00,1778252207000,52196,25.92643,43.28731,10.07141,110269,True,54.60222,3
20260508-002650,1778252219,2026-05-08 14:56:59+00:00,1778252219000,52208,25.94164,43.19658,10.07193,110707,True,53.66655,3
20260508-002650,1778252231,2026-05-08 14:57:11+00:00,1778252231000,52220,25.93404,43.14936,10.07176,111074,True,52.26669,3
20260508-002650,1778252243,2026-05-08 14:57:23+00:00,1778252243000,52232,25.93911,43.11331,10.07158,111147,True,51.372,3
20260508-002650,1778252255,2026-05-08 14:57:35+00:00,1778252255000,52244,25.93657,43.11788,10.07145,111295,True,51.01534,3
20260508-002650,1778252267,2026-05-08 14:57:47+00:00,1778252267000,52256,25.9315,43.17599,10.07138,111890,True,50.53074,3
20260508-002650,1778252279,2026-05-08 14:57:59+00:00,1778252279000,52268,25.9315,43.19769,10.07137,111295,True,50.85571,3
20260508-002650,1778252291,2026-05-08 14:58:11+00:00,1778252291000,52280,25.93657,43.22257,10.07147,111741,True,50.46297,3
20260508-002650,1778252303,2026-05-08 14:58:23+00:00,1778252303000,52292,25.9315,43.29218,10.07156,110853,True,50.58498,2
20260508-002650,1778252315,2026-05-08 14:58:35+00:00,1778252315000,52304,25.9315,43.29407,10.07151,110561,True,51.47691,2
20260508-002650,1778252326,2026-05-08 14:58:46+00:00,1778252326000,52315,25.98657,43.18343,10.07172,111147,True,51.35036,2
20260508-002650,1778252338,2026-05-08 14:58:58+00:00,1778252338000,52327,25.91629,43.45552,10.07149,103395,True,73.62331,2
20260508-002650,1778252350,2026-05-08 14:59:10+00:00,1778252350000,52339,25.92643,43.27952,10.07165,107509,True,65.06639,2
20260508-002650,1778252362,2026-05-08 14:59:22+00:00,1778252362000,52351,25.92389,43.2848,10.07161,109692,True,58.54392,2
20260508-002650,1778252374,2026-05-08 14:59:34+00:00,1778252374000,52363,25.9315,43.29467,10.07156,109764,True,55.38322,3
20260508-002650,1778252386,2026-05-08 14:59:46+00:00,1778252386000,52375,25.9315,43.29466,10.07158,110197,True,53.46432,3
20260508-002650,1778252398,2026-05-08 14:59:58+00:00,1778252398000,52387,25.92643,43.27886,10.07135,111000,True,52.10726,3
20260508-002650,1778252410,2026-05-08 15:00:10+00:00,1778252410000,52399,25.92896,43.29262,10.07161,111147,True,51.52571,3
20260508-002650,1778252422,2026-05-08 15:00:22+00:00,1778252422000,52411,25.93404,43.25057,10.07183,111517,True,50.63019,3
20260508-002650,1778252434,2026-05-08 15:00:34+00:00,1778252434000,52423,25.9315,43.2678,10.07154,111443,True,51.01244,3
20260508-002650,1778252446,2026-05-08 15:00:46+00:00,1778252446000,52435,25.9315,43.27496,10.07156,111295,True,50.72409,3
20260508-002650,1778252457,2026-05-08 15:00:57+00:00,1778252457000,52446,25.9776,43.15261,10.07138,111074,True,50.87376,3
20260508-002650,1778252469,2026-05-08 15:01:09+00:00,1778252469000,52458,25.91121,43.5217,10.07146,102321,True,75.89513,3
20260508-002650,1778252481,2026-05-08 15:01:21+00:00,1778252481000,52470,25.91882,43.34343,10.07171,107303,True,66.97079,3
20260508-002650,1778252493,2026-05-08 15:01:33+00:00,1778252493000,52482,25.92389,43.31798,10.07174,109262,True,59.81382,3
20260508-002650,1778252505,2026-05-08 15:01:45+00:00,1778252505000,52494,25.92643,43.26584,10.07183,110561,True,55.24047,3
20260508-002650,1778252517,2026-05-08 15:01:57+00:00,1778252517000,52506,25.92896,43.20212,10.07168,110052,True,53.76046,3
20260508-002650,1778252529,2026-05-08 15:02:09+00:00,1778252529000,52518,25.92643,43.18882,10.07144,110124,True,52.96725,3
20260508-002650,1778252541,2026-05-08 15:02:21+00:00,1778252541000,52530,25.92896,43.14201,10.07161,111890,True,50.96208,3
20260508-002650,1778252553,2026-05-08 15:02:33+00:00,1778252553000,52542,25.9315,43.07611,10.07175,111965,True,50.35753,3
20260508-002650,1778252565,2026-05-08 15:02:45+00:00,1778252565000,52554,25.92643,43.08288,10.07176,111592,True,50.28046,2
20260508-002650,1778252577,2026-05-08 15:02:57+00:00,1778252577000,52566,25.93404,43.05857,10.07202,112190,True,49.89132,2
20260508-002650,1778252589,2026-05-08 15:03:09+00:00,1778252589000,52578,25.92896,43.06834,10.07185,111666,True,50.3092,2
20260508-002650,1778252601,2026-05-08 15:03:21+00:00,1778252601000,52590,25.93657,43.06812,10.07196,112190,True,50.0,2
20260508-002650,1778252613,2026-05-08 15:03:33+00:00,1778252613000,52602,25.93404,43.11456,10.0719,112190,True,50.02429,2
20260508-002650,1778252625,2026-05-08 15:03:45+00:00,1778252625000,52614,25.92896,43.13527,10.07185,111517,True,51.00261,2
20260508-002650,1778252637,2026-05-08 15:03:57+00:00,1778252637000,52626,25.93404,43.11274,10.07171,112340,True,50.0975,2
20260508-002650,1778252649,2026-05-08 15:04:09+00:00,1778252649000,52638,25.9315,43.15401,10.07175,111592,True,50.57903,2
20260508-002650,1778252661,2026-05-08 15:04:21+00:00,1778252661000,52650,25.92643,43.13314,10.07209,112642,True,50.10518,2
20260508-002650,1778252673,2026-05-08 15:04:33+00:00,1778252673000,52662,25.9315,43.086,10.07219,112491,True,50.54203,2
20260508-002650,1778252685,2026-05-08 15:04:45+00:00,1778252685000,52674,25.92896,43.10463,10.07213,111295,True,50.95852,2
20260508-002650,1778252697,2026-05-08 15:04:57+00:00,1778252697000,52686,25.92896,43.11299,10.07208,111517,True,51.52319,2
20260508-002650,1778252709,2026-05-08 15:05:09+00:00,1778252709000,52698,25.93404,43.11526,10.07253,112416,True,50.40172,3
20260508-002650,1778252721,2026-05-08 15:05:21+00:00,1778252721000,52710,25.9315,43.17675,10.07216,112265,True,50.08004,2
20260508-002650,1778252733,2026-05-08 15:05:33+00:00,1778252733000,52722,25.93657,43.20764,10.07215,112040,True,51.14624,2
20260508-002650,1778252745,2026-05-08 15:05:45+00:00,1778252745000,52734,25.92643,43.223,10.07171,112416,True,50.83056,2
20260508-002650,1778252757,2026-05-08 15:05:57+00:00,1778252757000,52746,25.93404,43.11115,10.07201,113022,True,50.13997,2
20260508-002650,1778252769,2026-05-08 15:06:09+00:00,1778252769000,52758,25.9315,43.11489,10.07196,112567,True,50.25002,2
20260508-002650,1778252781,2026-05-08 15:06:21+00:00,1778252781000,52770,25.9315,43.11855,10.07193,112340,True,50.63224,3
20260508-002650,1778252793,2026-05-08 15:06:33+00:00,1778252793000,52782,25.9315,43.09046,10.07189,112416,True,50.35858,3
20260508-002650,1778252805,2026-05-08 15:06:45+00:00,1778252805000,52794,25.93404,43.12549,10.07227,112190,True,50.61317,3
20260508-002650,1778252817,2026-05-08 15:06:57+00:00,1778252817000,52806,25.93404,43.19684,10.07227,112190,True,51.04795,3
20260508-002650,1778252829,2026-05-08 15:07:09+00:00,1778252829000,52818,25.92643,43.22648,10.07222,112190,True,50.77045,3
20260508-002650,1778252841,2026-05-08 15:07:21+00:00,1778252841000,52830,25.92643,43.23109,10.07199,111369,True,51.43825,3
20260508-002650,1778252854,2026-05-08 15:07:34+00:00,1778252854000,52843,25.90107,43.47317,10.07186,105147,True,61.74987,3
20260508-002650,1778252866,2026-05-08 15:07:46+00:00,1778252866000,52855,25.92643,43.21611,10.07218,109692,True,59.69362,3
20260508-002650,1778252878,2026-05-08 15:07:58+00:00,1778252878000,52867,25.92643,43.17854,10.07223,110342,True,55.93923,3
20260508-002650,1778252890,2026-05-08 15:08:10+00:00,1778252890000,52879,25.98267,43.04466,10.07219,111666,True,54.59119,3
20260508-002650,1778252902,2026-05-08 15:08:22+00:00,1778252902000,52891,25.90868,43.42342,10.07219,101700,True,78.96027,3
20260508-002650,1778252914,2026-05-08 15:08:34+00:00,1778252914000,52903,25.91629,43.25679,10.07214,106687,True,69.13808,3
20260508-002650,1778252926,2026-05-08 15:08:46+00:00,1778252926000,52915,25.92389,43.09184,10.07218,109692,True,60.73806,3
20260508-002650,1778252938,2026-05-08 15:08:58+00:00,1778252938000,52927,25.92389,43.10936,10.07221,110927,True,56.03402,3
20260508-002650,1778252950,2026-05-08 15:09:10+00:00,1778252950000,52939,25.92643,43.16076,10.07234,111000,True,54.0602,3
20260508-002650,1778252962,2026-05-08 15:09:22+00:00,1778252962000,52951,25.92643,43.19621,10.07241,111666,True,52.60554,3
20260508-002650,1778252974,2026-05-08 15:09:34+00:00,1778252974000,52963,25.9315,43.16315,10.07244,112340,True,51.56316,3
20260508-002650,1778252986,2026-05-08 15:09:46+00:00,1778252986000,52975,25.92643,43.24044,10.0725,111000,True,52.64164,3
20260508-002650,1778252998,2026-05-08 15:09:58+00:00,1778252998000,52987,25.9315,43.19582,10.07235,111147,True,52.56392,3
20260508-002650,1778253010,2026-05-08 15:10:10+00:00,1778253010000,52999,25.92896,43.24158,10.07233,111965,True,51.30426,3
20260508-002650,1778253022,2026-05-08 15:10:22+00:00,1778253022000,53011,25.92896,43.22688,10.07229,112340,True,50.96647,3
20260508-002650,1778253034,2026-05-08 15:10:34+00:00,1778253034000,53023,25.93657,43.12263,10.07255,111815,True,51.04913,3
20260508-002650,1778253046,2026-05-08 15:10:46+00:00,1778253046000,53035,25.92896,43.07737,10.07215,112870,True,50.04712,3
20260508-002650,1778253058,2026-05-08 15:10:58+00:00,1778253058000,53047,25.92896,43.07379,10.07234,112946,True,49.85683,2
20260508-002650,1778253070,2026-05-08 15:11:10+00:00,1778253070000,53059,25.93657,43.10098,10.07271,112870,True,50.19865,2
20260508-002650,1778253082,2026-05-08 15:11:22+00:00,1778253082000,53071,25.93404,43.09356,10.07255,111666,True,51.0505,2
20260508-002650,1778253094,2026-05-08 15:11:34+00:00,1778253094000,53083,25.92896,43.10799,10.07262,112794,True,50.75203,2
20260508-002650,1778253106,2026-05-08 15:11:46+00:00,1778253106000,53095,25.9315,43.0663,10.07267,111815,True,51.08188,2
20260508-002650,1778253118,2026-05-08 15:11:58+00:00,1778253118000,53107,25.92643,43.09566,10.07267,112718,True,50.65361,2
20260508-002650,1778253130,2026-05-08 15:12:10+00:00,1778253130000,53119,25.92389,43.17226,10.07253,112946,True,50.43287,2
20260508-002650,1778253142,2026-05-08 15:12:22+00:00,1778253142000,53131,25.93404,43.13855,10.07285,112491,True,50.55138,3
20260508-002650,1778253154,2026-05-08 15:12:34+00:00,1778253154000,53143,25.92896,43.15187,10.07287,112794,True,50.30731,3
20260508-002650,1778253166,2026-05-08 15:12:46+00:00,1778253166000,53155,25.93404,43.15845,10.07288,112718,True,50.61407,3
20260508-002650,1778253178,2026-05-08 15:12:58+00:00,1778253178000,53167,25.9315,43.22219,10.07282,112190,True,51.415,3
20260508-002650,1778253190,2026-05-08 15:13:10+00:00,1778253190000,53179,25.92643,43.24436,10.07276,111592,True,52.11934,3
20260508-002650,1778253202,2026-05-08 15:13:22+00:00,1778253202000,53191,25.92643,43.21905,10.0729,112567,True,51.43582,3
20260508-002650,1778253214,2026-05-08 15:13:34+00:00,1778253214000,53203,25.93404,43.1913,10.07306,112491,True,51.1983,3
20260508-002650,1778253226,2026-05-08 15:13:46+00:00,1778253226000,53215,25.92896,43.19073,10.07318,112265,True,50.86292,3
20260508-002650,1778253238,2026-05-08 15:13:58+00:00,1778253238000,53227,25.92896,43.18195,10.07318,112115,True,50.85643,3
20260508-002650,1778253250,2026-05-08 15:14:10+00:00,1778253250000,53239,25.92896,43.18831,10.07306,112794,True,50.89808,3
20260508-002650,1778253262,2026-05-08 15:14:22+00:00,1778253262000,53251,25.9315,43.17007,10.07321,112642,True,50.99855,3
20260508-002650,1778253274,2026-05-08 15:14:34+00:00,1778253274000,53263,25.9315,43.11055,10.07309,112190,True,51.42598,3
20260508-002650,1778253286,2026-05-08 15:14:46+00:00,1778253286000,53275,25.9315,43.10367,10.07314,112642,True,50.14089,2
20260508-002650,1778253298,2026-05-08 15:14:58+00:00,1778253298000,53287,25.93657,43.12591,10.07324,112491,True,50.714,2
20260508-002650,1778253310,2026-05-08 15:15:10+00:00,1778253310000,53299,25.93404,43.15456,10.07332,112040,True,50.90128,2
20260508-002650,1778253322,2026-05-08 15:15:22+00:00,1778253322000,53311,25.92896,43.16242,10.07317,112040,True,51.37963,2
20260508-002650,1778253334,2026-05-08 15:15:34+00:00,1778253334000,53323,25.9315,43.13024,10.07325,111666,True,51.82695,2
20260508-002650,1778253346,2026-05-08 15:15:46+00:00,1778253346000,53335,25.92389,43.11887,10.07316,112416,True,51.36898,3
20260508-002650,1778253358,2026-05-08 15:15:58+00:00,1778253358000,53347,25.92643,43.12369,10.07322,112718,True,50.45482,3
20260508-002650,1778253370,2026-05-08 15:16:10+00:00,1778253370000,53359,25.92643,43.18406,10.07302,112265,True,51.07628,3
20260508-002650,1778253382,2026-05-08 15:16:22+00:00,1778253382000,53371,25.93657,43.15724,10.07324,112946,True,50.5878,3
20260508-002650,1778253394,2026-05-08 15:16:34+00:00,1778253394000,53383,25.92389,43.23886,10.07319,112567,True,51.04981,3
20260508-002650,1778253406,2026-05-08 15:16:46+00:00,1778253406000,53395,25.92136,43.26052,10.07334,111815,True,51.27575,3
20260508-002650,1778253418,2026-05-08 15:16:58+00:00,1778253418000,53407,25.92643,43.21387,10.07309,112567,True,51.30426,3
20260508-002650,1778253430,2026-05-08 15:17:10+00:00,1778253430000,53419,25.92389,43.20782,10.07319,111890,True,51.38319,3
20260508-002650,1778253441,2026-05-08 15:17:21+00:00,1778253441000,53430,25.97976,43.07227,10.07318,111890,True,51.66707,3
20260508-002650,1778253454,2026-05-08 15:17:34+00:00,1778253454000,53443,25.87572,43.65909,10.07349,94847,True,86.62361,3
20260508-002650,1778253466,2026-05-08 15:17:46+00:00,1778253466000,53455,25.90107,43.22837,10.07351,104491,True,79.22052,3
20260508-002650,1778253478,2026-05-08 15:17:58+00:00,1778253478000,53467,25.90614,43.17904,10.07373,108344,True,67.16682,3
20260508-002650,1778253490,2026-05-08 15:18:10+00:00,1778253490000,53479,25.91121,43.20097,10.07365,109548,True,60.99257,3
20260508-002650,1778253502,2026-05-08 15:18:22+00:00,1778253502000,53491,25.91375,43.1753,10.0737,111443,True,56.33006,3
20260508-002650,1778253514,2026-05-08 15:18:34+00:00,1778253514000,53503,25.91629,43.12958,10.07374,111369,True,54.9012,3
20260508-002650,1778253526,2026-05-08 15:18:46+00:00,1778253526000,53515,25.91882,43.09695,10.07374,111815,True,53.61067,3
20260508-002650,1778253538,2026-05-08 15:18:58+00:00,1778253538000,53527,25.91882,43.07756,10.0739,112265,True,52.53201,3
20260508-002650,1778253550,2026-05-08 15:19:10+00:00,1778253550000,53539,25.92389,43.17015,10.07414,111815,True,52.63107,3
20260508-002650,1778253562,2026-05-08 15:19:22+00:00,1778253562000,53551,25.91882,43.20518,10.07404,111890,True,52.07813,3
20260508-002650,1778253574,2026-05-08 15:19:34+00:00,1778253574000,53563,25.92389,43.1741,10.07395,112115,True,52.10271,3
20260508-002650,1778253586,2026-05-08 15:19:46+00:00,1778253586000,53575,25.92643,43.17542,10.07404,112115,True,51.8452,3
20260508-002650,1778253598,2026-05-08 15:19:58+00:00,1778253598000,53587,25.92389,43.12228,10.07397,112115,True,52.29135,3
20260508-002650,1778253610,2026-05-08 15:20:10+00:00,1778253610000,53599,25.92136,43.19381,10.07384,111517,True,52.85661,3
20260508-002650,1778253622,2026-05-08 15:20:22+00:00,1778253622000,53611,25.92136,43.20076,10.07371,113099,True,51.52082,3
20260508-002650,1778253634,2026-05-08 15:20:34+00:00,1778253634000,53623,25.92643,43.15394,10.07374,111815,True,52.18778,3
20260508-002650,1778253646,2026-05-08 15:20:46+00:00,1778253646000,53635,25.91882,43.14498,10.07367,112340,True,51.27559,3
20260508-002650,1778253658,2026-05-08 15:20:58+00:00,1778253658000,53647,25.91882,43.20521,10.07369,111890,True,51.39133,3
20260508-002650,1778253670,2026-05-08 15:21:10+00:00,1778253670000,53659,25.92643,43.17697,10.07371,112190,True,51.76609,3
20260508-002650,1778253682,2026-05-08 15:21:22+00:00,1778253682000,53671,25.92136,43.14141,10.0738,112340,True,51.41224,3
20260508-002650,1778253694,2026-05-08 15:21:34+00:00,1778253694000,53683,25.9315,43.01704,10.07388,112567,True,51.17834,3
20260508-002650,1778253706,2026-05-08 15:21:46+00:00,1778253706000,53695,25.92643,43.00321,10.07353,112642,True,51.04675,3
20260508-002650,1778253718,2026-05-08 15:21:58+00:00,1778253718000,53707,25.92643,43.13148,10.07381,112870,True,50.51792,3
20260508-002650,1778253730,2026-05-08 15:22:10+00:00,1778253730000,53719,25.92389,43.22429,10.0737,112491,True,51.24456,3
20260508-002650,1778253742,2026-05-08 15:22:22+00:00,1778253742000,53731,25.92136,43.21355,10.07333,112491,True,51.30099,3
20260508-002650,1778253754,2026-05-08 15:22:34+00:00,1778253754000,53743,25.89854,43.39996,10.07338,105945,True,62.03661,3
20260508-002650,1778253766,2026-05-08 15:22:46+00:00,1778253766000,53755,25.91629,43.19643,10.0734,109405,True,60.55483,3
20260508-002650,1778253778,2026-05-08 15:22:58+00:00,1778253778000,53767,25.92136,43.18055,10.07324,110415,True,56.91908,3
20260508-002650,1778253790,2026-05-08 15:23:10+00:00,1778253790000,53779,25.92389,43.1958,10.07337,110853,True,55.16491,3
20260508-002650,1778253802,2026-05-08 15:23:22+00:00,1778253802000,53791,25.91375,43.23958,10.07301,111815,True,53.58354,3
20260508-002650,1778253814,2026-05-08 15:23:34+00:00,1778253814000,53803,25.91882,43.2063,10.07351,111074,True,52.96117,3
20260508-002650,1778253826,2026-05-08 15:23:46+00:00,1778253826000,53815,25.91882,43.22573,10.07388,111443,True,52.64393,3
20260508-002650,1778253838,2026-05-08 15:23:58+00:00,1778253838000,53827,25.92136,43.20094,10.0741,111815,True,51.92254,3
20260508-002650,1778253851,2026-05-08 15:24:11+00:00,1778253851000,53840,25.89347,43.46469,10.07386,105147,True,62.97594,3
20260508-002650,1778253863,2026-05-08 15:24:23+00:00,1778253863000,53852,25.91629,43.24984,10.07379,109764,True,61.21774,3
20260508-002650,1778253875,2026-05-08 15:24:35+00:00,1778253875000,53864,25.91375,43.19254,10.07384,109908,True,57.65036,3
20260508-002650,1778253887,2026-05-08 15:24:47+00:00,1778253887000,53876,25.91882,43.12497,10.07399,111666,True,54.8228,3
20260508-002650,1778253899,2026-05-08 15:24:59+00:00,1778253899000,53888,25.91629,43.01358,10.07374,111443,True,53.21753,3
20260508-002650,1778253911,2026-05-08 15:25:11+00:00,1778253911000,53900,25.91882,42.99525,10.07383,111815,True,53.03588,3
20260508-002650,1778253923,2026-05-08 15:25:23+00:00,1778253923000,53912,25.91882,42.91284,10.07385,111890,True,51.87809,3
20260508-002650,1778253935,2026-05-08 15:25:35+00:00,1778253935000,53924,25.91629,42.92716,10.07386,112416,True,51.31104,3
20260508-002650,1778253947,2026-05-08 15:25:47+00:00,1778253947000,53936,25.91629,43.10735,10.07379,112265,True,51.22853,3
20260508-002650,1778253959,2026-05-08 15:25:59+00:00,1778253959000,53948,25.91882,43.19183,10.07362,112718,True,51.38395,3
20260508-002650,1778253971,2026-05-08 15:26:11+00:00,1778253971000,53960,25.83515,43.80052,10.07357,98298,True,63.7023,3
20260508-002650,1778253983,2026-05-08 15:26:23+00:00,1778253983000,53972,25.90107,43.3256,10.07365,107028,True,69.26611,3
20260508-002650,1778253995,2026-05-08 15:26:35+00:00,1778253995000,53984,25.91375,43.21039,10.07377,109334,True,61.96539,3
20260508-002650,1778254007,2026-05-08 15:26:47+00:00,1778254007000,53996,25.91375,43.16724,10.07389,110780,True,57.26291,3
20260508-002650,1778254019,2026-05-08 15:26:59+00:00,1778254019000,54008,25.91629,43.08411,10.07393,111443,True,54.35069,3
20260508-002650,1778254031,2026-05-08 15:27:11+00:00,1778254031000,54020,25.91121,43.12672,10.07397,111517,True,53.37721,3
20260508-002650,1778254043,2026-05-08 15:27:23+00:00,1778254043000,54032,25.92389,43.13765,10.07404,112265,True,52.40474,3
20260508-002650,1778254055,2026-05-08 15:27:35+00:00,1778254055000,54044,25.92136,43.21042,10.07389,111074,True,52.40696,3
20260508-002650,1778254066,2026-05-08 15:27:46+00:00,1778254066000,54055,25.97451,43.09385,10.07406,111815,True,52.46889,3
20260508-002650,1778254078,2026-05-08 15:27:58+00:00,1778254078000,54067,25.89347,43.39771,10.07391,102571,True,77.58196,3
20260508-002650,1778254090,2026-05-08 15:28:10+00:00,1778254090000,54079,25.90361,43.28181,10.07397,108554,True,68.24301,3
20260508-002650,1778254102,2026-05-08 15:28:22+00:00,1778254102000,54091,25.91375,43.09763,10.07392,110634,True,60.23447,3
20260508-002650,1778254114,2026-05-08 15:28:34+00:00,1778254114000,54103,25.91121,43.00043,10.0738,110124,True,57.25787,3
20260508-002650,1778254126,2026-05-08 15:28:46+00:00,1778254126000,54115,25.91375,43.00322,10.07401,111074,True,55.02443,3
20260508-002650,1778254138,2026-05-08 15:28:58+00:00,1778254138000,54127,25.91629,43.01201,10.07382,112340,True,52.84142,3
20260508-002650,1778254150,2026-05-08 15:29:10+00:00,1778254150000,54139,25.91629,43.14535,10.07388,111443,True,52.78244,3
20260508-002650,1778254162,2026-05-08 15:29:22+00:00,1778254162000,54151,25.91629,43.25801,10.07384,111295,True,52.91014,3
20260508-002650,1778254174,2026-05-08 15:29:34+00:00,1778254174000,54163,25.91629,43.2129,10.07412,111741,True,53.02423,3
20260508-002650,1778254186,2026-05-08 15:29:46+00:00,1778254186000,54175,25.91121,43.22052,10.07392,111666,True,52.57935,3
20260508-002650,1778254198,2026-05-08 15:29:58+00:00,1778254198000,54187,25.92136,43.21374,10.07403,112115,True,52.01712,3
20260508-002650,1778254210,2026-05-08 15:30:10+00:00,1778254210000,54199,25.91121,43.28522,10.07392,112491,True,51.55165,3
20260508-002650,1778254222,2026-05-08 15:30:22+00:00,1778254222000,54211,25.91882,43.24168,10.0739,111369,True,52.59469,3
20260508-002650,1778254234,2026-05-08 15:30:34+00:00,1778254234000,54223,25.91882,43.26226,10.07401,111741,True,52.59187,3
20260508-002650,1778254246,2026-05-08 15:30:46+00:00,1778254246000,54235,25.91882,43.26534,10.07402,112265,True,51.47823,3
20260508-002650,1778254258,2026-05-08 15:30:58+00:00,1778254258000,54247,25.91629,43.25964,10.07412,111517,True,52.30013,3
20260508-002650,1778254270,2026-05-08 15:31:10+00:00,1778254270000,54259,25.90868,43.23613,10.07381,112040,True,52.30934,3
20260508-002650,1778254282,2026-05-08 15:31:22+00:00,1778254282000,54271,25.91121,43.22871,10.07394,112115,True,52.32651,3
20260508-002650,1778254294,2026-05-08 15:31:34+00:00,1778254294000,54283,25.91375,43.10591,10.07399,111965,True,51.55058,3
20260508-002650,1778254306,2026-05-08 15:31:46+00:00,1778254306000,54295,25.91629,43.10075,10.07418,112642,True,50.63546,3
20260508-002650,1778254318,2026-05-08 15:31:58+00:00,1778254318000,54307,25.91375,43.12889,10.0738,111965,True,51.70177,3
20260508-002650,1778254330,2026-05-08 15:32:10+00:00,1778254330000,54319,25.91629,43.19717,10.07349,112718,True,51.07687,3
20260508-002650,1778254342,2026-05-08 15:32:22+00:00,1778254342000,54331,25.91121,43.10617,10.0735,111815,True,51.61728,3
20260508-002650,1778254353,2026-05-08 15:32:33+00:00,1778254353000,54342,25.83515,43.63702,10.07355,99940,True,62.0431,3
20260508-002650,1778254365,2026-05-08 15:32:45+00:00,1778254365000,54354,25.90107,43.25629,10.07354,108134,True,65.74879,3
20260508-002650,1778254377,2026-05-08 15:32:57+00:00,1778254377000,54366,25.91121,43.19259,10.07355,109764,True,60.02279,3
20260508-002650,1778254389,2026-05-08 15:33:09+00:00,1778254389000,54378,25.91121,43.21546,10.07386,111221,True,56.2157,3
20260508-002650,1778254401,2026-05-08 15:33:21+00:00,1778254401000,54390,25.90868,43.23011,10.07391,110927,True,54.08219,3
20260508-002650,1778254413,2026-05-08 15:33:33+00:00,1778254413000,54402,25.91121,43.15515,10.07383,112040,True,52.67821,3
20260508-002650,1778254425,2026-05-08 15:33:45+00:00,1778254425000,54414,25.90868,43.13101,10.0737,111592,True,52.64067,3
20260508-002650,1778254437,2026-05-08 15:33:57+00:00,1778254437000,54426,25.91375,43.08006,10.07366,112115,True,51.75113,3
20260508-002650,1778254449,2026-05-08 15:34:09+00:00,1778254449000,54438,25.91121,43.10926,10.07376,113022,True,50.96743,3
20260508-002650,1778254461,2026-05-08 15:34:21+00:00,1778254461000,54450,25.91375,43.19939,10.07389,112040,True,51.96666,3
20260508-002650,1778254473,2026-05-08 15:34:33+00:00,1778254473000,54462,25.91375,43.19042,10.07391,112491,True,51.20221,3
20260508-002650,1778254485,2026-05-08 15:34:45+00:00,1778254485000,54474,25.91121,43.08812,10.0739,111815,True,51.63864,3
20260508-002650,1778254497,2026-05-08 15:34:57+00:00,1778254497000,54486,25.91375,43.02498,10.07401,112567,True,50.68302,3
20260508-002650,1778254509,2026-05-08 15:35:09+00:00,1778254509000,54498,25.91375,43.12352,10.07405,113022,True,50.38092,3
20260508-002650,1778254521,2026-05-08 15:35:21+00:00,1778254521000,54510,25.91375,43.19171,10.07399,111965,True,51.68139,3
20260508-002650,1778254533,2026-05-08 15:35:33+00:00,1778254533000,54522,25.91375,43.23849,10.0742,112040,True,51.47628,3
20260508-002650,1778254545,2026-05-08 15:35:45+00:00,1778254545000,54534,25.91629,43.17601,10.07412,111741,True,51.85309,3
20260508-002650,1778254557,2026-05-08 15:35:57+00:00,1778254557000,54546,25.91121,43.19347,10.07397,112416,True,51.2059,3
20260508-002650,1778254569,2026-05-08 15:36:09+00:00,1778254569000,54558,25.91375,43.22637,10.07394,112340,True,50.93047,3
20260508-002650,1778254581,2026-05-08 15:36:21+00:00,1778254581000,54570,25.91882,43.24244,10.07418,112491,True,50.82563,3
20260508-002650,1778254593,2026-05-08 15:36:33+00:00,1778254593000,54582,25.91882,43.11229,10.0743,112115,True,51.08706,3
20260508-002650,1778254605,2026-05-08 15:36:45+00:00,1778254605000,54594,25.90868,43.14844,10.07407,112718,True,50.56578,3
20260508-002650,1778254617,2026-05-08 15:36:57+00:00,1778254617000,54606,25.91375,43.15711,10.07413,113175,True,50.06862,3
20260508-002650,1778254628,2026-05-08 15:37:08+00:00,1778254628000,54617,25.83768,43.70979,10.074,101025,True,60.36428,3
20260508-002650,1778254640,2026-05-08 15:37:20+00:00,1778254640000,54629,25.81487,43.91198,10.07389,94283,True,75.89822,3
20260508-002650,1778254653,2026-05-08 15:37:33+00:00,1778254653000,54642,25.92047,43.54771,10.0739,96876,True,81.55296,3
20260508-002650,1778254665,2026-05-08 15:37:45+00:00,1778254665000,54654,25.88586,43.39223,10.07388,96486,True,100.02501,3
20260508-002650,1778254677,2026-05-08 15:37:57+00:00,1778254677000,54666,25.88586,43.03738,10.07368,105478,True,80.57123,3
20260508-002650,1778254689,2026-05-08 15:38:09+00:00,1778254689000,54678,25.896,42.91489,10.07383,107925,True,68.15239,3
20260508-002650,1778254701,2026-05-08 15:38:21+00:00,1778254701000,54690,25.90614,42.91721,10.07371,110124,True,60.47812,3
20260508-002650,1778254713,2026-05-08 15:38:33+00:00,1778254713000,54702,25.90107,43.02657,10.0736,110853,True,57.299,3
20260508-002650,1778254725,2026-05-08 15:38:45+00:00,1778254725000,54714,25.90868,43.00812,10.07369,111369,True,55.31195,3
20260508-002650,1778254737,2026-05-08 15:38:57+00:00,1778254737000,54726,25.90868,42.8995,10.07363,112115,True,53.94131,3
20260508-002650,1778254749,2026-05-08 15:39:09+00:00,1778254749000,54738,25.90868,42.91931,10.07344,112040,True,52.91892,3
20260508-002650,1778254760,2026-05-08 15:39:20+00:00,1778254760000,54750,25.96238,42.77266,10.07363,111592,True,53.15327,3
20260508-002650,1778254772,2026-05-08 15:39:32+00:00,1778254772000,54762,25.88079,43.27382,10.0733,102383,True,78.55397,3
20260508-002650,1778254785,2026-05-08 15:39:45+00:00,1778254785000,54774,25.94797,43.0758,10.07354,104231,True,76.9245,3
20260508-002650,1778254797,2026-05-08 15:39:57+00:00,1778254797000,54786,25.87572,43.43834,10.07324,98587,True,93.25633,3
20260508-002650,1778254809,2026-05-08 15:40:09+00:00,1778254809000,54798,25.88586,43.24822,10.07314,105412,True,77.9419,3
20260508-002650,1778254821,2026-05-08 15:40:21+00:00,1778254821000,54810,25.89093,43.23162,10.07294,107647,True,67.97425,3
20260508-002650,1778254833,2026-05-08 15:40:33+00:00,1778254833000,54822,25.89854,43.2025,10.07294,109548,True,61.09193,3
20260508-002650,1778254845,2026-05-08 15:40:45+00:00,1778254845000,54834,25.90107,43.18876,10.07298,110124,True,58.3811,3
20260508-002650,1778254857,2026-05-08 15:40:57+00:00,1778254857000,54846,25.89854,43.17372,10.07287,111221,True,55.79976,3
20260508-002650,1778254869,2026-05-08 15:41:09+00:00,1778254869000,54858,25.90614,43.12064,10.0728,111147,True,54.92139,3
20260508-002650,1778254881,2026-05-08 15:41:21+00:00,1778254881000,54870,25.90107,43.20437,10.07256,111000,True,54.37841,3
20260508-002650,1778254893,2026-05-08 15:41:33+00:00,1778254893000,54882,25.90107,43.22222,10.07268,111221,True,53.8388,3
20260508-002650,1778254905,2026-05-08 15:41:45+00:00,1778254905000,54894,25.90361,43.25741,10.0726,111000,True,54.27015,3
20260508-002650,1778254917,2026-05-08 15:41:57+00:00,1778254917000,54906,25.90614,43.19101,10.07245,111517,True,53.61993,3
20260508-002650,1778254929,2026-05-08 15:42:09+00:00,1778254929000,54918,25.91375,43.16924,10.07241,111965,True,52.73549,3
20260508-002650,1778254941,2026-05-08 15:42:21+00:00,1778254941000,54930,25.90107,43.22524,10.07232,111221,True,53.28214,3
20260508-002650,1778254953,2026-05-08 15:42:33+00:00,1778254953000,54942,25.91121,43.05883,10.0723,111965,True,52.41983,3
20260508-002650,1778254965,2026-05-08 15:42:45+00:00,1778254965000,54954,25.90868,43.05186,10.07209,112416,True,51.93427,3
20260508-002650,1778254977,2026-05-08 15:42:57+00:00,1778254977000,54966,25.91375,42.93753,10.07236,112115,True,51.70197,3
20260508-002650,1778254989,2026-05-08 15:43:09+00:00,1778254989000,54978,25.91882,42.88847,10.07232,112416,True,51.8201,3
20260508-002650,1778255001,2026-05-08 15:43:21+00:00,1778255001000,54990,25.91121,42.95216,10.07218,113099,True,50.0737,3
20260508-002650,1778255013,2026-05-08 15:43:33+00:00,1778255013000,55002,25.91375,43.06784,10.0722,112040,True,51.34694,3
20260508-002650,1778255025,2026-05-08 15:43:45+00:00,1778255025000,55014,25.91121,43.14071,10.07199,112265,True,51.52853,3
20260508-002650,1778255037,2026-05-08 15:43:57+00:00,1778255037000,55026,25.90868,43.16833,10.07195,112642,True,51.16267,3
20260508-002650,1778255049,2026-05-08 15:44:09+00:00,1778255049000,55038,25.91375,43.25037,10.0721,111890,True,51.96112,3
20260508-002650,1778255061,2026-05-08 15:44:21+00:00,1778255061000,55050,25.91375,43.20721,10.07199,111741,True,52.06881,3
20260508-002650,1778255073,2026-05-08 15:44:33+00:00,1778255073000,55062,25.91375,43.08067,10.07208,112340,True,51.42066,3
20260508-002650,1778255085,2026-05-08 15:44:45+00:00,1778255085000,55074,25.91882,43.19487,10.07195,112567,True,51.43368,3
20260508-002650,1778255098,2026-05-08 15:44:58+00:00,1778255098000,55087,25.96357,43.09505,10.07168,112265,True,51.46003,3
20260508-002650,1778255115,2026-05-08 15:45:15+00:00,1778255115000,55104,25.8645,43.8383,10.07177,93130,True,68.41301,3
20260508-002650,1778255165,2026-05-08 15:46:05+00:00,1778255165000,55155,25.83419,44.02655,10.07125,77886,True,96.30914,3
20260508-002650,1778255177,2026-05-08 15:46:17+00:00,1778255177000,55167,25.82501,43.53539,10.07112,73575,True,181.13399,3
20260508-002650,1778255189,2026-05-08 15:46:29+00:00,1778255189000,55179,25.85797,43.32393,10.07158,90415,True,139.57492,3
20260508-002650,1778255201,2026-05-08 15:46:41+00:00,1778255201000,55191,25.86304,43.22589,10.07142,97383,True,107.40044,3
20260508-002650,1778255213,2026-05-08 15:46:53+00:00,1778255213000,55203,25.87065,43.21209,10.07132,101700,True,88.72714,3
20260508-002650,1778255225,2026-05-08 15:47:05+00:00,1778255225000,55215,25.87065,43.21757,10.07135,104426,True,77.69008,3
20260508-002650,1778255237,2026-05-08 15:47:17+00:00,1778255237000,55227,25.88333,43.23431,10.07142,105545,True,71.05071,3
20260508-002650,1778255249,2026-05-08 15:47:29+00:00,1778255249000,55239,25.88333,43.2147,10.07115,106416,True,67.06738,3
20260508-002650,1778255261,2026-05-08 15:47:41+00:00,1778255261000,55251,25.88586,43.20817,10.07109,108836,True,63.21178,3
20260508-002650,1778255273,2026-05-08 15:47:53+00:00,1778255273000,55263,25.88333,43.1701,10.0711,108554,True,61.80686,3
20260508-002650,1778255285,2026-05-08 15:48:05+00:00,1778255285000,55275,25.89093,43.12762,10.0712,109120,True,59.66148,3
20260508-002650,1778255297,2026-05-08 15:48:17+00:00,1778255297000,55287,25.88839,43.19524,10.07095,110124,True,58.21233,3
20260508-002650,1778255309,2026-05-08 15:48:29+00:00,1778255309000,55299,25.896,43.17089,10.07132,110780,True,57.17918,3
20260508-002650,1778255321,2026-05-08 15:48:41+00:00,1778255321000,55311,25.896,43.15214,10.07139,110853,True,56.00473,3
20260508-002650,1778255333,2026-05-08 15:48:53+00:00,1778255333000,55323,25.90107,43.14509,10.07161,110342,True,56.26176,3
20260508-002650,1778255345,2026-05-08 15:49:05+00:00,1778255345000,55335,25.89854,43.1057,10.07133,110561,True,55.69372,3
20260508-002650,1778255357,2026-05-08 15:49:17+00:00,1778255357000,55347,25.90107,43.07783,10.07098,111443,True,54.8127,3
20260508-002650,1778255369,2026-05-08 15:49:29+00:00,1778255369000,55359,25.90107,43.13406,10.07116,111666,True,53.94717,3
20260508-002650,1778255381,2026-05-08 15:49:41+00:00,1778255381000,55371,25.89854,43.22885,10.07106,111443,True,53.60555,3
20260508-002650,1778255393,2026-05-08 15:49:53+00:00,1778255393000,55383,25.89854,43.21925,10.07103,112115,True,53.13068,3
20260508-002650,1778255405,2026-05-08 15:50:05+00:00,1778255405000,55395,25.90107,43.25872,10.071,111890,True,52.78017,3
20260508-002650,1778255417,2026-05-08 15:50:17+00:00,1778255417000,55407,25.90361,43.06719,10.07102,112040,True,52.23654,3
20260508-002650,1778255429,2026-05-08 15:50:29+00:00,1778255429000,55419,25.90614,42.84171,10.07094,112190,True,51.39738,3
20260508-002650,1778255441,2026-05-08 15:50:41+00:00,1778255441000,55431,25.90107,42.82514,10.07079,112642,True,50.41416,3
20260508-002650,1778255453,2026-05-08 15:50:53+00:00,1778255453000,55443,25.90614,42.93435,10.07113,112567,True,50.87542,3
20260508-002650,1778255465,2026-05-08 15:51:05+00:00,1778255465000,55455,25.90361,42.90048,10.07129,112870,True,50.82404,3
20260508-002650,1778255477,2026-05-08 15:51:17+00:00,1778255477000,55467,25.90361,42.95338,10.07129,112115,True,51.54657,3
20260508-002650,1778255490,2026-05-08 15:51:30+00:00,1778255490000,55479,25.80472,43.6433,10.07125,97214,True,64.85953,3
20260508-002650,1778255502,2026-05-08 15:51:42+00:00,1778255502000,55491,25.88586,43.19201,10.0714,106892,True,70.34941,3
20260508-002650,1778255514,2026-05-08 15:51:54+00:00,1778255514000,55503,25.88839,43.21109,10.07107,109262,True,62.78839,3
20260508-002650,1778255526,2026-05-08 15:52:06+00:00,1778255526000,55515,25.89854,43.21587,10.0712,109836,True,58.46514,3
20260508-002650,1778255538,2026-05-08 15:52:18+00:00,1778255538000,55527,25.89854,43.20248,10.07126,111592,True,55.25369,3
20260508-002650,1778255550,2026-05-08 15:52:30+00:00,1778255550000,55539,25.896,43.19818,10.07137,110927,True,54.65906,3
20260508-002650,1778255562,2026-05-08 15:52:42+00:00,1778255562000,55551,25.90868,43.24009,10.07154,112642,True,52.75245,3
20260508-002650,1778255574,2026-05-08 15:52:54+00:00,1778255574000,55563,25.90107,43.28867,10.07151,111369,True,53.00291,3
20260508-002650,1778255586,2026-05-08 15:53:06+00:00,1778255586000,55575,25.89854,43.28052,10.07156,111295,True,53.32467,3
20260508-002650,1778255598,2026-05-08 15:53:18+00:00,1778255598000,55587,25.90107,43.25077,10.07168,112190,True,51.78425,3
20260508-002650,1778255610,2026-05-08 15:53:30+00:00,1778255610000,55599,25.90614,43.12622,10.07166,111890,True,52.18814,3
20260508-002650,1778255622,2026-05-08 15:53:42+00:00,1778255622000,55611,25.896,43.09649,10.07146,112416,True,51.48229,3
20260508-002650,1778255634,2026-05-08 15:53:54+00:00,1778255634000,55623,25.90614,43.07209,10.07171,112040,True,50.88621,3
20260508-002650,1778255647,2026-05-08 15:54:07+00:00,1778255647000,55636,25.96357,42.92783,10.07174,113099,True,50.39539,3
20260508-002650,1778255659,2026-05-08 15:54:19+00:00,1778255659000,55648,25.88333,43.27787,10.07157,101947,True,79.34304,3
20260508-002650,1778255671,2026-05-08 15:54:31+00:00,1778255671000,55660,25.89093,43.10915,10.07171,107994,True,69.03384,3
20260508-002650,1778255683,2026-05-08 15:54:43+00:00,1778255683000,55672,25.896,42.98437,10.07164,110561,True,60.40276,3
20260508-002650,1778255695,2026-05-08 15:54:55+00:00,1778255695000,55684,25.89854,43.02232,10.07185,111000,True,56.60624,3
20260508-002650,1778255707,2026-05-08 15:55:07+00:00,1778255707000,55696,25.90107,43.11063,10.07189,111741,True,54.20287,3
20260508-002650,1778255719,2026-05-08 15:55:19+00:00,1778255719000,55708,25.90107,43.1054,10.07181,112794,True,52.60863,3
20260508-002650,1778255731,2026-05-08 15:55:31+00:00,1778255731000,55720,25.90107,43.11407,10.07183,111890,True,52.70164,3
20260508-002650,1778255743,2026-05-08 15:55:43+00:00,1778255743000,55732,25.90107,43.12171,10.07168,112040,True,52.48828,3
20260508-002650,1778255755,2026-05-08 15:55:55+00:00,1778255755000,55744,25.90361,43.09299,10.07166,112416,True,51.45145,3
20260508-002650,1778255767,2026-05-08 15:56:07+00:00,1778255767000,55756,25.90107,43.11568,10.0716,113328,True,50.88004,3
20260508-002650,1778255779,2026-05-08 15:56:19+00:00,1778255779000,55768,25.90107,43.10853,10.07172,112416,True,51.135,3
20260508-002650,1778255791,2026-05-08 15:56:31+00:00,1778255791000,55780,25.90614,43.13498,10.0718,112040,True,51.63974,3
20260508-002650,1778255803,2026-05-08 15:56:43+00:00,1778255803000,55792,25.90107,43.1538,10.07156,112265,True,51.36373,3
20260508-002650,1778255815,2026-05-08 15:56:55+00:00,1778255815000,55804,25.896,43.11091,10.07157,112340,True,51.49769,3
20260508-002650,1778255827,2026-05-08 15:57:07+00:00,1778255827000,55816,25.90361,43.0613,10.07185,113482,True,50.18711,3
20260508-002650,1778255839,2026-05-08 15:57:19+00:00,1778255839000,55828,25.90361,43.10669,10.07169,113252,True,50.0265,2
20260508-002650,1778255851,2026-05-08 15:57:31+00:00,1778255851000,55840,25.90107,43.19547,10.072,112340,True,50.65047,2
20260508-002650,1778255863,2026-05-08 15:57:43+00:00,1778255863000,55852,25.90361,43.20912,10.07185,112946,True,50.21007,2
20260508-002650,1778255875,2026-05-08 15:57:55+00:00,1778255875000,55864,25.89854,43.2138,10.07194,112946,True,50.48775,2
20260508-002650,1778255887,2026-05-08 15:58:07+00:00,1778255887000,55876,25.90107,43.13086,10.07172,112870,True,50.35386,2
20260508-002650,1778255899,2026-05-08 15:58:19+00:00,1778255899000,55888,25.90361,43.09611,10.07174,113559,True,49.84474,2
20260508-002650,1778255911,2026-05-08 15:58:31+00:00,1778255911000,55900,25.90107,43.144,10.07156,112190,True,50.95686,2
20260508-002650,1778255923,2026-05-08 15:58:43+00:00,1778255923000,55912,25.90868,43.16809,10.07165,112416,True,51.23433,2
20260508-002650,1778255935,2026-05-08 15:58:55+00:00,1778255935000,55924,25.90361,43.16665,10.0716,113482,True,50.42234,2
20260508-002650,1778255947,2026-05-08 15:59:07+00:00,1778255947000,55936,25.89854,43.15508,10.07152,112946,True,50.79454,2
20260508-002650,1778255959,2026-05-08 15:59:19+00:00,1778255959000,55948,25.90107,43.18315,10.07138,112416,True,51.05309,2
20260508-002650,1778255971,2026-05-08 15:59:31+00:00,1778255971000,55960,25.90361,43.16451,10.07153,113099,True,51.29237,3
20260508-002650,1778255983,2026-05-08 15:59:43+00:00,1778255983000,55972,25.896,43.13145,10.07148,112642,True,51.27482,3
20260508-002650,1778255995,2026-05-08 15:59:55+00:00,1778255995000,55984,25.90361,43.13408,10.07136,113405,True,50.43295,3
20260508-002650,1778256007,2026-05-08 16:00:07+00:00,1778256007000,55996,25.89854,43.12413,10.07133,112265,True,51.77621,3
20260508-002650,1778256019,2026-05-08 16:00:19+00:00,1778256019000,56008,25.90614,43.12675,10.07129,112340,True,51.22311,3
20260508-002650,1778256031,2026-05-08 16:00:31+00:00,1778256031000,56020,25.90107,43.12598,10.07137,112946,True,50.86174,3
20260508-002650,1778256043,2026-05-08 16:00:43+00:00,1778256043000,56032,25.90614,43.08125,10.07155,112718,True,50.76929,3
20260508-002650,1778256055,2026-05-08 16:00:55+00:00,1778256055000,56044,25.90614,42.96252,10.07187,112642,True,50.4497,3
20260508-002650,1778256067,2026-05-08 16:01:07+00:00,1778256067000,56056,25.90107,43.10878,10.07198,113252,True,50.0,2
20260508-002650,1778256079,2026-05-08 16:01:19+00:00,1778256079000,56068,25.90107,43.18607,10.07205,112340,True,51.13185,2
20260508-002650,1778256091,2026-05-08 16:01:31+00:00,1778256091000,56080,25.90107,43.22079,10.07226,112794,True,50.89774,2
20260508-002650,1778256103,2026-05-08 16:01:43+00:00,1778256103000,56092,25.90107,43.15813,10.07239,113022,True,50.26653,2
20260508-002650,1778256115,2026-05-08 16:01:55+00:00,1778256115000,56104,25.90614,43.02889,10.07231,113405,True,50.45931,2
20260508-002650,1778256127,2026-05-08 16:02:07+00:00,1778256127000,56116,25.90107,43.01256,10.07211,113790,True,50.0,2
20260508-002650,1778256139,2026-05-08 16:02:19+00:00,1778256139000,56128,25.90361,43.14142,10.07244,113405,True,50.0,2
20260508-002650,1778256151,2026-05-08 16:02:31+00:00,1778256151000,56140,25.896,43.224,10.07234,112642,True,51.13888,2
20260508-002650,1778256163,2026-05-08 16:02:43+00:00,1778256163000,56152,25.896,43.28392,10.07264,112340,True,51.3507,2
20260508-002650,1778256175,2026-05-08 16:02:55+00:00,1778256175000,56164,25.896,43.2273,10.07246,112718,True,51.25694,2
20260508-002650,1778256187,2026-05-08 16:03:07+00:00,1778256187000,56176,25.89854,43.21899,10.07247,112567,True,51.75552,2
20260508-002650,1778256199,2026-05-08 16:03:19+00:00,1778256199000,56188,25.90107,43.26236,10.07223,112870,True,50.91972,2
20260508-002650,1778256211,2026-05-08 16:03:31+00:00,1778256211000,56200,25.90361,43.27744,10.07232,113175,True,50.73639,3
20260508-002650,1778256223,2026-05-08 16:03:43+00:00,1778256223000,56213,25.86558,43.56033,10.07204,105545,True,63.02781,3
20260508-002650,1778256234,2026-05-08 16:03:54+00:00,1778256234000,56223,25.80979,43.84759,10.07188,98125,True,72.93563,3
20260508-002650,1778256246,2026-05-08 16:04:06+00:00,1778256246000,56235,25.88333,43.43172,10.07194,106892,True,71.31718,3
20260508-002650,1778256258,2026-05-08 16:04:18+00:00,1778256258000,56247,25.88839,43.30983,10.07202,109764,True,62.99598,3
20260508-002650,1778256270,2026-05-08 16:04:30+00:00,1778256270000,56259,25.88839,43.33321,10.07202,111074,True,58.10666,3
20260508-002650,1778256282,2026-05-08 16:04:42+00:00,1778256282000,56271,25.88586,43.37425,10.07212,112265,True,55.15944,3
20260508-002650,1778256294,2026-05-08 16:04:54+00:00,1778256294000,56283,25.94516,43.2608,10.07224,110853,True,55.41248,3
20260508-002650,1778256306,2026-05-08 16:05:06+00:00,1778256306000,56295,25.86811,43.52526,10.07227,101947,True,81.37823,3
20260508-002650,1778256318,2026-05-08 16:05:18+00:00,1778256318000,56307,25.87318,43.34236,10.07206,107097,True,71.62529,3
20260508-002650,1778256330,2026-05-08 16:05:30+00:00,1778256330000,56319,25.88586,43.33771,10.07232,109049,True,63.65089,3
20260508-002650,1778256342,2026-05-08 16:05:42+00:00,1778256342000,56331,25.88586,43.31322,10.07224,110052,True,59.35139,3
20260508-002650,1778256354,2026-05-08 16:05:54+00:00,1778256354000,56343,25.88839,43.29961,10.07229,110707,True,57.31886,3
20260508-002650,1778256367,2026-05-08 16:06:07+00:00,1778256367000,56356,25.94076,43.15984,10.07237,111221,True,56.5929,3
20260508-002650,1778256377,2026-05-08 16:06:17+00:00,1778256377000,56367,25.7819,43.98948,10.07231,88131,True,88.58116,3
20260508-002650,1778256389,2026-05-08 16:06:29+00:00,1778256389000,56379,25.8605,43.35171,10.07229,101823,True,89.22618,3
20260508-002650,1778256401,2026-05-08 16:06:41+00:00,1778256401000,56391,25.87318,43.31719,10.07252,106552,True,74.54482,3
20260508-002650,1778256413,2026-05-08 16:06:53+00:00,1778256413000,56403,25.87572,43.3664,10.07275,108414,True,65.62085,3
20260508-002650,1778256425,2026-05-08 16:07:05+00:00,1778256425000,56415,25.87825,43.28131,10.07265,109908,True,60.82217,3
20260508-002650,1778256437,2026-05-08 16:07:17+00:00,1778256437000,56427,25.88333,43.35805,10.07254,110561,True,58.37919,3
20260508-002650,1778256452,2026-05-08 16:07:32+00:00,1778256452000,56442,25.93718,43.20841,10.07255,110342,True,58.04948,3
20260508-002650,1778256462,2026-05-08 16:07:42+00:00,1778256462000,56452,25.77429,44.23408,10.07266,86315,True,93.46945,3
20260508-002650,1778256474,2026-05-08 16:07:54+00:00,1778256474000,56464,25.85543,43.56865,10.07242,99406,True,94.61375,3
20260508-002650,1778256486,2026-05-08 16:08:06+00:00,1778256486000,56476,25.86558,43.46972,10.07218,105147,True,78.90587,3
20260508-002650,1778256498,2026-05-08 16:08:18+00:00,1778256498000,56488,25.87318,43.37151,10.07225,108064,True,67.6394,3
20260508-002650,1778256510,2026-05-08 16:08:30+00:00,1778256510000,56500,25.87825,43.3625,10.07228,109262,True,62.49021,3
20260508-002650,1778256522,2026-05-08 16:08:42+00:00,1778256522000,56512,25.88586,43.35628,10.07212,109692,True,59.60712,3
20260508-002650,1778256534,2026-05-08 16:08:54+00:00,1778256534000,56524,25.88079,43.4578,10.07192,109692,True,58.57782,3
20260508-002650,1778256546,2026-05-08 16:09:06+00:00,1778256546000,56536,25.88079,43.45139,10.07183,110561,True,57.37064,3
20260508-002650,1778256559,2026-05-08 16:09:19+00:00,1778256559000,56548,25.85797,43.56164,10.07181,104556,True,66.85753,3
20260508-002650,1778256571,2026-05-08 16:09:31+00:00,1778256571000,56560,25.87825,43.35845,10.07137,108344,True,65.08437,3
20260508-002650,1778256583,2026-05-08 16:09:43+00:00,1778256583000,56572,25.88079,43.32372,10.0713,110415,True,60.09674,3
20260508-002650,1778256595,2026-05-08 16:09:55+00:00,1778256595000,56584,25.88839,43.20423,10.07134,111221,True,56.71055,3
20260508-002650,1778256607,2026-05-08 16:10:07+00:00,1778256607000,56596,25.88586,43.26675,10.07109,111295,True,54.82732,3
20260508-002650,1778256619,2026-05-08 16:10:19+00:00,1778256619000,56608,25.88333,43.31503,10.07064,111815,True,54.27212,3
20260508-002650,1778256631,2026-05-08 16:10:31+00:00,1778256631000,56620,25.89093,43.37867,10.07091,111592,True,54.20968,3
20260508-002650,1778256643,2026-05-08 16:10:43+00:00,1778256643000,56632,25.89093,43.3619,10.07059,111815,True,54.24001,3
20260508-002650,1778256655,2026-05-08 16:10:55+00:00,1778256655000,56644,25.88839,43.27422,10.07032,111295,True,54.81968,3
20260508-002650,1778256667,2026-05-08 16:11:07+00:00,1778256667000,56656,25.88586,43.34807,10.07037,112040,True,54.14162,3
20260508-002650,1778256679,2026-05-08 16:11:19+00:00,1778256679000,56668,25.88586,43.32937,10.07051,111815,True,54.29355,3
20260508-002650,1778256691,2026-05-08 16:11:31+00:00,1778256691000,56680,25.89093,43.21441,10.07047,112491,True,53.0605,3
20260508-002650,1778256703,2026-05-08 16:11:43+00:00,1778256703000,56692,25.89347,43.21969,10.07046,111666,True,53.48114,3
20260508-002650,1778256715,2026-05-08 16:11:55+00:00,1778256715000,56704,25.89854,43.24781,10.07073,110927,True,53.81908,3
20260508-002650,1778256727,2026-05-08 16:12:07+00:00,1778256727000,56716,25.896,43.37475,10.07085,112115,True,53.51349,3
20260508-002650,1778256739,2026-05-08 16:12:19+00:00,1778256739000,56728,25.89093,43.38768,10.07082,112115,True,53.39035,3
20260508-002650,1778256751,2026-05-08 16:12:31+00:00,1778256751000,56740,25.89093,43.22276,10.07077,112115,True,53.02086,3
20260508-002650,1778256763,2026-05-08 16:12:43+00:00,1778256763000,56752,25.89093,43.10508,10.07089,112340,True,51.29132,3
20260508-002650,1778256775,2026-05-08 16:12:55+00:00,1778256775000,56764,25.89347,43.22032,10.07109,112946,True,51.67257,3
20260508-002650,1778256787,2026-05-08 16:13:07+00:00,1778256787000,56776,25.89093,43.29558,10.07113,112718,True,51.97264,3
20260508-002650,1778256799,2026-05-08 16:13:19+00:00,1778256799000,56788,25.88839,43.32989,10.07121,111147,True,53.60838,3
20260508-002650,1778256811,2026-05-08 16:13:31+00:00,1778256811000,56800,25.89093,43.33443,10.07131,112416,True,52.87363,3
20260508-002650,1778256823,2026-05-08 16:13:43+00:00,1778256823000,56812,25.89347,43.06705,10.07116,112040,True,52.97995,3
20260508-002650,1778256835,2026-05-08 16:13:55+00:00,1778256835000,56824,25.896,43.00156,10.0712,113099,True,51.53441,3
20260508-002650,1778256847,2026-05-08 16:14:07+00:00,1778256847000,56836,25.89093,43.0581,10.07122,113175,True,51.31007,3
20260508-002650,1778256859,2026-05-08 16:14:19+00:00,1778256859000,56848,25.89093,43.22479,10.07127,111965,True,52.00766,3
20260508-002650,1778256871,2026-05-08 16:14:31+00:00,1778256871000,56860,25.89093,43.31776,10.07133,112946,True,51.73114,3
20260508-002650,1778256883,2026-05-08 16:14:43+00:00,1778256883000,56872,25.89347,43.22026,10.07137,113099,True,51.38938,3
20260508-002650,1778256895,2026-05-08 16:14:55+00:00,1778256895000,56884,25.896,43.16085,10.0712,112416,True,51.6671,3
20260508-002650,1778256907,2026-05-08 16:15:07+00:00,1778256907000,56896,25.896,43.14266,10.07137,112491,True,51.47829,3
20260508-002650,1778256919,2026-05-08 16:15:19+00:00,1778256919000,56908,25.89347,43.11017,10.07117,113405,True,50.46959,3
20260508-002650,1778256931,2026-05-08 16:15:31+00:00,1778256931000,56920,25.89093,43.27609,10.07099,112491,True,51.09564,3
20260508-002650,1778256943,2026-05-08 16:15:43+00:00,1778256943000,56932,25.896,43.32273,10.0712,112491,True,52.18316,3
20260508-002650,1778256955,2026-05-08 16:15:55+00:00,1778256955000,56944,25.896,43.32204,10.07104,111965,True,52.66557,3
20260508-002650,1778256967,2026-05-08 16:16:07+00:00,1778256967000,56956,25.88586,43.30287,10.07072,112718,True,51.49261,3
20260508-002650,1778256979,2026-05-08 16:16:19+00:00,1778256979000,56968,25.88586,43.3364,10.07058,112946,True,50.72921,3
20260508-002650,1778256991,2026-05-08 16:16:31+00:00,1778256991000,56980,25.89347,43.36628,10.07053,111965,True,52.34665,3
20260508-002650,1778257001,2026-05-08 16:16:41+00:00,1778257001000,56990,25.94236,43.25987,10.07047,112642,True,52.0374,3
20260508-002650,1778257013,2026-05-08 16:16:53+00:00,1778257013000,57002,25.87065,43.40373,10.07047,104296,True,74.22826,3
20260508-002650,1778257025,2026-05-08 16:17:05+00:00,1778257025000,57014,25.88079,43.14713,10.07043,108907,True,65.92616,3
20260508-002650,1778257037,2026-05-08 16:17:17+00:00,1778257037000,57026,25.88586,43.03301,10.07051,111000,True,58.92616,3
20260508-002650,1778257049,2026-05-08 16:17:29+00:00,1778257049000,57038,25.88333,43.10878,10.07036,110853,True,57.02071,3
20260508-002650,1778257061,2026-05-08 16:17:41+00:00,1778257061000,57050,25.88586,43.2746,10.07056,111221,True,55.43923,3
20260508-002650,1778257073,2026-05-08 16:17:53+00:00,1778257073000,57062,25.88079,43.34476,10.07048,111965,True,53.6796,3
20260508-002650,1778257085,2026-05-08 16:18:05+00:00,1778257085000,57074,25.88079,43.33688,10.07034,112040,True,53.66842,3
20260508-002650,1778257097,2026-05-08 16:18:17+00:00,1778257097000,57086,25.88333,43.32825,10.07034,112115,True,53.81158,3
20260508-002650,1778257110,2026-05-08 16:18:30+00:00,1778257110000,57099,25.93822,43.19298,10.07059,111592,True,53.92999,3
20260508-002650,1778257120,2026-05-08 16:18:40+00:00,1778257120000,57110,25.77176,44.04329,10.07074,89069,True,86.4916,3
20260508-002650,1778257132,2026-05-08 16:18:52+00:00,1778257132000,57122,25.85797,43.47582,10.07074,101947,True,88.37886,3
20260508-002650,1778257144,2026-05-08 16:19:04+00:00,1778257144000,57134,25.86558,43.48522,10.07088,107647,True,73.40646,3
20260508-002650,1778257156,2026-05-08 16:19:16+00:00,1778257156000,57146,25.87065,43.40698,10.07086,109191,True,64.4119,3
20260508-002650,1778257168,2026-05-08 16:19:28+00:00,1778257168000,57158,25.87065,43.42754,10.07098,109405,True,61.09602,3
20260508-002650,1778257180,2026-05-08 16:19:40+00:00,1778257180000,57170,25.87825,43.30819,10.071,110561,True,58.29984,3
20260508-002650,1778257192,2026-05-08 16:19:52+00:00,1778257192000,57182,25.87825,43.27147,10.071,111666,True,56.00929,3
20260508-002650,1778257204,2026-05-08 16:20:04+00:00,1778257204000,57194,25.87318,43.29457,10.07111,111517,True,55.38458,3
20260508-002650,1778257216,2026-05-08 16:20:16+00:00,1778257216000,57206,25.87572,43.29369,10.07117,112340,True,53.86958,3
20260508-002650,1778257228,2026-05-08 16:20:28+00:00,1778257228000,57218,25.87825,43.31894,10.07144,112115,True,53.85873,3
20260508-002650,1778257240,2026-05-08 16:20:40+00:00,1778257240000,57230,25.88839,43.31666,10.07174,111517,True,53.86382,3
20260508-002650,1778257252,2026-05-08 16:20:52+00:00,1778257252000,57242,25.88079,43.33699,10.07144,111295,True,54.46648,3
20260508-002650,1778257264,2026-05-08 16:21:04+00:00,1778257264000,57254,25.88586,43.31249,10.07188,112340,True,52.93098,3
20260508-002650,1778257276,2026-05-08 16:21:16+00:00,1778257276000,57266,25.88079,43.38123,10.07192,112115,True,53.28234,3
20260508-002650,1778257288,2026-05-08 16:21:28+00:00,1778257288000,57278,25.88586,43.41387,10.07186,111369,True,54.29186,3
20260508-002650,1778257300,2026-05-08 16:21:40+00:00,1778257300000,57290,25.88333,43.41863,10.07199,112190,True,53.16048,3
20260508-002650,1778257312,2026-05-08 16:21:52+00:00,1778257312000,57302,25.88333,43.4235,10.0718,111741,True,53.27264,3
20260508-002650,1778257324,2026-05-08 16:22:04+00:00,1778257324000,57314,25.88586,43.2788,10.07198,112794,True,52.09617,3
20260508-002650,1778257336,2026-05-08 16:22:16+00:00,1778257336000,57326,25.88333,43.2303,10.07198,112794,True,51.61039,3
20260508-002650,1778257348,2026-05-08 16:22:28+00:00,1778257348000,57338,25.89093,43.24301,10.07199,112491,True,51.78819,3
20260508-002650,1778257360,2026-05-08 16:22:40+00:00,1778257360000,57350,25.88839,43.18065,10.07201,112190,True,52.27335,3
20260508-002650,1778257372,2026-05-08 16:22:52+00:00,1778257372000,57362,25.88839,43.26435,10.07206,112491,True,51.9083,3
20260508-002650,1778257385,2026-05-08 16:23:05+00:00,1778257385000,57374,25.78951,43.99392,10.07173,96653,True,66.28737,3
20260508-002650,1778257397,2026-05-08 16:23:17+00:00,1778257397000,57386,25.87318,43.45769,10.07197,106214,True,71.25877,3
20260508-002650,1778257409,2026-05-08 16:23:29+00:00,1778257409000,57398,25.87572,43.29798,10.07196,109764,True,63.24701,3
20260508-002650,1778257421,2026-05-08 16:23:41+00:00,1778257421000,57410,25.87825,43.36581,10.07195,111295,True,57.82377,3
20260508-002650,1778257433,2026-05-08 16:23:53+00:00,1778257433000,57422,25.88079,43.40828,10.0718,111369,True,55.97863,3
20260508-002650,1778257445,2026-05-08 16:24:05+00:00,1778257445000,57434,25.87825,43.39571,10.07172,110927,True,55.26122,3
20260508-002650,1778257457,2026-05-08 16:24:17+00:00,1778257457000,57446,25.87572,43.42395,10.07161,111295,True,54.70345,3
20260508-002650,1778257469,2026-05-08 16:24:29+00:00,1778257469000,57458,25.88333,43.39097,10.07178,112416,True,53.83493,3
20260508-002650,1778257481,2026-05-08 16:24:41+00:00,1778257481000,57470,25.88586,43.42874,10.07189,111295,True,53.23374,3
20260508-002650,1778257492,2026-05-08 16:24:52+00:00,1778257492000,57481,25.80219,43.94552,10.07163,99940,True,63.14407,3
20260508-002650,1778257504,2026-05-08 16:25:04+00:00,1778257504000,57493,25.87825,43.4259,10.07179,107717,True,66.71519,3
20260508-002650,1778257516,2026-05-08 16:25:16+00:00,1778257516000,57505,25.88079,43.30705,10.07197,110052,True,60.65287,3
20260508-002650,1778257528,2026-05-08 16:25:28+00:00,1778257528000,57517,25.88333,43.20499,10.07177,110634,True,57.65213,3
20260508-002650,1778257540,2026-05-08 16:25:40+00:00,1778257540000,57529,25.88079,43.18977,10.07201,111369,True,55.4182,3
20260508-002650,1778257552,2026-05-08 16:25:52+00:00,1778257552000,57541,25.87318,43.16795,10.07171,112491,True,53.00142,3
20260508-002650,1778257564,2026-05-08 16:26:04+00:00,1778257564000,57553,25.87572,43.19242,10.07176,111815,True,52.64649,3
20260508-002650,1778257576,2026-05-08 16:26:16+00:00,1778257576000,57565,25.88586,43.27162,10.072,112040,True,52.55246,3
20260508-002650,1778257588,2026-05-08 16:26:28+00:00,1778257588000,57577,25.88839,43.18835,10.0722,113405,True,51.95626,3
20260508-002650,1778257600,2026-05-08 16:26:40+00:00,1778257600000,57589,25.88586,43.26855,10.07224,112040,True,52.45808,3
20260508-002650,1778257612,2026-05-08 16:26:52+00:00,1778257612000,57601,25.88079,43.29414,10.07208,112870,True,51.92445,3
20260508-002650,1778257624,2026-05-08 16:27:04+00:00,1778257624000,57613,25.88333,43.13592,10.07194,112340,True,51.99238,3
20260508-002650,1778257636,2026-05-08 16:27:16+00:00,1778257636000,57625,25.88079,43.23926,10.07215,112491,True,51.85863,3
20260508-002650,1778257648,2026-05-08 16:27:28+00:00,1778257648000,57637,25.88079,43.32541,10.07204,112340,True,51.4607,3
20260508-002650,1778257660,2026-05-08 16:27:40+00:00,1778257660000,57649,25.88333,43.33378,10.07214,112340,True,51.28401,3
20260508-002650,1778257672,2026-05-08 16:27:52+00:00,1778257672000,57661,25.88586,43.31807,10.0723,112491,True,51.65339,3
20260508-002650,1778257684,2026-05-08 16:28:04+00:00,1778257684000,57673,25.87825,43.32823,10.07198,112870,True,51.38478,3
20260508-002650,1778257696,2026-05-08 16:28:16+00:00,1778257696000,57685,25.88333,43.29236,10.07208,111890,True,52.2747,3
20260508-002650,1778257708,2026-05-08 16:28:28+00:00,1778257708000,57697,25.88079,43.35051,10.07187,113175,True,51.20359,3
20260508-002650,1778257720,2026-05-08 16:28:40+00:00,1778257720000,57709,25.87572,43.31885,10.07196,113252,True,50.40442,3
20260508-002650,1778257732,2026-05-08 16:28:52+00:00,1778257732000,57721,25.88839,43.12323,10.07199,113252,True,50.0,2
20260508-002650,1778257744,2026-05-08 16:29:04+00:00,1778257744000,57733,25.88079,43.29464,10.07195,112642,True,51.14288,2
20260508-002650,1778257756,2026-05-08 16:29:16+00:00,1778257756000,57745,25.88079,43.37308,10.07195,112870,True,51.14664,2
20260508-002650,1778257768,2026-05-08 16:29:28+00:00,1778257768000,57757,25.88586,43.4113,10.07205,112946,True,51.48619,2
20260508-002650,1778257780,2026-05-08 16:29:40+00:00,1778257780000,57769,25.88333,43.35791,10.07193,112040,True,51.6049,2
20260508-002650,1778257792,2026-05-08 16:29:52+00:00,1778257792000,57781,25.88586,43.26499,10.07207,112567,True,51.55241,3
20260508-002650,1778257804,2026-05-08 16:30:04+00:00,1778257804000,57793,25.87572,43.26433,10.07192,112040,True,51.41806,3
20260508-002650,1778257816,2026-05-08 16:30:16+00:00,1778257816000,57805,25.88586,43.30731,10.07191,112416,True,51.78797,3
20260508-002650,1778257828,2026-05-08 16:30:28+00:00,1778257828000,57817,25.87825,43.23703,10.0717,112870,True,50.79389,3
20260508-002650,1778257840,2026-05-08 16:30:40+00:00,1778257840000,57829,25.87825,43.23045,10.07193,112946,True,50.74389,3
20260508-002650,1778257852,2026-05-08 16:30:52+00:00,1778257852000,57841,25.88079,43.1894,10.07188,112642,True,50.63097,3
20260508-002650,1778257864,2026-05-08 16:31:04+00:00,1778257864000,57853,25.88079,43.21095,10.0719,112946,True,50.24471,2
20260508-002650,1778257876,2026-05-08 16:31:16+00:00,1778257876000,57865,25.87825,43.22218,10.07203,113022,True,50.8728,2
20260508-002650,1778257888,2026-05-08 16:31:28+00:00,1778257888000,57877,25.87825,43.19213,10.07202,113252,True,50.37748,2
20260508-002650,1778257900,2026-05-08 16:31:40+00:00,1778257900000,57889,25.88079,43.2824,10.07202,112794,True,50.61513,2
20260508-002650,1778257912,2026-05-08 16:31:52+00:00,1778257912000,57901,25.88079,43.34584,10.07206,112265,True,51.77223,2
20260508-002650,1778257924,2026-05-08 16:32:04+00:00,1778257924000,57913,25.87825,43.37857,10.07205,112491,True,51.43745,3
20260508-002650,1778257936,2026-05-08 16:32:16+00:00,1778257936000,57925,25.87572,43.39012,10.07192,112794,True,51.76256,3
20260508-002650,1778257948,2026-05-08 16:32:28+00:00,1778257948000,57937,25.87825,43.38203,10.07219,111965,True,51.93069,3
20260508-002650,1778257961,2026-05-08 16:32:41+00:00,1778257961000,57951,25.93377,43.22703,10.07218,112642,True,51.76779,3
20260508-002650,1778257973,2026-05-08 16:32:53+00:00,1778257973000,57963,25.85543,43.55913,10.07249,100842,True,83.99278,3
20260508-002650,1778257985,2026-05-08 16:33:05+00:00,1778257985000,57975,25.86811,43.39062,10.07254,106214,True,73.40321,3
20260508-002650,1778257997,2026-05-08 16:33:17+00:00,1778257997000,57987,25.87065,43.14092,10.07247,110415,True,62.41348,3
20260508-002650,1778258009,2026-05-08 16:33:29+00:00,1778258009000,57999,25.86811,43.07564,10.0725,111147,True,57.86417,3
20260508-002650,1778258021,2026-05-08 16:33:41+00:00,1778258021000,58011,25.87318,42.95676,10.07253,111890,True,55.39042,3
20260508-002650,1778258033,2026-05-08 16:33:53+00:00,1778258033000,58023,25.87318,43.00399,10.07252,111965,True,53.99503,3
20260508-002650,1778258045,2026-05-08 16:34:05+00:00,1778258045000,58035,25.87318,43.18447,10.07241,111666,True,53.75071,3
20260508-002650,1778258057,2026-05-08 16:34:17+00:00,1778258057000,58047,25.87572,43.29457,10.07241,112718,True,52.81006,3
20260508-002650,1778258069,2026-05-08 16:34:29+00:00,1778258069000,58059,25.87065,43.28626,10.0724,112416,True,53.01894,3
20260508-002650,1778258081,2026-05-08 16:34:41+00:00,1778258081000,58071,25.87065,43.33443,10.07242,111741,True,53.46003,3
20260508-002650,1778258093,2026-05-08 16:34:53+00:00,1778258093000,58083,25.87318,43.3785,10.07246,112040,True,53.45755,3
20260508-002650,1778258105,2026-05-08 16:35:05+00:00,1778258105000,58095,25.87065,43.36402,10.07207,112265,True,53.1414,3
20260508-002650,1778258117,2026-05-08 16:35:17+00:00,1778258117000,58107,25.87318,43.43008,10.07223,112040,True,52.83009,3
20260508-002650,1778258129,2026-05-08 16:35:29+00:00,1778258129000,58119,25.87825,43.45908,10.07247,111890,True,52.82851,3
20260508-002650,1778258141,2026-05-08 16:35:41+00:00,1778258141000,58131,25.87572,43.46983,10.07238,111592,True,53.03001,3
20260508-002650,1778258153,2026-05-08 16:35:53+00:00,1778258153000,58143,25.87065,43.38014,10.07247,112491,True,52.02347,3
20260508-002650,1778258165,2026-05-08 16:36:05+00:00,1778258165000,58155,25.87318,43.37783,10.07236,112567,True,52.22097,3
20260508-002650,1778258177,2026-05-08 16:36:17+00:00,1778258177000,58167,25.87572,43.32085,10.07234,111965,True,52.40504,3
20260508-002650,1778258189,2026-05-08 16:36:29+00:00,1778258189000,58179,25.87065,43.16802,10.0723,112040,True,52.11507,3
20260508-002650,1778258201,2026-05-08 16:36:41+00:00,1778258201000,58191,25.87065,43.33889,10.07244,112115,True,52.65925,3
20260508-002650,1778258213,2026-05-08 16:36:53+00:00,1778258213000,58203,25.86811,43.31763,10.07243,112718,True,51.71048,3
20260508-002650,1778258225,2026-05-08 16:37:05+00:00,1778258225000,58215,25.87318,43.24266,10.07252,112340,True,51.61698,3
20260508-002650,1778258237,2026-05-08 16:37:17+00:00,1778258237000,58227,25.87572,43.27572,10.07275,113175,True,50.62241,3
20260508-002650,1778258249,2026-05-08 16:37:29+00:00,1778258249000,58239,25.88079,43.255,10.07278,112946,True,50.93999,3
20260508-002650,1778258261,2026-05-08 16:37:41+00:00,1778258261000,58251,25.87825,43.12017,10.07288,112642,True,50.90426,3
20260508-002650,1778258273,2026-05-08 16:37:53+00:00,1778258273000,58263,25.87572,43.09615,10.07287,112642,True,51.15911,3
20260508-002650,1778258285,2026-05-08 16:38:05+00:00,1778258285000,58275,25.87065,43.10661,10.07277,113328,True,51.20964,3
20260508-002650,1778258297,2026-05-08 16:38:17+00:00,1778258297000,58287,25.87065,43.01097,10.07291,113405,True,50.49577,3
20260508-002650,1778258309,2026-05-08 16:38:29+00:00,1778258309000,58299,25.87572,43.00152,10.07298,113868,True,50.0,2
20260508-002650,1778258321,2026-05-08 16:38:41+00:00,1778258321000,58311,25.87825,43.08964,10.07314,113559,True,50.37693,2
20260508-002650,1778258333,2026-05-08 16:38:53+00:00,1778258333000,58323,25.88586,43.16493,10.07307,113559,True,50.53422,2
20260508-002650,1778258345,2026-05-08 16:39:05+00:00,1778258345000,58335,25.88079,43.19653,10.07315,112718,True,51.34626,2
20260508-002650,1778258357,2026-05-08 16:39:17+00:00,1778258357000,58347,25.79204,43.75494,10.073,98587,True,63.78403,2
20260508-002650,1778258369,2026-05-08 16:39:29+00:00,1778258369000,58359,25.86304,43.20474,10.07295,107303,True,69.03954,2
20260508-002650,1778258381,2026-05-08 16:39:41+00:00,1778258381000,58371,25.86304,43.09536,10.07307,110197,True,61.9014,3
20260508-002650,1778258393,2026-05-08 16:39:53+00:00,1778258393000,58383,25.86558,43.12196,10.07297,111890,True,56.46305,3
20260508-002650,1778258405,2026-05-08 16:40:05+00:00,1778258405000,58395,25.87065,43.22203,10.07318,112642,True,54.6148,3
20260508-002650,1778258417,2026-05-08 16:40:17+00:00,1778258417000,58407,25.87572,43.24077,10.0731,112040,True,53.76561,3
20260508-002650,1778258429,2026-05-08 16:40:29+00:00,1778258429000,58419,25.87065,43.05396,10.073,112718,True,52.59122,3
20260508-002650,1778258441,2026-05-08 16:40:41+00:00,1778258441000,58431,25.87318,43.12138,10.07301,113405,True,51.08123,3
20260508-002650,1778258453,2026-05-08 16:40:53+00:00,1778258453000,58443,25.87065,43.19163,10.07282,112870,True,52.08865,3
20260508-002650,1778258465,2026-05-08 16:41:05+00:00,1778258465000,58455,25.87572,43.20287,10.07287,113099,True,52.14791,3
20260508-002650,1778258477,2026-05-08 16:41:17+00:00,1778258477000,58467,25.87825,43.21282,10.07295,112718,True,52.12119,3
20260508-002650,1778258489,2026-05-08 16:41:29+00:00,1778258489000,58479,25.86811,43.2673,10.0728,113175,True,51.91257,3
20260508-002650,1778258501,2026-05-08 16:41:41+00:00,1778258501000,58491,25.87318,43.24293,10.07299,112340,True,51.99853,3
20260508-002650,1778258513,2026-05-08 16:41:53+00:00,1778258513000,58503,25.87065,43.14877,10.07272,112491,True,51.82444,3
20260508-002650,1778258525,2026-05-08 16:42:05+00:00,1778258525000,58515,25.87065,43.14714,10.07279,113636,True,50.77867,3
20260508-002650,1778258537,2026-05-08 16:42:17+00:00,1778258537000,58527,25.87572,43.12991,10.07291,112946,True,51.34588,3
20260508-002650,1778258549,2026-05-08 16:42:29+00:00,1778258549000,58539,25.86811,43.16556,10.07275,113252,True,51.04401,3
20260508-002650,1778258561,2026-05-08 16:42:41+00:00,1778258561000,58551,25.87065,43.23349,10.07272,112416,True,52.16484,3
20260508-002650,1778258573,2026-05-08 16:42:53+00:00,1778258573000,58563,25.87318,43.27851,10.07276,112567,True,51.70302,3
20260508-002650,1778258585,2026-05-08 16:43:05+00:00,1778258585000,58575,25.87065,43.35509,10.07293,113252,True,50.98309,3
20260508-002650,1778258597,2026-05-08 16:43:17+00:00,1778258597000,58587,25.87572,43.28519,10.07306,113252,True,51.72824,3
20260508-002650,1778258609,2026-05-08 16:43:29+00:00,1778258609000,58599,25.87065,43.26133,10.073,112946,True,51.77139,3
20260508-002650,1778258621,2026-05-08 16:43:41+00:00,1778258621000,58611,25.87572,43.29138,10.07298,113175,True,51.18714,3
20260508-002650,1778258633,2026-05-08 16:43:53+00:00,1778258633000,58623,25.87825,43.36448,10.07307,112340,True,52.20396,3
20260508-002650,1778258645,2026-05-08 16:44:05+00:00,1778258645000,58635,25.87572,43.42763,10.07312,112265,True,52.28482,3
20260508-002650,1778258657,2026-05-08 16:44:17+00:00,1778258657000,58647,25.87065,43.44685,10.07293,112718,True,52.22604,3
20260508-002650,1778258669,2026-05-08 16:44:29+00:00,1778258669000,58659,25.86558,43.43026,10.07309,112642,True,51.99321,3
20260508-002650,1778258681,2026-05-08 16:44:41+00:00,1778258681000,58671,25.87065,43.31679,10.07321,112642,True,51.7557,3
20260508-002650,1778258693,2026-05-08 16:44:53+00:00,1778258693000,58683,25.87318,43.22093,10.07299,113328,True,51.42398,3
20260508-002650,1778258705,2026-05-08 16:45:05+00:00,1778258705000,58695,25.87318,43.09831,10.07299,113636,True,50.87248,3
20260508-002650,1778258717,2026-05-08 16:45:17+00:00,1778258717000,58707,25.87318,42.99444,10.07306,112870,True,51.04937,3
20260508-002650,1778258729,2026-05-08 16:45:29+00:00,1778258729000,58719,25.87065,43.04661,10.07339,113022,True,51.08786,3
20260508-002650,1778258741,2026-05-08 16:45:41+00:00,1778258741000,58731,25.86811,43.09665,10.07322,113945,True,49.80164,2
20260508-002650,1778258753,2026-05-08 16:45:53+00:00,1778258753000,58743,25.86811,43.18384,10.07356,112718,True,51.30391,2
20260508-002650,1778258765,2026-05-08 16:46:05+00:00,1778258765000,58755,25.86558,43.23784,10.07327,112870,True,51.54445,2
20260508-002650,1778258777,2026-05-08 16:46:17+00:00,1778258777000,58767,25.86811,43.2502,10.07345,112567,True,51.98614,2
20260508-002650,1778258790,2026-05-08 16:46:30+00:00,1778258790000,58779,25.84529,43.61033,10.07358,105744,True,62.91835,2
20260508-002650,1778258802,2026-05-08 16:46:42+00:00,1778258802000,58791,25.86558,43.43476,10.07374,110197,True,61.72779,2
20260508-002650,1778258814,2026-05-08 16:46:54+00:00,1778258814000,58803,25.86558,43.41231,10.07373,111666,True,57.46365,3
20260508-002650,1778258826,2026-05-08 16:47:06+00:00,1778258826000,58815,25.86304,43.3917,10.07388,111369,True,55.61166,3
20260508-002650,1778258838,2026-05-08 16:47:18+00:00,1778258838000,58827,25.86811,43.39516,10.07366,112794,True,52.96182,3
20260508-002650,1778258850,2026-05-08 16:47:30+00:00,1778258850000,58839,25.86304,43.36175,10.07381,111965,True,52.89712,3
20260508-002650,1778258862,2026-05-08 16:47:42+00:00,1778258862000,58851,25.87065,43.3161,10.07391,113175,True,52.21537,3
20260508-002650,1778258874,2026-05-08 16:47:54+00:00,1778258874000,58863,25.87065,43.25017,10.07407,112265,True,52.98914,3
20260508-002650,1778258886,2026-05-08 16:48:06+00:00,1778258886000,58875,25.86558,43.1993,10.07369,113252,True,51.59512,3
20260508-002650,1778258898,2026-05-08 16:48:18+00:00,1778258898000,58887,25.86558,43.22331,10.0739,112567,True,51.34141,3
20260508-002650,1778258910,2026-05-08 16:48:30+00:00,1778258910000,58899,25.86811,43.293,10.07391,112265,True,52.01521,3
20260508-002650,1778258922,2026-05-08 16:48:42+00:00,1778258922000,58911,25.87318,43.29406,10.07399,112870,True,51.47375,3
20260508-002650,1778258934,2026-05-08 16:48:54+00:00,1778258934000,58923,25.87572,43.32172,10.07421,112416,True,52.44711,3
20260508-002650,1778258946,2026-05-08 16:49:06+00:00,1778258946000,58935,25.86558,43.33751,10.07415,112340,True,52.15435,3
20260508-002650,1778258958,2026-05-08 16:49:18+00:00,1778258958000,58947,25.86811,43.29505,10.0742,112870,True,52.10171,3
20260508-002650,1778258970,2026-05-08 16:49:30+00:00,1778258970000,58959,25.86811,43.23397,10.07412,112416,True,52.10266,3
20260508-002650,1778258982,2026-05-08 16:49:42+00:00,1778258982000,58971,25.86811,43.31664,10.0742,111890,True,52.83241,3
20260508-002650,1778258994,2026-05-08 16:49:54+00:00,1778258994000,58983,25.87318,43.35713,10.07423,112946,True,51.50677,3
20260508-002650,1778259006,2026-05-08 16:50:06+00:00,1778259006000,58995,25.86558,43.39467,10.07434,112718,True,52.29986,3
20260508-002650,1778259018,2026-05-08 16:50:18+00:00,1778259018000,59007,25.86304,43.39717,10.0743,112491,True,52.16079,3
20260508-002650,1778259030,2026-05-08 16:50:30+00:00,1778259030000,59019,25.86304,43.39521,10.07453,112870,True,51.73324,3
20260508-002650,1778259042,2026-05-08 16:50:42+00:00,1778259042000,59031,25.86811,43.37017,10.07463,112567,True,51.55894,3
20260508-002650,1778259054,2026-05-08 16:50:54+00:00,1778259054000,59043,25.86558,43.40324,10.07452,113175,True,51.80892,3
20260508-002650,1778259066,2026-05-08 16:51:06+00:00,1778259066000,59055,25.86304,43.45626,10.07446,112265,True,51.94036,3
20260508-002650,1778259078,2026-05-08 16:51:18+00:00,1778259078000,59067,25.86304,43.44785,10.07458,112190,True,52.2163,3
20260508-002650,1778259089,2026-05-08 16:51:29+00:00,1778259089000,59079,25.77429,43.9357,10.0746,98820,True,64.50256,3
20260508-002650,1778259101,2026-05-08 16:51:41+00:00,1778259101000,59091,25.85543,43.26289,10.07469,108134,True,68.04999,3
20260508-002650,1778259113,2026-05-08 16:51:53+00:00,1778259113000,59103,25.85797,43.30704,10.07476,109980,True,62.01044,3
20260508-002650,1778259126,2026-05-08 16:52:06+00:00,1778259126000,59115,25.82754,43.46994,10.07459,104426,True,69.51855,3
20260508-002650,1778259138,2026-05-08 16:52:18+00:00,1778259138000,59127,25.85797,43.27963,10.0745,109049,True,65.27836,3
20260508-002650,1778259150,2026-05-08 16:52:30+00:00,1778259150000,59139,25.85797,43.28488,10.07432,111074,True,59.19035,3
20260508-002650,1778259162,2026-05-08 16:52:42+00:00,1778259162000,59151,25.85797,43.3298,10.07434,112040,True,55.37332,3
20260508-002650,1778259174,2026-05-08 16:52:54+00:00,1778259174000,59163,25.8605,43.338,10.07445,111295,True,55.3439,3
20260508-002650,1778259186,2026-05-08 16:53:06+00:00,1778259186000,59175,25.8605,43.2956,10.07433,112642,True,53.48336,3
20260508-002650,1778259198,2026-05-08 16:53:18+00:00,1778259198000,59187,25.8605,43.26033,10.07435,112040,True,52.65641,3
20260508-002650,1778259210,2026-05-08 16:53:30+00:00,1778259210000,59199,25.86558,43.25032,10.07457,112040,True,53.20291,3
20260508-002650,1778259222,2026-05-08 16:53:42+00:00,1778259222000,59211,25.86558,43.14977,10.07443,113022,True,52.13147,3
20260508-002650,1778259234,2026-05-08 16:53:54+00:00,1778259234000,59223,25.86811,43.21678,10.07434,112115,True,52.48687,3
20260508-002650,1778259246,2026-05-08 16:54:06+00:00,1778259246000,59235,25.86558,43.31934,10.07439,112040,True,52.98677,3
20260508-002650,1778259258,2026-05-08 16:54:18+00:00,1778259258000,59247,25.85797,43.31077,10.07436,112190,True,53.38886,3
20260508-002650,1778259270,2026-05-08 16:54:30+00:00,1778259270000,59259,25.8605,43.28678,10.07415,113022,True,51.95895,3
20260508-002650,1778259282,2026-05-08 16:54:42+00:00,1778259282000,59271,25.86558,43.16176,10.07427,112416,True,52.29493,3
20260508-002650,1778259294,2026-05-08 16:54:54+00:00,1778259294000,59283,25.85543,43.15997,10.07409,113482,True,51.00166,3
20260508-002650,1778259306,2026-05-08 16:55:06+00:00,1778259306000,59295,25.87065,43.22888,10.0743,112718,True,51.7196,3
20260508-002650,1778259318,2026-05-08 16:55:18+00:00,1778259318000,59307,25.85797,43.25763,10.07402,113022,True,51.60888,3
20260508-002650,1778259330,2026-05-08 16:55:30+00:00,1778259330000,59319,25.86304,43.28683,10.07423,113713,True,50.9117,3
20260508-002650,1778259342,2026-05-08 16:55:42+00:00,1778259342000,59331,25.85797,43.29855,10.07427,111890,True,52.82919,3
20260508-002650,1778259354,2026-05-08 16:55:54+00:00,1778259354000,59343,25.86558,43.21951,10.07413,112491,True,52.35863,3
20260508-002650,1778259366,2026-05-08 16:56:06+00:00,1778259366000,59355,25.86811,43.07731,10.07434,113252,True,51.45253,3
20260508-002650,1778259378,2026-05-08 16:56:18+00:00,1778259378000,59367,25.91671,42.94043,10.07416,112718,True,51.63108,3
20260508-002650,1778259390,2026-05-08 16:56:30+00:00,1778259390000,59379,25.84275,43.26487,10.07436,104101,True,77.79581,3
20260508-002650,1778259402,2026-05-08 16:56:42+00:00,1778259402000,59391,25.8529,43.12772,10.07417,109262,True,68.40508,3
20260508-002650,1778259414,2026-05-08 16:56:54+00:00,1778259414000,59403,25.85543,43.10072,10.07425,110488,True,61.3249,3
20260508-002650,1778259426,2026-05-08 16:57:06+00:00,1778259426000,59415,25.8605,43.13224,10.07421,111741,True,56.93539,3
20260508-002650,1778259438,2026-05-08 16:57:18+00:00,1778259438000,59427,25.85797,43.11195,10.07385,111815,True,54.9449,3
20260508-002650,1778259450,2026-05-08 16:57:30+00:00,1778259450000,59439,25.86304,43.05753,10.07412,112870,True,52.77718,3
20260508-002650,1778259461,2026-05-08 16:57:41+00:00,1778259461000,59450,25.77429,43.54996,10.07388,99821,True,64.23416,3
20260508-002650,1778259473,2026-05-08 16:57:53+00:00,1778259473000,59462,25.84529,43.05163,10.07403,108064,True,67.91169,3
20260508-002650,1778259485,2026-05-08 16:58:05+00:00,1778259485000,59474,25.85036,43.034,10.07392,111074,True,60.99343,3
20260508-002650,1778259497,2026-05-08 16:58:17+00:00,1778259497000,59486,25.85543,43.20639,10.074,111666,True,57.15203,3
20260508-002650,1778259509,2026-05-08 16:58:29+00:00,1778259509000,59498,25.85797,42.85614,10.0738,112340,True,54.41572,3
20260508-002650,1778259521,2026-05-08 16:58:41+00:00,1778259521000,59510,25.86304,42.90426,10.07395,112718,True,52.87451,3
20260508-002650,1778259533,2026-05-08 16:58:53+00:00,1778259533000,59522,25.8605,43.13771,10.07384,112340,True,53.59345,3
20260508-002650,1778259545,2026-05-08 16:59:05+00:00,1778259545000,59534,25.8605,43.22197,10.07401,112870,True,52.57889,3
20260508-002650,1778259557,2026-05-08 16:59:17+00:00,1778259557000,59546,25.86558,43.23313,10.07408,112416,True,52.89631,3
20260508-002650,1778259569,2026-05-08 16:59:29+00:00,1778259569000,59558,25.85797,43.25875,10.07402,112567,True,52.57325,3
20260508-002650,1778259581,2026-05-08 16:59:41+00:00,1778259581000,59570,25.8605,43.24828,10.07417,112491,True,53.24223,3
20260508-002650,1778259593,2026-05-08 16:59:53+00:00,1778259593000,59582,25.86304,43.03279,10.074,112567,True,52.83783,3
20260508-002650,1778259605,2026-05-08 17:00:05+00:00,1778259605000,59594,25.86304,43.11248,10.07411,112340,True,52.74957,3
20260508-002650,1778259617,2026-05-08 17:00:17+00:00,1778259617000,59606,25.86558,43.20788,10.07423,112040,True,52.86225,3
20260508-002650,1778259629,2026-05-08 17:00:29+00:00,1778259629000,59618,25.86304,43.1435,10.07442,112416,True,53.02796,3
20260508-002650,1778259641,2026-05-08 17:00:41+00:00,1778259641000,59630,25.86558,43.24058,10.07444,112491,True,51.98991,3
20260508-002650,1778259653,2026-05-08 17:00:53+00:00,1778259653000,59642,25.86304,43.26575,10.07456,111890,True,53.04644,3
20260508-002650,1778259665,2026-05-08 17:01:05+00:00,1778259665000,59654,25.8605,43.25304,10.07456,112794,True,52.55799,3
20260508-002650,1778259677,2026-05-08 17:01:17+00:00,1778259677000,59666,25.85797,43.2109,10.07444,113099,True,52.02872,3
20260508-002650,1778259689,2026-05-08 17:01:29+00:00,1778259689000,59678,25.8605,43.12851,10.07435,113252,True,51.46629,3
20260508-002650,1778259701,2026-05-08 17:01:41+00:00,1778259701000,59690,25.86304,43.14467,10.07484,112416,True,52.20974,3
20260508-002650,1778259713,2026-05-08 17:01:53+00:00,1778259713000,59702,25.8605,43.19662,10.07471,112642,True,52.35183,3
20260508-002650,1778259725,2026-05-08 17:02:05+00:00,1778259725000,59714,25.8605,43.19697,10.0747,112190,True,52.59306,3
20260508-002650,1778259738,2026-05-08 17:02:18+00:00,1778259738000,59727,25.83008,43.36922,10.07479,106079,True,64.02851,3
20260508-002650,1778259750,2026-05-08 17:02:30+00:00,1778259750000,59739,25.85543,43.01853,10.07502,110124,True,61.61461,3
20260508-002650,1778259762,2026-05-08 17:02:42+00:00,1778259762000,59751,25.85543,43.02706,10.07476,111443,True,57.49871,3
20260508-002650,1778259774,2026-05-08 17:02:54+00:00,1778259774000,59763,25.85543,43.11372,10.07481,112265,True,54.71807,3
20260508-002650,1778259786,2026-05-08 17:03:06+00:00,1778259786000,59775,25.8605,43.21938,10.07491,112265,True,53.75673,3
20260508-002650,1778259798,2026-05-08 17:03:18+00:00,1778259798000,59787,25.85797,43.18949,10.07474,112340,True,53.05628,3
20260508-002650,1778259810,2026-05-08 17:03:30+00:00,1778259810000,59799,25.86811,42.99054,10.07503,113328,True,51.93414,3
20260508-002650,1778259822,2026-05-08 17:03:42+00:00,1778259822000,59811,25.86304,42.90819,10.07495,113559,True,50.44193,3
20260508-002650,1778259837,2026-05-08 17:03:57+00:00,1778259837000,59827,25.91478,42.75016,10.07483,113868,True,50.10857,3
20260508-002650,1778259849,2026-05-08 17:04:09+00:00,1778259849000,59839,25.83008,43.05399,10.07498,100600,True,86.06857,3
20260508-002650,1778259861,2026-05-08 17:04:21+00:00,1778259861000,59851,25.84783,42.98372,10.07497,107165,True,74.91329,3
20260508-002650,1778259873,2026-05-08 17:04:33+00:00,1778259873000,59863,25.84783,43.1597,10.07498,109262,True,65.15714,3
20260508-002650,1778259885,2026-05-08 17:04:45+00:00,1778259885000,59875,25.85036,43.21211,10.07497,110927,True,60.44081,3
20260508-002650,1778259897,2026-05-08 17:04:57+00:00,1778259897000,59887,25.85036,43.27113,10.07501,111369,True,57.69651,3
20260508-002650,1778259909,2026-05-08 17:05:09+00:00,1778259909000,59899,25.8529,43.27664,10.07521,111147,True,56.49836,3
20260508-002650,1778259921,2026-05-08 17:05:21+00:00,1778259921000,59911,25.85543,43.26043,10.07523,111741,True,54.89896,3
20260508-002650,1778259933,2026-05-08 17:05:33+00:00,1778259933000,59923,25.84783,43.32587,10.07479,112340,True,54.71069,3
20260508-002650,1778259943,2026-05-08 17:05:43+00:00,1778259943000,59933,25.7819,43.7912,10.0751,101208,True,63.80258,3
20260508-002650,1778259955,2026-05-08 17:05:55+00:00,1778259955000,59945,25.85036,43.4485,10.07525,108274,True,66.69659,3
20260508-002650,1778259967,2026-05-08 17:06:07+00:00,1778259967000,59957,25.84529,43.43573,10.07484,110052,True,61.33118,3
20260508-002650,1778259979,2026-05-08 17:06:19+00:00,1778259979000,59969,25.85797,43.35566,10.07522,111000,True,57.88554,3
20260508-002650,1778259991,2026-05-08 17:06:31+00:00,1778259991000,59981,25.85543,43.31758,10.07516,111295,True,55.79654,3
20260508-002650,1778260003,2026-05-08 17:06:43+00:00,1778260003000,59993,25.85543,43.30861,10.07509,111592,True,55.34454,3
20260508-002650,1778260015,2026-05-08 17:06:55+00:00,1778260015000,60005,25.8529,43.25459,10.07515,111666,True,53.84769,3
20260508-002650,1778260027,2026-05-08 17:07:07+00:00,1778260027000,60017,25.8529,43.18013,10.07493,113328,True,52.21786,3
20260508-002650,1778260039,2026-05-08 17:07:19+00:00,1778260039000,60029,25.85797,43.19885,10.07515,112567,True,52.95342,3
20260508-002650,1778260052,2026-05-08 17:07:32+00:00,1778260052000,60041,25.76922,43.88402,10.07486,98010,True,66.23003,3
20260508-002650,1778260064,2026-05-08 17:07:44+00:00,1778260064000,60053,25.84022,43.4324,10.0749,106755,True,72.18283,3
20260508-002650,1778260076,2026-05-08 17:07:56+00:00,1778260076000,60065,25.84022,43.30422,10.0749,109049,True,64.62183,3
20260508-002650,1778260088,2026-05-08 17:08:08+00:00,1778260088000,60077,25.8529,43.18305,10.07501,110707,True,59.78975,3
20260508-002650,1778260100,2026-05-08 17:08:20+00:00,1778260100000,60089,25.84529,43.14102,10.07472,111295,True,56.58126,3
20260508-002650,1778260112,2026-05-08 17:08:32+00:00,1778260112000,60101,25.84783,43.1258,10.07486,111592,True,55.07369,3
20260508-002650,1778260124,2026-05-08 17:08:44+00:00,1778260124000,60113,25.8529,43.25219,10.075,112794,True,54.01743,3
20260508-002650,1778260136,2026-05-08 17:08:56+00:00,1778260136000,60125,25.8529,43.2808,10.07491,111741,True,54.47714,3
20260508-002650,1778260148,2026-05-08 17:09:08+00:00,1778260148000,60137,25.85036,43.32685,10.07488,112190,True,53.69637,3
20260508-002650,1778260160,2026-05-08 17:09:20+00:00,1778260160000,60149,25.84783,43.37442,10.07484,111592,True,54.45119,3
20260508-002650,1778260172,2026-05-08 17:09:32+00:00,1778260172000,60161,25.8605,43.31905,10.07521,112491,True,53.27622,3
20260508-002650,1778260184,2026-05-08 17:09:44+00:00,1778260184000,60173,25.85797,43.25001,10.07508,111815,True,53.16499,3
20260508-002650,1778260201,2026-05-08 17:10:01+00:00,1778260201000,60190,25.91016,43.10884,10.07507,112642,True,52.81633,3
20260508-002650,1778260213,2026-05-08 17:10:13+00:00,1778260213000,60202,25.82501,43.40507,10.07528,99465,True,90.12294,3
20260508-002650,1778260225,2026-05-08 17:10:25+00:00,1778260225000,60214,25.84022,43.14114,10.07518,106214,True,77.56261,3
20260508-002650,1778260237,2026-05-08 17:10:37+00:00,1778260237000,60226,25.83768,43.08883,10.07531,109120,True,66.81011,3
20260508-002650,1778260249,2026-05-08 17:10:49+00:00,1778260249000,60238,25.84783,43.07111,10.07525,110707,True,59.96298,3
20260508-002650,1778260261,2026-05-08 17:11:01+00:00,1778260261000,60250,25.85036,43.18708,10.07532,110927,True,58.01965,3
20260508-002650,1778260273,2026-05-08 17:11:13+00:00,1778260273000,60262,25.84783,43.25153,10.07548,111000,True,56.20767,3
20260508-002650,1778260285,2026-05-08 17:11:25+00:00,1778260285000,60274,25.8529,43.26178,10.07549,111965,True,54.95812,3
20260508-002650,1778260297,2026-05-08 17:11:37+00:00,1778260297000,60286,25.85036,43.32619,10.07548,111147,True,55.43355,3
20260508-002650,1778260309,2026-05-08 17:11:49+00:00,1778260309000,60298,25.84783,43.38375,10.07553,112115,True,54.0052,3
20260508-002650,1778260321,2026-05-08 17:12:01+00:00,1778260321000,60310,25.84783,43.3079,10.07555,112491,True,53.90902,3
20260508-002650,1778260333,2026-05-08 17:12:13+00:00,1778260333000,60322,25.85036,43.31914,10.07559,112265,True,53.71743,3
20260508-002650,1778260345,2026-05-08 17:12:25+00:00,1778260345000,60334,25.8529,43.32805,10.07572,111741,True,53.70449,3
20260508-002650,1778260357,2026-05-08 17:12:37+00:00,1778260357000,60346,25.8529,43.37763,10.07577,112040,True,53.90757,3
20260508-002650,1778260369,2026-05-08 17:12:49+00:00,1778260369000,60358,25.8529,43.41099,10.0757,111815,True,53.83451,3
20260508-002650,1778260381,2026-05-08 17:13:01+00:00,1778260381000,60370,25.8529,43.35151,10.07563,112115,True,53.94559,3
20260508-002650,1778260393,2026-05-08 17:13:13+00:00,1778260393000,60382,25.85543,43.30704,10.07591,111890,True,53.58448,3
20260508-002650,1778260405,2026-05-08 17:13:25+00:00,1778260405000,60394,25.8529,43.27734,10.07579,112340,True,53.06999,3
20260508-002650,1778260417,2026-05-08 17:13:37+00:00,1778260417000,60406,25.85036,43.15456,10.0758,112340,True,52.49889,3
20260508-002650,1778260429,2026-05-08 17:13:49+00:00,1778260429000,60418,25.84783,43.06635,10.07576,113175,True,51.85466,3
20260508-002650,1778260441,2026-05-08 17:14:01+00:00,1778260441000,60430,25.8529,43.12117,10.07601,112642,True,51.85088,3
20260508-002650,1778260453,2026-05-08 17:14:13+00:00,1778260453000,60442,25.84783,43.1197,10.07583,112567,True,52.07781,3
20260508-002650,1778260465,2026-05-08 17:14:25+00:00,1778260465000,60454,25.8529,43.13691,10.07591,112642,True,51.65393,3
20260508-002650,1778260477,2026-05-08 17:14:37+00:00,1778260477000,60466,25.85036,43.1826,10.07592,112794,True,52.39258,3
20260508-002650,1778260489,2026-05-08 17:14:49+00:00,1778260489000,60478,25.84783,43.07565,10.07609,112491,True,52.12609,3
20260508-002650,1778260501,2026-05-08 17:15:01+00:00,1778260501000,60490,25.85036,42.95817,10.07597,112718,True,51.64955,3
20260508-002650,1778260513,2026-05-08 17:15:13+00:00,1778260513000,60502,25.8529,42.94492,10.07607,112794,True,51.27182,3
20260508-002650,1778260525,2026-05-08 17:15:25+00:00,1778260525000,60514,25.8529,43.00534,10.07623,113099,True,51.46352,3
20260508-002650,1778260537,2026-05-08 17:15:37+00:00,1778260537000,60526,25.85543,43.0011,10.07627,113099,True,51.41726,3
20260508-002650,1778260549,2026-05-08 17:15:49+00:00,1778260549000,60538,25.84783,43.1633,10.07586,113405,True,51.46795,3
20260508-002650,1778260561,2026-05-08 17:16:01+00:00,1778260561000,60550,25.85036,43.30534,10.07601,112416,True,52.35038,3
20260508-002650,1778260573,2026-05-08 17:16:13+00:00,1778260573000,60562,25.8529,43.31623,10.076,112642,True,52.76393,3
20260508-002650,1778260585,2026-05-08 17:16:25+00:00,1778260585000,60574,25.84783,43.22761,10.07579,112340,True,52.4652,3
20260508-002650,1778260597,2026-05-08 17:16:37+00:00,1778260597000,60586,25.85543,43.28296,10.07619,113022,True,51.78876,3
20260508-002650,1778260609,2026-05-08 17:16:49+00:00,1778260609000,60598,25.85036,43.35992,10.07596,112265,True,52.20509,3
20260508-002650,1778260621,2026-05-08 17:17:01+00:00,1778260621000,60610,25.8529,43.37866,10.07598,112642,True,52.17405,3
20260508-002650,1778260633,2026-05-08 17:17:13+00:00,1778260633000,60622,25.84783,43.28175,10.07592,112491,True,52.15952,3
20260508-002650,1778260645,2026-05-08 17:17:25+00:00,1778260645000,60634,25.84275,43.33375,10.07581,112340,True,52.86525,3
20260508-002650,1778260657,2026-05-08 17:17:37+00:00,1778260657000,60646,25.8529,43.31201,10.076,112491,True,52.21876,3
20260508-002650,1778260669,2026-05-08 17:17:49+00:00,1778260669000,60658,25.85036,43.23177,10.07583,112642,True,52.00565,3
20260508-002650,1778260681,2026-05-08 17:18:01+00:00,1778260681000,60670,25.85036,43.31367,10.07599,113099,True,51.45395,3
20260508-002650,1778260693,2026-05-08 17:18:13+00:00,1778260693000,60682,25.84529,43.35175,10.07563,111965,True,52.94909,3
20260508-002650,1778260705,2026-05-08 17:18:25+00:00,1778260705000,60694,25.8529,43.32249,10.07601,112416,True,53.16568,3
20260508-002650,1778260717,2026-05-08 17:18:37+00:00,1778260717000,60706,25.8529,43.22184,10.07573,112718,True,51.77161,3
20260508-002650,1778260729,2026-05-08 17:18:49+00:00,1778260729000,60718,25.85036,43.18505,10.07571,112567,True,51.57821,3
20260508-002650,1778260741,2026-05-08 17:19:01+00:00,1778260741000,60730,25.84529,43.07042,10.0758,112794,True,51.73633,3
20260508-002650,1778260753,2026-05-08 17:19:13+00:00,1778260753000,60742,25.84783,43.14399,10.07597,113252,True,51.145,3
20260508-002650,1778260765,2026-05-08 17:19:25+00:00,1778260765000,60754,25.81993,43.41089,10.07592,107028,True,61.98335,3
20260508-002650,1778260777,2026-05-08 17:19:37+00:00,1778260777000,60766,25.83768,43.19785,10.07594,109908,True,61.22923,3
20260508-002650,1778260789,2026-05-08 17:19:49+00:00,1778260789000,60778,25.84022,43.14687,10.07588,112340,True,56.24906,3
20260508-002650,1778260801,2026-05-08 17:20:01+00:00,1778260801000,60790,25.84275,43.08232,10.07597,112190,True,54.41759,3
20260508-002650,1778260813,2026-05-08 17:20:13+00:00,1778260813000,60802,25.84529,43.10921,10.07621,112416,True,52.88243,3
20260508-002650,1778260825,2026-05-08 17:20:25+00:00,1778260825000,60814,25.84275,43.18115,10.07624,111741,True,53.17529,3
20260508-002650,1778260837,2026-05-08 17:20:37+00:00,1778260837000,60826,25.84529,43.20448,10.07631,112870,True,52.40999,3
20260508-002650,1778260850,2026-05-08 17:20:50+00:00,1778260850000,60839,25.90272,43.0544,10.0763,112491,True,52.53505,3
20260508-002650,1778260863,2026-05-08 17:21:03+00:00,1778260863000,60852,25.79458,43.67653,10.0763,93995,True,92.33382,3
20260508-002650,1778260875,2026-05-08 17:21:15+00:00,1778260875000,60864,25.82247,43.29417,10.07631,104556,True,83.5481,3
20260508-002650,1778260887,2026-05-08 17:21:27+00:00,1778260887000,60876,25.82754,43.27845,10.07632,108554,True,70.42054,3
20260508-002650,1778260899,2026-05-08 17:21:39+00:00,1778260899000,60888,25.83515,43.18559,10.07641,109836,True,62.27188,3
20260508-002650,1778260911,2026-05-08 17:21:51+00:00,1778260911000,60900,25.83768,43.06921,10.07633,110927,True,58.59947,3
20260508-002650,1778260923,2026-05-08 17:22:03+00:00,1778260923000,60912,25.83261,43.0705,10.07632,111000,True,57.24952,3
20260508-002650,1778260935,2026-05-08 17:22:15+00:00,1778260935000,60924,25.83515,43.04102,10.07657,111592,True,55.75143,3
20260508-002650,1778260947,2026-05-08 17:22:27+00:00,1778260947000,60936,25.84275,43.11122,10.07664,112340,True,54.10308,3
20260508-002650,1778260959,2026-05-08 17:22:39+00:00,1778260959000,60948,25.83515,43.20998,10.07641,112718,True,53.54325,3
20260508-002650,1778260971,2026-05-08 17:22:51+00:00,1778260971000,60960,25.84275,43.12884,10.07667,112115,True,53.11924,3
20260508-002650,1778260983,2026-05-08 17:23:03+00:00,1778260983000,60972,25.84022,43.09035,10.07677,113252,True,52.25433,3
20260508-002650,1778260995,2026-05-08 17:23:15+00:00,1778260995000,60984,25.84529,43.07725,10.07686,112416,True,52.99524,3
20260508-002650,1778261007,2026-05-08 17:23:27+00:00,1778261007000,60996,25.84275,43.11441,10.07685,112946,True,51.6753,3
20260508-002650,1778261019,2026-05-08 17:23:39+00:00,1778261019000,61008,25.84529,43.18127,10.07701,112340,True,52.44713,3
20260508-002650,1778261031,2026-05-08 17:23:51+00:00,1778261031000,61020,25.84529,43.25137,10.07703,112115,True,53.33493,3
20260508-002650,1778261043,2026-05-08 17:24:03+00:00,1778261043000,61032,25.84529,43.08561,10.07705,112642,True,52.83844,3
20260508-002650,1778261055,2026-05-08 17:24:15+00:00,1778261055000,61044,25.84022,43.04282,10.07695,112491,True,52.20267,3
20260508-002650,1778261067,2026-05-08 17:24:27+00:00,1778261067000,61056,25.84275,43.15287,10.07715,112190,True,52.32656,3
20260508-002650,1778261079,2026-05-08 17:24:39+00:00,1778261079000,61068,25.84529,43.19255,10.07719,112491,True,52.42441,3
20260508-002650,1778261091,2026-05-08 17:24:51+00:00,1778261091000,61080,25.85036,43.18948,10.07725,112491,True,52.02033,3
20260508-002650,1778261103,2026-05-08 17:25:03+00:00,1778261103000,61092,25.85036,43.13231,10.07713,112190,True,52.92505,3
20260508-002650,1778261113,2026-05-08 17:25:13+00:00,1778261113000,61102,25.76922,43.59898,10.07708,101638,True,62.51369,3
20260508-002650,1778261124,2026-05-08 17:25:24+00:00,1778261124000,61114,25.74894,43.75884,10.07702,94313,True,79.58179,3
20260508-002650,1778261136,2026-05-08 17:25:36+00:00,1778261136000,61126,25.82501,43.25823,10.07709,105213,True,79.10777,3
20260508-002650,1778261148,2026-05-08 17:25:48+00:00,1778261148000,61138,25.83261,43.2383,10.07707,108766,True,67.5376,3
20260508-002650,1778261160,2026-05-08 17:26:00+00:00,1778261160000,61150,25.83515,43.28651,10.07711,110197,True,61.00577,3
20260508-002650,1778261172,2026-05-08 17:26:12+00:00,1778261172000,61162,25.83515,43.27612,10.07724,110634,True,57.30093,3
20260508-002650,1778261184,2026-05-08 17:26:24+00:00,1778261184000,61174,25.83515,43.30487,10.07722,111443,True,56.34525,3
20260508-002650,1778261196,2026-05-08 17:26:36+00:00,1778261196000,61186,25.83768,43.30059,10.07731,111147,True,55.8145,3
20260508-002650,1778261208,2026-05-08 17:26:48+00:00,1778261208000,61198,25.84275,43.27602,10.0776,111965,True,54.83186,3
20260508-002650,1778261220,2026-05-08 17:27:00+00:00,1778261220000,61210,25.83515,43.24886,10.07764,112491,True,53.7977,3
20260508-002650,1778261232,2026-05-08 17:27:12+00:00,1778261232000,61222,25.84022,43.20461,10.07739,112416,True,53.63336,3
20260508-002650,1778261245,2026-05-08 17:27:25+00:00,1778261245000,61234,25.80472,43.49434,10.07738,104884,True,65.87059,3
20260508-002650,1778261257,2026-05-08 17:27:37+00:00,1778261257000,61246,25.83008,43.24752,10.07751,109692,True,63.65688,3
20260508-002650,1778261269,2026-05-08 17:27:49+00:00,1778261269000,61258,25.83768,43.22457,10.07787,110853,True,58.79249,3
20260508-002650,1778261281,2026-05-08 17:28:01+00:00,1778261281000,61270,25.83515,43.27543,10.07801,111147,True,56.61959,3
20260508-002650,1778261293,2026-05-08 17:28:13+00:00,1778261293000,61282,25.83768,43.3447,10.07793,112265,True,54.77293,3
20260508-002650,1778261305,2026-05-08 17:28:25+00:00,1778261305000,61294,25.84022,43.28613,10.07798,111890,True,53.9656,3
20260508-002650,1778261315,2026-05-08 17:28:35+00:00,1778261315000,61304,25.76922,43.41838,10.0781,101761,True,62.93209,3
20260508-002650,1778261327,2026-05-08 17:28:47+00:00,1778261327000,61316,25.83261,42.76779,10.07816,108766,True,65.70242,3
20260508-002650,1778261339,2026-05-08 17:28:59+00:00,1778261339000,61328,25.83515,42.77812,10.07806,111741,True,59.03327,3
20260508-002650,1778261351,2026-05-08 17:29:11+00:00,1778261351000,61340,25.84275,42.86213,10.07824,111815,True,55.8693,3
20260508-002650,1778261363,2026-05-08 17:29:23+00:00,1778261363000,61352,25.84022,42.98753,10.07813,112190,True,54.74163,3
20260508-002650,1778261375,2026-05-08 17:29:35+00:00,1778261375000,61364,25.84275,42.99796,10.07818,112642,True,52.90455,3
20260508-002650,1778261387,2026-05-08 17:29:47+00:00,1778261387000,61376,25.84022,43.1266,10.07809,112340,True,53.00621,3
20260508-002650,1778261399,2026-05-08 17:29:59+00:00,1778261399000,61388,25.84783,43.00437,10.0783,112718,True,52.95869,3
20260508-002650,1778261411,2026-05-08 17:30:11+00:00,1778261411000,61400,25.83768,43.11955,10.07824,112190,True,53.17629,3
20260508-002650,1778261423,2026-05-08 17:30:23+00:00,1778261423000,61412,25.84783,43.08266,10.07856,112567,True,52.95202,3
20260508-002650,1778261435,2026-05-08 17:30:35+00:00,1778261435000,61424,25.84275,43.09528,10.0785,112265,True,52.42273,3
20260508-002650,1778261447,2026-05-08 17:30:47+00:00,1778261447000,61436,25.84529,43.12062,10.0784,113252,True,51.59814,3
20260508-002650,1778261459,2026-05-08 17:30:59+00:00,1778261459000,61448,25.84275,43.13698,10.07867,112416,True,52.58288,3
20260508-002650,1778261471,2026-05-08 17:31:11+00:00,1778261471000,61460,25.84275,43.0966,10.07853,112265,True,52.67609,3
20260508-002650,1778261483,2026-05-08 17:31:23+00:00,1778261483000,61472,25.84275,43.00542,10.07862,112718,True,52.03285,3
20260508-002650,1778261495,2026-05-08 17:31:35+00:00,1778261495000,61484,25.84275,43.07222,10.0788,113252,True,51.82151,3
20260508-002650,1778261507,2026-05-08 17:31:47+00:00,1778261507000,61496,25.89622,42.97143,10.07857,113099,True,51.71168,3
20260508-002650,1778261519,2026-05-08 17:31:59+00:00,1778261519000,61508,25.81233,43.31643,10.0785,103458,True,79.4361,3
20260508-002650,1778261531,2026-05-08 17:32:11+00:00,1778261531000,61520,25.82501,43.18024,10.07881,108344,True,69.91764,3
20260508-002650,1778261543,2026-05-08 17:32:23+00:00,1778261543000,61532,25.83515,43.14788,10.07883,110780,True,61.87888,3
20260508-002650,1778261555,2026-05-08 17:32:35+00:00,1778261555000,61544,25.83261,43.09325,10.07869,111815,True,57.29988,3
20260508-002650,1778261567,2026-05-08 17:32:47+00:00,1778261567000,61556,25.83768,43.07766,10.07866,111741,True,55.36097,3
20260508-002650,1778261579,2026-05-08 17:32:59+00:00,1778261579000,61568,25.84022,43.05527,10.07867,112340,True,54.1689,3
20260508-002650,1778261591,2026-05-08 17:33:11+00:00,1778261591000,61580,25.83515,43.12681,10.0789,112642,True,53.31535,3
20260508-002650,1778261603,2026-05-08 17:33:23+00:00,1778261603000,61592,25.83768,43.11425,10.0788,113099,True,52.87267,3
20260508-002650,1778261615,2026-05-08 17:33:35+00:00,1778261615000,61604,25.83768,43.14925,10.07879,112190,True,53.06689,3
20260508-002650,1778261627,2026-05-08 17:33:47+00:00,1778261627000,61616,25.84275,43.18852,10.07899,112340,True,53.54326,3
20260508-002650,1778261639,2026-05-08 17:33:59+00:00,1778261639000,61628,25.83515,43.22025,10.0788,112567,True,53.14099,3
20260508-002650,1778261651,2026-05-08 17:34:11+00:00,1778261651000,61640,25.83768,43.12566,10.07896,113252,True,52.1521,3
20260508-002650,1778261663,2026-05-08 17:34:23+00:00,1778261663000,61652,25.84022,43.11187,10.07886,112642,True,52.74579,3
20260508-002650,1778261675,2026-05-08 17:34:35+00:00,1778261675000,61664,25.84022,43.01584,10.07902,113559,True,51.53807,3
20260508-002650,1778261687,2026-05-08 17:34:47+00:00,1778261687000,61676,25.80726,43.2506,10.07886,106484,True,62.68935,3
20260508-002650,1778261699,2026-05-08 17:34:59+00:00,1778261699000,61688,25.83768,42.89356,10.07898,110488,True,60.82668,3
20260508-002650,1778261711,2026-05-08 17:35:11+00:00,1778261711000,61700,25.83515,42.87254,10.07896,111592,True,57.14456,3
20260508-002650,1778261722,2026-05-08 17:35:22+00:00,1778261722000,61711,25.76161,43.49701,10.07891,101208,True,65.53495,3
20260508-002650,1778261734,2026-05-08 17:35:34+00:00,1778261734000,61723,25.82501,43.26392,10.07893,108695,True,67.62212,3
20260508-002650,1778261746,2026-05-08 17:35:46+00:00,1778261746000,61735,25.83261,43.21718,10.07911,111147,True,61.17036,3
20260508-002650,1778261758,2026-05-08 17:35:58+00:00,1778261758000,61747,25.83515,43.24219,10.07922,111741,True,56.97711,3
20260508-002650,1778261770,2026-05-08 17:36:10+00:00,1778261770000,61759,25.83515,43.25156,10.0791,111221,True,56.25574,3
20260508-002650,1778261782,2026-05-08 17:36:22+00:00,1778261782000,61771,25.83768,43.2099,10.07936,111592,True,55.05467,3
20260508-002650,1778261794,2026-05-08 17:36:34+00:00,1778261794000,61783,25.83768,43.09624,10.07935,112416,True,53.92558,3
20260508-002650,1778261806,2026-05-08 17:36:46+00:00,1778261806000,61795,25.83768,43.11016,10.07949,112794,True,52.86991,3
20260508-002650,1778261818,2026-05-08 17:36:58+00:00,1778261818000,61807,25.84022,43.11367,10.0796,113099,True,52.28136,3
20260508-002650,1778261830,2026-05-08 17:37:10+00:00,1778261830000,61819,25.83768,43.12178,10.07947,112190,True,52.90723,3
20260508-002650,1778261842,2026-05-08 17:37:22+00:00,1778261842000,61831,25.84022,43.14328,10.07969,112265,True,52.91104,3
20260508-002650,1778261854,2026-05-08 17:37:34+00:00,1778261854000,61843,25.83768,43.12633,10.07961,112870,True,52.23003,3
20260508-002650,1778261866,2026-05-08 17:37:46+00:00,1778261866000,61855,25.83768,43.17875,10.07998,113328,True,52.2686,3
