session_id,push_id,datetime_utc,unix_ms,elapsed_s,temp_c,humidity_pct,pressure_hpa,gas_ohm,heater_stable,iaq,iaq_accuracy
20260503-101634,-OrhLOefLtk8gtAemMEn,2026-05-03 10:19:23+00:00,1777803563000,120,26.55272,45.2913,10.01982,65930,False,69.2846,0
20260503-101634,-OrhLRJr-AfbZULspEwX,2026-05-03 10:19:35+00:00,1777803575000,132,26.55779,45.28016,10.0199,66771,False,70.49197,0
20260503-101634,-OrhLU5eu_Jo4_FbyHqm,2026-05-03 10:19:47+00:00,1777803587000,144,26.55525,45.38369,10.01993,67253,False,71.85201,0
20260503-101634,-OrhLXXeeLNEsPbwu7BK,2026-05-03 10:19:59+00:00,1777803599000,156,26.56033,45.28074,10.01987,68073,False,73.11749,0
20260503-101634,-OrhLZxIeDpBg_BCpyIq,2026-05-03 10:20:11+00:00,1777803611000,168,26.57047,45.1913,10.0201,68351,False,74.42755,0
20260503-101634,-OrhLcBX8xvZMib14oKd,2026-05-03 10:20:23+00:00,1777803623000,180,26.56033,45.32615,10.01987,68970,False,75.87068,0
20260503-101634,-OrhLegiU3fWqHUlmFn4,2026-05-03 10:20:35+00:00,1777803635000,191,26.48172,46.0331,10.02029,58229,False,83.1261,0
20260503-101634,-OrhLhcHYStZ_Q5uxA9O,2026-05-03 10:20:47+00:00,1777803647000,203,26.55272,45.47963,10.01982,66086,False,86.76749,0
20260503-101634,-OrhLkXZlgwzI7dHaJBy,2026-05-03 10:20:59+00:00,1777803659000,215,26.5654,45.39975,10.01995,68800,False,85.14005,0
20260503-101634,-OrhMIEqkcKyyksgbh-t,2026-05-03 10:23:06+00:00,1777803786000,343,26.55185,45.68628,10.02058,45561,False,232.22192,0
20260503-101634,-OrhMJZlvqgi_VBWa5fI,2026-05-03 10:23:24+00:00,1777803804000,361,26.45098,46.28014,10.02035,37226,False,241.40579,0
20260503-101634,-OrhMMOZclGpNbQ54YkH,2026-05-03 10:23:36+00:00,1777803816000,373,26.48426,45.57349,10.02056,48318,False,226.84659,0
20260503-101634,-OrhMOvXr326bIVt-iIg,2026-05-03 10:23:48+00:00,1777803828000,385,26.50201,45.41648,10.02023,57430,False,174.98557,0
20260503-101634,-OrhMRrH3KjoC76eB_MP,2026-05-03 10:24:00+00:00,1777803840000,397,26.51722,45.37707,10.02041,62116,False,144.35446,0
20260503-101634,-OrhMVBT54bGxF_sG4UZ,2026-05-03 10:24:12+00:00,1777803852000,409,26.51976,45.33605,10.02046,64607,False,127.54713,0
20260503-101634,-OrhMYuENo0QAStYXa8G,2026-05-03 10:24:24+00:00,1777803864000,421,26.5299,45.24187,10.02043,66348,False,118.03873,0
20260503-101634,-OrhM_PoweNBTtX8qTp-,2026-05-03 10:24:35+00:00,1777803875000,432,26.4513,45.79684,10.0204,58350,False,125.69495,0
20260503-101634,-OrhMcLnliyw-wMejg3a,2026-05-03 10:24:47+00:00,1777803887000,444,26.52229,45.5027,10.02035,65364,False,122.78616,0
20260503-101634,-OrhMfGUJ1VyDR7L1RJx,2026-05-03 10:24:59+00:00,1777803899000,456,26.53497,45.34245,10.02039,67853,False,112.58436,0
20260503-101634,-OrhMiB6fLXcdd-T0y1l,2026-05-03 10:25:11+00:00,1777803911000,468,26.53497,45.25214,10.02062,68857,False,106.30592,0
20260503-101634,-OrhMlX-PSDlmavAYQGk,2026-05-03 10:25:23+00:00,1777803923000,480,26.54004,45.22696,10.02037,70008,False,101.97645,0
20260503-101634,-OrhMo245vzrf-qxkRHP,2026-05-03 10:25:35+00:00,1777803935000,492,26.54765,45.32291,10.02046,70718,False,98.9765,0
20260503-101634,-OrhMuDHlfaH2mr-VgMk,2026-05-03 10:25:47+00:00,1777803947000,504,26.55525,45.21616,10.02045,71138,False,97.33316,0
20260503-101634,-OrhMuyn4FHIFB8MTcIL,2026-05-03 10:26:04+00:00,1777803964000,520,26.60732,45.10328,10.02057,70957,False,96.9897,0
20260503-101634,-OrhMxw58nBbnoqvjo21,2026-05-03 10:26:16+00:00,1777803976000,532,26.51976,45.55294,10.02069,62956,False,131.47812,0
20260503-101634,-OrhN-qyinSt48zy1OpH,2026-05-03 10:26:28+00:00,1777803988000,544,26.54004,45.50212,10.02053,67853,False,115.93708,0
20260503-101634,-OrhN3P1fFikzJcJofqn,2026-05-03 10:26:40+00:00,1777804000000,556,26.54765,45.45594,10.02086,69659,False,105.08307,0
20260503-101634,-OrhN5J8vZTgkftQ8FmR,2026-05-03 10:26:50+00:00,1777804010000,567,26.59706,45.31642,10.02071,69891,False,103.50352,0
20260503-101634,-OrhN9expff7pf61b2gm,2026-05-03 10:27:02+00:00,1777804022000,579,26.5299,45.51851,10.02082,66086,False,119.71735,0
20260503-101634,-OrhNB9Y4m64eJv_C_5B,2026-05-03 10:27:14+00:00,1777804034000,591,26.46144,45.94058,10.02104,57907,False,126.09514,0
20260503-101634,-OrhNE6F_4Jh7sg93ZE7,2026-05-03 10:27:26+00:00,1777804046000,603,26.53497,45.42994,10.0211,67470,False,118.34494,0
20260503-101634,-OrhNH3KHWQM4N55x1NG,2026-05-03 10:27:38+00:00,1777804058000,615,26.54511,45.35781,10.02085,69950,False,105.39775,0
20260503-101634,-OrhNKHhHMjHcGNYtuZs,2026-05-03 10:27:50+00:00,1777804070000,627,26.54511,45.38959,10.02085,70837,False,98.88196,0
20260503-101634,-OrhNMtjQXFD31NGchtc,2026-05-03 10:28:02+00:00,1777804082000,639,26.54258,45.37048,10.02062,71932,False,94.65521,0
20260503-101634,-OrhNPrx52IOKwRj33zB,2026-05-03 10:28:14+00:00,1777804094000,651,26.54765,45.3554,10.02091,71809,False,92.87331,0
20260503-101634,-OrhNSjhwO-D5wI2ekfV,2026-05-03 10:28:26+00:00,1777804106000,663,26.55525,45.29891,10.02077,72430,False,91.00787,0
20260503-101634,-OrhNVhfjG6GQPsC2QCz,2026-05-03 10:28:38+00:00,1777804118000,675,26.55779,45.25138,10.02085,72935,False,89.60074,0
20260503-101634,-OrhNZgJgGLwUIu1qAkN,2026-05-03 10:28:51+00:00,1777804131000,687,26.45637,45.99857,10.02071,60808,False,103.77106,0
20260503-101634,-OrhNaF9zQb1FIbsoCh_,2026-05-03 10:29:01+00:00,1777804141000,698,26.46651,46.00729,10.02094,58884,True,119.9033,3
20260503-101634,-OrhNdAk7PYtr0MQoO71,2026-05-03 10:29:13+00:00,1777804153000,710,26.54004,45.4288,10.02093,68800,True,93.98758,3
20260503-101634,-OrhNg69bCkGD22nrjyN,2026-05-03 10:29:25+00:00,1777804165000,722,26.54765,45.44686,10.02102,70777,True,82.46309,3
20260503-101634,-OrhNj1NZO2rkBqkPUeb,2026-05-03 10:29:37+00:00,1777804177000,734,26.55018,45.44114,10.02101,72556,True,75.04175,3
20260503-101634,-OrhNlxzrRb0YlMghcpi,2026-05-03 10:29:49+00:00,1777804189000,746,26.55018,45.33972,10.02097,73126,True,71.52757,3
20260503-101634,-OrhNovRPySnkdtmsnJq,2026-05-03 10:30:01+00:00,1777804201000,758,26.55018,45.27121,10.0209,73575,True,69.31219,3
20260503-101634,-OrhNrorqhwlO378FEal,2026-05-03 10:30:13+00:00,1777804213000,770,26.55525,45.27229,10.02086,73511,True,68.53909,3
20260503-101634,-OrhNukRYGhafKmaJ_q1,2026-05-03 10:30:25+00:00,1777804225000,782,26.55272,45.18887,10.02075,74031,True,67.25298,3
20260503-101634,-OrhNxgTQMwry8jqGlfV,2026-05-03 10:30:37+00:00,1777804237000,794,26.55018,45.2234,10.02085,74492,True,65.81567,3
20260503-101634,-OrhO-bjxs45yThH8N0U,2026-05-03 10:30:49+00:00,1777804249000,806,26.55779,45.31261,10.02092,74162,True,65.88968,3
20260503-101634,-OrhO2_geEFjrFpEassy,2026-05-03 10:31:01+00:00,1777804261000,818,26.56286,45.19644,10.02114,74691,True,65.19438,3
20260503-101634,-OrhO5Ygb2sXJzwgpzfN,2026-05-03 10:31:13+00:00,1777804273000,830,26.55779,45.12959,10.0209,74824,True,64.90708,3
20260503-101634,-OrhO8N1tDt2x1XuYk9c,2026-05-03 10:31:25+00:00,1777804285000,841,26.46905,45.92283,10.02088,62956,True,78.21695,3
20260503-101634,-OrhOBH--ViMqN1df4Dj,2026-05-03 10:31:37+00:00,1777804297000,853,26.45637,46.06648,10.02106,58636,True,96.91948,3
20260503-101634,-OrhOECRPfRZFQQMbbAP,2026-05-03 10:31:49+00:00,1777804309000,865,26.53751,45.48527,10.02108,69141,True,92.7011,3
20260503-101634,-OrhOHMoSSLRR7IO2Qt9,2026-05-03 10:32:01+00:00,1777804321000,877,26.54511,45.32104,10.02106,72367,True,78.97511,3
20260503-101634,-OrhOK5IWCC2fEVdOmPX,2026-05-03 10:32:13+00:00,1777804333000,889,26.54765,45.243,10.02086,72935,True,72.40577,3
20260503-101634,-OrhON06II1Fd4GyOSjB,2026-05-03 10:32:25+00:00,1777804345000,901,26.55018,45.1957,10.02088,74096,True,68.40205,3
20260503-101634,-OrhOQJoHYkaoIbd8DoX,2026-05-03 10:32:37+00:00,1777804357000,913,26.55272,45.21527,10.02089,74359,True,66.51037,3
20260503-101634,-OrhOSxpnpMe-V3UiTvh,2026-05-03 10:32:49+00:00,1777804369000,926,26.5299,45.45152,10.02098,69485,True,77.03651,3
20260503-101634,-OrhOVZCjcmJIkbdrLKW,2026-05-03 10:33:00+00:00,1777804380000,936,26.46651,45.78228,10.02087,62909,True,87.12301,3
20260503-101634,-OrhOYmS8c2flWLkJlFu,2026-05-03 10:33:12+00:00,1777804392000,948,26.53751,45.32322,10.0208,71199,True,83.26846,3
20260503-101634,-OrhOaPKGw8Qn9eQPguw,2026-05-03 10:33:24+00:00,1777804404000,960,26.53751,45.44719,10.02064,73190,True,73.77976,3
20260503-101634,-OrhOdLD_ylgi_1ImRD5,2026-05-03 10:33:36+00:00,1777804416000,972,26.54004,45.41899,10.02075,74228,True,68.99969,3
20260503-101634,-OrhOgHeAlG8jsWjGXPv,2026-05-03 10:33:48+00:00,1777804428000,984,26.55018,45.22362,10.02099,75025,True,65.61066,3
20260503-101634,-OrhOjECgZBQ0JMs4FJD,2026-05-03 10:34:00+00:00,1777804440000,996,26.55018,45.24144,10.02095,74891,True,64.32674,3
20260503-101634,-OrhOm75qv1tAyj3ZewB,2026-05-03 10:34:12+00:00,1777804452000,1008,26.55525,45.26007,10.02088,75160,True,63.75727,3
20260503-101634,-OrhOuVjLEzIBRJHBKfO,2026-05-03 10:34:24+00:00,1777804464000,1020,26.55272,45.21491,10.02091,75295,True,63.12617,3
20260503-101634,-OrhOvyIJUmn-AMETfz0,2026-05-03 10:34:37+00:00,1777804477000,1033,26.60761,45.06322,10.02094,75363,True,62.92072,3
20260503-101634,-OrhOwvme6_GTehiH7YK,2026-05-03 10:34:56+00:00,1777804496000,1052,26.50954,46.04319,10.02084,58391,True,83.16998,3
20260503-101634,-OrhP0CVeCZkKLGeVycY,2026-05-03 10:35:08+00:00,1777804508000,1064,26.51215,45.65382,10.02085,61387,True,124.45923,3
20260503-101634,-OrhP1h0eiy8TuIOn3FA,2026-05-03 10:35:20+00:00,1777804520000,1076,26.44369,46.04324,10.02077,57000,True,122.96442,3
20260503-101634,-OrhP4dt3qvGBPFqXJfR,2026-05-03 10:35:32+00:00,1777804532000,1088,26.52229,45.47737,10.02093,67362,True,104.37979,3
20260503-101634,-OrhP7ZwNZd491hSwGEp,2026-05-03 10:35:44+00:00,1777804544000,1100,26.53243,45.40954,10.02082,70598,True,85.75473,3
20260503-101634,-OrhPAUaVCoKP9YL2x_D,2026-05-03 10:35:56+00:00,1777804556000,1112,26.54004,45.37703,10.02084,72681,True,75.71812,3
20260503-101634,-OrhPDRoT6TYubgU0QY3,2026-05-03 10:36:08+00:00,1777804568000,1124,26.53497,45.29028,10.0205,73965,True,69.93533,3
20260503-101634,-OrhPGLwk1a60EnPFkjy,2026-05-03 10:36:20+00:00,1777804580000,1136,26.53751,45.34129,10.02073,74162,True,67.84988,3
20260503-101634,-OrhPJH3LGBpn-RmDk8p,2026-05-03 10:36:32+00:00,1777804592000,1148,26.55272,45.25114,10.02091,74691,True,65.52647,3
20260503-101634,-OrhPMCT4XBzqSJUmJ2i,2026-05-03 10:36:44+00:00,1777804604000,1160,26.55018,45.35998,10.02094,74958,True,64.76752,3
20260503-101634,-OrhPP7uq5h7Qlk2-nwW,2026-05-03 10:36:56+00:00,1777804616000,1172,26.55272,45.28007,10.02082,75228,True,63.48439,3
20260503-101634,-OrhPS4DfwiOBZq9sTUI,2026-05-03 10:37:08+00:00,1777804628000,1184,26.55272,45.12129,10.02085,75295,True,62.60951,3
20260503-101634,-OrhPV-7sJJ_SUUAWh9D,2026-05-03 10:37:20+00:00,1777804640000,1196,26.54511,45.13757,10.0208,75704,True,61.55324,3
20260503-101634,-OrhPXvSxdcR6RuZ_Zi8,2026-05-03 10:37:32+00:00,1777804652000,1208,26.54765,45.11331,10.02079,75841,True,61.42255,3
20260503-101634,-OrhP_qzcVK1kiP1iw-U,2026-05-03 10:37:44+00:00,1777804664000,1220,26.54511,45.13303,10.02069,76116,True,60.69965,3
20260503-101634,-OrhPcmiGGgKRmyT95Zb,2026-05-03 10:37:56+00:00,1777804676000,1232,26.55525,45.13012,10.02089,76116,True,60.1557,3
20260503-101634,-OrhPfiJR2oivCQJ4t6J,2026-05-03 10:38:08+00:00,1777804688000,1244,26.55272,45.14323,10.02073,75704,True,60.87663,3
20260503-101634,-OrhPpBDcBWKSkICJTMr,2026-05-03 10:38:41+00:00,1777804721000,1278,26.61427,44.91936,10.02075,76394,True,59.6797,3
20260503-101634,-OrhPqfny2qvtPdxGPYo,2026-05-03 10:38:53+00:00,1777804733000,1289,26.4234,46.04241,10.02073,50382,True,114.73623,3
20260503-101634,-OrhPtbBYU1-AU3yvlYs,2026-05-03 10:39:05+00:00,1777804745000,1301,26.52229,45.36315,10.02101,66506,True,109.6334,3
20260503-101634,-OrhPwXjTRlA_U4PKIm9,2026-05-03 10:39:17+00:00,1777804757000,1313,26.52736,45.34128,10.02094,71199,True,87.45972,3
20260503-101634,-OrhPzTP6jhspW-aIzQ9,2026-05-03 10:39:29+00:00,1777804769000,1325,26.53243,45.26535,10.02098,73126,True,75.14153,3
20260503-101634,-OrhQ1OdIpkzy_v4hXas,2026-05-03 10:39:41+00:00,1777804781000,1337,26.54004,45.24235,10.02102,73770,True,69.56727,3
20260503-101634,-OrhQ4KHzRMcChSVo6U0,2026-05-03 10:39:53+00:00,1777804793000,1349,26.54511,45.24512,10.02082,75025,True,66.10201,3
20260503-101634,-OrhQ7FfXJrECb8e-20h,2026-05-03 10:40:05+00:00,1777804805000,1361,26.54511,45.25958,10.02089,75025,True,64.21542,3
20260503-101634,-OrhQACIixE3eaVXW7rh,2026-05-03 10:40:17+00:00,1777804817000,1373,26.55018,45.1968,10.02085,75295,True,63.32778,3
20260503-101634,-OrhQD6mX7Y7PbX-04WY,2026-05-03 10:40:29+00:00,1777804829000,1385,26.54258,45.28331,10.02076,75841,True,62.03746,3
20260503-101634,-OrhQG2F8OoYiSaedDbt,2026-05-03 10:40:41+00:00,1777804841000,1397,26.54511,45.24714,10.02069,75772,True,61.59797,3
20260503-101634,-OrhQJ-RSW_iAi9eyhHx,2026-05-03 10:40:53+00:00,1777804853000,1409,26.55018,45.16174,10.02072,75910,True,60.18637,3
20260503-101634,-OrhQLw4k4MlkLzZkB9L,2026-05-03 10:41:05+00:00,1777804865000,1421,26.54511,45.22189,10.02066,75978,True,60.18606,3
20260503-101634,-OrhQOpV1_-p0kYzChaZ,2026-05-03 10:41:17+00:00,1777804877000,1433,26.54765,45.11321,10.02067,76464,True,59.57656,3
20260503-101634,-OrhQU92Y_U3WR3Yqs6H,2026-05-03 10:41:29+00:00,1777804889000,1445,26.54765,45.0924,10.02061,76815,True,58.81265,3
20260503-101634,-OrhQUwArGqB2KhB6QBU,2026-05-03 10:41:41+00:00,1777804901000,1458,26.60497,44.92961,10.02085,76534,True,58.80584,3
20260503-101634,-OrhQXrF3LPIlblJBgpV,2026-05-03 10:41:53+00:00,1777804913000,1470,26.52229,45.24467,10.0208,69370,True,87.48862,3
20260503-101634,-OrhQ_nmXRe4iq9HUlKN,2026-05-03 10:42:05+00:00,1777804925000,1482,26.54511,45.1841,10.02078,73382,True,75.34155,3
20260503-101634,-OrhQchsNUN6SejiEB_u,2026-05-03 10:42:17+00:00,1777804937000,1494,26.53751,45.14181,10.02075,75025,True,67.78596,3
20260503-101634,-OrhQfcRt7gZNIRqQ-bh,2026-05-03 10:42:29+00:00,1777804949000,1506,26.54004,45.0773,10.02079,75499,True,63.95667,3
20260503-101634,-OrhQiZL9MUVhc5Fv8zT,2026-05-03 10:42:41+00:00,1777804961000,1518,26.53751,45.14326,10.02071,75704,True,61.67209,3
20260503-101634,-OrhQlVHKmHrtWapwI0b,2026-05-03 10:42:53+00:00,1777804973000,1530,26.54258,45.16867,10.02085,76116,True,60.525,3
20260503-101634,-OrhQoS2NepvFjvfT_WR,2026-05-03 10:43:05+00:00,1777804985000,1542,26.54511,45.14938,10.0208,76116,True,60.08918,3
20260503-101634,-OrhQrLeqbS6Oy26yMer,2026-05-03 10:43:17+00:00,1777804997000,1554,26.54765,45.09285,10.02093,76604,True,59.31706,3
20260503-101634,-OrhQuJLJkPVUOjw7I6K,2026-05-03 10:43:29+00:00,1777805009000,1566,26.54258,45.14024,10.02066,76464,True,59.20493,3
20260503-101634,-OrhQxCiQMcP6cr-umzg,2026-05-03 10:43:41+00:00,1777805021000,1578,26.54765,45.0728,10.02088,76815,True,58.8075,3
20260503-101634,-OrhR-8CQEo7slBp9CUr,2026-05-03 10:43:53+00:00,1777805033000,1590,26.54511,45.24709,10.02063,76464,True,58.9649,3
20260503-101634,-OrhR2Q5FhVD2Vf0V_U0,2026-05-03 10:44:05+00:00,1777805045000,1602,26.54511,45.265,10.02082,76394,True,59.01886,3
20260503-101634,-OrhR5-GzpT6oQY-1wAW,2026-05-03 10:44:17+00:00,1777805057000,1614,26.54258,45.23671,10.02067,76674,True,58.83991,3
20260503-101634,-OrhR8g5mQITQDAPkXa-,2026-05-03 10:44:29+00:00,1777805069000,1626,26.54765,45.13565,10.02089,76674,True,58.40088,3
20260503-101634,-OrhRAv8OLJN0Qu4e6L-,2026-05-03 10:44:42+00:00,1777805082000,1638,26.51976,45.25946,10.02075,71564,True,69.54417,3
20260503-101634,-OrhRDqcaaH5WpoHBhZm,2026-05-03 10:44:54+00:00,1777805094000,1650,26.53497,45.09137,10.02092,75295,True,66.37056,3
20260503-101634,-OrhRGnFFnwzvGOx3nDX,2026-05-03 10:45:06+00:00,1777805106000,1662,26.54511,45.06549,10.0208,76047,True,61.8264,3
20260503-101634,-OrhRJjlOSKhn_nJloEM,2026-05-03 10:45:18+00:00,1777805118000,1674,26.53751,45.18005,10.02069,76744,True,59.32012,3
20260503-101634,-OrhRMf7_qdGanfu-n0k,2026-05-03 10:45:30+00:00,1777805130000,1686,26.54765,45.21254,10.02075,76674,True,58.71309,3
20260503-101634,-OrhRPZbKK5x2DiDCwad,2026-05-03 10:45:42+00:00,1777805142000,1698,26.54511,45.18735,10.02082,76885,True,58.10676,3
20260503-101634,-OrhRSVBrgnCcfJartek,2026-05-03 10:45:54+00:00,1777805154000,1710,26.55525,45.03712,10.02109,76956,True,57.61584,3
20260503-101634,-OrhRVRWC_UKExe_E1zj,2026-05-03 10:46:06+00:00,1777805166000,1722,26.54511,45.09632,10.02092,76885,True,57.44305,3
20260503-101634,-OrhRYN9UQ4sS_aRU7ZB,2026-05-03 10:46:18+00:00,1777805178000,1734,26.54765,45.15952,10.02089,76956,True,57.37413,3
20260503-101634,-OrhRaKL573_quzx443i,2026-05-03 10:46:30+00:00,1777805190000,1746,26.54258,45.14515,10.02087,76956,True,57.63696,3
20260503-101634,-OrhRdD1rthmTLqCKzfY,2026-05-03 10:46:42+00:00,1777805202000,1758,26.54258,45.12476,10.0208,77240,True,56.86701,3
20260503-101634,-OrhRg8aVAYJIfeAKVw-,2026-05-03 10:46:54+00:00,1777805214000,1770,26.54511,45.15108,10.02078,77526,True,56.84339,3
20260503-101634,-OrhRj48Xn-T4xYIQbz4,2026-05-03 10:47:06+00:00,1777805226000,1782,26.54511,45.07617,10.0208,77240,True,56.87975,3
20260503-101634,-OrhRm0o_4vgk7n_3UAJ,2026-05-03 10:47:18+00:00,1777805238000,1794,26.54511,45.00046,10.02077,77311,True,56.82813,3
20260503-101634,-OrhRwfCN3m4RqIwqOT7,2026-05-03 10:47:30+00:00,1777805250000,1806,26.54258,45.0367,10.02074,77311,True,56.76107,3
20260503-101634,-OrhRxR2vRHnMZ0S3Sz8,2026-05-03 10:48:05+00:00,1777805285000,1841,26.60139,44.8597,10.02081,77169,True,56.84758,3
20260503-101634,-OrhS59TvhK_K464os1-,2026-05-03 10:48:18+00:00,1777805298000,1854,26.45295,46.06392,10.02065,44592,True,101.21293,3
20260503-101634,-OrhS5wMONSwHfxk2aMM,2026-05-03 10:48:43+00:00,1777805323000,1880,26.44801,45.96158,10.02051,42383,True,135.88156,3
20260503-101634,-OrhS8ruJ_9xtBqQTLu3,2026-05-03 10:48:55+00:00,1777805335000,1892,26.46397,45.50671,10.02076,53814,True,171.4919,3
20260503-101634,-OrhSBnGDjWIYs37norP,2026-05-03 10:49:07+00:00,1777805347000,1904,26.49947,45.15334,10.02095,64508,True,125.92647,3
20260503-101634,-OrhSEhsNfcoBRVBImsS,2026-05-03 10:49:19+00:00,1777805359000,1916,26.50201,45.17647,10.02067,69428,True,96.89304,3
20260503-101634,-OrhSHfY_BKgr_q7Rh70,2026-05-03 10:49:32+00:00,1777805372000,1928,26.50201,45.22181,10.02065,71381,True,83.38431,3
20260503-101634,-OrhSKaiNamiPm1EJm2J,2026-05-03 10:49:44+00:00,1777805384000,1940,26.51215,45.2795,10.0206,72935,True,75.00296,3
20260503-101634,-OrhSNXhZ36pDAhis6o-,2026-05-03 10:49:56+00:00,1777805396000,1952,26.51976,45.26283,10.02071,73900,True,70.08559,3
20260503-101634,-OrhSQVNaplfnjhLz48e,2026-05-03 10:50:08+00:00,1777805408000,1964,26.52229,45.1759,10.02063,74624,True,66.65306,3
20260503-101634,-OrhSTPjJUjD2zz8hWnY,2026-05-03 10:50:20+00:00,1777805420000,1976,26.52483,45.09701,10.02074,75160,True,64.45222,3
20260503-101634,-OrhSWVutyIM5E0ExCw1,2026-05-03 10:50:32+00:00,1777805432000,1988,26.52736,45.02417,10.02067,75567,True,62.92038,3
20260503-101634,-OrhSZFD1S0BcdqfIc8h,2026-05-03 10:50:44+00:00,1777805444000,2000,26.52736,45.01545,10.02069,75910,True,61.74101,3
20260503-101634,-OrhSbAqZ5q_daefEo1o,2026-05-03 10:50:56+00:00,1777805456000,2012,26.5299,45.03706,10.02068,76255,True,60.61168,3
20260503-101634,-OrhSe64r-Es8OPkcUg4,2026-05-03 10:51:08+00:00,1777805468000,2024,26.52736,45.04844,10.02064,76464,True,59.70368,3
20260503-101634,-OrhSh1nG-Q8DLeAx8wm,2026-05-03 10:51:20+00:00,1777805480000,2036,26.53751,45.00359,10.02063,76956,True,58.88679,3
20260503-101634,-OrhSjy8NM1jGaXOFnHn,2026-05-03 10:51:32+00:00,1777805492000,2048,26.54004,44.92381,10.02056,76744,True,58.66917,3
20260503-101634,-OrhSmthnqPVHDlBz2Kc,2026-05-03 10:51:44+00:00,1777805504000,2060,26.53243,44.96121,10.02051,77097,True,58.26902,3
20260503-101634,-OrhSpsh7ixM0MHyMuV4,2026-05-03 10:51:56+00:00,1777805516000,2072,26.53497,45.07426,10.02053,76956,True,58.01258,3
20260503-101634,-OrhSslHzNJjXismZRHb,2026-05-03 10:52:08+00:00,1777805528000,2084,26.53497,45.1089,10.02066,76885,True,57.9813,3
20260503-101634,-OrhSviu_1nXAGDF8CgB,2026-05-03 10:52:20+00:00,1777805540000,2096,26.52736,45.00866,10.02041,77169,True,57.58548,3
20260503-101634,-OrhSybbLDA5B9KjX4yR,2026-05-03 10:52:32+00:00,1777805552000,2108,26.53497,44.96388,10.02067,77240,True,57.34174,3
20260503-101634,-OrhT0Zfs-Jqdb6m0FtI,2026-05-03 10:52:44+00:00,1777805564000,2120,26.5299,45.05585,10.0205,76815,True,57.69908,3
20260503-101634,-OrhT3U8gmnNEUdZpEra,2026-05-03 10:52:56+00:00,1777805576000,2132,26.53751,45.07768,10.02048,77169,True,57.39193,3
20260503-101634,-OrhT6PuBekPMeQv57zO,2026-05-03 10:53:08+00:00,1777805588000,2144,26.54258,45.11663,10.02062,77240,True,56.97458,3
20260503-101634,-OrhT9Ktw5ZyTLwW1dgp,2026-05-03 10:53:20+00:00,1777805600000,2156,26.54511,45.38745,10.02085,76956,True,57.24655,3
20260503-101634,-OrhTCGMcM0NtU1zN_10,2026-05-03 10:53:32+00:00,1777805612000,2168,26.54004,45.31584,10.02058,77027,True,57.5513,3
20260503-101634,-OrhTa-fiEovOYX9rPrl,2026-05-03 10:55:12+00:00,1777805712000,2268,26.45383,45.52056,10.02057,49198,True,174.56978,3
20260503-101634,-OrhTcbz3rAz0vDxGUZp,2026-05-03 10:55:24+00:00,1777805724000,2280,26.47665,45.27177,10.02076,61886,True,137.32372,3
20260503-101634,-OrhTfXwUDXM_xa3FD_1,2026-05-03 10:55:36+00:00,1777805736000,2292,26.48426,45.12718,10.02065,67743,True,105.13432,3
20260503-101634,-OrhTiTdqTgMAxrGVJwe,2026-05-03 10:55:48+00:00,1777805748000,2304,26.4944,45.07191,10.02069,70777,True,87.40164,3
20260503-101634,-OrhTlOxklrXKdP-EuXv,2026-05-03 10:56:00+00:00,1777805760000,2316,26.50454,45.13668,10.02061,72180,True,77.82905,3
20260503-101634,-OrhToL0cL66DSEovaXd,2026-05-03 10:56:12+00:00,1777805772000,2328,26.49947,45.16638,10.02063,73640,True,72.36829,3
20260503-101634,-OrhTrGCZB5mzbLoTUGo,2026-05-03 10:56:24+00:00,1777805784000,2340,26.50961,45.09492,10.02058,74228,True,68.62115,3
20260503-101634,-OrhTuBizyp8n4e5L5Dp,2026-05-03 10:56:36+00:00,1777805796000,2352,26.51468,45.04208,10.02058,75228,True,65.46542,3
20260503-101634,-OrhTxKqiGhIW2PscyXH,2026-05-03 10:56:48+00:00,1777805808000,2364,26.51976,45.04964,10.02053,75431,True,63.85542,3
20260503-101634,-OrhU-2fgpYNHQ27Liin,2026-05-03 10:57:00+00:00,1777805820000,2376,26.52736,45.04104,10.02085,75841,True,62.43275,3
20260503-101634,-OrhU1zQ07rV3AVeLE_2,2026-05-03 10:57:12+00:00,1777805832000,2388,26.51976,45.00803,10.02048,76116,True,61.7351,3
20260503-101634,-OrhU4uNJYe59Dg6RwIM,2026-05-03 10:57:24+00:00,1777805844000,2400,26.52229,45.02102,10.02054,76394,True,60.28404,3
20260503-101634,-OrhU7q4SDVZNcBZPgV0,2026-05-03 10:57:36+00:00,1777805856000,2412,26.52736,44.94582,10.0205,76394,True,59.89471,3
20260503-101634,-OrhUAlTLqSs49H16o69,2026-05-03 10:57:48+00:00,1777805868000,2424,26.52736,44.96616,10.02046,76744,True,58.73689,3
20260503-101634,-OrhUDh3QIOSNqIHcRdm,2026-05-03 10:58:00+00:00,1777805880000,2436,26.52483,44.93519,10.02055,77169,True,58.08407,3
20260503-101634,-OrhUGcTY7UIc7LQSB5h,2026-05-03 10:58:12+00:00,1777805892000,2448,26.53243,44.91986,10.02061,77240,True,57.49062,3
20260503-101634,-OrhUJYwxApYSVi_r7Rp,2026-05-03 10:58:24+00:00,1777805904000,2460,26.53751,44.94268,10.02036,77311,True,57.09551,3
20260503-101634,-OrhUMUQG5pgcfYKjTkP,2026-05-03 10:58:36+00:00,1777805916000,2472,26.53751,44.89629,10.02056,77027,True,57.16325,3
20260503-101634,-OrhUPPywmH5FmLnIyoj,2026-05-03 10:58:48+00:00,1777805928000,2484,26.53243,44.93367,10.02032,77454,True,56.97316,3
20260503-101634,-OrhUSLbvfynZGJnZIIE,2026-05-03 10:59:00+00:00,1777805940000,2496,26.5299,44.98479,10.02038,77311,True,56.84317,3
20260503-101634,-OrhUVGx0MtA5FHAsEN-,2026-05-03 10:59:12+00:00,1777805952000,2508,26.53751,44.89563,10.02045,77311,True,56.71545,3
20260503-101634,-OrhUYCXbrANd9yrxPDO,2026-05-03 10:59:24+00:00,1777805964000,2520,26.53497,44.87366,10.02029,77670,True,55.98342,3
20260503-101634,-OrhUa8WGZfX1lxE2Vz-,2026-05-03 10:59:36+00:00,1777805976000,2532,26.53497,44.88303,10.02027,77311,True,56.57018,3
20260503-101634,-OrhUd6p4NQrm9CYEFkq,2026-05-03 10:59:48+00:00,1777805988000,2544,26.53751,44.92492,10.02022,77097,True,56.92643,3
20260503-101634,-OrhUgqNobI-f6UNZlZR,2026-05-03 11:00:00+00:00,1777806000000,2556,26.53497,44.89707,10.02015,77959,True,55.71748,3
20260503-101634,-OrhUkAmNFVzp44ZtiSY,2026-05-03 11:00:16+00:00,1777806016000,2573,26.59213,44.75199,10.02041,77886,True,55.51693,3
20260503-101634,-OrhUmwL4MJmtY6VvNUY,2026-05-03 11:00:28+00:00,1777806028000,2585,26.50454,45.33147,10.0202,68240,True,92.55061,3
20260503-101634,-OrhUprxU9GkVZZAxwab,2026-05-03 11:00:40+00:00,1777806040000,2597,26.51215,45.12143,10.02022,73575,True,77.70003,3
20260503-101634,-OrhUsnSGH4JqTpmXeUM,2026-05-03 11:00:52+00:00,1777806052000,2609,26.51722,44.96448,10.02023,75431,True,67.58659,3
20260503-101634,-OrhUvmx4KWqipH4J9MC,2026-05-03 11:01:04+00:00,1777806064000,2621,26.51976,44.94813,10.0202,76047,True,62.45466,3
20260503-101634,-OrhUyeYT11GUJoownmu,2026-05-03 11:01:16+00:00,1777806076000,2633,26.52229,44.90889,10.02014,76815,True,59.58489,3
20260503-101634,-OrhV0a9wfSMtlvIbXhy,2026-05-03 11:01:28+00:00,1777806088000,2645,26.52736,44.91458,10.02004,76956,True,58.62201,3
20260503-101634,-OrhV3WL-q4CZMnr0_Ck,2026-05-03 11:01:40+00:00,1777806100000,2657,26.52736,44.96337,10.02015,77311,True,58.11378,3
20260503-101634,-OrhV6SGL-mTctVuNA9v,2026-05-03 11:01:52+00:00,1777806112000,2669,26.52229,44.97667,10.01996,77027,True,56.79317,3
20260503-101634,-OrhV9NHfrUN3QxS3fLm,2026-05-03 11:02:04+00:00,1777806124000,2681,26.52483,44.96008,10.02011,77311,True,56.51756,3
20260503-101634,-OrhVCImo32HfHukEiqn,2026-05-03 11:02:16+00:00,1777806136000,2693,26.52736,44.95741,10.0199,77169,True,56.73218,3
20260503-101634,-OrhVFEEqtzIX6tBlf5g,2026-05-03 11:02:28+00:00,1777806148000,2705,26.52736,44.89069,10.01997,77382,True,56.63273,3
20260503-101634,-OrhVI9ZAjmUVppV8wa9,2026-05-03 11:02:40+00:00,1777806160000,2717,26.52736,44.8517,10.02001,77959,True,55.6395,3
20260503-101634,-OrhVL5IIOT0_TIXrtcz,2026-05-03 11:02:52+00:00,1777806172000,2729,26.5299,45.01876,10.02012,77670,True,55.61171,3
20260503-101634,-OrhVQZrrAfp8HgA-F07,2026-05-03 11:03:04+00:00,1777806184000,2741,26.52483,45.03805,10.02018,77670,True,55.67309,3
20260503-101634,-OrhVRKQGufiwy2AXZ73,2026-05-03 11:03:18+00:00,1777806198000,2754,26.5827,44.8436,10.02024,77742,True,55.60258,3
20260503-101634,-OrhVUGsCJqdFYBxjgGj,2026-05-03 11:03:30+00:00,1777806210000,2766,26.49947,45.04494,10.02028,70184,True,85.93933,3
20260503-101634,-OrhVXCR7-wxKjV24tB1,2026-05-03 11:03:42+00:00,1777806222000,2778,26.51468,44.97736,10.02042,74096,True,74.24904,3
20260503-101634,-OrhV_9TlqSrRLC2LAQB,2026-05-03 11:03:54+00:00,1777806234000,2790,26.51976,45.03166,10.02043,75772,True,65.84415,3
20260503-101634,-OrhVc36srejHSa24Pbb,2026-05-03 11:04:06+00:00,1777806246000,2802,26.51722,44.94626,10.02032,76674,True,60.92788,3
20260503-101634,-OrhVeyk7jUVh-ec-F_b,2026-05-03 11:04:18+00:00,1777806258000,2814,26.51976,44.852,10.02022,77097,True,58.94283,3
20260503-101634,-OrhViF55QFmefm1bMD8,2026-05-03 11:04:30+00:00,1777806270000,2826,26.51722,44.88726,10.02027,77311,True,57.91499,3
20260503-101634,-OrhVkpmpWU_fv531n9N,2026-05-03 11:04:42+00:00,1777806282000,2838,26.52736,44.84961,10.02059,77598,True,56.66356,3
20260503-101634,-OrhVnlFhaFZIXSvMYVL,2026-05-03 11:04:54+00:00,1777806294000,2850,26.52483,44.76118,10.02055,77814,True,56.25424,3
20260503-101634,-OrhVqh-ZEGjBy5ue1ze,2026-05-03 11:05:06+00:00,1777806306000,2862,26.52229,44.78189,10.02056,77959,True,55.78788,3
20260503-101634,-OrhVtcDQa5wyCq2hh6l,2026-05-03 11:05:18+00:00,1777806318000,2874,26.52229,44.88623,10.02061,78031,True,55.32457,3
20260503-101634,-OrhVwYwl6ZjhY83wMFx,2026-05-03 11:05:30+00:00,1777806330000,2886,26.52483,44.88779,10.02062,77670,True,56.04325,3
20260503-101634,-OrhVzUYL9BpnsyGUADw,2026-05-03 11:05:42+00:00,1777806342000,2898,26.52229,44.88862,10.02056,78177,True,55.59864,3
20260503-101634,-OrhW1PufxdzD8o7VDNU,2026-05-03 11:05:54+00:00,1777806354000,2910,26.51722,44.81939,10.02058,78104,True,55.05936,3
20260503-101634,-OrhW4YpED5LYf-tqe9o,2026-05-03 11:06:06+00:00,1777806366000,2922,26.52736,44.80169,10.02066,78104,True,54.8805,3
20260503-101634,-OrhW7H3Ipp3Ro8k4jpT,2026-05-03 11:06:18+00:00,1777806378000,2934,26.51976,44.96085,10.02068,77959,True,55.13422,3
20260503-101634,-OrhWACQqWdiZVMa4JWh,2026-05-03 11:06:30+00:00,1777806390000,2946,26.5299,44.89824,10.02085,77814,True,55.65294,3
20260503-101634,-OrhWD80RsVmgOovXApj,2026-05-03 11:06:42+00:00,1777806402000,2958,26.52736,44.81698,10.02073,78250,True,55.14172,3
20260503-101634,-OrhWG3PPZuw39Q7GFYA,2026-05-03 11:06:54+00:00,1777806414000,2970,26.5299,44.77044,10.02091,78104,True,55.30503,3
20260503-101634,-OrhWIzjHPq5OfgQQNGQ,2026-05-03 11:07:06+00:00,1777806426000,2982,26.52736,44.82492,10.02103,78250,True,54.89721,3
20260503-101634,-OrhWLvL06Ff3e8pEEAF,2026-05-03 11:07:18+00:00,1777806438000,2994,26.51976,44.92012,10.02062,77886,True,55.37393,3
20260503-101634,-OrhWPHS_EEhEHt4LG71,2026-05-03 11:07:30+00:00,1777806450000,3006,26.52736,44.8512,10.0208,78250,True,54.82331,3
20260503-101634,-OrhWRmC_4YdsSdpgjbT,2026-05-03 11:07:42+00:00,1777806462000,3018,26.51976,44.8812,10.02076,78031,True,55.17308,3
20260503-101634,-OrhWUjh7Zq8NGuW_Msx,2026-05-03 11:07:54+00:00,1777806474000,3030,26.52229,44.88166,10.0207,78031,True,55.15846,3
20260503-101634,-OrhWXeDC6zutT-CVhQP,2026-05-03 11:08:06+00:00,1777806486000,3042,26.52736,44.78145,10.02064,77959,True,55.12009,3
20260503-101634,-OrhW_bXZPLItrd0rCHw,2026-05-03 11:08:18+00:00,1777806498000,3054,26.52736,44.77039,10.0208,78177,True,54.91751,3
20260503-101634,-OrhWcbcBRpNImZkZOyZ,2026-05-03 11:08:30+00:00,1777806510000,3066,26.49693,45.02461,10.02085,72556,True,66.22503,3
20260503-101634,-OrhWfW6M1TMxJwgsq1v,2026-05-03 11:08:42+00:00,1777806522000,3078,26.51215,44.82965,10.0206,76394,True,63.02452,3
20260503-101634,-OrhWiRKrGS3AL4iEoH3,2026-05-03 11:08:54+00:00,1777806534000,3090,26.51976,44.77478,10.02057,77454,True,58.68867,3
20260503-101634,-OrhWl_4wTNmT6BrgVTz,2026-05-03 11:09:06+00:00,1777806546000,3102,26.51722,44.78977,10.02055,77311,True,57.73402,3
20260503-101634,-OrhWoIh1K2EiHtsEOmJ,2026-05-03 11:09:18+00:00,1777806558000,3114,26.52229,44.76541,10.02091,77886,True,56.36618,3
20260503-101634,-OrhWrDgHy9jqhpJu_Lx,2026-05-03 11:09:30+00:00,1777806570000,3126,26.51976,44.76829,10.02064,77886,True,55.84626,3
20260503-101634,-OrhWu9FnS-9KqgFOejV,2026-05-03 11:09:42+00:00,1777806582000,3138,26.52229,44.72605,10.02068,78397,True,54.9343,3
20260503-101634,-OrhWx4judCh_BNN2Uh3,2026-05-03 11:09:54+00:00,1777806594000,3150,26.51976,44.78622,10.0208,77598,True,55.36868,3
20260503-101634,-OrhX-0307HOQGH4MFEF,2026-05-03 11:10:06+00:00,1777806606000,3162,26.52229,44.79066,10.02066,78104,True,55.17081,3
20260503-101634,-OrhX1wqGuitRCMOSA-k,2026-05-03 11:10:18+00:00,1777806618000,3174,26.51976,44.72898,10.02059,78104,True,54.89518,3
20260503-101634,-OrhX4sKnOcbSUVess3s,2026-05-03 11:10:30+00:00,1777806630000,3186,26.52229,44.71621,10.02056,78323,True,54.20329,3
20260503-101634,-OrhX7qkoeMrIkyPlm1H,2026-05-03 11:10:42+00:00,1777806642000,3198,26.5299,44.74839,10.0207,78031,True,54.92787,3
20260503-101634,-OrhXAkdW8E1ohdAGIHl,2026-05-03 11:10:54+00:00,1777806654000,3210,26.52483,44.75786,10.02067,78031,True,54.90419,3
20260503-101634,-OrhXDfWPStnBcY8DQBi,2026-05-03 11:11:06+00:00,1777806666000,3222,26.51722,44.80452,10.02044,77959,True,55.04327,3
20260503-101634,-OrhXGaqXNgObjZke40E,2026-05-03 11:11:18+00:00,1777806678000,3235,26.51976,44.88139,10.02038,77814,True,55.30427,3
20260503-101634,-OrhXJXeiS8B2xK02s8V,2026-05-03 11:11:30+00:00,1777806690000,3247,26.51976,44.90613,10.0205,78104,True,55.06383,3
20260503-101634,-OrhXMVCXg_Fnb_Tu8mL,2026-05-03 11:11:42+00:00,1777806702000,3259,26.51722,44.78125,10.02032,78397,True,54.5708,3
20260503-101634,-OrhXPOC8P-_fvPx9wup,2026-05-03 11:11:54+00:00,1777806714000,3271,26.51215,44.76382,10.02036,77959,True,54.94709,3
20260503-101634,-OrhXT1NH8LPaMpHygQJ,2026-05-03 11:12:06+00:00,1777806726000,3283,26.51976,44.72401,10.02053,78031,True,54.73002,3
20260503-101634,-OrhXVHIJz4zOc8iVqot,2026-05-03 11:12:18+00:00,1777806738000,3295,26.52483,44.80022,10.02056,77814,True,55.27834,3
20260503-101634,-OrhXYBP7qf6k9TI5Eck,2026-05-03 11:12:30+00:00,1777806750000,3307,26.51722,44.77319,10.02035,78104,True,54.66134,3
20260503-101634,-OrhXa6qvsIojPKVW_si,2026-05-03 11:12:42+00:00,1777806762000,3319,26.51976,44.67995,10.02043,78397,True,54.72154,3
20260503-101634,-OrhXd275Lgtz2Rt8eiM,2026-05-03 11:12:54+00:00,1777806774000,3331,26.51722,44.70133,10.02039,78397,True,54.48398,3
20260503-101634,-OrhXsynJdU-nqighyAg,2026-05-03 11:13:40+00:00,1777806820000,3376,26.47209,45.51082,10.02023,60500,True,75.69547,3
20260503-101634,-OrhXtjL46D_V1k_e_i4,2026-05-03 11:14:02+00:00,1777806842000,3399,26.43971,45.79238,10.02032,47043,True,110.89579,3
20260503-101634,-OrhXwehe-Xa0PH0wpHA,2026-05-03 11:14:14+00:00,1777806854000,3411,26.4589,45.3166,10.02044,57273,True,152.73651,3
20260503-101634,-OrhXzaCRhJRnx9Nprjm,2026-05-03 11:14:26+00:00,1777806866000,3423,26.47665,45.17339,10.02044,66985,True,113.97057,3
20260503-101634,-OrhY1WhhcWzLrH2SWlN,2026-05-03 11:14:38+00:00,1777806878000,3435,26.47665,45.14065,10.02032,71441,True,88.78656,3
20260503-101634,-OrhY4SA48DSk7sCVOYB,2026-05-03 11:14:50+00:00,1777806890000,3447,26.48933,44.96758,10.02043,73770,True,75.81997,3
20260503-101634,-OrhY7mVga0LbuvWeU6_,2026-05-03 11:15:02+00:00,1777806902000,3459,26.49693,44.93214,10.02027,74558,True,68.93703,3
20260503-101634,-OrhYAfJnfhDgZnnIaSW,2026-05-03 11:15:14+00:00,1777806914000,3471,26.49693,44.92281,10.02043,75431,True,64.8578,3
20260503-101634,-OrhYDEsuIdfrAAPHRFt,2026-05-03 11:15:26+00:00,1777806926000,3483,26.49947,44.93695,10.02031,76325,True,62.30814,3
20260503-101634,-OrhYGAKA9dGWga6EU0L,2026-05-03 11:15:38+00:00,1777806938000,3495,26.49947,44.92548,10.02019,76674,True,60.34852,3
20260503-101634,-OrhYJ5qjsX_SVwhh3Jz,2026-05-03 11:15:50+00:00,1777806950000,3507,26.49947,44.81007,10.02023,77097,True,59.43959,3
20260503-101634,-OrhYM2sP8qSrlc6XApa,2026-05-03 11:16:02+00:00,1777806962000,3519,26.50708,44.84046,10.02037,76956,True,58.60435,3
20260503-101634,-OrhYOxqx2HJGOAELz39,2026-05-03 11:16:14+00:00,1777806974000,3531,26.50708,44.77033,10.02016,77526,True,57.80089,3
20260503-101634,-OrhYRtARFMBliGCl3W1,2026-05-03 11:16:26+00:00,1777806986000,3543,26.50454,44.7942,10.02005,77311,True,57.18967,3
20260503-101634,-OrhYUornHFRKG2lEAwE,2026-05-03 11:16:38+00:00,1777806998000,3555,26.50708,44.72511,10.02031,78104,True,55.93792,3
20260503-101634,-OrhYXkDAHIQHG2-QRl9,2026-05-03 11:16:50+00:00,1777807010000,3567,26.50708,44.77861,10.02026,77598,True,56.09136,3
20260503-101634,-OrhY_fnehMRnrqfAxxT,2026-05-03 11:17:02+00:00,1777807022000,3579,26.50961,44.95554,10.02025,77240,True,56.77585,3
20260503-101634,-OrhYcb8u0vD2UIUDhtW,2026-05-03 11:17:14+00:00,1777807034000,3591,26.51215,45.03028,10.02024,77886,True,56.60521,3
20260503-101634,-OrhYfXq2U6bsUCW4mzs,2026-05-03 11:17:26+00:00,1777807046000,3603,26.51215,44.93889,10.02024,77742,True,56.38353,3
20260503-101634,-OrhYi2isXTpUdOsFzbs,2026-05-03 11:17:37+00:00,1777807057000,3613,26.42594,45.49977,10.02019,68240,True,67.05453,3
20260503-101634,-OrhYkzXXmh2JBFP3qYg,2026-05-03 11:17:49+00:00,1777807069000,3625,26.49947,45.11139,10.02014,75160,True,68.73958,3
20260503-101634,-OrhYnuldLA6GHsUaBqU,2026-05-03 11:18:01+00:00,1777807081000,3637,26.50961,44.92649,10.0203,76815,True,62.00463,3
20260503-101634,-OrhYqqDenw85fCY6P9h,2026-05-03 11:18:13+00:00,1777807093000,3649,26.50454,44.95814,10.02043,77670,True,58.48811,3
20260503-101634,-OrhYutsXq2xvjburNeP,2026-05-03 11:18:25+00:00,1777807105000,3661,26.50961,44.93841,10.02025,77454,True,57.39103,3
20260503-101634,-OrhYwexNpUROIapiI-6,2026-05-03 11:18:35+00:00,1777807115000,3672,26.4234,45.45459,10.02022,67199,True,68.59303,3
20260503-101634,-OrhYzJot6yPiFqqTGsl,2026-05-03 11:18:47+00:00,1777807127000,3684,26.49693,44.87054,10.02048,74958,True,69.8653,3
20260503-101634,-OrhZ1FI9WmssEcu0BcN,2026-05-03 11:18:59+00:00,1777807139000,3696,26.50454,44.81433,10.0204,76534,True,62.81423,3
20260503-101634,-OrhZ4Ajti4RYNdzZkps,2026-05-03 11:19:11+00:00,1777807151000,3708,26.50201,44.89551,10.02027,77097,True,59.17455,3
20260503-101634,-OrhZ76VqXqaen4MNOra,2026-05-03 11:19:23+00:00,1777807163000,3720,26.49947,44.86798,10.02009,77526,True,57.38344,3
20260503-101634,-OrhZ9kk8m9X6nmLki-K,2026-05-03 11:19:34+00:00,1777807174000,3731,26.42594,45.32748,10.02033,67525,True,67.88033,3
20260503-101634,-OrhZCdWh_qx_0nk9Oe2,2026-05-03 11:19:46+00:00,1777807186000,3743,26.49947,44.89767,10.02037,74758,True,69.91571,3
20260503-101634,-OrhZF_DiPMnzrOJPs8g,2026-05-03 11:19:58+00:00,1777807198000,3755,26.49947,44.83163,10.02031,76815,True,62.65564,3
20260503-101634,-OrhZIWZ9kUJ3LWgmt0m,2026-05-03 11:20:10+00:00,1777807210000,3767,26.50201,44.78594,10.02044,76885,True,59.54427,3
20260503-101634,-OrhZLRzuU9uzzhcNx0z,2026-05-03 11:20:22+00:00,1777807222000,3779,26.50201,44.7623,10.0203,77886,True,56.97326,3
20260503-101634,-OrhZOMfk0EwYojynviL,2026-05-03 11:20:34+00:00,1777807234000,3791,26.50708,44.74232,10.0204,77742,True,56.30273,3
20260503-101634,-OrhZRINbiolQ3kymACN,2026-05-03 11:20:46+00:00,1777807246000,3803,26.50454,44.75647,10.02038,78104,True,55.27988,3
20260503-101634,-OrhZUES8FZel6ocM5VB,2026-05-03 11:20:58+00:00,1777807258000,3815,26.50961,44.75782,10.02048,77886,True,55.02917,3
20260503-101634,-OrhZXBSGFyrEQ-xaP-s,2026-05-03 11:21:10+00:00,1777807270000,3827,26.50454,44.82419,10.02045,78104,True,55.17563,3
20260503-101634,-OrhZ_ij9dESvjZuvVjC,2026-05-03 11:21:23+00:00,1777807283000,3840,26.56451,44.6927,10.02028,77886,True,55.29995,3
20260503-101634,-OrhZcLoJWtPJKj-qYp0,2026-05-03 11:21:35+00:00,1777807295000,3852,26.47919,44.93673,10.02034,70658,True,84.63136,3
20260503-101634,-OrhZfBkNEA2T5Lzb0mW,2026-05-03 11:21:47+00:00,1777807307000,3864,26.50201,44.77821,10.02055,74891,True,72.40271,3
20260503-101634,-OrhZi8qzKpKNmkPrvaV,2026-05-03 11:21:59+00:00,1777807319000,3876,26.49693,44.77296,10.02048,76534,True,63.99395,3
20260503-101634,-OrhZl3cEhXbadS95YGX,2026-05-03 11:22:11+00:00,1777807331000,3888,26.49947,44.74855,10.02051,76885,True,59.97364,3
20260503-101634,-OrhZnyz6y7U1XfgSjTn,2026-05-03 11:22:23+00:00,1777807343000,3900,26.50454,44.78994,10.02038,77454,True,58.30839,3
20260503-101634,-OrhZqv05ymruoeChiJp,2026-05-03 11:22:35+00:00,1777807355000,3912,26.50708,44.78395,10.02047,77382,True,57.19489,3
20260503-101634,-OrhZtpyrc6YP_M9eaTt,2026-05-03 11:22:47+00:00,1777807367000,3924,26.50454,44.78266,10.02048,77886,True,56.25388,3
20260503-101634,-OrhZwlhXRw6zv6UQlcd,2026-05-03 11:22:59+00:00,1777807379000,3936,26.50708,44.72091,10.02037,78104,True,55.59068,3
20260503-101634,-OrhZzhXieUqEjirdAvY,2026-05-03 11:23:11+00:00,1777807391000,3948,26.50708,44.68226,10.02028,78104,True,55.42681,3
20260503-101634,-Orh_1e0jIdmG-okAz_-,2026-05-03 11:23:23+00:00,1777807403000,3960,26.50961,44.77493,10.02034,77814,True,55.58844,3
20260503-101634,-Orh_4Z4m1o9HGigHnT6,2026-05-03 11:23:35+00:00,1777807415000,3972,26.50708,44.80505,10.02056,77742,True,55.87767,3
20260503-101634,-Orh_7UWRg9IsFXOsjg5,2026-05-03 11:23:47+00:00,1777807427000,3984,26.50961,44.83068,10.02051,78323,True,54.90918,3
20260503-101634,-Orh_AQ5xVfF14MlVYiq,2026-05-03 11:23:59+00:00,1777807439000,3996,26.50454,44.74511,10.02057,78177,True,54.75595,3
20260503-101634,-Orh_DLXblYr3XMnoNH8,2026-05-03 11:24:11+00:00,1777807451000,4008,26.50708,44.70109,10.02042,78397,True,54.31997,3
20260503-101634,-Orh_GHofTmWuod3VScI,2026-05-03 11:24:23+00:00,1777807463000,4020,26.50961,44.6888,10.02049,78914,True,53.79459,3
20260503-101634,-Orh_JCRoySKjJtTN_rq,2026-05-03 11:24:35+00:00,1777807475000,4032,26.50961,44.67894,10.02037,78544,True,54.07671,3
20260503-101634,-Orh_XZ-P8c6Bg0skH3K,2026-05-03 11:24:47+00:00,1777807487000,4044,26.50454,44.67792,10.02031,78544,True,53.95751,3
20260503-101634,-Orh_YJtMTmR02tB58Gn,2026-05-03 11:25:37+00:00,1777807537000,4094,26.56694,44.48281,10.02015,78250,True,54.19568,3
20260503-101634,-Orh_aFQdAlyrMU7Bvg_,2026-05-03 11:25:49+00:00,1777807549000,4106,26.44115,45.23202,10.02029,56084,True,146.14682,3
20260503-101634,-Orh_dAyAhn8A1vqXTp2,2026-05-03 11:26:01+00:00,1777807561000,4118,26.4589,44.93525,10.0201,66718,True,115.05375,3
20260503-101634,-Orh_g7_hgiNDMegjg9Y,2026-05-03 11:26:13+00:00,1777807573000,4130,26.47158,44.83444,10.02013,71564,True,89.91593,3
20260503-101634,-Orh_j1t4oz5FcOTk_W9,2026-05-03 11:26:25+00:00,1777807585000,4142,26.47665,44.82031,10.02004,73705,True,76.04876,3
20260503-101634,-Orh_lyQj2_6G6m25I_W,2026-05-03 11:26:37+00:00,1777807597000,4154,26.47919,44.85165,10.02008,74891,True,69.54939,3
20260503-101634,-Orh_ou7kDu2KxRll5Qb,2026-05-03 11:26:49+00:00,1777807609000,4166,26.48426,44.79367,10.02003,75567,True,65.21259,3
20260503-101634,-Orh_rpRbOPmG4qV3msj,2026-05-03 11:27:01+00:00,1777807621000,4178,26.48172,44.70571,10.01991,75910,True,62.88298,3
20260503-101634,-Orh_ulPMR_QVfqWz4OD,2026-05-03 11:27:13+00:00,1777807633000,4190,26.49187,44.65622,10.01982,76885,True,60.28323,3
20260503-101634,-Orh_xgSj-vpqAfkuQiW,2026-05-03 11:27:25+00:00,1777807645000,4202,26.48933,44.7505,10.01955,76674,True,60.0885,3
20260503-101634,-Orha-bsVEHi_bdZ1kj2,2026-05-03 11:27:37+00:00,1777807657000,4214,26.48933,44.70816,10.01966,76956,True,58.97517,3
20260503-101634,-Orha2v387_3hg8jpBUW,2026-05-03 11:27:49+00:00,1777807669000,4226,26.48933,44.69858,10.01941,77311,True,58.16599,3
20260503-101634,-Orha5TrvE22LalTauqH,2026-05-03 11:28:01+00:00,1777807681000,4238,26.49693,44.7875,10.01954,77814,True,57.11486,3
20260503-101634,-Orha8PX3u8FaLPM5ddh,2026-05-03 11:28:13+00:00,1777807693000,4250,26.49947,44.73942,10.01966,77814,True,56.51586,3
20260503-101634,-OrhaBL1fEeWbtHu7Spu,2026-05-03 11:28:25+00:00,1777807705000,4262,26.49947,44.67146,10.01945,77454,True,56.9766,3
20260503-101634,-OrhaEGKivXcBilpgsr6,2026-05-03 11:28:37+00:00,1777807717000,4274,26.49693,44.8325,10.01941,77959,True,56.49216,3
20260503-101634,-OrhaHBo4oyuAvLrYfN_,2026-05-03 11:28:49+00:00,1777807729000,4286,26.49187,44.82725,10.01919,77959,True,56.12764,3
20260503-101634,-OrhaK87Oozc-PD681uh,2026-05-03 11:29:01+00:00,1777807741000,4298,26.49947,44.65549,10.01954,78250,True,55.22138,3
20260503-101634,-OrhaN2sPXpuLwCCJ_Pn,2026-05-03 11:29:13+00:00,1777807753000,4310,26.4944,44.64859,10.01948,78104,True,54.97225,3
20260503-101634,-OrhaPzWBd2ZYIP3zULr,2026-05-03 11:29:25+00:00,1777807765000,4322,26.49947,44.62789,10.01956,78397,True,54.80088,3
20260503-101634,-OrhaSvgVHovg6lneQ6Y,2026-05-03 11:29:37+00:00,1777807777000,4334,26.50201,44.703,10.01953,78104,True,55.27381,3
20260503-101634,-OrhaVr8JV0RfYPTbY6b,2026-05-03 11:29:49+00:00,1777807789000,4346,26.49947,44.71714,10.01944,78177,True,55.28307,3
20260503-101634,-OrhaYls_TYEyVa1Nunq,2026-05-03 11:30:01+00:00,1777807801000,4358,26.49947,44.66914,10.01945,78397,True,54.68364,3
20260503-101634,-OrhaahPPRs6oSY4SL2u,2026-05-03 11:30:13+00:00,1777807813000,4370,26.50454,44.66079,10.01962,78397,True,54.76304,3
20260503-101634,-Orhadd3BYIWMwJoP3iT,2026-05-03 11:30:25+00:00,1777807825000,4382,26.50454,44.67397,10.01961,78104,True,54.70876,3
20260503-101634,-Orhag_K7ho-bhtEgF1g,2026-05-03 11:30:37+00:00,1777807837000,4394,26.50454,44.81496,10.01955,77959,True,55.00655,3
20260503-101634,-OrhakA-lRJLjLWi1l0W,2026-05-03 11:30:50+00:00,1777807850000,4407,26.55944,44.712,10.01966,78177,True,54.96941,3
20260503-101634,-OrhamfDx7z7Dz9bOb2I,2026-05-03 11:31:02+00:00,1777807862000,4419,26.47919,45.06371,10.01964,70658,True,84.7019,3
20260503-101634,-OrhapauTRu-4MqVWs3O,2026-05-03 11:31:14+00:00,1777807874000,4431,26.48933,44.76304,10.01968,74891,True,71.87934,3
20260503-101634,-OrhasXIIjy0-p2y0jw0,2026-05-03 11:31:26+00:00,1777807886000,4443,26.49693,44.77945,10.0199,75978,True,64.49867,3
20260503-101634,-OrhavTL-2vcbofzqjHF,2026-05-03 11:31:38+00:00,1777807898000,4455,26.49947,44.83004,10.01987,76744,True,60.61919,3
20260503-101634,-OrhayOuoSSI6V-EcJ51,2026-05-03 11:31:50+00:00,1777807910000,4467,26.49693,44.74796,10.01968,77382,True,58.43691,3
20260503-101634,-Orhb0JkylJOvC1-5WZO,2026-05-03 11:32:02+00:00,1777807922000,4479,26.4868,44.88065,10.01957,77742,True,56.95645,3
20260503-101634,-Orhb3FGz7yQLo1o-GkG,2026-05-03 11:32:14+00:00,1777807934000,4491,26.49947,44.85619,10.01965,77526,True,56.78532,3
20260503-101634,-Orhb6Auz0TqcLWjZ6Dq,2026-05-03 11:32:26+00:00,1777807946000,4503,26.49187,44.7911,10.0196,77886,True,55.75616,3
20260503-101634,-Orhb96RjQ_Es3kBrsJm,2026-05-03 11:32:38+00:00,1777807958000,4515,26.50201,44.77104,10.01972,77526,True,56.41969,3
20260503-101634,-OrhbBwnTDmjAm_dt-Q9,2026-05-03 11:32:50+00:00,1777807970000,4526,26.553,44.64984,10.01993,77959,True,56.0959,3
20260503-101634,-OrhbF9ej6g4ouy_mDMb,2026-05-03 11:33:02+00:00,1777807982000,4538,26.47158,44.98508,10.01967,71381,True,82.16121,3
20260503-101634,-OrhbHnv3FAHXMNzB782,2026-05-03 11:33:14+00:00,1777807994000,4550,26.4868,44.79073,10.01957,75431,True,70.36812,3
20260503-101634,-OrhbKjs_mcrpWrCsrZ1,2026-05-03 11:33:26+00:00,1777808006000,4562,26.4944,44.74243,10.01976,76394,True,63.21795,3
20260503-101634,-OrhbNf5vgW2WGuIp0tK,2026-05-03 11:33:38+00:00,1777808018000,4574,26.4944,44.81396,10.01957,77027,True,59.60182,3
20260503-101634,-OrhbQaHRrKiCq35wShL,2026-05-03 11:33:50+00:00,1777808030000,4586,26.4944,44.86748,10.01978,77526,True,57.82914,3
20260503-101634,-OrhbUOw0DYyWWOX5nfU,2026-05-03 11:34:02+00:00,1777808042000,4598,26.4944,44.81355,10.01969,77526,True,56.9702,3
20260503-101634,-OrhbWPQfSL_I84yHPlY,2026-05-03 11:34:13+00:00,1777808053000,4610,26.41073,45.43624,10.01979,65930,True,70.45725,3
20260503-101634,-OrhbZLH6PLtRdYi2961,2026-05-03 11:34:25+00:00,1777808065000,4622,26.4868,45.00232,10.01958,74359,True,73.07146,3
20260503-101634,-OrhbbGBsa4HC-G1Yl4F,2026-05-03 11:34:37+00:00,1777808077000,4634,26.49187,44.80874,10.01956,76394,True,64.64679,3
20260503-101634,-OrhbeBgMGdaTgS2vaE0,2026-05-03 11:34:49+00:00,1777808089000,4646,26.49187,44.71302,10.01958,77526,True,59.75919,3
20260503-101634,-Orhbh7hnzhtVW0wqdxr,2026-05-03 11:35:01+00:00,1777808101000,4658,26.48933,44.7277,10.01962,77598,True,57.71137,3
20260503-101634,-Orhbk2tiqMyehzmPur2,2026-05-03 11:35:13+00:00,1777808113000,4670,26.4944,44.72776,10.01971,77814,True,56.35597,3
20260503-101634,-OrhbmzOhNdSzfv8AWu-,2026-05-03 11:35:25+00:00,1777808125000,4682,26.4944,44.63691,10.0195,77959,True,56.09331,3
20260503-101634,-Orhbpuq7z88u4NPTp4G,2026-05-03 11:35:37+00:00,1777808137000,4694,26.49693,44.6874,10.01955,77742,True,55.93407,3
20260503-101634,-OrhbsqAnM1g9pNEmYtt,2026-05-03 11:35:49+00:00,1777808149000,4706,26.49693,44.7759,10.01943,78397,True,54.82731,3
20260503-101634,-Orhbvlnl4sSSuCyhIaf,2026-05-03 11:36:01+00:00,1777808161000,4718,26.49947,44.77131,10.01958,78177,True,54.95364,3
20260503-101634,-OrhbyhK1bb5jHkFmsoo,2026-05-03 11:36:13+00:00,1777808173000,4730,26.50454,44.74603,10.0195,78177,True,54.91776,3
20260503-101634,-Orhc0cpU3TZW6s6-cO9,2026-05-03 11:36:25+00:00,1777808185000,4742,26.50201,44.70054,10.01958,77670,True,55.36098,3
20260503-101634,-Orhc3w1cM3xdeklFzN6,2026-05-03 11:36:37+00:00,1777808197000,4754,26.50201,44.66071,10.01967,78397,True,54.24052,3
20260503-101634,-Orhc6UrJBFRomlXEyIm,2026-05-03 11:36:49+00:00,1777808209000,4766,26.50201,44.65933,10.01949,78617,True,53.30269,3
20260503-101634,-Orhc9R6p-hKUkzfnCJd,2026-05-03 11:37:01+00:00,1777808221000,4778,26.4944,44.73377,10.01937,78914,True,53.79277,3
20260503-101634,-OrhcCoqMLrslLKephaI,2026-05-03 11:37:13+00:00,1777808233000,4790,26.49947,44.71891,10.01951,78397,True,54.28534,3
20260503-101634,-OrhcFHBPYqOXfqTi0iZ,2026-05-03 11:37:25+00:00,1777808245000,4802,26.50454,44.73726,10.01952,77959,True,54.94722,3
20260503-101634,-OrhcICrSHnMfMmDDF7E,2026-05-03 11:37:37+00:00,1777808257000,4814,26.49693,44.73191,10.01938,78250,True,54.84577,3
20260503-101634,-OrhcL88ITdUhKohggUo,2026-05-03 11:37:49+00:00,1777808269000,4826,26.4944,44.69004,10.0193,78323,True,54.46729,3
20260503-101634,-OrhcO3o_zMjCcefplKs,2026-05-03 11:38:01+00:00,1777808281000,4838,26.49947,44.74545,10.0193,78544,True,54.37548,3
20260503-101634,-OrhcR-VRJzZFSawG9Zt,2026-05-03 11:38:13+00:00,1777808293000,4850,26.49693,44.79744,10.01936,78323,True,54.52616,3
20260503-101634,-OrhcTvdr5lRD2m-cw3N,2026-05-03 11:38:25+00:00,1777808305000,4862,26.49947,44.74424,10.01945,78104,True,54.36902,3
20260503-101634,-OrhcWr717aS_7vWlAcq,2026-05-03 11:38:37+00:00,1777808317000,4874,26.49693,44.77774,10.01943,78177,True,54.60542,3
20260503-101634,-OrhcZnACiUNMkvOcO8Q,2026-05-03 11:38:49+00:00,1777808329000,4886,26.49947,44.74606,10.01938,78397,True,54.52924,3
20260503-101634,-Orhcc2MYeH1qW_J1WVB,2026-05-03 11:39:01+00:00,1777808341000,4898,26.49693,44.59124,10.01934,78397,True,54.27689,3
20260503-101634,-OrhcedaJVPFfOt8c0ry,2026-05-03 11:39:13+00:00,1777808353000,4910,26.4944,44.52252,10.01957,78470,True,54.24496,3
20260503-101634,-Orhch_FJJZnKXMdpm0z,2026-05-03 11:39:25+00:00,1777808365000,4922,26.49693,44.50333,10.0195,78691,True,54.28605,3
20260503-101634,-OrhckVkl4h3cm7W4NGf,2026-05-03 11:39:37+00:00,1777808377000,4934,26.49947,44.54759,10.01954,78177,True,54.3372,3
20260503-101634,-OrhcnRReJCYmEu9fGGW,2026-05-03 11:39:49+00:00,1777808389000,4946,26.49187,44.61791,10.01938,78323,True,54.08908,3
20260503-101634,-OrhcqMsNLqbb0ypWPmD,2026-05-03 11:40:01+00:00,1777808401000,4958,26.49947,44.58313,10.01945,78397,True,54.01895,3
20260503-101634,-OrhctI5_EuY8EemFBkz,2026-05-03 11:40:13+00:00,1777808413000,4970,26.49947,44.55414,10.01972,78544,True,54.03162,3
20260503-101634,-OrhcwSfFpxV661GpkFK,2026-05-03 11:40:25+00:00,1777808425000,4982,26.49693,44.59721,10.01932,78617,True,54.38421,3
20260503-101634,-Orhcz9Id2cRr0j5mnwq,2026-05-03 11:40:37+00:00,1777808437000,4994,26.50454,44.56378,10.01941,78323,True,54.28186,3
20260503-101634,-Orhd14ZNhl_ZxVElaZ7,2026-05-03 11:40:49+00:00,1777808449000,5006,26.4944,44.54684,10.0193,79137,True,53.37695,3
20260503-101634,-Orhd40RA_f2jnlKPR5t,2026-05-03 11:41:01+00:00,1777808461000,5018,26.50201,44.57539,10.01944,78691,True,53.72574,3
20260503-101634,-Orhd6wgZuU8nZZz1nWR,2026-05-03 11:41:13+00:00,1777808473000,5030,26.50201,44.58603,10.01928,78470,True,54.3215,3
20260503-101634,-Orhd9s9mfzODKhyqO1U,2026-05-03 11:41:25+00:00,1777808485000,5042,26.4944,44.62009,10.01934,78250,True,54.75669,3
20260503-101634,-OrhdCnq7ku9Q7dENiID,2026-05-03 11:41:37+00:00,1777808497000,5054,26.50454,44.53133,10.01938,78617,True,54.49178,3
20260503-101634,-OrhdFj5CSPAYiLTuCkW,2026-05-03 11:41:49+00:00,1777808509000,5066,26.49693,44.51988,10.01924,78397,True,54.53832,3
20260503-101634,-OrhdIecunwCmWIhhWXB,2026-05-03 11:42:01+00:00,1777808521000,5078,26.50201,44.50171,10.01934,78839,True,53.75619,3
20260503-101634,-OrhdLaEqVxJqx4l38DV,2026-05-03 11:42:13+00:00,1777808533000,5090,26.49693,44.578,10.01941,78617,True,54.0988,3
20260503-101634,-OrhdOWhpxGhhiUnzpzq,2026-05-03 11:42:25+00:00,1777808545000,5102,26.49693,44.57852,10.01918,78104,True,54.67881,3
20260503-101634,-OrhdRSYzdr-9LV5ZYHE,2026-05-03 11:42:37+00:00,1777808557000,5114,26.48933,44.57911,10.01919,78470,True,54.54525,3
20260503-101634,-OrhdUNh_Op8jqTIDb2w,2026-05-03 11:42:49+00:00,1777808569000,5126,26.4944,44.58879,10.0193,78988,True,54.34173,3
20260503-101634,-OrhdXJ1uJOzAZkMfeCH,2026-05-03 11:43:01+00:00,1777808581000,5138,26.49187,44.57504,10.01912,78914,True,53.97899,3
20260503-101634,-Orhd_Eujyi04VrRLiPc,2026-05-03 11:43:13+00:00,1777808593000,5150,26.50201,44.47219,10.01923,78765,True,54.14553,3
20260503-101634,-OrhddZsKvr6CsOhitJa,2026-05-03 11:43:26+00:00,1777808606000,5163,26.46397,44.79495,10.01934,72056,True,67.87926,3
20260503-101634,-Orhdf3rRlakPZZTn5fu,2026-05-03 11:43:37+00:00,1777808617000,5174,26.40058,45.27194,10.01938,65517,True,79.37466,3
20260503-101634,-Orhdhzp-pksIE8XL8u_,2026-05-03 11:43:49+00:00,1777808629000,5186,26.48933,44.81708,10.01952,74293,True,76.33607,3
20260503-101634,-OrhdkvKniGcgID_lbN3,2026-05-03 11:44:01+00:00,1777808641000,5198,26.49187,44.70908,10.01924,76464,True,66.42941,3
20260503-101634,-OrhdnrCWmvCVY6Z3I2_,2026-05-03 11:44:13+00:00,1777808653000,5210,26.47919,44.63368,10.01902,77169,True,60.654,3
20260503-101634,-OrhdqmLxeo_9AiOpIFA,2026-05-03 11:44:25+00:00,1777808665000,5222,26.4868,44.55859,10.01915,77814,True,57.83788,3
20260503-101634,-OrhdtjoZSL-rAW_16VE,2026-05-03 11:44:37+00:00,1777808677000,5234,26.48426,44.53611,10.01928,77886,True,56.79296,3
20260503-101634,-OrhdweGxMrzsvthMyR-,2026-05-03 11:44:49+00:00,1777808689000,5246,26.48426,44.5774,10.01923,78323,True,56.00084,3
20260503-101634,-OrhdzZvE9ZxpNByaecp,2026-05-03 11:45:01+00:00,1777808701000,5258,26.48426,44.50467,10.0193,78397,True,55.33461,3
20260503-101634,-Orhe1VOyVb5uBqgS_3B,2026-05-03 11:45:13+00:00,1777808713000,5270,26.49187,44.5431,10.01916,78470,True,54.68184,3
20260503-101634,-Orhe4Qo_KlldRn42tJ1,2026-05-03 11:45:25+00:00,1777808725000,5282,26.48426,44.57367,10.019,78470,True,55.36463,3
20260503-101634,-Orhe7MLO9mjmSdLAyEs,2026-05-03 11:45:37+00:00,1777808737000,5294,26.4868,44.61735,10.01904,77959,True,55.69284,3
20260503-101634,-OrheAJ7k7uwQRlfGgUK,2026-05-03 11:45:49+00:00,1777808749000,5306,26.49187,44.57708,10.01931,78397,True,55.08052,3
20260503-101634,-OrheDE8-3FfhofVpDRD,2026-05-03 11:46:01+00:00,1777808761000,5318,26.48933,44.52777,10.0191,78470,True,55.10411,3
20260503-101634,-OrheGB18pqDUkEu8fuz,2026-05-03 11:46:13+00:00,1777808773000,5330,26.48933,44.48587,10.01913,78617,True,54.50935,3
20260503-101634,-OrheJ4PZ3e4vJH7hFLJ,2026-05-03 11:46:25+00:00,1777808785000,5342,26.4868,44.47775,10.01918,78914,True,54.10661,3
20260503-101634,-OrheMENqu6YBgkdWQ7u,2026-05-03 11:46:37+00:00,1777808797000,5354,26.48172,44.48776,10.01894,78323,True,54.7061,3
20260503-101634,-OrheOy6cdlvr-pr7Rtw,2026-05-03 11:46:49+00:00,1777808809000,5366,26.4868,44.45645,10.01906,78765,True,54.37845,3
20260503-101634,-OrheRrxep0zreQlmuDt,2026-05-03 11:47:01+00:00,1777808821000,5378,26.48172,44.40592,10.01906,78617,True,54.39809,3
20260503-101634,-OrheUnI93-Ufbdyu3LL,2026-05-03 11:47:13+00:00,1777808833000,5390,26.4868,44.40753,10.01916,78104,True,54.66529,3
20260503-101634,-OrheXixG3xwPJula5Xe,2026-05-03 11:47:25+00:00,1777808845000,5402,26.48172,44.4944,10.01891,78914,True,53.85533,3
20260503-101634,-Orhe_f4lKlJnu2sidPp,2026-05-03 11:47:37+00:00,1777808857000,5414,26.48172,44.45512,10.01896,78544,True,54.30417,3
20260503-101634,-Orhec_sm_eyPUWS4w8T,2026-05-03 11:47:49+00:00,1777808869000,5426,26.48933,44.39995,10.01906,78914,True,54.19357,3
20260503-101634,-OrhefgV9C90LlY5iuzm,2026-05-03 11:48:02+00:00,1777808882000,5439,26.39044,45.12839,10.01915,65415,True,69.70491,3
20260503-101634,-OrheibudQJEXNES0mSJ,2026-05-03 11:48:14+00:00,1777808894000,5451,26.47158,44.52265,10.01906,74624,True,73.73668,3
20260503-101634,-OrhelY84W2bfBVVTUa5,2026-05-03 11:48:26+00:00,1777808906000,5463,26.48426,44.41063,10.01912,76885,True,64.75391,3
20260503-101634,-OrheoTio-08xSGEdE2a,2026-05-03 11:48:38+00:00,1777808918000,5475,26.48426,44.45753,10.01919,77742,True,59.77947,3
20260503-101634,-OrherPDPeV0RC7pme12,2026-05-03 11:48:50+00:00,1777808930000,5487,26.4868,44.44639,10.01904,78177,True,57.61878,3
20260503-101634,-OrheuKpz-qgxqhpNgLS,2026-05-03 11:49:02+00:00,1777808942000,5499,26.48426,44.48116,10.01898,77742,True,56.43023,3
20260503-101634,-OrhexGytEk5cCkQuWkX,2026-05-03 11:49:14+00:00,1777808954000,5511,26.49187,44.4089,10.01928,78470,True,55.84577,3
20260503-101634,-Orhf-BiA0pbsSaZVh3D,2026-05-03 11:49:26+00:00,1777808966000,5523,26.47919,44.41277,10.01874,78544,True,54.99267,3
20260503-101634,-Orhf373lb6z2V8G_qRb,2026-05-03 11:49:38+00:00,1777808978000,5534,26.5381,44.27137,10.01889,78104,True,55.41552,3
20260503-101634,-Orhf4c5bBIAG3-66Se4,2026-05-03 11:49:48+00:00,1777808988000,5545,26.3803,45.33485,10.01919,59259,True,92.2148,3
20260503-101634,-Orhf7YlE03xg8hQxFJq,2026-05-03 11:50:00+00:00,1777809000000,5557,26.45383,44.75513,10.01872,71441,True,89.14526,3
20260503-101634,-OrhfB01hNgjCUF1h9td,2026-05-03 11:50:12+00:00,1777809012000,5569,26.46651,44.60936,10.01889,75093,True,73.22954,3
20260503-101634,-OrhfDUx7fA6rbbVTbcg,2026-05-03 11:50:25+00:00,1777809025000,5581,26.52586,44.43653,10.01897,75431,True,70.78326,3
20260503-101634,-OrhfH3ZezxjXl_PhBbE,2026-05-03 11:50:38+00:00,1777809038000,5594,26.43266,45.19752,10.01914,60369,True,87.82666,3
20260503-101634,-OrhfJahLvCFyM49KnNu,2026-05-03 11:50:50+00:00,1777809050000,5606,26.43608,44.72888,10.01902,66086,True,113.16814,3
20260503-101634,-OrhfMX5x1JMDwNtTM8d,2026-05-03 11:51:02+00:00,1777809062000,5618,26.45637,44.58522,10.01887,71932,True,89.61993,3
20260503-101634,-OrhfPSv560n5mvXpbIF,2026-05-03 11:51:14+00:00,1777809074000,5630,26.46144,44.4918,10.0189,74624,True,74.50243,3
20260503-101634,-OrhfSRTNk3dLY-zW3EC,2026-05-03 11:51:26+00:00,1777809086000,5642,26.46397,44.43682,10.01896,75841,True,67.00525,3
20260503-101634,-OrhfVK-WSxACCwZ8vLd,2026-05-03 11:51:38+00:00,1777809098000,5654,26.47158,44.38342,10.01894,76604,True,62.42376,3
20260503-101634,-OrhfYFF8DqjlNiagDfj,2026-05-03 11:51:50+00:00,1777809110000,5666,26.46905,44.40736,10.01886,76956,True,60.61095,3
20260503-101634,-OrhfaAdnGP3vM08dGdb,2026-05-03 11:52:02+00:00,1777809122000,5678,26.47158,44.46591,10.01901,77670,True,58.79616,3
20260503-101634,-Orhfd6BijgR7N7p2JQD,2026-05-03 11:52:14+00:00,1777809134000,5690,26.47412,44.41014,10.01899,77886,True,57.59537,3
20260503-101634,-OrhffbemwYvPAW_QU9L,2026-05-03 11:52:24+00:00,1777809144000,5700,26.39551,44.91239,10.019,68129,True,68.43862,3
20260503-101634,-OrhfiYQ0rOKdjeEmq_W,2026-05-03 11:52:36+00:00,1777809156000,5712,26.46397,44.51672,10.01883,75160,True,69.9614,3
20260503-101634,-Orhflar6069F_8B33OR,2026-05-03 11:52:48+00:00,1777809168000,5724,26.47158,44.46611,10.01869,76815,True,63.50213,3
20260503-101634,-OrhfoQtpbBkj_asAON9,2026-05-03 11:53:00+00:00,1777809180000,5736,26.47412,44.48674,10.01905,77670,True,59.50742,3
20260503-101634,-OrhfrLT5U63S8DWrdG9,2026-05-03 11:53:12+00:00,1777809192000,5748,26.47665,44.46174,10.01909,77959,True,57.67441,3
20260503-101634,-OrhfuGRu9Sp_m8hjq8Y,2026-05-03 11:53:24+00:00,1777809204000,5760,26.47919,44.45664,10.01895,77814,True,57.26079,3
20260503-101634,-OrhfxC2l3RCWOqkxS_y,2026-05-03 11:53:36+00:00,1777809216000,5772,26.47919,44.51966,10.01895,78104,True,56.87839,3
20260503-101634,-Orhg-99JsMMUqQBgBOk,2026-05-03 11:53:48+00:00,1777809228000,5784,26.48426,44.45866,10.01905,77886,True,56.72598,3
20260503-101634,-Orhg24b2_ufWXxiBwA7,2026-05-03 11:54:00+00:00,1777809240000,5796,26.48426,44.40651,10.01895,78470,True,55.93924,3
20260503-101634,-Orhg4z74mIeVI0rcUu_,2026-05-03 11:54:12+00:00,1777809252000,5808,26.47919,44.45058,10.0189,78104,True,55.432,3
20260503-101634,-Orhg7vMO2v0Sfvd2MSf,2026-05-03 11:54:24+00:00,1777809264000,5820,26.48172,44.44639,10.01894,78397,True,55.43964,3
20260503-101634,-OrhgAsLXgcDyi0uDkXd,2026-05-03 11:54:36+00:00,1777809276000,5832,26.47919,44.43803,10.01874,78397,True,55.1648,3
20260503-101634,-OrhgDmAyxpfqaaBgaRf,2026-05-03 11:54:48+00:00,1777809288000,5844,26.47665,44.37807,10.0187,78177,True,55.41492,3
20260503-101634,-OrhgGL4jfzNu793bJ9U,2026-05-03 11:54:58+00:00,1777809298000,5855,26.40565,44.94901,10.01897,68631,True,66.62107,3
20260503-101634,-OrhgJFmQkxVp6aMe8tK,2026-05-03 11:55:10+00:00,1777809310000,5867,26.47412,44.60319,10.01892,75431,True,69.41577,3
20260503-101634,-OrhgMAmOzUkOogbhL1U,2026-05-03 11:55:22+00:00,1777809322000,5879,26.47665,44.55024,10.01891,77097,True,62.58256,3
20260503-101634,-OrhgP6BEDk4uuFRx0Dt,2026-05-03 11:55:34+00:00,1777809334000,5891,26.47412,44.49164,10.01878,77814,True,58.78293,3
20260503-101634,-Orhgg2xN656DBxVNKuI,2026-05-03 11:55:46+00:00,1777809346000,5903,26.47665,44.41331,10.01874,78323,True,56.77266,3
20260503-101634,-Orhgh4kKaHV8P4VfYde,2026-05-03 11:56:30+00:00,1777809390000,5946,26.42847,45.10214,10.01894,61029,True,77.21956,3
20260503-101634,-OrhghsNb6yZ49e8x0VZ,2026-05-03 11:56:55+00:00,1777809415000,5972,26.38197,45.52407,10.0191,42772,True,121.56015,3
20260503-101634,-OrhgkmKWKN9sFkHFRjz,2026-05-03 11:57:07+00:00,1777809427000,5984,26.40565,44.81501,10.01897,54408,True,171.52576,3
20260503-101634,-OrhgnhMI53l7izd2r1w,2026-05-03 11:57:19+00:00,1777809439000,5996,26.42594,44.59594,10.01898,65775,True,125.98788,3
20260503-101634,-OrhgqFVtFgPL1JGTqze,2026-05-03 11:57:30+00:00,1777809450000,6006,26.36002,45.00474,10.01897,60896,True,118.89787,3
20260503-101634,-Orhgtb6Hr6abpMhPjXB,2026-05-03 11:57:43+00:00,1777809463000,6019,26.45801,44.66044,10.01893,64508,True,115.46883,3
20260503-101634,-OrhgwNCc-yYIq3_Z0Ih,2026-05-03 11:57:55+00:00,1777809475000,6031,26.42087,44.71154,10.01904,64558,True,121.08775,3
20260503-101634,-OrhgzHyEGp-pmyPhV6R,2026-05-03 11:58:07+00:00,1777809487000,6043,26.43101,44.59863,10.01908,70480,True,95.44432,3
20260503-101634,-Orhh1EUxBOOQJ6sJE7u,2026-05-03 11:58:19+00:00,1777809499000,6055,26.44369,44.61645,10.01912,73446,True,79.44951,3
20260503-101634,-Orhh4A0VHSdQ_KxasXg,2026-05-03 11:58:31+00:00,1777809511000,6067,26.44115,44.63169,10.01901,74293,True,72.31107,3
20260503-101634,-Orhh75ebXaS9YdUKcfR,2026-05-03 11:58:43+00:00,1777809523000,6079,26.45383,44.5406,10.01913,75431,True,67.60823,3
20260503-101634,-OrhhA0Jx3xOhOWx8non,2026-05-03 11:58:55+00:00,1777809535000,6091,26.44876,44.47045,10.01892,76674,True,63.63361,3
20260503-101634,-Orhh_7w9ZfeuT4ha8jG,2026-05-03 12:00:32+00:00,1777809632000,6188,26.37776,44.98784,10.01894,50291,True,177.22083,3
20260503-101634,-Orhh_uUlHblS0VHcujH,2026-05-03 12:00:45+00:00,1777809645000,6201,26.44532,44.70934,10.01886,54443,True,170.03152,3
20260503-101634,-OrhhcpZRoenPADJCG60,2026-05-03 12:00:57+00:00,1777809657000,6213,26.39805,44.79215,10.01914,60023,True,153.07138,3
20260503-101634,-OrhhflcX_Y92fY4cs7q,2026-05-03 12:01:09+00:00,1777809669000,6225,26.40819,44.52463,10.01882,67199,True,114.55973,3
20260503-101634,-OrhhigrYs5hU0n4HAdl,2026-05-03 12:01:21+00:00,1777809681000,6237,26.4158,44.52553,10.01869,70718,True,92.36711,3
20260503-101634,-OrhhlcAUGrs-D_Zuw7f,2026-05-03 12:01:33+00:00,1777809693000,6249,26.4234,44.53505,10.01869,72871,True,80.18419,3
20260503-101634,-OrhhoZFFBJK_5d-mZnG,2026-05-03 12:01:45+00:00,1777809705000,6261,26.43355,44.48755,10.01884,74096,True,73.3633,3
20260503-101634,-OrhhrUWgW8p_70ijjZn,2026-05-03 12:01:57+00:00,1777809717000,6273,26.43355,44.47753,10.01864,75228,True,68.93362,3
20260503-101634,-OrhhuhcBniTBUts1ny5,2026-05-03 12:02:09+00:00,1777809729000,6285,26.44622,44.41999,10.01863,75499,True,66.16565,3
20260503-101634,-OrhhxLXRdEUHBj-6Wr2,2026-05-03 12:02:21+00:00,1777809741000,6297,26.44876,44.48728,10.01868,76255,True,63.73516,3
20260503-101634,-Orhi-GjNP9WIh-jEZ2u,2026-05-03 12:02:33+00:00,1777809753000,6309,26.44876,44.54701,10.0185,76815,True,61.65952,3
20260503-101634,-Orhi2M357nAod7t7LoT,2026-05-03 12:02:45+00:00,1777809765000,6321,26.45383,44.49641,10.01837,77097,True,60.43415,3
20260503-101634,-Orhi5AERKdoYo8LRgWD,2026-05-03 12:02:57+00:00,1777809777000,6333,26.46144,44.53186,10.01861,77382,True,59.19135,3
20260503-101634,-Orhi839K1OkEJXDo35i,2026-05-03 12:03:09+00:00,1777809789000,6345,26.4589,44.50479,10.01845,77670,True,58.20279,3
20260503-101634,-OrhiB-G2z2BwqoD2v1s,2026-05-03 12:03:21+00:00,1777809801000,6357,26.46144,44.51891,10.01849,77311,True,58.05138,3
20260503-101634,-OrhiE5dej9IOkc8r4MW,2026-05-03 12:03:33+00:00,1777809813000,6370,26.43608,44.66644,10.01844,72118,True,70.65555,3
20260503-101634,-OrhiH1AC8Ra98QTM6_P,2026-05-03 12:03:45+00:00,1777809825000,6382,26.4589,44.39289,10.01849,76394,True,66.30601,3
20260503-101634,-OrhiJxfvOwhuwXz51Dw,2026-05-03 12:03:57+00:00,1777809837000,6394,26.46144,44.37335,10.01847,77382,True,60.81811,3
20260503-101634,-OrhiMt1No8Ii0SP8VVM,2026-05-03 12:04:09+00:00,1777809849000,6406,26.45383,44.42401,10.01835,77598,True,58.76177,3
20260503-101634,-OrhiPoszEi30bYeuUKb,2026-05-03 12:04:21+00:00,1777809861000,6418,26.4513,44.42309,10.01835,78104,True,57.05221,3
20260503-101634,-OrhiSl1QX0s-btA7Apm,2026-05-03 12:04:33+00:00,1777809873000,6430,26.4589,44.37729,10.01856,78397,True,56.06009,3
20260503-101634,-OrhiVgJhjXr8C9uDZmC,2026-05-03 12:04:45+00:00,1777809885000,6442,26.46397,44.40087,10.01866,78250,True,55.66485,3
20260503-101634,-OrhiYb7Gsw8blHre-8D,2026-05-03 12:04:57+00:00,1777809897000,6454,26.46397,44.36485,10.01876,78397,True,54.96111,3
20260503-101634,-Orhiarz82PUOTXu-GG8,2026-05-03 12:05:09+00:00,1777809909000,6466,26.46651,44.33379,10.01854,78765,True,54.78926,3
20260503-101634,-OrhidT9cdYzoRBCE1cW,2026-05-03 12:05:21+00:00,1777809921000,6478,26.46651,44.2837,10.01871,78544,True,54.55784,3
20260503-101634,-OrhigQaWzhXs4EuEdKg,2026-05-03 12:05:33+00:00,1777809933000,6490,26.47158,44.28401,10.01885,78691,True,54.50887,3
20260503-101634,-OrhijQ1b8RhPPchLrsc,2026-05-03 12:05:45+00:00,1777809945000,6502,26.46651,44.31781,10.01868,78988,True,54.05957,3
20260503-101634,-OrhimGOxBN9BJx3ZgTH,2026-05-03 12:05:57+00:00,1777809957000,6514,26.46905,44.32412,10.01856,78914,True,53.84265,3
20260503-101634,-OrhipBGcp1qhDxxVmwN,2026-05-03 12:06:09+00:00,1777809969000,6526,26.46397,44.2714,10.01843,78765,True,53.94516,3
20260503-101634,-Orhis9Wt3tN3GZZy8BL,2026-05-03 12:06:21+00:00,1777809981000,6538,26.46651,44.32158,10.01845,78988,True,53.5332,3
20260503-101634,-Orhiv2HWq9zPTwkcq9o,2026-05-03 12:06:33+00:00,1777809993000,6550,26.46905,44.39485,10.0184,79063,True,53.62486,3
20260503-101634,-OrhixyalMFn1LNtuN4T,2026-05-03 12:06:45+00:00,1777810005000,6562,26.46397,44.32856,10.01836,78988,True,53.77583,3
20260503-101634,-Orhj-toEU1_-17VXYRi,2026-05-03 12:06:57+00:00,1777810017000,6574,26.47412,44.28405,10.01824,78839,True,53.93557,3
20260503-101634,-Orhj2pg4ra3tEzcFOeB,2026-05-03 12:07:09+00:00,1777810029000,6586,26.46651,44.34086,10.01847,79137,True,53.77536,3
20260503-101634,-Orhj5lCbOVTkAxoDhPf,2026-05-03 12:07:21+00:00,1777810041000,6598,26.47158,44.44028,10.01848,79063,True,53.41819,3
20260503-101634,-Orhj8gXW1as0u8WKL29,2026-05-03 12:07:33+00:00,1777810053000,6610,26.4589,44.52152,10.01824,78914,True,53.50989,3
20260503-101634,-OrhjBccFMvec5f9Qshz,2026-05-03 12:07:45+00:00,1777810065000,6622,26.46397,44.41525,10.01827,79438,True,52.67615,3
20260503-101634,-OrhjEYVhZMt0WK_k_zx,2026-05-03 12:07:57+00:00,1777810077000,6634,26.46397,44.35987,10.01845,79287,True,52.48314,3
20260503-101634,-OrhjHUnwEd2JcTAGLE1,2026-05-03 12:08:09+00:00,1777810089000,6646,26.46905,44.33878,10.01839,79137,True,53.18478,3
20260503-101634,-OrhjK_WQaTgMjliCf3F,2026-05-03 12:08:21+00:00,1777810101000,6658,26.46905,44.38832,10.01839,79212,True,53.19485,3
20260503-101634,-OrhjNL4yWp33_jFzQwI,2026-05-03 12:08:33+00:00,1777810113000,6670,26.46905,44.36164,10.01844,79212,True,53.11273,3
20260503-101634,-OrhjQLItJ4VsvxIELaJ,2026-05-03 12:08:45+00:00,1777810125000,6682,26.46905,44.36838,10.01865,78914,True,53.2988,3
20260503-101634,-OrhjTC35Ym3TkOQv-jA,2026-05-03 12:08:57+00:00,1777810137000,6694,26.47158,44.37738,10.01874,79212,True,53.23173,3
20260503-101634,-OrhjW88NOHgfSiSzpR9,2026-05-03 12:09:09+00:00,1777810149000,6706,26.46397,44.25832,10.01859,79513,True,52.76673,3
20260503-101634,-OrhjZ4F2JnzxF3dmhOS,2026-05-03 12:09:21+00:00,1777810161000,6718,26.46651,44.20534,10.01847,79137,True,52.57958,3
20260503-101634,-Orhjb0qN0F1lIytLokX,2026-05-03 12:09:33+00:00,1777810173000,6730,26.47158,44.25687,10.01862,79513,True,52.58928,3
20260503-101634,-Orhjdv9LXkTmPnrrtcW,2026-05-03 12:09:45+00:00,1777810185000,6742,26.46397,44.31265,10.01845,79513,True,52.42437,3
20260503-101634,-OrhjgqUAIMCaowj4he9,2026-05-03 12:09:57+00:00,1777810197000,6754,26.46397,44.33551,10.01845,79212,True,52.75648,3
20260503-101634,-OrhjkBRjZAuqfhm_Ij2,2026-05-03 12:10:10+00:00,1777810210000,6767,26.52394,44.21745,10.01865,79513,True,52.45555,3
20260503-101634,-OrhjmxXi1qSmr2AaPeB,2026-05-03 12:10:22+00:00,1777810222000,6779,26.43355,44.54869,10.01829,71809,True,83.48018,3
20260503-101634,-OrhjpuRc9vAT0DFOfIr,2026-05-03 12:10:34+00:00,1777810234000,6791,26.4513,44.32087,10.01817,75841,True,71.30896,3
20260503-101634,-OrhjstblEWpUf08_VIk,2026-05-03 12:10:47+00:00,1777810247000,6803,26.43608,44.47417,10.01838,72243,True,75.51321,3
20260503-101634,-OrhjvotzzYaU4f8jV5Q,2026-05-03 12:10:59+00:00,1777810259000,6815,26.4513,44.32033,10.01844,75978,True,68.08382,3
20260503-101634,-OrhjykUKn4_ao-hsdj3,2026-05-03 12:11:11+00:00,1777810271000,6827,26.45637,44.20947,10.01839,77526,True,61.43951,3
20260503-101634,-OrhkAsw2gm9e0B4Gjd4,2026-05-03 12:11:23+00:00,1777810283000,6839,26.45637,44.2492,10.01843,78104,True,58.04024,3
20260503-101634,-OrhkBdlAMz58GOkXQkk,2026-05-03 12:12:08+00:00,1777810328000,6884,26.52357,44.09051,10.01837,78104,True,57.64777,3
20260503-101634,-OrhkF5QjykwKq0O1ZY5,2026-05-03 12:12:20+00:00,1777810340000,6896,26.39551,44.85033,10.01873,57747,True,142.87289,3
20260503-101634,-OrhkHXJmiDylaFHgpzS,2026-05-03 12:12:32+00:00,1777810352000,6908,26.41833,44.43214,10.01854,68129,True,112.13313,3
20260503-101634,-OrhkKRENXedViSLoiKj,2026-05-03 12:12:44+00:00,1777810364000,6920,26.42848,44.34658,10.01867,72180,True,88.18729,3
20260503-101634,-OrhkNMbNQ2aDhI5_nwv,2026-05-03 12:12:56+00:00,1777810376000,6932,26.43355,44.35002,10.01882,74425,True,74.86289,3
20260503-101634,-OrhkQIJvANvXCnEXhUY,2026-05-03 12:13:08+00:00,1777810388000,6944,26.43355,44.29727,10.01859,75431,True,68.61773,3
20260503-101634,-OrhkTE20bx77ufacHjO,2026-05-03 12:13:20+00:00,1777810400000,6956,26.43862,44.30536,10.01855,76534,True,64.19101,3
20260503-101634,-OrhkW9BN5cftCQ4H1Lj,2026-05-03 12:13:32+00:00,1777810412000,6968,26.44369,44.27169,10.01837,76815,True,61.701,3
20260503-101634,-OrhkZ4p2YMUNKY-05ST,2026-05-03 12:13:44+00:00,1777810424000,6980,26.44369,44.30827,10.01828,77454,True,59.79398,3
20260503-101634,-Orhkb024EPzoQIfijfX,2026-05-03 12:13:56+00:00,1777810436000,6992,26.44876,44.28885,10.01832,77959,True,58.48656,3
20260503-101634,-OrhkdyWWqt9l2oF4dwR,2026-05-03 12:14:08+00:00,1777810448000,7004,26.4513,44.21801,10.01826,78397,True,57.21235,3
20260503-101634,-OrhkgsMbdZS0-7B-X5H,2026-05-03 12:14:20+00:00,1777810460000,7016,26.44622,44.24127,10.01797,78323,True,56.41588,3
20260503-101634,-Orhkktpvdd8X_SE2zbt,2026-05-03 12:14:32+00:00,1777810472000,7028,26.45383,44.28194,10.0183,78250,True,56.33603,3
20260503-101634,-OrhkmOeXlzIci2iobuH,2026-05-03 12:14:42+00:00,1777810482000,7039,26.37776,44.82297,10.01822,68519,True,67.48982,3
20260503-101634,-OrhkpK7VKa5Aty5suG3,2026-05-03 12:14:54+00:00,1777810494000,7051,26.44622,44.45267,10.018,75704,True,69.36063,3
20260503-101634,-OrhksFUPFuWfC8F0cWt,2026-05-03 12:15:06+00:00,1777810506000,7063,26.44622,44.34391,10.01804,77311,True,62.73824,3
20260503-101634,-OrhkvB3KrESrWBsHq_H,2026-05-03 12:15:18+00:00,1777810518000,7075,26.45383,44.30823,10.01816,78544,True,57.8264,3
20260503-101634,-Orhky6Yid8D2JPvICkK,2026-05-03 12:15:30+00:00,1777810530000,7087,26.45637,44.27113,10.0181,78031,True,57.02427,3
20260503-101634,-Orhl02c5lnjvHvWVQ_A,2026-05-03 12:15:42+00:00,1777810542000,7099,26.45637,44.2987,10.01808,78544,True,55.86053,3
20260503-101634,-Orhl2yggRv0psaD07ei,2026-05-03 12:15:54+00:00,1777810554000,7111,26.4513,44.29592,10.01803,79212,True,54.20607,3
20260503-101634,-Orhl5u4Yx8ValAA-ovm,2026-05-03 12:16:06+00:00,1777810566000,7123,26.45637,44.25148,10.01806,78691,True,54.19697,3
20260503-101634,-Orhl8purSJNYrT5zLAF,2026-05-03 12:16:18+00:00,1777810578000,7135,26.45383,44.22916,10.01809,78914,True,53.988,3
20260503-101634,-OrhlBl-Vtnmv8yJ9CoE,2026-05-03 12:16:30+00:00,1777810590000,7147,26.4513,44.26259,10.01791,79137,True,54.15179,3
20260503-101634,-OrhlEgXhOQQ3wK8-8RQ,2026-05-03 12:16:42+00:00,1777810602000,7159,26.45383,44.2867,10.01799,78988,True,54.15872,3
20260503-101634,-OrhlHdxWmtQmSqCEsKy,2026-05-03 12:16:54+00:00,1777810614000,7171,26.4589,44.24926,10.01807,78988,True,53.95391,3
20260503-101634,-OrhlKYXMqUwPN1kSPL-,2026-05-03 12:17:06+00:00,1777810626000,7183,26.46397,44.32267,10.01794,79137,True,53.76751,3
20260503-101634,-OrhlNWcoZqOtJKZqI-P,2026-05-03 12:17:18+00:00,1777810638000,7195,26.45637,44.26533,10.01794,78988,True,53.91742,3
20260503-101634,-OrhlQPuEA9SNC_IVnF4,2026-05-03 12:17:30+00:00,1777810650000,7207,26.46397,44.23362,10.01787,79212,True,53.64066,3
20260503-101634,-OrhlUK96DZVMXVyDiC2,2026-05-03 12:17:42+00:00,1777810662000,7219,26.46144,44.28116,10.01791,79589,True,52.73549,3
20260503-101634,-OrhlVpW0T0FNt3SBZ2o,2026-05-03 12:17:52+00:00,1777810672000,7229,26.38537,44.75831,10.01775,69891,True,63.43925,3
20260503-101634,-OrhlYlo65sbyuV7PEFV,2026-05-03 12:18:04+00:00,1777810684000,7241,26.4513,44.37711,10.01784,76464,True,66.2002,3
20260503-101634,-Orhlafp48isbag3dwIB,2026-05-03 12:18:16+00:00,1777810696000,7253,26.4513,44.30976,10.01777,77886,True,60.23262,3
20260503-101634,-OrhldbbgCNm1QRTk7cN,2026-05-03 12:18:28+00:00,1777810708000,7265,26.4513,44.34846,10.01777,78617,True,56.71695,3
20260503-101634,-Orhlg7OcXijwfRi2zZ3,2026-05-03 12:18:39+00:00,1777810719000,7275,26.38283,44.82907,10.01785,69370,True,66.78808,3
20260503-101634,-Orhlj3O91X52Rh47thp,2026-05-03 12:18:51+00:00,1777810731000,7287,26.44369,44.40186,10.01765,75910,True,68.07309,3
20260503-101634,-OrhllxpB6z4TuRE_zuk,2026-05-03 12:19:03+00:00,1777810743000,7299,26.44876,44.31278,10.01776,77670,True,61.60994,3
20260503-101634,-Orhlot9nYVv1PnfurmW,2026-05-03 12:19:15+00:00,1777810755000,7311,26.44622,44.28961,10.0176,78397,True,57.50751,3
20260503-101634,-OrhlrotlhKKDglctM6Y,2026-05-03 12:19:27+00:00,1777810767000,7323,26.45637,44.29387,10.01774,78839,True,55.80991,3
20260503-101634,-Orhluk87AJGBHYri93v,2026-05-03 12:19:39+00:00,1777810779000,7335,26.45637,44.34893,10.01785,78914,True,54.646,3
20260503-101634,-OrhlxfiXeW9Q9UJdGaA,2026-05-03 12:19:51+00:00,1777810791000,7347,26.45637,44.3658,10.01771,78839,True,54.42783,3
20260503-101634,-Orhm-cFetiE_CjUwu-u,2026-05-03 12:20:03+00:00,1777810803000,7359,26.44622,44.29754,10.01748,78839,True,54.39691,3
20260503-101634,-Orhm2cbDfWXKgqS1eTq,2026-05-03 12:20:15+00:00,1777810815000,7371,26.45637,44.24363,10.01771,79137,True,53.61298,3
20260503-101634,-Orhm5T8w0c1eKOQOkNv,2026-05-03 12:20:27+00:00,1777810827000,7383,26.45383,44.24568,10.01758,79063,True,53.44647,3
20260503-101634,-Orhm8WlvnP9-IoSuqsK,2026-05-03 12:20:39+00:00,1777810839000,7395,26.45383,44.25142,10.01756,79212,True,53.23162,3
20260503-101634,-OrhmBh4SwwtKm87GqI-,2026-05-03 12:20:51+00:00,1777810851000,7407,26.4589,44.24882,10.01738,79137,True,53.57742,3
20260503-101634,-OrhmEFejLaa7sN1ujug,2026-05-03 12:21:03+00:00,1777810863000,7419,26.45637,44.28359,10.01752,78839,True,53.81273,3
20260503-101634,-OrhmHBC75bnHU92Nxcz,2026-05-03 12:21:15+00:00,1777810875000,7431,26.4589,44.26136,10.01775,78988,True,53.80323,3
20260503-101634,-OrhmK6goEfIXGVM5MKJ,2026-05-03 12:21:27+00:00,1777810887000,7443,26.45383,44.2443,10.01765,78765,True,53.66276,3
20260503-101634,-OrhmN3YhHkrfnXWNx2C,2026-05-03 12:21:39+00:00,1777810899000,7455,26.4589,44.22364,10.01766,78839,True,54.01549,3
20260503-101634,-OrhmPyqDsCsmTonR1nu,2026-05-03 12:21:51+00:00,1777810911000,7467,26.4589,44.24372,10.01768,79362,True,53.40238,3
20260503-101634,-OrhmSu3ZpLkEFH1Kp5u,2026-05-03 12:22:03+00:00,1777810923000,7479,26.45637,44.29539,10.01762,79137,True,53.32867,3
20260503-101634,-OrhmVpy5ylzOTsDoz39,2026-05-03 12:22:15+00:00,1777810935000,7491,26.4589,44.2365,10.01777,79212,True,53.11509,3
20260503-101634,-OrhmYl2GtpQoJcdYUbL,2026-05-03 12:22:27+00:00,1777810947000,7503,26.46397,44.16034,10.01757,79137,True,52.96774,3
20260503-101634,-Orhmai4BQlmD7uuJHuD,2026-05-03 12:22:39+00:00,1777810959000,7515,26.4589,44.15341,10.01752,79513,True,52.68259,3
20260503-101634,-OrhmdcCyhqRFo_kCsdJ,2026-05-03 12:22:51+00:00,1777810971000,7527,26.4589,44.15075,10.01771,79212,True,52.49408,3
20260503-101634,-OrhmgYn9f2eMSmEfxy_,2026-05-03 12:23:03+00:00,1777810983000,7539,26.45637,44.16641,10.0175,79362,True,52.82539,3
20260503-101634,-OrhmjUEUfXyXYQHkwZq,2026-05-03 12:23:15+00:00,1777810995000,7551,26.46651,44.08355,10.01757,79362,True,52.7196,3
20260503-101634,-OrhmmPbGUnzHZ4Wtdto,2026-05-03 12:23:27+00:00,1777811007000,7563,26.45637,44.05791,10.01746,79513,True,52.70233,3
20260503-101634,-OrhmpL1r_Q-dYQUo6Sf,2026-05-03 12:23:39+00:00,1777811019000,7575,26.4589,44.12681,10.01754,79212,True,52.85943,3
20260503-101634,-OrhmsGfvZQhLWJfdpfN,2026-05-03 12:23:51+00:00,1777811031000,7587,26.4513,44.20278,10.01742,79063,True,53.05614,3
20260503-101634,-OrhmvWbpOhCDfycnbqy,2026-05-03 12:24:03+00:00,1777811043000,7599,26.4589,44.18815,10.01761,79063,True,53.073,3
20260503-101634,-Orhmy7vyAw_juMAZKcQ,2026-05-03 12:24:15+00:00,1777811055000,7611,26.45383,44.18245,10.01756,79287,True,53.32429,3
20260503-101634,-Orhn03nR96yCP-uX4DN,2026-05-03 12:24:27+00:00,1777811067000,7623,26.4589,44.19082,10.01764,79438,True,52.89876,3
20260503-101634,-Orhn30CUk5iWiHIHXXg,2026-05-03 12:24:39+00:00,1777811079000,7635,26.46144,44.1974,10.01777,78839,True,54.25647,3
20260503-101634,-Orhn5vCX65ADrwCjmDZ,2026-05-03 12:24:51+00:00,1777811091000,7647,26.4589,44.24214,10.01777,79212,True,53.57268,3
20260503-101634,-Orhn8spuEq83M1v91js,2026-05-03 12:25:03+00:00,1777811103000,7659,26.44876,44.28282,10.01748,79137,True,53.72487,3
20260503-101634,-OrhnBm-EGmcQXcgRfvs,2026-05-03 12:25:15+00:00,1777811115000,7671,26.44876,44.26453,10.01748,78691,True,54.43251,3
20260503-101634,-OrhnEhRixu1gOk7DlEG,2026-05-03 12:25:27+00:00,1777811127000,7683,26.45383,44.25986,10.01777,78988,True,53.94438,3
20260503-101634,-OrhnHdSeQJzTfxq2PFF,2026-05-03 12:25:39+00:00,1777811139000,7695,26.45383,44.22064,10.01772,79287,True,53.58929,3
20260503-101634,-OrhnLAn8wu-vy-WGkBU,2026-05-03 12:25:52+00:00,1777811152000,7708,26.50366,44.07502,10.01745,78765,True,53.98772,3
20260503-101634,-OrhnNkVaqiPnvS5u1sB,2026-05-03 12:26:04+00:00,1777811164000,7720,26.43101,44.42273,10.01769,71564,True,84.62408,3
20260503-101634,-OrhnQfRMKC6YWEOP1UY,2026-05-03 12:26:16+00:00,1777811176000,7732,26.43862,44.21075,10.01758,76116,True,71.33699,3
20260503-101634,-OrhnTax8BZYhOLhC5wK,2026-05-03 12:26:28+00:00,1777811188000,7744,26.4513,44.13956,10.01773,77886,True,62.15627,3
20260503-101634,-OrhnWnTqt6z3OqjOf0R,2026-05-03 12:26:40+00:00,1777811200000,7756,26.45383,44.13334,10.01769,78250,True,58.34243,3
20260503-101634,-OrhnZT5PWAgSofpxaqN,2026-05-03 12:26:52+00:00,1777811212000,7768,26.44876,44.18977,10.01759,78617,True,56.70774,3
20260503-101634,-OrhncU064wQ_kvOqPXr,2026-05-03 12:27:04+00:00,1777811224000,7780,26.44876,44.15392,10.01764,79137,True,54.96464,3
20260503-101634,-Orhne0PpceVele45dAo,2026-05-03 12:27:14+00:00,1777811234000,7791,26.37523,44.62563,10.01769,69084,True,66.21484,3
20260503-101634,-OrhngurDb1pMzij3h3l,2026-05-03 12:27:26+00:00,1777811246000,7803,26.43862,44.28208,10.01748,76325,True,68.28091,3
20260503-101634,-OrhnjppNODbmq_y-vCw,2026-05-03 12:27:38+00:00,1777811258000,7815,26.4513,44.23387,10.01761,77742,True,61.74972,3
20260503-101634,-Orhnml12e9afC7578-g,2026-05-03 12:27:50+00:00,1777811270000,7827,26.44876,44.19836,10.01759,78323,True,58.39582,3
20260503-101634,-OrhnpgVkvgAbZSbr02C,2026-05-03 12:28:02+00:00,1777811282000,7839,26.44622,44.21352,10.01762,78250,True,56.69854,3
20260503-101634,-OrhnscV_uC7fi3Hq5xD,2026-05-03 12:28:14+00:00,1777811294000,7851,26.4513,44.19311,10.01765,78544,True,55.55969,3
20260503-101634,-OrhnvYouc2K0lq7fF9h,2026-05-03 12:28:26+00:00,1777811306000,7863,26.45383,44.16754,10.01756,78765,True,55.37454,3
20260503-101634,-OrhnyjB9LGZ3WWPnRQN,2026-05-03 12:28:39+00:00,1777811319000,7876,26.42848,44.41554,10.01768,72745,True,68.92232,3
20260503-101634,-Orho0XqYJV1ZoLatACY,2026-05-03 12:28:51+00:00,1777811331000,7887,26.36508,44.76274,10.0177,65059,True,81.6727,3
20260503-101634,-Orho4-M0E61x7DEFtsj,2026-05-03 12:29:04+00:00,1777811344000,7900,26.46816,44.38514,10.01772,68744,True,85.05676,3
20260503-101634,-Orho6e-lxKo7CH-1Zts,2026-05-03 12:29:16+00:00,1777811356000,7912,26.4158,44.42648,10.0175,68800,True,103.12425,3
20260503-101634,-OrhoA_z_mdKHinSpXEE,2026-05-03 12:29:29+00:00,1777811369000,7925,26.4783,44.22728,10.0176,70420,True,97.72018,3
20260503-101634,-OrhoCoiHtOfgftOw2dj,2026-05-03 12:29:41+00:00,1777811381000,7938,26.39044,44.64411,10.0176,62070,True,121.82908,3
20260503-101634,-OrhoFk8zAEK52PgzwGj,2026-05-03 12:29:53+00:00,1777811393000,7950,26.4234,44.28411,10.0176,71381,True,96.31355,3
20260503-101634,-OrhodxPh2rpav0FsqZw,2026-05-03 12:31:30+00:00,1777811490000,8047,26.36002,44.65014,10.01769,50051,True,184.16469,3
20260503-101634,-OrhofS_CCJ_XzI3i_4J,2026-05-03 12:31:42+00:00,1777811502000,8059,26.28902,44.98648,10.0177,49961,True,177.74565,3
20260503-101634,-OrhoiNpqqjnZi83hNld,2026-05-03 12:31:54+00:00,1777811514000,8071,26.38283,44.40876,10.01758,63337,True,138.29817,3
20260503-101634,-OrholIovNZPGXUpqF5B,2026-05-03 12:32:06+00:00,1777811526000,8083,26.40312,44.29953,10.01765,68744,True,105.95007,3
20260503-101634,-OrhooEKt7Opmn6kEObU,2026-05-03 12:32:18+00:00,1777811538000,8095,26.40565,44.32113,10.01765,71747,True,87.91975,3
20260503-101634,-Orhor9rMXOAuk8YBcM3,2026-05-03 12:32:30+00:00,1777811550000,8107,26.41326,44.30029,10.01765,73575,True,78.13976,3
20260503-101634,-Orhou5T_H-SsHA3UKkW,2026-05-03 12:32:42+00:00,1777811562000,8119,26.42087,44.25205,10.01784,74492,True,72.30389,3
20260503-101634,-OrhowpMOL55C9JaEuTp,2026-05-03 12:32:54+00:00,1777811574000,8130,26.35241,44.75822,10.01813,65415,True,82.13313,3
20260503-101634,-Orhp-hwpBVr6I0oU-rx,2026-05-03 12:33:06+00:00,1777811586000,8142,26.41833,44.31358,10.01771,73190,True,81.48776,3
20260503-101634,-Orhp1DanMccg4jvXGbj,2026-05-03 12:33:16+00:00,1777811596000,8152,26.35494,44.69395,10.01812,66295,True,86.16759,3
20260503-101634,-Orhp48t9ZQP4rsVCcjJ,2026-05-03 12:33:28+00:00,1777811608000,8164,26.42087,44.33158,10.01784,73446,True,80.49719,3
20260503-101634,-Orhp74Jb-u_g5AaH_An,2026-05-03 12:33:40+00:00,1777811620000,8176,26.42848,44.24695,10.01789,75772,True,70.4687,3
20260503-101634,-OrhpA-bB_oXBkPACIdX,2026-05-03 12:33:52+00:00,1777811632000,8188,26.42848,44.16686,10.01783,76674,True,64.58661,3
20260503-101634,-OrhpCw85MrksIc3qavX,2026-05-03 12:34:04+00:00,1777811644000,8200,26.42848,44.15847,10.0176,77097,True,61.82846,3
20260503-101634,-OrhpFrXPm1J35x8NH37,2026-05-03 12:34:16+00:00,1777811656000,8212,26.42594,44.15808,10.01743,77240,True,60.17781,3
20260503-101634,-OrhpIn5MxbgA1V08mTa,2026-05-03 12:34:28+00:00,1777811668000,8224,26.43608,44.10934,10.01731,77959,True,59.06682,3
20260503-101634,-OrhpMF8vyVlwDAf6CJO,2026-05-03 12:34:40+00:00,1777811680000,8236,26.43862,44.08457,10.01741,77742,True,58.25396,3
20260503-101634,-OrhpOdsak-VevYMeU9h,2026-05-03 12:34:52+00:00,1777811692000,8248,26.43862,44.09515,10.01721,78031,True,57.19081,3
20260503-101634,-OrhpR_ULhfbiqsD7GtW,2026-05-03 12:35:04+00:00,1777811704000,8260,26.43355,44.15001,10.01729,78323,True,56.50742,3
20260503-101634,-OrhpUXU_NZPejawwRkY,2026-05-03 12:35:16+00:00,1777811716000,8272,26.44115,44.11864,10.01731,78691,True,55.77448,3
20260503-101634,-OrhpXRT0eJrQ-uGqB7v,2026-05-03 12:35:28+00:00,1777811728000,8284,26.43355,44.06427,10.0172,78765,True,55.26974,3
20260503-101634,-Orhp_kyDPFqhubHIRbj,2026-05-03 12:35:40+00:00,1777811740000,8296,26.43862,44.0561,10.01723,79137,True,54.34693,3
20260503-101634,-OrhpcKJka11-RvcWbA8,2026-05-03 12:35:52+00:00,1777811752000,8308,26.44369,44.0767,10.01756,78988,True,54.57999,3
20260503-101634,-OrhpfFzYfQ5Its8jC3g,2026-05-03 12:36:04+00:00,1777811764000,8320,26.44369,44.11044,10.01752,78988,True,54.61191,3
20260503-101634,-OrhpiJNHkHXIQ-v6xTV,2026-05-03 12:36:16+00:00,1777811776000,8332,26.44369,44.14876,10.01745,79063,True,54.48372,3
20260503-101634,-Orhpl766wE03NJijZRy,2026-05-03 12:36:28+00:00,1777811788000,8344,26.44369,44.13381,10.01744,79212,True,54.18828,3
20260503-101634,-Orhpo4lWlSXEleQoLIU,2026-05-03 12:36:40+00:00,1777811800000,8356,26.43355,44.13734,10.01717,79137,True,54.00906,3
20260503-101634,-Orhpr-HHF51F1mu5OLf,2026-05-03 12:36:52+00:00,1777811812000,8368,26.44115,44.13176,10.01743,79137,True,54.0759,3
20260503-101634,-Orhptvju4J2m5iduitp,2026-05-03 12:37:04+00:00,1777811824000,8380,26.4513,44.06863,10.01761,79137,True,53.85825,3
20260503-101634,-OrhpwpysNc5XK4JynaW,2026-05-03 12:37:16+00:00,1777811836000,8392,26.44369,44.11409,10.01759,79137,True,53.51591,3
20260503-101634,-OrhpzlKbjMJJTTFJXJL,2026-05-03 12:37:28+00:00,1777811848000,8404,26.44622,44.06088,10.01732,79438,True,53.09335,3
20260503-101634,-Orhq1gpqcK9LreLWnek,2026-05-03 12:37:40+00:00,1777811860000,8416,26.44115,44.0965,10.0175,79362,True,52.986,3
20260503-101634,-Orhq4d_9Io_oSDLOB7T,2026-05-03 12:37:52+00:00,1777811872000,8428,26.44622,44.10495,10.01723,79063,True,53.5229,3
20260503-101634,-Orhq7Zg0oXBwVUUV9qH,2026-05-03 12:38:04+00:00,1777811884000,8440,26.44369,44.08897,10.01724,79212,True,53.36369,3
20260503-101634,-OrhqAUWexu1tBcu6cjs,2026-05-03 12:38:16+00:00,1777811896000,8452,26.4513,44.04373,10.01726,79362,True,53.21579,3
20260503-101634,-OrhqDPw2FBhR2MbZzXn,2026-05-03 12:38:28+00:00,1777811908000,8464,26.44622,44.02836,10.0173,79362,True,53.01286,3
20260503-101634,-OrhqGhKW3KaG5RCjU2b,2026-05-03 12:38:40+00:00,1777811920000,8476,26.4513,44.03938,10.01731,79513,True,52.92602,3
20260503-101634,-OrhqJH4nWVKOOwYahdX,2026-05-03 12:38:52+00:00,1777811932000,8488,26.4513,44.04314,10.01729,79589,True,52.89109,3
20260503-101634,-OrhqMCQk8x2faZ9hNem,2026-05-03 12:39:04+00:00,1777811944000,8500,26.4513,44.04055,10.01754,79438,True,53.31224,3
20260503-101634,-OrhqP85unllWhIm5w0Q,2026-05-03 12:39:16+00:00,1777811956000,8512,26.44876,44.07867,10.01741,79212,True,53.30502,3
20260503-101634,-OrhqU3gZBvHIRt-Cd3T,2026-05-03 12:39:28+00:00,1777811968000,8524,26.44622,44.09311,10.01749,79740,True,52.73274,3
20260503-101634,-OrhqUq2ddETzjUeBTns,2026-05-03 12:39:39+00:00,1777811979000,8536,26.49692,43.97862,10.0174,79589,True,52.63384,3
20260503-101634,-OrhqXlR2dI8dHXExITK,2026-05-03 12:39:51+00:00,1777811991000,8548,26.42087,44.27068,10.01739,72808,True,79.67511,3
20260503-101634,-Orhq_h-yfwiywGcrfci,2026-05-03 12:40:03+00:00,1777812003000,8560,26.43355,44.07448,10.01736,76956,True,67.52432,3
20260503-101634,-Orhqcccyqx6rJXY8oMD,2026-05-03 12:40:15+00:00,1777812015000,8572,26.43355,44.0807,10.01748,78104,True,60.72459,3
20260503-101634,-OrhqfYuwYnKoL1hZmge,2026-05-03 12:40:27+00:00,1777812027000,8584,26.44115,44.09457,10.01755,78544,True,57.48141,3
20260503-101634,-OrhqiUs6qG_EcHNWQbn,2026-05-03 12:40:39+00:00,1777812039000,8596,26.43862,44.10705,10.01756,78617,True,55.99771,3
20260503-101634,-OrhqlPyc1y0ZDjvdq1X,2026-05-03 12:40:51+00:00,1777812051000,8608,26.43862,44.09381,10.01764,79137,True,54.2302,3
20260503-101634,-OrhqoLG5JkF9Y7yPaBV,2026-05-03 12:41:03+00:00,1777812063000,8620,26.43862,44.08512,10.01748,79362,True,54.12615,3
20260503-101634,-OrhqrHIIZDSyIxvu3me,2026-05-03 12:41:15+00:00,1777812075000,8632,26.44115,44.07069,10.0175,78691,True,54.12055,3
20260503-101634,-OrhquCHcC2AUQL0gT8v,2026-05-03 12:41:27+00:00,1777812087000,8644,26.43862,44.05476,10.01739,79287,True,53.65076,3
20260503-101634,-Orhqx8LzrRG_cUt6Vwz,2026-05-03 12:41:39+00:00,1777812099000,8656,26.44369,44.03828,10.01747,79362,True,53.4293,3
20260503-101634,-Orhr-3U61a-0TgN-KeX,2026-05-03 12:41:51+00:00,1777812111000,8668,26.43608,44.04783,10.01731,79438,True,53.04459,3
20260503-101634,-Orhr1zkFbdwPjVYRnX2,2026-05-03 12:42:03+00:00,1777812123000,8680,26.44369,43.97578,10.01737,79589,True,52.86301,3
20260503-101634,-Orhr4vEopoVKrlz5Kp5,2026-05-03 12:42:15+00:00,1777812135000,8692,26.44622,43.99366,10.01741,79362,True,52.91208,3
20260503-101634,-Orhr7sgz0r64uSue5WW,2026-05-03 12:42:27+00:00,1777812147000,8704,26.44369,44.03833,10.0174,79589,True,52.65496,3
20260503-101634,-OrhrAtdJUX3_pZE-2ol,2026-05-03 12:42:39+00:00,1777812159000,8716,26.44369,44.03803,10.01751,79287,True,53.01117,3
20260503-101634,-OrhrDi3HTI6hu57zdzE,2026-05-03 12:42:51+00:00,1777812171000,8728,26.44622,44.11822,10.01746,79137,True,53.32679,3
20260503-101634,-OrhrGdYBT-w4KdJQAC3,2026-05-03 12:43:03+00:00,1777812183000,8740,26.44622,44.15318,10.01755,79438,True,53.31985,3
20260503-101634,-OrhrJZs6CUcREkrYpso,2026-05-03 12:43:15+00:00,1777812195000,8752,26.44369,44.07011,10.01752,79664,True,52.69496,3
20260503-101634,-OrhrMWTGS14X-M0T0m-,2026-05-03 12:43:27+00:00,1777812207000,8764,26.44115,44.01196,10.01741,79664,True,52.68671,3
20260503-101634,-OrhrPQkfiAhhtJMCssR,2026-05-03 12:43:39+00:00,1777812219000,8776,26.44622,44.02127,10.01769,79513,True,52.50087,3
20260503-101634,-OrhrSNgz6JWzdczmtfN,2026-05-03 12:43:51+00:00,1777812231000,8788,26.44115,44.03876,10.01745,79664,True,52.17099,3
20260503-101634,-OrhrVHto6oMaIRN8dCC,2026-05-03 12:44:03+00:00,1777812243000,8800,26.44369,44.08246,10.01763,79589,True,52.37267,3
20260503-101634,-OrhrYDE_tOOFyALOvwm,2026-05-03 12:44:15+00:00,1777812255000,8812,26.44115,44.04028,10.01752,79513,True,52.45504,3
20260503-101634,-Orhra96B2RfzKx5i-BV,2026-05-03 12:44:27+00:00,1777812267000,8824,26.44115,44.09515,10.0176,78988,True,53.52607,3
20260503-101634,-Orhrd4NEI9MgTXGCATx,2026-05-03 12:44:39+00:00,1777812279000,8836,26.44876,44.10551,10.01757,79589,True,53.01536,3
20260503-101634,-Orhrg-x6JCZ_09x7tmK,2026-05-03 12:44:51+00:00,1777812291000,8848,26.44369,44.0533,10.01751,79287,True,53.10927,3
20260503-101634,-OrhriwYJookvHB6D-zU,2026-05-03 12:45:03+00:00,1777812303000,8860,26.44115,44.03443,10.01748,80198,True,52.32248,3
20260503-101634,-Orhrlrm21cAp2N6As1E,2026-05-03 12:45:15+00:00,1777812315000,8872,26.44369,44.01614,10.01745,79362,True,53.09131,3
20260503-101634,-OrhronC8AWPdyKknZJq,2026-05-03 12:45:27+00:00,1777812327000,8884,26.44622,44.01983,10.01753,79513,True,53.11613,3
20260503-101634,-Orhrrj0ylDesGEvw9XL,2026-05-03 12:45:39+00:00,1777812339000,8896,26.44369,44.0247,10.01752,79740,True,52.63836,3
20260503-101634,-Orhruw-sdQuHgvTWH-s,2026-05-03 12:45:51+00:00,1777812351000,8908,26.44115,44.02156,10.01732,79362,True,53.14819,3
20260503-101634,-Orhrxa0VWfHwwztzA3b,2026-05-03 12:46:03+00:00,1777812363000,8920,26.44876,44.05397,10.01754,79740,True,52.78979,3
20260503-101634,-Orhs-XYf_wpE1vL2R0v,2026-05-03 12:46:15+00:00,1777812375000,8932,26.44622,44.13525,10.01749,79740,True,52.27007,3
20260503-101634,-Orhs2SAmigssjDfA5Gz,2026-05-03 12:46:27+00:00,1777812387000,8944,26.44622,44.11379,10.01746,79137,True,52.84896,3
20260503-101634,-Orhs5ONEQUKO9pyOtH0,2026-05-03 12:46:39+00:00,1777812399000,8956,26.44115,44.04653,10.01734,79362,True,53.16293,3
20260503-101634,-Orhs8JSFmo2BBwjiVZl,2026-05-03 12:46:51+00:00,1777812411000,8968,26.4513,44.05676,10.01768,79287,True,53.26657,3
20260503-101634,-OrhsBFE4M3Sdwbsx8Rr,2026-05-03 12:47:03+00:00,1777812423000,8980,26.44369,44.04462,10.01756,79589,True,52.903,3
20260503-101634,-OrhsE9stf07pDmGLkAd,2026-05-03 12:47:15+00:00,1777812435000,8992,26.44115,44.02483,10.01747,79513,True,52.80141,3
20260503-101634,-OrhsH5I28aXaHp_NnpJ,2026-05-03 12:47:27+00:00,1777812447000,9004,26.44369,44.05134,10.01756,79740,True,52.36905,3
20260503-101634,-OrhsK1Ch2LjH6EVVR-G,2026-05-03 12:47:39+00:00,1777812459000,9016,26.43862,44.07135,10.01753,79513,True,52.76448,3
20260503-101634,-OrhsMxezYTEWVF1fPoA,2026-05-03 12:47:51+00:00,1777812471000,9028,26.44369,44.06271,10.01742,78914,True,53.17765,3
20260503-101634,-OrhsPsgPJyM2Xu2sG0z,2026-05-03 12:48:03+00:00,1777812483000,9040,26.43862,44.05265,10.01727,79137,True,53.69543,3
20260503-101634,-OrhsSrgC3T6i681sg_I,2026-05-03 12:48:15+00:00,1777812495000,9052,26.41073,44.24788,10.0174,74425,True,65.02258,3
20260503-101634,-OrhsVn8Oo0ILdgN25ol,2026-05-03 12:48:27+00:00,1777812507000,9064,26.44115,44.02277,10.01757,77814,True,61.90181,3
20260503-101634,-OrhsYj4bcmyRIOts0jn,2026-05-03 12:48:39+00:00,1777812519000,9076,26.43608,44.04372,10.01733,78839,True,57.28848,3
20260503-101634,-Orht00Tw51dOJ-YvVF6,2026-05-03 12:50:30+00:00,1777812630000,9187,26.35494,44.51367,10.01749,52236,True,188.13098,3
20260503-101634,-Orht0ngWv46Fr7RDRBm,2026-05-03 12:50:43+00:00,1777812643000,9199,26.41946,44.27341,10.01726,56235,True,176.26068,3
20260503-101634,-Orht3jomeh40jrSRJEP,2026-05-03 12:50:55+00:00,1777812655000,9211,26.36255,44.36066,10.01713,60985,True,152.92426,3
20260503-101634,-Orht6dJPPsf55FRN9oZ,2026-05-03 12:51:07+00:00,1777812667000,9223,26.39044,44.16805,10.01746,68129,True,113.23628,3
20260503-101634,-Orht9Zq1pfRfH_8pWDi,2026-05-03 12:51:19+00:00,1777812679000,9235,26.39805,44.18581,10.0173,71320,True,92.14363,3
20260503-101634,-OrhtCWWa8VG0cFVI2qj,2026-05-03 12:51:31+00:00,1777812691000,9247,26.40312,44.17502,10.01721,73835,True,79.66107,3
20260503-101634,-OrhtFQtAVoCx8bwCdHl,2026-05-03 12:51:43+00:00,1777812703000,9259,26.40819,44.12767,10.01729,75228,True,72.7113,3
20260503-101634,-OrhtIlLfcpfwFK1k8iM,2026-05-03 12:51:55+00:00,1777812715000,9271,26.40819,44.10951,10.01709,75841,True,67.88455,3
20260503-101634,-OrhtLHniF3ryGbWLxtQ,2026-05-03 12:52:07+00:00,1777812727000,9283,26.41326,44.09019,10.01716,76464,True,64.78189,3
20260503-101634,-OrhtODDL0J_YeCW_C34,2026-05-03 12:52:19+00:00,1777812739000,9295,26.42594,44.04027,10.0172,77240,True,62.17622,3
20260503-101634,-OrhtRBZPRKeKGw4S6IV,2026-05-03 12:52:31+00:00,1777812751000,9307,26.42087,44.06786,10.01703,77670,True,60.35404,3
20260503-101634,-OrhtU4H-aqe9sv5NCu6,2026-05-03 12:52:43+00:00,1777812763000,9319,26.4234,44.08736,10.01711,77670,True,59.57245,3
20260503-101634,-OrhtX0fxtd5EpcaeeHs,2026-05-03 12:52:55+00:00,1777812775000,9331,26.42087,44.07125,10.017,78031,True,59.05954,3
20260503-101634,-OrhtZwUvbrqIYs_qPqd,2026-05-03 12:53:07+00:00,1777812787000,9343,26.42848,44.03446,10.01712,78177,True,58.17052,3
20260503-101634,-OrhtbrhtxDKFPNgUV9l,2026-05-03 12:53:19+00:00,1777812799000,9355,26.42848,43.96462,10.01721,78397,True,56.77369,3
20260503-101634,-OrhteZU_mClRN6ZyG1w,2026-05-03 12:53:30+00:00,1777812810000,9366,26.3448,44.56979,10.01736,67963,True,69.39106,3
20260503-101634,-OrhthV3IWHGoXY7GCHd,2026-05-03 12:53:42+00:00,1777812822000,9378,26.4234,44.09648,10.01748,75025,True,71.96068,3
20260503-101634,-OrhtkRXoHutIAnkpi7N,2026-05-03 12:53:54+00:00,1777812834000,9390,26.42087,44.00104,10.01728,77526,True,63.77185,3
20260503-101634,-OrhtnMt3SAW84zC8iGl,2026-05-03 12:54:06+00:00,1777812846000,9402,26.4158,44.04235,10.0172,77959,True,60.27644,3
20260503-101634,-OrhtqHbhgQQozXKsP16,2026-05-03 12:54:18+00:00,1777812858000,9414,26.43101,44.00632,10.01751,78397,True,57.52269,3
20260503-101634,-OrhttD1fAh12XZqTH83,2026-05-03 12:54:30+00:00,1777812870000,9426,26.42594,44.03825,10.0175,78839,True,56.31347,3
20260503-101634,-Orhtw8UCUmffiWHgCCq,2026-05-03 12:54:42+00:00,1777812882000,9438,26.42848,43.99543,10.01737,78988,True,55.45636,3
20260503-101634,-OrhtzSN0XM93zZ4bZhM,2026-05-03 12:54:55+00:00,1777812895000,9451,26.48337,43.84114,10.01742,78765,True,55.47021,3
20260503-101634,-Orhu1GBR9q8U5MDsbzc,2026-05-03 12:55:07+00:00,1777812907000,9463,26.40565,44.18902,10.01748,71564,True,85.84698,3
20260503-101634,-Orhu4Axat-LbR82a54F,2026-05-03 12:55:19+00:00,1777812919000,9475,26.41833,44.01828,10.01766,75841,True,72.86172,3
20260503-101634,-Orhu77L_JXUYeMn2q_y,2026-05-03 12:55:31+00:00,1777812931000,9487,26.42087,44.03957,10.0176,77097,True,64.38326,3
20260503-101634,-OrhuA23sZcUOsoyhVwf,2026-05-03 12:55:43+00:00,1777812943000,9499,26.4234,43.99379,10.01757,78323,True,59.76363,3
20260503-101634,-OrhuD-mN_87b-72ZX2D,2026-05-03 12:55:55+00:00,1777812955000,9511,26.42087,43.97757,10.01733,78250,True,57.97285,3
20260503-101634,-OrhuFuOG7gsLoh5zEsW,2026-05-03 12:56:07+00:00,1777812967000,9523,26.42848,44.04089,10.01756,78914,True,56.67171,3
20260503-101634,-OrhuIvtcUuKlBYLw2-t,2026-05-03 12:56:19+00:00,1777812979000,9535,26.40565,44.29781,10.01749,73254,True,68.29427,3
20260503-101634,-OrhuLooFeukYyin9iJm,2026-05-03 12:56:31+00:00,1777812991000,9547,26.42594,44.01095,10.01734,77097,True,64.43883,3
20260503-101634,-OrhuOkTkPItFV2IGdHS,2026-05-03 12:56:43+00:00,1777813003000,9559,26.4234,43.99521,10.01732,78323,True,59.28229,3
20260503-101634,-OrhuRi8RArnDV-t-HO_,2026-05-03 12:56:55+00:00,1777813015000,9571,26.42594,44.07145,10.01736,78544,True,57.10963,3
20260503-101634,-OrhuUWfjISnXXscUdsE,2026-05-03 12:57:06+00:00,1777813026000,9583,26.48201,43.93487,10.01742,78839,True,56.50285,3
20260503-101634,-OrhuXS9_eu7RoJBCv34,2026-05-03 12:57:18+00:00,1777813038000,9595,26.38073,44.68764,10.01741,63241,True,75.4485,3
20260503-101634,-Orhu_KOXeOOTDLqAzHN,2026-05-03 12:57:30+00:00,1777813050000,9607,26.39551,44.24754,10.01754,68744,True,103.41316,3
20260503-101634,-OrhucFVG5Hjr5ha_XrR,2026-05-03 12:57:42+00:00,1777813062000,9619,26.40058,44.145,10.01748,74162,True,82.47902,3
20260503-101634,-OrhufAkLFzMQIxwDIHm,2026-05-03 12:57:54+00:00,1777813074000,9631,26.40565,44.06561,10.01735,76325,True,69.55751,3
20260503-101634,-OrhuikG7-4Omq4SFxU1,2026-05-03 12:58:06+00:00,1777813086000,9643,26.41326,44.02555,10.01762,77526,True,62.68885,3
20260503-101634,-OrhuklfQRb-icrlinxZ,2026-05-03 12:58:17+00:00,1777813097000,9654,26.33212,44.55868,10.0176,67634,True,73.25406,3
20260503-101634,-OrhunhMAl414SI2GK9B,2026-05-03 12:58:29+00:00,1777813109000,9666,26.40819,44.12399,10.01755,74891,True,73.69648,3
20260503-101634,-OrhuqdS7ToNlfvhqVWU,2026-05-03 12:58:41+00:00,1777813121000,9678,26.40819,44.07569,10.01776,76885,True,65.50435,3
20260503-101634,-OrhutZF1PeKbqUPuFGM,2026-05-03 12:58:53+00:00,1777813133000,9690,26.41326,44.0627,10.01739,77814,True,60.42088,3
20260503-101634,-OrhuwmHc_oKmLX0WmWg,2026-05-03 12:59:05+00:00,1777813145000,9702,26.4158,44.08665,10.01745,78397,True,57.52798,3
20260503-101634,-OrhuzQ3sZ9xKSjZDKKL,2026-05-03 12:59:17+00:00,1777813157000,9714,26.41833,44.05817,10.01759,78323,True,57.10242,3
20260503-101634,-Orhv1LcES1TDqW8OOtC,2026-05-03 12:59:29+00:00,1777813169000,9726,26.42087,44.00082,10.01763,79137,True,55.18679,3
20260503-101634,-Orhv4HY9WX_hT80i2tX,2026-05-03 12:59:41+00:00,1777813181000,9738,26.42087,44.03368,10.0174,79137,True,54.65519,3
20260503-101634,-Orhv7CwJgBPX7I82ZmR,2026-05-03 12:59:53+00:00,1777813193000,9750,26.42087,44.00239,10.01751,79362,True,53.7178,3
20260503-101634,-OrhvA8qENVEvXU3JXgt,2026-05-03 13:00:05+00:00,1777813205000,9762,26.41833,43.93335,10.0174,79362,True,53.39676,3
20260503-101634,-OrhvDBeUNhVc4wWnjaJ,2026-05-03 13:00:17+00:00,1777813217000,9774,26.42087,43.97286,10.01749,79362,True,53.8048,3
20260503-101634,-OrhvG0VNeHYs0bUR1vx,2026-05-03 13:00:29+00:00,1777813229000,9786,26.41326,43.99525,10.01723,79287,True,53.98606,3
20260503-101634,-OrhvIdmlzOVorZm0R2l,2026-05-03 13:00:40+00:00,1777813240000,9797,26.34227,44.4861,10.01758,69198,True,65.98492,3
20260503-101634,-OrhvL_SSSN32HXmdnvc,2026-05-03 13:00:52+00:00,1777813252000,9809,26.40819,44.01407,10.01739,76604,True,67.98119,3
20260503-101634,-OrhvOWS31JpWgSyvzBJ,2026-05-03 13:01:04+00:00,1777813264000,9821,26.41833,43.98269,10.01736,78470,True,60.73304,3
20260503-101634,-OrhvW-sy8n2Xm6UQuQY,2026-05-03 13:01:16+00:00,1777813276000,9833,26.4234,44.00336,10.0176,78839,True,56.95422,3
20260503-101634,-OrhvWlxCvZirZicg1Y1,2026-05-03 13:01:38+00:00,1777813298000,9854,26.47752,43.8581,10.01736,78544,True,56.792,3
20260503-101634,-Orhv_3G0Okj5b26XoSk,2026-05-03 13:01:50+00:00,1777813310000,9866,26.38283,44.25044,10.01727,66931,True,105.92232,3
20260503-101634,-OrhvbiRWbuB71rqZPHX,2026-05-03 13:02:02+00:00,1777813322000,9879,26.37269,44.28704,10.01714,68407,True,101.6129,3
20260503-101634,-OrhvebxKyBvdj7x_2kY,2026-05-03 13:02:14+00:00,1777813334000,9891,26.39805,44.09629,10.01737,74624,True,81.7869,3
20260503-101634,-OrhvhYMU51MdTgTMyqO,2026-05-03 13:02:26+00:00,1777813346000,9903,26.40058,44.029,10.01724,76255,True,69.99565,3
20260503-101634,-OrhvkU3rE3w15h-xLMw,2026-05-03 13:02:38+00:00,1777813358000,9915,26.40312,43.99569,10.01731,77598,True,63.25002,3
20260503-101634,-OrhvnY2itGNj_U1RKN1,2026-05-03 13:02:50+00:00,1777813370000,9927,26.40565,44.03677,10.01721,77886,True,59.92242,3
20260503-101634,-OrhvqKzdHigRUeINPc1,2026-05-03 13:03:02+00:00,1777813382000,9939,26.41073,44.02176,10.01738,77959,True,58.09143,3
20260503-101634,-OrhvtGUhAW0G25RL77I,2026-05-03 13:03:14+00:00,1777813394000,9951,26.4234,43.94855,10.01743,78839,True,56.303,3
20260503-101634,-OrhvwBtxmkqmEIFT2S0,2026-05-03 13:03:26+00:00,1777813406000,9963,26.41073,43.96712,10.01719,79137,True,55.46658,3
20260503-101634,-Orhvz81xcWQHHsM_8nz,2026-05-03 13:03:38+00:00,1777813418000,9975,26.4158,43.96578,10.01727,78617,True,55.63721,3
20260503-101634,-Orhw12tSAVUqH3PiOVh,2026-05-03 13:03:50+00:00,1777813430000,9987,26.41833,43.95102,10.01717,79287,True,54.55375,3
20260503-101634,-Orhw3zZXuUe1_6_B1At,2026-05-03 13:04:02+00:00,1777813442000,9999,26.42087,43.96761,10.01728,79137,True,54.21206,3
20260503-101634,-Orhw6vHJytoH3kSy92b,2026-05-03 13:04:14+00:00,1777813454000,10011,26.4234,43.9446,10.01734,79287,True,53.86339,3
20260503-101634,-Orhw9ztKQ5ZmVcZs0Vi,2026-05-03 13:04:26+00:00,1777813466000,10023,26.41073,43.94815,10.01712,79740,True,53.40497,3
20260503-101634,-OrhwCmGjWV8Lpb4wXpJ,2026-05-03 13:04:38+00:00,1777813478000,10035,26.41833,43.93487,10.01715,79362,True,53.44542,3
20260503-101634,-OrhwFirnJFMGk-eIzQ4,2026-05-03 13:04:50+00:00,1777813490000,10047,26.41326,43.95372,10.0173,79589,True,53.4915,3
20260503-101634,-OrhwIct9oWtOko7CSwg,2026-05-03 13:05:02+00:00,1777813502000,10059,26.4158,43.96581,10.01741,79664,True,53.04848,3
20260503-101634,-OrhwLZqINgizzYAOy6X,2026-05-03 13:05:14+00:00,1777813514000,10071,26.41833,43.92642,10.01729,79740,True,52.96355,3
20260503-101634,-OrhwOVh4qS2XXastOno,2026-05-03 13:05:26+00:00,1777813526000,10083,26.4234,43.91574,10.01725,79816,True,52.64383,3
20260503-101634,-OrhwRQJCwbhYC9LEIUS,2026-05-03 13:05:38+00:00,1777813538000,10095,26.4158,43.92392,10.01734,79892,True,52.81552,3
20260503-101634,-OrhwULqYNsEwQa2alZv,2026-05-03 13:05:50+00:00,1777813550000,10107,26.42594,43.88202,10.01729,79740,True,52.63171,3
20260503-101634,-OrhwXHPcSXw1hgHMAcC,2026-05-03 13:06:02+00:00,1777813562000,10119,26.42087,43.8839,10.01717,79969,True,51.66318,3
20260503-101634,-Orhw_CsWLKgNSZcxiRh,2026-05-03 13:06:14+00:00,1777813574000,10131,26.4234,43.88244,10.01727,80045,True,52.00559,3
20260503-101634,-Orhwc8osf2DiDueihQe,2026-05-03 13:06:26+00:00,1777813586000,10143,26.42087,43.89429,10.01728,79969,True,51.94767,3
20260503-101634,-Orhwf3maOJq7oLG820B,2026-05-03 13:06:38+00:00,1777813598000,10155,26.42594,43.90299,10.01717,79892,True,52.04711,3
20260503-101634,-Orhwi07FiiMXMXnRzNk,2026-05-03 13:06:50+00:00,1777813610000,10167,26.4234,43.94882,10.01743,79438,True,52.73892,3
20260503-101634,-OrhwkvuHCGJf4tMBJv1,2026-05-03 13:07:02+00:00,1777813622000,10179,26.42087,43.91471,10.01742,79589,True,52.7468,3
20260503-101634,-Orhwo9bjQJeRCca1QE3,2026-05-03 13:07:14+00:00,1777813634000,10191,26.4234,43.90037,10.01748,79664,True,52.70741,3
20260503-101634,-OrhwqmoNS7e6oQudYZM,2026-05-03 13:07:26+00:00,1777813646000,10203,26.42087,43.88735,10.01719,80198,True,51.8657,3
20260503-101634,-OrhwuLyuOtYC-j-pjgD,2026-05-03 13:07:38+00:00,1777813658000,10215,26.4234,43.91234,10.01736,79740,True,52.34715,3
20260503-101634,-OrhwwjJjk0L8hHVxaZK,2026-05-03 13:07:50+00:00,1777813670000,10227,26.42087,43.88937,10.0173,79589,True,53.30061,3
20260503-101634,-Orhwzc2eUOrflsPj5Aa,2026-05-03 13:08:02+00:00,1777813682000,10239,26.42848,43.92484,10.01754,79513,True,53.2522,3
20260503-101634,-Orhx1Ys5IJgmRaWetxD,2026-05-03 13:08:14+00:00,1777813694000,10251,26.4234,43.89352,10.01752,79816,True,52.76309,3
20260503-101634,-Orhx4UBRCfEziMLVKaV,2026-05-03 13:08:26+00:00,1777813706000,10263,26.42087,43.90748,10.01735,79892,True,52.23689,3
20260503-101634,-Orhx7PJVsmtFANqHERB,2026-05-03 13:08:38+00:00,1777813718000,10275,26.42594,43.9011,10.01738,79892,True,52.17297,3
20260503-101634,-OrhxALMtaz3VDIBxEdO,2026-05-03 13:08:50+00:00,1777813730000,10287,26.4158,43.91621,10.01725,79892,True,52.2588,3
20260503-101634,-OrhxDGrRiiMe3Q4jwK8,2026-05-03 13:09:02+00:00,1777813742000,10299,26.4234,43.8487,10.01736,79969,True,52.36565,3
20260503-101634,-OrhxGCR3noEqTOpKTLq,2026-05-03 13:09:14+00:00,1777813754000,10311,26.4234,43.855,10.01746,80045,True,51.76389,3
20260503-101634,-OrhxJ7kYYSqAsdP1GJU,2026-05-03 13:09:26+00:00,1777813766000,10323,26.41833,43.88551,10.01724,79438,True,52.42207,3
20260503-101634,-OrhxM2qpd-xlL5z26Kd,2026-05-03 13:09:38+00:00,1777813778000,10335,26.4234,43.86018,10.01739,79969,True,51.86563,3
20260503-101634,-OrhxOzRUomijC7nDJjr,2026-05-03 13:09:50+00:00,1777813790000,10347,26.42087,43.81674,10.01728,79816,True,52.45972,3
20260503-101634,-OrhxRvDellxCsT5fF8A,2026-05-03 13:10:02+00:00,1777813802000,10359,26.42087,43.82773,10.01726,79816,True,52.25403,3
20260503-101634,-OrhxUqLg76di6z0v3Dv,2026-05-03 13:10:14+00:00,1777813814000,10371,26.42087,43.86691,10.01723,79892,True,52.28444,3
20260503-101634,-OrhxXlwNBP469F9WTMV,2026-05-03 13:10:26+00:00,1777813826000,10383,26.4234,43.85883,10.01725,79969,True,52.20852,3
20260503-101634,-OrhxaO1VvqBopp9p-bt,2026-05-03 13:10:38+00:00,1777813838000,10395,26.41833,43.86592,10.01727,79969,True,51.84931,3
20260503-101634,-Orhxckm0sD4EzL48kOE,2026-05-03 13:10:51+00:00,1777813851000,10407,26.39805,44.11075,10.01726,74293,True,64.83331,3
20260503-101634,-OrhxfhnWQFsm_nsc5e-,2026-05-03 13:11:03+00:00,1777813863000,10419,26.41326,43.85779,10.01718,78104,True,61.77597,3
20260503-101634,-OrhxicqjSDfoi8B0oqY,2026-05-03 13:11:15+00:00,1777813875000,10431,26.41833,43.82987,10.01724,78839,True,57.24031,3
20260503-101634,-OrhxlYKvc6U8xaYIpwS,2026-05-03 13:11:27+00:00,1777813887000,10443,26.4158,43.81329,10.01706,79287,True,55.22973,3
20260503-101634,-OrhxoUQfA_cr6i0EgLe,2026-05-03 13:11:39+00:00,1777813899000,10455,26.4158,43.83378,10.01701,79287,True,54.12452,3
20260503-101634,-OrhxrPQePbu2vPM4vvO,2026-05-03 13:11:51+00:00,1777813911000,10467,26.41833,43.81498,10.01727,79740,True,53.19387,3
20260503-101634,-OrhxuKmNJNP1IZWbeGj,2026-05-03 13:12:03+00:00,1777813923000,10479,26.41833,43.83656,10.01722,79137,True,53.44424,3
20260503-101634,-OrhxxIpWneHY9uC_aSv,2026-05-03 13:12:15+00:00,1777813935000,10491,26.42594,43.80024,10.01727,79816,True,52.66338,3
20260503-101634,-OrhxzmVbmvyA3WEWwUN,2026-05-03 13:12:25+00:00,1777813945000,10501,26.34734,44.25825,10.01708,70598,True,63.88342,3
20260503-101634,-Orhy1guQjxP7Cnyd7ag,2026-05-03 13:12:37+00:00,1777813957000,10513,26.4158,43.84892,10.0172,77311,True,65.74707,3
20260503-101634,-Orhy4aPoLioGNLfVz27,2026-05-03 13:12:49+00:00,1777813969000,10525,26.41326,43.79414,10.01712,78617,True,59.85957,3
20260503-101634,-Orhy7XFtZfbRDcVH07o,2026-05-03 13:13:01+00:00,1777813981000,10537,26.41326,43.82292,10.01702,79063,True,55.97754,3
20260503-101634,-OrhyATZKmq-RBTnJTHg,2026-05-03 13:13:13+00:00,1777813993000,10549,26.41326,43.81156,10.01698,79513,True,54.60328,3
20260503-101634,-OrhyDO2I5uR5oiahcmS,2026-05-03 13:13:25+00:00,1777814005000,10561,26.41326,43.85193,10.01712,79362,True,54.08125,3
20260503-101634,-OrhyGL5IKprvFpOTXQz,2026-05-03 13:13:37+00:00,1777814017000,10573,26.41326,43.83646,10.01709,79740,True,53.47076,3
20260503-101634,-OrhyKASc7evNnQxqN86,2026-05-03 13:13:49+00:00,1777814029000,10585,26.4158,43.86337,10.01722,80045,True,52.59477,3
20260503-101634,-OrhyMQg3lnF7KJ2oVAN,2026-05-03 13:14:02+00:00,1777814042000,10598,26.38537,44.1515,10.0171,73575,True,66.98595,3
20260503-101634,-OrhyPLPOIc01Z7yejlt,2026-05-03 13:14:14+00:00,1777814054000,10610,26.40819,43.87186,10.01717,77311,True,64.05777,3
20260503-101634,-OrhySIZwsp0_CzZ5d45,2026-05-03 13:14:26+00:00,1777814066000,10622,26.40565,43.87782,10.01716,78691,True,58.83955,3
20260503-101634,-OrhyUoLhafa0ZWoxWxA,2026-05-03 13:14:36+00:00,1777814076000,10633,26.33466,44.35743,10.01736,69543,True,68.81192,3
20260503-101634,-OrhyXlP4elN_W7WeHuR,2026-05-03 13:14:48+00:00,1777814088000,10645,26.40058,43.91642,10.01724,76047,True,69.98708,3
20260503-101634,-Orhy_l0QCEUrW1fsUEb,2026-05-03 13:15:00+00:00,1777814100000,10657,26.40565,43.83419,10.01719,78177,True,62.09486,3
20260503-101634,-OrhycdRTSkdYT1i9tDC,2026-05-03 13:15:12+00:00,1777814112000,10669,26.40565,43.87135,10.01733,78544,True,58.17145,3
20260503-101634,-OrhyfXbfCYjCYtAitXo,2026-05-03 13:15:24+00:00,1777814124000,10681,26.40565,43.97393,10.01718,79063,True,56.19547,3
20260503-101634,-OrhyiSh7Wq7WlL7siyW,2026-05-03 13:15:36+00:00,1777814136000,10693,26.4158,43.90152,10.01738,78914,True,55.34753,3
20260503-101634,-OrhylRLxb5y49lXc0xn,2026-05-03 13:15:48+00:00,1777814148000,10705,26.4158,43.88017,10.01715,79362,True,54.93468,3
20260503-101634,-OrhyoLLVwI2hQRaT43M,2026-05-03 13:16:00+00:00,1777814160000,10717,26.41833,43.86234,10.01735,78988,True,54.67722,3
20260503-101634,-OrhyrFCrTZSubjabzcv,2026-05-03 13:16:12+00:00,1777814172000,10729,26.4158,43.85043,10.01739,79664,True,53.62938,3
20260503-101634,-OrhyuDW545rgy6NwDpi,2026-05-03 13:16:24+00:00,1777814184000,10741,26.41326,43.84209,10.01744,79438,True,53.92587,3
20260503-101634,-Orhyx6PR1oE3lIaD_uM,2026-05-03 13:16:36+00:00,1777814196000,10753,26.4158,43.85585,10.01739,79740,True,53.63224,3
20260503-101634,-OrhyzuVk5Ac8EtO3oR0,2026-05-03 13:16:48+00:00,1777814208000,10764,26.46661,43.71234,10.01728,79513,True,53.62827,3
20260503-101634,-Orhz2fHC9hqbvsMBn6S,2026-05-03 13:17:00+00:00,1777814220000,10776,26.39044,44.08668,10.01725,72935,True,80.83984,3
20260503-101634,-Orhz4O1-MvslV05yRZ2,2026-05-03 13:17:10+00:00,1777814230000,10787,26.33212,44.42551,10.01775,66295,True,86.88429,3
20260503-101634,-Orhz7J_fYlWjN6bVm_k,2026-05-03 13:17:22+00:00,1777814242000,10799,26.39298,43.93728,10.01755,74624,True,79.17195,3
20260503-101634,-OrhzAG1qBRd5v6XbYh9,2026-05-03 13:17:34+00:00,1777814254000,10811,26.40819,43.85915,10.01748,77027,True,67.46161,3
20260503-101634,-OrhzDAfXgztR7U6TJoy,2026-05-03 13:17:46+00:00,1777814266000,10823,26.40312,43.88062,10.01737,77959,True,61.34004,3
20260503-101634,-OrhzG6Cjv-vptXQ-tBA,2026-05-03 13:17:58+00:00,1777814278000,10835,26.40819,43.91036,10.01741,78544,True,58.06425,3
20260503-101634,-OrhzJ1WWjFVx-mPqdLz,2026-05-03 13:18:10+00:00,1777814290000,10847,26.40565,43.91428,10.0174,78691,True,56.60395,3
20260503-101634,-OrhzLyCupa2J8aHkT8T,2026-05-03 13:18:22+00:00,1777814302000,10859,26.40819,43.92641,10.01736,78988,True,55.88258,3
20260503-101634,-OrhzOuT-2gt99KwnsiD,2026-05-03 13:18:34+00:00,1777814314000,10871,26.41073,43.89939,10.01736,78914,True,55.43344,3
20260503-101634,-OrhzRp2_OujsmXZQtTa,2026-05-03 13:18:46+00:00,1777814326000,10883,26.41073,43.86025,10.0174,79212,True,54.84258,3
20260503-101634,-OrhzUl0NlfcLkh_zQ7E,2026-05-03 13:18:58+00:00,1777814338000,10895,26.41073,43.86926,10.01743,79212,True,54.61048,3
20260503-101634,-OrhzXg4_pblxrrJKOte,2026-05-03 13:19:10+00:00,1777814350000,10907,26.41326,43.85185,10.01744,78988,True,54.53761,3
20260503-101634,-Orhz_bx17p4J9MwKWxA,2026-05-03 13:19:22+00:00,1777814362000,10919,26.41326,43.84628,10.01751,79589,True,53.5144,3
20260503-101634,-OrhzcYgQn0pCTjHi6_T,2026-05-03 13:19:34+00:00,1777814374000,10931,26.4158,43.8323,10.01746,79589,True,53.58619,3
20260503-101634,-OrhzfUJARJuuFb0R7W-,2026-05-03 13:19:46+00:00,1777814386000,10943,26.41073,43.85137,10.01763,79589,True,53.67883,3
20260503-101634,-OrhziOwXNk5CU2oTcph,2026-05-03 13:19:58+00:00,1777814398000,10955,26.41833,43.92292,10.01759,79892,True,53.04269,3
20260503-101634,-OrhznLbO1okaxTvQ_hU,2026-05-03 13:20:10+00:00,1777814410000,10967,26.41073,43.89096,10.01749,79664,True,53.20441,3
20260503-101634,-Orhzo7RKBrUyNKHRqEX,2026-05-03 13:20:21+00:00,1777814421000,10978,26.46653,43.74125,10.01758,79740,True,53.05899,3
20260503-101634,-Orhzr2KXDj94ORrmVu8,2026-05-03 13:20:33+00:00,1777814433000,10990,26.39298,44.02741,10.01785,73190,True,80.63702,3
20260503-101634,-OrhztyXTBjZlqoAP0iL,2026-05-03 13:20:45+00:00,1777814445000,11002,26.40312,43.89523,10.01761,76744,True,69.37479,3
20260503-101634,-OrhzwvLF0sDV2tJIXnN,2026-05-03 13:20:57+00:00,1777814457000,11014,26.40312,43.88181,10.01758,77670,True,62.37933,3
20260503-101634,-Orhzzpcd3I00QYhUqLW,2026-05-03 13:21:09+00:00,1777814469000,11026,26.40565,43.95423,10.01763,79063,True,57.6757,3
20260503-101634,-Ori-1ky-VybXKUVwbEa,2026-05-03 13:21:21+00:00,1777814481000,11038,26.40819,43.83279,10.01762,79063,True,55.82875,3
20260503-101634,-Ori-4gY1M_Vpg_MNDA0,2026-05-03 13:21:33+00:00,1777814493000,11050,26.41326,43.83947,10.01776,79664,True,54.51554,3
20260503-101634,-Ori-7dRfx7rDp38FrGC,2026-05-03 13:21:45+00:00,1777814505000,11062,26.41073,43.85685,10.01771,79438,True,54.35408,3
20260503-101634,-Ori-AYZxNGBZy_xl4PG,2026-05-03 13:21:57+00:00,1777814517000,11074,26.41833,43.84996,10.01773,79137,True,54.39891,3
20260503-101634,-Ori-DU4Rtympm4B1GkO,2026-05-03 13:22:09+00:00,1777814529000,11086,26.41833,43.8375,10.0178,79740,True,53.53534,3
20260503-101634,-Ori-GP__9RDeT830CBI,2026-05-03 13:22:21+00:00,1777814541000,11098,26.41073,43.8404,10.01763,79438,True,53.96259,3
20260503-101634,-Ori-JMGm9dokzKgTIgj,2026-05-03 13:22:33+00:00,1777814553000,11110,26.4158,43.79346,10.01769,79287,True,54.02477,3
20260503-101634,-Ori-MGveHKolj6_LfVb,2026-05-03 13:22:45+00:00,1777814565000,11122,26.41833,43.80132,10.01764,79287,True,54.18658,3
20260503-101634,-Ori-PBy3ENfTXmlXOfc,2026-05-03 13:22:57+00:00,1777814577000,11134,26.41073,43.80947,10.01752,79589,True,53.34655,3
20260503-101634,-Ori-S7s1carZ4PQwore,2026-05-03 13:23:09+00:00,1777814589000,11146,26.41326,43.79795,10.01758,79589,True,53.13414,3
20260503-101634,-Ori-pxfRlM-7u4C_Z2T,2026-05-03 13:24:47+00:00,1777814687000,11244,26.33466,44.2938,10.01792,51277,True,179.34236,3
20260503-101634,-Ori-rS4R92ki9GMQjGm,2026-05-03 13:24:57+00:00,1777814697000,11254,26.27127,44.53812,10.01781,52929,True,171.90561,3
20260503-101634,-Ori-uNdlxGnprmGW3wr,2026-05-03 13:25:09+00:00,1777814709000,11266,26.34987,44.03769,10.01797,65620,True,131.96268,3
20260503-101634,-Ori-xi7GHSzRxfZray0,2026-05-03 13:25:22+00:00,1777814722000,11279,26.41237,43.85287,10.01788,67146,True,122.65563,3
20260503-101634,-Ori0-X4xuhiQG6yakTh,2026-05-03 13:25:34+00:00,1777814734000,11291,26.34987,44.10477,10.01783,65211,True,124.6345,3
20260503-101634,-Ori02RbWdHv88GA3_mn,2026-05-03 13:25:46+00:00,1777814746000,11303,26.36002,43.94483,10.01775,70837,True,98.68254,3
20260503-101634,-Ori05LYo_qXRBfNqZif,2026-05-03 13:25:58+00:00,1777814758000,11315,26.37776,43.88709,10.01785,73575,True,82.73071,3
20260503-101634,-Ori08H9UV6UpRn-b3HM,2026-05-03 13:26:10+00:00,1777814770000,11327,26.37776,43.88688,10.01775,75363,True,73.6591,3
20260503-101634,-Ori0BLpw9XjO19L9hzA,2026-05-03 13:26:22+00:00,1777814782000,11339,26.38283,43.88073,10.01764,76325,True,68.16812,3
20260503-101634,-Ori0E86H6OBdqLAHsKo,2026-05-03 13:26:34+00:00,1777814794000,11351,26.38791,43.87963,10.01751,77027,True,64.77557,3
20260503-101634,-Ori0HFh9t1FxJ9DNh8Z,2026-05-03 13:26:46+00:00,1777814806000,11363,26.39298,43.87521,10.01766,77598,True,62.89439,3
20260503-101634,-Ori0K-GBjl_CWPTDK3n,2026-05-03 13:26:58+00:00,1777814818000,11375,26.39044,43.86129,10.01764,77454,True,61.01452,3
20260503-101634,-Ori0Mx8pZ1Y3jp3btLX,2026-05-03 13:27:10+00:00,1777814830000,11387,26.38537,43.89225,10.01745,77886,True,60.07111,3
20260503-101634,-Ori0Pqys-vWaIT9sV56,2026-05-03 13:27:22+00:00,1777814842000,11399,26.39044,43.87301,10.01762,78104,True,58.64764,3
20260503-101634,-Ori0Smn9jeaxL9LrgkO,2026-05-03 13:27:34+00:00,1777814854000,11411,26.39298,43.87452,10.0175,78691,True,57.16802,3
20260503-101634,-Ori0ViP5h_UqaHy0meO,2026-05-03 13:27:46+00:00,1777814866000,11423,26.39298,43.8654,10.01769,78104,True,57.5348,3
20260503-101634,-Ori0YdcQZc1f_roOOlH,2026-05-03 13:27:58+00:00,1777814878000,11435,26.39805,43.8349,10.01774,78470,True,56.98353,3
20260503-101634,-Ori0aZxmbzERdNaRy6C,2026-05-03 13:28:10+00:00,1777814890000,11447,26.39805,43.84634,10.01765,78839,True,56.33057,3
20260503-101634,-Ori0dVWbrg-Kfsn7IjV,2026-05-03 13:28:22+00:00,1777814902000,11459,26.40312,43.83875,10.01765,79137,True,55.37593,3
20260503-101634,-Ori0gRPeQUIjq2CNHmj,2026-05-03 13:28:34+00:00,1777814914000,11471,26.40819,43.83554,10.01773,78988,True,55.82043,3
20260503-101634,-Ori0jNDotw6ZUvBFAVs,2026-05-03 13:28:46+00:00,1777814926000,11483,26.41073,43.80913,10.01764,79287,True,55.54382,3
20260503-101634,-Ori0mJJSUPpNxPmIAYq,2026-05-03 13:28:58+00:00,1777814938000,11495,26.40819,43.87511,10.01781,79362,True,54.59247,3
20260503-101634,-Ori0pEGK0m_gEcfyAec,2026-05-03 13:29:10+00:00,1777814950000,11507,26.41073,43.83161,10.01773,79212,True,54.24064,3
20260503-101634,-Ori0s94Vp1x4K7LUEiN,2026-05-03 13:29:22+00:00,1777814962000,11519,26.40819,43.81356,10.01783,79438,True,54.2644,3
20260503-101634,-Ori139rm2wj7DsYgn-Y,2026-05-03 13:29:34+00:00,1777814974000,11531,26.41073,43.79783,10.01782,79362,True,53.96038,3
20260503-101634,-Ori13xmYg_EMJqo0qTn,2026-05-03 13:30:15+00:00,1777815015000,11571,26.47255,43.60839,10.01777,79438,True,53.9548,3
20260503-101634,-Ori16rW0KPMfxEunLCs,2026-05-03 13:30:27+00:00,1777815027000,11583,26.34987,44.34515,10.01793,59766,True,138.24858,3
20260503-101634,-Ori19nyDAfdjrNdBV9l,2026-05-03 13:30:39+00:00,1777815039000,11595,26.37269,44.05132,10.01793,69891,True,108.63095,3
20260503-101634,-Ori1CixjfkeD43x0uhV,2026-05-03 13:30:51+00:00,1777815051000,11607,26.37776,43.93539,10.01798,73705,True,85.74602,3
20260503-101634,-Ori1FeBGk6LIpPaUlKP,2026-05-03 13:31:03+00:00,1777815063000,11619,26.38283,43.91168,10.01766,75431,True,73.16576,3
20260503-101634,-Ori1IbNwhK0jtO0g9MY,2026-05-03 13:31:15+00:00,1777815075000,11631,26.39298,43.92134,10.01783,76604,True,66.86416,3
20260503-101634,-Ori1LW4276sLGbkrQh0,2026-05-03 13:31:27+00:00,1777815087000,11643,26.39298,43.9164,10.01787,77311,True,62.94773,3
20260503-101634,-Ori1OZi7aFQTEFQ5NoC,2026-05-03 13:31:39+00:00,1777815099000,11655,26.39298,43.86426,10.01783,77742,True,60.57596,3
20260503-101634,-Ori1RN0Y-Ga0Z1OFbsu,2026-05-03 13:31:51+00:00,1777815111000,11667,26.39805,43.84526,10.01795,78397,True,58.98814,3
20260503-101634,-Ori1UIdX5RRWQrbpJjc,2026-05-03 13:32:03+00:00,1777815123000,11679,26.39551,43.83679,10.01807,78544,True,57.65186,3
20260503-101634,-Ori1XEJASU1rUJhiMNU,2026-05-03 13:32:15+00:00,1777815135000,11691,26.39298,43.8702,10.01785,78914,True,56.6693,3
20260503-101634,-Ori1ZmdPRebp_Fse-Qb,2026-05-03 13:32:25+00:00,1777815145000,11702,26.4476,43.72378,10.01763,78691,True,56.60273,3
20260503-101634,-Ori1c6CZDEyOxXGSrnY,2026-05-03 13:32:38+00:00,1777815158000,11715,26.34879,44.43083,10.01785,64757,True,74.07279,3
20260503-101634,-Ori1eqzML8QmIsxoqW4,2026-05-03 13:32:50+00:00,1777815170000,11727,26.36255,44.11001,10.0178,67963,True,106.20836,3
20260503-101634,-Ori1hmKUrbWjLNW8xzk,2026-05-03 13:33:02+00:00,1777815182000,11739,26.38283,43.88198,10.0179,73900,True,85.06425,3
20260503-101634,-Ori1khCzM6q_vlXmih0,2026-05-03 13:33:14+00:00,1777815194000,11751,26.38537,43.87091,10.01769,76464,True,71.07977,3
20260503-101634,-Ori1ncrwtCBooMISTZa,2026-05-03 13:33:26+00:00,1777815206000,11763,26.39044,43.8711,10.01792,77169,True,64.16766,3
20260503-101634,-Ori1q_5AlZuF7BumfrH,2026-05-03 13:33:38+00:00,1777815218000,11775,26.39551,43.84053,10.01773,78104,True,60.36373,3
20260503-101634,-Ori1tUZ95ozErRNfJ63,2026-05-03 13:33:50+00:00,1777815230000,11787,26.39551,43.84634,10.01765,78470,True,58.20499,3
20260503-101634,-Ori1wR8fdA2dWeYJbE5,2026-05-03 13:34:02+00:00,1777815242000,11799,26.39551,43.85006,10.01766,78914,True,57.33004,3
20260503-101634,-Ori1zNK-AepciF5DUwo,2026-05-03 13:34:14+00:00,1777815254000,11811,26.40565,43.79949,10.01784,78691,True,56.50871,3
20260503-101634,-Ori21H44suHSK6D83mq,2026-05-03 13:34:26+00:00,1777815266000,11823,26.40565,43.78441,10.01776,79664,True,54.83437,3
20260503-101634,-Ori24CuvTcPs36blY_a,2026-05-03 13:34:38+00:00,1777815278000,11835,26.40058,43.80157,10.01773,79212,True,54.6334,3
20260503-101634,-Ori2783P1LDq3jd_5rV,2026-05-03 13:34:50+00:00,1777815290000,11847,26.40312,43.76795,10.01768,79438,True,54.21915,3
20260503-101634,-Ori2A3dVMrHXGl8AwJx,2026-05-03 13:35:02+00:00,1777815302000,11859,26.40565,43.81537,10.01777,79438,True,54.39438,3
20260503-101634,-Ori2D0vQHViy38SqZ8X,2026-05-03 13:35:14+00:00,1777815314000,11871,26.40312,43.82676,10.01779,79589,True,54.04469,3
20260503-101634,-Ori2Fvb2TWG_7co11Wl,2026-05-03 13:35:26+00:00,1777815326000,11883,26.40565,43.7916,10.01749,79438,True,53.95311,3
20260503-101634,-Ori2ItUQhuJDMGM_Qva,2026-05-03 13:35:38+00:00,1777815338000,11895,26.40058,43.80077,10.01778,79287,True,53.96481,3
20260503-101634,-Ori2MWs7tvEKsS_Hbsn,2026-05-03 13:35:50+00:00,1777815350000,11907,26.40058,43.77202,10.01773,79816,True,52.76484,3
20260503-101634,-Ori2OlHlfrCDw7jBd8s,2026-05-03 13:36:02+00:00,1777815362000,11919,26.40565,43.71915,10.01767,79438,True,54.01405,3
20260503-101634,-Ori2SC5V9x3oaicoiDf,2026-05-03 13:36:14+00:00,1777815374000,11931,26.40819,43.73158,10.01776,79892,True,53.11005,3
20260503-101634,-Ori2UbP2-hBzgAHFCeq,2026-05-03 13:36:26+00:00,1777815386000,11943,26.40565,43.77302,10.01779,79892,True,53.10506,3
20260503-101634,-Ori2XZPkngS8_jkfQLN,2026-05-03 13:36:38+00:00,1777815398000,11955,26.41073,43.75702,10.01766,80198,True,52.55802,3
20260503-101634,-Ori2_UI45CH44cIbqDs,2026-05-03 13:36:50+00:00,1777815410000,11967,26.40058,43.77473,10.01764,79969,True,52.66877,3
20260503-101634,-Ori2cOyQLn-kGeszC76,2026-05-03 13:37:02+00:00,1777815422000,11979,26.40565,43.73506,10.01781,79892,True,53.08335,3
20260503-101634,-Ori2fL-nGsfIY30kSVH,2026-05-03 13:37:14+00:00,1777815434000,11991,26.41073,43.76487,10.01768,79740,True,53.03941,3
20260503-101634,-Ori2iFzrqPuBk1TbhDp,2026-05-03 13:37:26+00:00,1777815446000,12003,26.39805,43.83723,10.01756,79892,True,52.51057,3
20260503-101634,-Ori2lBRggk5nRisHL7w,2026-05-03 13:37:38+00:00,1777815458000,12015,26.40058,43.81174,10.01769,79664,True,53.13122,3
20260503-101634,-Ori2o7EIecCWyiJpHHG,2026-05-03 13:37:50+00:00,1777815470000,12027,26.40565,43.79759,10.01776,80045,True,52.89888,3
20260503-101634,-Ori2r2b8Q6AA0ZGKa2Y,2026-05-03 13:38:02+00:00,1777815482000,12039,26.40565,43.80493,10.01776,79513,True,52.9063,3
20260503-101634,-Ori2tzI4GjV3_8W-wbF,2026-05-03 13:38:14+00:00,1777815494000,12051,26.40565,43.79135,10.01765,79664,True,52.73647,3
20260503-101634,-Ori2wune28wVhB00IBl,2026-05-03 13:38:26+00:00,1777815506000,12063,26.41073,43.7524,10.01787,79816,True,52.59214,3
20260503-101634,-Ori2zpw6ExgPoRUu8hJ,2026-05-03 13:38:38+00:00,1777815518000,12075,26.40565,43.76072,10.01754,79664,True,52.9455,3
20260503-101634,-Ori3PCDlsi7_-jjgF9T,2026-05-03 13:40:21+00:00,1777815621000,12178,26.31944,44.28624,10.01785,50081,True,186.03023,3
20260503-101634,-Ori3QhCrw-MvrbFERKT,2026-05-03 13:40:32+00:00,1777815632000,12189,26.26113,44.53735,10.01779,51561,True,179.23531,3
20260503-101634,-Ori3TfdGRsaEChezcbY,2026-05-03 13:40:44+00:00,1777815644000,12201,26.34227,43.96299,10.01811,64908,True,138.01746,3
20260503-101634,-Ori3WZODtI9ip36aOFG,2026-05-03 13:40:56+00:00,1777815656000,12213,26.35748,43.75811,10.01809,70361,True,104.62839,3
20260503-101634,-Ori3ZUXnvsGzxblSxRc,2026-05-03 13:41:08+00:00,1777815668000,12225,26.36508,43.74228,10.01772,73126,True,86.48479,3
20260503-101634,-Ori3bSbFwnPgEXqVdzS,2026-05-03 13:41:20+00:00,1777815680000,12237,26.36508,43.79342,10.01784,74624,True,76.73908,3
20260503-101634,-Ori3eLV2S3a6BP_RA3J,2026-05-03 13:41:32+00:00,1777815692000,12249,26.37269,43.7773,10.01807,75567,True,70.88728,3
20260503-101634,-Ori3hHQe0oPNSXeGzyz,2026-05-03 13:41:44+00:00,1777815704000,12261,26.37523,43.76905,10.01794,76604,True,66.89095,3
20260503-101634,-Ori3ll_7_IVtro9I4hP,2026-05-03 13:41:56+00:00,1777815716000,12273,26.38283,43.78546,10.01771,77027,True,64.19157,3
20260503-101634,-Ori3nHAUbUyI2HzEzbf,2026-05-03 13:42:09+00:00,1777815729000,12285,26.29916,44.50822,10.01795,64858,True,78.81497,3
20260503-101634,-Ori3qD4wWfJBCFDL-ho,2026-05-03 13:42:21+00:00,1777815741000,12297,26.37776,43.95685,10.01805,73575,True,81.23328,3
20260503-101634,-Ori3t7xVi4p9FSjMzHd,2026-05-03 13:42:33+00:00,1777815753000,12309,26.38283,43.82268,10.01766,76604,True,69.91711,3
20260503-101634,-Ori3w3BueFvz9mnnja8,2026-05-03 13:42:45+00:00,1777815765000,12321,26.37776,43.82709,10.01791,77382,True,64.2981,3
20260503-101634,-Ori3z-bMt4JnGxC2Cys,2026-05-03 13:42:57+00:00,1777815777000,12333,26.37776,43.78936,10.01768,77886,True,61.23077,3
20260503-101634,-Ori43n1L3Cq5aytVD8Z,2026-05-03 13:43:10+00:00,1777815790000,12346,26.43773,43.61837,10.01781,77959,True,60.66359,3
20260503-101634,-Ori44Ysz8UrS8N4Zce6,2026-05-03 13:43:24+00:00,1777815804000,12360,26.33445,44.44249,10.0179,61163,True,82.22279,3
20260503-101634,-Ori47UTeiwkOffqo20k,2026-05-03 13:43:36+00:00,1777815816000,12372,26.34734,44.00942,10.01782,66295,True,115.81604,3
20260503-101634,-Ori4APq_wW4UbBewBG8,2026-05-03 13:43:48+00:00,1777815828000,12384,26.35748,43.84055,10.01765,72935,True,91.10245,3
20260503-101634,-Ori4DMZC1CnRmuDA36Z,2026-05-03 13:44:00+00:00,1777815840000,12396,26.37016,43.7573,10.01784,75431,True,75.27768,3
20260503-101634,-Ori4GJIJ8d4eH6xJ5uE,2026-05-03 13:44:12+00:00,1777815852000,12408,26.37269,43.76885,10.01784,76674,True,67.51529,3
20260503-101634,-Ori4JCJASf8Ux_m5E07,2026-05-03 13:44:24+00:00,1777815864000,12420,26.38283,43.83427,10.01792,77382,True,62.74733,3
20260503-101634,-Ori4M8DBREah3piRf4u,2026-05-03 13:44:36+00:00,1777815876000,12432,26.38537,43.85782,10.01773,78323,True,59.90348,3
20260503-101634,-Ori4P3IgeuDXnqTo5i7,2026-05-03 13:44:48+00:00,1777815888000,12444,26.38537,43.79657,10.01778,78691,True,58.49403,3
20260503-101634,-Ori4UEgF8tkRgb3sy3K,2026-05-03 13:45:00+00:00,1777815900000,12456,26.38791,43.77565,10.0176,78691,True,56.85814,3
20260503-101634,-Ori4V04y-UwkLOoleor,2026-05-03 13:45:12+00:00,1777815912000,12469,26.43458,43.65863,10.01774,78839,True,56.63807,3
20260503-101634,-Ori4XwlkKzTM_AkxTUd,2026-05-03 13:45:24+00:00,1777815924000,12481,26.37269,43.90105,10.01793,71871,True,85.99622,3
20260503-101634,-Ori4_rp8NrMND3x5XAu,2026-05-03 13:45:36+00:00,1777815936000,12493,26.38283,43.76704,10.01792,76394,True,72.70506,3
20260503-101634,-Ori4csutwoOsNg5FlPV,2026-05-03 13:45:48+00:00,1777815948000,12505,26.38283,43.74516,10.01769,77454,True,64.21304,3
20260503-101634,-Ori4fkX6dxsE19Zab4q,2026-05-03 13:46:00+00:00,1777815960000,12517,26.38283,43.75998,10.01766,78177,True,60.16525,3
20260503-101634,-Ori4ie1x3-2SlQRl4DU,2026-05-03 13:46:12+00:00,1777815972000,12529,26.38791,43.80896,10.01758,78691,True,57.15195,3
20260503-101634,-Ori4laGqjHtPET-ivfL,2026-05-03 13:46:24+00:00,1777815984000,12541,26.38791,43.81822,10.01786,78691,True,56.65547,3
20260503-101634,-Ori4oWE7HfX-9rJmd43,2026-05-03 13:46:36+00:00,1777815996000,12553,26.39298,43.78746,10.01754,79287,True,55.46036,3
20260503-101634,-Ori4rV-_pqs6yswDM-J,2026-05-03 13:46:48+00:00,1777816008000,12565,26.39044,43.80652,10.01748,79287,True,54.62159,3
20260503-101634,-Ori4uNc2lOUMyeC4Su7,2026-05-03 13:47:00+00:00,1777816020000,12577,26.38537,43.82644,10.01752,79589,True,54.09691,3
20260503-101634,-Ori4xKJYBcZuWHmT9D7,2026-05-03 13:47:12+00:00,1777816032000,12589,26.39551,43.79076,10.01744,79287,True,54.65339,3
20260503-101634,-Ori4zzrFBU_Ta-3swWA,2026-05-03 13:47:23+00:00,1777816043000,12600,26.45078,43.62099,10.01746,79287,True,54.60249,3
20260503-101634,-Ori52tm90dEeZh62xTk,2026-05-03 13:47:36+00:00,1777816056000,12613,26.35406,44.37864,10.01766,64958,True,72.64098,3
20260503-101634,-Ori557E0uxvgTgQDODs,2026-05-03 13:47:48+00:00,1777816068000,12625,26.36002,44.05116,10.0176,68519,True,105.6835,3
20260503-101634,-Ori58OiTmUIpfi5EyI-,2026-05-03 13:48:00+00:00,1777816080000,12637,26.37776,43.95316,10.01764,74624,True,83.42343,3
20260503-101634,-Ori5AzOPm0aky7uPYCH,2026-05-03 13:48:12+00:00,1777816092000,12649,26.38283,43.92821,10.01757,76255,True,70.32253,3
20260503-101634,-Ori5Duk5UfjRIuJuNbs,2026-05-03 13:48:24+00:00,1777816104000,12661,26.38537,43.86014,10.01775,77382,True,63.51992,3
20260503-101634,-Ori5GqdDdWdgLA9DuoM,2026-05-03 13:48:36+00:00,1777816116000,12673,26.3803,43.81746,10.01746,78470,True,59.25599,3
20260503-101634,-Ori5JnVpVbBdva9-15x,2026-05-03 13:48:48+00:00,1777816128000,12685,26.39044,43.78485,10.01764,78914,True,56.6964,3
20260503-101634,-Ori5MkDpd1--Ggy2t6b,2026-05-03 13:49:00+00:00,1777816140000,12697,26.39298,43.79213,10.01762,79063,True,55.79978,3
20260503-101634,-Ori5PceIlYHKaDDzWs1,2026-05-03 13:49:12+00:00,1777816152000,12709,26.38537,43.76935,10.01734,79137,True,55.29616,3
20260503-101634,-Ori5Sb-OMhvtJF_IoJk,2026-05-03 13:49:24+00:00,1777816164000,12721,26.39044,43.74975,10.01744,79438,True,54.35791,3
20260503-101634,-Ori5VVhOFl1k6lIV2WO,2026-05-03 13:49:36+00:00,1777816176000,12733,26.39044,43.739,10.01732,79816,True,53.76674,3
20260503-101634,-Ori5dF5zPiIbZsbLqK7,2026-05-03 13:49:49+00:00,1777816189000,12746,26.45041,43.58221,10.01737,79664,True,53.55814,3
20260503-101634,-Ori5e0ZxsG1Z2G8vNsD,2026-05-03 13:50:15+00:00,1777816215000,12772,26.35167,44.40774,10.0177,62162,True,75.94765,3
20260503-101634,-Ori5gwLiiwHCxygiHdD,2026-05-03 13:50:27+00:00,1777816227000,12784,26.33973,44.11971,10.01793,62116,True,134.72476,3
20260503-101634,-Ori5jrdzabxRBf0Wv74,2026-05-03 13:50:39+00:00,1777816239000,12796,26.35494,43.87679,10.01772,71199,True,102.90221,3
20260503-101634,-Ori5mrDHWgfFpA2QUTe,2026-05-03 13:50:51+00:00,1777816251000,12808,26.36762,43.81353,10.01778,74558,True,81.65196,3
20260503-101634,-Ori5qD3kONT7h8ii0tz,2026-05-03 13:51:03+00:00,1777816263000,12820,26.36762,43.81634,10.01783,76534,True,69.495,3
20260503-101634,-Ori5seMPgXs1R0hu2hp,2026-05-03 13:51:15+00:00,1777816275000,12832,26.37269,43.77841,10.01767,77027,True,64.33754,3
20260503-101634,-Ori5vaZGgZHP1JDuA6v,2026-05-03 13:51:27+00:00,1777816287000,12844,26.37269,43.81364,10.01774,77959,True,60.97187,3
20260503-101634,-Ori5yWRycr7gV3h6voD,2026-05-03 13:51:39+00:00,1777816299000,12856,26.37523,43.81844,10.01767,78397,True,58.93706,3
20260503-101634,-Ori60WyIYW9WNJFG2TN,2026-05-03 13:51:51+00:00,1777816311000,12868,26.28648,44.43639,10.01795,66138,True,73.46568,3
20260503-101634,-Ori63Scr9Y8kNZHW7cv,2026-05-03 13:52:03+00:00,1777816323000,12880,26.37016,43.85667,10.01822,75025,True,75.85089,3
20260503-101634,-Ori66OjG7MH6rFsDZvN,2026-05-03 13:52:15+00:00,1777816335000,12892,26.37776,43.77974,10.01791,77742,True,65.23453,3
20260503-101634,-Ori69J4UdIjFGCiqiVD,2026-05-03 13:52:27+00:00,1777816347000,12904,26.37523,43.82378,10.01764,77814,True,60.89076,3
20260503-101634,-Ori6CEfbBcWQN7Ge25Q,2026-05-03 13:52:39+00:00,1777816359000,12916,26.3803,43.81853,10.01784,78544,True,57.83427,3
20260503-101634,-Ori6FGWB9IT7VUA6scV,2026-05-03 13:52:52+00:00,1777816372000,12929,26.35748,44.01181,10.01795,73640,True,69.20309,3
20260503-101634,-Ori6IEO2fH-2eWIftdi,2026-05-03 13:53:04+00:00,1777816384000,12941,26.3803,43.82408,10.01786,77454,True,64.58562,3
20260503-101634,-Ori6L7kEGBjBZCwu65f,2026-05-03 13:53:16+00:00,1777816396000,12953,26.3803,43.79527,10.01779,78323,True,59.88463,3
20260503-101634,-Ori6O35nts17J9iCFEK,2026-05-03 13:53:28+00:00,1777816408000,12965,26.38537,43.78395,10.01785,79212,True,56.39703,3
20260503-101634,-Ori6R-uOeTqsxFqNFsQ,2026-05-03 13:53:40+00:00,1777816420000,12977,26.39044,43.7711,10.0177,79212,True,55.38494,3
20260503-101634,-Ori6Tuz-NYsIYOxpjQK,2026-05-03 13:53:52+00:00,1777816432000,12989,26.39298,43.76784,10.01778,79589,True,53.89884,3
20260503-101634,-Ori6Y4E5dlQ6XDtQhbo,2026-05-03 13:54:04+00:00,1777816444000,13001,26.39298,43.75774,10.01801,79589,True,53.71103,3
20260503-101634,-Ori6Z_2r-ttabEs9L2Y,2026-05-03 13:54:15+00:00,1777816455000,13012,26.3093,44.33188,10.01802,68970,True,66.38844,3
20260503-101634,-Ori6bVhzyqDXsYQpU_m,2026-05-03 13:54:27+00:00,1777816467000,13024,26.38283,43.84494,10.01764,76674,True,69.27994,3
20260503-101634,-Ori6eR6KNXJe4-86nbf,2026-05-03 13:54:39+00:00,1777816479000,13036,26.38791,43.76304,10.01772,78397,True,61.58829,3
20260503-101634,-Ori6hMjz-6P3n_we93a,2026-05-03 13:54:51+00:00,1777816491000,13048,26.39298,43.70894,10.01796,79438,True,56.64354,3
20260503-101634,-Ori6kIHg8P4_qFOesbO,2026-05-03 13:55:03+00:00,1777816503000,13060,26.39298,43.72279,10.0178,79287,True,54.88963,3
20260503-101634,-Ori6nEkK3Yf4mLIES6y,2026-05-03 13:55:15+00:00,1777816515000,13072,26.39551,43.74957,10.01801,79892,True,53.87559,3
20260503-101634,-Ori6q92qQ_sFJPT1H_W,2026-05-03 13:55:27+00:00,1777816527000,13084,26.38791,43.74887,10.01768,79664,True,53.55882,3
20260503-101634,-Ori6t4xTzPwEPmTVRbz,2026-05-03 13:55:39+00:00,1777816539000,13096,26.39298,43.78529,10.01771,79892,True,52.69474,3
20260503-101634,-Ori6w0IjHfYlMFNBd5N,2026-05-03 13:55:51+00:00,1777816551000,13108,26.39551,43.71489,10.01796,79287,True,53.69089,3
20260503-101634,-Ori6ywX32i73-uQidB7,2026-05-03 13:56:03+00:00,1777816563000,13120,26.39551,43.65554,10.01791,80045,True,52.45426,3
20260503-101634,-Ori70s52ybjbpIx2dF4,2026-05-03 13:56:15+00:00,1777816575000,13132,26.38537,43.67623,10.01782,80352,True,51.83093,3
20260503-101634,-Ori73nkayGxyuqdUVgX,2026-05-03 13:56:27+00:00,1777816587000,13144,26.39298,43.65942,10.01785,80198,True,51.94166,3
20260503-101634,-Ori76kviHHO67eRp_-L,2026-05-03 13:56:39+00:00,1777816599000,13156,26.39551,43.65247,10.018,79969,True,52.09893,3
20260503-101634,-Ori79ewZR9Sf-MXSC0y,2026-05-03 13:56:51+00:00,1777816611000,13168,26.38791,43.68174,10.01758,80507,True,51.49889,3
20260503-101634,-Ori7Ca418CC1xSY9IBI,2026-05-03 13:57:03+00:00,1777816623000,13180,26.38791,43.60486,10.01772,80275,True,51.10647,3
20260503-101634,-Ori7Fn4YZHSZDDqDlS-,2026-05-03 13:57:15+00:00,1777816635000,13192,26.39044,43.61594,10.01751,80352,True,51.42885,3
20260503-101634,-Ori7ISHmxhEzMLJKc56,2026-05-03 13:57:27+00:00,1777816647000,13204,26.39298,43.65911,10.01794,80740,True,50.55242,3
20260503-101634,-Ori7LNiccplZJl7iGr3,2026-05-03 13:57:39+00:00,1777816659000,13216,26.39044,43.6792,10.01792,79969,True,51.66589,3
20260503-101634,-Ori7OJ3AGSg4B6XbTgl,2026-05-03 13:57:51+00:00,1777816671000,13228,26.38791,43.71463,10.01798,80122,True,51.80612,3
20260503-101634,-Ori7REqNjb341AytXBV,2026-05-03 13:58:03+00:00,1777816683000,13240,26.39044,43.70631,10.01781,80275,True,51.94801,3
20260503-101634,-Ori7UAlGrDpn95Yu8aX,2026-05-03 13:58:15+00:00,1777816695000,13252,26.39298,43.6968,10.01806,79969,True,52.05694,3
20260503-101634,-Ori7X5f-mJrbawgG20y,2026-05-03 13:58:27+00:00,1777816707000,13264,26.38537,43.7053,10.0178,80275,True,51.10301,3
20260503-101634,-Ori7_1PC-kGLMJMroDJ,2026-05-03 13:58:39+00:00,1777816719000,13276,26.39298,43.71489,10.01799,80429,True,51.54184,3
20260503-101634,-Ori7bxU_1AUYOnvc9o9,2026-05-03 13:58:51+00:00,1777816731000,13288,26.39044,43.73093,10.01781,79892,True,52.06297,3
20260503-101634,-Ori7et1XRlqePiC-Zyv,2026-05-03 13:59:03+00:00,1777816743000,13300,26.39551,43.67047,10.01793,80352,True,51.49567,3
20260503-101634,-Ori7hscr78w_2r84gyz,2026-05-03 13:59:15+00:00,1777816755000,13312,26.39298,43.72298,10.01798,80045,True,51.85997,3
20260503-101634,-Ori7kk9W8OKx6g-GF4t,2026-05-03 13:59:27+00:00,1777816767000,13324,26.38791,43.72982,10.01791,80275,True,51.34233,3
20260503-101634,-Ori7nfoFn--CCfQLrr6,2026-05-03 13:59:39+00:00,1777816779000,13336,26.39044,43.67456,10.01811,80352,True,51.70833,3
20260503-101634,-Ori7qfCUyqqw_lc9uVi,2026-05-03 13:59:51+00:00,1777816791000,13348,26.39044,43.61013,10.01807,79969,True,51.71634,3
20260503-101634,-Ori7tXY_JLJQbY2ItXw,2026-05-03 14:00:03+00:00,1777816803000,13360,26.39044,43.60439,10.01807,80352,True,51.17677,3
20260503-101634,-Ori7wy6y-COZxOtHuEr,2026-05-03 14:00:16+00:00,1777816816000,13373,26.44027,43.48468,10.01782,80122,True,51.41838,3
20260503-101634,-Ori7zdRJ7iZ-oW1z2OT,2026-05-03 14:00:28+00:00,1777816828000,13385,26.36762,43.9684,10.01825,72808,True,84.10236,3
20260503-101634,-Ori81Zxcg36EwHWV4IE,2026-05-03 14:00:40+00:00,1777816840000,13397,26.38283,43.78941,10.01837,76604,True,70.99216,3
20260503-101634,-Ori84WW4caCrjx9ryxN,2026-05-03 14:00:52+00:00,1777816852000,13409,26.37776,43.77262,10.01822,78397,True,62.00592,3
20260503-101634,-Ori87RHWMNilYxO9dV4,2026-05-03 14:01:04+00:00,1777816864000,13421,26.39044,43.73573,10.01836,78988,True,57.66419,3
20260503-101634,-Ori8ALgZ265syqiIjsM,2026-05-03 14:01:16+00:00,1777816876000,13433,26.3017,44.30648,10.01832,67308,True,71.33447,3
20260503-101634,-Ori8DIGWUKtCnm5k4Ng,2026-05-03 14:01:28+00:00,1777816888000,13445,26.38283,43.76841,10.01846,75431,True,73.91001,3
20260503-101634,-Ori8GXiijdr6LL0NoQ8,2026-05-03 14:01:40+00:00,1777816900000,13457,26.38283,43.73273,10.01834,77959,True,64.00063,3
20260503-101634,-Ori8J7uP1wWx8sxHPNC,2026-05-03 14:01:52+00:00,1777816912000,13469,26.38283,43.72673,10.01829,78914,True,58.50721,3
20260503-101634,-Ori8M5dE97jRYEtjFUk,2026-05-03 14:02:04+00:00,1777816924000,13481,26.3803,43.70833,10.0184,78839,True,56.47297,3
20260503-101634,-Ori8OzoPugpZAgnYGC7,2026-05-03 14:02:16+00:00,1777816936000,13493,26.38283,43.66355,10.01859,79438,True,54.60549,3
20260503-101634,-Ori8RvLoM411-o8C3g7,2026-05-03 14:02:28+00:00,1777816948000,13505,26.37776,43.65904,10.0185,79740,True,53.91665,3
20260503-101634,-Ori8UT92PKMdH3vKO3G,2026-05-03 14:02:38+00:00,1777816958000,13515,26.30677,44.16346,10.01844,70125,True,65.18412,3
20260503-101634,-Ori8XNn7-PDcQVL7tW8,2026-05-03 14:02:50+00:00,1777816970000,13527,26.37776,43.76237,10.01863,77027,True,67.2541,3
20260503-101634,-Ori8_JQaQ_B07dh_DeA,2026-05-03 14:03:02+00:00,1777816982000,13539,26.37776,43.73006,10.0185,78250,True,60.69577,3
20260503-101634,-Ori8cFEGGmUrTVEtMkj,2026-05-03 14:03:14+00:00,1777816994000,13551,26.3803,43.70637,10.01846,79287,True,57.15443,3
20260503-101634,-Ori8hlnVCU-n0r_9S0M,2026-05-03 14:03:26+00:00,1777817006000,13563,26.38283,43.70669,10.01843,79287,True,55.3677,3
20260503-101634,-Ori8iYVzNSlRQZ2qFRe,2026-05-03 14:03:40+00:00,1777817020000,13577,26.44594,43.52622,10.01851,79589,True,54.84769,3
20260503-101634,-Ori8lTRQV5onK_s_mNs,2026-05-03 14:03:52+00:00,1777817032000,13589,26.36255,43.93047,10.01854,71686,True,88.36043,3
20260503-101634,-Ori8oONHSVOpPthOU7_,2026-05-03 14:04:04+00:00,1777817044000,13601,26.37269,43.77911,10.01837,76534,True,73.57458,3
20260503-101634,-Ori8rJtT6CPDeu0atZo,2026-05-03 14:04:16+00:00,1777817056000,13613,26.38283,43.71653,10.01852,77886,True,63.94042,3
20260503-101634,-Ori8uFj0Nq9Kc3wpn6F,2026-05-03 14:04:28+00:00,1777817068000,13625,26.38283,43.7393,10.01853,78397,True,59.41504,3
20260503-101634,-Ori8xBCDfM1UiPFp8GB,2026-05-03 14:04:40+00:00,1777817080000,13637,26.3803,43.72962,10.01844,78617,True,57.27172,3
20260503-101634,-Ori9-6OscUkpOcEUD-W,2026-05-03 14:04:52+00:00,1777817092000,13649,26.38283,43.63325,10.01845,79137,True,55.70366,3
20260503-101634,-Ori92OlRmJRcGu62SQ2,2026-05-03 14:05:04+00:00,1777817104000,13661,26.38283,43.64181,10.01864,79664,True,54.49023,3
20260503-101634,-Ori95fyrEkJ-WK5lPL3,2026-05-03 14:05:17+00:00,1777817117000,13674,26.4428,43.46784,10.01867,79287,True,54.61675,3
20260503-101634,-Ori988kofMzz0w9gvXv,2026-05-03 14:05:29+00:00,1777817129000,13686,26.36508,43.86574,10.01849,72180,True,85.89104,3
20260503-101634,-Ori9B62HdeoHuGO_kkN,2026-05-03 14:05:41+00:00,1777817141000,13698,26.37269,43.7131,10.01853,76464,True,72.6658,3
20260503-101634,-Ori9E1TQF2uBkAonyG7,2026-05-03 14:05:53+00:00,1777817153000,13710,26.37269,43.61774,10.0184,78397,True,63.42867,3
20260503-101634,-Ori9GwEVZpN2OyQIQze,2026-05-03 14:06:05+00:00,1777817165000,13722,26.37776,43.56932,10.01831,78765,True,58.54664,3
20260503-101634,-Ori9JrnCXv3sGU92qRs,2026-05-03 14:06:17+00:00,1777817177000,13734,26.3803,43.58335,10.01839,79362,True,56.03403,3
20260503-101634,-Ori9NaSDA17EYUR-yx5,2026-05-03 14:06:29+00:00,1777817189000,13746,26.37016,43.63242,10.01836,79362,True,55.18663,3
20260503-101634,-Ori9PtVRf69eJG09vWm,2026-05-03 14:06:42+00:00,1777817202000,13759,26.34734,43.8552,10.01845,74031,True,67.83595,3
20260503-101634,-Ori9SrCkr2E61l7zib-,2026-05-03 14:06:54+00:00,1777817214000,13771,26.37016,43.64633,10.01842,77814,True,64.1234,3
20260503-101634,-Ori9Vnz_sBe559fIaRq,2026-05-03 14:07:06+00:00,1777817226000,13783,26.36762,43.59692,10.01834,78988,True,59.09871,3
20260503-101634,-Ori9YiTTYxIpix_tZMt,2026-05-03 14:07:18+00:00,1777817238000,13795,26.37523,43.59845,10.01827,79137,True,56.63297,3
20260503-101634,-Ori9axYqEeSmjp0p00J,2026-05-03 14:07:30+00:00,1777817250000,13807,26.36508,43.62253,10.01819,79816,True,54.76291,3
20260503-101634,-Ori9dYBcHwmwhb3ilic,2026-05-03 14:07:42+00:00,1777817262000,13819,26.36762,43.65811,10.01806,79892,True,53.71422,3
20260503-101634,-Ori9gTch6c366agw1Rr,2026-05-03 14:07:54+00:00,1777817274000,13831,26.37523,43.63309,10.01816,79892,True,53.5556,3
20260503-101634,-Ori9jQJRfDJvjmqPG0e,2026-05-03 14:08:06+00:00,1777817286000,13843,26.37523,43.64095,10.01804,79589,True,53.77351,3
20260503-101634,-Ori9mKfLwAk5QYGxGz4,2026-05-03 14:08:18+00:00,1777817298000,13855,26.38283,43.56944,10.01811,80045,True,53.08068,3
20260503-101634,-Ori9pFxuKtua4c8XG5q,2026-05-03 14:08:30+00:00,1777817310000,13867,26.37523,43.61102,10.01802,80045,True,52.83889,3
20260503-101634,-Ori9sBY2qVf_fEYwCHU,2026-05-03 14:08:42+00:00,1777817322000,13879,26.37523,43.58361,10.01804,79969,True,52.89952,3
20260503-101634,-Ori9v8Rk9vFn84e2Onw,2026-05-03 14:08:54+00:00,1777817334000,13891,26.3803,43.56202,10.01823,79969,True,52.51435,3
20260503-101634,-Ori9y2VdPYoUqZjf97j,2026-05-03 14:09:06+00:00,1777817346000,13903,26.38283,43.57213,10.0182,80198,True,52.14504,3
20260503-101634,-OriA0-bygYPn4SbN9Of,2026-05-03 14:09:18+00:00,1777817358000,13915,26.37523,43.57422,10.01813,79740,True,52.86588,3
20260503-101634,-OriA3EOISjMqD2UDi5M,2026-05-03 14:09:30+00:00,1777817370000,13927,26.37776,43.56844,10.01805,80198,True,52.58675,3
20260503-101634,-OriA5rXM732HnJoD6_s,2026-05-03 14:09:42+00:00,1777817382000,13939,26.37523,43.59152,10.01809,80122,True,52.23619,3
20260503-101634,-OriA8lc_LZJrChpEg_0,2026-05-03 14:09:54+00:00,1777817394000,13951,26.38537,43.58503,10.01819,79740,True,52.8133,3
20260503-101634,-OriABxMQ-aKvE_4cVIZ,2026-05-03 14:10:07+00:00,1777817407000,13963,26.35241,43.85221,10.01829,73835,True,67.54319,3
20260503-101634,-OriAErhP8tTKbE3ED22,2026-05-03 14:10:19+00:00,1777817419000,13975,26.37776,43.63191,10.01803,77959,True,64.13155,3
20260503-101634,-OriAHn2b8SDuy2rd8vY,2026-05-03 14:10:31+00:00,1777817431000,13987,26.37776,43.57206,10.01817,79287,True,58.15039,3
20260503-101634,-OriAKigaTd86NjgZ2Wd,2026-05-03 14:10:43+00:00,1777817443000,13999,26.3803,43.61024,10.01807,79438,True,55.38762,3
20260503-101634,-OriANehuu2JTVejV7eb,2026-05-03 14:10:55+00:00,1777817455000,14011,26.38283,43.62949,10.01829,79438,True,54.58486,3
20260503-101634,-OriAQUQmPuGPs7ypzYO,2026-05-03 14:11:06+00:00,1777817466000,14023,26.43381,43.48086,10.01823,79892,True,54.11967,3
20260503-101634,-OriATQ4PBODmp7nHD_z,2026-05-03 14:11:18+00:00,1777817478000,14035,26.35494,43.83693,10.01828,73318,True,82.13289,3
20260503-101634,-OriAWLhiUQYl0P_E_3Q,2026-05-03 14:11:30+00:00,1777817490000,14047,26.36508,43.67822,10.01797,77169,True,70.08968,3
20260503-101634,-OriAZH-Y37jDBcQo5CM,2026-05-03 14:11:42+00:00,1777817502000,14059,26.37269,43.64093,10.01825,78177,True,61.98606,3
20260503-101634,-OriAbCqJnys-f1umAKG,2026-05-03 14:11:54+00:00,1777817514000,14071,26.37016,43.61142,10.01817,78839,True,58.17835,3
20260503-101634,-OriAeA3qi2RkmgHkk39,2026-05-03 14:12:06+00:00,1777817526000,14083,26.37269,43.55508,10.01835,79589,True,55.98915,3
20260503-101634,-OriAh3Rl0K_S0Ka0Vfx,2026-05-03 14:12:18+00:00,1777817538000,14095,26.37269,43.58218,10.01816,79513,True,55.1153,3
20260503-101634,-OriAkcB67bWIWMaW-p2,2026-05-03 14:12:30+00:00,1777817550000,14107,26.37776,43.61806,10.01831,79589,True,54.32183,3
20260503-101634,-OriAmvR3oZ15UO_PmHH,2026-05-03 14:12:42+00:00,1777817562000,14119,26.37523,43.60545,10.01823,79740,True,54.00673,3
20260503-101634,-OriApr-ZsJTFrwPx9Tg,2026-05-03 14:12:54+00:00,1777817574000,14131,26.3803,43.5883,10.01837,79589,True,54.48429,3
20260503-101634,-OriAsmQuz9ug9p7_56k,2026-05-03 14:13:06+00:00,1777817586000,14143,26.37523,43.62026,10.01837,79969,True,53.54736,3
20260503-101634,-OriAviY6YofECRgsRlD,2026-05-03 14:13:18+00:00,1777817598000,14155,26.38283,43.59302,10.01832,79287,True,54.34051,3
20260503-101634,-OriAydLie-DfUUX2ZCe,2026-05-03 14:13:30+00:00,1777817610000,14167,26.38283,43.5846,10.01855,79664,True,53.20079,3
20260503-101634,-OriB0Zj2NzlKuoxCQ2n,2026-05-03 14:13:42+00:00,1777817622000,14179,26.3803,43.57156,10.01846,80198,True,52.9376,3
20260503-101634,-OriB3VIwWSRn14gWV4N,2026-05-03 14:13:54+00:00,1777817634000,14191,26.3803,43.58926,10.01835,79740,True,53.00303,3
20260503-101634,-OriB6QzFG9DRBtjdzAw,2026-05-03 14:14:06+00:00,1777817646000,14203,26.37776,43.58551,10.01836,80275,True,52.0548,3
20260503-101634,-OriB9NfO9mB2d06pVy3,2026-05-03 14:14:18+00:00,1777817658000,14215,26.38283,43.54638,10.01855,79816,True,53.24376,3
20260503-101634,-OriBCHweMdQjDj7Gp4o,2026-05-03 14:14:30+00:00,1777817670000,14227,26.39044,43.55679,10.0186,80198,True,52.45318,3
20260503-101634,-OriBFDL6mBLfdtTNKt3,2026-05-03 14:14:42+00:00,1777817682000,14239,26.38537,43.55824,10.01859,79969,True,52.87983,3
20260503-101634,-OriBI97A8Kptc56NAGU,2026-05-03 14:14:54+00:00,1777817694000,14251,26.38537,43.54828,10.01863,79816,True,52.87859,3
20260503-101634,-OriBL6-39BsjV_fh6kq,2026-05-03 14:15:06+00:00,1777817706000,14263,26.38537,43.52342,10.01868,80045,True,52.46206,3
20260503-101634,-OriBO1Y94Oio2TnnxNk,2026-05-03 14:15:18+00:00,1777817718000,14275,26.38283,43.51663,10.0186,79740,True,53.0004,3
20260503-101634,-OriBQwqh07Jw5q6Jm5-,2026-05-03 14:15:30+00:00,1777817730000,14287,26.38791,43.48163,10.01886,80275,True,52.01625,3
20260503-101634,-OriBaW4KWRjyVuCV5fy,2026-05-03 14:15:42+00:00,1777817742000,14299,26.38537,43.49892,10.01875,80352,True,51.93409,3
20260503-101634,-OriBbI5r0FLG65kzfQa,2026-05-03 14:16:17+00:00,1777817777000,14334,26.44161,43.36986,10.01853,80045,True,52.21224,3
20260503-101634,-OriBeCiPKHiareLA-Vz,2026-05-03 14:16:29+00:00,1777817789000,14346,26.32705,43.92947,10.01878,62301,True,130.26903,3
20260503-101634,-OriBh8VOvC0sPRoj--a,2026-05-03 14:16:41+00:00,1777817801000,14358,26.34987,43.61254,10.01867,71502,True,102.1883,3
20260503-101634,-OriBkP_Ex-DOrYhZKS5,2026-05-03 14:16:53+00:00,1777817813000,14370,26.35748,43.5471,10.01888,74624,True,81.45294,3
20260503-101634,-OriBn-EEbIsoVqn8fyI,2026-05-03 14:17:05+00:00,1777817825000,14382,26.36508,43.56006,10.01893,76744,True,70.0266,3
20260503-101634,-OriBpvckSXyjd1wsFZV,2026-05-03 14:17:17+00:00,1777817837000,14394,26.36508,43.60761,10.01883,77670,True,64.2561,3
20260503-101634,-OriBsrHSp5LM6RveGyW,2026-05-03 14:17:29+00:00,1777817849000,14406,26.37016,43.57653,10.01882,78031,True,61.82818,3
20260503-101634,-OriBvmipIWRPHNVEsPx,2026-05-03 14:17:41+00:00,1777817861000,14418,26.36762,43.54607,10.01888,78691,True,59.24305,3
20260503-101634,-OriByiJ05-lDli-aCTh,2026-05-03 14:17:53+00:00,1777817873000,14430,26.37016,43.55313,10.0188,79287,True,57.02047,3
20260503-101634,-OriC0dff_XDQq_p4MMT,2026-05-03 14:18:05+00:00,1777817885000,14442,26.36508,43.55629,10.01879,78914,True,56.50906,3
20260503-101634,-OriC3_6M14pCgH_fwXi,2026-05-03 14:18:17+00:00,1777817897000,14454,26.37269,43.58261,10.01891,79816,True,54.84938,3
20260503-101634,-OriC6Vcvdf_zFJRG2kb,2026-05-03 14:18:29+00:00,1777817909000,14466,26.36762,43.58839,10.01902,79438,True,55.37276,3
20260503-101634,-OriC9Rp4Nu_0lhHbigW,2026-05-03 14:18:41+00:00,1777817921000,14478,26.36508,43.58739,10.01892,79137,True,55.75862,3
20260503-101634,-OriCC9f-ltfcQJW6dzs,2026-05-03 14:18:51+00:00,1777817931000,14488,26.29155,44.05413,10.0187,69891,True,67.15742,3
20260503-101634,-OriCEue1KO1LE3ja_B2,2026-05-03 14:19:03+00:00,1777817943000,14500,26.35748,43.61752,10.01895,76815,True,69.63094,3
20260503-101634,-OriCHqFb_SyI3NGMUsC,2026-05-03 14:19:15+00:00,1777817955000,14512,26.36255,43.59544,10.01893,78031,True,62.58287,3
20260503-101634,-OriCKqNb37_HT8bSV4o,2026-05-03 14:19:27+00:00,1777817967000,14524,26.33719,43.77352,10.01884,73900,True,71.46539,3
20260503-101634,-OriCOVTRDlg6YdxSphr,2026-05-03 14:19:41+00:00,1777817981000,14537,26.39716,43.5774,10.01872,75295,True,71.27005,3
20260503-101634,-OriCQxdesQCF24bW7HC,2026-05-03 14:19:53+00:00,1777817993000,14549,26.34227,43.78378,10.019,70598,True,96.00962,3
20260503-101634,-OriCTsxMUwFVc5roSqx,2026-05-03 14:20:05+00:00,1777818005000,14561,26.35241,43.63336,10.01885,75567,True,78.30338,3
20260503-101634,-OriCWpSxoQSjQ_94CMm,2026-05-03 14:20:17+00:00,1777818017000,14573,26.35241,43.61656,10.01885,77742,True,66.45624,3
20260503-101634,-OriCZvTkkTy9WOz6eA5,2026-05-03 14:20:29+00:00,1777818029000,14586,26.25859,44.26883,10.01895,65313,True,79.65736,3
20260503-101634,-OriCbrEItfnVYTDRdzx,2026-05-03 14:20:41+00:00,1777818041000,14598,26.34734,43.72667,10.01909,74691,True,80.01457,3
20260503-101634,-OriCenKW6ijT1IZt4Ui,2026-05-03 14:20:53+00:00,1777818053000,14610,26.36002,43.64614,10.01911,77027,True,68.87401,3
20260503-101634,-OriChiXmhLS2PLIxMwj,2026-05-03 14:21:05+00:00,1777818065000,14622,26.35494,43.60909,10.01891,78031,True,62.33704,3
20260503-101634,-OriCkd_tiVBFP5pH2HW,2026-05-03 14:21:17+00:00,1777818077000,14634,26.36002,43.57747,10.01904,78765,True,59.00206,3
20260503-101634,-OriCnadDbzrgonC5oge,2026-05-03 14:21:29+00:00,1777818089000,14646,26.36255,43.52895,10.01914,79589,True,56.48854,3
20260503-101634,-OriCqVmUcLFY3MgDXNx,2026-05-03 14:21:41+00:00,1777818101000,14658,26.36762,43.53838,10.01902,78988,True,55.88923,3
20260503-101634,-OriCtu4qRAizikIyYMd,2026-05-03 14:21:53+00:00,1777818113000,14670,26.37016,43.56477,10.01921,79287,True,55.53473,3
20260503-101634,-OriCwTdMV2ESVtg89Tq,2026-05-03 14:22:05+00:00,1777818125000,14682,26.37016,43.55077,10.01908,79589,True,54.61061,3
20260503-101634,-OriCzIOkcdSy9zwUoIf,2026-05-03 14:22:17+00:00,1777818137000,14694,26.36762,43.60128,10.01894,79362,True,54.65491,3
20260503-101634,-OriD1DS2GMCTShSvPrx,2026-05-03 14:22:29+00:00,1777818149000,14706,26.36762,43.59216,10.01911,79740,True,54.10656,3
20260503-101634,-OriD49-Zb-RkpqQM5kk,2026-05-03 14:22:41+00:00,1777818161000,14718,26.36762,43.56988,10.01899,79589,True,53.99801,3
20260503-101634,-OriD75J2i9pFFbEfu3N,2026-05-03 14:22:53+00:00,1777818173000,14730,26.37269,43.56195,10.01904,79438,True,54.17171,3
20260503-101634,-OriDA0-NHGZ_SGeGC50,2026-05-03 14:23:05+00:00,1777818185000,14742,26.36762,43.55345,10.01897,79438,True,53.86925,3
20260503-101634,-OriDCxpPA591rZbzbH2,2026-05-03 14:23:17+00:00,1777818197000,14754,26.36762,43.58897,10.01906,80045,True,53.24755,3
20260503-101634,-OriDFtLU8L8sVGODWM9,2026-05-03 14:23:29+00:00,1777818209000,14766,26.37523,43.57001,10.01911,79969,True,53.28777,3
20260503-101634,-OriDIofZT_RznyjhIkq,2026-05-03 14:23:41+00:00,1777818221000,14778,26.37016,43.57656,10.01889,80198,True,52.98441,3
20260503-101634,-OriDLlmH_RbnPWnwkri,2026-05-03 14:23:53+00:00,1777818233000,14790,26.3803,43.55836,10.01925,80045,True,53.17258,3
20260503-101634,-OriDP0Bt4XtXX9pGSJG,2026-05-03 14:24:06+00:00,1777818246000,14803,26.43012,43.42421,10.01901,79816,True,53.28976,3
20260503-101634,-OriDRqJ0gFGqvaX4utl,2026-05-03 14:24:18+00:00,1777818258000,14815,26.35494,43.75467,10.01909,72493,True,85.54877,3
20260503-101634,-OriDUmZu-OAYn45fWEP,2026-05-03 14:24:30+00:00,1777818270000,14827,26.36255,43.62656,10.01907,76464,True,72.68304,3
20260503-101634,-OriDXgyON9agzi_iPc4,2026-05-03 14:24:42+00:00,1777818282000,14839,26.37016,43.52332,10.01901,78250,True,63.2316,3
20260503-101634,-OriD_noZczyFAPAm0X5,2026-05-03 14:24:54+00:00,1777818294000,14851,26.37016,43.51486,10.01898,78765,True,58.52771,3
20260503-101634,-OriDcZ7OW933bsuR_gP,2026-05-03 14:25:06+00:00,1777818306000,14863,26.37269,43.54796,10.01893,79513,True,56.32281,3
20260503-101634,-OriDfUK4AjPCL6VRCDu,2026-05-03 14:25:18+00:00,1777818318000,14875,26.37269,43.60727,10.01898,79212,True,55.90572,3
20260503-101634,-OriDiPrt6yD-XdKbdiv,2026-05-03 14:25:30+00:00,1777818330000,14887,26.37523,43.5801,10.01904,79137,True,55.69324,3
20260503-101634,-OriDlLKuBqJOQMETGfa,2026-05-03 14:25:42+00:00,1777818342000,14899,26.37269,43.60151,10.01898,79287,True,55.46096,3
20260503-101634,-OriDoGymsNUAtSGVXT8,2026-05-03 14:25:54+00:00,1777818354000,14911,26.37776,43.5495,10.01891,80045,True,53.76273,3
20260503-101634,-OriDrCNPIB9LwYpqlZ1,2026-05-03 14:26:06+00:00,1777818366000,14923,26.37776,43.54959,10.01903,79740,True,53.82185,3
20260503-101634,-OriDu86uX4uuUzkD87S,2026-05-03 14:26:18+00:00,1777818378000,14935,26.3803,43.50943,10.0193,79969,True,53.10273,3
20260503-101634,-OriDx3KcsRUwNfD3a9Y,2026-05-03 14:26:30+00:00,1777818390000,14947,26.37523,43.49905,10.01901,80275,True,52.84359,3
20260503-101634,-OriDzzre0OtCy7zj1ow,2026-05-03 14:26:42+00:00,1777818402000,14959,26.37523,43.45088,10.01906,80198,True,52.34391,3
20260503-101634,-OriE1vL4G0L7etWxP9Q,2026-05-03 14:26:54+00:00,1777818414000,14971,26.3803,43.43477,10.01918,79892,True,52.74917,3
20260503-101634,-OriE4qqsuJSvsjrEHdg,2026-05-03 14:27:06+00:00,1777818426000,14983,26.37776,43.47479,10.01905,80275,True,52.37225,3
20260503-101634,-OriE7pBB6vJRAwy2l8x,2026-05-03 14:27:18+00:00,1777818438000,14995,26.37523,43.49175,10.01906,79892,True,52.71072,3
20260503-101634,-OriEAhwjwqvjyugKNWc,2026-05-03 14:27:30+00:00,1777818450000,15007,26.37523,43.50824,10.01908,80198,True,52.80932,3
20260503-101634,-OriEDdbVFL01wBWdVGY,2026-05-03 14:27:42+00:00,1777818462000,15019,26.38283,43.48489,10.01924,80122,True,52.54434,3
20260503-101634,-OriEGZy7uyOde2Ly3DP,2026-05-03 14:27:54+00:00,1777818474000,15031,26.37523,43.52779,10.01911,80198,True,52.55854,3
20260503-101634,-OriEKT4SmjQdrlMKqbo,2026-05-03 14:28:06+00:00,1777818486000,15043,26.37269,43.51758,10.01919,80045,True,52.78743,3
20260503-101634,-OriEM0it0xdQ_OO71zN,2026-05-03 14:28:17+00:00,1777818497000,15053,26.29663,44.00655,10.01901,70361,True,64.88062,3
20260503-101634,-OriEOwtS9pgAB1-3N6Q,2026-05-03 14:28:29+00:00,1777818509000,15065,26.36762,43.5857,10.01922,76956,True,67.73109,3
20260503-101634,-OriERs_wNXgz8mynUhn,2026-05-03 14:28:41+00:00,1777818521000,15077,26.36762,43.52701,10.0191,79063,True,60.34113,3
20260503-101634,-OriEUoArXWnMV0juQQL,2026-05-03 14:28:53+00:00,1777818533000,15089,26.36762,43.53707,10.01913,79137,True,57.27435,3
20260503-101634,-OriEXjX_41C9HiCoDer,2026-05-03 14:29:05+00:00,1777818545000,15101,26.36508,43.54413,10.01916,79740,True,54.86829,3
20260503-101634,-OriE_gmyzzJWakIl035,2026-05-03 14:29:17+00:00,1777818557000,15113,26.36762,43.5398,10.01929,79892,True,53.67035,3
20260503-101634,-OriEcaWG4URhw4vVmOZ,2026-05-03 14:29:29+00:00,1777818569000,15125,26.37016,43.53394,10.01928,80045,True,53.25431,3
20260503-101634,-OriEfWtts_HqoV68Zdo,2026-05-03 14:29:41+00:00,1777818581000,15137,26.36255,43.54403,10.0191,79892,True,53.18014,3
20260503-101634,-OriEiSbWm9MB5UUwj6J,2026-05-03 14:29:53+00:00,1777818593000,15149,26.36002,43.56367,10.01894,80198,True,53.00922,3
20260503-101634,-OriElOFsd_KHRcuKT64,2026-05-03 14:30:05+00:00,1777818605000,15161,26.36508,43.5697,10.0193,80275,True,52.89273,3
20260503-101634,-OriEoNBWuq5BqPfOUS6,2026-05-03 14:30:17+00:00,1777818617000,15173,26.36255,43.6551,10.01912,80352,True,52.34264,3
20260503-101634,-OriErFXn8zGatvVpWwF,2026-05-03 14:30:29+00:00,1777818629000,15185,26.37016,43.63025,10.01922,79664,True,53.53159,3
20260503-101634,-OriEuBsfEJMJ8rxDoOe,2026-05-03 14:30:41+00:00,1777818641000,15197,26.36255,43.63213,10.01896,80429,True,52.49091,3
20260503-101634,-OriEx5zEmvvMklVW4R1,2026-05-03 14:30:53+00:00,1777818653000,15209,26.36762,43.58884,10.01925,80198,True,52.54609,3
20260503-101634,-OriF-3rbyXqkfvQqHcZ,2026-05-03 14:31:05+00:00,1777818665000,15221,26.36762,43.55752,10.01924,80122,True,52.82397,3
20260503-101634,-OriF4Tm3Nf1ILgo29pa,2026-05-03 14:31:17+00:00,1777818677000,15233,26.36255,43.5686,10.01923,80045,True,52.55438,3
20260503-101634,-OriF5JWGZOVLnGfxXGV,2026-05-03 14:31:30+00:00,1777818690000,15247,26.42308,43.41576,10.01922,79892,True,52.78975,3
20260503-101634,-OriF8FSKUxHzJDeGV5v,2026-05-03 14:31:42+00:00,1777818702000,15259,26.3448,43.76687,10.0194,71686,True,88.09897,3
20260503-101634,-OriFBCWJI03fJvfZXgs,2026-05-03 14:31:54+00:00,1777818714000,15271,26.34987,43.65054,10.01909,76604,True,73.78471,3
20260503-101634,-OriFE5mIeQKOc5VBxfS,2026-05-03 14:32:06+00:00,1777818726000,15283,26.35494,43.66099,10.01924,78177,True,64.10474,3
20260503-101634,-OriFH36lg284Bsb_8bT,2026-05-03 14:32:18+00:00,1777818738000,15295,26.36002,43.64373,10.01919,78617,True,59.53121,3
20260503-101634,-OriFKFNGhs8OyFbUtbF,2026-05-03 14:32:30+00:00,1777818750000,15307,26.36255,43.60257,10.01919,78988,True,57.55634,3
20260503-101634,-OriFMtBSmHmZ0IjJqnN,2026-05-03 14:32:42+00:00,1777818762000,15319,26.36508,43.59341,10.01912,79589,True,55.49954,3
20260503-101634,-OriFQ6L3BT35r-WmYl0,2026-05-03 14:32:54+00:00,1777818774000,15331,26.36762,43.63422,10.0192,79816,True,55.04548,3
20260503-101634,-OriFSlJSTSAKQsIufo_,2026-05-03 14:33:06+00:00,1777818786000,15343,26.37016,43.57022,10.01931,79137,True,54.63427,3
20260503-101634,-OriFVffLwSZGNDGK2ZM,2026-05-03 14:33:18+00:00,1777818798000,15355,26.36508,43.59431,10.01911,79740,True,53.89339,3
20260503-101634,-OriFYcTuld1VVEJ9Ad9,2026-05-03 14:33:30+00:00,1777818810000,15367,26.36762,43.55531,10.01911,79589,True,54.15997,3
20260503-101634,-OriFaXk6gzDV5yWtHkF,2026-05-03 14:33:42+00:00,1777818822000,15379,26.35748,43.57588,10.01892,79664,True,53.70776,3
20260503-101634,-OriFdTee1V2JSeSRcia,2026-05-03 14:33:54+00:00,1777818834000,15391,26.36508,43.52607,10.01911,79816,True,53.80457,3
20260503-101634,-OriFgk__gAbs8CqPqmz,2026-05-03 14:34:07+00:00,1777818847000,15404,26.41491,43.40742,10.01903,79892,True,53.64515,3
20260503-101634,-OriFkWBHs_nAyn7za0_,2026-05-03 14:34:19+00:00,1777818859000,15416,26.33719,43.73978,10.01915,72180,True,86.79798,3
20260503-101634,-OriFmPkr4a6pqeype3W,2026-05-03 14:34:31+00:00,1777818871000,15428,26.25859,44.15994,10.0191,64858,True,93.8259,3
20260503-101634,-OriFpKj1BmhpI8AIB1k,2026-05-03 14:34:43+00:00,1777818883000,15440,26.33719,43.67435,10.01931,74162,True,85.1925,3
20260503-101634,-OriFrwPn14HEZBFwN9R,2026-05-03 14:34:54+00:00,1777818894000,15450,26.2662,44.08034,10.01933,66771,True,88.99004,3
20260503-101634,-OriFusl2wujaEPC4NEq,2026-05-03 14:35:06+00:00,1777818906000,15462,26.33466,43.65516,10.0192,74824,True,80.91478,3
20260503-101634,-OriFxnRiLzMhPrlee0Y,2026-05-03 14:35:18+00:00,1777818918000,15474,26.34734,43.54667,10.01928,76956,True,68.70863,3
20260503-101634,-OriG-j4BzWMuBwaTNGp,2026-05-03 14:35:30+00:00,1777818930000,15486,26.35241,43.55482,10.01943,78104,True,62.0747,3
20260503-101634,-OriG2kI9ym1Rq-0rCQR,2026-05-03 14:35:42+00:00,1777818942000,15499,26.33212,43.78103,10.01953,72998,True,72.93163,3
20260503-101634,-OriG5eq7ZlobUGTcjrV,2026-05-03 14:35:54+00:00,1777818954000,15511,26.34734,43.61749,10.01931,77382,True,67.19006,3
20260503-101634,-OriG8a4axKXlrBZgI3u,2026-05-03 14:36:06+00:00,1777818966000,15523,26.35494,43.56524,10.0196,78544,True,61.26132,3
20260503-101634,-OriGBWmeLpEyGFHJnLA,2026-05-03 14:36:18+00:00,1777818978000,15535,26.34734,43.58611,10.01938,79438,True,57.48618,3
20260503-101634,-OriGES88Ag6U3xMWPQF,2026-05-03 14:36:30+00:00,1777818990000,15547,26.35494,43.55178,10.01935,79137,True,56.43932,3
20260503-101634,-OriGHNWeDsmlupambuo,2026-05-03 14:36:42+00:00,1777819002000,15559,26.35748,43.55422,10.0196,79212,True,55.77247,3
20260503-101634,-OriGKJHMKwmaCIhjZCB,2026-05-03 14:36:54+00:00,1777819014000,15571,26.35241,43.56812,10.01918,79664,True,54.803,3
20260503-101634,-OriGNFkclN9wn3dw0Dy,2026-05-03 14:37:06+00:00,1777819026000,15583,26.35748,43.58191,10.01955,79664,True,54.51843,3
20260503-101634,-OriGQA2lwB9SPxXAuyk,2026-05-03 14:37:18+00:00,1777819038000,15595,26.35748,43.57161,10.01944,80045,True,54.02148,3
20260503-101634,-OriGTWE0dRRne1ihPG1,2026-05-03 14:37:30+00:00,1777819050000,15607,26.35494,43.60453,10.01942,79438,True,54.39888,3
20260503-101634,-OriGW4ZJIP5d5XdPUF6,2026-05-03 14:37:42+00:00,1777819062000,15619,26.35494,43.56212,10.0194,79969,True,53.29694,3
20260503-101634,-OriGYx_BT_u16B4PQIp,2026-05-03 14:37:54+00:00,1777819074000,15631,26.35748,43.51128,10.01953,80122,True,53.1308,3
20260503-101634,-OriGautSUw1fTjf5snq,2026-05-03 14:38:06+00:00,1777819086000,15643,26.35241,43.52874,10.01943,79816,True,53.06351,3
20260503-101634,-OriGdoaNIEIQ-yi__eI,2026-05-03 14:38:18+00:00,1777819098000,15655,26.36002,43.52222,10.01968,80122,True,52.8734,3
20260503-101634,-OriGgkJSui-vXqiRL2v,2026-05-03 14:38:30+00:00,1777819110000,15667,26.36002,43.51105,10.01968,80122,True,52.70681,3
20260503-101634,-OriGjfp9UwmtWrt8JDx,2026-05-03 14:38:42+00:00,1777819122000,15679,26.36002,43.55412,10.01976,79816,True,52.82702,3
20260503-101634,-OriGmbMF1hqGaDQXlpw,2026-05-03 14:38:54+00:00,1777819134000,15691,26.36002,43.56354,10.01976,79816,True,53.37262,3
20260503-101634,-OriGpYgtRn8HfFocCkJ,2026-05-03 14:39:06+00:00,1777819146000,15703,26.36002,43.54319,10.01999,80045,True,53.00743,3
20260503-101634,-OriGsT37_nRQ25qDChN,2026-05-03 14:39:18+00:00,1777819158000,15715,26.34987,43.56342,10.01978,80045,True,52.77501,3
20260503-101634,-OriGvud_nQDTB0R_1nK,2026-05-03 14:39:30+00:00,1777819170000,15727,26.35241,43.57927,10.01994,79740,True,53.39622,3
20260503-101634,-OriGyK-SGNef7gVw1x0,2026-05-03 14:39:42+00:00,1777819182000,15739,26.35241,43.58224,10.01994,80045,True,53.14817,3
20260503-101634,-OriH0FaDlXuyT6pZE8A,2026-05-03 14:39:54+00:00,1777819194000,15751,26.35748,43.55872,10.01993,79816,True,53.52937,3
20260503-101634,-OriH3B0tmgPw8KZey8l,2026-05-03 14:40:06+00:00,1777819206000,15763,26.34987,43.57143,10.01988,80198,True,52.61996,3
20260503-101634,-OriH66tXZedrkymX-6J,2026-05-03 14:40:18+00:00,1777819218000,15775,26.35494,43.55342,10.02012,80352,True,52.34711,3
20260503-101634,-OriH92aUq0gaMzPR366,2026-05-03 14:40:30+00:00,1777819230000,15787,26.34987,43.56666,10.01983,79892,True,52.88425,3
20260503-101634,-OriHCHJQORZSZ6BAr3C,2026-05-03 14:40:42+00:00,1777819242000,15799,26.3448,43.55326,10.01993,79816,True,52.93217,3
20260503-101634,-OriHEwxJaTlqIbjFSxr,2026-05-03 14:40:54+00:00,1777819254000,15811,26.34987,43.54025,10.01985,80275,True,52.36899,3
20260503-101634,-OriHHpTqSWLa69hQbXS,2026-05-03 14:41:06+00:00,1777819266000,15823,26.34987,43.56984,10.02004,80045,True,52.71115,3
20260503-101634,-OriHKlJiNToZ8ETh25_,2026-05-03 14:41:18+00:00,1777819278000,15835,26.35748,43.52753,10.02002,80198,True,52.58447,3
20260503-101634,-OriHNgV7QXFShIXXkUp,2026-05-03 14:41:30+00:00,1777819290000,15847,26.35494,43.56655,10.01998,79816,True,52.85756,3
20260503-101634,-OriHQcmrX3-t9iP10IX,2026-05-03 14:41:42+00:00,1777819302000,15859,26.35748,43.5961,10.02,80045,True,52.80605,3
20260503-101634,-OriHTYZfLA07G6Eg9Nu,2026-05-03 14:41:54+00:00,1777819314000,15871,26.35748,43.60923,10.02006,80045,True,52.95148,3
20260503-101634,-OriHWUYS7NvnY-wKu_-,2026-05-03 14:42:06+00:00,1777819326000,15883,26.35748,43.53758,10.02013,80045,True,52.50599,3
20260503-101634,-OriHZT2yuq84WOj-ECV,2026-05-03 14:42:18+00:00,1777819338000,15895,26.35748,43.56511,10.01992,80045,True,52.91533,3
20260503-101634,-OriHbL9Az_Zq0XhG12h,2026-05-03 14:42:30+00:00,1777819350000,15907,26.36508,43.51428,10.02016,80122,True,52.45007,3
20260503-101634,-OriHeGwuC67mpSB18UX,2026-05-03 14:42:42+00:00,1777819362000,15919,26.36255,43.54522,10.02003,80352,True,52.39613,3
20260503-101634,-OriHhERyMdsyLBqI_aE,2026-05-03 14:42:54+00:00,1777819374000,15931,26.36255,43.54438,10.02,79892,True,52.92881,3
20260503-101634,-OriHkPSdkmcwQ-exH6p,2026-05-03 14:43:06+00:00,1777819386000,15943,26.36255,43.53144,10.02015,79589,True,53.34409,3
20260503-101634,-OriHn3E74YFjojiJqUq,2026-05-03 14:43:18+00:00,1777819398000,15955,26.36255,43.52523,10.02003,79513,True,53.77847,3
20260503-101634,-OriHq-5O7aVXgr1sP-l,2026-05-03 14:43:30+00:00,1777819410000,15967,26.36255,43.53671,10.02001,80198,True,52.51299,3
20260503-101634,-OriHsvBuCsipYa0EO2P,2026-05-03 14:43:42+00:00,1777819422000,15979,26.36002,43.55329,10.01989,80198,True,52.83211,3
20260503-101634,-OriHyMASe3Aa0OXAu73,2026-05-03 14:43:54+00:00,1777819434000,15991,26.36002,43.53444,10.01992,79892,True,52.97041,3
20260503-101634,-OriHzAqoU9dPmGThlxZ,2026-05-03 14:44:08+00:00,1777819448000,16004,26.40527,43.39982,10.01972,80122,True,52.87156,3
20260503-101634,-OriI15zaX7VCuMFRzPn,2026-05-03 14:44:20+00:00,1777819460000,16016,26.33212,43.79389,10.01986,71809,True,88.31454,3
20260503-101634,-OriI42k81fT0_d0dBJK,2026-05-03 14:44:32+00:00,1777819472000,16028,26.33973,43.65731,10.01988,76394,True,73.98573,3
20260503-101634,-OriI6y5OCE8o8jPPOdx,2026-05-03 14:44:44+00:00,1777819484000,16040,26.3448,43.61481,10.01978,77959,True,64.32849,3
20260503-101634,-OriI9t_JN-xLro40HTU,2026-05-03 14:44:56+00:00,1777819496000,16052,26.34987,43.5723,10.01995,79137,True,59.28352,3
20260503-101634,-OriICp27taRPipACOd9,2026-05-03 14:45:08+00:00,1777819508000,16064,26.34987,43.59713,10.02002,79063,True,56.91037,3
20260503-101634,-OriIFkWKlwAjufuWTXn,2026-05-03 14:45:20+00:00,1777819520000,16076,26.34987,43.6445,10.01995,79287,True,55.50287,3
20260503-101634,-OriIIg6vioecYg-kZeK,2026-05-03 14:45:32+00:00,1777819532000,16088,26.34987,43.59566,10.01992,79664,True,54.91837,3
20260503-101634,-OriILd0F_eXbkVPik6P,2026-05-03 14:45:44+00:00,1777819544000,16100,26.36002,43.53265,10.02027,79513,True,54.49978,3
20260503-101634,-OriIOYGE98vnbdg1Dl1,2026-05-03 14:45:56+00:00,1777819556000,16112,26.34987,43.54222,10.01986,79816,True,53.81887,3
20260503-101634,-OriIRTpiaKjXtNB6WE7,2026-05-03 14:46:08+00:00,1777819568000,16124,26.35748,43.57668,10.02,79969,True,53.90679,3
20260503-101634,-OriIUP8ktCWDXsC7ldC,2026-05-03 14:46:20+00:00,1777819580000,16136,26.35494,43.58463,10.01993,79892,True,53.72846,3
20260503-101634,-OriIXjKwiIV6Bxopnzh,2026-05-03 14:46:32+00:00,1777819592000,16148,26.35241,43.55314,10.01989,80198,True,53.7056,3
20260503-101634,-OriI_FtUNP5tbGz_Ca2,2026-05-03 14:46:44+00:00,1777819604000,16160,26.35494,43.53779,10.01986,80198,True,53.15138,3
20260503-101634,-OriIfBWQ01uzV2iA6M_,2026-05-03 14:46:56+00:00,1777819616000,16172,26.35241,43.51903,10.01984,79892,True,53.44555,3
20260503-101634,-OriIfxpONRDEuNRZRak,2026-05-03 14:47:11+00:00,1777819631000,16188,26.41408,43.36827,10.01986,79664,True,53.71906,3
20260503-101634,-OriIitJwB794O0cPJnH,2026-05-03 14:47:23+00:00,1777819643000,16200,26.32959,43.79018,10.01998,70897,True,93.49712,3
20260503-101634,-OriIloq2EfFc7kJXChF,2026-05-03 14:47:35+00:00,1777819655000,16212,26.33973,43.60187,10.0197,75978,True,76.78825,3
20260503-101634,-OriIokL65KJ2og67Jbe,2026-05-03 14:47:47+00:00,1777819667000,16224,26.3448,43.54649,10.01994,77382,True,66.92622,3
20260503-101634,-OriIrflheWLE5b9bNUd,2026-05-03 14:47:59+00:00,1777819679000,16236,26.34734,43.55283,10.01988,78031,True,61.46861,3
20260503-101634,-OriIuNEWV0YeaPLHiSO,2026-05-03 14:48:10+00:00,1777819690000,16247,26.27127,44.08099,10.01994,68463,True,72.99653,3
20260503-101634,-OriIxKKpdMhoThXqGJD,2026-05-03 14:48:22+00:00,1777819702000,16259,26.24084,44.25473,10.01977,62767,True,92.51579,3
20260503-101634,-OriJ-GcAfBRaC1xOdP1,2026-05-03 14:48:34+00:00,1777819714000,16271,26.32705,43.66421,10.01987,73318,True,88.12776,3
20260503-101634,-OriJ2Bom8-AoM9XPrEw,2026-05-03 14:48:46+00:00,1777819726000,16283,26.32705,43.59774,10.01966,76885,True,72.54575,3
20260503-101634,-OriJ56pR9LgIq0pIoRA,2026-05-03 14:48:58+00:00,1777819738000,16295,26.33719,43.58565,10.01992,78031,True,63.99406,3
20260503-101634,-OriJ82ivV1NtnMnlP95,2026-05-03 14:49:10+00:00,1777819750000,16307,26.33973,43.60711,10.01976,78544,True,60.30504,3
20260503-101634,-OriJAyyryjkvud_w2k3,2026-05-03 14:49:22+00:00,1777819762000,16319,26.33973,43.60424,10.01988,78988,True,57.77936,3
20260503-101634,-OriJDuCv8hxLiiD2vdU,2026-05-03 14:49:34+00:00,1777819774000,16331,26.34734,43.58979,10.01995,79063,True,57.20843,3
20260503-101634,-OriJGq1EURDVJ0bdN-A,2026-05-03 14:49:46+00:00,1777819786000,16343,26.3448,43.59159,10.01985,79212,True,56.51329,3
20260503-101634,-OriJK0pbO0OpK9ySeb4,2026-05-03 14:49:58+00:00,1777819798000,16355,26.34734,43.56182,10.01986,79438,True,55.55409,3
20260503-101634,-OriJMgtYj8go9UewVtl,2026-05-03 14:50:10+00:00,1777819810000,16367,26.34227,43.5795,10.01971,79438,True,55.16958,3
20260503-101634,-OriJPdQsqx08RzYqz3h,2026-05-03 14:50:22+00:00,1777819822000,16379,26.34734,43.57906,10.01988,79740,True,54.73811,3
20260503-101634,-OriJSYuNG491uTMLArw,2026-05-03 14:50:34+00:00,1777819834000,16391,26.35241,43.53634,10.01999,79664,True,54.14155,3
20260503-101634,-OriJVVfrB3f6ny6kcT5,2026-05-03 14:50:46+00:00,1777819846000,16403,26.3448,43.55654,10.01993,79816,True,54.00491,3
20260503-101634,-OriJYRjNg_R9IxxGaoQ,2026-05-03 14:50:58+00:00,1777819858000,16415,26.34987,43.57292,10.02,79589,True,53.96663,3
20260503-101634,-OriJaNYIAwJJOfhYxEa,2026-05-03 14:51:10+00:00,1777819870000,16427,26.34987,43.56361,10.02002,79969,True,53.3299,3
20260503-101634,-OriJdGuTXm_u_Wc4Zws,2026-05-03 14:51:22+00:00,1777819882000,16439,26.34987,43.54587,10.02009,79816,True,53.86794,3
20260503-101634,-OriJgDA2qREQRWJs8Eo,2026-05-03 14:51:34+00:00,1777819894000,16451,26.34987,43.56268,10.02002,79589,True,54.45534,3
20260503-101634,-OriJj7hLOd2JTXrzFmG,2026-05-03 14:51:46+00:00,1777819906000,16463,26.34734,43.57107,10.02014,80045,True,53.53548,3
20260503-101634,-OriJmPDJeaz5avPvM-v,2026-05-03 14:51:58+00:00,1777819918000,16475,26.34987,43.54631,10.02002,80198,True,53.01556,3
20260503-101634,-OriJozkEf_JAoMD66xw,2026-05-03 14:52:10+00:00,1777819930000,16487,26.3448,43.54706,10.01987,79969,True,53.17103,3
20260503-101634,-OriJrvJy5aoQ73YggJ0,2026-05-03 14:52:22+00:00,1777819942000,16499,26.3448,43.55617,10.01999,79892,True,53.50106,3
20260503-101634,-OriJuqiv2W4KEuxK355,2026-05-03 14:52:34+00:00,1777819954000,16511,26.3448,43.56481,10.02013,79892,True,53.70957,3
20260503-101634,-OriJy75LIPi2gtInVYo,2026-05-03 14:52:47+00:00,1777819967000,16524,26.40223,43.40674,10.02003,79513,True,54.11038,3
20260503-101634,-OriK0DbbFxo6TZrKX46,2026-05-03 14:52:59+00:00,1777819979000,16536,26.31691,43.78667,10.01999,72305,True,87.29762,3
20260503-101634,-OriK2t_24Ve7cPYQP0o,2026-05-03 14:53:11+00:00,1777819991000,16548,26.33466,43.60672,10.02015,76325,True,73.63742,3
20260503-101634,-OriK5oibBjjBiZQOSvo,2026-05-03 14:53:23+00:00,1777820003000,16560,26.33212,43.61277,10.02007,78104,True,63.54057,3
20260503-101634,-OriK8khCFjcAfWg0bjX,2026-05-03 14:53:35+00:00,1777820015000,16572,26.33973,43.59198,10.02012,78839,True,59.14149,3
20260503-101634,-OriKBfhAYF-DHlmHQjn,2026-05-03 14:53:47+00:00,1777820027000,16584,26.33973,43.61023,10.02009,79137,True,57.00419,3
20260503-101634,-OriKEbNiaZBV8I1TMOx,2026-05-03 14:53:59+00:00,1777820039000,16596,26.33719,43.61165,10.0202,78988,True,56.55286,3
20260503-101634,-OriKHYcLTK3k298wx46,2026-05-03 14:54:11+00:00,1777820051000,16608,26.33212,43.62187,10.0202,79589,True,55.5568,3
20260503-101634,-OriKKTBZRWSSlCyjyo4,2026-05-03 14:54:23+00:00,1777820063000,16620,26.33719,43.58914,10.02024,79589,True,54.7761,3
20260503-101634,-OriKNOoXHRgC-0i6dln,2026-05-03 14:54:35+00:00,1777820075000,16632,26.33719,43.55145,10.02015,79362,True,54.77573,3
20260503-101634,-OriKQKDx3frlJAe5bBk,2026-05-03 14:54:47+00:00,1777820087000,16644,26.33973,43.55652,10.02007,79816,True,53.89739,3
20260503-101634,-OriKTH92AEB-PBnreMr,2026-05-03 14:54:59+00:00,1777820099000,16656,26.33212,43.56543,10.02005,79740,True,53.43621,3
20260503-101634,-OriKWCUeLN7efJjWIAs,2026-05-03 14:55:11+00:00,1777820111000,16668,26.33973,43.51427,10.02016,79969,True,53.40715,3
20260503-101634,-OriKYiCiFjO_bRdKWeo,2026-05-03 14:55:22+00:00,1777820122000,16678,26.38914,43.38,10.02008,79816,True,53.55458,3
20260503-101634,-OriKadx2qvfq4v9kHcQ,2026-05-03 14:55:34+00:00,1777820134000,16690,26.32198,43.70215,10.02012,74293,True,78.70242,3
20260503-101634,-OriKdcvv3_MTFbLIAcs,2026-05-03 14:55:46+00:00,1777820146000,16702,26.33466,43.58719,10.02043,77742,True,68.08736,3
20260503-101634,-OriKgVeacWTKEx8jl2A,2026-05-03 14:55:58+00:00,1777820158000,16714,26.34227,43.54919,10.02041,78914,True,60.87297,3
20260503-101634,-OriKjwbVTjCgo0s4Ctr,2026-05-03 14:56:10+00:00,1777820170000,16726,26.33973,43.55712,10.02014,79287,True,57.61713,3
20260503-101634,-OriKmMrllcMZ4oX6zF-,2026-05-03 14:56:22+00:00,1777820182000,16738,26.33973,43.55204,10.02016,79513,True,56.21246,3
20260503-101634,-OriKpIrx26M8PD9SR4k,2026-05-03 14:56:34+00:00,1777820194000,16750,26.3448,43.5641,10.02029,79063,True,55.30849,3
20260503-101634,-OriKsDqIT37-F-n4BAc,2026-05-03 14:56:46+00:00,1777820206000,16762,26.33973,43.5733,10.02023,79513,True,55.19268,3
20260503-101634,-OriKv9AGtH-W2nAWcqO,2026-05-03 14:56:58+00:00,1777820218000,16774,26.33719,43.56147,10.02026,79664,True,54.47141,3
20260503-101634,-OriKy5EbAp26fyim2so,2026-05-03 14:57:10+00:00,1777820230000,16786,26.33973,43.5537,10.02046,79740,True,54.06812,3
20260503-101634,-OriL007341tMIpHkHYT,2026-05-03 14:57:22+00:00,1777820242000,16798,26.33719,43.56723,10.02019,79664,True,53.98566,3
20260503-101634,-OriL2wb3kZGMoE_bkIY,2026-05-03 14:57:34+00:00,1777820254000,16810,26.33719,43.55867,10.02026,79740,True,53.87058,3
20260503-101634,-OriL5uCD_r-O2n72vn0,2026-05-03 14:57:46+00:00,1777820266000,16822,26.33973,43.54189,10.02018,80122,True,53.13964,3
20260503-101634,-OriL8nbMb6UiNDdyP_R,2026-05-03 14:57:58+00:00,1777820278000,16834,26.33973,43.55607,10.02021,79892,True,53.525,3
20260503-101634,-OriLBjLRjKG67n3thzn,2026-05-03 14:58:10+00:00,1777820290000,16846,26.34734,43.59189,10.02039,79892,True,53.98007,3
20260503-101634,-OriLEgc7XCpo8Yuwung,2026-05-03 14:58:22+00:00,1777820302000,16858,26.3448,43.57572,10.02029,79664,True,53.93285,3
20260503-101634,-OriLHcaqvaCQ4w7hcPx,2026-05-03 14:58:34+00:00,1777820314000,16870,26.34734,43.57901,10.02047,79892,True,53.20153,3
20260503-101634,-OriLKWcpIcWk-EjN0sk,2026-05-03 14:58:46+00:00,1777820326000,16882,26.34734,43.60181,10.02016,79589,True,53.94939,3
20260503-101634,-OriLNX5iKmywV6taH4c,2026-05-03 14:58:58+00:00,1777820338000,16895,26.32452,43.80838,10.02044,74096,True,67.47383,3
20260503-101634,-OriLWV4vs_jYYgMBEhK,2026-05-03 14:59:10+00:00,1777820350000,16907,26.33719,43.60877,10.0204,78250,True,63.6787,3
20260503-101634,-OriLXFvT7DsR0X1HZfp,2026-05-03 14:59:38+00:00,1777820378000,16934,26.40019,43.44997,10.02035,78691,True,61.91505,3
20260503-101634,-OriL_D1C8WiqyZfuTVS,2026-05-03 14:59:50+00:00,1777820390000,16946,26.28902,43.97459,10.02012,64409,True,124.68332,3
20260503-101634,-OriLc6iRGQQbzG2q_zu,2026-05-03 15:00:02+00:00,1777820402000,16958,26.31184,43.74693,10.0204,72681,True,97.85056,3
20260503-101634,-OriLf2SXWQ-Yei5ee4i,2026-05-03 15:00:14+00:00,1777820414000,16970,26.31944,43.67244,10.02033,75228,True,79.32983,3
20260503-101634,-OriLhzaBOfQ5LAL4TVH,2026-05-03 15:00:26+00:00,1777820426000,16982,26.32705,43.64776,10.02041,76885,True,69.16753,3
20260503-101634,-OriLkusHxD_fexEtrxT,2026-05-03 15:00:38+00:00,1777820438000,16994,26.32198,43.64922,10.02024,77454,True,64.29308,3
20260503-101634,-OriLo2vZkrZypT219x-,2026-05-03 15:00:51+00:00,1777820451000,17007,26.3017,43.87492,10.0202,72305,True,76.61769,3
20260503-101634,-OriLr6NMwND1lRki-9V,2026-05-03 15:01:03+00:00,1777820463000,17019,26.31691,43.64281,10.02011,76325,True,71.33585,3
20260503-101634,-OriLtuyDq2kPicSZN7j,2026-05-03 15:01:15+00:00,1777820475000,17031,26.32705,43.59587,10.02025,77814,True,64.2861,3
20260503-101634,-OriLwrwm7sLahhZh7sW,2026-05-03 15:01:27+00:00,1777820487000,17043,26.32959,43.56553,10.02033,78691,True,59.82037,3
20260503-101634,-OriLzmGRMqt7Wp0v9cT,2026-05-03 15:01:39+00:00,1777820499000,17055,26.32452,43.62724,10.02013,78988,True,57.79064,3
20260503-101634,-OriM1hUbR2PJQ4jCmyZ,2026-05-03 15:01:51+00:00,1777820511000,17067,26.33212,43.63733,10.02018,78988,True,57.07193,3
20260503-101634,-OriM4dIskMsM3ePx95N,2026-05-03 15:02:03+00:00,1777820523000,17079,26.33466,43.63145,10.02022,79362,True,56.62265,3
20260503-101634,-OriM7vvmUaCYMx_2ok7,2026-05-03 15:02:15+00:00,1777820535000,17091,26.33973,43.61168,10.02009,79513,True,55.23746,3
20260503-101634,-OriMAUtvgssC_KHH1uV,2026-05-03 15:02:27+00:00,1777820547000,17103,26.34227,43.53971,10.02018,79664,True,55.00525,3
20260503-101634,-OriMDQWoQmwCW_5MPYj,2026-05-03 15:02:39+00:00,1777820559000,17115,26.33719,43.53627,10.0202,79740,True,54.52713,3
20260503-101634,-OriMGNPZZUfME6XHb2X,2026-05-03 15:02:51+00:00,1777820571000,17127,26.3448,43.54666,10.02012,79513,True,55.07545,3
20260503-101634,-OriMIr5MogoO-pY0_cZ,2026-05-03 15:03:01+00:00,1777820581000,17138,26.26366,44.03233,10.02001,70957,True,65.80856,3
20260503-101634,-OriMO4Y3T05uRgEP2MN,2026-05-03 15:03:14+00:00,1777820594000,17151,26.36166,43.72605,10.01993,73382,True,70.02435,3
20260503-101634,-OriMOqfpH3UVVyrvJC6,2026-05-03 15:03:25+00:00,1777820605000,17162,26.27652,44.29999,10.02003,59596,True,92.76015,3
20260503-101634,-OriMRlhDMVnCq_YdPBU,2026-05-03 15:03:37+00:00,1777820617000,17174,26.29409,43.82073,10.01994,67199,True,118.08723,3
20260503-101634,-OriMUho_2UP9H-sEJJZ,2026-05-03 15:03:49+00:00,1777820629000,17186,26.31437,43.63082,10.02015,73900,True,90.64796,3
20260503-101634,-OriMXceB6xlfElGmjSC,2026-05-03 15:04:01+00:00,1777820641000,17198,26.31691,43.64353,10.01997,76604,True,73.52939,3
20260503-101634,-OriM_ZeACMBa9QqD24u,2026-05-03 15:04:13+00:00,1777820653000,17210,26.32198,43.60148,10.02014,77240,True,66.4854,3
20260503-101634,-OriMcUphrdJvskqWZ0p,2026-05-03 15:04:25+00:00,1777820665000,17222,26.32705,43.59092,10.01994,78397,True,61.61791,3
20260503-101634,-OriMfQ8nxBdiNncMy8Y,2026-05-03 15:04:37+00:00,1777820677000,17234,26.32959,43.5891,10.02014,79063,True,59.09366,3
20260503-101634,-OriMiMHcNxTQuBbh7vb,2026-05-03 15:04:49+00:00,1777820689000,17246,26.32959,43.59946,10.02,79063,True,57.88015,3
20260503-101634,-OriMlHuDdLE4nh0vUZ-,2026-05-03 15:05:01+00:00,1777820701000,17258,26.32705,43.60161,10.0201,79137,True,56.70816,3
20260503-101634,-OriMoC_JO66sJg_uAoQ,2026-05-03 15:05:13+00:00,1777820713000,17270,26.32198,43.59174,10.02014,78988,True,56.30722,3
20260503-101634,-OriMrrva_a4DDLkZXLR,2026-05-03 15:05:25+00:00,1777820725000,17282,26.32198,43.62278,10.01998,79589,True,55.35254,3
20260503-101634,-OriMu5JkQHFDosY0RN_,2026-05-03 15:05:37+00:00,1777820737000,17294,26.32959,43.58209,10.02007,79513,True,55.10196,3
20260503-101634,-OriMx1Pl6Rp2tHUU0WZ,2026-05-03 15:05:49+00:00,1777820749000,17306,26.33466,43.59731,10.02032,79212,True,55.49261,3
20260503-101634,-OriMzxWrmXF-OSmkLAR,2026-05-03 15:06:01+00:00,1777820761000,17318,26.32705,43.59531,10.02003,79816,True,54.36739,3
20260503-101634,-OriN1tS4U_-N4vuLLLT,2026-05-03 15:06:13+00:00,1777820773000,17330,26.33719,43.55005,10.02008,79438,True,54.14627,3
20260503-101634,-OriN4oul7z0mBxzGWmP,2026-05-03 15:06:25+00:00,1777820785000,17342,26.32959,43.54528,10.01994,79589,True,53.97072,3
20260503-101634,-OriN7jvKzbXgu1xSYS6,2026-05-03 15:06:37+00:00,1777820797000,17354,26.33212,43.53933,10.01993,80275,True,53.09398,3
20260503-101634,-OriNAfFWCAHGt7waiWh,2026-05-03 15:06:49+00:00,1777820809000,17366,26.33466,43.52103,10.01997,79816,True,53.34257,3
20260503-101634,-OriNDdgUc6nrTgV-ztO,2026-05-03 15:07:01+00:00,1777820821000,17378,26.33212,43.52797,10.0199,79969,True,53.03022,3
20260503-101634,-OriNGXIBF5PrMK-R2QX,2026-05-03 15:07:13+00:00,1777820833000,17390,26.33973,43.5315,10.02007,79816,True,53.58901,3
20260503-101634,-OriNJWJcJb_PeuUdcJh,2026-05-03 15:07:25+00:00,1777820845000,17402,26.33719,43.53368,10.02001,79664,True,53.37403,3
20260503-101634,-OriNMOPH4B1fMbormns,2026-05-03 15:07:37+00:00,1777820857000,17414,26.33719,43.53049,10.01994,80507,True,52.52638,3
20260503-101634,-OriNPJt_z_62_Mnh5-F,2026-05-03 15:07:49+00:00,1777820869000,17426,26.34227,43.53397,10.02001,80045,True,52.4983,3
20260503-101634,-OriNSFGosklac5_mSqL,2026-05-03 15:08:01+00:00,1777820881000,17438,26.33466,43.54086,10.02001,80198,True,52.57444,3
20260503-101634,-OriNVBrSpJ7r8BSUPc_,2026-05-03 15:08:13+00:00,1777820893000,17450,26.33719,43.50095,10.02005,80045,True,52.77582,3
20260503-101634,-OriNYYpvls2WzV3WjQl,2026-05-03 15:08:25+00:00,1777820905000,17462,26.33466,43.53009,10.01994,79892,True,53.30185,3
20260503-101634,-OriNa1z0Jdtdr7cWe0H,2026-05-03 15:08:37+00:00,1777820917000,17474,26.34227,43.52542,10.02013,80507,True,52.74746,3
20260503-101634,-OriNcygf2RGZ_u6oY3b,2026-05-03 15:08:49+00:00,1777820929000,17486,26.33719,43.52057,10.01999,80045,True,53.19812,3
20260503-101634,-OriNfuI0ANDcAPDnc-2,2026-05-03 15:09:01+00:00,1777820941000,17498,26.33719,43.4985,10.01977,79969,True,53.23987,3
20260503-101634,-OriNipQ_thRqsAClUPJ,2026-05-03 15:09:13+00:00,1777820953000,17510,26.33212,43.54261,10.01988,80429,True,52.29307,3
20260503-101634,-OriNlkc3UQM8SzIm0gx,2026-05-03 15:09:25+00:00,1777820965000,17522,26.32959,43.53713,10.01987,80584,True,52.05663,3
20260503-101634,-OriNog_vkKt_yCrAiY8,2026-05-03 15:09:37+00:00,1777820977000,17534,26.33212,43.53843,10.01998,79969,True,53.07418,3
20260503-101634,-OriNrbpGQXs-SfkPCWH,2026-05-03 15:09:49+00:00,1777820989000,17546,26.33973,43.53899,10.02011,79969,True,52.62061,3
20260503-101634,-OriNuYKbb4FssNRyar8,2026-05-03 15:10:01+00:00,1777821001000,17558,26.33973,43.54538,10.02009,79816,True,53.49925,3
20260503-101634,-OriNxU8voDiQXgruHNa,2026-05-03 15:10:13+00:00,1777821013000,17570,26.34227,43.54004,10.02013,79892,True,53.64714,3
20260503-101634,-OriO-PyLtmR4q_c0kRI,2026-05-03 15:10:25+00:00,1777821025000,17582,26.33466,43.53706,10.01997,79892,True,53.63679,3
20260503-101634,-OriO2KleLDbUfm0u8It,2026-05-03 15:10:37+00:00,1777821037000,17594,26.33973,43.5265,10.02005,80275,True,53.03118,3
20260503-101634,-OriO5GfEXKooSUbPn2a,2026-05-03 15:10:49+00:00,1777821049000,17606,26.33719,43.53112,10.01994,80045,True,53.0577,3
20260503-101634,-OriO8Bk39f01hQPGv3K,2026-05-03 15:11:01+00:00,1777821061000,17618,26.33466,43.52649,10.01994,80122,True,52.71632,3
20260503-101634,-OriOB8dGsA-WcjzgG50,2026-05-03 15:11:13+00:00,1777821073000,17630,26.33466,43.52056,10.01987,79740,True,53.26641,3
20260503-101634,-OriOE3YIFSURYiM1_7S,2026-05-03 15:11:25+00:00,1777821085000,17642,26.33719,43.53925,10.02001,79892,True,53.36317,3
20260503-101634,-OriOHIKNo_fe1kD-3Oc,2026-05-03 15:11:38+00:00,1777821098000,17655,26.39442,43.38201,10.02007,79892,True,53.46368,3
20260503-101634,-OriOK6l3miJwPdNSia9,2026-05-03 15:11:50+00:00,1777821110000,17667,26.31437,43.71868,10.02019,72493,True,86.06151,3
20260503-101634,-OriON1UwQeBCqZOrQc4,2026-05-03 15:12:02+00:00,1777821122000,17679,26.32705,43.56171,10.02008,76674,True,73.01225,3
20260503-101634,-OriOPxxJowbcnCj8_Ba,2026-05-03 15:12:14+00:00,1777821134000,17691,26.32705,43.53797,10.02013,78544,True,63.50227,3
20260503-101634,-OriOStwGdlFiSmzA76y,2026-05-03 15:12:26+00:00,1777821146000,17703,26.33719,43.51146,10.02024,79287,True,58.71495,3
20260503-101634,-OriOVouDeY5iJltTYEL,2026-05-03 15:12:38+00:00,1777821158000,17715,26.33973,43.53223,10.02025,79438,True,56.48353,3
20260503-101634,-OriOZ3ieJJQ-oqYZyQY,2026-05-03 15:12:50+00:00,1777821170000,17727,26.33466,43.54316,10.02011,79362,True,55.82862,3
20260503-101634,-OriOaklPOxbHau845Z2,2026-05-03 15:13:03+00:00,1777821183000,17739,26.3017,43.78073,10.02008,74359,True,68.01464,3
20260503-101634,-OriOdfvmN37Cx1y3jfH,2026-05-03 15:13:15+00:00,1777821195000,17751,26.33212,43.59716,10.02007,78031,True,64.39078,3
20260503-101634,-OriOgbR9XNkn1DWtUOg,2026-05-03 15:13:27+00:00,1777821207000,17763,26.33466,43.55714,10.02013,78914,True,59.42683,3
20260503-101634,-OriOjY1wks0iMm1Hmxb,2026-05-03 15:13:39+00:00,1777821219000,17775,26.33466,43.56044,10.02025,79664,True,56.38327,3
20260503-101634,-OriOmTas3eFk11l2n1L,2026-05-03 15:13:51+00:00,1777821231000,17787,26.33212,43.59592,10.02014,79438,True,55.64672,3
20260503-101634,-OriOozbh-dcVmXWFHza,2026-05-03 15:14:01+00:00,1777821241000,17798,26.25605,44.07677,10.0201,70184,True,67.50633,3
20260503-101634,-OriOrv4AQsnFDfeO_wQ,2026-05-03 15:14:13+00:00,1777821253000,17810,26.32198,43.64642,10.02005,76815,True,69.70121,3
20260503-101634,-OriOuqbe7oIY0LzQsQ6,2026-05-03 15:14:25+00:00,1777821265000,17822,26.32198,43.596,10.01998,78250,True,61.94676,3
20260503-101634,-OriOxv_37dqAJuuwTKE,2026-05-03 15:14:37+00:00,1777821277000,17834,26.29663,43.84754,10.02005,73318,True,72.44481,3
20260503-101634,-OriP0Ek2weJtBDfHasr,2026-05-03 15:14:49+00:00,1777821289000,17846,26.31944,43.6116,10.02001,77454,True,67.20811,3
20260503-101634,-OriP2mVC9AbMplwwtnB,2026-05-03 15:15:01+00:00,1777821301000,17858,26.33212,43.56575,10.02028,78470,True,61.16126,3
20260503-101634,-OriP5i7kccSiL-vYvJl,2026-05-03 15:15:13+00:00,1777821313000,17870,26.32452,43.58966,10.02006,78914,True,58.40685,3
20260503-101634,-OriP8dRXYsVg5EctyaP,2026-05-03 15:15:25+00:00,1777821325000,17882,26.32705,43.56229,10.02017,79816,True,56.15363,3
20260503-101634,-OriPBc6P-s0wIy2Als3,2026-05-03 15:15:37+00:00,1777821337000,17894,26.32452,43.57377,10.01995,79589,True,55.59814,3
20260503-101634,-OriPEIYtuT6ZfXG5pIr,2026-05-03 15:15:49+00:00,1777821349000,17905,26.38253,43.44557,10.02005,79287,True,55.6565,3
20260503-101634,-OriPHDW7X1679eTizNi,2026-05-03 15:16:01+00:00,1777821361000,17917,26.30677,43.75616,10.0201,72998,True,83.53323,3
20260503-101634,-OriPK8nuw4lmj2_jzmB,2026-05-03 15:16:13+00:00,1777821373000,17929,26.31437,43.64094,10.02019,77382,True,70.45849,3
20260503-101634,-OriPN5P7NaYBUmxxhaH,2026-05-03 15:16:25+00:00,1777821385000,17941,26.32198,43.60935,10.02026,77959,True,63.5419,3
20260503-101634,-OriPQ-i8CG8PWiIB5TD,2026-05-03 15:16:37+00:00,1777821397000,17953,26.32198,43.59752,10.02021,79063,True,59.21598,3
20260503-101634,-OriPSwo8LyRg3xMM7eW,2026-05-03 15:16:49+00:00,1777821409000,17965,26.31691,43.59841,10.02002,78691,True,57.73172,3
20260503-101634,-OriPVrwtwz8XOE3N38g,2026-05-03 15:17:01+00:00,1777821421000,17977,26.32959,43.57942,10.02029,79438,True,55.82261,3
20260503-101634,-OriPY_HHT-i7TQu_gTG,2026-05-03 15:17:12+00:00,1777821432000,17988,26.36963,43.47172,10.02011,79438,True,55.61688,3
20260503-101634,-OriPaUnL_K0cUbhGKYb,2026-05-03 15:17:24+00:00,1777821444000,18000,26.30677,43.76988,10.02031,73254,True,83.31212,3
20260503-101634,-OriPdPHqWWiCS9vAJcl,2026-05-03 15:17:36+00:00,1777821456000,18012,26.31691,43.62893,10.02023,76674,True,71.75938,3
20260503-101634,-OriPgKiIx1rTMkP5jxX,2026-05-03 15:17:48+00:00,1777821468000,18024,26.31691,43.5994,10.02034,78031,True,63.57897,3
20260503-101634,-OriPjvEQ2jNyEOjjz65,2026-05-03 15:18:00+00:00,1777821480000,18036,26.31437,43.60584,10.02015,78544,True,59.51287,3
20260503-101634,-OriPmBriSfCtdqe1chp,2026-05-03 15:18:12+00:00,1777821492000,18048,26.31944,43.58174,10.02036,79137,True,57.61108,3
20260503-101634,-OriPp6ycmovupu_Bmex,2026-05-03 15:18:24+00:00,1777821504000,18060,26.32198,43.57365,10.02042,79362,True,56.47465,3
20260503-101634,-OriPs2CBRu2if0VE1VX,2026-05-03 15:18:36+00:00,1777821516000,18072,26.32452,43.56993,10.02028,79589,True,55.41388,3
20260503-101634,-OriPuzWKwFCyTrvVDmv,2026-05-03 15:18:48+00:00,1777821528000,18084,26.32959,43.54242,10.02075,79740,True,54.71946,3
20260503-101634,-OriPxv_ePckJZ426N_Z,2026-05-03 15:19:00+00:00,1777821540000,18096,26.32452,43.54276,10.02055,79969,True,53.96347,3
20260503-101634,-OriQ-pkBoplchlhZjJn,2026-05-03 15:19:12+00:00,1777821552000,18108,26.32452,43.56221,10.02057,79740,True,54.03764,3
20260503-101634,-OriQ2mau3CZDZ3Y9Vg3,2026-05-03 15:19:24+00:00,1777821564000,18120,26.32959,43.57412,10.0205,79892,True,53.88136,3
20260503-101634,-OriQ5grYybJhljPIvZQ,2026-05-03 15:19:36+00:00,1777821576000,18132,26.32198,43.57754,10.02038,79664,True,54.23957,3
20260503-101634,-OriQ8cLDP4MaaSvb_75,2026-05-03 15:19:48+00:00,1777821588000,18144,26.32452,43.56623,10.02041,79892,True,54.0485,3
20260503-101634,-OriQB_nesp6u63b9LHC,2026-05-03 15:20:00+00:00,1777821600000,18156,26.32705,43.54778,10.02055,79740,True,54.06747,3
20260503-101634,-OriQEUJy6RzXo5fRs73,2026-05-03 15:20:12+00:00,1777821612000,18168,26.32452,43.54981,10.02069,79892,True,53.277,3
20260503-101634,-OriQHPfse53FvkwkjEj,2026-05-03 15:20:24+00:00,1777821624000,18180,26.32705,43.57065,10.02045,79892,True,53.27676,3
20260503-101634,-OriQKNxAi74Tv_ROtIu,2026-05-03 15:20:36+00:00,1777821636000,18192,26.31944,43.59794,10.02066,80045,True,53.12196,3
20260503-101634,-OriQNGfjBeSpUNE0IfS,2026-05-03 15:20:48+00:00,1777821648000,18204,26.32452,43.592,10.02053,80045,True,53.22749,3
20260503-101634,-OriQQgXfUxYwxnIkUVx,2026-05-03 15:21:01+00:00,1777821661000,18217,26.37434,43.44366,10.02059,79892,True,53.33681,3
20260503-101634,-OriQTR0ETCKPFtsJ8pc,2026-05-03 15:21:13+00:00,1777821673000,18229,26.29409,43.83617,10.02041,72430,True,87.04768,3
20260503-101634,-OriQWMpQ_PD9x09SD3A,2026-05-03 15:21:25+00:00,1777821685000,18241,26.30677,43.64062,10.02068,76956,True,73.42973,3
20260503-101634,-OriQZFnKWoSBO2xCbHY,2026-05-03 15:21:37+00:00,1777821697000,18253,26.31184,43.6229,10.02064,78031,True,64.28415,3
20260503-101634,-OriQbAcnAUP1YVQZQxL,2026-05-03 15:21:49+00:00,1777821709000,18265,26.32198,43.56028,10.02072,78691,True,59.41982,3
20260503-101634,-OriQe5ZyvlaHQcDTJsF,2026-05-03 15:22:01+00:00,1777821721000,18277,26.31184,43.59436,10.02036,78914,True,57.59582,3
20260503-101634,-OriQh1SUgACVgpHi1Wj,2026-05-03 15:22:13+00:00,1777821733000,18289,26.31437,43.57785,10.02054,79664,True,55.84926,3
20260503-101634,-OriQk0bxOWrfXS_LE3b,2026-05-03 15:22:25+00:00,1777821745000,18301,26.31691,43.57537,10.02058,79438,True,55.22534,3
20260503-101634,-OriQmt0F_jp-mKo1cVx,2026-05-03 15:22:37+00:00,1777821757000,18313,26.31691,43.58997,10.02053,79740,True,54.55202,3
20260503-101634,-OriQpsc-6I3ZbRTxlJP,2026-05-03 15:22:49+00:00,1777821769000,18325,26.31691,43.62442,10.02062,79438,True,54.9015,3
20260503-101634,-OriQshf6RubijeZMOwg,2026-05-03 15:23:00+00:00,1777821780000,18337,26.23831,44.15797,10.02069,68631,True,69.1355,3
20260503-101634,-OriQvYnAi1nNDKYCGxA,2026-05-03 15:23:12+00:00,1777821792000,18349,26.31184,43.64405,10.02055,76534,True,72.4458,3
20260503-101634,-OriQyUKUYIHprIhzO5Q,2026-05-03 15:23:24+00:00,1777821804000,18361,26.31691,43.5862,10.02076,78250,True,63.86817,3
20260503-101634,-OriR0PaOJHhc6VKk2rE,2026-05-03 15:23:36+00:00,1777821816000,18373,26.32198,43.56749,10.02068,79137,True,58.51492,3
20260503-101634,-OriR3LUbEvubrzd92cK,2026-05-03 15:23:48+00:00,1777821828000,18385,26.31944,43.57514,10.02054,79589,True,55.88996,3
20260503-101634,-OriR6JPOcDU55zhXQVK,2026-05-03 15:24:00+00:00,1777821840000,18397,26.31944,43.57533,10.02057,79362,True,55.48287,3
20260503-101634,-OriRX_v7WzJUt1Znp2C,2026-05-03 15:25:50+00:00,1777821950000,18507,26.24338,44.06165,10.02065,52963,True,199.97816,2
20260503-101634,-OriR_A9_I1WbfjJr7iA,2026-05-03 15:26:02+00:00,1777821962000,18519,26.26366,43.78069,10.02068,64162,True,148.33563,2
20260503-101634,-OriRc792PLPYryRq9qF,2026-05-03 15:26:14+00:00,1777821974000,18531,26.27634,43.69871,10.0206,70008,True,110.69057,2
20260503-101634,-OriRf1ncpzOUnvNVeq2,2026-05-03 15:26:26+00:00,1777821986000,18543,26.28141,43.67879,10.0205,72681,True,90.65059,2
20260503-101634,-OriRhxmrc_hfxRE0MQg,2026-05-03 15:26:38+00:00,1777821998000,18555,26.28648,43.65924,10.02064,74691,True,79.62899,2
20260503-101634,-OriRkvLkX1htyW21occ,2026-05-03 15:26:50+00:00,1777822010000,18567,26.28648,43.64842,10.02034,75841,True,72.77885,3
20260503-101634,-OriRnojVK8oO1tja0Iq,2026-05-03 15:27:02+00:00,1777822022000,18579,26.29409,43.63698,10.02048,76744,True,67.82811,3
20260503-101634,-OriRs0fPP9tGivC3XIz,2026-05-03 15:27:14+00:00,1777822034000,18591,26.29916,43.64756,10.02058,77382,True,65.29806,3
20260503-101634,-OriRtWSCe655rHhHDVR,2026-05-03 15:27:26+00:00,1777822046000,18603,26.21802,44.18414,10.02054,66878,True,78.2775,3
20260503-101634,-OriRwTMate9Wr6IKqGz,2026-05-03 15:27:38+00:00,1777822058000,18615,26.28902,43.72265,10.02052,74492,True,79.95792,3
20260503-101634,-OriRzN9CZvS4vWm-pmV,2026-05-03 15:27:50+00:00,1777822070000,18627,26.3017,43.63287,10.02043,76956,True,70.00375,3
20260503-101634,-OriS1JLAshVnStq23GN,2026-05-03 15:28:02+00:00,1777822082000,18639,26.29916,43.62752,10.0203,77814,True,64.27309,3
20260503-101634,-OriS4F07D-XN8S3lOc3,2026-05-03 15:28:14+00:00,1777822094000,18651,26.30677,43.60878,10.02045,78250,True,61.22186,3
20260503-101634,-OriS7AHn3vFW5BIPejF,2026-05-03 15:28:26+00:00,1777822106000,18663,26.30423,43.58111,10.02031,78470,True,59.23562,3
20260503-101634,-OriSA57zG55M-hkHV9t,2026-05-03 15:28:38+00:00,1777822118000,18675,26.30677,43.57543,10.02045,78691,True,58.62307,3
20260503-101634,-OriSDKysE9EN_VGY5qm,2026-05-03 15:28:50+00:00,1777822130000,18687,26.3093,43.59572,10.02051,79287,True,57.11654,3
20260503-101634,-OriSGFCYfzA6Q47gT0E,2026-05-03 15:29:02+00:00,1777822142000,18699,26.3093,43.59368,10.02035,79438,True,56.38257,3
20260503-101634,-OriSIt4tqjalwXgd-Mh,2026-05-03 15:29:14+00:00,1777822154000,18711,26.3093,43.6196,10.02043,78988,True,56.32606,3
20260503-101634,-OriSLoJ1X4TMOIZHX22,2026-05-03 15:29:26+00:00,1777822166000,18723,26.31437,43.63388,10.02044,79513,True,55.84447,3
20260503-101634,-OriSOkoMq7edaopr90T,2026-05-03 15:29:38+00:00,1777822178000,18735,26.31437,43.61118,10.02035,79362,True,55.8915,3
20260503-101634,-OriSRfNyWPNT1048gPR,2026-05-03 15:29:50+00:00,1777822190000,18747,26.31437,43.62397,10.02052,79664,True,54.52546,3
20260503-101634,-OriSUe-cHFxxeOqz0Ou,2026-05-03 15:30:02+00:00,1777822202000,18759,26.3093,43.60954,10.02032,79362,True,54.71869,3
20260503-101634,-OriSXZFe04hSfqp5ueA,2026-05-03 15:30:14+00:00,1777822214000,18771,26.31691,43.59202,10.02051,79513,True,54.48393,3
20260503-101634,-OriS_x7ByCfoaKDK1ia,2026-05-03 15:30:26+00:00,1777822226000,18783,26.31184,43.59479,10.02038,79740,True,54.22208,3
20260503-101634,-OriScOgt-FdVI9uiTLi,2026-05-03 15:30:38+00:00,1777822238000,18795,26.31184,43.60884,10.02036,79664,True,54.50774,3
20260503-101634,-OriSfjNG8GqnSdjxQpr,2026-05-03 15:30:50+00:00,1777822250000,18807,26.31437,43.56298,10.02045,79969,True,54.13218,3
20260503-101634,-OriSiI3Oe-RlfhdQQpf,2026-05-03 15:31:02+00:00,1777822262000,18819,26.31184,43.55758,10.02057,80275,True,52.68806,3
20260503-101634,-OriSlAXdy4w8HMV8Bny,2026-05-03 15:31:14+00:00,1777822274000,18831,26.31944,43.53825,10.02063,80352,True,52.46622,3
20260503-101634,-OriSoP_uzM_XQyBIrEs,2026-05-03 15:31:26+00:00,1777822286000,18843,26.31437,43.54427,10.02049,80045,True,53.03398,3
20260503-101634,-OriSr2LCYc4GN_QtVsv,2026-05-03 15:31:38+00:00,1777822298000,18855,26.31944,43.50274,10.02054,80275,True,52.47066,3
20260503-101634,-OriSu-OqFfeWGxpPEeb,2026-05-03 15:31:50+00:00,1777822310000,18867,26.31944,43.53198,10.0204,80507,True,52.72002,3
20260503-101634,-OriSwue8lZH2b6Co17v,2026-05-03 15:32:02+00:00,1777822322000,18879,26.32452,43.5089,10.02051,80352,True,52.79131,3
20260503-101634,-OriT-701Wiv9z1t7pMa,2026-05-03 15:32:14+00:00,1777822334000,18891,26.32198,43.51074,10.02065,79969,True,52.76634,3
20260503-101634,-OriT1oH2a8OzJ2C1pKp,2026-05-03 15:32:26+00:00,1777822346000,18903,26.32452,43.51261,10.02057,80198,True,52.24414,3
20260503-101634,-OriT4EMl4Zl7kBpwP6W,2026-05-03 15:32:36+00:00,1777822356000,18913,26.24591,43.99657,10.02048,70718,True,64.41985,3
20260503-101634,-OriT6mWrC6odBMHgvYZ,2026-05-03 15:32:46+00:00,1777822366000,18923,26.23577,44.11701,10.02063,66771,True,81.60056,3
20260503-101634,-OriT9hpTg8-uQOdHf-E,2026-05-03 15:32:58+00:00,1777822378000,18935,26.3093,43.63136,10.02072,76116,True,77.28339,3
20260503-101634,-OriTCgO-aS0gzwt7ZX_,2026-05-03 15:33:10+00:00,1777822390000,18947,26.31184,43.5346,10.02059,77886,True,66.39672,3
20260503-101634,-OriTF_6bH8_Wr5CN5ih,2026-05-03 15:33:22+00:00,1777822402000,18959,26.31437,43.50002,10.02045,79137,True,59.61344,3
20260503-101634,-OriTInn23-C2_J18zm_,2026-05-03 15:33:33+00:00,1777822413000,18969,26.37104,43.34869,10.02064,79212,True,58.55875,3
20260503-101634,-OriTL1fGmA-iH8IxlmL,2026-05-03 15:33:45+00:00,1777822425000,18982,26.2738,43.90401,10.02058,67963,True,94.75842,3
20260503-101634,-OriTNySrzTO5X2B2nnv,2026-05-03 15:33:57+00:00,1777822437000,18994,26.29916,43.62288,10.0204,75025,True,81.92405,3
20260503-101634,-OriTQtJL9pPfu21P4Gf,2026-05-03 15:34:09+00:00,1777822449000,19006,26.30677,43.55172,10.02042,77382,True,68.88266,3
20260503-101634,-OriTTqKvf6JPCMnJVmq,2026-05-03 15:34:21+00:00,1777822461000,19018,26.31184,43.49981,10.02059,78544,True,61.83285,3
20260503-101634,-OriTWlfPkamv1r2vZsG,2026-05-03 15:34:33+00:00,1777822473000,19030,26.3093,43.51948,10.02062,79063,True,58.33488,3
20260503-101634,-OriTZlDV3jWroz1OhKM,2026-05-03 15:34:45+00:00,1777822485000,19042,26.31691,43.49643,10.02069,79589,True,56.27305,3
20260503-101634,-OriTbbWK2J8JW2FOVMt,2026-05-03 15:34:57+00:00,1777822497000,19054,26.31437,43.50433,10.02054,79438,True,55.60748,3
20260503-101634,-OriTeXq0cpOdXlLpgGv,2026-05-03 15:35:09+00:00,1777822509000,19066,26.31184,43.46873,10.02066,79589,True,54.72613,3
20260503-101634,-OriThW4rpPb__BXXX_O,2026-05-03 15:35:21+00:00,1777822521000,19078,26.31184,43.48378,10.02055,80198,True,53.78444,3
20260503-101634,-OriTkOl09eCqSBj6uy5,2026-05-03 15:35:33+00:00,1777822533000,19090,26.31437,43.48259,10.02075,80045,True,53.54394,3
20260503-101634,-OriTnL7TXqNlqEiWkZv,2026-05-03 15:35:45+00:00,1777822545000,19102,26.31184,43.4884,10.02078,80122,True,52.88924,3
20260503-101634,-OriTqIYPE69pSmNcePt,2026-05-03 15:35:57+00:00,1777822557000,19114,26.31437,43.48956,10.02079,80198,True,53.07372,3
20260503-101634,-OriTtBJEoft8QpO6f9V,2026-05-03 15:36:09+00:00,1777822569000,19126,26.31437,43.47936,10.02081,80275,True,52.64788,3
20260503-101634,-OriTw7ra6OP1X8NQv_O,2026-05-03 15:36:21+00:00,1777822581000,19138,26.31691,43.49685,10.02076,80122,True,52.97219,3
20260503-101634,-OriTzv_w9t6vDq32KZl,2026-05-03 15:36:33+00:00,1777822593000,19150,26.32705,43.4666,10.02092,80429,True,52.32016,3
20260503-101634,-OriU19ESGqSgCYWJTur,2026-05-03 15:36:45+00:00,1777822605000,19162,26.28141,43.77262,10.02068,74162,True,67.50793,3
20260503-101634,-OriU44d1rMA6KrnQ1Az,2026-05-03 15:36:57+00:00,1777822617000,19174,26.3093,43.51646,10.02072,78544,True,63.24594,3
20260503-101634,-OriU7-ws8lNnkQ6hfS4,2026-05-03 15:37:09+00:00,1777822629000,19186,26.30677,43.51398,10.0207,79513,True,57.78766,3
20260503-101634,-OriU9wwcB-YTSVwHQmI,2026-05-03 15:37:21+00:00,1777822641000,19198,26.31437,43.49136,10.02081,79816,True,55.31719,3
20260503-101634,-OriUD3PtflijPV5RQYD,2026-05-03 15:37:34+00:00,1777822654000,19211,26.22056,44.14731,10.02063,66878,True,71.98397,3
20260503-101634,-OriUFzyJ7fIIRsMzxLV,2026-05-03 15:37:46+00:00,1777822666000,19223,26.3017,43.60818,10.02059,75567,True,76.73007,3
20260503-101634,-OriUIvS66gDvx7DFm76,2026-05-03 15:37:58+00:00,1777822678000,19235,26.31184,43.51325,10.02073,77959,True,66.30927,3
20260503-101634,-OriULvU9yDmlGVRpITb,2026-05-03 15:38:10+00:00,1777822690000,19247,26.3093,43.50807,10.02083,78691,True,60.37199,3
20260503-101634,-OriUPSy0FQs7vADesg8,2026-05-03 15:38:23+00:00,1777822703000,19260,26.37181,43.36655,10.02102,79740,True,58.47589,3
20260503-101634,-OriURyp8_ovOuSmMPO7,2026-05-03 15:38:35+00:00,1777822715000,19272,26.28902,43.74257,10.02075,71564,True,90.75311,3
20260503-101634,-OriUUtPV9cskF0IwutQ,2026-05-03 15:38:47+00:00,1777822727000,19284,26.3017,43.57317,10.02067,76534,True,75.47292,3
20260503-101634,-OriUXp4F14umVUEU2oP,2026-05-03 15:38:59+00:00,1777822739000,19296,26.30677,43.56091,10.02077,77886,True,65.64415,3
20260503-101634,-OriUaQzd_eBtT_ejSc1,2026-05-03 15:39:12+00:00,1777822752000,19309,26.35913,43.43982,10.02091,78104,True,64.07392,3
20260503-101634,-OriUcwG8HKjxHqMQbUP,2026-05-03 15:39:24+00:00,1777822764000,19321,26.28902,43.76396,10.02115,71259,True,94.00558,3
20260503-101634,-OriUibHGQ4qvCpzz8Bo,2026-05-03 15:39:36+00:00,1777822776000,19333,26.3017,43.61946,10.02116,75635,True,77.66635,3
20260503-101634,-OriUjNQYRFrWF6gYMxJ,2026-05-03 15:39:51+00:00,1777822791000,19347,26.35509,43.46975,10.021,76604,True,74.18092,3
20260503-101634,-OriUmIWLZX3JaXaD0rm,2026-05-03 15:40:03+00:00,1777822803000,19359,26.27888,43.77649,10.02092,69717,True,102.02153,3
20260503-101634,-OriUpDpIvdkD-zJO1hw,2026-05-03 15:40:15+00:00,1777822815000,19371,26.29155,43.59886,10.02081,74958,True,83.05017,3
20260503-101634,-OriUsC69OBZCEP5fYw7,2026-05-03 15:40:27+00:00,1777822827000,19383,26.3017,43.51392,10.02072,77311,True,69.52145,3
20260503-101634,-OriUv6g3yoRQW9W43ER,2026-05-03 15:40:39+00:00,1777822839000,19395,26.30423,43.49872,10.02077,78104,True,63.37541,3
20260503-101634,-OriUy1DUjB30y5NZJgq,2026-05-03 15:40:51+00:00,1777822851000,19407,26.3093,43.5237,10.02102,78765,True,59.97353,3
20260503-101634,-OriV-wCVbplYqAky0jy,2026-05-03 15:41:03+00:00,1777822863000,19419,26.22563,44.12542,10.02091,66985,True,74.72299,3
20260503-101634,-OriV2aU6eIbxEdOIn8-,2026-05-03 15:41:14+00:00,1777822874000,19430,26.33153,43.75697,10.02096,70658,True,80.0339,3
20260503-101634,-OriVExU5cGC0Cq0_51q,2026-05-03 15:41:27+00:00,1777822887000,19443,26.2577,44.17345,10.02091,60413,True,98.95058,3
20260503-101634,-OriVFiciZzUghe3BtLP,2026-05-03 15:42:07+00:00,1777822927000,19484,26.24438,44.31343,10.02078,53402,True,123.98477,3
20260503-101634,-OriVIeun1Al_wOXcf21,2026-05-03 15:42:19+00:00,1777822939000,19496,26.23577,43.96336,10.02083,54657,True,189.64955,3
20260503-101634,-OriVLafFHqLawz8Utvb,2026-05-03 15:42:31+00:00,1777822951000,19508,26.25859,43.72633,10.02088,66348,True,138.72253,3
20260503-101634,-OriVOtB4pumUu6Jyhdy,2026-05-03 15:42:43+00:00,1777822963000,19520,26.26873,43.63056,10.0209,71564,True,103.73624,3
20260503-101634,-OriVRRxkQtPQYtzxl5D,2026-05-03 15:42:55+00:00,1777822975000,19532,26.27634,43.63255,10.02086,74096,True,85.17853,3
20260503-101634,-OriVUNIbGK_ij8TkoUJ,2026-05-03 15:43:07+00:00,1777822987000,19544,26.28648,43.61099,10.02076,75978,True,74.61723,3
20260503-101634,-OriVXIfOeEbeQr_t8NH,2026-05-03 15:43:19+00:00,1777822999000,19556,26.28648,43.57978,10.02089,76956,True,68.98618,3
20260503-101634,-OriV_WsmosESiA6r2fH,2026-05-03 15:43:31+00:00,1777823011000,19568,26.29155,43.56602,10.0209,77454,True,64.68948,3
20260503-101634,-OriVc9h1ddZyVTsOS-3,2026-05-03 15:43:43+00:00,1777823023000,19580,26.29155,43.55861,10.0209,77959,True,62.5405,3
20260503-101634,-OriVf5BDAA5SL-li2X4,2026-05-03 15:43:55+00:00,1777823035000,19592,26.29663,43.56149,10.0207,78765,True,59.79454,3
20260503-101634,-OriVi0yomhym4WJ1HlW,2026-05-03 15:44:07+00:00,1777823047000,19604,26.29916,43.56265,10.02069,79063,True,58.60883,3
20260503-101634,-OriVkxAJffWmPo4rQAW,2026-05-03 15:44:19+00:00,1777823059000,19616,26.3017,43.5374,10.02087,78988,True,57.5339,3
20260503-101634,-OriVnse40MEVNNfk9i2,2026-05-03 15:44:31+00:00,1777823071000,19628,26.30423,43.55318,10.02077,79438,True,56.34997,3
20260503-101634,-OriVqpwJV8RP1Ruu-Gz,2026-05-03 15:44:43+00:00,1777823083000,19640,26.3017,43.5505,10.02062,79438,True,55.46877,3
20260503-101634,-OriVtjmwQOPI_q5Tu1g,2026-05-03 15:44:55+00:00,1777823095000,19652,26.30677,43.52087,10.02077,79513,True,55.21069,3
20260503-101634,-OriVwfR1RMLw15Gr3q3,2026-05-03 15:45:07+00:00,1777823107000,19664,26.30677,43.50063,10.02051,79892,True,54.69741,3
20260503-101634,-OriVzabFVKeuZkrmOer,2026-05-03 15:45:19+00:00,1777823119000,19676,26.31184,43.52478,10.02055,79664,True,54.62936,3
20260503-101634,-OriW1XlOW-NSnpPTwbC,2026-05-03 15:45:31+00:00,1777823131000,19688,26.31184,43.50425,10.02047,80352,True,53.72217,3
20260503-101634,-OriW4nObwfJBd5Rca0Q,2026-05-03 15:45:43+00:00,1777823143000,19700,26.31437,43.49271,10.02079,79892,True,53.57901,3
20260503-101634,-OriW7mqLvPSQyNfLgmQ,2026-05-03 15:45:55+00:00,1777823155000,19712,26.31184,43.50378,10.02055,79892,True,53.13185,3
20260503-101634,-OriWAJnOQEJ6cGxKJO-,2026-05-03 15:46:07+00:00,1777823167000,19724,26.31437,43.52668,10.02063,80198,True,52.88666,3
20260503-101634,-OriWDFJKUUyzv86l6ls,2026-05-03 15:46:19+00:00,1777823179000,19736,26.30677,43.5514,10.02065,80740,True,51.89822,3
20260503-101634,-OriWGDIvnSaCxZpuSWf,2026-05-03 15:46:31+00:00,1777823191000,19748,26.31691,43.54951,10.02076,80352,True,51.90781,3
20260503-101634,-OriWJ89z620btrT1tJ5,2026-05-03 15:46:43+00:00,1777823203000,19760,26.31691,43.53045,10.02067,80045,True,52.62796,3
20260503-101634,-OriWM1cXP91EcJfTu8T,2026-05-03 15:46:55+00:00,1777823215000,19772,26.3093,43.51285,10.02037,80429,True,52.23671,3
20260503-101634,-OriWOyFxnVRrxrphtKz,2026-05-03 15:47:07+00:00,1777823227000,19784,26.30423,43.51406,10.02029,80275,True,52.28852,3
20260503-101634,-OriWRuogbjdGyLM-4Ry,2026-05-03 15:47:19+00:00,1777823239000,19796,26.3093,43.52082,10.02032,80198,True,52.00809,3
20260503-101634,-OriWUpMzVqp82LGm9qa,2026-05-03 15:47:31+00:00,1777823251000,19808,26.3093,43.5299,10.02032,80584,True,51.32785,3
20260503-101634,-OriWXke2fV58YUK7U8U,2026-05-03 15:47:43+00:00,1777823263000,19820,26.31184,43.53289,10.02047,80198,True,51.40239,3
20260503-101634,-OriW_h9nVzweV8Ro8vE,2026-05-03 15:47:55+00:00,1777823275000,19832,26.3093,43.49611,10.02057,80507,True,52.01204,3
20260503-101634,-OriWcbWWSP6MoK5iadj,2026-05-03 15:48:07+00:00,1777823287000,19844,26.31184,43.47509,10.02047,80662,True,52.00125,3
20260503-101634,-OriWfY0kGhVHKcoGmih,2026-05-03 15:48:19+00:00,1777823299000,19856,26.31437,43.48391,10.0204,80352,True,51.6808,3
20260503-101634,-OriWiaohwAhGf_BN17J,2026-05-03 15:48:32+00:00,1777823312000,19869,26.28395,43.74401,10.02056,74758,True,65.68481,3
20260503-101634,-OriWlWBjxV-I-Qap9Nz,2026-05-03 15:48:44+00:00,1777823324000,19881,26.30677,43.52659,10.02035,78988,True,61.76013,3
20260503-101634,-OriWpyETOG8HTKOb2c9,2026-05-03 15:48:56+00:00,1777823336000,19893,26.30677,43.50179,10.02038,79969,True,56.27892,3
20260503-101634,-OriWrvSsTqLjxurijBT,2026-05-03 15:49:08+00:00,1777823348000,19905,26.21802,44.11238,10.02023,67253,True,72.0492,3
20260503-101634,-OriWuOGi0HEnKS4R0Gy,2026-05-03 15:49:20+00:00,1777823360000,19917,26.29409,43.60561,10.02032,75910,True,74.90451,3
20260503-101634,-OriWxK9zelqvDI3SH6o,2026-05-03 15:49:32+00:00,1777823372000,19929,26.29663,43.5363,10.02024,78397,True,64.6358,3
20260503-101634,-OriX-FAVk3tSh8JqqhZ,2026-05-03 15:49:44+00:00,1777823384000,19941,26.30677,43.47626,10.02028,79438,True,58.20557,3
20260503-101634,-OriX2B68WwAK12QKnx-,2026-05-03 15:49:56+00:00,1777823396000,19953,26.30677,43.45713,10.02024,79664,True,55.57354,3
20260503-101634,-OriX56esszybt3EZGnx,2026-05-03 15:50:08+00:00,1777823408000,19965,26.3017,43.48161,10.02016,79892,True,54.19469,3
20260503-101634,-OriX81uPo0bp_szvJfR,2026-05-03 15:50:20+00:00,1777823420000,19977,26.31184,43.45936,10.02034,80122,True,53.48924,3
20260503-101634,-OriXAzefqReqaPfRsEt,2026-05-03 15:50:32+00:00,1777823432000,19989,26.31184,43.42346,10.02011,80352,True,52.78118,3
20260503-101634,-OriXDu4n5om6uKm-ipb,2026-05-03 15:50:44+00:00,1777823444000,20001,26.31184,43.37308,10.02013,80275,True,52.49118,3
20260503-101634,-OriXGqBxpd9ld7DQH2H,2026-05-03 15:50:56+00:00,1777823456000,20013,26.31437,43.35585,10.02021,80429,True,51.9519,3
20260503-101634,-OriXJoMHD_UB-YWwaFc,2026-05-03 15:51:08+00:00,1777823468000,20025,26.31437,43.35103,10.02038,80507,True,52.13866,3
20260503-101634,-OriXMg3gl27JICd_2ci,2026-05-03 15:51:20+00:00,1777823480000,20037,26.31691,43.37618,10.02025,80352,True,52.34002,3
20260503-101634,-OriXPhNda5szHVRWNv0,2026-05-03 15:51:32+00:00,1777823492000,20049,26.30677,43.443,10.02012,80429,True,51.90417,3
20260503-101634,-OriXSYqoWA155oa0HrR,2026-05-03 15:51:44+00:00,1777823504000,20061,26.31691,43.41543,10.02039,80662,True,51.72863,3
20260503-101634,-OriXVrE0b3erulDOoJ4,2026-05-03 15:51:56+00:00,1777823516000,20073,26.31184,43.42306,10.02033,80429,True,51.26379,3
20260503-101634,-OriXYkA6VyrhgMJQIky,2026-05-03 15:52:08+00:00,1777823528000,20085,26.31691,43.39637,10.02025,80507,True,51.34305,3
20260503-101634,-OriXafT7YW0QkFnjZqF,2026-05-03 15:52:20+00:00,1777823540000,20097,26.31437,43.43044,10.02042,80740,True,51.56561,3
20260503-101634,-OriXdG66GoMRlw8nxHi,2026-05-03 15:52:32+00:00,1777823552000,20109,26.31437,43.4253,10.02024,80584,True,51.55125,3
20260503-101634,-OriXgBwspBel6gAew3L,2026-05-03 15:52:44+00:00,1777823564000,20121,26.31437,43.44519,10.02028,80352,True,51.83636,3
20260503-101634,-OriXj7faTfvMD1Jdyd-,2026-05-03 15:52:56+00:00,1777823576000,20133,26.31184,43.41392,10.0202,80507,True,51.58049,3
20260503-101634,-OriXm2f_oauKVumFz2N,2026-05-03 15:53:08+00:00,1777823588000,20145,26.31691,43.41388,10.02046,80584,True,51.34016,3
20260503-101634,-OriXp-qmLsHC5jgSGHV,2026-05-03 15:53:20+00:00,1777823600000,20157,26.31437,43.4047,10.02019,80198,True,51.44137,3
20260503-101634,-OriXs53pPKstVbtrAms,2026-05-03 15:53:33+00:00,1777823613000,20170,26.29155,43.67285,10.02025,74624,True,66.15013,3
20260503-101634,-OriXv0N1YW21rw_RWwx,2026-05-03 15:53:45+00:00,1777823625000,20182,26.30677,43.48144,10.02019,78691,True,62.97725,3
20260503-101634,-OriXxxpUw-tcaHlTSQ0,2026-05-03 15:53:57+00:00,1777823637000,20194,26.31184,43.44107,10.02026,79438,True,57.94378,3
20260503-101634,-OriY-sRd33pUkPBi9ax,2026-05-03 15:54:09+00:00,1777823649000,20206,26.31691,43.43691,10.02046,79589,True,55.37844,3
20260503-101634,-OriY2o2i7STsSR_0FgA,2026-05-03 15:54:21+00:00,1777823661000,20218,26.31691,43.39522,10.02034,80740,True,52.93988,3
20260503-101634,-OriY5jPNtSCIIucuwmM,2026-05-03 15:54:33+00:00,1777823673000,20230,26.31184,43.43548,10.02011,79969,True,53.47429,3
20260503-101634,-OriY8f2nbBVkklGPRRz,2026-05-03 15:54:45+00:00,1777823685000,20242,26.31437,43.42841,10.02037,79969,True,52.85626,3
20260503-101634,-OriYBiYXorABHNr1O74,2026-05-03 15:54:57+00:00,1777823697000,20254,26.31691,43.40934,10.0202,80352,True,52.59532,3
20260503-101634,-OriYEXLdUObvGCI7S8E,2026-05-03 15:55:09+00:00,1777823709000,20266,26.31437,43.41412,10.02031,80275,True,52.22204,3
20260503-101634,-OriYHSMC0IGE1-AxVhq,2026-05-03 15:55:21+00:00,1777823721000,20278,26.31184,43.42942,10.02024,80198,True,52.35792,3
20260503-101634,-OriYKPFejC0w8PCP2Nn,2026-05-03 15:55:33+00:00,1777823733000,20290,26.31691,43.45152,10.02035,80974,True,51.40702,3
20260503-101634,-OriYNJUSLirDznWjckR,2026-05-03 15:55:45+00:00,1777823745000,20302,26.31437,43.42929,10.0203,80817,True,51.33837,3
20260503-101634,-OriYQHAf91Gb2qZuXBU,2026-05-03 15:55:57+00:00,1777823757000,20314,26.31184,43.42269,10.02038,80275,True,51.94854,3
20260503-101634,-OriYTAr9-ZPUIAeRg3x,2026-05-03 15:56:09+00:00,1777823769000,20326,26.31184,43.43262,10.02029,80817,True,51.38987,3
20260503-101634,-OriYW5tzz4ovqVOP3-4,2026-05-03 15:56:21+00:00,1777823781000,20338,26.31184,43.40036,10.02031,80507,True,51.40154,3
20260503-101634,-OriYZ1XJ8aewCJWKmHA,2026-05-03 15:56:33+00:00,1777823793000,20350,26.31184,43.37737,10.02026,80817,True,51.33598,3
20260503-101634,-OriYaxxbxtR3HMh3Alx,2026-05-03 15:56:45+00:00,1777823805000,20362,26.31437,43.36016,10.02038,80507,True,51.61036,3
20260503-101634,-OriYdtUgU5sv8rjxbwM,2026-05-03 15:56:57+00:00,1777823817000,20374,26.31691,43.39074,10.02053,80895,True,50.86376,3
20260503-101634,-OriYgp3pyqPmOcYo_Uy,2026-05-03 15:57:09+00:00,1777823829000,20386,26.30677,43.40114,10.02026,80507,True,51.55408,3
20260503-101634,-OriYjkXKBuSxgftJpMO,2026-05-03 15:57:21+00:00,1777823841000,20398,26.3093,43.41761,10.02035,80584,True,51.61208,3
20260503-101634,-OriYmiGf9loNCtbKLSs,2026-05-03 15:57:33+00:00,1777823853000,20410,26.30423,43.43956,10.02022,80584,True,51.74321,3
20260503-101634,-OriYpbRvJWRR96bgJ90,2026-05-03 15:57:45+00:00,1777823865000,20422,26.30677,43.40538,10.02017,80352,True,52.02794,3
20260503-101634,-OriYsXsOrYPj8OYyM5I,2026-05-03 15:57:57+00:00,1777823877000,20434,26.3093,43.41952,10.02018,80740,True,51.64653,3
20260503-101634,-OriYw8LdAgrxtzkA7Yg,2026-05-03 15:58:09+00:00,1777823889000,20446,26.30423,43.41985,10.02031,80507,True,51.47819,3
20260503-101634,-OriYyPJL9P_YhKxjyn8,2026-05-03 15:58:21+00:00,1777823901000,20458,26.3017,43.43764,10.0202,80352,True,51.93821,3
20260503-101634,-OriZ0OBSKZ5fzi38Iqv,2026-05-03 15:58:33+00:00,1777823913000,20470,26.31184,43.42336,10.02048,80352,True,51.53713,3
20260503-101634,-OriZ3G1jRVPVNKuezyk,2026-05-03 15:58:45+00:00,1777823925000,20482,26.30423,43.43781,10.02024,80429,True,51.85965,3
20260503-101634,-OriZ6BKxtb2W2qOOYyx,2026-05-03 15:58:57+00:00,1777823937000,20494,26.3017,43.43798,10.02025,80352,True,51.76547,3
20260503-101634,-OriZ96wtfgbGPCdLwh0,2026-05-03 15:59:09+00:00,1777823949000,20506,26.31691,43.39538,10.02042,80817,True,51.14775,3
20260503-101634,-OriZC2ue98grvPYj5Bi,2026-05-03 15:59:21+00:00,1777823961000,20518,26.31184,43.39454,10.02034,81052,True,50.85335,3
20260503-101634,-OriZF0QQZAqaFZT67iG,2026-05-03 15:59:33+00:00,1777823973000,20530,26.31184,43.40253,10.02029,80584,True,51.43256,3
20260503-101634,-OriZHuck3EpsXbFTq2H,2026-05-03 15:59:45+00:00,1777823985000,20542,26.3093,43.4148,10.02028,80974,True,51.30061,3
20260503-101634,-OriZKqBVWPVGvPzlOCp,2026-05-03 15:59:57+00:00,1777823997000,20554,26.31184,43.40602,10.02017,80198,True,52.62669,3
20260503-101634,-OriZNlsEWbsxH8Jw3vW,2026-05-03 16:00:09+00:00,1777824009000,20566,26.31437,43.38294,10.02026,80895,True,51.32644,3
20260503-101634,-OriZQh9473d74misL-6,2026-05-03 16:00:21+00:00,1777824021000,20578,26.31691,43.38208,10.02032,80507,True,51.4672,3
20260503-101634,-OriZTd7SML02WAX0iQr,2026-05-03 16:00:33+00:00,1777824033000,20590,26.31691,43.37708,10.02022,80817,True,50.96083,3
20260503-101634,-OriZWYr3mp0Oz3nB9mJ,2026-05-03 16:00:45+00:00,1777824045000,20602,26.31944,43.37174,10.02029,80662,True,51.3741,3
20260503-101634,-OriZZUcA8_nrTQ8c30B,2026-05-03 16:00:57+00:00,1777824057000,20614,26.31184,43.4096,10.02027,80740,True,51.25773,3
20260503-101634,-OriZbPpin_giitLtTfb,2026-05-03 16:01:09+00:00,1777824069000,20626,26.31184,43.39758,10.02005,80198,True,51.86905,3
20260503-101634,-OriZqPmTaHUULx-vJNU,2026-05-03 16:01:21+00:00,1777824081000,20638,26.31184,43.38708,10.02011,80352,True,51.87839,3
20260503-101634,-OriZvEQotF_w1EpYDUu,2026-05-03 16:02:23+00:00,1777824143000,20700,26.3671,43.24657,10.02006,80198,True,52.26839,3
20260503-101634,-OriZwltmhXfMZvr60yV,2026-05-03 16:02:36+00:00,1777824156000,20713,26.14195,44.57114,10.02027,39284,True,174.1983,3
20260503-101634,-OriZzgfP5Hk2CNQ8xwi,2026-05-03 16:02:48+00:00,1777824168000,20725,26.23831,43.7305,10.02004,59596,True,172.25021,3
20260503-101634,-Ori_1alEBWUOtGvnTsC,2026-05-03 16:03:00+00:00,1777824180000,20737,26.26366,43.56464,10.02025,68129,True,126.283,3
20260503-101634,-Ori_4WNo44lPzWSZXJX,2026-05-03 16:03:12+00:00,1777824192000,20749,26.26873,43.49832,10.0202,72243,True,98.19106,3
20260503-101634,-Ori_7UtmBWTlzZDsDfX,2026-05-03 16:03:24+00:00,1777824204000,20761,26.27634,43.48425,10.02028,74691,True,82.04492,3
20260503-101634,-Ori_AX3qxdAhzybiTNg,2026-05-03 16:03:36+00:00,1777824216000,20773,26.28395,43.4566,10.02018,75978,True,73.63093,3
20260503-101634,-Ori_Czs4v9ardGrsOlk,2026-05-03 16:03:47+00:00,1777824227000,20783,26.33355,43.33835,10.0201,76047,True,72.40826,3
20260503-101634,-Ori_FY7_JhFcUVM-s3A,2026-05-03 16:03:57+00:00,1777824237000,20794,26.23734,44.02958,10.02005,63529,True,89.31321,3
20260503-101634,-Ori_ITVxceZr5JLGgFB,2026-05-03 16:04:09+00:00,1777824249000,20806,26.25859,43.68919,10.0201,68295,True,113.59824,3
20260503-101634,-Ori_MyHe3iHegtL8yo-,2026-05-03 16:04:21+00:00,1777824261000,20818,26.27127,43.44146,10.02008,74425,True,89.41506,3
20260503-101634,-Ori_OUO0zdMYDcqKsUq,2026-05-03 16:04:34+00:00,1777824274000,20831,26.18506,44.05083,10.02,63529,True,98.22463,3
20260503-101634,-Ori_RPxEH37j_FUpPJt,2026-05-03 16:04:46+00:00,1777824286000,20843,26.26366,43.54773,10.01996,72871,True,92.19528,3
20260503-101634,-Ori_UKECTFM3tX2C0I4,2026-05-03 16:04:58+00:00,1777824298000,20855,26.27634,43.46511,10.02002,75772,True,77.55006,3
20260503-101634,-Ori_XHDCkwSkdYj2S_6,2026-05-03 16:05:10+00:00,1777824310000,20867,26.28141,43.4763,10.0198,77311,True,68.61508,3
20260503-101634,-Ori__CQ3IeQEFwyfbWp,2026-05-03 16:05:22+00:00,1777824322000,20879,26.28141,43.46172,10.0198,77670,True,64.30476,3
20260503-101634,-Ori_bpL4jPf2bDmaqPO,2026-05-03 16:05:33+00:00,1777824333000,20889,26.32635,43.32596,10.01968,78104,True,63.33936,3
20260503-101634,-Ori_eklLFnS75a6uAa2,2026-05-03 16:05:45+00:00,1777824345000,20901,26.27127,43.63767,10.01987,72935,True,88.19655,3
20260503-101634,-Ori_hlk3fjKNulICKRT,2026-05-03 16:05:57+00:00,1777824357000,20913,26.2738,43.49291,10.0197,76186,True,75.493,3
20260503-101634,-Ori_kbbkFKKS9RHary4,2026-05-03 16:06:09+00:00,1777824369000,20925,26.28395,43.42458,10.01976,77526,True,66.30965,3
20260503-101634,-Ori_nYA2salHZuk1z9q,2026-05-03 16:06:21+00:00,1777824381000,20937,26.28648,43.41864,10.01971,78691,True,61.48215,3
20260503-101634,-Ori_qVk64TduMoZji2e,2026-05-03 16:06:33+00:00,1777824393000,20949,26.28902,43.45702,10.01987,78988,True,58.93854,3
20260503-101634,-Oria3yc2kTHWXs5JA3s,2026-05-03 16:06:46+00:00,1777824406000,20962,26.34391,43.30543,10.01968,79137,True,58.35756,3
20260503-101634,-Oria79pPzBVHKZNGxTY,2026-05-03 16:07:35+00:00,1777824455000,21012,26.24743,44.10933,10.01975,62580,True,81.15514,3
20260503-101634,-Oria7vnyqnam5UqIN-H,2026-05-03 16:07:48+00:00,1777824468000,21025,26.17407,44.55848,10.01939,37865,True,146.61966,3
20260503-101634,-OriaAsHbizq8RnM9DZy,2026-05-03 16:08:00+00:00,1777824480000,21037,26.22563,43.77986,10.01965,55526,True,191.55719,2
20260503-101634,-OriaDmwn5jTo8YVCemH,2026-05-03 16:08:12+00:00,1777824492000,21049,26.24591,43.59611,10.01957,66718,True,138.5946,2
20260503-101634,-OriaGj6ITLNSgrwjVK5,2026-05-03 16:08:24+00:00,1777824504000,21061,26.26113,43.57379,10.01976,71078,True,105.02271,2
20260503-101634,-OriaJd_QslcJLd46DIA,2026-05-03 16:08:36+00:00,1777824516000,21073,26.2662,43.54881,10.01963,74228,True,85.71395,2
20260503-101634,-OriaM_HVMu45RmNqRAc,2026-05-03 16:08:48+00:00,1777824528000,21085,26.27127,43.53972,10.01967,75635,True,76.12556,2
20260503-101634,-OriaPY6-jO_o4vVJ2S-,2026-05-03 16:09:00+00:00,1777824540000,21097,26.27634,43.50413,10.01967,76815,True,69.99807,3
20260503-101634,-OriaSTVnl9gBdloeKjd,2026-05-03 16:09:12+00:00,1777824552000,21109,26.28141,43.47329,10.01966,77454,True,65.51776,3
20260503-101634,-OriaVOOv_0WATUeLdrm,2026-05-03 16:09:24+00:00,1777824564000,21121,26.28395,43.48124,10.01965,77886,True,63.03433,3
20260503-101634,-OriaYI6IDagzZljQp4g,2026-05-03 16:09:36+00:00,1777824576000,21133,26.28141,43.47417,10.01964,78397,True,60.72602,3
20260503-101634,-OriaaD_3rOmGU45MP6T,2026-05-03 16:09:48+00:00,1777824588000,21145,26.28141,43.48595,10.0195,78839,True,59.25547,3
20260503-101634,-OriadBXbgi-jzovHbwF,2026-05-03 16:10:00+00:00,1777824600000,21157,26.29155,43.43746,10.01974,79212,True,57.8006,3
20260503-101634,-Oriag4dQNxS7VViUMPt,2026-05-03 16:10:12+00:00,1777824612000,21169,26.28902,43.42522,10.01973,79438,True,56.77951,3
20260503-101634,-Oriaiyt1fHZJf8TPxqN,2026-05-03 16:10:24+00:00,1777824624000,21181,26.20534,44.01628,10.01958,68407,True,70.80562,3
20260503-101634,-OrialzrzikfR3F9xYMi,2026-05-03 16:10:36+00:00,1777824636000,21193,26.27634,43.53392,10.01967,76047,True,74.88164,3
20260503-101634,-OriaopaQe8aCoaWSpmh,2026-05-03 16:10:48+00:00,1777824648000,21205,26.28648,43.45809,10.01969,78104,True,65.45493,3
20260503-101634,-Oriarj-CoDQuVB3hSST,2026-05-03 16:11:00+00:00,1777824660000,21217,26.29409,43.42446,10.01978,79438,True,59.07126,3
20260503-101634,-Oriauv9Ppj5PeOwWC03,2026-05-03 16:11:12+00:00,1777824672000,21229,26.29155,43.43213,10.01979,79438,True,56.77536,3
20260503-101634,-Oriax_rSYma-9zm2Hv7,2026-05-03 16:11:24+00:00,1777824684000,21241,26.29409,43.40865,10.01974,79589,True,56.08115,3
20260503-101634,-Orib-Xn7q0LbSMac7vj,2026-05-03 16:11:36+00:00,1777824696000,21253,26.29155,43.42325,10.01974,80122,True,54.54102,3
20260503-101634,-Orib2RqxfWRlNsUG0xr,2026-05-03 16:11:48+00:00,1777824708000,21265,26.29155,43.42775,10.01967,80122,True,53.98625,3
20260503-101634,-Orib5QxYC15bptu7RW3,2026-05-03 16:12:00+00:00,1777824720000,21277,26.29155,43.42316,10.01961,79362,True,54.39839,3
20260503-101634,-Orib8Iv9yXr2LALvT5e,2026-05-03 16:12:12+00:00,1777824732000,21289,26.29409,43.4189,10.0196,79892,True,53.85399,3
20260503-101634,-OribBEkD3X7mW5suKzD,2026-05-03 16:12:24+00:00,1777824744000,21301,26.29663,43.40728,10.01977,80122,True,52.63655,3
20260503-101634,-OribEBGoZ0s58DW6C6O,2026-05-03 16:12:36+00:00,1777824756000,21313,26.29409,43.39169,10.01966,80429,True,52.42194,3
20260503-101634,-OribH5sBvK5r_hzgsIb,2026-05-03 16:12:48+00:00,1777824768000,21325,26.29916,43.42506,10.01953,80507,True,52.35574,3
20260503-101634,-OribK1MEow5OrtpjHoK,2026-05-03 16:13:00+00:00,1777824780000,21337,26.29663,43.41699,10.01945,80507,True,52.47445,3
20260503-101634,-OribMpQRp1lMDJqFvAK,2026-05-03 16:13:11+00:00,1777824791000,21348,26.21802,43.96622,10.01949,69485,True,66.40642,3
20260503-101634,-OribR0qf0_sO5NTCogK,2026-05-03 16:13:24+00:00,1777824804000,21361,26.32363,43.61507,10.0196,72367,True,72.36452,3
20260503-101634,-OribSZ2G3ZFC31HFTxd,2026-05-03 16:13:35+00:00,1777824815000,21372,26.18506,44.2167,10.01952,57987,True,114.5062,3
20260503-101634,-OribWQNkanm9he-bLaG,2026-05-03 16:13:47+00:00,1777824827000,21384,26.26873,43.57228,10.01953,71994,True,102.57658,3
20260503-101634,-OribY0X1Rca-B-6kN-R,2026-05-03 16:13:57+00:00,1777824837000,21394,26.20534,43.94678,10.0195,66086,True,101.68506,3
20260503-101634,-Orib_x-JJLQng9tVLGP,2026-05-03 16:14:09+00:00,1777824849000,21406,26.27127,43.50895,10.01948,74492,True,87.37543,3
20260503-101634,-OribcsTO_54L7SK8_4l,2026-05-03 16:14:21+00:00,1777824861000,21418,26.28395,43.43288,10.01967,77526,True,70.89581,3
20260503-101634,-Oribfo0HztWKMQ1ChLi,2026-05-03 16:14:33+00:00,1777824873000,21430,26.27888,43.45439,10.01943,78104,True,63.352,3
20260503-101634,-Oribik8F5ylXpTD_Vbc,2026-05-03 16:14:45+00:00,1777824885000,21442,26.29155,43.4374,10.01974,79287,True,59.06992,3
20260503-101634,-OriblfB8ihhNPYb0GsD,2026-05-03 16:14:57+00:00,1777824897000,21454,26.28395,43.42723,10.01933,79438,True,57.18767,3
20260503-101634,-OribogR4RPeCS01TMT3,2026-05-03 16:15:09+00:00,1777824909000,21466,26.28902,43.43496,10.01938,79892,True,55.43955,3
20260503-101634,-OribrYM10FodlG9L1Xf,2026-05-03 16:15:21+00:00,1777824921000,21478,26.28902,43.42983,10.01956,79892,True,54.12685,3
20260503-101634,-OribukwGxwC-_fI1pmN,2026-05-03 16:15:33+00:00,1777824933000,21490,26.28902,43.45407,10.01935,79816,True,54.26735,3
20260503-101634,-Oribxa5UKhpxDUZDILJ,2026-05-03 16:15:46+00:00,1777824946000,21503,26.25859,43.73236,10.01931,74096,True,69.18503,3
20260503-101634,-Oric-ksHN7HCJuAAn25,2026-05-03 16:15:59+00:00,1777824959000,21516,26.32869,43.48412,10.01922,75841,True,69.60492,3
20260503-101634,-Oric2gViHL6k8BWCNUd,2026-05-03 16:16:11+00:00,1777824971000,21528,26.2662,43.67805,10.01961,71381,True,97.16156,3
20260503-101634,-Oric5c33YdK38lrO-y3,2026-05-03 16:16:23+00:00,1777824983000,21540,26.28141,43.49096,10.01952,76534,True,77.50583,3
20260503-101634,-Oric8aMmkAaM_TsVPk-,2026-05-03 16:16:35+00:00,1777824995000,21552,26.28648,43.4551,10.01955,77670,True,66.86094,3
20260503-101634,-OricCiDaVNJH42kHwRw,2026-05-03 16:16:47+00:00,1777825007000,21564,26.28395,43.42981,10.01926,78914,True,60.43569,3
20260503-101634,-OricELGAXwcKsqtWZUv,2026-05-03 16:16:58+00:00,1777825018000,21575,26.20281,43.96859,10.01951,69084,True,72.06634,3
20260503-101634,-OricH8UUtlccMKScNGQ,2026-05-03 16:17:10+00:00,1777825030000,21587,26.2738,43.52332,10.01942,76255,True,73.04292,3
20260503-101634,-OricK61s8yWGqcYoCjS,2026-05-03 16:17:22+00:00,1777825042000,21599,26.28648,43.46162,10.01946,78691,True,63.808,3
20260503-101634,-OricN-Dq5q4cMav0dIa,2026-05-03 16:17:34+00:00,1777825054000,21611,26.28395,43.44295,10.01932,79362,True,58.60659,3
20260503-101634,-OricPvt2ygsicOw00eM,2026-05-03 16:17:46+00:00,1777825066000,21623,26.29155,43.40887,10.01954,79892,True,55.2083,3
20260503-101634,-OricSrMMorUF5s2PJr5,2026-05-03 16:17:58+00:00,1777825078000,21635,26.28395,43.40776,10.01935,80122,True,54.16606,3
20260503-101634,-OricVn7rdbdLNOfyrBO,2026-05-03 16:18:10+00:00,1777825090000,21647,26.29663,43.42654,10.01963,80198,True,53.34981,3
20260503-101634,-OricYojUA_yhBmWejge,2026-05-03 16:18:22+00:00,1777825102000,21659,26.29155,43.42494,10.01975,80662,True,51.99857,3
20260503-101634,-OricadlZay-O0h7BzbH,2026-05-03 16:18:34+00:00,1777825114000,21671,26.29409,43.40889,10.01957,80740,True,52.04946,3
20260503-101634,-Oricd_dWicgrBUurptP,2026-05-03 16:18:46+00:00,1777825126000,21683,26.29155,43.39974,10.01956,80429,True,52.16186,3
20260503-101634,-OricgXnhQ4WMFkauDg1,2026-05-03 16:18:58+00:00,1777825138000,21695,26.29409,43.42616,10.01957,80584,True,51.56002,3
20260503-101634,-OricjRnAe2LoVJQEwUA,2026-05-03 16:19:10+00:00,1777825150000,21707,26.29409,43.39374,10.01932,80275,True,51.84606,3
20260503-101634,-OricmTXb_cWvBxhV8sS,2026-05-03 16:19:22+00:00,1777825162000,21719,26.29663,43.37786,10.01948,80662,True,51.37621,3
20260503-101634,-OricpI606qSjnKcbov1,2026-05-03 16:19:34+00:00,1777825174000,21731,26.29663,43.37556,10.01938,80507,True,50.76135,3
20260503-101634,-OricsE2Qh8k7p3kpS6C,2026-05-03 16:19:46+00:00,1777825186000,21743,26.29663,43.38747,10.0194,80584,True,51.03157,3
20260503-101634,-OricvFNqT5P97bkVxW-,2026-05-03 16:19:58+00:00,1777825198000,21755,26.28902,43.3931,10.01908,81131,True,50.59237,3
20260503-101634,-Oricy4ulD7wJH4BdAzN,2026-05-03 16:20:10+00:00,1777825210000,21767,26.29155,43.38751,10.01925,81288,True,50.07599,3
20260503-101634,-Orid008pZ1M7x3iVfRe,2026-05-03 16:20:22+00:00,1777825222000,21779,26.29155,43.38663,10.01947,80974,True,50.04328,3
20260503-101634,-Orid2wlw-CR8yaGj_vO,2026-05-03 16:20:34+00:00,1777825234000,21791,26.29155,43.39574,10.01931,81131,True,50.30358,2
20260503-101634,-Orid5uN8eHHIKyv1ULn,2026-05-03 16:20:46+00:00,1777825246000,21803,26.3017,43.38357,10.01955,80974,True,50.08642,2
20260503-101634,-Orid98dqO2mZpwNgpRR,2026-05-03 16:20:58+00:00,1777825258000,21815,26.3017,43.34435,10.0195,80974,True,50.37737,2
20260503-101634,-OridBjSBVbmrT_uVLhZ,2026-05-03 16:21:10+00:00,1777825270000,21827,26.29663,43.32322,10.01938,81131,True,50.51658,2
20260503-101634,-OridEewVy3X6kF1KEuX,2026-05-03 16:21:22+00:00,1777825282000,21839,26.3017,43.30357,10.01939,81131,True,50.16624,2
20260503-101634,-OridHaAkh4UGAlJ-e0o,2026-05-03 16:21:34+00:00,1777825294000,21851,26.29916,43.31921,10.01939,80584,True,50.62585,2
20260503-101634,-OridKWuvdy_HslyXZL2,2026-05-03 16:21:46+00:00,1777825306000,21863,26.29663,43.37175,10.01908,80974,True,50.71898,2
20260503-101634,-OridNTOMlFQy3HcLzmc,2026-05-03 16:21:58+00:00,1777825318000,21875,26.29916,43.35516,10.0193,80895,True,50.79456,2
20260503-101634,-OridQNnp0fsfmyVipVy,2026-05-03 16:22:10+00:00,1777825330000,21887,26.29155,43.37367,10.01914,81131,True,50.48109,2
20260503-101634,-OridTLBL8IqlBYO-BaB,2026-05-03 16:22:22+00:00,1777825342000,21899,26.28902,43.37794,10.0191,80974,True,50.83061,2
20260503-101634,-OridWFXJcgzVjtHSQLA,2026-05-03 16:22:34+00:00,1777825354000,21911,26.29916,43.35764,10.01931,81131,True,50.34705,3
20260503-101634,-OridZACerooeGl1iH6D,2026-05-03 16:22:46+00:00,1777825366000,21923,26.30423,43.33645,10.01922,81131,True,50.06736,2
20260503-101634,-Oridb5ZfDJZwynv3ZpU,2026-05-03 16:22:58+00:00,1777825378000,21935,26.29916,43.34902,10.01917,81052,True,50.82137,2
20260503-101634,-OridepbAOcNPCRM3Zst,2026-05-03 16:23:10+00:00,1777825390000,21947,26.3017,43.37129,10.01936,80740,True,51.15135,2
20260503-101634,-Oridi1tsioUHiChmv-W,2026-05-03 16:23:26+00:00,1777825406000,21963,26.35878,43.21994,10.0192,80662,True,51.43073,2
20260503-101634,-OridkwAosGqTlbd3CP4,2026-05-03 16:23:38+00:00,1777825418000,21975,26.27127,43.60416,10.01911,71259,True,94.74638,2
20260503-101634,-OridntSjvWj3TiM_lmO,2026-05-03 16:23:50+00:00,1777825430000,21987,26.28648,43.43437,10.0192,76744,True,77.37947,2
20260503-101634,-OridqoQVQkFeNQyZPBW,2026-05-03 16:24:02+00:00,1777825442000,21999,26.28648,43.40296,10.01916,78544,True,65.4268,3
20260503-101634,-OridtpMLLEv5Q0JiGL7,2026-05-03 16:24:14+00:00,1777825454000,22011,26.28648,43.38301,10.0192,79513,True,59.36651,3
20260503-101634,-OridweBAfQYgvbQz1pr,2026-05-03 16:24:26+00:00,1777825466000,22023,26.29155,43.36286,10.01925,79816,True,56.76073,3
20260503-101634,-OridzysWdaR562Im1cG,2026-05-03 16:24:38+00:00,1777825478000,22035,26.29155,43.37397,10.01931,80275,True,54.90091,3
20260503-101634,-Orie1W8cRhqE9BLbmRg,2026-05-03 16:24:50+00:00,1777825490000,22047,26.29155,43.36647,10.01919,80507,True,54.00583,3
20260503-101634,-Orie4RaKUmJhiI-44uZ,2026-05-03 16:25:02+00:00,1777825502000,22059,26.29155,43.3713,10.01928,80198,True,53.46218,3
20260503-101634,-Orie7NQJ1j-rAXpWw4k,2026-05-03 16:25:14+00:00,1777825514000,22071,26.29155,43.3891,10.0193,80429,True,53.22478,3
20260503-101634,-OrieAJH6QumpV2wXcft,2026-05-03 16:25:26+00:00,1777825526000,22083,26.29409,43.36097,10.01902,80584,True,52.64575,3
20260503-101634,-OrieDEaccOgoczrU8IA,2026-05-03 16:25:38+00:00,1777825538000,22095,26.29409,43.36405,10.0193,80352,True,52.39448,3
20260503-101634,-OrieGCHphlqm_GUxWcX,2026-05-03 16:25:50+00:00,1777825550000,22107,26.29155,43.35397,10.0191,80584,True,51.95473,3
20260503-101634,-OrieJS20SNaWEK4teES,2026-05-03 16:26:02+00:00,1777825562000,22119,26.29155,43.36646,10.01909,80895,True,51.40201,3
20260503-101634,-OrieMgsXDGj7ZBBdNp0,2026-05-03 16:26:14+00:00,1777825574000,22131,26.29663,43.374,10.01912,80507,True,52.09663,3
20260503-101634,-OriePSmo61v66KYFeLw,2026-05-03 16:26:29+00:00,1777825589000,22145,26.34475,43.23512,10.01908,80817,True,51.89452,3
20260503-101634,-OriemlNWN5rucBzO9e-,2026-05-03 16:28:07+00:00,1777825687000,22244,26.19773,43.89814,10.01894,48797,True,223.62903,2
20260503-101634,-OriepQbI7lfv5a1NM78,2026-05-03 16:28:19+00:00,1777825699000,22256,26.23323,43.59669,10.01929,62162,True,166.88083,2
20260503-101634,-OriesMM6oIBmlKCHevF,2026-05-03 16:28:31+00:00,1777825711000,22268,26.24084,43.54211,10.01912,68744,True,121.96827,2
20260503-101634,-OrievI-x63uESHLEC6D,2026-05-03 16:28:43+00:00,1777825723000,22280,26.25099,43.50541,10.01917,72305,True,96.89717,2
20260503-101634,-OrieyDTXNI65V2VbcMI,2026-05-03 16:28:55+00:00,1777825735000,22292,26.25605,43.48369,10.01922,74558,True,83.60159,2
20260503-101634,-Orif0Yz66tphxJFOy5M,2026-05-03 16:29:07+00:00,1777825747000,22304,26.25859,43.4593,10.01921,75772,True,75.30936,2
20260503-101634,-Orif4GADquJcAUA6Pq-,2026-05-03 16:29:19+00:00,1777825759000,22316,26.26873,43.4359,10.01918,76674,True,70.13923,3
20260503-101634,-Orif5p6_fKqG0D1exwS,2026-05-03 16:29:30+00:00,1777825770000,22327,26.18759,43.98074,10.01912,67525,True,81.1674,3
20260503-101634,-Orif8hUkz-m3ybGGyZq,2026-05-03 16:29:42+00:00,1777825782000,22339,26.26113,43.51775,10.01913,74824,True,81.17841,3
20260503-101634,-OrifBcCFMviXnaaoMmc,2026-05-03 16:29:54+00:00,1777825794000,22351,26.2662,43.44015,10.01912,76885,True,71.41512,3
20260503-101634,-OrifEYO_1uKDc44xL53,2026-05-03 16:30:06+00:00,1777825806000,22363,26.27127,43.41516,10.01904,77886,True,65.12312,3
20260503-101634,-OrifHUzwq5DZpqsuj6z,2026-05-03 16:30:18+00:00,1777825818000,22375,26.28141,43.41156,10.01912,78323,True,61.50605,3
20260503-101634,-OrifKPOKb2qYppRMj3q,2026-05-03 16:30:30+00:00,1777825830000,22387,26.27634,43.42828,10.01888,79137,True,59.04809,3
20260503-101634,-OrifNKpzAxLGu5-fyQl,2026-05-03 16:30:42+00:00,1777825842000,22399,26.28395,43.40404,10.01893,79137,True,58.23102,3
20260503-101634,-OrifQGB4T9kugenX-z1,2026-05-03 16:30:54+00:00,1777825854000,22411,26.28141,43.38512,10.01892,79664,True,57.12152,3
20260503-101634,-OrifTCjD8B3zGTy3baU,2026-05-03 16:31:06+00:00,1777825866000,22423,26.28902,43.36077,10.01899,80275,True,55.20119,3
20260503-101634,-OrifW8bjdGpwZIJ0Vf2,2026-05-03 16:31:18+00:00,1777825878000,22435,26.28648,43.36259,10.01892,80198,True,54.44874,3
20260503-101634,-OrifZ37_kcgXgLnJJvo,2026-05-03 16:31:30+00:00,1777825890000,22447,26.28902,43.35465,10.01898,80045,True,54.68416,3
20260503-101634,-OrifazLnKTWINCavKlL,2026-05-03 16:31:42+00:00,1777825902000,22459,26.28395,43.3762,10.01882,79892,True,54.82079,3
20260503-101634,-Orifdv2lc4BF8t-hEY2,2026-05-03 16:31:54+00:00,1777825914000,22471,26.28648,43.37705,10.01885,80584,True,52.98255,3
20260503-101634,-OrifgwdJ-dYhH1nhD5v,2026-05-03 16:32:06+00:00,1777825926000,22483,26.28648,43.37593,10.01876,80198,True,53.67094,3
20260503-101634,-OrifjlfIlaFzP62Dm6T,2026-05-03 16:32:18+00:00,1777825938000,22495,26.29409,43.36411,10.01881,80507,True,53.21379,3
20260503-101634,-OrifnwN7Mr41uQVtZeY,2026-05-03 16:32:30+00:00,1777825950000,22507,26.29155,43.38315,10.01881,80275,True,53.25598,3
20260503-101634,-OrifpQvbTxSwtPg3rV9,2026-05-03 16:32:41+00:00,1777825961000,22518,26.20788,43.92654,10.01869,69543,True,67.66519,3
20260503-101634,-OrifsMJWU9rIL5HRSkY,2026-05-03 16:32:53+00:00,1777825973000,22530,26.27888,43.48031,10.01883,77097,True,70.32795,3
20260503-101634,-OrifvIMblsFCZykMN7U,2026-05-03 16:33:05+00:00,1777825985000,22542,26.28648,43.37103,10.01869,79589,True,61.02995,3
20260503-101634,-OrifyDPXahY1N2zSUtB,2026-05-03 16:33:17+00:00,1777825997000,22554,26.28648,43.39061,10.01885,79664,True,57.03838,3
20260503-101634,-Orig09FE9xH9_Sf-hyc,2026-05-03 16:33:29+00:00,1777826009000,22566,26.28648,43.38316,10.01881,80429,True,54.5875,3
20260503-101634,-Orig34W3Vzgbmx4mAsO,2026-05-03 16:33:41+00:00,1777826021000,22578,26.28902,43.35762,10.01882,80429,True,53.50839,3
20260503-101634,-Orig63ApxzIhu1lu1dh,2026-05-03 16:33:53+00:00,1777826033000,22590,26.29409,43.32807,10.01881,80352,True,52.73759,3
20260503-101634,-Orig93LXBfj3BJd4Ndo,2026-05-03 16:34:05+00:00,1777826045000,22602,26.29155,43.34202,10.01888,80974,True,51.96588,3
20260503-101634,-OrigBrrLunBSqJyRf4_,2026-05-03 16:34:17+00:00,1777826057000,22614,26.29409,43.3446,10.01904,81209,True,50.99239,3
20260503-101634,-OrigEnNUMeOJytowXKv,2026-05-03 16:34:29+00:00,1777826069000,22626,26.29409,43.34484,10.01871,80429,True,51.74833,3
20260503-101634,-OrigHkALl5moNmTQLbF,2026-05-03 16:34:41+00:00,1777826081000,22638,26.29409,43.35881,10.01878,80662,True,51.92245,3
20260503-101634,-OrigKeUQBpgH_iMN4Cn,2026-05-03 16:34:53+00:00,1777826093000,22650,26.29409,43.36174,10.01865,80817,True,51.6891,3
20260503-101634,-OrigNbJqEvn7kUrRll5,2026-05-03 16:35:05+00:00,1777826105000,22662,26.29155,43.34156,10.01874,80817,True,51.74556,3
20260503-101634,-OrigQWP_koII_sCvw0R,2026-05-03 16:35:17+00:00,1777826117000,22674,26.29155,43.34203,10.0186,81446,True,50.50041,3
20260503-101634,-OrigTRrMUuAiWfQ_gPT,2026-05-03 16:35:29+00:00,1777826129000,22686,26.29409,43.33916,10.0188,80817,True,50.46511,2
20260503-101634,-OrigX0c2BS1VmMg-CLq,2026-05-03 16:35:41+00:00,1777826141000,22698,26.28902,43.35887,10.01877,80740,True,51.29576,2
20260503-101634,-OrigZPk3rhFgrrg8eJd,2026-05-03 16:35:53+00:00,1777826153000,22710,26.28902,43.34719,10.01859,81052,True,51.15117,2
20260503-101634,-OrigbEmmGwnjHdaSeHM,2026-05-03 16:36:05+00:00,1777826165000,22722,26.29155,43.35345,10.01867,81288,True,50.0,2
20260503-101634,-OrigeBmKwnRvi5nS754,2026-05-03 16:36:17+00:00,1777826177000,22734,26.29155,43.35761,10.01872,81131,True,50.63187,2
20260503-101634,-OrighWfRSeNguX2pryg,2026-05-03 16:36:30+00:00,1777826190000,22747,26.2662,43.62061,10.01872,75160,True,65.28356,2
20260503-101634,-Origk30-1qitiaf_XZ2,2026-05-03 16:36:41+00:00,1777826201000,22758,26.20281,43.96903,10.01896,67416,True,79.23466,2
20260503-101634,-OrignjWxUrZquIgJY2G,2026-05-03 16:36:54+00:00,1777826214000,22771,26.30081,43.59368,10.01872,70837,True,83.65059,2
20260503-101634,-Origq9qw6NRpPEiFc7X,2026-05-03 16:37:06+00:00,1777826226000,22783,26.25099,43.59897,10.01886,70420,True,105.77531,2
20260503-101634,-Origt4znT3aF3LcBeYo,2026-05-03 16:37:18+00:00,1777826238000,22795,26.27127,43.42239,10.01899,75841,True,82.53871,2
20260503-101634,-Origw0ucrbZIRTjwP5c,2026-05-03 16:37:30+00:00,1777826250000,22807,26.27127,43.39717,10.01888,77959,True,68.25492,3
20260503-101634,-Orih0Zsm57kmFzi54Jc,2026-05-03 16:37:43+00:00,1777826263000,22820,26.32616,43.24921,10.01882,78914,True,65.32972,3
20260503-101634,-Orih1NVJ37N0vbOwnuZ,2026-05-03 16:37:56+00:00,1777826276000,22833,26.21698,44.1148,10.01875,62116,True,87.08142,3
20260503-101634,-Orih4GYagx2GdXqV3Fz,2026-05-03 16:38:08+00:00,1777826288000,22845,26.24338,43.67025,10.01898,67688,True,118.78221,3
20260503-101634,-Orih7E1Dn1VxUHFVaWU,2026-05-03 16:38:20+00:00,1777826300000,22857,26.25605,43.50106,10.01897,74425,True,91.21693,3
20260503-101634,-OrihA77c2sz_-oZJaZI,2026-05-03 16:38:32+00:00,1777826312000,22869,26.2662,43.40978,10.01887,77027,True,73.97984,3
20260503-101634,-Orih_VKJ52CZyAtUMAL,2026-05-03 16:40:12+00:00,1777826412000,22969,26.19773,43.91381,10.01872,51120,True,197.6519,3
20260503-101634,-OrihaHtbID7__CPknGu,2026-05-03 16:40:23+00:00,1777826423000,22980,26.25855,43.67932,10.01872,55197,True,189.93509,3
20260503-101634,-OrihdDScdYCmOU0TTui,2026-05-03 16:40:35+00:00,1777826435000,22992,26.21295,43.74585,10.01874,61613,True,166.37201,3
20260503-101634,-Orihg7TQG2ZGN59ey6N,2026-05-03 16:40:47+00:00,1777826447000,23004,26.23831,43.56768,10.01888,68631,True,122.5063,3
20260503-101634,-Orihj2ZtQNYqzaIElTo,2026-05-03 16:40:59+00:00,1777826459000,23016,26.23831,43.55963,10.01871,72618,True,97.01227,3
20260503-101634,-Orihm041NKyXOjiXK1S,2026-05-03 16:41:11+00:00,1777826471000,23028,26.24845,43.53953,10.01862,74492,True,82.93045,3
20260503-101634,-Orihouy3dfBWaR-9Gpq,2026-05-03 16:41:23+00:00,1777826483000,23040,26.25352,43.55378,10.01865,75704,True,75.21712,3
20260503-101634,-Orihruxxdq7GxdE74wx,2026-05-03 16:41:35+00:00,1777826495000,23052,26.26113,43.494,10.01874,76744,True,69.80672,3
20260503-101634,-OrihutuC8taucq3lX2Q,2026-05-03 16:41:47+00:00,1777826507000,23064,26.2662,43.48923,10.01858,77959,True,65.10326,3
20260503-101634,-Orihxk7AWlByIPvFDv9,2026-05-03 16:41:59+00:00,1777826519000,23076,26.26113,43.52242,10.01853,78323,True,62.99022,3
20260503-101634,-Orii-cdKf4oBmMF_RIj,2026-05-03 16:42:11+00:00,1777826531000,23088,26.27127,43.471,10.01869,78691,True,60.61345,3
20260503-101634,-Orii2ZiuoL75ujkLUBC,2026-05-03 16:42:23+00:00,1777826543000,23100,26.27127,43.47728,10.01864,78988,True,59.33914,3
20260503-101634,-Orii5VbK_c4aqQBkj2E,2026-05-03 16:42:35+00:00,1777826555000,23112,26.28395,43.45121,10.01872,78988,True,58.27137,3
20260503-101634,-Orii8o3wRxDtn9lkwcs,2026-05-03 16:42:47+00:00,1777826567000,23124,26.28141,43.42813,10.01857,79362,True,56.97839,3
20260503-101634,-OriiBUV6cgTKPFw3LJ7,2026-05-03 16:43:00+00:00,1777826580000,23137,26.25859,43.64843,10.01859,74293,True,70.17126,3
20260503-101634,-OriiEPLqrx7wqlV7DDD,2026-05-03 16:43:12+00:00,1777826592000,23149,26.27127,43.46102,10.01853,78104,True,65.87002,3
20260503-101634,-OriiHJslQWmXKzLeVtm,2026-05-03 16:43:24+00:00,1777826604000,23161,26.27888,43.41592,10.01846,79137,True,60.15334,3
20260503-101634,-OriiKH7FWGYZfC7ICRJ,2026-05-03 16:43:36+00:00,1777826616000,23173,26.28141,43.38002,10.01871,79740,True,56.95561,3
20260503-101634,-OriiNC2nO-qylVjkRw3,2026-05-03 16:43:48+00:00,1777826628000,23185,26.28395,43.36806,10.01854,80198,True,54.7098,3
20260503-101634,-OriiQfMea15HQIoeWro,2026-05-03 16:44:00+00:00,1777826640000,23197,26.28141,43.39968,10.01843,80429,True,53.67809,3
20260503-101634,-OriiT242jdqijacsAp5,2026-05-03 16:44:12+00:00,1777826652000,23209,26.28902,43.40946,10.01864,80352,True,53.39981,3
20260503-101634,-OriiVyZ65P1F8GOrtK_,2026-05-03 16:44:24+00:00,1777826664000,23221,26.28648,43.42543,10.01844,80507,True,52.90302,3
20260503-101634,-OriiYttfl0MSHcDkXW6,2026-05-03 16:44:36+00:00,1777826676000,23233,26.28141,43.43088,10.01854,80584,True,52.60727,3
20260503-101634,-OriizEPyoGOkue0Uvv-,2026-05-03 16:46:27+00:00,1777826787000,23344,26.20788,43.83062,10.01861,53368,True,204.22327,2
20260503-101634,-Orij0vfkKM59JVedENB,2026-05-03 16:46:39+00:00,1777826799000,23356,26.23323,43.60148,10.0184,65313,True,148.70422,2
20260503-101634,-Orij3vTfAiOVN9loUvF,2026-05-03 16:46:51+00:00,1777826811000,23368,26.23831,43.52992,10.01857,70539,True,111.04245,2
20260503-101634,-Orij6oN7lq8S9n5hnwF,2026-05-03 16:47:03+00:00,1777826823000,23380,26.25099,43.50146,10.01851,73382,True,90.51234,2
20260503-101634,-Orij9i-7rrv4N5S0hOn,2026-05-03 16:47:15+00:00,1777826835000,23392,26.25352,43.50342,10.01835,75363,True,78.35303,2
20260503-101634,-OrijCdkLVyelfOTGyNv,2026-05-03 16:47:27+00:00,1777826847000,23404,26.26366,43.47578,10.01867,76744,True,71.22206,3
20260503-101634,-OrijF_3scbuhIK-6-N2,2026-05-03 16:47:39+00:00,1777826859000,23416,26.26366,43.49242,10.0185,77598,True,66.49653,3
20260503-101634,-OrijMSFXHnihYWMIwg-,2026-05-03 16:47:51+00:00,1777826871000,23428,26.24338,43.69835,10.01847,72998,True,77.10165,3
20260503-101634,-OrijNTVf3LZEgx_WVI6,2026-05-03 16:48:11+00:00,1777826891000,23448,26.30709,43.47733,10.01831,74425,True,77.11351,3
20260503-101634,-OrijQPNXXGdSuaI_0tc,2026-05-03 16:48:23+00:00,1777826903000,23460,26.23831,43.74124,10.01832,67146,True,118.58186,3
20260503-101634,-OrijTKqcIkrQNK7x1Me,2026-05-03 16:48:35+00:00,1777826915000,23472,26.24845,43.55259,10.01831,73640,True,93.70299,3
20260503-101634,-OrijWRZdAWXFYrCs5fP,2026-05-03 16:48:48+00:00,1777826928000,23485,26.30563,43.378,10.01826,74492,True,88.41064,3
20260503-101634,-OrijZNO1UxbyZW1eCk3,2026-05-03 16:49:00+00:00,1777826940000,23497,26.24084,43.67379,10.01829,69833,True,106.24754,3
20260503-101634,-OrijbETLHFnnAed_gfj,2026-05-03 16:49:12+00:00,1777826952000,23509,26.16985,44.06579,10.01829,63051,True,110.27512,3
20260503-101634,-OrijeA0HMTZIfe5a7uK,2026-05-03 16:49:24+00:00,1777826964000,23521,26.25099,43.57223,10.01826,73062,True,95.72215,3
20260503-101634,-Orijh5K6NicM26pwTTB,2026-05-03 16:49:36+00:00,1777826976000,23533,26.26366,43.48959,10.01818,75704,True,78.38461,3
20260503-101634,-Orijk0rggbssvsKNNrc,2026-05-03 16:49:48+00:00,1777826988000,23545,26.26873,43.45365,10.01834,77454,True,68.62399,3
20260503-101634,-OrijmyKVWTd7NEI-XtY,2026-05-03 16:50:00+00:00,1777827000000,23557,26.2662,43.4341,10.01814,78177,True,63.52303,3
20260503-101634,-OrijqCvmkCYgtwEE4Ib,2026-05-03 16:50:12+00:00,1777827012000,23569,26.27888,43.42129,10.01837,78691,True,60.91486,3
20260503-101634,-OrijsoPx0Kz6sTsd6xi,2026-05-03 16:50:24+00:00,1777827024000,23581,26.27634,43.4181,10.01826,78988,True,58.3412,3
20260503-101634,-Orijvk0brpshBV-cObf,2026-05-03 16:50:36+00:00,1777827036000,23593,26.28141,43.38596,10.01833,79664,True,56.31661,3
20260503-101634,-OrijyfGqNQnFVGzdNCE,2026-05-03 16:50:48+00:00,1777827048000,23605,26.28141,43.42041,10.01833,79892,True,54.90297,3
20260503-101634,-Orik1inbSJNOyLuU2wG,2026-05-03 16:51:00+00:00,1777827060000,23617,26.27888,43.4338,10.01815,79892,True,54.81163,3
20260503-101634,-Orik3D_9BF8V_Uc4CCE,2026-05-03 16:51:10+00:00,1777827070000,23627,26.20281,43.9551,10.01831,70420,True,67.13995,3
20260503-101634,-Orik6AQf1Iq79Go9mji,2026-05-03 16:51:22+00:00,1777827082000,23639,26.2738,43.50044,10.01824,77526,True,69.55551,3
20260503-101634,-Orik9cc-CpgM6Oyp9zd,2026-05-03 16:51:34+00:00,1777827094000,23651,26.2738,43.45617,10.01819,78914,True,61.90432,3
20260503-101634,-OrikC0BX2PgQvo1LXm9,2026-05-03 16:51:46+00:00,1777827106000,23663,26.28141,43.44726,10.0182,79740,True,56.79753,3
20260503-101634,-OrikEx3hyphAaJS4O9t,2026-05-03 16:51:58+00:00,1777827118000,23675,26.28141,43.43058,10.01813,79892,True,54.60968,3
20260503-101634,-OrikI7qbbo9CdTvN2EY,2026-05-03 16:52:10+00:00,1777827130000,23687,26.28141,43.4221,10.01815,80429,True,53.50111,3
20260503-101634,-OrikKpuh8vamBSvXt8p,2026-05-03 16:52:22+00:00,1777827142000,23699,26.28395,43.41952,10.01814,80895,True,52.00026,3
20260503-101634,-OrikNj9WfmTPFb_PUfe,2026-05-03 16:52:34+00:00,1777827154000,23711,26.28395,43.40038,10.01825,80584,True,51.13842,3
20260503-101634,-OrikQvcOC2KelNefVFv,2026-05-03 16:52:46+00:00,1777827166000,23723,26.28395,43.40704,10.01826,80895,True,50.77506,3
20260503-101634,-OrikTbUpD-FzBL8vYM9,2026-05-03 16:52:58+00:00,1777827178000,23735,26.28395,43.42945,10.01819,80974,True,50.53407,3
20260503-101634,-OrikWb1kNMKyrA1dE8X,2026-05-03 16:53:10+00:00,1777827190000,23747,26.29663,43.37418,10.01838,80895,True,50.3428,3
20260503-101634,-OrikZS6XznaVavGiUuR,2026-05-03 16:53:22+00:00,1777827202000,23759,26.28648,43.40453,10.01825,81288,True,50.22633,3
20260503-101634,-OrikbTiSfN4cw7qcClo,2026-05-03 16:53:35+00:00,1777827215000,23772,26.26366,43.62552,10.0182,75772,True,63.85704,3
20260503-101634,-OrikePzF-yALNbA3690,2026-05-03 16:53:47+00:00,1777827227000,23784,26.28395,43.41373,10.0181,79589,True,60.25195,3
20260503-101634,-OrikhLBTki-oXqQjuej,2026-05-03 16:53:59+00:00,1777827239000,23796,26.28141,43.40814,10.01787,80198,True,54.95961,3
20260503-101634,-OriknqMLLtSx48H33U6,2026-05-03 16:54:11+00:00,1777827251000,23808,26.28141,43.41837,10.01785,80584,True,52.34961,3
20260503-101634,-OrikozJ7koOBoOMZ3PZ,2026-05-03 16:54:30+00:00,1777827270000,23827,26.33979,43.26311,10.01808,81052,True,51.63889,3
20260503-101634,-Orikrv_FZLDmjNQxC-2,2026-05-03 16:54:42+00:00,1777827282000,23839,26.24591,43.7013,10.01795,69717,True,101.38106,3
20260503-101634,-OrikvAb-UZ0Q2Kq1MaO,2026-05-03 16:54:54+00:00,1777827294000,23851,26.26366,43.48561,10.01792,75910,True,81.91406,3
20260503-101634,-OrikxlyCLov1TP0hzEC,2026-05-03 16:55:06+00:00,1777827306000,23863,26.26873,43.4455,10.01786,78031,True,67.74797,3
20260503-101634,-Oril-jlVC5_PqsJS6AF,2026-05-03 16:55:18+00:00,1777827318000,23875,26.2662,43.41313,10.01786,79287,True,59.88583,3
20260503-101634,-Oril2fkyShYZtHerXze,2026-05-03 16:55:30+00:00,1777827330000,23887,26.27127,43.41295,10.01776,79892,True,56.15499,3
20260503-101634,-Oril5CSip6-4oDVqwKV,2026-05-03 16:55:41+00:00,1777827341000,23897,26.19773,43.88567,10.01786,70718,True,67.21963,3
20260503-101634,-OrilDt3Tbrk5QoZ_JXJ,2026-05-03 16:55:54+00:00,1777827354000,23910,26.30334,43.53769,10.01796,73190,True,72.03938,3
20260503-101634,-OrilEdrgm5771FxEgaM,2026-05-03 16:56:19+00:00,1777827379000,23936,26.22231,44.0847,10.01768,60326,True,94.67425,3
20260503-101634,-OrilJN20kW9t3NN35nu,2026-05-03 16:56:31+00:00,1777827391000,23948,26.22816,43.71703,10.01788,62116,True,148.28784,3
20260503-101634,-OrilPBUblVPWhaz5SdC,2026-05-03 16:56:44+00:00,1777827404000,23961,26.28813,43.46312,10.01775,65313,True,139.21576,3
20260503-101634,-OrilY-l2gtiaP8gHl-M,2026-05-03 16:57:15+00:00,1777827435000,23992,26.19274,44.12103,10.01777,54907,True,150.30461,3
20260503-101634,-OrilZP1E6KY9qwzzjty,2026-05-03 16:57:44+00:00,1777827464000,24021,26.16198,44.42476,10.01774,41256,True,186.52597,3
20260503-101634,-OrilbKKpH_SbSu54pUq,2026-05-03 16:57:56+00:00,1777827476000,24033,26.19013,43.8213,10.01795,53097,True,214.75487,2
20260503-101634,-OrileFXOsZ4NbR988LK,2026-05-03 16:58:08+00:00,1777827488000,24045,26.22309,43.56501,10.01806,64958,True,151.7446,2
20260503-101634,-OrilhB5cbqKeEZeJpvz,2026-05-03 16:58:20+00:00,1777827500000,24057,26.23577,43.5251,10.01828,70718,True,110.8836,2
20260503-101634,-OrilkDCcJddCwzQxae8,2026-05-03 16:58:32+00:00,1777827512000,24069,26.24338,43.51627,10.01816,73511,True,89.57664,2
20260503-101634,-Oriln2cysP2F_0opA9v,2026-05-03 16:58:44+00:00,1777827524000,24081,26.24845,43.46856,10.0181,75431,True,77.83916,2
20260503-101634,-Orilpyo8o1KEtMbDz0f,2026-05-03 16:58:56+00:00,1777827536000,24093,26.25352,43.46301,10.01816,76956,True,70.50655,3
20260503-101634,-OrilsuAEKQ_fAiOfL12,2026-05-03 16:59:08+00:00,1777827548000,24105,26.25605,43.42839,10.01817,78031,True,65.31494,3
20260503-101634,-OrilvpZApLxT6WHF6gO,2026-05-03 16:59:20+00:00,1777827560000,24117,26.25859,43.41562,10.01801,78544,True,62.09188,3
20260503-101634,-Orilylz-P6LXVGyFGZf,2026-05-03 16:59:32+00:00,1777827572000,24129,26.25859,43.42853,10.0178,78544,True,60.47604,3
20260503-101634,-Orim16Dz97r4R_mWVVp,2026-05-03 16:59:44+00:00,1777827584000,24141,26.2662,43.40726,10.01807,79589,True,57.84414,3
20260503-101634,-Orim3mlLf8o0FlSo4IK,2026-05-03 16:59:56+00:00,1777827596000,24153,26.18252,43.97569,10.01807,69027,True,70.74274,3
20260503-101634,-Orim6Nt5d84gsDlZ5Kz,2026-05-03 17:00:08+00:00,1777827608000,24165,26.25352,43.52358,10.01818,76815,True,72.54442,3
20260503-101634,-Orim9bDciW62cxVcxJ7,2026-05-03 17:00:20+00:00,1777827620000,24177,26.26366,43.42466,10.01822,78470,True,64.53934,3
20260503-101634,-OrimCKdCU8dvMUDP8hl,2026-05-03 17:00:32+00:00,1777827632000,24189,26.27127,43.40374,10.01817,79664,True,58.85667,3
20260503-101634,-OrimFAN65iGLZwNEIq6,2026-05-03 17:00:44+00:00,1777827644000,24201,26.26873,43.41778,10.01818,79589,True,56.04529,3
20260503-101634,-OrimI6QOY-DyLRnP8MX,2026-05-03 17:00:56+00:00,1777827656000,24213,26.27127,43.40593,10.01804,80584,True,53.48472,3
20260503-101634,-OrimL1bsCWlSfOhZDYq,2026-05-03 17:01:08+00:00,1777827668000,24225,26.27127,43.37486,10.01801,80895,True,52.03162,3
20260503-101634,-OrimNykkJ5U7IcFUqPs,2026-05-03 17:01:20+00:00,1777827680000,24237,26.27634,43.40103,10.01816,80817,True,51.42205,3
20260503-101634,-OrimQx-wkAGYlCVn9yt,2026-05-03 17:01:32+00:00,1777827692000,24249,26.26873,43.40685,10.01804,80895,True,51.29321,3
20260503-101634,-OrimTtwEXqJ8YcA-654,2026-05-03 17:01:44+00:00,1777827704000,24261,26.24845,43.65136,10.01813,75635,True,64.41264,3
20260503-101634,-OrimX43NZdFVCmkQl9B,2026-05-03 17:01:57+00:00,1777827717000,24274,26.24338,43.72033,10.0181,72871,True,77.66977,3
20260503-101634,-Orim_-X_y9idrUrNV_g,2026-05-03 17:02:09+00:00,1777827729000,24286,26.26873,43.46307,10.01797,78397,True,67.75251,3
20260503-101634,-Orimbw2XXdr9_dWkfw7,2026-05-03 17:02:21+00:00,1777827741000,24298,26.27127,43.42141,10.01811,79513,True,59.39268,3
20260503-101634,-Orimer_7TGbhbOTnyKx,2026-05-03 17:02:33+00:00,1777827753000,24310,26.27127,43.38937,10.01808,80662,True,54.8247,3
20260503-101634,-OrimhnCCLShrioFmfGj,2026-05-03 17:02:45+00:00,1777827765000,24322,26.27634,43.40788,10.01809,80662,True,52.76127,3
20260503-101634,-OrimkiYgmJc9w9GLEkE,2026-05-03 17:02:57+00:00,1777827777000,24334,26.27634,43.41875,10.01803,80974,True,50.90197,3
20260503-101634,-OrimnekRnvXEtD2aAPb,2026-05-03 17:03:09+00:00,1777827789000,24346,26.2738,43.40676,10.01805,81131,True,50.37199,3
20260503-101634,-Orimqllv5lUJaUgRu0F,2026-05-03 17:03:21+00:00,1777827801000,24358,26.2738,43.41216,10.01792,81288,True,50.0,2
20260503-101634,-OrimtW9v_lD-teQ-vMY,2026-05-03 17:03:33+00:00,1777827813000,24370,26.28395,43.36716,10.01805,81288,True,50.0,2
20260503-101634,-OrimwRWfzpD3EOwiXgs,2026-05-03 17:03:45+00:00,1777827825000,24382,26.27888,43.39019,10.01802,81605,True,50.0,2
20260503-101634,-OrimzNOfuCWPRMwtRf0,2026-05-03 17:03:57+00:00,1777827837000,24394,26.28395,43.36233,10.01803,81525,True,49.96328,2
20260503-101634,-Orin1IdBD9Y917pOSr3,2026-05-03 17:04:09+00:00,1777827849000,24406,26.28141,43.38638,10.01801,81764,True,49.98226,2
20260503-101634,-Orin4EDa3URDTgOQHMU,2026-05-03 17:04:21+00:00,1777827861000,24418,26.28141,43.42092,10.01805,81764,True,50.19416,2
20260503-101634,-Orin79g6gkgS15zgrn0,2026-05-03 17:04:33+00:00,1777827873000,24430,26.28648,43.38536,10.01807,81605,True,50.31704,2
20260503-101634,-OrinA6Z4k_JmKknYLKR,2026-05-03 17:04:45+00:00,1777827885000,24442,26.28395,43.37358,10.01798,81605,True,50.72467,2
20260503-101634,-OrinD1C0a0ddOUZHWRj,2026-05-03 17:04:57+00:00,1777827897000,24454,26.28395,43.36407,10.0181,81367,True,50.93328,2
20260503-101634,-OrinFximzF2oxVaSHp7,2026-05-03 17:05:09+00:00,1777827909000,24466,26.28902,43.36747,10.01806,81288,True,50.76874,3
20260503-101634,-OrinIsX--zCc9p4jmmt,2026-05-03 17:05:21+00:00,1777827921000,24478,26.28648,43.36958,10.01802,81209,True,50.64662,3
20260503-101634,-OrinLp4jN_xQ1WvKiPD,2026-05-03 17:05:33+00:00,1777827933000,24490,26.28141,43.36887,10.01792,81525,True,50.4539,2
20260503-101634,-OrinOk5dGN_sIRG5Fp7,2026-05-03 17:05:45+00:00,1777827945000,24502,26.28395,43.39472,10.01798,81605,True,50.55067,2
20260503-101634,-OrinRf9XzeFCKb4VHcF,2026-05-03 17:05:57+00:00,1777827957000,24514,26.27888,43.39568,10.01792,81764,True,50.21118,2
20260503-101634,-OrinUg4_A7aM5FwQJrQ,2026-05-03 17:06:09+00:00,1777827969000,24526,26.28141,43.39,10.01803,81525,True,50.48018,2
20260503-101634,-OrinXbMbDiEBKJLeyae,2026-05-03 17:06:21+00:00,1777827981000,24538,26.28395,43.38377,10.01784,81764,True,50.72942,2
20260503-101634,-OrinnpRJjfGX0qscwAJ,2026-05-03 17:06:33+00:00,1777827993000,24550,26.28648,43.36215,10.01792,81764,True,50.788,3
20260503-101634,-Orinr92HDD5CuRQAcc1,2026-05-03 17:07:45+00:00,1777828065000,24622,26.35213,43.19686,10.0181,82246,True,50.0,2
20260503-101634,-OrintvgKYTsQoiHoST9,2026-05-03 17:07:57+00:00,1777828077000,24634,26.20027,43.90373,10.01764,53030,True,185.49162,2
20260503-101634,-Orinwr7of6_5MSUUB2v,2026-05-03 17:08:09+00:00,1777828089000,24646,26.2307,43.59264,10.0178,65723,True,144.60278,2
20260503-101634,-OrinzmjuImOTxcyqGXz,2026-05-03 17:08:21+00:00,1777828101000,24658,26.23323,43.51284,10.0175,71381,True,108.595,2
20260503-101634,-Orio1i8hRd1B-MvfY7z,2026-05-03 17:08:33+00:00,1777828113000,24670,26.24084,43.49639,10.01766,74691,True,87.54551,2
20260503-101634,-Orio4ppstGqXQDl1pid,2026-05-03 17:08:45+00:00,1777828125000,24682,26.24591,43.47745,10.01764,76604,True,76.03204,3
20260503-101634,-Orio7_ASeCZaHNR8JNg,2026-05-03 17:08:57+00:00,1777828137000,24694,26.25605,43.46017,10.01762,77382,True,69.8043,3
20260503-101634,-OrioAVcv6mGBvgJrjHz,2026-05-03 17:09:09+00:00,1777828149000,24706,26.26366,43.44594,10.01778,78177,True,65.80707,3
20260503-101634,-OrioEtFtTVPu2_od6mD,2026-05-03 17:09:22+00:00,1777828162000,24719,26.31602,43.28567,10.01774,78470,True,64.8354,3
20260503-101634,-OrioGOZaCjcft6iVD5s,2026-05-03 17:09:33+00:00,1777828173000,24730,26.14956,44.26897,10.01765,59133,True,106.98654,3
20260503-101634,-OrioJiG2YK9Kie88zYy,2026-05-03 17:09:45+00:00,1777828185000,24742,26.24845,43.58249,10.01775,72118,True,101.93964,3
20260503-101634,-OrioMF24JZEMo23akdc,2026-05-03 17:09:57+00:00,1777828197000,24754,26.25605,43.45561,10.01761,76255,True,81.81601,3
20260503-101634,-OrioPApkSMiz08L6g27,2026-05-03 17:10:09+00:00,1777828209000,24766,26.26113,43.43663,10.01746,77886,True,70.41691,3
20260503-101634,-OrioS60db0yttnZNcOu,2026-05-03 17:10:21+00:00,1777828221000,24778,26.26113,43.42502,10.01753,78544,True,64.37817,3
20260503-101634,-OrioVIf_7wQdXhskal3,2026-05-03 17:10:33+00:00,1777828233000,24790,26.26366,43.42396,10.01753,79362,True,60.5582,3
20260503-101634,-OrioXxy5XqGvp0AKXsp,2026-05-03 17:10:45+00:00,1777828245000,24802,26.25605,43.44265,10.01732,79589,True,58.85334,3
20260503-101634,-Orio_vH4cbxRYRkmfOI,2026-05-03 17:10:57+00:00,1777828257000,24814,26.2662,43.41315,10.01763,80275,True,56.41462,3
20260503-101634,-OriocqEWKVhJW_cJsQQ,2026-05-03 17:11:09+00:00,1777828269000,24826,26.26873,43.40135,10.0176,80584,True,55.54538,3
20260503-101634,-Oriofk_9hltf_UBV-Ig,2026-05-03 17:11:21+00:00,1777828281000,24838,26.2738,43.37241,10.01768,80429,True,54.71458,3
20260503-101634,-OrioigjJf6sIhwhf53z,2026-05-03 17:11:33+00:00,1777828293000,24850,26.2738,43.39896,10.01748,80507,True,54.38255,3
20260503-101634,-OriolbPG2nwUXPtO1xh,2026-05-03 17:11:45+00:00,1777828305000,24862,26.27634,43.40453,10.01751,81209,True,53.50185,3
20260503-101634,-OriooZMwA8dQvKqgAJl,2026-05-03 17:11:57+00:00,1777828317000,24874,26.2738,43.40124,10.0175,80895,True,53.6743,3
20260503-101634,-OriorTRSA-uWRaqSatf,2026-05-03 17:12:09+00:00,1777828329000,24886,26.28141,43.38723,10.0175,80895,True,53.13793,3
20260503-101634,-OriouOtdq4kOgETjOjX,2026-05-03 17:12:21+00:00,1777828341000,24898,26.2738,43.39825,10.01743,81446,True,52.20157,3
20260503-101634,-OrioxL7gVr8byVcz5jN,2026-05-03 17:12:33+00:00,1777828353000,24910,26.2738,43.40593,10.0172,81209,True,52.46708,3
20260503-101634,-Orip-FqUhCYRw5q392-,2026-05-03 17:12:45+00:00,1777828365000,24922,26.27634,43.379,10.0173,81446,True,51.67973,3
20260503-101634,-Orip2OuLHYS_sskEIVj,2026-05-03 17:12:57+00:00,1777828377000,24934,26.2738,43.39428,10.01722,81288,True,51.52604,3
20260503-101634,-Orip572a_Atn3DYIZRX,2026-05-03 17:13:09+00:00,1777828389000,24946,26.28141,43.37532,10.01734,81924,True,50.31105,3
20260503-101634,-Orip830YxzbMBrpehK7,2026-05-03 17:13:21+00:00,1777828401000,24958,26.27888,43.38291,10.0172,81367,True,51.40705,3
20260503-101634,-OripAz4FMecg5chyLG2,2026-05-03 17:13:33+00:00,1777828413000,24970,26.28141,43.36875,10.0172,81367,True,51.12615,3
20260503-101634,-OripDeVj4tfQCC1vF7G,2026-05-03 17:13:44+00:00,1777828424000,24981,26.19773,43.91852,10.01713,71138,True,64.31375,3
20260503-101634,-OripG_NbOAdYxCGkHn5,2026-05-03 17:13:56+00:00,1777828436000,24993,26.26366,43.46241,10.01711,78323,True,67.65754,3
20260503-101634,-OripJVf7ZgAjhkFa2BW,2026-05-03 17:14:08+00:00,1777828448000,25005,26.27634,43.3826,10.0171,80198,True,59.58278,3
20260503-101634,-OripMRBpc8UW-GUnt83,2026-05-03 17:14:20+00:00,1777828460000,25017,26.27634,43.36057,10.01712,80507,True,55.86443,3
20260503-101634,-OripPMnkzorZNrX4Mu-,2026-05-03 17:14:32+00:00,1777828472000,25029,26.28141,43.35245,10.01712,81052,True,53.21285,3
20260503-101634,-OripSJ_SiE_xZ5UcbNg,2026-05-03 17:14:44+00:00,1777828484000,25041,26.27634,43.38738,10.0171,81131,True,52.21069,3
20260503-101634,-OripVEJnH0LmZ2EBUvG,2026-05-03 17:14:56+00:00,1777828496000,25053,26.28395,43.34998,10.0171,81288,True,51.86149,3
20260503-101634,-OripY9C7E2x45RauV4M,2026-05-03 17:15:08+00:00,1777828508000,25065,26.2738,43.38919,10.01692,81288,True,51.21542,3
20260503-101634,-Oripa4oJwhr0XgNxVOF,2026-05-03 17:15:20+00:00,1777828520000,25077,26.28141,43.36948,10.01713,81209,True,51.1593,3
20260503-101634,-Oripd0G0Tun9uqb0I0x,2026-05-03 17:15:32+00:00,1777828532000,25089,26.28141,43.35002,10.01715,81924,True,50.11504,3
20260503-101634,-OripfncVWRbOfHimkUg,2026-05-03 17:15:43+00:00,1777828543000,25100,26.1952,43.90054,10.01702,70302,True,65.12022,3
20260503-101634,-OripijJyXS3eStDPYnE,2026-05-03 17:15:55+00:00,1777828555000,25112,26.26366,43.45163,10.01701,78031,True,69.27328,3
20260503-101634,-OripluHyQLqOhF6dHAR,2026-05-03 17:16:07+00:00,1777828567000,25124,26.2662,43.38889,10.01705,79740,True,61.29644,3
20260503-101634,-OripoaAxng3jfn9ERwo,2026-05-03 17:16:19+00:00,1777828579000,25136,26.2738,43.38692,10.01701,80507,True,55.84911,3
20260503-101634,-OriprW_Up501zbu9pOY,2026-05-03 17:16:31+00:00,1777828591000,25148,26.27888,43.38459,10.01692,80895,True,53.41059,3
20260503-101634,-OripuSW9rjU1fIl0LSs,2026-05-03 17:16:43+00:00,1777828603000,25160,26.2738,43.37012,10.01703,80974,True,52.77805,3
20260503-101634,-OripxNt5K2MOpP2EAmT,2026-05-03 17:16:55+00:00,1777828615000,25172,26.26873,43.38626,10.01704,81288,True,52.29058,3
20260503-101634,-Oriq-JOhVcqRSzgCZV8,2026-05-03 17:17:07+00:00,1777828627000,25184,26.27127,43.36382,10.0169,81131,True,52.18484,3
20260503-101634,-Oriq2G1thiv3Be1JRNQ,2026-05-03 17:17:19+00:00,1777828639000,25196,26.27127,43.3822,10.01687,81605,True,50.82757,3
20260503-101634,-Oriq5ACulKrnlT-cRDB,2026-05-03 17:17:31+00:00,1777828651000,25208,26.26873,43.39339,10.01686,81367,True,50.80212,3
20260503-101634,-Oriq85eCvOiiii-QIxJ,2026-05-03 17:17:43+00:00,1777828663000,25220,26.26873,43.40345,10.017,81446,True,51.17307,3
20260503-101634,-OriqB1rZSD0Lln3v9oR,2026-05-03 17:17:55+00:00,1777828675000,25232,26.27634,43.39748,10.01698,81605,True,50.7225,3
20260503-101634,-OriqDxX3Z2K6lbTzEas,2026-05-03 17:18:07+00:00,1777828687000,25244,26.27634,43.37855,10.01707,82085,True,49.98496,2
20260503-101634,-OriqGszyLtLGNsPVa34,2026-05-03 17:18:19+00:00,1777828699000,25256,26.28141,43.38449,10.01703,81367,True,51.23551,2
20260503-101634,-OriqJoc72T9MuRNdV8j,2026-05-03 17:18:31+00:00,1777828711000,25268,26.28141,43.3852,10.0172,81764,True,50.88203,2
20260503-101634,-OriqMkEAKOWDmbVB7um,2026-05-03 17:18:43+00:00,1777828723000,25280,26.27888,43.37707,10.01688,81764,True,50.54977,2
20260503-101634,-OriqPfURL0hbFfiEQ1J,2026-05-03 17:18:55+00:00,1777828735000,25292,26.28648,43.3581,10.01716,81924,True,50.38626,2
20260503-101634,-OriqSb008ZH0kHLvZLE,2026-05-03 17:19:07+00:00,1777828747000,25304,26.28648,43.34107,10.01711,81844,True,50.72718,2
20260503-101634,-OriqikRyNM8bxI0YkmQ,2026-05-03 17:19:19+00:00,1777828759000,25316,26.28141,43.37664,10.01701,81605,True,51.07413,3
20260503-101634,-Oriqm4iARNapDZVcghq,2026-05-03 17:20:30+00:00,1777828830000,25387,26.34705,43.19883,10.01686,81446,True,51.20704,3
20260503-101634,-OriqorRhxu6fE0qExWt,2026-05-03 17:20:42+00:00,1777828842000,25399,26.21041,43.85921,10.01703,53300,True,185.39252,3
20260503-101634,-Oriqrnczmpi12XDmlXw,2026-05-03 17:20:54+00:00,1777828854000,25411,26.22563,43.54494,10.01694,65723,True,145.1198,3
20260503-101634,-Oriquisz5xm4ddmWCrT,2026-05-03 17:21:06+00:00,1777828866000,25423,26.23831,43.4482,10.01706,72180,True,107.9073,3
20260503-101634,-Oriqxi6OrJgmbMRlCmW,2026-05-03 17:21:18+00:00,1777828878000,25435,26.24084,43.43906,10.01689,74425,True,87.94554,3
20260503-101634,-Orir-_Owp56WyBZYpia,2026-05-03 17:21:30+00:00,1777828890000,25447,26.24338,43.43285,10.01682,76464,True,76.51346,3
20260503-101634,-Orir2X38Dlvf7ThkcXp,2026-05-03 17:21:42+00:00,1777828902000,25459,26.24591,43.42722,10.01669,77814,True,69.49912,3
20260503-101634,-Orir5UbbMJF4ltPe-pj,2026-05-03 17:21:54+00:00,1777828914000,25471,26.26113,43.39238,10.01686,78250,True,65.92377,3
20260503-101634,-Orir8MglLuQWOrTzk6y,2026-05-03 17:22:06+00:00,1777828926000,25483,26.25352,43.4234,10.01695,78988,True,63.46646,3
20260503-101634,-OrirBIBDkSYfKGK__9k,2026-05-03 17:22:18+00:00,1777828938000,25495,26.25859,43.41248,10.01703,79513,True,60.88251,3
20260503-101634,-OrirbpK4DRV9GRzoKI1,2026-05-03 17:24:09+00:00,1777829049000,25606,26.19013,43.8559,10.01702,53436,True,203.46368,2
20260503-101634,-OrireBVKeODRzCf_Or2,2026-05-03 17:24:21+00:00,1777829061000,25618,26.21041,43.59225,10.01694,64958,True,150.37727,2
20260503-101634,-Orirh7ghVxIbD6xQDei,2026-05-03 17:24:33+00:00,1777829073000,25630,26.22816,43.52114,10.01705,70302,True,113.16101,2
20260503-101634,-Orirk2Xf1wGN02XsbTn,2026-05-03 17:24:45+00:00,1777829085000,25642,26.23577,43.51274,10.01723,73640,True,92.32744,2
20260503-101634,-Orirmz1yaBkG8fvPp6z,2026-05-03 17:24:57+00:00,1777829097000,25654,26.24084,43.49773,10.01717,75567,True,80.36945,2
20260503-101634,-OrirpuLPfQfiSrsFEG6,2026-05-03 17:25:09+00:00,1777829109000,25666,26.24845,43.47618,10.01717,76674,True,73.10368,3
20260503-101634,-OrirspltPp1dYigvvjb,2026-05-03 17:25:21+00:00,1777829121000,25678,26.25352,43.46276,10.01716,77382,True,68.78975,3
20260503-101634,-Orirxpi4rpkQRmfX8zO,2026-05-03 17:25:33+00:00,1777829133000,25690,26.25859,43.43825,10.01705,77959,True,65.37697,3
20260503-101634,-OriryazKIK8G0k3e3zO,2026-05-03 17:25:44+00:00,1777829144000,25701,26.307,43.31499,10.01725,78544,True,64.5215,3
20260503-101634,-Oris0ZOJLRlozHE2TnC,2026-05-03 17:25:56+00:00,1777829156000,25713,26.23577,43.63431,10.01714,72305,True,91.79102,3
20260503-101634,-Oris3o_NfkOHPMB7Yb4,2026-05-03 17:26:08+00:00,1777829168000,25725,26.25099,43.50013,10.01712,76604,True,77.45078,3
20260503-101634,-Oris6P0SV_WMUs0E-V6,2026-05-03 17:26:20+00:00,1777829180000,25737,26.25605,43.45418,10.01715,77742,True,68.72363,3
20260503-101634,-Oris9Ky8IEPBPVl5Q4X,2026-05-03 17:26:32+00:00,1777829192000,25749,26.25859,43.43912,10.01717,79063,True,62.96059,3
20260503-101634,-OrisCF00jhnS1Cxr7u5,2026-05-03 17:26:44+00:00,1777829204000,25761,26.26113,43.4338,10.01707,79740,True,59.70451,3
20260503-101634,-OrisFAfJV0e9y6Q4wPR,2026-05-03 17:26:56+00:00,1777829216000,25773,26.26366,43.42928,10.01708,79740,True,58.52844,3
20260503-101634,-OrisI68UU1GecBeK99d,2026-05-03 17:27:08+00:00,1777829228000,25785,26.26113,43.44447,10.01698,80045,True,57.20913,3
20260503-101634,-OrisL1Ul0XeaauUbnv0,2026-05-03 17:27:20+00:00,1777829240000,25797,26.27127,43.40369,10.01711,80275,True,56.25606,3
20260503-101634,-OrisNy15M_BKAgr16ny,2026-05-03 17:27:32+00:00,1777829252000,25809,26.2662,43.42162,10.0171,80429,True,55.72984,3
20260503-101634,-OrisQtUsQfuA220Jz1J,2026-05-03 17:27:44+00:00,1777829264000,25821,26.26873,43.42147,10.01712,80740,True,55.15559,3
20260503-101634,-OrisTonwWCsz2ysRu9O,2026-05-03 17:27:56+00:00,1777829276000,25833,26.27888,43.39215,10.01741,80662,True,54.235,3
20260503-101634,-OrisWlZd2k4_1rborDT,2026-05-03 17:28:08+00:00,1777829288000,25845,26.27127,43.41032,10.0172,80817,True,53.48379,3
20260503-101634,-OrisZfkVXc3BxMK6CPW,2026-05-03 17:28:20+00:00,1777829300000,25857,26.27888,43.39307,10.01713,80584,True,53.78014,3
20260503-101634,-OrisbbJ1WQFk9K0DBH7,2026-05-03 17:28:32+00:00,1777829312000,25869,26.27634,43.40271,10.01716,80974,True,52.97235,3
20260503-101634,-OriselNUg4LZEMu32Yl,2026-05-03 17:28:44+00:00,1777829324000,25881,26.27634,43.40313,10.01693,81605,True,52.14474,3
20260503-101634,-OrishV1pgq-uykRDM1z,2026-05-03 17:28:56+00:00,1777829336000,25893,26.27634,43.40785,10.01702,81525,True,52.1307,3
20260503-101634,-OriskPKJCH8UI2HrGx6,2026-05-03 17:29:08+00:00,1777829348000,25905,26.27127,43.42983,10.01676,81288,True,51.89725,3
20260503-101634,-OrisnKYg4aMtn1Dhucd,2026-05-03 17:29:20+00:00,1777829360000,25917,26.2738,43.4092,10.01682,81052,True,52.0438,3
20260503-101634,-OrisqHsbR2S-RGjvrv_,2026-05-03 17:29:32+00:00,1777829372000,25929,26.2738,43.40273,10.01664,81367,True,51.67517,3
20260503-101634,-OristCAuRzJjxv8ZSmh,2026-05-03 17:29:44+00:00,1777829384000,25941,26.26873,43.43258,10.01667,81446,True,51.14751,3
20260503-101634,-Orisw7szvOJGTjKi6xb,2026-05-03 17:29:56+00:00,1777829396000,25953,26.2738,43.40764,10.01689,81367,True,51.31467,3
20260503-101634,-Orisz2gL-KUt8nDsUah,2026-05-03 17:30:08+00:00,1777829408000,25965,26.27634,43.38243,10.01693,81685,True,50.79767,3
20260503-101634,-Orit0zDDXupJVR2upkO,2026-05-03 17:30:20+00:00,1777829420000,25977,26.27634,43.38633,10.01695,81605,True,50.77677,3
20260503-101634,-Orit3vkBa6WeIMz15Jn,2026-05-03 17:30:32+00:00,1777829432000,25989,26.27634,43.37878,10.01659,81764,True,50.78213,3
20260503-101634,-Orit6qBdhGW1VAz8pXT,2026-05-03 17:30:44+00:00,1777829444000,26001,26.27634,43.38634,10.01649,81605,True,50.98332,3
20260503-101634,-Orit9lVzBLXRXt4d__A,2026-05-03 17:30:56+00:00,1777829456000,26013,26.27888,43.3573,10.0163,81685,True,50.72454,3
20260503-101634,-OritCgy6h7DYSEp5N7s,2026-05-03 17:31:08+00:00,1777829468000,26025,26.27888,43.37252,10.01641,81446,True,51.15354,3
20260503-101634,-OritFcRMYgjSW1TLCGl,2026-05-03 17:31:20+00:00,1777829480000,26037,26.27634,43.38205,10.01635,81844,True,50.96972,3
20260503-101634,-OritIYwO9Rz1e8gqC_G,2026-05-03 17:31:32+00:00,1777829492000,26049,26.27634,43.37876,10.01624,81685,True,50.90115,3
20260503-101634,-OritLV9wxIFtXFmeVnc,2026-05-03 17:31:44+00:00,1777829504000,26061,26.28141,43.38286,10.01624,81367,True,51.3875,3
20260503-101634,-OritOhac-rjdrZsFjhr,2026-05-03 17:31:56+00:00,1777829516000,26073,26.28141,43.38725,10.01618,81685,True,51.15279,3
20260503-101634,-OritRLROr4osQm95Azy,2026-05-03 17:32:08+00:00,1777829528000,26085,26.27888,43.36963,10.01618,81605,True,50.51581,3
20260503-101634,-OritUHMaplb37nI4_pF,2026-05-03 17:32:20+00:00,1777829540000,26097,26.28395,43.37751,10.01617,81288,True,50.81924,3
20260503-101634,-OritXC_SxA2vKUpEjjv,2026-05-03 17:32:32+00:00,1777829552000,26109,26.27888,43.39025,10.01597,81525,True,51.40651,3
20260503-101634,-Orit_7xC-LDNBrM0ZLE,2026-05-03 17:32:44+00:00,1777829564000,26121,26.28395,43.36675,10.01612,81288,True,51.32919,3
20260503-101634,-Oritc3RpKkyS3fSWxZh,2026-05-03 17:32:56+00:00,1777829576000,26133,26.28395,43.36355,10.01591,81844,True,50.34945,3
20260503-101634,-Oritf-jx3Dv5AM0eZza,2026-05-03 17:33:08+00:00,1777829588000,26145,26.28648,43.36786,10.01585,81844,True,50.41102,2
20260503-101634,-OrithvJQmonvSEt_f4O,2026-05-03 17:33:20+00:00,1777829600000,26157,26.27888,43.36947,10.01585,82085,True,50.08341,2
20260503-101634,-OritkqzRmVquVRKQGta,2026-05-03 17:33:32+00:00,1777829612000,26169,26.28141,43.36885,10.01582,81764,True,50.74621,2
20260503-101634,-Oritnm_pb_5S_Vq6Q_w,2026-05-03 17:33:44+00:00,1777829624000,26181,26.28395,43.37091,10.01594,81924,True,50.49392,2
20260503-101634,-Oritqi39LEVVhs5gCbR,2026-05-03 17:33:56+00:00,1777829636000,26193,26.27888,43.37915,10.01595,81844,True,50.00701,2
20260503-101634,-OrittdG8TEiUaQW7CSe,2026-05-03 17:34:08+00:00,1777829648000,26205,26.27888,43.38673,10.01583,81764,True,50.33101,3
20260503-101634,-OritwZzE-bAvXU1x68_,2026-05-03 17:34:20+00:00,1777829660000,26217,26.27888,43.36758,10.01574,81764,True,50.37174,3
20260503-101634,-OritzWCa8iubr54yV4C,2026-05-03 17:34:32+00:00,1777829672000,26229,26.2738,43.3875,10.01601,81764,True,50.55383,3
20260503-101634,-Oriu1QzJd6Rt8fEE2fp,2026-05-03 17:34:44+00:00,1777829684000,26241,26.27634,43.38583,10.01593,81605,True,50.5297,3
20260503-101634,-Oriu4MPaQNX0YmRYcha,2026-05-03 17:34:56+00:00,1777829696000,26253,26.27888,43.3798,10.01602,81525,True,50.94693,3
20260503-101634,-OriuWFAEymCqqv_CZ_k,2026-05-03 17:36:50+00:00,1777829810000,26367,26.19267,43.8693,10.01594,53368,True,203.22847,2
20260503-101634,-OriuZ1aHzlfAQUlIZu5,2026-05-03 17:37:02+00:00,1777829822000,26379,26.21548,43.61789,10.01609,65517,True,149.43936,2
20260503-101634,-Oriuay67VchyMIEPfI-,2026-05-03 17:37:14+00:00,1777829834000,26391,26.22309,43.56202,10.01595,70897,True,111.94672,2
20260503-101634,-OriuduUc4IJjVWeUue5,2026-05-03 17:37:26+00:00,1777829846000,26403,26.22563,43.55516,10.01582,73965,True,91.16282,2
20260503-101634,-OriugqbidJmfFrX15di,2026-05-03 17:37:38+00:00,1777829858000,26415,26.23323,43.51946,10.01569,75567,True,80.0584,2
20260503-101634,-OriujlwnaDzhoskXaHo,2026-05-03 17:37:50+00:00,1777829870000,26427,26.24338,43.50877,10.01551,76534,True,73.22797,3
20260503-101634,-Oriumg6aKZoZmG6sJ_d,2026-05-03 17:38:02+00:00,1777829882000,26439,26.24845,43.48571,10.01573,78177,True,67.49713,3
20260503-101634,-OriuqERTWPWCwhFOVjv,2026-05-03 17:38:14+00:00,1777829894000,26451,26.25099,43.47313,10.01549,78544,True,64.83009,3
20260503-101634,-OriusYAw017Rb02nH5c,2026-05-03 17:38:26+00:00,1777829906000,26463,26.26113,43.4541,10.01556,78691,True,62.38417,3
20260503-101634,-OriuvTbHsaC7FhHWJhB,2026-05-03 17:38:38+00:00,1777829918000,26475,26.26113,43.42963,10.0156,79362,True,60.05302,3
20260503-101634,-OriuyPJjT2FjX6nDGkA,2026-05-03 17:38:50+00:00,1777829930000,26487,26.25605,43.46034,10.01522,79816,True,58.80927,3
20260503-101634,-Oriv0KfPnviEg41x7BM,2026-05-03 17:39:02+00:00,1777829942000,26499,26.26113,43.46125,10.01514,79892,True,57.88121,3
20260503-101634,-Oriv3G8y-kFBUmIshQj,2026-05-03 17:39:14+00:00,1777829954000,26511,26.27127,43.45214,10.01515,80122,True,56.66831,3
20260503-101634,-Oriv6Cmu5wo0YZkDH2G,2026-05-03 17:39:26+00:00,1777829966000,26523,26.2662,43.45892,10.01512,80045,True,56.59607,3
20260503-101634,-Oriv9C3WZQIO5ZxRbri,2026-05-03 17:39:38+00:00,1777829978000,26535,26.27127,43.42799,10.01527,80352,True,56.10502,3
20260503-101634,-OrivC44h5IJyySdTswk,2026-05-03 17:39:50+00:00,1777829990000,26547,26.2738,43.43446,10.01525,80429,True,56.09642,3
20260503-101634,-OrivEzNnPKO9t15qCDn,2026-05-03 17:40:02+00:00,1777830002000,26559,26.2662,43.43362,10.01512,80507,True,55.75682,3
20260503-101634,-OrivHuZV-8thhzfT0i1,2026-05-03 17:40:14+00:00,1777830014000,26571,26.2738,43.41024,10.01529,80352,True,55.07067,3
20260503-101634,-OrivKq2iXsgmeXLrzVy,2026-05-03 17:40:26+00:00,1777830026000,26583,26.27127,43.401,10.01499,80275,True,54.91859,3
20260503-101634,-OrivNlr_Wcz7zaWMJRh,2026-05-03 17:40:38+00:00,1777830038000,26595,26.2662,43.43324,10.01492,80817,True,53.75137,3
20260503-101634,-OrivQh6bnQxlxgypYy-,2026-05-03 17:40:50+00:00,1777830050000,26607,26.2738,43.4217,10.01503,80974,True,53.26057,3
20260503-101634,-OrivTco1NaOC_n8UItq,2026-05-03 17:41:02+00:00,1777830062000,26619,26.27127,43.42347,10.0149,80817,True,53.03566,3
20260503-101634,-OrivWZ-Zjbt6LzY6p-X,2026-05-03 17:41:14+00:00,1777830074000,26631,26.27127,43.43422,10.01488,81209,True,52.61613,3
20260503-101634,-OrivZjbLKUcJg_amf3g,2026-05-03 17:41:26+00:00,1777830086000,26643,26.27127,43.42395,10.01478,80974,True,52.57898,3
20260503-101634,-OrivbQMbfR8rN4OnyCc,2026-05-03 17:41:38+00:00,1777830098000,26655,26.27127,43.42272,10.01474,80817,True,53.29957,3
20260503-101634,-OriveMXQE1ohvH9za4i,2026-05-03 17:41:50+00:00,1777830110000,26667,26.2738,43.41285,10.01462,80817,True,53.17869,3
20260503-101634,-OrivhH_JCWb_h6CR-O6,2026-05-03 17:42:02+00:00,1777830122000,26679,26.28141,43.39817,10.01473,81131,True,53.12337,3
20260503-101634,-OrivkDu17aeeYKgu8fD,2026-05-03 17:42:14+00:00,1777830134000,26691,26.28141,43.41506,10.01471,81288,True,52.32014,3
20260503-101634,-OrivnC0oqrSnDryp7zB,2026-05-03 17:42:26+00:00,1777830146000,26703,26.27888,43.41018,10.01472,81288,True,51.91279,3
20260503-101634,-Orivq3_RNoc5_sbFDCx,2026-05-03 17:42:38+00:00,1777830158000,26715,26.2738,43.42299,10.0145,81446,True,52.1257,3
20260503-101634,-Orivt2OgAiVyTNkpXGx,2026-05-03 17:42:50+00:00,1777830170000,26727,26.2738,43.40994,10.01475,81367,True,51.79716,3
20260503-101634,-Orivvvi9GIsKLSOv7kX,2026-05-03 17:43:02+00:00,1777830182000,26739,26.27888,43.39931,10.01481,81131,True,51.97046,3
20260503-101634,-OrivyrA0SspPkwWDF0W,2026-05-03 17:43:14+00:00,1777830194000,26751,26.27634,43.42173,10.01465,81367,True,51.52702,3
20260503-101634,-Oriw0wihubtwCch3h4z,2026-05-03 17:43:26+00:00,1777830206000,26763,26.27888,43.40077,10.0146,81288,True,51.25163,3
20260503-101634,-Oriw3i1lFR5UO7b2K3V,2026-05-03 17:43:38+00:00,1777830218000,26775,26.27888,43.39932,10.01469,81288,True,51.98358,3
20260503-101634,-Oriw6dquCPWr4yvBvys,2026-05-03 17:43:50+00:00,1777830230000,26787,26.2738,43.40626,10.01457,81288,True,52.04847,3
20260503-101634,-Oriw9_-8wKa58IYvoT5,2026-05-03 17:44:02+00:00,1777830242000,26799,26.28395,43.40835,10.01463,81367,True,51.36982,3
20260503-101634,-OriwCYM8ZLrbj1qqA72,2026-05-03 17:44:14+00:00,1777830254000,26811,26.27634,43.42457,10.01463,81764,True,50.7911,3
20260503-101634,-OriwFSTLu2DiPObgcku,2026-05-03 17:44:26+00:00,1777830266000,26823,26.27634,43.42746,10.01444,81764,True,50.75537,3
20260503-101634,-OriwIxj0NTD6NisXM5Y,2026-05-03 17:44:38+00:00,1777830278000,26835,26.2738,43.41389,10.01443,81288,True,51.70948,3
20260503-101634,-OriwLIKiSJosWJYVfQA,2026-05-03 17:44:50+00:00,1777830290000,26847,26.28648,43.37597,10.01453,81605,True,51.65244,3
20260503-101634,-OriwODvibr_hnXQJN4f,2026-05-03 17:45:02+00:00,1777830302000,26859,26.28141,43.39446,10.01448,81446,True,51.27272,3
20260503-101634,-OriwRBbUa4YgT0OVKdp,2026-05-03 17:45:14+00:00,1777830314000,26871,26.28141,43.40287,10.01452,81685,True,51.00468,3
20260503-101634,-OriwU4f118-zQkEu3JT,2026-05-03 17:45:26+00:00,1777830326000,26883,26.28648,43.39591,10.01472,81131,True,51.42461,3
20260503-101634,-OriwX-zzVhNy3kQJxqu,2026-05-03 17:45:38+00:00,1777830338000,26895,26.28141,43.40544,10.01452,81288,True,51.44134,3
20260503-101634,-OriwZwaNepGvlTm4shX,2026-05-03 17:45:50+00:00,1777830350000,26907,26.27888,43.40769,10.01457,81131,True,51.64727,3
20260503-101634,-OriwbsIa8ppvgpSHvT7,2026-05-03 17:46:02+00:00,1777830362000,26919,26.28395,43.4068,10.01472,81525,True,51.38441,3
20260503-101634,-Oriwena7eDmjSsGNt3g,2026-05-03 17:46:14+00:00,1777830374000,26931,26.27634,43.41987,10.01456,82004,True,50.23112,3
20260503-101634,-OriwhjHZVv61uuucV6j,2026-05-03 17:46:26+00:00,1777830386000,26943,26.27888,43.39186,10.0145,81288,True,51.37741,3
20260503-101634,-Oriwkgz1VigEqZdztRR,2026-05-03 17:46:38+00:00,1777830398000,26955,26.27888,43.37347,10.01464,81525,True,51.32693,3
20260503-101634,-OriwnbGaAstBNX8yDPO,2026-05-03 17:46:50+00:00,1777830410000,26967,26.2738,43.39555,10.01434,81764,True,50.74222,3
20260503-101634,-OriwqWXNoCZ4AX7QUAe,2026-05-03 17:47:02+00:00,1777830422000,26979,26.2738,43.41646,10.01438,81446,True,51.09395,3
20260503-101634,-OriwtS77F3yH3VlsBpq,2026-05-03 17:47:14+00:00,1777830434000,26991,26.27634,43.40499,10.01445,81605,True,50.77411,3
20260503-101634,-OriwwN_e2RFXZZ_1KMZ,2026-05-03 17:47:26+00:00,1777830446000,27003,26.2738,43.38921,10.01457,81131,True,51.36782,3
20260503-101634,-OriwzIwA2VABjWK0htK,2026-05-03 17:47:38+00:00,1777830458000,27015,26.28141,43.39172,10.01474,81605,True,51.32752,3
20260503-101634,-Orix2l8dLek17NkHZW7,2026-05-03 17:47:50+00:00,1777830470000,27027,26.27888,43.3905,10.01479,81288,True,51.85632,3
20260503-101634,-Orix4Fz01D0FCHI32vb,2026-05-03 17:48:02+00:00,1777830482000,27039,26.18252,44.03604,10.01435,68970,True,68.23099,3
20260503-101634,-Orix7BuhT80YvkQtBfQ,2026-05-03 17:48:14+00:00,1777830494000,27051,26.26366,43.50875,10.01446,77311,True,72.97298,3
20260503-101634,-OrixA8AF4WS-vkMzcTS,2026-05-03 17:48:26+00:00,1777830506000,27063,26.2662,43.43309,10.01448,79362,True,64.02216,3
20260503-101634,-OrixD2kSInTESueIlOG,2026-05-03 17:48:38+00:00,1777830518000,27075,26.27127,43.41895,10.01446,79969,True,59.41402,3
20260503-101634,-OrixFz0t1rLHVlCo82D,2026-05-03 17:48:50+00:00,1777830530000,27087,26.26873,43.42425,10.01417,80662,True,55.86072,3
20260503-101634,-OrixJF_gs4CfzWA2ZiB,2026-05-03 17:49:04+00:00,1777830544000,27100,26.3287,43.27979,10.01436,80352,True,55.78199,3
20260503-101634,-OrixM7JYTIAkZPloJHa,2026-05-03 17:49:16+00:00,1777830556000,27112,26.25099,43.62745,10.0145,73190,True,88.80542,3
20260503-101634,-OrixP0EqUvHSBELy7pR,2026-05-03 17:49:28+00:00,1777830568000,27124,26.26113,43.46646,10.01451,77886,True,73.62546,3
20260503-101634,-OrixRwnLWHpsteu5_cy,2026-05-03 17:49:40+00:00,1777830580000,27136,26.26113,43.45593,10.01444,78988,True,64.37763,3
20260503-101634,-OrixUsnK5mv3Fc-hcr8,2026-05-03 17:49:52+00:00,1777830592000,27148,26.26366,43.44738,10.01444,79892,True,59.10325,3
20260503-101634,-OrixXni_nPtRr_qWW3t,2026-05-03 17:50:04+00:00,1777830604000,27160,26.2662,43.42728,10.01464,80122,True,57.30105,3
20260503-101634,-Orix_jGKDLz3OImo9U5,2026-05-03 17:50:16+00:00,1777830616000,27172,26.26366,43.44918,10.01446,80507,True,55.44473,3
20260503-101634,-OrixcehtV7bbSSbZNQb,2026-05-03 17:50:28+00:00,1777830628000,27184,26.26873,43.45183,10.01461,80740,True,54.32582,3
20260503-101634,-OrixfwXsSh99al3ItzV,2026-05-03 17:50:40+00:00,1777830640000,27196,26.27127,43.43342,10.01443,81446,True,52.83757,3
20260503-101634,-Orixjn4iL0_4wwhnaMr,2026-05-03 17:50:52+00:00,1777830652000,27208,26.27127,43.42129,10.01443,80662,True,53.70383,3
20260503-101634,-OrixlJwXIyfQX0c3yFu,2026-05-03 17:51:03+00:00,1777830663000,27220,26.18252,43.99298,10.01418,69833,True,68.61216,3
20260503-101634,-OrixoDJ7ljnlJ08jTnP,2026-05-03 17:51:15+00:00,1777830675000,27232,26.26366,43.50224,10.0146,77027,True,72.75444,3
20260503-101634,-Orixr8xCtYWLfHRYxUJ,2026-05-03 17:51:27+00:00,1777830687000,27244,26.2738,43.43287,10.01468,79212,True,63.89458,3
20260503-101634,-Orixu5kwN8oMdjpMe31,2026-05-03 17:51:39+00:00,1777830699000,27256,26.2738,43.41963,10.01431,79969,True,58.76543,3
20260503-101634,-OrixwXbL9xaNezXbJd1,2026-05-03 17:51:49+00:00,1777830709000,27266,26.20281,43.8912,10.01445,71747,True,68.39423,3
20260503-101634,-Oriy0VYieivSX6ewD_-,2026-05-03 17:52:02+00:00,1777830722000,27279,26.29066,43.59292,10.01419,73900,True,72.70108,3
20260503-101634,-Oriy1IM6GjMa8ZclJta,2026-05-03 17:52:12+00:00,1777830732000,27289,26.20679,44.18246,10.01401,60544,True,95.54842,3
20260503-101634,-Oriy4CHiD7XYvvomHQC,2026-05-03 17:52:24+00:00,1777830744000,27301,26.23831,43.67608,10.01423,68800,True,118.03675,3
20260503-101634,-Oriy79TO0IFmU4m8TzW,2026-05-03 17:52:36+00:00,1777830756000,27313,26.24591,43.509,10.01409,74958,True,90.96181,3
20260503-101634,-OriyA31pwxwaqDpvm_u,2026-05-03 17:52:48+00:00,1777830768000,27325,26.26113,43.47218,10.01409,77526,True,74.14569,3
20260503-101634,-OriyCz_pvGdSVgycrDd,2026-05-03 17:53:00+00:00,1777830780000,27337,26.25099,43.46735,10.01391,78470,True,66.07915,3
20260503-101634,-OriyFxeLbPqEiuiperk,2026-05-03 17:53:12+00:00,1777830792000,27349,26.25859,43.44692,10.01396,79816,True,60.27749,3
20260503-101634,-OriyIqjZZX-IOS41IZ-,2026-05-03 17:53:24+00:00,1777830804000,27361,26.2662,43.44544,10.01405,79740,True,58.1563,3
20260503-101634,-OriyLm1-DjS_pQ1Tx3y,2026-05-03 17:53:36+00:00,1777830816000,27373,26.2662,43.4328,10.01415,80429,True,56.7127,3
20260503-101634,-OriyOhf9dR-NvNG2jWC,2026-05-03 17:53:48+00:00,1777830828000,27385,26.2662,43.43605,10.01405,80507,True,55.89044,3
20260503-101634,-OriySURm33UCPpdNVp_,2026-05-03 17:54:00+00:00,1777830840000,27397,26.26366,43.43885,10.01385,80507,True,54.92864,3
20260503-101634,-OriyUlC1zATQ3v6LbZs,2026-05-03 17:54:13+00:00,1777830853000,27410,26.23831,43.69511,10.01388,74492,True,69.46588,3
20260503-101634,-OriyXdcoGtEmJK4SWtc,2026-05-03 17:54:25+00:00,1777830865000,27422,26.27127,43.45106,10.01395,78691,True,65.8959,3
20260503-101634,-Oriy__B5vNvvO1eadOd,2026-05-03 17:54:37+00:00,1777830877000,27434,26.26366,43.41536,10.01367,79589,True,60.63833,3
20260503-101634,-OriycWLd9Ls0kBeTEKE,2026-05-03 17:54:49+00:00,1777830889000,27446,26.2738,43.37415,10.01376,80974,True,56.2282,3
20260503-101634,-OriyfRE1H1sbxuc4f7p,2026-05-03 17:55:01+00:00,1777830901000,27458,26.26873,43.4128,10.01361,80662,True,55.13212,3
20260503-101634,-OriyiMfH8ldj87aqgJQ,2026-05-03 17:55:13+00:00,1777830913000,27470,26.2738,43.40696,10.01354,80584,True,54.76948,3
20260503-101634,-OriylIeMODQ6gAB6dK4,2026-05-03 17:55:25+00:00,1777830925000,27482,26.2738,43.40638,10.01341,81052,True,53.70576,3
20260503-101634,-OriyoDmimHC9fXDfsXE,2026-05-03 17:55:37+00:00,1777830937000,27494,26.2662,43.4141,10.01345,80895,True,53.43765,3
20260503-101634,-Oriyr98ADfLrhiN_gGq,2026-05-03 17:55:49+00:00,1777830949000,27506,26.27127,43.38243,10.01336,81131,True,53.24698,3
20260503-101634,-Oriyu5qUZqOD2gafUR1,2026-05-03 17:56:01+00:00,1777830961000,27518,26.2738,43.39494,10.01332,81131,True,52.59856,3
20260503-101634,-Oriyx0Lc9OZmgau1vp8,2026-05-03 17:56:13+00:00,1777830973000,27530,26.27127,43.40553,10.01342,80662,True,53.55584,3
20260503-101634,-Oriyzw_sH4_Z4gqxKUC,2026-05-03 17:56:25+00:00,1777830985000,27542,26.27634,43.39642,10.01345,81052,True,53.14736,3
20260503-101634,-Oriz1s9WHAKJvbxsPDm,2026-05-03 17:56:37+00:00,1777830997000,27554,26.2738,43.41588,10.01338,80740,True,52.72036,3
20260503-101634,-Oriz4ndqepJ4OrX1-1O,2026-05-03 17:56:49+00:00,1777831009000,27566,26.27888,43.37591,10.01348,80584,True,53.41701,3
20260503-101634,-Oriz8CvM1LMHhnpp3Fm,2026-05-03 17:57:02+00:00,1777831022000,27579,26.3287,43.27618,10.01322,81131,True,53.15326,3
20260503-101634,-OrizAudfwI6AxAqD815,2026-05-03 17:57:14+00:00,1777831034000,27591,26.25352,43.61663,10.01312,73318,True,87.92809,3
20260503-101634,-OrizDpugql8nnvSOVOM,2026-05-03 17:57:26+00:00,1777831046000,27603,26.27127,43.43746,10.01334,77382,True,74.35025,3
20260503-101634,-OrizGo8nL5J5bxKl2sR,2026-05-03 17:57:38+00:00,1777831058000,27615,26.17492,44.05524,10.01316,66771,True,84.7794,3
20260503-101634,-OrizJjeIu46cXzQsGgr,2026-05-03 17:57:50+00:00,1777831070000,27627,26.25859,43.50513,10.01338,75499,True,82.32256,3
20260503-101634,-OrizMfQ9La62uu9jI2Z,2026-05-03 17:58:02+00:00,1777831082000,27639,26.2662,43.41983,10.01352,78031,True,69.79367,3
20260503-101634,-OrizPc-G8maRCS3kd8S,2026-05-03 17:58:14+00:00,1777831094000,27651,26.27127,43.38804,10.01357,79362,True,62.55462,3
20260503-101634,-OrizSXMqNHugnXt-pd9,2026-05-03 17:58:26+00:00,1777831106000,27663,26.2738,43.39685,10.0135,79969,True,58.45022,3
20260503-101634,-OrizVZAHQ5X7-sPWmJL,2026-05-03 17:58:39+00:00,1777831119000,27676,26.24084,43.67362,10.01325,74958,True,70.82166,3
20260503-101634,-OrizYV7WM8qowERP_kD,2026-05-03 17:58:51+00:00,1777831131000,27688,26.2662,43.44495,10.01331,78544,True,66.26921,3
20260503-101634,-OrizaQa4mW5vBMyplXy,2026-05-03 17:59:03+00:00,1777831143000,27700,26.27127,43.40043,10.01322,80352,True,60.205,3
20260503-101634,-OrizdLrkzZLpWaiX4XT,2026-05-03 17:59:15+00:00,1777831155000,27712,26.27127,43.41946,10.01325,80275,True,57.47962,3
20260503-101634,-OrizgHU69aXDcpNKPnt,2026-05-03 17:59:27+00:00,1777831167000,27724,26.2738,43.40442,10.01331,80662,True,55.17028,3
20260503-101634,-OrizjCekbX9469OaEEy,2026-05-03 17:59:39+00:00,1777831179000,27736,26.27127,43.41842,10.01325,80429,True,54.66186,3
20260503-101634,-OrizmBDOAOkHm99IHW9,2026-05-03 17:59:51+00:00,1777831191000,27748,26.26873,43.42088,10.01301,80429,True,54.23313,3
20260503-101634,-OrizpI-Jdj5kZnaGlAy,2026-05-03 18:00:03+00:00,1777831203000,27760,26.26873,43.42613,10.01316,80817,True,53.77838,3
20260503-101634,-Orizs-r3f6o5YQ7pi_u,2026-05-03 18:00:15+00:00,1777831215000,27772,26.2738,43.40591,10.0132,81131,True,53.11411,3
20260503-101634,-OrizuwEMmFak1uyrPGs,2026-05-03 18:00:27+00:00,1777831227000,27784,26.27127,43.43816,10.01316,81288,True,52.54905,3
20260503-101634,-OrizxrepkxKcIlVmy40,2026-05-03 18:00:39+00:00,1777831239000,27796,26.27634,43.41491,10.01331,80895,True,52.68536,3
20260503-101634,-Orj--mUk6bAMnsmDrKh,2026-05-03 18:00:51+00:00,1777831251000,27808,26.27634,43.40277,10.01331,80817,True,53.38235,3
20260503-101634,-Orj-2l2QRRnNV5xXU2l,2026-05-03 18:01:03+00:00,1777831263000,27820,26.2662,43.42474,10.01326,80817,True,53.06604,3
20260503-101634,-Orj-5e3egU5WuU_v5SM,2026-05-03 18:01:15+00:00,1777831275000,27832,26.27127,43.40768,10.01309,81446,True,52.2677,3
20260503-101634,-Orj-8_UcWYgMbc8zcNv,2026-05-03 18:01:27+00:00,1777831287000,27844,26.27634,43.41298,10.01321,81764,True,52.05629,3
20260503-101634,-Orj-BXRZFJkNDZSAzjR,2026-05-03 18:01:39+00:00,1777831299000,27856,26.2738,43.39936,10.01304,81131,True,52.18233,3
20260503-101634,-Orj-ERNiUhEnhzHOV3F,2026-05-03 18:01:51+00:00,1777831311000,27868,26.27127,43.42441,10.013,81131,True,52.24088,3
20260503-101634,-Orj-HMceeJG2bRwxc7e,2026-05-03 18:02:03+00:00,1777831323000,27880,26.27634,43.4032,10.01307,81131,True,52.49774,3
20260503-101634,-Orj-KN-EuzwJDjqIr-_,2026-05-03 18:02:15+00:00,1777831335000,27892,26.27127,43.41252,10.01322,81209,True,52.5855,3
20260503-101634,-Orj-NEqgS7D-K7s24ms,2026-05-03 18:02:27+00:00,1777831347000,27904,26.27127,43.43017,10.0132,81209,True,52.67151,3
20260503-101634,-Orj-RPef_RCuTojE2P5,2026-05-03 18:02:40+00:00,1777831360000,27917,26.33123,43.27858,10.01328,81131,True,52.62325,3
20260503-101634,-Orj-SvG8x3NmXwDRiIr,2026-05-03 18:02:50+00:00,1777831370000,27927,26.16731,44.21096,10.01306,61568,True,96.21059,3
20260503-101634,-Orj-VqaNiZE-yYN2NUj,2026-05-03 18:03:02+00:00,1777831382000,27939,26.24591,43.59853,10.01305,74228,True,93.23679,3
20260503-101634,-Orj-Z3GjN15W3KTObzv,2026-05-03 18:03:14+00:00,1777831394000,27951,26.25605,43.48061,10.01309,77670,True,74.91028,3
20260503-101634,-Orj-ahobOZthihEohf4,2026-05-03 18:03:26+00:00,1777831406000,27963,26.25099,43.475,10.01322,79438,True,64.08387,3
20260503-101634,-Orj-dg3_5QlvK5B6End,2026-05-03 18:03:38+00:00,1777831418000,27975,26.26113,43.43621,10.01347,79513,True,60.30142,3
20260503-101634,-Orj-gctzlQFZWM5L_Bc,2026-05-03 18:03:50+00:00,1777831430000,27987,26.23831,43.67704,10.01325,74891,True,71.19908,3
20260503-101634,-Orj-jZ7QBAcVRxWWLTW,2026-05-03 18:04:02+00:00,1777831442000,27999,26.25352,43.48154,10.01325,78914,True,65.66108,3
20260503-101634,-Orj-mgvk0-SnKkdcbNN,2026-05-03 18:04:15+00:00,1777831455000,28012,26.17238,44.10203,10.01319,66665,True,80.21212,3
20260503-101634,-Orj-pd7YcLCIvlMoU5a,2026-05-03 18:04:27+00:00,1777831467000,28024,26.24338,43.55896,10.01303,75431,True,81.79307,3
20260503-101634,-Orj-sdBfx7LSl3FfbZz,2026-05-03 18:04:39+00:00,1777831479000,28036,26.25859,43.44453,10.01306,78104,True,69.5443,3
20260503-101634,-Orj-vUiTwmIElhepXDO,2026-05-03 18:04:51+00:00,1777831491000,28048,26.25605,43.42707,10.01297,79438,True,62.24634,3
20260503-101634,-Orj-yRLpYsGngO1I2jv,2026-05-03 18:05:03+00:00,1777831503000,28060,26.2662,43.43648,10.01308,80045,True,58.70494,3
20260503-101634,-Orj00LOFAVgGZ6k2CTn,2026-05-03 18:05:15+00:00,1777831515000,28072,26.26113,43.41222,10.01281,80352,True,56.63796,3
20260503-101634,-Orj03H7lJHoHwVCAHPL,2026-05-03 18:05:27+00:00,1777831527000,28084,26.2662,43.41388,10.01297,80584,True,55.25515,3
20260503-101634,-Orj06DU7XEVnPyIF-Oe,2026-05-03 18:05:39+00:00,1777831539000,28096,26.2662,43.40832,10.01285,80974,True,54.27685,3
20260503-101634,-Orj097uGfTFLkyxiuo1,2026-05-03 18:05:51+00:00,1777831551000,28108,26.27127,43.39677,10.01295,80895,True,53.84822,3
20260503-101634,-Orj0C54xcyuDVZvF_Qu,2026-05-03 18:06:03+00:00,1777831563000,28120,26.27127,43.39502,10.01302,80740,True,54.02186,3
20260503-101634,-Orj0FPkdVm8aYPJO_fD,2026-05-03 18:06:15+00:00,1777831575000,28132,26.2662,43.39881,10.01301,80662,True,53.67574,3
20260503-101634,-Orj0Hku0KcAvCtDMCqQ,2026-05-03 18:06:26+00:00,1777831586000,28143,26.18506,43.96358,10.01266,70008,True,67.89714,3
20260503-101634,-Orj0KgFk4GNWzGUEwaq,2026-05-03 18:06:38+00:00,1777831598000,28155,26.25352,43.50705,10.01274,77382,True,71.53792,3
20260503-101634,-Orj0Nc0OoJkUnfIPuJj,2026-05-03 18:06:50+00:00,1777831610000,28167,26.2662,43.40677,10.01291,79513,True,62.62622,3
20260503-101634,-Orj0Q__hh_zIbuPfCBD,2026-05-03 18:07:02+00:00,1777831622000,28179,26.26873,43.38525,10.013,80275,True,57.77743,3
20260503-101634,-Orj0TTzKzAxZUegy5AF,2026-05-03 18:07:14+00:00,1777831634000,28191,26.26873,43.38256,10.01305,80740,True,55.96251,3
20260503-101634,-Orj0WPoMGkr-iHdOo_v,2026-05-03 18:07:26+00:00,1777831646000,28203,26.2662,43.39343,10.01306,80429,True,54.81451,3
20260503-101634,-Orj0ZL64jvk3E71aDSC,2026-05-03 18:07:38+00:00,1777831658000,28215,26.26873,43.41092,10.01303,80740,True,54.22569,3
20260503-101634,-Orj0bGNm70Sz1cv45kd,2026-05-03 18:07:50+00:00,1777831670000,28227,26.27634,43.37271,10.01305,80662,True,54.24123,3
20260503-101634,-Orj0eBiOX9X-E0dBJQw,2026-05-03 18:08:02+00:00,1777831682000,28239,26.27127,43.36979,10.01302,81209,True,53.05508,3
20260503-101634,-Orj0h7FTNYnk65UbMfi,2026-05-03 18:08:14+00:00,1777831694000,28251,26.27127,43.37779,10.01304,80895,True,53.20247,3
20260503-101634,-Orj0k4yk-Xi5r3R4kHw,2026-05-03 18:08:26+00:00,1777831706000,28263,26.27634,43.36325,10.01319,81367,True,52.72836,3
20260503-101634,-Orj0mzH9GRGyM-tR6VD,2026-05-03 18:08:38+00:00,1777831718000,28275,26.27888,43.34893,10.01292,81367,True,52.33264,3
20260503-101634,-Orj0puvDQGWlIcZbJJn,2026-05-03 18:08:50+00:00,1777831730000,28287,26.27634,43.37383,10.01301,81052,True,52.51068,3
20260503-101634,-Orj0sswoZ1cb8y-2ZL3,2026-05-03 18:09:02+00:00,1777831742000,28299,26.27634,43.3568,10.01296,81209,True,52.4125,3
20260503-101634,-Orj0vlmHA1_bwbyeesC,2026-05-03 18:09:14+00:00,1777831754000,28311,26.2738,43.38826,10.01283,80974,True,52.28788,3
20260503-101634,-Orj0zI5T3Fc6QB7c25C,2026-05-03 18:09:26+00:00,1777831766000,28323,26.27888,43.35861,10.01279,81209,True,52.69055,3
20260503-101634,-Orj10cwPAI23AmMAm7F,2026-05-03 18:09:38+00:00,1777831778000,28335,26.27634,43.36272,10.01272,81131,True,52.47274,3
20260503-101634,-Orj13ZGYDtoSwvM-HKk,2026-05-03 18:09:50+00:00,1777831790000,28347,26.28141,43.35411,10.01266,81209,True,52.46807,3
20260503-101634,-Orj16Uh9vBTqzEbb_RM,2026-05-03 18:10:02+00:00,1777831802000,28359,26.28141,43.3422,10.01271,81288,True,51.99372,3
20260503-101634,-Orj19Sx5xVpktYoUY_-,2026-05-03 18:10:14+00:00,1777831814000,28371,26.2738,43.33853,10.01255,81209,True,52.20367,3
20260503-101634,-Orj1CLggB1o2uH78jlz,2026-05-03 18:10:26+00:00,1777831826000,28383,26.27634,43.3459,10.01252,81605,True,52.18431,3
20260503-101634,-Orj1FHIGI11z1Jp6Ir6,2026-05-03 18:10:38+00:00,1777831838000,28395,26.2738,43.36101,10.01252,81446,True,51.72832,3
20260503-101634,-Orj1IF1HL-oTtlATDtT,2026-05-03 18:10:50+00:00,1777831850000,28407,26.27888,43.33772,10.01272,80974,True,52.35643,3
20260503-101634,-Orj1Ltd_gRfp5nrE4E2,2026-05-03 18:11:03+00:00,1777831863000,28420,26.33123,43.20894,10.0127,81288,True,52.28218,3
20260503-101634,-Orj1OJufcuLrb4HnJ42,2026-05-03 18:11:15+00:00,1777831875000,28432,26.25099,43.56542,10.01259,73640,True,87.40108,3
20260503-101634,-Orj1RFPuGa9QKeXjjhw,2026-05-03 18:11:27+00:00,1777831887000,28444,26.25859,43.40751,10.01292,78323,True,72.92112,3
20260503-101634,-Orj1UAoqmzmZukwVM2q,2026-05-03 18:11:39+00:00,1777831899000,28456,26.26113,43.37833,10.01281,79740,True,63.28339,3
20260503-101634,-Orj1X6zkt-BmJM28bnG,2026-05-03 18:11:51+00:00,1777831911000,28468,26.26366,43.36059,10.01288,79740,True,59.52822,3
20260503-101634,-Orj1_1fehdbiB9M-mGQ,2026-05-03 18:12:03+00:00,1777831923000,28480,26.2738,43.34644,10.01278,79513,True,59.0965,3
20260503-101634,-Orj1byDTARH5GnUmbs9,2026-05-03 18:12:15+00:00,1777831935000,28492,26.26873,43.35904,10.01284,80584,True,56.94138,3
20260503-101634,-Orj1f1FGMa5jhC9sjA9,2026-05-03 18:12:27+00:00,1777831947000,28504,26.26873,43.35399,10.0127,80352,True,55.56979,3
20260503-101634,-Orj1hp8q4osirg-bMFw,2026-05-03 18:12:39+00:00,1777831959000,28516,26.27634,43.34968,10.01261,80974,True,54.77164,3
20260503-101634,-Orj1kkaQ-nqJtJc92yG,2026-05-03 18:12:51+00:00,1777831971000,28528,26.2662,43.36742,10.01259,81131,True,53.54209,3
20260503-101634,-Orj1ngNdMu-EMI51BBH,2026-05-03 18:13:03+00:00,1777831983000,28540,26.26873,43.36086,10.01268,80895,True,53.69108,3
20260503-101634,-Orj1qbdmPIiIxuCW8Hs,2026-05-03 18:13:15+00:00,1777831995000,28552,26.2738,43.3573,10.01271,80974,True,53.76423,3
20260503-101634,-Orj1tY0DpyNkxnweHDl,2026-05-03 18:13:27+00:00,1777832007000,28564,26.2738,43.33528,10.01262,81131,True,52.9432,3
20260503-101634,-Orj1wT_eJfJhepc6TRJ,2026-05-03 18:13:39+00:00,1777832019000,28576,26.27127,43.34385,10.01258,80352,True,54.83999,3
20260503-101634,-Orj1zR2HZswN_6KiCjy,2026-05-03 18:13:51+00:00,1777832031000,28588,26.27888,43.32873,10.01258,80122,True,55.92598,3
20260503-101634,-Orj21odIo3Ze4yPGSEn,2026-05-03 18:14:04+00:00,1777832044000,28601,26.3287,43.1995,10.01257,80275,True,56.0261,3
20260503-101634,-Orj24XosQ5tnnZ8RCtG,2026-05-03 18:14:16+00:00,1777832056000,28613,26.25099,43.56572,10.01271,73062,True,89.70545,3
20260503-101634,-Orj27U2JzpdWT9_MEK9,2026-05-03 18:14:28+00:00,1777832068000,28625,26.27127,43.37017,10.01297,77670,True,74.70856,3
20260503-101634,-Orj2ANZWODE1TG6Cf72,2026-05-03 18:14:40+00:00,1777832080000,28637,26.27127,43.35332,10.01293,79362,True,64.26749,3
20260503-101634,-Orj2DJ4E1OkEe__a74G,2026-05-03 18:14:52+00:00,1777832092000,28649,26.26873,43.33314,10.01279,79740,True,60.15499,3
20260503-101634,-Orj2GE-9KhAl1yhPXRj,2026-05-03 18:15:04+00:00,1777832104000,28661,26.27127,43.3371,10.01262,80429,True,56.91537,3
20260503-101634,-Orj2J9dScU_UmqPzBr9,2026-05-03 18:15:16+00:00,1777832116000,28673,26.26366,43.35683,10.0126,80429,True,55.35275,3
20260503-101634,-Orj2MQ6kxe8mXNO9j2j,2026-05-03 18:15:28+00:00,1777832128000,28685,26.27634,43.34956,10.01284,80507,True,55.34992,3
20260503-101634,-Orj2P0W_eiTvGAbbmvZ,2026-05-03 18:15:40+00:00,1777832140000,28697,26.27888,43.33188,10.01263,80895,True,54.67743,3
20260503-101634,-Orj2RxXbv8PIGmhFYvW,2026-05-03 18:15:52+00:00,1777832152000,28709,26.2738,43.32598,10.01269,80817,True,54.35323,3
20260503-101634,-Orj2Ux5RfvZTGpcKyhQ,2026-05-03 18:16:04+00:00,1777832164000,28721,26.26873,43.32838,10.01265,80974,True,53.67718,3
20260503-101634,-Orj2Xo0zEEhVWN_7vu-,2026-05-03 18:16:16+00:00,1777832176000,28733,26.2738,43.32027,10.01246,80974,True,53.24123,3
20260503-101634,-Orj2_lUQ8SZK2Z_4njC,2026-05-03 18:16:28+00:00,1777832188000,28745,26.2738,43.32755,10.01254,80817,True,53.83347,3
20260503-101634,-Orj2cfAYuuILssBQEJT,2026-05-03 18:16:40+00:00,1777832200000,28757,26.27634,43.32875,10.01263,81605,True,52.28898,3
20260503-101634,-Orj2fc0_0IxPO_IaLHN,2026-05-03 18:16:52+00:00,1777832212000,28769,26.2738,43.32508,10.01259,81131,True,52.40733,3
20260503-101634,-Orj2j0jttOT0ZVk1Rh9,2026-05-03 18:17:04+00:00,1777832224000,28781,26.2738,43.32678,10.01245,80662,True,53.35528,3
20260503-101634,-Orj2lSdfdxerEakCDJJ,2026-05-03 18:17:16+00:00,1777832236000,28793,26.27127,43.35644,10.01235,80740,True,53.45513,3
20260503-101634,-Orj2oONHsLRqzF9KwTy,2026-05-03 18:17:28+00:00,1777832248000,28805,26.28141,43.31081,10.01266,81209,True,52.55006,3
20260503-101634,-Orj2rJirXTqLS0eaxNw,2026-05-03 18:17:40+00:00,1777832260000,28817,26.28141,43.32321,10.01253,81209,True,52.67819,3
20260503-101634,-Orj2unqTkBlbFQXg6-8,2026-05-03 18:17:52+00:00,1777832272000,28829,26.2738,43.32223,10.01243,80974,True,53.0433,3
20260503-101634,-Orj2xBAq_J7_mqTvWaY,2026-05-03 18:18:04+00:00,1777832284000,28841,26.2738,43.32405,10.01246,81367,True,52.50585,3
20260503-101634,-Orj3-6H5BkT3SzjTk4t,2026-05-03 18:18:16+00:00,1777832296000,28853,26.2738,43.33268,10.01245,81446,True,52.3252,3
20260503-101634,-Orj350fW0fdn9VQ165V,2026-05-03 18:18:28+00:00,1777832308000,28865,26.2738,43.32697,10.01227,81288,True,52.47635,3
20260503-101634,-Orj35qYmag3HDpmSlih,2026-05-03 18:18:44+00:00,1777832324000,28881,26.33304,43.17056,10.01238,81288,True,52.40639,3
20260503-101634,-Orj38oBZDxb60wrpZKB,2026-05-03 18:18:56+00:00,1777832336000,28893,26.25605,43.5675,10.01234,71994,True,95.47894,3
20260503-101634,-Orj3Bi-nUBWU7O91TbM,2026-05-03 18:19:08+00:00,1777832348000,28905,26.26113,43.38256,10.01231,76674,True,79.2929,3
20260503-101634,-Orj3EdMpAMBTUnclt3a,2026-05-03 18:19:20+00:00,1777832360000,28917,26.2662,43.35318,10.01241,78544,True,68.66848,3
20260503-101634,-Orj3H_9sAiCcEc4nrbj,2026-05-03 18:19:32+00:00,1777832372000,28929,26.2662,43.34533,10.01219,79137,True,62.35344,3
20260503-101634,-Orj3KUrwkr8IDpagii-,2026-05-03 18:19:44+00:00,1777832384000,28941,26.26873,43.33496,10.01226,80198,True,58.73479,3
20260503-101634,-Orj3NQUCBk10icPDI1C,2026-05-03 18:19:56+00:00,1777832396000,28953,26.26873,43.34018,10.01228,80275,True,57.43695,3
20260503-101634,-Orj3QMIlnV5IaVMdk6a,2026-05-03 18:20:08+00:00,1777832408000,28965,26.2662,43.34153,10.01222,80352,True,55.53474,3
20260503-101634,-Orj3TJSbk2pHSKPKi-8,2026-05-03 18:20:20+00:00,1777832420000,28977,26.26366,43.35231,10.01213,80740,True,54.39927,3
20260503-101634,-Orj3WEw8yYu2L8nynVS,2026-05-03 18:20:32+00:00,1777832432000,28989,26.27127,43.34673,10.01228,80352,True,55.30214,3
20260503-101634,-Orj3Z8Wjuj0eSiu_QZO,2026-05-03 18:20:44+00:00,1777832444000,29001,26.27634,43.30662,10.0125,80662,True,54.69718,3
20260503-101634,-Orj3b3xD3OIUSiZYsvb,2026-05-03 18:20:56+00:00,1777832456000,29013,26.2738,43.3231,10.01252,81052,True,54.20896,3
20260503-101634,-Orj3e-hJlVQM2o76ukn,2026-05-03 18:21:08+00:00,1777832468000,29025,26.27888,43.31033,10.01251,81288,True,53.39899,3
20260503-101634,-Orj3gz_IVavfcBCPgFY,2026-05-03 18:21:20+00:00,1777832480000,29037,26.26873,43.29855,10.01228,81131,True,53.16378,3
20260503-101634,-Orj3kCetMRfZZEjuNl2,2026-05-03 18:21:32+00:00,1777832492000,29049,26.28141,43.27329,10.01246,80895,True,53.60323,3
20260503-101634,-Orj3mn0fYdCl2rKf-xY,2026-05-03 18:21:44+00:00,1777832504000,29061,26.2738,43.30899,10.01246,81131,True,53.15959,3
20260503-101634,-Orj3piM8HpEZhrYZrKT,2026-05-03 18:21:56+00:00,1777832516000,29073,26.27888,43.30244,10.01251,81052,True,52.90877,3
20260503-101634,-Orj3t9K2RlXr6Rq0woo,2026-05-03 18:22:08+00:00,1777832528000,29085,26.28141,43.30965,10.01266,80817,True,53.5874,3
20260503-101634,-Orj3va5EMqPk5mJitT9,2026-05-03 18:22:20+00:00,1777832540000,29097,26.27634,43.32716,10.01252,80817,True,53.32108,3
20260503-101634,-Orj3yVpNs087Su7bf-N,2026-05-03 18:22:32+00:00,1777832552000,29109,26.27634,43.30735,10.01266,81288,True,52.90778,3
20260503-101634,-Orj40Ueh3o9hQafgj6u,2026-05-03 18:22:44+00:00,1777832564000,29121,26.18759,43.92983,10.01249,68857,True,69.18584,3
20260503-101634,-Orj43PzfGLnA44rus6l,2026-05-03 18:22:56+00:00,1777832576000,29133,26.2662,43.40949,10.01247,77240,True,74.26915,3
20260503-101634,-Orj46LfPLqoNlX2d6k3,2026-05-03 18:23:08+00:00,1777832588000,29145,26.26366,43.35427,10.01235,79362,True,64.38514,3
20260503-101634,-Orj49IQrVzGxDDfNQLP,2026-05-03 18:23:20+00:00,1777832600000,29157,26.2738,43.29597,10.01229,79589,True,59.74284,3
20260503-101634,-Orj4CCbdIpIypk2PE73,2026-05-03 18:23:32+00:00,1777832612000,29169,26.2738,43.33303,10.01231,80045,True,57.53474,3
20260503-101634,-Orj4F8_eGjKoBYTI_E1,2026-05-03 18:23:44+00:00,1777832624000,29181,26.2662,43.3346,10.01213,80352,True,56.08891,3
20260503-101634,-Orj4I3YudLGZG1remwa,2026-05-03 18:23:56+00:00,1777832636000,29193,26.26873,43.34423,10.01201,80429,True,55.38551,3
20260503-101634,-Orj4L--T0wawz8_hS2j,2026-05-03 18:24:08+00:00,1777832648000,29205,26.26113,43.3453,10.012,80584,True,54.4865,3
20260503-101634,-Orj4NvH21zDgTMgajxU,2026-05-03 18:24:20+00:00,1777832660000,29217,26.27127,43.32535,10.01198,80584,True,54.5109,3
20260503-101634,-Orj4THX7QMBC2NX6iXW,2026-05-03 18:24:32+00:00,1777832672000,29229,26.27127,43.3374,10.01192,80662,True,54.88578,3
20260503-101634,-Orj4U3jE2stkVzUaXvz,2026-05-03 18:24:45+00:00,1777832685000,29242,26.31863,43.20732,10.01165,80740,True,54.75037,3
20260503-101634,-Orj4WzC-6IMb42vqnTL,2026-05-03 18:24:57+00:00,1777832697000,29254,26.24591,43.55075,10.01202,73318,True,89.9994,3
20260503-101634,-Orj4Zwk8n_0CHLIMIud,2026-05-03 18:25:09+00:00,1777832709000,29266,26.25859,43.35289,10.01178,77598,True,75.43174,3
20260503-101634,-Orj4bsNYCiH1SGd8DXb,2026-05-03 18:25:21+00:00,1777832721000,29278,26.25605,43.34679,10.01185,79362,True,65.4212,3
20260503-101634,-Orj4elWy4pewI8WBvlI,2026-05-03 18:25:33+00:00,1777832733000,29290,26.26113,43.3209,10.01196,79664,True,60.83695,3
20260503-101634,-Orj4hgy9AOZ7tQXA2Mh,2026-05-03 18:25:45+00:00,1777832745000,29302,26.26366,43.29405,10.01174,80352,True,57.51591,3
20260503-101634,-Orj4kemswGXBCd_QkuL,2026-05-03 18:25:57+00:00,1777832757000,29314,26.2662,43.28349,10.0118,80275,True,56.63317,3
20260503-101634,-Orj4nZbzUV2JItIvWrl,2026-05-03 18:26:09+00:00,1777832769000,29326,26.27127,43.2688,10.01176,80662,True,54.74529,3
20260503-101634,-Orj4qUa70eg75ofEloC,2026-05-03 18:26:21+00:00,1777832781000,29338,26.27127,43.29551,10.01172,81052,True,54.10625,3
20260503-101634,-Orj4tQId0K2BoE_bHSf,2026-05-03 18:26:33+00:00,1777832793000,29350,26.2662,43.29752,10.01152,80817,True,54.38083,3
20260503-101634,-Orj4wLWcpD8J_1Afycl,2026-05-03 18:26:45+00:00,1777832805000,29362,26.26873,43.30335,10.01166,81052,True,53.73869,3
20260503-101634,-Orj4zGxP098U0N21GKH,2026-05-03 18:26:57+00:00,1777832817000,29374,26.27127,43.29988,10.01155,81131,True,53.46509,3
20260503-101634,-Orj51E5tyxpf_D5quAP,2026-05-03 18:27:09+00:00,1777832829000,29386,26.26873,43.30591,10.0114,80974,True,53.47206,3
20260503-101634,-Orj548GznwJs430jnbW,2026-05-03 18:27:21+00:00,1777832841000,29398,26.27127,43.30533,10.01156,81131,True,52.9379,3
20260503-101634,-Orj5AsqgKm0LyszKc4y,2026-05-03 18:27:34+00:00,1777832854000,29411,26.3287,43.16029,10.01152,81052,True,53.0536,3
20260503-101634,-Orj5DDXvG53c6fPz528,2026-05-03 18:27:58+00:00,1777832878000,29435,26.22452,43.96804,10.01133,63966,True,77.28436,3
20260503-101634,-Orj5G8IqMDEosnx6frD,2026-05-03 18:28:10+00:00,1777832890000,29447,26.22816,43.62698,10.0114,63917,True,140.94995,3
20260503-101634,-Orj5J47blQqizSeNW9F,2026-05-03 18:28:22+00:00,1777832902000,29459,26.23323,43.437,10.01116,72056,True,108.55804,3
20260503-101634,-Orj5M3IngEn7vQgaLXv,2026-05-03 18:28:34+00:00,1777832914000,29471,26.25352,43.34198,10.01151,75978,True,84.74969,3
20260503-101634,-Orj5OwrKpAqCpK3oFjs,2026-05-03 18:28:46+00:00,1777832926000,29483,26.25605,43.35657,10.01118,77382,True,73.19615,3
20260503-101634,-Orj5RrEhKDzyDNgBlDi,2026-05-03 18:28:58+00:00,1777832938000,29495,26.25859,43.33885,10.01141,78544,True,66.35754,3
20260503-101634,-Orj5UnrObMtVdxLbAZi,2026-05-03 18:29:10+00:00,1777832950000,29507,26.26366,43.34723,10.01135,79063,True,63.11299,3
20260503-101634,-Orj5Y6trmx-RPw7OMCc,2026-05-03 18:29:22+00:00,1777832962000,29519,26.2662,43.32508,10.01147,79362,True,61.05288,3
20260503-101634,-Orj5_fnu_ATyF4Y5aRD,2026-05-03 18:29:34+00:00,1777832974000,29531,26.2662,43.33008,10.01145,79664,True,58.5619,3
20260503-101634,-Orj5caOYDLgMSBw11eA,2026-05-03 18:29:46+00:00,1777832986000,29543,26.2662,43.2982,10.01122,79969,True,58.04842,3
20260503-101634,-Orj5fW6oFrA_SyHMkwn,2026-05-03 18:29:58+00:00,1777832998000,29555,26.27127,43.32319,10.01141,80507,True,56.55949,3
20260503-101634,-Orj5iREwdEYM5N5SD6a,2026-05-03 18:30:10+00:00,1777833010000,29567,26.26366,43.32848,10.01112,80275,True,56.50399,3
20260503-101634,-Orj5lOEHS44vxCLl-82,2026-05-03 18:30:22+00:00,1777833022000,29579,26.26873,43.30013,10.0111,80275,True,55.8666,3
20260503-101634,-Orj5oaFYiwyzIPwrG1m,2026-05-03 18:30:34+00:00,1777833034000,29591,26.26366,43.29885,10.01095,80352,True,55.4476,3
20260503-101634,-Orj5rD_1PpR2huGEXHU,2026-05-03 18:30:46+00:00,1777833046000,29603,26.26873,43.30014,10.01128,80817,True,54.43917,3
20260503-101634,-Orj5uAD-nWLxjRJhsrW,2026-05-03 18:30:58+00:00,1777833058000,29615,26.26873,43.30699,10.01117,80817,True,54.23957,3
20260503-101634,-Orj5x5zjMCArkol0BBf,2026-05-03 18:31:10+00:00,1777833070000,29627,26.27634,43.29245,10.01126,81131,True,53.36757,3
20260503-101634,-Orj6-0Q6qn1ivQdLhvO,2026-05-03 18:31:22+00:00,1777833082000,29639,26.26873,43.30739,10.01103,80584,True,54.31676,3
20260503-101634,-Orj624lYqfh94-3IOIC,2026-05-03 18:31:35+00:00,1777833095000,29652,26.24591,43.54919,10.01102,75295,True,68.55086,3
20260503-101634,-Orj6517dzfvU5-68vRm,2026-05-03 18:31:47+00:00,1777833107000,29664,26.26873,43.33509,10.01096,78691,True,65.6954,3
20260503-101634,-Orj67whRgvDF32hcaQU,2026-05-03 18:31:59+00:00,1777833119000,29676,26.26873,43.30589,10.01101,79969,True,59.83916,3
20260503-101634,-Orj6AvIuqxHCGY4VY0n,2026-05-03 18:32:11+00:00,1777833131000,29688,26.27127,43.30774,10.01102,80429,True,57.07475,3
20260503-101634,-Orj6DoXaSTrSWmDG0UM,2026-05-03 18:32:23+00:00,1777833143000,29700,26.26873,43.29039,10.01066,80507,True,55.19946,3
20260503-101634,-Orj6GjAYB9BPxLRNdqY,2026-05-03 18:32:35+00:00,1777833155000,29712,26.27127,43.29512,10.01084,80974,True,54.78848,3
20260503-101634,-Orj6K44YmazoOKEFBR_,2026-05-03 18:32:47+00:00,1777833167000,29724,26.2738,43.29938,10.0108,80507,True,54.6851,3
20260503-101634,-Orj6MaMF_0MQNqh2AL3,2026-05-03 18:32:59+00:00,1777833179000,29736,26.26366,43.28119,10.0106,81525,True,53.30205,3
20260503-101634,-Orj6P_C3nmb3cxbZywa,2026-05-03 18:33:11+00:00,1777833191000,29748,26.2738,43.25438,10.01074,81209,True,53.00956,3
20260503-101634,-Orj6ST5PWNzU70Edr2x,2026-05-03 18:33:23+00:00,1777833203000,29760,26.27127,43.28481,10.01062,80584,True,53.48389,3
20260503-101634,-Orj6WUb3nisDtfR2nUe,2026-05-03 18:33:35+00:00,1777833215000,29772,26.26873,43.27471,10.01075,81131,True,53.42887,3
20260503-101634,-Orj6Y-AsJonKEADv0Id,2026-05-03 18:33:46+00:00,1777833226000,29783,26.19013,43.81814,10.01054,70957,True,67.2054,3
20260503-101634,-Orj6_vnGCOgSS8vCz-L,2026-05-03 18:33:58+00:00,1777833238000,29795,26.2662,43.36897,10.01083,77742,True,70.34967,3
20260503-101634,-Orj6ctZ8KAf_fswxibx,2026-05-03 18:34:10+00:00,1777833250000,29807,26.26366,43.31392,10.01093,79438,True,62.9116,3
20260503-101634,-Orj6fpn_6pBmGXaWAkC,2026-05-03 18:34:22+00:00,1777833262000,29819,26.27127,43.28557,10.01083,80584,True,57.80552,3
20260503-101634,-Orj6il3IBhAklJJLTMu,2026-05-03 18:34:34+00:00,1777833274000,29831,26.27634,43.29576,10.01084,80740,True,55.78722,3
20260503-101634,-Orj6ldcnOpYfw5DeTf5,2026-05-03 18:34:46+00:00,1777833286000,29843,26.27634,43.256,10.01075,81209,True,54.13341,3
20260503-101634,-Orj6o_D2RsoDpUlDia-,2026-05-03 18:34:58+00:00,1777833298000,29855,26.27127,43.26806,10.01068,81288,True,53.6679,3
20260503-101634,-Orj6rYeMHKnlP_XHav8,2026-05-03 18:35:10+00:00,1777833310000,29867,26.27634,43.25911,10.0107,81367,True,53.21897,3
20260503-101634,-Orj6uRweb5F7QQhosXI,2026-05-03 18:35:22+00:00,1777833322000,29879,26.26873,43.26922,10.0108,80817,True,53.78109,3
20260503-101634,-Orj6xMlWtdYW9EI7CzC,2026-05-03 18:35:34+00:00,1777833334000,29891,26.26873,43.27391,10.0108,81209,True,53.15847,3
20260503-101634,-Orj7-I7V3UIwY0Fdx82,2026-05-03 18:35:46+00:00,1777833346000,29903,26.27127,43.26841,10.01088,81131,True,52.9617,3
20260503-101634,-Orj72LiwI3n6vg1_w1i,2026-05-03 18:35:58+00:00,1777833358000,29915,26.24845,43.51954,10.0109,75093,True,68.43237,3
20260503-101634,-Orj75HIzfhBWePC51L4,2026-05-03 18:36:10+00:00,1777833370000,29927,26.27127,43.31145,10.01097,78765,True,65.40827,3
20260503-101634,-Orj78DYuKct-KHvqNcL,2026-05-03 18:36:22+00:00,1777833382000,29939,26.26873,43.28735,10.01077,79969,True,60.02386,3
20260503-101634,-Orj7BA__4U4_32OALkh,2026-05-03 18:36:34+00:00,1777833394000,29951,26.27634,43.25158,10.01084,80662,True,56.21831,3
20260503-101634,-Orj7EN1a1wFAatp9ykO,2026-05-03 18:36:46+00:00,1777833406000,29963,26.27127,43.25699,10.01077,80584,True,55.98408,3
20260503-101634,-Orj7H-3PosctkEvcNmj,2026-05-03 18:36:58+00:00,1777833418000,29975,26.27634,43.2381,10.01068,81209,True,54.3293,3
20260503-101634,-Orj7Jvfdg3tcu5Mm8iO,2026-05-03 18:37:10+00:00,1777833430000,29987,26.27634,43.26245,10.01068,80974,True,53.5705,3
20260503-101634,-Orj7Mth03lV4sPck0NJ,2026-05-03 18:37:22+00:00,1777833442000,29999,26.27634,43.28308,10.01071,81131,True,53.39283,3
20260503-101634,-Orj7PnGpNthkGxH-Nep,2026-05-03 18:37:34+00:00,1777833454000,30011,26.2738,43.28697,10.01055,80895,True,53.25911,3
20260503-101634,-Orj7SiAFBkUxEzbk46v,2026-05-03 18:37:46+00:00,1777833466000,30023,26.27127,43.2559,10.01058,80895,True,52.98244,3
20260503-101634,-Orj7VefW9HsHZThER7g,2026-05-03 18:37:58+00:00,1777833478000,30035,26.27634,43.26709,10.01073,81052,True,52.84864,3
20260503-101634,-Orj7Y_RiQ2kDZVBl21V,2026-05-03 18:38:10+00:00,1777833490000,30047,26.26873,43.26158,10.01044,81288,True,52.39577,3
20260503-101634,-Orj7aVmtCQ3qWsd9b8N,2026-05-03 18:38:22+00:00,1777833502000,30059,26.26873,43.25878,10.01045,81209,True,52.76391,3
20260503-101634,-Orj7dR54xFufueBj25C,2026-05-03 18:38:34+00:00,1777833514000,30071,26.27127,43.27797,10.01046,81288,True,53.07357,3
20260503-101634,-Orj7gOLXbId0fCxNeMN,2026-05-03 18:38:46+00:00,1777833526000,30083,26.26873,43.26828,10.01038,81605,True,52.32505,3
20260503-101634,-Orj7jI4xd5CmnIbhs_U,2026-05-03 18:38:58+00:00,1777833538000,30095,26.27127,43.26937,10.01046,81131,True,52.76649,3
20260503-101634,-Orj7mDXaxMyJmdwtXgU,2026-05-03 18:39:10+00:00,1777833550000,30107,26.2738,43.24645,10.0105,80974,True,53.24191,3
20260503-101634,-Orj7p9K4U_NpFVya12L,2026-05-03 18:39:22+00:00,1777833562000,30119,26.26873,43.26589,10.01026,81446,True,52.14142,3
20260503-101634,-Orj7s4np5_sIvOG9qH2,2026-05-03 18:39:34+00:00,1777833574000,30131,26.2662,43.24632,10.01024,81131,True,52.94276,3
20260503-101634,-Orj7v04c7-vV-WhbsAZ,2026-05-03 18:39:46+00:00,1777833586000,30143,26.27127,43.23759,10.01018,81367,True,52.5109,3
20260503-101634,-Orj8-o_SatOrw8ki4j_,2026-05-03 18:39:58+00:00,1777833598000,30155,26.26873,43.26027,10.01017,81605,True,52.01263,3
20260503-101634,-Orj80_kv078Sj5Rxn5Z,2026-05-03 18:40:13+00:00,1777833613000,30170,26.32755,43.11128,10.01018,81131,True,52.37984,3
20260503-101634,-Orj83WhEIV82Iw2scMY,2026-05-03 18:40:25+00:00,1777833625000,30182,26.25099,43.48968,10.01033,72367,True,93.93508,3
20260503-101634,-Orj86RbdT93MDb56YIO,2026-05-03 18:40:37+00:00,1777833637000,30194,26.25352,43.32116,10.01015,76885,True,78.90775,3
20260503-101634,-Orj89NQshGiKEQOJrtG,2026-05-03 18:40:49+00:00,1777833649000,30206,26.26113,43.28828,10.01045,78988,True,66.66331,3
20260503-101634,-Orj8CIBZyIvp6pbd5ll,2026-05-03 18:41:01+00:00,1777833661000,30218,26.2662,43.27994,10.01036,79664,True,60.7524,3
20260503-101634,-Orj8Et3b3UNq3r1T4jr,2026-05-03 18:41:12+00:00,1777833672000,30229,26.18759,43.76849,10.01017,70480,True,72.25374,3
20260503-101634,-Orj8HoDKbSKE-Rd9GNi,2026-05-03 18:41:24+00:00,1777833684000,30241,26.25605,43.35652,10.01039,77311,True,74.02514,3
20260503-101634,-Orj8KjxIlq1f7Dcod48,2026-05-03 18:41:36+00:00,1777833696000,30253,26.2662,43.29026,10.01038,79589,True,65.04331,3
20260503-101634,-Orj8NfLpN34TXJBWj_K,2026-05-03 18:41:48+00:00,1777833708000,30265,26.26873,43.28798,10.01021,79892,True,59.64376,3
20260503-101634,-Orj8Qaa88R5xrQHYYZc,2026-05-03 18:42:00+00:00,1777833720000,30277,26.2662,43.29774,10.01024,80198,True,57.65412,3
20260503-101634,-Orj8TXIUOGjHIjdxW7V,2026-05-03 18:42:12+00:00,1777833732000,30289,26.2662,43.29399,10.01022,80817,True,55.73796,3
20260503-101634,-Orj8WSewxMXfATwd-Ia,2026-05-03 18:42:24+00:00,1777833744000,30301,26.2738,43.25675,10.01013,80429,True,55.62208,3
20260503-101634,-Orj8ZOReRXQcy1YNkLv,2026-05-03 18:42:36+00:00,1777833756000,30313,26.2738,43.2715,10.0103,80662,True,55.14096,3
20260503-101634,-Orj8bJtK1Mee3MUr7wf,2026-05-03 18:42:48+00:00,1777833768000,30325,26.2738,43.28159,10.01013,80817,True,54.48017,3
20260503-101634,-Orj93jyFV3RpeMAdygA,2026-05-03 18:44:42+00:00,1777833882000,30439,26.25241,43.50998,10.00986,57628,True,181.1151,3
20260503-101634,-Orj96DKb4VB08YwO1S8,2026-05-03 18:44:54+00:00,1777833894000,30451,26.09631,44.30795,10.00981,44123,True,219.52682,2
20260503-101634,-Orj97hj7BrPWpJM4euR,2026-05-03 18:45:05+00:00,1777833905000,30462,26.11406,44.05237,10.00998,50382,True,214.24045,2
20260503-101634,-Orj9AdJsIWGCEkO6-1o,2026-05-03 18:45:17+00:00,1777833917000,30474,26.20534,43.48835,10.01007,64409,True,159.52936,2
20260503-101634,-Orj9DZraxGN1CRsIlkn,2026-05-03 18:45:29+00:00,1777833929000,30486,26.22056,43.37316,10.01014,70243,True,117.91125,2
20260503-101634,-Orj9GV6ukRY45AW5EDi,2026-05-03 18:45:41+00:00,1777833941000,30498,26.22816,43.36788,10.0101,73318,True,94.96803,2
20260503-101634,-Orj9JQks5Y0r-0g8da2,2026-05-03 18:45:53+00:00,1777833953000,30510,26.23323,43.3636,10.0099,75228,True,83.1143,2
20260503-101634,-Orj9NbKx0nVKWMmnnEW,2026-05-03 18:46:05+00:00,1777833965000,30522,26.23831,43.3635,10.00995,76674,True,75.30128,2
20260503-101634,-Orj9P6X1OgqiARHYYwH,2026-05-03 18:46:16+00:00,1777833976000,30533,26.1597,43.88911,10.00993,67038,True,86.80826,3
20260503-101634,-Orj9S1Zg-sPnxjxXhXt,2026-05-03 18:46:28+00:00,1777833988000,30545,26.23323,43.3978,10.00969,74624,True,86.47276,3
20260503-101634,-Orj9VGayqrhRHhq8pOb,2026-05-03 18:46:40+00:00,1777834000000,30557,26.23831,43.35168,10.00965,76815,True,75.84798,3
20260503-101634,-Orj9YqF4vR7bcpoWiMj,2026-05-03 18:46:53+00:00,1777834013000,30570,26.30334,43.18934,10.00988,77670,True,73.08864,3
20260503-101634,-Orj9a76QMQBwnGDRO3_,2026-05-03 18:47:05+00:00,1777834025000,30582,26.22816,43.51836,10.0098,71078,True,101.45473,3
20260503-101634,-Orj9d1aZiGjoosSCxJx,2026-05-03 18:47:17+00:00,1777834037000,30594,26.24084,43.37629,10.00988,75499,True,84.85878,3
20260503-101634,-Orj9fwbpr-JOKwdcEwS,2026-05-03 18:47:29+00:00,1777834049000,30606,26.24591,43.35126,10.00998,77526,True,73.423,3
20260503-101634,-Orj9irtT1n7QE5PjKIt,2026-05-03 18:47:41+00:00,1777834061000,30618,26.25099,43.31016,10.00975,78544,True,66.44446,3
20260503-101634,-Orj9lnBa6tgdX7cEM3L,2026-05-03 18:47:53+00:00,1777834073000,30630,26.24591,43.32433,10.00963,78691,True,63.85955,3
20260503-101634,-Orj9oqFmhB94RpQ_L3-,2026-05-03 18:48:05+00:00,1777834085000,30642,26.25352,43.30079,10.00973,79212,True,61.67693,3
20260503-101634,-Orj9rgwEdIvu3pmjWTq,2026-05-03 18:48:17+00:00,1777834097000,30654,26.25099,43.30956,10.00978,79816,True,58.98609,3
20260503-101634,-Orj9u_aINXgxWfejc-f,2026-05-03 18:48:29+00:00,1777834109000,30666,26.26113,43.29766,10.00979,79892,True,58.2905,3
20260503-101634,-Orj9xWjNPUSlbBDICti,2026-05-03 18:48:41+00:00,1777834121000,30678,26.25605,43.30368,10.00955,80507,True,56.95292,3
20260503-101634,-OrjA-Ul6hz-qwLpt7RK,2026-05-03 18:48:53+00:00,1777834133000,30690,26.25352,43.30829,10.00957,80275,True,56.66949,3
20260503-101634,-OrjA2TRUZYaZC0K88MO,2026-05-03 18:49:05+00:00,1777834145000,30702,26.26113,43.2763,10.00966,80122,True,56.52659,3
20260503-101634,-OrjA5JtooLkeUSRa7Dh,2026-05-03 18:49:17+00:00,1777834157000,30714,26.25859,43.27551,10.00952,80507,True,55.99484,3
20260503-101634,-OrjA8E3Mjlo67gtxxCP,2026-05-03 18:49:29+00:00,1777834169000,30726,26.26113,43.25782,10.00959,80662,True,55.36845,3
20260503-101634,-OrjABC8yWU19tKvqAJA,2026-05-03 18:49:41+00:00,1777834181000,30738,26.26366,43.25023,10.00972,80275,True,55.06133,3
20260503-101634,-OrjADm_omNeCqqQgZIV,2026-05-03 18:49:52+00:00,1777834192000,30749,26.31107,43.13195,10.00939,80817,True,54.81688,3
20260503-101634,-OrjAKAKnJ3ntv3lT4o5,2026-05-03 18:50:05+00:00,1777834205000,30762,26.2222,43.82536,10.00969,66453,True,74.73513,3
20260503-101634,-OrjAKw84kScDFFcpswB,2026-05-03 18:50:21+00:00,1777834221000,30778,26.19901,44.03567,10.00947,57195,True,103.85985,3
20260503-101634,-OrjANu1ebwlIMU906T9,2026-05-03 18:50:33+00:00,1777834233000,30790,26.21802,43.59102,10.00946,64757,True,141.8793,3
20260503-101634,-OrjAQnLPTQcS6A9HzWt,2026-05-03 18:50:45+00:00,1777834245000,30802,26.23577,43.3685,10.00945,72871,True,106.31418,3
20260503-101634,-OrjATiR8dQZ4LKhRfT4,2026-05-03 18:50:57+00:00,1777834257000,30814,26.24845,43.32817,10.00958,75772,True,83.76758,3
20260503-101634,-OrjAWdwm1VEgAtM798s,2026-05-03 18:51:09+00:00,1777834269000,30826,26.24084,43.33602,10.00928,77454,True,72.16301,3
20260503-101634,-OrjAZ_QOtuEJNHrogJD,2026-05-03 18:51:21+00:00,1777834281000,30838,26.25099,43.30028,10.00934,78323,True,66.17684,3
20260503-101634,-OrjAbihc_sOUTOBzulf,2026-05-03 18:51:34+00:00,1777834294000,30851,26.22563,43.55531,10.00936,73254,True,78.01511,3
20260503-101634,-OrjAeeOhMfqpqjc50a3,2026-05-03 18:51:46+00:00,1777834306000,30863,26.25352,43.31623,10.00931,77598,True,72.21564,3
20260503-101634,-OrjAh_Qdgv9zQ0-fbSz,2026-05-03 18:51:58+00:00,1777834318000,30875,26.25859,43.26725,10.00929,79063,True,64.43381,3
20260503-101634,-OrjAmYLaIoTv7qFXSgX,2026-05-03 18:52:10+00:00,1777834330000,30887,26.25099,43.30385,10.00901,79287,True,61.11726,3
20260503-101634,-OrjAnQPbf6Gu0XgHUGd,2026-05-03 18:52:22+00:00,1777834342000,30899,26.30225,43.17815,10.0089,79740,True,60.30054,3
20260503-101634,-OrjAqKw4c3Ixuz3IKHk,2026-05-03 18:52:34+00:00,1777834354000,30911,26.23323,43.47129,10.00911,73382,True,89.50035,3
20260503-101634,-OrjAtH91G8Cz8hx2SXr,2026-05-03 18:52:46+00:00,1777834366000,30923,26.24338,43.32452,10.00913,77240,True,75.68845,3
20260503-101634,-OrjAwBv7fRwVOzwcdH0,2026-05-03 18:52:58+00:00,1777834378000,30935,26.24845,43.30429,10.00913,78691,True,66.45006,3
20260503-101634,-OrjAz7YKney7f44Knku,2026-05-03 18:53:10+00:00,1777834390000,30947,26.25605,43.27871,10.00907,79212,True,62.11326,3
20260503-101634,-OrjB13ILnFb_OG0QiHs,2026-05-03 18:53:22+00:00,1777834402000,30959,26.25859,43.27822,10.00906,80352,True,58.29576,3
20260503-101634,-OrjB4-cvI7e_CVy7LCr,2026-05-03 18:53:34+00:00,1777834414000,30971,26.25859,43.28619,10.00882,79969,True,57.25079,3
20260503-101634,-OrjB7F77kuTPSG94gqG,2026-05-03 18:53:46+00:00,1777834426000,30983,26.25605,43.28614,10.0086,81052,True,54.89867,3
20260503-101634,-OrjB9q_dtGAi25yGgf9,2026-05-03 18:53:58+00:00,1777834438000,30995,26.26113,43.28392,10.00877,81052,True,53.92464,3
20260503-101634,-OrjBCm5-G-cM46leb8J,2026-05-03 18:54:10+00:00,1777834450000,31007,26.26113,43.26999,10.00887,80507,True,54.37014,3
20260503-101634,-OrjBFj6OIVT0Od8H86S,2026-05-03 18:54:22+00:00,1777834462000,31019,26.25352,43.28967,10.00875,80662,True,54.05145,3
20260503-101634,-OrjBIdPl6mvIa8FO649,2026-05-03 18:54:34+00:00,1777834474000,31031,26.2662,43.25934,10.00902,81525,True,52.46598,3
20260503-101634,-OrjBLahM3NC9oJy4edX,2026-05-03 18:54:46+00:00,1777834486000,31043,26.26366,43.27992,10.00909,81288,True,52.73209,3
20260503-101634,-OrjBOVKL_NaYZ17Zmde,2026-05-03 18:54:58+00:00,1777834498000,31055,26.25352,43.32189,10.00875,81525,True,52.64276,3
20260503-101634,-OrjBRQUR6T9qhAHy3S6,2026-05-03 18:55:10+00:00,1777834510000,31067,26.26113,43.26025,10.00896,81685,True,51.9951,3
20260503-101634,-OrjBUhMEtak3ydqsmAd,2026-05-03 18:55:22+00:00,1777834522000,31079,26.26113,43.26862,10.00893,81131,True,52.49759,3
20260503-101634,-OrjBXHR6BVXG66unod-,2026-05-03 18:55:34+00:00,1777834534000,31091,26.26873,43.2393,10.00921,81605,True,51.89971,3
20260503-101634,-OrjB_FU9Zl_4-DiiVjk,2026-05-03 18:55:46+00:00,1777834546000,31103,26.26113,43.27225,10.00929,81446,True,52.24655,3
20260503-101634,-OrjBc8RrhNkVFsLFF9Y,2026-05-03 18:55:58+00:00,1777834558000,31115,26.26113,43.2499,10.00889,81605,True,51.61965,3
20260503-101634,-OrjBf3r3RHRpun_qzRa,2026-05-03 18:56:10+00:00,1777834570000,31127,26.2662,43.26732,10.00906,81131,True,52.12783,3
20260503-101634,-OrjBi1sLgUGjf7KVdQt,2026-05-03 18:56:22+00:00,1777834582000,31139,26.27127,43.23078,10.00909,81525,True,51.52739,3
20260503-101634,-OrjBkxLHNCde2Wh467A,2026-05-03 18:56:34+00:00,1777834594000,31151,26.2662,43.24871,10.00927,81446,True,51.69842,3
20260503-101634,-OrjBnuRj0HNxlfhjsI9,2026-05-03 18:56:46+00:00,1777834606000,31163,26.26113,43.25404,10.00921,81288,True,52.10571,3
20260503-101634,-OrjBqmsXIsInBmDorp7,2026-05-03 18:56:58+00:00,1777834618000,31175,26.2662,43.22831,10.00922,81685,True,51.81645,3
20260503-101634,-OrjBtiVjjg5X4Rlzqlk,2026-05-03 18:57:10+00:00,1777834630000,31187,26.27127,43.21977,10.00954,81288,True,51.80575,3
20260503-101634,-OrjBwjpAkjwVLwIngmE,2026-05-03 18:57:22+00:00,1777834642000,31199,26.24084,43.46699,10.0093,75772,True,66.18257,3
20260503-101634,-OrjBzeVIQM6RzVpEa2s,2026-05-03 18:57:34+00:00,1777834654000,31211,26.26113,43.2859,10.00912,79664,True,62.07131,3
20260503-101634,-OrjC1Zw6iE8eCuvFYNU,2026-05-03 18:57:46+00:00,1777834666000,31223,26.2662,43.24056,10.00913,80974,True,56.31432,3
20260503-101634,-OrjC4eORi_sOGTb1mZt,2026-05-03 18:57:58+00:00,1777834678000,31235,26.2662,43.23243,10.00913,80507,True,55.71313,3
20260503-101634,-OrjC7SwNWzeGTtWoM0i,2026-05-03 18:58:10+00:00,1777834690000,31247,26.27127,43.22792,10.00916,80740,True,54.68419,3
20260503-101634,-OrjCAdrW1A4U3Oxphkd,2026-05-03 18:58:22+00:00,1777834702000,31259,26.27127,43.23643,10.00916,80817,True,54.0354,3
20260503-101634,-OrjCDI-nXiTtagQyJ1d,2026-05-03 18:58:34+00:00,1777834714000,31271,26.2662,43.2269,10.00901,81605,True,51.98143,3
20260503-101634,-OrjCGDZqIaVGxFvZ-rD,2026-05-03 18:58:46+00:00,1777834726000,31283,26.26873,43.22015,10.00903,81685,True,51.69949,3
20260503-101634,-OrjCJ93adN1uU136B8e,2026-05-03 18:58:58+00:00,1777834738000,31295,26.2662,43.22223,10.0092,81367,True,52.18598,3
20260503-101634,-OrjCLc0WzDluGrnWkiS,2026-05-03 18:59:08+00:00,1777834748000,31305,26.19267,43.6896,10.00907,72493,True,64.01878,3
20260503-101634,-OrjCQXokIFDl5upoKuF,2026-05-03 18:59:21+00:00,1777834761000,31318,26.29827,43.36507,10.00919,74958,True,68.76572,3
20260503-101634,-OrjCRIpC5ynPP9pgwvN,2026-05-03 18:59:31+00:00,1777834771000,31328,26.21163,43.94401,10.00927,61387,True,92.66805,3
20260503-101634,-OrjCUFUSISLtk3237zx,2026-05-03 18:59:43+00:00,1777834783000,31340,26.23577,43.46709,10.00941,69659,True,116.46545,3
20260503-101634,-OrjCXAj4K4zt3SbaX33,2026-05-03 18:59:55+00:00,1777834795000,31352,26.25605,43.28218,10.00953,75841,True,88.69897,3
20260503-101634,-OrjC_5CBDp7-e3z4emC,2026-05-03 19:00:07+00:00,1777834807000,31364,26.25352,43.25234,10.00933,78470,True,71.59637,3
20260503-101634,-OrjCc0ya9_eMMNnxeKK,2026-05-03 19:00:19+00:00,1777834819000,31376,26.25859,43.26953,10.00931,79287,True,64.14022,3
20260503-101634,-OrjCexAqiH7ULLu0DTv,2026-05-03 19:00:31+00:00,1777834831000,31388,26.26113,43.22671,10.00921,79438,True,61.05898,3
20260503-101634,-OrjChtx53sUqWdZNYha,2026-05-03 19:00:43+00:00,1777834843000,31400,26.26113,43.25364,10.00917,80045,True,58.48667,3
20260503-101634,-OrjCkqh7RNmaA1UEPaF,2026-05-03 19:00:55+00:00,1777834855000,31412,26.26873,43.21269,10.00908,80352,True,56.69001,3
20260503-101634,-OrjCnjnlUskldqxXSrZ,2026-05-03 19:01:07+00:00,1777834867000,31424,26.26366,43.25224,10.009,80507,True,55.8688,3
20260503-101634,-OrjCqfW5iyStuvL1fJW,2026-05-03 19:01:19+00:00,1777834879000,31436,26.26873,43.20716,10.00914,80740,True,54.97081,3
20260503-101634,-OrjCtkAZNzdNwFEAk1G,2026-05-03 19:01:31+00:00,1777834891000,31448,26.26873,43.22329,10.009,80740,True,54.2538,3
20260503-101634,-OrjCwF42Cx2_Pl_cyVS,2026-05-03 19:01:42+00:00,1777834902000,31459,26.19013,43.74787,10.00877,71017,True,67.65466,3
20260503-101634,-OrjCyoHMFyll28Zg1n6,2026-05-03 19:01:53+00:00,1777834913000,31470,26.17999,43.80732,10.00896,67038,True,86.63416,3
20260503-101634,-OrjD1tvvFxbz8qltqMQ,2026-05-03 19:02:06+00:00,1777834926000,31483,26.28559,43.43842,10.00907,70837,True,90.16335,3
20260503-101634,-OrjD47dbY_RInYaz9El,2026-05-03 19:02:18+00:00,1777834938000,31495,26.20534,43.71753,10.00902,63723,True,128.86362,3
20260503-101634,-OrjD77gJPp0lO6ULtWC,2026-05-03 19:02:30+00:00,1777834950000,31507,26.23831,43.34843,10.00893,73511,True,101.91733,3
20260503-101634,-OrjDA0C84D6R12ZJ4OD,2026-05-03 19:02:42+00:00,1777834962000,31519,26.25099,43.28241,10.00882,77240,True,79.43439,3
20260503-101634,-OrjDCwskyDuitGU2a73,2026-05-03 19:02:54+00:00,1777834974000,31531,26.25859,43.26414,10.0089,78544,True,68.39077,3
20260503-101634,-OrjDFqdibYreNwgEVXv,2026-05-03 19:03:06+00:00,1777834986000,31543,26.25099,43.25949,10.00876,79212,True,62.77602,3
20260503-101634,-OrjDIlqcYMvkAm24ovW,2026-05-03 19:03:18+00:00,1777834998000,31555,26.25605,43.23524,10.00876,80198,True,59.21918,3
20260503-101634,-OrjDLhJ6LDZZPriVAKF,2026-05-03 19:03:30+00:00,1777835010000,31567,26.26873,43.21744,10.00875,80352,True,57.37806,3
20260503-101634,-OrjDOf_Qw29yIYjam2S,2026-05-03 19:03:42+00:00,1777835022000,31579,26.26113,43.24813,10.00865,80817,True,56.05121,3
20260503-101634,-OrjDRaTseGm19Lp8GDX,2026-05-03 19:03:54+00:00,1777835034000,31591,26.26366,43.21899,10.00893,81131,True,54.79657,3
20260503-101634,-OrjDUUxmTiKVkqPinas,2026-05-03 19:04:06+00:00,1777835046000,31603,26.26366,43.21466,10.00875,81209,True,54.35494,3
20260503-101634,-OrjDXW-V7V3LQhiMWt9,2026-05-03 19:04:19+00:00,1777835059000,31616,26.32048,43.06575,10.0088,81131,True,53.93627,3
20260503-101634,-OrjDaRq7SWEM6QyXqc3,2026-05-03 19:04:32+00:00,1777835072000,31629,26.21695,43.86269,10.00867,64757,True,76.99303,3
20260503-101634,-OrjDcfSBPLMBIqFUyDD,2026-05-03 19:04:44+00:00,1777835084000,31641,26.21041,43.7252,10.00882,62580,True,130.31671,3
20260503-101634,-OrjDfdFHTK8t8I9VQGu,2026-05-03 19:04:56+00:00,1777835096000,31653,26.24084,43.35077,10.00897,73318,True,104.01833,3
20260503-101634,-OrjDiuawoMMlVDpgVna,2026-05-03 19:05:08+00:00,1777835108000,31665,26.24591,43.29329,10.00884,76815,True,80.72807,3
20260503-101634,-OrjDlenMPonTUpA4NZw,2026-05-03 19:05:21+00:00,1777835121000,31678,26.22563,43.53317,10.00869,72243,True,86.56779,3
20260503-101634,-OrjDo_6BFnPQ-tCsiUx,2026-05-03 19:05:33+00:00,1777835133000,31690,26.24338,43.31621,10.00852,77670,True,75.70303,3
20260503-101634,-OrjDrY3jDPKoMX4QEpv,2026-05-03 19:05:45+00:00,1777835145000,31702,26.25605,43.24926,10.00844,78839,True,66.66903,3
20260503-101634,-OrjDuW8bmuhJCAsfY-n,2026-05-03 19:05:57+00:00,1777835157000,31714,26.25352,43.26054,10.00833,79589,True,62.33894,3
20260503-101634,-OrjDxM87S-waPYJXI8p,2026-05-03 19:06:09+00:00,1777835169000,31726,26.25605,43.24214,10.00848,80122,True,59.22105,3
20260503-101634,-OrjE-Jv6mzGy8GSB0TA,2026-05-03 19:06:21+00:00,1777835181000,31738,26.25605,43.23789,10.00834,80045,True,57.62064,3
20260503-101634,-OrjE2DPrnm0rSzjhVoX,2026-05-03 19:06:33+00:00,1777835193000,31750,26.26366,43.23548,10.00832,80817,True,55.04848,3
20260503-101634,-OrjE5VPBRBemy_7GwKn,2026-05-03 19:06:46+00:00,1777835206000,31763,26.31349,43.1083,10.00831,80429,True,55.28958,3
20260503-101634,-OrjE8KENySbF3wyPjTV,2026-05-03 19:06:58+00:00,1777835218000,31775,26.24084,43.43489,10.00835,73126,True,90.59758,3
20260503-101634,-OrjEBFNaLdDT8-VnQVp,2026-05-03 19:07:10+00:00,1777835230000,31787,26.25099,43.26475,10.00822,77240,True,75.66614,3
20260503-101634,-OrjEEEiLwNBmmE4DRsI,2026-05-03 19:07:22+00:00,1777835242000,31799,26.25605,43.26229,10.00841,79438,True,65.04575,3
20260503-101634,-OrjEHNTqMJkZjKhXJ8h,2026-05-03 19:07:34+00:00,1777835254000,31811,26.26113,43.24009,10.00828,79892,True,60.3447,3
20260503-101634,-OrjEK20H1eNISpcba18,2026-05-03 19:07:46+00:00,1777835266000,31823,26.26113,43.21933,10.00819,80275,True,57.4586,3
20260503-101634,-OrjEN-FTu9UNPxp1FJT,2026-05-03 19:07:58+00:00,1777835278000,31835,26.25605,43.24883,10.00811,80352,True,56.63965,3
20260503-101634,-OrjEPu-DkNHH1msFgMz,2026-05-03 19:08:10+00:00,1777835290000,31847,26.26113,43.23952,10.0081,80352,True,55.51644,3
20260503-101634,-OrjESrB_LevvsdEQIDn,2026-05-03 19:08:22+00:00,1777835302000,31859,26.26113,43.21769,10.00793,80895,True,54.15757,3
20260503-101634,-OrjEW-X4SJbdbgg5Isl,2026-05-03 19:08:35+00:00,1777835315000,31872,26.31853,43.08552,10.00795,81052,True,53.89188,3
20260503-101634,-OrjEYw1Q2n7wyVYfrLO,2026-05-03 19:08:47+00:00,1777835327000,31884,26.24338,43.38305,10.00811,73640,True,89.34426,3
20260503-101634,-OrjEaraKp9Ilev7hXB0,2026-05-03 19:08:59+00:00,1777835339000,31896,26.24591,43.26896,10.00817,77742,True,74.97456,3
20260503-101634,-OrjEdnV-cQiWNFlK6JM,2026-05-03 19:09:11+00:00,1777835351000,31908,26.25099,43.24252,10.00806,79362,True,64.3819,3
20260503-101634,-OrjEgjJEW_fAdEEnlRC,2026-05-03 19:09:23+00:00,1777835363000,31920,26.26366,43.19218,10.00817,80429,True,59.03521,3
20260503-101634,-OrjEje-m7cDZ_Z0emWS,2026-05-03 19:09:35+00:00,1777835375000,31932,26.26113,43.18624,10.00805,80817,True,56.05806,3
20260503-101634,-OrjEm_bFhz3E-hrng9a,2026-05-03 19:09:47+00:00,1777835387000,31944,26.2662,43.19991,10.00808,80740,True,55.29574,3
20260503-101634,-OrjEpVowbRU1eomHvt0,2026-05-03 19:09:59+00:00,1777835399000,31956,26.25859,43.19477,10.00781,80740,True,54.04587,3
20260503-101634,-OrjEsRLT70dQrx68TNH,2026-05-03 19:10:11+00:00,1777835411000,31968,26.26366,43.19675,10.00788,81209,True,52.9289,3
20260503-101634,-OrjEvNvoa1Uz5RdVYhF,2026-05-03 19:10:23+00:00,1777835423000,31980,26.27127,43.19722,10.00802,81367,True,52.49784,3
20260503-101634,-OrjEysKLA1p0xRwcDXq,2026-05-03 19:10:35+00:00,1777835435000,31992,26.2662,43.18092,10.00787,81605,True,52.11784,3
20260503-101634,-OrjF0DmNwpgDBbFcS5k,2026-05-03 19:10:47+00:00,1777835447000,32004,26.27634,43.17541,10.00817,80974,True,52.92826,3
20260503-101634,-OrjF39cStRDzDfG3EDk,2026-05-03 19:10:59+00:00,1777835459000,32016,26.27127,43.18937,10.00775,81525,True,52.64692,3
20260503-101634,-OrjF64sRHUTtbBo1eTC,2026-05-03 19:11:11+00:00,1777835471000,32028,26.26873,43.21186,10.0078,81605,True,51.83583,3
20260503-101634,-OrjF91MIvgkHw0NIwTG,2026-05-03 19:11:23+00:00,1777835483000,32040,26.2738,43.18282,10.00771,81605,True,50.84915,3
20260503-101634,-OrjFByULtXqMgDMasR4,2026-05-03 19:11:35+00:00,1777835495000,32052,26.2738,43.20341,10.00765,81288,True,51.62226,3
20260503-101634,-OrjFEuFBsz7sZAOgOZd,2026-05-03 19:11:47+00:00,1777835507000,32064,26.2738,43.20179,10.00772,81525,True,51.82295,3
20260503-101634,-OrjFHnzEN7MPo3tVF6-,2026-05-03 19:11:59+00:00,1777835519000,32076,26.26873,43.20274,10.00764,81446,True,52.13978,3
20260503-101634,-OrjFKjJMm_VZWcZORWP,2026-05-03 19:12:11+00:00,1777835531000,32088,26.27127,43.21199,10.00772,81605,True,51.50977,3
20260503-101634,-OrjFNfx-UzWt1An7DY5,2026-05-03 19:12:23+00:00,1777835543000,32100,26.2738,43.20149,10.00767,81367,True,51.60583,3
20260503-101634,-OrjFQaaYtZQYPdR4L8T,2026-05-03 19:12:35+00:00,1777835555000,32112,26.2662,43.19987,10.00762,81525,True,51.10462,3
20260503-101634,-OrjFTX-TwRuU0caB4v3,2026-05-03 19:12:47+00:00,1777835567000,32124,26.26873,43.20035,10.00771,81764,True,51.13169,3
20260503-101634,-OrjFWTkgiqQsFuNLonE,2026-05-03 19:12:59+00:00,1777835579000,32136,26.26873,43.21935,10.00784,81525,True,51.06399,3
20260503-101634,-OrjFZO704ifEYmNviM9,2026-05-03 19:13:11+00:00,1777835591000,32148,26.26873,43.21383,10.00777,81446,True,50.98446,3
20260503-101634,-OrjFbK5zzvReoTjhx5d,2026-05-03 19:13:23+00:00,1777835603000,32160,26.26366,43.21271,10.00761,81605,True,51.16647,3
20260503-101634,-OrjFeF-U-va6Maa0vkZ,2026-05-03 19:13:35+00:00,1777835615000,32172,26.27634,43.187,10.00792,81685,True,51.06258,3
20260503-101634,-OrjG1__XcHIk07-Ybyb,2026-05-03 19:15:11+00:00,1777835711000,32268,26.18506,43.70134,10.00788,51089,True,209.18317,2
20260503-101634,-OrjG3pAYo-cRdQKWdC-,2026-05-03 19:15:24+00:00,1777835724000,32281,26.17745,43.65989,10.00767,58027,True,187.24834,2
20260503-101634,-OrjG6jjZ7rDsdQnYDTa,2026-05-03 19:15:36+00:00,1777835736000,32293,26.21802,43.35736,10.00804,67688,True,137.79778,2
20260503-101634,-OrjG9fgrkiSARGVVAlj,2026-05-03 19:15:48+00:00,1777835748000,32305,26.22563,43.3111,10.00783,72618,True,104.74614,2
20260503-101634,-OrjGCaz0zefbVWVM4Ii,2026-05-03 19:16:00+00:00,1777835760000,32317,26.23577,43.27683,10.0078,74824,True,87.17937,2
20260503-101634,-OrjGFXMkyib0Vikhr4B,2026-05-03 19:16:12+00:00,1777835772000,32329,26.23577,43.29563,10.00782,76534,True,77.07992,2
20260503-101634,-OrjGITdEXCuGyRhmipR,2026-05-03 19:16:24+00:00,1777835784000,32341,26.24338,43.26102,10.00766,77742,True,70.8848,3
20260503-101634,-OrjGLP5Y3P3ZP4A61OH,2026-05-03 19:16:36+00:00,1777835796000,32353,26.25605,43.22985,10.0077,78031,True,67.24461,3
20260503-101634,-OrjGOg2g9Nv6gv1r3bX,2026-05-03 19:16:48+00:00,1777835808000,32365,26.25099,43.25267,10.0075,78691,True,64.27595,3
20260503-101634,-OrjGRFGyXaLYiktWWs6,2026-05-03 19:17:00+00:00,1777835820000,32377,26.25099,43.25361,10.00736,79362,True,61.31195,3
20260503-101634,-OrjGUAf1HAvjIUDmtgv,2026-05-03 19:17:12+00:00,1777835832000,32389,26.26113,43.19753,10.00752,79137,True,60.48318,3
20260503-101634,-OrjGX7g20NPLaCr53_i,2026-05-03 19:17:24+00:00,1777835844000,32401,26.26113,43.19804,10.00754,79740,True,59.58273,3
20260503-101634,-OrjG_1obgTOF6VSJlNC,2026-05-03 19:17:36+00:00,1777835856000,32413,26.26366,43.19395,10.0073,79892,True,58.08572,3
20260503-101634,-OrjGbyGgLk_Zc3E0XkK,2026-05-03 19:17:47+00:00,1777835867000,32425,26.26366,43.16603,10.00733,80122,True,56.90843,3
20260503-101634,-OrjGetpf-WLQ20NuDy1,2026-05-03 19:17:59+00:00,1777835879000,32437,26.26113,43.16074,10.00743,80275,True,56.24297,3
20260503-101634,-OrjGhp6R5ZIofian8zG,2026-05-03 19:18:11+00:00,1777835891000,32449,26.2662,43.18506,10.00739,81052,True,54.7272,3
20260503-101634,-OrjGkkv3DGFa2-BxrgA,2026-05-03 19:18:23+00:00,1777835903000,32461,26.26366,43.16842,10.00742,81209,True,53.88208,3
20260503-101634,-OrjGngB4iKuYu3tKuqg,2026-05-03 19:18:35+00:00,1777835915000,32473,26.2662,43.19332,10.00743,80974,True,53.91579,3
20260503-101634,-OrjGqbljqVTUCmd97mA,2026-05-03 19:18:47+00:00,1777835927000,32485,26.26873,43.1867,10.00733,80895,True,53.84076,3
20260503-101634,-OrjGtYKtXiz0Y5D4dlK,2026-05-03 19:18:59+00:00,1777835939000,32497,26.26366,43.22117,10.00733,81209,True,53.25729,3
20260503-101634,-OrjGwTrco3MUEJuWiAP,2026-05-03 19:19:11+00:00,1777835951000,32509,26.26873,43.18022,10.00721,81052,True,52.94358,3
20260503-101634,-OrjH022J3ycGRp1hZ0f,2026-05-03 19:19:24+00:00,1777835964000,32522,26.32616,43.03691,10.0073,81209,True,52.90423,3
20260503-101634,-OrjH3KEENh24L0Wi6aJ,2026-05-03 19:19:43+00:00,1777835983000,32540,26.22293,43.84394,10.00712,64211,True,77.33122,3
20260503-101634,-OrjH6J5cO4mPrXuND67,2026-05-03 19:19:55+00:00,1777835995000,32552,26.22816,43.49194,10.00719,66138,True,130.11871,3
20260503-101634,-OrjH94BWpR6qqpweKa8,2026-05-03 19:20:07+00:00,1777836007000,32564,26.2307,43.31903,10.00705,74096,True,99.64122,3
20260503-101634,-OrjHC07jkJ0gyko_PLs,2026-05-03 19:20:19+00:00,1777836019000,32576,26.24084,43.25605,10.007,77097,True,79.24144,3
20260503-101634,-OrjHEw4oAlLgBsvZbuA,2026-05-03 19:20:31+00:00,1777836031000,32588,26.24084,43.27056,10.007,78323,True,68.62967,3
20260503-101634,-OrjHIB6kEo0NuSxwFDl,2026-05-03 19:20:43+00:00,1777836043000,32600,26.25352,43.22075,10.00715,79513,True,62.50849,3
20260503-101634,-OrjHKoJcX-U3090Z4B9,2026-05-03 19:20:55+00:00,1777836055000,32612,26.25352,43.20145,10.00703,80045,True,59.51303,3
20260503-101634,-OrjHNit-Z8iBtOZzIIb,2026-05-03 19:21:07+00:00,1777836067000,32624,26.26113,43.20122,10.00712,80045,True,57.71416,3
20260503-101634,-OrjHQe1UpKHaDkoI4qQ,2026-05-03 19:21:19+00:00,1777836079000,32636,26.26113,43.20198,10.00701,80740,True,56.01818,3
20260503-101634,-OrjHTaCNGWjRt2b8wKW,2026-05-03 19:21:31+00:00,1777836091000,32648,26.25859,43.20899,10.00685,81685,True,53.70881,3
20260503-101634,-OrjHWXqEUNI4PWQe0Mq,2026-05-03 19:21:43+00:00,1777836103000,32660,26.26113,43.21062,10.00696,80817,True,54.11294,3
20260503-101634,-OrjHZRrCnGVGXvaP0sL,2026-05-03 19:21:55+00:00,1777836115000,32672,26.25605,43.2351,10.00698,80817,True,53.45464,3
20260503-101634,-OrjHbMrnak_BpkY_BEm,2026-05-03 19:22:07+00:00,1777836127000,32684,26.26366,43.17945,10.00704,81605,True,52.84712,3
20260503-101634,-OrjHeISKREjucOLzlF8,2026-05-03 19:22:19+00:00,1777836139000,32696,26.25859,43.22223,10.00692,81367,True,52.63768,3
20260503-101634,-OrjHhNUI1dwNWtxVMZB,2026-05-03 19:22:32+00:00,1777836152000,32709,26.23831,43.47919,10.00698,75295,True,68.11914,3
20260503-101634,-OrjHkJHBkFWPCKFqgIV,2026-05-03 19:22:44+00:00,1777836164000,32721,26.25352,43.24105,10.00694,79287,True,64.47163,3
20260503-101634,-OrjHoh5nPnnLZykhLU-,2026-05-03 19:22:56+00:00,1777836176000,32733,26.26113,43.19484,10.00682,80507,True,58.01659,3
20260503-101634,-OrjHqDuPYX_6JyA9KTn,2026-05-03 19:23:08+00:00,1777836188000,32745,26.17492,43.80645,10.0067,68744,True,73.21729,3
20260503-101634,-OrjHtWukfhz1ShH1ghH,2026-05-03 19:23:21+00:00,1777836201000,32758,26.28052,43.43126,10.00685,71564,True,79.9892,3
20260503-101634,-OrjHwLH7S662COqoKT5,2026-05-03 19:23:33+00:00,1777836213000,32770,26.2307,43.45578,10.00682,71199,True,106.52119,3
20260503-101634,-OrjHzGW9CWBzcCI_BZ1,2026-05-03 19:23:45+00:00,1777836225000,32782,26.24591,43.28142,10.00663,76325,True,84.14668,3
20260503-101634,-OrjI1CdYVo_3aHnNNb2,2026-05-03 19:23:57+00:00,1777836237000,32794,26.25099,43.23463,10.00667,78839,True,69.11343,3
20260503-101634,-OrjI47ZI4A1BSAKQalr,2026-05-03 19:24:09+00:00,1777836249000,32806,26.24845,43.22806,10.00646,79664,True,61.95811,3
20260503-101634,-OrjI72t2fjf0g0PeCDG,2026-05-03 19:24:21+00:00,1777836261000,32818,26.25605,43.21412,10.00656,80429,True,57.88724,3
20260503-101634,-OrjI9ziGYFfHyjPGnlg,2026-05-03 19:24:33+00:00,1777836273000,32830,26.25099,43.23307,10.00643,80429,True,56.60363,3
20260503-101634,-OrjICvmc5S-GKV1XzDI,2026-05-03 19:24:45+00:00,1777836285000,32842,26.25352,43.2262,10.00654,80507,True,55.54651,3
20260503-101634,-OrjIFqLh3UO8fPO8cSe,2026-05-03 19:24:57+00:00,1777836297000,32854,26.25859,43.20286,10.0066,81052,True,53.66132,3
20260503-101634,-OrjIJ7EbuHfjtj6TXI4,2026-05-03 19:25:09+00:00,1777836309000,32866,26.25859,43.20915,10.00643,81052,True,53.30249,3
20260503-101634,-OrjIO5GhQC1AaJP5RBS,2026-05-03 19:25:22+00:00,1777836322000,32879,26.31856,43.05494,10.00656,81131,True,53.19195,3
20260503-101634,-OrjIOqzI6bdmkyM6GH9,2026-05-03 19:25:34+00:00,1777836334000,32891,26.21097,43.90415,10.00631,64211,True,77.55161,3
20260503-101634,-OrjIRosZTU68d4PxnxA,2026-05-03 19:25:46+00:00,1777836346000,32903,26.22056,43.48009,10.00634,69428,True,113.98987,3
20260503-101634,-OrjIovfHacFkUa98xeq,2026-05-03 19:27:23+00:00,1777836443000,33000,26.17492,43.73318,10.00584,51593,True,206.94267,2
20260503-101634,-OrjIr7DxV_J0IYC28JH,2026-05-03 19:27:34+00:00,1777836454000,33011,26.11913,43.95325,10.00577,53368,True,196.37798,2
20260503-101634,-OrjItiLRm-Ou4f48MNI,2026-05-03 19:27:44+00:00,1777836464000,33022,26.22469,43.58803,10.00582,57273,True,187.91931,2
20260503-101634,-OrjIx-g87bt9gHNVprc,2026-05-03 19:27:57+00:00,1777836477000,33035,26.15628,43.95116,10.00559,51945,True,192.28473,2
20260503-101634,-OrjIzpIm41FHahR5UFk,2026-05-03 19:28:09+00:00,1777836489000,33047,26.18506,43.57612,10.00576,61029,True,176.89465,2
20260503-101634,-OrjJ1kij1YViEmGJ4mX,2026-05-03 19:28:21+00:00,1777836501000,33059,26.21041,43.36868,10.00574,68857,True,128.4939,2
20260503-101634,-OrjJ4gCZBK3x3bciJbx,2026-05-03 19:28:33+00:00,1777836513000,33071,26.22056,43.3269,10.00578,73062,True,100.39661,2
20260503-101634,-OrjJ7e5hAr5IUTfe47H,2026-05-03 19:28:45+00:00,1777836525000,33083,26.22816,43.31409,10.00559,75160,True,85.55525,2
20260503-101634,-OrjJAGaXX261DSdPTro,2026-05-03 19:28:56+00:00,1777836536000,33093,26.28329,43.15118,10.00565,75431,True,82.79959,2
20260503-101634,-OrjJDhoOratqVF1EuKG,2026-05-03 19:29:08+00:00,1777836548000,33105,26.21041,43.47794,10.00555,71138,True,102.46992,2
20260503-101634,-OrjJG7N3qCwDhplKGXv,2026-05-03 19:29:20+00:00,1777836560000,33117,26.23323,43.32839,10.00572,75295,True,86.20261,3
20260503-101634,-OrjJJ3C6RDE82YvTjrV,2026-05-03 19:29:32+00:00,1777836572000,33129,26.23577,43.2916,10.00574,76744,True,75.33476,3
20260503-101634,-OrjJLzWwI3b-PtQM8xB,2026-05-03 19:29:44+00:00,1777836584000,33141,26.23577,43.27767,10.00562,77959,True,68.83379,3
20260503-101634,-OrjJOudgUxzSdnCPR5p,2026-05-03 19:29:56+00:00,1777836596000,33153,26.24591,43.26047,10.00547,78914,True,64.72464,3
20260503-101634,-OrjJS9qx6knsmK1lFMa,2026-05-03 19:30:08+00:00,1777836608000,33165,26.25099,43.22926,10.00562,79362,True,61.30433,3
20260503-101634,-OrjJUlZnK4UbqLln1gN,2026-05-03 19:30:20+00:00,1777836620000,33177,26.25605,43.21376,10.0056,79740,True,59.23244,3
20260503-101634,-OrjJXhUD_2-t22JraiO,2026-05-03 19:30:32+00:00,1777836632000,33189,26.24845,43.23101,10.00549,80275,True,57.92472,3
20260503-101634,-OrjJ_ciTJDxp6WPphx0,2026-05-03 19:30:44+00:00,1777836644000,33201,26.25352,43.24248,10.00554,80045,True,57.24541,3
20260503-101634,-OrjJcaebNx47WG9fnQg,2026-05-03 19:30:56+00:00,1777836656000,33213,26.25859,43.2323,10.00543,80584,True,55.77482,3
20260503-101634,-OrjJfXF-cSW79O6SkZS,2026-05-03 19:31:08+00:00,1777836668000,33225,26.26366,43.18673,10.00545,80740,True,55.30238,3
20260503-101634,-OrjJiQTTyieuu0HbphM,2026-05-03 19:31:20+00:00,1777836680000,33237,26.26366,43.18662,10.00531,80817,True,54.82646,3
20260503-101634,-OrjJlP--AYeYuOXrKDC,2026-05-03 19:31:32+00:00,1777836692000,33249,26.25859,43.19424,10.00539,80740,True,54.21608,3
20260503-101634,-OrjJoHKiVAofQHnNKw4,2026-05-03 19:31:44+00:00,1777836704000,33261,26.26366,43.19916,10.00545,81131,True,52.82611,3
20260503-101634,-OrjJrF7_gpCzDUfiSM2,2026-05-03 19:31:56+00:00,1777836716000,33273,26.2662,43.18284,10.00551,80974,True,52.98152,3
20260503-101634,-OrjJtwUe6Pql1hS0Ja4,2026-05-03 19:32:08+00:00,1777836728000,33285,26.17999,43.75437,10.00557,70598,True,67.34666,3
20260503-101634,-OrjJxyxS6AIf-Oiy7Nm,2026-05-03 19:32:20+00:00,1777836740000,33297,26.25352,43.28182,10.00552,78250,True,70.23299,3
20260503-101634,-OrjJzTpna9jojXmhewX,2026-05-03 19:32:30+00:00,1777836750000,33307,26.18506,43.71011,10.00588,70067,True,78.78897,3
20260503-101634,-OrjK1PyXnHMK7iY87oz,2026-05-03 19:32:42+00:00,1777836762000,33319,26.25605,43.27977,10.0057,77382,True,75.18764,3
20260503-101634,-OrjK4KtyKF62oIB92LT,2026-05-03 19:32:54+00:00,1777836774000,33331,26.26366,43.21415,10.00573,79816,True,63.90585,3
20260503-101634,-OrjK7ItL7wjw6doOttG,2026-05-03 19:33:06+00:00,1777836786000,33343,26.25859,43.17694,10.00567,80662,True,58.03404,3
20260503-101634,-OrjKACKmdikCK59Xiby,2026-05-03 19:33:18+00:00,1777836798000,33355,26.26366,43.20665,10.00558,80584,True,55.01755,3
20260503-101634,-OrjKD7ZtjY728q_um-7,2026-05-03 19:33:30+00:00,1777836810000,33367,26.26873,43.19009,10.00554,80662,True,54.08575,3
20260503-101634,-OrjKG31oHB9uqtiaC5S,2026-05-03 19:33:42+00:00,1777836822000,33379,26.27634,43.18287,10.00541,81446,True,52.76645,3
20260503-101634,-OrjKIzLTnrweQKuNHvv,2026-05-03 19:33:54+00:00,1777836834000,33391,26.26873,43.20478,10.00524,81209,True,52.91281,3
20260503-101634,-OrjKLwA7bzVYs-r0QrE,2026-05-03 19:34:06+00:00,1777836846000,33403,26.2738,43.17607,10.00537,81367,True,51.92231,3
20260503-101634,-OrjKOqTg0QY564RTCxV,2026-05-03 19:34:18+00:00,1777836858000,33415,26.27888,43.17358,10.00552,81446,True,51.76029,3
20260503-101634,-OrjKRm5I3Xa0olQKT0w,2026-05-03 19:34:30+00:00,1777836870000,33427,26.2738,43.17008,10.00537,81605,True,50.85106,3
20260503-101634,-OrjKUhVr1aeaCGsbKoz,2026-05-03 19:34:42+00:00,1777836882000,33439,26.2738,43.15818,10.00511,81685,True,50.90664,3
20260503-101634,-OrjKY3uHjRueeLBJk7r,2026-05-03 19:34:54+00:00,1777836894000,33451,26.27888,43.15232,10.00538,81685,True,50.3258,3
20260503-101634,-OrjK_bx_wHK9R0esOoU,2026-05-03 19:35:06+00:00,1777836906000,33463,26.28648,43.14902,10.00578,81844,True,50.29848,3
20260503-101634,-OrjKcUrIiNVpsaZqvD8,2026-05-03 19:35:18+00:00,1777836918000,33475,26.27127,43.18422,10.00519,81605,True,50.52786,3
20260503-101634,-OrjKgKLYtLvl1H5crx0,2026-05-03 19:35:30+00:00,1777836930000,33487,26.27888,43.16613,10.00519,81605,True,50.39401,3
20260503-101634,-OrjKiYqvMpgH4oVhn7R,2026-05-03 19:35:43+00:00,1777836943000,33500,26.25352,43.42749,10.00536,75704,True,66.2198,2
20260503-101634,-OrjKlUWnMsWltwqcM7R,2026-05-03 19:35:55+00:00,1777836955000,33512,26.27127,43.21529,10.00535,79589,True,63.08723,2
20260503-101634,-OrjKoQPO53kI4GL3a-4,2026-05-03 19:36:07+00:00,1777836967000,33524,26.27127,43.19188,10.0054,81131,True,56.36115,2
20260503-101634,-OrjKrLzh-JChSacsnkz,2026-05-03 19:36:19+00:00,1777836979000,33536,26.27127,43.19232,10.00526,81052,True,53.6046,2
20260503-101634,-OrjKuHAoUKP1uBYI7f6,2026-05-03 19:36:31+00:00,1777836991000,33548,26.26873,43.20725,10.0052,81924,True,51.35172,2
20260503-101634,-OrjKxCRwBHVB6nr-DNd,2026-05-03 19:36:43+00:00,1777837003000,33560,26.26873,43.21651,10.00524,81605,True,51.3127,3
20260503-101634,-OrjL-7iqG2ay2d4PhC5,2026-05-03 19:36:55+00:00,1777837015000,33572,26.27127,43.18132,10.00502,81764,True,51.17305,3
20260503-101634,-OrjL24ZUwPM99QCraHC,2026-05-03 19:37:07+00:00,1777837027000,33584,26.27127,43.18378,10.00514,82085,True,50.3378,3
20260503-101634,-OrjL5-m6mLyJeJUWFQW,2026-05-03 19:37:19+00:00,1777837039000,33596,26.26873,43.18901,10.00508,81924,True,50.04736,3
20260503-101634,-OrjL7vKQr8D348eyo1Z,2026-05-03 19:37:31+00:00,1777837051000,33608,26.27127,43.16648,10.00488,81685,True,50.7361,2
20260503-101634,-OrjLArMhnR8ffimAkfb,2026-05-03 19:37:43+00:00,1777837063000,33620,26.27127,43.17361,10.00477,81605,True,50.66536,2
20260503-101634,-OrjLDmF2Dxz_5pP2zuY,2026-05-03 19:37:55+00:00,1777837075000,33632,26.27127,43.15424,10.00468,82085,True,50.0,2
20260503-101634,-OrjLGhqTrNTeRFgi1Ei,2026-05-03 19:38:07+00:00,1777837087000,33644,26.2738,43.16274,10.00477,81764,True,50.85066,2
20260503-101634,-OrjLJdCYCqpbfQ6JmLm,2026-05-03 19:38:19+00:00,1777837099000,33656,26.27634,43.16764,10.00466,81764,True,51.35065,2
20260503-101634,-OrjLXWkzq9xUXcs8xUc,2026-05-03 19:38:31+00:00,1777837111000,33668,26.27127,43.19322,10.00468,82004,True,51.0569,2
20260503-101634,-OrjLYHd6q6J5fXLFC-e,2026-05-03 19:39:19+00:00,1777837159000,33716,26.33357,43.01079,10.00447,81685,True,51.29423,2
20260503-101634,-OrjLaD5qRqnRB2zobD4,2026-05-03 19:39:31+00:00,1777837171000,33728,26.20534,43.6445,10.00463,59259,True,159.41788,2
20260503-101634,-OrjLd9XGd-FJEvoLj8P,2026-05-03 19:39:43+00:00,1777837183000,33740,26.22056,43.36306,10.00441,70125,True,124.32455,3
20260503-101634,-OrjLg3pDBU2MDKQ7GsM,2026-05-03 19:39:55+00:00,1777837195000,33752,26.24084,43.26409,10.00462,74624,True,94.66196,3
20260503-101634,-OrjLj-btU6kkjFxVBS_,2026-05-03 19:40:07+00:00,1777837207000,33764,26.24084,43.23919,10.00463,77169,True,78.01688,3
20260503-101634,-OrjLlw3QbSf34oaVAzl,2026-05-03 19:40:19+00:00,1777837219000,33776,26.24845,43.24036,10.00465,78177,True,69.72134,3
20260503-101634,-OrjLorW0sAYwVOaXrGm,2026-05-03 19:40:31+00:00,1777837231000,33788,26.25352,43.22572,10.00452,79137,True,64.90081,3
20260503-101634,-OrjLrmuOUKjTmue30dw,2026-05-03 19:40:43+00:00,1777837243000,33800,26.25859,43.22857,10.00448,79740,True,61.52532,3
20260503-101634,-OrjLuiVI19rf09DQGM5,2026-05-03 19:40:55+00:00,1777837255000,33812,26.25859,43.23199,10.00436,79969,True,60.14727,3
20260503-101634,-OrjLxeVQpFloL92Rbm-,2026-05-03 19:41:07+00:00,1777837267000,33824,26.25859,43.20765,10.00448,80507,True,57.79825,3
20260503-101634,-OrjM-_ebfkYCEmwgKtq,2026-05-03 19:41:19+00:00,1777837279000,33836,26.26366,43.21784,10.00451,80507,True,56.95312,3
20260503-101634,-OrjM2W-G_j6BMv6P9og,2026-05-03 19:41:31+00:00,1777837291000,33848,26.25605,43.21341,10.00419,81209,True,54.72573,3
20260503-101634,-OrjM7rcriJ5cq5Yggwq,2026-05-03 19:41:43+00:00,1777837303000,33860,26.26113,43.2197,10.00427,80974,True,54.73044,3
20260503-101634,-OrjM9xLTN8DlVDa_s0e,2026-05-03 19:42:01+00:00,1777837321000,33879,26.32427,43.05059,10.00444,81288,True,54.27475,3
20260503-101634,-OrjMCsURC_EEkajYWtH,2026-05-03 19:42:13+00:00,1777837333000,33891,26.2307,43.45383,10.00447,70480,True,104.50043,3
20260503-101634,-OrjMM9Iphdfj7EFiJG3,2026-05-03 19:42:39+00:00,1777837359000,33916,26.30334,43.11553,10.0043,77382,True,80.52832,3
20260503-101634,-OrjMMy_M7QN3z6XIPGw,2026-05-03 19:42:55+00:00,1777837375000,33932,26.19133,43.91383,10.00424,61704,True,100.69182,3
20260503-101634,-OrjMPqR__BZNYLxNX5q,2026-05-03 19:43:07+00:00,1777837387000,33944,26.21802,43.51584,10.00441,66034,True,135.17056,3
20260503-101634,-OrjMSmRbwoIb8Zj50ss,2026-05-03 19:43:19+00:00,1777837399000,33956,26.2307,43.30325,10.00422,74031,True,102.10159,3
20260503-101634,-OrjMVhTWukw06hsmEfT,2026-05-03 19:43:31+00:00,1777837411000,33968,26.24591,43.21855,10.00436,76744,True,81.02148,3
20260503-101634,-OrjMYcw8RvUFJiDWTRa,2026-05-03 19:43:43+00:00,1777837423000,33980,26.24591,43.22786,10.00429,78177,True,70.01542,3
20260503-101634,-OrjMaZXl4Sxwk4Xxsyy,2026-05-03 19:43:55+00:00,1777837435000,33992,26.25099,43.2403,10.00413,79287,True,64.30658,3
20260503-101634,-OrjMdV1ivQivYt2vK2W,2026-05-03 19:44:07+00:00,1777837447000,34004,26.24845,43.25571,10.00384,79816,True,60.81351,3
20260503-101634,-OrjMgS0S3ScL-JGN8T7,2026-05-03 19:44:19+00:00,1777837459000,34016,26.26366,43.20714,10.00424,80045,True,58.75451,3
20260503-101634,-OrjMjNXno8EXBt_jw7h,2026-05-03 19:44:31+00:00,1777837471000,34028,26.25352,43.21867,10.00389,80507,True,57.05181,3
20260503-101634,-OrjMmHUdB6rADPradVV,2026-05-03 19:44:43+00:00,1777837483000,34040,26.25859,43.20048,10.00399,80429,True,56.61764,3
