session_id,push_id,datetime_utc,unix_ms,elapsed_s,temp_c,humidity_pct,pressure_hpa,gas_ohm
20260430-235226,-OrVoAKnq7WJvmLDGElt,2026-04-30 23:54:27+00:00,1777593267000,120,25.10145,41.43206,1004.21997,59092
20260430-235226,-OrVoCmuay1j5kHIdxhB,2026-04-30 23:54:37+00:00,1777593277000,130,25.09226,41.47774,1004.21997,59259
20260430-235226,-OrVoFD12Zvy5S-tT_oA,2026-04-30 23:54:47+00:00,1777593287000,140,25.08465,41.52361,1004.21997,59259
20260430-235226,-OrVoHf_CS-G9k34lXy1,2026-04-30 23:54:57+00:00,1777593297000,150,25.078,41.34195,1004.21002,59343
20260430-235226,-OrVoK5bDC25uCbnb9Yd,2026-04-30 23:55:07+00:00,1777593307000,160,25.07229,41.51057,1004.21997,59343
20260430-235226,-OrVoMZDrBwESHQZjhrg,2026-04-30 23:55:17+00:00,1777593317000,170,25.06691,41.58589,1004.21002,59301
20260430-235226,-OrVoP3xusIAqcwgjNqf,2026-04-30 23:55:27+00:00,1777593327000,180,25.0631,41.63221,1004.21002,59259
20260430-235226,-OrVoRQ07qh7MGTT2pX3,2026-04-30 23:55:37+00:00,1777593337000,190,25.06025,41.70787,1004.21002,59343
20260430-235226,-OrVoTrgXA7m4RADtOsu,2026-04-30 23:55:47+00:00,1777593347000,200,25.05803,41.81289,1004.21002,59385
20260430-235226,-OrVoWKFmFrbylKZPuFK,2026-04-30 23:55:57+00:00,1777593357000,210,25.05549,41.83015,1004.21002,59427
20260430-235226,-OrVoYkFCXilFxAyNY2c,2026-04-30 23:56:07+00:00,1777593367000,220,25.05328,41.84745,1004.21002,59343
20260430-235226,-OrVoaCaBDbl1D-UT1xS,2026-04-30 23:56:17+00:00,1777593377000,230,25.05106,41.91158,1004.21002,59427
20260430-235226,-OrVocckPIgX0rSOzqN0,2026-04-30 23:56:27+00:00,1777593387000,240,25.04821,41.8937,1004.20001,59427
20260430-235226,-OrVof4357kNg7JaFPbA,2026-04-30 23:56:37+00:00,1777593397000,250,25.04504,41.86409,1004.20001,59385
20260430-235226,-OrVohW6_suZScd0XRrY,2026-04-30 23:56:47+00:00,1777593407000,260,25.0406,41.91041,1004.20001,59385
20260430-235226,-OrVojxFTOkkT1YFSI0o,2026-04-30 23:56:57+00:00,1777593417000,270,25.03743,42.08574,1004.20001,59469
20260430-235226,-OrVomOxL3Os_rLtFeSp,2026-04-30 23:57:07+00:00,1777593427000,280,25.03331,42.13216,1004.20001,59301
20260430-235226,-OrVoopsx39kJuGYx-MB,2026-04-30 23:57:17+00:00,1777593437000,290,25.03046,42.21977,1004.19,59217
20260430-235226,-OrVorH3L63HrcsE_8rJ,2026-04-30 23:57:27+00:00,1777593447000,300,25.02887,42.2841,1004.19,59217
20260430-235226,-OrVou589TgvTSxl-Q9V,2026-04-30 23:57:37+00:00,1777593457000,310,25.02697,42.36604,1004.19,59301
20260430-235226,-OrVow9qEoFbNlIEYDpy,2026-04-30 23:57:47+00:00,1777593467000,320,25.0257,42.40698,1004.19,59301
20260430-235226,-OrVoyamIv8QUREXZkzw,2026-04-30 23:57:57+00:00,1777593477000,330,25.02475,42.49495,1004.20001,59175
20260430-235226,-OrVp01s6J2tWDnW7zSG,2026-04-30 23:58:07+00:00,1777593487000,340,25.02285,42.5476,1004.19,59217
20260430-235226,-OrVp2ULU-2968PIoTDo,2026-04-30 23:58:17+00:00,1777593497000,350,25.02127,42.54742,1004.19,59092
20260430-235226,-OrVp4vcK369EYW9BJfh,2026-04-30 23:58:27+00:00,1777593507000,360,25.01905,42.57067,1004.17999,59092
20260430-235226,-OrVp7ZRSrT_Wy8WfRSU,2026-04-30 23:58:37+00:00,1777593517000,370,25.01746,42.60576,1004.16998,59133
20260430-235226,-OrVp9oT-CuSkJVr9IM5,2026-04-30 23:58:47+00:00,1777593527000,380,25.01683,42.69387,1004.17999,59008
20260430-235226,-OrVpCH3WKjc2PznoBpq,2026-04-30 23:58:57+00:00,1777593537000,390,25.01588,42.71141,1004.17999,58884
20260430-235226,-OrVpEggI_W_8F_sKHYR,2026-04-30 23:59:07+00:00,1777593547000,400,25.01461,42.62895,1004.19,58967
20260430-235226,-OrVpHW3R-fqWi8KqglG,2026-04-30 23:59:17+00:00,1777593557000,410,25.01207,42.56989,1004.19,58719
20260430-235226,-OrVpJ_Gl-2Mz9EhsuJJ,2026-04-30 23:59:27+00:00,1777593567000,420,25.01049,42.50509,1004.17999,58473
20260430-235226,-OrVpMORIgpN8AfTG3gx,2026-04-30 23:59:37+00:00,1777593577000,430,25.00986,42.46978,1004.16998,58514
20260430-235226,-OrVpOTTHSHT4tvZjHdh,2026-04-30 23:59:47+00:00,1777593587000,440,25.00795,42.48131,1004.16998,58432
20260430-235226,-OrVpQwAowcvABrHAQxn,2026-04-30 23:59:57+00:00,1777593597000,450,25.00605,42.43998,1004.15997,58067
20260430-235226,-OrVpTKliUdUJYw5gUgK,2026-05-01 00:00:07+00:00,1777593607000,460,25.00415,42.45152,1004.15997,58027
20260430-235226,-OrVpVoFnlD6K8ufIz80,2026-05-01 00:00:17+00:00,1777593617000,470,25.00161,42.47472,1004.15997,58148
20260430-235226,-OrVpYDuI3894sv-iwoo,2026-05-01 00:00:27+00:00,1777593627000,480,24.9994,42.50971,1004.15002,58229
20260430-235226,-OrVp_eo80hQudIaE8E9,2026-05-01 00:00:37+00:00,1777593637000,490,24.99781,42.56828,1004.14001,58310
20260430-235226,-OrVpc6vmV3evTZxxWeF,2026-05-01 00:00:47+00:00,1777593647000,500,24.99559,42.64443,1004.15002,58391
20260430-235226,-OrVpe_-Jftc9YU8hZ-3,2026-05-01 00:00:57+00:00,1777593657000,510,24.99369,42.65598,1004.15002,58554
20260430-235226,-OrVpgzsHsy9lTVu648Y,2026-05-01 00:01:07+00:00,1777593667000,520,24.99147,42.64397,1004.14001,58554
20260430-235226,-OrVpjT-_G55mP4TlnlD,2026-05-01 00:01:17+00:00,1777593677000,530,24.98925,42.59082,1004.14001,58678
20260430-235226,-OrVplsuEP5LpGq1XPtC,2026-05-01 00:01:27+00:00,1777593687000,540,24.98767,42.57888,1004.14001,58636
20260430-235226,-OrVpoKH0q5SaIhUhcFz,2026-05-01 00:01:37+00:00,1777593697000,550,24.9864,42.54936,1004.14001,58514
20260430-235226,-OrVpqy85l4NybNh_-FS,2026-05-01 00:01:47+00:00,1777593707000,560,24.98482,42.53744,1004.15002,58350
20260430-235226,-OrVptIUV3GULBHKb1g0,2026-05-01 00:01:57+00:00,1777593717000,570,24.98196,42.50774,1004.15997,58554
20260430-235226,-OrVpvkace36vQIqZG0v,2026-05-01 00:02:07+00:00,1777593727000,580,24.97943,42.53095,1004.15002,58595
20260430-235226,-OrVpyAPn6teNbl6fbK3,2026-05-01 00:02:17+00:00,1777593737000,590,24.97721,42.57183,1004.15002,58595
20260430-235226,-OrVq-bsimahunnlOaMh,2026-05-01 00:02:27+00:00,1777593747000,600,24.97499,42.60683,1004.15002,58636
20260430-235226,-OrVq234yaZA2LviZ3Tu,2026-05-01 00:02:37+00:00,1777593757000,610,24.97277,42.64185,1004.15002,58473
20260430-235226,-OrVq4UyaL3rErihUAqx,2026-05-01 00:02:47+00:00,1777593767000,620,24.97055,42.62984,1004.14001,58188
20260430-235226,-OrVq6wV4xNVlpFVowEZ,2026-05-01 00:02:57+00:00,1777593777000,630,24.96707,42.64708,1004.13,57907
20260430-235226,-OrVq9OCKS4N6REBCg7H,2026-05-01 00:03:07+00:00,1777593787000,640,24.9639,42.67611,1004.13,57588
20260430-235226,-OrVqBocfIuJleHOvyEB,2026-05-01 00:03:17+00:00,1777593797000,650,24.96231,42.69946,1004.13,57273
20260430-235226,-OrVqEGG-zkRMKazVWrJ,2026-05-01 00:03:27+00:00,1777593807000,660,24.96041,42.70512,1004.13,56961
20260430-235226,-OrVqGipt_nPsHeZt7DI,2026-05-01 00:03:37+00:00,1777593817000,670,24.95788,42.72247,1004.13,56961
20260430-235226,-OrVqJ808SVDwHLaSpwm,2026-05-01 00:03:47+00:00,1777593827000,680,24.95566,42.74575,1004.12,57470
20260430-235226,-OrVqL_vHOWeF_-MUwBL,2026-05-01 00:03:57+00:00,1777593837000,690,24.95376,42.78083,1004.10999,57470
20260430-235226,-OrVqO1-rwUXU8aHqv6c,2026-05-01 00:04:07+00:00,1777593847000,700,24.95185,42.79238,1004.10999,57707
20260430-235226,-OrVqQSitHXIAX2AEze_,2026-05-01 00:04:17+00:00,1777593857000,710,24.94963,42.80389,1004.09998,57827
20260430-235226,-OrVqSuYgpRaRqIqnfBU,2026-05-01 00:04:27+00:00,1777593867000,720,24.94742,42.82718,1004.09003,57947
20260430-235226,-OrVqVMRpFDcxhdYuAtF,2026-05-01 00:04:37+00:00,1777593877000,730,24.94583,42.84465,1004.09998,58067
20260430-235226,-OrVqXmuOhe3oKDpuoUz,2026-05-01 00:04:47+00:00,1777593887000,740,24.94393,42.88564,1004.09003,58108
20260430-235226,-OrVq_mySypEAuP80KYA,2026-05-01 00:04:57+00:00,1777593897000,750,24.94235,42.89723,1004.08002,58188
20260430-235226,-OrVqbezwpHQ2ywC6PyD,2026-05-01 00:05:07+00:00,1777593907000,760,24.94013,42.8911,1004.08002,58067
20260430-235226,-OrVqe7-Y96V67xpobh8,2026-05-01 00:05:17+00:00,1777593917000,770,24.93727,42.89666,1004.09003,57907
20260430-235226,-OrVqgZMLzQ8WGCZQsH9,2026-05-01 00:05:27+00:00,1777593927000,780,24.93569,42.93179,1004.09003,57549
20260430-235226,-OrVqj-BiGohVb7pTqn7,2026-05-01 00:05:37+00:00,1777593937000,790,24.93379,42.96691,1004.09003,57391
20260430-235226,-OrVqlRSC0bjMMYGYKWx,2026-05-01 00:05:47+00:00,1777593947000,800,24.93189,42.99026,1004.08002,57509
20260430-235226,-OrVqnsh9gUOxYMwzd5Y,2026-05-01 00:05:57+00:00,1777593957000,810,24.93062,43.03724,1004.09003,57430
20260430-235226,-OrVqqKFpntpPybADdoD,2026-05-01 00:06:07+00:00,1777593967000,820,24.92999,43.0195,1004.09003,57549
20260430-235226,-OrVqslCbJj7IL-PvISp,2026-05-01 00:06:17+00:00,1777593977000,830,24.9284,43.00164,1004.09003,57707
20260430-235226,-OrVqvCOlYuJ7sZ59q6c,2026-05-01 00:06:27+00:00,1777593987000,840,24.92777,43.00747,1004.09003,57430
20260430-235226,-OrVqxdpUzMhcfZg-p03,2026-05-01 00:06:37+00:00,1777593997000,850,24.9265,43.00732,1004.09998,57195
20260430-235226,-OrVr-5AMx1BH_rZ8MCt,2026-05-01 00:06:47+00:00,1777594007000,860,24.92523,42.98361,1004.10999,57078
20260430-235226,-OrVr1XV0qmveaTn9_kG,2026-05-01 00:06:57+00:00,1777594017000,870,24.92301,42.9598,1004.09998,56884
20260430-235226,-OrVr3yajCXDtVJK_f5H,2026-05-01 00:07:07+00:00,1777594027000,880,24.91921,42.94759,1004.09003,56615
20260430-235226,-OrVr6PdZjtgQ6BRFaIU,2026-05-01 00:07:17+00:00,1777594037000,890,24.91762,42.96507,1004.09998,56047
20260430-235226,-OrVr8rEtOz1xalv103D,2026-05-01 00:07:27+00:00,1777594047000,900,24.91541,42.97071,1004.10999,55711
20260430-235226,-OrVrBHy7mWbbEHtxdyo,2026-05-01 00:07:37+00:00,1777594057000,910,24.91287,42.98809,1004.10999,55526
20260430-235226,-OrVrDj-NWP9rrnAxZeP,2026-05-01 00:07:47+00:00,1777594067000,920,24.91129,43.00558,1004.09998,55161
20260430-235226,-OrVrGAEyvUsBLkJuofz,2026-05-01 00:07:57+00:00,1777594077000,930,24.90938,43.02304,1004.09998,55161
20260430-235226,-OrVrIiD9HfzssFXm23t,2026-05-01 00:08:07+00:00,1777594087000,940,24.9078,43.01108,1004.09998,55379
20260430-235226,-OrVrL3MtsxjIRZDBaVP,2026-05-01 00:08:17+00:00,1777594097000,950,24.9059,43.01087,1004.09998,55270
20260430-235226,-OrVrNVY8PQteXETpka8,2026-05-01 00:08:27+00:00,1777594107000,960,24.90273,43.02228,1004.09003,55748
20260430-235226,-OrVrPwuXijVt5z257mp,2026-05-01 00:08:37+00:00,1777594117000,970,24.90083,43.03974,1004.09003,55897
20260430-235226,-OrVrSNi3kDH6agQ17ij,2026-05-01 00:08:47+00:00,1777594127000,980,24.89892,43.07487,1004.09003,56047
20260430-235226,-OrVrUpBkZ4dZfoGjdcD,2026-05-01 00:08:57+00:00,1777594137000,990,24.89766,43.11599,1004.08002,55934
20260430-235226,-OrVrXGV1P87H1jgRpSu,2026-05-01 00:09:07+00:00,1777594147000,1000,24.89576,43.12167,1004.08002,56084
20260430-235226,-OrVrZhE-lzMGIGSnkmi,2026-05-01 00:09:17+00:00,1777594157000,1010,24.89385,43.10377,1004.08002,55822
20260430-235226,-OrVrb8QugdYDkoXLDvK,2026-05-01 00:09:27+00:00,1777594167000,1020,24.89164,43.12119,1004.08002,55711
20260430-235226,-OrVrdab6PCI_pc9juQP,2026-05-01 00:09:37+00:00,1777594177000,1030,24.8891,43.09732,1004.08002,55822
20260430-235226,-OrVrg1dKlBK_wGrzHiP,2026-05-01 00:09:47+00:00,1777594187000,1040,24.88815,43.13258,1004.08002,56084
20260430-235226,-OrVriTu7tKZdxB-rPLX,2026-05-01 00:09:57+00:00,1777594197000,1050,24.8872,43.13248,1004.08002,56159
20260430-235226,-OrVrkv1eNwH6af_ECV6,2026-05-01 00:10:07+00:00,1777594207000,1060,24.88466,43.13808,1004.07001,56273
20260430-235226,-OrVrnMMHu3rVvddxbyE,2026-05-01 00:10:17+00:00,1777594217000,1070,24.88339,43.13793,1004.07001,56577
20260430-235226,-OrVrpn7FdFl9dyI2_KX,2026-05-01 00:10:27+00:00,1777594227000,1080,24.88181,43.14365,1004.07001,56615
20260430-235226,-OrVrsEcwiS8YtEYY06Y,2026-05-01 00:10:37+00:00,1777594237000,1090,24.88054,43.17299,1004.07001,56807
20260430-235226,-OrVrufq133-_t7MF73y,2026-05-01 00:10:47+00:00,1777594247000,1100,24.87959,43.20236,1004.07001,56730
20260430-235226,-OrVrx77xFsIdN6Y_mDM,2026-05-01 00:10:57+00:00,1777594257000,1110,24.87769,43.20804,1004.07001,56692
20260430-235226,-OrVrzrsINVRPXBzax0E,2026-05-01 00:11:07+00:00,1777594267000,1120,24.87642,43.202,1004.08002,56845
20260430-235226,-OrVs1-Wtb2MF0SD_kBi,2026-05-01 00:11:17+00:00,1777594277000,1130,24.8742,43.20175,1004.08002,56730
20260430-235226,-OrVs3RzG5z9PTrHb79g,2026-05-01 00:11:27+00:00,1777594287000,1140,24.87325,43.23112,1004.07001,56653
20260430-235226,-OrVs5t9JLXdLP_3zGHw,2026-05-01 00:11:37+00:00,1777594297000,1150,24.8723,43.24281,1004.08002,56845
20260430-235226,-OrVs8KZtckllRZ0yTLb,2026-05-01 00:11:47+00:00,1777594307000,1160,24.87072,43.29572,1004.07001,56845
20260430-235226,-OrVsAlTtcyIrmyyA_8X,2026-05-01 00:11:57+00:00,1777594317000,1170,24.86945,43.30738,1004.07001,56768
20260430-235226,-OrVsDCqwiC7GCYACC60,2026-05-01 00:12:07+00:00,1777594327000,1180,24.8685,43.31907,1004.06,56730
20260430-235226,-OrVsFeCEuEa1mpq4mCb,2026-05-01 00:12:17+00:00,1777594337000,1190,24.86755,43.30716,1004.06,56577
20260430-235226,-OrVsI5I8mcIeg3ERbCI,2026-05-01 00:12:27+00:00,1777594347000,1200,24.8666,43.30706,1004.04999,56615
20260430-235226,-OrVsKXSR8MCLTUPo0jf,2026-05-01 00:12:37+00:00,1777594357000,1210,24.86501,43.29507,1004.06,56462
20260430-235226,-OrVsMz19B-nVQMRcf1R,2026-05-01 00:12:47+00:00,1777594367000,1220,24.86501,43.27147,1004.06,56424
20260430-235226,-OrVsPPp_843MHQ_8rEx,2026-05-01 00:12:57+00:00,1777594377000,1230,24.86406,43.24776,1004.07001,56273
20260430-235226,-OrVsRrV-hY2Ox3UPHUe,2026-05-01 00:13:07+00:00,1777594387000,1240,24.86374,43.24773,1004.06,56386
20260430-235226,-OrVsUISxfGNpfTh5t0-,2026-05-01 00:13:17+00:00,1777594397000,1250,24.86248,43.24168,1004.06,56310
20260430-235226,-OrVsWjiT1zi1gB1m_gl,2026-05-01 00:13:27+00:00,1777594407000,1260,24.86248,43.27118,1004.06,56500
20260430-235226,-OrVsZBR-D-AeXI4PY1K,2026-05-01 00:13:37+00:00,1777594417000,1270,24.86152,43.28288,1004.06,56386
20260430-235226,-OrVsabykKd5r618m2ca,2026-05-01 00:13:47+00:00,1777594427000,1280,24.85931,43.31212,1004.06,56235
20260430-235226,-OrVsd3eKRN5dGj8lE4n,2026-05-01 00:13:57+00:00,1777594437000,1290,24.85804,43.31788,1004.04999,56122
20260430-235226,-OrVsfVNOPJaIKYV6h34,2026-05-01 00:14:07+00:00,1777594447000,1300,24.85709,43.32367,1004.04999,56047
20260430-235226,-OrVsiyIPBsNMNPorsrG,2026-05-01 00:14:17+00:00,1777594457000,1310,24.8555,43.31758,1004.03998,56310
20260430-235226,-OrVskOZKaK9mjxess55,2026-05-01 00:14:27+00:00,1777594467000,1320,24.85392,43.2938,1004.03998,56500
20260430-235226,-OrVsmps9gz_Xq3kVNvI,2026-05-01 00:14:37+00:00,1777594477000,1330,24.85233,43.31133,1004.03998,56807
20260430-235226,-OrVspGfXh0zvtCqzUT4,2026-05-01 00:14:47+00:00,1777594487000,1340,24.85107,43.32299,1004.03998,56730
20260430-235226,-OrVsri4FmdVnQ0FZk2z,2026-05-01 00:14:57+00:00,1777594497000,1350,24.85107,43.38201,1004.03998,56424
20260430-235226,-OrVsu981Blag86Zh-Bo,2026-05-01 00:15:07+00:00,1777594507000,1360,24.85043,43.44687,1004.03998,56310
20260430-235226,-OrVswal99GW93ksiaWY,2026-05-01 00:15:17+00:00,1777594517000,1370,24.8498,43.42318,1004.03003,55860
20260430-235226,-OrVsz2-jvIYN1IPKre2,2026-05-01 00:15:27+00:00,1777594527000,1380,24.84916,43.3995,1004.03003,55637
20260430-235226,-OrVt0Tq_TPb-AtYwoWC,2026-05-01 00:15:37+00:00,1777594537000,1390,24.84821,43.36396,1004.03003,55563
20260430-235226,-OrVt2uqdeq8ScpIQ7dL,2026-05-01 00:15:47+00:00,1777594547000,1400,24.84821,43.36396,1004.03003,55637
20260430-235226,-OrVt5MkjfFVlYtZAMeb,2026-05-01 00:15:57+00:00,1777594557000,1410,24.84694,43.32251,1004.03003,55637
20260430-235226,-OrVt7nXaeYNPDKE_cCD,2026-05-01 00:16:07+00:00,1777594567000,1420,24.84599,43.3342,1004.03003,55600
20260430-235226,-OrVtAEvxVO5QvvtaUEV,2026-05-01 00:16:17+00:00,1777594577000,1430,24.84536,43.32823,1004.03003,55600
20260430-235226,-OrVtCgV0v2ogw945ol-,2026-05-01 00:16:27+00:00,1777594587000,1440,24.84409,43.35169,1004.02002,55416
20260430-235226,-OrVtF7WJRKnRQZ-AOVD,2026-05-01 00:16:37+00:00,1777594597000,1450,24.84282,43.34565,1004.01001,55416
20260430-235226,-OrVtHZmJpJKJnGc2YQh,2026-05-01 00:16:47+00:00,1777594607000,1460,24.84251,43.35741,1004.01001,55016
20260430-235226,-OrVtK08rdZis62FhTob,2026-05-01 00:16:57+00:00,1777594617000,1470,24.84219,43.35738,1004.01001,54657
20260430-235226,-OrVtMSJXaKL8rVTPcxo,2026-05-01 00:17:07+00:00,1777594627000,1480,24.84188,43.35144,1004.01001,54692
20260430-235226,-OrVtOtU-j2eYsKW-Jbd,2026-05-01 00:17:17+00:00,1777594637000,1490,24.84156,43.35139,1004.01001,54871
20260430-235226,-OrVtRl3tfpwhd0AzXUS,2026-05-01 00:17:27+00:00,1777594647000,1500,24.84029,43.32764,1004.0,55016
20260430-235226,-OrVtTlw7l8iATrHpb-g,2026-05-01 00:17:37+00:00,1777594657000,1510,24.83934,43.35114,1003.98999,55233
20260430-235226,-OrVtWDbtrWgoDpNenjZ,2026-05-01 00:17:47+00:00,1777594667000,1520,24.83934,43.35704,1004.0,55306
20260430-235226,-OrVtYeLuVk91gEKrKoh,2026-05-01 00:17:57+00:00,1777594677000,1530,24.83871,43.35698,1003.98999,55416
20260430-235226,-OrVta5YaPxl_xtwCoyj,2026-05-01 00:18:07+00:00,1777594687000,1540,24.83807,43.3687,1003.98999,55270
20260430-235226,-OrVtcYB_mrUjaO7TwSu,2026-05-01 00:18:17+00:00,1777594697000,1550,24.8368,43.37447,1004.0,55270
20260430-235226,-OrVtf-6E69gqOLZMTPX,2026-05-01 00:18:27+00:00,1777594707000,1560,24.83585,43.38616,1003.98999,54871
20260430-235226,-OrVthQH2D-LT_Rq9ICl,2026-05-01 00:18:37+00:00,1777594717000,1570,24.83522,43.36838,1004.0,54728
20260430-235226,-OrVtjrf4C6mCTZ26Pod,2026-05-01 00:18:47+00:00,1777594727000,1580,24.83364,43.3564,1004.0,54728
20260430-235226,-OrVtmO-lGbAm_GHxNc5,2026-05-01 00:18:57+00:00,1777594737000,1590,24.83332,43.36226,1004.0,54585
20260430-235226,-OrVtokIHTjyTOIzy0th,2026-05-01 00:19:07+00:00,1777594747000,1600,24.83237,43.36215,1003.98999,54514
20260430-235226,-OrVtrBLQ08Dy38SCeNx,2026-05-01 00:19:17+00:00,1777594757000,1610,24.83237,43.37986,1003.98999,54692
20260430-235226,-OrVttd4LhkoT5kEGBgW,2026-05-01 00:19:27+00:00,1777594767000,1620,24.83205,43.39753,1003.98999,54585
20260430-235226,-OrVtw4D4TfYv5-aUOm5,2026-05-01 00:19:37+00:00,1777594777000,1630,24.83142,43.39746,1003.98999,54514
20260430-235226,-OrVtyWaGSIAqoc149db,2026-05-01 00:19:47+00:00,1777594787000,1640,24.8311,43.38562,1003.97998,54373
20260430-235226,-OrVu-zfGLywmP6s6EO6,2026-05-01 00:19:57+00:00,1777594797000,1650,24.8311,43.40332,1003.97998,54302
20260430-235226,-OrVu2OiKICvG1GCyvYC,2026-05-01 00:20:07+00:00,1777594807000,1660,24.83142,43.37975,1003.98999,54232
20260430-235226,-OrVu4qQo2eyXEUT9epO,2026-05-01 00:20:17+00:00,1777594817000,1670,24.83078,43.36787,1003.97998,54092
20260430-235226,-OrVu7HHSIrLH0X6snUn,2026-05-01 00:20:27+00:00,1777594827000,1680,24.8311,43.36791,1003.97998,54232
20260430-235226,-OrVuA-FaTg47VoqxSWB,2026-05-01 00:20:37+00:00,1777594837000,1690,24.83015,43.356,1003.97998,54443
20260430-235226,-OrVuC9p7dShSlkpB1Ba,2026-05-01 00:20:47+00:00,1777594847000,1700,24.82888,43.36765,1003.97998,54621
20260430-235226,-OrVuEc2V60PbAvZ6C7u,2026-05-01 00:20:57+00:00,1777594857000,1710,24.82888,43.36176,1003.97998,54657
20260430-235226,-OrVuH26L_QF63tetVAz,2026-05-01 00:21:07+00:00,1777594867000,1720,24.82856,43.38532,1003.97998,54692
20260430-235226,-OrVuJUZeeBXRb7JRY81,2026-05-01 00:21:17+00:00,1777594877000,1730,24.82825,43.37939,1003.96997,54479
20260430-235226,-OrVuLvj_FUXzcfrnbZc,2026-05-01 00:21:27+00:00,1777594887000,1740,24.82793,43.37344,1003.96997,54302
20260430-235226,-OrVuON0G2cNTyPzoq9q,2026-05-01 00:21:37+00:00,1777594897000,1750,24.82825,43.37939,1003.96997,54408
20260430-235226,-OrVuQoRrOp7yPnYR_yR,2026-05-01 00:21:47+00:00,1777594907000,1760,24.82761,43.338,1003.96002,54621
20260430-235226,-OrVuTFWSJRzbSNvBnHn,2026-05-01 00:21:57+00:00,1777594917000,1770,24.82825,43.33217,1003.96002,54871
20260430-235226,-OrVuVgYBDauLV27S-Lk,2026-05-01 00:22:07+00:00,1777594927000,1780,24.82825,43.34397,1003.96002,55052
20260430-235226,-OrVuY8QGfZmoqOcmFeb,2026-05-01 00:22:17+00:00,1777594937000,1790,24.82761,43.37931,1003.96997,55306
20260430-235226,-OrVu__MXJKsgflIGe1T,2026-05-01 00:22:27+00:00,1777594947000,1800,24.82698,43.38515,1003.96997,55233
20260430-235226,-OrVuc0_Ug2_rGLf0Oob,2026-05-01 00:22:37+00:00,1777594957000,1810,24.82761,43.40293,1003.96997,55306
20260430-235226,-OrVueSQxoYyk0RAEo3A,2026-05-01 00:22:47+00:00,1777594967000,1820,24.82698,43.36744,1003.96997,55052
20260430-235226,-OrVugu-cykxYPVepmhy,2026-05-01 00:22:57+00:00,1777594977000,1830,24.8273,43.34386,1003.96997,55016
20260430-235226,-OrVujLL-IfLbSboOPcb,2026-05-01 00:23:07+00:00,1777594987000,1840,24.82603,43.34372,1003.97998,55016
20260430-235226,-OrVulme2vH_ziOR5ZMx,2026-05-01 00:23:17+00:00,1777594997000,1850,24.82603,43.33192,1003.96997,55052
20260430-235226,-OrVuoDRvA29mHhqQXT_,2026-05-01 00:23:27+00:00,1777595007000,1860,24.82603,43.30831,1003.96997,55233
20260430-235226,-OrVuqf7D-iulPrOp3az,2026-05-01 00:23:37+00:00,1777595017000,1870,24.82666,43.32608,1003.96997,55343
20260430-235226,-OrVutK0Z3M_hWPVeZR1,2026-05-01 00:23:47+00:00,1777595027000,1880,24.82571,43.32598,1003.96997,54943
20260430-235226,-OrVuvYMRNiwiBxEO6N8,2026-05-01 00:23:57+00:00,1777595037000,1890,24.82539,43.30824,1003.97998,54800
20260430-235226,-OrVuxziU89TrkfVxOUQ,2026-05-01 00:24:07+00:00,1777595047000,1900,24.82539,43.31414,1003.96997,54907
20260430-235226,-OrVv-QyQ19_OfvT0QSB,2026-05-01 00:24:17+00:00,1777595057000,1910,24.82508,43.29051,1003.96002,54728
20260430-235226,-OrVv1sE5TNpS0Ds5zk5,2026-05-01 00:24:27+00:00,1777595067000,1920,24.82444,43.31403,1003.96997,54514
20260430-235226,-OrVv4Jct0vSuvNDP7kf,2026-05-01 00:24:37+00:00,1777595077000,1930,24.82413,43.3199,1003.96997,54728
20260430-235226,-OrVv6kjKr42u7lNwhFh,2026-05-01 00:24:47+00:00,1777595087000,1940,24.82318,43.32568,1003.96997,54692
20260430-235226,-OrVv9C1sEUplgBU2pq-,2026-05-01 00:24:57+00:00,1777595097000,1950,24.82381,43.32576,1003.96997,54728
20260430-235226,-OrVvBczHDdNaP5PWr9F,2026-05-01 00:25:07+00:00,1777595107000,1960,24.82381,43.31986,1003.96002,55088
20260430-235226,-OrVvE4XNeNWDpopSS2Z,2026-05-01 00:25:17+00:00,1777595117000,1970,24.82413,43.314,1003.96002,55161
20260430-235226,-OrVvGWP6dArX7q2uLLc,2026-05-01 00:25:27+00:00,1777595127000,1980,24.82254,43.29611,1003.95001,55306
20260430-235226,-OrVvIy7oCWz1Ixdqtza,2026-05-01 00:25:37+00:00,1777595137000,1990,24.82286,43.29616,1003.95001,55526
20260430-235226,-OrVvLOuvmRLGJ2A0Hpy,2026-05-01 00:25:47+00:00,1777595147000,2000,24.82222,43.30788,1003.95001,55453
20260430-235226,-OrVvNqhv9_Ve_zbVsyz,2026-05-01 00:25:57+00:00,1777595157000,2010,24.82191,43.30784,1003.95001,55416
20260430-235226,-OrVvQHv-Y7ZEj4noW0O,2026-05-01 00:26:07+00:00,1777595167000,2020,24.82191,43.29014,1003.95001,55563
20260430-235226,-OrVvSj7QqptCaNe3dKe,2026-05-01 00:26:17+00:00,1777595177000,2030,24.82096,43.28413,1003.96002,55637
20260430-235226,-OrVvVA5mNmoF3nbYGs6,2026-05-01 00:26:27+00:00,1777595187000,2040,24.82096,43.27234,1003.96002,55860
20260430-235226,-OrVvXbh2uZoVElSA0dL,2026-05-01 00:26:37+00:00,1777595197000,2050,24.82064,43.2664,1003.96997,56122
20260430-235226,-OrVv_2dK9ABnBMZPK7R,2026-05-01 00:26:47+00:00,1777595207000,2060,24.82064,43.2664,1003.96997,56122
20260430-235226,-OrVvcWOsQpRvYy5gXTH,2026-05-01 00:26:57+00:00,1777595217000,2070,24.81969,43.28399,1003.96002,55972
20260430-235226,-OrVvdwC2wvYeb6WYnXN,2026-05-01 00:27:07+00:00,1777595227000,2080,24.81937,43.29574,1003.96002,56084
20260430-235226,-OrVvgN7d2Hgyse57oAt,2026-05-01 00:27:17+00:00,1777595237000,2090,24.81874,43.27798,1003.96002,55748
20260430-235226,-OrVvion_USxFziUtgxi,2026-05-01 00:27:27+00:00,1777595247000,2100,24.8181,43.27201,1003.95001,55490
20260430-235226,-OrVvlFgtazReRQ4aW-Z,2026-05-01 00:27:37+00:00,1777595257000,2110,24.8181,43.26611,1003.95001,55233
20260430-235226,-OrVvngv3Klbic9OeAEK,2026-05-01 00:27:47+00:00,1777595267000,2120,24.81747,43.26014,1003.96002,54728
20260430-235226,-OrVvq8S3bVmp8HtXMUF,2026-05-01 00:27:57+00:00,1777595277000,2130,24.8181,43.25431,1003.96997,54585
20260430-235226,-OrVvs_UaqH2ZcgNMu2M,2026-05-01 00:28:07+00:00,1777595287000,2140,24.81747,43.24834,1003.96002,54692
20260430-235226,-OrVvv0pWHl1LPIASw7W,2026-05-01 00:28:17+00:00,1777595297000,2150,24.81874,43.24258,1003.96997,54728
20260430-235226,-OrVvxTLz5adbIe3Djox,2026-05-01 00:28:27+00:00,1777595307000,2160,24.8181,43.23072,1003.96002,54657
20260430-235226,-OrVvzufIzf1nfvZfxf4,2026-05-01 00:28:37+00:00,1777595317000,2170,24.8181,43.21893,1003.96002,54408
20260430-235226,-OrVw1LkubQJNTXz1R2Y,2026-05-01 00:28:47+00:00,1777595327000,2180,24.81779,43.22479,1003.96002,54585
20260430-235226,-OrVw3mzWPA46bmA6ZPL,2026-05-01 00:28:57+00:00,1777595337000,2190,24.81842,43.22486,1003.96002,54621
20260430-235226,-OrVw6EQb_aKleBipU7Q,2026-05-01 00:29:07+00:00,1777595347000,2200,24.81874,43.23079,1003.96002,54800
20260430-235226,-OrVw8fJ6rqFFA0XfEhQ,2026-05-01 00:29:17+00:00,1777595357000,2210,24.8181,43.24252,1003.96997,54907
20260430-235226,-OrVwB6sh2KJSdlIkioe,2026-05-01 00:29:27+00:00,1777595367000,2220,24.81874,43.23079,1003.96002,55124
20260430-235226,-OrVwDYh4Mq8wPZ0J2iJ,2026-05-01 00:29:37+00:00,1777595377000,2230,24.81779,43.21299,1003.95001,55233
20260430-235226,-OrVwG-0RvrNcLxQ68Mx,2026-05-01 00:29:47+00:00,1777595387000,2240,24.81874,43.22489,1003.95001,55197
20260430-235226,-OrVwIRWcdPiMpe2aGRo,2026-05-01 00:29:57+00:00,1777595397000,2250,24.81842,43.22486,1003.95001,55052
20260430-235226,-OrVwLxbn2nKu1wpGd6P,2026-05-01 00:30:07+00:00,1777595407000,2260,24.81842,43.19537,1003.94,54907
20260430-235226,-OrVwNNVNnzjPDeQPlsp,2026-05-01 00:30:17+00:00,1777595417000,2270,24.8181,43.19534,1003.94,54728
20260430-235226,-OrVwPlEiiOtrka7WCYB,2026-05-01 00:30:27+00:00,1777595427000,2280,24.81747,43.20706,1003.94,54728
20260430-235226,-OrVwSCSyEzmARdUd2hj,2026-05-01 00:30:37+00:00,1777595437000,2290,24.81779,43.21299,1003.94,54550
20260430-235226,-OrVwUdko5XOdqO1dcNq,2026-05-01 00:30:47+00:00,1777595447000,2300,24.81715,43.21881,1003.92999,54585
20260430-235226,-OrVwX4ysMUGuOMJSsuw,2026-05-01 00:30:57+00:00,1777595457000,2310,24.81779,43.23069,1003.92999,54514
20260430-235226,-OrVwZWva-Vpcv1qQ8vF,2026-05-01 00:31:07+00:00,1777595467000,2320,24.8181,43.21893,1003.91998,54337
20260430-235226,-OrVwazjg8venREHFP3L,2026-05-01 00:31:17+00:00,1777595477000,2330,24.81779,43.22479,1003.91998,54302
20260430-235226,-OrVwdPnP3oV3zhX8xOg,2026-05-01 00:31:27+00:00,1777595487000,2340,24.8181,43.23072,1003.91998,54092
20260430-235226,-OrVwgGUBlYQuEUwyYE8,2026-05-01 00:31:37+00:00,1777595497000,2350,24.81906,43.22493,1003.91998,54057
20260430-235226,-OrVwiIQ_1oHiWVV7Pu2,2026-05-01 00:31:47+00:00,1777595507000,2360,24.81937,43.20727,1003.90997,53883
20260430-235226,-OrVwkjhnxTBzZLsQHtn,2026-05-01 00:31:57+00:00,1777595517000,2370,24.82032,43.19559,1003.90002,53814
20260430-235226,-OrVwnBPY3KGCD1TzmzK,2026-05-01 00:32:07+00:00,1777595527000,2380,24.82001,43.20734,1003.90002,53848
20260430-235226,-OrVwq0aX_onOk_2pK64,2026-05-01 00:32:17+00:00,1777595537000,2390,24.82032,43.1897,1003.90002,53952
20260430-235226,-OrVws3tXL2W3T9nXqI8,2026-05-01 00:32:27+00:00,1777595547000,2400,24.82064,43.19563,1003.90002,54162
20260430-235226,-OrVwuWE1l8yX88vT75U,2026-05-01 00:32:37+00:00,1777595557000,2410,24.82001,43.19555,1003.90997,54232
20260430-235226,-OrVwwxW8jzmow8yAJt3,2026-05-01 00:32:47+00:00,1777595567000,2420,24.81969,43.19552,1003.90002,54337
20260430-235226,-OrVwzPB22QlyvFLYDAR,2026-05-01 00:32:57+00:00,1777595577000,2430,24.81937,43.19548,1003.90002,54443
20260430-235226,-OrVx0p03CETKC1evrTm,2026-05-01 00:33:07+00:00,1777595587000,2440,24.81969,43.18373,1003.90002,54302
20260430-235226,-OrVx3YcGvSr7qVXIVBb,2026-05-01 00:33:17+00:00,1777595597000,2450,24.82064,43.19563,1003.90997,54443
20260430-235226,-OrVx5h_Vg18LQss0OgC,2026-05-01 00:33:27+00:00,1777595607000,2460,24.82096,43.21336,1003.90997,54408
20260430-235226,-OrVx88OXSR-EbHygwPy,2026-05-01 00:33:37+00:00,1777595617000,2470,24.82096,43.21336,1003.90002,54232
20260430-235226,-OrVxA_u_6u0jOUjUKPT,2026-05-01 00:33:47+00:00,1777595627000,2480,24.82191,43.23705,1003.90002,54408
20260430-235226,-OrVxD1ZZY8BUHbEMAlE,2026-05-01 00:33:57+00:00,1777595637000,2490,24.82254,43.21943,1003.90002,54267
20260430-235226,-OrVxFU0IpKIOFprW8AW,2026-05-01 00:34:07+00:00,1777595647000,2500,24.82254,43.19584,1003.90997,54373
20260430-235226,-OrVxHv1PXbb01yakrJf,2026-05-01 00:34:17+00:00,1777595657000,2510,24.82381,43.16061,1003.90002,54479
20260430-235226,-OrVxKLxLnQH6ljJZI8w,2026-05-01 00:34:27+00:00,1777595667000,2520,24.82381,43.12525,1003.90002,54657
20260430-235226,-OrVxMnCkRjIaIRsQJ7a,2026-05-01 00:34:37+00:00,1777595677000,2530,24.82381,43.11935,1003.89001,54871
20260430-235226,-OrVxPEO-nBJIWG8WQmF,2026-05-01 00:34:47+00:00,1777595687000,2540,24.82476,43.14304,1003.89001,55306
20260430-235226,-OrVxRfkWHhc9ckrSe-Q,2026-05-01 00:34:57+00:00,1777595697000,2550,24.82508,43.14308,1003.89001,55416
20260430-235226,-OrVxU6sCVtBFpB3zB8I,2026-05-01 00:35:07+00:00,1777595707000,2560,24.82603,43.16676,1003.89001,55490
20260430-235226,-OrVxW_50aOo7l7w1QXm,2026-05-01 00:35:17+00:00,1777595717000,2570,24.82634,43.17859,1003.89001,55526
20260430-235226,-OrVxZ-JtwcjYwEJmnQ2,2026-05-01 00:35:27+00:00,1777595727000,2580,24.82666,43.19042,1003.90002,55674
20260430-235226,-OrVxaRZNUOJfUiZiES0,2026-05-01 00:35:37+00:00,1777595737000,2590,24.82634,43.21397,1003.90002,55637
20260430-235226,-OrVxctMg24i3EogNc5c,2026-05-01 00:35:47+00:00,1777595747000,2600,24.82603,43.22573,1003.90002,55637
20260430-235226,-OrVxfKDinAeLDfKzaUO,2026-05-01 00:35:57+00:00,1777595757000,2610,24.82539,43.22565,1003.90002,55453
20260430-235226,-OrVxhlRHR5BQXK-ABAJ,2026-05-01 00:36:07+00:00,1777595767000,2620,24.82603,43.22573,1003.90002,55343
20260430-235226,-OrVxkD5sYWfztgv9c1x,2026-05-01 00:36:17+00:00,1777595777000,2630,24.82571,43.21979,1003.90002,55306
20260430-235226,-OrVxmn0maCuT-YVvCHd,2026-05-01 00:36:27+00:00,1777595787000,2640,24.82571,43.19031,1003.90002,55161
20260430-235226,-OrVxp5JpmKOmWM0hTMo,2026-05-01 00:36:37+00:00,1777595797000,2650,24.82571,43.17262,1003.90002,54980
20260430-235226,-OrVxrXygHc-HwyZEbTy,2026-05-01 00:36:47+00:00,1777595807000,2660,24.82666,43.16094,1003.90997,55016
20260430-235226,-OrVxu3bK3HkrpP8D9xF,2026-05-01 00:36:57+00:00,1777595817000,2670,24.82666,43.16683,1003.90002,55016
20260430-235226,-OrVxwQ1I7W59M1oi_Fr,2026-05-01 00:37:07+00:00,1777595827000,2680,24.82634,43.1668,1003.90997,54943
20260430-235226,-OrVxyr4sLVc8YsIMSqY,2026-05-01 00:37:17+00:00,1777595837000,2690,24.82634,43.1609,1003.90002,55088
20260430-235226,-OrVy0IpHKz4J9eddFej,2026-05-01 00:37:27+00:00,1777595847000,2700,24.8273,43.16101,1003.90002,54871
20260430-235226,-OrVy2jflvrP20Gi739w,2026-05-01 00:37:37+00:00,1777595857000,2710,24.82634,43.1609,1003.90002,54907
20260430-235226,-OrVy5Av5izk14z9bhnU,2026-05-01 00:37:47+00:00,1777595867000,2720,24.82634,43.1668,1003.90997,54728
20260430-235226,-OrVy7bxMxLhz_XOTVub,2026-05-01 00:37:57+00:00,1777595877000,2730,24.82793,43.16698,1003.90997,54443
20260430-235226,-OrVyA3RcewLFmjiJ5AR,2026-05-01 00:38:07+00:00,1777595887000,2740,24.82825,43.17881,1003.90002,54337
20260430-235226,-OrVyCVcPxM9uK6dFUbg,2026-05-01 00:38:17+00:00,1777595897000,2750,24.82793,43.17877,1003.90002,54162
20260430-235226,-OrVyEwf4bKCeMd0Qcgy,2026-05-01 00:38:27+00:00,1777595907000,2760,24.82825,43.17881,1003.90002,53883
20260430-235226,-OrVyHOUcwoY8SPQbQYg,2026-05-01 00:38:37+00:00,1777595917000,2770,24.82951,43.15537,1003.90002,53814
20260430-235226,-OrVyJpYdp43gasqg04N,2026-05-01 00:38:47+00:00,1777595927000,2780,24.82983,43.1613,1003.90002,53848
20260430-235226,-OrVyMGFYS8FgVvgsMQq,2026-05-01 00:38:57+00:00,1777595937000,2790,24.82951,43.15537,1003.89001,53710
20260430-235226,-OrVyOieEPoHJzi0VdXg,2026-05-01 00:39:07+00:00,1777595947000,2800,24.83015,43.14955,1003.89001,53710
20260430-235226,-OrVyR96woBIJNOuzNv0,2026-05-01 00:39:17+00:00,1777595957000,2810,24.83046,43.14368,1003.89001,53745
20260430-235226,-OrVyTaN6MoJvy4_InZI,2026-05-01 00:39:27+00:00,1777595967000,2820,24.83015,43.14955,1003.89001,53745
20260430-235226,-OrVyWGxzuYMdEktt-3-,2026-05-01 00:39:37+00:00,1777595977000,2830,24.83046,43.15547,1003.87,53883
20260430-235226,-OrVyYUIHKn2K2VXrGrK,2026-05-01 00:39:47+00:00,1777595987000,2840,24.83046,43.16137,1003.88,53745
20260430-235226,-OrVy_vAd6isYgd3y2kN,2026-05-01 00:39:57+00:00,1777595997000,2850,24.83078,43.16141,1003.87,53918
20260430-235226,-OrVycMrCuSah38cSdDo,2026-05-01 00:40:07+00:00,1777596007000,2860,24.83173,43.13793,1003.85999,53883
20260430-235226,-OrVyenXAcN_XZ8DVZSL,2026-05-01 00:40:17+00:00,1777596017000,2870,24.83173,43.14383,1003.85999,53676
20260430-235226,-OrVyhEjq4DZsd86iSAd,2026-05-01 00:40:27+00:00,1777596027000,2880,24.83237,43.1498,1003.85999,53918
20260430-235226,-OrVyjh65y7-3oYo0ECc,2026-05-01 00:40:37+00:00,1777596037000,2890,24.83237,43.16159,1003.85999,53952
20260430-235226,-OrVym7CMxj6nYrfpzYO,2026-05-01 00:40:47+00:00,1777596047000,2900,24.83364,43.16174,1003.85999,53710
20260430-235226,-OrVyoZneWuJXinrOhnd,2026-05-01 00:40:57+00:00,1777596057000,2910,24.83332,43.1617,1003.85999,53779
20260430-235226,-OrVyr-yk_1_78SMeq1h,2026-05-01 00:41:07+00:00,1777596067000,2920,24.83332,43.1617,1003.85999,53987
20260430-235226,-OrVytS87czxZvaDa3H5,2026-05-01 00:41:17+00:00,1777596077000,2930,24.83268,43.14984,1003.85999,53987
20260430-235226,-OrVyvtmgNyUzDJkX3ai,2026-05-01 00:41:27+00:00,1777596087000,2940,24.83268,43.13805,1003.85999,53918
20260430-235226,-OrVyyKi8J1tG6ZbAiTy,2026-05-01 00:41:37+00:00,1777596097000,2950,24.83332,43.13223,1003.87,53952
20260430-235226,-OrVz-lhxY3i329Xs6J2,2026-05-01 00:41:47+00:00,1777596107000,2960,24.83427,43.13234,1003.85999,54127
20260430-235226,-OrVz2DiGYzn15Pq0QEt,2026-05-01 00:41:57+00:00,1777596117000,2970,24.8349,43.1324,1003.85999,53918
20260430-235226,-OrVz4eZsR0nrdZ28q7i,2026-05-01 00:42:07+00:00,1777596127000,2980,24.83522,43.12065,1003.85999,53987
20260430-235226,-OrVz75PWaz8jJGqyZQ4,2026-05-01 00:42:17+00:00,1777596137000,2990,24.83585,43.12072,1003.85999,54127
20260430-235226,-OrVz9XkCFUQxFiWUfuB,2026-05-01 00:42:27+00:00,1777596147000,3000,24.83617,43.13255,1003.85999,54092
20260430-235226,-OrVzBz2FOTA2XgkGhBl,2026-05-01 00:42:37+00:00,1777596157000,3010,24.83649,43.10901,1003.87,54197
20260430-235226,-OrVzEqJL4eG-78WYeOt,2026-05-01 00:42:47+00:00,1777596167000,3020,24.83585,43.13251,1003.85999,54162
20260430-235226,-OrVzGrxcDWnVjXlcM2O,2026-05-01 00:42:57+00:00,1777596177000,3030,24.83617,43.13844,1003.85999,53918
20260430-235226,-OrVzJIgkJXup9fC_ban,2026-05-01 00:43:07+00:00,1777596187000,3040,24.83712,43.14444,1003.85999,54197
20260430-235226,-OrVzLjzEvhhGUoyA5MU,2026-05-01 00:43:17+00:00,1777596197000,3050,24.83744,43.13859,1003.85999,54162
20260430-235226,-OrVzOBi4h2E79iopkF8,2026-05-01 00:43:27+00:00,1777596207000,3060,24.83744,43.14449,1003.87,54232
20260430-235226,-OrVzQdV8V6Y-bXv5hYO,2026-05-01 00:43:37+00:00,1777596217000,3070,24.83776,43.13862,1003.84998,54302
20260430-235226,-OrVzT44-c0KeHUtyXUV,2026-05-01 00:43:47+00:00,1777596227000,3080,24.83744,43.13859,1003.84998,54373
20260430-235226,-OrVzVWKzEV1hD0czgbh,2026-05-01 00:43:57+00:00,1777596237000,3090,24.83776,43.13862,1003.84998,54443
20260430-235226,-OrVzXxPSRlZtxQaXwam,2026-05-01 00:44:07+00:00,1777596247000,3100,24.83934,43.13291,1003.84998,54373
20260430-235226,-OrVz_OVFRH57rYZi7xp,2026-05-01 00:44:17+00:00,1777596257000,3110,24.83966,43.13884,1003.84998,54302
20260430-235226,-OrVzbpq6SHK_xZUK1IJ,2026-05-01 00:44:27+00:00,1777596267000,3120,24.84061,43.15075,1003.84998,54162
20260430-235226,-OrVzeGx8n50-5i3dexW,2026-05-01 00:44:37+00:00,1777596277000,3130,24.84124,43.13313,1003.84998,54267
20260430-235226,-OrVzgiO6cU8k9BOXWAT,2026-05-01 00:44:47+00:00,1777596287000,3140,24.84156,43.12726,1003.84998,54162
20260430-235226,-OrVzj9U9qSrnwBFiKGg,2026-05-01 00:44:57+00:00,1777596297000,3150,24.84188,43.1332,1003.84003,53987
20260430-235226,-OrVzlatBAqV92h1JbU8,2026-05-01 00:45:07+00:00,1777596307000,3160,24.84251,43.10381,1003.84003,53952
20260430-235226,-OrVzo271v-1B4CtXA74,2026-05-01 00:45:17+00:00,1777596317000,3170,24.84314,43.12156,1003.84003,53814
20260430-235226,-OrVzqUFDpfYrH76r2Az,2026-05-01 00:45:27+00:00,1777596327000,3180,24.84314,43.10976,1003.84003,53676
20260430-235226,-OrVzsvQqG9qfIiA2ybp,2026-05-01 00:45:37+00:00,1777596337000,3190,24.84378,43.10395,1003.84998,53676
20260430-235226,-OrVzvN-NwTC6NR2vvvC,2026-05-01 00:45:47+00:00,1777596347000,3200,24.84473,43.10406,1003.84003,53779
20260430-235226,-OrVzxwoygeNtJ2U-84e,2026-05-01 00:45:57+00:00,1777596357000,3210,24.84504,43.0982,1003.84003,53745
20260430-235226,-OrW--FCi7igf_5S4GZ3,2026-05-01 00:46:07+00:00,1777596367000,3220,24.84568,43.09827,1003.84003,53779
20260430-235226,-OrW-1kV0PxEDnRUVNAo,2026-05-01 00:46:17+00:00,1777596377000,3230,24.84631,43.11012,1003.84003,53848
20260430-235226,-OrW-47fIBk_4k67xtP7,2026-05-01 00:46:27+00:00,1777596387000,3240,24.84631,43.08655,1003.83002,53814
20260430-235226,-OrW-6_bxN6gsHm_UpfP,2026-05-01 00:46:37+00:00,1777596397000,3250,24.84599,43.11599,1003.83002,53814
20260430-235226,-OrW-90YwT5-LVmUXN0W,2026-05-01 00:46:47+00:00,1777596407000,3260,24.84663,43.10427,1003.83002,53607
20260430-235226,-OrW-BSpMxSJf-eCgwZ4,2026-05-01 00:46:57+00:00,1777596417000,3270,24.84631,43.09245,1003.82001,53814
20260430-235226,-OrW-DtmJMHB_tRxplgW,2026-05-01 00:47:07+00:00,1777596427000,3280,24.84694,43.09252,1003.81,53779
20260430-235226,-OrW-GLHgis4W-59oM3p,2026-05-01 00:47:17+00:00,1777596437000,3290,24.84726,43.0631,1003.82001,53573
20260430-235226,-OrW-ImgA-dZZLPhkS2L,2026-05-01 00:47:27+00:00,1777596447000,3300,24.84758,43.0808,1003.82001,53848
20260430-235226,-OrW-LDMvbRs7UADrSge,2026-05-01 00:47:37+00:00,1777596457000,3310,24.8479,43.08674,1003.82001,53883
20260430-235226,-OrW-NfRECPqAIzCkufg,2026-05-01 00:47:47+00:00,1777596467000,3320,24.84853,43.07502,1003.81,53710
20260430-235226,-OrW-Q5vVHmyfIKb-0pD,2026-05-01 00:47:57+00:00,1777596477000,3330,24.84885,43.08094,1003.81,53883
20260430-235226,-OrW-SY9RHifvCqMlV-c,2026-05-01 00:48:07+00:00,1777596487000,3340,24.84916,43.08688,1003.82001,53676
20260430-235226,-OrW-UzVSi0ahGfbWilg,2026-05-01 00:48:17+00:00,1777596497000,3350,24.84916,43.0751,1003.82001,53745
20260430-235226,-OrW-XQeM14BcfXjjeBH,2026-05-01 00:48:27+00:00,1777596507000,3360,24.85012,43.07521,1003.82001,53745
20260430-235226,-OrW-Zs0mCpgiXN0Tuhb,2026-05-01 00:48:37+00:00,1777596517000,3370,24.85138,43.06946,1003.81,53710
20260430-235226,-OrW-bJc5jCvX-8PFH0O,2026-05-01 00:48:47+00:00,1777596527000,3380,24.8517,43.05771,1003.81,53848
20260430-235226,-OrW-dkT3sq4ONkMQFuw,2026-05-01 00:48:57+00:00,1777596537000,3390,24.85233,43.06957,1003.81,53710
20260430-235226,-OrW-gpV_lObXcA194T5,2026-05-01 00:49:07+00:00,1777596547000,3400,24.85202,43.06364,1003.79999,53779
20260430-235226,-OrW-idXZDUeSoOx-IV8,2026-05-01 00:49:17+00:00,1777596557000,3410,24.85202,43.06364,1003.81,53641
20260430-235226,-OrW-l4UdhK-KTa7ozG8,2026-05-01 00:49:27+00:00,1777596567000,3420,24.85138,43.05767,1003.79999,54057
20260430-235226,-OrW-nWmR5cls8bhjauF,2026-05-01 00:49:37+00:00,1777596577000,3430,24.8517,43.0636,1003.78998,53883
20260430-235226,-OrW-py1uXvUJpPuCxuj,2026-05-01 00:49:47+00:00,1777596587000,3440,24.85233,43.05779,1003.78998,53987
20260430-235226,-OrW-sOxqgegH33SKn2V,2026-05-01 00:49:57+00:00,1777596597000,3450,24.85265,43.06371,1003.78003,54057
20260430-235226,-OrW-uqYyMIiDI09fuA7,2026-05-01 00:50:07+00:00,1777596607000,3460,24.8536,43.04614,1003.78003,54022
20260430-235226,-OrW-xIEqOtvQWmW1Xi-,2026-05-01 00:50:17+00:00,1777596617000,3470,24.85424,43.05211,1003.78003,53918
20260430-235226,-OrW-zjZUNt6y-PludAG,2026-05-01 00:50:27+00:00,1777596627000,3480,24.85455,43.04036,1003.78003,53745
20260430-235226,-OrW01ADOSRFDs5WnoTu,2026-05-01 00:50:37+00:00,1777596637000,3490,24.85487,43.04628,1003.77002,53676
20260430-235226,-OrW03b3OA91qXLBlNgw,2026-05-01 00:50:47+00:00,1777596647000,3500,24.85614,43.03464,1003.76001,53607
20260430-235226,-OrW062SNsLljZS1rYtE,2026-05-01 00:50:57+00:00,1777596657000,3510,24.85709,43.04654,1003.76001,53504
20260430-235226,-OrW08UwyCBkhKBB9jsj,2026-05-01 00:51:07+00:00,1777596667000,3520,24.85836,43.0408,1003.76001,53539
20260430-235226,-OrW0AwIW8nhk_f8DIjN,2026-05-01 00:51:17+00:00,1777596677000,3530,24.8574,43.05247,1003.76001,53402
20260430-235226,-OrW0DN5r4JGl2Jz4aCa,2026-05-01 00:51:27+00:00,1777596687000,3540,24.85804,43.03487,1003.76001,53539
20260430-235226,-OrW0FogO9F_ARWFd2Lr,2026-05-01 00:51:37+00:00,1777596697000,3550,24.85836,43.03491,1003.75,53436
20260430-235226,-OrW0IFhjnq1EN1l4quH,2026-05-01 00:51:47+00:00,1777596707000,3560,24.85804,43.0172,1003.73999,53470
20260430-235226,-OrW0KgaoBTxAwAnJuNY,2026-05-01 00:51:57+00:00,1777596717000,3570,24.85899,43.02908,1003.75,53436
20260430-235226,-OrW0N8YgWrMluWP-hZa,2026-05-01 00:52:07+00:00,1777596727000,3580,24.85836,43.01723,1003.73999,53334
20260430-235226,-OrW0PgcRSyVHvn4IdYR,2026-05-01 00:52:17+00:00,1777596737000,3590,24.85836,43.01723,1003.73999,53232
20260430-235226,-OrW0S0k-rEt5f_C0pI3,2026-05-01 00:52:27+00:00,1777596747000,3600,24.85994,43.0233,1003.73999,53436
20260430-235226,-OrW0USVbpRMa_5jQHt0,2026-05-01 00:52:37+00:00,1777596757000,3610,24.86026,43.01155,1003.72998,53676
20260430-235226,-OrW0Wu3HsvnzM5VWfqK,2026-05-01 00:52:47+00:00,1777596767000,3620,24.86057,43.01749,1003.72998,53745
20260430-235226,-OrW0ZLS27RonIN0qjyI,2026-05-01 00:52:57+00:00,1777596777000,3630,24.86121,42.9881,1003.71997,53987
20260430-235226,-OrW0amtq-0NC1YftmGj,2026-05-01 00:53:07+00:00,1777596787000,3640,24.86184,42.99996,1003.71997,54127
20260430-235226,-OrW0dE36ovOVxOoTa3Q,2026-05-01 00:53:17+00:00,1777596797000,3650,24.86216,43.01177,1003.71002,54232
20260430-235226,-OrW0ffpumzJSAcD-m_N,2026-05-01 00:53:27+00:00,1777596807000,3660,24.86248,43.01181,1003.71002,54232
20260430-235226,-OrW0i6HrkE0kPscRn5-,2026-05-01 00:53:37+00:00,1777596817000,3670,24.86248,43.00592,1003.70001,54302
20260430-235226,-OrW0kYxqVxyT808PXe8,2026-05-01 00:53:47+00:00,1777596827000,3680,24.86279,42.99417,1003.69,53952
20260430-235226,-OrW0n-1LRNA8Eyu0yRm,2026-05-01 00:53:57+00:00,1777596837000,3690,24.86343,42.97657,1003.70001,53918
20260430-235226,-OrW0pRDehRH_BGAI6Bl,2026-05-01 00:54:07+00:00,1777596847000,3700,24.86279,42.98829,1003.69,53641
20260430-235226,-OrW0rsDL9pFR6Bj_fHl,2026-05-01 00:54:17+00:00,1777596857000,3710,24.86279,42.9824,1003.69,53607
20260430-235226,-OrW0uJneoMWeyHn7NfI,2026-05-01 00:54:27+00:00,1777596867000,3720,24.86279,42.98829,1003.69,53539
20260430-235226,-OrW0wkzk5piARx7dVkj,2026-05-01 00:54:37+00:00,1777596877000,3730,24.86311,43.0001,1003.67999,53710
20260430-235226,-OrW0zBv8ooMWa1YO_uU,2026-05-01 00:54:47+00:00,1777596887000,3740,24.86438,42.98257,1003.67999,53814
20260430-235226,-OrW10daUw_DRiU-fAC4,2026-05-01 00:54:57+00:00,1777596897000,3750,24.86469,42.9885,1003.66998,53848
20260430-235226,-OrW134TO0uD5uYZP9PE,2026-05-01 00:55:07+00:00,1777596907000,3760,24.86628,42.97102,1003.65997,53745
20260430-235226,-OrW15X4UK84aTuhtVBF,2026-05-01 00:55:17+00:00,1777596917000,3770,24.86723,42.95934,1003.66998,53745
20260430-235226,-OrW18La3xUO57Fg_cfO,2026-05-01 00:55:27+00:00,1777596927000,3780,24.8685,42.97126,1003.65002,53676
20260430-235226,-OrW1ARVJSwDLK8pJ2ab,2026-05-01 00:55:37+00:00,1777596937000,3790,24.8685,42.96537,1003.65002,53710
20260430-235226,-OrW1DjcmvLyYcVOsJkJ,2026-05-01 00:55:47+00:00,1777596947000,3800,24.86913,42.97134,1003.65002,53573
20260430-235226,-OrW1FIHxbVEBHVj5Jxz,2026-05-01 00:55:57+00:00,1777596957000,3810,24.86977,42.97141,1003.65002,53676
20260430-235226,-OrW1Hk0Px2m6JycXpfQ,2026-05-01 00:56:07+00:00,1777596967000,3820,24.86977,42.96552,1003.65002,53607
20260430-235226,-OrW1KAaDafTnzMh518N,2026-05-01 00:56:17+00:00,1777596977000,3830,24.87072,42.95974,1003.65002,53745
20260430-235226,-OrW1MbrnxkAC-PBcopm,2026-05-01 00:56:27+00:00,1777596987000,3840,24.87103,42.95389,1003.65002,53779
20260430-235226,-OrW1P2m7grDfmTSHAt5,2026-05-01 00:56:37+00:00,1777596997000,3850,24.87135,42.93626,1003.64001,53368
20260430-235226,-OrW1RVIccktzbGeZPVD,2026-05-01 00:56:47+00:00,1777597007000,3860,24.87103,42.93034,1003.64001,53402
20260430-235226,-OrW1Twj_7JPkTmdByU4,2026-05-01 00:56:57+00:00,1777597017000,3870,24.87198,42.91867,1003.63,53470
20260430-235226,-OrW1WNnDewK364Krkul,2026-05-01 00:57:07+00:00,1777597027000,3880,24.87262,42.92463,1003.62,53539
20260430-235226,-OrW1Yp-ZbkrjAb9lYfE,2026-05-01 00:57:17+00:00,1777597037000,3890,24.87357,42.93651,1003.63,53607
20260430-235226,-OrW1aGPNYX9--REmFp5,2026-05-01 00:57:27+00:00,1777597047000,3900,24.87452,42.93074,1003.63,53814
20260430-235226,-OrW1chcg6BWvqizHtPi,2026-05-01 00:57:37+00:00,1777597057000,3910,24.8742,42.9307,1003.60999,53745
20260430-235226,-OrW1f91g8h_lLRHsICO,2026-05-01 00:57:47+00:00,1777597067000,3920,24.87452,42.92485,1003.60999,53883
20260430-235226,-OrW1h_j99r7oZO4HtEn,2026-05-01 00:57:57+00:00,1777597077000,3930,24.87389,42.94244,1003.60999,53987
20260430-235226,-OrW1k2McD9VpPhW_eHB,2026-05-01 00:58:07+00:00,1777597087000,3940,24.87389,42.93066,1003.59998,53848
20260430-235226,-OrW1mUBcJWESagzJ1xv,2026-05-01 00:58:17+00:00,1777597097000,3950,24.87515,42.94258,1003.60999,53987
20260430-235226,-OrW1ougKOscQN-U9H-N,2026-05-01 00:58:27+00:00,1777597107000,3960,24.8761,42.91913,1003.60999,54022
20260430-235226,-OrW1rTh94np97W7eTZ5,2026-05-01 00:58:37+00:00,1777597117000,3970,24.87642,42.89563,1003.59998,53952
20260430-235226,-OrW1tnKkRxVjy55ANNT,2026-05-01 00:58:47+00:00,1777597127000,3980,24.87674,42.91332,1003.59998,53641
20260430-235226,-OrW1wECfnnQC_ZkJHJ6,2026-05-01 00:58:57+00:00,1777597137000,3990,24.87706,42.87804,1003.59998,53745
20260430-235226,-OrW1yfMjJydGpF_UgaE,2026-05-01 00:59:07+00:00,1777597147000,4000,24.87674,42.89566,1003.59998,53676
20260430-235226,-OrW2076t-Wb6MwEQtJc,2026-05-01 00:59:17+00:00,1777597157000,4010,24.87737,42.89574,1003.59998,53436
20260430-235226,-OrW22Z0kwqBiuYE2__g,2026-05-01 00:59:27+00:00,1777597167000,4020,24.87737,42.89574,1003.59998,53573
20260430-235226,-OrW25-W9Z3HGEKKzOa1,2026-05-01 00:59:37+00:00,1777597177000,4030,24.87832,42.90762,1003.59998,53436
20260430-235226,-OrW27Wuv5j0Y5Imy3Qi,2026-05-01 00:59:47+00:00,1777597187000,4040,24.87927,42.90773,1003.59998,53641
20260430-235226,-OrW29tJymHcK3IcMHFv,2026-05-01 00:59:57+00:00,1777597197000,4050,24.88086,42.89024,1003.59998,53918
20260430-235226,-OrW2CKEn-UsWYO4leCA,2026-05-01 01:00:07+00:00,1777597207000,4060,24.88118,42.87262,1003.59998,54022
20260430-235226,-OrW2ElcJbiqG5_CQ7nr,2026-05-01 01:00:17+00:00,1777597217000,4070,24.88086,42.86081,1003.59998,54057
20260430-235226,-OrW2HCUrxYwANdSOTL5,2026-05-01 01:00:27+00:00,1777597227000,4080,24.88118,42.85497,1003.59998,54162
20260430-235226,-OrW2JdzUZeg696gX_rs,2026-05-01 01:00:37+00:00,1777597237000,4090,24.88213,42.86096,1003.59998,54092
20260430-235226,-OrW2M5i9EcEJhDd2oEp,2026-05-01 01:00:47+00:00,1777597247000,4100,24.88339,42.84933,1003.59998,53918
20260430-235226,-OrW2OXPdf9zBzxXkLPv,2026-05-01 01:00:57+00:00,1777597257000,4110,24.88371,42.83761,1003.59003,53987
20260430-235226,-OrW2Qydl2g35SAT_Ksv,2026-05-01 01:01:07+00:00,1777597267000,4120,24.88435,42.83767,1003.59998,53745
20260430-235226,-OrW2TQ3Tt0gnPwJ8_VM,2026-05-01 01:01:17+00:00,1777597277000,4130,24.8853,42.85543,1003.59003,53676
20260430-235226,-OrW2VqyEdH5EIgQBeWO,2026-05-01 01:01:27+00:00,1777597287000,4140,24.8853,42.84367,1003.58002,53779
20260430-235226,-OrW2YIZDcjv49QdnFaK,2026-05-01 01:01:37+00:00,1777597297000,4150,24.88561,42.8437,1003.59003,53676
20260430-235226,-OrW2az0JHmjO7YrB6gN,2026-05-01 01:01:47+00:00,1777597307000,4160,24.88498,42.84951,1003.58002,53779
20260430-235226,-OrW2cBj_eOyblFyLM4h,2026-05-01 01:01:57+00:00,1777597317000,4170,24.8853,42.82601,1003.57001,53814
20260430-235226,-OrW2ecD9lOl367UDdrB,2026-05-01 01:02:07+00:00,1777597327000,4180,24.88561,42.82016,1003.56,53848
20260430-235226,-OrW2h4KsoS7-kN05PVC,2026-05-01 01:02:17+00:00,1777597337000,4190,24.88625,42.80259,1003.56,53779
20260430-235226,-OrW2jVM6n1CpOJOD5O2,2026-05-01 01:02:27+00:00,1777597347000,4200,24.88688,42.81442,1003.54999,53745
20260430-235226,-OrW2lx6Vd9snZUm3tny,2026-05-01 01:02:37+00:00,1777597357000,4210,24.8872,42.79681,1003.56,53918
20260430-235226,-OrW2oNsg1Xxddu1yl2C,2026-05-01 01:02:47+00:00,1777597367000,4220,24.8872,42.77916,1003.54999,54162
20260430-235226,-OrW2qpTG75oORwfgCns,2026-05-01 01:02:57+00:00,1777597377000,4230,24.88783,42.80866,1003.54999,54302
20260430-235226,-OrW2tHJlEtonbuXc9vR,2026-05-01 01:03:07+00:00,1777597387000,4240,24.88847,42.80284,1003.54999,54162
20260430-235226,-OrW2vhT4e5P-egM8NOv,2026-05-01 01:03:17+00:00,1777597397000,4250,24.88878,42.81464,1003.54999,54092
20260430-235226,-OrW2y9CSlJ354Cpiqr5,2026-05-01 01:03:27+00:00,1777597407000,4260,24.88878,42.82641,1003.54999,54162
20260430-235226,-OrW3-au3mLwu1y4xChi,2026-05-01 01:03:37+00:00,1777597417000,4270,24.88942,42.81471,1003.54999,54127
20260430-235226,-OrW321Tb8I68OY4gpFt,2026-05-01 01:03:47+00:00,1777597427000,4280,24.88973,42.82652,1003.54999,54337
20260430-235226,-OrW34TxAdtaFkKwJuXt,2026-05-01 01:03:57+00:00,1777597437000,4290,24.89164,42.82085,1003.54999,54443
20260430-235226,-OrW36vNHxWz8uHTblnr,2026-05-01 01:04:07+00:00,1777597447000,4300,24.89164,42.82085,1003.54999,54373
20260430-235226,-OrW39N46rH3AhlYp3M2,2026-05-01 01:04:17+00:00,1777597457000,4310,24.89164,42.8032,1003.54999,54514
20260430-235226,-OrW3BnVHbK5C72RW7Kj,2026-05-01 01:04:27+00:00,1777597467000,4320,24.89195,42.79147,1003.54999,54337
20260430-235226,-OrW3EF66UN2ybPh-UmT,2026-05-01 01:04:37+00:00,1777597477000,4330,24.89195,42.79147,1003.53998,54443
20260430-235226,-OrW3Gh5b9tt8IIEpD1S,2026-05-01 01:04:47+00:00,1777597487000,4340,24.891,42.77371,1003.53998,54479
20260430-235226,-OrW3JjqBNRCwaTKF7mF,2026-05-01 01:04:57+00:00,1777597497000,4350,24.89195,42.75029,1003.53998,54373
20260430-235226,-OrW3L_Bosi_fSNG9bAu,2026-05-01 01:05:07+00:00,1777597507000,4360,24.89195,42.74441,1003.53998,54302
20260430-235226,-OrW3O0tOMs4f6WIdGRV,2026-05-01 01:05:17+00:00,1777597517000,4370,24.89227,42.74445,1003.53998,54373
20260430-235226,-OrW3QSlRyIHnw86VeYw,2026-05-01 01:05:27+00:00,1777597527000,4380,24.8929,42.75628,1003.53998,54443
20260430-235226,-OrW3StJfng-EUBkZvii,2026-05-01 01:05:37+00:00,1777597537000,4390,24.89322,42.75632,1003.54999,54162
20260430-235226,-OrW3VKgJn8ivLMbEGDK,2026-05-01 01:05:47+00:00,1777597547000,4400,24.89322,42.75632,1003.53998,54057
20260430-235226,-OrW3Xm8ZDRcsIq6L7vY,2026-05-01 01:05:57+00:00,1777597557000,4410,24.89385,42.76227,1003.53003,54022
20260430-235226,-OrW3_DOh3eTPVeNTjUf,2026-05-01 01:06:07+00:00,1777597567000,4420,24.89385,42.75051,1003.53003,54022
20260430-235226,-OrW3beXqS9g374Xxudx,2026-05-01 01:06:17+00:00,1777597577000,4430,24.8948,42.73885,1003.53998,53952
20260430-235226,-OrW3e5XOsvoaJWbXCeD,2026-05-01 01:06:27+00:00,1777597587000,4440,24.89544,42.74481,1003.53003,54022
20260430-235226,-OrW3gYN-BQxRsnjwgt8,2026-05-01 01:06:37+00:00,1777597597000,4450,24.89544,42.72128,1003.53003,53918
20260430-235226,-OrW3iyrCAe2geB9h9UE,2026-05-01 01:06:47+00:00,1777597607000,4460,24.89576,42.71544,1003.51001,54022
20260430-235226,-OrW3lQpR2WCyvC02sp5,2026-05-01 01:06:57+00:00,1777597617000,4470,24.89544,42.70952,1003.51001,54127
20260430-235226,-OrW3ns3gdUHxbV6AQOG,2026-05-01 01:07:07+00:00,1777597627000,4480,24.89449,42.70942,1003.52002,53952
20260430-235226,-OrW3qInctv9ZnQ4SA0b,2026-05-01 01:07:17+00:00,1777597637000,4490,24.89449,42.6859,1003.51001,53952
20260430-235226,-OrW3sk5L0TZ7XLOBb2I,2026-05-01 01:07:27+00:00,1777597647000,4500,24.89607,42.69784,1003.52002,53607
20260430-235226,-OrW3vBJ3tbIyOFcZ2vk,2026-05-01 01:07:37+00:00,1777597657000,4510,24.89607,42.69196,1003.51001,53676
20260430-235226,-OrW3xcQ3HmccqZ2yxEr,2026-05-01 01:07:47+00:00,1777597667000,4520,24.89671,42.69202,1003.51001,53573
20260430-235226,-OrW4-4Loa2Mmbc3G7nU,2026-05-01 01:07:57+00:00,1777597677000,4530,24.89702,42.69206,1003.51001,53607
20260430-235226,-OrW43YpD0_1owo_Oo-k,2026-05-01 01:08:07+00:00,1777597687000,4540,24.89766,42.69213,1003.51001,53710
20260430-235226,-OrW44HEqHt_-JDyT40C,2026-05-01 01:08:19+00:00,1777597699000,4552,24.89956,42.71587,1003.52002,52896
20260430-235226,-OrW46i3EIFMG3N2dyQp,2026-05-01 01:08:29+00:00,1777597709000,4562,24.89956,42.70999,1003.52002,53436
20260430-235226,-OrW4991tcJ6Ip6WZuYb,2026-05-01 01:08:39+00:00,1777597719000,4572,24.89924,42.68644,1003.53003,53607
20260430-235226,-OrW4BaeQEExhxj1v5FI,2026-05-01 01:08:49+00:00,1777597729000,4582,24.90019,42.68653,1003.53003,53539
20260430-235226,-OrW4E1J5WL_lYbT3qDR,2026-05-01 01:08:59+00:00,1777597739000,4592,24.90114,42.6749,1003.53003,53436
20260430-235226,-OrW4GUxb55XXlbjBCT1,2026-05-01 01:09:09+00:00,1777597749000,4602,24.90178,42.67496,1003.53003,53470
20260430-235226,-OrW4IvIlkqmmp53z8IP,2026-05-01 01:09:19+00:00,1777597759000,4612,24.90209,42.66912,1003.52002,53402
20260430-235226,-OrW4LMphjKMJwACQ0Kq,2026-05-01 01:09:29+00:00,1777597769000,4622,24.90241,42.68092,1003.52002,53402
20260430-235226,-OrW4Nn_uaMv0PDPHCl8,2026-05-01 01:09:39+00:00,1777597779000,4632,24.90305,42.69862,1003.52002,53848
20260430-235226,-OrW4QEsvOT5kC8m_d8Z,2026-05-01 01:09:49+00:00,1777597789000,4642,24.90336,42.70454,1003.52002,53987
20260430-235226,-OrW4SfzDQKt77hpF5Ea,2026-05-01 01:09:59+00:00,1777597799000,4652,24.90463,42.6988,1003.51001,54373
20260430-235226,-OrW4V7nbRUKoiOFApeC,2026-05-01 01:10:09+00:00,1777597809000,4662,24.90431,42.69877,1003.51001,54514
20260430-235226,-OrW4XZdfFKzyme3CZR9,2026-05-01 01:10:19+00:00,1777597819000,4672,24.90558,42.68127,1003.52002,54980
20260430-235226,-OrW4_-ju6j00Am0jg2-,2026-05-01 01:10:29+00:00,1777597829000,4682,24.90717,42.65794,1003.52002,54943
20260430-235226,-OrW4bS9rp0QshaOTH34,2026-05-01 01:10:39+00:00,1777597839000,4692,24.90812,42.65217,1003.52002,54871
20260430-235226,-OrW4dw6u2b0nuZ2_3Cp,2026-05-01 01:10:49+00:00,1777597849000,4702,24.90875,42.65224,1003.52002,54621
20260430-235226,-OrW4gLF851KbR8nPnRE,2026-05-01 01:10:59+00:00,1777597859000,4712,24.9078,42.65213,1003.52002,54728
20260430-235226,-OrW4jgocLZj-pJaH9-Z,2026-05-01 01:11:09+00:00,1777597869000,4722,24.90812,42.64042,1003.51001,54479
20260430-235226,-OrW4lDHaI4aXpFt--yX,2026-05-01 01:11:19+00:00,1777597879000,4732,24.91002,42.64062,1003.51001,54267
20260430-235226,-OrW4nf9LvWfvYak050h,2026-05-01 01:11:29+00:00,1777597889000,4742,24.90843,42.61694,1003.51001,54302
20260430-235226,-OrW4q5bh1ZMY1YcdDU5,2026-05-01 01:11:39+00:00,1777597899000,4752,24.90717,42.65207,1003.5,54373
20260430-235226,-OrW4sY3Zj69J-er-gSg,2026-05-01 01:11:49+00:00,1777597909000,4762,24.90717,42.62856,1003.51001,54514
20260430-235226,-OrW4uz-LjZDpg3gkAwZ,2026-05-01 01:11:59+00:00,1777597919000,4772,24.90653,42.6226,1003.51001,54373
20260430-235226,-OrW4xRHdTrn5cf7l1_8,2026-05-01 01:12:09+00:00,1777597929000,4782,24.9078,42.6345,1003.51001,54657
20260430-235226,-OrW4zru_bV7zOcS0pSx,2026-05-01 01:12:19+00:00,1777597939000,4792,24.90843,42.63457,1003.51001,54550
20260430-235226,-OrW51Jk-tmOjQx0ZRqd,2026-05-01 01:12:29+00:00,1777597949000,4802,24.90907,42.63464,1003.51001,54621
20260430-235226,-OrW53kaxuMtcGihhIen,2026-05-01 01:12:39+00:00,1777597959000,4812,24.90875,42.62285,1003.51001,54692
20260430-235226,-OrW56Bhw0b6bMst1juw,2026-05-01 01:12:49+00:00,1777597969000,4822,24.9097,42.61709,1003.5,54408
20260430-235226,-OrW58cWUTJOiSYRFPhK,2026-05-01 01:12:59+00:00,1777597979000,4832,24.91034,42.62891,1003.51001,54337
20260430-235226,-OrW5B5JX70QavYR-fqY,2026-05-01 01:13:09+00:00,1777597989000,4842,24.91034,42.61715,1003.5,54302
20260430-235226,-OrW5DVpn0LEG4CZhsiH,2026-05-01 01:13:19+00:00,1777597999000,4852,24.91034,42.61127,1003.5,54022
20260430-235226,-OrW5FxHeKvCOV8M1fn0,2026-05-01 01:13:29+00:00,1777598009000,4862,24.91065,42.62894,1003.5,54057
20260430-235226,-OrW5IOg9o8s9TEJk1Xd,2026-05-01 01:13:39+00:00,1777598019000,4872,24.91192,42.6291,1003.48999,54162
20260430-235226,-OrW5KprWv-MglZjjAE7,2026-05-01 01:13:49+00:00,1777598029000,4882,24.91319,42.62923,1003.5,54057
20260430-235226,-OrW5NH-X3VcSgkoOPB2,2026-05-01 01:13:59+00:00,1777598039000,4892,24.91319,42.62336,1003.5,54373
20260430-235226,-OrW5PjJtadtDgchUKM2,2026-05-01 01:14:09+00:00,1777598049000,4902,24.91382,42.61755,1003.5,54337
20260430-235226,-OrW5Sae3sjOJFShZ-AU,2026-05-01 01:14:19+00:00,1777598059000,4912,24.91446,42.61175,1003.5,54585
20260430-235226,-OrW5Uavht0rYmCrygDr,2026-05-01 01:14:29+00:00,1777598069000,4922,24.91319,42.60573,1003.5,54443
20260430-235226,-OrW5X20OjLm468_6wpp,2026-05-01 01:14:39+00:00,1777598079000,4932,24.9135,42.61163,1003.5,54337
20260430-235226,-OrW5ZUZe-u5Bw7YnScD,2026-05-01 01:14:49+00:00,1777598089000,4942,24.91477,42.60003,1003.5,54302
20260430-235226,-OrW5azxot5_IOrM-bsG,2026-05-01 01:14:59+00:00,1777598099000,4952,24.91604,42.5943,1003.48999,54373
20260430-235226,-OrW5dNOgKJ0JOc6ukYz,2026-05-01 01:15:09+00:00,1777598109000,4962,24.91414,42.5882,1003.48999,53952
20260430-235226,-OrW5fo3cEQ6a3AErPDY,2026-05-01 01:15:19+00:00,1777598119000,4972,24.91477,42.60003,1003.47998,53952
20260430-235226,-OrW5iFVt8AjNkBCaXv6,2026-05-01 01:15:29+00:00,1777598129000,4982,24.91446,42.59412,1003.47998,53779
20260430-235226,-OrW5kgISHYkfB0GwIyl,2026-05-01 01:15:39+00:00,1777598139000,4992,24.91541,42.58834,1003.47998,53710
20260430-235226,-OrW5n7sTf_jTnwiuWCo,2026-05-01 01:15:49+00:00,1777598149000,5002,24.91636,42.58258,1003.47998,53848
20260430-235226,-OrW5p_FseNTQGBVmcWk,2026-05-01 01:15:59+00:00,1777598159000,5012,24.91699,42.60028,1003.48999,53814
20260430-235226,-OrW5s0wqUKxzRom0z_F,2026-05-01 01:16:09+00:00,1777598169000,5022,24.91699,42.60616,1003.48999,54162
20260430-235226,-OrW5uSQky6QVimYgljw,2026-05-01 01:16:19+00:00,1777598179000,5032,24.91699,42.60616,1003.47998,53710
20260430-235226,-OrW5wtqhJJtesrvP4vC,2026-05-01 01:16:29+00:00,1777598189000,5042,24.91794,42.60626,1003.47998,53779
20260430-235226,-OrW5zKw-R5GCw8WLsuL,2026-05-01 01:16:39+00:00,1777598199000,5052,24.91921,42.58878,1003.46997,53710
20260430-235226,-OrW60n3FWrDvqNGG_Sm,2026-05-01 01:16:49+00:00,1777598209000,5062,24.92048,42.5713,1003.46997,53573
20260430-235226,-OrW63DzjCrpookY-_Uy,2026-05-01 01:16:59+00:00,1777598219000,5072,24.92111,42.56549,1003.46997,53573
20260430-235226,-OrW65egPTW72N-hOjYC,2026-05-01 01:17:09+00:00,1777598229000,5082,24.92048,42.55955,1003.46997,53470
20260430-235226,-OrW686-OTYQZo-fgxaw,2026-05-01 01:17:19+00:00,1777598239000,5092,24.92016,42.57125,1003.46997,53300
20260430-235226,-OrW6Ap_GcqTC2d6rZL1,2026-05-01 01:17:29+00:00,1777598249000,5102,24.91953,42.58294,1003.47998,53470
20260430-235226,-OrW6CzSp-ft1pRd98pi,2026-05-01 01:17:39+00:00,1777598259000,5112,24.92016,42.57125,1003.46997,53368
20260430-235226,-OrW6FR0SJ2nK7NuOGZX,2026-05-01 01:17:49+00:00,1777598269000,5122,24.92016,42.57125,1003.46997,53539
20260430-235226,-OrW6HsCN2IIweH8LgmP,2026-05-01 01:17:59+00:00,1777598279000,5132,24.92143,42.5714,1003.46997,53436
20260430-235226,-OrW6KJJ1ZeoTi7_zki0,2026-05-01 01:18:09+00:00,1777598289000,5142,24.92206,42.57147,1003.46997,53607
20260430-235226,-OrW6MkVOpLU_wCDbh65,2026-05-01 01:18:19+00:00,1777598299000,5152,24.92206,42.57735,1003.46002,53710
20260430-235226,-OrW6PC1VpCfZNoq4xHT,2026-05-01 01:18:29+00:00,1777598309000,5162,24.92301,42.58333,1003.46002,53987
20260430-235226,-OrW6RckpNj-VfyQSy9U,2026-05-01 01:18:39+00:00,1777598319000,5172,24.92428,42.6011,1003.46002,54232
20260430-235226,-OrW6U4TujHqWAUXm5iF,2026-05-01 01:18:49+00:00,1777598329000,5182,24.9246,42.60114,1003.46002,54373
20260430-235226,-OrW6WWsfrJ1Pw0LHemd,2026-05-01 01:18:59+00:00,1777598339000,5192,24.9246,42.57176,1003.46002,54479
20260430-235226,-OrW6Yy_LA8syMZVqzii,2026-05-01 01:19:09+00:00,1777598349000,5202,24.92428,42.54822,1003.45001,54692
20260430-235226,-OrW6aPCe3xCTx_2OSh1,2026-05-01 01:19:19+00:00,1777598359000,5212,24.92587,42.5484,1003.46002,54621
20260430-235226,-OrW6cqkMN48AOB5LVn0,2026-05-01 01:19:29+00:00,1777598369000,5222,24.92555,42.53075,1003.46002,54479
20260430-235226,-OrW6fH8x_-vJ9GiZ4zu,2026-05-01 01:19:39+00:00,1777598379000,5232,24.92587,42.55428,1003.46002,54197
20260430-235226,-OrW6hjNH56AvbZSC7Ys,2026-05-01 01:19:49+00:00,1777598389000,5242,24.9265,42.56023,1003.46002,54092
20260430-235226,-OrW6kA5zuDnurUe51sh,2026-05-01 01:19:59+00:00,1777598399000,5252,24.92682,42.56026,1003.45001,54373
20260430-235226,-OrW6mbV2kGddB9qVFyO,2026-05-01 01:20:09+00:00,1777598409000,5262,24.92808,42.57803,1003.45001,54514
20260430-235226,-OrW6p2ry3vEpf-N3nij,2026-05-01 01:20:19+00:00,1777598419000,5272,24.9284,42.55456,1003.46002,54621
20260430-235226,-OrW6rUhJrNgmB2pKum7,2026-05-01 01:20:29+00:00,1777598429000,5282,24.92999,42.54887,1003.46002,54836
20260430-235226,-OrW6uENf9pvAJc-j_Vj,2026-05-01 01:20:39+00:00,1777598439000,5292,24.92967,42.54296,1003.46002,54943
20260430-235226,-OrW6wSMDXa-s5Feh--w,2026-05-01 01:20:49+00:00,1777598449000,5302,24.9303,42.5254,1003.45001,55124
20260430-235226,-OrW6yoCQlki2G74ghvw,2026-05-01 01:20:59+00:00,1777598459000,5312,24.93062,42.54306,1003.45001,55124
20260430-235226,-OrW70FfyIVM6nyo7XGC,2026-05-01 01:21:09+00:00,1777598469000,5322,24.92999,42.543,1003.46002,55233
20260430-235226,-OrW72hOVINqS4oBvYu2,2026-05-01 01:21:19+00:00,1777598479000,5332,24.92999,42.543,1003.46002,55306
20260430-235226,-OrW758u3tQLuc1SzRgV,2026-05-01 01:21:29+00:00,1777598489000,5342,24.93125,42.53726,1003.46002,55343
20260430-235226,-OrW77_F8kl2pM_4_0TZ,2026-05-01 01:21:39+00:00,1777598499000,5352,24.9322,42.51974,1003.46997,55600
20260430-235226,-OrW7A0lRQLC-mR5xH7R,2026-05-01 01:21:49+00:00,1777598509000,5362,24.93189,42.51971,1003.46997,55416
20260430-235226,-OrW7CSew-o1ydnUJsLO,2026-05-01 01:21:59+00:00,1777598519000,5372,24.93157,42.50793,1003.46002,55197
20260430-235226,-OrW7EuBdt5JLWkuXbM6,2026-05-01 01:22:09+00:00,1777598529000,5382,24.9322,42.51387,1003.46002,54907
20260430-235226,-OrW7HL_Gl70sKvdrNhI,2026-05-01 01:22:19+00:00,1777598539000,5392,24.9322,42.51387,1003.45001,54514
20260430-235226,-OrW7Jmmz8BajwAdbsYb,2026-05-01 01:22:29+00:00,1777598549000,5402,24.93157,42.50206,1003.45001,54373
20260430-235226,-OrW7MDl-LUDnwaPnJ89,2026-05-01 01:22:39+00:00,1777598559000,5412,24.93189,42.51971,1003.45001,54302
20260430-235226,-OrW7Ofh9Gnii2s79Xp2,2026-05-01 01:22:49+00:00,1777598569000,5422,24.93252,42.51391,1003.45001,54162
20260430-235226,-OrW7R67TgvFnXAgpBo8,2026-05-01 01:22:59+00:00,1777598579000,5432,24.93379,42.51405,1003.46002,54197
20260430-235226,-OrW7TYvOOIDMVNcW1ED,2026-05-01 01:23:09+00:00,1777598589000,5442,24.93316,42.5316,1003.45001,54443
20260430-235226,-OrW7Vzz4JWQ_C9siAEM,2026-05-01 01:23:19+00:00,1777598599000,5452,24.93474,42.53178,1003.46002,54585
20260430-235226,-OrW7YR0ZqaEBkd7A2GJ,2026-05-01 01:23:29+00:00,1777598609000,5462,24.93537,42.50249,1003.46002,54692
20260430-235226,-OrW7_sBiCH-uOJtZ1AP,2026-05-01 01:23:39+00:00,1777598619000,5472,24.93537,42.48487,1003.46002,54728
20260430-235226,-OrW7cVUoIoGn7Xt7crv,2026-05-01 01:23:49+00:00,1777598629000,5482,24.93632,42.46736,1003.45001,54764
20260430-235226,-OrW7ekZFLSZAiWUcb8G,2026-05-01 01:23:59+00:00,1777598639000,5492,24.93696,42.45568,1003.45001,54764
20260430-235226,-OrW7hC9Vht1S5BaKpLm,2026-05-01 01:24:09+00:00,1777598649000,5502,24.93759,42.4675,1003.44,54692
20260430-235226,-OrW7jcwSsZZPDhaZ_rI,2026-05-01 01:24:19+00:00,1777598659000,5512,24.93727,42.45573,1003.44,54550
20260430-235226,-OrW7m5JWVezSujnWPod,2026-05-01 01:24:29+00:00,1777598669000,5522,24.93696,42.46743,1003.44,54692
20260430-235226,-OrW7oXI1LSeJqa1oWyh,2026-05-01 01:24:39+00:00,1777598679000,5532,24.93727,42.43811,1003.44,54692
20260430-235226,-OrW7qyUTCTf1OiK2ijF,2026-05-01 01:24:49+00:00,1777598689000,5542,24.93727,42.44398,1003.44,54907
20260430-235226,-OrW7tP6DTKuGQbL5ilN,2026-05-01 01:24:59+00:00,1777598699000,5552,24.93759,42.44402,1003.44,54980
20260430-235226,-OrW7vrY2wA-r5SnZYlg,2026-05-01 01:25:09+00:00,1777598709000,5562,24.93696,42.45568,1003.42999,55016
20260430-235226,-OrW7yHSMTRd346kHEB7,2026-05-01 01:25:19+00:00,1777598719000,5572,24.93791,42.46166,1003.44,55052
20260430-235226,-OrW8-jF5wPe73P6o2zQ,2026-05-01 01:25:29+00:00,1777598729000,5582,24.93854,42.45586,1003.42999,54836
20260430-235226,-OrW82An1gXwT9P9Bdzx,2026-05-01 01:25:39+00:00,1777598739000,5592,24.93886,42.45589,1003.44,54692
20260430-235226,-OrW84bfYfuiugVgywri,2026-05-01 01:25:49+00:00,1777598749000,5602,24.93918,42.46769,1003.44,54836
20260430-235226,-OrW873NDQRSfb04bN52,2026-05-01 01:25:59+00:00,1777598759000,5612,24.94013,42.45605,1003.42999,54728
20260430-235226,-OrW89VthkYytW9DBR7_,2026-05-01 01:26:09+00:00,1777598769000,5622,24.93981,42.43839,1003.44,54800
20260430-235226,-OrW8BwaPYbzkf5qs75p,2026-05-01 01:26:19+00:00,1777598779000,5632,24.94013,42.43256,1003.42999,54657
20260430-235226,-OrW8ENkKIv3kFWbce9O,2026-05-01 01:26:29+00:00,1777598789000,5642,24.94013,42.42669,1003.42999,54443
20260430-235226,-OrW8GoXqOXcTz6Qe4W3,2026-05-01 01:26:39+00:00,1777598799000,5652,24.94076,42.42676,1003.42999,54373
20260430-235226,-OrW8JHEUjp1KQcKxWgR,2026-05-01 01:26:49+00:00,1777598809000,5662,24.94076,42.44437,1003.42999,54408
20260430-235226,-OrW8MDnWmbkaRjh6kvC,2026-05-01 01:26:59+00:00,1777598819000,5672,24.94139,42.47381,1003.41998,54479
20260430-235226,-OrW8O8g3C-LV2oY7Vty,2026-05-01 01:27:09+00:00,1777598829000,5682,24.94171,42.46209,1003.41998,54728
20260430-235226,-OrW8Q_xdfiOje1Ayd98,2026-05-01 01:27:19+00:00,1777598839000,5692,24.94298,42.45049,1003.40997,54943
20260430-235226,-OrW8T1PQIPq1CJJJxkL,2026-05-01 01:27:29+00:00,1777598849000,5702,24.9433,42.43879,1003.40997,55016
20260430-235226,-OrW8VTGt0RqJRcTSOpT,2026-05-01 01:27:39+00:00,1777598859000,5712,24.94361,42.41534,1003.40997,55016
20260430-235226,-OrW8Xv8h7-8YFejvHY0,2026-05-01 01:27:49+00:00,1777598869000,5722,24.94393,42.40951,1003.40997,55016
20260430-235226,-OrW8_LeVxL8N6bIZgZg,2026-05-01 01:27:59+00:00,1777598879000,5732,24.94425,42.40366,1003.40997,54728
20260430-235226,-OrW8bn1wqQIPNQ4HLDA,2026-05-01 01:28:09+00:00,1777598889000,5742,24.9433,42.39183,1003.40002,54408
20260430-235226,-OrW8eE6q_dYbsTFWeB5,2026-05-01 01:28:19+00:00,1777598899000,5752,24.94425,42.38606,1003.40002,54162
20260430-235226,-OrW8gg1IMAEpnzqfx0v,2026-05-01 01:28:29+00:00,1777598909000,5762,24.94488,42.39788,1003.40002,54092
20260430-235226,-OrW8j6sTySdHj5MtvHA,2026-05-01 01:28:39+00:00,1777598919000,5772,24.94456,42.39197,1003.40997,54197
20260430-235226,-OrW8lZX4ykG18WCQMYd,2026-05-01 01:28:49+00:00,1777598929000,5782,24.94456,42.40371,1003.40997,54443
20260430-235226,-OrW8o-X2NTNXgfz58eo,2026-05-01 01:28:59+00:00,1777598939000,5792,24.94551,42.41556,1003.40997,54514
20260430-235226,-OrW8qSFci0cipVPFgmE,2026-05-01 01:29:09+00:00,1777598949000,5802,24.94551,42.40969,1003.40002,54871
20260430-235226,-OrW8sstmdxJBYbpNhw9,2026-05-01 01:29:19+00:00,1777598959000,5812,24.94615,42.39802,1003.40002,54907
20260430-235226,-OrW8vKFRVevD4DcF8vz,2026-05-01 01:29:29+00:00,1777598969000,5822,24.94615,42.38041,1003.39001,54943
20260430-235226,-OrW8xkoFs_-ahPBf8Ne,2026-05-01 01:29:39+00:00,1777598979000,5832,24.94742,42.38055,1003.39001,54692
20260430-235226,-OrW9-DMwhxJNrojCts2,2026-05-01 01:29:49+00:00,1777598989000,5842,24.94805,42.36889,1003.38,54692
20260430-235226,-OrW91dmX0lQq30CwZd0,2026-05-01 01:29:59+00:00,1777598999000,5852,24.94805,42.36302,1003.38,54514
20260430-235226,-OrW94DLvA_agSRKFU5j,2026-05-01 01:30:09+00:00,1777599009000,5862,24.94837,42.37479,1003.38,54373
20260430-235226,-OrW96WpGhjfWWswnaOc,2026-05-01 01:30:19+00:00,1777599019000,5872,24.94773,42.37473,1003.38,54443
20260430-235226,-OrW99-il0ZvB4G1HKGe,2026-05-01 01:30:29+00:00,1777599029000,5882,24.94742,42.37468,1003.38,54337
20260430-235226,-OrW9BPZG_fWl3EKpIT7,2026-05-01 01:30:39+00:00,1777599039000,5892,24.94773,42.37473,1003.38,54373
20260430-235226,-OrW9DrIhDc3LJ33pvli,2026-05-01 01:30:49+00:00,1777599049000,5902,24.94805,42.36302,1003.38,54092
20260430-235226,-OrW9GIG4rZTM-pRCbZh,2026-05-01 01:30:59+00:00,1777599059000,5912,24.949,42.35139,1003.38,54057
20260430-235226,-OrW9Ijirc9npdajpzcV,2026-05-01 01:31:09+00:00,1777599069000,5922,24.94868,42.33376,1003.38,53952
20260430-235226,-OrW9LAPxHTVkGxlfvI1,2026-05-01 01:31:19+00:00,1777599079000,5932,24.95027,42.32806,1003.37,53952
20260430-235226,-OrW9NcRGjJnhTEPWGpI,2026-05-01 01:31:29+00:00,1777599089000,5942,24.95059,42.3457,1003.38,53848
20260430-235226,-OrW9Q3L8u1RDaIGe_qX,2026-05-01 01:31:39+00:00,1777599099000,5952,24.95059,42.33397,1003.38,53918
20260430-235226,-OrW9SVvZp_UfdY1zRwm,2026-05-01 01:31:49+00:00,1777599109000,5962,24.9509,42.35748,1003.37,53952
20260430-235226,-OrW9UxcQMOV4exA9ARj,2026-05-01 01:31:59+00:00,1777599119000,5972,24.95122,42.35751,1003.37,54197
20260430-235226,-OrW9XNmZlyEcCgnDXrQ,2026-05-01 01:32:09+00:00,1777599129000,5982,24.95249,42.37526,1003.35999,54267
20260430-235226,-OrW9Zq4x0Aj6X8kPn8J,2026-05-01 01:32:19+00:00,1777599139000,5992,24.95249,42.38699,1003.35999,54514
20260430-235226,-OrW9bGi24tOFy3MhL8T,2026-05-01 01:32:29+00:00,1777599149000,6002,24.9528,42.39877,1003.35999,54764
20260430-235226,-OrW9dhOQmwoJ6CSce2X,2026-05-01 01:32:39+00:00,1777599159000,6012,24.9528,42.3929,1003.35999,55016
20260430-235226,-OrW9g8ynZwpfUzCVt3P,2026-05-01 01:32:49+00:00,1777599169000,6022,24.9528,42.3929,1003.35999,55161
20260430-235226,-OrW9i_oH498-J6CVuLd,2026-05-01 01:32:59+00:00,1777599179000,6032,24.95249,42.37526,1003.34998,55379
20260430-235226,-OrW9l1Ij5rEfUEWc7ZZ,2026-05-01 01:33:09+00:00,1777599189000,6042,24.95312,42.35185,1003.35999,55416
20260430-235226,-OrW9nn6hKLgAGNUOZ8i,2026-05-01 01:33:19+00:00,1777599199000,6052,24.95502,42.37555,1003.35999,55637
20260430-235226,-OrW9pvLqKsdCdmYVo77,2026-05-01 01:33:29+00:00,1777599209000,6062,24.95597,42.39326,1003.34998,55637
20260430-235226,-OrW9sMUQ92En3cPTECZ,2026-05-01 01:33:39+00:00,1777599219000,6072,24.95724,42.37579,1003.35999,55860
20260430-235226,-OrW9uo3RwhCo7A4_DNx,2026-05-01 01:33:49+00:00,1777599229000,6082,24.95788,42.36999,1003.35999,55748
20260430-235226,-OrW9xEG3S3VbM_bVDyG,2026-05-01 01:33:59+00:00,1777599239000,6092,24.95914,42.37014,1003.35999,55822
20260430-235226,-OrW9zgf1pvVJHcTajgW,2026-05-01 01:34:09+00:00,1777599249000,6102,24.95978,42.31153,1003.35999,56009
20260430-235226,-OrWA1753YzK3FHVqjUh,2026-05-01 01:34:19+00:00,1777599259000,6112,24.96073,42.28817,1003.37,56122
20260430-235226,-OrWA3ZnAPOUyNFYLkSJ,2026-05-01 01:34:29+00:00,1777599269000,6122,24.96231,42.33529,1003.37,56084
20260430-235226,-OrWA6-HG49kArhakplc,2026-05-01 01:34:39+00:00,1777599279000,6132,24.96485,42.61156,1003.35999,56197
20260430-235226,-OrWA8SckRGwaoF8OXQ0,2026-05-01 01:34:49+00:00,1777599289000,6142,24.96548,42.67042,1003.37,56197
20260430-235226,-OrWAAtvJn6PoPkvZAOx,2026-05-01 01:34:59+00:00,1777599299000,6152,24.96612,42.6411,1003.35999,55934
20260430-235226,-OrWADKUU5R1x5HH7V08,2026-05-01 01:35:09+00:00,1777599309000,6162,24.96738,42.58247,1003.35999,55972
20260430-235226,-OrWAFlieKT3fkCzGojq,2026-05-01 01:35:19+00:00,1777599319000,6172,24.96929,42.55918,1003.37,56047
20260430-235226,-OrWAIDhTOzAdDUZHNVc,2026-05-01 01:35:29+00:00,1777599329000,6182,24.97055,42.52408,1003.37,56159
20260430-235226,-OrWAKeBPKUjxGoUNt4f,2026-05-01 01:35:39+00:00,1777599339000,6192,24.97119,42.47129,1003.37,56348
20260430-235226,-OrWAN5SwkHbWYJEki3z,2026-05-01 01:35:49+00:00,1777599349000,6202,24.9715,42.47719,1003.37,56310
20260430-235226,-OrWAPXUrVxyGn6p5VXQ,2026-05-01 01:35:59+00:00,1777599359000,6212,24.97214,42.51838,1003.37,56197
20260430-235226,-OrWARzZrOwe9ziJ1DVA,2026-05-01 01:36:09+00:00,1777599369000,6222,24.97277,42.53608,1003.38,56009
20260430-235226,-OrWAUQ8yXvmBTIanl-z,2026-05-01 01:36:19+00:00,1777599379000,6232,24.97309,42.54199,1003.38,55822
20260430-235226,-OrWAX2JFpqgXyr6Giqq,2026-05-01 01:36:29+00:00,1777599389000,6242,24.97119,42.55352,1003.38,55972
20260430-235226,-OrWAZJ2vxdmNn0oD8uq,2026-05-01 01:36:39+00:00,1777599399000,6252,24.97055,42.58871,1003.37,56009
20260430-235226,-OrWAakiw0At59kYFOb_,2026-05-01 01:36:49+00:00,1777599409000,6262,24.97024,42.58867,1003.37,56159
20260430-235226,-OrWAdAwm9yLn_4ZVYUI,2026-05-01 01:36:59+00:00,1777599419000,6272,24.97055,42.6181,1003.37,56159
20260430-235226,-OrWAfdF93mQ2K2AuJoo,2026-05-01 01:37:09+00:00,1777599429000,6282,24.96929,42.63557,1003.37,56159
20260430-235226,-OrWAi3T97uTtyURJE7-,2026-05-01 01:37:19+00:00,1777599439000,6292,24.96992,42.63565,1003.37,56197
20260430-235226,-OrWAkVlOwFiTI3MsgzL,2026-05-01 01:37:29+00:00,1777599449000,6302,24.97024,42.65919,1003.37,56009
20260430-235226,-OrWAmxNefS3he-3lhzv,2026-05-01 01:37:39+00:00,1777599459000,6312,24.96992,42.6768,1003.35999,56273
20260430-235226,-OrWApOrsukZZpcbQb2p,2026-05-01 01:37:49+00:00,1777599469000,6322,24.97055,42.68864,1003.35999,56122
20260430-235226,-OrWArpV5MbfByvgEaCO,2026-05-01 01:37:59+00:00,1777599479000,6332,24.97087,42.61813,1003.35999,56348
20260430-235226,-OrWAuGlgM662dr0pm9X,2026-05-01 01:38:09+00:00,1777599489000,6342,24.96992,42.66504,1003.34998,56386
20260430-235226,-OrWAwi88hpf88knr_9H,2026-05-01 01:38:19+00:00,1777599499000,6352,24.96929,42.65321,1003.35999,56386
20260430-235226,-OrWAzA37Mc73npfcPCd,2026-05-01 01:38:29+00:00,1777599509000,6362,24.96833,42.6825,1003.34998,56424
20260430-235226,-OrWB0axKuKfTVm1CY4P,2026-05-01 01:38:39+00:00,1777599519000,6372,24.96675,42.71172,1003.34998,56273
20260430-235226,-OrWB31aeHIinCtj5qAP,2026-05-01 01:38:49+00:00,1777599529000,6382,24.96548,42.75275,1003.34003,56462
20260430-235226,-OrWB5Tk0wnNyhlW154e,2026-05-01 01:38:59+00:00,1777599539000,6392,24.96612,42.81753,1003.34003,56500
20260430-235226,-OrWB7vx7wpgGcZSu4bN,2026-05-01 01:39:09+00:00,1777599549000,6402,24.96707,42.88238,1003.34003,56386
20260430-235226,-OrWBAMK-jkGgWdz-qnd,2026-05-01 01:39:19+00:00,1777599559000,6412,24.96865,42.84136,1003.34003,56348
20260430-235226,-OrWBColyIqeG4Zkcdim,2026-05-01 01:39:29+00:00,1777599569000,6422,24.96897,42.84728,1003.34003,56273
20260430-235226,-OrWBFlVaSO-xtIlNVLC,2026-05-01 01:39:39+00:00,1777599579000,6432,24.96865,42.84724,1003.34003,56122
20260430-235226,-OrWBHgmtgvJLExrj-om,2026-05-01 01:39:49+00:00,1777599589000,6442,24.96897,42.85316,1003.33002,56235
20260430-235226,-OrWBK7q_fKTRnjnY6fL,2026-05-01 01:39:59+00:00,1777599599000,6452,24.9696,42.87679,1003.32001,56197
20260430-235226,-OrWBM_O6V3w8y1G6t5D,2026-05-01 01:40:09+00:00,1777599609000,6462,24.9715,42.88288,1003.33002,56047
20260430-235226,-OrWBP-ndfyhqoXvQ3Xq,2026-05-01 01:40:19+00:00,1777599619000,6472,24.97277,42.90069,1003.32001,56009
20260430-235226,-OrWBRSQfM7HyfrS_WUh,2026-05-01 01:40:29+00:00,1777599629000,6482,24.97341,42.94198,1003.32001,55711
20260430-235226,-OrWBTtlBgLJyHwx3Vu_,2026-05-01 01:40:39+00:00,1777599639000,6492,24.97372,42.93024,1003.32001,55563
20260430-235226,-OrWBWL3FSebEpYfIKMT,2026-05-01 01:40:49+00:00,1777599649000,6502,24.97404,42.93616,1003.32001,55600
20260430-235226,-OrWBYmKQpNCK5S7I9Qy,2026-05-01 01:40:59+00:00,1777599659000,6512,24.97467,42.92445,1003.32001,55563
20260430-235226,-OrWBaE0co2gTTJwAcYM,2026-05-01 01:41:09+00:00,1777599669000,6522,24.97563,42.93634,1003.31,55526
20260430-235226,-OrWBceGkjCpOJMUgVZW,2026-05-01 01:41:19+00:00,1777599679000,6532,24.97594,42.91871,1003.32001,55343
20260430-235226,-OrWBf6Uhx1ginjaNR5p,2026-05-01 01:41:29+00:00,1777599689000,6542,24.97721,42.91297,1003.32001,55343
20260430-235226,-OrWBhY-3FXvz0UO_ZM1,2026-05-01 01:41:39+00:00,1777599699000,6552,24.97879,42.90137,1003.33002,55197
20260430-235226,-OrWBjzBOWqNamIcU55u,2026-05-01 01:41:49+00:00,1777599709000,6562,24.97975,42.91325,1003.34003,55197
20260430-235226,-OrWBmQ9gHkx0C27Ow8t,2026-05-01 01:41:59+00:00,1777599719000,6572,24.98006,42.88975,1003.34003,55197
20260430-235226,-OrWBos_sx2_oqURibsH,2026-05-01 01:42:09+00:00,1777599729000,6582,24.97975,42.86027,1003.34998,55306
20260430-235226,-OrWBrIpxjvkM_zdM745,2026-05-01 01:42:19+00:00,1777599739000,6592,24.9807,42.86039,1003.34003,55343
20260430-235226,-OrWBtlW_iqKVvHAyeiu,2026-05-01 01:42:29+00:00,1777599749000,6602,24.98133,42.86046,1003.34998,55306
20260430-235226,-OrWBwB9abXrDMRPCejJ,2026-05-01 01:42:39+00:00,1777599759000,6612,24.98038,42.86035,1003.34003,55343
20260430-235226,-OrWByj0B1MVF8We7L0Z,2026-05-01 01:42:49+00:00,1777599769000,6622,24.98165,42.86637,1003.34003,55270
20260430-235226,-OrWC03fsjsBwa7lrAkB,2026-05-01 01:42:59+00:00,1777599779000,6632,24.98101,42.8663,1003.34003,55270
20260430-235226,-OrWC2WAWyDYbFVGveid,2026-05-01 01:43:09+00:00,1777599789000,6642,24.9807,42.86627,1003.34003,55270
20260430-235226,-OrWC4x7MHsMCiktPjPs,2026-05-01 01:43:19+00:00,1777599799000,6652,24.9807,42.86627,1003.34003,55197
20260430-235226,-OrWC7QfjRHQJKn65zJl,2026-05-01 01:43:29+00:00,1777599809000,6662,24.98165,42.86049,1003.34998,55088
20260430-235226,-OrWC9rI_AJa4oWn8T1s,2026-05-01 01:43:39+00:00,1777599819000,6672,24.98196,42.86642,1003.34003,55161
20260430-235226,-OrWCCH3QvjdFRLD_WTQ,2026-05-01 01:43:49+00:00,1777599829000,6682,24.98291,42.8724,1003.34003,55306
20260430-235226,-OrWCEi98SJUuvWtmmLZ,2026-05-01 01:43:59+00:00,1777599839000,6692,24.98291,42.87829,1003.33002,55270
20260430-235226,-OrWCH9_FLf9s2yTh8hY,2026-05-01 01:44:09+00:00,1777599849000,6702,24.98291,42.8724,1003.33002,55379
20260430-235226,-OrWCJajxZm8-QH7Gbxc,2026-05-01 01:44:19+00:00,1777599859000,6712,24.98291,42.84886,1003.33002,55270
20260430-235226,-OrWCM2TCbqWiYMOh89M,2026-05-01 01:44:29+00:00,1777599869000,6722,24.98387,42.86663,1003.33002,55233
20260430-235226,-OrWCOUOphn7uZ03zCz5,2026-05-01 01:44:39+00:00,1777599879000,6732,24.98387,42.86074,1003.33002,55088
20260430-235226,-OrWCQwC92lMQg9U47Kt,2026-05-01 01:44:49+00:00,1777599889000,6742,24.9845,42.85493,1003.32001,55124
20260430-235226,-OrWCTMaUmVXz5PT0Y8S,2026-05-01 01:44:59+00:00,1777599899000,6752,24.98545,42.85504,1003.32001,55343
20260430-235226,-OrWCVoPR2F3I2JProwS,2026-05-01 01:45:09+00:00,1777599909000,6762,24.98608,42.84333,1003.32001,55343
20260430-235226,-OrWCYFEArAodq2f9fYX,2026-05-01 01:45:19+00:00,1777599919000,6772,24.98672,42.8493,1003.31,55379
20260430-235226,-OrWC_hDI01BC3_NGi7M,2026-05-01 01:45:29+00:00,1777599929000,6782,24.98703,42.84344,1003.31,55161
20260430-235226,-OrWCc7nyE4mNqXvDJ5s,2026-05-01 01:45:39+00:00,1777599939000,6792,24.9864,42.86103,1003.31,54728
20260430-235226,-OrWCe_rNRYDu8qeoKKU,2026-05-01 01:45:49+00:00,1777599949000,6802,24.9864,42.84926,1003.32001,54373
20260430-235226,-OrWChGEOLXnHxoneNoz,2026-05-01 01:45:59+00:00,1777599959000,6812,24.98672,42.83753,1003.32001,54092
20260430-235226,-OrWCjTAv1Y30LENLJ1l,2026-05-01 01:46:09+00:00,1777599969000,6822,24.98672,42.8493,1003.32001,53883
20260430-235226,-OrWClwd9cw8NwwEMJEe,2026-05-01 01:46:19+00:00,1777599979000,6832,24.9864,42.83749,1003.33002,53883
20260430-235226,-OrWCoKwld_IZwPC6Ave,2026-05-01 01:46:29+00:00,1777599989000,6842,24.98735,42.84348,1003.34003,53779
20260430-235226,-OrWCqmWAiEzANzvWn5D,2026-05-01 01:46:39+00:00,1777599999000,6852,24.98862,42.82009,1003.33002,53745
20260430-235226,-OrWCtEGuojk9ZEk__S9,2026-05-01 01:46:49+00:00,1777600009000,6862,24.98862,42.80832,1003.33002,53814
20260430-235226,-OrWCveYfGePqC4OkZzT,2026-05-01 01:46:59+00:00,1777600019000,6872,24.98862,42.80244,1003.33002,54022
20260430-235226,-OrWCy6XejgckLy9rrMG,2026-05-01 01:47:09+00:00,1777600029000,6882,24.98894,42.77894,1003.32001,53952
20260430-235226,-OrWD-Y_IwjNL5goOkNe,2026-05-01 01:47:19+00:00,1777600039000,6892,24.98894,42.78482,1003.32001,53779
20260430-235226,-OrWD1zZtvbOV1PU0Bb7,2026-05-01 01:47:29+00:00,1777600049000,6902,24.98957,42.77313,1003.31,53607
20260430-235226,-OrWD4Ql4eaNmXuSt_MI,2026-05-01 01:47:39+00:00,1777600059000,6912,24.98989,42.76139,1003.32001,53470
20260430-235226,-OrWD6sLGts9n_m9U_z-,2026-05-01 01:47:49+00:00,1777600069000,6922,24.99052,42.73794,1003.32001,53641
20260430-235226,-OrWD9JI6c9PfmtwzXBG,2026-05-01 01:47:59+00:00,1777600079000,6932,24.99021,42.74379,1003.31,53745
20260430-235226,-OrWDBlZWWg5Rxd8sKNh,2026-05-01 01:48:09+00:00,1777600089000,6942,24.99052,42.72029,1003.32001,53676
20260430-235226,-OrWDEBwV3ARzF5bk0p2,2026-05-01 01:48:19+00:00,1777600099000,6952,24.99021,42.72614,1003.32001,53814
20260430-235226,-OrWDGd88KpfQwGhHCq0,2026-05-01 01:48:29+00:00,1777600109000,6962,24.99052,42.73794,1003.31,54057
20260430-235226,-OrWDJ4MoCpcALki_gTi,2026-05-01 01:48:39+00:00,1777600119000,6972,24.99084,42.72621,1003.31,53848
20260430-235226,-OrWDLWRBL66DsaayDqV,2026-05-01 01:48:49+00:00,1777600129000,6982,24.99147,42.73217,1003.31,54127
20260430-235226,-OrWDNxXhOlAbDCKAOPO,2026-05-01 01:48:59+00:00,1777600139000,6992,24.99147,42.74393,1003.31,54022
20260430-235226,-OrWDQlrEInIwH0GtiIN,2026-05-01 01:49:09+00:00,1777600149000,7002,24.99211,42.744,1003.29999,53918
20260430-235226,-OrWDSs6siFqg_1CsYNE,2026-05-01 01:49:19+00:00,1777600159000,7012,24.99274,42.72643,1003.29999,54022
20260430-235226,-OrWDVHhdeQOEYjfVgsq,2026-05-01 01:49:29+00:00,1777600169000,7022,24.99242,42.72639,1003.29999,53987
20260430-235226,-OrWDXirdi5mGLMgfp0_,2026-05-01 01:49:39+00:00,1777600179000,7032,24.99242,42.7205,1003.31,53848
20260430-235226,-OrWD_AWkDi5FkOsm-kW,2026-05-01 01:49:49+00:00,1777600189000,7042,24.99242,42.73227,1003.31,53676
20260430-235226,-OrWDbbRhknbKCx5SjPM,2026-05-01 01:49:59+00:00,1777600199000,7052,24.99179,42.71456,1003.29999,53368
20260430-235226,-OrWDe4jOVslKBFT7UIS,2026-05-01 01:50:09+00:00,1777600209000,7062,24.99179,42.71456,1003.28998,53232
20260430-235226,-OrWDgURGe3u1v3WS0IN,2026-05-01 01:50:19+00:00,1777600219000,7072,24.99147,42.70277,1003.29999,53097
20260430-235226,-OrWDiwCrf_9QeERWUAY,2026-05-01 01:50:29+00:00,1777600229000,7082,24.99179,42.72044,1003.28998,52696
20260430-235226,-OrWDlNSTw69bFDNQUyw,2026-05-01 01:50:39+00:00,1777600239000,7092,24.99242,42.7205,1003.29999,52730
20260430-235226,-OrWDnoSBANpqCVGuHNY,2026-05-01 01:50:49+00:00,1777600249000,7102,24.99337,42.72062,1003.28998,52531
20260430-235226,-OrWDqFkx8bQfqUsrln4,2026-05-01 01:50:59+00:00,1777600259000,7112,24.99274,42.71467,1003.28998,52730
20260430-235226,-OrWDshgfPPq_pKTkRPs,2026-05-01 01:51:09+00:00,1777600269000,7122,24.99337,42.71473,1003.28998,52663
20260430-235226,-OrWDv8KKUnX7itsBLNi,2026-05-01 01:51:19+00:00,1777600279000,7132,24.99401,42.72069,1003.28998,52829
20260430-235226,-OrWDx_vzfw534knNTZm,2026-05-01 01:51:29+00:00,1777600289000,7142,24.99433,42.70308,1003.28003,52796
20260430-235226,-OrWE-0zwD-u5o_IYY3Y,2026-05-01 01:51:39+00:00,1777600299000,7152,24.99496,42.69139,1003.28998,53131
20260430-235226,-OrWE1Sq8ra5I6qaZOIB,2026-05-01 01:51:49+00:00,1777600309000,7162,24.99559,42.69734,1003.28998,53064
20260430-235226,-OrWE3uNc447G41ElyCu,2026-05-01 01:51:59+00:00,1777600319000,7172,24.99591,42.69738,1003.28003,53064
20260430-235226,-OrWE6NvORaqLdV697pE,2026-05-01 01:52:09+00:00,1777600329000,7182,24.99591,42.71502,1003.28003,53198
20260430-235226,-OrWE96dUXBvVKv36Xku,2026-05-01 01:52:19+00:00,1777600339000,7192,24.99654,42.70921,1003.27002,52996
20260430-235226,-OrWEBFXopvV6GzMKQ0-,2026-05-01 01:52:29+00:00,1777600349000,7202,24.99623,42.69154,1003.27002,53165
20260430-235226,-OrWEDfaT1fmDkjF-acI,2026-05-01 01:52:39+00:00,1777600359000,7212,24.99559,42.69734,1003.27002,52996
20260430-235226,-OrWEG6iGTVzwTXW9Ysj,2026-05-01 01:52:49+00:00,1777600369000,7222,24.99591,42.68562,1003.27002,52929
20260430-235226,-OrWEIZ3uz3Ti-OmCfs-,2026-05-01 01:52:59+00:00,1777600379000,7232,24.99623,42.7033,1003.27002,52996
20260430-235226,-OrWEKzhDff2Ug_8cxAK,2026-05-01 01:53:09+00:00,1777600389000,7242,24.99654,42.69157,1003.27002,53064
20260430-235226,-OrWENR3YgeYEUd2m7Js,2026-05-01 01:53:19+00:00,1777600399000,7252,24.99686,42.69161,1003.27002,53064
20260430-235226,-OrWEPtBRse2rpa79Egi,2026-05-01 01:53:29+00:00,1777600409000,7262,24.99686,42.68573,1003.26001,52963
20260430-235226,-OrWESJbifoYr05zOFzW,2026-05-01 01:53:39+00:00,1777600419000,7272,24.99749,42.69168,1003.26001,53030
20260430-235226,-OrWEUmdrpfpNbnTPw6t,2026-05-01 01:53:49+00:00,1777600429000,7282,24.99813,42.69175,1003.26001,53300
20260430-235226,-OrWEXCEZUC9hWOOCHFJ,2026-05-01 01:53:59+00:00,1777600439000,7292,24.99908,42.68599,1003.25,53030
20260430-235226,-OrWEZdLDczq8BI83Xz_,2026-05-01 01:54:09+00:00,1777600449000,7302,25.00035,42.692,1003.25,53030
20260430-235226,-OrWEb4r_8h2pPMocDSE,2026-05-01 01:54:19+00:00,1777600459000,7312,25.00066,42.68616,1003.26001,52996
20260430-235226,-OrWEdXscsrjH-vTji7Y,2026-05-01 01:54:29+00:00,1777600469000,7322,25.0013,42.69211,1003.26001,52730
20260430-235226,-OrWEfyQF96wDejxW8Av,2026-05-01 01:54:39+00:00,1777600479000,7332,25.00193,42.69806,1003.26001,52597
20260430-235226,-OrWEiPscpYcTedyhKo-,2026-05-01 01:54:49+00:00,1777600489000,7342,25.00257,42.69226,1003.25,52564
20260430-235226,-OrWEkrGGy9887RhgHVp,2026-05-01 01:54:59+00:00,1777600499000,7352,25.00288,42.69817,1003.26001,52531
20260430-235226,-OrWEnHvxJ-PasK2QfRY,2026-05-01 01:55:09+00:00,1777600509000,7362,25.00257,42.69814,1003.26001,52597
20260430-235226,-OrWEpjKX5m9dTw02iY2,2026-05-01 01:55:19+00:00,1777600519000,7372,25.00288,42.6864,1003.26001,52531
20260430-235226,-OrWEsUOZom4-6KX93uV,2026-05-01 01:55:29+00:00,1777600529000,7382,25.00383,42.6924,1003.26001,52763
20260430-235226,-OrWEucG-7P0NqviVc-k,2026-05-01 01:55:39+00:00,1777600539000,7392,25.0032,42.69821,1003.26001,52663
20260430-235226,-OrWEx4lGWJ-kRRQnuXl,2026-05-01 01:55:49+00:00,1777600549000,7402,25.00478,42.67486,1003.26001,52929
20260430-235226,-OrWEzrAH3GM94Imoyni,2026-05-01 01:55:59+00:00,1777600559000,7412,25.00447,42.69835,1003.26001,52796
20260430-235226,-OrWF11fnLTl4ZlnuL3L,2026-05-01 01:56:09+00:00,1777600569000,7422,25.00478,42.6925,1003.26001,52863
20260430-235226,-OrWF3U74WgLbtsMqp0R,2026-05-01 01:56:19+00:00,1777600579000,7432,25.0051,42.69843,1003.26001,52963
20260430-235226,-OrWF5uiqJmi2PsRnYPx,2026-05-01 01:56:29+00:00,1777600589000,7442,25.00478,42.68662,1003.26001,52996
20260430-235226,-OrWF8MF1-Cc1NbiBOmO,2026-05-01 01:56:39+00:00,1777600599000,7452,25.00478,42.69839,1003.25,53030
20260430-235226,-OrWFAoJ9T0VsY0SECJA,2026-05-01 01:56:49+00:00,1777600609000,7462,25.00542,42.6867,1003.25,52829
20260430-235226,-OrWFDEVlKZ7yWoG4RcC,2026-05-01 01:56:59+00:00,1777600619000,7472,25.0051,42.70431,1003.25,52896
20260430-235226,-OrWFFgSfACSEX6vX0_O,2026-05-01 01:57:09+00:00,1777600629000,7482,25.00573,42.71026,1003.25,52829
20260430-235226,-OrWFI6u2xfxfiQWeXtT,2026-05-01 01:57:19+00:00,1777600639000,7492,25.00637,42.71033,1003.25,52663
20260430-235226,-OrWFKZJeNHtqy-6bMng,2026-05-01 01:57:29+00:00,1777600649000,7502,25.007,42.7104,1003.25,52796
20260430-235226,-OrWFN-Y_Tl6D227L6wn,2026-05-01 01:57:39+00:00,1777600659000,7512,25.00764,42.70459,1003.25,52796
20260430-235226,-OrWFPRbNsS_qHLkgJzT,2026-05-01 01:57:49+00:00,1777600669000,7522,25.00827,42.71642,1003.25,52963
20260430-235226,-OrWFRt-5aNZ0VE9pYYk,2026-05-01 01:57:59+00:00,1777600679000,7532,25.00922,42.69888,1003.25,53131
20260430-235226,-OrWFUKCSF_LPxfHFVmp,2026-05-01 01:58:09+00:00,1777600689000,7542,25.00986,42.71072,1003.25,53368
20260430-235226,-OrWFWlOUla3G2OaGXct,2026-05-01 01:58:19+00:00,1777600699000,7552,25.00954,42.71657,1003.25,53030
20260430-235226,-OrWFZgOw1uTady_YNOj,2026-05-01 01:58:29+00:00,1777600709000,7562,25.01144,42.70502,1003.25,53165
20260430-235226,-OrWFadvs3zhqM66xAYM,2026-05-01 01:58:39+00:00,1777600719000,7572,25.01144,42.7109,1003.25,53131
20260430-235226,-OrWFd5tToRMY8uDP-1V,2026-05-01 01:58:49+00:00,1777600729000,7582,25.01207,42.7051,1003.25,53232
20260430-235226,-OrWFfXWwOQKkjtDHDvY,2026-05-01 01:58:59+00:00,1777600739000,7592,25.01303,42.71696,1003.23999,53198
20260430-235226,-OrWFhzAxKAp6bOq8SVs,2026-05-01 01:59:09+00:00,1777600749000,7602,25.01303,42.72872,1003.23999,53266
20260430-235226,-OrWFkPncsPPPNUd7D88,2026-05-01 01:59:19+00:00,1777600759000,7612,25.01334,42.72876,1003.23999,52963
20260430-235226,-OrWFmrKKR7ESxvITFai,2026-05-01 01:59:29+00:00,1777600769000,7622,25.01303,42.74049,1003.23999,52597
20260430-235226,-OrWFpIhBzH_RSZMQQsi,2026-05-01 01:59:39+00:00,1777600779000,7632,25.01334,42.74641,1003.23999,52432
20260430-235226,-OrWFrjOSjFVYehYlqFk,2026-05-01 01:59:49+00:00,1777600789000,7642,25.01366,42.76997,1003.25,52204
20260430-235226,-OrWFuBJ4Pz6m-iD76-T,2026-05-01 01:59:59+00:00,1777600799000,7652,25.01271,42.78752,1003.23999,52139
20260430-235226,-OrWFwcm2WW5ytSWAxbr,2026-05-01 02:00:09+00:00,1777600809000,7662,25.01207,42.76979,1003.22998,52171
20260430-235226,-OrWFz3LUZZsVSBX4Nv8,2026-05-01 02:00:19+00:00,1777600819000,7672,25.01271,42.76987,1003.22998,52269
20260430-235226,-OrWG0VpaRnIeAxNJQka,2026-05-01 02:00:29+00:00,1777600829000,7682,25.01271,42.76987,1003.22998,52204
20260430-235226,-OrWG2wqnS5qVBD8m3Yu,2026-05-01 02:00:39+00:00,1777600839000,7692,25.01334,42.7817,1003.21997,52432
20260430-235226,-OrWG5OvUGnfIDSqsu7G,2026-05-01 02:00:49+00:00,1777600849000,7702,25.01429,42.80534,1003.22998,52498
20260430-235226,-OrWG7pqmUqv3fL4z2Ob,2026-05-01 02:00:59+00:00,1777600859000,7712,25.01366,42.81116,1003.22998,52597
20260430-235226,-OrWGAH22rAZs4g1htrc,2026-05-01 02:01:09+00:00,1777600869000,7722,25.01461,42.7995,1003.22998,52564
20260430-235226,-OrWGCiltjJ4LpB3fLKl,2026-05-01 02:01:19+00:00,1777600879000,7732,25.01493,42.79365,1003.22998,52597
20260430-235226,-OrWGF9TbniO-mVsOhUJ,2026-05-01 02:01:29+00:00,1777600889000,7742,25.01429,42.80534,1003.22998,52730
20260430-235226,-OrWGHnb9HjVKeAPqFKa,2026-05-01 02:01:39+00:00,1777600899000,7752,25.01493,42.81131,1003.22998,52630
20260430-235226,-OrWGK1iWLl0y1lvfObm,2026-05-01 02:01:49+00:00,1777600909000,7762,25.01556,42.81138,1003.22998,52597
20260430-235226,-OrWGMTpGxmQyzhmUNrB,2026-05-01 02:01:59+00:00,1777600919000,7772,25.01619,42.82911,1003.21997,52564
20260430-235226,-OrWGOvJyjkMsHnzRb-a,2026-05-01 02:02:09+00:00,1777600929000,7782,25.01683,42.83506,1003.21997,52663
20260430-235226,-OrWGRMnT_3HhiZVASgZ,2026-05-01 02:02:19+00:00,1777600939000,7792,25.01683,42.84095,1003.21002,52829
20260430-235226,-OrWGToP3_S8FOcP9SN4,2026-05-01 02:02:29+00:00,1777600949000,7802,25.0181,42.85286,1003.21002,52763
20260430-235226,-OrWGWFCfwVPvnliLvfk,2026-05-01 02:02:39+00:00,1777600959000,7812,25.01841,42.86467,1003.21002,52498
20260430-235226,-OrWGYgsEHqLipmuHt-d,2026-05-01 02:02:49+00:00,1777600969000,7822,25.01905,42.88829,1003.21002,52236
20260430-235226,-OrWGa8RiDIsraoZz5y8,2026-05-01 02:02:59+00:00,1777600979000,7832,25.01873,42.88825,1003.21002,52139
20260430-235226,-OrWGc_A_QUaVdBQbF5p,2026-05-01 02:03:09+00:00,1777600989000,7842,25.01905,42.88829,1003.21997,52074
20260430-235226,-OrWGf-yUeruhglbCtx_,2026-05-01 02:03:19+00:00,1777600999000,7852,25.01968,42.88247,1003.21997,51945
20260430-235226,-OrWGhSi_Jr-g6yuhm85,2026-05-01 02:03:29+00:00,1777601009000,7862,25.02031,42.90021,1003.21997,51977
20260430-235226,-OrWGjuAdfEsBILKzYFz,2026-05-01 02:03:39+00:00,1777601019000,7872,25.0219,42.90628,1003.22998,52009
20260430-235226,-OrWGmKuos2Y8W0sP4ko,2026-05-01 02:03:49+00:00,1777601029000,7882,25.02127,42.90031,1003.22998,52204
20260430-235226,-OrWGolyiSlYB-kLKRKS,2026-05-01 02:03:59+00:00,1777601039000,7892,25.0219,42.91806,1003.21997,52171
20260430-235226,-OrWGrDfcdYiT3FmuAIb,2026-05-01 02:04:09+00:00,1777601049000,7902,25.0219,42.92983,1003.21997,52367
20260430-235226,-OrWGtjHt0L_FFznbbeS,2026-05-01 02:04:19+00:00,1777601059000,7912,25.02317,42.92998,1003.21997,52334
20260430-235226,-OrWGw5nP94jOm7Tl3cP,2026-05-01 02:04:29+00:00,1777601069000,7922,25.02348,42.92413,1003.21997,52465
20260430-235226,-OrWGyY5ZRTRuI6jkU_i,2026-05-01 02:04:39+00:00,1777601079000,7932,25.02507,42.9243,1003.22998,52236
20260430-235226,-OrWH0O6KuZhVQIHLn8Q,2026-05-01 02:04:49+00:00,1777601089000,7942,25.0257,42.91848,1003.22998,51977
20260430-235226,-OrWH2QsfILU7bfb-4BO,2026-05-01 02:04:59+00:00,1777601099000,7952,25.02507,42.93608,1003.22998,51816
20260430-235226,-OrWH4sM8-uKOJEadg1l,2026-05-01 02:05:09+00:00,1777601109000,7962,25.02602,42.94796,1003.22998,51624
20260430-235226,-OrWH7JQ0XQbPddA-SZD,2026-05-01 02:05:19+00:00,1777601119000,7972,25.02665,42.97749,1003.22998,51308
20260430-235226,-OrWH9lYxBSDZtu-VjZb,2026-05-01 02:05:29+00:00,1777601129000,7982,25.02729,43.00701,1003.21997,51245
20260430-235226,-OrWHCCf6fQoP5BTZXF0,2026-05-01 02:05:39+00:00,1777601139000,7992,25.02792,43.00119,1003.22998,51058
20260430-235226,-OrWHEe9iSk92J7W1Pok,2026-05-01 02:05:49+00:00,1777601149000,8002,25.02887,43.00719,1003.21997,51058
20260430-235226,-OrWHH3u7bigRDUviFAY,2026-05-01 02:05:59+00:00,1777601159000,8012,25.02919,43.01901,1003.22998,51183
20260430-235226,-OrWHJWhjuXuSy0CUXSQ,2026-05-01 02:06:09+00:00,1777601169000,8022,25.02887,43.01308,1003.21997,51308
20260430-235226,-OrWHLy4p06uzym037HN,2026-05-01 02:06:19+00:00,1777601179000,8032,25.02919,43.01312,1003.21997,51371
20260430-235226,-OrWHOQ2KWeZNqvgHXcJ,2026-05-01 02:06:29+00:00,1777601189000,8042,25.02951,43.01905,1003.21997,51403
20260430-235226,-OrWHQqjc_Lv_MvuCa0q,2026-05-01 02:06:39+00:00,1777601199000,8052,25.02982,43.02497,1003.21002,51688
20260430-235226,-OrWHTI5HTHQamniTZRh,2026-05-01 02:06:49+00:00,1777601209000,8062,25.03141,43.03105,1003.21997,51561
20260430-235226,-OrWHViESOSa9e1UGyaZ,2026-05-01 02:06:59+00:00,1777601219000,8072,25.03141,43.03105,1003.22998,51497
20260430-235226,-OrWHY9i4jqkWyZRZG9m,2026-05-01 02:07:09+00:00,1777601229000,8082,25.03141,43.04873,1003.22998,51720
20260430-235226,-OrWH_anQuv-CqGTiATM,2026-05-01 02:07:19+00:00,1777601239000,8092,25.03204,43.05469,1003.21997,51688
20260430-235226,-OrWHc23vAwYBP0ioMG2,2026-05-01 02:07:29+00:00,1777601249000,8102,25.03204,43.06059,1003.21002,51624
20260430-235226,-OrWHeUqeONrLKvVmZEc,2026-05-01 02:07:39+00:00,1777601259000,8112,25.03204,43.06648,1003.21997,51688
20260430-235226,-OrWHgvx28gaDW1j1ERq,2026-05-01 02:07:49+00:00,1777601269000,8122,25.03267,43.07245,1003.21997,51720
20260430-235226,-OrWHjcI0K17bjCE93Y5,2026-05-01 02:07:59+00:00,1777601279000,8132,25.03363,43.07256,1003.21997,51752
20260430-235226,-OrWHlpzHwBhl4P4bw8-,2026-05-01 02:08:09+00:00,1777601289000,8142,25.03394,43.09617,1003.22998,51784
20260430-235226,-OrWHoG9fxvDnKcmTr-J,2026-05-01 02:08:19+00:00,1777601299000,8152,25.03426,43.11979,1003.22998,51912
20260430-235226,-OrWHqh9QXrrR9e7dAjA,2026-05-01 02:08:29+00:00,1777601309000,8162,25.03553,43.11404,1003.22998,51945
20260430-235226,-OrWHt91a0UmsD_hfS6x,2026-05-01 02:08:39+00:00,1777601319000,8172,25.03648,43.12004,1003.22998,52074
20260430-235226,-OrWHv_HYRKHXLT9xPLi,2026-05-01 02:08:49+00:00,1777601329000,8182,25.03648,43.14362,1003.22998,52074
20260430-235226,-OrWHy1GoqlY_QudmpQF,2026-05-01 02:08:59+00:00,1777601339000,8192,25.03648,43.13773,1003.22998,52139
20260430-235226,-OrWI-THx3yCn48Uogef,2026-05-01 02:09:09+00:00,1777601349000,8202,25.03648,43.15541,1003.21002,51977
20260430-235226,-OrWI1xLDtxWNLWAcfQR,2026-05-01 02:09:19+00:00,1777601359000,8212,25.03648,43.16721,1003.20001,51816
20260430-235226,-OrWI4LHaa3IBkw4-auz,2026-05-01 02:09:29+00:00,1777601369000,8222,25.03679,43.17905,1003.20001,51624
20260430-235226,-OrWI6n0FWqchhVU4_V4,2026-05-01 02:09:39+00:00,1777601379000,8232,25.03775,43.17915,1003.20001,51214
20260430-235226,-OrWI9GtjZ9juYsqaZFn,2026-05-01 02:09:49+00:00,1777601389000,8242,25.03775,43.18505,1003.20001,51089
20260430-235226,-OrWIBf04r0yonL9gybo,2026-05-01 02:09:59+00:00,1777601399000,8252,25.03901,43.17929,1003.21002,50965
20260430-235226,-OrWIE8LbzhPMe46Gilu,2026-05-01 02:10:09+00:00,1777601409000,8262,25.03965,43.19706,1003.21002,51058
20260430-235226,-OrWIGYGmePdUg4s2OVQ,2026-05-01 02:10:19+00:00,1777601419000,8272,25.04123,43.19135,1003.21997,51027
20260430-235226,-OrWIIzksncSnEBP9rNx,2026-05-01 02:10:29+00:00,1777601429000,8282,25.04123,43.21494,1003.21997,51183
20260430-235226,-OrWILRB4YVMN70-DaSo,2026-05-01 02:10:39+00:00,1777601439000,8292,25.04123,43.21494,1003.22998,51120
20260430-235226,-OrWINrwzLFVzSQYQUd3,2026-05-01 02:10:49+00:00,1777601449000,8302,25.04155,43.23857,1003.21997,51151
20260430-235226,-OrWIQJVVpKCvR13wS4b,2026-05-01 02:10:59+00:00,1777601459000,8312,25.04218,43.23864,1003.21997,51089
20260430-235226,-OrWIT0s8t76ncs9sGys,2026-05-01 02:11:09+00:00,1777601469000,8322,25.04282,43.23872,1003.21002,50934
20260430-235226,-OrWIVC-BC_wfoD33Dj5,2026-05-01 02:11:19+00:00,1777601479000,8332,25.04282,43.23872,1003.21997,50810
20260430-235226,-OrWIXdIPIOh6DH81x87,2026-05-01 02:11:29+00:00,1777601489000,8342,25.04345,43.25059,1003.21997,50779
20260430-235226,-OrWI_5Bgss1Pj0q_aUO,2026-05-01 02:11:39+00:00,1777601499000,8352,25.04345,43.26239,1003.21997,50626
20260430-235226,-OrWIbXZb0TOuqJ17s-e,2026-05-01 02:11:49+00:00,1777601509000,8362,25.04282,43.25052,1003.21997,50504
20260430-235226,-OrWIdydSV1Ao5SV6tH1,2026-05-01 02:11:59+00:00,1777601519000,8372,25.04409,43.26247,1003.21997,50534
20260430-235226,-OrWIgR8pDO5ghyLdb-I,2026-05-01 02:12:09+00:00,1777601529000,8382,25.04345,43.26829,1003.21997,50473
20260430-235226,-OrWIiq6r0A7M63Pvt7U,2026-05-01 02:12:19+00:00,1777601539000,8392,25.04409,43.26837,1003.21997,50534
20260430-235226,-OrWIlHjpi5i9CtSwABT,2026-05-01 02:12:29+00:00,1777601549000,8402,25.04567,43.26264,1003.21997,50534
20260430-235226,-OrWInihDTdcm58x60DE,2026-05-01 02:12:39+00:00,1777601559000,8412,25.04599,43.25089,1003.22998,50656
20260430-235226,-OrWIq9rsh_oJXyNPbt7,2026-05-01 02:12:49+00:00,1777601569000,8422,25.04662,43.25685,1003.22998,50595
20260430-235226,-OrWIsbJ50N98e46z-0E,2026-05-01 02:12:59+00:00,1777601579000,8432,25.04821,43.29244,1003.21997,50443
20260430-235226,-OrWIv2YoJ_GjiR8crEE,2026-05-01 02:13:09+00:00,1777601589000,8442,25.04884,43.29841,1003.21997,50412
20260430-235226,-OrWIxVGO5fdgDQ_Mn4l,2026-05-01 02:13:19+00:00,1777601599000,8452,25.05011,43.29856,1003.21997,50081
20260430-235226,-OrWIzwAFNy26d3WTCFw,2026-05-01 02:13:29+00:00,1777601609000,8462,25.05042,43.3045,1003.22998,50141
20260430-235226,-OrWJ1NFH1ZtnidL-lDv,2026-05-01 02:13:39+00:00,1777601619000,8472,25.05042,43.3222,1003.21997,50021
20260430-235226,-OrWJ3oSgwlPosdSq97j,2026-05-01 02:13:49+00:00,1777601629000,8482,25.05074,43.32224,1003.21997,50051
20260430-235226,-OrWJ6GJE7H2OUsdslU6,2026-05-01 02:13:59+00:00,1777601639000,8492,25.05011,43.31627,1003.21997,50141
20260430-235226,-OrWJ8hBgcC94w_cyMCF,2026-05-01 02:14:09+00:00,1777601649000,8502,25.04916,43.34568,1003.21002,50111
20260430-235226,-OrWJBTEZgTVOhxdWEY6,2026-05-01 02:14:19+00:00,1777601659000,8512,25.04852,43.35151,1003.21002,50111
20260430-235226,-OrWJDa53WbmscX-I4ug,2026-05-01 02:14:29+00:00,1777601669000,8522,25.04852,43.3338,1003.21002,50081
20260430-235226,-OrWJGJh4xFe8ACrMBxt,2026-05-01 02:14:39+00:00,1777601679000,8532,25.04916,43.35159,1003.20001,49932
20260430-235226,-OrWJIafm2bzBZmYCNRt,2026-05-01 02:14:49+00:00,1777601689000,8542,25.04916,43.34568,1003.20001,50171
20260430-235226,-OrWJKzzs9xVP33Y6xNj,2026-05-01 02:14:59+00:00,1777601699000,8552,25.04916,43.3634,1003.19,50473
20260430-235226,-OrWJNRtT9H2uqGdwQG0,2026-05-01 02:15:09+00:00,1777601709000,8562,25.04979,43.35756,1003.19,50412
20260430-235226,-OrWJPtFX_8lStrYgHme,2026-05-01 02:15:19+00:00,1777601719000,8572,25.05011,43.3694,1003.19,50382
20260430-235226,-OrWJSL9AGk1r9Ur8Qlt,2026-05-01 02:15:29+00:00,1777601729000,8582,25.05011,43.38121,1003.20001,50352
20260430-235226,-OrWJUlZuICkXs3DEaA2,2026-05-01 02:15:39+00:00,1777601739000,8592,25.05137,43.37545,1003.20001,50687
20260430-235226,-OrWJXD2eRRh14aeZS8_,2026-05-01 02:15:49+00:00,1777601749000,8602,25.05328,43.38747,1003.20001,50291
20260430-235226,-OrWJZelZyWgf--ncCz-,2026-05-01 02:15:59+00:00,1777601759000,8612,25.05328,43.39338,1003.20001,50201
20260430-235226,-OrWJb517Av66__gHOkO,2026-05-01 02:16:09+00:00,1777601769000,8622,25.05423,43.38758,1003.20001,50201
20260430-235226,-OrWJdXrzKbDIiW1rosl,2026-05-01 02:16:19+00:00,1777601779000,8632,25.05454,43.37581,1003.19,50231
20260430-235226,-OrWJfyx3WKGAnTo2PfG,2026-05-01 02:16:29+00:00,1777601789000,8642,25.05518,43.35818,1003.20001,50261
20260430-235226,-OrWJiQ7EQxCfeLYnig2,2026-05-01 02:16:39+00:00,1777601799000,8652,25.05613,43.376,1003.20001,50443
20260430-235226,-OrWJkrjqD-mTAps6y20,2026-05-01 02:16:49+00:00,1777601809000,8662,25.05771,43.37618,1003.19,50534
20260430-235226,-OrWJnJTAv7Tc8TZEjlu,2026-05-01 02:16:59+00:00,1777601819000,8672,25.05835,43.38806,1003.19,50534
20260430-235226,-OrWJpk7R32BKfD2eaKh,2026-05-01 02:17:09+00:00,1777601829000,8682,25.05962,43.3823,1003.17999,50534
20260430-235226,-OrWJsZPXCbtnW__Tj_f,2026-05-01 02:17:19+00:00,1777601839000,8692,25.05962,43.3882,1003.16998,50382
20260430-235226,-OrWJueKcS6DDwKeo_Wz,2026-05-01 02:17:29+00:00,1777601849000,8702,25.05962,43.40001,1003.16998,50443
20260430-235226,-OrWJx379COhDCfDbDWg,2026-05-01 02:17:39+00:00,1777601859000,8712,25.05898,43.39994,1003.15997,50231
20260430-235226,-OrWJzWim38j4cFT5iVQ,2026-05-01 02:17:49+00:00,1777601869000,8722,25.05898,43.40585,1003.16998,50171
20260430-235226,-OrWK0wgzWWc7JJF6mci,2026-05-01 02:17:59+00:00,1777601879000,8732,25.05962,43.41183,1003.16998,49842
20260430-235226,-OrWK3QP0UrEV8dnoHdV,2026-05-01 02:18:09+00:00,1777601889000,8742,25.05962,43.40001,1003.16998,49577
20260430-235226,-OrWK5rKPURw-xDaSZUo,2026-05-01 02:18:19+00:00,1777601899000,8752,25.05866,43.41172,1003.15997,49548
20260430-235226,-OrWK8HDSPUybaouZBKp,2026-05-01 02:18:29+00:00,1777601909000,8762,25.06025,43.40009,1003.17999,49548
20260430-235226,-OrWKAid3X5yVMKZZm8l,2026-05-01 02:18:39+00:00,1777601919000,8772,25.06025,43.39418,1003.16998,49577
20260430-235226,-OrWKDBhiTET6s5-ZvC4,2026-05-01 02:18:49+00:00,1777601929000,8782,25.06088,43.41198,1003.17999,49991
20260430-235226,-OrWKFa6_BFkKVFjlnNG,2026-05-01 02:18:59+00:00,1777601939000,8792,25.06152,43.41795,1003.20001,49902
20260430-235226,-OrWKI2C7eRDMgYUC-aH,2026-05-01 02:19:09+00:00,1777601949000,8802,25.06247,43.42396,1003.19,49932
20260430-235226,-OrWKKs8aAriaV6mPrNA,2026-05-01 02:19:19+00:00,1777601959000,8812,25.06247,43.42396,1003.19,49665
20260430-235226,-OrWKMwguzp7elhAW8Hq,2026-05-01 02:19:29+00:00,1777601969000,8822,25.06279,43.41809,1003.19,49577
20260430-235226,-OrWKPMd9JCdsZYdUxoJ,2026-05-01 02:19:39+00:00,1777601979000,8832,25.0631,43.42404,1003.19,49431
20260430-235226,-OrWKRpPn8J8lHGoXtx6,2026-05-01 02:19:49+00:00,1777601989000,8842,25.06279,43.42991,1003.17999,49372
20260430-235226,-OrWKUFNJoc9wT9tXTX1,2026-05-01 02:19:59+00:00,1777601999000,8852,25.0631,43.44176,1003.16998,49343
20260430-235226,-OrWKWgbjiOJxNftXlrH,2026-05-01 02:20:09+00:00,1777602009000,8862,25.06374,43.42412,1003.16998,49372
20260430-235226,-OrWKZ88gXpBQUQA9F7F,2026-05-01 02:20:19+00:00,1777602019000,8872,25.06374,43.43593,1003.15997,49314
20260430-235226,-OrWKbi75X3IrpEje9tF,2026-05-01 02:20:29+00:00,1777602029000,8882,25.06374,43.43002,1003.15002,49548
20260430-235226,-OrWKd-SdmHV7iwtW1Gt,2026-05-01 02:20:39+00:00,1777602039000,8892,25.06532,43.44201,1003.15002,49665
20260430-235226,-OrWKfU4JO-fNSTqFvfd,2026-05-01 02:20:49+00:00,1777602049000,8902,25.06595,43.42437,1003.15002,49724
20260430-235226,-OrWKhuhbzC3_FKsBYxT,2026-05-01 02:20:59+00:00,1777602059000,8912,25.06754,43.42455,1003.15002,49783
20260430-235226,-OrWKkLH95kyDPK42S5f,2026-05-01 02:21:09+00:00,1777602069000,8922,25.06722,43.43043,1003.15002,49754
20260430-235226,-OrWKmpIrAdzqRrgU8hp,2026-05-01 02:21:19+00:00,1777602079000,8932,25.06722,43.43633,1003.15002,49842
20260430-235226,-OrWKpDS3Ff2QfuZP_Fl,2026-05-01 02:21:29+00:00,1777602089000,8942,25.06912,43.45427,1003.15002,49872
20260430-235226,-OrWKrevZr4Eper8g6Pc,2026-05-01 02:21:39+00:00,1777602099000,8952,25.06944,43.46021,1003.15002,49695
20260430-235226,-OrWKu57Xqs5iDYRwQjd,2026-05-01 02:21:49+00:00,1777602109000,8962,25.06944,43.46612,1003.15002,49754
20260430-235226,-OrWKwYb22MNHzDy7Kmv,2026-05-01 02:21:59+00:00,1777602119000,8972,25.06976,43.46025,1003.14001,49548
20260430-235226,-OrWKz0Ff1NMgC7YWpi-,2026-05-01 02:22:09+00:00,1777602129000,8982,25.07103,43.47221,1003.14001,49724
20260430-235226,-OrWL0Qt5aKZvS9lTXOO,2026-05-01 02:22:19+00:00,1777602139000,8992,25.07071,43.45444,1003.13,49783
20260430-235226,-OrWL2s4P1Mjk6Sel7Ry,2026-05-01 02:22:29+00:00,1777602149000,9002,25.07134,43.46634,1003.12,49783
20260430-235226,-OrWL5K08Ei8zPH85iaF,2026-05-01 02:22:39+00:00,1777602159000,9012,25.07166,43.46046,1003.13,49842
20260430-235226,-OrWL7jbLOMosOT9oVBv,2026-05-01 02:22:49+00:00,1777602169000,9022,25.07229,43.46645,1003.13,49961
20260430-235226,-OrWLAEebeID02fBs9l4,2026-05-01 02:22:59+00:00,1777602179000,9032,25.07324,43.45475,1003.14001,49961
20260430-235226,-OrWLCc49Fp9zhS3BQgb,2026-05-01 02:23:09+00:00,1777602189000,9042,25.07451,43.46079,1003.14001,50081
20260430-235226,-OrWLF5Q78A7KxVz0Wyy,2026-05-01 02:23:19+00:00,1777602199000,9052,25.07546,43.46091,1003.14001,50111
20260430-235226,-OrWLHXGwfcHHf6KgX5o,2026-05-01 02:23:29+00:00,1777602209000,9062,25.07515,43.46087,1003.14001,50171
20260430-235226,-OrWLKKPT5cePrmhIuNY,2026-05-01 02:23:39+00:00,1777602219000,9072,25.07515,43.46677,1003.13,50051
20260430-235226,-OrWLMOOtvxNEPDm5SrN,2026-05-01 02:23:49+00:00,1777602229000,9082,25.07483,43.47265,1003.12,50051
20260430-235226,-OrWLOqOh7hhVcP_nbNs,2026-05-01 02:23:59+00:00,1777602239000,9092,25.07483,43.48447,1003.13,49665
20260430-235226,-OrWLRHsTplggnqG69XQ,2026-05-01 02:24:09+00:00,1777602249000,9102,25.07451,43.47261,1003.12,49548
20260430-235226,-OrWLTiGh2dmNZ2G8xz4,2026-05-01 02:24:19+00:00,1777602259000,9112,25.07419,43.48438,1003.12,49606
20260430-235226,-OrWLWAHrx_bb6l-wi6i,2026-05-01 02:24:29+00:00,1777602269000,9122,25.07356,43.4725,1003.12,49518
20260430-235226,-OrWLYaCE0hNxqrdYjdW,2026-05-01 02:24:39+00:00,1777602279000,9132,25.07419,43.47257,1003.12,49489
20260430-235226,-OrWLa3psqjZkqbxWSs-,2026-05-01 02:24:49+00:00,1777602289000,9142,25.07483,43.48447,1003.10999,49401
20260430-235226,-OrWLcU2omXeM4WZN8c4,2026-05-01 02:24:59+00:00,1777602299000,9152,25.0761,43.4787,1003.12,49401
20260430-235226,-OrWLewM4398WXiKfJjn,2026-05-01 02:25:09+00:00,1777602309000,9162,25.0761,43.49051,1003.12,49314
20260430-235226,-OrWLhNPPcHnPwkJss70,2026-05-01 02:25:19+00:00,1777602319000,9172,25.0761,43.4787,1003.10999,49401
20260430-235226,-OrWLjoXFL84skzY4sBZ,2026-05-01 02:25:29+00:00,1777602329000,9182,25.07673,43.4906,1003.10999,49372
20260430-235226,-OrWLmEye6TW0IHg1TXv,2026-05-01 02:25:39+00:00,1777602339000,9192,25.07768,43.50252,1003.10999,49489
20260430-235226,-OrWLohSetZwVfhEID-G,2026-05-01 02:25:49+00:00,1777602349000,9202,25.078,43.49074,1003.08002,49577
20260430-235226,-OrWLrA4yh4kUCudPCx2,2026-05-01 02:25:59+00:00,1777602359000,9212,25.07832,43.49077,1003.09003,49754
20260430-235226,-OrWLta0SZgi7PENSLHs,2026-05-01 02:26:09+00:00,1777602369000,9222,25.0799,43.49095,1003.09998,49783
20260430-235226,-OrWLw0dlex5rCPblxiv,2026-05-01 02:26:19+00:00,1777602379000,9232,25.07958,43.48502,1003.09998,49813
20260430-235226,-OrWLyT32yK5KtkUepEH,2026-05-01 02:26:29+00:00,1777602389000,9242,25.08085,43.48516,1003.10999,49961
20260430-235226,-OrWM-tWubnnlaa4czNq,2026-05-01 02:26:39+00:00,1777602399000,9252,25.08022,43.50281,1003.10999,49932
20260430-235226,-OrWM35-iAeXEZInA-Iu,2026-05-01 02:26:49+00:00,1777602409000,9262,25.08053,43.49103,1003.10999,49932
20260430-235226,-OrWM4p4kYvd8ak28z3w,2026-05-01 02:26:59+00:00,1777602419000,9272,25.08212,43.50303,1003.13,49783
20260430-235226,-OrWM7E0ndb4xP77mt0m,2026-05-01 02:27:09+00:00,1777602429000,9282,25.08307,43.48541,1003.12,49813
20260430-235226,-OrWM9edKCE3HEapcyPg,2026-05-01 02:27:19+00:00,1777602439000,9292,25.0837,43.50321,1003.12,49842
20260430-235226,-OrWMC5f2XtgEz3P3kHt,2026-05-01 02:27:29+00:00,1777602449000,9302,25.08465,43.50922,1003.10999,49842
20260430-235226,-OrWMEYC84qSYgWaWnzg,2026-05-01 02:27:39+00:00,1777602459000,9312,25.08465,43.51513,1003.10999,50141
20260430-235226,-OrWMGz7_AB3NrfXDcNb,2026-05-01 02:27:49+00:00,1777602469000,9322,25.08529,43.53294,1003.10999,50081
20260430-235226,-OrWMJRD-jyFtqXtpn4x,2026-05-01 02:27:59+00:00,1777602479000,9332,25.08434,43.52692,1003.10999,49783
20260430-235226,-OrWMLrrRFab-nU63uM5,2026-05-01 02:28:09+00:00,1777602489000,9342,25.08624,43.52714,1003.12,49724
20260430-235226,-OrWMOPXsciT7qyIzVUr,2026-05-01 02:28:19+00:00,1777602499000,9352,25.08687,43.52722,1003.12,49754
20260430-235226,-OrWMQmTe2BB7YZ6K3UY,2026-05-01 02:28:29+00:00,1777602509000,9362,25.08782,43.52733,1003.13,49842
20260430-235226,-OrWMTBdCc9fhuTAY3UI,2026-05-01 02:28:39+00:00,1777602519000,9372,25.08846,43.5274,1003.12,49813
20260430-235226,-OrWMVdQqhb3hrX4jjvW,2026-05-01 02:28:49+00:00,1777602529000,9382,25.08973,43.53936,1003.13,49842
20260430-235226,-OrWMY6yusZYpxSWlGy3,2026-05-01 02:28:59+00:00,1777602539000,9392,25.09068,43.5513,1003.13,50141
20260430-235226,-OrWM_Z6MB-VmLrrFDQu,2026-05-01 02:29:09+00:00,1777602549000,9402,25.09131,43.53364,1003.13,50201
20260430-235226,-OrWMbxOPW9aCxf0G0hh,2026-05-01 02:29:19+00:00,1777602559000,9412,25.09258,43.53378,1003.14001,50412
20260430-235226,-OrWMeOjUCWVFm73KEXF,2026-05-01 02:29:29+00:00,1777602569000,9422,25.09289,43.522,1003.13,50261
20260430-235226,-OrWMgqF8bAkpPAEnXv-,2026-05-01 02:29:39+00:00,1777602579000,9432,25.09321,43.51612,1003.13,50412
20260430-235226,-OrWMjI7pIXsmz9B8wBM,2026-05-01 02:29:49+00:00,1777602589000,9442,25.09321,43.52203,1003.13,50261
20260430-235226,-OrWMm10EmS7i9GssNWG,2026-05-01 02:29:59+00:00,1777602599000,9452,25.09289,43.522,1003.14001,50231
20260430-235226,-OrWMoA4zMqsiTfZR0fd,2026-05-01 02:30:09+00:00,1777602609000,9462,25.09353,43.51025,1003.14001,50201
20260430-235226,-OrWMqbk4qYI1lsc7ipU,2026-05-01 02:30:19+00:00,1777602619000,9472,25.09353,43.51025,1003.14001,50081
20260430-235226,-OrWMt27WPXsQKOTSLDl,2026-05-01 02:30:29+00:00,1777602629000,9482,25.09289,43.50427,1003.13,50111
20260430-235226,-OrWMvVmSZTq442eCvwy,2026-05-01 02:30:39+00:00,1777602639000,9492,25.09258,43.47469,1003.13,50111
20260430-235226,-OrWMxwSEUHBfNt8eZHd,2026-05-01 02:30:49+00:00,1777602649000,9502,25.09163,43.4923,1003.13,50322
20260430-235226,-OrWN-NC19h7XaIyZU6_,2026-05-01 02:30:59+00:00,1777602659000,9512,25.09004,43.50986,1003.13,50565
20260430-235226,-OrWN1pjsg0SFyWVO-3l,2026-05-01 02:31:09+00:00,1777602669000,9522,25.09004,43.50986,1003.14001,50718
20260430-235226,-OrWN4GklrY6Sm8LL3Zi,2026-05-01 02:31:19+00:00,1777602679000,9532,25.08846,43.49194,1003.14001,50872
20260430-235226,-OrWN6h7xR_6uwvtpKsZ,2026-05-01 02:31:29+00:00,1777602689000,9542,25.08719,43.49179,1003.14001,50996
20260430-235226,-OrWN991SNKLyXcN1aS1,2026-05-01 02:31:39+00:00,1777602699000,9552,25.08561,43.50343,1003.14001,51027
20260430-235226,-OrWNBbEsfczZX8d2YIN,2026-05-01 02:31:49+00:00,1777602709000,9562,25.08561,43.50934,1003.14001,51027
20260430-235226,-OrWNE1Nri89vx8CNs_l,2026-05-01 02:31:59+00:00,1777602719000,9572,25.08561,43.49162,1003.14001,51183
20260430-235226,-OrWNGTlIIsmTsc3QQ-B,2026-05-01 02:32:09+00:00,1777602729000,9582,25.08561,43.50934,1003.14001,51183
20260430-235226,-OrWNIurdZIFlS-1JWuN,2026-05-01 02:32:19+00:00,1777602739000,9592,25.08529,43.54476,1003.13,51120
20260430-235226,-OrWNLNcge9NBdGPj40Y,2026-05-01 02:32:29+00:00,1777602749000,9602,25.08687,43.54495,1003.13,51058
20260430-235226,-OrWNOAkUQz2UCsrJlpS,2026-05-01 02:32:39+00:00,1777602759000,9612,25.08782,43.55096,1003.14001,51183
20260430-235226,-OrWNQE7ybCzf5Eu9WfA,2026-05-01 02:32:49+00:00,1777602769000,9622,25.08751,43.54502,1003.14001,51183
20260430-235226,-OrWNSfT_2SFBBDun68J,2026-05-01 02:32:59+00:00,1777602779000,9632,25.08751,43.52729,1003.13,51120
20260430-235226,-OrWNVOHxnXSRKaXM21L,2026-05-01 02:33:09+00:00,1777602789000,9642,25.08719,43.52134,1003.14001,51151
20260430-235226,-OrWNXYQsRVGwQJvfbrB,2026-05-01 02:33:19+00:00,1777602799000,9652,25.08909,43.50974,1003.13,51245
20260430-235226,-OrWN_-_vYaaeDOvh2Hn,2026-05-01 02:33:29+00:00,1777602809000,9662,25.09004,43.52759,1003.13,51214
20260430-235226,-OrWNbQzOn4nPNleDtpB,2026-05-01 02:33:39+00:00,1777602819000,9672,25.09099,43.52177,1003.13,51308
20260430-235226,-OrWNdt6XGekbLEhvxSK,2026-05-01 02:33:49+00:00,1777602829000,9682,25.09194,43.51007,1003.13,51151
20260430-235226,-OrWNgKiIb5rYV_iH-UT,2026-05-01 02:33:59+00:00,1777602839000,9692,25.09258,43.51605,1003.14001,51340
20260430-235226,-OrWNiloVe-_Q4VdipbR,2026-05-01 02:34:09+00:00,1777602849000,9702,25.09321,43.48067,1003.13,51214
20260430-235226,-OrWNlBy_erDvWtit1K7,2026-05-01 02:34:19+00:00,1777602859000,9712,25.09385,43.48074,1003.14001,51277
20260430-235226,-OrWNngyI_aecAmJAJYS,2026-05-01 02:34:29+00:00,1777602869000,9722,25.09385,43.48665,1003.14001,51120
20260430-235226,-OrWNq76pHzGTJ5Dc5n8,2026-05-01 02:34:39+00:00,1777602879000,9732,25.09543,43.44548,1003.14001,51058
20260430-235226,-OrWNs_aKhvtAHq7kgRj,2026-05-01 02:34:49+00:00,1777602889000,9742,25.09607,43.42192,1003.13,50996
20260430-235226,-OrWNuz8MSmhhiNeHtbf,2026-05-01 02:34:59+00:00,1777602899000,9752,25.09607,43.41011,1003.14001,50934
20260430-235226,-OrWNxS0kfwuAnHoFHqq,2026-05-01 02:35:09+00:00,1777602909000,9762,25.09702,43.41021,1003.13,51027
20260430-235226,-OrWNzqYoeirCZdQIa4G,2026-05-01 02:35:19+00:00,1777602919000,9772,25.09702,43.42793,1003.13,51089
20260430-235226,-OrWO1HP9jtNjOnEbPeF,2026-05-01 02:35:29+00:00,1777602929000,9782,25.09765,43.4103,1003.12,51027
20260430-235226,-OrWO3ibKI1JzDDxhKBr,2026-05-01 02:35:39+00:00,1777602939000,9792,25.09797,43.42804,1003.12,51120
20260430-235226,-OrWO6BIVfF-Vssoh02X,2026-05-01 02:35:49+00:00,1777602949000,9802,25.09828,43.41626,1003.12,50965
20260430-235226,-OrWO8bCas6wj_whDRaI,2026-05-01 02:35:59+00:00,1777602959000,9812,25.09892,43.42225,1003.12,50872
20260430-235226,-OrWOB3shAgOTuFXVARj,2026-05-01 02:36:09+00:00,1777602969000,9822,25.09955,43.41051,1003.12,50934
20260430-235226,-OrWOEPwxIPag6qRzi36,2026-05-01 02:36:19+00:00,1777602979000,9832,25.1005,43.40471,1003.12,50779
20260430-235226,-OrWOFvyuIjy4uVEy14R,2026-05-01 02:36:29+00:00,1777602989000,9842,25.10082,43.40474,1003.12,50626
20260430-235226,-OrWOINcPWANAiWOrDJS,2026-05-01 02:36:39+00:00,1777602999000,9852,25.10209,43.39308,1003.12,50504
20260430-235226,-OrWOKpzn1VlPiqScCC9,2026-05-01 02:36:49+00:00,1777603009000,9862,25.1024,43.38131,1003.12,50504
20260430-235226,-OrWONGTDoHacs3a6RK7,2026-05-01 02:36:59+00:00,1777603019000,9872,25.10145,43.36348,1003.10999,50687
20260430-235226,-OrWOPh4gXBeYfm-rL4f,2026-05-01 02:37:09+00:00,1777603029000,9882,25.10082,43.36931,1003.10999,50595
20260430-235226,-OrWOS9IjB6d10sHwczf,2026-05-01 02:37:19+00:00,1777603039000,9892,25.10209,43.36355,1003.10999,50534
20260430-235226,-OrWOUc730WZdH3EtArV,2026-05-01 02:37:29+00:00,1777603049000,9902,25.10177,43.35171,1003.10999,50595
20260430-235226,-OrWOX0wGVPbd_nlgHbh,2026-05-01 02:37:39+00:00,1777603059000,9912,25.10145,43.34576,1003.10999,50565
20260430-235226,-OrWOZT5afyEB5cFnZ1w,2026-05-01 02:37:49+00:00,1777603069000,9922,25.10335,43.3637,1003.10999,50473
20260430-235226,-OrWOauyGcSgMSOL7w9R,2026-05-01 02:37:59+00:00,1777603079000,9932,25.10399,43.34607,1003.12,50322
20260430-235226,-OrWOdM8_I1B8t0ovS0N,2026-05-01 02:38:09+00:00,1777603089000,9942,25.10526,43.34031,1003.10999,50081
20260430-235226,-OrWOfmlkHVqA5FcMs1s,2026-05-01 02:38:19+00:00,1777603099000,9952,25.1062,43.33451,1003.10999,50081
20260430-235226,-OrWOiE6qfQ5vP3htown,2026-05-01 02:38:29+00:00,1777603109000,9962,25.1062,43.33451,1003.10999,50021
20260430-235226,-OrWOkfMoS64EdOa384-,2026-05-01 02:38:39+00:00,1777603119000,9972,25.10589,43.32267,1003.09998,49842
20260430-235226,-OrWOn7_dKroL1ntANHR,2026-05-01 02:38:49+00:00,1777603129000,9982,25.10684,43.32868,1003.10999,49991
20260430-235226,-OrWOqZ85liiynQp5wK7,2026-05-01 02:38:59+00:00,1777603139000,9992,25.10747,43.31694,1003.10999,49932
20260430-235226,-OrWOs08JS4785FZfAhm,2026-05-01 02:39:09+00:00,1777603149000,10002,25.10811,43.31702,1003.09998,49724
20260430-235226,-OrWOvCHQ6hohjMare8Z,2026-05-01 02:39:19+00:00,1777603159000,10012,25.10779,43.31698,1003.09998,49665
20260430-235226,-OrWOxQ6xa05xglRvB3A,2026-05-01 02:39:29+00:00,1777603169000,10022,25.10779,43.31108,1003.09003,49783
20260430-235226,-OrWOzKuZRLbHLlf6cvb,2026-05-01 02:39:39+00:00,1777603179000,10032,25.10843,43.31115,1003.09998,49872
20260430-235226,-OrWP0laRgNOIpMsuw1y,2026-05-01 02:39:49+00:00,1777603189000,10042,25.10843,43.30524,1003.09998,50051
20260430-235226,-OrWP3CLlvVHpyBnmKjH,2026-05-01 02:39:59+00:00,1777603199000,10052,25.10811,43.29931,1003.09998,50171
20260430-235226,-OrWP5dKoMh5VxhdC5NX,2026-05-01 02:40:09+00:00,1777603209000,10062,25.10874,43.29938,1003.09003,50322
20260430-235226,-OrWP84sOAY69DnSDZhR,2026-05-01 02:40:19+00:00,1777603219000,10072,25.10938,43.28175,1003.09998,50504
20260430-235226,-OrWPAZpuaE7M3HMqO-c,2026-05-01 02:40:29+00:00,1777603229000,10082,25.10969,43.28768,1003.09003,50626
20260430-235226,-OrWPCyYAt4HjaBTR71v,2026-05-01 02:40:39+00:00,1777603239000,10092,25.10969,43.28768,1003.09003,50810
20260430-235226,-OrWPFQXShUiKWYm16TY,2026-05-01 02:40:49+00:00,1777603249000,10102,25.11033,43.28185,1003.09998,50872
20260430-235226,-OrWPHvThfZA3q_dbsuk,2026-05-01 02:40:59+00:00,1777603259000,10112,25.11033,43.26415,1003.09003,50903
20260430-235226,-OrWPKM0Pt9S25hkjY0h,2026-05-01 02:41:09+00:00,1777603269000,10122,25.11096,43.23472,1003.09998,50872
20260430-235226,-OrWPMjWKJtsxfF3BjZ_,2026-05-01 02:41:19+00:00,1777603279000,10132,25.11096,43.21112,1003.09998,50718
20260430-235226,-OrWPPDDlcgy-qy9TJcy,2026-05-01 02:41:29+00:00,1777603289000,10142,25.11096,43.19933,1003.09998,51027
20260430-235226,-OrWPScRDiUiVEcq0zkV,2026-05-01 02:41:39+00:00,1777603299000,10152,25.11096,43.19343,1003.09998,50965
20260430-235226,-OrWPU45CFKrqZzoygRk,2026-05-01 02:41:49+00:00,1777603309000,10162,25.11128,43.19346,1003.09003,50965
20260430-235226,-OrWPWVGX_u44Pxt7mJ_,2026-05-01 02:41:59+00:00,1777603319000,10172,25.11191,43.20533,1003.09003,50934
20260430-235226,-OrWPYxron2-zggVa6O8,2026-05-01 02:42:09+00:00,1777603329000,10182,25.11223,43.20537,1003.09003,50718
20260430-235226,-OrWPaNw8IJZ7Kj0Tfja,2026-05-01 02:42:19+00:00,1777603339000,10192,25.11318,43.21727,1003.09003,50687
20260430-235226,-OrWPcqq5J73gzq4Rl6f,2026-05-01 02:42:29+00:00,1777603349000,10202,25.11445,43.22922,1003.09003,50810
20260430-235226,-OrWPlIA9I3IEq9hW9p0,2026-05-01 02:42:39+00:00,1777603359000,10212,25.11508,43.19979,1003.09003,50903
20260430-235226,-OrWPlPRqtwXdupgmuzq,2026-05-01 02:43:05+00:00,1777603385000,10237,25.1116,43.29971,1003.09003,44309
20260430-235226,-OrWPnr6atAC0oiRO57_,2026-05-01 02:43:15+00:00,1777603395000,10247,25.1116,43.22889,1003.09003,45911
20260430-235226,-OrWPqIW-vbQ2SySpMDU,2026-05-01 02:43:25+00:00,1777603405000,10257,25.1116,43.19349,1003.08002,47122
20260430-235226,-OrWPsjDc8rMEuJIfVHX,2026-05-01 02:43:35+00:00,1777603415000,10267,25.11128,43.17577,1003.08002,47959
20260430-235226,-OrWPvBYQZ__Sqy6qqkl,2026-05-01 02:43:45+00:00,1777603425000,10277,25.11191,43.18173,1003.08002,48458
20260430-235226,-OrWPxc9yIH9lRtEJ4Zz,2026-05-01 02:43:55+00:00,1777603435000,10287,25.11223,43.16998,1003.07001,48911
20260430-235226,-OrWQ-3LXOiVBuluBw8W,2026-05-01 02:44:05+00:00,1777603445000,10297,25.11255,43.17591,1003.07001,49025
20260430-235226,-OrWQ1VA7R2My3prKReR,2026-05-01 02:44:15+00:00,1777603455000,10307,25.11318,43.14649,1003.08002,49025
20260430-235226,-OrWQ3y9uj8O7-w_lJDr,2026-05-01 02:44:25+00:00,1777603465000,10317,25.11413,43.15839,1003.08002,49169
20260430-235226,-OrWQ6NrMaoZJeCYS2ue,2026-05-01 02:44:35+00:00,1777603475000,10327,25.11445,43.14664,1003.08002,49489
20260430-235226,-OrWQ8pHUfvmPiP8jxtF,2026-05-01 02:44:45+00:00,1777603485000,10337,25.11508,43.15851,1003.07001,49754
20260430-235226,-OrWQBGRvsoYAPFlF-h3,2026-05-01 02:44:55+00:00,1777603495000,10347,25.11666,43.13509,1003.07001,49872
20260430-235226,-OrWQDicANyqZmCwN5HA,2026-05-01 02:45:05+00:00,1777603505000,10357,25.11666,43.1292,1003.07001,49724
20260430-235226,-OrWQG8oXBSgLSvLFxnB,2026-05-01 02:45:15+00:00,1777603515000,10367,25.1173,43.0998,1003.07001,49606
20260430-235226,-OrWQIaGjk178_M1daJ2,2026-05-01 02:45:25+00:00,1777603525000,10377,25.11762,43.09983,1003.07001,49636
20260430-235226,-OrWQL2OFbAQ3TiRLRq6,2026-05-01 02:45:35+00:00,1777603535000,10387,25.11825,43.12348,1003.07001,49606
20260430-235226,-OrWQOPAB8d_FT_0NpLO,2026-05-01 02:45:45+00:00,1777603545000,10397,25.11857,43.11173,1003.06,49665
20260430-235226,-OrWQPulkhbXh98Olqiz,2026-05-01 02:45:55+00:00,1777603555000,10407,25.11825,43.10579,1003.06,49783
20260430-235226,-OrWQSNGdHZT7p-j2vss,2026-05-01 02:46:05+00:00,1777603565000,10417,25.11793,43.10576,1003.04999,49783
20260430-235226,-OrWQUnPfA6dQxAbGURK,2026-05-01 02:46:15+00:00,1777603575000,10427,25.11952,43.10004,1003.04999,49932
20260430-235226,-OrWQXFGNRzSfJ9AYzYl,2026-05-01 02:46:25+00:00,1777603585000,10437,25.1192,43.08232,1003.04999,50051
20260430-235226,-OrWQZi47BgVmApCmhqb,2026-05-01 02:46:35+00:00,1777603595000,10447,25.11889,43.08818,1003.04999,50231
20260430-235226,-OrWQb7CerG8bGUMBLJI,2026-05-01 02:46:45+00:00,1777603605000,10457,25.1192,43.07643,1003.04999,50382
20260430-235226,-OrWQdZQHiWEkh55Ac9T,2026-05-01 02:46:55+00:00,1777603615000,10467,25.11983,43.08829,1003.06,50352
20260430-235226,-OrWQg-mpMbL2LrNn2eq,2026-05-01 02:47:05+00:00,1777603625000,10477,25.12015,43.07064,1003.06,50141
20260430-235226,-OrWQiS8FiJuyc7jdnHr,2026-05-01 02:47:15+00:00,1777603635000,10487,25.1211,43.07076,1003.06,50231
20260430-235226,-OrWQktWF1a_tFM868K7,2026-05-01 02:47:25+00:00,1777603645000,10497,25.12237,43.07679,1003.07001,50021
20260430-235226,-OrWQnKNtJbE62vFCYOs,2026-05-01 02:47:35+00:00,1777603655000,10507,25.12364,43.07105,1003.07001,49961
20260430-235226,-OrWQplsvsXEVQt9k7ty,2026-05-01 02:47:45+00:00,1777603665000,10517,25.12459,43.07115,1003.08002,50141
20260430-235226,-OrWQsCjc3Ttst7qqTey,2026-05-01 02:47:55+00:00,1777603675000,10527,25.12427,43.07701,1003.07001,50201
20260430-235226,-OrWQueKqHyVPqNoIb_o,2026-05-01 02:48:05+00:00,1777603685000,10537,25.1249,43.07119,1003.07001,50534
20260430-235226,-OrWQx5RI3oJAxPMrDsO,2026-05-01 02:48:15+00:00,1777603695000,10547,25.12586,43.07719,1003.06,50718
20260430-235226,-OrWQzXhoBPGTIhyXjrQ,2026-05-01 02:48:25+00:00,1777603705000,10557,25.12554,43.06536,1003.07001,50996
20260430-235226,-OrWR0yguC_ZQ6dghLrF,2026-05-01 02:48:35+00:00,1777603715000,10567,25.12617,43.06544,1003.08002,50903
20260430-235226,-OrWR3QFzbgLvzTQAVs9,2026-05-01 02:48:45+00:00,1777603725000,10577,25.12586,43.05362,1003.08002,51120
20260430-235226,-OrWR6-jNRDCB49Q8ZH7,2026-05-01 02:48:55+00:00,1777603735000,10587,25.12649,43.036,1003.08002,51151
20260430-235226,-OrWR8IuhR9gaSX7IkAj,2026-05-01 02:49:05+00:00,1777603745000,10597,25.12617,43.03596,1003.08002,50965
20260430-235226,-OrWRAkFDHj44Z__xBYQ,2026-05-01 02:49:15+00:00,1777603755000,10607,25.12586,43.02415,1003.08002,50903
20260430-235226,-OrWRDAo6lDR-r7vXJoj,2026-05-01 02:49:25+00:00,1777603765000,10617,25.12522,43.02996,1003.08002,50565
20260430-235226,-OrWRFeqRTj2i2CM9hiR,2026-05-01 02:49:35+00:00,1777603775000,10627,25.12586,43.01236,1003.07001,50718
20260430-235226,-OrWRI3Te_fhtHdRGzuC,2026-05-01 02:49:45+00:00,1777603785000,10637,25.12554,43.00643,1003.08002,50534
20260430-235226,-OrWRKWhoe5s5eKODfWv,2026-05-01 02:49:55+00:00,1777603795000,10647,25.12522,43.0005,1003.07001,50687
20260430-235226,-OrWRMwrGUIfexcmA6VC,2026-05-01 02:50:05+00:00,1777603805000,10657,25.12617,43.01239,1003.08002,50626
20260430-235226,-OrWRPOc6Bjctz5-IY1x,2026-05-01 02:50:15+00:00,1777603815000,10667,25.12649,43.01243,1003.08002,50626
20260430-235226,-OrWRRpkdk6Pv1gDYUCn,2026-05-01 02:50:25+00:00,1777603825000,10677,25.12712,43.01251,1003.09003,50779
20260430-235226,-OrWRUIhatIJsVql6J3i,2026-05-01 02:50:35+00:00,1777603835000,10687,25.12839,43.01265,1003.09998,50934
20260430-235226,-OrWRWikyIjjGgU2Y65e,2026-05-01 02:50:45+00:00,1777603845000,10697,25.12839,43.00087,1003.09003,51214
20260430-235226,-OrWRZ9eexCyGZSGGGlm,2026-05-01 02:50:55+00:00,1777603855000,10707,25.12808,43.00672,1003.09003,51183
20260430-235226,-OrWRaaQgWlcqbdT3oZC,2026-05-01 02:51:05+00:00,1777603865000,10717,25.12808,42.97137,1003.09003,51183
20260430-235226,-OrWRd1uxxmuylL8jknW,2026-05-01 02:51:15+00:00,1777603875000,10727,25.12839,42.96552,1003.09003,50965
20260430-235226,-OrWRfUVLXeW52gFClvo,2026-05-01 02:51:25+00:00,1777603885000,10737,25.12903,42.94203,1003.08002,50595
20260430-235226,-OrWRhvZ2jY20W3Q8WQ9,2026-05-01 02:51:35+00:00,1777603895000,10747,25.12998,42.94213,1003.09003,50261
20260430-235226,-OrWRkMwKyTBt8es9fEn,2026-05-01 02:51:45+00:00,1777603905000,10757,25.13093,42.96581,1003.09003,50322
20260430-235226,-OrWRmoQBK-o1taJmW37,2026-05-01 02:51:55+00:00,1777603915000,10767,25.13093,42.95992,1003.09998,50171
20260430-235226,-OrWRpj0kmZWkE3qEaUo,2026-05-01 02:52:05+00:00,1777603925000,10777,25.13061,42.95988,1003.09998,50171
20260430-235226,-OrWRrgHUITAy4WpoGV9,2026-05-01 02:52:15+00:00,1777603935000,10787,25.13061,42.95988,1003.09998,50322
20260430-235226,-OrWRuAfI1Zxod9PC-Sc,2026-05-01 02:52:25+00:00,1777603945000,10797,25.13188,42.95413,1003.09998,50412
20260430-235226,-OrWRw_6jIN7ExmDEjyk,2026-05-01 02:52:34+00:00,1777603954000,10807,25.13188,42.96002,1003.09003,50261
20260430-235226,-OrWRz0KAqc5r7FqQAkY,2026-05-01 02:52:44+00:00,1777603964000,10817,25.13124,42.96584,1003.09003,50382
20260430-235226,-OrWS0TjJbobqn186W2-,2026-05-01 02:52:54+00:00,1777603974000,10827,25.13156,42.96587,1003.09003,50504
20260430-235226,-OrWS2veB0Zrc1pCA_5H,2026-05-01 02:53:04+00:00,1777603984000,10837,25.13283,42.96012,1003.09003,50748
20260430-235226,-OrWS5LoOQCvd2mYtWhe,2026-05-01 02:53:14+00:00,1777603994000,10847,25.13315,42.95428,1003.09998,50965
20260430-235226,-OrWS7m-F6D4lroQcHji,2026-05-01 02:53:24+00:00,1777604004000,10857,25.1341,42.93672,1003.09998,51183
20260430-235226,-OrWSADjAPFdbQM7Xh6n,2026-05-01 02:53:34+00:00,1777604014000,10867,25.13346,42.93664,1003.09998,51183
20260430-235226,-OrWSCflgvAiUbOHI_I1,2026-05-01 02:53:44+00:00,1777604024000,10877,25.1341,42.93083,1003.09998,51308
20260430-235226,-OrWSF5Wqyfs8A6j5QAY,2026-05-01 02:53:54+00:00,1777604034000,10887,25.13378,42.919,1003.09998,51434
20260430-235226,-OrWSHX_J-HmdRJThajh,2026-05-01 02:54:04+00:00,1777604044000,10897,25.1341,42.91905,1003.10999,51434
20260430-235226,-OrWSJzcIO1GRpmstH-r,2026-05-01 02:54:14+00:00,1777604054000,10907,25.13378,42.93078,1003.10999,51340
20260430-235226,-OrWSMQxHw5OL1fWieFW,2026-05-01 02:54:24+00:00,1777604064000,10917,25.13378,42.90134,1003.09998,51183
20260430-235226,-OrWSOsWFOOVqZN1ypDl,2026-05-01 02:54:34+00:00,1777604074000,10927,25.13441,42.91319,1003.10999,50934
20260430-235226,-OrWSRItih95XSAYFtoR,2026-05-01 02:54:44+00:00,1777604084000,10937,25.13536,42.89563,1003.10999,50903
20260430-235226,-OrWSTjuD7tuWRpPH74M,2026-05-01 02:54:54+00:00,1777604094000,10947,25.136,42.90159,1003.10999,50872
20260430-235226,-OrWSWBJaZkroG8ORI5t,2026-05-01 02:55:04+00:00,1777604104000,10957,25.13632,42.88985,1003.09998,50965
20260430-235226,-OrWSZK4qhXlyFvq6h7E,2026-05-01 02:55:14+00:00,1777604114000,10967,25.13727,42.89585,1003.10999,50903
20260430-235226,-OrWSa42-uUVWYc_ATXA,2026-05-01 02:55:24+00:00,1777604124000,10977,25.13853,42.88421,1003.10999,50903
20260430-235226,-OrWScWW3rdI-Soke20W,2026-05-01 02:55:34+00:00,1777604134000,10987,25.13885,42.89014,1003.09998,51058
20260430-235226,-OrWSeyHXnI5oENRkSRo,2026-05-01 02:55:44+00:00,1777604144000,10997,25.1398,42.8667,1003.10999,51027
20260430-235226,-OrWShOesl2m_LWizrRS,2026-05-01 02:55:54+00:00,1777604154000,11007,25.1398,42.85492,1003.10999,51151
20260430-235226,-OrWSjpkafJgLPGc8v0t,2026-05-01 02:56:04+00:00,1777604164000,11017,25.14012,42.85495,1003.10999,50965
20260430-235226,-OrWSmGw5K_T0OYvs-zN,2026-05-01 02:56:14+00:00,1777604174000,11027,25.14012,42.86084,1003.10999,50748
20260430-235226,-OrWSoivjvSK3LoUoCCq,2026-05-01 02:56:24+00:00,1777604184000,11037,25.14107,42.86684,1003.09998,50748
20260430-235226,-OrWSr9omh75lnbP1c8O,2026-05-01 02:56:34+00:00,1777604194000,11047,25.14107,42.86684,1003.10999,50810
20260430-235226,-OrWStbOBAMkQcjQ6DPs,2026-05-01 02:56:44+00:00,1777604204000,11057,25.14265,42.87291,1003.10999,50903
20260430-235226,-OrWSw2Vekmw6OL8CEyx,2026-05-01 02:56:54+00:00,1777604214000,11067,25.14329,42.8612,1003.12,50626
20260430-235226,-OrWSyU_D3dPo_f-MnXF,2026-05-01 02:57:04+00:00,1777604224000,11077,25.14329,42.8612,1003.12,50595
20260430-235226,-OrWT-vu2FB3SmshPWwS,2026-05-01 02:57:14+00:00,1777604234000,11087,25.14329,42.84354,1003.12,50141
20260430-235226,-OrWT2NlVMo87MhSruQ8,2026-05-01 02:57:24+00:00,1777604244000,11097,25.14361,42.84358,1003.13,50051
20260430-235226,-OrWT4o9kUkYCo2uvZnQ,2026-05-01 02:57:34+00:00,1777604254000,11107,25.14361,42.83181,1003.12,49932
20260430-235226,-OrWT7FLAJZMCmROFl7X,2026-05-01 02:57:44+00:00,1777604264000,11117,25.14361,42.83769,1003.12,49724
20260430-235226,-OrWT9gl94APK_tJtcoD,2026-05-01 02:57:54+00:00,1777604274000,11127,25.14329,42.84354,1003.13,49724
20260430-235226,-OrWTC8OBIrBmbTIxFkH,2026-05-01 02:58:04+00:00,1777604284000,11137,25.14297,42.83174,1003.13,49783
20260430-235226,-OrWTE_5hzEXaiYMCaiv,2026-05-01 02:58:14+00:00,1777604294000,11147,25.14265,42.83759,1003.14001,50021
20260430-235226,-OrWTH9v8VdUCh32NP2d,2026-05-01 02:58:24+00:00,1777604304000,11157,25.14361,42.84358,1003.13,50201
20260430-235226,-OrWTJT1lApWZPL4fl9H,2026-05-01 02:58:34+00:00,1777604314000,11167,25.14424,42.84365,1003.14001,50443
20260430-235226,-OrWTLuSSULarUqMRy9U,2026-05-01 02:58:44+00:00,1777604324000,11177,25.14456,42.84369,1003.14001,50687
20260430-235226,-OrWTOLs7km25Ln38n93,2026-05-01 02:58:54+00:00,1777604334000,11187,25.14424,42.826,1003.13,50872
20260430-235226,-OrWTQnLIeWK40R78UKV,2026-05-01 02:59:04+00:00,1777604344000,11197,25.14519,42.84377,1003.13,50934
20260430-235226,-OrWTTFUqvftyvIci3_D,2026-05-01 02:59:14+00:00,1777604354000,11207,25.14487,42.82018,1003.14001,51308
20260430-235226,-OrWTVen2B7aHMXG0Ago,2026-05-01 02:59:24+00:00,1777604364000,11217,25.14551,42.80848,1003.14001,51151
20260430-235226,-OrWTY5sNh1YxvIW8Q45,2026-05-01 02:59:34+00:00,1777604374000,11227,25.14582,42.80263,1003.14001,51058
20260430-235226,-OrWT_YY3k-HzLFn1Y_G,2026-05-01 02:59:44+00:00,1777604384000,11237,25.14582,42.79086,1003.13,50810
20260430-235226,-OrWTc0akPN_vy7FTCsP,2026-05-01 02:59:54+00:00,1777604394000,11247,25.14582,42.80263,1003.13,50534
20260430-235226,-OrWTeQkJVJXy7PVwaTA,2026-05-01 03:00:04+00:00,1777604404000,11257,25.14582,42.80852,1003.14001,50412
20260430-235226,-OrWTgsBP5oZZO4VKmwB,2026-05-01 03:00:14+00:00,1777604414000,11267,25.14582,42.80852,1003.13,50595
20260430-235226,-OrWTjJW9cOLhqKvV-Rx,2026-05-01 03:00:24+00:00,1777604424000,11277,25.14678,42.8204,1003.13,50595
20260430-235226,-OrWTlkV_mcdV4rQ-QwT,2026-05-01 03:00:34+00:00,1777604434000,11287,25.14741,42.81458,1003.13,50656
20260430-235226,-OrWToCTmFXCRUOKt56G,2026-05-01 03:00:44+00:00,1777604444000,11297,25.14899,42.79711,1003.13,50718
20260430-235226,-OrWTqctSdKgXHT9kbbl,2026-05-01 03:00:54+00:00,1777604454000,11307,25.14931,42.79125,1003.13,50841
20260430-235226,-OrWTt5DT0l2z3tVZhwU,2026-05-01 03:01:04+00:00,1777604464000,11317,25.14931,42.79714,1003.13,51027
20260430-235226,-OrWTvWc3nTxIcFQnIea,2026-05-01 03:01:14+00:00,1777604474000,11327,25.14994,42.79721,1003.13,51058
20260430-235226,-OrWTxzK1LyP6zvrwt8x,2026-05-01 03:01:24+00:00,1777604484000,11337,25.14963,42.80894,1003.13,51151
20260430-235226,-OrWU08sf7ZaMurgZz-P,2026-05-01 03:01:34+00:00,1777604494000,11347,25.15058,42.80317,1003.12,51308
20260430-235226,-OrWU1qej86b-AiLdXQa,2026-05-01 03:01:44+00:00,1777604504000,11357,25.15058,42.77962,1003.12,51497
20260430-235226,-OrWU4HRwvDPtXwBzIF1,2026-05-01 03:01:54+00:00,1777604514000,11367,25.15026,42.79725,1003.12,51403
20260430-235226,-OrWU6iu3YkbFfRN8MG3,2026-05-01 03:02:04+00:00,1777604524000,11377,25.15026,42.77372,1003.12,51593
20260430-235226,-OrWU9AlCJaiJpl-KYYz,2026-05-01 03:02:14+00:00,1777604534000,11387,25.15153,42.76797,1003.10999,51529
20260430-235226,-OrWUBbHVYh3E1-Pntpc,2026-05-01 03:02:24+00:00,1777604544000,11397,25.15153,42.76209,1003.12,51245
20260430-235226,-OrWUE2ZuyJyco4Ne3Yx,2026-05-01 03:02:34+00:00,1777604554000,11407,25.15248,42.7622,1003.10999,51089
20260430-235226,-OrWUGVJgsiiKAU9LJRd,2026-05-01 03:02:44+00:00,1777604564000,11417,25.15311,42.75639,1003.10999,50965
20260430-235226,-OrWUIwb7aYGRa0jJ3NA,2026-05-01 03:02:54+00:00,1777604574000,11427,25.15375,42.74469,1003.09998,50748
20260430-235226,-OrWULP175PZblqkDwLZ,2026-05-01 03:03:04+00:00,1777604584000,11437,25.1547,42.74479,1003.09998,50626
20260430-235226,-OrWUNp7__1Xbu2KafiV,2026-05-01 03:03:14+00:00,1777604594000,11447,25.1547,42.75068,1003.10999,50382
20260430-235226,-OrWUQGEjXde3qCtDa-q,2026-05-01 03:03:24+00:00,1777604604000,11457,25.15628,42.73909,1003.10999,50382
20260430-235226,-OrWUShKeW1pGuBXpFz4,2026-05-01 03:03:34+00:00,1777604614000,11467,25.1566,42.73913,1003.12,50322
20260430-235226,-OrWUVA-znG6gq0PHUpO,2026-05-01 03:03:44+00:00,1777604624000,11477,25.15755,42.73923,1003.12,50291
20260430-235226,-OrWU_4KbXuLMmzl8Xvb,2026-05-01 03:03:55+00:00,1777604635000,11488,25.15755,42.74512,1003.12,50171
20260430-235226,-OrWU_Ca4kQ7wJiH3bep,2026-05-01 03:04:05+00:00,1777604645000,11498,25.1585,42.74523,1003.12,50291
20260430-235226,-OrWUbe4kE2ciPFbRVa6,2026-05-01 03:04:15+00:00,1777604655000,11508,25.15818,42.73343,1003.12,50565
20260430-235226,-OrWUe4cYoPlBc8EJ3x8,2026-05-01 03:04:25+00:00,1777604665000,11518,25.15882,42.72173,1003.10999,50718
20260430-235226,-OrWUgq8-Gd6cJ5qDKwS,2026-05-01 03:04:35+00:00,1777604675000,11528,25.15945,42.72181,1003.10999,50965
20260430-235226,-OrWUiyPHldCSgnol7VE,2026-05-01 03:04:45+00:00,1777604685000,11538,25.15977,42.71595,1003.10999,51089
20260430-235226,-OrWUlPXtOPkxZbBO2XR,2026-05-01 03:04:55+00:00,1777604695000,11548,25.16009,42.71011,1003.12,51183
20260430-235226,-OrWUnqemwibnO_SMrNw,2026-05-01 03:05:05+00:00,1777604705000,11558,25.16009,42.69247,1003.10999,51308
20260430-235226,-OrWUqI72kBTGIDPJUXc,2026-05-01 03:05:15+00:00,1777604715000,11568,25.16167,42.69265,1003.12,51593
20260430-235226,-OrWUskhV391Mzv_ZU9j,2026-05-01 03:05:25+00:00,1777604725000,11578,25.16231,42.69272,1003.13,51656
20260430-235226,-OrWUvAJaVf3UNZD_2D7,2026-05-01 03:05:35+00:00,1777604735000,11588,25.16294,42.69279,1003.13,51593
20260430-235226,-OrWUxbJM-QK8nh0I1li,2026-05-01 03:05:45+00:00,1777604745000,11598,25.16357,42.67522,1003.13,51277
20260430-235226,-OrWV-32jCQieNYc6NmW,2026-05-01 03:05:55+00:00,1777604755000,11608,25.16326,42.68106,1003.12,51183
20260430-235226,-OrWV1Uvc3TObOnLiau1,2026-05-01 03:06:05+00:00,1777604765000,11618,25.16389,42.68702,1003.12,50779
20260430-235226,-OrWV3wgUML-G0mxqEQA,2026-05-01 03:06:15+00:00,1777604775000,11628,25.16452,42.67533,1003.12,50779
20260430-235226,-OrWV6NMTmOrW8ta07Eu,2026-05-01 03:06:25+00:00,1777604785000,11638,25.16516,42.68128,1003.12,50779
20260430-235226,-OrWV8pzKiAnuahH5pg4,2026-05-01 03:06:35+00:00,1777604795000,11648,25.16548,42.68131,1003.13,50810
20260430-235226,-OrWVBGXVgeK0Tqeo_6w,2026-05-01 03:06:45+00:00,1777604805000,11658,25.16579,42.66959,1003.13,50504
20260430-235226,-OrWVDgzbRHpBo8uFV3n,2026-05-01 03:06:55+00:00,1777604815000,11668,25.16579,42.68135,1003.14001,50748
20260430-235226,-OrWVG8gkPic9b_2oRot,2026-05-01 03:07:05+00:00,1777604825000,11678,25.16643,42.66965,1003.13,50687
20260430-235226,-OrWVIaxg3cY4GKFnEgv,2026-05-01 03:07:15+00:00,1777604835000,11688,25.16738,42.66977,1003.14001,50626
20260430-235226,-OrWVL1hh-NoInxNGDZ1,2026-05-01 03:07:25+00:00,1777604845000,11698,25.16769,42.65216,1003.14001,50565
20260430-235226,-OrWVNTHe8WVH8Uj9CFU,2026-05-01 03:07:35+00:00,1777604855000,11708,25.16833,42.64635,1003.14001,50565
20260430-235226,-OrWVQcJSxdVtfM44LGR,2026-05-01 03:07:45+00:00,1777604865000,11718,25.16864,42.64639,1003.15002,50504
20260430-235226,-OrWVSMBLZ2ERQT9BS7p,2026-05-01 03:07:55+00:00,1777604875000,11728,25.16833,42.63459,1003.14001,50443
20260430-235226,-OrWVUnlVEt_XHxUNnF1,2026-05-01 03:08:05+00:00,1777604885000,11738,25.1696,42.64062,1003.14001,50322
20260430-235226,-OrWVXE_uPoiR-NZRKpC,2026-05-01 03:08:15+00:00,1777604895000,11748,25.17055,42.62309,1003.15002,50231
20260430-235226,-OrWVZfmWIFwJpEDxYuq,2026-05-01 03:08:25+00:00,1777604905000,11758,25.17023,42.64068,1003.14001,50322
20260430-235226,-OrWVb6uBpHb9-lvIHXF,2026-05-01 03:08:35+00:00,1777604915000,11768,25.17086,42.63488,1003.14001,50201
20260430-235226,-OrWVdZ7weM9-EvLjuyS,2026-05-01 03:08:45+00:00,1777604925000,11778,25.17181,42.61147,1003.14001,50231
20260430-235226,-OrWVg-XZph1zR4J9QlZ,2026-05-01 03:08:55+00:00,1777604935000,11788,25.17213,42.63503,1003.13,50201
20260430-235226,-OrWViRVRvpD5wV9ff3R,2026-05-01 03:09:05+00:00,1777604945000,11798,25.17245,42.63506,1003.13,50382
20260430-235226,-OrWVksqgqvcpYiA-EtL,2026-05-01 03:09:15+00:00,1777604955000,11808,25.17276,42.62334,1003.14001,50534
20260430-235226,-OrWVnKJ6L2wN8T4c3dg,2026-05-01 03:09:25+00:00,1777604965000,11818,25.1734,42.61166,1003.14001,50687
20260430-235226,-OrWVplMbPsaKB1UPpib,2026-05-01 03:09:35+00:00,1777604975000,11828,25.17372,42.61757,1003.14001,50810
20260430-235226,-OrWVsCUiNnqBck8bizB,2026-05-01 03:09:45+00:00,1777604985000,11838,25.17435,42.60001,1003.14001,50748
20260430-235226,-OrWVue8QfbKYd381BCo,2026-05-01 03:09:55+00:00,1777604995000,11848,25.1753,42.60598,1003.14001,50565
20260430-235226,-OrWVx4mYGRCCNWMyRL0,2026-05-01 03:10:05+00:00,1777605005000,11858,25.17562,42.59426,1003.14001,50412
20260430-235226,-OrWVzXUA_5f49NKqzvL,2026-05-01 03:10:15+00:00,1777605015000,11868,25.17593,42.59431,1003.14001,50352
20260430-235226,-OrWW0y_WeW4yvKakRDx,2026-05-01 03:10:25+00:00,1777605025000,11878,25.17688,42.60029,1003.14001,50261
20260430-235226,-OrWW3R51jwT7Ns5tWoT,2026-05-01 03:10:35+00:00,1777605035000,11888,25.17657,42.5885,1003.15002,50201
20260430-235226,-OrWW5qwdWuJu0xLGZ1G,2026-05-01 03:10:45+00:00,1777605045000,11898,25.17657,42.58262,1003.15002,50412
20260430-235226,-OrWW8WflqnzvP44eo31,2026-05-01 03:10:55+00:00,1777605055000,11908,25.17815,42.57104,1003.15002,50504
20260430-235226,-OrWWAjkbTUFz0jNOdSK,2026-05-01 03:11:05+00:00,1777605065000,11918,25.1791,42.58291,1003.15002,50565
20260430-235226,-OrWWDB5a9aFgf_iWLNU,2026-05-01 03:11:15+00:00,1777605075000,11928,25.17974,42.56534,1003.15997,50412
20260430-235226,-OrWWFcXjPW478neHuB9,2026-05-01 03:11:25+00:00,1777605085000,11938,25.18037,42.56541,1003.15002,50231
20260430-235226,-OrWWI37qUrzO2OcOK0W,2026-05-01 03:11:35+00:00,1777605095000,11948,25.18006,42.5595,1003.14001,50201
20260430-235226,-OrWWKVcAETrfko6iR-y,2026-05-01 03:11:45+00:00,1777605105000,11958,25.18006,42.5595,1003.14001,50322
20260430-235226,-OrWWMwwF3hJIeDkCYm_,2026-05-01 03:11:55+00:00,1777605115000,11968,25.18196,42.55384,1003.14001,50291
20260430-235226,-OrWWPODM_9Ynam6767f,2026-05-01 03:12:05+00:00,1777605125000,11978,25.18196,42.55972,1003.14001,50443
20260430-235226,-OrWWRpLWSW-7f7bMc8x,2026-05-01 03:12:15+00:00,1777605135000,11988,25.18259,42.55391,1003.14001,50810
20260430-235226,-OrWWUGlbVRqiScamqGg,2026-05-01 03:12:25+00:00,1777605145000,11998,25.18386,42.55993,1003.15002,50903
20260430-235226,-OrWWWhtWgO3FEIqURQC,2026-05-01 03:12:35+00:00,1777605155000,12008,25.18418,42.55409,1003.15002,51027
20260430-235226,-OrWWZ9YWfYugZxCeq-X,2026-05-01 03:12:45+00:00,1777605165000,12018,25.18418,42.53646,1003.14001,50872
20260430-235226,-OrWWaaMOFH4SKYb0x9s,2026-05-01 03:12:55+00:00,1777605175000,12028,25.18418,42.53059,1003.14001,51027
20260430-235226,-OrWWd1ni3C0bbiaVbgG,2026-05-01 03:13:05+00:00,1777605185000,12038,25.18418,42.51884,1003.14001,50965
20260430-235226,-OrWWfTu_ueNGYo_8wKI,2026-05-01 03:13:15+00:00,1777605195000,12048,25.18513,42.51306,1003.14001,50934
20260430-235226,-OrWWhvRqtV7TznF65b9,2026-05-01 03:13:25+00:00,1777605205000,12058,25.18576,42.51315,1003.14001,50656
20260430-235226,-OrWWkN8t6FP5yinhr6J,2026-05-01 03:13:35+00:00,1777605215000,12068,25.18639,42.51321,1003.14001,50872
20260430-235226,-OrWWmo7gorixXei3e2V,2026-05-01 03:13:45+00:00,1777605225000,12078,25.18734,42.51331,1003.14001,50626
20260430-235226,-OrWWpEZsRjrc33gBWE6,2026-05-01 03:13:55+00:00,1777605235000,12088,25.18798,42.51926,1003.14001,50965
20260430-235226,-OrWWruiLaMb8Xbf42SZ,2026-05-01 03:14:05+00:00,1777605245000,12098,25.18925,42.50766,1003.14001,50903
20260430-235226,-OrWWu7R33l72po2_7-e,2026-05-01 03:14:15+00:00,1777605255000,12108,25.18925,42.50179,1003.13,51151
20260430-235226,-OrWWwZZ5C1azcNPqko5,2026-05-01 03:14:25+00:00,1777605265000,12118,25.18893,42.49587,1003.13,51308
20260430-235226,-OrWWz-_MWkFou-Y58Ka,2026-05-01 03:14:35+00:00,1777605275000,12128,25.18956,42.49594,1003.13,51183
20260430-235226,-OrWX0RkkrMdUBrko6xj,2026-05-01 03:14:45+00:00,1777605285000,12138,25.1902,42.48426,1003.13,51403
20260430-235226,-OrWX2t0VeELIkFY1h9s,2026-05-01 03:14:55+00:00,1777605295000,12148,25.19115,42.48437,1003.13,51371
20260430-235226,-OrWX5KIB7RfVp6VMrm2,2026-05-01 03:15:05+00:00,1777605305000,12158,25.19146,42.49028,1003.13,51497
20260430-235226,-OrWX7mgfGqT9cZYgoFS,2026-05-01 03:15:15+00:00,1777605315000,12168,25.19146,42.48441,1003.14001,51561
20260430-235226,-OrWXACxDoy1oHP54NnE,2026-05-01 03:15:25+00:00,1777605325000,12178,25.19115,42.4785,1003.14001,51497
20260430-235226,-OrWXCe_inVdLS1o-_6h,2026-05-01 03:15:35+00:00,1777605335000,12188,25.19083,42.46084,1003.14001,51058
20260430-235226,-OrWXF5RkVCOs2itwBXu,2026-05-01 03:15:45+00:00,1777605345000,12198,25.19051,42.47255,1003.13,50687
20260430-235226,-OrWXHXewiudWyMLy_Gi,2026-05-01 03:15:55+00:00,1777605355000,12208,25.19146,42.47266,1003.13,50534
20260430-235226,-OrWXJz71GPrHJCNnKk0,2026-05-01 03:16:05+00:00,1777605365000,12218,25.19273,42.46693,1003.13,50565
20260430-235226,-OrWXMQvF_XQVRSXhPtD,2026-05-01 03:16:15+00:00,1777605375000,12228,25.19337,42.46112,1003.13,50626
20260430-235226,-OrWXOri81B6klHSyzTV,2026-05-01 03:16:25+00:00,1777605385000,12238,25.19337,42.45525,1003.14001,50779
20260430-235226,-OrWXRJBkBrq8MmnFwSZ,2026-05-01 03:16:35+00:00,1777605395000,12248,25.19273,42.46106,1003.13,50872
20260430-235226,-OrWXTkf9hwLpCJ_L5-x,2026-05-01 03:16:45+00:00,1777605405000,12258,25.19305,42.44935,1003.13,50595
20260430-235226,-OrWXWU8Ugh1U-TNRQ6l,2026-05-01 03:16:55+00:00,1777605415000,12269,25.19337,42.43763,1003.13,50201
20260430-235226,-OrWXZAprqpjUYCFtwn9,2026-05-01 03:17:05+00:00,1777605425000,12279,25.19337,42.44938,1003.13,50141
20260430-235226,-OrWXa9Y5xsY3v1PMH38,2026-05-01 03:17:15+00:00,1777605435000,12289,25.19463,42.44952,1003.14001,50141
20260430-235226,-OrWXcbNzd92Yp_eaAin,2026-05-01 03:17:25+00:00,1777605445000,12299,25.19432,42.44362,1003.13,50171
20260430-235226,-OrWXf22lXruj9OCANui,2026-05-01 03:17:35+00:00,1777605455000,12309,25.19495,42.42607,1003.15002,50352
20260430-235226,-OrWXhUEEjHXNXnUqm_f,2026-05-01 03:17:45+00:00,1777605465000,12319,25.19622,42.42034,1003.15002,50382
20260430-235226,-OrWXjwepeStmxaWHu-O,2026-05-01 03:17:55+00:00,1777605475000,12329,25.19654,42.42624,1003.15002,50352
20260430-235226,-OrWXmMUg2clN6diQYGf,2026-05-01 03:18:05+00:00,1777605485000,12339,25.19717,42.40871,1003.14001,50382
20260430-235226,-OrWXonnRawV-Jas2H99,2026-05-01 03:18:15+00:00,1777605495000,12349,25.19844,42.40884,1003.14001,50656
20260430-235226,-OrWXrF-Nu3kiWltTwGX,2026-05-01 03:18:25+00:00,1777605505000,12359,25.19971,42.39137,1003.14001,50903
20260430-235226,-OrWXtgaNiEv0VKXLG0F,2026-05-01 03:18:35+00:00,1777605515000,12369,25.20066,42.3856,1003.14001,51245
20260430-235226,-OrWXw7dmNiLTvSnB8Ih,2026-05-01 03:18:45+00:00,1777605525000,12379,25.20129,42.37394,1003.14001,51340
20260430-235226,-OrWXy_TWym3YmDgJfcL,2026-05-01 03:18:55+00:00,1777605535000,12389,25.20224,42.37992,1003.14001,51403
20260430-235226,-OrWY00L2EMMh9A-GThH,2026-05-01 03:19:05+00:00,1777605545000,12399,25.20256,42.37408,1003.13,51529
20260430-235226,-OrWY3Xw_nCe-Zs-OIXp,2026-05-01 03:19:15+00:00,1777605555000,12409,25.20319,42.36241,1003.14001,51752
20260430-235226,-OrWY4tkM9FJVoGYDTG1,2026-05-01 03:19:25+00:00,1777605565000,12419,25.20319,42.36828,1003.14001,51371
20260430-235226,-OrWY7PgGHWIntMwlqyM,2026-05-01 03:19:35+00:00,1777605575000,12429,25.20382,42.35661,1003.15002,51466
20260430-235226,-OrWY9ma2BTb_o7seDuL,2026-05-01 03:19:45+00:00,1777605585000,12439,25.20382,42.35074,1003.15002,51497
20260430-235226,-OrWYCE4yfw931OTlr0n,2026-05-01 03:19:55+00:00,1777605595000,12449,25.20414,42.33904,1003.15002,51403
20260430-235226,-OrWYEeqaAWRPziN7J2u,2026-05-01 03:20:05+00:00,1777605605000,12459,25.20446,42.35668,1003.14001,51593
20260430-235226,-OrWYHYplNhb1m22QP88,2026-05-01 03:20:15+00:00,1777605615000,12469,25.20446,42.36255,1003.14001,51466
20260430-235226,-OrWYJYLQGWdFQqneUGh,2026-05-01 03:20:25+00:00,1777605625000,12479,25.20509,42.35088,1003.14001,51183
20260430-235226,-OrWYM1MDfePhRvPIJRO,2026-05-01 03:20:35+00:00,1777605635000,12489,25.20604,42.33338,1003.14001,50996
20260430-235226,-OrWYOSSyz0DWyn_cgpz,2026-05-01 03:20:45+00:00,1777605645000,12499,25.20636,42.33929,1003.14001,50872
20260430-235226,-OrWYQrrB9-b-6g2iNkz,2026-05-01 03:20:55+00:00,1777605655000,12509,25.20636,42.32756,1003.14001,50810
20260430-235226,-OrWYTJT1X_zstCvP_TT,2026-05-01 03:21:05+00:00,1777605665000,12519,25.20668,42.33345,1003.14001,50718
20260430-235226,-OrWYVkZQ_fCLltbkObS,2026-05-01 03:21:15+00:00,1777605675000,12529,25.20763,42.32183,1003.15002,50934
20260430-235226,-OrWYYC2d6rvoO1IJLwc,2026-05-01 03:21:25+00:00,1777605685000,12539,25.2089,42.32197,1003.15002,50996
20260430-235226,-OrWY_dLhxCWe9GPAisi,2026-05-01 03:21:35+00:00,1777605695000,12549,25.20921,42.31613,1003.14001,51089
20260430-235226,-OrWYc4SpuuNW2i69eYu,2026-05-01 03:21:45+00:00,1777605705000,12559,25.20985,42.31621,1003.14001,51245
20260430-235226,-OrWYeW6vUxdGXfmDDym,2026-05-01 03:21:55+00:00,1777605715000,12569,25.21048,42.31041,1003.14001,51277
20260430-235226,-OrWYgyFrzJNmUoJQj-0,2026-05-01 03:22:05+00:00,1777605725000,12579,25.21048,42.30453,1003.14001,51403
20260430-235226,-OrWYjPdGtAh_zqXfOD2,2026-05-01 03:22:15+00:00,1777605735000,12589,25.21016,42.3045,1003.14001,51561
20260430-235226,-OrWYlqFV25s25XicrX-,2026-05-01 03:22:25+00:00,1777605745000,12599,25.21143,42.29878,1003.15002,51656
20260430-235226,-OrWYoHHBAxwNU0YJNT-,2026-05-01 03:22:35+00:00,1777605755000,12609,25.21143,42.28704,1003.15002,51403
20260430-235226,-OrWYqj-k0e0NrHjvDEi,2026-05-01 03:22:45+00:00,1777605765000,12619,25.21207,42.28125,1003.15002,51183
20260430-235226,-OrWYtCT3ccaFnT64hLu,2026-05-01 03:22:55+00:00,1777605775000,12629,25.21207,42.29298,1003.14001,51027
20260430-235226,-OrWYvbEbNjPptar6YFL,2026-05-01 03:23:05+00:00,1777605785000,12639,25.21207,42.28125,1003.13,50934
20260430-235226,-OrWYy2uPftYVF-o3G5W,2026-05-01 03:23:15+00:00,1777605795000,12649,25.21175,42.28708,1003.13,50779
20260430-235226,-OrWZ-uzrddX-y81Rex6,2026-05-01 03:23:25+00:00,1777605805000,12659,25.21333,42.27552,1003.13,50565
20260430-235226,-OrWZ1w6NvUVneDJG-nz,2026-05-01 03:23:35+00:00,1777605815000,12669,25.21428,42.26976,1003.13,50687
20260430-235226,-OrWZ4NRf9hGJTWxdu7X,2026-05-01 03:23:45+00:00,1777605825000,12679,25.21524,42.26987,1003.14001,50996
20260430-235226,-OrWZ6q7Jk3K2XmmFxLe,2026-05-01 03:23:55+00:00,1777605835000,12689,25.21587,42.26407,1003.15002,50996
20260430-235226,-OrWZ9FzHaUFT6K7nBpR,2026-05-01 03:24:05+00:00,1777605845000,12699,25.21524,42.264,1003.15002,50934
20260430-235226,-OrWZBghXxBdRKmDwQ9e,2026-05-01 03:24:15+00:00,1777605855000,12709,25.21555,42.24057,1003.15002,50934
20260430-235226,-OrWZE8LsB6gxMUZoTaK,2026-05-01 03:24:25+00:00,1777605865000,12719,25.21524,42.2464,1003.15002,50965
20260430-235226,-OrWZG_JJpZB8FwpyxxP,2026-05-01 03:24:35+00:00,1777605875000,12729,25.21587,42.24061,1003.15002,50872
20260430-235226,-OrWZJ3NrsfEspMb1-bX,2026-05-01 03:24:45+00:00,1777605885000,12739,25.21619,42.23478,1003.15002,50656
20260430-235226,-OrWZLSzvol9UD1ZLJmw,2026-05-01 03:24:55+00:00,1777605895000,12749,25.2165,42.21722,1003.15002,50534
20260430-235226,-OrWZNufKjVyt5t_r-1E,2026-05-01 03:25:05+00:00,1777605905000,12759,25.21714,42.21729,1003.15002,50565
20260430-235226,-OrWZQLIALj7OVdon200,2026-05-01 03:25:15+00:00,1777605915000,12769,25.21682,42.21725,1003.15002,50626
20260430-235226,-OrWZSmdb_dC28GpN9ON,2026-05-01 03:25:25+00:00,1777605925000,12779,25.21745,42.21146,1003.15002,50565
20260430-235226,-OrWZVE7GSJTUyCSX81M,2026-05-01 03:25:35+00:00,1777605935000,12789,25.21682,42.21139,1003.14001,50903
20260430-235226,-OrWZXf1FUooBL0i0-0R,2026-05-01 03:25:45+00:00,1777605945000,12799,25.21809,42.21153,1003.14001,51120
20260430-235226,-OrWZ_70VQBEuLDnEsOb,2026-05-01 03:25:55+00:00,1777605955000,12809,25.21872,42.21746,1003.14001,51245
20260430-235226,-OrWZbYXpVvVi1znIXQL,2026-05-01 03:26:05+00:00,1777605965000,12819,25.21777,42.21149,1003.14001,51434
20260430-235226,-OrWZdzttQU1Blsmv-9J,2026-05-01 03:26:15+00:00,1777605975000,12829,25.2184,42.19397,1003.14001,51497
20260430-235226,-OrWZgRhyRK8_qehbaz6,2026-05-01 03:26:25+00:00,1777605985000,12839,25.21809,42.18807,1003.14001,51593
20260430-235226,-OrWZjViFM9MqRqoCgEm,2026-05-01 03:26:35+00:00,1777605995000,12849,25.21745,42.20559,1003.14001,51497
20260430-235226,-OrWZlJdiu3sZ2Mzeydi,2026-05-01 03:26:45+00:00,1777606005000,12859,25.21809,42.18807,1003.14001,51058
20260430-235226,-OrWZnks4fGkIYKCa2Lf,2026-05-01 03:26:55+00:00,1777606015000,12869,25.21872,42.20573,1003.14001,51151
20260430-235226,-OrWZqCZ-Ei0NvVIyxxv,2026-05-01 03:27:05+00:00,1777606025000,12879,25.21872,42.18814,1003.15002,51058
20260430-235226,-OrWZsdDSS3DwqqNKRXW,2026-05-01 03:27:15+00:00,1777606035000,12889,25.21904,42.18818,1003.14001,50779
20260430-235226,-OrWZv5AXptxSKE02MFI,2026-05-01 03:27:25+00:00,1777606045000,12899,25.21967,42.19997,1003.15002,50810
20260430-235226,-OrWZxWuYCfhvin7Yxvo,2026-05-01 03:27:35+00:00,1777606055000,12909,25.22031,42.18246,1003.14001,50996
20260430-235226,-OrWZzyUq1-ZGhmUiBj4,2026-05-01 03:27:45+00:00,1777606065000,12919,25.22126,42.18256,1003.14001,50903
20260430-235226,-OrW_1PmNPP_jCbz3VsK,2026-05-01 03:27:55+00:00,1777606075000,12929,25.22126,42.17083,1003.13,51214
20260430-235226,-OrW_3tTG_e3BpMmBY5y,2026-05-01 03:28:05+00:00,1777606085000,12939,25.22189,42.17677,1003.14001,51089
20260430-235226,-OrW_6IGtDUz76Q-0LWZ,2026-05-01 03:28:15+00:00,1777606095000,12949,25.22157,42.15328,1003.14001,51183
20260430-235226,-OrW_8j2piSWqTfgzsVn,2026-05-01 03:28:25+00:00,1777606105000,12959,25.22157,42.17086,1003.14001,51308
20260430-235226,-OrW_BE1hU-9HSt9xp1N,2026-05-01 03:28:35+00:00,1777606115000,12969,25.22189,42.16504,1003.14001,51245
20260430-235226,-OrW_DbSiKsso3oy4F_I,2026-05-01 03:28:45+00:00,1777606125000,12979,25.22252,42.15925,1003.13,51151
20260430-235226,-OrW_G4mZ2-dS8svJ7gw,2026-05-01 03:28:55+00:00,1777606135000,12989,25.22284,42.14756,1003.13,51151
20260430-235226,-OrW_IVNiyUXYBov8HZg,2026-05-01 03:29:05+00:00,1777606145000,12999,25.22379,42.16525,1003.13,51308
20260430-235226,-OrW_Kwj1RECmssClTKD,2026-05-01 03:29:15+00:00,1777606155000,13009,25.22443,42.14774,1003.14001,51497
20260430-235226,-OrW_NNntcYi63bNLr94,2026-05-01 03:29:25+00:00,1777606165000,13019,25.22411,42.15356,1003.13,51497
20260430-235226,-OrW_PoiG5PfrbEXiZ4R,2026-05-01 03:29:35+00:00,1777606175000,13029,25.22474,42.13605,1003.14001,51784
20260430-235226,-OrW_TAl7it8dHT7ge45,2026-05-01 03:29:45+00:00,1777606185000,13039,25.22506,42.14194,1003.14001,52106
20260430-235226,-OrW_UhNK7O1BlYp0V2i,2026-05-01 03:29:55+00:00,1777606195000,13049,25.22538,42.14784,1003.13,52106
20260430-235226,-OrW_X9HNK0SEZq1Q9-o,2026-05-01 03:30:05+00:00,1777606205000,13059,25.22601,42.15377,1003.13,52204
20260430-235226,-OrW_Z_nqse58H9LQhgi,2026-05-01 03:30:15+00:00,1777606215000,13069,25.22601,42.14791,1003.14001,52074
20260430-235226,-OrW_b1BEAkG0WmqLtol,2026-05-01 03:30:25+00:00,1777606225000,13079,25.22633,42.15382,1003.14001,52171
20260430-235226,-OrW_dTDUdRDqdcCRMJd,2026-05-01 03:30:35+00:00,1777606235000,13089,25.22664,42.14212,1003.14001,52106
20260430-235226,-OrW_fuoHAskyOKV7kGM,2026-05-01 03:30:45+00:00,1777606245000,13099,25.22633,42.15968,1003.14001,52367
20260430-235226,-OrW_iLjuyO-eW4Qv9qF,2026-05-01 03:30:55+00:00,1777606255000,13109,25.22664,42.13626,1003.14001,52269
20260430-235226,-OrW_kmpLsFznTAr8MQu,2026-05-01 03:31:05+00:00,1777606265000,13119,25.22696,42.1363,1003.14001,52269
20260430-235226,-OrW_nEYdXjqYjKB0vry,2026-05-01 03:31:15+00:00,1777606275000,13129,25.2276,42.14223,1003.15002,52367
20260430-235226,-OrW_pfWBSvF52_T4QH5,2026-05-01 03:31:25+00:00,1777606285000,13139,25.22823,42.14816,1003.14001,52334
20260430-235226,-OrW_s6sO6zAECUbiWD3,2026-05-01 03:31:35+00:00,1777606295000,13149,25.22918,42.13655,1003.15002,52106
20260430-235226,-OrW_uYpFe074Si7EubT,2026-05-01 03:31:45+00:00,1777606305000,13159,25.23045,42.12497,1003.15997,51945
20260430-235226,-OrW_wzwaWqpjIK6cXA7,2026-05-01 03:31:55+00:00,1777606315000,13169,25.23045,42.13083,1003.15997,51561
20260430-235226,-OrW_zRbe68ueHlARcvc,2026-05-01 03:32:05+00:00,1777606325000,13179,25.23077,42.13087,1003.15002,51688
20260430-235226,-OrWa0snMTf5NZ2bVcjR,2026-05-01 03:32:15+00:00,1777606335000,13189,25.2314,42.12506,1003.15002,51624
20260430-235226,-OrWa3L1G2M8PXYh8ZpC,2026-05-01 03:32:25+00:00,1777606345000,13199,25.23077,42.125,1003.15997,51624
20260430-235226,-OrWa5lWsDDZ4XxQ9MV_,2026-05-01 03:32:35+00:00,1777606355000,13209,25.23077,42.13673,1003.15997,51720
20260430-235226,-OrWa8CYHdqq_UjXlqoe,2026-05-01 03:32:45+00:00,1777606365000,13219,25.2314,42.11921,1003.15997,51945
20260430-235226,-OrWaApjWsC4Rcf51At_,2026-05-01 03:32:55+00:00,1777606375000,13229,25.23235,42.11345,1003.15002,51880
20260430-235226,-OrWaD6WmjtmeVAWJsFN,2026-05-01 03:33:05+00:00,1777606385000,13239,25.23235,42.11345,1003.15002,51848
20260430-235226,-OrWaFXVEhoIgTgpzC1N,2026-05-01 03:33:15+00:00,1777606395000,13249,25.23203,42.10756,1003.15002,52074
20260430-235226,-OrWaHych11qslrkqsZB,2026-05-01 03:33:25+00:00,1777606405000,13259,25.23235,42.08414,1003.15002,52074
20260430-235226,-OrWaKPl7f5xwhFWEL9N,2026-05-01 03:33:35+00:00,1777606415000,13269,25.23298,42.07836,1003.15002,52009
20260430-235226,-OrWaMr7bY_h8unb6VGA,2026-05-01 03:33:45+00:00,1777606425000,13279,25.23394,42.09019,1003.15997,51977
20260430-235226,-OrWaPLXogUmXhGlBexp,2026-05-01 03:33:55+00:00,1777606435000,13289,25.23394,42.07846,1003.15002,51880
20260430-235226,-OrWaRjFlN1W1oCA02Ez,2026-05-01 03:34:05+00:00,1777606445000,13299,25.23489,42.07857,1003.15002,51752
20260430-235226,-OrWaUAnPpOoTqIZDTT_,2026-05-01 03:34:15+00:00,1777606455000,13309,25.2352,42.0786,1003.15002,51912
20260430-235226,-OrWaWcupesmuysmc8GZ,2026-05-01 03:34:25+00:00,1777606465000,13319,25.23552,42.07278,1003.15002,52009
20260430-235226,-OrWaZ3GWvxY8PB96Aee,2026-05-01 03:34:35+00:00,1777606475000,13329,25.23552,42.07278,1003.15002,52009
20260430-235226,-OrWaaVe5ul4G9kUEgvR,2026-05-01 03:34:45+00:00,1777606485000,13339,25.23584,42.0611,1003.15002,52171
20260430-235226,-OrWacwmMJe93jlb7TnH,2026-05-01 03:34:55+00:00,1777606495000,13349,25.23647,42.06703,1003.15997,52301
20260430-235226,-OrWafNjsKNFcTgc-ADr,2026-05-01 03:35:05+00:00,1777606505000,13359,25.23647,42.07289,1003.15002,52301
20260430-235226,-OrWahpkOLEBiCxnYShX,2026-05-01 03:35:15+00:00,1777606515000,13369,25.2371,42.08468,1003.15002,52236
20260430-235226,-OrWakGac5grjAMwy4fT,2026-05-01 03:35:25+00:00,1777606525000,13379,25.2371,42.09054,1003.15002,52367
20260430-235226,-OrWami927N8XGsxAW5s,2026-05-01 03:35:35+00:00,1777606535000,13389,25.23837,42.08482,1003.15002,52465
20260430-235226,-OrWap8z5a8n3kxE5y-9,2026-05-01 03:35:45+00:00,1777606545000,13399,25.23806,42.09065,1003.14001,52400
20260430-235226,-OrWarasffLKrGBbHEOC,2026-05-01 03:35:55+00:00,1777606555000,13409,25.23774,42.09061,1003.14001,52465
20260430-235226,-OrWauIDa_1TfF-YeQ15,2026-05-01 03:36:05+00:00,1777606565000,13419,25.23742,42.09057,1003.14001,52531
20260430-235226,-OrWawTeDJwt5Z5Ky2J7,2026-05-01 03:36:15+00:00,1777606575000,13429,25.23774,42.08475,1003.14001,52432
20260430-235226,-OrWayv46G4lB0EJYZO5,2026-05-01 03:36:25+00:00,1777606585000,13439,25.23837,42.07896,1003.14001,52301
20260430-235226,-OrWb0O3Ay3vsluDVP67,2026-05-01 03:36:35+00:00,1777606595000,13449,25.23806,42.09652,1003.14001,52074
20260430-235226,-OrWb2nwVaI-QbmhS6Mk,2026-05-01 03:36:45+00:00,1777606605000,13459,25.23901,42.10248,1003.15002,52139
20260430-235226,-OrWb5EdgqTWg55VppiC,2026-05-01 03:36:55+00:00,1777606615000,13469,25.23901,42.09661,1003.15997,52204
20260430-235226,-OrWb7gCpZ0Pn8VmpiIz,2026-05-01 03:37:05+00:00,1777606625000,13479,25.23837,42.11999,1003.15002,52269
20260430-235226,-OrWbA712I5ojRJOrDNQ,2026-05-01 03:37:15+00:00,1777606635000,13489,25.23869,42.11417,1003.15997,52204
20260430-235226,-OrWbCZkl6DYAxSQVuTD,2026-05-01 03:37:25+00:00,1777606645000,13499,25.23932,42.10252,1003.15002,52236
20260430-235226,-OrWbF0LOBJZUKWS9sss,2026-05-01 03:37:35+00:00,1777606655000,13509,25.23964,42.09082,1003.15002,52269
20260430-235226,-OrWbHS7QOoembLKhGdO,2026-05-01 03:37:45+00:00,1777606665000,13519,25.24059,42.09093,1003.15002,52269
20260430-235226,-OrWbJtFT8D1aU1oX16g,2026-05-01 03:37:55+00:00,1777606675000,13529,25.24186,42.09108,1003.15002,52334
20260430-235226,-OrWbMKkxtt_GAGJqeR9,2026-05-01 03:38:05+00:00,1777606685000,13539,25.24122,42.0617,1003.15997,51945
20260430-235226,-OrWbOlZLsDVO_ZkJYlL,2026-05-01 03:38:15+00:00,1777606695000,13549,25.24091,42.07339,1003.15002,51912
20260430-235226,-OrWbRFo066BJaNS3ASM,2026-05-01 03:38:25+00:00,1777606705000,13559,25.24281,42.06187,1003.15002,51816
20260430-235226,-OrWbTeLIZQu6W4cteBW,2026-05-01 03:38:35+00:00,1777606715000,13569,25.24281,42.06187,1003.15002,52009
20260430-235226,-OrWbW5a_ev_KlftQgxN,2026-05-01 03:38:45+00:00,1777606725000,13579,25.24281,42.0736,1003.15997,52269
20260430-235226,-OrWbY_QAJIDS9-l4DVo,2026-05-01 03:38:55+00:00,1777606735000,13589,25.24218,42.06181,1003.15997,52074
20260430-235226,-OrWb_zAeLnEI8xvoCCK,2026-05-01 03:39:05+00:00,1777606745000,13599,25.24249,42.07942,1003.15997,52301
20260430-235226,-OrWbce6bzBK2J2mRCSk,2026-05-01 03:39:15+00:00,1777606755000,13609,25.24218,42.05595,1003.15002,52041
20260430-235226,-OrWberPQIjq_dKqfNag,2026-05-01 03:39:25+00:00,1777606765000,13619,25.24249,42.05598,1003.15997,52041
20260430-235226,-OrWbhIrGBsj4oiN3d0V,2026-05-01 03:39:35+00:00,1777606775000,13629,25.24344,42.03851,1003.15997,51784
20260430-235226,-OrWbjk1MaMlqP2vv0Cj,2026-05-01 03:39:45+00:00,1777606785000,13639,25.24376,42.05613,1003.15997,51720
20260430-235226,-OrWbmBAY8bxY_sM9iVy,2026-05-01 03:39:55+00:00,1777606795000,13649,25.24313,42.04434,1003.15002,51752
20260430-235226,-OrWbocF7UAknu-G1xCv,2026-05-01 03:40:05+00:00,1777606805000,13659,25.24313,42.04434,1003.15997,51880
20260430-235226,-OrWbr4QQRf1dN8UE7jK,2026-05-01 03:40:15+00:00,1777606815000,13669,25.24344,42.03265,1003.15997,51784
20260430-235226,-OrWbtVzSgtfS31ju8C9,2026-05-01 03:40:25+00:00,1777606825000,13679,25.24439,42.04448,1003.15997,51720
20260430-235226,-OrWbxCa5jGOXqbejRKP,2026-05-01 03:40:36+00:00,1777606836000,13689,25.24439,42.04448,1003.15997,51529
20260430-235226,-OrWbyUIgTo2amzpXGGV,2026-05-01 03:40:46+00:00,1777606846000,13699,25.24408,42.03272,1003.16998,51880
20260430-235226,-OrWc-vFgH9LeptpK43d,2026-05-01 03:40:56+00:00,1777606856000,13709,25.24439,42.05033,1003.16998,51752
20260430-235226,-OrWc2N1l8Wrp_jFcwon,2026-05-01 03:41:06+00:00,1777606866000,13719,25.24534,42.0563,1003.16998,52074
20260430-235226,-OrWc4oDEO3MncRElynt,2026-05-01 03:41:16+00:00,1777606876000,13729,25.24566,42.04462,1003.15997,51977
20260430-235226,-OrWc7FhZWMifOvVkJQq,2026-05-01 03:41:26+00:00,1777606886000,13739,25.24566,42.03876,1003.16998,52236
20260430-235226,-OrWc9gn9aYeHp5-vkKm,2026-05-01 03:41:36+00:00,1777606896000,13749,25.24566,42.04462,1003.15997,52171
20260430-235226,-OrWcC8Hdp49NrzYlqZz,2026-05-01 03:41:46+00:00,1777606906000,13759,25.24661,42.05645,1003.16998,52334
20260430-235226,-OrWcE_quXnCwO0fcMGn,2026-05-01 03:41:56+00:00,1777606916000,13769,25.24661,42.04473,1003.15997,52400
20260430-235226,-OrWcH0PUQ89srjp4LWm,2026-05-01 03:42:06+00:00,1777606926000,13779,25.24598,42.05637,1003.16998,52334
20260430-235226,-OrWcKClVTtKi9bWA83W,2026-05-01 03:42:16+00:00,1777606936000,13789,25.24693,42.0389,1003.17999,52498
20260430-235226,-OrWcLtsXLhuOiky1iLF,2026-05-01 03:42:26+00:00,1777606946000,13799,25.24661,42.00958,1003.16998,52564
20260430-235226,-OrWcOKz-w-3aHpPzrJ7,2026-05-01 03:42:36+00:00,1777606956000,13809,25.24725,42.0448,1003.16998,52564
20260430-235226,-OrWcQmbCXYbGILEcSGH,2026-05-01 03:42:46+00:00,1777606966000,13819,25.24788,42.04487,1003.16998,52465
20260430-235226,-OrWcTDJTgqLKdFX8N01,2026-05-01 03:42:56+00:00,1777606976000,13829,25.24788,42.03315,1003.16998,52597
20260430-235226,-OrWcVeqoatFgP1NBmdw,2026-05-01 03:43:06+00:00,1777606986000,13839,25.24693,41.99789,1003.16998,52630
20260430-235226,-OrWcY693V7WZ0RNaZYm,2026-05-01 03:43:16+00:00,1777606996000,13849,25.24661,42.00958,1003.16998,52630
20260430-235226,-OrWc_YJlbg7askHjymb,2026-05-01 03:43:26+00:00,1777607006000,13859,25.24725,41.99793,1003.16998,52564
20260430-235226,-OrWcbz_YKVjGyb-mD-u,2026-05-01 03:43:36+00:00,1777607016000,13869,25.24756,42.00968,1003.15997,52465
20260430-235226,-OrWceR--WQIY_--E77K,2026-05-01 03:43:46+00:00,1777607026000,13879,25.24852,42.03322,1003.15997,52597
20260430-235226,-OrWcgt6yKKtx-TZ_j7x,2026-05-01 03:43:56+00:00,1777607036000,13889,25.2482,42.03318,1003.15997,52564
20260430-235226,-OrWcjK1-jfqW_7YBhe6,2026-05-01 03:44:06+00:00,1777607046000,13899,25.2482,42.03318,1003.15997,52763
20260430-235226,-OrWcllKqMSR3A-_U8Sp,2026-05-01 03:44:16+00:00,1777607056000,13909,25.24883,42.04498,1003.16998,52730
20260430-235226,-OrWcoBhJRLzqaahvswG,2026-05-01 03:44:26+00:00,1777607066000,13919,25.2501,42.02754,1003.17999,52663
20260430-235226,-OrWcqdHKLpefXUEW2LD,2026-05-01 03:44:36+00:00,1777607076000,13929,25.24947,42.02161,1003.17999,52597
20260430-235226,-OrWct4EvKPQyCBBoeP6,2026-05-01 03:44:46+00:00,1777607086000,13939,25.25073,42.01003,1003.17999,52663
20260430-235226,-OrWcvWjG6SUgNITXSzB,2026-05-01 03:44:56+00:00,1777607096000,13949,25.25073,42.00418,1003.17999,52696
20260430-235226,-OrWcxyQ0S2JXF_keC1M,2026-05-01 03:45:06+00:00,1777607106000,13959,25.25105,41.99835,1003.17999,52829
20260430-235226,-OrWd-OoMyYgCULqQGEq,2026-05-01 03:45:16+00:00,1777607116000,13969,25.25137,41.98082,1003.17999,52863
20260430-235226,-OrWd2P4ddcJtSa64cHX,2026-05-01 03:45:26+00:00,1777607126000,13979,25.25073,41.99832,1003.19,52863
20260430-235226,-OrWd4HP1B2QZEMRUopo,2026-05-01 03:45:36+00:00,1777607136000,13989,25.25042,41.98072,1003.20001,52630
20260430-235226,-OrWd6in7ztk-jq4xFTy,2026-05-01 03:45:46+00:00,1777607146000,13999,25.25105,42.01593,1003.21002,52531
20260430-235226,-OrWd9AG3H29cSRg6XGa,2026-05-01 03:45:56+00:00,1777607156000,14009,25.25105,42.01593,1003.21002,52730
20260430-235226,-OrWdBc6rh3-GvOxNqwN,2026-05-01 03:46:06+00:00,1777607166000,14019,25.25105,42.01593,1003.20001,52829
20260430-235226,-OrWdE2yPoRPJ1HvoN6H,2026-05-01 03:46:16+00:00,1777607176000,14029,25.25073,42.02175,1003.21002,52863
20260430-235226,-OrWdGUqPRb7q437r18d,2026-05-01 03:46:26+00:00,1777607186000,14039,25.25105,42.01006,1003.21002,52829
20260430-235226,-OrWdIwqRhcboxCZX9-F,2026-05-01 03:46:36+00:00,1777607196000,14049,25.25137,42.00425,1003.21002,52763
20260430-235226,-OrWdLOlovH2e-BdRVbP,2026-05-01 03:46:46+00:00,1777607206000,14059,25.25168,41.98086,1003.21997,52963
20260430-235226,-OrWdNpZR0hOPH7E7zMV,2026-05-01 03:46:56+00:00,1777607216000,14069,25.25073,41.98075,1003.21997,52863
20260430-235226,-OrWdQHRvhh7WoGPqDia,2026-05-01 03:47:06+00:00,1777607226000,14079,25.25073,41.97489,1003.21997,52796
20260430-235226,-OrWdSgxcC2pllPSDXDe,2026-05-01 03:47:16+00:00,1777607236000,14089,25.25073,41.96317,1003.22998,52730
20260430-235226,-OrWdV8_WOt8EdHURxhp,2026-05-01 03:47:26+00:00,1777607246000,14099,25.25105,41.96321,1003.22998,52696
20260430-235226,-OrWdXa5Jum-_Eokcxef,2026-05-01 03:47:36+00:00,1777607256000,14109,25.25137,41.96911,1003.22998,52829
20260430-235226,-OrWd_0VtwNmJ37e51tw,2026-05-01 03:47:46+00:00,1777607266000,14119,25.25073,41.98075,1003.22998,52730
20260430-235226,-OrWdbTHSDX-d7QvBSGO,2026-05-01 03:47:56+00:00,1777607276000,14129,25.25137,41.96325,1003.23999,52696
20260430-235226,-OrWdduEUeB_728k5sJ4,2026-05-01 03:48:06+00:00,1777607286000,14139,25.25137,41.98082,1003.23999,52730
20260430-235226,-OrWdgLVT4Au9eeTuYSO,2026-05-01 03:48:16+00:00,1777607296000,14149,25.25042,41.969,1003.23999,52597
20260430-235226,-OrWdinxpinvR0hzyhJB,2026-05-01 03:48:26+00:00,1777607306000,14159,25.25042,41.99243,1003.23999,52597
20260430-235226,-OrWdlPNUCeAhPymkmMi,2026-05-01 03:48:36+00:00,1777607316000,14169,25.25073,41.98075,1003.25,52630
20260430-235226,-OrWdnexp4kRM6-0-OZS,2026-05-01 03:48:46+00:00,1777607326000,14179,25.24978,41.97478,1003.25,52763
20260430-235226,-OrWdq6Rc9K1Wc7ZQJjj,2026-05-01 03:48:56+00:00,1777607336000,14189,25.25105,41.96321,1003.26001,52630
20260430-235226,-OrWdsYjDrAfoyPirDKL,2026-05-01 03:49:06+00:00,1777607346000,14199,25.25073,41.96317,1003.26001,52929
20260430-235226,-OrWdv01H6zWXNrcZPCT,2026-05-01 03:49:16+00:00,1777607356000,14209,25.25042,41.96315,1003.26001,52367
20260430-235226,-OrWdxREjFWAP_Ld3Ea_,2026-05-01 03:49:26+00:00,1777607366000,14219,25.25042,41.969,1003.26001,52531
20260430-235226,-OrWdztOYtHX_mmW18ng,2026-05-01 03:49:36+00:00,1777607376000,14229,25.25042,41.98072,1003.26001,52696
20260430-235226,-OrWe1JVP1yfhUJWzT7i,2026-05-01 03:49:46+00:00,1777607386000,14239,25.25137,41.96911,1003.26001,52796
20260430-235226,-OrWe3l9gLBJ32CiEC5g,2026-05-01 03:49:56+00:00,1777607396000,14249,25.25073,41.98075,1003.27002,52963
20260430-235226,-OrWe6CgwiE-TVNuOfM4,2026-05-01 03:50:06+00:00,1777607406000,14259,25.25168,41.975,1003.28003,52929
20260430-235226,-OrWe8ddgYb_z7eIZ4jg,2026-05-01 03:50:16+00:00,1777607416000,14269,25.252,41.97503,1003.28003,53097
20260430-235226,-OrWeB4zgBfowTdvSqXL,2026-05-01 03:50:26+00:00,1777607426000,14279,25.25327,41.96346,1003.28003,52963
20260430-235226,-OrWeDXuSdnMpFjOeGkq,2026-05-01 03:50:36+00:00,1777607436000,14289,25.25422,41.98113,1003.28998,53097
20260430-235226,-OrWeFzOwEW_cVln_1pV,2026-05-01 03:50:46+00:00,1777607446000,14299,25.25422,41.98113,1003.28998,53402
20260430-235226,-OrWeIPGDUbEy2X8SYeI,2026-05-01 03:50:56+00:00,1777607456000,14309,25.25454,41.97532,1003.28998,53198
20260430-235226,-OrWeKsOxuNoY4yEN-aU,2026-05-01 03:51:06+00:00,1777607466000,14319,25.2539,41.96939,1003.28998,53131
20260430-235226,-OrWeNHd_aPDbAOowfy1,2026-05-01 03:51:16+00:00,1777607476000,14329,25.25485,41.96949,1003.28998,53266
20260430-235226,-OrWePjNXZZ_l4c5goJo,2026-05-01 03:51:26+00:00,1777607486000,14339,25.2539,41.95182,1003.29999,53131
20260430-235226,-OrWeSA43PueOlkaR4zF,2026-05-01 03:51:36+00:00,1777607496000,14349,25.25359,41.95179,1003.29999,53232
20260430-235226,-OrWeUxfzbIdHgO_Nfgm,2026-05-01 03:51:46+00:00,1777607506000,14359,25.25327,41.9576,1003.28998,53334
20260430-235226,-OrWeX3eYgZpWBBjAz0w,2026-05-01 03:51:56+00:00,1777607516000,14369,25.25295,41.96342,1003.28998,53300
20260430-235226,-OrWeZUxdc68XhSjF9i4,2026-05-01 03:52:06+00:00,1777607526000,14379,25.25295,41.981,1003.28998,53232
20260430-235226,-OrWeawPr7kRkX93yHjG,2026-05-01 03:52:16+00:00,1777607536000,14389,25.25295,41.96342,1003.28998,53232
20260430-235226,-OrWedNwbQsZfWY5OipC,2026-05-01 03:52:26+00:00,1777607546000,14399,25.25327,41.9576,1003.28998,53165
20260430-235226,-OrWefok4z_ciDZEAKf1,2026-05-01 03:52:36+00:00,1777607556000,14409,25.25359,41.95764,1003.28998,53266
20260430-235226,-OrWeiGbxgkl5luI1HNy,2026-05-01 03:52:46+00:00,1777607566000,14419,25.25295,41.95171,1003.28998,53266
20260430-235226,-OrWeki7MhhO_pvMhX9_,2026-05-01 03:52:56+00:00,1777607576000,14429,25.25295,41.96342,1003.28998,53198
20260430-235226,-OrWen8ezyRR-C6ZvmsB,2026-05-01 03:53:06+00:00,1777607586000,14439,25.25168,41.94572,1003.28998,53402
20260430-235226,-OrWepa7XBHVyuapG6rB,2026-05-01 03:53:16+00:00,1777607596000,14449,25.25295,41.94,1003.28998,53504
20260430-235226,-OrWes15TYNrIc1TnhbI,2026-05-01 03:53:26+00:00,1777607606000,14459,25.25359,41.94593,1003.29999,53539
20260430-235226,-OrWeuUkPr1fmDrWYSD4,2026-05-01 03:53:36+00:00,1777607616000,14469,25.25327,41.94003,1003.31,53300
20260430-235226,-OrWewuUo8SKf1QzdnnZ,2026-05-01 03:53:46+00:00,1777607626000,14479,25.25327,41.93417,1003.31,53470
20260430-235226,-OrWezLfFCEpbvTnF4ls,2026-05-01 03:53:56+00:00,1777607636000,14489,25.25295,41.92243,1003.31,53334
20260430-235226,-OrWf0mkQwcV-QSu9abO,2026-05-01 03:54:06+00:00,1777607646000,14499,25.25327,41.92831,1003.31,53334
20260430-235226,-OrWf3Eo8bOG0U1E6hZi,2026-05-01 03:54:16+00:00,1777607656000,14509,25.25264,41.92825,1003.31,53300
20260430-235226,-OrWf5gZctVOXI24Fwti,2026-05-01 03:54:26+00:00,1777607666000,14519,25.252,41.92232,1003.32001,53266
20260430-235226,-OrWf86txziMhhs6ChD-,2026-05-01 03:54:36+00:00,1777607676000,14529,25.252,41.93404,1003.31,53198
20260430-235226,-OrWfAZqh8f3Oj-GpCLj,2026-05-01 03:54:46+00:00,1777607686000,14539,25.25232,41.93993,1003.31,53165
20260430-235226,-OrWfDlGd1E2-2tflTtx,2026-05-01 03:54:56+00:00,1777607696000,14549,25.25295,41.94,1003.32001,53131
20260430-235226,-OrWfFRR3tLd6aAfXi_I,2026-05-01 03:55:06+00:00,1777607706000,14559,25.25264,41.93996,1003.32001,53064
20260430-235226,-OrWfHtTHwXbFAYcnXeB,2026-05-01 03:55:16+00:00,1777607716000,14569,25.25327,41.93417,1003.33002,53300
20260430-235226,-OrWfKKAW_FmRnLLrJJ_,2026-05-01 03:55:26+00:00,1777607726000,14579,25.25327,41.92831,1003.33002,53064
20260430-235226,-OrWfMlqbf3sDBiN7lZj,2026-05-01 03:55:36+00:00,1777607736000,14589,25.25327,41.93417,1003.33002,53198
20260430-235226,-OrWfPCoL8xOZyPuiu8j,2026-05-01 03:55:46+00:00,1777607746000,14599,25.25295,41.92243,1003.33002,52996
20260430-235226,-OrWfRe8Zc3BrgfC4N7a,2026-05-01 03:55:56+00:00,1777607756000,14609,25.25327,41.91661,1003.34003,52963
20260430-235226,-OrWfU5xg_IITLo2JAUx,2026-05-01 03:56:06+00:00,1777607766000,14619,25.25422,41.91672,1003.34003,52829
20260430-235226,-OrWfWXApRK6iv03M3Nx,2026-05-01 03:56:16+00:00,1777607776000,14629,25.25422,41.89915,1003.34003,52630
20260430-235226,-OrWfYy_pOBwf1ko-PnN,2026-05-01 03:56:26+00:00,1777607786000,14639,25.25454,41.89919,1003.34003,52498
20260430-235226,-OrWfaPsPjQCb9BsWrYY,2026-05-01 03:56:36+00:00,1777607796000,14649,25.25359,41.89323,1003.34003,52334
20260430-235226,-OrWfcqqadnSoO9F30aY,2026-05-01 03:56:46+00:00,1777607806000,14659,25.25454,41.89919,1003.34003,52106
20260430-235226,-OrWffI66aGq2l1Km9B-,2026-05-01 03:56:56+00:00,1777607816000,14669,25.25485,41.88752,1003.34998,52204
20260430-235226,-OrWfhjy-i5GZS7BgXLz,2026-05-01 03:57:06+00:00,1777607826000,14679,25.2558,41.88177,1003.34998,52236
20260430-235226,-OrWfkAb0HeGx8-8ZzJ9,2026-05-01 03:57:16+00:00,1777607836000,14689,25.25612,41.8818,1003.34998,52139
20260430-235226,-OrWfmbuqIgFltAjD0XD,2026-05-01 03:57:26+00:00,1777607846000,14699,25.25517,41.89341,1003.34998,52041
20260430-235226,-OrWfp3Kixcl9HnktFH1,2026-05-01 03:57:36+00:00,1777607856000,14709,25.25485,41.90508,1003.34003,52597
20260430-235226,-OrWfrVHNfNWj8yw-OQO,2026-05-01 03:57:46+00:00,1777607866000,14719,25.25359,41.89323,1003.34003,52630
20260430-235226,-OrWftwgMQSj_HJkO8fZ,2026-05-01 03:57:56+00:00,1777607876000,14729,25.25485,41.89337,1003.34998,52630
20260430-235226,-OrWfwc4c6gBm2n_mTHX,2026-05-01 03:58:06+00:00,1777607886000,14739,25.25612,41.89936,1003.34998,52896
20260430-235226,-OrWfypOvROpngDUBMD8,2026-05-01 03:58:16+00:00,1777607896000,14749,25.25612,41.8701,1003.34998,52996
20260430-235226,-OrWg0GUBPceMJTpjaUK,2026-05-01 03:58:26+00:00,1777607906000,14759,25.2558,41.88762,1003.34998,53097
20260430-235226,-OrWg2ii3FDQ3lnqEpHX,2026-05-01 03:58:36+00:00,1777607916000,14769,25.2558,41.87007,1003.35999,53064
20260430-235226,-OrWg59Gca4DvrD4NfjH,2026-05-01 03:58:46+00:00,1777607926000,14779,25.25644,41.85843,1003.35999,53064
20260430-235226,-OrWg7atKwFanIMctbfz,2026-05-01 03:58:56+00:00,1777607936000,14789,25.2558,41.87007,1003.34998,52863
20260430-235226,-OrWgA2Cc_8uZxW7lgI5,2026-05-01 03:59:06+00:00,1777607946000,14799,25.25644,41.87013,1003.35999,52929
20260430-235226,-OrWgCUJDrzzp8CNTFe8,2026-05-01 03:59:16+00:00,1777607956000,14809,25.25612,41.85839,1003.35999,52929
20260430-235226,-OrWgEvUTojrd44btjzC,2026-05-01 03:59:26+00:00,1777607966000,14819,25.25612,41.84669,1003.37,53165
20260430-235226,-OrWgHNsnkezQZ7c6nGl,2026-05-01 03:59:36+00:00,1777607976000,14829,25.25644,41.84087,1003.37,52730
20260430-235226,-OrWgJnPAuXCwDj5UAws,2026-05-01 03:59:46+00:00,1777607986000,14839,25.2558,41.85251,1003.37,52863
20260430-235226,-OrWgMFAQ8zC96bbOzMn,2026-05-01 03:59:56+00:00,1777607996000,14849,25.25517,41.85243,1003.37,52796
20260430-235226,-OrWgOg-6GV9bJx6AQ4i,2026-05-01 04:00:06+00:00,1777608006000,14859,25.25485,41.86411,1003.37,52630
20260430-235226,-OrWgR8buHTw4AnDNs3E,2026-05-01 04:00:16+00:00,1777608016000,14869,25.25517,41.85243,1003.37,52597
20260430-235226,-OrWgT_C-CJEFEZnT-9r,2026-05-01 04:00:26+00:00,1777608026000,14879,25.25612,41.8701,1003.38,52696
20260430-235226,-OrWgW-_z-RYzEJshGPY,2026-05-01 04:00:36+00:00,1777608036000,14889,25.25644,41.86428,1003.39001,52896
20260430-235226,-OrWgYS12OEs_2y8nAj6,2026-05-01 04:00:46+00:00,1777608046000,14899,25.25707,41.86435,1003.39001,52929
20260430-235226,-OrWg_tOyi2OeRYJaZTP,2026-05-01 04:00:56+00:00,1777608056000,14909,25.25612,41.86425,1003.39001,53064
20260430-235226,-OrWgcKm2rUR4OKG_iW7,2026-05-01 04:01:06+00:00,1777608066000,14919,25.25644,41.85257,1003.39001,53165
20260430-235226,-OrWgfAB-FVpBYTGHozd,2026-05-01 04:01:16+00:00,1777608076000,14929,25.25644,41.84672,1003.40002,53198
20260430-235226,-OrWghDTuiAgFx4jFahf,2026-05-01 04:01:26+00:00,1777608086000,14939,25.25644,41.84672,1003.40002,53232
20260430-235226,-OrWgjfI97G2j1nPIi4j,2026-05-01 04:01:36+00:00,1777608096000,14949,25.25739,41.84098,1003.41998,53300
20260430-235226,-OrWgm5oi7NMjt8yHzSV,2026-05-01 04:01:46+00:00,1777608106000,14959,25.25739,41.85268,1003.40997,53266
20260430-235226,-OrWgoXbc_c7k27G7KDO,2026-05-01 04:01:56+00:00,1777608116000,14969,25.25739,41.84098,1003.40997,53300
20260430-235226,-OrWgr3NLevQyA0bAAk8,2026-05-01 04:02:06+00:00,1777608126000,14979,25.25644,41.84087,1003.41998,53334
20260430-235226,-OrWgtQ1BuskWZL2xkql,2026-05-01 04:02:16+00:00,1777608136000,14989,25.25707,41.85265,1003.41998,53198
20260430-235226,-OrWgvs-l5jQUk6f7ZSj,2026-05-01 04:02:26+00:00,1777608146000,14999,25.25676,41.85847,1003.40002,52996
20260430-235226,-OrWgyIb22udb-6Qu0lo,2026-05-01 04:02:36+00:00,1777608156000,15009,25.25644,41.84672,1003.40002,52863
20260430-235226,-OrWh-jvQxLu4pR6X8Bm,2026-05-01 04:02:46+00:00,1777608166000,15019,25.25676,41.84091,1003.40002,52763
20260430-235226,-OrWh2BW3fEb89i0j6bx,2026-05-01 04:02:56+00:00,1777608176000,15029,25.2558,41.8408,1003.40002,52730
20260430-235226,-OrWh4ckoqzM6QOc0eVc,2026-05-01 04:03:06+00:00,1777608186000,15039,25.25612,41.85839,1003.40002,52663
20260430-235226,-OrWh73pvPlqN46-3m4X,2026-05-01 04:03:16+00:00,1777608196000,15049,25.25644,41.84087,1003.40002,52730
20260430-235226,-OrWh9VlGRpYDtbP4V3H,2026-05-01 04:03:26+00:00,1777608206000,15059,25.25676,41.84676,1003.40002,52597
20260430-235226,-OrWhBx2q4TD-a7sgGz8,2026-05-01 04:03:36+00:00,1777608216000,15069,25.25802,41.84105,1003.41998,52630
20260430-235226,-OrWhEOj68hW94ygGf9r,2026-05-01 04:03:46+00:00,1777608226000,15079,25.25802,41.8352,1003.41998,52796
20260430-235226,-OrWhGq19nFVPm8Q9myh,2026-05-01 04:03:56+00:00,1777608236000,15089,25.25834,41.83523,1003.41998,52696
20260430-235226,-OrWhJGcMj8IR5JVr8t7,2026-05-01 04:04:06+00:00,1777608246000,15099,25.25897,41.82946,1003.42999,52829
20260430-235226,-OrWhLhz7kRSpRfTfLfW,2026-05-01 04:04:16+00:00,1777608256000,15109,25.25897,41.84116,1003.42999,52796
20260430-235226,-OrWhOw9ODHX-irI1O5Y,2026-05-01 04:04:26+00:00,1777608266000,15119,25.25802,41.85275,1003.42999,52963
20260430-235226,-OrWhQahVL8y_XF-KhXZ,2026-05-01 04:04:36+00:00,1777608276000,15129,25.25802,41.8469,1003.41998,53030
20260430-235226,-OrWhT2-SN-44ThuHAMz,2026-05-01 04:04:46+00:00,1777608286000,15139,25.25802,41.8469,1003.42999,52863
20260430-235226,-OrWhVTtN8M7juxAPBOg,2026-05-01 04:04:56+00:00,1777608296000,15149,25.25866,41.84697,1003.44,52929
20260430-235226,-OrWhXvPMkgFFmx-bC8K,2026-05-01 04:05:06+00:00,1777608306000,15159,25.25802,41.84105,1003.44,52929
20260430-235226,-OrWh_Mla4LAZ--wSi8e,2026-05-01 04:05:16+00:00,1777608316000,15169,25.25897,41.84116,1003.44,53064
20260430-235226,-OrWhboFcjQwbvWTCgt8,2026-05-01 04:05:26+00:00,1777608326000,15179,25.25961,41.85293,1003.45001,52996
20260430-235226,-OrWheFQ9HhfK4e-xDOW,2026-05-01 04:05:36+00:00,1777608336000,15189,25.25897,41.84701,1003.44,52996
20260430-235226,-OrWhggLUQwY9l_7W8Kb,2026-05-01 04:05:46+00:00,1777608346000,15199,25.25897,41.85872,1003.45001,53131
20260430-235226,-OrWhj8EKIR8w4H08-kh,2026-05-01 04:05:56+00:00,1777608356000,15209,25.25961,41.85878,1003.45001,53064
20260430-235226,-OrWhla20p11d7HnaV0I,2026-05-01 04:06:06+00:00,1777608366000,15219,25.25961,41.85293,1003.46002,53436
20260430-235226,-OrWho0ff9_ZjxuyYiJu,2026-05-01 04:06:16+00:00,1777608376000,15229,25.25992,41.84126,1003.46002,53232
20260430-235226,-OrWhqSRG78PBJ7262N0,2026-05-01 04:06:26+00:00,1777608386000,15239,25.25929,41.83534,1003.46997,53573
20260430-235226,-OrWhtNFz3dMh1nNvopD,2026-05-01 04:06:36+00:00,1777608396000,15249,25.25897,41.8353,1003.46997,52863
20260430-235226,-OrWhvQo5hpwh31Ke-2p,2026-05-01 04:06:46+00:00,1777608406000,15259,25.25897,41.82946,1003.48999,53097
20260430-235226,-OrWhxtCItG8q6MCB_UL,2026-05-01 04:06:56+00:00,1777608416000,15269,25.26024,41.81788,1003.5,52996
20260430-235226,-OrWi-K154BU0a0BHONP,2026-05-01 04:07:06+00:00,1777608426000,15279,25.26056,41.81792,1003.51001,52896
20260430-235226,-OrWi1kk_fovHmWwNYm1,2026-05-01 04:07:16+00:00,1777608436000,15289,25.26088,41.82381,1003.51001,52796
20260430-235226,-OrWi4XadwP6U8OQtL-D,2026-05-01 04:07:26+00:00,1777608446000,15299,25.26056,41.82962,1003.51001,52763
20260430-235226,-OrWi6f_6kDO6L537b3a,2026-05-01 04:07:36+00:00,1777608456000,15309,25.26088,41.81796,1003.51001,52663
20260430-235226,-OrWi94VT82okhEkBET2,2026-05-01 04:07:46+00:00,1777608466000,15319,25.26183,41.81807,1003.51001,52763
20260430-235226,-OrWiBX80TtMsEV4km7N,2026-05-01 04:07:56+00:00,1777608476000,15329,25.26119,41.8414,1003.52002,52663
20260430-235226,-OrWiDyvvoT5ibPx6-MT,2026-05-01 04:08:06+00:00,1777608486000,15339,25.26151,41.84729,1003.52002,53165
20260430-235226,-OrWiGPCBqjqK6wn8af_,2026-05-01 04:08:16+00:00,1777608496000,15349,25.26246,41.86496,1003.51001,53097
20260430-235226,-OrWiJEpCY4mRCJXJ4Ng,2026-05-01 04:08:26+00:00,1777608506000,15359,25.26278,41.86499,1003.51001,53064
20260430-235226,-OrWiLI5NAywrRx3ByBr,2026-05-01 04:08:36+00:00,1777608516000,15369,25.26246,41.85325,1003.51001,53165
20260430-235226,-OrWiO5WUIDky83epUp4,2026-05-01 04:08:47+00:00,1777608527000,15380,25.26278,41.85913,1003.51001,53198
20260430-235226,-OrWiQHIlKWCFqU4TZV6,2026-05-01 04:08:57+00:00,1777608537000,15390,25.26309,41.85918,1003.51001,53334
20260430-235226,-OrWiSgoCl-ZC9TDZMJS,2026-05-01 04:09:07+00:00,1777608547000,15400,25.26309,41.87674,1003.51001,53266
20260430-235226,-OrWiVA1jHFHEdwGG9_X,2026-05-01 04:09:17+00:00,1777608557000,15410,25.26309,41.87674,1003.51001,53300
20260430-235226,-OrWiXc1c7ikj0m-8Lh3,2026-05-01 04:09:27+00:00,1777608567000,15420,25.26468,41.88276,1003.51001,53030
20260430-235226,-OrWi_2IqBJHbDZz_1xX,2026-05-01 04:09:37+00:00,1777608577000,15430,25.265,41.85353,1003.51001,53198
20260430-235226,-OrWibTR3onbYJuIp3KM,2026-05-01 04:09:47+00:00,1777608587000,15440,25.26595,41.86534,1003.51001,52929
20260430-235226,-OrWidu0bCmWb5e2WaBs,2026-05-01 04:09:57+00:00,1777608597000,15450,25.26595,41.85949,1003.51001,53030
20260430-235226,-OrWigLrqx2UiVty3cuP,2026-05-01 04:10:07+00:00,1777608607000,15460,25.26595,41.86534,1003.51001,53131
20260430-235226,-OrWiimqbRlg4zkeZYDh,2026-05-01 04:10:17+00:00,1777608617000,15470,25.26595,41.87119,1003.51001,53064
20260430-235226,-OrWiqtN-lMy69sFeLwr,2026-05-01 04:10:27+00:00,1777608627000,15480,25.26595,41.87119,1003.52002,53131
20260430-235226,-OrWir-mWb8xrQZ1Jooh,2026-05-01 04:10:50+00:00,1777608650000,15503,25.26278,41.97037,1003.52002,46992
20260430-235226,-OrWitRuGU6t3O_Xlj4B,2026-05-01 04:11:00+00:00,1777608660000,15513,25.26183,41.90586,1003.53998,48430
20260430-235226,-OrWivtOchAXfQYlFilJ,2026-05-01 04:11:10+00:00,1777608670000,15523,25.26214,41.91175,1003.53998,49724
20260430-235226,-OrWiyKzTvAK4fBiIaju,2026-05-01 04:11:20+00:00,1777608680000,15533,25.26183,41.92928,1003.54999,50996
20260430-235226,-OrWj-ljG6NMeT7cnDcQ,2026-05-01 04:11:30+00:00,1777608690000,15543,25.26373,41.93535,1003.56,51497
20260430-235226,-OrWj2Di1I8ZSFX2OZeL,2026-05-01 04:11:40+00:00,1777608700000,15553,25.26436,41.91785,1003.56,51848
20260430-235226,-OrWj4fFc3uU4ticyyo6,2026-05-01 04:11:50+00:00,1777608710000,15563,25.26468,41.90033,1003.56,52269
20260430-235226,-OrWj75hIegWI_MDVpos,2026-05-01 04:12:00+00:00,1777608720000,15573,25.26531,41.88869,1003.56,52498
20260430-235226,-OrWj9XwN3nI3V-C4Ars,2026-05-01 04:12:10+00:00,1777608730000,15583,25.26626,41.92392,1003.56,52531
20260430-235226,-OrWjBzM0mLHvbYrI0-5,2026-05-01 04:12:20+00:00,1777608740000,15593,25.26753,41.92992,1003.56,52663
20260430-235226,-OrWjEQZs3E5WFVhjQkg,2026-05-01 04:12:30+00:00,1777608750000,15603,25.26848,41.94173,1003.57001,53165
20260430-235226,-OrWjGrVamiPBj5qe_Bo,2026-05-01 04:12:40+00:00,1777608760000,15613,25.2688,41.93006,1003.58002,53198
20260430-235226,-OrWjJIdo2vCo3-BV8x_,2026-05-01 04:12:50+00:00,1777608770000,15623,25.26943,41.94184,1003.58002,53266
20260430-235226,-OrWjLjsD-3kzFPArt-3,2026-05-01 04:13:00+00:00,1777608780000,15633,25.26912,41.94181,1003.57001,53470
20260430-235226,-OrWjOBFaOY532-EwLkZ,2026-05-01 04:13:10+00:00,1777608790000,15643,25.26912,41.93009,1003.57001,53266
20260430-235226,-OrWjQcgkxfMXAmI1UGe,2026-05-01 04:13:20+00:00,1777608800000,15653,25.27007,41.93605,1003.57001,53402
20260430-235226,-OrWjV68Q3IMpyXpybly,2026-05-01 04:13:30+00:00,1777608810000,15663,25.26975,41.91846,1003.57001,53539
20260430-235226,-OrWjVaNRUpcEFRbh2h2,2026-05-01 04:13:41+00:00,1777608821000,15674,25.27007,41.90092,1003.57001,53198
20260430-235226,-OrWjY1CHpzDeQZdLkX3,2026-05-01 04:13:51+00:00,1777608831000,15684,25.26912,41.90082,1003.57001,53266
20260430-235226,-OrWj_TXE0bflMisS0JR,2026-05-01 04:14:01+00:00,1777608841000,15694,25.26975,41.87748,1003.57001,53300
20260430-235226,-OrWjbuxWW88jwcjPgsa,2026-05-01 04:14:11+00:00,1777608851000,15704,25.26975,41.86577,1003.57001,53436
20260430-235226,-OrWjeMYoCwp8O99_Gjn,2026-05-01 04:14:21+00:00,1777608861000,15714,25.26943,41.86573,1003.57001,53198
20260430-235226,-OrWjgmzQLQmPpsv0RQ5,2026-05-01 04:14:31+00:00,1777608871000,15724,25.26943,41.85988,1003.57001,53064
20260430-235226,-OrWjjF05vferF0XyDtu,2026-05-01 04:14:41+00:00,1777608881000,15734,25.27038,41.86584,1003.57001,53300
20260430-235226,-OrWjlg01g6IJQeB76wZ,2026-05-01 04:14:51+00:00,1777608891000,15744,25.27007,41.8658,1003.56,53198
20260430-235226,-OrWjo7j1dUd5qxoIMjB,2026-05-01 04:15:01+00:00,1777608901000,15754,25.27102,41.84835,1003.57001,53232
20260430-235226,-OrWjqZOIoUDs4azJB5f,2026-05-01 04:15:11+00:00,1777608911000,15764,25.27102,41.8425,1003.56,53165
20260430-235226,-OrWjt-x68oKhYe8eTQV,2026-05-01 04:15:21+00:00,1777608921000,15774,25.2707,41.84246,1003.56,53097
20260430-235226,-OrWjvTYReOPWGVmdoA3,2026-05-01 04:15:31+00:00,1777608931000,15784,25.2726,41.84268,1003.56,53097
20260430-235226,-OrWjxtFNDeQIPO_CYZu,2026-05-01 04:15:41+00:00,1777608941000,15794,25.27292,41.83686,1003.56,53198
20260430-235226,-OrWk-K_YW00KcCrBwKa,2026-05-01 04:15:51+00:00,1777608951000,15804,25.27387,41.83111,1003.56,53198
20260430-235226,-OrWk1lkOFtdbYDtkJKk,2026-05-01 04:16:01+00:00,1777608961000,15814,25.27292,41.84856,1003.56,53266
20260430-235226,-OrWk4CwQGkQbN2KRkUE,2026-05-01 04:16:11+00:00,1777608971000,15824,25.27387,41.84282,1003.57001,53402
20260430-235226,-OrWkAM4Om16TnyZshch,2026-05-01 04:16:31+00:00,1777608991000,15844,25.27577,41.85474,1003.57001,53030
20260430-235226,-OrWkDPNMSoCKTqwI2L2,2026-05-01 04:16:46+00:00,1777609006000,15859,25.27482,41.90732,1003.57001,50322
20260430-235226,-OrWkFJWYaaE3CVE2T4i,2026-05-01 04:16:56+00:00,1777609016000,15869,25.27546,41.88982,1003.58002,51245
20260430-235226,-OrWkHkgBoaZWGQZ500I,2026-05-01 04:17:06+00:00,1777609026000,15879,25.27482,41.86634,1003.57001,51816
20260430-235226,-OrWkKBmTYnwrx-z5svB,2026-05-01 04:17:16+00:00,1777609036000,15889,25.27482,41.85463,1003.57001,52269
20260430-235226,-OrWkMe9KdTYCJVsuMA3,2026-05-01 04:17:26+00:00,1777609046000,15899,25.27546,41.8547,1003.58002,52334
20260430-235226,-OrWkP4MbW6lc6bwusLn,2026-05-01 04:17:36+00:00,1777609056000,15909,25.27609,41.86647,1003.58002,52863
20260430-235226,-OrWkRWlYx1IQUkk4lZl,2026-05-01 04:17:46+00:00,1777609066000,15919,25.27672,41.84314,1003.58002,53470
20260430-235226,-OrWkU-3W6uR0w79VVIS,2026-05-01 04:17:56+00:00,1777609076000,15929,25.27672,41.84899,1003.58002,53131
20260430-235226,-OrWkWPkt6ZqKyGxs-IO,2026-05-01 04:18:06+00:00,1777609086000,15939,25.27704,41.83732,1003.58002,53266
20260430-235226,-OrWkYrrk7vhqj5CWqs5,2026-05-01 04:18:16+00:00,1777609096000,15949,25.27704,41.84317,1003.59003,53198
20260430-235226,-OrWkaHqWBFofQWQOsY8,2026-05-01 04:18:26+00:00,1777609106000,15959,25.27704,41.84903,1003.58002,53266
20260430-235226,-OrWkciuWMCliX75uvsd,2026-05-01 04:18:36+00:00,1777609116000,15969,25.27831,41.84917,1003.59003,53266
20260430-235226,-OrWkfABhAUVmoBjsgJv,2026-05-01 04:18:46+00:00,1777609126000,15979,25.27862,41.8726,1003.58002,53504
20260430-235226,-OrWkhcFURanDIH76UqW,2026-05-01 04:18:56+00:00,1777609136000,15989,25.27894,41.86679,1003.59003,53607
20260430-235226,-OrWkk2RyT1rC0DmKHfv,2026-05-01 04:19:06+00:00,1777609146000,15999,25.27958,41.87857,1003.59003,53883
20260430-235226,-OrWkmV8CwK5cYeo5hqp,2026-05-01 04:19:16+00:00,1777609156000,16009,25.28148,41.89634,1003.59998,53470
20260430-235226,-OrWkox0QnWXDh8scOk-,2026-05-01 04:19:26+00:00,1777609166000,16019,25.28116,41.8846,1003.59003,53573
20260430-235226,-OrWkroHBiTBDkaSvE4E,2026-05-01 04:19:36+00:00,1777609176000,16029,25.28116,41.89046,1003.59003,53641
20260430-235226,-OrWktowPceKTwGuJoX4,2026-05-01 04:19:46+00:00,1777609186000,16039,25.28116,41.86704,1003.58002,53676
20260430-235226,-OrWkwFiDNfrwXKZTFvO,2026-05-01 04:19:56+00:00,1777609196000,16049,25.28148,41.87293,1003.59003,53710
20260430-235226,-OrWkyh-fgk998WlpPGm,2026-05-01 04:20:06+00:00,1777609206000,16059,25.28179,41.86712,1003.59003,53710
20260430-235226,-OrWl08lXQvZhToEyaPg,2026-05-01 04:20:16+00:00,1777609216000,16069,25.28179,41.87297,1003.59003,53745
20260430-235226,-OrWl2_LwANCangSPcds,2026-05-01 04:20:26+00:00,1777609226000,16079,25.28243,41.85547,1003.59003,53848
20260430-235226,-OrWl50rGp57BH51DD5E,2026-05-01 04:20:36+00:00,1777609236000,16089,25.28243,41.86718,1003.59003,53814
20260430-235226,-OrWl7Tj8mL7FIANuUt7,2026-05-01 04:20:46+00:00,1777609246000,16099,25.28275,41.84966,1003.59003,53952
20260430-235226,-OrWl9uKC2-D17HMyXXG,2026-05-01 04:20:56+00:00,1777609256000,16109,25.28243,41.84962,1003.59003,54092
20260430-235226,-OrWlCLcU-qirTPxFz02,2026-05-01 04:21:06+00:00,1777609266000,16119,25.28338,41.83803,1003.59003,53745
20260430-235226,-OrWlEmxE5JxqH1Pc1FV,2026-05-01 04:21:16+00:00,1777609276000,16129,25.2837,41.85561,1003.59003,53745
20260430-235226,-OrWlHE2o6CrHFX_VVsa,2026-05-01 04:21:26+00:00,1777609286000,16139,25.28338,41.84388,1003.59003,53504
20260430-235226,-OrWlJfTaAkTs_QzpDOG,2026-05-01 04:21:36+00:00,1777609296000,16149,25.28401,41.8498,1003.59003,53607
20260430-235226,-OrWlM6naOsEqmXaDQWo,2026-05-01 04:21:46+00:00,1777609306000,16159,25.28465,41.84986,1003.59003,53334
20260430-235226,-OrWlOYqeT7VD-Clsw4a,2026-05-01 04:21:56+00:00,1777609316000,16169,25.28496,41.85576,1003.59998,53607
20260430-235226,-OrWlR-lsdD-Bui-C8l0,2026-05-01 04:22:06+00:00,1777609326000,16179,25.28592,41.84415,1003.59998,53573
20260430-235226,-OrWlTRFWg2Amh1A5zH0,2026-05-01 04:22:16+00:00,1777609336000,16189,25.2856,41.84413,1003.59003,53504
20260430-235226,-OrWlVs_QWP1GOor4-J5,2026-05-01 04:22:26+00:00,1777609346000,16199,25.2856,41.84998,1003.59003,53607
20260430-235226,-OrWlYJw3UJycdwqBK-a,2026-05-01 04:22:36+00:00,1777609356000,16209,25.2856,41.86169,1003.59998,53436
20260430-235226,-OrWlatgosPhLen0LizW,2026-05-01 04:22:46+00:00,1777609366000,16219,25.28655,41.86765,1003.59998,53607
20260430-235226,-OrWlcDBJmH09wkl6qya,2026-05-01 04:22:56+00:00,1777609376000,16229,25.28687,41.85598,1003.59003,53676
20260430-235226,-OrWledZ6U9gieKZXhQ6,2026-05-01 04:23:06+00:00,1777609386000,16239,25.28623,41.86176,1003.59998,53573
20260430-235226,-OrWlhAQeLGzU_pY0Stj,2026-05-01 04:23:16+00:00,1777609396000,16249,25.28655,41.8618,1003.60999,53848
20260430-235226,-OrWljX203tEkBiIjGML,2026-05-01 04:23:26+00:00,1777609406000,16259,25.28687,41.83841,1003.60999,53607
20260430-235226,-OrWllyl5R2eIBpWP84d,2026-05-01 04:23:36+00:00,1777609416000,16269,25.28718,41.84431,1003.60999,53607
20260430-235226,-OrWloQ2HMt84wsLzKK7,2026-05-01 04:23:46+00:00,1777609426000,16279,25.28718,41.84431,1003.60999,53779
20260430-235226,-OrWlqrt_AYM-Pc-JPpi,2026-05-01 04:23:56+00:00,1777609436000,16289,25.28687,41.83841,1003.60999,53745
20260430-235226,-OrWltI2-hEfHQxhMuDF,2026-05-01 04:24:06+00:00,1777609446000,16299,25.28718,41.8326,1003.59998,53952
20260430-235226,-OrWlvjJxqH_z3yIv3zC,2026-05-01 04:24:16+00:00,1777609456000,16309,25.28655,41.85009,1003.59998,53814
20260430-235226,-OrWlyAKwfcoOS23GU37,2026-05-01 04:24:26+00:00,1777609466000,16319,25.28687,41.86183,1003.59998,53918
20260430-235226,-OrWm-w5h7-ExzSm6qOe,2026-05-01 04:24:36+00:00,1777609476000,16329,25.28718,41.86772,1003.60999,53952
20260430-235226,-OrWm230g75zEX7tch-w,2026-05-01 04:24:46+00:00,1777609486000,16339,25.2875,41.86189,1003.60999,53883
20260430-235226,-OrWm4VkefGyCboG0Vm7,2026-05-01 04:24:56+00:00,1777609496000,16349,25.28782,41.86779,1003.60999,53918
20260430-235226,-OrWm6wcRsLHJMPgJGoN,2026-05-01 04:25:06+00:00,1777609506000,16359,25.28813,41.86782,1003.60999,53883
20260430-235226,-OrWm9NnzI0kTQa5xps2,2026-05-01 04:25:16+00:00,1777609516000,16369,25.28782,41.86779,1003.60999,53918
20260430-235226,-OrWmBorbi2uGdZhB0qR,2026-05-01 04:25:26+00:00,1777609526000,16379,25.2875,41.85604,1003.60999,53676
20260430-235226,-OrWmEGcSGNEF6vw9OmR,2026-05-01 04:25:36+00:00,1777609536000,16389,25.2875,41.86189,1003.60999,53745
20260430-235226,-OrWmGiud7-_MlpyWRV6,2026-05-01 04:25:46+00:00,1777609546000,16399,25.28782,41.8795,1003.60999,53779
20260430-235226,-OrWmM-2BmDCiQKxZXrp,2026-05-01 04:25:56+00:00,1777609556000,16409,25.28908,41.89135,1003.62,53779
20260430-235226,-OrWmM6vWPvgEiUkEkbg,2026-05-01 04:26:08+00:00,1777609568000,16421,25.2894,41.9031,1003.63,52663
20260430-235226,-OrWmOZ4xd_Zz28EoxIz,2026-05-01 04:26:18+00:00,1777609578000,16431,25.28908,41.86793,1003.63,52863
20260430-235226,-OrWmQzzhUEkv3S6nc9s,2026-05-01 04:26:28+00:00,1777609588000,16441,25.28877,41.86203,1003.62,53266
20260430-235226,-OrWmTR61NmECClZyXO3,2026-05-01 04:26:38+00:00,1777609598000,16451,25.28845,41.86786,1003.62,53676
20260430-235226,-OrWmVsoG684j5DCqg_X,2026-05-01 04:26:48+00:00,1777609608000,16461,25.28845,41.87371,1003.62,53436
20260430-235226,-OrWmYLg01tnim7Rg-YJ,2026-05-01 04:26:58+00:00,1777609618000,16471,25.28813,41.86782,1003.62,53883
20260430-235226,-OrWm_lvL1kjLSSY5eGv,2026-05-01 04:27:08+00:00,1777609628000,16481,25.2894,41.87383,1003.63,53745
20260430-235226,-OrWmcCcwGA-NOuHBTvV,2026-05-01 04:27:18+00:00,1777609638000,16491,25.2894,41.87383,1003.64001,53710
20260430-235226,-OrWmeeJttBiwPuA7vzo,2026-05-01 04:27:28+00:00,1777609648000,16501,25.28972,41.86214,1003.65002,53710
20260430-235226,-OrWmh5LBF_euvGRDXsx,2026-05-01 04:27:38+00:00,1777609658000,16511,25.29004,41.85048,1003.64001,53745
20260430-235226,-OrWmjWqK1tXUgUX_n4S,2026-05-01 04:27:48+00:00,1777609668000,16521,25.29035,41.86222,1003.64001,53987
20260430-235226,-OrWmlyLNmVMq9XiVCpt,2026-05-01 04:27:58+00:00,1777609678000,16531,25.29067,41.85055,1003.65002,53814
20260430-235226,-OrWmoQBcS3hOIyaBEwc,2026-05-01 04:28:08+00:00,1777609688000,16541,25.29099,41.86228,1003.65997,53848
20260430-235226,-OrWmqr4hyS0leAVzl-D,2026-05-01 04:28:18+00:00,1777609698000,16551,25.29099,41.84472,1003.65002,53710
20260430-235226,-OrWmtJ4nFSiLcl-4qM1,2026-05-01 04:28:28+00:00,1777609708000,16561,25.29004,41.84462,1003.65002,53607
20260430-235226,-OrWmvj1TAw05MFEwJNC,2026-05-01 04:28:38+00:00,1777609718000,16571,25.2913,41.84476,1003.65997,53779
20260430-235226,-OrWmyBo8gFJ2U6pIQZX,2026-05-01 04:28:48+00:00,1777609728000,16581,25.29289,41.8508,1003.65997,53573
20260430-235226,-OrWn-vCKCon211hReFM,2026-05-01 04:28:58+00:00,1777609738000,16591,25.29225,41.85072,1003.65997,53436
20260430-235226,-OrWn22uPtq5-fTiWbkN,2026-05-01 04:29:08+00:00,1777609748000,16601,25.2932,41.83912,1003.66998,53131
20260430-235226,-OrWn4V3FM3bmb3mvRFo,2026-05-01 04:29:18+00:00,1777609758000,16611,25.29416,41.84508,1003.66998,53232
20260430-235226,-OrWn6wFus8gH-odWl5y,2026-05-01 04:29:28+00:00,1777609768000,16621,25.29352,41.85086,1003.66998,53266
20260430-235226,-OrWn9NsbA3YVWLSHCLW,2026-05-01 04:29:38+00:00,1777609778000,16631,25.29352,41.85672,1003.67999,53436
20260430-235226,-OrWnBou3QnhEBh6QsTr,2026-05-01 04:29:48+00:00,1777609788000,16641,25.29352,41.86842,1003.67999,53607
20260430-235226,-OrWnEGEms0wOmmkxmZh,2026-05-01 04:29:58+00:00,1777609798000,16651,25.29384,41.86847,1003.69,53470
20260430-235226,-OrWnGhFLseTEnv7mwbx,2026-05-01 04:30:08+00:00,1777609808000,16661,25.29447,41.86268,1003.67999,53676
20260430-235226,-OrWnJ8lDpjNT2Nblt4l,2026-05-01 04:30:18+00:00,1777609818000,16671,25.29479,41.85101,1003.67999,53641
20260430-235226,-OrWnLaDHldErW4w8KGQ,2026-05-01 04:30:28+00:00,1777609828000,16681,25.29542,41.86279,1003.67999,53848
20260430-235226,-OrWnO0zThNa1S1k6l7P,2026-05-01 04:30:38+00:00,1777609838000,16691,25.29479,41.87442,1003.67999,53745
20260430-235226,-OrWnQTSa6YBJ5Nn7-fD,2026-05-01 04:30:48+00:00,1777609848000,16701,25.29542,41.88035,1003.67999,53607
20260430-235226,-OrWnSuS_lpaX5Mlb1dm,2026-05-01 04:30:58+00:00,1777609858000,16711,25.29542,41.89206,1003.67999,53745
20260430-235226,-OrWnVM-CQDgMSnI38Tn,2026-05-01 04:31:08+00:00,1777609868000,16721,25.29574,41.88624,1003.67999,53745
20260430-235226,-OrWnXnWJqpG1Y5Wnw1P,2026-05-01 04:31:18+00:00,1777609878000,16731,25.29606,41.88627,1003.67999,54057
20260430-235226,-OrWn_ElEjOoUk0FTfhJ,2026-05-01 04:31:28+00:00,1777609888000,16741,25.29732,41.90398,1003.67999,53987
20260430-235226,-OrWnbfpoeYtAosRL5HN,2026-05-01 04:31:38+00:00,1777609898000,16751,25.29732,41.88641,1003.66998,53883
20260430-235226,-OrWne71bBpwz6_qb-he,2026-05-01 04:31:48+00:00,1777609908000,16761,25.29764,41.8923,1003.67999,53745
20260430-235226,-OrWngZ0RIp1GN1xtmDf,2026-05-01 04:31:58+00:00,1777609918000,16771,25.29764,41.87474,1003.67999,53710
20260430-235226,-OrWnj5HcQt_vyucSMJg,2026-05-01 04:32:08+00:00,1777609928000,16781,25.29669,41.88049,1003.67999,53745
20260430-235226,-OrWnlS3Dk1NwkRT1fH2,2026-05-01 04:32:18+00:00,1777609938000,16791,25.29606,41.90383,1003.67999,53641
20260430-235226,-OrWnntbxcrBZ7vx6eKr,2026-05-01 04:32:28+00:00,1777609948000,16801,25.29732,41.89812,1003.67999,53607
20260430-235226,-OrWnqKLxqtdtmgAE_hE,2026-05-01 04:32:38+00:00,1777609958000,16811,25.29827,41.90408,1003.67999,53504
20260430-235226,-OrWnsmFjQuh3vhbv5Im,2026-05-01 04:32:48+00:00,1777609968000,16821,25.29827,41.90993,1003.69,53573
20260430-235226,-OrWnvCkUI2hqaVycIRs,2026-05-01 04:32:58+00:00,1777609978000,16831,25.29891,41.90416,1003.69,53504
20260430-235226,-OrWnxe2OgcnUjRRasCM,2026-05-01 04:33:08+00:00,1777609988000,16841,25.29891,41.90416,1003.67999,53504
20260430-235226,-OrWo-5kIAPawMgQeSlI,2026-05-01 04:33:18+00:00,1777609998000,16851,25.29859,41.91583,1003.69,53710
20260430-235226,-OrWo1XiG37KTXv1NQfE,2026-05-01 04:33:28+00:00,1777610008000,16861,25.29891,41.91587,1003.69,53710
20260430-235226,-OrWo3z7zL0s9iw3vtuB,2026-05-01 04:33:38+00:00,1777610018000,16871,25.29827,41.91579,1003.69,53814
20260430-235226,-OrWo6Q1Hnf-W1928A6X,2026-05-01 04:33:48+00:00,1777610028000,16881,25.29923,41.9159,1003.67999,53848
20260430-235226,-OrWo8rG_xMBmnhtc2lw,2026-05-01 04:33:58+00:00,1777610038000,16891,25.29954,41.91593,1003.67999,53883
20260430-235226,-OrWoBIQhqPdgVO_X8Ot,2026-05-01 04:34:08+00:00,1777610048000,16901,25.3005,41.89847,1003.67999,53779
20260430-235226,-OrWoDjwtxhCPmZyVxoB,2026-05-01 04:34:18+00:00,1777610058000,16911,25.30113,41.89269,1003.67999,54022
20260430-235226,-OrWoGB2o_PJEPQEUk_b,2026-05-01 04:34:28+00:00,1777610068000,16921,25.30081,41.90437,1003.69,53814
20260430-235226,-OrWoIc98ln01Ca4Vbo7,2026-05-01 04:34:38+00:00,1777610078000,16931,25.3005,41.89847,1003.67999,53779
20260430-235226,-OrWoL3Vmtt2MoZIuR9O,2026-05-01 04:34:48+00:00,1777610088000,16941,25.30081,41.89266,1003.67999,53883
20260430-235226,-OrWoNVevPgL2m5rOhzb,2026-05-01 04:34:58+00:00,1777610098000,16951,25.30145,41.89858,1003.67999,53848
20260430-235226,-OrWoPx4IbbGM9Pzn_op,2026-05-01 04:35:08+00:00,1777610108000,16961,25.30208,41.90451,1003.67999,54092
20260430-235226,-OrWoSYUp1rVaWfUjso6,2026-05-01 04:35:18+00:00,1777610118000,16971,25.30208,41.92207,1003.67999,53745
20260430-235226,-OrWoUpfyOhoye88jFnl,2026-05-01 04:35:28+00:00,1777610128000,16981,25.30113,41.92197,1003.67999,53918
20260430-235226,-OrWoXH9xIUBOTFgigQH,2026-05-01 04:35:38+00:00,1777610138000,16991,25.3005,41.91018,1003.66998,53883
20260430-235226,-OrWoZiapV2PqeEmajL_,2026-05-01 04:35:48+00:00,1777610148000,17001,25.30081,41.92779,1003.66998,53918
20260430-235226,-OrWob9WoUUhxPqoZHKK,2026-05-01 04:35:58+00:00,1777610158000,17011,25.30145,41.922,1003.66998,53918
20260430-235226,-OrWodbffj48o7uMzN-H,2026-05-01 04:36:08+00:00,1777610168000,17021,25.30113,41.92197,1003.66998,53676
20260430-235226,-OrWog1ffq-lq-hDSIP6,2026-05-01 04:36:18+00:00,1777610178000,17031,25.30145,41.91615,1003.66998,53918
20260430-235226,-OrWoiTpA2PZWRkF-JMM,2026-05-01 04:36:28+00:00,1777610188000,17041,25.30113,41.91611,1003.66998,53883
20260430-235226,-OrWokvgOumOoWEub6Ja,2026-05-01 04:36:38+00:00,1777610198000,17051,25.30145,41.91615,1003.66998,53607
20260430-235226,-OrWonNRgkUT7mLtjLkn,2026-05-01 04:36:48+00:00,1777610208000,17061,25.30239,41.93968,1003.66998,53918
20260430-235226,-OrWopnYSDI3YAiN8UNi,2026-05-01 04:36:58+00:00,1777610218000,17071,25.30208,41.92793,1003.67999,53848
20260430-235226,-OrWosF8ClOr0qFhqAK5,2026-05-01 04:37:08+00:00,1777610228000,17081,25.30239,41.93968,1003.67999,53918
20260430-235226,-OrWougHDLbq6l-iqp1u,2026-05-01 04:37:18+00:00,1777610238000,17091,25.30271,41.93386,1003.69,54127
20260430-235226,-OrWox7sG7xN-NEofHCp,2026-05-01 04:37:28+00:00,1777610248000,17101,25.30303,41.93389,1003.67999,53779
20260430-235226,-OrWozaDwfpGESPHPrZD,2026-05-01 04:37:38+00:00,1777610258000,17111,25.30335,41.93392,1003.69,53814
20260430-235226,-OrWp10KyeFZBWfjtjff,2026-05-01 04:37:48+00:00,1777610268000,17121,25.30239,41.94553,1003.69,53883
20260430-235226,-OrWp3S8NygMmKE9OhVq,2026-05-01 04:37:58+00:00,1777610278000,17131,25.30366,41.93982,1003.69,53987
20260430-235226,-OrWp5uK2Kq8p6KnSV-t,2026-05-01 04:38:08+00:00,1777610288000,17141,25.3043,41.93403,1003.69,53779
20260430-235226,-OrWp8KixFVPybRHxN09,2026-05-01 04:38:18+00:00,1777610298000,17151,25.30335,41.95149,1003.69,53883
20260430-235226,-OrWpB6UJsCAvd_TLkiV,2026-05-01 04:38:28+00:00,1777610308000,17161,25.30366,41.94567,1003.69,53952
20260430-235226,-OrWpDD16vdjd2A2Bixz,2026-05-01 04:38:38+00:00,1777610318000,17171,25.30462,41.95749,1003.69,53848
20260430-235226,-OrWpFfYri1A828QmHJr,2026-05-01 04:38:48+00:00,1777610328000,17181,25.30462,41.95749,1003.69,53814
20260430-235226,-OrWpI5a8ID0DCjCf90e,2026-05-01 04:38:58+00:00,1777610338000,17191,25.3043,41.97503,1003.69,53918
20260430-235226,-OrWpKYEkDuaaeGaoQ4z,2026-05-01 04:39:08+00:00,1777610348000,17201,25.30462,41.98092,1003.70001,53848
20260430-235226,-OrWpMz2ntFev6urUj1W,2026-05-01 04:39:18+00:00,1777610358000,17211,25.30462,41.96335,1003.70001,53848
20260430-235226,-OrWpPTRpZkgT7XBIs_B,2026-05-01 04:39:28+00:00,1777610368000,17221,25.3043,41.95746,1003.69,53952
20260430-235226,-OrWpRsPhcHH-XM4np0H,2026-05-01 04:39:38+00:00,1777610378000,17231,25.30556,41.95174,1003.70001,53952
20260430-235226,-OrWpUIpZJzDGTdElZ58,2026-05-01 04:39:48+00:00,1777610388000,17241,25.30525,41.94586,1003.69,53918
20260430-235226,-OrWpWkO4CIonz1lVQZ9,2026-05-01 04:39:58+00:00,1777610398000,17251,25.30651,41.93428,1003.70001,53848
20260430-235226,-OrWpZBY4Cw7vfdUmoyL,2026-05-01 04:40:08+00:00,1777610408000,17261,25.30683,41.95188,1003.70001,54092
20260430-235226,-OrWpadGKboGDC2LhIMo,2026-05-01 04:40:18+00:00,1777610418000,17271,25.30683,41.94017,1003.70001,54302
20260430-235226,-OrWpd4DNGnEkNdbRl_6,2026-05-01 04:40:28+00:00,1777610428000,17281,25.30683,41.95774,1003.70001,53952
20260430-235226,-OrWpfW0_XYIOT5UiNpy,2026-05-01 04:40:38+00:00,1777610438000,17291,25.30683,41.98117,1003.70001,53952
20260430-235226,-OrWphxMLhc91T4F6Y_I,2026-05-01 04:40:48+00:00,1777610448000,17301,25.30683,41.99289,1003.70001,54127
20260430-235226,-OrWpkOheXuV-_aw-uCI,2026-05-01 04:40:58+00:00,1777610458000,17311,25.30683,41.99874,1003.70001,54127
20260430-235226,-OrWpmq8bro1Fblt4jj1,2026-05-01 04:41:08+00:00,1777610468000,17321,25.30651,41.987,1003.70001,53918
20260430-235226,-OrWppHNvNoJIPvUBDMm,2026-05-01 04:41:18+00:00,1777610478000,17331,25.3062,42.00454,1003.70001,53987
20260430-235226,-OrWpriU2W87XVRsetD5,2026-05-01 04:41:28+00:00,1777610488000,17341,25.30651,41.99286,1003.70001,54057
20260430-235226,-OrWpuLIoKT1LqSeR0Is,2026-05-01 04:41:38+00:00,1777610498000,17351,25.30715,41.99292,1003.69,53814
20260430-235226,-OrWpwarSJKf1Bhmfqe5,2026-05-01 04:41:48+00:00,1777610508000,17361,25.30747,41.99882,1003.70001,53814
20260430-235226,-OrWpz24jBmelgshGAK1,2026-05-01 04:41:58+00:00,1777610518000,17371,25.30842,42.00478,1003.71002,53952
20260430-235226,-OrWq0UCHp3MNSw6ptdm,2026-05-01 04:42:08+00:00,1777610528000,17381,25.3081,42.00475,1003.70001,53952
20260430-235226,-OrWq2vREBKAfVNH1FU3,2026-05-01 04:42:18+00:00,1777610538000,17391,25.30747,42.00468,1003.70001,53745
20260430-235226,-OrWq5O8Rll864nzczFD,2026-05-01 04:42:28+00:00,1777610548000,17401,25.30715,42.00464,1003.70001,53814
20260430-235226,-OrWq7nvxTFh8WpqXk_e,2026-05-01 04:42:38+00:00,1777610558000,17411,25.30683,42.01046,1003.69,54057
20260430-235226,-OrWqAFCN7EQTb8QgR15,2026-05-01 04:42:48+00:00,1777610568000,17421,25.30747,42.01054,1003.69,53987
20260430-235226,-OrWqCgqvTNMVUtR9KgX,2026-05-01 04:42:58+00:00,1777610578000,17431,25.30905,42.01071,1003.69,53745
20260430-235226,-OrWqF7wjt41eC4XFs3B,2026-05-01 04:43:08+00:00,1777610588000,17441,25.3081,42.04576,1003.69,53745
20260430-235226,-OrWqH_5R1a4dz4t_zgG,2026-05-01 04:43:18+00:00,1777610598000,17451,25.30842,42.03408,1003.70001,53848
20260430-235226,-OrWqK0oq8mNmbGLf9YP,2026-05-01 04:43:28+00:00,1777610608000,17461,25.30937,42.01661,1003.70001,53779
20260430-235226,-OrWqMSXToMe-z6ZxGVw,2026-05-01 04:43:38+00:00,1777610618000,17471,25.31063,42.02847,1003.70001,54057
20260430-235226,-OrWqOu2TB22Oev5g1v4,2026-05-01 04:43:48+00:00,1777610628000,17481,25.31063,42.01675,1003.71002,54092
20260430-235226,-OrWqRKwTtN71aMGzybQ,2026-05-01 04:43:58+00:00,1777610638000,17491,25.31285,42.01699,1003.71002,53952
20260430-235226,-OrWqTmAH8jUTyXCNyIj,2026-05-01 04:44:08+00:00,1777610648000,17501,25.31349,42.00536,1003.71997,53745
20260430-235226,-OrWqWDnuBz2d4zwK6_A,2026-05-01 04:44:18+00:00,1777610658000,17511,25.31317,41.98774,1003.71002,53710
20260430-235226,-OrWqYegkN_ZOwNBAjm4,2026-05-01 04:44:28+00:00,1777610668000,17521,25.31285,41.97598,1003.71002,53745
20260430-235226,-OrWqa6b_PywC6KB1bDr,2026-05-01 04:44:38+00:00,1777610678000,17531,25.31222,41.98764,1003.71002,54127
20260430-235226,-OrWqctLjMyBslB-c2Yf,2026-05-01 04:44:48+00:00,1777610688000,17541,25.31349,41.98193,1003.71997,53883
20260430-235226,-OrWqf-gRwUde7_5ZOcF,2026-05-01 04:44:58+00:00,1777610698000,17551,25.3138,41.98196,1003.72998,53848
20260430-235226,-OrWqhRCVbWkIBzMbqDj,2026-05-01 04:45:08+00:00,1777610708000,17561,25.31444,41.9996,1003.72998,53710
20260430-235226,-OrWqjsAUZFydzSfJ3wm,2026-05-01 04:45:18+00:00,1777610718000,17571,25.31349,41.9995,1003.72998,53883
20260430-235226,-OrWqmJNFCEoAFfOxDVj,2026-05-01 04:45:28+00:00,1777610728000,17581,25.3138,41.99953,1003.71997,53918
20260430-235226,-OrWqokap4CwDWhWfA_D,2026-05-01 04:45:38+00:00,1777610738000,17591,25.31349,41.98778,1003.72998,53814
20260430-235226,-OrWqrCDCxtQUzzZH29Q,2026-05-01 04:45:48+00:00,1777610748000,17601,25.31349,42.01122,1003.72998,53745
20260430-235226,-OrWqtcmBYK23dD6a3GO,2026-05-01 04:45:58+00:00,1777610758000,17611,25.3138,42.02296,1003.72998,54057
20260430-235226,-OrWqw47_cq9LyLuhRlD,2026-05-01 04:46:08+00:00,1777610768000,17621,25.31444,42.01717,1003.72998,53745
20260430-235226,-OrWqyWbPR7M6mVworqL,2026-05-01 04:46:18+00:00,1777610778000,17631,25.31539,42.01143,1003.72998,53848
20260430-235226,-OrWr-xaWi33JEPbOnPa,2026-05-01 04:46:28+00:00,1777610788000,17641,25.31634,42.00567,1003.72998,53987
20260430-235226,-OrWr2PddNWNyRGfPOl6,2026-05-01 04:46:38+00:00,1777610798000,17651,25.31697,41.98817,1003.72998,53883
20260430-235226,-OrWr4qOtmju702HTM2n,2026-05-01 04:46:48+00:00,1777610808000,17661,25.31761,41.98824,1003.73999,53814
20260430-235226,-OrWr7IfahJuRfYB8z7K,2026-05-01 04:46:58+00:00,1777610818000,17671,25.31761,41.98238,1003.73999,53883
20260430-235226,-OrWr9kpBgVHzyDr0jXo,2026-05-01 04:47:08+00:00,1777610828000,17681,25.31824,41.97659,1003.75,53779
20260430-235226,-OrWrCATT36XWUdXoOPG,2026-05-01 04:47:18+00:00,1777610838000,17691,25.31761,41.96481,1003.73999,53779
20260430-235226,-OrWrEbTjwe7C57nd-3d,2026-05-01 04:47:28+00:00,1777610848000,17701,25.31761,41.96481,1003.75,53848
20260430-235226,-OrWrH2WCmoQxrAsk-ar,2026-05-01 04:47:38+00:00,1777610858000,17711,25.31793,41.96484,1003.73999,53848
20260430-235226,-OrWrJVDwKDrZ30LWbZG,2026-05-01 04:47:48+00:00,1777610868000,17721,25.31793,41.95898,1003.73999,53745
20260430-235226,-OrWrN42-31o72fWs0Mn,2026-05-01 04:47:58+00:00,1777610878000,17731,25.31761,41.94138,1003.73999,53987
20260430-235226,-OrWrONHpExOpRgI3tsQ,2026-05-01 04:48:08+00:00,1777610888000,17741,25.31824,41.97659,1003.73999,53607
20260430-235226,-OrWrQp7QwagnyI0d6cz,2026-05-01 04:48:18+00:00,1777610898000,17751,25.31824,41.97659,1003.73999,53710
20260430-235226,-OrWrTe_QGj5GMCK3rW8,2026-05-01 04:48:28+00:00,1777610908000,17761,25.31793,41.97656,1003.73999,53779
20260430-235226,-OrWrVh9Uj9QO3pdyo3G,2026-05-01 04:48:38+00:00,1777610918000,17771,25.31856,41.98249,1003.73999,53779
20260430-235226,-OrWrY8ZjyCVFoAGqdWu,2026-05-01 04:48:48+00:00,1777610928000,17781,25.31856,42.01764,1003.75,53814
20260430-235226,-OrWr__WnuHlgcqQmbv6,2026-05-01 04:48:58+00:00,1777610938000,17791,25.31824,42.0176,1003.75,53848
20260430-235226,-OrWrc0rtEn_17IJCoxm,2026-05-01 04:49:08+00:00,1777610948000,17801,25.31856,42.02936,1003.75,53779
20260430-235226,-OrWreT1wV01OnNm1BqV,2026-05-01 04:49:18+00:00,1777610958000,17811,25.31793,42.041,1003.75,53745
20260430-235226,-OrWrhBnFURyfNzWDiIf,2026-05-01 04:49:29+00:00,1777610969000,17822,25.31793,42.02929,1003.75,53573
20260430-235226,-OrWrjR6uGq89x0DOWBh,2026-05-01 04:49:39+00:00,1777610979000,17832,25.31856,42.01764,1003.75,53539
20260430-235226,-OrWrlssVIhYsp2MM0Ed,2026-05-01 04:49:49+00:00,1777610989000,17842,25.31951,42.0236,1003.76001,53676
20260430-235226,-OrWroK2iLcEhOXHB1ze,2026-05-01 04:49:59+00:00,1777610999000,17852,25.31983,42.04122,1003.76001,53676
20260430-235226,-OrWrql8yImmxPi6uw4A,2026-05-01 04:50:09+00:00,1777611009000,17862,25.31919,42.02942,1003.75,53848
20260430-235226,-OrWrtC9p252HavpN1sV,2026-05-01 04:50:19+00:00,1777611019000,17872,25.31951,42.02946,1003.75,53745
20260430-235226,-OrWrveAkjCMw918nTYU,2026-05-01 04:50:29+00:00,1777611029000,17882,25.31983,42.03536,1003.76001,53848
20260430-235226,-OrWry4u-qjAqHmV9YHr,2026-05-01 04:50:39+00:00,1777611039000,17892,25.32046,42.03542,1003.76001,53504
20260430-235226,-OrWs-ZWRP5minKkkEFn,2026-05-01 04:50:49+00:00,1777611049000,17902,25.32046,42.02957,1003.76001,53641
20260430-235226,-OrWs2Ggi12aAeozThwv,2026-05-01 04:50:59+00:00,1777611059000,17912,25.32078,42.03547,1003.76001,53641
20260430-235226,-OrWs4PjNQLfHj0vzMed,2026-05-01 04:51:09+00:00,1777611069000,17922,25.32205,42.05319,1003.77002,53710
20260430-235226,-OrWs6qvdlsK9rKXot57,2026-05-01 04:51:19+00:00,1777611079000,17932,25.32236,42.06495,1003.77002,53573
20260430-235226,-OrWs9IOm_-ulclUuJw0,2026-05-01 04:51:29+00:00,1777611089000,17942,25.32236,42.07081,1003.77002,53745
20260430-235226,-OrWsBjpz_pF3bFaFIAn,2026-05-01 04:51:39+00:00,1777611099000,17952,25.32268,42.07084,1003.77002,53848
20260430-235226,-OrWsEAW6xSOjQ17uUbl,2026-05-01 04:51:49+00:00,1777611109000,17962,25.32363,42.07681,1003.77002,53952
20260430-235226,-OrWsGcAMHWcKebyjZtH,2026-05-01 04:51:59+00:00,1777611119000,17972,25.32426,42.07102,1003.78003,54022
20260430-235226,-OrWsJ2zUL-ViuDFgblP,2026-05-01 04:52:09+00:00,1777611129000,17982,25.32521,42.07113,1003.78998,53814
20260430-235226,-OrWsLVZWtAhh5-cbhwL,2026-05-01 04:52:19+00:00,1777611139000,17992,25.32458,42.05933,1003.79999,53883
20260430-235226,-OrWsNys8aqBBxEEP299,2026-05-01 04:52:29+00:00,1777611149000,18002,25.3249,42.07695,1003.78998,53952
20260430-235226,-OrWsQNyYtHY47rDQauB,2026-05-01 04:52:39+00:00,1777611159000,18012,25.32617,42.07709,1003.78998,53918
20260430-235226,-OrWsSpIBIyN4x7V0vq8,2026-05-01 04:52:49+00:00,1777611169000,18022,25.32617,42.07122,1003.78998,53883
20260430-235226,-OrWsVGEu8SytXY3JVKK,2026-05-01 04:52:59+00:00,1777611179000,18032,25.32743,42.07138,1003.78998,53676
20260430-235226,-OrWsXhWWJ80qSOza4aM,2026-05-01 04:53:09+00:00,1777611189000,18042,25.32648,42.07713,1003.79999,54197
20260430-235226,-OrWs_9YEGPfNt6uWW4o,2026-05-01 04:53:19+00:00,1777611199000,18052,25.32553,42.0946,1003.79999,53918
20260430-235226,-OrWsbaWKgsJcaad-eR_,2026-05-01 04:53:29+00:00,1777611209000,18062,25.32712,42.10065,1003.81,53952
20260430-235226,-OrWse2nlXuqxuL5_eov,2026-05-01 04:53:39+00:00,1777611219000,18072,25.32838,42.11251,1003.81,53952
20260430-235226,-OrWsgTjLThdCKpCAQbp,2026-05-01 04:53:49+00:00,1777611229000,18082,25.32997,42.11855,1003.81,53848
20260430-235226,-OrWsiulm8Kp7TYnnhMv,2026-05-01 04:53:59+00:00,1777611239000,18092,25.3306,42.11276,1003.79999,53952
20260430-235226,-OrWslTeRZkuySdW7fM7,2026-05-01 04:54:09+00:00,1777611249000,18102,25.33092,42.1128,1003.81,53779
20260430-235226,-OrWsnnSqqSs6RrOtvKf,2026-05-01 04:54:19+00:00,1777611259000,18112,25.33124,42.11283,1003.81,53607
20260430-235226,-OrWsqFIiycwEzKv3Ze0,2026-05-01 04:54:29+00:00,1777611269000,18122,25.33155,42.09528,1003.81,53848
20260430-235226,-OrWssfZdyBB-fWekqv8,2026-05-01 04:54:39+00:00,1777611279000,18132,25.33187,42.0836,1003.81,53745
20260430-235226,-OrWsv7VVS3eZA0xhzbb,2026-05-01 04:54:49+00:00,1777611289000,18142,25.33124,42.0718,1003.82001,53710
20260430-235226,-OrWsxZk4hZuCDcYkRTB,2026-05-01 04:54:59+00:00,1777611299000,18152,25.33187,42.04257,1003.82001,53641
20260430-235226,-OrWt-1F0Q9FsbcrqMeP,2026-05-01 04:55:09+00:00,1777611309000,18162,25.33219,42.06604,1003.81,53814
20260430-235226,-OrWt1Rwb-EDV1uLCHez,2026-05-01 04:55:19+00:00,1777611319000,18172,25.33314,42.06616,1003.81,53987
20260430-235226,-OrWt3svvw6hsFYhrlnZ,2026-05-01 04:55:29+00:00,1777611329000,18182,25.33377,42.07208,1003.82001,53814
20260430-235226,-OrWt6KX36sre1vQf6bP,2026-05-01 04:55:39+00:00,1777611339000,18192,25.33409,42.08385,1003.83002,53883
20260430-235226,-OrWt8m8Bf3ra6miG3sO,2026-05-01 04:55:49+00:00,1777611349000,18202,25.33536,42.09571,1003.83002,53814
20260430-235226,-OrWtBCyBZtXY2q928WB,2026-05-01 04:55:59+00:00,1777611359000,18212,25.33567,42.07816,1003.84003,53745
20260430-235226,-OrWtDf1cBuXVLi0kLRW,2026-05-01 04:56:09+00:00,1777611369000,18222,25.33567,42.08989,1003.84003,53676
20260430-235226,-OrWtG68ZjPdRodXabEa,2026-05-01 04:56:19+00:00,1777611379000,18232,25.33694,42.09589,1003.84003,53883
20260430-235226,-OrWtIXeyrfMWIVNpu9P,2026-05-01 04:56:29+00:00,1777611389000,18242,25.33758,42.08424,1003.84003,53641
20260430-235226,-OrWtKyiZILmwqDqMMmt,2026-05-01 04:56:39+00:00,1777611399000,18252,25.33821,42.09603,1003.84003,53779
20260430-235226,-OrWtNPr0QivZ5AXjHyp,2026-05-01 04:56:49+00:00,1777611409000,18262,25.33758,42.10769,1003.84003,53710
20260430-235226,-OrWtPrEPhrl62NtjoaV,2026-05-01 04:56:59+00:00,1777611419000,18272,25.33821,42.09603,1003.84998,53641
20260430-235226,-OrWtSIhMiqz9A7vzYtr,2026-05-01 04:57:09+00:00,1777611429000,18282,25.33916,42.11372,1003.84003,53745
20260430-235226,-OrWtVBxx20gzvhrPULt,2026-05-01 04:57:19+00:00,1777611439000,18292,25.33948,42.11962,1003.84998,53676
20260430-235226,-OrWtXAiTB7s4K4v3zHh,2026-05-01 04:57:29+00:00,1777611449000,18302,25.34043,42.11386,1003.84998,53676
20260430-235226,-OrWtZcWV-jb3WvkQs6X,2026-05-01 04:57:39+00:00,1777611459000,18312,25.34043,42.10214,1003.84998,53641
20260430-235226,-OrWtb3YA9X_aYz-wJih,2026-05-01 04:57:49+00:00,1777611469000,18322,25.34075,42.09632,1003.84998,53952
20260430-235226,-OrWtdVUTaKkCrzkVkzH,2026-05-01 04:57:59+00:00,1777611479000,18332,25.34043,42.10214,1003.85999,53745
20260430-235226,-OrWtfx-wwFb4kRKq40W,2026-05-01 04:58:09+00:00,1777611489000,18342,25.34043,42.11386,1003.85999,53745
20260430-235226,-OrWtiOognJZYr-fDkst,2026-05-01 04:58:19+00:00,1777611499000,18352,25.3417,42.10228,1003.85999,53539
20260430-235226,-OrWtkqXhFauiYrXjEiu,2026-05-01 04:58:29+00:00,1777611509000,18362,25.3417,42.11401,1003.85999,53814
20260430-235226,-OrWtnIOICB9Rk3VhRGa,2026-05-01 04:58:39+00:00,1777611519000,18372,25.34106,42.11393,1003.85999,53814
20260430-235226,-OrWtpi4M6bLQnvcyuvy,2026-05-01 04:58:49+00:00,1777611529000,18382,25.3417,42.11401,1003.85999,53952
20260430-235226,-OrWts9Y6_O8H41Y-zYq,2026-05-01 04:58:59+00:00,1777611539000,18392,25.34265,42.10239,1003.84998,53779
20260430-235226,-OrWtuafDnPRecEIkWMv,2026-05-01 04:59:09+00:00,1777611549000,18402,25.34233,42.08476,1003.85999,53779
20260430-235226,-OrWtx2NpPqNoZRbkYlC,2026-05-01 04:59:19+00:00,1777611559000,18412,25.34233,42.09063,1003.85999,53607
20260430-235226,-OrWtzYq4IBQ5FSD6ksY,2026-05-01 04:59:29+00:00,1777611569000,18422,25.34201,42.09645,1003.87,53710
20260430-235226,-OrWu0vZEJLErI0R4gZa,2026-05-01 04:59:39+00:00,1777611579000,18432,25.3417,42.09056,1003.85999,53848
20260430-235226,-OrWu3MRMWalLU8pa_4Z,2026-05-01 04:59:49+00:00,1777611589000,18442,25.34233,42.09649,1003.87,53814
20260430-235226,-OrWu5nbSsFoJbae7fiT,2026-05-01 04:59:59+00:00,1777611599000,18452,25.34265,42.09653,1003.88,53607
20260430-235226,-OrWu8FEmSIcWtGTbiS0,2026-05-01 05:00:09+00:00,1777611609000,18462,25.34201,42.11991,1003.88,53814
20260430-235226,-OrWuAi__eUJ0cNw3BtW,2026-05-01 05:00:19+00:00,1777611619000,18472,25.34233,42.11407,1003.89001,53573
20260430-235226,-OrWuDPAQ06Re7bvdn9E,2026-05-01 05:00:29+00:00,1777611629000,18482,25.34265,42.11412,1003.90002,54057
20260430-235226,-OrWuF_8W0XM5ZDUvwLe,2026-05-01 05:00:39+00:00,1777611639000,18492,25.3436,42.10836,1003.90002,53883
20260430-235226,-OrWuI02T8OTR0uuV6Nl,2026-05-01 05:00:49+00:00,1777611649000,18502,25.34391,42.10253,1003.90002,53814
20260430-235226,-OrWuKSH54Jr-0kBQqbx,2026-05-01 05:00:59+00:00,1777611659000,18512,25.3436,42.09664,1003.90997,53883
20260430-235226,-OrWuMtMfJUJjRWHD3Gf,2026-05-01 05:01:09+00:00,1777611669000,18522,25.34391,42.10839,1003.90997,53918
20260430-235226,-OrWuPKylAU4oxf4o6qf,2026-05-01 05:01:19+00:00,1777611679000,18532,25.34455,42.09673,1003.90002,53952
20260430-235226,-OrWuRmGq_sqzKVtNZKj,2026-05-01 05:01:29+00:00,1777611689000,18542,25.34518,42.10268,1003.90997,53676
20260430-235226,-OrWuUD44BP1rvzZXBbx,2026-05-01 05:01:39+00:00,1777611699000,18552,25.34582,42.08516,1003.90997,53710
20260430-235226,-OrWuWePSQFn8kppbR6l,2026-05-01 05:01:49+00:00,1777611709000,18562,25.34518,42.09682,1003.90997,53952
20260430-235226,-OrWuZ5qQ658KIqjgy5W,2026-05-01 05:01:59+00:00,1777611719000,18572,25.34582,42.09689,1003.90997,53918
20260430-235226,-OrWuaZY6OWDuxUSHgwX,2026-05-01 05:02:09+00:00,1777611729000,18582,25.34582,42.09102,1003.90997,53676
20260430-235226,-OrWuczFYcW6-KOdX3e8,2026-05-01 05:02:19+00:00,1777611739000,18592,25.34645,42.09109,1003.90997,53676
20260430-235226,-OrWufQhTwHogG_ojFxg,2026-05-01 05:02:29+00:00,1777611749000,18602,25.34613,42.09106,1003.91998,53814
20260430-235226,-OrWuhscQIZfpCtgF5u8,2026-05-01 05:02:39+00:00,1777611759000,18612,25.34645,42.09109,1003.91998,53745
20260430-235226,-OrWukJIcwi6D6Sq29Wm,2026-05-01 05:02:49+00:00,1777611769000,18622,25.34613,42.10278,1003.90997,53641
20260430-235226,-OrWumkX9-GuOtqPSiS-,2026-05-01 05:02:59+00:00,1777611779000,18632,25.34518,42.10854,1003.90997,53814
20260430-235226,-OrWupBO_OGLCN0Gu_Pt,2026-05-01 05:03:09+00:00,1777611789000,18642,25.34455,42.12605,1003.90002,53573
20260430-235226,-OrWurd4EDHrOk_1ikoR,2026-05-01 05:03:19+00:00,1777611799000,18652,25.34455,42.12019,1003.90997,53745
20260430-235226,-OrWuu47O7hTWQeFdvnj,2026-05-01 05:03:29+00:00,1777611809000,18662,25.34487,42.12023,1003.91998,53676
20260430-235226,-OrWuxBdQA66O2SuTLcj,2026-05-01 05:03:39+00:00,1777611819000,18672,25.3455,42.1203,1003.91998,53710
20260430-235226,-OrWuyyHHzjgBugxzlCm,2026-05-01 05:03:49+00:00,1777611829000,18682,25.34613,42.12623,1003.92999,53676
20260430-235226,-OrWv0OuLi9CvX80UUnV,2026-05-01 05:03:59+00:00,1777611839000,18692,25.34582,42.10861,1003.92999,53952
20260430-235226,-OrWv2qClEG5QOGjX1uL,2026-05-01 05:04:09+00:00,1777611849000,18702,25.34582,42.1262,1003.92999,53848
20260430-235226,-OrWv5KEzfpydnZ0aInH,2026-05-01 05:04:19+00:00,1777611859000,18712,25.3455,42.12616,1003.92999,53745
20260430-235226,-OrWv7lIeLVqUdvFLI-A,2026-05-01 05:04:29+00:00,1777611869000,18722,25.3455,42.11444,1003.94,53779
20260430-235226,-OrWvA9SEMysPPZke_Nm,2026-05-01 05:04:39+00:00,1777611879000,18732,25.34645,42.11454,1003.92999,53745
20260430-235226,-OrWvCalXmktwcnwwoqH,2026-05-01 05:04:49+00:00,1777611889000,18742,25.34677,42.09698,1003.92999,53745
20260430-235226,-OrWvF2V-J0HXCq29Bdh,2026-05-01 05:04:59+00:00,1777611899000,18752,25.34708,42.12048,1003.92999,53745
20260430-235226,-OrWvHUZBpe0YvpxwGbW,2026-05-01 05:05:09+00:00,1777611909000,18762,25.3474,42.12052,1003.94,53848
20260430-235226,-OrWvJwc-MHidU4pfqUN,2026-05-01 05:05:19+00:00,1777611919000,18772,25.34804,42.10299,1003.94,53745
20260430-235226,-OrWvMNGH4Lu28MXR2Tt,2026-05-01 05:05:29+00:00,1777611929000,18782,25.34899,42.12069,1003.92999,53883
20260430-235226,-OrWvOnz2J6hmiw6grgc,2026-05-01 05:05:39+00:00,1777611939000,18792,25.34899,42.10897,1003.94,53676
20260430-235226,-OrWvRFTwyTb9BYxY4WY,2026-05-01 05:05:49+00:00,1777611949000,18802,25.34804,42.11472,1003.94,53710
20260430-235226,-OrWvTiE6g7JMxuPcHi7,2026-05-01 05:05:59+00:00,1777611959000,18812,25.34867,42.12066,1003.94,53676
20260430-235226,-OrWvW7sPLNThwREqSPS,2026-05-01 05:06:09+00:00,1777611969000,18822,25.34835,42.11475,1003.94,53814
20260430-235226,-OrWvY_GuY2O1pzavzyy,2026-05-01 05:06:19+00:00,1777611979000,18832,25.34867,42.12066,1003.94,53814
20260430-235226,-OrWva09N1dy37PFFbH_,2026-05-01 05:06:29+00:00,1777611989000,18842,25.34899,42.12069,1003.94,53710
20260430-235226,-OrWvcSaOpVOLj3BZ7a4,2026-05-01 05:06:39+00:00,1777611999000,18852,25.3493,42.12072,1003.94,53745
20260430-235226,-OrWvg2V-atlzgixoU92,2026-05-01 05:06:49+00:00,1777612009000,18862,25.34962,42.12663,1003.94,53952
20260430-235226,-OrWvhLDiDcjccnq5N5k,2026-05-01 05:06:59+00:00,1777612019000,18872,25.34962,42.13836,1003.94,53848
20260430-235226,-OrWvjoEjd0j78ec2ymo,2026-05-01 05:07:09+00:00,1777612029000,18882,25.34994,42.14425,1003.94,53641
20260430-235226,-OrWvmDZZCc-68Du_HcH,2026-05-01 05:07:19+00:00,1777612039000,18892,25.3493,42.13245,1003.94,53918
20260430-235226,-OrWvoedIM4zvE0ZZ0SZ,2026-05-01 05:07:29+00:00,1777612049000,18902,25.34962,42.14421,1003.94,53883
20260430-235226,-OrWvr68NgJxsBnjtx-6,2026-05-01 05:07:39+00:00,1777612059000,18912,25.34899,42.12656,1003.95001,53641
20260430-235226,-OrWvtZrfIxv3q3yiuKd,2026-05-01 05:07:49+00:00,1777612069000,18922,25.34899,42.11483,1003.95001,53641
20260430-235226,-OrWvvzdY5hULHLGJ2GR,2026-05-01 05:07:59+00:00,1777612079000,18932,25.34962,42.12077,1003.94,53745
20260430-235226,-OrWvyQk8phYVY1a-2Ln,2026-05-01 05:08:09+00:00,1777612089000,18942,25.3493,42.13245,1003.94,54057
20260430-235226,-OrWw-tFELtjoN44hF5e,2026-05-01 05:08:19+00:00,1777612099000,18952,25.34962,42.12077,1003.95001,53710
20260430-235226,-OrWw2KxkpEVfFO6gSu-,2026-05-01 05:08:29+00:00,1777612109000,18962,25.3493,42.13245,1003.95001,53745
20260430-235226,-OrWw4l1-3RJBTmNk7jH,2026-05-01 05:08:39+00:00,1777612119000,18972,25.3493,42.15004,1003.94,53710
20260430-235226,-OrWw7BSLRaqIl8E48Vn,2026-05-01 05:08:49+00:00,1777612129000,18982,25.3493,42.14418,1003.95001,53573
20260430-235226,-OrWw9dvktOaKAFR2E8g,2026-05-01 05:08:59+00:00,1777612139000,18992,25.35057,42.15018,1003.95001,53607
20260430-235226,-OrWwC4ju4z7f-Yb8Yz7,2026-05-01 05:09:09+00:00,1777612149000,19002,25.35057,42.15604,1003.96002,53745
20260430-235226,-OrWwEWRoLl4GXEO4ctN,2026-05-01 05:09:19+00:00,1777612159000,19012,25.35121,42.16785,1003.95001,53710
20260430-235226,-OrWwGxsPCTgAArUKtgT,2026-05-01 05:09:29+00:00,1777612169000,19022,25.35121,42.16785,1003.96002,53573
20260430-235226,-OrWwJP42_PGn8y_iqbT,2026-05-01 05:09:39+00:00,1777612179000,19032,25.35121,42.17372,1003.96002,53848
20260430-235226,-OrWwLq3HRFVm1xHIYrL,2026-05-01 05:09:49+00:00,1777612189000,19042,25.35121,42.17958,1003.95001,53676
20260430-235226,-OrWwOOIXkV1LQ9cg3tD,2026-05-01 05:09:59+00:00,1777612199000,19052,25.35057,42.1795,1003.96002,53883
20260430-235226,-OrWwQiwsDEEj6K07nGH,2026-05-01 05:10:09+00:00,1777612209000,19062,25.35089,42.17954,1003.96002,53676
20260430-235226,-OrWwTA4NBw-faY48QnQ,2026-05-01 05:10:19+00:00,1777612219000,19072,25.35025,42.17948,1003.95001,53573
20260430-235226,-OrWwVb62GQd3OSIAj9G,2026-05-01 05:10:29+00:00,1777612229000,19082,25.35121,42.17958,1003.96002,53745
20260430-235226,-OrWwY3Kz7ycfskskvhm,2026-05-01 05:10:39+00:00,1777612239000,19092,25.35184,42.16792,1003.96002,53607
20260430-235226,-OrWw_UXEy0d1lD-yDXB,2026-05-01 05:10:49+00:00,1777612249000,19102,25.35121,42.16785,1003.96002,53952
20260430-235226,-OrWwbxSFAC7hkuYuI7y,2026-05-01 05:10:59+00:00,1777612259000,19112,25.35184,42.16792,1003.96002,53710
20260430-235226,-OrWweOYHVQxDMuS3Sjv,2026-05-01 05:11:09+00:00,1777612269000,19122,25.35311,42.1622,1003.96002,53745
20260430-235226,-OrWwgoYZva923rZRQFT,2026-05-01 05:11:19+00:00,1777612279000,19132,25.35279,42.15044,1003.95001,53814
20260430-235226,-OrWwjFdbcpWvNx_2WgS,2026-05-01 05:11:29+00:00,1777612289000,19142,25.35216,42.17382,1003.95001,54057
20260430-235226,-OrWwlhCMizFiplm6gI8,2026-05-01 05:11:39+00:00,1777612299000,19152,25.35247,42.168,1003.95001,53883
20260430-235226,-OrWwo801zklP3LXD5Fb,2026-05-01 05:11:49+00:00,1777612309000,19162,25.35311,42.1622,1003.96002,53607
20260430-235226,-OrWwq_znzfwJGFlvkfc,2026-05-01 05:11:59+00:00,1777612319000,19172,25.35311,42.15634,1003.96002,53814
20260430-235226,-OrWwt13qRqlpnf4tr91,2026-05-01 05:12:09+00:00,1777612329000,19182,25.35342,42.17983,1003.96002,53918
20260430-235226,-OrWwvT702CMJhxm7okK,2026-05-01 05:12:19+00:00,1777612339000,19192,25.35311,42.17979,1003.95001,53710
20260430-235226,-OrWwxuP7ove-FOALNXM,2026-05-01 05:12:29+00:00,1777612349000,19202,25.35406,42.19163,1003.95001,53676
20260430-235226,-OrWx-LYQfn9bUuvlZDV,2026-05-01 05:12:39+00:00,1777612359000,19212,25.35279,42.20322,1003.95001,53814
20260430-235226,-OrWx1mVG1kc4Z0hvRmn,2026-05-01 05:12:49+00:00,1777612369000,19222,25.35406,42.19749,1003.95001,53504
20260430-235226,-OrWx4GSmDWFJtG9VIoi,2026-05-01 05:12:59+00:00,1777612379000,19232,25.35406,42.19749,1003.94,53745
20260430-235226,-OrWx6sF6wUXp0AK7nqr,2026-05-01 05:13:09+00:00,1777612389000,19242,25.35469,42.20343,1003.95001,53814
20260430-235226,-OrWx96TfQbn4rBYmK1c,2026-05-01 05:13:19+00:00,1777612399000,19252,25.35501,42.20933,1003.94,53539
20260430-235226,-OrWxBYZylKA5Wv_j3vK,2026-05-01 05:13:29+00:00,1777612409000,19262,25.35437,42.23273,1003.94,53607
20260430-235226,-OrWxE-pUnt0XyVRHcws,2026-05-01 05:13:39+00:00,1777612419000,19272,25.35374,42.23266,1003.94,54092
20260430-235226,-OrWxGRPfDaee5oFz5CD,2026-05-01 05:13:49+00:00,1777612429000,19282,25.35406,42.25029,1003.95001,53676
20260430-235226,-OrWxIsb1-F4Yjf03ICm,2026-05-01 05:13:59+00:00,1777612439000,19292,25.35469,42.25037,1003.95001,53607
20260430-235226,-OrWxLK33_ErdZPXf9t-,2026-05-01 05:14:09+00:00,1777612449000,19302,25.35469,42.23863,1003.95001,53539
20260430-235226,-OrWxNlH5fhDMuuH3pqj,2026-05-01 05:14:19+00:00,1777612459000,19312,25.35564,42.25047,1003.95001,53745
20260430-235226,-OrWxQDT9OSGVG9E3wwZ,2026-05-01 05:14:29+00:00,1777612469000,19322,25.35501,42.24453,1003.96002,53952
20260430-235226,-OrWxSirW4LyoV7AD24m,2026-05-01 05:14:39+00:00,1777612479000,19332,25.35501,42.2328,1003.96002,54092
20260430-235226,-OrWxV4iq8EdgW5T3HZG,2026-05-01 05:14:49+00:00,1777612489000,19342,25.35501,42.2328,1003.96002,53745
20260430-235226,-OrWxXWtOfN-NDfdYGyk,2026-05-01 05:14:59+00:00,1777612499000,19352,25.35533,42.2387,1003.96002,53745
20260430-235226,-OrWx_-2ZhhtyRz6iHO9,2026-05-01 05:15:09+00:00,1777612509000,19362,25.35533,42.2387,1003.95001,53641
20260430-235226,-OrWxbPfNoyiIJ5E7ybN,2026-05-01 05:15:19+00:00,1777612519000,19372,25.35533,42.22697,1003.96002,53641
20260430-235226,-OrWxdqyyGs2zhPHQ0jG,2026-05-01 05:15:29+00:00,1777612529000,19382,25.35533,42.23284,1003.95001,53676
20260430-235226,-OrWxgHwQLacS8Gt6bMc,2026-05-01 05:15:39+00:00,1777612539000,19392,25.35628,42.25642,1003.95001,53539
20260430-235226,-OrWxijUo90FqddQY_ei,2026-05-01 05:15:49+00:00,1777612549000,19402,25.35596,42.25051,1003.95001,53710
20260430-235226,-OrWxlAl2pXxLA-wwnYb,2026-05-01 05:15:59+00:00,1777612559000,19412,25.35564,42.23874,1003.95001,53779
20260430-235226,-OrWxnxjtdYFo86jthKD,2026-05-01 05:16:09+00:00,1777612569000,19422,25.35628,42.25642,1003.95001,53676
20260430-235226,-OrWxqtVmQo_SANZzRH_,2026-05-01 05:16:19+00:00,1777612579000,19432,25.35723,42.25066,1003.96002,53952
20260430-235226,-OrWxsVmeI7kfNPTexml,2026-05-01 05:16:29+00:00,1777612589000,19442,25.35818,42.2625,1003.96002,53607
20260430-235226,-OrWxuwR0eJQEvaLcKqh,2026-05-01 05:16:39+00:00,1777612599000,19452,25.35818,42.2625,1003.95001,53676
20260430-235226,-OrWxxNZANouqCgs2QWj,2026-05-01 05:16:49+00:00,1777612609000,19462,25.35754,42.25656,1003.96002,53710
20260430-235226,-OrWxzqiB2HMm6QctBof,2026-05-01 05:16:59+00:00,1777612619000,19472,25.35691,42.25649,1003.96002,54057
20260430-235226,-OrWy1gjcJq7KzoZXg5f,2026-05-01 05:17:09+00:00,1777612629000,19482,25.35754,42.25656,1003.95001,53641
20260430-235226,-OrWy3hS4--a7N1CYJ6r,2026-05-01 05:17:19+00:00,1777612639000,19492,25.35786,42.26833,1003.95001,53676
20260430-235226,-OrWy6A1yJXA1EJAjD5L,2026-05-01 05:17:29+00:00,1777612649000,19502,25.35754,42.26243,1003.95001,53848
20260430-235226,-OrWy8a7f4cV_9vfoCiO,2026-05-01 05:17:39+00:00,1777612659000,19512,25.35754,42.26243,1003.96002,53710
20260430-235226,-OrWyB1RmkAmYu_YCQcb,2026-05-01 05:17:49+00:00,1777612669000,19522,25.35849,42.25667,1003.96002,53848
20260430-235226,-OrWyDV2ZKfz4Fi4xR5l,2026-05-01 05:17:59+00:00,1777612679000,19532,25.35818,42.25076,1003.96002,53814
20260430-235226,-OrWyFuhAnph5hEsWdwJ,2026-05-01 05:18:09+00:00,1777612689000,19542,25.35881,42.22736,1003.96002,53676
20260430-235226,-OrWyILzSZ_p396h2E81,2026-05-01 05:18:19+00:00,1777612699000,19552,25.35945,42.22744,1003.96002,53641
20260430-235226,-OrWyKmw0CbyIvQyGx08,2026-05-01 05:18:29+00:00,1777612709000,19562,25.36008,42.2275,1003.95001,53710
20260430-235226,-OrWyNF-hCxJp0XlQ3Py,2026-05-01 05:18:39+00:00,1777612719000,19572,25.3604,42.21581,1003.96002,53641
20260430-235226,-OrWyPg4NsZ8M16g6Dck,2026-05-01 05:18:49+00:00,1777612729000,19582,25.36071,42.21585,1003.96002,53779
20260430-235226,-OrWyS89oBayXEfkuUw6,2026-05-01 05:18:59+00:00,1777612739000,19592,25.36103,42.22175,1003.96002,53676
20260430-235226,-OrWyUZ4-QhQvVEuWCiK,2026-05-01 05:19:09+00:00,1777612749000,19602,25.36103,42.22761,1003.96002,53573
20260430-235226,-OrWyX-WcfG3tDugvnxs,2026-05-01 05:19:19+00:00,1777612759000,19612,25.36166,42.26289,1003.96997,53710
20260430-235226,-OrWyarSocMmFTK9d38u,2026-05-01 05:19:29+00:00,1777612769000,19622,25.36135,42.28046,1003.96997,53573
20260430-235226,-OrWyaz4pIry2K2FDbhE,2026-05-01 05:19:39+00:00,1777612779000,19632,25.36135,42.28632,1003.96997,53198
20260430-235226,-OrWydQ4l6ai4QrwQyus,2026-05-01 05:19:49+00:00,1777612789000,19642,25.36166,42.28637,1003.96997,53300
20260430-235226,-OrWyfrfXYYuwb5mAmE3,2026-05-01 05:19:59+00:00,1777612799000,19652,25.36198,42.28053,1003.96997,53539
20260430-235226,-OrWyiIYy7PqfHcMl1sE,2026-05-01 05:20:09+00:00,1777612809000,19662,25.36261,42.26887,1003.97998,53779
20260430-235226,-OrWykmUfEhGRvhXQ6rb,2026-05-01 05:20:19+00:00,1777612819000,19672,25.36325,42.28067,1003.97998,53607
20260430-235226,-OrWynBDfPwG6_SOJ-1R,2026-05-01 05:20:29+00:00,1777612829000,19682,25.36452,42.26908,1003.96997,53641
20260430-235226,-OrWypcXLX_hBT7eTT0F,2026-05-01 05:20:39+00:00,1777612839000,19692,25.3642,42.26904,1003.96997,53641
20260430-235226,-OrWys3TmIgOHbs7S_Q_,2026-05-01 05:20:49+00:00,1777612849000,19702,25.36452,42.25734,1003.96997,53745
20260430-235226,-OrWyuVilcdNDjAqMipH,2026-05-01 05:20:59+00:00,1777612859000,19712,25.36452,42.27494,1003.96002,53779
20260430-235226,-OrWywxHtepsXJpCldTQ,2026-05-01 05:21:09+00:00,1777612869000,19722,25.36515,42.25742,1003.96002,53779
20260430-235226,-OrWyzOCU_NuG_TM32c1,2026-05-01 05:21:19+00:00,1777612879000,19732,25.36515,42.26915,1003.96002,53676
20260430-235226,-OrWz0qHB-LTbQ65ngD4,2026-05-01 05:21:29+00:00,1777612889000,19742,25.36515,42.27502,1003.96997,53641
20260430-235226,-OrWz3Gwkaf2kyZ7bUax,2026-05-01 05:21:39+00:00,1777612899000,19752,25.36483,42.27499,1003.96997,53745
20260430-235226,-OrWz5i95HzMgOnY8iST,2026-05-01 05:21:49+00:00,1777612909000,19762,25.36483,42.28672,1003.96997,53504
20260430-235226,-OrWz89AEfLtE2VTLNQE,2026-05-01 05:21:59+00:00,1777612919000,19772,25.36483,42.29259,1003.96997,53676
20260430-235226,-OrWzAbDkYNIqGulXjIa,2026-05-01 05:22:09+00:00,1777612929000,19782,25.36515,42.29263,1003.96997,53504
20260430-235226,-OrWzD1vlib53mD6_hhR,2026-05-01 05:22:19+00:00,1777612939000,19792,25.36547,42.29266,1003.96997,53607
20260430-235226,-OrWzFhQbcqxsi7-qPPM,2026-05-01 05:22:29+00:00,1777612949000,19802,25.36547,42.29266,1003.96997,53814
20260430-235226,-OrWzHwuqbAW-ktefopa,2026-05-01 05:22:39+00:00,1777612959000,19812,25.36642,42.29276,1003.97998,53470
20260430-235226,-OrWzKQZNWYtYPBhcSWC,2026-05-01 05:22:49+00:00,1777612969000,19822,25.36547,42.29266,1003.96997,53607
20260430-235226,-OrWzMo6JEnBU1dIv88e,2026-05-01 05:22:59+00:00,1777612979000,19832,25.36483,42.28672,1003.96997,53710
20260430-235226,-OrWzPFgEWj6Jm7WQHuL,2026-05-01 05:23:09+00:00,1777612989000,19842,25.36578,42.28096,1003.96997,53745
20260430-235226,-OrWzRgq36POKxdYBfWk,2026-05-01 05:23:19+00:00,1777612999000,19852,25.36674,42.2752,1003.96997,53848
20260430-235226,-OrWzUTIDqKtF3FdbjHx,2026-05-01 05:23:29+00:00,1777613009000,19862,25.36642,42.27516,1003.96002,53641
20260430-235226,-OrWzW_78CJVyn8zg-UQ,2026-05-01 05:23:39+00:00,1777613019000,19872,25.3661,42.26339,1003.96997,53641
20260430-235226,-OrWzZ0sHcF_MMCG_IIe,2026-05-01 05:23:49+00:00,1777613029000,19882,25.3661,42.26926,1003.96997,53504
20260430-235226,-OrWzaSPxJSJ_eLVeqni,2026-05-01 05:23:59+00:00,1777613039000,19892,25.36642,42.27516,1003.96997,53676
20260430-235226,-OrWzctp9Y3HoPYFyzr4,2026-05-01 05:24:09+00:00,1777613049000,19902,25.36705,42.29871,1003.96997,53607
20260430-235226,-OrWzfKU1ko9tZC7lzYI,2026-05-01 05:24:19+00:00,1777613059000,19912,25.36705,42.30458,1003.96002,53436
20260430-235226,-OrWzhmE9BmX_bFntfLD,2026-05-01 05:24:29+00:00,1777613069000,19922,25.36737,42.28701,1003.96997,53607
20260430-235226,-OrWzkDPZkMtoe9AgG2h,2026-05-01 05:24:39+00:00,1777613079000,19932,25.36705,42.28697,1003.96002,53573
20260430-235226,-OrWzmeaHS_j8NC0k8Sj,2026-05-01 05:24:49+00:00,1777613089000,19942,25.36769,42.30465,1003.96002,53676
20260430-235226,-OrWzp5k2Q506ks-BSiy,2026-05-01 05:24:59+00:00,1777613099000,19952,25.36769,42.31639,1003.96997,53573
20260430-235226,-OrWzrYRIQHTRtX3JcC1,2026-05-01 05:25:09+00:00,1777613109000,19962,25.36991,42.31077,1003.96997,53710
20260430-235226,-OrWztzZTCa-EVfqXquC,2026-05-01 05:25:19+00:00,1777613119000,19972,25.37054,42.31084,1003.97998,53607
20260430-235226,-OrWzwRXJ58Z96B5aSU3,2026-05-01 05:25:29+00:00,1777613129000,19982,25.37054,42.32258,1003.96997,53779
20260430-235226,-OrX-1JzvbeGNj8Gbi7h,2026-05-01 05:25:39+00:00,1777613139000,19992,25.36991,42.32251,1003.97998,53504
20260430-235226,-OrX-1Rn9GER8jZcfN9S,2026-05-01 05:25:54+00:00,1777613154000,20007,25.36864,42.36346,1003.97998,50965
20260430-235226,-OrX-3sdvSD9cNA70A3b,2026-05-01 05:26:04+00:00,1777613164000,20017,25.36864,42.32824,1003.97998,51880
20260430-235226,-OrX-6KW84TJSeeLGHo7,2026-05-01 05:26:14+00:00,1777613174000,20027,25.36864,42.32824,1003.98999,52269
20260430-235226,-OrX-8ls-usCYHX8w72S,2026-05-01 05:26:24+00:00,1777613184000,20037,25.36832,42.32821,1003.98999,52730
20260430-235226,-OrX-BCem5OJru91VuKE,2026-05-01 05:26:34+00:00,1777613194000,20047,25.36864,42.33411,1003.98999,53266
20260430-235226,-OrX-DehYOJFprQgzYdC,2026-05-01 05:26:44+00:00,1777613204000,20057,25.36864,42.32824,1003.98999,53064
20260430-235226,-OrX-G5kbi4pRQQYPqb4,2026-05-01 05:26:54+00:00,1777613214000,20067,25.36927,42.34005,1004.0,53131
20260430-235226,-OrX-IXQIM-w57DVMp0q,2026-05-01 05:27:04+00:00,1777613224000,20077,25.36959,42.32835,1003.98999,53300
20260430-235226,-OrX-Ky3ahqrlSM1K00a,2026-05-01 05:27:14+00:00,1777613234000,20087,25.36959,42.32248,1003.98999,53266
20260430-235226,-OrX-NPgoVLIHsDv7PeC,2026-05-01 05:27:24+00:00,1777613244000,20097,25.36927,42.33418,1003.98999,53266
20260430-235226,-OrX-PqqCssmKFxJxMpp,2026-05-01 05:27:34+00:00,1777613254000,20107,25.36991,42.33425,1004.0,53368
20260430-235226,-OrX-SI-_TIh-xsJtQLO,2026-05-01 05:27:44+00:00,1777613264000,20117,25.37086,42.34611,1004.0,53368
20260430-235226,-OrX-UjHuGazlOLik41u,2026-05-01 05:27:54+00:00,1777613274000,20127,25.37022,42.34603,1004.01001,53607
20260430-235226,-OrX-XArA9Wzt8lWS-VY,2026-05-01 05:28:04+00:00,1777613284000,20137,25.37022,42.35191,1004.01001,53436
20260430-235226,-OrX-ZbmZWh0cWuN0GSZ,2026-05-01 05:28:14+00:00,1777613294000,20147,25.37054,42.34019,1004.02002,53607
20260430-235226,-OrX-b3XtsSFwAjLfYSQ,2026-05-01 05:28:24+00:00,1777613304000,20157,25.37086,42.32262,1004.01001,53470
20260430-235226,-OrX-dW-EixWJ9J8OGgj,2026-05-01 05:28:34+00:00,1777613314000,20167,25.37086,42.31675,1004.02002,53334
20260430-235226,-OrX-gbYws-y8phGR0FY,2026-05-01 05:28:44+00:00,1777613324000,20177,25.37086,42.31088,1004.02002,53436
20260430-235226,-OrX-iOEgBzu2msNSAoj,2026-05-01 05:28:54+00:00,1777613334000,20187,25.37181,42.32859,1004.03003,53470
20260430-235226,-OrX-kpXqgCGrJN-AAz9,2026-05-01 05:29:04+00:00,1777613344000,20197,25.37339,42.31704,1004.03003,53814
20260430-235226,-OrX-nH-3CLXey8kEJBU,2026-05-01 05:29:14+00:00,1777613354000,20207,25.37371,42.3112,1004.02002,53676
20260430-235226,-OrX-pheEnjhABhmIWJ3,2026-05-01 05:29:24+00:00,1777613364000,20217,25.37339,42.31704,1004.02002,53539
20260430-235226,-OrX-s9-eLj57Zyz7Nvf,2026-05-01 05:29:34+00:00,1777613374000,20227,25.37212,42.32277,1004.03003,53641
20260430-235226,-OrX-u_yfnhrKhYeeBf7,2026-05-01 05:29:44+00:00,1777613384000,20237,25.37086,42.31675,1004.03003,53470
20260430-235226,-OrX-x1EpPkTNRnJ-KDp,2026-05-01 05:29:54+00:00,1777613394000,20247,25.37181,42.32273,1004.03003,53573
20260430-235226,-OrX-zUB34G9BxiPDSto,2026-05-01 05:30:04+00:00,1777613404000,20257,25.37276,42.29935,1004.03003,53402
20260430-235226,-OrX00usbqkvu08dNcMn,2026-05-01 05:30:14+00:00,1777613414000,20267,25.37339,42.31704,1004.03003,53573
20260430-235226,-OrX03MalrUzqGIiAAa6,2026-05-01 05:30:24+00:00,1777613424000,20277,25.37339,42.31704,1004.03003,53436
20260430-235226,-OrX05oNKt9qWAxA1CRL,2026-05-01 05:30:34+00:00,1777613434000,20287,25.37403,42.32298,1004.03003,53504
20260430-235226,-OrX08EmUyGFsee2UxFv,2026-05-01 05:30:44+00:00,1777613444000,20297,25.37434,42.33475,1004.02002,53573
20260430-235226,-OrX0AfnaQMQSBgBRGvt,2026-05-01 05:30:54+00:00,1777613454000,20307,25.37434,42.3465,1004.03003,53573
20260430-235226,-OrX0D7nT7ep_iEF0m4T,2026-05-01 05:31:04+00:00,1777613464000,20317,25.37466,42.34066,1004.03003,53368
20260430-235226,-OrX0FZwTQsA9caxCxPa,2026-05-01 05:31:14+00:00,1777613474000,20327,25.37466,42.32305,1004.03003,53607
20260430-235226,-OrX0I0SpiWpwxhx0uV3,2026-05-01 05:31:24+00:00,1777613484000,20337,25.37529,42.31138,1004.01001,53607
20260430-235226,-OrX0KRgSTLc4sIrGCpZ,2026-05-01 05:31:34+00:00,1777613494000,20347,25.37593,42.31145,1004.02002,53607
20260430-235226,-OrX0MxmIctAIQk1wY1Q,2026-05-01 05:31:44+00:00,1777613504000,20357,25.37688,42.30569,1004.01001,53573
20260430-235226,-OrX0S-Thosc98NIC02F,2026-05-01 05:31:54+00:00,1777613514000,20367,25.37751,42.33511,1004.02002,53504
20260430-235226,-OrX0S6myo_neZypEeY3,2026-05-01 05:32:05+00:00,1777613525000,20378,25.37624,42.35846,1004.02002,52863
20260430-235226,-OrX0UZq6UOwRI8Vusij,2026-05-01 05:32:15+00:00,1777613535000,20388,25.37593,42.34668,1004.02002,53030
20260430-235226,-OrX0X0VKb1aSOwK_7Iz,2026-05-01 05:32:25+00:00,1777613545000,20398,25.37656,42.335,1004.03003,53368
20260430-235226,-OrX0ZS5x4GD3y0mR-Fc,2026-05-01 05:32:35+00:00,1777613555000,20408,25.37593,42.33493,1004.02002,53266
20260430-235226,-OrX0at4XiCCcwZinQ91,2026-05-01 05:32:45+00:00,1777613565000,20418,25.37561,42.32902,1004.02002,53470
20260430-235226,-OrX0dMAEzLfRo7aVDnK,2026-05-01 05:32:55+00:00,1777613575000,20428,25.37593,42.34668,1004.01001,53641
20260430-235226,-OrX0flNs7VFhogTRimZ,2026-05-01 05:33:05+00:00,1777613585000,20438,25.37719,42.36443,1004.02002,53504
20260430-235226,-OrX0iDvh8vzgsKTxOvH,2026-05-01 05:33:15+00:00,1777613595000,20448,25.37815,42.35867,1004.03003,53436
20260430-235226,-OrX0kebv_iF0WF9r3re,2026-05-01 05:33:25+00:00,1777613605000,20458,25.37783,42.34689,1004.02002,53779
20260430-235226,-OrX0n5w-tXYKr0dFBZC,2026-05-01 05:33:35+00:00,1777613615000,20468,25.37878,42.34699,1004.01001,53641
20260430-235226,-OrX0pXQMaI8rFC_HzLY,2026-05-01 05:33:45+00:00,1777613625000,20478,25.37941,42.36469,1004.02002,53745
20260430-235226,-OrX0rzMydKZJxMTct57,2026-05-01 05:33:55+00:00,1777613635000,20488,25.37973,42.37059,1004.02002,53607
20260430-235226,-OrX0uQ13HHKcKY8Ag_X,2026-05-01 05:34:05+00:00,1777613645000,20498,25.38036,42.38241,1004.02002,53607
20260430-235226,-OrX0yVgPInJ2vlgOjf3,2026-05-01 05:34:15+00:00,1777613655000,20509,25.38036,42.39416,1004.02002,53300
20260430-235226,-OrX0zPP9t92Iw83oaSU,2026-05-01 05:34:25+00:00,1777613665000,20519,25.38068,42.40007,1004.02002,53334
20260430-235226,-OrX10r5wXjcsJJdg5oB,2026-05-01 05:34:35+00:00,1777613675000,20529,25.37941,42.39992,1004.02002,53368
20260430-235226,-OrX13HYZaS62lojhYuk,2026-05-01 05:34:45+00:00,1777613685000,20539,25.37973,42.37646,1004.02002,53641
20260430-235226,-OrX18NM8JmJszimppJM,2026-05-01 05:34:55+00:00,1777613695000,20549,25.38005,42.36475,1004.01001,53470
20260430-235226,-OrX18i-NdFoc0aqLXFQ,2026-05-01 05:35:08+00:00,1777613708000,20561,25.37941,42.3823,1004.02002,52432
20260430-235226,-OrX1B9vVPrvGdpqllDq,2026-05-01 05:35:18+00:00,1777613718000,20571,25.37878,42.37635,1004.02002,52963
20260430-235226,-OrX1Db-AhchnPX-rYgZ,2026-05-01 05:35:28+00:00,1777613728000,20581,25.37973,42.37646,1004.02002,53030
20260430-235226,-OrX1G1jrtnoVFWxDdax,2026-05-01 05:35:38+00:00,1777613738000,20591,25.37973,42.3882,1004.02002,53402
20260430-235226,-OrX1IUSTGBCBSCx1t_C,2026-05-01 05:35:48+00:00,1777613748000,20601,25.38036,42.38241,1004.02002,53165
20260430-235226,-OrX1KvIl138uG2AJXub,2026-05-01 05:35:58+00:00,1777613758000,20611,25.38163,42.38842,1004.02002,53266
20260430-235226,-OrX1NO3AOMDiHsKRwZF,2026-05-01 05:36:08+00:00,1777613768000,20621,25.38195,42.37671,1004.01001,53232
20260430-235226,-OrX1Pnre5KO_UCtN99d,2026-05-01 05:36:18+00:00,1777613778000,20631,25.3829,42.38269,1004.02002,53470
20260430-235226,-OrX1SFRCdpPjj510U9i,2026-05-01 05:36:28+00:00,1777613788000,20641,25.38258,42.37091,1004.02002,53402
20260430-235226,-OrX1UgIxzliQ8UlFQ1L,2026-05-01 05:36:38+00:00,1777613798000,20651,25.38353,42.37102,1004.02002,53334
20260430-235226,-OrX1X7nTRYkGTY_TTwW,2026-05-01 05:36:48+00:00,1777613808000,20661,25.3848,42.36529,1004.02002,53402
20260430-235226,-OrX1ZZjsUDhtgtf4ftv,2026-05-01 05:36:58+00:00,1777613818000,20671,25.38512,42.38294,1004.02002,53402
20260430-235226,-OrX1b14e0LDsUfuncxj,2026-05-01 05:37:08+00:00,1777613828000,20681,25.38449,42.38288,1004.02002,53402
20260430-235226,-OrX1dSYAiNNCVm9xSgO,2026-05-01 05:37:18+00:00,1777613838000,20691,25.3848,42.39465,1004.02002,53607
20260430-235226,-OrX1fu4--jJMTmmhp0w,2026-05-01 05:37:28+00:00,1777613848000,20701,25.38449,42.38288,1004.03003,53607
20260430-235226,-OrX1iL18m6ThPb764Kt,2026-05-01 05:37:38+00:00,1777613858000,20711,25.38353,42.37102,1004.02002,53539
20260430-235226,-OrX1kmcppyfFVDkwAYf,2026-05-01 05:37:48+00:00,1777613868000,20721,25.38417,42.38284,1004.02002,53883
20260430-235226,-OrX1nilLUCcGVG1RM3t,2026-05-01 05:37:58+00:00,1777613878000,20731,25.38449,42.40049,1004.02002,53504
20260430-235226,-OrX1peduvt6--QxsK1W,2026-05-01 05:38:08+00:00,1777613888000,20741,25.38449,42.40049,1004.03003,53676
20260430-235226,-OrX1s66GjbehnWiFjct,2026-05-01 05:38:18+00:00,1777613898000,20751,25.38544,42.42997,1004.03003,53745
20260430-235226,-OrX1uYHrWtUxLJC8XvQ,2026-05-01 05:38:28+00:00,1777613908000,20761,25.3867,42.41249,1004.03003,53504
20260430-235226,-OrX1wzlCQu0aZluF2R5,2026-05-01 05:38:38+00:00,1777613918000,20771,25.38639,42.40658,1004.03003,53676
20260430-235226,-OrX1zRQJic5yd3dqb3m,2026-05-01 05:38:48+00:00,1777613928000,20781,25.3867,42.42424,1004.03998,53539
20260430-235226,-OrX20tGpLLg3qcjSgw4,2026-05-01 05:38:58+00:00,1777613938000,20791,25.3867,42.389,1004.03003,53607
20260430-235226,-OrX23JR6VSenqaBGkQl,2026-05-01 05:39:08+00:00,1777613948000,20801,25.38734,42.39494,1004.03003,53504
20260430-235226,-OrX25kmmbsSU3GZmzUB,2026-05-01 05:39:18+00:00,1777613958000,20811,25.38765,42.37736,1004.03998,53883
20260430-235226,-OrX28CkIJ9Ut33-3V6g,2026-05-01 05:39:28+00:00,1777613968000,20821,25.3867,42.40075,1004.03998,53607
20260430-235226,-OrX2Ae9cdDw7xtcDlZ1,2026-05-01 05:39:38+00:00,1777613978000,20831,25.38639,42.41832,1004.03998,53745
20260430-235226,-OrX2D5CQLsTFI4yyYFB,2026-05-01 05:39:48+00:00,1777613988000,20841,25.38639,42.43595,1004.03998,53607
20260430-235226,-OrX2FWVZLatXENODSQI,2026-05-01 05:39:58+00:00,1777613998000,20851,25.38639,42.41245,1004.03998,53539
20260430-235226,-OrX2HxWFLz-7gReqmfT,2026-05-01 05:40:08+00:00,1777614008000,20861,25.38607,42.40654,1004.03003,53641
20260430-235226,-OrX2Ks52gT7N96n1ftr,2026-05-01 05:40:18+00:00,1777614018000,20871,25.3867,42.41249,1004.03003,53436
20260430-235226,-OrX2Mvvm4hTjHAALvrf,2026-05-01 05:40:28+00:00,1777614028000,20881,25.38702,42.41252,1004.03003,53641
20260430-235226,-OrX2PP1F0HtehAtJAHv,2026-05-01 05:40:38+00:00,1777614038000,20891,25.38765,42.4126,1004.03003,53539
20260430-235226,-OrX2Rob8Mt4_8Xou015,2026-05-01 05:40:48+00:00,1777614048000,20901,25.38861,42.40095,1004.03003,53436
20260430-235226,-OrX2VlLAEVL1uwS393N,2026-05-01 05:40:58+00:00,1777614058000,20911,25.38924,42.41278,1004.03998,53402
20260430-235226,-OrX2Wgcm0yKKaNF2lXN,2026-05-01 05:41:08+00:00,1777614068000,20921,25.38987,42.41872,1004.03003,53607
20260430-235226,-OrX2Z8oHMQrae76TJ0D,2026-05-01 05:41:18+00:00,1777614078000,20931,25.38987,42.43047,1004.03998,53334
20260430-235226,-OrX2aa4iz1L9fCOnxU3,2026-05-01 05:41:28+00:00,1777614088000,20941,25.39051,42.41879,1004.03998,53539
20260430-235226,-OrX2d1Y0PJ40gaTjX1e,2026-05-01 05:41:38+00:00,1777614098000,20951,25.39146,42.40128,1004.03998,53779
20260430-235226,-OrX2fT7lqA1clmiGfZ3,2026-05-01 05:41:48+00:00,1777614108000,20961,25.39241,42.40726,1004.03998,53676
20260430-235226,-OrX2hv17MfeE8034rYO,2026-05-01 05:41:58+00:00,1777614118000,20971,25.39241,42.4425,1004.03998,53607
20260430-235226,-OrX2kLon_8NAEDkAqnh,2026-05-01 05:42:08+00:00,1777614128000,20981,25.39431,42.45446,1004.03998,53676
20260430-235226,-OrX2mqOqUY64mxA0znf,2026-05-01 05:42:18+00:00,1777614138000,20991,25.39367,42.44852,1004.03998,53402
20260430-235226,-OrX2pDqnMVFgnb7FNP1,2026-05-01 05:42:28+00:00,1777614148000,21001,25.39367,42.44852,1004.03003,53607
20260430-235226,-OrX2rg0yXU5A4RNxmHc,2026-05-01 05:42:38+00:00,1777614158000,21011,25.39367,42.43677,1004.03003,53676
20260430-235226,-OrX2u6Uq7as_j9-zHc2,2026-05-01 05:42:48+00:00,1777614168000,21021,25.39399,42.45444,1004.03003,53607
20260430-235226,-OrX2w_lCMVwXP9tTIOl,2026-05-01 05:42:58+00:00,1777614178000,21031,25.39399,42.44269,1004.03998,53710
20260430-235226,-OrX2yzgtw3PoW_FfG42,2026-05-01 05:43:08+00:00,1777614188000,21041,25.39494,42.46629,1004.03998,53539
20260430-235226,-OrX30T5-C5KJODTzWz4,2026-05-01 05:43:18+00:00,1777614198000,21051,25.39558,42.46048,1004.04999,53607
20260430-235226,-OrX32sBovn6YLSS0JLa,2026-05-01 05:43:28+00:00,1777614208000,21061,25.39494,42.45454,1004.03998,53779
20260430-235226,-OrX35L8osSvxIMZb5A0,2026-05-01 05:43:38+00:00,1777614218000,21071,25.39589,42.46639,1004.04999,53470
20260430-235226,-OrX37kq0wi-6jSGaE9H,2026-05-01 05:43:48+00:00,1777614228000,21081,25.39589,42.46052,1004.03998,53470
20260430-235226,-OrX3ACKn4Y1t4xAS0sL,2026-05-01 05:43:58+00:00,1777614238000,21091,25.39589,42.45464,1004.03003,53607
20260430-235226,-OrX3DNQ0ievhJlExKE9,2026-05-01 05:44:08+00:00,1777614248000,21101,25.39558,42.44874,1004.03003,53504
20260430-235226,-OrX3F5gDZ9wwhPaMwfN,2026-05-01 05:44:18+00:00,1777614258000,21111,25.39589,42.46052,1004.03998,53745
20260430-235226,-OrX3HXNF-jMVPL22IuB,2026-05-01 05:44:28+00:00,1777614268000,21121,25.39653,42.47235,1004.04999,53918
20260430-235226,-OrX3K-dfrb8QsByDg_Z,2026-05-01 05:44:38+00:00,1777614278000,21131,25.39748,42.45483,1004.04999,53641
20260430-235226,-OrX3MPRNNQ-h3uBYtzU,2026-05-01 05:44:48+00:00,1777614288000,21141,25.39748,42.45483,1004.06,53745
20260430-235226,-OrX3Osfrz4qkLhRFld2,2026-05-01 05:44:58+00:00,1777614298000,21151,25.3978,42.44899,1004.06,53745
20260430-235226,-OrX3RIgx7O3kJ1veqgR,2026-05-01 05:45:08+00:00,1777614308000,21161,25.39811,42.44902,1004.04999,53573
20260430-235226,-OrX3TjcBuXsjOziFGwo,2026-05-01 05:45:18+00:00,1777614318000,21171,25.39811,42.44315,1004.04999,53676
20260430-235226,-OrX3WAxyn6s__sC7Kkn,2026-05-01 05:45:28+00:00,1777614328000,21181,25.39811,42.4549,1004.04999,53710
20260430-235226,-OrX3YcLkqDrqaSMFrkf,2026-05-01 05:45:38+00:00,1777614338000,21191,25.39875,42.43735,1004.04999,53607
20260430-235226,-OrX3a2yvn8R1nBAzxSB,2026-05-01 05:45:48+00:00,1777614348000,21201,25.39843,42.43143,1004.06,53607
20260430-235226,-OrX3cVvG25IQaIY1ZLs,2026-05-01 05:45:58+00:00,1777614358000,21211,25.39843,42.44318,1004.04999,53676
20260430-235226,-OrX3ewRuuRwovXE1bwY,2026-05-01 05:46:08+00:00,1777614368000,21221,25.39875,42.41972,1004.03998,53883
20260430-235226,-OrX3hNta_RPwDUtqpTk,2026-05-01 05:46:18+00:00,1777614378000,21231,25.39938,42.40805,1004.04999,53402
20260430-235226,-OrX3jp2eFWpKk7mTivh,2026-05-01 05:46:28+00:00,1777614388000,21241,25.40033,42.40815,1004.04999,53504
20260430-235226,-OrX3mHAJ4aFhRcBs4z-,2026-05-01 05:46:38+00:00,1777614398000,21251,25.40033,42.40815,1004.04999,53710
20260430-235226,-OrX3ohnCZMwo9-r8MJm,2026-05-01 05:46:48+00:00,1777614408000,21261,25.40033,42.43165,1004.04999,53883
20260430-235226,-OrX3r9ZvVGr8Iwp_lfr,2026-05-01 05:46:58+00:00,1777614418000,21271,25.40128,42.42589,1004.06,53402
20260430-235226,-OrX3taDnmSu_elYEyEl,2026-05-01 05:47:08+00:00,1777614428000,21281,25.40065,42.42581,1004.06,53573
20260430-235226,-OrX3wV8PTNslHDhmeSO,2026-05-01 05:47:18+00:00,1777614438000,21291,25.40128,42.43176,1004.06,53607
20260430-235226,-OrX3yTJ_FfJr6Yxq2QE,2026-05-01 05:47:28+00:00,1777614448000,21301,25.4016,42.43179,1004.06,53539
20260430-235226,-OrX4-wZXrJ9-ohTvBMu,2026-05-01 05:47:38+00:00,1777614458000,21311,25.40223,42.39662,1004.06,53883
20260430-235226,-OrX42MDODmLZ9g-qk30,2026-05-01 05:47:48+00:00,1777614468000,21321,25.40192,42.39071,1004.06,53676
20260430-235226,-OrX44o2nIAHXtXOnHV4,2026-05-01 05:47:58+00:00,1777614478000,21331,25.40318,42.4026,1004.06,53607
20260430-235226,-OrX47EbQRrN8AsYzU8s,2026-05-01 05:48:08+00:00,1777614488000,21341,25.40287,42.42019,1004.06,53539
20260430-235226,-OrX49fuF6mJA07OV9Te,2026-05-01 05:48:18+00:00,1777614498000,21351,25.40192,42.39658,1004.07001,53883
20260430-235226,-OrX4C7jp_U22yfMBYTj,2026-05-01 05:48:28+00:00,1777614508000,21361,25.4016,42.40242,1004.06,53641
20260430-235226,-OrX4E_phLrPmovRfDqB,2026-05-01 05:48:38+00:00,1777614518000,21371,25.40192,42.42595,1004.07001,53436
20260430-235226,-OrX4H-gSttAeG33drx2,2026-05-01 05:48:48+00:00,1777614528000,21381,25.40223,42.41424,1004.08002,53573
20260430-235226,-OrX4JWz1a9_cFLCpMeA,2026-05-01 05:48:58+00:00,1777614538000,21391,25.40318,42.43784,1004.08002,53676
20260430-235226,-OrX4Lt1XPWgocSoIE02,2026-05-01 05:49:08+00:00,1777614548000,21401,25.4035,42.41439,1004.09003,53745
20260430-235226,-OrX4OL0IGsdHtqxT0mg,2026-05-01 05:49:18+00:00,1777614558000,21411,25.40318,42.41434,1004.08002,53573
20260430-235226,-OrX4QlIJ9vOjtoJ9Vl3,2026-05-01 05:49:28+00:00,1777614568000,21421,25.40287,42.42606,1004.08002,53641
20260430-235226,-OrX4TFEQ6KBJGt3ixsB,2026-05-01 05:49:38+00:00,1777614578000,21431,25.4035,42.44376,1004.08002,53745
20260430-235226,-OrX4VfRHoP5OVsThl0I,2026-05-01 05:49:48+00:00,1777614588000,21441,25.40445,42.44387,1004.08002,53573
20260430-235226,-OrX4Y667RcDNb9JpNz7,2026-05-01 05:49:58+00:00,1777614598000,21451,25.40413,42.44382,1004.08002,53539
20260430-235226,-OrX4_XVi4ScVcVML4rl,2026-05-01 05:50:08+00:00,1777614608000,21461,25.40445,42.44975,1004.09003,53883
20260430-235226,-OrX4bzundSnJHzw9p7B,2026-05-01 05:50:18+00:00,1777614618000,21471,25.40382,42.4438,1004.09003,53676
20260430-235226,-OrX4ffKocjU1Er4N5Zb,2026-05-01 05:50:28+00:00,1777614628000,21481,25.40477,42.44978,1004.09998,53573
20260430-235226,-OrX4gstzLz6OGOQP6NG,2026-05-01 05:50:38+00:00,1777614638000,21491,25.40413,42.43795,1004.09998,53607
20260430-235226,-OrX4jJWSuxcRXKuD84b,2026-05-01 05:50:48+00:00,1777614648000,21501,25.40413,42.43795,1004.09998,53504
20260430-235226,-OrX4lkOR_f2grx-sFQG,2026-05-01 05:50:58+00:00,1777614658000,21511,25.40509,42.44394,1004.09998,53607
20260430-235226,-OrX4oBTg4sNLpSATQx6,2026-05-01 05:51:08+00:00,1777614668000,21521,25.4054,42.44985,1004.10999,53607
20260430-235226,-OrX4qe7JNRSb2zBVSpr,2026-05-01 05:51:18+00:00,1777614678000,21531,25.40635,42.45583,1004.10999,53539
20260430-235226,-OrX4t4jjyeHHG3oLIVu,2026-05-01 05:51:28+00:00,1777614688000,21541,25.40635,42.45583,1004.10999,53779
20260430-235226,-OrX4vXDPUU0dqD9i_lO,2026-05-01 05:51:38+00:00,1777614698000,21551,25.40572,42.43813,1004.10999,53573
20260430-235226,-OrX4xxOcSGCcSxcIfCj,2026-05-01 05:51:48+00:00,1777614708000,21561,25.40572,42.45576,1004.10999,53710
20260430-235226,-OrX5-Pv_b-rjMfC_3of,2026-05-01 05:51:58+00:00,1777614718000,21571,25.40699,42.44415,1004.12,53539
20260430-235226,-OrX51prFmy3Y2xFu0jx,2026-05-01 05:52:08+00:00,1777614728000,21581,25.40762,42.44423,1004.12,54022
20260430-235226,-OrX54HRtpsNjvQNy4Qq,2026-05-01 05:52:18+00:00,1777614738000,21591,25.40825,42.46193,1004.12,53641
20260430-235226,-OrX56hpiMR4sPb7u-HZ,2026-05-01 05:52:28+00:00,1777614748000,21601,25.40762,42.46773,1004.12,53573
20260430-235226,-OrX59BVNnAXlbZsh2sd,2026-05-01 05:52:38+00:00,1777614758000,21611,25.40857,42.48547,1004.12,53641
20260430-235226,-OrX5BaJ05Mrral1dQ5d,2026-05-01 05:52:48+00:00,1777614768000,21621,25.40889,42.49137,1004.10999,53641
20260430-235226,-OrX5E3I7Nb6daXvotCJ,2026-05-01 05:52:58+00:00,1777614778000,21631,25.40889,42.49725,1004.12,53676
20260430-235226,-OrX5GUC84aZfXFg2iFI,2026-05-01 05:53:08+00:00,1777614788000,21641,25.40984,42.47386,1004.12,53504
20260430-235226,-OrX5Ivr9NtfEwAFwBqs,2026-05-01 05:53:18+00:00,1777614798000,21651,25.41079,42.47984,1004.12,53676
20260430-235226,-OrX5LMtNOQDHYhzi0Ce,2026-05-01 05:53:28+00:00,1777614808000,21661,25.41047,42.47392,1004.12,53436
20260430-235226,-OrX5O7hr2N9g91st4ap,2026-05-01 05:53:38+00:00,1777614818000,21671,25.40952,42.47969,1004.12,53641
20260430-235226,-OrX5QEo3zOCZKgndMbc,2026-05-01 05:53:48+00:00,1777614828000,21681,25.41142,42.46815,1004.12,53539
20260430-235226,-OrX5Sgy4RCtrx6XGy09,2026-05-01 05:53:58+00:00,1777614838000,21691,25.41174,42.4917,1004.12,53504
20260430-235226,-OrX5V70dURi5HJGVzz0,2026-05-01 05:54:08+00:00,1777614848000,21701,25.41206,42.49173,1004.12,53470
20260430-235226,-OrX5X_WZjEhbaI2meq5,2026-05-01 05:54:18+00:00,1777614858000,21711,25.41174,42.48582,1004.12,53607
20260430-235226,-OrX5_-xXcLcsmx9kVsV,2026-05-01 05:54:28+00:00,1777614868000,21721,25.41206,42.49761,1004.12,53470
20260430-235226,-OrX5bSlGeO5f8r2Zhhe,2026-05-01 05:54:38+00:00,1777614878000,21731,25.41079,42.48571,1004.12,53573
20260430-235226,-OrX5dt4KjPBUFNT_d_C,2026-05-01 05:54:48+00:00,1777614888000,21741,25.40984,42.50324,1004.12,53641
20260430-235226,-OrX5gKdEf-O7PSddqBf,2026-05-01 05:54:58+00:00,1777614898000,21751,25.41047,42.48568,1004.10999,53470
20260430-235226,-OrX5ilRs1ZPxb3UdJul,2026-05-01 05:55:08+00:00,1777614908000,21761,25.41047,42.5033,1004.12,53641
20260430-235226,-OrX5lDQDYT8d208DHIK,2026-05-01 05:55:18+00:00,1777614918000,21771,25.40984,42.50911,1004.10999,53436
20260430-235226,-OrX5neRchXtrSAV-OQ3,2026-05-01 05:55:28+00:00,1777614928000,21781,25.41237,42.51527,1004.12,53745
20260430-235226,-OrX5q6grrr6QLXdria8,2026-05-01 05:55:38+00:00,1777614938000,21791,25.41333,42.52126,1004.13,53710
20260430-235226,-OrX5sXSucbJ_iRBGUwW,2026-05-01 05:55:48+00:00,1777614948000,21801,25.41459,42.53316,1004.13,53710
20260430-235226,-OrX5uzieqC881cnOKZD,2026-05-01 05:55:58+00:00,1777614958000,21811,25.41459,42.55079,1004.13,53539
20260430-235226,-OrX5xPy9qEgiSkQBvPH,2026-05-01 05:56:08+00:00,1777614968000,21821,25.41459,42.53904,1004.12,53641
20260430-235226,-OrX60E6nJZSjvM51aY7,2026-05-01 05:56:18+00:00,1777614978000,21831,25.41618,42.52746,1004.13,53676
20260430-235226,-OrX61IdxSlf-thEcBgK,2026-05-01 05:56:28+00:00,1777614988000,21841,25.41523,42.53323,1004.13,53402
20260430-235226,-OrX63l4hfP4nFN35rIk,2026-05-01 05:56:38+00:00,1777614998000,21851,25.41491,42.53908,1004.13,53402
20260430-235226,-OrX66KhzJmWRpCLeOfg,2026-05-01 05:56:48+00:00,1777615008000,21861,25.41459,42.53904,1004.12,53607
20260430-235226,-OrX68dRy44wPZoWai4z,2026-05-01 05:56:58+00:00,1777615018000,21871,25.41555,42.52151,1004.13,53436
20260430-235226,-OrX6B4o7hw-Ns9MgGuh,2026-05-01 05:57:08+00:00,1777615028000,21881,25.41491,42.51556,1004.12,53641
20260430-235226,-OrX6DXiBjy2_T33KYPU,2026-05-01 05:57:18+00:00,1777615038000,21891,25.41491,42.51556,1004.13,53779
20260430-235226,-OrX6Fx9E0B6ZxP369KB,2026-05-01 05:57:28+00:00,1777615048000,21901,25.41523,42.5156,1004.12,53504
20260430-235226,-OrX6IOKQeEUy-j8FEAY,2026-05-01 05:57:38+00:00,1777615058000,21911,25.4165,42.51574,1004.12,53573
20260430-235226,-OrX6KqkkTyRyGNFgQVE,2026-05-01 05:57:48+00:00,1777615068000,21921,25.41618,42.52746,1004.12,53952
20260430-235226,-OrX6NIc8An4L42tH669,2026-05-01 05:57:58+00:00,1777615078000,21931,25.41491,42.52732,1004.12,53848
20260430-235226,-OrX6Pjr_-CuZG85_IA8,2026-05-01 05:58:08+00:00,1777615088000,21941,25.41555,42.54502,1004.12,53641
20260430-235226,-OrX6SArUdtPGTnBXmG5,2026-05-01 05:58:18+00:00,1777615098000,21951,25.41491,42.54496,1004.10999,53745
20260430-235226,-OrX6UaXsYF3E2cv9Thk,2026-05-01 05:58:28+00:00,1777615108000,21961,25.41555,42.52739,1004.10999,53883
20260430-235226,-OrX6X3R23N4Z3fOTmBB,2026-05-01 05:58:38+00:00,1777615118000,21971,25.41523,42.53911,1004.12,53641
20260430-235226,-OrX6ZULHivAGZ3vvYrT,2026-05-01 05:58:48+00:00,1777615128000,21981,25.41618,42.52746,1004.10999,53573
20260430-235226,-OrX6awz6b-TKJUqvJb9,2026-05-01 05:58:58+00:00,1777615138000,21991,25.41681,42.52165,1004.10999,53883
20260430-235226,-OrX6dMuIr4i2MRGqyzY,2026-05-01 05:59:08+00:00,1777615148000,22001,25.41713,42.51582,1004.10999,53779
20260430-235226,-OrX6fq-Gf7DXowaWDil,2026-05-01 05:59:18+00:00,1777615158000,22011,25.41808,42.51005,1004.10999,53745
20260430-235226,-OrX6iFEzpwt5k41XW33,2026-05-01 05:59:28+00:00,1777615168000,22021,25.41903,42.52778,1004.10999,53607
20260430-235226,-OrX6khD9z9Bqg0FiR6J,2026-05-01 05:59:38+00:00,1777615178000,22031,25.41903,42.53366,1004.10999,53539
20260430-235226,-OrX6n8NSLhLtrmc_PpR,2026-05-01 05:59:48+00:00,1777615188000,22041,25.41871,42.52774,1004.10999,53641
20260430-235226,-OrX6vEnStB5ZwaOvlsP,2026-05-01 05:59:58+00:00,1777615198000,22051,25.41967,42.53374,1004.09998,53573
20260430-235226,-OrX6y9WFNm3JptrqdPh,2026-05-01 06:00:31+00:00,1777615231000,22085,25.41459,42.68018,1004.09998,43663
20260430-235226,-OrX7-CgXAfh6VJTixoN,2026-05-01 06:00:41+00:00,1777615241000,22095,25.41333,42.59769,1004.09998,46574
20260430-235226,-OrX71dxMev1NhbL-COJ,2026-05-01 06:00:51+00:00,1777615251000,22105,25.41333,42.59181,1004.09998,48124
20260430-235226,-OrX745S8WQPmUfx2f-Q,2026-05-01 06:01:01+00:00,1777615261000,22115,25.41491,42.59199,1004.10999,49372
20260430-235226,-OrX76XgOSXFmcZl_cIV,2026-05-01 06:01:11+00:00,1777615271000,22125,25.41491,42.58023,1004.10999,50595
20260430-235226,-OrX78ydigu7WEj-VPRS,2026-05-01 06:01:21+00:00,1777615281000,22135,25.41491,42.59199,1004.09998,51089
20260430-235226,-OrX7BPn6y-8toeREIlM,2026-05-01 06:01:31+00:00,1777615291000,22145,25.41586,42.58622,1004.09003,51340
20260430-235226,-OrX7DsJ20dqqTh_duHr,2026-05-01 06:01:41+00:00,1777615301000,22155,25.41618,42.59801,1004.09003,51945
20260430-235226,-OrX7GJ79BBNBMXWciby,2026-05-01 06:01:51+00:00,1777615311000,22165,25.41713,42.58049,1004.09998,52171
20260430-235226,-OrX7Ikbim3erTaPFXau,2026-05-01 06:02:01+00:00,1777615321000,22175,25.41903,42.58657,1004.09998,52301
20260430-235226,-OrX7LB8sZTYNy2bq4GJ,2026-05-01 06:02:11+00:00,1777615331000,22185,25.41935,42.58073,1004.09998,52334
20260430-235226,-OrX7Nbr9XtxDUidKlNd,2026-05-01 06:02:21+00:00,1777615341000,22195,25.41967,42.58077,1004.09998,52531
20260430-235226,-OrX7Q3l5q8Th1kTTbu5,2026-05-01 06:02:31+00:00,1777615351000,22205,25.4203,42.57497,1004.09998,52796
20260430-235226,-OrX7SVEjEYGqRRAUSFn,2026-05-01 06:02:41+00:00,1777615361000,22215,25.42188,42.56926,1004.09998,52696
20260430-235226,-OrX7UwxTVmTU5ysP0Xs,2026-05-01 06:02:51+00:00,1777615371000,22225,25.42252,42.56933,1004.09998,52763
20260430-235226,-OrX7XzOzF1tyF6GmxZd,2026-05-01 06:03:01+00:00,1777615381000,22235,25.42347,42.58707,1004.10999,53131
20260430-235226,-OrX7Zp7eqUwX1blveH1,2026-05-01 06:03:11+00:00,1777615391000,22245,25.42347,42.6106,1004.09998,53097
20260430-235226,-OrX7bGHHeA8GfxOdcv3,2026-05-01 06:03:21+00:00,1777615401000,22255,25.42474,42.59898,1004.10999,53064
20260430-235226,-OrX7dhy_uDC6T2k2Zhj,2026-05-01 06:03:31+00:00,1777615411000,22265,25.42474,42.61074,1004.09998,53097
20260430-235226,-OrX7g9Ce49X0Og453AQ,2026-05-01 06:03:41+00:00,1777615421000,22275,25.42537,42.60494,1004.09998,53232
20260430-235226,-OrX7iaPorawAuzXpBZn,2026-05-01 06:03:51+00:00,1777615431000,22285,25.42759,42.61695,1004.09998,53198
20260430-235226,-OrX7l2C_NepCyyZ_C-k,2026-05-01 06:04:01+00:00,1777615441000,22295,25.42727,42.61691,1004.09998,53436
20260430-235226,-OrX7nUBa2CuCdsnGHvF,2026-05-01 06:04:11+00:00,1777615451000,22305,25.42791,42.61699,1004.09998,53198
20260430-235226,-OrX7pw1yRDBxYqNBcmc,2026-05-01 06:04:21+00:00,1777615461000,22315,25.42759,42.60519,1004.10999,53334
20260430-235226,-OrX7sN6ADSZlqON_V9q,2026-05-01 06:04:31+00:00,1777615471000,22325,25.42791,42.61111,1004.10999,53470
20260430-235226,-OrX7unKmib3ktu1PyFw,2026-05-01 06:04:41+00:00,1777615481000,22335,25.42854,42.62294,1004.10999,53607
20260430-235226,-OrX7xQH_Vt4i3YmzHnt,2026-05-01 06:04:52+00:00,1777615492000,22345,25.42822,42.62291,1004.10999,53064
20260430-235226,-OrX7zm0J1ZSsvA5i9uo,2026-05-01 06:05:02+00:00,1777615502000,22355,25.42917,42.62301,1004.09998,53131
20260430-235226,-OrX81DZcb9_9TtHJJDe,2026-05-01 06:05:12+00:00,1777615512000,22365,25.42981,42.62896,1004.09998,52996
20260430-235226,-OrX83e5S9vftW4Y4wfd,2026-05-01 06:05:22+00:00,1777615522000,22375,25.42886,42.61709,1004.09003,53198
20260430-235226,-OrX865SJ0wnbZKpZ2Dn,2026-05-01 06:05:32+00:00,1777615532000,22385,25.42886,42.60533,1004.09003,53198
20260430-235226,-OrX88XxjUgis4iqt4nl,2026-05-01 06:05:42+00:00,1777615542000,22395,25.42981,42.61132,1004.08002,53266
20260430-235226,-OrX8AzPw5UZlMV7QhNX,2026-05-01 06:05:52+00:00,1777615552000,22405,25.43107,42.62322,1004.09003,53402
20260430-235226,-OrX8Di6T-0z0P1m8qYF,2026-05-01 06:06:02+00:00,1777615562000,22415,25.43107,42.61734,1004.09003,53436
20260430-235226,-OrX8Fs1_NHP4omZb5jE,2026-05-01 06:06:12+00:00,1777615572000,22425,25.43171,42.63506,1004.09998,53232
20260430-235226,-OrX8IJNeklzMeJu7OIE,2026-05-01 06:06:22+00:00,1777615582000,22435,25.43107,42.62322,1004.09998,53573
20260430-235226,-OrX8KkJinPyKhpS775j,2026-05-01 06:06:32+00:00,1777615592000,22445,25.43171,42.61742,1004.09998,53334
20260430-235226,-OrX8NB9VBwQLLzOBm38,2026-05-01 06:06:42+00:00,1777615602000,22455,25.43203,42.62921,1004.09003,53745
20260430-235226,-OrX8Pcu94ZFhmxKsnSd,2026-05-01 06:06:52+00:00,1777615612000,22465,25.43203,42.61745,1004.09003,53539
20260430-235226,-OrX8S4W7ow9cY1XnX8e,2026-05-01 06:07:02+00:00,1777615622000,22475,25.43266,42.60576,1004.09998,53402
20260430-235226,-OrX8UWHi5ekL0H_zUVN,2026-05-01 06:07:12+00:00,1777615632000,22485,25.43203,42.63509,1004.09998,53334
20260430-235226,-OrX8WxSwIbKYpgoM55o,2026-05-01 06:07:22+00:00,1777615642000,22495,25.43234,42.64101,1004.09998,53300
20260430-235226,-OrX8ZQ4NXXky6VrLy43,2026-05-01 06:07:32+00:00,1777615652000,22505,25.43266,42.62928,1004.09003,53539
20260430-235226,-OrX8apxAREtB041PqtS,2026-05-01 06:07:42+00:00,1777615662000,22515,25.43361,42.62939,1004.09003,53436
20260430-235226,-OrX8dHg4hVENFd5NJdx,2026-05-01 06:07:52+00:00,1777615672000,22525,25.43425,42.61771,1004.09003,53334
20260430-235226,-OrX8fi4kV2iLP0D6baM,2026-05-01 06:08:02+00:00,1777615682000,22535,25.43425,42.62359,1004.09003,53470
20260430-235226,-OrX8i9XZO2HRQELaxhu,2026-05-01 06:08:12+00:00,1777615692000,22545,25.43488,42.61778,1004.09003,53300
20260430-235226,-OrX8kaeW4LBGZyTeHIT,2026-05-01 06:08:22+00:00,1777615702000,22555,25.43551,42.62961,1004.09998,53504
20260430-235226,-OrX8n2S-fcI8qE6j398,2026-05-01 06:08:32+00:00,1777615712000,22565,25.43646,42.62972,1004.09998,53573
20260430-235226,-OrX8pUY-oTc1on20ABe,2026-05-01 06:08:42+00:00,1777615722000,22575,25.4371,42.63567,1004.12,53539
20260430-235226,-OrX8rwI9f6YjNmEFjN_,2026-05-01 06:08:52+00:00,1777615732000,22585,25.43741,42.66512,1004.12,53607
20260430-235226,-OrX8uMf2NP_HLwQXLFy,2026-05-01 06:09:02+00:00,1777615742000,22595,25.43837,42.6417,1004.12,53368
20260430-235226,-OrX8xb-o2ONS5BfyMoA,2026-05-01 06:09:12+00:00,1777615752000,22605,25.43868,42.65938,1004.12,53573
20260430-235226,-OrX8zF0L8L9OgBHD4GR,2026-05-01 06:09:22+00:00,1777615762000,22615,25.439,42.64178,1004.12,53539
20260430-235226,-OrX90gIw9xmD_K8Oacq,2026-05-01 06:09:32+00:00,1777615772000,22625,25.43932,42.6418,1004.12,53710
20260430-235226,-OrX938Fa-SsQl-sIbZh,2026-05-01 06:09:42+00:00,1777615782000,22635,25.43963,42.64185,1004.12,53676
20260430-235226,-OrX95_M74oVClIWl-B3,2026-05-01 06:09:52+00:00,1777615792000,22645,25.43932,42.64769,1004.12,53607
20260430-235226,-OrX9807AydXgCm1nhxh,2026-05-01 06:10:02+00:00,1777615802000,22655,25.43963,42.63596,1004.12,53573
20260430-235226,-OrX9ASrgTBJ6FRzLjVC,2026-05-01 06:10:12+00:00,1777615812000,22665,25.43963,42.64773,1004.12,53710
20260430-235226,-OrX9Cu1WP5Hlul_8mg9,2026-05-01 06:10:22+00:00,1777615822000,22675,25.43963,42.63596,1004.12,53504
20260430-235226,-OrX9FL0Yke-ZAIP_Frw,2026-05-01 06:10:32+00:00,1777615832000,22685,25.439,42.63589,1004.12,53641
20260430-235226,-OrX9HmdV7YFDebF_hFD,2026-05-01 06:10:42+00:00,1777615842000,22695,25.43963,42.64773,1004.12,53848
20260430-235226,-OrX9L3oY0o_YX2W8U4D,2026-05-01 06:10:52+00:00,1777615852000,22705,25.44027,42.67133,1004.12,53504
20260430-235226,-OrX9SMQzYKPSdqVtT8_,2026-05-01 06:11:02+00:00,1777615862000,22716,25.44058,42.67725,1004.12,53266
20260430-235226,-OrX9SUcHGuj93Qvm8Za,2026-05-01 06:11:26+00:00,1777615886000,22739,25.43773,42.7652,1004.12,47044
20260430-235226,-OrX9UwAQC4if_-auWxC,2026-05-01 06:11:36+00:00,1777615896000,22749,25.4371,42.68273,1004.12,48655
20260430-235226,-OrX9XN4Dw4fOezkoI76,2026-05-01 06:11:46+00:00,1777615906000,22759,25.4371,42.67097,1004.13,50051
20260430-235226,-OrX9ZoFGiSMAIyywX31,2026-05-01 06:11:56+00:00,1777615916000,22769,25.43678,42.66505,1004.13,50841
20260430-235226,-OrX9bFMNLVAluqKA2Xa,2026-05-01 06:12:06+00:00,1777615926000,22779,25.43773,42.64163,1004.13,51561
20260430-235226,-OrX9dpumAGuEjthfs0b,2026-05-01 06:12:16+00:00,1777615936000,22789,25.43868,42.63585,1004.13,51816
20260430-235226,-OrX9g85YmMnYUD63x_G,2026-05-01 06:12:26+00:00,1777615946000,22799,25.43932,42.65357,1004.13,52139
20260430-235226,-OrX9iZyXNaDwDaTzJWT,2026-05-01 06:12:36+00:00,1777615956000,22809,25.43963,42.65361,1004.13,52465
20260430-235226,-OrX9l-xFFPOKACTkwY6,2026-05-01 06:12:46+00:00,1777615966000,22819,25.43963,42.65949,1004.13,52663
20260430-235226,-OrX9nT-Zgs2K7feu0r7,2026-05-01 06:12:56+00:00,1777615976000,22829,25.44027,42.67721,1004.13,52763
20260430-235226,-OrX9ptbG2ZseJC4yKN2,2026-05-01 06:13:06+00:00,1777615986000,22839,25.44027,42.67133,1004.13,52996
20260430-235226,-OrX9sLCmvXWiTaEP_VJ,2026-05-01 06:13:16+00:00,1777615996000,22849,25.44058,42.66548,1004.13,52996
20260430-235226,-OrX9um9RdCBqswYNtiM,2026-05-01 06:13:26+00:00,1777616006000,22859,25.44122,42.67144,1004.13,52896
20260430-235226,-OrX9xDHsBqwjftWQCqm,2026-05-01 06:13:36+00:00,1777616016000,22869,25.44185,42.68916,1004.12,53232
20260430-235226,-OrX9zexVD_fJXtUc7cK,2026-05-01 06:13:46+00:00,1777616026000,22879,25.44249,42.67746,1004.13,53334
20260430-235226,-OrXA15qm0KS1e5zGsM1,2026-05-01 06:13:56+00:00,1777616036000,22889,25.44217,42.67155,1004.13,53198
20260430-235226,-OrXA3ZCSU0hAzbzPME9,2026-05-01 06:14:06+00:00,1777616046000,22899,25.44185,42.67739,1004.13,53198
20260430-235226,-OrXA5zi1Z-L_EVLruqZ,2026-05-01 06:14:16+00:00,1777616056000,22909,25.4428,42.68338,1004.13,53198
20260430-235226,-OrXA8RIH4AgunbbOCtJ,2026-05-01 06:14:26+00:00,1777616066000,22919,25.4428,42.68927,1004.12,53300
20260430-235226,-OrXAAs-hp8n20JrCbVy,2026-05-01 06:14:36+00:00,1777616076000,22929,25.4428,42.68338,1004.12,53232
20260430-235226,-OrXADJ4EbWaIPI3HVsC,2026-05-01 06:14:46+00:00,1777616086000,22939,25.44217,42.69509,1004.10999,53131
20260430-235226,-OrXAFkMUjDcgk1eg249,2026-05-01 06:14:56+00:00,1777616096000,22949,25.44217,42.67743,1004.10999,53710
20260430-235226,-OrXAIBcjrHHBev2kGSJ,2026-05-01 06:15:06+00:00,1777616106000,22959,25.44217,42.68332,1004.09998,53198
20260430-235226,-OrXAKd9NyXcxzKN6dV_,2026-05-01 06:15:16+00:00,1777616116000,22969,25.44249,42.67746,1004.10999,53300
20260430-235226,-OrXANMlVM33ffvbJOof,2026-05-01 06:15:26+00:00,1777616126000,22979,25.4428,42.67162,1004.10999,53300
20260430-235226,-OrXAPWKA4tltnpl2lyG,2026-05-01 06:15:36+00:00,1777616136000,22989,25.44407,42.65999,1004.10999,53368
20260430-235226,-OrXARy5y2MvYpFrh4cQ,2026-05-01 06:15:46+00:00,1777616146000,22999,25.4447,42.67183,1004.10999,53607
20260430-235226,-OrXAUOyoxri97cfj-4r,2026-05-01 06:15:56+00:00,1777616156000,23009,25.44439,42.67768,1004.10999,53470
20260430-235226,-OrXAWq9TtuLTgAHrTKx,2026-05-01 06:16:06+00:00,1777616166000,23019,25.4447,42.67772,1004.09998,53266
20260430-235226,-OrXAZHfNg07ceoaI9Hm,2026-05-01 06:16:16+00:00,1777616176000,23029,25.44597,42.67786,1004.09998,53334
20260430-235226,-OrXAaj6P1aWDPdLKjZs,2026-05-01 06:16:26+00:00,1777616186000,23039,25.44692,42.68385,1004.09998,53987
20260430-235226,-OrXAdAj7DtGALWYoS5C,2026-05-01 06:16:36+00:00,1777616196000,23049,25.44661,42.67205,1004.12,53368
20260430-235226,-OrXAfcAa3rMj4NF-D0s,2026-05-01 06:16:46+00:00,1777616206000,23059,25.44724,42.66624,1004.12,53504
20260430-235226,-OrXAi2MIOsJQRkZJkaE,2026-05-01 06:16:56+00:00,1777616216000,23069,25.44819,42.64869,1004.12,53402
20260430-235226,-OrXAkUVqjFsxHRNEa9Q,2026-05-01 06:17:06+00:00,1777616226000,23079,25.44819,42.62517,1004.12,53334
20260430-235226,-OrXAmwfYEWYqo97uDml,2026-05-01 06:17:16+00:00,1777616236000,23089,25.44946,42.61943,1004.12,53607
20260430-235226,-OrXApNQK52xoYU9R8BN,2026-05-01 06:17:26+00:00,1777616246000,23099,25.44946,42.61943,1004.10999,53300
20260430-235226,-OrXArpAY6J4u_lOyYoc,2026-05-01 06:17:36+00:00,1777616256000,23109,25.45073,42.63134,1004.10999,53334
20260430-235226,-OrXAuHHYA-sCmgN-POT,2026-05-01 06:17:46+00:00,1777616266000,23119,25.45136,42.63141,1004.12,53641
20260430-235226,-OrXAwhFTBtCnUyifgYL,2026-05-01 06:17:56+00:00,1777616276000,23129,25.45199,42.63737,1004.12,53676
20260430-235226,-OrXAz8Zl2aJUgUYiOrg,2026-05-01 06:18:06+00:00,1777616286000,23139,25.45168,42.64909,1004.12,53745
20260430-235226,-OrXB0_NXZ49yaJO_Q7g,2026-05-01 06:18:16+00:00,1777616296000,23149,25.45073,42.66664,1004.12,53607
20260430-235226,-OrXB30l2EXkvV_Hm_zb,2026-05-01 06:18:26+00:00,1777616306000,23159,25.45104,42.66079,1004.12,53676
20260430-235226,-OrXB5lLr-jneIw31o2N,2026-05-01 06:18:36+00:00,1777616316000,23169,25.45104,42.67844,1004.12,53402
20260430-235226,-OrXB7tw7lKwPa4g_BwD,2026-05-01 06:18:46+00:00,1777616326000,23179,25.45104,42.67255,1004.12,53504
20260430-235226,-OrXBALAtbDozCy0B2Ag,2026-05-01 06:18:56+00:00,1777616336000,23189,25.45073,42.6784,1004.10999,53607
20260430-235226,-OrXBCmpV-BferB7VH8E,2026-05-01 06:19:06+00:00,1777616346000,23199,25.45041,42.67836,1004.10999,53710
20260430-235226,-OrXBFDsXMF8PW8ejrOo,2026-05-01 06:19:16+00:00,1777616356000,23209,25.45041,42.67836,1004.10999,53436
20260430-235226,-OrXBHgojf6xd16NrtxT,2026-05-01 06:19:26+00:00,1777616366000,23219,25.45041,42.67248,1004.12,53402
20260430-235226,-OrXBK6yAQQfMfI8zGFN,2026-05-01 06:19:36+00:00,1777616376000,23229,25.45136,42.69612,1004.12,53470
20260430-235226,-OrXBMdTds50AbgmETRZ,2026-05-01 06:19:46+00:00,1777616386000,23239,25.45199,42.67855,1004.12,53573
20260430-235226,-OrXBOzixE3cjWe6p-bp,2026-05-01 06:19:56+00:00,1777616396000,23249,25.45199,42.68443,1004.12,53710
20260430-235226,-OrXBRRHFXgEDXoOcBcj,2026-05-01 06:20:06+00:00,1777616406000,23259,25.45231,42.66682,1004.12,53334
20260430-235226,-OrXBTspQB570_tnK4sj,2026-05-01 06:20:16+00:00,1777616416000,23269,25.45168,42.65498,1004.12,53402
20260430-235226,-OrXBWJnD_rKFos8yC61,2026-05-01 06:20:26+00:00,1777616426000,23279,25.45199,42.6609,1004.12,53573
20260430-235226,-OrXBYl2y3i0l2GO3ndC,2026-05-01 06:20:36+00:00,1777616436000,23289,25.45231,42.66682,1004.12,53848
20260430-235226,-OrXBaBrUaqE1dv9dfHA,2026-05-01 06:20:46+00:00,1777616446000,23299,25.45136,42.65494,1004.12,53470
20260430-235226,-OrXBcdkWWiAu_s_bewC,2026-05-01 06:20:56+00:00,1777616456000,23309,25.45199,42.67855,1004.13,53607
20260430-235226,-OrXBf4KMvnUj6t9UHNW,2026-05-01 06:21:06+00:00,1777616466000,23319,25.45263,42.6845,1004.13,53607
20260430-235226,-OrXBhWksQZwSvDDdn2F,2026-05-01 06:21:16+00:00,1777616476000,23329,25.45231,42.69623,1004.13,53470
20260430-235226,-OrXBjyp-4kcK6RZ2kyN,2026-05-01 06:21:26+00:00,1777616486000,23339,25.45231,42.69035,1004.13,53539
20260430-235226,-OrXBmQHRvtxUc1Hlib7,2026-05-01 06:21:36+00:00,1777616496000,23349,25.45231,42.68447,1004.13,53402
20260430-235226,-OrXBreQhLPRsjVuHHeJ,2026-05-01 06:21:46+00:00,1777616506000,23359,25.45199,42.69032,1004.13,53745
20260430-235226,-OrXBrlkldzeY7iM5JsP,2026-05-01 06:21:58+00:00,1777616518000,23371,25.45136,42.71966,1004.13,52400
20260430-235226,-OrXBuDj6M8cDG3G3zk2,2026-05-01 06:22:08+00:00,1777616528000,23381,25.45136,42.702,1004.13,53030
20260430-235226,-OrXBwedle8eLqh2gYKR,2026-05-01 06:22:18+00:00,1777616538000,23391,25.45041,42.68425,1004.13,53334
20260430-235226,-OrXBz6XXetMteA-2qrj,2026-05-01 06:22:28+00:00,1777616548000,23401,25.45041,42.7019,1004.12,53131
20260430-235226,-OrXC0Xp9NnE4K9f91yD,2026-05-01 06:22:38+00:00,1777616558000,23411,25.45136,42.70789,1004.12,53334
20260430-235226,-OrXC2z8clGFQX8w3A6e,2026-05-01 06:22:48+00:00,1777616568000,23421,25.45136,42.70789,1004.13,53300
20260430-235226,-OrXC5R00c59EZfgnnI8,2026-05-01 06:22:58+00:00,1777616578000,23431,25.45136,42.70789,1004.13,53402
20260430-235226,-OrXC7s1wEq9QCi4Cn1v,2026-05-01 06:23:08+00:00,1777616588000,23441,25.45231,42.70212,1004.13,53266
20260430-235226,-OrXCAJWrOmk_BCHocD6,2026-05-01 06:23:18+00:00,1777616598000,23451,25.45263,42.71392,1004.13,53334
20260430-235226,-OrXCCkQlUi1BaEUWlTz,2026-05-01 06:23:28+00:00,1777616608000,23461,25.45199,42.70208,1004.13,53266
20260430-235226,-OrXCFBJKWwJ0Y3F-1J5,2026-05-01 06:23:38+00:00,1777616618000,23471,25.45358,42.70226,1004.13,53470
20260430-235226,-OrXCHcVipa9JkYrpAKW,2026-05-01 06:23:48+00:00,1777616628000,23481,25.45295,42.6963,1004.13,53539
20260430-235226,-OrXCK3osIfjW8CBM8W6,2026-05-01 06:23:58+00:00,1777616638000,23491,25.45295,42.69041,1004.13,53504
20260430-235226,-OrXCMWYHreD5A61Zc2u,2026-05-01 06:24:08+00:00,1777616648000,23501,25.45453,42.69648,1004.13,53436
20260430-235226,-OrXCOxQQNpr2ebNQRSC,2026-05-01 06:24:18+00:00,1777616658000,23511,25.45485,42.69653,1004.14001,53402
20260430-235226,-OrXCRPQVwJ6QgMk68MR,2026-05-01 06:24:28+00:00,1777616668000,23521,25.45611,42.70844,1004.14001,53539
20260430-235226,-OrXCTq5e89a9i0xEOIi,2026-05-01 06:24:38+00:00,1777616678000,23531,25.45548,42.72601,1004.14001,53641
20260430-235226,-OrXCX43sSrb07u9f71Z,2026-05-01 06:24:48+00:00,1777616688000,23541,25.45516,42.7142,1004.14001,53300
20260430-235226,-OrXCYiFuICk8uFU8Vzt,2026-05-01 06:24:58+00:00,1777616698000,23551,25.45421,42.72587,1004.14001,53573
20260430-235226,-OrXCa9qB4a2a1iBug5P,2026-05-01 06:25:08+00:00,1777616708000,23561,25.45516,42.73186,1004.13,53539
20260430-235226,-OrXCcakDqvjLEjlvE0v,2026-05-01 06:25:18+00:00,1777616718000,23571,25.45611,42.73786,1004.14001,53539
20260430-235226,-OrXCf2NIYjqi2AzmVAY,2026-05-01 06:25:28+00:00,1777616728000,23581,25.45548,42.72601,1004.13,53641
20260430-235226,-OrXChUc-zN7YDkpGcV7,2026-05-01 06:25:38+00:00,1777616738000,23591,25.45485,42.72595,1004.12,53710
20260430-235226,-OrXCjvMmI_nayZH3Xb4,2026-05-01 06:25:48+00:00,1777616748000,23601,25.45548,42.72601,1004.12,53641
20260430-235226,-OrXCmMnALPxGT29owe3,2026-05-01 06:25:58+00:00,1777616758000,23611,25.4558,42.72017,1004.13,53676
20260430-235226,-OrXCoof32GrDdcq-YR_,2026-05-01 06:26:08+00:00,1777616768000,23621,25.45675,42.71438,1004.13,53676
20260430-235226,-OrXCrFQAGXQfJ3fWQoL,2026-05-01 06:26:18+00:00,1777616778000,23631,25.45675,42.72027,1004.13,53745
20260430-235226,-OrXCtgYdL4KyQmEjK_H,2026-05-01 06:26:28+00:00,1777616788000,23641,25.45738,42.70858,1004.13,53745
20260430-235226,-OrXCw8BotWV0zDuUFgT,2026-05-01 06:26:38+00:00,1777616798000,23651,25.45865,42.70284,1004.14001,53539
20260430-235226,-OrXCy_CZqskIsE54_cx,2026-05-01 06:26:48+00:00,1777616808000,23661,25.45833,42.72634,1004.13,53402
20260430-235226,-OrXD02JyZ7BSA4KQqX1,2026-05-01 06:26:58+00:00,1777616818000,23671,25.45833,42.73223,1004.14001,53710
20260430-235226,-OrXD2WbBAojvWITTIkD,2026-05-01 06:27:08+00:00,1777616828000,23681,25.45865,42.72049,1004.14001,53539
20260430-235226,-OrXD4wCxd6vwC61jQ_U,2026-05-01 06:27:18+00:00,1777616838000,23691,25.45833,42.69691,1004.14001,53539
20260430-235226,-OrXD7L0xqDSLJJyvzqf,2026-05-01 06:27:28+00:00,1777616848000,23701,25.45802,42.68512,1004.15002,53504
20260430-235226,-OrXD9n3zgRmgc7BArbo,2026-05-01 06:27:38+00:00,1777616858000,23711,25.45802,42.70277,1004.15002,53402
20260430-235226,-OrXDCDtQudEWq0MWHg7,2026-05-01 06:27:48+00:00,1777616868000,23721,25.45738,42.72623,1004.14001,53368
20260430-235226,-OrXDEwxzFT1sFlMFtW2,2026-05-01 06:27:58+00:00,1777616878000,23731,25.45802,42.72631,1004.15002,53641
20260430-235226,-OrXDH5zsor8_bcEg_NX,2026-05-01 06:28:08+00:00,1777616888000,23741,25.45833,42.72634,1004.15002,53676
20260430-235226,-OrXDJYIpU9woDakzSMX,2026-05-01 06:28:18+00:00,1777616898000,23751,25.45897,42.73818,1004.15997,53402
20260430-235226,-OrXDM-572j-tg6hqRiy,2026-05-01 06:28:28+00:00,1777616908000,23761,25.45928,42.73233,1004.15002,53470
20260430-235226,-OrXDOSDeG0HytuCf3AM,2026-05-01 06:28:38+00:00,1777616918000,23771,25.4596,42.75591,1004.14001,53470
20260430-235226,-OrXDQsITvAaFA7aA1jc,2026-05-01 06:28:48+00:00,1777616928000,23781,25.45897,42.74996,1004.15002,53607
20260430-235226,-OrXDTJkvfLQRlaplS6C,2026-05-01 06:28:58+00:00,1777616938000,23791,25.45928,42.75588,1004.14001,53539
20260430-235226,-OrXDVkmtg4fZb_3I2hZ,2026-05-01 06:29:08+00:00,1777616948000,23801,25.4596,42.75591,1004.14001,53745
20260430-235226,-OrXDYBr33CbUHHYtVc1,2026-05-01 06:29:18+00:00,1777616958000,23811,25.46023,42.7501,1004.15002,53641
20260430-235226,-OrXD_dN31TPeNJLywey,2026-05-01 06:29:28+00:00,1777616968000,23821,25.46087,42.75606,1004.14001,53573
20260430-235226,-OrXDc4HBcsi1Qc2PS4F,2026-05-01 06:29:38+00:00,1777616978000,23831,25.46055,42.76191,1004.14001,53402
20260430-235226,-OrXDeWKQNQL6m7nJGHw,2026-05-01 06:29:48+00:00,1777616988000,23841,25.46182,42.75616,1004.14001,53539
20260430-235226,-OrXDgxr0KZ7ukr9Tsgt,2026-05-01 06:29:58+00:00,1777616998000,23851,25.46182,42.75616,1004.14001,53607
20260430-235226,-OrXDjPict_ZS7jZx2P6,2026-05-01 06:30:08+00:00,1777617008000,23861,25.46245,42.74446,1004.15002,53539
20260430-235226,-OrXDlqtukyfEA4oul-q,2026-05-01 06:30:18+00:00,1777617018000,23871,25.46182,42.73851,1004.14001,53607
20260430-235226,-OrXDoHRUOYM4QdXRieC,2026-05-01 06:30:28+00:00,1777617028000,23881,25.46245,42.75035,1004.14001,53436
20260430-235226,-OrXDqiVkJl52FGuSmBM,2026-05-01 06:30:38+00:00,1777617038000,23891,25.46245,42.74446,1004.14001,53436
20260430-235226,-OrXDt9vSDBCHtCEniRi,2026-05-01 06:30:48+00:00,1777617048000,23901,25.46372,42.75049,1004.15002,53745
20260430-235226,-OrXDvrkEp9bd--CO-Vo,2026-05-01 06:30:58+00:00,1777617058000,23911,25.4634,42.76224,1004.15002,53266
20260430-235226,-OrXDy8TZ24YLTDtwMXn,2026-05-01 06:31:08+00:00,1777617068000,23921,25.46277,42.75627,1004.15997,53165
20260430-235226,-OrXE-_NmveVUACorom_,2026-05-01 06:31:18+00:00,1777617078000,23931,25.46214,42.76209,1004.15997,53745
20260430-235226,-OrXE20jj2Aqbx-nx2HN,2026-05-01 06:31:28+00:00,1777617088000,23941,25.46309,42.76809,1004.15997,53607
20260430-235226,-OrXE4T5Wmq1c_Wp4FHu,2026-05-01 06:31:38+00:00,1777617098000,23951,25.4634,42.77401,1004.15997,53266
20260430-235226,-OrXE6uDkyCffvY1hdBK,2026-05-01 06:31:48+00:00,1777617108000,23961,25.46372,42.77993,1004.15997,53436
20260430-235226,-OrXE9LM1c5hDEg1mHvf,2026-05-01 06:31:58+00:00,1777617118000,23971,25.46309,42.76809,1004.15997,53607
20260430-235226,-OrXEBmxT6J3RZWxnKWv,2026-05-01 06:32:08+00:00,1777617128000,23981,25.46372,42.75638,1004.16998,53334
20260430-235226,-OrXEEDy8xHjT03ufidi,2026-05-01 06:32:18+00:00,1777617138000,23991,25.46404,42.75642,1004.15997,53573
20260430-235226,-OrXEGfN8UCYzvtrihZX,2026-05-01 06:32:28+00:00,1777617148000,24001,25.46467,42.75649,1004.16998,53402
20260430-235226,-OrXEJ6l8724_8y8heFg,2026-05-01 06:32:38+00:00,1777617158000,24011,25.46531,42.75068,1004.16998,53607
20260430-235226,-OrXELYVXfr6JGdpzV42,2026-05-01 06:32:48+00:00,1777617168000,24021,25.46562,42.75071,1004.16998,53470
20260430-235226,-OrXENzwoEAGoQgmJrB7,2026-05-01 06:32:58+00:00,1777617178000,24031,25.46594,42.73309,1004.16998,53470
20260430-235226,-OrXEQRJWwme9SIZjQs-,2026-05-01 06:33:08+00:00,1777617188000,24041,25.46562,42.73894,1004.15997,53402
20260430-235226,-OrXESsvswDRmqo3oXsf,2026-05-01 06:33:18+00:00,1777617198000,24051,25.46562,42.73894,1004.15002,53607
20260430-235226,-OrXEVJdq4-Nguh47qkz,2026-05-01 06:33:28+00:00,1777617208000,24061,25.46562,42.7566,1004.15997,53641
20260430-235226,-OrXEXlKDC1oxpRwFUIE,2026-05-01 06:33:38+00:00,1777617218000,24071,25.46594,42.73898,1004.15002,53710
20260430-235226,-OrXE_CEwNhl_IZtpAoY,2026-05-01 06:33:48+00:00,1777617228000,24081,25.46562,42.76249,1004.15997,53918
20260430-235226,-OrXEbdXeAY_65iGf-w8,2026-05-01 06:33:58+00:00,1777617238000,24091,25.46594,42.75075,1004.15997,53573
20260430-235226,-OrXEeWPgq1aYOVSYOWX,2026-05-01 06:34:08+00:00,1777617248000,24101,25.46626,42.76844,1004.16998,53573
20260430-235226,-OrXEgXiPUqMv77IJtUL,2026-05-01 06:34:18+00:00,1777617258000,24111,25.46657,42.76259,1004.16998,53368
20260430-235226,-OrXEiyKWeYJ_GaJcQAc,2026-05-01 06:34:28+00:00,1777617268000,24121,25.46594,42.76841,1004.16998,53539
20260430-235226,-OrXElPvl0wPgIyESoT6,2026-05-01 06:34:38+00:00,1777617278000,24131,25.46594,42.75664,1004.15997,53710
20260430-235226,-OrXEnri5OGulOxWf_nO,2026-05-01 06:34:48+00:00,1777617288000,24141,25.46594,42.75664,1004.15002,53470
20260430-235226,-OrXEqHy7-XNdBsccMpg,2026-05-01 06:34:58+00:00,1777617298000,24151,25.46657,42.75082,1004.15997,53436
20260430-235226,-OrXEsjqrZxTLsKXxlYa,2026-05-01 06:35:08+00:00,1777617308000,24161,25.46753,42.75093,1004.15002,53573
20260430-235226,-OrXEv_f5W2MLPRZfG2X,2026-05-01 06:35:18+00:00,1777617318000,24171,25.46721,42.76855,1004.15002,53573
20260430-235226,-OrXExbotg4rnbVM8vTo,2026-05-01 06:35:28+00:00,1777617328000,24181,25.46657,42.77437,1004.15997,53232
20260430-235226,-OrXF-3mK-eHOWFwiXMR,2026-05-01 06:35:38+00:00,1777617338000,24191,25.46657,42.77437,1004.15997,53607
20260430-235226,-OrXF1VBEWW9ep3L60jV,2026-05-01 06:35:48+00:00,1777617348000,24201,25.46594,42.78607,1004.15002,53573
20260430-235226,-OrXF3x2v2H-ANGmUR4e,2026-05-01 06:35:58+00:00,1777617358000,24211,25.46594,42.78607,1004.15002,53539
20260430-235226,-OrXF6ODiSYxUkcXbYpD,2026-05-01 06:36:08+00:00,1777617368000,24221,25.46657,42.78614,1004.15002,53504
20260430-235226,-OrXF8p6IYui3eEcLgyQ,2026-05-01 06:36:18+00:00,1777617378000,24231,25.46562,42.78604,1004.14001,53402
20260430-235226,-OrXFBHgNnp5YJoVMcSu,2026-05-01 06:36:28+00:00,1777617388000,24241,25.46689,42.7744,1004.14001,53641
20260430-235226,-OrXFDhgDEkGxnPmXMSA,2026-05-01 06:36:38+00:00,1777617398000,24251,25.46753,42.79214,1004.15002,53470
20260430-235226,-OrXFG8eN8HptLFwZNgc,2026-05-01 06:36:48+00:00,1777617408000,24261,25.46879,42.7864,1004.15997,53436
20260430-235226,-OrXFIaNfvoe0hhRd1qK,2026-05-01 06:36:58+00:00,1777617418000,24271,25.46784,42.7804,1004.15002,53402
20260430-235226,-OrXFL1rovmK8F7HARCF,2026-05-01 06:37:08+00:00,1777617428000,24281,25.46753,42.78036,1004.14001,53710
20260430-235226,-OrXFOXz4m9RuFafiLgV,2026-05-01 06:37:18+00:00,1777617438000,24291,25.46816,42.78632,1004.15002,53504
20260430-235226,-OrXFPv9d_pwG9tfDRLp,2026-05-01 06:37:28+00:00,1777617448000,24301,25.46848,42.78636,1004.14001,53573
20260430-235226,-OrXFSN1eT832KS0W5nX,2026-05-01 06:37:38+00:00,1777617458000,24311,25.46816,42.78043,1004.15002,53607
20260430-235226,-OrXFUnDDJU4vanQA5bo,2026-05-01 06:37:48+00:00,1777617468000,24321,25.46784,42.77452,1004.15002,53573
20260430-235226,-OrXFXFMtgKI5RhcnSvy,2026-05-01 06:37:58+00:00,1777617478000,24331,25.46784,42.7804,1004.15002,53745
20260430-235226,-OrXFZfxGwGDZ0QLUU1_,2026-05-01 06:38:08+00:00,1777617488000,24341,25.46784,42.77452,1004.15002,53641
20260430-235226,-OrXFb7ZeXksR4v3KAi_,2026-05-01 06:38:18+00:00,1777617498000,24351,25.46816,42.78632,1004.15002,53539
20260430-235226,-OrXFdZRqNUey07o8LC9,2026-05-01 06:38:28+00:00,1777617508000,24361,25.46753,42.78036,1004.14001,53641
20260430-235226,-OrXFg0QI7FPNvAK34kc,2026-05-01 06:38:38+00:00,1777617518000,24371,25.46753,42.80392,1004.14001,53607
20260430-235226,-OrXFiSRupGwllCOBZko,2026-05-01 06:38:48+00:00,1777617528000,24381,25.46879,42.80406,1004.15002,53470
20260430-235226,-OrXFktf9BfsQmcjI1Ka,2026-05-01 06:38:58+00:00,1777617538000,24391,25.46848,42.8158,1004.15002,53848
20260430-235226,-OrXFnNILCjJAihJ4nhp,2026-05-01 06:39:08+00:00,1777617548000,24401,25.46816,42.80398,1004.15002,53676
20260430-235226,-OrXFpmAFoUGAi3Xhc5c,2026-05-01 06:39:18+00:00,1777617558000,24411,25.46784,42.80395,1004.14001,53539
20260430-235226,-OrXFsDCoa_5jMqmrK6k,2026-05-01 06:39:28+00:00,1777617568000,24421,25.46879,42.81583,1004.15002,53676
20260430-235226,-OrXFuex_FG1_5mMe4rF,2026-05-01 06:39:38+00:00,1777617578000,24431,25.46974,42.82772,1004.14001,53848
20260430-235226,-OrXFx5FuSo4VBCyJOA9,2026-05-01 06:39:48+00:00,1777617588000,24441,25.47038,42.80423,1004.14001,53334
20260430-235226,-OrXFzXS-RXm6XLXGD5w,2026-05-01 06:39:58+00:00,1777617598000,24451,25.47006,42.81598,1004.14001,53710
20260430-235226,-OrXG0yQMfu-6OYLhMgr,2026-05-01 06:40:08+00:00,1777617608000,24461,25.47038,42.79246,1004.14001,53368
20260430-235226,-OrXG3Qf3ckjwQUPKWyE,2026-05-01 06:40:18+00:00,1777617618000,24471,25.46974,42.79827,1004.14001,53504
20260430-235226,-OrXG6bwLZ9jfbd-Sn28,2026-05-01 06:40:28+00:00,1777617628000,24481,25.47006,42.81009,1004.14001,53539
20260430-235226,-OrXG8ImXiX7ChkCK8A0,2026-05-01 06:40:38+00:00,1777617638000,24491,25.46974,42.80416,1004.14001,53641
20260430-235226,-OrXGAl8xJIJDc5IZHwV,2026-05-01 06:40:48+00:00,1777617648000,24501,25.46974,42.81005,1004.15002,53745
20260430-235226,-OrXGDB8wztgeWWqIMhP,2026-05-01 06:40:58+00:00,1777617658000,24511,25.47038,42.80423,1004.15002,53470
20260430-235226,-OrXGFcICnVUmMhrdh-s,2026-05-01 06:41:08+00:00,1777617668000,24521,25.47101,42.8102,1004.15002,53676
20260430-235226,-OrXGI3OLP03m37peM05,2026-05-01 06:41:18+00:00,1777617678000,24531,25.47069,42.81606,1004.14001,53641
20260430-235226,-OrXGKWiCE7hFWYOE7QX,2026-05-01 06:41:28+00:00,1777617688000,24541,25.47133,42.8279,1004.15002,53470
20260430-235226,-OrXGMwu6OJxFchV_gap,2026-05-01 06:41:38+00:00,1777617698000,24551,25.47165,42.79261,1004.14001,53504
20260430-235226,-OrXGPP95FY_Tpr8ZwjN,2026-05-01 06:41:48+00:00,1777617708000,24561,25.47228,42.79856,1004.14001,53676
20260430-235226,-OrXGRpI0PrkO3S4GB4v,2026-05-01 06:41:58+00:00,1777617718000,24571,25.4726,42.78683,1004.13,53607
20260430-235226,-OrXGUGclCmtLz1ROR-f,2026-05-01 06:42:08+00:00,1777617728000,24581,25.47291,42.77509,1004.13,53504
20260430-235226,-OrXGWiuyCR7mEiA2qAx,2026-05-01 06:42:18+00:00,1777617738000,24591,25.47386,42.79875,1004.14001,53504
20260430-235226,-OrXGZ91BC1eeA_n1L80,2026-05-01 06:42:28+00:00,1777617748000,24601,25.47386,42.78109,1004.14001,53504
20260430-235226,-OrXGab2_YQN8pIZCSMm,2026-05-01 06:42:38+00:00,1777617758000,24611,25.47386,42.80464,1004.14001,53368
20260430-235226,-OrXGd2R8dM2kP8fYpcf,2026-05-01 06:42:48+00:00,1777617768000,24621,25.47481,42.80474,1004.13,53436
20260430-235226,-OrXGfVQxDNmziHaJD3Y,2026-05-01 06:42:58+00:00,1777617778000,24631,25.47545,42.81659,1004.13,53573
20260430-235226,-OrXGhvr7gIre0foojER,2026-05-01 06:43:08+00:00,1777617788000,24641,25.47577,42.81663,1004.14001,53710
20260430-235226,-OrXGkMl8AiUabOycNvm,2026-05-01 06:43:18+00:00,1777617798000,24651,25.47672,42.82852,1004.14001,53470
20260430-235226,-OrXGmntsLtIkGa2UQxG,2026-05-01 06:43:28+00:00,1777617808000,24661,25.47735,42.80503,1004.14001,53573
20260430-235226,-OrXGpS9E4E9mbzjlx2j,2026-05-01 06:43:38+00:00,1777617818000,24671,25.47608,42.82255,1004.15002,53573
20260430-235226,-OrXGrgmvk3kSvgoV44K,2026-05-01 06:43:48+00:00,1777617828000,24681,25.4764,42.83437,1004.15002,53470
20260430-235226,-OrXGu88blwa8lxMa_H-,2026-05-01 06:43:58+00:00,1777617838000,24691,25.47672,42.8403,1004.15997,53470
20260430-235226,-OrXGwZx1Z3vWj7H2h5i,2026-05-01 06:44:08+00:00,1777617848000,24701,25.47672,42.8403,1004.15002,53573
20260430-235226,-OrXGz0Vtl-NdOznU6g7,2026-05-01 06:44:18+00:00,1777617858000,24711,25.47703,42.84033,1004.15002,53779
20260430-235226,-OrXH0SQUlHbJ7XRw5xh,2026-05-01 06:44:28+00:00,1777617868000,24721,25.47672,42.84619,1004.14001,53573
20260430-235226,-OrXH2uDRClBOz9Rje5f,2026-05-01 06:44:38+00:00,1777617878000,24731,25.47703,42.84033,1004.15002,53918
20260430-235226,-OrXH5PpMw5FDeXF7cAB,2026-05-01 06:44:48+00:00,1777617888000,24741,25.47766,42.8404,1004.15002,53402
20260430-235226,-OrXH7m-xV9x5lO15G0m,2026-05-01 06:44:58+00:00,1777617898000,24751,25.47766,42.84629,1004.15002,53368
20260430-235226,-OrXHADDEn477oqXG_8h,2026-05-01 06:45:08+00:00,1777617908000,24761,25.47735,42.84626,1004.14001,53504
20260430-235226,-OrXHCevDIux7lPEEOQ9,2026-05-01 06:45:18+00:00,1777617918000,24771,25.47672,42.85208,1004.14001,53539
20260430-235226,-OrXHF5p2jLtEb8CuchL,2026-05-01 06:45:28+00:00,1777617928000,24781,25.47672,42.8403,1004.14001,53573
20260430-235226,-OrXHHYp0KTRcgA7C3eg,2026-05-01 06:45:38+00:00,1777617938000,24791,25.47735,42.85215,1004.14001,53573
20260430-235226,-OrXHJz_HhumiXaEk8eT,2026-05-01 06:45:48+00:00,1777617948000,24801,25.4764,42.84614,1004.14001,53436
20260430-235226,-OrXHMQvaW5zgGC2tO43,2026-05-01 06:45:58+00:00,1777617958000,24811,25.47577,42.85196,1004.13,53470
20260430-235226,-OrXHOrjbH1UhjhS2k1g,2026-05-01 06:46:08+00:00,1777617968000,24821,25.47672,42.85797,1004.13,53504
20260430-235226,-OrXHRJN6b2JaAHKvUG2,2026-05-01 06:46:18+00:00,1777617978000,24831,25.47672,42.85208,1004.14001,53539
20260430-235226,-OrXHTl-sNl5po2uCEKO,2026-05-01 06:46:28+00:00,1777617988000,24841,25.47735,42.84626,1004.13,53300
20260430-235226,-OrXHWBbYavPNeM4Sh8Z,2026-05-01 06:46:38+00:00,1777617998000,24851,25.47766,42.84629,1004.14001,53402
20260430-235226,-OrXHalsxCrfabzcasGR,2026-05-01 06:46:48+00:00,1777618008000,24861,25.47893,42.84055,1004.14001,53470
20260430-235226,-OrXHatYlcsUeK6A2Pfe,2026-05-01 06:47:01+00:00,1777618021000,24875,25.47798,42.89345,1004.15002,51593
20260430-235226,-OrXHdKz586Emg9YsxAm,2026-05-01 06:47:11+00:00,1777618031000,24885,25.47735,42.85803,1004.15002,52171
20260430-235226,-OrXHflVRfc5lYTvvEyW,2026-05-01 06:47:21+00:00,1777618041000,24895,25.47862,42.85229,1004.14001,52531
20260430-235226,-OrXHiDBA3S0NV_sMK8f,2026-05-01 06:47:31+00:00,1777618051000,24905,25.47862,42.86407,1004.15002,52996
20260430-235226,-OrXHkeLZ3mdeEzoWjuI,2026-05-01 06:47:41+00:00,1777618061000,24915,25.47893,42.85233,1004.15002,52996
20260430-235226,-OrXHn7yO6y1VTMTpQdn,2026-05-01 06:47:51+00:00,1777618071000,24925,25.47957,42.85828,1004.15002,53131
20260430-235226,-OrXHpnZD8pdeONr821p,2026-05-01 06:48:02+00:00,1777618082000,24935,25.47862,42.86996,1004.15002,53097
20260430-235226,-OrXHs4U3oLVjId7qASX,2026-05-01 06:48:12+00:00,1777618092000,24945,25.47925,42.85825,1004.15002,53064
20260430-235226,-OrXHuVwPjiyEK84aJ0j,2026-05-01 06:48:22+00:00,1777618102000,24955,25.47989,42.85833,1004.15002,53402
20260430-235226,-OrXHwxHUwI5ELJ12s4J,2026-05-01 06:48:32+00:00,1777618112000,24965,25.47989,42.86422,1004.14001,53232
20260430-235226,-OrXHzOcuBk_NQKuNRMX,2026-05-01 06:48:42+00:00,1777618122000,24975,25.48084,42.8761,1004.14001,53402
20260430-235226,-OrXI0qD9GV9yISUsWfg,2026-05-01 06:48:52+00:00,1777618132000,24985,25.48084,42.87021,1004.14001,53436
20260430-235226,-OrXI3IIXOf3mShvSz1W,2026-05-01 06:49:02+00:00,1777618142000,24995,25.48147,42.85851,1004.14001,53198
20260430-235226,-OrXI5ihr03hcpCDBfy2,2026-05-01 06:49:12+00:00,1777618152000,25005,25.4821,42.85858,1004.14001,53232
20260430-235226,-OrXI89g_WNxxBnq4ukZ,2026-05-01 06:49:22+00:00,1777618162000,25015,25.48242,42.86451,1004.13,53539
20260430-235226,-OrXIAahnORw-jX4sJyn,2026-05-01 06:49:32+00:00,1777618172000,25025,25.48274,42.86454,1004.12,53402
20260430-235226,-OrXID3E4TgfvA6yHbSU,2026-05-01 06:49:42+00:00,1777618182000,25035,25.48369,42.86465,1004.12,53402
20260430-235226,-OrXIFmxLxdn8HtRveUM,2026-05-01 06:49:52+00:00,1777618192000,25045,25.484,42.86469,1004.10999,53676
20260430-235226,-OrXIHxln1qwbbY4IGCt,2026-05-01 06:50:02+00:00,1777618202000,25055,25.48527,42.85894,1004.10999,53402
20260430-235226,-OrXIKMh52dAcsmtrqws,2026-05-01 06:50:12+00:00,1777618212000,25065,25.48591,42.87668,1004.10999,53745
20260430-235226,-OrXIMoxXO5E7mRVV4gi,2026-05-01 06:50:22+00:00,1777618222000,25075,25.48623,42.86494,1004.10999,53504
20260430-235226,-OrXIPFRh_ty2hrnDRLK,2026-05-01 06:50:32+00:00,1777618232000,25085,25.48686,42.85323,1004.10999,53300
20260430-235226,-OrXIRgfbogKtRSTf3nP,2026-05-01 06:50:42+00:00,1777618242000,25095,25.48781,42.85923,1004.09998,53300
20260430-235226,-OrXIU7iKk_iz5frsw2D,2026-05-01 06:50:52+00:00,1777618252000,25105,25.48812,42.85337,1004.09998,53402
20260430-235226,-OrXIWZvd2RycjjF9cNy,2026-05-01 06:51:02+00:00,1777618262000,25115,25.48908,42.84759,1004.09003,53539
20260430-235226,-OrXIZ0GeUpSLllFxLei,2026-05-01 06:51:12+00:00,1777618272000,25125,25.49003,42.8477,1004.09998,53607
20260430-235226,-OrXIaSYTpWX5_7zFA5W,2026-05-01 06:51:22+00:00,1777618282000,25135,25.48971,42.85945,1004.09998,53607
20260430-235226,-OrXIctlJCRXk7VTkyu3,2026-05-01 06:51:32+00:00,1777618292000,25145,25.49161,42.85966,1004.10999,53402
20260430-235226,-OrXIfLJ5IUbfW2pxNfN,2026-05-01 06:51:42+00:00,1777618302000,25155,25.49193,42.86559,1004.10999,53607
20260430-235226,-OrXIhmTsic2jUCvtgsW,2026-05-01 06:51:52+00:00,1777618312000,25165,25.49256,42.87155,1004.12,53607
20260430-235226,-OrXIkDcSe2a49qfGRZ3,2026-05-01 06:52:02+00:00,1777618322000,25175,25.49383,42.87759,1004.10999,53368
20260430-235226,-OrXImfFnCnBxyQvnYiT,2026-05-01 06:52:12+00:00,1777618332000,25185,25.49351,42.85399,1004.09998,53300
20260430-235226,-OrXIp6EzcqEAMREdDhD,2026-05-01 06:52:22+00:00,1777618342000,25195,25.49415,42.86584,1004.10999,53368
20260430-235226,-OrXIrYTeOyhqwYP75qx,2026-05-01 06:52:32+00:00,1777618352000,25205,25.49541,42.87188,1004.10999,53402
20260430-235226,-OrXIu-RcbbXLiuykPMN,2026-05-01 06:52:42+00:00,1777618362000,25215,25.49541,42.86599,1004.09998,53641
20260430-235226,-OrXIwQjubd2Gwh-Pnm6,2026-05-01 06:52:52+00:00,1777618372000,25225,25.49573,42.86602,1004.09998,53402
20260430-235226,-OrXIzJOxlqQdaPyLOy1,2026-05-01 06:53:02+00:00,1777618382000,25235,25.497,42.86028,1004.09998,53436
20260430-235226,-OrXJ0LrenO0CRN6a-sG,2026-05-01 06:53:12+00:00,1777618392000,25245,25.497,42.87206,1004.09998,53436
20260430-235226,-OrXJ2kzip1V2nQdL1Me,2026-05-01 06:53:22+00:00,1777618402000,25255,25.49763,42.87212,1004.10999,53607
20260430-235226,-OrXJ5BylhGts9WR3639,2026-05-01 06:53:32+00:00,1777618412000,25265,25.49827,42.88399,1004.09998,53504
20260430-235226,-OrXJ7crkj4DoXMXjl8l,2026-05-01 06:53:42+00:00,1777618422000,25275,25.4989,42.87816,1004.10999,53745
20260430-235226,-OrXJA4b82pkcnkE5bDB,2026-05-01 06:53:52+00:00,1777618432000,25285,25.4989,42.89584,1004.09998,53607
20260430-235226,-OrXJCWYg-52ymA7dSxu,2026-05-01 06:54:02+00:00,1777618442000,25295,25.50017,42.89009,1004.09998,53539
20260430-235226,-OrXJEy59QXExX84cEhX,2026-05-01 06:54:12+00:00,1777618452000,25305,25.50112,42.87253,1004.10999,53504
20260430-235226,-OrXJHOtLi1ByT-GSkfX,2026-05-01 06:54:22+00:00,1777618462000,25315,25.50239,42.87267,1004.10999,53676
20260430-235226,-OrXJJqyRx-QpAl2A6xb,2026-05-01 06:54:32+00:00,1777618472000,25325,25.50334,42.88456,1004.09998,53607
20260430-235226,-OrXJMHmj7OOEfsr6sts,2026-05-01 06:54:42+00:00,1777618482000,25335,25.50556,42.86714,1004.10999,53607
20260430-235226,-OrXJOjBch5dEqD1Mnf_,2026-05-01 06:54:52+00:00,1777618492000,25345,25.50524,42.873,1004.09003,53402
20260430-235226,-OrXJRBQUpSuxDBIE73U,2026-05-01 06:55:02+00:00,1777618502000,25355,25.50524,42.86121,1004.09998,53368
20260430-235226,-OrXJTdTY9EElfR3ngqt,2026-05-01 06:55:12+00:00,1777618512000,25365,25.50651,42.86136,1004.09998,53779
20260430-235226,-OrXJW2SqECmDT6wyhDk,2026-05-01 06:55:22+00:00,1777618522000,25375,25.50778,42.84972,1004.09998,53814
20260430-235226,-OrXJYUjyLvXJxP9zDp0,2026-05-01 06:55:32+00:00,1777618532000,25385,25.50746,42.86147,1004.09998,53436
20260430-235226,-OrXJ_waQQykhgHlO_G7,2026-05-01 06:55:42+00:00,1777618542000,25395,25.50746,42.8438,1004.09998,53814
20260430-235226,-OrXJcNdrVrOQdK0x69m,2026-05-01 06:55:52+00:00,1777618552000,25405,25.50841,42.83213,1004.09003,53745
20260430-235226,-OrXJeoa4BRcdrqpdNNa,2026-05-01 06:56:02+00:00,1777618562000,25415,25.50873,42.83805,1004.09003,53539
20260430-235226,-OrXJiGVwg2dvVvtO5Ef,2026-05-01 06:56:12+00:00,1777618572000,25425,25.50809,42.83209,1004.09003,53779
20260430-235226,-OrXJjh8cOX43rs-EiF-,2026-05-01 06:56:22+00:00,1777618582000,25435,25.50746,42.82613,1004.09003,53676
20260430-235226,-OrXJm97y13fKjLeKHNC,2026-05-01 06:56:32+00:00,1777618592000,25445,25.50809,42.83798,1004.09003,53573
20260430-235226,-OrXJo_OExORaVu1nw8u,2026-05-01 06:56:42+00:00,1777618602000,25455,25.50778,42.84383,1004.09003,53745
20260430-235226,-OrXJr2FLFG-ibEIHweu,2026-05-01 06:56:52+00:00,1777618612000,25465,25.50809,42.85565,1004.09003,53814
20260430-235226,-OrXJtTJ_hIsAC56CHAS,2026-05-01 06:57:02+00:00,1777618622000,25475,25.50682,42.83784,1004.09003,53436
20260430-235226,-OrXJvvBPa5RRo-RIagz,2026-05-01 06:57:12+00:00,1777618632000,25485,25.50524,42.88478,1004.09003,53402
20260430-235226,-OrXJyLNpzoMQXJ7J5Ij,2026-05-01 06:57:22+00:00,1777618642000,25495,25.50397,42.8434,1004.08002,53607
20260430-235226,-OrXK-mtBGifw8EgJHtw,2026-05-01 06:57:32+00:00,1777618652000,25505,25.50302,42.85508,1004.08002,53436
20260430-235226,-OrXK2Dh8cCH-XetAYzI,2026-05-01 06:57:42+00:00,1777618662000,25515,25.50239,42.87856,1004.08002,53402
20260430-235226,-OrXK4gpQb4Zigb8WwIg,2026-05-01 06:57:52+00:00,1777618672000,25525,25.5027,42.8727,1004.08002,53607
20260430-235226,-OrXK76t5l_FYOoFPSXN,2026-05-01 06:58:02+00:00,1777618682000,25535,25.50302,42.84919,1004.07001,53436
20260430-235226,-OrXK9Z2la4pTa95rtSA,2026-05-01 06:58:12+00:00,1777618692000,25545,25.50366,42.84926,1004.06,53368
20260430-235226,-OrXKBzwSctVIxzcLMoR,2026-05-01 06:58:22+00:00,1777618702000,25555,25.50587,42.8554,1004.06,53470
20260430-235226,-OrXKET5uI0uvVyhdwwX,2026-05-01 06:58:32+00:00,1777618712000,25565,25.50778,42.85561,1004.06,53368
20260430-235226,-OrXKGsdmHKj7_DAZ6ma,2026-05-01 06:58:42+00:00,1777618722000,25575,25.51126,42.85601,1004.04999,53198
20260430-235226,-OrXKJLdKDlMvF8q92bF,2026-05-01 06:58:52+00:00,1777618732000,25585,25.51316,42.86211,1004.04999,53198
20260430-235226,-OrXKLlSWL-BFbf705Ky,2026-05-01 06:59:02+00:00,1777618742000,25595,25.5157,42.86241,1004.04999,53436
20260430-235226,-OrXKOCB1jQ0_pECPyyT,2026-05-01 06:59:12+00:00,1777618752000,25605,25.51728,42.81547,1004.04999,53402
20260430-235226,-OrXKRolWpo89U0zemMc,2026-05-01 06:59:22+00:00,1777618762000,25615,25.51982,42.80399,1004.04999,53198
20260430-235226,-OrXKT5CvnZ45xiEFpQ2,2026-05-01 06:59:32+00:00,1777618772000,25625,25.52236,42.76895,1004.04999,53198
20260430-235226,-OrXKVX3G2mX-dgs-qC2,2026-05-01 06:59:42+00:00,1777618782000,25635,25.52394,42.77501,1004.04999,53368
20260430-235226,-OrXKXypKiVHbw5FeELr,2026-05-01 06:59:52+00:00,1777618792000,25645,25.52584,42.75756,1004.06,53504
20260430-235226,-OrXK_QTf652XcyXYCFH,2026-05-01 07:00:02+00:00,1777618802000,25655,25.52616,42.7635,1004.04999,53402
20260430-235226,-OrXKbqpaGZqP6Y0jp7M,2026-05-01 07:00:12+00:00,1777618812000,25665,25.52616,42.80471,1004.06,53470
20260430-235226,-OrXKeI70YY1_o8RKQ1L,2026-05-01 07:00:22+00:00,1777618822000,25675,25.52711,42.82837,1004.06,53097
20260430-235226,-OrXKgjw4UYKOBHPPfY0,2026-05-01 07:00:32+00:00,1777618832000,25685,25.52711,42.79893,1004.06,53198
20260430-235226,-OrXKjA_ZM5PsElfLZ2m,2026-05-01 07:00:42+00:00,1777618842000,25695,25.52901,42.80503,1004.07001,53334
20260430-235226,-OrXKlc61tETC4xRyfkV,2026-05-01 07:00:52+00:00,1777618852000,25705,25.52933,42.80507,1004.07001,53064
20260430-235226,-OrXKo2paw9ZoO-zL3lv,2026-05-01 07:01:02+00:00,1777618862000,25715,25.53028,42.84052,1004.06,53131
20260430-235226,-OrXKqV4wDOcm6-vm98a,2026-05-01 07:01:12+00:00,1777618872000,25725,25.53186,42.8348,1004.06,52996
20260430-235226,-OrXKswqTP3rgrw2s3FL,2026-05-01 07:01:22+00:00,1777618882000,25735,25.53313,42.82317,1004.07001,53198
20260430-235226,-OrXKvrbIPqsJ6_ki5MM,2026-05-01 07:01:32+00:00,1777618892000,25745,25.5344,42.85866,1004.08002,52829
20260430-235226,-OrXKxp5aHlAOOf5uX46,2026-05-01 07:01:42+00:00,1777618902000,25755,25.53567,42.91182,1004.08002,52597
20260430-235226,-OrXL-GSUPP00jiPuqhS,2026-05-01 07:01:52+00:00,1777618912000,25765,25.53694,42.88251,1004.08002,52696
20260430-235226,-OrXL1ibpQsB752nAZ1t,2026-05-01 07:02:02+00:00,1777618922000,25775,25.53789,42.8885,1004.08002,52498
20260430-235226,-OrXL4A6fetXIuaEgVcc,2026-05-01 07:02:12+00:00,1777618932000,25785,25.5382,42.98283,1004.08002,52564
20260430-235226,-OrXL6a-uzSz4uXbwymS,2026-05-01 07:02:22+00:00,1777618942000,25795,25.53979,43.08326,1004.08002,52696
20260430-235226,-OrXLAbvrkZLg6n3hmuw,2026-05-01 07:02:32+00:00,1777618952000,25805,25.54074,43.15417,1004.08002,52269
20260430-235226,-OrXLBc4q4xFK3lJoi5c,2026-05-01 07:02:42+00:00,1777618962000,25815,25.54327,43.21938,1004.08002,52498
20260430-235226,-OrXLDvY5woxJ7-NYV-H,2026-05-01 07:02:52+00:00,1777618972000,25825,25.54518,43.27864,1004.09003,52367
20260430-235226,-OrXLGMpYgcKB-QJ4BtQ,2026-05-01 07:03:02+00:00,1777618982000,25835,25.54803,43.35576,1004.09003,52334
20260430-235226,-OrXLInRrAZiThOHKQ-Q,2026-05-01 07:03:12+00:00,1777618992000,25845,25.54993,43.50374,1004.09003,52106
20260430-235226,-OrXLLFFx-lJQc4x7FCJ,2026-05-01 07:03:22+00:00,1777619002000,25855,25.55215,43.39169,1004.09003,52204
20260430-235226,-OrXLNfPViY9q1d11BwU,2026-05-01 07:03:32+00:00,1777619012000,25865,25.55468,43.28564,1004.09003,52074
20260430-235226,-OrXLQ6oEfh9x41mjoV3,2026-05-01 07:03:42+00:00,1777619022000,25875,25.5569,43.31543,1004.09998,52171
20260430-235226,-OrXLSZjK6pqcgAtIkW_,2026-05-01 07:03:52+00:00,1777619032000,25885,25.55817,43.39238,1004.09998,52498
20260430-235226,-OrXLV-6tHjesSC-1AX8,2026-05-01 07:04:02+00:00,1777619042000,25895,25.55944,43.54034,1004.09003,52171
20260430-235226,-OrXLXRqlk3bfuDx0FZ4,2026-05-01 07:04:12+00:00,1777619052000,25905,25.56007,43.59956,1004.09003,52236
20260430-235226,-OrXLZtCCQfSpsPuoPLD,2026-05-01 07:04:22+00:00,1777619062000,25915,25.56071,43.58781,1004.09998,51945
20260430-235226,-OrXLbK18Y-fnWoe4dmc,2026-05-01 07:04:32+00:00,1777619072000,25925,25.55944,43.56399,1004.09003,52139
20260430-235226,-OrXLdlq0SupvSUMGleu,2026-05-01 07:04:42+00:00,1777619082000,25935,25.55817,43.54019,1004.09003,51816
20260430-235226,-OrXLgDOc_7mz0WRG8vZ,2026-05-01 07:04:52+00:00,1777619092000,25945,25.55817,43.55793,1004.09003,51977
20260430-235226,-OrXLieVUWMyvj2W_NXI,2026-05-01 07:05:02+00:00,1777619102000,25955,25.55817,43.52836,1004.09003,51848
20260430-235226,-OrXLl5bkkbO8RI9hnhs,2026-05-01 07:05:12+00:00,1777619112000,25965,25.5569,43.49864,1004.08002,52041
20260430-235226,-OrXLnt6c2OOPqtmM9i5,2026-05-01 07:05:22+00:00,1777619122000,25975,25.55627,43.44536,1004.09003,51848
20260430-235226,-OrXLpydpaIPWlMn-1JZ,2026-05-01 07:05:32+00:00,1777619132000,25985,25.555,43.22072,1004.09003,51593
20260430-235226,-OrXLuUuTozWUY04T660,2026-05-01 07:05:42+00:00,1777619142000,25995,25.55278,43.09065,1004.08002,51656
20260430-235226,-OrXLutNqt6S4PW-QJbv,2026-05-01 07:05:52+00:00,1777619152000,26005,25.55056,43.1199,1004.08002,52009
20260430-235226,-OrXLxLAi8_Z-Os_-48P,2026-05-01 07:06:02+00:00,1777619162000,26015,25.54835,43.07245,1004.08002,51977
20260430-235226,-OrXLzlszw8_ycGx7Eki,2026-05-01 07:06:12+00:00,1777619172000,26025,25.54518,43.02491,1004.08002,52106
20260430-235226,-OrXM1DutgeRH0Ui2rtA,2026-05-01 07:06:22+00:00,1777619182000,26035,25.54264,43.01281,1004.08002,52498
20260430-235226,-OrXM3e83Hjp77UoyJqK,2026-05-01 07:06:32+00:00,1777619192000,26045,25.54232,43.00689,1004.08002,52269
20260430-235226,-OrXM65tTwFAjr0W7EC9,2026-05-01 07:06:42+00:00,1777619202000,26055,25.54137,42.98319,1004.09003,52334
20260430-235226,-OrXM8Xiwm_CLA2fPeeB,2026-05-01 07:06:52+00:00,1777619212000,26065,25.5401,42.97126,1004.08002,52663
20260430-235226,-OrXMAyyp5l0Y_SdyD2a,2026-05-01 07:07:02+00:00,1777619222000,26075,25.53979,42.96534,1004.07001,52334
20260430-235226,-OrXMDRuSCZgUpQUllnv,2026-05-01 07:07:12+00:00,1777619232000,26085,25.53979,42.96534,1004.06,52696
20260430-235226,-OrXMFrTGl3eFq9mbwK5,2026-05-01 07:07:22+00:00,1777619242000,26095,25.53915,42.98884,1004.07001,52597
20260430-235226,-OrXMIIczZD0-9omUHo-,2026-05-01 07:07:32+00:00,1777619252000,26105,25.53947,43.00656,1004.06,52663
20260430-235226,-OrXMKjwRhGacvyyL1SO,2026-05-01 07:07:42+00:00,1777619262000,26115,25.53979,42.98892,1004.06,52730
20260430-235226,-OrXMNBoSJlWkrQ7oYBH,2026-05-01 07:07:52+00:00,1777619272000,26125,25.5401,42.97716,1004.06,52498
20260430-235226,-OrXMPcdjkPgKzwJCCpH,2026-05-01 07:08:02+00:00,1777619282000,26135,25.5401,42.98895,1004.06,52796
20260430-235226,-OrXMS3c7sGc-DQww2pV,2026-05-01 07:08:12+00:00,1777619292000,26145,25.5401,42.98895,1004.04999,52696
20260430-235226,-OrXMUWMf_m_qjZPCFrX,2026-05-01 07:08:22+00:00,1777619302000,26155,25.54074,42.98903,1004.04999,52730
20260430-235226,-OrXMWwuktwrlk24ROiv,2026-05-01 07:08:32+00:00,1777619312000,26165,25.54169,43.01861,1004.04999,52796
20260430-235226,-OrXMZddoAVfPRsG2c9B,2026-05-01 07:08:42+00:00,1777619322000,26175,25.54169,43.04219,1004.04999,52796
20260430-235226,-OrXMapWT1jbX3gtGe2R,2026-05-01 07:08:52+00:00,1777619332000,26185,25.54201,43.04223,1004.04999,52863
20260430-235226,-OrXMdHGzG8QgozX1dcG,2026-05-01 07:09:02+00:00,1777619342000,26195,25.54264,43.06589,1004.03003,52863
20260430-235226,-OrXMfiJX3R7UbR6RWs2,2026-05-01 07:09:12+00:00,1777619352000,26205,25.54296,43.07183,1004.03003,52763
20260430-235226,-OrXMiA91aLrtEMKEn1r,2026-05-01 07:09:22+00:00,1777619362000,26215,25.54327,43.07776,1004.03003,52863
20260430-235226,-OrXMkc5igmMkXCYsl6q,2026-05-01 07:09:32+00:00,1777619372000,26225,25.54454,43.04842,1004.03003,52663
20260430-235226,-OrXMn2TS3VF2Hvypk7r,2026-05-01 07:09:42+00:00,1777619382000,26235,25.54422,43.06017,1004.03003,52400
20260430-235226,-OrXMpUAijIFoWDrC68h,2026-05-01 07:09:52+00:00,1777619392000,26245,25.54391,43.05425,1004.02002,52630
20260430-235226,-OrXMrw601tYPxi99HO8,2026-05-01 07:10:02+00:00,1777619402000,26255,25.54486,43.04846,1004.02002,52630
20260430-235226,-OrXMuN9ToDVdh595oY7,2026-05-01 07:10:12+00:00,1777619412000,26265,25.54549,43.05443,1004.02002,52663
20260430-235226,-OrXMwn_JiIh-FHKe_0_,2026-05-01 07:10:22+00:00,1777619422000,26275,25.54486,43.05436,1004.02002,53064
20260430-235226,-OrXMzEn2mg09h3fsVlZ,2026-05-01 07:10:32+00:00,1777619432000,26285,25.54486,43.04846,1004.02002,52829
20260430-235226,-OrXN0gWTbq1-GFeliD3,2026-05-01 07:10:42+00:00,1777619442000,26295,25.54454,43.04252,1004.02002,52996
20260430-235226,-OrXN385Cfr-TeutkvIZ,2026-05-01 07:10:52+00:00,1777619452000,26305,25.54486,43.04846,1004.02002,52929
20260430-235226,-OrXN5aSBdEeEdOdt_5d,2026-05-01 07:11:02+00:00,1777619462000,26315,25.54422,43.05428,1004.03003,52863
20260430-235226,-OrXN809VhlJo_sEFZH_,2026-05-01 07:11:12+00:00,1777619472000,26325,25.54422,43.07787,1004.03003,52896
20260430-235226,-OrXNATVvE_onPcJXW80,2026-05-01 07:11:22+00:00,1777619482000,26335,25.54391,43.05425,1004.03003,52531
20260430-235226,-OrXNCtRrCoRe5NRcvDP,2026-05-01 07:11:32+00:00,1777619492000,26345,25.54422,43.04248,1004.03003,52996
20260430-235226,-OrXNFK_YHvOU7QnFLnS,2026-05-01 07:11:42+00:00,1777619502000,26355,25.54454,43.06021,1004.03003,52796
20260430-235226,-OrXNJUugi5vjx81rlUF,2026-05-01 07:11:52+00:00,1777619512000,26365,25.54422,43.07197,1004.03003,52597
20260430-235226,-OrXNKDLf_HyvgdTFSfx,2026-05-01 07:12:02+00:00,1777619522000,26375,25.54486,43.07205,1004.03003,52996
20260430-235226,-OrXNMeqLXEa6-lcMBme,2026-05-01 07:12:12+00:00,1777619532000,26385,25.54422,43.09557,1004.03003,52763
20260430-235226,-OrXNP5YFqhi4fa5rkaD,2026-05-01 07:12:22+00:00,1777619542000,26395,25.54359,43.0955,1004.03003,52663
20260430-235226,-OrXNRYQ97ts1B4LL0ji,2026-05-01 07:12:32+00:00,1777619552000,26405,25.54359,43.12499,1004.03003,52763
20260430-235226,-OrXNTz1uvLGCFx0p0VE,2026-05-01 07:12:42+00:00,1777619562000,26415,25.54422,43.17817,1004.03003,52597
20260430-235226,-OrXNWQTy34C2X-kKenV,2026-05-01 07:12:52+00:00,1777619572000,26425,25.54422,43.16047,1004.03003,52696
20260430-235226,-OrXNYsI_VV8DSopHNcm,2026-05-01 07:13:02+00:00,1777619582000,26435,25.54391,43.14273,1004.03003,52863
20260430-235226,-OrXNaKBi5dZDLSL_YMu,2026-05-01 07:13:12+00:00,1777619592000,26445,25.54422,43.14277,1004.03998,52597
20260430-235226,-OrXNck20Temofnewspb,2026-05-01 07:13:22+00:00,1777619602000,26455,25.54486,43.16054,1004.03003,52896
20260430-235226,-OrXNfBuqlZYDHU6gICf,2026-05-01 07:13:32+00:00,1777619612000,26465,25.54454,43.17231,1004.03003,52863
20260430-235226,-OrXNhcsgu6pgHmvE4V6,2026-05-01 07:13:42+00:00,1777619622000,26475,25.54518,43.18418,1004.03003,52896
20260430-235226,-OrXNk4D4V0r9bfi1MdN,2026-05-01 07:13:52+00:00,1777619632000,26485,25.54454,43.1664,1004.03003,52763
20260430-235226,-OrXNmX8yicKpFInHccy,2026-05-01 07:14:02+00:00,1777619642000,26495,25.54454,43.15461,1004.03003,52663
20260430-235226,-OrXNoxNn27_Dn9geLAZ,2026-05-01 07:14:12+00:00,1777619652000,26505,25.54391,43.18404,1004.03003,52829
20260430-235226,-OrXNrP8UXPnpPl9Rm7K,2026-05-01 07:14:22+00:00,1777619662000,26515,25.54359,43.24303,1004.02002,52763
20260430-235226,-OrXNtrPRgIxOGlXJEN_,2026-05-01 07:14:32+00:00,1777619672000,26525,25.54264,43.26063,1004.02002,52763
20260430-235226,-OrXNwH6NX6bacr5UOPD,2026-05-01 07:14:42+00:00,1777619682000,26535,25.54232,43.23109,1004.02002,53131
20260430-235226,-OrXNyih9hDsXn5DJd-l,2026-05-01 07:14:52+00:00,1777619692000,26545,25.54264,43.27835,1004.01001,52630
20260430-235226,-OrXO1cFsliMZWEkDiRj,2026-05-01 07:15:02+00:00,1777619702000,26555,25.54106,43.28408,1004.02002,52963
20260430-235226,-OrXO2arriBkRAOa0_GG,2026-05-01 07:15:12+00:00,1777619712000,26565,25.54074,43.24271,1004.01001,52696
20260430-235226,-OrXO52MuUseiUcPV3DH,2026-05-01 07:15:22+00:00,1777619722000,26575,25.54074,43.225,1004.01001,52929
20260430-235226,-OrXO7UyqSZW_1JdBOK-,2026-05-01 07:15:32+00:00,1777619732000,26585,25.54074,43.18958,1004.02002,52963
20260430-235226,-OrXO9vvMG9ITMs4VMZL,2026-05-01 07:15:42+00:00,1777619742000,26595,25.54074,43.13057,1004.02002,52829
20260430-235226,-OrXOCMvPTO1F8plW5WW,2026-05-01 07:15:52+00:00,1777619752000,26605,25.54042,43.08923,1004.02002,52863
20260430-235226,-OrXOEoBbXjK8vpF0k46,2026-05-01 07:16:02+00:00,1777619762000,26615,25.5401,43.0656,1004.03003,53064
20260430-235226,-OrXOHGKP3kr4D8QACfY,2026-05-01 07:16:12+00:00,1777619772000,26625,25.53979,43.08916,1004.03003,53064
20260430-235226,-OrXOJgcNvBgAASf0nlf,2026-05-01 07:16:22+00:00,1777619782000,26635,25.5401,43.1541,1004.03003,52796
20260430-235226,-OrXOM8HlYhbmj3EPsDA,2026-05-01 07:16:32+00:00,1777619792000,26645,25.5401,43.20721,1004.03003,52531
20260430-235226,-OrXOO_CsnkVRnBGpRQk,2026-05-01 07:16:42+00:00,1777619802000,26655,25.53979,43.21899,1004.03998,53064
20260430-235226,-OrXOR0Rn1P3KgNbYs9m,2026-05-01 07:16:52+00:00,1777619812000,26665,25.53947,43.22485,1004.04999,53064
20260430-235226,-OrXOTSWCkQ2e2tbFpF8,2026-05-01 07:17:02+00:00,1777619822000,26675,25.53915,43.23662,1004.04999,52996
20260430-235226,-OrXOVu4iK6boPC3v9E_,2026-05-01 07:17:12+00:00,1777619832000,26685,25.53979,43.27213,1004.04999,52597
20260430-235226,-OrXOYL31cWQcaIK68nt,2026-05-01 07:17:22+00:00,1777619842000,26695,25.54074,43.26043,1004.04999,52829
20260430-235226,-OrXO_mDMLeZq_VOCcR4,2026-05-01 07:17:32+00:00,1777619852000,26705,25.54042,43.284,1004.06,52796
20260430-235226,-OrXOcDUMiM_Cn0T-nlD,2026-05-01 07:17:42+00:00,1777619862000,26715,25.54074,43.25452,1004.06,52829
20260430-235226,-OrXOef7A0MzPWmfWmA-,2026-05-01 07:17:52+00:00,1777619872000,26725,25.54074,43.21909,1004.06,52963
20260430-235226,-OrXOh5pnuvRvV2BFt-_,2026-05-01 07:18:02+00:00,1777619882000,26735,25.5401,43.23082,1004.07001,52963
20260430-235226,-OrXOjmcu4hlrIPbTocu,2026-05-01 07:18:12+00:00,1777619892000,26745,25.54042,43.21315,1004.07001,52863
20260430-235226,-OrXOlzub6qT0qmrh2HO,2026-05-01 07:18:22+00:00,1777619902000,26755,25.54042,43.21315,1004.08002,52996
20260430-235226,-OrXOoQhVbAcc699_Z6t,2026-05-01 07:18:32+00:00,1777619912000,26765,25.54137,43.24868,1004.08002,52763
20260430-235226,-OrXOqsYodyaJvwU23zv,2026-05-01 07:18:42+00:00,1777619922000,26775,25.54296,43.26067,1004.08002,52597
20260430-235226,-OrXOtKMQE3o0cVgh0p9,2026-05-01 07:18:52+00:00,1777619932000,26785,25.54296,43.22525,1004.07001,52730
20260430-235226,-OrXOvks_bLdtktakbqb,2026-05-01 07:19:02+00:00,1777619942000,26795,25.54359,43.20171,1004.07001,53198
20260430-235226,-OrXOyCELLEuHGBStHok,2026-05-01 07:19:12+00:00,1777619952000,26805,25.54359,43.18401,1004.07001,53064
20260430-235226,-OrXP-crb3FiabfRUGFS,2026-05-01 07:19:22+00:00,1777619962000,26815,25.54264,43.20159,1004.07001,52796
20260430-235226,-OrXP24c-RJiGJlqXNmt,2026-05-01 07:19:32+00:00,1777619972000,26825,25.54232,43.20157,1004.07001,52730
20260430-235226,-OrXP4Wr6mFG2lJxQ7Y6,2026-05-01 07:19:42+00:00,1777619982000,26835,25.54232,43.20157,1004.07001,52796
20260430-235226,-OrXP6z7tOlcbzoExUoP,2026-05-01 07:19:52+00:00,1777619992000,26845,25.54232,43.20747,1004.07001,53064
20260430-235226,-OrXP9P6yJySDQks24IR,2026-05-01 07:20:02+00:00,1777620002000,26855,25.54264,43.20159,1004.07001,52963
20260430-235226,-OrXPBqerFu9f1ZpmAEM,2026-05-01 07:20:12+00:00,1777620012000,26865,25.54296,43.18983,1004.07001,52763
20260430-235226,-OrXPEHuhZd1FXnDJN6H,2026-05-01 07:20:22+00:00,1777620022000,26875,25.54264,43.19569,1004.07001,52963
20260430-235226,-OrXPGisw62VtVBXywIm,2026-05-01 07:20:32+00:00,1777620032000,26885,25.54296,43.20754,1004.06,52929
20260430-235226,-OrXPJAdLDeECnJP5Xxe,2026-05-01 07:20:42+00:00,1777620042000,26895,25.54264,43.2134,1004.06,52863
20260430-235226,-OrXPLbGFK0JDSFfnPNO,2026-05-01 07:20:52+00:00,1777620052000,26905,25.54296,43.22525,1004.06,52896
20260430-235226,-OrXPO2XGamxu4DwNEIG,2026-05-01 07:21:02+00:00,1777620062000,26915,25.54232,43.23699,1004.04999,52863
20260430-235226,-OrXPQUqqTu24THEzCTi,2026-05-01 07:21:12+00:00,1777620072000,26925,25.54359,43.23713,1004.06,52696
20260430-235226,-OrXPT8rbZ9uMydPgVbP,2026-05-01 07:21:22+00:00,1777620082000,26935,25.54327,43.17216,1004.06,53030
20260430-235226,-OrXPVNX-7xHfXFpyv3K,2026-05-01 07:21:32+00:00,1777620092000,26945,25.54232,43.14845,1004.06,52796
20260430-235226,-OrXPXp7F2P7PIg7kZVH,2026-05-01 07:21:42+00:00,1777620102000,26955,25.54232,43.15435,1004.06,52663
20260430-235226,-OrXP_GxLA0hRTKFPc3T,2026-05-01 07:21:52+00:00,1777620112000,26965,25.54201,43.16022,1004.04999,52996
20260430-235226,-OrXPbh84-K-RIGro9oM,2026-05-01 07:22:02+00:00,1777620122000,26975,25.54232,43.16616,1004.06,52929
20260430-235226,-OrXPe8v7Zy9SCdRaQq3,2026-05-01 07:22:12+00:00,1777620132000,26985,25.54169,43.17788,1004.06,53097
20260430-235226,-OrXPgaiyl6D0F9e1u6R,2026-05-01 07:22:22+00:00,1777620142000,26995,25.54106,43.20142,1004.04999,53064
20260430-235226,-OrXPj18QbicLnWFKyec,2026-05-01 07:22:32+00:00,1777620152000,27005,25.54106,43.18371,1004.06,52796
20260430-235226,-OrXPlT-hyhMtWO0duUQ,2026-05-01 07:22:42+00:00,1777620162000,27015,25.54137,43.18374,1004.06,52829
20260430-235226,-OrXPnv-wDipeBYoPdNo,2026-05-01 07:22:52+00:00,1777620172000,27025,25.54137,43.20145,1004.07001,52896
20260430-235226,-OrXPqMAWWk33O7LKdBe,2026-05-01 07:23:02+00:00,1777620182000,27035,25.54232,43.20157,1004.07001,53064
20260430-235226,-OrXPsmYWgNKmUkC9pAm,2026-05-01 07:23:12+00:00,1777620192000,27045,25.54264,43.18979,1004.07001,53030
20260430-235226,-OrXPvF3qNfupM1AOpkj,2026-05-01 07:23:22+00:00,1777620202000,27055,25.54232,43.19567,1004.06,53131
20260430-235226,-OrXPxfVsxQ8mkEyels6,2026-05-01 07:23:32+00:00,1777620212000,27065,25.54264,43.18389,1004.07001,53097
20260430-235226,-OrXQ-6dsQbLYmWqYn6A,2026-05-01 07:23:42+00:00,1777620222000,27075,25.54232,43.18386,1004.06,52796
20260430-235226,-OrXQ1Z47u4WHx1OIZjK,2026-05-01 07:23:52+00:00,1777620232000,27085,25.54169,43.16608,1004.07001,53097
20260430-235226,-OrXQ4-VOCAV5W8QXTLp,2026-05-01 07:24:02+00:00,1777620242000,27095,25.54106,43.15421,1004.07001,53030
20260430-235226,-OrXQ6RjOuXdT0psXF5R,2026-05-01 07:24:12+00:00,1777620252000,27105,25.54137,43.14244,1004.08002,53097
20260430-235226,-OrXQ8tzMOpLha9lF5y8,2026-05-01 07:24:22+00:00,1777620262000,27115,25.54201,43.14251,1004.07001,53266
20260430-235226,-OrXQBqeOE-VGE8XasVb,2026-05-01 07:24:32+00:00,1777620272000,27125,25.54137,43.11883,1004.08002,53402
20260430-235226,-OrXQDkuNuR4_z4NbHwQ,2026-05-01 07:24:42+00:00,1777620282000,27135,25.54201,43.14251,1004.07001,53198
20260430-235226,-OrXQGCDATnpLbf3Ttwu,2026-05-01 07:24:52+00:00,1777620292000,27145,25.54201,43.13662,1004.07001,53266
20260430-235226,-OrXQIdxjkdmeAYHot4Q,2026-05-01 07:25:02+00:00,1777620302000,27155,25.54296,43.13672,1004.06,53064
20260430-235226,-OrXQL5LpDFhgFZ-uoYc,2026-05-01 07:25:12+00:00,1777620312000,27165,25.54296,43.14853,1004.06,53131
20260430-235226,-OrXQNX9hVHdY3ZzPbiw,2026-05-01 07:25:22+00:00,1777620322000,27175,25.54359,43.1545,1004.06,53198
20260430-235226,-OrXQPykTiuLlzPNvcKh,2026-05-01 07:25:32+00:00,1777620332000,27185,25.54359,43.14859,1004.06,53402
20260430-235226,-OrXQSPijsiUh4tCi55C,2026-05-01 07:25:42+00:00,1777620342000,27195,25.54422,43.16047,1004.06,53198
20260430-235226,-OrXQUr4o0THKhT8ph-e,2026-05-01 07:25:52+00:00,1777620352000,27205,25.54391,43.16043,1004.04999,53064
20260430-235226,-OrXQXI430Yze4GkFNqC,2026-05-01 07:26:02+00:00,1777620362000,27215,25.54391,43.17814,1004.04999,53402
20260430-235226,-OrXQZjNZnaqVPHuOMcI,2026-05-01 07:26:12+00:00,1777620372000,27225,25.54486,43.19596,1004.04999,53131
20260430-235226,-OrXQbArOcUxH7lYeK3d,2026-05-01 07:26:22+00:00,1777620382000,27235,25.54518,43.17238,1004.03998,53131
20260430-235226,-OrXQdbpZKEweQIPfNEE,2026-05-01 07:26:32+00:00,1777620392000,27245,25.54518,43.19009,1004.03998,53232
20260430-235226,-OrXQg3-L_fj9nxxAO1Y,2026-05-01 07:26:42+00:00,1777620402000,27255,25.54486,43.19596,1004.03003,53131
20260430-235226,-OrXQiVeeKRm06rgrU3W,2026-05-01 07:26:52+00:00,1777620412000,27265,25.54391,43.21355,1004.03003,53368
20260430-235226,-OrXQkwcfOmY8M--NvHL,2026-05-01 07:27:02+00:00,1777620422000,27275,25.54454,43.20182,1004.03003,52929
20260430-235226,-OrXQnNj4F3c9ZVm-IWF,2026-05-01 07:27:12+00:00,1777620432000,27285,25.54486,43.19596,1004.03003,53266
20260430-235226,-OrXQppQXsNQrd-sNDPI,2026-05-01 07:27:22+00:00,1777620442000,27295,25.54549,43.17242,1004.03998,53368
20260430-235226,-OrXQsFz6s16mgRyeG0G,2026-05-01 07:27:32+00:00,1777620452000,27305,25.54549,43.17832,1004.03003,53131
20260430-235226,-OrXQv-berELGKRRgYQD,2026-05-01 07:27:42+00:00,1777620462000,27316,25.54422,43.17227,1004.03998,52796
20260430-235226,-OrXQxEL_20zlcvLRcod,2026-05-01 07:27:52+00:00,1777620472000,27326,25.54391,43.19585,1004.03998,52963
20260430-235226,-OrXQzfzhedV3JYK3z13,2026-05-01 07:28:02+00:00,1777620482000,27336,25.54327,43.19577,1004.03003,53131
20260430-235226,-OrXR17BD43VHfdclfZo,2026-05-01 07:28:12+00:00,1777620492000,27346,25.54232,43.20747,1004.03003,52829
20260430-235226,-OrXR3_9Z-mejWQRsrFz,2026-05-01 07:28:22+00:00,1777620502000,27356,25.54264,43.20159,1004.03003,53097
20260430-235226,-OrXR6-cTVPSdRfCpDUM,2026-05-01 07:28:32+00:00,1777620512000,27366,25.54296,43.23116,1004.03003,53266
20260430-235226,-OrXR8S37DAdG_AZ4Dv5,2026-05-01 07:28:42+00:00,1777620522000,27376,25.54327,43.22528,1004.03003,52929
20260430-235226,-OrXRAtGXjj9jZ3vWN1A,2026-05-01 07:28:52+00:00,1777620532000,27386,25.54296,43.21935,1004.02002,53131
20260430-235226,-OrXRDKUvZZK3TsSU7fe,2026-05-01 07:29:02+00:00,1777620542000,27396,25.54422,43.21359,1004.02002,53402
20260430-235226,-OrXRFm-6X5ziiQdGbgD,2026-05-01 07:29:12+00:00,1777620552000,27406,25.54391,43.18404,1004.02002,53131
20260430-235226,-OrXRIDtc2EriM89Mool,2026-05-01 07:29:22+00:00,1777620562000,27416,25.54296,43.17213,1004.02002,53368
20260430-235226,-OrXRKelr7ygBRHGg__O,2026-05-01 07:29:32+00:00,1777620572000,27426,25.54264,43.16028,1004.01001,53131
20260430-235226,-OrXRN5kWjAcgN_AlL50,2026-05-01 07:29:42+00:00,1777620582000,27436,25.54264,43.14258,1004.01001,53232
20260430-235226,-OrXRPXRG0lb6t-Sq3z3,2026-05-01 07:29:52+00:00,1777620592000,27446,25.54296,43.14262,1004.01001,53131
20260430-235226,-OrXRRz1rkyZBxLfv7eJ,2026-05-01 07:30:02+00:00,1777620602000,27456,25.54327,43.14265,1004.01001,53131
20260430-235226,-OrXRUQgbed1hn6d6Fd7,2026-05-01 07:30:12+00:00,1777620612000,27466,25.54391,43.15454,1004.01001,53402
20260430-235226,-OrXRWruKaWigHherPwP,2026-05-01 07:30:22+00:00,1777620622000,27476,25.54422,43.16637,1004.01001,53030
20260430-235226,-OrXRZIuW29crbie6AeZ,2026-05-01 07:30:32+00:00,1777620632000,27486,25.54296,43.15442,1004.01001,53300
20260430-235226,-OrXRakKvIDnW_07gXM8,2026-05-01 07:30:42+00:00,1777620642000,27496,25.54327,43.15446,1004.01001,53030
20260430-235226,-OrXRev3tUWO2lQHhPzm,2026-05-01 07:30:52+00:00,1777620652000,27506,25.54296,43.16032,1004.01001,53198
20260430-235226,-OrXRfcgAhMBiWrw7SR9,2026-05-01 07:31:02+00:00,1777620662000,27516,25.54327,43.16626,1004.01001,53334
20260430-235226,-OrXRi3z9yCidIDDhh4E,2026-05-01 07:31:12+00:00,1777620672000,27526,25.54359,43.1663,1004.01001,53334
20260430-235226,-OrXRkWktQidhZxMd2zy,2026-05-01 07:31:22+00:00,1777620682000,27536,25.54359,43.16039,1004.01001,53402
20260430-235226,-OrXRmx6wZ-9P1LArIEz,2026-05-01 07:31:32+00:00,1777620692000,27546,25.54359,43.1722,1004.02002,53198
20260430-235226,-OrXRpORveJZuor-Tpho,2026-05-01 07:31:42+00:00,1777620702000,27556,25.54422,43.16637,1004.01001,53402
20260430-235226,-OrXRrpxlGjuZkLsvAoJ,2026-05-01 07:31:52+00:00,1777620712000,27566,25.54422,43.16637,1004.01001,53232
20260430-235226,-OrXRuGdffd55clyr6uq,2026-05-01 07:32:02+00:00,1777620722000,27576,25.54581,43.16655,1004.01001,53470
20260430-235226,-OrXRwiPt90kHg8K7kF3,2026-05-01 07:32:12+00:00,1777620732000,27586,25.54486,43.17825,1004.01001,53131
20260430-235226,-OrXRz9KzkRYNDjgGcau,2026-05-01 07:32:22+00:00,1777620742000,27596,25.54422,43.17817,1004.0,53198
20260430-235226,-OrXS0as87rjpgIqWiEr,2026-05-01 07:32:32+00:00,1777620752000,27606,25.54549,43.17832,1004.0,53300
20260430-235226,-OrXS32hdW5i7ZqitV_x,2026-05-01 07:32:42+00:00,1777620762000,27616,25.54708,43.1372,1004.0,53334
20260430-235226,-OrXS5UZWcx7l9ZFFIj2,2026-05-01 07:32:52+00:00,1777620772000,27626,25.54613,43.13709,1004.0,53266
20260430-235226,-OrXS7vdBDsZD1nWOLi-,2026-05-01 07:33:02+00:00,1777620782000,27636,25.54486,43.14284,1004.0,53131
20260430-235226,-OrXSASu80ntpCRTpAMF,2026-05-01 07:33:12+00:00,1777620792000,27646,25.54327,43.15446,1003.98999,53402
20260430-235226,-OrXSCnVJ6rUen1WLWDo,2026-05-01 07:33:22+00:00,1777620802000,27656,25.54359,43.1663,1003.98999,53436
20260430-235226,-OrXSFFS65VanzcdUOAA,2026-05-01 07:33:32+00:00,1777620812000,27666,25.54359,43.1781,1003.98999,53573
20260430-235226,-OrXSHgVXG4Qcf9sd9Hf,2026-05-01 07:33:42+00:00,1777620822000,27676,25.54422,43.18998,1003.98999,53300
20260430-235226,-OrXSKb7rSVDeNQ4oVbD,2026-05-01 07:33:52+00:00,1777620832000,27686,25.54486,43.18415,1003.98999,53266
20260430-235226,-OrXSNPUF5MBqNBuDDRR,2026-05-01 07:34:02+00:00,1777620842000,27696,25.54518,43.17238,1003.98999,53131
20260430-235226,-OrXSP061YRTvihDOMPd,2026-05-01 07:34:12+00:00,1777620852000,27706,25.54518,43.16648,1003.98999,53266
20260430-235226,-OrXSRSBfT1ZnoHK23pm,2026-05-01 07:34:22+00:00,1777620862000,27716,25.54518,43.14288,1003.97998,53402
20260430-235226,-OrXSTtU8RHZhM_XOe_J,2026-05-01 07:34:32+00:00,1777620872000,27726,25.54486,43.14284,1003.97998,53198
20260430-235226,-OrXSWKodFWV8Ix3H24b,2026-05-01 07:34:42+00:00,1777620882000,27736,25.54486,43.12514,1003.97998,53232
20260430-235226,-OrXSYm7ztDvyJKgKqaV,2026-05-01 07:34:52+00:00,1777620892000,27746,25.54454,43.131,1003.97998,53539
20260430-235226,-OrXSaDWkMmYcl3mgivB,2026-05-01 07:35:02+00:00,1777620902000,27756,25.54549,43.11931,1003.97998,53539
20260430-235226,-OrXScf92sB3oscLfkHA,2026-05-01 07:35:12+00:00,1777620912000,27766,25.54518,43.12518,1003.98999,53402
20260430-235226,-OrXSf5ngktDthJsjRju,2026-05-01 07:35:22+00:00,1777620922000,27776,25.54644,43.12532,1003.98999,53368
20260430-235226,-OrXShY3bpXTRjIvOYJy,2026-05-01 07:35:32+00:00,1777620932000,27786,25.54676,43.12535,1003.97998,53470
20260430-235226,-OrXSjzFWoJGu5a9JXKl,2026-05-01 07:35:42+00:00,1777620942000,27796,25.54708,43.1254,1003.97998,53266
20260430-235226,-OrXSmQ92Q2-lYYoONaR,2026-05-01 07:35:52+00:00,1777620952000,27806,25.54613,43.13119,1003.97998,53641
20260430-235226,-OrXSorWNuJO6zUKABVy,2026-05-01 07:36:02+00:00,1777620962000,27816,25.54676,43.14305,1003.96997,53300
20260430-235226,-OrXSrIeGWDjHxfce4NF,2026-05-01 07:36:12+00:00,1777620972000,27826,25.54613,43.13119,1003.96002,53334
20260430-235226,-OrXStjxUAozVEdYls8n,2026-05-01 07:36:22+00:00,1777620982000,27836,25.54644,43.14302,1003.96997,53607
20260430-235226,-OrXSwB3kfNHA7CUTste,2026-05-01 07:36:32+00:00,1777620992000,27846,25.54676,43.13715,1003.96997,53436
20260430-235226,-OrXSydbZApWRXj3VbZN,2026-05-01 07:36:42+00:00,1777621002000,27856,25.54739,43.12543,1003.96997,53436
20260430-235226,-OrXT03fygQXqM3Jhto_,2026-05-01 07:36:52+00:00,1777621012000,27866,25.54835,43.10785,1003.97998,53300
20260430-235226,-OrXT2Vtorf5cqnduYE7,2026-05-01 07:37:02+00:00,1777621022000,27876,25.54866,43.11377,1003.97998,53436
20260430-235226,-OrXT5GfalNVpQvw2mV-,2026-05-01 07:37:12+00:00,1777621032000,27886,25.55025,43.11985,1003.97998,53334
20260430-235226,-OrXT7ONhbHQBd6cnyGl,2026-05-01 07:37:22+00:00,1777621042000,27896,25.54993,43.10802,1003.97998,53165
20260430-235226,-OrXT9paddl16UE5GLos,2026-05-01 07:37:32+00:00,1777621052000,27906,25.54993,43.11391,1003.97998,53504
20260430-235226,-OrXTCGziBL7kXwBF4dO,2026-05-01 07:37:42+00:00,1777621062000,27916,25.54866,43.13147,1003.97998,53504
20260430-235226,-OrXTEih_Ko_kbYhAvZK,2026-05-01 07:37:52+00:00,1777621072000,27926,25.54898,43.11381,1003.96997,53539
20260430-235226,-OrXTH9GkADdAwf_zja2,2026-05-01 07:38:02+00:00,1777621082000,27936,25.54835,43.11374,1003.96997,53266
20260430-235226,-OrXTJacAAM-vfq2drGm,2026-05-01 07:38:12+00:00,1777621092000,27946,25.5493,43.09615,1003.96997,53676
20260430-235226,-OrXTM1zzp2MIZRcr1ce,2026-05-01 07:38:22+00:00,1777621102000,27956,25.54771,43.10777,1003.96997,53504
20260430-235226,-OrXTOU8goCTWDl4Z6D2,2026-05-01 07:38:32+00:00,1777621112000,27966,25.54708,43.0959,1003.96997,53232
20260430-235226,-OrXTQvUD4kn2Q8Fw109,2026-05-01 07:38:42+00:00,1777621122000,27976,25.54739,43.09593,1003.96002,53745
20260430-235226,-OrXTTNjPKHcaU9eKmLM,2026-05-01 07:38:52+00:00,1777621132000,27986,25.54898,43.09021,1003.96002,53883
20260430-235226,-OrXTVno6FCAnNbo9wE5,2026-05-01 07:39:02+00:00,1777621142000,27996,25.54993,43.08442,1003.96002,53641
20260430-235226,-OrXTYF5ajH290RgIQYw,2026-05-01 07:39:12+00:00,1777621152000,28006,25.55088,43.07864,1003.96997,53334
20260430-235226,-OrXT_gHz0Oc1d5z-qhP,2026-05-01 07:39:22+00:00,1777621162000,28016,25.55183,43.08464,1003.96997,53641
20260430-235226,-OrXTc7ZrTsIJEEWrgK8,2026-05-01 07:39:32+00:00,1777621172000,28026,25.5512,43.09637,1003.95001,53539
20260430-235226,-OrXTeZzI1ONHiEB_MW9,2026-05-01 07:39:42+00:00,1777621182000,28036,25.5512,43.09047,1003.95001,53676
20260430-235226,-OrXTh-zBDdMK-Rz287O,2026-05-01 07:39:52+00:00,1777621192000,28046,25.55152,43.0905,1003.95001,53300
20260430-235226,-OrXTjSLaP7ukZjj26JK,2026-05-01 07:40:02+00:00,1777621202000,28056,25.55088,43.10813,1003.94,53676
20260430-235226,-OrXTltk9yCfw-THn4Mv,2026-05-01 07:40:12+00:00,1777621212000,28066,25.55025,43.10215,1003.94,53402
20260430-235226,-OrXTof52KlAiXjnh1Xf,2026-05-01 07:40:22+00:00,1777621222000,28076,25.55025,43.10805,1003.94,53607
20260430-235226,-OrXTqmHY1Ew7MNG3kU6,2026-05-01 07:40:32+00:00,1777621232000,28086,25.55088,43.11403,1003.94,53710
20260430-235226,-OrXTtDbGybkfDO_5HzV,2026-05-01 07:40:42+00:00,1777621242000,28096,25.55088,43.11993,1003.92999,53779
20260430-235226,-OrXTvekryTQRRmV5Xtp,2026-05-01 07:40:52+00:00,1777621252000,28106,25.55088,43.11993,1003.92999,53436
20260430-235226,-OrXTy5zsohFm3TQ789f,2026-05-01 07:41:02+00:00,1777621262000,28116,25.55278,43.10245,1003.94,53368
20260430-235226,-OrXU-YDIMMWlyg16JJT,2026-05-01 07:41:12+00:00,1777621272000,28126,25.55373,43.10846,1003.94,53573
20260430-235226,-OrXU1zMT_A57Vp1km8E,2026-05-01 07:41:22+00:00,1777621282000,28136,25.55247,43.10242,1003.92999,53607
20260430-235226,-OrXU4QjkPvWbzTz_uUR,2026-05-01 07:41:32+00:00,1777621292000,28146,25.55215,43.10238,1003.91998,53607
20260430-235226,-OrXU6sEjZlqXHXY3Y72,2026-05-01 07:41:42+00:00,1777621302000,28156,25.55373,43.09076,1003.92999,53641
20260430-235226,-OrXU9Iy-U4wPXB2W2nt,2026-05-01 07:41:52+00:00,1777621312000,28166,25.55373,43.08486,1003.91998,53710
20260430-235226,-OrXUBkGVcKgWyePrkjr,2026-05-01 07:42:02+00:00,1777621322000,28176,25.55247,43.09062,1003.91998,53504
20260430-235226,-OrXUEBtrcxFbY77Hvpe,2026-05-01 07:42:12+00:00,1777621332000,28186,25.5531,43.07889,1003.91998,53641
20260430-235226,-OrXUGcjLuQBDyOn7_5m,2026-05-01 07:42:22+00:00,1777621342000,28196,25.55278,43.07295,1003.91998,53779
20260430-235226,-OrXUJ409UhZufGmd4XL,2026-05-01 07:42:32+00:00,1777621352000,28206,25.5531,43.07299,1003.90997,53710
20260430-235226,-OrXULWHqNhmANPwoqLa,2026-05-01 07:42:42+00:00,1777621362000,28216,25.55247,43.07292,1003.91998,53504
20260430-235226,-OrXUNxVdXd7cAGsLIeF,2026-05-01 07:42:52+00:00,1777621372000,28226,25.55183,43.06694,1003.90997,53539
20260430-235226,-OrXUQOjaHK8MvjAg474,2026-05-01 07:43:02+00:00,1777621382000,28236,25.55278,43.06705,1003.90997,53573
20260430-235226,-OrXUSqCssqfmV_fApRy,2026-05-01 07:43:12+00:00,1777621392000,28246,25.55405,43.0731,1003.90997,53436
20260430-235226,-OrXUVHLD_LVXMhRJt0Y,2026-05-01 07:43:22+00:00,1777621402000,28256,25.55405,43.07899,1003.90002,53745
20260430-235226,-OrXUYe3_2GyPDLIJdi1,2026-05-01 07:43:32+00:00,1777621412000,28266,25.555,43.06731,1003.90002,53641
20260430-235226,-OrXU_HqGh_ne5OsDVje,2026-05-01 07:43:43+00:00,1777621423000,28276,25.55373,43.09076,1003.90002,53232
20260430-235226,-OrXUbkrQhW0SeVlGrZx,2026-05-01 07:43:53+00:00,1777621433000,28286,25.55437,43.06724,1003.90002,53470
20260430-235226,-OrXUeALgrMvtsLegLPv,2026-05-01 07:44:03+00:00,1777621443000,28296,25.55373,43.06716,1003.89001,53573
20260430-235226,-OrXUgdR1KW3Oh81Emut,2026-05-01 07:44:13+00:00,1777621453000,28306,25.55215,43.07289,1003.89001,53676
20260430-235226,-OrXUj2yjPOZtTXjtmDS,2026-05-01 07:44:23+00:00,1777621463000,28316,25.55247,43.07882,1003.89001,53745
20260430-235226,-OrXUlV_2sLCLWm4_eai,2026-05-01 07:44:33+00:00,1777621473000,28326,25.55405,43.07899,1003.90002,53745
20260430-235226,-OrXUnwTpUoQrnloAKy0,2026-05-01 07:44:43+00:00,1777621483000,28336,25.55437,43.06724,1003.90002,53607
20260430-235226,-OrXUqNVDPVguc8fxzT2,2026-05-01 07:44:53+00:00,1777621493000,28346,25.5531,43.07299,1003.90002,53470
20260430-235226,-OrXUsooS6RmlY6pAUeu,2026-05-01 07:45:03+00:00,1777621503000,28356,25.55183,43.07874,1003.89001,53436
20260430-235226,-OrXUvG1JPMzPRQlBi83,2026-05-01 07:45:13+00:00,1777621513000,28366,25.55025,43.07266,1003.89001,53641
20260430-235226,-OrXUxhjUzp4EDS99AxO,2026-05-01 07:45:23+00:00,1777621523000,28376,25.54993,43.07852,1003.88,53710
20260430-235226,-OrXV-AP7ZFZebMB8OVA,2026-05-01 07:45:33+00:00,1777621533000,28386,25.54898,43.06071,1003.88,53676
20260430-235226,-OrXV2RG4XxGLbpwsHHh,2026-05-01 07:45:43+00:00,1777621543000,28396,25.54835,43.09014,1003.88,53745
20260430-235226,-OrXV415WlS6-iCwqeK7,2026-05-01 07:45:53+00:00,1777621553000,28406,25.55056,43.0845,1003.89001,53779
20260430-235226,-OrXV6TFjQFjD_hD_Kvw,2026-05-01 07:46:03+00:00,1777621563000,28416,25.55025,43.09626,1003.89001,53918
20260430-235226,-OrXV8u_JYOvnx_GeBp4,2026-05-01 07:46:13+00:00,1777621573000,28426,25.55056,43.0845,1003.89001,53814
20260430-235226,-OrXVBM-sONTEODE6nIc,2026-05-01 07:46:23+00:00,1777621583000,28436,25.55056,43.0668,1003.88,53402
20260430-235226,-OrXVXqFeJdBwq44YBeb,2026-05-01 07:47:54+00:00,1777621674000,28527,25.54264,43.13078,1003.87,39284
20260430-235226,-OrXVZynFYYBggO66oOp,2026-05-01 07:48:04+00:00,1777621684000,28537,25.54169,43.10118,1003.85999,42555
20260430-235226,-OrXVbQStQy2UuV7d4NT,2026-05-01 07:48:14+00:00,1777621694000,28547,25.54106,43.08931,1003.85999,45023
20260430-235226,-OrXVds7dgeVtM3nBz5-,2026-05-01 07:48:24+00:00,1777621704000,28557,25.54074,43.07158,1003.87,46939
20260430-235226,-OrXVgIV-R1RW5nQ1dqQ,2026-05-01 07:48:34+00:00,1777621714000,28567,25.54074,43.07158,1003.87,47904
20260430-235226,-OrXVijxYoq8HGOUWUSI,2026-05-01 07:48:44+00:00,1777621724000,28577,25.54074,43.05389,1003.85999,49083
20260430-235226,-OrXVlAvllkjNpVHXBiW,2026-05-01 07:48:54+00:00,1777621734000,28587,25.54106,43.06571,1003.85999,50141
20260430-235226,-OrXVncN95nVpVXQWavT,2026-05-01 07:49:04+00:00,1777621744000,28597,25.54137,43.07164,1003.84998,50322
20260430-235226,-OrXVq3aiczv50gTTllx,2026-05-01 07:49:14+00:00,1777621754000,28607,25.54201,43.03634,1003.84998,50872
20260430-235226,-OrXVssNZJUi5WU5tvos,2026-05-01 07:49:24+00:00,1777621764000,28617,25.54327,43.05417,1003.85999,51120
20260430-235226,-OrXVv8YDDSB7M8aBvX-,2026-05-01 07:49:34+00:00,1777621774000,28627,25.54391,43.01297,1003.85999,51434
20260430-235226,-OrXVxUCf-mZbi16s0tF,2026-05-01 07:49:44+00:00,1777621784000,28637,25.54518,43.0308,1003.84998,51912
20260430-235226,-OrXVzvR0WSs5AaIi6TO,2026-05-01 07:49:54+00:00,1777621794000,28647,25.54518,43.03669,1003.84998,52139
20260430-235226,-OrXW1N75TGbMAK7bpU3,2026-05-01 07:50:04+00:00,1777621804000,28657,25.54644,43.04274,1003.84003,52041
20260430-235226,-OrXW3nyF-hFd1MN5wmW,2026-05-01 07:50:14+00:00,1777621814000,28667,25.54708,43.03692,1003.84998,52301
20260430-235226,-OrXW6F5_o9Op5Wt9B8d,2026-05-01 07:50:24+00:00,1777621824000,28677,25.54771,43.01929,1003.84003,52301
20260430-235226,-OrXW8gVzLxqNkrRiAzu,2026-05-01 07:50:34+00:00,1777621834000,28687,25.54771,43.03109,1003.84003,52432
20260430-235226,-OrXWB7Zy0dKCu-awyBL,2026-05-01 07:50:44+00:00,1777621844000,28697,25.54898,43.02533,1003.84003,52564
20260430-235226,-OrXWDZtVVm-IFr2AMwK,2026-05-01 07:50:54+00:00,1777621854000,28707,25.55025,43.03728,1003.84998,52663
20260430-235226,-OrXWG042Z5cSNFYdbos,2026-05-01 07:51:04+00:00,1777621864000,28717,25.55056,43.04321,1003.84003,52630
20260430-235226,-OrXWISOLbTj0A4ind8M,2026-05-01 07:51:14+00:00,1777621874000,28727,25.55183,43.05515,1003.84003,53131
20260430-235226,-OrXWKtjkXWmbOM_KJjV,2026-05-01 07:51:24+00:00,1777621884000,28737,25.55215,43.0375,1003.84998,52863
20260430-235226,-OrXWNKsjMzdIqGPcxXX,2026-05-01 07:51:34+00:00,1777621894000,28747,25.5531,43.00812,1003.84003,53131
20260430-235226,-OrXWPmHP4tXxgB5E0CV,2026-05-01 07:51:44+00:00,1777621904000,28757,25.55183,42.96081,1003.84003,53232
20260430-235226,-OrXWSDSH5nUSWJ4WoU-,2026-05-01 07:51:54+00:00,1777621914000,28767,25.55088,42.90178,1003.84003,53334
20260430-235226,-OrXWUebQq7zUzz-SHw0,2026-05-01 07:52:04+00:00,1777621924000,28777,25.55056,42.88995,1003.83002,53266
20260430-235226,-OrXWX5wEL-03HSF9C6D,2026-05-01 07:52:14+00:00,1777621934000,28787,25.54898,42.91334,1003.82001,53368
20260430-235226,-OrXWZY5_aoPXLZtFMAP,2026-05-01 07:52:24+00:00,1777621944000,28797,25.54835,42.92506,1003.82001,53573
20260430-235226,-OrXWazNPwNUw4ZO6slR,2026-05-01 07:52:34+00:00,1777621954000,28807,25.54803,42.90145,1003.82001,53539
20260430-235226,-OrXWdZxrs1ZW5P8c5FG,2026-05-01 07:52:44+00:00,1777621964000,28817,25.54771,42.89552,1003.82001,53779
20260430-235226,-OrXWfsJ8s0iKAL6jYNg,2026-05-01 07:52:54+00:00,1777621974000,28827,25.5493,42.91338,1003.82001,53470
20260430-235226,-OrXWiKBlthtMnr-iRkr,2026-05-01 07:53:04+00:00,1777621984000,28837,25.54835,42.88971,1003.81,53504
20260430-235226,-OrXWkkOn7iE0_t7Tbfk,2026-05-01 07:53:14+00:00,1777621994000,28847,25.54961,42.90163,1003.81,53539
20260430-235226,-OrXWnBpcTcNeqo9q6RU,2026-05-01 07:53:24+00:00,1777622004000,28857,25.51919,46.21203,1003.82001,13447
20260430-235226,-OrXWpcpHOJogJ_FKmCu,2026-05-01 07:53:34+00:00,1777622014000,28867,25.49351,46.72627,1003.83002,19440
20260430-235226,-OrXWs42ZXC3BCh84puj,2026-05-01 07:53:44+00:00,1777622024000,28877,25.47101,44.74675,1003.83002,22417
20260430-235226,-OrXWuWeo2y8-XoUKmaq,2026-05-01 07:53:54+00:00,1777622034000,28887,25.45453,44.06718,1003.84003,25010
20260430-235226,-OrXWwxZNq_jGjVF7miX,2026-05-01 07:54:04+00:00,1777622044000,28897,25.44439,43.79927,1003.84003,26715
20260430-235226,-OrXWzP1bJpQpbjfHTTn,2026-05-01 07:54:14+00:00,1777622054000,28907,25.439,43.68616,1003.84003,27613
20260430-235226,-OrXX0qjQrXyayJKELON,2026-05-01 07:54:24+00:00,1777622064000,28917,25.43773,43.5795,1003.85999,28437
20260430-235226,-OrXX3HQI07yZZ3mKkDl,2026-05-01 07:54:34+00:00,1777622074000,28927,25.43837,43.51452,1003.85999,28888
20260430-235226,-OrXX5i_QDCBe3VxUFnO,2026-05-01 07:54:44+00:00,1777622084000,28937,25.4409,43.44387,1003.85999,29333
20260430-235226,-OrXX89s7mu__6jq18g5,2026-05-01 07:54:54+00:00,1777622094000,28947,25.44407,43.42651,1003.87,29560
20260430-235226,-OrXXAb2VCRCUz4_syTL,2026-05-01 07:55:04+00:00,1777622104000,28957,25.44851,43.43293,1003.85999,29749
20260430-235226,-OrXXD377he7DJL4fzCZ,2026-05-01 07:55:14+00:00,1777622114000,28967,25.45263,43.38023,1003.87,29897
20260430-235226,-OrXXFUYZUOzvLQoCzmT,2026-05-01 07:55:24+00:00,1777622124000,28977,25.4558,43.37469,1003.85999,30069
20260430-235226,-OrXXHvqQCXcUGvquiGH,2026-05-01 07:55:34+00:00,1777622134000,28987,25.45992,43.36924,1003.85999,30396
20260430-235226,-OrXXKN5V2WUuCaq428C,2026-05-01 07:55:44+00:00,1777622144000,28997,25.46245,43.34591,1003.87,30418
20260430-235226,-OrXXOLFNQeMsVESJQN2,2026-05-01 07:55:54+00:00,1777622154000,29007,25.46467,43.32254,1003.87,30685
20260430-235226,-OrXXPFjXpHsO4JhQBIm,2026-05-01 07:56:04+00:00,1777622164000,29017,25.46721,43.35827,1003.87,30776
20260430-235226,-OrXXSOWDpG3VUUqKg_0,2026-05-01 07:56:14+00:00,1777622174000,29028,25.46943,43.329,1003.88,30821
20260430-235226,-OrXXUDufgm3bZ2csuVJ,2026-05-01 07:56:24+00:00,1777622184000,29038,25.47228,43.3116,1003.87,31164
20260430-235226,-OrXXWfNfhw_rgyYyROU,2026-05-01 07:56:34+00:00,1777622194000,29048,25.47418,43.31182,1003.87,31374
20260430-235226,-OrXXZ6NoVLIdiUTI3kK,2026-05-01 07:56:44+00:00,1777622204000,29058,25.47608,43.2707,1003.87,31445
20260430-235226,-OrXXaYe1lqUnythXPIH,2026-05-01 07:56:54+00:00,1777622214000,29068,25.47766,43.25317,1003.87,31563
20260430-235226,-OrXXczyzPu3tYrYgvbX,2026-05-01 07:57:04+00:00,1777622224000,29078,25.47893,43.2238,1003.88,31707
20260430-235226,-OrXXfRNbqbWhDoA6xEH,2026-05-01 07:57:14+00:00,1777622234000,29088,25.4802,43.21214,1003.87,31827
20260430-235226,-OrXXhsmPge8DAlzNWLk,2026-05-01 07:57:24+00:00,1777622244000,29098,25.48084,43.1591,1003.87,31948
20260430-235226,-OrXXkK3Erz4tQCvRvbp,2026-05-01 07:57:34+00:00,1777622254000,29108,25.48179,43.1356,1003.88,32144
20260430-235226,-OrXXmktC7ooe_NDqOr7,2026-05-01 07:57:44+00:00,1777622264000,29118,25.48337,43.12988,1003.88,32268
20260430-235226,-OrXXpC5iI9fP6zjwMFz,2026-05-01 07:57:54+00:00,1777622274000,29128,25.484,43.12406,1003.88,32468
20260430-235226,-OrXXrdcJxLaeCgEBYA1,2026-05-01 07:58:04+00:00,1777622284000,29138,25.48432,43.02383,1003.88,32518
20260430-235226,-OrXXu4j-afNN-Ki_BG4,2026-05-01 07:58:14+00:00,1777622294000,29148,25.48527,43.00626,1003.88,32722
20260430-235226,-OrXXwvs-IV9ky-_2B_i,2026-05-01 07:58:25+00:00,1777622305000,29158,25.48591,43.00633,1003.88,32722
20260430-235226,-OrXXz2rz__jna2A-YiO,2026-05-01 07:58:35+00:00,1777622315000,29168,25.48591,43.01222,1003.88,32645
20260430-235226,-OrXY0VJPlGyff4XQs8d,2026-05-01 07:58:45+00:00,1777622325000,29178,25.48623,43.00048,1003.88,32876
20260430-235226,-OrXY33Ai6cSnImgaPUg,2026-05-01 07:58:55+00:00,1777622335000,29188,25.48623,42.90618,1003.89001,33005
20260430-235226,-OrXY5O8GXrplfdigR6X,2026-05-01 07:59:05+00:00,1777622345000,29198,25.48559,42.9061,1003.88,33188
20260430-235226,-OrXY7p4Rf5-vcw3iFVK,2026-05-01 07:59:15+00:00,1777622355000,29208,25.48464,42.95314,1003.89001,33320
20260430-235226,-OrXYAGegkZPHZxjZrdP,2026-05-01 07:59:25+00:00,1777622365000,29218,25.48464,42.9885,1003.90002,33399
20260430-235226,-OrXYCiEV00URqekCg89,2026-05-01 07:59:35+00:00,1777622375000,29228,25.48464,42.9885,1003.90002,33479
20260430-235226,-OrXYF8wOhgwzaNPz-Gy,2026-05-01 07:59:45+00:00,1777622385000,29238,25.484,42.90003,1003.90997,33668
20260430-235226,-OrXYHa-TNXXXNxyVq2S,2026-05-01 07:59:55+00:00,1777622395000,29248,25.48337,42.85872,1003.90002,33831
20260430-235226,-OrXYK1JoHmiYh2tvy9x,2026-05-01 08:00:05+00:00,1777622405000,29258,25.48369,42.8941,1003.90002,34023
20260430-235226,-OrXYMTTnoKgNNzrr7JS,2026-05-01 08:00:15+00:00,1777622415000,29268,25.48337,42.89996,1003.90002,34051
20260430-235226,-OrXYOv-khKNp39xIuGQ,2026-05-01 08:00:25+00:00,1777622425000,29278,25.48274,42.86454,1003.90002,34078
20260430-235226,-OrXYRLxv8pIhnlOIXYr,2026-05-01 08:00:35+00:00,1777622435000,29288,25.48274,42.78798,1003.90002,34106
20260430-235226,-OrXYTnPZOB5zdNCaSGj,2026-05-01 08:00:45+00:00,1777622445000,29298,25.48179,42.79376,1003.90002,34273
20260430-235226,-OrXYWEX0FHBEEMAQKH7,2026-05-01 08:00:55+00:00,1777622455000,29308,25.48115,42.82902,1003.90997,34471
20260430-235226,-OrXYYfp9XVRhme8pP6a,2026-05-01 08:01:05+00:00,1777622465000,29318,25.4802,42.8348,1003.90997,34642
20260430-235226,-OrXYa765XNlzR-Nq9hV,2026-05-01 08:01:15+00:00,1777622475000,29328,25.47957,42.78761,1003.90997,34670
20260430-235226,-OrXYc_Z9Xv64k0RgAde,2026-05-01 08:01:25+00:00,1777622485000,29338,25.47925,42.74049,1003.90997,34728
20260430-235226,-OrXYf-XN5JRxtv3CfDn,2026-05-01 08:01:35+00:00,1777622495000,29348,25.47893,42.73457,1003.90997,35047
20260430-235226,-OrXYhRmiiQ0dXP7jFyB,2026-05-01 08:01:45+00:00,1777622505000,29358,25.47862,42.76397,1003.90997,34872
20260430-235226,-OrXYmDkP3trUSVSov-K,2026-05-01 08:01:55+00:00,1777622515000,29368,25.47766,42.7462,1003.90997,34930
20260430-235226,-OrXYoGNHlSBajNH1Yfv,2026-05-01 08:02:13+00:00,1777622533000,29386,25.4745,42.85182,1003.90002,32671
20260430-235226,-OrXYqhLraEKLYd2eO0G,2026-05-01 08:02:23+00:00,1777622543000,29396,25.47355,42.73984,1003.90002,33668
20260430-235226,-OrXYt8f8xY6p_bRKHjo,2026-05-01 08:02:33+00:00,1777622553000,29406,25.47196,42.73967,1003.90002,34134
20260430-235226,-OrXYva3RbJbIynMu3kB,2026-05-01 08:02:43+00:00,1777622563000,29416,25.47133,42.76313,1003.90002,34527
20260430-235226,-OrXYy1GhrM7JlEDYAT_,2026-05-01 08:02:53+00:00,1777622573000,29426,25.47165,42.77495,1003.89001,34901
20260430-235226,-OrXZ-UaqMQiYz-cMo9o,2026-05-01 08:03:03+00:00,1777622583000,29436,25.47196,42.8162,1003.88,35165
20260430-235226,-OrXZ1utPV0ckkTlQQ7I,2026-05-01 08:03:13+00:00,1777622593000,29446,25.47165,42.80439,1003.89001,35313
20260430-235226,-OrXZ4M2hl8IJGNq9d-d,2026-05-01 08:03:23+00:00,1777622603000,29456,25.47165,42.76318,1003.89001,35583
20260430-235226,-OrXZ6o4vgqgU4w8tAGq,2026-05-01 08:03:33+00:00,1777622613000,29466,25.47165,42.74551,1003.89001,35704
20260430-235226,-OrXZ9ERl0f3qbRxLOLI,2026-05-01 08:03:43+00:00,1777622623000,29476,25.4726,42.62206,1003.90002,35795
20260430-235226,-OrXZBgKEKbURTDV11q-,2026-05-01 08:03:53+00:00,1777622633000,29486,25.47228,42.56321,1003.90002,36011
20260430-235226,-OrXZE7EHHkMrwPTihLb,2026-05-01 08:04:03+00:00,1777622643000,29496,25.47165,42.59843,1003.90002,36354
20260430-235226,-OrXZGZQ3oSmJrigmmG1,2026-05-01 08:04:13+00:00,1777622653000,29506,25.47069,42.5454,1003.90002,36291
20260430-235226,-OrXZJ-WrkrY7brTr3GA,2026-05-01 08:04:23+00:00,1777622663000,29516,25.47069,42.50426,1003.90002,36354
20260430-235226,-OrXZLRqYdWaMk0g9JE5,2026-05-01 08:04:33+00:00,1777622673000,29526,25.47069,42.48662,1003.90002,36737
20260430-235226,-OrXZNt3RJDkCPQLKNyO,2026-05-01 08:04:43+00:00,1777622683000,29536,25.47165,42.45735,1003.90002,36481
20260430-235226,-OrXZQKaojc0cDpZg7Vf,2026-05-01 08:04:53+00:00,1777622693000,29546,25.47133,42.49256,1003.90002,36608
20260430-235226,-OrXZSqx7i1CPIWKa5dk,2026-05-01 08:05:03+00:00,1777622703000,29556,25.47133,42.54547,1003.90002,36898
20260430-235226,-OrXZVCosMbraW0K_kuF,2026-05-01 08:05:13+00:00,1777622713000,29566,25.47101,42.56307,1003.89001,36996
20260430-235226,-OrXZXeBLROdgum9WaIr,2026-05-01 08:05:23+00:00,1777622723000,29576,25.47038,42.56887,1003.89001,37029
20260430-235226,-OrXZ_6-Mr7S3JUbkLWi,2026-05-01 08:05:33+00:00,1777622733000,29586,25.47101,42.51016,1003.89001,37160
20260430-235226,-OrXZbXePb8Uag3VpDB_,2026-05-01 08:05:43+00:00,1777622743000,29596,25.47133,42.49844,1003.89001,37160
20260430-235226,-OrXZdykUc7f_GyctQM_,2026-05-01 08:05:53+00:00,1777622753000,29606,25.47165,42.43385,1003.89001,37526
20260430-235226,-OrXZgPqs8ONJgMLiJS7,2026-05-01 08:06:03+00:00,1777622763000,29616,25.47133,42.46318,1003.89001,37492
20260430-235226,-OrXZir1xTGFaQ1pg7av,2026-05-01 08:06:13+00:00,1777622773000,29626,25.47133,42.39856,1003.89001,37695
20260430-235226,-OrXZlIPk15dBqjeaDHX,2026-05-01 08:06:23+00:00,1777622783000,29636,25.47133,42.35157,1003.88,37695
20260430-235226,-OrXZnj_RPv3sqkqQOjC,2026-05-01 08:06:33+00:00,1777622793000,29646,25.47133,42.36919,1003.89001,37865
20260430-235226,-OrXZqAvl6oQYzM_6smH,2026-05-01 08:06:43+00:00,1777622803000,29656,25.47069,42.38675,1003.89001,37899
20260430-235226,-OrXZsbyiAXaHHveH2es,2026-05-01 08:06:53+00:00,1777622813000,29666,25.46911,42.38656,1003.88,37968
20260430-235226,-OrXZv3RdAHu0CuExJUx,2026-05-01 08:07:03+00:00,1777622823000,29676,25.46879,42.4159,1003.88,37933
20260430-235226,-OrXZxVv1PBVmNluWClb,2026-05-01 08:07:13+00:00,1777622833000,29686,25.46943,42.41597,1003.89001,38210
20260430-235226,-OrXZzx-7gUZRgdcbNGq,2026-05-01 08:07:23+00:00,1777622843000,29696,25.46943,42.36311,1003.88,38210
20260430-235226,-OrX_1OKXnFLj-6Ymesl,2026-05-01 08:07:33+00:00,1777622853000,29706,25.47006,42.34556,1003.88,38175
20260430-235226,-OrX_3pURsq92s-xg6zE,2026-05-01 08:07:43+00:00,1777622863000,29716,25.46943,42.31614,1003.89001,38668
20260430-235226,-OrX_6GkfH8rSeqMVgGY,2026-05-01 08:07:53+00:00,1777622873000,29726,25.46879,42.35129,1003.88,38562
20260430-235226,-OrX_8hzLHWIESpKPTYB,2026-05-01 08:08:03+00:00,1777622883000,29736,25.46721,42.38047,1003.88,38776
20260430-235226,-OrX_BxtVfez36C77dcf,2026-05-01 08:08:13+00:00,1777622893000,29746,25.46626,42.35101,1003.88,38776
20260430-235226,-OrX_DaT3Kd9Tkkw1t2i,2026-05-01 08:08:23+00:00,1777622903000,29756,25.46499,42.37434,1003.88,38992
20260430-235226,-OrX_G1itUK5H61YLOWP,2026-05-01 08:08:33+00:00,1777622913000,29766,25.46404,42.36837,1003.89001,39065
20260430-235226,-OrX_ITtJDEnici5--2E,2026-05-01 08:08:43+00:00,1777622923000,29776,25.46277,42.32712,1003.88,39174
20260430-235226,-OrX_KvFL4xQPL6mz-Mh,2026-05-01 08:08:53+00:00,1777622933000,29786,25.46214,42.35054,1003.88,39284
20260430-235226,-OrX_NMSJadgwu3q-eW6,2026-05-01 08:09:03+00:00,1777622943000,29796,25.46119,42.3563,1003.88,39065
20260430-235226,-OrX_PvnurMQklX8opVk,2026-05-01 08:09:13+00:00,1777622953000,29806,25.46087,42.38563,1003.89001,39248
20260430-235226,-OrX_SFOmMfbgEzKGJiY,2026-05-01 08:09:23+00:00,1777622963000,29816,25.45992,42.41488,1003.89001,39358
20260430-235226,-OrX_Ug7o5bS2ZoUy50u,2026-05-01 08:09:33+00:00,1777622973000,29826,25.45928,42.45594,1003.89001,39469
20260430-235226,-OrX_X7KvHfZevcjj1Zi,2026-05-01 08:09:43+00:00,1777622983000,29836,25.45897,42.46766,1003.89001,39544
20260430-235226,-OrX_ZZX8ifcXML99yTO,2026-05-01 08:09:53+00:00,1777622993000,29846,25.45833,42.48522,1003.89001,39807
20260430-235226,-OrX_b0keSWKtXDg93sa,2026-05-01 08:10:03+00:00,1777623003000,29856,25.45802,42.49107,1003.88,39769
20260430-235226,-OrX_dS50UVJ7h3hiByr,2026-05-01 08:10:13+00:00,1777623013000,29866,25.45675,42.48503,1003.89001,39997
20260430-235226,-OrX_fwcMmRsonaIrFzi,2026-05-01 08:10:23+00:00,1777623023000,29876,25.45643,42.47325,1003.89001,39920
20260430-235226,-OrX_iKyqTc1D758-PZl,2026-05-01 08:10:33+00:00,1777623033000,29886,25.45675,42.46153,1003.89001,40188
20260430-235226,-OrX_koVdvF2-GX3wAvt,2026-05-01 08:10:43+00:00,1777623043000,29896,25.45548,42.40851,1003.89001,40188
20260430-235226,-OrX_nDWDCCyfIOEKHlR,2026-05-01 08:10:53+00:00,1777623053000,29906,25.45485,42.32623,1003.88,40227
20260430-235226,-OrX_peFQxFArALFu2UI,2026-05-01 08:11:03+00:00,1777623063000,29916,25.45485,42.2734,1003.89001,40460
20260430-235226,-OrX_s5c-72SxsYNm5J4,2026-05-01 08:11:13+00:00,1777623073000,29926,25.45453,42.32619,1003.88,40266
20260430-235226,-OrX_v4dIV28-Ul4dX55,2026-05-01 08:11:23+00:00,1777623083000,29936,25.4539,42.36722,1003.88,40421
20260430-235226,-OrX_wz6G5oJQNEbKBU_,2026-05-01 08:11:33+00:00,1777623093000,29946,25.45421,42.33203,1003.85999,40421
20260430-235226,-OrX_zQgZYZKpydnpQIv,2026-05-01 08:11:43+00:00,1777623103000,29956,25.45263,42.31424,1003.85999,40696
20260430-235226,-OrXa0rc73CZel7k2aSM,2026-05-01 08:11:53+00:00,1777623113000,29966,25.45263,42.30249,1003.85999,40696
20260430-235226,-OrXa3Jgix96goT11TrI,2026-05-01 08:12:03+00:00,1777623123000,29976,25.45199,42.29655,1003.85999,40735
20260430-235226,-OrXa5kHQM0-9MgPViX7,2026-05-01 08:12:13+00:00,1777623133000,29986,25.45041,42.29637,1003.85999,40974
20260430-235226,-OrXa8Bxr30kd28DerlA,2026-05-01 08:12:23+00:00,1777623143000,29996,25.45009,42.23178,1003.84998,40974
20260430-235226,-OrXaAcXvtwWyfaxkeCC,2026-05-01 08:12:33+00:00,1777623153000,30006,25.44882,42.16711,1003.85999,41135
20260430-235226,-OrXaDfMvuX4nNVGtzNy,2026-05-01 08:12:43+00:00,1777623163000,30016,25.44819,42.18463,1003.84998,40854
20260430-235226,-OrXaFbZeYXj8ui5GLYO,2026-05-01 08:12:53+00:00,1777623173000,30026,25.44851,42.1964,1003.84003,40934
20260430-235226,-OrXaI47F8Zuuon9cyF9,2026-05-01 08:13:03+00:00,1777623183000,30036,25.44946,42.1144,1003.84003,41135
20260430-235226,-OrXaKVNMD4qx7nOxmm8,2026-05-01 08:13:13+00:00,1777623193000,30046,25.44882,42.12019,1003.84003,41216
20260430-235226,-OrXaMvmAQhyPqe4J5Do,2026-05-01 08:13:23+00:00,1777623203000,30056,25.44787,42.20219,1003.84003,41419
20260430-235226,-OrXaPN3PxdOa9lkk_2v,2026-05-01 08:13:33+00:00,1777623213000,30066,25.44787,42.21392,1003.84998,41460
20260430-235226,-OrXaRoCsQ_s9my1B9LO,2026-05-01 08:13:43+00:00,1777623223000,30076,25.44787,42.24326,1003.84998,41460
20260430-235226,-OrXaUHApbL4Vxbvkjk-,2026-05-01 08:13:53+00:00,1777623233000,30086,25.44756,42.31367,1003.84003,41584
20260430-235226,-OrXaWgiDFX6k3ni7LS7,2026-05-01 08:14:03+00:00,1777623243000,30096,25.44851,42.26682,1003.84003,41543
20260430-235226,-OrXaZ8K8hKqXngUtjFh,2026-05-01 08:14:13+00:00,1777623253000,30106,25.44756,42.20803,1003.84003,41791
20260430-235226,-OrXadFtF1xT5jOMbmek,2026-05-01 08:14:23+00:00,1777623263000,30116,25.44661,42.17859,1003.84003,41958
20260430-235226,-OrXadTcKFBXYRB19tWs,2026-05-01 08:14:35+00:00,1777623275000,30128,25.44597,42.21371,1003.83002,41014
20260430-235226,-OrXag2N5JECNRfYBaYC,2026-05-01 08:14:45+00:00,1777623285000,30138,25.44534,42.22537,1003.84003,41419
20260430-235226,-OrXaiLghwZ1lUoJZ0N8,2026-05-01 08:14:55+00:00,1777623295000,30148,25.44597,42.17851,1003.84003,41501
20260430-235226,-OrXakmu6bS0tHY8KRq7,2026-05-01 08:15:05+00:00,1777623305000,30158,25.44629,42.19614,1003.84003,41958
20260430-235226,-OrXanE67RVZayRNi0q3,2026-05-01 08:15:15+00:00,1777623315000,30168,25.44597,42.12573,1003.84003,42085
20260430-235226,-OrXapfMJLky-cBgO7JQ,2026-05-01 08:15:25+00:00,1777623325000,30178,25.44629,42.07886,1003.83002,42043
20260430-235226,-OrXas7ZenoKcn98M8z9,2026-05-01 08:15:35+00:00,1777623335000,30188,25.44661,42.13753,1003.83002,42043
20260430-235226,-OrXauZHqxW2Bp4VFmvr,2026-05-01 08:15:45+00:00,1777623345000,30198,25.44597,42.14919,1003.84003,42340
20260430-235226,-OrXax-Gd71Apv5X83Iw,2026-05-01 08:15:55+00:00,1777623355000,30208,25.44565,42.15502,1003.81,42383
20260430-235226,-OrXazRLuS0NAutGGjk2,2026-05-01 08:16:05+00:00,1777623365000,30218,25.44534,42.20777,1003.81,42469
20260430-235226,-OrXb0sdXZ_WqIgGHSSh,2026-05-01 08:16:15+00:00,1777623375000,30228,25.44439,42.24874,1003.81,42555
20260430-235226,-OrXb3K4cu-Idb7PO8fN,2026-05-01 08:16:25+00:00,1777623385000,30238,25.4447,42.25464,1003.79999,42555
20260430-235226,-OrXb5lFEfDo-5E8cmHj,2026-05-01 08:16:35+00:00,1777623395000,30248,25.44502,42.196,1003.81,42469
20260430-235226,-OrXb8COUA382a2lnykn,2026-05-01 08:16:45+00:00,1777623405000,30258,25.44534,42.16084,1003.81,42641
20260430-235226,-OrXbAddur7oITsTTu8z,2026-05-01 08:16:55+00:00,1777623415000,30268,25.4447,42.16077,1003.78998,42772
20260430-235226,-OrXbD59uz05IuwQMiZJ,2026-05-01 08:17:05+00:00,1777623425000,30278,25.4447,42.15491,1003.78998,42903
20260430-235226,-OrXbFXCEQ44VTYXQeGp,2026-05-01 08:17:15+00:00,1777623435000,30288,25.44502,42.17841,1003.78003,42991
20260430-235226,-OrXbI9FErpqssTRujoh,2026-05-01 08:17:25+00:00,1777623445000,30298,25.4447,42.13731,1003.78003,42772
20260430-235226,-OrXbKPfu82WWK9QMaXv,2026-05-01 08:17:35+00:00,1777623455000,30308,25.44407,42.12551,1003.78003,42903
20260430-235226,-OrXbMqy1fQpOJ5SEcUt,2026-05-01 08:17:45+00:00,1777623465000,30318,25.44312,42.13126,1003.76001,43302
20260430-235226,-OrXbPJ70ehdHE7vzZ3g,2026-05-01 08:17:55+00:00,1777623475000,30328,25.44375,42.16067,1003.76001,43168
20260430-235226,-OrXbRjm7Z5kVHBdyLFl,2026-05-01 08:18:05+00:00,1777623485000,30338,25.44344,42.13131,1003.76001,43035
20260430-235226,-OrXbUAbvo2H0VtvejZ0,2026-05-01 08:18:15+00:00,1777623495000,30348,25.4428,42.10192,1003.73999,43080
20260430-235226,-OrXbWcCaBUSAipB_Auy,2026-05-01 08:18:25+00:00,1777623505000,30358,25.44249,42.06671,1003.75,43080
20260430-235226,-OrXbZ3b_zUVYbHieA11,2026-05-01 08:18:35+00:00,1777623515000,30368,25.4409,42.06067,1003.73999,43572
20260430-235226,-OrXbaWJ6xz_GHNbG9A1,2026-05-01 08:18:45+00:00,1777623525000,30378,25.44122,42.0314,1003.75,43482
20260430-235226,-OrXbcwyX4EcJkdU7RWA,2026-05-01 08:18:55+00:00,1777623535000,30388,25.44058,42.08994,1003.76001,43482
20260430-235226,-OrXbfO-orDbHbFExdYC,2026-05-01 08:19:05+00:00,1777623545000,30398,25.44027,42.10163,1003.76001,43708
20260430-235226,-OrXbhp0znRabPlnIF__,2026-05-01 08:19:15+00:00,1777623555000,30408,25.43963,42.0488,1003.76001,43482
20260430-235226,-OrXbkHYoTtvVRf1Kv6L,2026-05-01 08:19:25+00:00,1777623565000,30418,25.43963,42.08983,1003.75,43663
20260430-235226,-OrXbmhfj6pmZeFb96Bq,2026-05-01 08:19:35+00:00,1777623575000,30428,25.43837,42.09555,1003.73999,43618
20260430-235226,-OrXbp9ANQtDxNarqC6M,2026-05-01 08:19:45+00:00,1777623585000,30438,25.43773,42.08963,1003.73999,43708
20260430-235226,-OrXbraW-pS7iN23_0OY,2026-05-01 08:19:55+00:00,1777623595000,30448,25.43678,42.11297,1003.73999,43618
20260430-235226,-OrXbu1NkeEyjODjx-27,2026-05-01 08:20:05+00:00,1777623605000,30458,25.43615,42.04842,1003.73999,43800
20260430-235226,-OrXbwTjBsuSwW2U6Lb0,2026-05-01 08:20:15+00:00,1777623615000,30468,25.43583,42.05424,1003.71997,43846
20260430-235226,-OrXbyuq2JGAmvmUXReA,2026-05-01 08:20:25+00:00,1777623625000,30478,25.43488,42.04827,1003.71997,43754
20260430-235226,-OrXc0ig-fOPi-Dhhb09,2026-05-01 08:20:35+00:00,1777623635000,30488,25.43551,42.04834,1003.71002,43892
20260430-235226,-OrXc2nVBwTXF_A3jVGu,2026-05-01 08:20:45+00:00,1777623645000,30498,25.43615,42.11876,1003.71002,43846
20260430-235226,-OrXc5Ed7WtO80FGI39l,2026-05-01 08:20:55+00:00,1777623655000,30508,25.43488,42.13034,1003.71002,43984
20260430-235226,-OrXc7gAigTW30dTfP8V,2026-05-01 08:21:05+00:00,1777623665000,30518,25.43329,42.14189,1003.70001,43984
20260430-235226,-OrXcA8BCTvC4ONcFgCZ,2026-05-01 08:21:15+00:00,1777623675000,30528,25.43266,42.11837,1003.69,43984
20260430-235226,-OrXcCZHtgsOJaY5FaC2,2026-05-01 08:21:25+00:00,1777623685000,30538,25.43203,42.15934,1003.69,44450
20260430-235226,-OrXcF-dIS0IrgfK7jFp,2026-05-01 08:21:35+00:00,1777623695000,30548,25.43107,42.22376,1003.67999,44216
20260430-235226,-OrXcHSSpXOGNFgM58IZ,2026-05-01 08:21:45+00:00,1777623705000,30558,25.43012,42.22366,1003.67999,44216
20260430-235226,-OrXcJt3XRdyB7-QIQ60,2026-05-01 08:21:55+00:00,1777623715000,30568,25.42917,42.13557,1003.69,44403
20260430-235226,-OrXcMKFsnk_OzwoD_4n,2026-05-01 08:22:05+00:00,1777623725000,30578,25.42822,42.12373,1003.69,44356
20260430-235226,-OrXcOm0U5J57pgnu9X0,2026-05-01 08:22:15+00:00,1777623735000,30588,25.42822,42.19411,1003.67999,44403
20260430-235226,-OrXcRCqVet5lPf0z_Zp,2026-05-01 08:22:25+00:00,1777623745000,30598,25.42854,42.22349,1003.69,44592
20260430-235226,-OrXcTeG5uFeozifqR4T,2026-05-01 08:22:35+00:00,1777623755000,30608,25.42917,42.15316,1003.69,44545
20260430-235226,-OrXcWAbW0ZlsIJYnQ_B,2026-05-01 08:22:45+00:00,1777623765000,30618,25.42854,42.1355,1003.67999,44735
20260430-235226,-OrXcYXWBKSAZc5Azu-z,2026-05-01 08:22:55+00:00,1777623775000,30628,25.42791,42.21168,1003.67999,44592
20260430-235226,-OrXc_yk0IHj2uITd0Rg,2026-05-01 08:23:05+00:00,1777623785000,30638,25.42664,42.14115,1003.67999,44639
20260430-235226,-OrXccQLKjpP7E37KO4-,2026-05-01 08:23:15+00:00,1777623795000,30648,25.42727,42.04155,1003.67999,44735
20260430-235226,-OrXcerNUA_5LKSvVQkz,2026-05-01 08:23:25+00:00,1777623805000,30658,25.42695,42.04152,1003.67999,44639
20260430-235226,-OrXchJQDeUZLk0NDbDP,2026-05-01 08:23:35+00:00,1777623815000,30668,25.426,42.07658,1003.67999,44735
20260430-235226,-OrXckk2yqvCWNo38T5I,2026-05-01 08:23:45+00:00,1777623825000,30678,25.42474,42.07644,1003.66998,45023
20260430-235226,-OrXcmB74ysI7gM0BH3Y,2026-05-01 08:23:55+00:00,1777623835000,30688,25.42505,42.08819,1003.67999,45023
20260430-235226,-OrXcocOMVeHGogxhzzH,2026-05-01 08:24:05+00:00,1777623845000,30698,25.42664,42.17048,1003.69,45071
20260430-235226,-OrXcr4bLFQR9nfvCtlz,2026-05-01 08:24:15+00:00,1777623855000,30708,25.42474,42.22305,1003.69,44975
20260430-235226,-OrXctVxo8OFY2iEawqG,2026-05-01 08:24:25+00:00,1777623865000,30718,25.42537,42.18793,1003.67999,44975
20260430-235226,-OrXcvx7c7FeIxvDMUU_,2026-05-01 08:24:35+00:00,1777623875000,30728,25.42442,42.08813,1003.69,45120
20260430-235226,-OrXcyOO8WC7LGdsemEP,2026-05-01 08:24:45+00:00,1777623885000,30738,25.4241,42.0412,1003.69,45364
20260430-235226,-OrXd-rNT0Elt0ZvJb0k,2026-05-01 08:24:55+00:00,1777623895000,30748,25.42379,42.04702,1003.69,45120
20260430-235226,-OrXd2Goq65ICdwmDZaN,2026-05-01 08:25:05+00:00,1777623905000,30758,25.42283,42.08208,1003.69,45169
20260430-235226,-OrXd4i6kidwaBkB24m9,2026-05-01 08:25:15+00:00,1777623915000,30768,25.42283,42.14072,1003.69,45266
20260430-235226,-OrXd7AwJ2meVJdFTUGe,2026-05-01 08:25:25+00:00,1777623925000,30778,25.42379,42.19948,1003.69,45169
20260430-235226,-OrXd9ayqFkJaj0k6-ux,2026-05-01 08:25:35+00:00,1777623935000,30788,25.4222,42.16997,1003.69,45266
20260430-235226,-OrXdC1rWk7dz6JQ0vsh,2026-05-01 08:25:45+00:00,1777623945000,30798,25.42188,42.12889,1003.67999,45413
20260430-235226,-OrXdEUcKGAjWIHGk3KK,2026-05-01 08:25:55+00:00,1777623955000,30808,25.42157,42.08781,1003.69,45512
20260430-235226,-OrXdGvhHThRAZSlmhZM,2026-05-01 08:26:05+00:00,1777623965000,30818,25.4222,42.07029,1003.69,45463
20260430-235226,-OrXdJMaaB44kd3hwXat,2026-05-01 08:26:15+00:00,1777623975000,30828,25.42315,42.03523,1003.69,45512
20260430-235226,-OrXdLnrNlN5HM3xWVc0,2026-05-01 08:26:25+00:00,1777623985000,30838,25.42125,42.06432,1003.69,45463
20260430-235226,-OrXdOFaGOkZg4iQlE1R,2026-05-01 08:26:35+00:00,1777623995000,30848,25.42062,42.07011,1003.69,45760
20260430-235226,-OrXdQgFBkPSZr6kDOD7,2026-05-01 08:26:45+00:00,1777624005000,30858,25.42125,42.13467,1003.70001,45611
20260430-235226,-OrXdTYCjUQZLi3LRzaK,2026-05-01 08:26:55+00:00,1777624015000,30868,25.42062,42.09356,1003.69,45561
20260430-235226,-OrXdVZgEXe9OoU95Ae1,2026-05-01 08:27:05+00:00,1777624025000,30878,25.42252,42.07619,1003.70001,45710
20260430-235226,-OrXdY05nmQBu48qiZv4,2026-05-01 08:27:15+00:00,1777624035000,30888,25.42252,42.05861,1003.70001,45512
20260430-235226,-OrXd_SETcWkyj-2Zeof,2026-05-01 08:27:25+00:00,1777624045000,30898,25.4222,42.07615,1003.70001,45710
20260430-235226,-OrXdbtXUOY2dl1gajLo,2026-05-01 08:27:35+00:00,1777624055000,30908,25.42315,42.17008,1003.69,45661
20260430-235226,-OrXdeKeS9kWedT8zjUP,2026-05-01 08:27:45+00:00,1777624065000,30918,25.42157,42.2051,1003.70001,45911
20260430-235226,-OrXdglsxUdR7uGxhA-s,2026-05-01 08:27:55+00:00,1777624075000,30928,25.42157,42.21683,1003.70001,45810
20260430-235226,-OrXdjDDg0tKuPPLeVub,2026-05-01 08:28:05+00:00,1777624085000,30938,25.4203,42.13457,1003.69,46164
20260430-235226,-OrXdleV9z0HGezDEYbl,2026-05-01 08:28:15+00:00,1777624095000,30948,25.4203,42.10526,1003.69,45810
20260430-235226,-OrXdo5o4n6hKocmWU9n,2026-05-01 08:28:25+00:00,1777624105000,30958,25.4184,42.13435,1003.69,46113
20260430-235226,-OrXdqXpY5D2cwIjiFSd,2026-05-01 08:28:35+00:00,1777624115000,30968,25.41681,42.1459,1003.69,45860
20260430-235226,-OrXdszDW-Bih3Qz2QIQ,2026-05-01 08:28:45+00:00,1777624125000,30978,25.41491,42.13396,1003.67999,45860
20260430-235226,-OrXdvQW-dO3VM9SepDd,2026-05-01 08:28:55+00:00,1777624135000,30988,25.41428,42.08113,1003.69,46062
20260430-235226,-OrXdxrjtmzpBDPaMEFz,2026-05-01 08:29:05+00:00,1777624145000,30998,25.41301,42.05167,1003.69,46062
20260430-235226,-OrXe-Ium39Gn5wWmgOc,2026-05-01 08:29:15+00:00,1777624155000,31008,25.41269,42.0868,1003.70001,46113
20260430-235226,-OrXe1kCyya--ZxxzkpR,2026-05-01 08:29:25+00:00,1777624165000,31018,25.41111,42.10422,1003.69,46164
20260430-235226,-OrXe4BSDIXUjtrXyYA1,2026-05-01 08:29:35+00:00,1777624175000,31028,25.41016,42.08066,1003.69,46265
20260430-235226,-OrXe6cgS_DWqyc3eWPR,2026-05-01 08:29:45+00:00,1777624185000,31038,25.40952,42.10404,1003.69,46265
20260430-235226,-OrXe93yL4dvUYl4lcTw,2026-05-01 08:29:55+00:00,1777624195000,31048,25.40921,42.07469,1003.70001,46113
20260430-235226,-OrXeBfSexcHuMBdf4LR,2026-05-01 08:30:05+00:00,1777624205000,31058,25.40952,42.05128,1003.69,46214
20260430-235226,-OrXeDxRaghzsXMjfMe-,2026-05-01 08:30:15+00:00,1777624215000,31068,25.40952,42.08059,1003.69,46419
20260430-235226,-OrXeGPhEYOd9U1VT5S9,2026-05-01 08:30:25+00:00,1777624225000,31078,25.40794,42.08627,1003.67999,46368
20260430-235226,-OrXeIpxLcuDgUVOzEnF,2026-05-01 08:30:35+00:00,1777624235000,31088,25.40667,42.12718,1003.67999,46317
20260430-235226,-OrXeLHHRAq9a9zhioCF,2026-05-01 08:30:45+00:00,1777624245000,31098,25.4054,42.0684,1003.67999,46574
20260430-235226,-OrXeNj0zI61V-AqVrYl,2026-05-01 08:30:55+00:00,1777624255000,31108,25.40572,42.02741,1003.69,46419
20260430-235226,-OrXeQ9qo18AtokTO5yG,2026-05-01 08:31:05+00:00,1777624265000,31118,25.4054,42.02737,1003.69,46419
20260430-235226,-OrXeSb00ms_xGdifA22,2026-05-01 08:31:15+00:00,1777624275000,31128,25.40445,42.04486,1003.69,46522
20260430-235226,-OrXeV3PvoSjct1hqcNx,2026-05-01 08:31:25+00:00,1777624285000,31138,25.40509,41.99805,1003.69,46730
20260430-235226,-OrXeXULGHlxc56mhXYX,2026-05-01 08:31:35+00:00,1777624295000,31148,25.40445,41.9804,1003.70001,46522
20260430-235226,-OrXeZwCMRZ94bZcaa4H,2026-05-01 08:31:45+00:00,1777624305000,31158,25.40509,42.00976,1003.70001,46419
20260430-235226,-OrXebN-Mn29B-9-MrGt,2026-05-01 08:31:55+00:00,1777624315000,31168,25.4054,42.05668,1003.69,46419
20260430-235226,-OrXedoP29VFDa7wOx19,2026-05-01 08:32:05+00:00,1777624325000,31178,25.40477,42.03902,1003.69,46782
20260430-235226,-OrXegHI6fXEALGuJ7Xe,2026-05-01 08:32:15+00:00,1777624335000,31188,25.40445,42.07416,1003.70001,46522
20260430-235226,-OrXeigsfTuP49QiIPrx,2026-05-01 08:32:25+00:00,1777624345000,31198,25.40445,42.05072,1003.70001,46574
20260430-235226,-OrXel810ihOvVJPBVEw,2026-05-01 08:32:35+00:00,1777624355000,31208,25.40445,41.98626,1003.69,46730
20260430-235226,-OrXen_IYC808i82-I3Q,2026-05-01 08:32:45+00:00,1777624365000,31218,25.40413,42.04482,1003.69,46782
20260430-235226,-OrXeq0VQqiEMT5TpcXr,2026-05-01 08:32:55+00:00,1777624375000,31228,25.40445,42.06244,1003.69,46886
20260430-235226,-OrXesSjKfFPE1quCxqG,2026-05-01 08:33:05+00:00,1777624385000,31238,25.40445,42.10934,1003.69,46939
20260430-235226,-OrXeve7Ss8EsWuJCKJh,2026-05-01 08:33:15+00:00,1777624395000,31248,25.4035,42.09164,1003.69,46678
20260430-235226,-OrXexLDzgXbaK6ImorV,2026-05-01 08:33:25+00:00,1777624405000,31258,25.40382,42.02721,1003.70001,46730
20260430-235226,-OrXezmJ63JX4-_X4zpu,2026-05-01 08:33:35+00:00,1777624415000,31268,25.40445,41.9804,1003.70001,46939
20260430-235226,-OrXf1DiYf9qFdJkkA0P,2026-05-01 08:33:45+00:00,1777624425000,31278,25.40382,41.98033,1003.70001,46939
20260430-235226,-OrXf3ewQBbdaD-TQMK0,2026-05-01 08:33:55+00:00,1777624435000,31288,25.40287,42.03881,1003.69,46939
20260430-235226,-OrXf66DTb352nOZkHg2,2026-05-01 08:34:05+00:00,1777624445000,31298,25.40192,42.06215,1003.67999,47044
20260430-235226,-OrXf8YlwkFIMKS_rG_h,2026-05-01 08:34:15+00:00,1777624455000,31308,25.40128,42.0152,1003.67999,46990
20260430-235226,-OrXfB1oPITZhOnm79-0,2026-05-01 08:34:25+00:00,1777624465000,31318,25.40065,41.98583,1003.69,46992
20260430-235226,-OrXfG4EC8bVjLhvJir0,2026-05-01 08:34:45+00:00,1777624485000,31339,25.39938,41.92126,1003.70001,47044
20260430-235226,-OrXfIPkaZGOZ2jHc4Fr,2026-05-01 08:34:55+00:00,1777624495000,31349,25.39906,41.8978,1003.71002,46992
20260430-235226,-OrXfKqTXKh85Sk71EQw,2026-05-01 08:35:05+00:00,1777624505000,31359,25.39906,41.89194,1003.70001,46886
20260430-235226,-OrXfNHfg8oMfoRG2EYu,2026-05-01 08:35:15+00:00,1777624515000,31369,25.39875,41.90947,1003.71002,47310
20260430-235226,-OrXfPixyP2Iv0jtLyPJ,2026-05-01 08:35:25+00:00,1777624525000,31379,25.39811,41.90355,1003.69,47362
20260430-235226,-OrXfSA8_xjKS_TWZN9T,2026-05-01 08:35:35+00:00,1777624535000,31389,25.39811,41.92111,1003.69,47256
20260430-235226,-OrXfUbPxbgrbWtlZLbM,2026-05-01 08:35:45+00:00,1777624545000,31399,25.3978,41.86838,1003.69,46990
20260430-235226,-OrXfX2jhjx0ODK8zF1A,2026-05-01 08:35:55+00:00,1777624555000,31409,25.39811,41.88597,1003.69,47150
20260430-235226,-OrXfZV3qRYDdjAf9WAh,2026-05-01 08:36:05+00:00,1777624565000,31419,25.39716,41.98544,1003.70001,47256
20260430-235226,-OrXfbf_Tk23Whl4HBvq,2026-05-01 08:36:15+00:00,1777624575000,31429,25.39526,42.02624,1003.70001,47175
20260430-235226,-OrXfdNUotdNK8jNJ-Wj,2026-05-01 08:36:25+00:00,1777624585000,31439,25.39431,42.00855,1003.70001,47096
20260430-235226,-OrXffocAsL1fVxJlW5p,2026-05-01 08:36:35+00:00,1777624595000,31449,25.39558,41.99112,1003.71002,46990
20260430-235226,-OrXfiFuFdvQDxUw3Hyl,2026-05-01 08:36:45+00:00,1777624605000,31459,25.39621,41.95019,1003.71997,47043
20260430-235226,-OrXfkhDc8epORp-effb,2026-05-01 08:36:55+00:00,1777624615000,31469,25.39558,41.98526,1003.71997,47043
20260430-235226,-OrXfn8ZeMjY2Jd82dCm,2026-05-01 08:37:05+00:00,1777624625000,31479,25.39494,42.0262,1003.71002,47255
20260430-235226,-OrXfp_h7NSyaM4278Fo,2026-05-01 08:37:15+00:00,1777624635000,31489,25.39558,42.04386,1003.71997,46964
20260430-235226,-OrXfs0s9XUTFZFl0rvj,2026-05-01 08:37:25+00:00,1777624645000,31499,25.39558,41.97354,1003.71997,47044
20260430-235226,-OrXfuTA5y-jAIAoq9mR,2026-05-01 08:37:35+00:00,1777624655000,31509,25.39589,41.97943,1003.72998,47308
20260430-235226,-OrXfwuUCRtDEaTjDqyV,2026-05-01 08:37:45+00:00,1777624665000,31519,25.39494,41.97347,1003.71997,47043
20260430-235226,-OrXfzLdk1RsyG-cmflS,2026-05-01 08:37:55+00:00,1777624675000,31529,25.39526,41.9208,1003.71997,47175
20260430-235226,-OrXg0n-_mSowLIn07SA,2026-05-01 08:38:05+00:00,1777624685000,31539,25.39526,41.96765,1003.71997,47175
20260430-235226,-OrXg3E2SKOYESR_VrdT,2026-05-01 08:38:15+00:00,1777624695000,31549,25.39431,41.9734,1003.72998,47282
20260430-235226,-OrXg5sZtO1O5zOKgibR,2026-05-01 08:38:26+00:00,1777624706000,31559,25.39399,41.97923,1003.72998,47016
20260430-235226,-OrXg8CmOEXX0KB_Yj6d,2026-05-01 08:38:36+00:00,1777624716000,31569,25.39367,41.99676,1003.73999,47096
20260430-235226,-OrXgAeLnjfFZALSOulb,2026-05-01 08:38:46+00:00,1777624726000,31579,25.39336,41.96744,1003.73999,47282
20260430-235226,-OrXgD5KvLZed8fGMqqT,2026-05-01 08:38:56+00:00,1777624736000,31589,25.39336,41.96158,1003.73999,47255
20260430-235226,-OrXgFXZyl3si0LA0R3U,2026-05-01 08:39:06+00:00,1777624746000,31599,25.39336,41.98501,1003.73999,47389
20260430-235226,-OrXgINds_vhUNAVpusV,2026-05-01 08:39:16+00:00,1777624756000,31609,25.39367,41.99676,1003.73999,47389
20260430-235226,-OrXgKQ0ToiVQin61X-g,2026-05-01 08:39:26+00:00,1777624766000,31619,25.39336,41.93229,1003.73999,47202
20260430-235226,-OrXgMr8WaA2jlnPqvoN,2026-05-01 08:39:36+00:00,1777624776000,31629,25.39336,41.94401,1003.73999,47255
20260430-235226,-OrXgPJVJYXUNXQ840F0,2026-05-01 08:39:46+00:00,1777624786000,31639,25.39304,41.95568,1003.75,47335
20260430-235226,-OrXgRko3TYspRxaF6Nb,2026-05-01 08:39:56+00:00,1777624796000,31649,25.39209,41.94972,1003.75,47469
20260430-235226,-OrXgUC3aMyKO2vxJKgC,2026-05-01 08:40:06+00:00,1777624806000,31659,25.39241,41.9439,1003.76001,47308
20260430-235226,-OrXgWeRGbPg6kVeCoyG,2026-05-01 08:40:16+00:00,1777624816000,31669,25.39367,42.00262,1003.75,47362
20260430-235226,-OrXgZ3Xg1D3HBbpKDxu,2026-05-01 08:40:26+00:00,1777624826000,31679,25.39399,42.01439,1003.76001,47282
20260430-235226,-OrXgaWDcIi9PD9a_91v,2026-05-01 08:40:36+00:00,1777624836000,31689,25.39336,41.96158,1003.76001,47362
20260430-235226,-OrXgcxAlB9A5UgKWODu,2026-05-01 08:40:46+00:00,1777624846000,31699,25.39304,41.9264,1003.76001,47658
20260430-235226,-OrXgfO5mMSAiuoj3Rh_,2026-05-01 08:40:56+00:00,1777624856000,31709,25.39272,41.9615,1003.76001,47416
20260430-235226,-OrXghpm5__Vo8u-o053,2026-05-01 08:41:06+00:00,1777624866000,31719,25.39209,41.96729,1003.76001,47335
20260430-235226,-OrXgkHCPjy2AHsrznDy,2026-05-01 08:41:16+00:00,1777624876000,31729,25.39272,42.00251,1003.75,47550
20260430-235226,-OrXgmiNeT_Sz3szBXCh,2026-05-01 08:41:26+00:00,1777624886000,31739,25.39177,42.00827,1003.75,47577
20260430-235226,-OrXgp9f5Gyp3rYiXNap,2026-05-01 08:41:36+00:00,1777624896000,31749,25.39209,42.0083,1003.75,47713
20260430-235226,-OrXgrgq85X-OgSsfjs-,2026-05-01 08:41:46+00:00,1777624906000,31759,25.39177,41.97897,1003.75,47550
20260430-235226,-OrXgu1nB8lIPGLWR4yh,2026-05-01 08:41:56+00:00,1777624916000,31769,25.39114,41.87934,1003.76001,47496
20260430-235226,-OrXgwUfCkw0WZVayiFm,2026-05-01 08:42:06+00:00,1777624926000,31779,25.39082,41.87345,1003.75,47740
20260430-235226,-OrXgywP4BkKgxvthdmo,2026-05-01 08:42:16+00:00,1777624936000,31789,25.39082,41.91444,1003.76001,47794
20260430-235226,-OrXh0b2Ik-VmUNWYwXA,2026-05-01 08:42:26+00:00,1777624946000,31799,25.39146,41.91451,1003.76001,47658
20260430-235226,-OrXh2ntqXVbwWS-0Ruv,2026-05-01 08:42:36+00:00,1777624956000,31809,25.39146,41.92622,1003.76001,47794
20260430-235226,-OrXh5Ewe95hNYGVz8Sk,2026-05-01 08:42:46+00:00,1777624966000,31819,25.39114,41.90862,1003.75,47577
20260430-235226,-OrXh7gfvARpr03TeTol,2026-05-01 08:42:56+00:00,1777624976000,31829,25.39019,41.90266,1003.75,47577
20260430-235226,-OrXhA7y3tuK00X-MJvT,2026-05-01 08:43:06+00:00,1777624986000,31839,25.38987,41.94362,1003.73999,47686
20260430-235226,-OrXhCZ_xnsnN8llDjsk,2026-05-01 08:43:16+00:00,1777624996000,31849,25.38955,41.94358,1003.75,47740
20260430-235226,-OrXhF02PVM53u6tHwm6,2026-05-01 08:43:26+00:00,1777625006000,31859,25.38829,41.96686,1003.75,47631
20260430-235226,-OrXhHSE_NOMLUzuBdGR,2026-05-01 08:43:36+00:00,1777625016000,31869,25.38829,42.01374,1003.75,47686
20260430-235226,-OrXhJuVTevTVl6_aW-9,2026-05-01 08:43:46+00:00,1777625026000,31879,25.38861,42.04893,1003.75,47658
20260430-235226,-OrXhMLD0ImmmeP8MNAg,2026-05-01 08:43:56+00:00,1777625036000,31889,25.38829,42.09579,1003.75,47713
20260430-235226,-OrXhOmOHmJUv1WBKeBp,2026-05-01 08:44:06+00:00,1777625046000,31899,25.38861,42.10169,1003.76001,47849
20260430-235226,-OrXhRE50BK7W7sly_eG,2026-05-01 08:44:16+00:00,1777625056000,31909,25.38765,42.07814,1003.76001,47767
20260430-235226,-OrXhTer3WbhUJ8vQ6xs,2026-05-01 08:44:26+00:00,1777625066000,31919,25.38734,41.98434,1003.76001,47986
20260430-235226,-OrXhW5g5_AORwHuOBpf,2026-05-01 08:44:36+00:00,1777625076000,31929,25.3867,41.86129,1003.76001,48179
20260430-235226,-OrXhYXpcnhG-Lz5R9Eb,2026-05-01 08:44:46+00:00,1777625086000,31939,25.3867,41.84958,1003.76001,48179
20260430-235226,-OrXha-NqSTl7TGYU4sO,2026-05-01 08:44:56+00:00,1777625096000,31949,25.38544,41.92555,1003.75,47959
20260430-235226,-OrXhcQoW4nXmEVrPkCr,2026-05-01 08:45:06+00:00,1777625106000,31959,25.38512,41.96651,1003.75,47876
20260430-235226,-OrXherhqDWs8z-ujB4X,2026-05-01 08:45:16+00:00,1777625116000,31969,25.38512,41.92552,1003.75,47904
20260430-235226,-OrXhhJC6G4GpbX1-gsf,2026-05-01 08:45:26+00:00,1777625126000,31979,25.38417,41.93127,1003.75,47986
20260430-235226,-OrXhk920KNMtp7PJvaJ,2026-05-01 08:45:36+00:00,1777625136000,31989,25.38322,42.02489,1003.75,48124
20260430-235226,-OrXhmBWPVEjQyic2_T0,2026-05-01 08:45:46+00:00,1777625146000,31999,25.38258,42.0424,1003.73999,48041
20260430-235226,-OrXhod24IqlVKjqGks4,2026-05-01 08:45:56+00:00,1777625156000,32009,25.38227,41.98377,1003.73999,48096
20260430-235226,-OrXhr4PCxxl_5Y0n-f5,2026-05-01 08:46:06+00:00,1777625166000,32019,25.38131,41.96609,1003.75,48096
20260430-235226,-OrXhtWmEMuhlXMULCKV,2026-05-01 08:46:16+00:00,1777625176000,32029,25.38131,41.95437,1003.73999,48041
20260430-235226,-OrXhvy4p4syOqV4TnKt,2026-05-01 08:46:26+00:00,1777625186000,32039,25.38163,41.91341,1003.73999,48124
20260430-235226,-OrXhyOV6AIdjQcg5CmC,2026-05-01 08:46:36+00:00,1777625196000,32049,25.38131,41.90752,1003.73999,48041
20260430-235226,-OrXi-qcTuLM5JqWsETN,2026-05-01 08:46:46+00:00,1777625206000,32059,25.381,41.88992,1003.72998,48069
20260430-235226,-OrXi2I0nVw79UCEDRZU,2026-05-01 08:46:56+00:00,1777625216000,32069,25.38131,41.9368,1003.72998,48069
20260430-235226,-OrXi4jQkBUPSrKDQrWc,2026-05-01 08:47:06+00:00,1777625226000,32079,25.38068,42.02461,1003.71997,48235
20260430-235226,-OrXi7ABBGkaUzlzuVr2,2026-05-01 08:47:16+00:00,1777625236000,32089,25.38068,42.04805,1003.72998,48430
20260430-235226,-OrXi9bWlN0IaTkvnclX,2026-05-01 08:47:26+00:00,1777625246000,32099,25.381,42.05394,1003.72998,48179
20260430-235226,-OrXiJZwYeinZ05DEris,2026-05-01 08:47:36+00:00,1777625256000,32109,25.37973,41.9659,1003.71997,47959
20260430-235226,-OrXiJfv9F26BHIEh5FQ,2026-05-01 08:48:07+00:00,1777625287000,32140,25.37688,42.09451,1003.71997,40266
20260430-235226,-OrXiM7HZa1cMzgc4tEL,2026-05-01 08:48:17+00:00,1777625297000,32150,25.37529,42.04744,1003.71997,42816
20260430-235226,-OrXiOZYqzIemjkGElte,2026-05-01 08:48:27+00:00,1777625307000,32160,25.37529,42.11192,1003.71002,44403
20260430-235226,-OrXiR_TYX6uz9a8Qgap,2026-05-01 08:48:37+00:00,1777625317000,32170,25.37498,42.00052,1003.70001,45463
20260430-235226,-OrXiTRy5ClkBTBG71U1,2026-05-01 08:48:47+00:00,1777625327000,32180,25.37561,41.90688,1003.67999,46164
20260430-235226,-OrXiVtR36vfK7GUPw8_,2026-05-01 08:48:57+00:00,1777625337000,32190,25.37529,41.87172,1003.66998,46730
20260430-235226,-OrXiYLnhE6arMzMFGDK,2026-05-01 08:49:07+00:00,1777625347000,32200,25.37529,41.93027,1003.65997,46964
20260430-235226,-OrXi_lnd9P1TkFSmYQP,2026-05-01 08:49:17+00:00,1777625357000,32210,25.37593,41.94205,1003.65997,47255
20260430-235226,-OrXicDLc2bXS8SUkUYS,2026-05-01 08:49:27+00:00,1777625367000,32220,25.37561,41.93616,1003.65997,47202
20260430-235226,-OrXieeEL3wkSQ9vVqTA,2026-05-01 08:49:37+00:00,1777625377000,32230,25.37529,41.94199,1003.65997,47686
20260430-235226,-OrXih5qAjUJBquN2YKy,2026-05-01 08:49:47+00:00,1777625387000,32240,25.37624,41.92452,1003.66998,47577
20260430-235226,-OrXijXktJZJKekyTZdS,2026-05-01 08:49:57+00:00,1777625397000,32250,25.37656,41.92456,1003.66998,47740
20260430-235226,-OrXim--aU4nplmhzs5E,2026-05-01 08:50:07+00:00,1777625407000,32260,25.37688,41.95388,1003.66998,47822
20260430-235226,-OrXioQIPPZzffi6HERo,2026-05-01 08:50:17+00:00,1777625417000,32270,25.37719,41.96562,1003.66998,47794
20260430-235226,-OrXiqr_JNtnv0molub_,2026-05-01 08:50:27+00:00,1777625427000,32280,25.37688,41.9363,1003.66998,47876
20260430-235226,-OrXitIttxOGjqWTubaS,2026-05-01 08:50:37+00:00,1777625437000,32290,25.37656,41.91284,1003.66998,47986
20260430-235226,-OrXivkGV5E_owU9A9Ux,2026-05-01 08:50:47+00:00,1777625447000,32300,25.37688,41.93045,1003.65997,47959
20260430-235226,-OrXiyBBApNzEjep3rN9,2026-05-01 08:50:57+00:00,1777625457000,32310,25.37593,41.94205,1003.65997,48014
20260430-235226,-OrXj-cTN-5giBdoV6A2,2026-05-01 08:51:07+00:00,1777625467000,32320,25.37498,41.96537,1003.65997,48179
20260430-235226,-OrXj23uKsxFxHoQrULm,2026-05-01 08:51:17+00:00,1777625477000,32330,25.37434,41.94773,1003.65002,48207
20260430-235226,-OrXj4W7h8z5zO3NnVVK,2026-05-01 08:51:27+00:00,1777625487000,32340,25.37403,41.85402,1003.65002,48318
20260430-235226,-OrXj6xlQO1DycurOWHB,2026-05-01 08:51:37+00:00,1777625497000,32350,25.37307,41.87147,1003.65002,48514
20260430-235226,-OrXj9k2HlW2_6lj-8yB,2026-05-01 08:51:47+00:00,1777625507000,32360,25.37307,41.87147,1003.65002,48346
20260430-235226,-OrXjBq0DbGxRiBM_Nsz,2026-05-01 08:51:57+00:00,1777625517000,32370,25.37307,41.91831,1003.65997,48599
20260430-235226,-OrXjEH8G3ldlf_lu0bY,2026-05-01 08:52:07+00:00,1777625527000,32380,25.37403,41.97113,1003.66998,48374
20260430-235226,-OrXjGic-UfaMvXff3P3,2026-05-01 08:52:17+00:00,1777625537000,32390,25.37307,41.95931,1003.66998,48402
20260430-235226,-OrXjJ9iXtF_vYp4hsRf,2026-05-01 08:52:27+00:00,1777625547000,32400,25.37307,41.93003,1003.66998,48514
20260430-235226,-OrXjLb7f7nC_nE9Xu9r,2026-05-01 08:52:37+00:00,1777625557000,32410,25.37276,41.92998,1003.66998,48740
20260430-235226,-OrXjO1x0W7ggRgOKNkU,2026-05-01 08:52:47+00:00,1777625567000,32420,25.37244,41.90652,1003.66998,48430
20260430-235226,-OrXjQUU-uoO3Bd80wmX,2026-05-01 08:52:57+00:00,1777625577000,32430,25.37212,41.94163,1003.66998,48768
20260430-235226,-OrXjSvi9TR2E0nFZuXE,2026-05-01 08:53:07+00:00,1777625587000,32440,25.37117,41.91809,1003.66998,48683
20260430-235226,-OrXjVMg0CcW16RDFPC5,2026-05-01 08:53:17+00:00,1777625597000,32450,25.37054,41.94145,1003.65997,48430
20260430-235226,-OrXjXnqrEOGwC513NLp,2026-05-01 08:53:27+00:00,1777625607000,32460,25.37022,41.98242,1003.65997,48514
20260430-235226,-OrXj_G15-8lI--9cQua,2026-05-01 08:53:37+00:00,1777625617000,32470,25.36927,41.99403,1003.66998,48740
20260430-235226,-OrXjbgzdKEOhsAIt4QV,2026-05-01 08:53:47+00:00,1777625627000,32480,25.36895,41.97642,1003.66998,48740
20260430-235226,-OrXje7fpm5pDtaI3o2Y,2026-05-01 08:53:57+00:00,1777625637000,32490,25.368,41.91188,1003.66998,48740
20260430-235226,-OrXjgZvBunxLFz29hp4,2026-05-01 08:54:07+00:00,1777625647000,32500,25.36864,41.87683,1003.67999,48712
20260430-235226,-OrXjj0LIEzrW_mnhvfn,2026-05-01 08:54:17+00:00,1777625657000,32510,25.36832,41.85337,1003.67999,48683
20260430-235226,-OrXjlSMGJFTeEjtmFex,2026-05-01 08:54:27+00:00,1777625667000,32520,25.36864,41.94124,1003.67999,49025
20260430-235226,-OrXjnuAtyJWHpuSp28w,2026-05-01 08:54:37+00:00,1777625677000,32530,25.36832,41.96463,1003.67999,48997
20260430-235226,-OrXjqLtRX9rR7m5Ierc,2026-05-01 08:54:47+00:00,1777625687000,32540,25.36864,41.94124,1003.69,48882
20260430-235226,-OrXjssmCQrre7SzU_gB,2026-05-01 08:54:57+00:00,1777625697000,32550,25.36959,41.95306,1003.69,48655
20260430-235226,-OrXjvDxfjd9GdzkBI_m,2026-05-01 08:55:07+00:00,1777625707000,32560,25.36927,42.0116,1003.69,48768
20260430-235226,-OrXjxhuwHPKfnaBJ3vX,2026-05-01 08:55:17+00:00,1777625717000,32570,25.36927,41.94717,1003.70001,48797
20260430-235226,-OrXk-5zjcBtZAwgUUd7,2026-05-01 08:55:27+00:00,1777625727000,32580,25.36832,41.95292,1003.69,49025
20260430-235226,-OrXk1YIUT223-k4cbq0,2026-05-01 08:55:37+00:00,1777625737000,32590,25.36769,41.95285,1003.67999,48854
20260430-235226,-OrXk3zRIWyIDQeG7sK5,2026-05-01 08:55:47+00:00,1777625747000,32600,25.368,41.93531,1003.67999,48854
20260430-235226,-OrXk6QmvFKlXVLQ-U5p,2026-05-01 08:55:57+00:00,1777625757000,32610,25.368,41.9646,1003.67999,48911
20260430-235226,-OrXk8s4mOb5VqPEzHz5,2026-05-01 08:56:07+00:00,1777625767000,32620,25.36737,42.06414,1003.69,48939
20260430-235226,-OrXkBK_V1_vuKaJkf3D,2026-05-01 08:56:17+00:00,1777625777000,32630,25.36674,42.06406,1003.66998,48997
20260430-235226,-OrXkDkZTiXhvSl-Zopn,2026-05-01 08:56:27+00:00,1777625787000,32640,25.36674,41.94688,1003.66998,48997
20260430-235226,-OrXkGBwvLG_GSebX_cc,2026-05-01 08:56:37+00:00,1777625797000,32650,25.36737,41.93525,1003.66998,49227
20260430-235226,-OrXkIdIFZz3RWNDCqpl,2026-05-01 08:56:47+00:00,1777625807000,32660,25.36705,41.98792,1003.65997,49401
20260430-235226,-OrXkL4C06v-8S5M7f42,2026-05-01 08:56:57+00:00,1777625817000,32670,25.36642,41.96441,1003.66998,49083
20260430-235226,-OrXkNWsP8Ib3Tx6fuk1,2026-05-01 08:57:07+00:00,1777625827000,32680,25.3661,41.9351,1003.65002,48911
20260430-235226,-OrXkPxxd-hG8DIF0jn5,2026-05-01 08:57:17+00:00,1777625837000,32690,25.3661,41.94095,1003.65997,49169
20260430-235226,-OrXkSPJo1D8eb8sK_eI,2026-05-01 08:57:27+00:00,1777625847000,32700,25.36578,41.87066,1003.66998,49083
20260430-235226,-OrXkUr871oIl4idP8_x,2026-05-01 08:57:37+00:00,1777625857000,32710,25.36578,41.87066,1003.66998,49256
20260430-235226,-OrXkXJ4Etj02W7mTaPi,2026-05-01 08:57:47+00:00,1777625867000,32720,25.36515,41.91742,1003.66998,49227
20260430-235226,-OrXkZjE2Vi1dHfzDjQD,2026-05-01 08:57:57+00:00,1777625877000,32730,25.36452,41.9642,1003.65997,49140
20260430-235226,-OrXkfGZaQlDEdzAyQBS,2026-05-01 08:58:07+00:00,1777625887000,32740,25.36515,42.01701,1003.65997,49198
20260430-235226,-OrXkfNfUmM2WDhBZjSC,2026-05-01 08:58:24+00:00,1777625904000,32758,25.36293,42.08709,1003.65997,45810
20260430-235226,-OrXkhoxDS7yIpxSFXJU,2026-05-01 08:58:34+00:00,1777625914000,32768,25.36293,41.97575,1003.66998,46939
20260430-235226,-OrXkkGAEcb3ScJaQWy-,2026-05-01 08:58:44+00:00,1777625924000,32778,25.36325,41.94649,1003.66998,47469
20260430-235226,-OrXkmhTqbAZ5SJc5uVY,2026-05-01 08:58:54+00:00,1777625934000,32788,25.36452,41.9642,1003.66998,47959
20260430-235226,-OrXkp8lHbJzEyUmys6b,2026-05-01 08:59:04+00:00,1777625944000,32798,25.36388,42.00514,1003.66998,48571
20260430-235226,-OrXkra5Yn1Y2nUpZNs1,2026-05-01 08:59:14+00:00,1777625954000,32808,25.36483,42.01111,1003.66998,48430
20260430-235226,-OrXku1cg7Zh76CioWVI,2026-05-01 08:59:24+00:00,1777625964000,32818,25.36515,42.02872,1003.65997,48571
20260430-235226,-OrXkwTOpj9YSjB_rydV,2026-05-01 08:59:34+00:00,1777625974000,32828,25.36578,41.93506,1003.65997,48740
20260430-235226,-OrXkyuqDze1UtvvY87a,2026-05-01 08:59:44+00:00,1777625984000,32838,25.3642,41.88218,1003.65997,49112
20260430-235226,-OrXl0M3XhnOeJlseImU,2026-05-01 08:59:54+00:00,1777625994000,32848,25.36357,41.82943,1003.65002,48825
20260430-235226,-OrXl2nA8M1Jsmjh0Hkr,2026-05-01 09:00:04+00:00,1777626004000,32858,25.36357,41.86455,1003.64001,49083
20260430-235226,-OrXl5ESrxCuVjwZiXSG,2026-05-01 09:00:14+00:00,1777626014000,32868,25.36452,41.93491,1003.65002,48997
20260430-235226,-OrXl7ia_5rGphBNtX--,2026-05-01 09:00:24+00:00,1777626024000,32878,25.3642,41.99346,1003.65002,48997
20260430-235226,-OrXlA71BCWow9uFltNp,2026-05-01 09:00:34+00:00,1777626034000,32888,25.36357,41.98754,1003.64001,49083
20260430-235226,-OrXlCZCx4H0LpfaJIoR,2026-05-01 09:00:44+00:00,1777626044000,32898,25.36325,41.98749,1003.63,49112
20260430-235226,-OrXlF-WFzZ60nQCEb9q,2026-05-01 09:00:54+00:00,1777626054000,32908,25.36357,41.9641,1003.63,49054
20260430-235226,-OrXlHRgR7jw1qNWFZj7,2026-05-01 09:01:04+00:00,1777626064000,32918,25.36388,41.95827,1003.63,49548
20260430-235226,-OrXlLoE6WO8SptIt6By,2026-05-01 09:01:14+00:00,1777626074000,32928,25.36357,41.99925,1003.63,49285
20260430-235226,-OrXlNlwLh4uxG1N3Jje,2026-05-01 09:01:30+00:00,1777626090000,32943,25.36071,42.08684,1003.62,46626
20260430-235226,-OrXlQDA7355F7c8jE7N,2026-05-01 09:01:40+00:00,1777626100000,32953,25.35945,42.06324,1003.62,47335
20260430-235226,-OrXlSeQ6icT0GZvHk3g,2026-05-01 09:01:50+00:00,1777626110000,32963,25.35976,42.0457,1003.62,47904
20260430-235226,-OrXlV5ebYxkOXyX-tL3,2026-05-01 09:02:00+00:00,1777626120000,32973,25.36103,42.03998,1003.62,48290
20260430-235226,-OrXlXXpQNQTBGAiAx8a,2026-05-01 09:02:10+00:00,1777626130000,32983,25.36071,42.02237,1003.60999,48514
20260430-235226,-OrXl_-1TI1EcZ7MP1T2,2026-05-01 09:02:20+00:00,1777626140000,32993,25.36008,41.96957,1003.62,48939
20260430-235226,-OrXlbSu1fq9LKziQa7L,2026-05-01 09:02:30+00:00,1777626150000,33003,25.36008,41.98714,1003.62,48768
20260430-235226,-OrXldrdzVcBt2Yj48Dd,2026-05-01 09:02:40+00:00,1777626160000,33013,25.3604,41.95203,1003.63,48825
20260430-235226,-OrXlgIsHO84qXgtfeDY,2026-05-01 09:02:50+00:00,1777626170000,33023,25.36008,41.90514,1003.62,49025
20260430-235226,-OrXlik6DGU950hBMtDi,2026-05-01 09:03:00+00:00,1777626180000,33033,25.35976,41.88754,1003.63,49025
20260430-235226,-OrXllBQPnDm0n3V1M22,2026-05-01 09:03:10+00:00,1777626190000,33043,25.35818,41.94006,1003.62,49112
20260430-235226,-OrXlnclbqTrWZLseb7b,2026-05-01 09:03:20+00:00,1777626200000,33053,25.35754,41.99272,1003.60999,49256
20260430-235226,-OrXlq3qivoLs8mCEsG4,2026-05-01 09:03:30+00:00,1777626210000,33063,25.35723,42.03955,1003.60999,49401
20260430-235226,-OrXlsWE2GlSaozpeMD3,2026-05-01 09:03:40+00:00,1777626220000,33073,25.35564,42.06867,1003.62,49372
20260430-235226,-OrXluxUFNeP2S09ItmM,2026-05-01 09:03:50+00:00,1777626230000,33083,25.35437,42.03337,1003.60999,49489
20260430-235226,-OrXlxObO8n9sZAbBNFx,2026-05-01 09:04:00+00:00,1777626240000,33093,25.35374,41.99229,1003.60999,49401
20260430-235226,-OrXlzq-UtZ6K5ZadUN9,2026-05-01 09:04:10+00:00,1777626250000,33103,25.35342,42.00983,1003.60999,49606
20260430-235226,-OrXm1oOrOmxg2NqqRBE,2026-05-01 09:04:20+00:00,1777626260000,33113,25.35247,41.99801,1003.62,49372
20260430-235226,-OrXm3iZR0baR5TQF6wZ,2026-05-01 09:04:30+00:00,1777626270000,33123,25.35342,42.01568,1003.60999,49431
20260430-235226,-OrXm69f0jBh3uJLIlMw,2026-05-01 09:04:40+00:00,1777626280000,33133,25.35216,42.01554,1003.60999,49636
20260430-235226,-OrXm8b2QwDz8mR9CtMW,2026-05-01 09:04:50+00:00,1777626290000,33143,25.35216,42.06243,1003.60999,49695
20260430-235226,-OrXmB27LtedEqq8rmQf,2026-05-01 09:05:00+00:00,1777626300000,33153,25.35342,42.06843,1003.60999,49460
20260430-235226,-OrXmDUXy9v3bmtaLqPr,2026-05-01 09:05:10+00:00,1777626310000,33163,25.35374,42.03916,1003.60999,49842
20260430-235226,-OrXmFvvvLOvz5cfu8Uy,2026-05-01 09:05:20+00:00,1777626320000,33173,25.35311,41.99222,1003.60999,50021
20260430-235226,-OrXmIMpxt4VkaTx83Pi,2026-05-01 09:05:30+00:00,1777626330000,33183,25.35216,41.99797,1003.62,49577
20260430-235226,-OrXmKo9xQfQ5z6OkrpX,2026-05-01 09:05:40+00:00,1777626340000,33193,25.35216,42.04485,1003.60999,49401
20260430-235226,-OrXmNFnwzghfSdlPjdR,2026-05-01 09:05:50+00:00,1777626350000,33203,25.35184,42.09169,1003.59003,49636
20260430-235226,-OrXmPgmPgObTLnRJbXt,2026-05-01 09:06:00+00:00,1777626360000,33213,25.35184,42.06239,1003.59998,49548
20260430-235226,-OrXmS7l1cACUOZmGUZg,2026-05-01 09:06:10+00:00,1777626370000,33223,25.35247,42.00386,1003.60999,49577
20260430-235226,-OrXmU_8w4C2ursX14iU,2026-05-01 09:06:20+00:00,1777626380000,33233,25.35247,42.00972,1003.62,49577
20260430-235226,-OrXmX0QmlY8mJpgRfNo,2026-05-01 09:06:30+00:00,1777626390000,33243,25.35247,41.99801,1003.63,49577
20260430-235226,-OrXmZScXbv0whF5dGDc,2026-05-01 09:06:40+00:00,1777626400000,33253,25.35184,41.95693,1003.62,49548
20260430-235226,-OrXmatq5UbZID9ly6rm,2026-05-01 09:06:50+00:00,1777626410000,33263,25.35184,41.86909,1003.62,49665
20260430-235226,-OrXmdLB4Y9YDJlJrtYF,2026-05-01 09:07:00+00:00,1777626420000,33273,25.35184,41.89251,1003.60999,50021
20260430-235226,-OrXmfmLTG7P1ft_2SJa,2026-05-01 09:07:10+00:00,1777626430000,33283,25.35247,41.91015,1003.62,49813
20260430-235226,-OrXmiDUy1BDX5P_lgPp,2026-05-01 09:07:20+00:00,1777626440000,33293,25.35184,41.92764,1003.60999,49754
20260430-235226,-OrXmkqUATAVNhC8TAZr,2026-05-01 09:07:30+00:00,1777626450000,33303,25.35311,41.91022,1003.60999,49548
20260430-235226,-OrXmn6CTkhUV9aK5axg,2026-05-01 09:07:40+00:00,1777626460000,33313,25.35311,41.86924,1003.60999,49902
20260430-235226,-OrXmpYHDVVtS7VSZ9kr,2026-05-01 09:07:50+00:00,1777626470000,33323,25.35279,41.80482,1003.60999,49724
20260430-235226,-OrXmrzjSb5y_NLNLiAt,2026-05-01 09:08:00+00:00,1777626480000,33333,25.35279,41.82237,1003.60999,49872
20260430-235226,-OrXmuQqno9Qg2VUFW4r,2026-05-01 09:08:10+00:00,1777626490000,33343,25.35279,41.89261,1003.60999,49872
20260430-235226,-OrXmws8mEHf4k8vO8PY,2026-05-01 09:08:20+00:00,1777626500000,33353,25.35311,41.95707,1003.62,49842
20260430-235226,-OrXmzJK64BDykAyvKAS,2026-05-01 09:08:30+00:00,1777626510000,33363,25.35311,41.99808,1003.60999,49932
20260430-235226,-OrXn0kcciU-OcIWQETc,2026-05-01 09:08:40+00:00,1777626520000,33373,25.35279,42.05078,1003.60999,49872
20260430-235226,-OrXn3Bro2yY2b1YQ5M6,2026-05-01 09:08:50+00:00,1777626530000,33383,25.35437,42.10371,1003.62,49961
20260430-235226,-OrXn5dJjJC85gS-XZXI,2026-05-01 09:09:00+00:00,1777626540000,33393,25.35437,42.1213,1003.60999,49961
20260430-235226,-OrXn84Yxa2xFAyK-c-0,2026-05-01 09:09:10+00:00,1777626550000,33403,25.35437,42.11543,1003.60999,49754
20260430-235226,-OrXnAWTxwPDJdZWJ5m5,2026-05-01 09:09:20+00:00,1777626560000,33413,25.35311,42.03323,1003.62,49961
20260430-235226,-OrXnCxqAvWQHAnq8xiz,2026-05-01 09:09:30+00:00,1777626570000,33423,25.35247,42.03316,1003.62,49932
20260430-235226,-OrXnFPJlG2p2eDyjoGT,2026-05-01 09:09:40+00:00,1777626580000,33433,25.35216,42.03312,1003.60999,49783
20260430-235226,-OrXnHqCM8eJXhtlRu_V,2026-05-01 09:09:50+00:00,1777626590000,33443,25.35121,42.04474,1003.60999,50021
20260430-235226,-OrXnKHVF8j5QfMMtL_b,2026-05-01 09:10:00+00:00,1777626600000,33453,25.35025,42.01534,1003.60999,50081
20260430-235226,-OrXnMiifxJidqosjprn,2026-05-01 09:10:10+00:00,1777626610000,33463,25.35121,42.01544,1003.59998,49872
20260430-235226,-OrXnP9zgqJmAwxO8qvo,2026-05-01 09:10:20+00:00,1777626620000,33473,25.35152,42.06236,1003.59998,49783
20260430-235226,-OrXnRbJQ9xLT8-iOfQf,2026-05-01 09:10:30+00:00,1777626630000,33483,25.35089,42.06814,1003.59003,49695
20260430-235226,-OrXnUESLlgIB7ovDNJp,2026-05-01 09:10:40+00:00,1777626640000,33493,25.35025,42.12083,1003.57001,49783
20260430-235226,-OrXnWUnVwz_fpZHcgGA,2026-05-01 09:10:50+00:00,1777626650000,33503,25.34962,42.13249,1003.58002,50111
20260430-235226,-OrXnYvygqT96cSi6uv6,2026-05-01 09:11:00+00:00,1777626660000,33513,25.34867,42.10307,1003.58002,49991
20260430-235226,-OrXnaNHH8KMNQ4BNJ-k,2026-05-01 09:11:10+00:00,1777626670000,33523,25.34835,42.10303,1003.58002,49754
20260430-235226,-OrXncoOrsw04prI1ukg,2026-05-01 09:11:20+00:00,1777626680000,33533,25.34804,42.07955,1003.57001,49724
20260430-235226,-OrXnfFoR7RziRYhOIe4,2026-05-01 09:11:30+00:00,1777626690000,33543,25.34804,42.00337,1003.58002,49665
20260430-235226,-OrXnhgwhDSxdnzhIiFF,2026-05-01 09:11:40+00:00,1777626700000,33553,25.34772,41.99747,1003.58002,50081
20260430-235226,-OrXnk8CNXc2yavyv8LH,2026-05-01 09:11:50+00:00,1777626710000,33563,25.3474,42.03259,1003.57001,49991
20260430-235226,-OrXnm_XROv0h7cssQlv,2026-05-01 09:12:00+00:00,1777626720000,33573,25.34582,41.98554,1003.57001,50021
20260430-235226,-OrXnp0ftFc_xEaoBorO,2026-05-01 09:12:10+00:00,1777626730000,33583,25.34487,42.02059,1003.58002,49842
20260430-235226,-OrXnrSwIr7EaczG4WYD,2026-05-01 09:12:20+00:00,1777626740000,33593,25.34296,42.07312,1003.57001,50201
20260430-235226,-OrXntuEFCmUjm3qP72S,2026-05-01 09:12:30+00:00,1777626750000,33603,25.34328,42.11418,1003.57001,49872
20260430-235226,-OrXnwLP8LYhFw5QTthB,2026-05-01 09:12:40+00:00,1777626760000,33613,25.34296,42.12588,1003.57001,49932
20260430-235226,-OrXnymdjZCeDY71NMsx,2026-05-01 09:12:50+00:00,1777626770000,33623,25.34296,42.02624,1003.57001,50111
20260430-235226,-OrXo0E5Sa2ajpXnEcT1,2026-05-01 09:13:00+00:00,1777626780000,33633,25.34233,42.01444,1003.57001,50201
20260430-235226,-OrXo2f88XUXPjpn_Nxv,2026-05-01 09:13:10+00:00,1777626790000,33643,25.34296,42.0028,1003.57001,50141
20260430-235226,-OrXo56QNip4fVlgfsp5,2026-05-01 09:13:20+00:00,1777626800000,33653,25.34296,41.98523,1003.56,50322
20260430-235226,-OrXo7Z2cFz21iqxmZeM,2026-05-01 09:13:30+00:00,1777626810000,33663,25.34296,41.98523,1003.56,50171
20260430-235226,-OrXo9zuA4FWluJNlvPJ,2026-05-01 09:13:40+00:00,1777626820000,33673,25.34296,41.98523,1003.54999,50111
20260430-235226,-OrXoC_Uy2ckowWgGHkz,2026-05-01 09:13:50+00:00,1777626830000,33683,25.34265,41.9559,1003.54999,50231
20260430-235226,-OrXoEsTAfUQayz3rkRq,2026-05-01 09:14:00+00:00,1777626840000,33693,25.34106,41.98501,1003.54999,50412
20260430-235226,-OrXoHJf-GkYWtxCvBju,2026-05-01 09:14:10+00:00,1777626850000,33703,25.34075,41.97326,1003.54999,50261
20260430-235226,-OrXoJkymeJaxCGhJQTZ,2026-05-01 09:14:20+00:00,1777626860000,33713,25.34075,41.93812,1003.56,50081
20260430-235226,-OrXoMCAVmdmg19BsnOL,2026-05-01 09:14:30+00:00,1777626870000,33723,25.34075,41.97911,1003.56,50322
20260430-235226,-OrXoOdPcPH7OvCnvgRW,2026-05-01 09:14:40+00:00,1777626880000,33733,25.34106,41.99086,1003.58002,50322
20260430-235226,-OrXoR4iT5kXPuEpKV6i,2026-05-01 09:14:50+00:00,1777626890000,33743,25.33979,41.97901,1003.59003,50171
20260430-235226,-OrXoTWvu8kFSx2rug3Y,2026-05-01 09:15:00+00:00,1777626900000,33753,25.33916,41.94379,1003.59998,50141
20260430-235226,-OrXoVyETTDPSGoeCwab,2026-05-01 09:15:10+00:00,1777626910000,33763,25.33789,41.95536,1003.60999,49991
20260430-235226,-OrXoYPKqwnyBiATZLos,2026-05-01 09:15:20+00:00,1777626920000,33773,25.33758,42.03735,1003.59998,50291
20260430-235226,-OrXo_qaMrbRyFFOIJOr,2026-05-01 09:15:30+00:00,1777626930000,33783,25.33789,42.03738,1003.60999,50322
20260430-235226,-OrXocHtFP3I0hCkd-Uq,2026-05-01 09:15:40+00:00,1777626940000,33793,25.33789,42.06083,1003.60999,50261
20260430-235226,-OrXoejQRUpOW6wGAniv,2026-05-01 09:15:50+00:00,1777626950000,33803,25.33758,42.07251,1003.59998,50141
20260430-235226,-OrXohAP6AF2rcdBWBjG,2026-05-01 09:16:00+00:00,1777626960000,33813,25.33821,42.04914,1003.59998,50322
20260430-235226,-OrXojbjgbUuy6NyBakL,2026-05-01 09:16:10+00:00,1777626970000,33823,25.33789,41.95536,1003.59998,50352
20260430-235226,-OrXom34hAtDemvoTsbl,2026-05-01 09:16:20+00:00,1777626980000,33833,25.33789,41.91437,1003.60999,50231
20260430-235226,-OrXooV86kfkDPVuHULL,2026-05-01 09:16:30+00:00,1777626990000,33843,25.33853,41.93201,1003.60999,50291
20260430-235226,-OrXoqwNg3nlxmbHiTiu,2026-05-01 09:16:40+00:00,1777627000000,33853,25.33884,41.92619,1003.59998,50443
20260430-235226,-OrXotNaLYXYNLZ5DE3r,2026-05-01 09:16:50+00:00,1777627010000,33863,25.33916,41.93793,1003.59998,50443
20260430-235226,-OrXowLlr3BGUZwUuanV,2026-05-01 09:17:00+00:00,1777627020000,33873,25.33948,41.99069,1003.60999,50322
20260430-235226,-OrXoyG5jXqzDfhUCEa3,2026-05-01 09:17:10+00:00,1777627030000,33883,25.33853,42.01402,1003.59998,50261
20260430-235226,-OrXp-hTT7DVQEZelbhX,2026-05-01 09:17:20+00:00,1777627040000,33893,25.33789,41.98465,1003.59998,50322
20260430-235226,-OrXp28hTENf6QBwiseD,2026-05-01 09:17:30+00:00,1777627050000,33903,25.33758,41.98462,1003.59998,50565
20260430-235226,-OrXp4_pArjnv7R86pT1,2026-05-01 09:17:40+00:00,1777627060000,33913,25.33663,41.96108,1003.59998,50352
20260430-235226,-OrXp71E-ETZgpw4rsOF,2026-05-01 09:17:50+00:00,1777627070000,33923,25.33599,41.99615,1003.60999,50412
20260430-235226,-OrXp9TNpemklwBYl62p,2026-05-01 09:18:00+00:00,1777627080000,33933,25.33631,42.03135,1003.60999,50412
20260430-235226,-OrXpBufvj3OIHf-41vY,2026-05-01 09:18:10+00:00,1777627090000,33943,25.33567,41.97855,1003.59003,50443
20260430-235226,-OrXpELoTaa2veqHmXca,2026-05-01 09:18:20+00:00,1777627100000,33953,25.33631,41.98448,1003.59003,50291
20260430-235226,-OrXpGn8yEwsrVVqA5_Q,2026-05-01 09:18:30+00:00,1777627110000,33963,25.33694,41.97869,1003.59003,50231
20260430-235226,-OrXpJERQTXCPSBBcoMQ,2026-05-01 09:18:40+00:00,1777627120000,33973,25.33726,42.00801,1003.59998,50352
20260430-235226,-OrXpLfiUBcAQPzhcZic,2026-05-01 09:18:50+00:00,1777627130000,33983,25.33694,42.01384,1003.60999,50322
20260430-235226,-OrXpO6nAq5ngtyBEE0d,2026-05-01 09:19:00+00:00,1777627140000,33993,25.33694,41.96112,1003.62,50171
20260430-235226,-OrXpQZErO9DpB7rG_lf,2026-05-01 09:19:10+00:00,1777627150000,34003,25.33599,41.94343,1003.62,50261
20260430-235226,-OrXpT-Xdhuny96VF1N6,2026-05-01 09:19:20+00:00,1777627160000,34013,25.33599,41.93758,1003.62,50565
20260430-235226,-OrXpVRjY1UvmaFFZRvI,2026-05-01 09:19:30+00:00,1777627170000,34023,25.33536,41.90238,1003.62,50687
20260430-235226,-OrXpXsqjcZL9NsAXjUz,2026-05-01 09:19:40+00:00,1777627180000,34033,25.33472,41.91987,1003.62,50534
20260430-235226,-OrXp_K80BGyCSgMM4N4,2026-05-01 09:19:50+00:00,1777627190000,34043,25.33377,41.97247,1003.63,50412
20260430-235226,-OrXpblV0j7a-qCuRlMG,2026-05-01 09:20:00+00:00,1777627200000,34053,25.33346,42.03102,1003.63,50504
20260430-235226,-OrXpeGt6sJFuQPAup_i,2026-05-01 09:20:10+00:00,1777627210000,34063,25.33282,41.9548,1003.64001,50382
20260430-235226,-OrXpgdvK82A3qew-esX,2026-05-01 09:20:20+00:00,1777627220000,34073,25.33251,41.94891,1003.64001,50779
20260430-235226,-OrXpj54reSQzrAaPsyc,2026-05-01 09:20:30+00:00,1777627230000,34083,25.33314,41.94898,1003.64001,50565
20260430-235226,-OrXplXPBR0fl4XHCUyz,2026-05-01 09:20:40+00:00,1777627240000,34093,25.33282,42.03095,1003.65002,50443
20260430-235226,-OrXpnyWUrM7P1qZj-sY,2026-05-01 09:20:50+00:00,1777627250000,34103,25.33346,42.11308,1003.65002,50473
20260430-235226,-OrXpqPnIRCI2QWqr1BC,2026-05-01 09:21:00+00:00,1777627260000,34113,25.33314,42.07788,1003.64001,50810
20260430-235226,-OrXpsrFf6NlIQOUMWiY,2026-05-01 09:21:10+00:00,1777627270000,34123,25.33282,42.00751,1003.64001,50412
20260430-235226,-OrXpvIRbLz7CsdLfN1Q,2026-05-01 09:21:20+00:00,1777627280000,34133,25.33314,41.94898,1003.64001,50656
20260430-235226,-OrXpxjSdeQUKFtFKUVg,2026-05-01 09:21:30+00:00,1777627290000,34143,25.33219,41.95472,1003.63,50656
20260430-235226,-OrXq-Am2FheBUKS6WQV,2026-05-01 09:21:40+00:00,1777627300000,34153,25.33251,42.04264,1003.63,50412
20260430-235226,-OrXq1c-oF87NLFpwjZ5,2026-05-01 09:21:50+00:00,1777627310000,34163,25.33187,42.07773,1003.62,50565
20260430-235226,-OrXq43JSbNjAZ4RaGKC,2026-05-01 09:22:00+00:00,1777627320000,34173,25.33124,42.0718,1003.63,50656
20260430-235226,-OrXq6VaZoqy3Sqduiaf,2026-05-01 09:22:10+00:00,1777627330000,34183,25.3306,42.07759,1003.62,50504
20260430-235226,-OrXq8whWy1zdObcPeg_,2026-05-01 09:22:20+00:00,1777627340000,34193,25.33092,42.08348,1003.62,50504
20260430-235226,-OrXqBO6Q25yugrW9baP,2026-05-01 09:22:30+00:00,1777627350000,34203,25.33124,42.0425,1003.63,50718
20260430-235226,-OrXqDpE6wWokmnfjbo0,2026-05-01 09:22:40+00:00,1777627360000,34213,25.33124,42.07766,1003.63,50412
20260430-235226,-OrXqGGTjcFKOWNS9r_x,2026-05-01 09:22:50+00:00,1777627370000,34223,25.3306,42.04243,1003.63,50595
20260430-235226,-OrXqIjEJ-08q1J_viPD,2026-05-01 09:23:00+00:00,1777627380000,34233,25.32997,42.06579,1003.63,50656
20260430-235226,-OrXqL93QKJHSmlfCd2G,2026-05-01 09:23:10+00:00,1777627390000,34243,25.32933,42.08917,1003.63,50656
20260430-235226,-OrXqNzZ_2dBpGw1vxIE,2026-05-01 09:23:20+00:00,1777627400000,34253,25.32902,42.06569,1003.63,50443
20260430-235226,-OrXqQ1ZUt4kWk3X6VRn,2026-05-01 09:23:30+00:00,1777627410000,34263,25.32775,42.05382,1003.63,50504
20260430-235226,-OrXqSTn5csI8FWJ5Lsa,2026-05-01 09:23:40+00:00,1777627420000,34273,25.3268,42.05958,1003.62,50565
20260430-235226,-OrXqUvsnLD6_6JRS8sF,2026-05-01 09:23:50+00:00,1777627430000,34283,25.32426,42.10619,1003.63,50626
20260430-235226,-OrXqXMNMIYzrvPlXRPc,2026-05-01 09:24:00+00:00,1777627440000,34293,25.323,42.12363,1003.63,50534
20260430-235226,-OrXqZnlDtkhrYHmqbM-,2026-05-01 09:24:10+00:00,1777627450000,34303,25.32268,42.1236,1003.64001,50534
20260430-235226,-OrXqbEpBgI-BrDkyNKi,2026-05-01 09:24:20+00:00,1777627460000,34313,25.32205,42.08249,1003.63,50504
20260430-235226,-OrXqdg0Oa_2HIIl8Ygu,2026-05-01 09:24:30+00:00,1777627470000,34323,25.32205,42.05905,1003.63,50626
20260430-235226,-OrXqg7DViuFcD9dP4qk,2026-05-01 09:24:40+00:00,1777627480000,34333,25.32268,42.05912,1003.63,50565
20260430-235226,-OrXqiZfeioKJxpx4ySu,2026-05-01 09:24:50+00:00,1777627490000,34343,25.32268,42.00052,1003.62,50779
20260430-235226,-OrXql-pM9CykUrFpJZu,2026-05-01 09:25:00+00:00,1777627500000,34353,25.323,41.98884,1003.62,50626
20260430-235226,-OrXqnRy2HHlkh5cgYjm,2026-05-01 09:25:10+00:00,1777627510000,34363,25.32205,42.02389,1003.62,50626
20260430-235226,-OrXqptU__B9NNHQiUOo,2026-05-01 09:25:20+00:00,1777627520000,34373,25.32268,42.04154,1003.60999,50718
20260430-235226,-OrXqsKgS62vPdlMgCFG,2026-05-01 09:25:30+00:00,1777627530000,34383,25.32268,42.02982,1003.59998,50626
20260430-235226,-OrXquljx1C-NfNonv1w,2026-05-01 09:25:40+00:00,1777627540000,34393,25.323,42.0826,1003.59998,50687
20260430-235226,-OrXqxCuAMtAwbUBk32g,2026-05-01 09:25:50+00:00,1777627550000,34403,25.32331,42.06505,1003.59003,50810
20260430-235226,-OrXqzeHKmpcAjcw0SZ8,2026-05-01 09:26:00+00:00,1777627560000,34413,25.32331,42.07677,1003.59003,50810
20260430-235226,-OrXr15dQvL9U2td4XJ9,2026-05-01 09:26:10+00:00,1777627570000,34423,25.323,42.03571,1003.59998,50504
20260430-235226,-OrXr3Xkrpq9W4L7jkgt,2026-05-01 09:26:20+00:00,1777627580000,34433,25.32395,42.00652,1003.58002,50748
20260430-235226,-OrXr6338-L05ie3No4L,2026-05-01 09:26:30+00:00,1777627590000,34443,25.32363,42.00063,1003.58002,50718
20260430-235226,-OrXr8QDAb31z05cAd3m,2026-05-01 09:26:40+00:00,1777627600000,34453,25.32331,42.01231,1003.57001,50656
20260430-235226,-OrXrArTuJQorcEC_Rcr,2026-05-01 09:26:50+00:00,1777627610000,34463,25.32205,42.05905,1003.57001,50748
20260430-235226,-OrXrDIraRoO1L9mq1er,2026-05-01 09:27:00+00:00,1777627620000,34473,25.32173,42.11176,1003.54999,50534
20260430-235226,-OrXrFjy64wKUoD1Sy-h,2026-05-01 09:27:10+00:00,1777627630000,34483,25.32173,42.12349,1003.57001,50626
20260430-235226,-OrXrIBAUkQGRvs77Zph,2026-05-01 09:27:20+00:00,1777627640000,34493,25.32173,42.15281,1003.57001,50872
20260430-235226,-OrXrKcQsi7NwHvHRCCV,2026-05-01 09:27:30+00:00,1777627650000,34503,25.32078,42.06477,1003.56,50626
20260430-235226,-OrXrN3g216gig82DOaH,2026-05-01 09:27:40+00:00,1777627660000,34513,25.31983,41.99435,1003.54999,50779
20260430-235226,-OrXrPW8fjZ92aq4J5qB,2026-05-01 09:27:50+00:00,1777627670000,34523,25.32014,41.99438,1003.54999,50841
20260430-235226,-OrXrRxCYkiuMdoICc_7,2026-05-01 09:28:00+00:00,1777627680000,34533,25.32078,42.00031,1003.53998,50810
20260430-235226,-OrXrUOWW8KNQPnIViHF,2026-05-01 09:28:10+00:00,1777627690000,34543,25.32014,42.01196,1003.53998,50810
20260430-235226,-OrXrWpu1UMOGfbPFYk8,2026-05-01 09:28:20+00:00,1777627700000,34553,25.32046,41.99441,1003.53998,50779
20260430-235226,-OrXrZGvOzdwBwJhdz-x,2026-05-01 09:28:30+00:00,1777627710000,34563,25.32014,42.03539,1003.53003,50810
20260430-235226,-OrXraiGmyeXpgWIiz_M,2026-05-01 09:28:40+00:00,1777627720000,34573,25.32046,42.04715,1003.53003,50872
20260430-235226,-OrXrd9j_1YFnRrKl9rm,2026-05-01 09:28:50+00:00,1777627730000,34583,25.31983,42.00607,1003.53003,50748
20260430-235226,-OrXrfarQ9ZiEZLTWPKk,2026-05-01 09:29:00+00:00,1777627740000,34593,25.31983,42.02364,1003.53003,50934
20260430-235226,-OrXri27WW1Ty-aOGSeD,2026-05-01 09:29:10+00:00,1777627750000,34603,25.31951,42.01774,1003.52002,50903
20260430-235226,-OrXrkUWDdHyWu02Lyc6,2026-05-01 09:29:20+00:00,1777627760000,34613,25.31856,42.02936,1003.52002,50748
20260430-235226,-OrXrmvQ2lGK4Yiq8NhM,2026-05-01 09:29:30+00:00,1777627770000,34623,25.31729,42.07023,1003.51001,50903
20260430-235226,-OrXrponfqRj3gthMfCp,2026-05-01 09:29:40+00:00,1777627780000,34633,25.31697,42.09951,1003.52002,50656
20260430-235226,-OrXrro-C8XE5ZhQSfeW,2026-05-01 09:29:50+00:00,1777627790000,34643,25.31602,42.11699,1003.52002,50872
20260430-235226,-OrXruFCIM3Aq0y35Kne,2026-05-01 09:30:00+00:00,1777627800000,34653,25.31571,42.12282,1003.52002,50810
20260430-235226,-OrXrwgWw25mpQBY4jZJ,2026-05-01 09:30:10+00:00,1777627810000,34663,25.31476,42.09926,1003.52002,50841
20260430-235226,-OrXrz7ppH16AX2xVbcV,2026-05-01 09:30:20+00:00,1777627820000,34673,25.31539,42.11105,1003.52002,50934
20260430-235226,-OrXs0ZtZ2KAxSW1hjKd,2026-05-01 09:30:30+00:00,1777627830000,34683,25.31444,42.07577,1003.51001,51120
20260430-235226,-OrXs30CgZ0cdmUWYC3P,2026-05-01 09:30:40+00:00,1777627840000,34693,25.31412,42.01714,1003.51001,50903
20260430-235226,-OrXs5SY6gHLqCIYRZEJ,2026-05-01 09:30:50+00:00,1777627850000,34703,25.31412,42.023,1003.51001,50903
20260430-235226,-OrXs7tfreOuIStMFMru,2026-05-01 09:31:00+00:00,1777627860000,34713,25.31412,42.06401,1003.51001,50810
20260430-235226,-OrXsAQ5Z8roP_AK5OIQ,2026-05-01 09:31:10+00:00,1777627870000,34723,25.31412,42.13436,1003.5,51027
20260430-235226,-OrXsCm5xEEVlWx3zWyz,2026-05-01 09:31:20+00:00,1777627880000,34733,25.31285,42.14008,1003.52002,50779
20260430-235226,-OrXsFDRfNjmgpqfcgu2,2026-05-01 09:31:30+00:00,1777627890000,34743,25.31254,42.09901,1003.52002,50779
20260430-235226,-OrXsHeg_Rq09hfCasS0,2026-05-01 09:31:40+00:00,1777627900000,34753,25.3138,42.01711,1003.52002,51058
20260430-235226,-OrXsK5wgeWcZz1RTq6x,2026-05-01 09:31:50+00:00,1777627910000,34763,25.3138,42.01711,1003.53003,51089
20260430-235226,-OrXsMYCVTF3fxPxDl5t,2026-05-01 09:32:00+00:00,1777627920000,34773,25.31412,42.01128,1003.52002,50934
20260430-235226,-OrXsOzYU_eoa8rVu6jJ,2026-05-01 09:32:10+00:00,1777627930000,34783,25.31317,42.04633,1003.53003,50996
20260430-235226,-OrXsRQlnkwbULTO7VqH,2026-05-01 09:32:20+00:00,1777627940000,34793,25.31222,42.10484,1003.53003,50841
20260430-235226,-OrXsTrredueF01gw66U,2026-05-01 09:32:30+00:00,1777627950000,34803,25.31349,42.08154,1003.53003,50934
20260430-235226,-OrXsWJI9mg-zzFiRL_S,2026-05-01 09:32:40+00:00,1777627960000,34813,25.31285,42.01113,1003.53998,50996
20260430-235226,-OrXsYrWw0A4cP4QduDg,2026-05-01 09:32:50+00:00,1777627970000,34823,25.31222,42.07553,1003.53998,50996
20260430-235226,-OrXsaBgC537RTjJiwtE,2026-05-01 09:33:00+00:00,1777627980000,34833,25.31317,42.12252,1003.53998,50748
20260430-235226,-OrXscd-3D60qh4c0vhI,2026-05-01 09:33:10+00:00,1777627990000,34843,25.31317,42.08735,1003.53998,50810
20260430-235226,-OrXsf46rC1T7IIOhcXi,2026-05-01 09:33:20+00:00,1777628000000,34853,25.31285,42.09317,1003.53003,50965
20260430-235226,-OrXshWM9HJyipOdHfBF,2026-05-01 09:33:30+00:00,1777628010000,34863,25.31127,42.12819,1003.53003,51151
20260430-235226,-OrXsjxoMTsX3oGKZhWr,2026-05-01 09:33:40+00:00,1777628020000,34873,25.31222,42.13415,1003.53998,51151
20260430-235226,-OrXsmOplVm1NAABOKvs,2026-05-01 09:33:50+00:00,1777628030000,34883,25.31222,42.08725,1003.53998,51120
20260430-235226,-OrXsoq6QXagveJJCtnP,2026-05-01 09:34:00+00:00,1777628040000,34893,25.31317,41.97602,1003.53998,51089
20260430-235226,-OrXsrHR7NlJqDQdFTVd,2026-05-01 09:34:10+00:00,1777628050000,34903,25.31254,41.96424,1003.53003,50965
20260430-235226,-OrXstihI9TooHqvkov9,2026-05-01 09:34:20+00:00,1777628060000,34913,25.31222,42.04036,1003.53003,51183
20260430-235226,-OrXsw9vGBYQE8oq-lLp,2026-05-01 09:34:30+00:00,1777628070000,34923,25.3119,42.09308,1003.53003,50934
20260430-235226,-OrXsyb6v3WyYitXyRcT,2026-05-01 09:34:40+00:00,1777628080000,34933,25.31127,42.10473,1003.53003,51089
20260430-235226,-OrXt02MtwuqGmTBhurA,2026-05-01 09:34:50+00:00,1777628090000,34943,25.31032,42.13393,1003.52002,51151
20260430-235226,-OrXt2UgKcEjhzSsG_g6,2026-05-01 09:35:00+00:00,1777628100000,34953,25.30937,42.1221,1003.52002,51058
20260430-235226,-OrXt4vihzSt2YbHu7C5,2026-05-01 09:35:10+00:00,1777628110000,34963,25.30842,42.13372,1003.52002,50965
20260430-235226,-OrXt7N6czouxwcR71ib,2026-05-01 09:35:20+00:00,1777628120000,34973,25.30715,42.10426,1003.53003,51089
20260430-235226,-OrXt9oKaiOq51rWAib6,2026-05-01 09:35:30+00:00,1777628130000,34983,25.3062,42.1452,1003.53003,50996
20260430-235226,-OrXtCFaqJqpQJ9juJ1t,2026-05-01 09:35:40+00:00,1777628140000,34993,25.30556,42.08064,1003.53003,51027
20260430-235226,-OrXtEnj7Wl-Z00kyw0N,2026-05-01 09:35:50+00:00,1777628150000,35003,25.3062,42.03969,1003.53003,51027
20260430-235226,-OrXtHVC6De4Io98mVfL,2026-05-01 09:36:00+00:00,1777628160000,35013,25.30525,42.06303,1003.53998,51245
20260430-235226,-OrXtJ_LO-JeihBk6Bme,2026-05-01 09:36:10+00:00,1777628170000,35023,25.30588,42.08654,1003.53998,51027
20260430-235226,-OrXtM0cTxbZehn-W6LS,2026-05-01 09:36:20+00:00,1777628180000,35033,25.30525,42.1275,1003.54999,50872
20260430-235226,-OrXtOSvZH9n3jrfCMq3,2026-05-01 09:36:30+00:00,1777628190000,35043,25.30493,42.11574,1003.53998,51027
20260430-235226,-OrXtQu83r7Fg0_1zIyH,2026-05-01 09:36:40+00:00,1777628200000,35053,25.30462,42.13916,1003.53998,50903
20260430-235226,-OrXtTLIjCZHRR1C-WFJ,2026-05-01 09:36:50+00:00,1777628210000,35063,25.30556,42.10408,1003.54999,51151
20260430-235226,-OrXtVmlPzFvVxxj-p6M,2026-05-01 09:37:00+00:00,1777628220000,35073,25.30525,42.08061,1003.54999,51058
20260430-235226,-OrXtYDpazdlDIn3e7yN,2026-05-01 09:37:10+00:00,1777628230000,35083,25.30525,42.10405,1003.56,51245
20260430-235226,-OrXt_fDhh4YzSvJderf,2026-05-01 09:37:20+00:00,1777628240000,35093,25.30525,42.08061,1003.54999,51434
20260430-235226,-OrXtc6UZfN6Pt3aQuVS,2026-05-01 09:37:30+00:00,1777628250000,35103,25.3043,42.06878,1003.56,51277
20260430-235226,-OrXteYXTuVn99lcIo8b,2026-05-01 09:37:40+00:00,1777628260000,35113,25.30366,42.10973,1003.56,51214
20260430-235226,-OrXtgziKViGl40-Zo6O,2026-05-01 09:37:50+00:00,1777628270000,35123,25.30398,42.14496,1003.56,51245
20260430-235226,-OrXtjRFHZdQfQRN8Zch,2026-05-01 09:38:00+00:00,1777628280000,35133,25.30335,42.09211,1003.57001,51277
20260430-235226,-OrXtlsJDupiQewbt4HZ,2026-05-01 09:38:10+00:00,1777628290000,35143,25.30303,42.04519,1003.57001,51151
20260430-235226,-OrXtoJTmwSX6txz5Qed,2026-05-01 09:38:20+00:00,1777628300000,35153,25.30303,42.11552,1003.57001,51214
20260430-235226,-OrXtqkpOzyV9dB_LoN4,2026-05-01 09:38:30+00:00,1777628310000,35163,25.30398,42.06874,1003.57001,51183
20260430-235226,-OrXttC4uG9o4EWoDfBT,2026-05-01 09:38:40+00:00,1777628320000,35173,25.30462,42.03951,1003.56,51214
20260430-235226,-OrXtvdH6HhHQ1fIt5jW,2026-05-01 09:38:50+00:00,1777628330000,35183,25.30398,42.04531,1003.56,51058
20260430-235226,-OrXty4bqVJZF-h8oOsx,2026-05-01 09:39:00+00:00,1777628340000,35193,25.30525,42.08647,1003.56,51151
20260430-235226,-OrXu-aArycecDvDxNGe,2026-05-01 09:39:10+00:00,1777628350000,35203,25.3062,42.10416,1003.56,51183
20260430-235226,-OrXu1y7vSIs2jnGCF_W,2026-05-01 09:39:20+00:00,1777628360000,35213,25.30462,42.15089,1003.56,51089
20260430-235226,-OrXu4PSr19pM6uvBzkC,2026-05-01 09:39:30+00:00,1777628370000,35223,25.30366,42.20942,1003.57001,51058
20260430-235226,-OrXu6qTN1HuKTKDEh4d,2026-05-01 09:39:40+00:00,1777628380000,35233,25.30176,42.21508,1003.56,51183
20260430-235226,-OrXu9HoheI8n1V4M29z,2026-05-01 09:39:50+00:00,1777628390000,35243,25.29986,42.25006,1003.57001,51245
20260430-235226,-OrXuBlU8kSYUYUS3LWs,2026-05-01 09:40:00+00:00,1777628400000,35253,25.29827,42.22054,1003.57001,51214
20260430-235226,-OrXuEADmCX5SwQVgQZV,2026-05-01 09:40:10+00:00,1777628410000,35263,25.29732,42.16766,1003.57001,51089
20260430-235226,-OrXuGbbvDBc9P_kedRp,2026-05-01 09:40:20+00:00,1777628420000,35273,25.29637,42.14409,1003.57001,51183
20260430-235226,-OrXuJ2ncLA_jfCdsCPC,2026-05-01 09:40:30+00:00,1777628430000,35283,25.29669,42.14414,1003.57001,51089
20260430-235226,-OrXuLUz_KqH2kWjhyhw,2026-05-01 09:40:40+00:00,1777628440000,35293,25.29542,42.13227,1003.57001,51089
20260430-235226,-OrXuNwOyFRmXnTWoYDN,2026-05-01 09:40:50+00:00,1777628450000,35303,25.29542,42.1264,1003.56,51214
20260430-235226,-OrXuQNUPLAiNk6k6yRb,2026-05-01 09:41:00+00:00,1777628460000,35313,25.29669,42.03863,1003.57001,51151
20260430-235226,-OrXuSpQHuqGOuK3pRbg,2026-05-01 09:41:10+00:00,1777628470000,35323,25.29732,42.08558,1003.58002,51497
20260430-235226,-OrXuVGEB2PNRimWefQ5,2026-05-01 09:41:20+00:00,1777628480000,35333,25.29701,42.14416,1003.57001,51183
20260430-235226,-OrXuXhIeJ8LLPqrJ9qh,2026-05-01 09:41:30+00:00,1777628490000,35343,25.29669,42.19691,1003.57001,51214
20260430-235226,-OrXu_8Y49fooDLzXOzT,2026-05-01 09:41:40+00:00,1777628500000,35353,25.29701,42.19107,1003.57001,51214
20260430-235226,-OrXub_jFUjUG6AqDBef,2026-05-01 09:41:50+00:00,1777628510000,35363,25.29732,42.20871,1003.58002,51277
20260430-235226,-OrXue0zLsevJ_HVEQ1k,2026-05-01 09:42:00+00:00,1777628520000,35373,25.29669,42.16173,1003.58002,51403
20260430-235226,-OrXugTCG0Dhc2JfBzsd,2026-05-01 09:42:10+00:00,1777628530000,35383,25.29701,42.17935,1003.59003,51529
20260430-235226,-OrXuj6rQ9gNN1OoTjTw,2026-05-01 09:42:20+00:00,1777628540000,35393,25.29669,42.20278,1003.59003,51214
20260430-235226,-OrXulLmsSAzhM229y0k,2026-05-01 09:42:30+00:00,1777628550000,35403,25.29574,42.18507,1003.59003,51308
20260430-235226,-OrXunnIPeE2xunzaXOG,2026-05-01 09:42:40+00:00,1777628560000,35413,25.29479,42.23775,1003.57001,51434
20260430-235226,-OrXuqEGTOik4awgIJNx,2026-05-01 09:42:50+00:00,1777628570000,35423,25.29479,42.22015,1003.57001,51151
20260430-235226,-OrXusfUzUpOMgolyDKJ,2026-05-01 09:43:00+00:00,1777628580000,35433,25.29542,42.14985,1003.58002,51214
20260430-235226,-OrXuv6hTeuoJUzqf9-B,2026-05-01 09:43:10+00:00,1777628590000,35443,25.29606,42.11474,1003.57001,51245
20260430-235226,-OrXuxYvqK_pWAh6ItFb,2026-05-01 09:43:20+00:00,1777628600000,35453,25.29606,42.10888,1003.57001,51434
20260430-235226,-OrXv--C7Vt1Z8ODXUJi,2026-05-01 09:43:30+00:00,1777628610000,35463,25.29701,42.11485,1003.56,51183
20260430-235226,-OrXv1RTAkdWWPpkShig,2026-05-01 09:43:40+00:00,1777628620000,35473,25.29701,42.15002,1003.54999,51466
20260430-235226,-OrXv3tfoAERTpcDJmfw,2026-05-01 09:43:50+00:00,1777628630000,35483,25.29669,42.21451,1003.54999,51340
20260430-235226,-OrXv6Juph8_FIzPXPI3,2026-05-01 09:44:00+00:00,1777628640000,35493,25.29764,42.22635,1003.56,51151
20260430-235226,-OrXv8lGYyovC7IbcR4L,2026-05-01 09:44:10+00:00,1777628650000,35503,25.29859,42.19712,1003.54999,51214
20260430-235226,-OrXvBDvwz9Jb2uZsSbz,2026-05-01 09:44:20+00:00,1777628660000,35513,25.29923,42.18546,1003.53998,51308
20260430-235226,-OrXvDddMCzL6aAyQLzs,2026-05-01 09:44:30+00:00,1777628670000,35523,25.29923,42.1796,1003.54999,51308
20260430-235226,-OrXvG53jMhCg8h7Sj6_,2026-05-01 09:44:40+00:00,1777628680000,35533,25.29859,42.22058,1003.54999,51214
20260430-235226,-OrXvIXCbRjO0JbfTHw7,2026-05-01 09:44:50+00:00,1777628690000,35543,25.29827,42.20295,1003.56,51183
20260430-235226,-OrXvKyWdWaqnoEbQuO7,2026-05-01 09:45:00+00:00,1777628700000,35553,25.29827,42.22641,1003.57001,51151
20260430-235226,-OrXvNPsl3PO2v7YSwqx,2026-05-01 09:45:10+00:00,1777628710000,35563,25.29859,42.14434,1003.58002,51561
20260430-235226,-OrXvPqu39hN5l0c_znc,2026-05-01 09:45:20+00:00,1777628720000,35573,25.29827,42.13258,1003.58002,51529
20260430-235226,-OrXvTRJCFVT8Yz3hXce,2026-05-01 09:45:30+00:00,1777628730000,35583,25.29764,42.1501,1003.57001,51120
20260430-235226,-OrXvUjZtsP5O3S3zEam,2026-05-01 09:45:40+00:00,1777628740000,35593,25.29732,42.16766,1003.58002,51403
20260430-235226,-OrXvXAfK9Q-yTbpqV5R,2026-05-01 09:45:50+00:00,1777628750000,35603,25.29732,42.16766,1003.58002,51308
20260430-235226,-OrXvZc9JBqpJD_BuVse,2026-05-01 09:46:00+00:00,1777628760000,35613,25.29701,42.18521,1003.58002,51214
20260430-235226,-OrXvb37C3i4jAPNghBh,2026-05-01 09:46:10+00:00,1777628770000,35623,25.29637,42.19101,1003.58002,51752
20260430-235226,-OrXvdVTBOkruhOXjdoY,2026-05-01 09:46:20+00:00,1777628780000,35633,25.29701,42.16175,1003.59003,51624
20260430-235226,-OrXvfwsmo1IHrNzCz3h,2026-05-01 09:46:30+00:00,1777628790000,35643,25.29637,42.1265,1003.59003,51120
20260430-235226,-OrXviNpNThwCy5OW2QL,2026-05-01 09:46:40+00:00,1777628800000,35653,25.29606,42.19097,1003.59003,51434
20260430-235226,-OrXvkpNob2GhpnaP84G,2026-05-01 09:46:50+00:00,1777628810000,35663,25.29384,42.27872,1003.59003,51403
20260430-235226,-OrXvnGNDnIeF0HCZe_V,2026-05-01 09:47:00+00:00,1777628820000,35673,25.29225,42.36659,1003.59003,51529
20260430-235226,-OrXvphjwn9qbIMJ1oZm,2026-05-01 09:47:10+00:00,1777628830000,35683,25.29225,42.33137,1003.59003,51371
20260430-235226,-OrXvs8sfFPNPrs9riA4,2026-05-01 09:47:20+00:00,1777628840000,35693,25.29257,42.23751,1003.58002,51497
20260430-235226,-OrXvua6yi6k6mfoThgz,2026-05-01 09:47:30+00:00,1777628850000,35703,25.29193,42.19637,1003.57001,51308
20260430-235226,-OrXvx1ih9rmFGag9PIF,2026-05-01 09:47:40+00:00,1777628860000,35713,25.2913,42.20803,1003.56,51497
20260430-235226,-OrXvzThOTtIdHGlC29E,2026-05-01 09:47:50+00:00,1777628870000,35723,25.29225,42.17295,1003.56,51529
20260430-235226,-OrXw0uuPYKoiSQBsoS-,2026-05-01 09:48:00+00:00,1777628880000,35733,25.29225,42.05571,1003.54999,51434
20260430-235226,-OrXw3M6kk8-PsDBBV9e,2026-05-01 09:48:10+00:00,1777628890000,35743,25.29193,42.07911,1003.54999,51466
20260430-235226,-OrXw5nPFPFPETNcBOqA,2026-05-01 09:48:20+00:00,1777628900000,35753,25.29193,42.09669,1003.53998,51340
20260430-235226,-OrXw8Eh6RV3kbsWhN5d,2026-05-01 09:48:30+00:00,1777628910000,35763,25.29289,42.13198,1003.54999,51434
20260430-235226,-OrXwAsJBTgsfjOv9y9p,2026-05-01 09:48:40+00:00,1777628920000,35773,25.29289,42.15543,1003.53998,51434
20260430-235226,-OrXwD7NcfXGjhmPV3Te,2026-05-01 09:48:50+00:00,1777628930000,35783,25.2932,42.15546,1003.54999,51245
20260430-235226,-OrXwFZUcUBDgHjk1mYD,2026-05-01 09:49:00+00:00,1777628940000,35793,25.29289,42.14957,1003.54999,51529
20260430-235226,-OrXwI-c63a3BWaNjo7-,2026-05-01 09:49:10+00:00,1777628950000,35803,25.2932,42.12614,1003.53998,51403
20260430-235226,-OrXwKRxRwmEiQB-x2cL,2026-05-01 09:49:20+00:00,1777628960000,35813,25.29384,42.07933,1003.53003,51434
20260430-235226,-OrXwMtC2tlX3z7uiYWf,2026-05-01 09:49:30+00:00,1777628970000,35823,25.29384,42.12036,1003.53003,51371
20260430-235226,-OrXwPKKlnC8aIRr12nH,2026-05-01 09:49:40+00:00,1777628980000,35833,25.29479,42.14978,1003.53003,51371
20260430-235226,-OrXwRlcNKql9WlbMhAp,2026-05-01 09:49:50+00:00,1777628990000,35843,25.2951,42.14982,1003.53003,51340
20260430-235226,-OrXwUD0QOfFlr_wpIbR,2026-05-01 09:50:00+00:00,1777629000000,35853,25.29479,42.12046,1003.53003,51434
20260430-235226,-OrXwWeC14qf7rFZFx78,2026-05-01 09:50:10+00:00,1777629010000,35863,25.29384,42.09692,1003.52002,51466
20260430-235226,-OrXwZ5Te4Wa-ptsuu7v,2026-05-01 09:50:20+00:00,1777629020000,35873,25.29352,42.10274,1003.52002,51434
20260430-235226,-OrXwaXi0r_WQGOEHCkW,2026-05-01 09:50:30+00:00,1777629030000,35883,25.29289,42.17302,1003.51001,51434
20260430-235226,-OrXwcys1ObO01k0A118,2026-05-01 09:50:40+00:00,1777629040000,35893,25.29289,42.16129,1003.5,51434
20260430-235226,-OrXwfQ50HMnnN-clOH-,2026-05-01 09:50:50+00:00,1777629050000,35903,25.29225,42.17295,1003.51001,51720
20260430-235226,-OrXwhrLTfNBeG4TmJEb,2026-05-01 09:51:00+00:00,1777629060000,35913,25.29225,42.16709,1003.5,51371
20260430-235226,-OrXwkIXE0o1awhOLjFY,2026-05-01 09:51:10+00:00,1777629070000,35923,25.29225,42.12018,1003.5,51529
20260430-235226,-OrXwmk-WY0C0ucaU4hl,2026-05-01 09:51:20+00:00,1777629080000,35933,25.29193,42.10255,1003.48999,51720
20260430-235226,-OrXwpBCuKP8Zlq3jpG4,2026-05-01 09:51:30+00:00,1777629090000,35943,25.29193,42.14359,1003.48999,51434
20260430-235226,-OrXwrcI0ZCCDCB1vY1K,2026-05-01 09:51:40+00:00,1777629100000,35953,25.29257,42.17299,1003.5,51593
20260430-235226,-OrXwuEqUfnDVTtkQIms,2026-05-01 09:51:50+00:00,1777629110000,35963,25.29257,42.18472,1003.48999,51497
20260430-235226,-OrXwwVpuYqOjO4d5BdC,2026-05-01 09:52:00+00:00,1777629120000,35973,25.29289,42.16129,1003.48999,51624
20260430-235226,-OrXwyxAPG2DtI6vG68u,2026-05-01 09:52:10+00:00,1777629130000,35983,25.29289,42.08508,1003.48999,51656
20260430-235226,-OrXx0OthDP5_xln8q63,2026-05-01 09:52:20+00:00,1777629140000,35993,25.29352,42.07343,1003.5,51497
20260430-235226,-OrXx2pi6xDl6Bi81gAf,2026-05-01 09:52:30+00:00,1777629150000,36003,25.2932,42.08511,1003.48999,51688
20260430-235226,-OrXx5Gs-rVfzfo133Y-,2026-05-01 09:52:40+00:00,1777629160000,36013,25.29289,42.12612,1003.5,51624
20260430-235226,-OrXx7iB9CpxJ5I3Uah1,2026-05-01 09:52:50+00:00,1777629170000,36023,25.29289,42.15543,1003.5,51593
20260430-235226,-OrXxA9K_4UHPbad_IQE,2026-05-01 09:53:00+00:00,1777629180000,36033,25.2932,42.16719,1003.5,51624
20260430-235226,-OrXxCbGJin72mtwaURu,2026-05-01 09:53:10+00:00,1777629190000,36043,25.29225,42.20814,1003.48999,51497
20260430-235226,-OrXxF1whPmZjAcZKd0F,2026-05-01 09:53:20+00:00,1777629200000,36053,25.29193,42.23743,1003.48999,51688
20260430-235226,-OrXxHU2RJA33jsUycVa,2026-05-01 09:53:30+00:00,1777629210000,36063,25.29162,42.26087,1003.48999,51529
20260430-235226,-OrXxJvM2UwuT9WIRw7j,2026-05-01 09:53:40+00:00,1777629220000,36073,25.29257,42.22578,1003.48999,51624
20260430-235226,-OrXxMMkt6jTTbYPWYul,2026-05-01 09:53:50+00:00,1777629230000,36083,25.29352,42.21415,1003.48999,51912
20260430-235226,-OrXxOnoPAmgAreaaQZv,2026-05-01 09:54:00+00:00,1777629240000,36093,25.29289,42.19061,1003.47998,51466
20260430-235226,-OrXxRFARXznci_Xpj9x,2026-05-01 09:54:10+00:00,1777629250000,36103,25.29257,42.24337,1003.46997,51624
20260430-235226,-OrXxTgP8P3SzUDKcBL-,2026-05-01 09:54:20+00:00,1777629260000,36113,25.29257,42.19645,1003.46997,51624
20260430-235226,-OrXxW7ZbWuobVZ-7ijM,2026-05-01 09:54:30+00:00,1777629270000,36123,25.29257,42.19058,1003.46997,51593
20260430-235226,-OrXxYZnhLWi8SWjV5Yj,2026-05-01 09:54:40+00:00,1777629280000,36133,25.2913,42.21391,1003.47998,51497
20260430-235226,-OrXxa05j94Yvl3ZuQJ-,2026-05-01 09:54:50+00:00,1777629290000,36143,25.29004,42.20789,1003.47998,51529
20260430-235226,-OrXxcmmsxu6TVGXh3Pt,2026-05-01 09:55:00+00:00,1777629300000,36153,25.29004,42.20789,1003.47998,51497
20260430-235226,-OrXxetUJK5iZGWsomyI,2026-05-01 09:55:10+00:00,1777629310000,36163,25.29099,42.21973,1003.47998,51497
20260430-235226,-OrXxhKwK7ESMxqTjAF-,2026-05-01 09:55:20+00:00,1777629320000,36173,25.2894,42.22543,1003.47998,51656
20260430-235226,-OrXxjlxatxZcJ8A5ieE,2026-05-01 09:55:30+00:00,1777629330000,36183,25.2894,42.21369,1003.47998,51529
20260430-235226,-OrXxmDCFhICdgFXWNdM,2026-05-01 09:55:40+00:00,1777629340000,36193,25.28877,42.21361,1003.48999,51688
20260430-235226,-OrXxoeSbWkXpF8GitGw,2026-05-01 09:55:50+00:00,1777629350000,36203,25.28782,42.22524,1003.48999,51497
20260430-235226,-OrXxr5hWpB8o1FajNf1,2026-05-01 09:56:00+00:00,1777629360000,36213,25.28813,42.26635,1003.48999,51371
20260430-235226,-OrXxtY6SLC97gZunr4J,2026-05-01 09:56:10+00:00,1777629370000,36223,25.28782,42.31326,1003.48999,51561
20260430-235226,-OrXxvzHCm3W359QD7du,2026-05-01 09:56:20+00:00,1777629380000,36233,25.2875,42.33083,1003.48999,51561
20260430-235226,-OrXxyQT7jSipBY6wqSX,2026-05-01 09:56:30+00:00,1777629390000,36243,25.2875,42.28974,1003.48999,51434
20260430-235226,-OrXy-ro9osp_TiXUYPo,2026-05-01 09:56:40+00:00,1777629400000,36253,25.28655,42.24856,1003.48999,51752
20260430-235226,-OrXy2IuBL91W9GEKcfd,2026-05-01 09:56:50+00:00,1777629410000,36263,25.28655,42.21923,1003.48999,51816
20260430-235226,-OrXy4kHrEhHXVoWpTnP,2026-05-01 09:57:00+00:00,1777629420000,36273,25.2856,42.17807,1003.48999,51529
20260430-235226,-OrXy7BYEOF53ziFOzM7,2026-05-01 09:57:10+00:00,1777629430000,36283,25.28592,42.18396,1003.48999,51529
20260430-235226,-OrXy9ci6QFJRMCh60wO,2026-05-01 09:57:20+00:00,1777629440000,36293,25.28592,42.23088,1003.48999,51656
20260430-235226,-OrXyC46t4TnBLJmFO6X,2026-05-01 09:57:30+00:00,1777629450000,36303,25.28592,42.29543,1003.47998,51816
20260430-235226,-OrXyEWC91lhoL0OYvJ5,2026-05-01 09:57:40+00:00,1777629460000,36313,25.28433,42.38918,1003.48999,51784
20260430-235226,-OrXyGxT89rZTRvDYjeS,2026-05-01 09:57:50+00:00,1777629470000,36323,25.2837,42.37736,1003.47998,51466
20260430-235226,-OrXyJOicwfHMRGWd0_l,2026-05-01 09:58:00+00:00,1777629480000,36333,25.28275,42.33616,1003.47998,51720
20260430-235226,-OrXyOOvx8qGT3EbS1Xl,2026-05-01 09:58:10+00:00,1777629490000,36343,25.28211,42.28914,1003.48999,51593
20260430-235226,-OrXyPhsA3cPJQaediTB,2026-05-01 09:58:26+00:00,1777629506000,36359,25.27926,42.37099,1003.5,48486
20260430-235226,-OrXyS9CG73pUUW9pMx_,2026-05-01 09:58:36+00:00,1777629516000,36369,25.27641,42.30022,1003.51001,49431
20260430-235226,-OrXyUaPdqqkmNgjjtmG,2026-05-01 09:58:46+00:00,1777629526000,36379,25.27482,42.30593,1003.5,50081
20260430-235226,-OrXyX29xa8at87xnYYT,2026-05-01 09:58:56+00:00,1777629536000,36389,25.27482,42.29419,1003.51001,50872
20260430-235226,-OrXyZTmboIveIGFpdYV,2026-05-01 09:59:06+00:00,1777629546000,36399,25.27387,42.35864,1003.51001,50810
20260430-235226,-OrXyav1wbcsOMeWBG4b,2026-05-01 09:59:16+00:00,1777629556000,36409,25.27324,42.30574,1003.52002,51151
20260430-235226,-OrXydMGtrPsgbLf7HVr,2026-05-01 09:59:26+00:00,1777629566000,36419,25.2745,42.18269,1003.53003,51340
20260430-235226,-OrXyfnXNtsmB40UWSda,2026-05-01 09:59:36+00:00,1777629576000,36429,25.2745,42.12991,1003.51001,51434
20260430-235226,-OrXyiEr5MMkBuW9P0O2,2026-05-01 09:59:46+00:00,1777629586000,36439,25.27419,42.15333,1003.51001,51403
20260430-235226,-OrXykg3un-dS5pzaU2l,2026-05-01 09:59:56+00:00,1777629596000,36449,25.27546,42.18865,1003.5,51561
20260430-235226,-OrXyn7OzvDCENdnq_tE,2026-05-01 10:00:06+00:00,1777629606000,36459,25.27609,42.14181,1003.5,51561
20260430-235226,-OrXypZX9OiGKvj1_gQ_,2026-05-01 10:00:16+00:00,1777629616000,36469,25.27641,42.14771,1003.5,51624
20260430-235226,-OrXys-kbIdIqUpHHMjh,2026-05-01 10:00:26+00:00,1777629626000,36479,25.27736,42.15954,1003.5,51688
20260430-235226,-OrXyuSPkF0fM9Dl-uHc,2026-05-01 10:00:36+00:00,1777629636000,36489,25.27799,42.17135,1003.5,51720
20260430-235226,-OrXywtM1dVUtgu5B30y,2026-05-01 10:00:46+00:00,1777629646000,36499,25.27862,42.23006,1003.51001,51624
20260430-235226,-OrXyzKYxfPqUrRp2_Vz,2026-05-01 10:00:56+00:00,1777629656000,36509,25.27958,42.27711,1003.51001,51561
20260430-235226,-OrXz0luO7BQF4IDDZY3,2026-05-01 10:01:06+00:00,1777629666000,36519,25.27958,42.27125,1003.51001,51466
20260430-235226,-OrXz3ao_lKOkR9_lVmz,2026-05-01 10:01:16+00:00,1777629676000,36529,25.28116,42.19516,1003.52002,51624
20260430-235226,-OrXz5eetgfk29FVPZD7,2026-05-01 10:01:26+00:00,1777629686000,36539,25.28084,42.17754,1003.51001,51688
20260430-235226,-OrXz85j9SO2Ldh2Zpaf,2026-05-01 10:01:36+00:00,1777629696000,36549,25.28021,42.23611,1003.51001,51624
20260430-235226,-OrXzAYAUzmpGzP9tv1Y,2026-05-01 10:01:46+00:00,1777629706000,36559,25.28148,42.22452,1003.51001,51688
20260430-235226,-OrXzCzDU9xhanzBNMAk,2026-05-01 10:01:56+00:00,1777629716000,36569,25.28148,42.21279,1003.5,51656
20260430-235226,-OrXzFQoAxi9PoX0NU9z,2026-05-01 10:02:06+00:00,1777629726000,36579,25.28116,42.20689,1003.48999,51752
20260430-235226,-OrXzHs1mRVWYV49YPNF,2026-05-01 10:02:16+00:00,1777629736000,36589,25.28084,42.21272,1003.51001,51656
20260430-235226,-OrXzKIwN-8ZdJi0e0iV,2026-05-01 10:02:26+00:00,1777629746000,36599,25.28053,42.18336,1003.5,51688
20260430-235226,-OrXzMk6s9_asobc1lbi,2026-05-01 10:02:36+00:00,1777629756000,36609,25.27989,42.22435,1003.51001,51752
20260430-235226,-OrXzPBtOJAu_o1YgqxR,2026-05-01 10:02:46+00:00,1777629766000,36619,25.27958,42.32993,1003.51001,51624
20260430-235226,-OrXzRcdxIjHY2WtiOPW,2026-05-01 10:02:56+00:00,1777629776000,36629,25.27958,42.36516,1003.51001,51784
20260430-235226,-OrXzU40NLimb6kaJ5Lt,2026-05-01 10:03:06+00:00,1777629786000,36639,25.28021,42.32413,1003.51001,51624
20260430-235226,-OrXzWWG6W_UjYaVOKpY,2026-05-01 10:03:16+00:00,1777629796000,36649,25.28053,42.28309,1003.51001,51593
20260430-235226,-OrXzYxhK8sk8gFwpYWU,2026-05-01 10:03:26+00:00,1777629806000,36659,25.28021,42.27718,1003.52002,51529
20260430-235226,-OrXzaOo1cdVxBmHUc3k,2026-05-01 10:03:36+00:00,1777629816000,36669,25.28053,42.32417,1003.52002,51880
20260430-235226,-OrXzcq36zWCEpQF3ZbE,2026-05-01 10:03:46+00:00,1777629826000,36679,25.28021,42.30653,1003.52002,51816
20260430-235226,-OrXzfH7nFPJDdEdTM_c,2026-05-01 10:03:56+00:00,1777629836000,36689,25.28053,42.31243,1003.53003,51752
20260430-235226,-OrXzhiSKGTZ-zYRSBQE,2026-05-01 10:04:06+00:00,1777629846000,36699,25.28021,42.23025,1003.52002,51593
20260430-235226,-OrXzkA4RHuvorIJLova,2026-05-01 10:04:16+00:00,1777629856000,36709,25.27958,42.18325,1003.52002,51816
20260430-235226,-OrXzmyWbT3kmirFo78V,2026-05-01 10:04:26+00:00,1777629866000,36719,25.27926,42.23014,1003.53003,51977
20260430-235226,-OrXzp2Fa-3xAFDZIQLX,2026-05-01 10:04:36+00:00,1777629876000,36729,25.27926,42.27121,1003.52002,51848
20260430-235226,-OrXzrURvPgkkKYUZXNR,2026-05-01 10:04:46+00:00,1777629886000,36739,25.27894,42.28878,1003.52002,51816
20260430-235226,-OrXztvhjs1Fys91p_Pv,2026-05-01 10:04:56+00:00,1777629896000,36749,25.27862,42.30634,1003.52002,51688
20260430-235226,-OrXzwMyNUO7xiio_iAa,2026-05-01 10:05:06+00:00,1777629906000,36759,25.27736,42.31207,1003.52002,51688
20260430-235226,-OrXzyoFNrWB8aRSIsPW,2026-05-01 10:05:16+00:00,1777629916000,36769,25.27767,42.37082,1003.52002,51880
20260430-235226,-OrY-0Fme1WB-8r4XjXs,2026-05-01 10:05:26+00:00,1777629926000,36779,25.27704,42.30617,1003.53003,51784
20260430-235226,-OrY-2gtl54jT9aOEHrW,2026-05-01 10:05:36+00:00,1777629936000,36789,25.27736,42.28273,1003.53003,51688
20260430-235226,-OrY-58AugFeYWZUn24-,2026-05-01 10:05:46+00:00,1777629946000,36799,25.27767,42.28277,1003.53003,51816
20260430-235226,-OrY-7_FQoNazNgB2llS,2026-05-01 10:05:56+00:00,1777629956000,36809,25.27736,42.31207,1003.53003,51688
20260430-235226,-OrY-A0Zr0BstckPNfHZ,2026-05-01 10:06:06+00:00,1777629966000,36819,25.27767,42.39431,1003.53003,51848
20260430-235226,-OrY-CSl0Apcyvf337MM,2026-05-01 10:06:16+00:00,1777629976000,36829,25.27767,42.44128,1003.53003,51752
20260430-235226,-OrY-EtwA6gwNDB7PSLo,2026-05-01 10:06:26+00:00,1777629986000,36839,25.27736,42.38251,1003.53003,51880
20260430-235226,-OrY-HLMp3F0P51AN445,2026-05-01 10:06:36+00:00,1777629996000,36849,25.27736,42.37664,1003.53003,51784
20260430-235226,-OrY-JmO6L_xmS4OoI6j,2026-05-01 10:06:46+00:00,1777630006000,36859,25.27767,42.3532,1003.53003,51784
20260430-235226,-OrY-ME4UubCApXyVLSf,2026-05-01 10:06:56+00:00,1777630016000,36869,25.27831,42.3474,1003.53998,51880
20260430-235226,-OrY-Of0_4X_LhTolVOv,2026-05-01 10:07:06+00:00,1777630026000,36879,25.27831,42.3474,1003.53003,51848
20260430-235226,-OrY-R6CdgF9NmBneGzs,2026-05-01 10:07:16+00:00,1777630036000,36889,25.27862,42.42376,1003.53003,51784
20260430-235226,-OrY-TeBLru8BdZtg_Sz,2026-05-01 10:07:26+00:00,1777630046000,36899,25.27704,42.49996,1003.53998,51656
20260430-235226,-OrY-WJlHxQ0h4ToQgG_,2026-05-01 10:07:36+00:00,1777630056000,36909,25.27672,42.4353,1003.54999,51688
20260430-235226,-OrY-YR6io6qL7Zf0Cwp,2026-05-01 10:07:46+00:00,1777630066000,36919,25.27672,42.37658,1003.54999,51720
20260430-235226,-OrY-_sOm9fyMO5P564p,2026-05-01 10:07:56+00:00,1777630076000,36929,25.27609,42.32367,1003.54999,51816
20260430-235226,-OrY-cJfmu69BdA3i51o,2026-05-01 10:08:06+00:00,1777630086000,36939,25.27514,42.27661,1003.54999,51688
20260430-235226,-OrY-el2J9whc93k7qA9,2026-05-01 10:08:16+00:00,1777630096000,36949,25.27514,42.30008,1003.54999,51945
20260430-235226,-OrY-hBvklidp7VlleD5,2026-05-01 10:08:26+00:00,1777630106000,36959,25.27419,42.30585,1003.54999,51816
20260430-235226,-OrY-jd8AaGH1qEb6YZU,2026-05-01 10:08:36+00:00,1777630116000,36969,25.2745,42.33523,1003.56,51752
20260430-235226,-OrY-m4NBdVKoGTWX4-t,2026-05-01 10:08:46+00:00,1777630126000,36979,25.2745,42.33523,1003.56,52009
20260430-235226,-OrY-oWgZa8ZeMWV8Upp,2026-05-01 10:08:56+00:00,1777630136000,36989,25.27546,42.35882,1003.57001,51816
20260430-235226,-OrY-qxwhR_azZRCT4us,2026-05-01 10:09:06+00:00,1777630146000,36999,25.27546,42.41753,1003.58002,52074
20260430-235226,-OrY-tPAYXsxrao9FxWV,2026-05-01 10:09:16+00:00,1777630156000,37009,25.27514,42.46449,1003.58002,51848
20260430-235226,-OrY-vrAcC7C8fkmDBzy,2026-05-01 10:09:26+00:00,1777630166000,37019,25.2745,42.44093,1003.58002,51816
20260430-235226,-OrY-yHYPKkSNOPRbRGO,2026-05-01 10:09:36+00:00,1777630176000,37029,25.2745,42.40569,1003.59003,51848
20260430-235226,-OrY0-jBQHKtDvKZmTqQ,2026-05-01 10:09:46+00:00,1777630186000,37039,25.27387,42.40561,1003.59003,51816
20260430-235226,-OrY02ADgxdI1UyGO2D5,2026-05-01 10:09:56+00:00,1777630196000,37049,25.2726,42.38198,1003.59003,51945
20260430-235226,-OrY04bER3EcHiOX06Uy,2026-05-01 10:10:06+00:00,1777630206000,37059,25.2726,42.42309,1003.58002,52074
20260430-235226,-OrY072osIYoA8TTNbLh,2026-05-01 10:10:16+00:00,1777630216000,37069,25.2726,42.45246,1003.58002,51752
20260430-235226,-OrY09VD9NGiEndN4O8M,2026-05-01 10:10:26+00:00,1777630226000,37079,25.2726,42.44071,1003.59003,51848
20260430-235226,-OrY0BwG2AQJB8mfFc0E,2026-05-01 10:10:36+00:00,1777630236000,37089,25.2726,42.39373,1003.59003,51752
20260430-235226,-OrY0EWqL9GLlJz97U7R,2026-05-01 10:10:46+00:00,1777630246000,37099,25.27419,42.39391,1003.59998,51880
20260430-235226,-OrY0GogUlNC9W4qtN6o,2026-05-01 10:10:56+00:00,1777630256000,37109,25.27514,42.35878,1003.60999,51816
20260430-235226,-OrY0JGFH0Gw9x3b9yEl,2026-05-01 10:11:06+00:00,1777630266000,37119,25.27514,42.32356,1003.60999,51784
20260430-235226,-OrY0Lh6Ig3VRY56jvpP,2026-05-01 10:11:16+00:00,1777630276000,37129,25.27546,42.32947,1003.62,51912
20260430-235226,-OrY0OH-WFo1578OfmZ3,2026-05-01 10:11:26+00:00,1777630286000,37139,25.27355,42.35861,1003.62,51848
20260430-235226,-OrY0Q_qGwo9KrNCduO8,2026-05-01 10:11:36+00:00,1777630296000,37149,25.27324,42.35857,1003.62,52041
20260430-235226,-OrY0T17gjO369EUFxVq,2026-05-01 10:11:46+00:00,1777630306000,37159,25.27229,42.35846,1003.60999,51945
20260430-235226,-OrY0VTSt3ZJtdMPEvF_,2026-05-01 10:11:56+00:00,1777630316000,37169,25.27197,42.38779,1003.60999,51945
20260430-235226,-OrY0XuMQe7r5H0hCk01,2026-05-01 10:12:06+00:00,1777630326000,37179,25.27038,42.35238,1003.60999,51977
20260430-235226,-OrY0_M4r4HtNWW5Ibcu,2026-05-01 10:12:16+00:00,1777630336000,37189,25.2707,42.3759,1003.59998,51848
20260430-235226,-OrY0bnAFdyYSSB-6N5D,2026-05-01 10:12:26+00:00,1777630346000,37199,25.27197,42.37604,1003.60999,51880
20260430-235226,-OrY0eDyWr32u8Ge9Lg7,2026-05-01 10:12:36+00:00,1777630356000,37209,25.27197,42.39366,1003.59998,52009
20260430-235226,-OrY0gfJMU5vtjpbFUCU,2026-05-01 10:12:46+00:00,1777630366000,37219,25.27292,42.38789,1003.60999,51880
20260430-235226,-OrY0j6SGU-uimicWTN1,2026-05-01 10:12:56+00:00,1777630376000,37229,25.27355,42.41732,1003.62,51816
20260430-235226,-OrY0lYjTDYg67QDI-ui,2026-05-01 10:13:06+00:00,1777630386000,37239,25.2745,42.45268,1003.60999,51752
20260430-235226,-OrY0o-4SfASPLwSjjYZ,2026-05-01 10:13:16+00:00,1777630396000,37249,25.2745,42.45268,1003.59998,52041
20260430-235226,-OrY0qRGzVMNP-nb_d96,2026-05-01 10:13:26+00:00,1777630406000,37259,25.27514,42.38227,1003.59998,51912
20260430-235226,-OrY0st6u8gTCSZJvT0h,2026-05-01 10:13:36+00:00,1777630416000,37269,25.2745,42.39394,1003.59998,51945
20260430-235226,-OrY149wzFRw_2OK2dV4,2026-05-01 10:13:46+00:00,1777630426000,37279,25.27355,42.44082,1003.60999,52041
20260430-235226,-OrY14IGC6QkTTYIRtE4,2026-05-01 10:14:27+00:00,1777630467000,37320,25.26753,42.39903,1003.59998,40696
20260430-235226,-OrY16jDMO1WlDuE1gmA,2026-05-01 10:14:37+00:00,1777630477000,37330,25.26563,42.31075,1003.59998,43800
20260430-235226,-OrY19Bx8pgNAQKVpXOz,2026-05-01 10:14:47+00:00,1777630487000,37340,25.26436,42.32822,1003.59998,46062
20260430-235226,-OrY1Bc0UFVoKUe7D4VQ,2026-05-01 10:14:57+00:00,1777630497000,37350,25.26405,42.35754,1003.59998,47308
20260430-235226,-OrY1E4P-xLbfYjqPx7f,2026-05-01 10:15:07+00:00,1777630507000,37360,25.26373,42.36924,1003.59998,48514
20260430-235226,-OrY1GVE1YjZpZ8c9B16,2026-05-01 10:15:17+00:00,1777630517000,37370,25.26468,42.3576,1003.59998,49169
20260430-235226,-OrY1IwSbwsVBmAhx2vI,2026-05-01 10:15:27+00:00,1777630527000,37380,25.265,42.32829,1003.59998,49783
20260430-235226,-OrY1LNRyBPqvnawRsDT,2026-05-01 10:15:37+00:00,1777630537000,37390,25.26595,42.37536,1003.60999,50141
20260430-235226,-OrY1Noxgp8k6ZaqxWPH,2026-05-01 10:15:47+00:00,1777630547000,37400,25.26722,42.44011,1003.59998,50595
20260430-235226,-OrY1QGG_xFrUHTgLjiG,2026-05-01 10:15:57+00:00,1777630557000,37410,25.26817,42.48721,1003.59998,50565
20260430-235226,-OrY1ShUv87Xu_QTcjy9,2026-05-01 10:16:07+00:00,1777630567000,37420,25.26817,42.48133,1003.59998,50779
20260430-235226,-OrY1V8_IpwLhQEUpDqG,2026-05-01 10:16:17+00:00,1777630577000,37430,25.2688,42.41091,1003.59998,50903
20260430-235226,-OrY1XaJbRiCfzFkLbON,2026-05-01 10:16:27+00:00,1777630587000,37440,25.26943,42.42273,1003.59998,51120
20260430-235226,-OrY1_0fZ9Tpj6337RE2,2026-05-01 10:16:37+00:00,1777630597000,37450,25.27038,42.44634,1003.60999,51277
20260430-235226,-OrY1dkb_NJzA74M6DAZ,2026-05-01 10:16:47+00:00,1777630607000,37460,25.2707,42.41113,1003.60999,51183
20260430-235226,-OrY1dv8bTMsWYulrZYW,2026-05-01 10:16:57+00:00,1777630617000,37470,25.27007,42.30538,1003.60999,51120
20260430-235226,-OrY1gMXOhrecdEcAYRi,2026-05-01 10:17:07+00:00,1777630627000,37480,25.26975,42.30536,1003.60999,51434
20260430-235226,-OrY1ioEO6rBbovWFZ77,2026-05-01 10:17:17+00:00,1777630637000,37490,25.26943,42.32879,1003.60999,51529
20260430-235226,-OrY1lHWw9JwsX4CUMLf,2026-05-01 10:17:27+00:00,1777630647000,37500,25.26912,42.34049,1003.59998,51529
20260430-235226,-OrY1ngCNw4T5caojTOP,2026-05-01 10:17:37+00:00,1777630657000,37510,25.26848,42.39326,1003.60999,51752
20260430-235226,-OrY1qU0RUnN81EC-fg_,2026-05-01 10:17:47+00:00,1777630667000,37521,25.26817,42.39323,1003.60999,51340
20260430-235226,-OrY1seTCOeL8sSiH4il,2026-05-01 10:17:57+00:00,1777630677000,37531,25.26817,42.39323,1003.59998,51561
20260430-235226,-OrY1v5afYfGTG-8zdSv,2026-05-01 10:18:07+00:00,1777630687000,37541,25.26817,42.44021,1003.59998,51688
20260430-235226,-OrY1xYHQcgSEdHVMAj1,2026-05-01 10:18:17+00:00,1777630697000,37551,25.2688,42.44615,1003.59998,51561
20260430-235226,-OrY1zzGZGu7mt-sTkLU,2026-05-01 10:18:27+00:00,1777630707000,37561,25.26817,42.44021,1003.59998,51848
20260430-235226,-OrY21QiYwswgyLbcY_5,2026-05-01 10:18:37+00:00,1777630717000,37571,25.26817,42.41085,1003.59998,51880
20260430-235226,-OrY23riCxnTT7UIOMoV,2026-05-01 10:18:47+00:00,1777630727000,37581,25.26753,42.41665,1003.60999,51912
20260430-235226,-OrY26ImQFmK_7Hdd4fl,2026-05-01 10:18:57+00:00,1777630737000,37591,25.26658,42.41066,1003.60999,52269
20260430-235226,-OrY28k5Ia6QX_n-0qq3,2026-05-01 10:19:07+00:00,1777630747000,37601,25.26658,42.38717,1003.60999,52139
20260430-235226,-OrY2BBUNIrWnt5qx7mz,2026-05-01 10:19:17+00:00,1777630757000,37611,25.26563,42.43992,1003.59998,51784
20260430-235226,-OrY2Dc_lD1Em0GSqb2U,2026-05-01 10:19:27+00:00,1777630767000,37621,25.26595,42.46933,1003.59998,51784
20260430-235226,-OrY2G487InCFeRpgy2g,2026-05-01 10:19:37+00:00,1777630777000,37631,25.26626,42.46936,1003.59998,51784
20260430-235226,-OrY2Is5C5Shm_tgHHGq,2026-05-01 10:19:47+00:00,1777630787000,37641,25.26722,42.38725,1003.60999,52106
20260430-235226,-OrY2Kyzjdid1t1bqCB8,2026-05-01 10:19:57+00:00,1777630797000,37651,25.2669,42.45769,1003.60999,51912
20260430-235226,-OrY2NOn_CYIqs4PwJmb,2026-05-01 10:20:07+00:00,1777630807000,37661,25.26785,42.57531,1003.62,51848
20260430-235226,-OrY2Pq6-vMCVX1HVb9Z,2026-05-01 10:20:17+00:00,1777630817000,37671,25.26753,42.61644,1003.60999,51816
20260430-235226,-OrY2SHa2_jIMAyMIyVT,2026-05-01 10:20:27+00:00,1777630827000,37681,25.26753,42.55766,1003.60999,52009
20260430-235226,-OrY2UiYTT90amvIRn0s,2026-05-01 10:20:37+00:00,1777630837000,37691,25.26785,42.50479,1003.60999,51816
20260430-235226,-OrY2X9nKiQk3mFmsIsj,2026-05-01 10:20:47+00:00,1777630847000,37701,25.26817,42.45196,1003.60999,51784
20260430-235226,-OrY2Zb86wHLRxx-FW-R,2026-05-01 10:20:57+00:00,1777630857000,37711,25.26848,42.45199,1003.59998,51880
20260430-235226,-OrY2b2DKO2N_pJ7_2hg,2026-05-01 10:21:07+00:00,1777630867000,37721,25.26912,42.45794,1003.60999,52139
20260430-235226,-OrY2dUXotg2Z4J7P3mi,2026-05-01 10:21:17+00:00,1777630877000,37731,25.26975,42.41103,1003.59998,51912
20260430-235226,-OrY2fvXlmpG-48-GgU6,2026-05-01 10:21:27+00:00,1777630887000,37741,25.26975,42.39928,1003.59998,51977
20260430-235226,-OrY2iMxShlKfH6Wckkw,2026-05-01 10:21:37+00:00,1777630897000,37751,25.26912,42.43444,1003.59998,52041
20260430-235226,-OrY2ko0C0vvU671Trz9,2026-05-01 10:21:47+00:00,1777630907000,37761,25.26912,42.49319,1003.60999,52009
20260430-235226,-OrY2nFPihGYbbwV7fWe,2026-05-01 10:21:57+00:00,1777630917000,37771,25.26912,42.52256,1003.60999,51945
20260430-235226,-OrY2pgtw-BogDOSx0ii,2026-05-01 10:22:07+00:00,1777630927000,37781,25.27007,42.49329,1003.62,52074
20260430-235226,-OrY2s7tPvypKyTJ2VIj,2026-05-01 10:22:17+00:00,1777630937000,37791,25.2707,42.42287,1003.62,51848
20260430-235226,-OrY2uZyG24fZNlKRNmY,2026-05-01 10:22:27+00:00,1777630947000,37801,25.27038,42.38761,1003.62,52074
20260430-235226,-OrY2x0M6-AnH2xjtG-E,2026-05-01 10:22:37+00:00,1777630957000,37811,25.2707,42.3348,1003.63,51977
20260430-235226,-OrY2zS_mncfWlUZ46D0,2026-05-01 10:22:47+00:00,1777630967000,37821,25.27134,42.40532,1003.62,52106
20260430-235226,-OrY31BOqIOZ68f68uJ7,2026-05-01 10:22:57+00:00,1777630977000,37831,25.27197,42.45239,1003.63,51977
20260430-235226,-OrY33L6UY87gbdcZ5uG,2026-05-01 10:23:07+00:00,1777630987000,37841,25.2726,42.42896,1003.63,52041
20260430-235226,-OrY35moZ7n7aVpqG4cj,2026-05-01 10:23:17+00:00,1777630997000,37851,25.2726,42.44071,1003.63,52139
20260430-235226,-OrY38DgqaUcg_DjDFHG,2026-05-01 10:23:27+00:00,1777631007000,37861,25.2726,42.44658,1003.64001,52432
20260430-235226,-OrY3AetlZC7DsSxq202,2026-05-01 10:23:37+00:00,1777631017000,37871,25.27229,42.47004,1003.64001,51945
20260430-235226,-OrY3D6GSRRcs6Zg0qKt,2026-05-01 10:23:47+00:00,1777631027000,37881,25.27292,42.45836,1003.64001,51977
20260430-235226,-OrY3FY9CHCP19pp21yP,2026-05-01 10:23:57+00:00,1777631037000,37891,25.27324,42.45253,1003.64001,52106
20260430-235226,-OrY3Hzd9KIhONhO15hX,2026-05-01 10:24:07+00:00,1777631047000,37901,25.27324,42.45253,1003.64001,52074
20260430-235226,-OrY3KQtCiaJh6kpLHtJ,2026-05-01 10:24:17+00:00,1777631057000,37911,25.27197,42.37604,1003.64001,52106
20260430-235226,-OrY3MsJ4nXYhCDF8Wn4,2026-05-01 10:24:27+00:00,1777631067000,37921,25.27229,42.3702,1003.64001,52204
20260430-235226,-OrY3PJOoW5a-Qzx9Y2O,2026-05-01 10:24:37+00:00,1777631077000,37931,25.27197,42.4054,1003.64001,52269
20260430-235226,-OrY3RqpVFm9atdVg-7b,2026-05-01 10:24:47+00:00,1777631087000,37941,25.27165,42.41711,1003.64001,52041
20260430-235226,-OrY3UBoUctDTEQ5Iy5i,2026-05-01 10:24:57+00:00,1777631097000,37951,25.27102,42.36419,1003.64001,52269
20260430-235226,-OrY3Wd7XNrudicd1tPK,2026-05-01 10:25:07+00:00,1777631107000,37961,25.2707,42.3348,1003.64001,52139
20260430-235226,-OrY3Z4RCnNugGBQO7Pk,2026-05-01 10:25:17+00:00,1777631117000,37971,25.27102,42.32897,1003.64001,52041
20260430-235226,-OrY3aWm3-rxwBZ5SUBZ,2026-05-01 10:25:27+00:00,1777631127000,37981,25.27165,42.31143,1003.64001,52301
20260430-235226,-OrY3cyMVV3m_JwAEU1g,2026-05-01 10:25:37+00:00,1777631137000,37991,25.27229,42.27629,1003.64001,52204
20260430-235226,-OrY3fPBfQZeNlmIKcgx,2026-05-01 10:25:47+00:00,1777631147000,38001,25.2726,42.2822,1003.64001,52269
20260430-235226,-OrY3hqXAwk4jHD_nvUT,2026-05-01 10:25:57+00:00,1777631157000,38011,25.27324,42.33509,1003.64001,52204
20260430-235226,-OrY3kcC0X8zxqtXdfl-,2026-05-01 10:26:07+00:00,1777631167000,38021,25.27229,42.35259,1003.65002,52269
20260430-235226,-OrY3miikcaaxCcaheWB,2026-05-01 10:26:17+00:00,1777631177000,38031,25.27197,42.38192,1003.64001,52236
20260430-235226,-OrY3pAXo9Cq3jKnATAM,2026-05-01 10:26:27+00:00,1777631187000,38041,25.27229,42.42893,1003.65002,52139
20260430-235226,-OrY3rqo8FBvLiVDJax6,2026-05-01 10:26:38+00:00,1777631198000,38051,25.27134,42.46406,1003.65002,52009
20260430-235226,-OrY3u9CQgUBleezsIa3,2026-05-01 10:26:48+00:00,1777631208000,38061,25.2707,42.47574,1003.65997,51912
20260430-235226,-OrY3wa4wDJ-AUpmhQSV,2026-05-01 10:26:58+00:00,1777631218000,38071,25.2707,42.417,1003.65997,52171
20260430-235226,-OrY3z0vAH1wTSCwmdc1,2026-05-01 10:27:08+00:00,1777631228000,38081,25.26975,42.42865,1003.65997,52400
20260430-235226,-OrY40TclhHiKv_VN9q8,2026-05-01 10:27:18+00:00,1777631238000,38091,25.26943,42.44622,1003.65997,52269
20260430-235226,-OrY42u_dSOeOCKiDGLX,2026-05-01 10:27:28+00:00,1777631248000,38101,25.26848,42.50487,1003.66998,52204
20260430-235226,-OrY45Lnd4_oGrPXX6ER,2026-05-01 10:27:38+00:00,1777631258000,38111,25.26753,42.50476,1003.66998,52171
20260430-235226,-OrY47nZndU4BwVpJIdj,2026-05-01 10:27:48+00:00,1777631268000,38121,25.26722,42.4871,1003.66998,52204
20260430-235226,-OrY4AEYu4ymlUlO36Ia,2026-05-01 10:27:58+00:00,1777631278000,38131,25.26658,42.4929,1003.66998,52269
20260430-235226,-OrY4CfRbKsST6adGBIw,2026-05-01 10:28:08+00:00,1777631288000,38141,25.26531,42.51038,1003.66998,52432
20260430-235226,-OrY4F76uF8CvlxZJ0EE,2026-05-01 10:28:18+00:00,1777631298000,38151,25.265,42.55148,1003.67999,52334
20260430-235226,-OrY4HYrdF7rDWEbeDHR,2026-05-01 10:28:28+00:00,1777631308000,38161,25.26531,42.54564,1003.67999,52269
20260430-235226,-OrY4K-NT7gxZwgfyWkp,2026-05-01 10:28:38+00:00,1777631318000,38171,25.265,42.49859,1003.66998,52204
20260430-235226,-OrY4MRR6WoyyKQJekqs,2026-05-01 10:28:48+00:00,1777631328000,38181,25.265,42.51622,1003.67999,52106
20260430-235226,-OrY4OsbzZ4jgy9IlRdw,2026-05-01 10:28:58+00:00,1777631338000,38191,25.26531,42.59855,1003.67999,52106
20260430-235226,-OrY4RYTSAvqbpIoWnYh,2026-05-01 10:29:08+00:00,1777631348000,38201,25.265,42.70437,1003.67999,52269
20260430-235226,-OrY4TlAVtjZSMwS2mZi,2026-05-01 10:29:18+00:00,1777631358000,38211,25.26436,42.78079,1003.67999,52074
20260430-235226,-OrY4WCEg1LkQnitY3U1,2026-05-01 10:29:28+00:00,1777631368000,38221,25.26436,42.72195,1003.67999,52106
20260430-235226,-OrY4Ydm6n_KmqaRomFP,2026-05-01 10:29:38+00:00,1777631378000,38231,25.26309,42.61593,1003.67999,52106
20260430-235226,-OrY4a4yptIBIH9Rg_x0,2026-05-01 10:29:48+00:00,1777631388000,38241,25.26183,42.58052,1003.69,52106
20260430-235226,-OrY4cY5apBYPVkotQZe,2026-05-01 10:29:58+00:00,1777631398000,38251,25.26183,42.55113,1003.69,52204
20260430-235226,-OrY4eyLhPwLpU6Qab8O,2026-05-01 10:30:08+00:00,1777631408000,38261,25.26214,42.48652,1003.69,52171
20260430-235226,-OrY4j8zSAXtACwpjUAi,2026-05-01 10:30:18+00:00,1777631418000,38271,25.26278,42.58062,1003.69,52139
20260430-235226,-OrY4jwloslnBgENoH74,2026-05-01 10:30:28+00:00,1777631428000,38281,25.26405,42.59841,1003.69,51945
20260430-235226,-OrY4mO-AwRCuHltsaz-,2026-05-01 10:30:38+00:00,1777631438000,38291,25.26373,42.53371,1003.69,52171
20260430-235226,-OrY4opwPNn_9TShGWEY,2026-05-01 10:30:48+00:00,1777631448000,38301,25.26405,42.50437,1003.67999,52269
20260430-235226,-OrY4rq9uS3ycNM8rfEN,2026-05-01 10:30:58+00:00,1777631458000,38312,25.26436,42.5044,1003.69,52171
20260430-235226,-OrY4tqxB2N9rfDg_Kau,2026-05-01 10:31:08+00:00,1777631468000,38322,25.26563,42.48691,1003.69,51848
20260430-235226,-OrY4wEkJjopMaoc8YPn,2026-05-01 10:31:18+00:00,1777631478000,38332,25.26658,42.49877,1003.67999,52204
20260430-235226,-OrY4yfxsiANc6YVM-9W,2026-05-01 10:31:28+00:00,1777631488000,38342,25.26595,42.5751,1003.67999,52204
20260430-235226,-OrY507YOlgRALW2kZyG,2026-05-01 10:31:38+00:00,1777631498000,38352,25.26563,42.61034,1003.69,52367
20260430-235226,-OrY52Zf_fSmTybvVLZ1,2026-05-01 10:31:48+00:00,1777631508000,38362,25.26531,42.56327,1003.69,52367
20260430-235226,-OrY55-iOVX0uS_y2WGo,2026-05-01 10:31:58+00:00,1777631518000,38372,25.26531,42.54564,1003.67999,52334
20260430-235226,-OrY5SFLP_fLyK5_5bQ8,2026-05-01 10:33:31+00:00,1777631611000,38465,25.25517,42.83861,1003.66998,38562
20260430-235226,-OrY5UARUbrEUyu4KnDT,2026-05-01 10:33:41+00:00,1777631621000,38475,25.25359,42.70308,1003.66998,41708
20260430-235226,-OrY5WcuOTfL3bAOPEKs,2026-05-01 10:33:51+00:00,1777631631000,38485,25.25232,42.66763,1003.66998,44030
20260430-235226,-OrY5Z3z6UA5EbgQt-Mb,2026-05-01 10:34:01+00:00,1777631641000,38495,25.25232,42.63823,1003.65997,45810
20260430-235226,-OrY5aVMZGyiAFIbP8OH,2026-05-01 10:34:11+00:00,1777631651000,38505,25.25168,42.59113,1003.65997,47097
20260430-235226,-OrY5cwykBGYUmaah_oO,2026-05-01 10:34:21+00:00,1777631661000,38515,25.25295,42.56775,1003.65002,47767
20260430-235226,-OrY5fOMyDqjG2_Ve2Nf,2026-05-01 10:34:31+00:00,1777631671000,38525,25.25232,42.58532,1003.65002,48486
20260430-235226,-OrY5hpzeEszekeL9VDW,2026-05-01 10:34:41+00:00,1777631681000,38535,25.25359,42.73249,1003.65997,48939
20260430-235226,-OrY5kIpwKsrU1UX-_Ut,2026-05-01 10:34:51+00:00,1777631691000,38545,25.25422,42.75021,1003.65997,49372
20260430-235226,-OrY5mhxKyxzwC_5CypN,2026-05-01 10:35:01+00:00,1777631701000,38555,25.25549,42.66211,1003.66998,49695
20260430-235226,-OrY5ptkabiA_hpLf6SS,2026-05-01 10:35:11+00:00,1777631711000,38565,25.25644,42.59754,1003.66998,50111
20260430-235226,-OrY5ra6pqAaA4AvXEO2,2026-05-01 10:35:21+00:00,1777631721000,38575,25.25802,42.56833,1003.66998,50322
20260430-235226,-OrY5u26y5Jwnc3XngRr,2026-05-01 10:35:31+00:00,1777631731000,38585,25.25866,42.53901,1003.66998,51027
20260430-235226,-OrY5wU-T4cEo3wTO7cy,2026-05-01 10:35:41+00:00,1777631741000,38595,25.26024,42.53332,1003.66998,50996
20260430-235226,-OrY5yvTvL73VNKQX91x,2026-05-01 10:35:51+00:00,1777631751000,38605,25.26088,42.55102,1003.66998,50965
20260430-235226,-OrY60M1n30XPzNNAWtT,2026-05-01 10:36:01+00:00,1777631761000,38615,25.26214,42.5159,1003.66998,51183
20260430-235226,-OrY62nUEwJ1gHsphHb4,2026-05-01 10:36:11+00:00,1777631771000,38625,25.26278,42.48659,1003.66998,51183
20260430-235226,-OrY65FEuFk5UUVtpvgp,2026-05-01 10:36:21+00:00,1777631781000,38635,25.26309,42.55127,1003.66998,51277
20260430-235226,-OrY67gI70sEeIZ0Vbfs,2026-05-01 10:36:31+00:00,1777631791000,38645,25.26373,42.63953,1003.67999,51308
20260430-235226,-OrY6A7RfuaNpWe6L4yQ,2026-05-01 10:36:41+00:00,1777631801000,38655,25.26373,42.71011,1003.67999,51308
20260430-235226,-OrY6C__M5bzmEBpx25l,2026-05-01 10:36:51+00:00,1777631811000,38665,25.26405,42.74545,1003.67999,51371
20260430-235226,-OrY6F-qfrwzCMyiljxm,2026-05-01 10:37:01+00:00,1777631821000,38675,25.26405,42.68661,1003.66998,51434
20260430-235226,-OrY6HSX3GYEp20GwQXf,2026-05-01 10:37:11+00:00,1777631831000,38685,25.26436,42.61608,1003.65997,51624
20260430-235226,-OrY6JtaoqY7mWPWZj8F,2026-05-01 10:37:21+00:00,1777631841000,38695,25.26373,42.52783,1003.65997,51816
20260430-235226,-OrY6MKkiRslqYRRvc2h,2026-05-01 10:37:31+00:00,1777631851000,38705,25.26436,42.53378,1003.65997,52074
20260430-235226,-OrY6OlyMh2xRmC74WVY,2026-05-01 10:37:41+00:00,1777631861000,38715,25.265,42.55736,1003.65997,51688
20260430-235226,-OrY6RDBGUsrSUNqIHZC,2026-05-01 10:37:51+00:00,1777631871000,38725,25.26563,42.54568,1003.66998,51945
20260430-235226,-OrY6TeNcCIs6BFzyWOD,2026-05-01 10:38:01+00:00,1777631881000,38735,25.26563,42.56919,1003.66998,51848
20260430-235226,-OrY6W5Pnvf6sRtLneBh,2026-05-01 10:38:11+00:00,1777631891000,38745,25.26626,42.61629,1003.66998,51784
20260430-235226,-OrY6YiH5NGz4yDmhpkA,2026-05-01 10:38:21+00:00,1777631901000,38755,25.26595,42.62214,1003.67999,51816
20260430-235226,-OrY6a-0pZOux8lM48d1,2026-05-01 10:38:31+00:00,1777631911000,38765,25.26626,42.5869,1003.67999,52009
20260430-235226,-OrY6cQac-QN2NhGmTj1,2026-05-01 10:38:41+00:00,1777631921000,38775,25.26531,42.61618,1003.67999,52009
20260430-235226,-OrY6erYyE-2ARAlUMuM,2026-05-01 10:38:51+00:00,1777631931000,38785,25.265,42.61615,1003.67999,52041
20260430-235226,-OrY6hIhslKl3u3RmIwy,2026-05-01 10:39:01+00:00,1777631941000,38795,25.26531,42.61618,1003.67999,52074
20260430-235226,-OrY6jkJbwAhhxgD-8Lu,2026-05-01 10:39:11+00:00,1777631951000,38805,25.26436,42.57492,1003.69,52139
20260430-235226,-OrY6mBfhWYtPQi7gcy_,2026-05-01 10:39:21+00:00,1777631961000,38815,25.26373,42.58661,1003.69,52041
20260430-235226,-OrY6oc9uQwHzUs1_-YD,2026-05-01 10:39:31+00:00,1777631971000,38825,25.26405,42.58665,1003.70001,52171
20260430-235226,-OrY6r3aC4gGssaK9tyE,2026-05-01 10:39:41+00:00,1777631981000,38835,25.26341,42.59833,1003.69,52204
20260430-235226,-OrY6tVWXXK3ZYM0Ryv0,2026-05-01 10:39:51+00:00,1777631991000,38845,25.26341,42.5807,1003.70001,52269
20260430-235226,-OrY6vxCcSnRjlU8xjtQ,2026-05-01 10:40:01+00:00,1777632001000,38855,25.26278,42.56886,1003.69,52236
20260430-235226,-OrY6yOhtRvJBsurnNeP,2026-05-01 10:40:11+00:00,1777632011000,38865,25.26309,42.55715,1003.70001,52139
20260430-235226,-OrY7-qDuvlHAGuFGSgD,2026-05-01 10:40:21+00:00,1777632021000,38875,25.26373,42.58073,1003.70001,52171
20260430-235226,-OrY72HP4xiYbTi4lmiD,2026-05-01 10:40:31+00:00,1777632031000,38885,25.26405,42.62193,1003.70001,52074
20260430-235226,-OrY74i6CdEgJWKSsDBV,2026-05-01 10:40:41+00:00,1777632041000,38895,25.26373,42.62777,1003.71997,52301
20260430-235226,-OrY7795hMIECu7sMTeC,2026-05-01 10:40:51+00:00,1777632051000,38905,25.26278,42.58649,1003.71997,52204
20260430-235226,-OrY79aqgQfUDCO3X_cI,2026-05-01 10:41:01+00:00,1777632061000,38915,25.26024,42.58033,1003.71997,52269
20260430-235226,-OrY7C1QJk__oakXgFo5,2026-05-01 10:41:11+00:00,1777632071000,38925,25.26024,42.58033,1003.71997,52204
20260430-235226,-OrY7EUEx7WkDkSwj3qD,2026-05-01 10:41:21+00:00,1777632081000,38935,25.26056,42.55685,1003.71997,52236
20260430-235226,-OrY7H5ePWycDz_I4JXz,2026-05-01 10:41:31+00:00,1777632091000,38945,25.26088,42.59217,1003.71997,52139
20260430-235226,-OrY7JNDrmM5qbYWh5HN,2026-05-01 10:41:41+00:00,1777632101000,38955,25.26088,42.58041,1003.71997,52236
20260430-235226,-OrY7Lo7zk0vbcaQWyn_,2026-05-01 10:41:51+00:00,1777632111000,38965,25.26119,42.54517,1003.72998,52269
20260430-235226,-OrY7OF7R3JW0eFCMYOD,2026-05-01 10:42:01+00:00,1777632121000,38975,25.26119,42.51579,1003.72998,52334
20260430-235226,-OrY7QgqXsG-ttJRPMRG,2026-05-01 10:42:11+00:00,1777632131000,38985,25.26214,42.50415,1003.73999,52334
20260430-235226,-OrY7T7T-SOV7v_p-TXv,2026-05-01 10:42:21+00:00,1777632141000,38995,25.26214,42.46889,1003.73999,52367
20260430-235226,-OrY7VZUPoGReOsgP90T,2026-05-01 10:42:31+00:00,1777632151000,39005,25.26151,42.48057,1003.72998,52531
20260430-235226,-OrY7Y0A-sBaPL-lw3Vx,2026-05-01 10:42:41+00:00,1777632161000,39015,25.26183,42.48062,1003.73999,52432
20260430-235226,-OrY7_S_c_bHFxF2LhxP,2026-05-01 10:42:51+00:00,1777632171000,39025,25.26183,42.51587,1003.73999,52301
20260430-235226,-OrY7btxfIAknnKzFS1H,2026-05-01 10:43:01+00:00,1777632181000,39035,25.26088,42.60981,1003.72998,52269
20260430-235226,-OrY7eLmviOFKwQ6ozqi,2026-05-01 10:43:11+00:00,1777632191000,39045,25.26151,42.6922,1003.73999,52301
20260430-235226,-OrY7gmPDvaXuSa4GVaW,2026-05-01 10:43:21+00:00,1777632201000,39055,25.26119,42.68629,1003.73999,52630
20260430-235226,-OrY7jDeXc1vHArsR-Vl,2026-05-01 10:43:31+00:00,1777632211000,39065,25.26024,42.63325,1003.73999,52564
20260430-235226,-OrY7lf8eAX3k3oiPa8k,2026-05-01 10:43:41+00:00,1777632221000,39075,25.25929,42.62726,1003.75,52432
20260430-235226,-OrY7o5j7ia1g6s4R3Hw,2026-05-01 10:43:51+00:00,1777632231000,39085,25.25992,42.67438,1003.73999,52334
20260430-235226,-OrY7qY8qWH1pRA6-Yaq,2026-05-01 10:44:01+00:00,1777632241000,39095,25.25866,42.67424,1003.73999,52367
20260430-235226,-OrY7sz4UqqNPQtWoe-w,2026-05-01 10:44:11+00:00,1777632251000,39105,25.25961,42.61554,1003.73999,52630
20260430-235226,-OrY7vQjZnWBOZO63-Tc,2026-05-01 10:44:21+00:00,1777632261000,39115,25.25992,42.5803,1003.73999,52432
20260430-235226,-OrY7xsGrAWv1cR2a1Al,2026-05-01 10:44:31+00:00,1777632271000,39125,25.26088,42.52751,1003.75,52432
20260430-235226,-OrY8-dD-HYBhlQxFFGY,2026-05-01 10:44:41+00:00,1777632281000,39135,25.26214,42.55704,1003.73999,52432
20260430-235226,-OrY81kYaOlIk2LpA9kq,2026-05-01 10:44:51+00:00,1777632291000,39145,25.26214,42.59231,1003.75,52531
20260430-235226,-OrY84B59DNO4uPbTUKE,2026-05-01 10:45:01+00:00,1777632301000,39155,25.26183,42.56876,1003.75,52465
20260430-235226,-OrY86crxZGNFOCWv41U,2026-05-01 10:45:11+00:00,1777632311000,39165,25.26246,42.59823,1003.75,52498
20260430-235226,-OrY8946uyaQ4LIBlutm,2026-05-01 10:45:21+00:00,1777632321000,39175,25.26246,42.58647,1003.75,52400
20260430-235226,-OrY8BX3bovZdQdjkmRZ,2026-05-01 10:45:31+00:00,1777632331000,39185,25.26151,42.56284,1003.75,52465
20260430-235226,-OrY8DxZ8wCA09uKqzu4,2026-05-01 10:45:41+00:00,1777632341000,39195,25.26056,42.55098,1003.73999,52465
20260430-235226,-OrY8GP848ffmZkSgkn6,2026-05-01 10:45:51+00:00,1777632351000,39205,25.25961,42.57439,1003.73999,52597
20260430-235226,-OrY8Iqe6zNIsiDHI35N,2026-05-01 10:46:01+00:00,1777632361000,39215,25.25992,42.56855,1003.75,52400
20260430-235226,-OrY8LH1wQeKPzlp7pJn,2026-05-01 10:46:11+00:00,1777632371000,39225,25.25992,42.53328,1003.75,52432
20260430-235226,-OrY8Nj8vggzJNMKCufq,2026-05-01 10:46:21+00:00,1777632381000,39235,25.25961,42.51561,1003.75,52564
20260430-235226,-OrY8QA42SGtG1DzUSi-,2026-05-01 10:46:31+00:00,1777632391000,39245,25.26056,42.52159,1003.73999,52531
20260430-235226,-OrY8SbHKQTiUxaiPL2A,2026-05-01 10:46:41+00:00,1777632401000,39255,25.26056,42.56273,1003.75,52465
20260430-235226,-OrY8V26PdM-98N9i3tU,2026-05-01 10:46:51+00:00,1777632411000,39265,25.26119,42.57457,1003.76001,52367
20260430-235226,-OrY8XU6Oa0x4nkKmlHG,2026-05-01 10:47:01+00:00,1777632421000,39275,25.26024,42.53919,1003.77002,52432
20260430-235226,-OrY8Zw0wD30eHGuP2uT,2026-05-01 10:47:11+00:00,1777632431000,39285,25.26119,42.51579,1003.77002,52597
20260430-235226,-OrY8bNZsTTGVccsz4a9,2026-05-01 10:47:21+00:00,1777632441000,39295,25.26119,42.49229,1003.77002,52597
20260430-235226,-OrY8doaUMlCekRwBUv3,2026-05-01 10:47:31+00:00,1777632451000,39305,25.26056,42.50396,1003.76001,52465
20260430-235226,-OrY8gFvxuBn1QAOb9yf,2026-05-01 10:47:41+00:00,1777632461000,39315,25.25992,42.53328,1003.76001,52597
20260430-235226,-OrY8iu4nib6KWg4dydW,2026-05-01 10:47:51+00:00,1777632471000,39325,25.25866,42.52726,1003.76001,52630
20260430-235226,-OrY8l7kFjKb6reKuPqn,2026-05-01 10:48:01+00:00,1777632481000,39335,25.25802,42.49781,1003.77002,52564
20260430-235226,-OrY8n_gFbK3spatvw-H,2026-05-01 10:48:11+00:00,1777632491000,39345,25.25771,42.49778,1003.77002,52400
20260430-235226,-OrY8q0X-lxuA08ICp9c,2026-05-01 10:48:21+00:00,1777632501000,39355,25.25676,42.48004,1003.77002,52564
20260430-235226,-OrY8sSPELlix0SenZur,2026-05-01 10:48:31+00:00,1777632511000,39365,25.25644,42.48588,1003.77002,52597
20260430-235226,-OrY8uu95CsBrQiQeqDF,2026-05-01 10:48:41+00:00,1777632521000,39375,25.25676,42.52705,1003.77002,52432
20260430-235226,-OrY8xKpmpcD4b0JaEaq,2026-05-01 10:48:51+00:00,1777632531000,39385,25.25612,42.57399,1003.77002,52498
20260430-235226,-OrY8zmajbDgRNVGAF8k,2026-05-01 10:49:01+00:00,1777632541000,39395,25.2539,42.55024,1003.77002,52663
20260430-235226,-OrY91ESVv27FPKHOT_Y,2026-05-01 10:49:11+00:00,1777632551000,39405,25.25327,42.59718,1003.77002,52498
20260430-235226,-OrY93e_lG4mo4uhd-md,2026-05-01 10:49:21+00:00,1777632561000,39415,25.25295,42.67359,1003.78003,52630
20260430-235226,-OrY966H75CP5eXwZjjo,2026-05-01 10:49:31+00:00,1777632571000,39425,25.25264,42.65003,1003.78003,52597
20260430-235226,-OrY98YAStWnHqHy9W3F,2026-05-01 10:49:41+00:00,1777632581000,39435,25.25264,42.56184,1003.78998,52597
20260430-235226,-OrY9B-9mKlTpN-M_edC,2026-05-01 10:49:51+00:00,1777632591000,39445,25.25327,42.55603,1003.78998,52663
20260430-235226,-OrY9DRBoT3SULWwmZb1,2026-05-01 10:50:01+00:00,1777632601000,39455,25.25359,42.59722,1003.79999,52531
20260430-235226,-OrY9FrpJSAVTTlleBDo,2026-05-01 10:50:11+00:00,1777632611000,39465,25.25327,42.6795,1003.78998,52465
20260430-235226,-OrY9IJkxZ_uDu3SiyQI,2026-05-01 10:50:21+00:00,1777632621000,39475,25.25295,42.64418,1003.78998,52564
20260430-235226,-OrY9Kko7Un_APqjBOXO,2026-05-01 10:50:31+00:00,1777632631000,39485,25.25359,42.54432,1003.78998,52763
20260430-235226,-OrY9NBgBQbv_OCdlJDb,2026-05-01 10:50:41+00:00,1777632641000,39495,25.25359,42.46794,1003.78998,52630
20260430-235226,-OrY9PcrO8_ocYzV_tbl,2026-05-01 10:50:51+00:00,1777632651000,39505,25.25485,42.50333,1003.78998,52432
20260430-235226,-OrY9SSl9nH3meoVJcGx,2026-05-01 10:51:01+00:00,1777632661000,39515,25.25422,42.63844,1003.78998,52630
20260430-235226,-OrY9UWnh5XrJAiNEiec,2026-05-01 10:51:11+00:00,1777632671000,39525,25.25422,42.61492,1003.79999,52630
20260430-235226,-OrY9Wyf7_cKjUfDs0fh,2026-05-01 10:51:21+00:00,1777632681000,39535,25.25485,42.55621,1003.79999,52531
20260430-235226,-OrY9ZPaBk3tdb_axC6Z,2026-05-01 10:51:31+00:00,1777632691000,39545,25.25517,42.55037,1003.81,52597
20260430-235226,-OrY9aqYmqAZbZEfEyyh,2026-05-01 10:51:41+00:00,1777632701000,39555,25.25517,42.60328,1003.81,52597
20260430-235226,-OrY9dHsLcXsPy7-9Ra6,2026-05-01 10:51:51+00:00,1777632711000,39565,25.25549,42.66211,1003.82001,52696
20260430-235226,-OrY9fibNQBexVi1HQEK,2026-05-01 10:52:01+00:00,1777632721000,39575,25.2558,42.69744,1003.82001,52796
20260430-235226,-OrY9i9mnDJ2A79WTUg1,2026-05-01 10:52:11+00:00,1777632731000,39585,25.25485,42.66793,1003.82001,52796
20260430-235226,-OrY9kb0mQUqTNNo9EZG,2026-05-01 10:52:21+00:00,1777632741000,39595,25.25359,42.64426,1003.82001,52597
20260430-235226,-OrY9n3CmsAZ44ndV0E6,2026-05-01 10:52:31+00:00,1777632751000,39605,25.25327,42.63245,1003.82001,52730
20260430-235226,-OrY9pUXjoHTRltrRRec,2026-05-01 10:52:41+00:00,1777632761000,39615,25.25295,42.70888,1003.82001,52531
20260430-235226,-OrY9rwES5DIkoVKaFrr,2026-05-01 10:52:51+00:00,1777632771000,39625,25.252,42.72054,1003.82001,52531
20260430-235226,-OrY9uNaEbxn9wk8a74o,2026-05-01 10:53:01+00:00,1777632781000,39635,25.25137,42.73224,1003.83002,52432
20260430-235226,-OrY9woGerIN5dstQtqf,2026-05-01 10:53:11+00:00,1777632791000,39645,25.25137,42.79109,1003.82001,52696
20260430-235226,-OrY9zG6PilSFYYEXJLb,2026-05-01 10:53:21+00:00,1777632801000,39655,25.2501,42.75563,1003.83002,52696
20260430-235226,-OrYA0gi1MJ0OGoqjUfH,2026-05-01 10:53:31+00:00,1777632811000,39665,25.24978,42.68499,1003.83002,52763
20260430-235226,-OrYA38E6CwMflNsw7MT,2026-05-01 10:53:41+00:00,1777632821000,39675,25.24915,42.63787,1003.84003,52763
20260430-235226,-OrYA5aJz4jifXAWC2ag,2026-05-01 10:53:51+00:00,1777632831000,39685,25.24915,42.5732,1003.83002,52696
20260430-235226,-OrYA80YozY6y7aoYRZ9,2026-05-01 10:54:01+00:00,1777632841000,39695,25.24978,42.53801,1003.83002,52663
20260430-235226,-OrYAAgMjzjlDAH8huKS,2026-05-01 10:54:11+00:00,1777632851000,39705,25.2501,42.57331,1003.84003,52763
20260430-235226,-OrYACumSnU9H5LMcdw3,2026-05-01 10:54:21+00:00,1777632861000,39715,25.25042,42.56159,1003.84003,52498
20260430-235226,-OrYAFLfruv1PVqJnbSs,2026-05-01 10:54:31+00:00,1777632871000,39725,25.25042,42.54984,1003.83002,52432
20260430-235226,-OrYAHmoLp2wsJ246rwN,2026-05-01 10:54:41+00:00,1777632881000,39735,25.25168,42.5206,1003.83002,52531
20260430-235226,-OrYAKDwq8CJs3NUwz7i,2026-05-01 10:54:51+00:00,1777632891000,39745,25.25295,42.45611,1003.84003,52896
20260430-235226,-OrYAMf6zxJ79HK9XQ7g,2026-05-01 10:55:01+00:00,1777632901000,39755,25.25232,42.47366,1003.84003,52796
20260430-235226,-OrYAP6X0H0PHgWAsblq,2026-05-01 10:55:11+00:00,1777632911000,39765,25.25327,42.47376,1003.84003,52763
20260430-235226,-OrYARZI63mvaspkDYT6,2026-05-01 10:55:21+00:00,1777632921000,39775,25.25295,42.50898,1003.84003,52630
20260430-235226,-OrYATzpcj7QML5y4r0i,2026-05-01 10:55:31+00:00,1777632931000,39785,25.25422,42.56202,1003.84003,52531
20260430-235226,-OrYAWRokPAl-OxmahT5,2026-05-01 10:55:41+00:00,1777632941000,39795,25.25422,42.59141,1003.84003,52564
20260430-235226,-OrYAYt4OM-lMMwzNlu_,2026-05-01 10:55:51+00:00,1777632951000,39805,25.25454,42.54443,1003.84003,52696
20260430-235226,-OrYAaJhHgfild5us4Fi,2026-05-01 10:56:01+00:00,1777632961000,39815,25.25454,42.53855,1003.84003,52896
20260430-235226,-OrYAckldyUGxT2ttZb6,2026-05-01 10:56:11+00:00,1777632971000,39825,25.25454,42.55618,1003.84003,52663
20260430-235226,-OrYAfCqyAzMdO9JKOx1,2026-05-01 10:56:21+00:00,1777632981000,39835,25.2539,42.60313,1003.83002,52564
20260430-235226,-OrYAhe6uE8YzPlX5vyO,2026-05-01 10:56:31+00:00,1777632991000,39845,25.25359,42.75014,1003.84003,52531
20260430-235226,-OrYAk4Qr89_cyS1hK1p,2026-05-01 10:56:41+00:00,1777633001000,39855,25.25264,42.83244,1003.84003,52796
20260430-235226,-OrYAmXLzHtMOX83mVjd,2026-05-01 10:56:51+00:00,1777633011000,39865,25.2539,42.69723,1003.84998,52863
20260430-235226,-OrYAoxv-5KM1WDFf9sW,2026-05-01 10:57:01+00:00,1777633021000,39875,25.2539,42.69723,1003.84003,52597
20260430-235226,-OrYArPFLU9wY4xLUOd5,2026-05-01 10:57:11+00:00,1777633031000,39885,25.25327,42.70303,1003.84003,52531
20260430-235226,-OrYAusI_mM6PDevCZDH,2026-05-01 10:57:21+00:00,1777633041000,39895,25.25327,42.70892,1003.84003,52696
20260430-235226,-OrYAwHoar7O14ZvZYzc,2026-05-01 10:57:31+00:00,1777633051000,39905,25.25264,42.69708,1003.84003,52896
20260430-235226,-OrYAyk4dHzK-4GuooXU,2026-05-01 10:57:41+00:00,1777633061000,39915,25.25295,42.64418,1003.83002,52663
20260430-235226,-OrYB0AWCgZGKaWLm8x_,2026-05-01 10:57:51+00:00,1777633071000,39925,25.25359,42.64426,1003.84003,52696
20260430-235226,-OrYB2d8xa_p5KFAhwlZ,2026-05-01 10:58:01+00:00,1777633081000,39935,25.25295,42.68535,1003.83002,52597
20260430-235226,-OrYB52qJ-baP-0dIRyi,2026-05-01 10:58:11+00:00,1777633091000,39945,25.25327,42.57954,1003.83002,52663
20260430-235226,-OrYB7VdJH4Qa0rCt3F2,2026-05-01 10:58:21+00:00,1777633101000,39955,25.25295,42.53249,1003.83002,52630
20260430-235226,-OrYB9whE5JHx21eYmgA,2026-05-01 10:58:31+00:00,1777633111000,39965,25.252,42.55589,1003.83002,52829
20260430-235226,-OrYBCNSIuN2fw_V8lwA,2026-05-01 10:58:41+00:00,1777633121000,39975,25.25073,42.60865,1003.83002,52763
20260430-235226,-OrYBEojO__scCKrGb-s,2026-05-01 10:58:51+00:00,1777633131000,39985,25.25073,42.62629,1003.83002,52863
20260430-235226,-OrYBHGkmoQZZjn_BuIT,2026-05-01 10:59:01+00:00,1777633141000,39995,25.24978,42.61443,1003.83002,52730
20260430-235226,-OrYBJhrW0O6uPRHSJj4,2026-05-01 10:59:11+00:00,1777633151000,40005,25.2482,42.60248,1003.83002,52796
20260430-235226,-OrYBM8Y7m2foNUYQVGT,2026-05-01 10:59:21+00:00,1777633161000,40015,25.2482,42.626,1003.83002,52730
20260430-235226,-OrYBOa7as-Nmm9Svi0R,2026-05-01 10:59:31+00:00,1777633171000,40025,25.24725,42.67295,1003.83002,52730
20260430-235226,-OrYBR1crXk_9gMRMP20,2026-05-01 10:59:41+00:00,1777633181000,40035,25.24566,42.62571,1003.82001,52763
20260430-235226,-OrYBTTUw7E6EAoTAEnt,2026-05-01 10:59:51+00:00,1777633191000,40045,25.24408,42.63142,1003.82001,52863
20260430-235226,-OrYBVuT3_ODOPz8yTJR,2026-05-01 11:00:01+00:00,1777633201000,40055,25.24313,42.6666,1003.82001,52863
20260430-235226,-OrYBYMUJQ7TKzA4tY_y,2026-05-01 11:00:11+00:00,1777633211000,40065,25.24376,42.66666,1003.82001,53064
20260430-235226,-OrYB_nEOyz4W7qSS38x,2026-05-01 11:00:21+00:00,1777633221000,40075,25.24281,42.69596,1003.81,52896
20260430-235226,-OrYBcZ3m-lbwtEGJCPW,2026-05-01 11:00:31+00:00,1777633231000,40085,25.24344,42.65487,1003.81,52829
20260430-235226,-OrYBegnTWICZZhh9vBT,2026-05-01 11:00:41+00:00,1777633241000,40095,25.24376,42.61963,1003.81,52829
20260430-235226,-OrYBh6hjvNu663iphte,2026-05-01 11:00:51+00:00,1777633251000,40105,25.24408,42.58438,1003.81,53064
20260430-235226,-OrYBjZmIc7M9EmljIc-,2026-05-01 11:01:01+00:00,1777633261000,40115,25.24534,42.55514,1003.82001,52863
20260430-235226,-OrYBm-scc1HwBHT2L-I,2026-05-01 11:01:11+00:00,1777633271000,40125,25.24598,42.62576,1003.81,52963
20260430-235226,-OrYBoROJKGyQqQ_NiKx,2026-05-01 11:01:21+00:00,1777633281000,40135,25.2463,42.67872,1003.82001,52863
20260430-235226,-OrYBqsd7LoznuNFZ3ey,2026-05-01 11:01:31+00:00,1777633291000,40145,25.24598,42.70221,1003.81,52763
20260430-235226,-OrYBtKO_rPqM3NXA30b,2026-05-01 11:01:41+00:00,1777633301000,40155,25.24598,42.60224,1003.81,52896
20260430-235226,-OrYBvlDsV6n4OnV1m_n,2026-05-01 11:01:51+00:00,1777633311000,40165,25.24661,42.59055,1003.81,52863
20260430-235226,-OrYByDln7pNHU0K5bcn,2026-05-01 11:02:01+00:00,1777633321000,40175,25.24693,42.66114,1003.79999,52730
20260430-235226,-OrYC-eG0pmTUP-2PH18,2026-05-01 11:02:11+00:00,1777633331000,40185,25.24725,42.68471,1003.81,52963
20260430-235226,-OrYC2504iD51Wx3rva-,2026-05-01 11:02:21+00:00,1777633341000,40195,25.24756,42.67298,1003.79999,52929
20260430-235226,-OrYC4XAby9sJEap2SE1,2026-05-01 11:02:31+00:00,1777633351000,40205,25.24883,42.65548,1003.79999,52896
20260430-235226,-OrYC6yM7E_sElGgz6U0,2026-05-01 11:02:41+00:00,1777633361000,40215,25.24978,42.67323,1003.78998,52963
20260430-235226,-OrYC9PjcJPr13FRX_TU,2026-05-01 11:02:51+00:00,1777633371000,40225,25.24883,42.77903,1003.79999,53030
20260430-235226,-OrYCBr9BhOol2qnaCQt,2026-05-01 11:03:01+00:00,1777633381000,40235,25.24788,42.879,1003.79999,52863
20260430-235226,-OrYCEJaxqqplaoVnDVL,2026-05-01 11:03:11+00:00,1777633391000,40245,25.24756,42.90841,1003.79999,52763
20260430-235226,-OrYCGjRDXEyDVZROuzr,2026-05-01 11:03:21+00:00,1777633401000,40255,25.2482,42.87902,1003.79999,52730
20260430-235226,-OrYCJBSwMw3cKt5SoYN,2026-05-01 11:03:31+00:00,1777633411000,40265,25.24693,42.72585,1003.79999,52996
20260430-235226,-OrYCLiOPByLfStYJonW,2026-05-01 11:03:41+00:00,1777633421000,40275,25.24566,42.57868,1003.79999,52663
20260430-235226,-OrYCO3ATLhFucdg0rWw,2026-05-01 11:03:51+00:00,1777633431000,40285,25.24534,42.57277,1003.78998,52730
20260430-235226,-OrYCQVjgI21j4a3NueX,2026-05-01 11:04:01+00:00,1777633441000,40295,25.24471,42.61385,1003.79999,52796
20260430-235226,-OrYCSwaKEQx08ZM_5_c,2026-05-01 11:04:11+00:00,1777633451000,40305,25.24344,42.70781,1003.79999,52929
20260430-235226,-OrYCVNjq3PpMzPcvl6g,2026-05-01 11:04:21+00:00,1777633461000,40315,25.24313,42.77838,1003.78998,52763
20260430-235226,-OrYCXq0yrttYwwo1S4Y,2026-05-01 11:04:31+00:00,1777633471000,40325,25.24313,42.80192,1003.78998,52863
20260430-235226,-OrYC_H-qwzusfXCgG_s,2026-05-01 11:04:41+00:00,1777633481000,40335,25.24344,42.7843,1003.77002,52663
20260430-235226,-OrYCbhUTCL5oBdatrjA,2026-05-01 11:04:51+00:00,1777633491000,40345,25.24344,42.76664,1003.77002,52996
20260430-235226,-OrYCe8xpwUEfNAjExnZ,2026-05-01 11:05:01+00:00,1777633501000,40355,25.24534,42.70214,1003.77002,52763
20260430-235226,-OrYCgaxz5x6it03QGhM,2026-05-01 11:05:11+00:00,1777633511000,40365,25.24566,42.65512,1003.77002,52863
20260430-235226,-OrYCj1IlBs1wbwT400R,2026-05-01 11:05:21+00:00,1777633521000,40375,25.24598,42.56696,1003.77002,52796
20260430-235226,-OrYClUUVolMiy-5UEOr,2026-05-01 11:05:31+00:00,1777633531000,40385,25.24503,42.53747,1003.76001,52929
20260430-235226,-OrYCnux7SPvGrmgkX4P,2026-05-01 11:05:41+00:00,1777633541000,40395,25.24471,42.55506,1003.76001,52863
20260430-235226,-OrYCqM4-GhhLS4kIE-f,2026-05-01 11:05:51+00:00,1777633551000,40405,25.24471,42.53743,1003.76001,52796
20260430-235226,-OrYCsnMR1rTUtUTbssc,2026-05-01 11:06:01+00:00,1777633561000,40415,25.24598,42.53758,1003.76001,52996
20260430-235226,-OrYCvE__dBoKTHB4XNY,2026-05-01 11:06:11+00:00,1777633571000,40425,25.24598,42.60224,1003.77002,53064
20260430-235226,-OrYCxfmImcVTxWqgEpe,2026-05-01 11:06:21+00:00,1777633581000,40435,25.24471,42.64913,1003.77002,52863
20260430-235226,-OrYD-84hcO0eEbBrtc0,2026-05-01 11:06:31+00:00,1777633591000,40445,25.24344,42.72545,1003.76001,52896
20260430-235226,-OrYD1ZGOwE9rS5aDQJh,2026-05-01 11:06:41+00:00,1777633601000,40455,25.24281,42.73127,1003.76001,52996
20260430-235226,-OrYD45arBSczAFFkWge,2026-05-01 11:06:51+00:00,1777633611000,40465,25.24186,42.7547,1003.76001,52696
20260430-235226,-OrYD6RpbOuBNrR-5DaC,2026-05-01 11:07:01+00:00,1777633621000,40475,25.24059,42.80164,1003.76001,52730
20260430-235226,-OrYD8t7t4vOSHcYZ16_,2026-05-01 11:07:11+00:00,1777633631000,40485,25.23932,42.79561,1003.76001,52829
20260430-235226,-OrYDBKt3PZYgrHRcv7D,2026-05-01 11:07:21+00:00,1777633641000,40495,25.23901,42.71907,1003.76001,53064
20260430-235226,-OrYDDl_fIu8Cd0vM-Id,2026-05-01 11:07:31+00:00,1777633651000,40505,25.23901,42.64849,1003.76001,52829
20260430-235226,-OrYDGCpAXCDAO8QHWHI,2026-05-01 11:07:41+00:00,1777633661000,40515,25.23837,42.61901,1003.76001,52863
20260430-235226,-OrYDIeB-p1bwzBbEdm3,2026-05-01 11:07:51+00:00,1777633671000,40525,25.23806,42.6131,1003.76001,52796
20260430-235226,-OrYDL6LkBRsfCITWsIe,2026-05-01 11:08:01+00:00,1777633681000,40535,25.23679,42.66588,1003.76001,52730
20260430-235226,-OrYDNXjcCBsUbmybLK2,2026-05-01 11:08:11+00:00,1777633691000,40545,25.23679,42.71293,1003.76001,52896
20260430-235226,-OrYDPyo7bpnmmoRuoQs,2026-05-01 11:08:21+00:00,1777633701000,40555,25.23647,42.70113,1003.77002,53030
20260430-235226,-OrYDSQvt8KK9r0AUM9C,2026-05-01 11:08:31+00:00,1777633711000,40565,25.23615,42.68344,1003.77002,52963
20260430-235226,-OrYDUrKuaGbPTf8xVKR,2026-05-01 11:08:41+00:00,1777633721000,40575,25.23647,42.67172,1003.77002,52929
20260430-235226,-OrYDXIdkyDo7Isk24E-,2026-05-01 11:08:51+00:00,1777633731000,40585,25.23615,42.61288,1003.77002,52863
20260430-235226,-OrYDZk5MTrKdleWIAwX,2026-05-01 11:09:01+00:00,1777633741000,40595,25.23615,42.58348,1003.78003,52863
20260430-235226,-OrYDbB6v3pIANSuFiEy,2026-05-01 11:09:11+00:00,1777633751000,40605,25.23742,42.62478,1003.78998,52963
20260430-235226,-OrYDdcFLFUbxr-pjLDU,2026-05-01 11:09:21+00:00,1777633761000,40615,25.23837,42.64253,1003.78003,52996
20260430-235226,-OrYDg3nFpy2WWHehF6w,2026-05-01 11:09:31+00:00,1777633771000,40625,25.23774,42.67186,1003.78003,52996
20260430-235226,-OrYDiVpM7_YYrMsNLX3,2026-05-01 11:09:41+00:00,1777633781000,40635,25.2371,42.74239,1003.78998,52963
20260430-235226,-OrYDkx1I6XP8l--xCne,2026-05-01 11:09:51+00:00,1777633791000,40645,25.23806,42.80724,1003.78003,52896
20260430-235226,-OrYDnaitvXE-MROD3ZG,2026-05-01 11:10:01+00:00,1777633801000,40655,25.23901,42.69554,1003.78003,52896
20260430-235226,-OrYDpp_44Nn4FdI3Z0L,2026-05-01 11:10:11+00:00,1777633811000,40665,25.23901,42.67789,1003.78998,52863
20260430-235226,-OrYDsHJCdaHRZ0VAycp,2026-05-01 11:10:21+00:00,1777633821000,40675,25.23806,42.62486,1003.78998,52863
20260430-235226,-OrYDuilqXc2Jbh7gQaZ,2026-05-01 11:10:31+00:00,1777633831000,40685,25.24027,42.61335,1003.79999,53064
20260430-235226,-OrYDxAfb6FyGpKYtlMG,2026-05-01 11:10:41+00:00,1777633841000,40695,25.24122,42.5723,1003.79999,52929
20260430-235226,-OrYDzbJkNehk7zfg0lG,2026-05-01 11:10:51+00:00,1777633851000,40705,25.24218,42.5489,1003.81,52963
20260430-235226,-OrYE11uAErKhxF4m9hB,2026-05-01 11:11:01+00:00,1777633861000,40715,25.24091,42.57227,1003.81,53030
20260430-235226,-OrYE3U7PaG2jRbFd6_8,2026-05-01 11:11:11+00:00,1777633871000,40725,25.24091,42.62518,1003.81,52996
20260430-235226,-OrYE5wJ-r_39761I6Vs,2026-05-01 11:11:21+00:00,1777633881000,40735,25.24027,42.6251,1003.79999,53198
20260430-235226,-OrYE8MeVa3GtoZ5G80q,2026-05-01 11:11:31+00:00,1777633891000,40745,25.23996,42.61332,1003.81,53030
20260430-235226,-OrYEAnjGTRvnYaUWJBp,2026-05-01 11:11:41+00:00,1777633901000,40755,25.24027,42.70156,1003.81,52963
20260430-235226,-OrYEDFHx3QNohDVXlCG,2026-05-01 11:11:51+00:00,1777633911000,40765,25.24154,42.76643,1003.82001,52896
20260430-235226,-OrYEFgPa2kP5hHApBUs,2026-05-01 11:12:01+00:00,1777633921000,40775,25.24281,42.7548,1003.82001,52929
20260430-235226,-OrYEI7mNDtoPgJWV3mF,2026-05-01 11:12:11+00:00,1777633931000,40785,25.24313,42.7313,1003.82001,53131
20260430-235226,-OrYEKZr3pxwcw6lct3O,2026-05-01 11:12:21+00:00,1777633941000,40795,25.24281,42.7548,1003.82001,52963
20260430-235226,-OrYEN5c1IbKIavpVafX,2026-05-01 11:12:31+00:00,1777633951000,40805,25.24281,42.83132,1003.82001,52829
20260430-235226,-OrYEPSPRZq6gtGp97Ex,2026-05-01 11:12:41+00:00,1777633961000,40815,25.24281,42.88431,1003.82001,52896
20260430-235226,-OrYERuJpaEi6n2oBZyv,2026-05-01 11:12:51+00:00,1777633971000,40825,25.24313,42.76661,1003.82001,52929
20260430-235226,-OrYEUKn2EiUZFA4xYbw,2026-05-01 11:13:01+00:00,1777633981000,40835,25.24218,42.77239,1003.83002,53064
20260430-235226,-OrYEWwpT_HxZuNRzoSH,2026-05-01 11:13:11+00:00,1777633991000,40845,25.24154,42.77232,1003.83002,52963
20260430-235226,-OrYEZEGv28mQgBkF8jq,2026-05-01 11:13:21+00:00,1777634001000,40855,25.24122,42.73109,1003.84003,53064
20260430-235226,-OrYEaeUI5FagmcgJFOK,2026-05-01 11:13:31+00:00,1777634011000,40865,25.24154,42.71936,1003.84003,53030
20260430-235226,-OrYEd77dNwlu3-tr9on,2026-05-01 11:13:41+00:00,1777634021000,40875,25.24218,42.74885,1003.84003,53097
20260430-235226,-OrYEfYMuvw_g_ji-I0e,2026-05-01 11:13:51+00:00,1777634031000,40885,25.24154,42.78997,1003.84003,52963
20260430-235226,-OrYEhz8E1cWZr4LIEbN,2026-05-01 11:14:01+00:00,1777634041000,40895,25.24154,42.76054,1003.84003,53131
20260430-235226,-OrYEkQWEOc_JHA7SE1o,2026-05-01 11:14:11+00:00,1777634051000,40905,25.24154,42.69583,1003.84003,53131
20260430-235226,-OrYEmrmZ0u8xA4rPKQD,2026-05-01 11:14:21+00:00,1777634061000,40915,25.24122,42.68402,1003.84003,53030
20260430-235226,-OrYEpJDYwUnMIjHJQxX,2026-05-01 11:14:31+00:00,1777634071000,40925,25.24281,42.70773,1003.84003,53064
20260430-235226,-OrYErkgII-sqk_3rRFc,2026-05-01 11:14:41+00:00,1777634081000,40935,25.24344,42.70781,1003.84003,53030
20260430-235226,-OrYEuBpOeJtFZi_aEPZ,2026-05-01 11:14:51+00:00,1777634091000,40945,25.24439,42.67262,1003.84003,53064
20260430-235226,-OrYEwcq5v9BtlybMd6l,2026-05-01 11:15:01+00:00,1777634101000,40955,25.24534,42.6492,1003.84998,53198
20260430-235226,-OrYEz49CffKBDnIYPwf,2026-05-01 11:15:11+00:00,1777634111000,40965,25.24661,42.67287,1003.84998,53030
20260430-235226,-OrYF0XL2jdkKc1TrUt9,2026-05-01 11:15:21+00:00,1777634121000,40975,25.24693,42.68467,1003.84998,52996
20260430-235226,-OrYF2xlIQcodtz2iDVI,2026-05-01 11:15:31+00:00,1777634131000,40985,25.24693,42.71996,1003.84998,53064
20260430-235226,-OrYF5Ov6Pty6bibML_v,2026-05-01 11:15:41+00:00,1777634141000,40995,25.24503,42.71975,1003.84998,52929
20260430-235226,-OrYF7q5NG8XY9GM4BsE,2026-05-01 11:15:51+00:00,1777634151000,41005,25.24471,42.62561,1003.84998,52963
20260430-235226,-OrYFAI2TiL3lVX11yqX,2026-05-01 11:16:01+00:00,1777634161000,41015,25.24344,42.59019,1003.84998,52896
20260430-235226,-OrYFCjIztknZ1D9q5VD,2026-05-01 11:16:11+00:00,1777634171000,41025,25.24344,42.58431,1003.84998,52796
20260430-235226,-OrYFFIFWW6lCTMpGQnr,2026-05-01 11:16:21+00:00,1777634181000,41035,25.24218,42.61356,1003.84998,52929
20260430-235226,-OrYFHbDYD6KxeQM4LVr,2026-05-01 11:16:31+00:00,1777634191000,41045,25.24122,42.71344,1003.84998,52929
20260430-235226,-OrYFK2ZanY3Sav_gsam,2026-05-01 11:16:41+00:00,1777634201000,41055,25.23996,42.86043,1003.84998,53131
20260430-235226,-OrYFMUizkmYXMTQtRZO,2026-05-01 11:16:51+00:00,1777634211000,41065,25.23901,42.84855,1003.84998,53097
20260430-235226,-OrYFOwabmcukSG8FSbM,2026-05-01 11:17:01+00:00,1777634221000,41075,25.23837,42.84847,1003.84998,52996
20260430-235226,-OrYFROK0_WSOES9CP1s,2026-05-01 11:17:11+00:00,1777634231000,41085,25.23806,42.77192,1003.84998,53064
20260430-235226,-OrYFToRbstD57mJJbfK,2026-05-01 11:17:21+00:00,1777634241000,41095,25.23837,42.74252,1003.85999,52896
20260430-235226,-OrYFWFadTDAZNfxJI9t,2026-05-01 11:17:31+00:00,1777634251000,41105,25.23774,42.69539,1003.85999,53097
20260430-235226,-OrYFYh7YEihAh9AoeiI,2026-05-01 11:17:41+00:00,1777634261000,41115,25.23679,42.66588,1003.84998,53131
20260430-235226,-OrYFa7rfEXIKnz00HU_,2026-05-01 11:17:51+00:00,1777634271000,41125,25.23647,42.5894,1003.85999,53030
20260430-235226,-OrYFca45JSsT8ATeLTx,2026-05-01 11:18:01+00:00,1777634281000,41135,25.23615,42.55997,1003.84998,53064
20260430-235226,-OrYFf0dzg9-QyDqqtr5,2026-05-01 11:18:11+00:00,1777634291000,41145,25.23679,42.61884,1003.84998,53064
20260430-235226,-OrYFhSf-NCVQ6Vdzu8X,2026-05-01 11:18:21+00:00,1777634301000,41155,25.23679,42.67176,1003.84998,52963
20260430-235226,-OrYFjuLBJgc5M0s0sMq,2026-05-01 11:18:31+00:00,1777634311000,41165,25.23647,42.65408,1003.84998,53030
20260430-235226,-OrYFmLf-sk7JSXAnFqa,2026-05-01 11:18:41+00:00,1777634321000,41175,25.23679,42.61884,1003.84998,53266
20260430-235226,-OrYFomUUFDgk_1_ehmS,2026-05-01 11:18:51+00:00,1777634331000,41185,25.23806,42.62486,1003.84998,53064
20260430-235226,-OrYFrDkTPIiku4-E8-5,2026-05-01 11:19:01+00:00,1777634341000,41195,25.23837,42.61313,1003.85999,53198
20260430-235226,-OrYFtfI8Gp7jgYnXkUf,2026-05-01 11:19:11+00:00,1777634351000,41205,25.23837,42.64253,1003.84998,53198
20260430-235226,-OrYFw66tV9yFHf6JPsh,2026-05-01 11:19:21+00:00,1777634361000,41215,25.23869,42.64845,1003.84998,53368
20260430-235226,-OrYFyeDFgrSGYFB7EQH,2026-05-01 11:19:31+00:00,1777634371000,41225,25.23806,42.62486,1003.84003,53402
20260430-235226,-OrYG-zkRQ2XeuS8v7AC,2026-05-01 11:19:41+00:00,1777634381000,41235,25.23869,42.56614,1003.84003,53165
20260430-235226,-OrYG2R6tQIz6hURszQS,2026-05-01 11:19:51+00:00,1777634391000,41245,25.23837,42.60137,1003.84998,53097
20260430-235226,-OrYG4s6X6ZlkFfMCRVh,2026-05-01 11:20:01+00:00,1777634401000,41255,25.23869,42.63081,1003.84998,53131
20260430-235226,-OrYG7Jaa_v1uplKUU3P,2026-05-01 11:20:11+00:00,1777634411000,41265,25.23774,42.71892,1003.84998,53064
20260430-235226,-OrYG9ko6McD8uxbSZvl,2026-05-01 11:20:21+00:00,1777634421000,41275,25.23837,42.76018,1003.84003,53064
20260430-235226,-OrYGCCCOLQhFjTWs62M,2026-05-01 11:20:31+00:00,1777634431000,41285,25.23774,42.69539,1003.84003,53131
20260430-235226,-OrYGEdIihV3qPHdvfmZ,2026-05-01 11:20:41+00:00,1777634441000,41295,25.2371,42.62474,1003.84003,53030
20260430-235226,-OrYGH52VB1XVLZ7PNqv,2026-05-01 11:20:51+00:00,1777634451000,41305,25.2371,42.60711,1003.84003,53064
20260430-235226,-OrYGJX0jYfCCYEo1ZBZ,2026-05-01 11:21:01+00:00,1777634461000,41315,25.23774,42.56015,1003.84003,53131
20260430-235226,-OrYGLxq0IyvSrSIn2uh,2026-05-01 11:21:11+00:00,1777634471000,41325,25.23774,42.56015,1003.84998,52996
20260430-235226,-OrYGOPS8D_8hwrtAhkd,2026-05-01 11:21:21+00:00,1777634481000,41335,25.23774,42.57191,1003.84998,53131
20260430-235226,-OrYGQqtp2TkySPihYkZ,2026-05-01 11:21:31+00:00,1777634491000,41345,25.23837,42.67194,1003.84998,53064
20260430-235226,-OrYGTI0GA9qC3VSMfzB,2026-05-01 11:21:41+00:00,1777634501000,41355,25.23837,42.67194,1003.84998,53198
20260430-235226,-OrYGViuMY3Tki3cRt-r,2026-05-01 11:21:51+00:00,1777634511000,41365,25.2371,42.68356,1003.84998,53064
20260430-235226,-OrYGYAK2LwtmySnyYf0,2026-05-01 11:22:01+00:00,1777634521000,41375,25.23615,42.72462,1003.84003,53030
20260430-235226,-OrYG_bOk_nuwS-Ix8Rs,2026-05-01 11:22:11+00:00,1777634531000,41385,25.23489,42.69507,1003.84003,53064
20260430-235226,-OrYGc2ezsHgbKJdz0Lr,2026-05-01 11:22:21+00:00,1777634541000,41395,25.23489,42.64214,1003.83002,53300
20260430-235226,-OrYGeUyN8IYEQboRTgB,2026-05-01 11:22:31+00:00,1777634551000,41405,25.23394,42.61263,1003.83002,53064
20260430-235226,-OrYGhGssneTF1N-eD5b,2026-05-01 11:22:41+00:00,1777634561000,41415,25.2352,42.62453,1003.83002,53232
20260430-235226,-OrYGjNHe9jSqeNt9Iu9,2026-05-01 11:22:51+00:00,1777634571000,41425,25.23552,42.59517,1003.84003,53232
20260430-235226,-OrYGlocaZEQiEZs7RHB,2026-05-01 11:23:01+00:00,1777634581000,41435,25.23489,42.57747,1003.83002,53334
20260430-235226,-OrYGoFyICq2PVNeyiwr,2026-05-01 11:23:11+00:00,1777634591000,41445,25.23394,42.64791,1003.83002,53131
20260430-235226,-OrYGqhhKwyBPlU5ezC2,2026-05-01 11:23:21+00:00,1777634601000,41455,25.23298,42.66545,1003.83002,53198
20260430-235226,-OrYGt8JPjA72sqVobSy,2026-05-01 11:23:31+00:00,1777634611000,41465,25.23235,42.6889,1003.83002,53131
20260430-235226,-OrYGv_fLEWlm3FKzw7B,2026-05-01 11:23:41+00:00,1777634621000,41475,25.2314,42.8359,1003.84003,53097
20260430-235226,-OrYGy1Akmd-5Eh0dHbV,2026-05-01 11:23:51+00:00,1777634631000,41485,25.23077,42.93595,1003.84003,53030
20260430-235226,-OrYH-UBhbgYO9Q9YzJR,2026-05-01 11:24:01+00:00,1777634641000,41495,25.23172,42.94194,1003.83002,53266
20260430-235226,-OrYH1uhX7f3PtBL0cLC,2026-05-01 11:24:11+00:00,1777634651000,41505,25.23203,42.86542,1003.83002,53030
20260430-235226,-OrYH4M3DdEQdpcysuL4,2026-05-01 11:24:21+00:00,1777634661000,41515,25.23203,42.73593,1003.83002,53131
20260430-235226,-OrYH6nNaQLMvMVvEamw,2026-05-01 11:24:31+00:00,1777634671000,41525,25.2314,42.71232,1003.83002,53131
20260430-235226,-OrYH9EAnAs-gjRGxrNv,2026-05-01 11:24:41+00:00,1777634681000,41535,25.2314,42.70644,1003.82001,53064
20260430-235226,-OrYHBfWghesLBJx-XNF,2026-05-01 11:24:51+00:00,1777634691000,41545,25.23172,42.68295,1003.82001,53097
20260430-235226,-OrYHE6tyziZnInW987S,2026-05-01 11:25:01+00:00,1777634701000,41555,25.23235,42.67713,1003.82001,53165
20260430-235226,-OrYHGZ9we_41L8N3Wxl,2026-05-01 11:25:11+00:00,1777634711000,41565,25.23203,42.61242,1003.82001,53539
20260430-235226,-OrYHJ-4AXt2Sj9mojwy,2026-05-01 11:25:21+00:00,1777634721000,41575,25.23203,42.5889,1003.82001,53368
20260430-235226,-OrYHLRNJnoOki3Y4Vfl,2026-05-01 11:25:31+00:00,1777634731000,41585,25.23203,42.60654,1003.82001,53232
20260430-235226,-OrYHNsdSQwWkA8rnrl0,2026-05-01 11:25:41+00:00,1777634741000,41595,25.2314,42.6535,1003.83002,53334
20260430-235226,-OrYHQeXA6OXl1UzvkdM,2026-05-01 11:25:51+00:00,1777634751000,41605,25.23298,42.60665,1003.83002,53368
20260430-235226,-OrYHSlG8zBK1sw5_4b_,2026-05-01 11:26:01+00:00,1777634761000,41615,25.23267,42.63601,1003.83002,53334
20260430-235226,-OrYHVCIMCsXdDPfVCMO,2026-05-01 11:26:11+00:00,1777634771000,41625,25.2333,42.61256,1003.83002,53402
20260430-235226,-OrYHXdX-GLIjmILDOl_,2026-05-01 11:26:21+00:00,1777634781000,41635,25.2333,42.57141,1003.83002,53504
20260430-235226,-OrYH_4jIleEgSW0b4YE,2026-05-01 11:26:31+00:00,1777634791000,41645,25.2333,42.55965,1003.83002,53334
20260430-235226,-OrYHbXA60b4OWANHhTD,2026-05-01 11:26:41+00:00,1777634801000,41655,25.23267,42.61248,1003.82001,53131
20260430-235226,-OrYHdyNv1cghCablQlw,2026-05-01 11:26:51+00:00,1777634811000,41665,25.2333,42.70666,1003.82001,53064
20260430-235226,-OrYHgPayeXxypknZIFW,2026-05-01 11:27:01+00:00,1777634821000,41675,25.23425,42.68912,1003.82001,53198
20260430-235226,-OrYHiqmH4W-XhKtu_JQ,2026-05-01 11:27:11+00:00,1777634831000,41685,25.23362,42.68904,1003.82001,53266
20260430-235226,-OrYHlJN0N3JKIktAhuU,2026-05-01 11:27:21+00:00,1777634841000,41695,25.23362,42.66552,1003.82001,53232
20260430-235226,-OrYHnjLtZHqytMVsuwK,2026-05-01 11:27:31+00:00,1777634851000,41705,25.2333,42.6596,1003.82001,53470
20260430-235226,-OrYHqA_lZ968GlObL2L,2026-05-01 11:27:41+00:00,1777634861000,41715,25.2333,42.66548,1003.82001,53266
20260430-235226,-OrYHsbj0_4_3IBAo21v,2026-05-01 11:27:51+00:00,1777634871000,41725,25.23235,42.65949,1003.82001,53232
20260430-235226,-OrYHv39Q0Kp303Qnr6D,2026-05-01 11:28:01+00:00,1777634881000,41735,25.2314,42.67702,1003.82001,53539
20260430-235226,-OrYHxVC-SA7jT9eQjA4,2026-05-01 11:28:11+00:00,1777634891000,41745,25.23077,42.75932,1003.81,53131
20260430-235226,-OrYHzw_VxwlZmFe8x5r,2026-05-01 11:28:21+00:00,1777634901000,41755,25.23013,42.80044,1003.82001,53097
20260430-235226,-OrYI1NqhkXDv4PKI57W,2026-05-01 11:28:31+00:00,1777634911000,41765,25.2295,42.70623,1003.82001,53097
20260430-235226,-OrYI3pHS05fosSb7dmZ,2026-05-01 11:28:41+00:00,1777634921000,41775,25.22886,42.67674,1003.82001,53266
20260430-235226,-OrYI6GFld9BC2kCKQKB,2026-05-01 11:28:51+00:00,1777634931000,41785,25.2276,42.70012,1003.83002,53165
20260430-235226,-OrYI8r3sb36YQgg4431,2026-05-01 11:29:01+00:00,1777634941000,41795,25.22696,42.78243,1003.83002,53131
20260430-235226,-OrYIB98BHrHneOhFmrO,2026-05-01 11:29:11+00:00,1777634951000,41805,25.22633,42.80001,1003.84003,53131
20260430-235226,-OrYIDuJzJA42sRiVvZs,2026-05-01 11:29:21+00:00,1777634961000,41815,25.22664,42.75885,1003.83002,53097
20260430-235226,-OrYIG1XBJ48qdYhiJX0,2026-05-01 11:29:31+00:00,1777634971000,41825,25.22601,42.70583,1003.82001,53334
20260430-235226,-OrYIITdUVpCn7pmyWYD,2026-05-01 11:29:41+00:00,1777634981000,41835,25.22569,42.71168,1003.83002,53266
20260430-235226,-OrYIKuiHorqBDSU0vac,2026-05-01 11:29:51+00:00,1777634991000,41845,25.22538,42.71164,1003.83002,53334
20260430-235226,-OrYINMBvN0YHkwloQ6s,2026-05-01 11:30:01+00:00,1777635001000,41855,25.22474,42.69392,1003.82001,53198
20260430-235226,-OrYIPnDX9m3jSyVJHxT,2026-05-01 11:30:11+00:00,1777635011000,41865,25.22443,42.71153,1003.82001,53232
20260430-235226,-OrYISEX7bW-bfBIlH1i,2026-05-01 11:30:21+00:00,1777635021000,41875,25.22443,42.74683,1003.82001,53232
20260430-235226,-OrYIUfiYL_yhtmOfHbi,2026-05-01 11:30:31+00:00,1777635031000,41885,25.22411,42.68208,1003.82001,53300
20260430-235226,-OrYIX7HHIZakAoZ8meq,2026-05-01 11:30:41+00:00,1777635041000,41895,25.22348,42.63497,1003.82001,53300
20260430-235226,-OrYIZZJnN_QnreUR3ow,2026-05-01 11:30:51+00:00,1777635051000,41905,25.22348,42.71143,1003.83002,53198
20260430-235226,-OrYIb-keJmUvY83lYme,2026-05-01 11:31:01+00:00,1777635061000,41915,25.22443,42.76448,1003.82001,53334
20260430-235226,-OrYIdSHfHi5te5fhVY2,2026-05-01 11:31:11+00:00,1777635071000,41925,25.22443,42.81745,1003.83002,52996
20260430-235226,-OrYIftMXvND2dp_oqE9,2026-05-01 11:31:21+00:00,1777635081000,41935,25.22474,42.78218,1003.84003,53334
20260430-235226,-OrYIiKiarVENKX7g-ex,2026-05-01 11:31:31+00:00,1777635091000,41945,25.22379,42.84681,1003.83002,53300
20260430-235226,-OrYIklxoqUCa72KjvRI,2026-05-01 11:31:41+00:00,1777635101000,41955,25.22284,42.8526,1003.84003,53300
20260430-235226,-OrYInCifGT5pWOvcpUy,2026-05-01 11:31:51+00:00,1777635111000,41965,25.22348,42.82323,1003.83002,53334
20260430-235226,-OrYIpe03YjL35ePIyCM,2026-05-01 11:32:01+00:00,1777635121000,41975,25.22348,42.69378,1003.83002,53334
20260430-235226,-OrYIsErfI0u86K23A7E,2026-05-01 11:32:11+00:00,1777635131000,41985,25.22411,42.6762,1003.83002,53334
20260430-235226,-OrYIuYMp_f--8qhVzJV,2026-05-01 11:32:21+00:00,1777635141000,41995,25.22411,42.61739,1003.83002,53334
20260430-235226,-OrYIwyh_kJjA37jNhGY,2026-05-01 11:32:31+00:00,1777635151000,42005,25.22348,42.64085,1003.83002,53266
20260430-235226,-OrYIzQ0ZhpXR0jZq6A5,2026-05-01 11:32:41+00:00,1777635161000,42015,25.22316,42.7055,1003.84003,53402
20260430-235226,-OrYJ0rNGnLxE2tbve9w,2026-05-01 11:32:51+00:00,1777635171000,42025,25.22252,42.73484,1003.84003,53300
20260430-235226,-OrYJ3IS18MD9n1iXbfn,2026-05-01 11:33:01+00:00,1777635181000,42035,25.22221,42.7407,1003.83002,53368
20260430-235226,-OrYJ5jqZt4H4-sLzQww,2026-05-01 11:33:11+00:00,1777635191000,42045,25.22189,42.71124,1003.83002,53266
20260430-235226,-OrYJ8AwF7L229SYuoDu,2026-05-01 11:33:21+00:00,1777635201000,42055,25.22189,42.72889,1003.83002,53334
20260430-235226,-OrYJAca2gtzylTwuwL7,2026-05-01 11:33:31+00:00,1777635211000,42065,25.22094,42.77585,1003.83002,53165
20260430-235226,-OrYJD3TaGQyIgzaog7x,2026-05-01 11:33:41+00:00,1777635221000,42075,25.22157,42.79947,1003.82001,53300
20260430-235226,-OrYJFVi_wlC-d4JqOBm,2026-05-01 11:33:51+00:00,1777635231000,42085,25.22126,42.81709,1003.83002,53266
20260430-235226,-OrYJHx2L53b_TSVy3rL,2026-05-01 11:34:01+00:00,1777635241000,42095,25.22221,42.79955,1003.83002,53334
20260430-235226,-OrYJKOH7tryLTcLHDT5,2026-05-01 11:34:11+00:00,1777635251000,42105,25.22252,42.78781,1003.82001,53131
20260430-235226,-OrYJMpYgdc2zF-WoYGq,2026-05-01 11:34:21+00:00,1777635261000,42115,25.22316,42.78199,1003.82001,53266
20260430-235226,-OrYJPH2jLfvVQm_fPZB,2026-05-01 11:34:31+00:00,1777635271000,42125,25.22474,42.75275,1003.82001,53232
20260430-235226,-OrYJRhsMHr-YWKizFkJ,2026-05-01 11:34:41+00:00,1777635281000,42135,25.22538,42.74694,1003.83002,53266
20260430-235226,-OrYJU99UCL4EwaDnOC8,2026-05-01 11:34:51+00:00,1777635291000,42145,25.22538,42.72341,1003.82001,53266
20260430-235226,-OrYJWaQO3IaHPQ5oblM,2026-05-01 11:35:01+00:00,1777635301000,42155,25.22316,42.7055,1003.82001,53131
20260430-235226,-OrYJZ1p3bV8iGgHLkuO,2026-05-01 11:35:11+00:00,1777635311000,42165,25.22284,42.75253,1003.81,53198
20260430-235226,-OrYJagGHaQ8dQiq-5Fb,2026-05-01 11:35:21+00:00,1777635321000,42175,25.22284,42.72311,1003.82001,53097
20260430-235226,-OrYJcv6Lu_IyZgKkiRZ,2026-05-01 11:35:31+00:00,1777635331000,42185,25.22221,42.74658,1003.82001,53334
20260430-235226,-OrYJfMNHEo-8kMd_85g,2026-05-01 11:35:41+00:00,1777635341000,42195,25.22252,42.81134,1003.82001,53334
20260430-235226,-OrYJhngkkWyfPUuv1Oo,2026-05-01 11:35:51+00:00,1777635351000,42205,25.22379,42.87625,1003.83002,53198
20260430-235226,-OrYJkEnmEY6nCHtayuQ,2026-05-01 11:36:01+00:00,1777635361000,42215,25.22474,42.85281,1003.82001,53539
20260430-235226,-OrYJmg6ewKxJSBAxzGH,2026-05-01 11:36:11+00:00,1777635371000,42225,25.22506,42.77044,1003.82001,53402
20260430-235226,-OrYJp7SQ3o78ik6TlF7,2026-05-01 11:36:21+00:00,1777635381000,42235,25.22601,42.80586,1003.82001,53470
20260430-235226,-OrYJrZdpjXg5REpLWLd,2026-05-01 11:36:31+00:00,1777635391000,42245,25.22696,42.86484,1003.82001,53402
20260430-235226,-OrYJu02OsFFdhTbmuxk,2026-05-01 11:36:41+00:00,1777635401000,42255,25.2276,42.79427,1003.82001,53470
20260430-235226,-OrYJwSizI4DURbWlJW_,2026-05-01 11:36:51+00:00,1777635411000,42265,25.22696,42.75301,1003.82001,53300
20260430-235226,-OrYJytYfyr3VJpefIrB,2026-05-01 11:37:01+00:00,1777635421000,42275,25.22664,42.84125,1003.82001,53198
20260430-235226,-OrYK0KjSLFxmTSUtzCg,2026-05-01 11:37:11+00:00,1777635431000,42285,25.22601,42.81174,1003.82001,53165
20260430-235226,-OrYK2m0Ppk2rK0JAeVo,2026-05-01 11:37:21+00:00,1777635441000,42295,25.22569,42.79406,1003.83002,53131
20260430-235226,-OrYK5DAg9DKUSM7Ksq1,2026-05-01 11:37:31+00:00,1777635451000,42305,25.22601,42.78231,1003.84003,53368
20260430-235226,-OrYK7eUjTXqGgy8cysF,2026-05-01 11:37:41+00:00,1777635461000,42315,25.22696,42.74712,1003.84003,53436
20260430-235226,-OrYKA5fjfpJQT8ZNj0L,2026-05-01 11:37:51+00:00,1777635471000,42325,25.22728,42.72951,1003.84003,53436
20260430-235226,-OrYKCXn_ivTwn-cyMOO,2026-05-01 11:38:01+00:00,1777635481000,42335,25.22696,42.71181,1003.84003,53641
20260430-235226,-OrYKEzEENzrBg3Nvjp4,2026-05-01 11:38:11+00:00,1777635491000,42345,25.22696,42.7177,1003.84003,53334
20260430-235226,-OrYKHQapmDhhoAhRFrr,2026-05-01 11:38:21+00:00,1777635501000,42355,25.22601,42.72936,1003.83002,53198
20260430-235226,-OrYKKpQzwf2lWfmIpP8,2026-05-01 11:38:31+00:00,1777635511000,42365,25.22474,42.65863,1003.83002,53504
20260430-235226,-OrYKMJ3K6NaafbJ6Aim,2026-05-01 11:38:41+00:00,1777635521000,42375,25.22443,42.61743,1003.83002,53402
20260430-235226,-OrYKOkKAWwcYu9xfBan,2026-05-01 11:38:51+00:00,1777635531000,42385,25.22379,42.62324,1003.82001,53504
20260430-235226,-OrYKRBJoXhInjBzvKwg,2026-05-01 11:39:01+00:00,1777635541000,42395,25.22443,42.63507,1003.82001,53504
20260430-235226,-OrYKTicRiqGDul4KX26,2026-05-01 11:39:11+00:00,1777635551000,42405,25.22411,42.62915,1003.82001,53470
20260430-235226,-OrYKW4AWhvM3-puMvi3,2026-05-01 11:39:21+00:00,1777635561000,42415,25.22538,42.75871,1003.83002,53334
20260430-235226,-OrYKYW6TRWl3Biddgp1,2026-05-01 11:39:31+00:00,1777635571000,42425,25.22601,42.87651,1003.83002,53402
20260430-235226,-OrYK_xeA3_pNosdLosc,2026-05-01 11:39:41+00:00,1777635581000,42435,25.22633,42.97079,1003.82001,53266
20260430-235226,-OrYKcOeUS0RADrj6HQ7,2026-05-01 11:39:51+00:00,1777635591000,42445,25.22664,42.9178,1003.83002,53368
20260430-235226,-OrYKeq4VndXHcdaz4Jb,2026-05-01 11:40:01+00:00,1777635601000,42455,25.2276,42.80604,1003.83002,53402
20260430-235226,-OrYKhH8NjJ2X40qn9p4,2026-05-01 11:40:11+00:00,1777635611000,42465,25.22823,42.72961,1003.83002,53300
20260430-235226,-OrYKjilGMKQR7oC77Kt,2026-05-01 11:40:21+00:00,1777635621000,42475,25.22791,42.6884,1003.83002,53232
20260430-235226,-OrYKm9fGH2G7b_s5SNi,2026-05-01 11:40:31+00:00,1777635631000,42485,25.2276,42.70012,1003.84003,53300
20260430-235226,-OrYKoauA_W3PskpyAm-,2026-05-01 11:40:41+00:00,1777635641000,42495,25.22823,42.65902,1003.84003,53198
20260430-235226,-OrYKr2ZmAJ2ijYodBTD,2026-05-01 11:40:51+00:00,1777635651000,42505,25.22855,42.6473,1003.84003,53470
20260430-235226,-OrYKtUYfoMNW4MAiqGJ,2026-05-01 11:41:01+00:00,1777635661000,42515,25.22855,42.66494,1003.84003,53368
20260430-235226,-OrYKvvnaDdE06fLugwY,2026-05-01 11:41:11+00:00,1777635671000,42525,25.22886,42.69438,1003.84003,53334
20260430-235226,-OrYKyMvwk5mpb3q9ITH,2026-05-01 11:41:21+00:00,1777635681000,42535,25.22823,42.74726,1003.84003,53402
20260430-235226,-OrYL-o87PFZeKDpXZbC,2026-05-01 11:41:31+00:00,1777635691000,42545,25.2276,42.82959,1003.84003,53470
20260430-235226,-OrYL2NfbD-yjrRhZF3E,2026-05-01 11:41:41+00:00,1777635701000,42555,25.22696,42.75301,1003.84003,53504
20260430-235226,-OrYL4hQ2E1tuw9fGNZZ,2026-05-01 11:41:51+00:00,1777635711000,42565,25.22728,42.62952,1003.84003,53334
20260430-235226,-OrYL77xvUHHLE0SDOKg,2026-05-01 11:42:01+00:00,1777635721000,42575,25.22728,42.5531,1003.84003,53368
20260430-235226,-OrYL9_Dpn7lWEy_Vs3z,2026-05-01 11:42:11+00:00,1777635731000,42585,25.2276,42.5355,1003.84003,53504
20260430-235226,-OrYLC0mYLgm90uhZefd,2026-05-01 11:42:21+00:00,1777635741000,42595,25.22728,42.52372,1003.83002,53470
20260430-235226,-OrYLESV9HK4X3jyUDRX,2026-05-01 11:42:31+00:00,1777635751000,42605,25.2276,42.52374,1003.83002,53539
20260430-235226,-OrYLGu0VOGN6jjJN5ux,2026-05-01 11:42:41+00:00,1777635761000,42615,25.2276,42.54137,1003.83002,53470
20260430-235226,-OrYLJL3fkkm1gDdCUcY,2026-05-01 11:42:51+00:00,1777635771000,42625,25.2276,42.58252,1003.83002,53814
20260430-235226,-OrYLLmIYa_YGoZsmkBL,2026-05-01 11:43:01+00:00,1777635781000,42635,25.22791,42.64135,1003.83002,53539
20260430-235226,-OrYLODk9hKs7rlPLHNr,2026-05-01 11:43:11+00:00,1777635791000,42645,25.2276,42.68248,1003.83002,53573
20260430-235226,-OrYLQemXS3quadaSjQG,2026-05-01 11:43:21+00:00,1777635801000,42655,25.22823,42.64138,1003.83002,53402
20260430-235226,-OrYLT6BLB9SJ_mC_I3c,2026-05-01 11:43:31+00:00,1777635811000,42665,25.22791,42.60019,1003.83002,53232
20260430-235226,-OrYLVYMtX3G6Pf7J9Un,2026-05-01 11:43:41+00:00,1777635821000,42675,25.22728,42.62364,1003.84003,53539
20260430-235226,-OrYLXzvnJ0OoV17jknL,2026-05-01 11:43:51+00:00,1777635831000,42685,25.22728,42.65892,1003.84003,53539
20260430-235226,-OrYL_QyOHkMCm53QV50,2026-05-01 11:44:01+00:00,1777635841000,42695,25.22633,42.6941,1003.84003,53334
20260430-235226,-OrYLbsRI010fNKUlpJo,2026-05-01 11:44:11+00:00,1777635851000,42705,25.22569,42.71168,1003.84003,53504
20260430-235226,-OrYLeJgOsJVPGNP1sDW,2026-05-01 11:44:21+00:00,1777635861000,42715,25.22348,42.71731,1003.83002,53539
20260430-235226,-OrYLgkYMRE646Kq5z9g,2026-05-01 11:44:31+00:00,1777635871000,42725,25.22189,42.71712,1003.83002,53539
20260430-235226,-OrYLjCR1dYZH_4P4bPb,2026-05-01 11:44:41+00:00,1777635881000,42735,25.22094,42.7229,1003.82001,53368
20260430-235226,-OrYLlrVcLCBhlqooOOq,2026-05-01 11:44:51+00:00,1777635891000,42745,25.22157,42.69944,1003.82001,53334
20260430-235226,-OrYLo4LGChslMlOZa87,2026-05-01 11:45:01+00:00,1777635901000,42755,25.22094,42.64056,1003.83002,53402
20260430-235226,-OrYLqXPpEHsNrR8FFaW,2026-05-01 11:45:11+00:00,1777635911000,42765,25.22252,42.62897,1003.83002,53470
20260430-235226,-OrYLsy1yhFSfrGMto5U,2026-05-01 11:45:21+00:00,1777635921000,42775,25.22348,42.67025,1003.83002,53504
20260430-235226,-OrYLvPAY_BaDSoumAPO,2026-05-01 11:45:31+00:00,1777635931000,42785,25.22316,42.69374,1003.84003,53300
20260430-235226,-OrYLxqIimuMSPcXwISI,2026-05-01 11:45:41+00:00,1777635941000,42795,25.22443,42.6586,1003.84998,53470
20260430-235226,-OrYM-HespG---E5C7f3,2026-05-01 11:45:51+00:00,1777635951000,42805,25.22474,42.65863,1003.84998,53539
20260430-235226,-OrYM1jH5THz1IWdEQ1w,2026-05-01 11:46:01+00:00,1777635961000,42815,25.22474,42.62335,1003.84998,53504
20260430-235226,-OrYM4A3-s-pcF1aY38i,2026-05-01 11:46:11+00:00,1777635971000,42825,25.22474,42.57632,1003.84998,53607
20260430-235226,-OrYM6bZYGzAkgPJ6HxG,2026-05-01 11:46:21+00:00,1777635981000,42835,25.22506,42.53521,1003.85999,53539
20260430-235226,-OrYM92k_ntFoi8G-nef,2026-05-01 11:46:31+00:00,1777635991000,42845,25.22538,42.55288,1003.84998,53504
20260430-235226,-OrYMBUhn7U8gpM5Zkqv,2026-05-01 11:46:41+00:00,1777636001000,42855,25.22601,42.62349,1003.84998,53436
20260430-235226,-OrYMDvt2YNoYsHwZWV9,2026-05-01 11:46:51+00:00,1777636011000,42865,25.22569,42.68227,1003.84003,53368
20260430-235226,-OrYMGNcOsAXRcJ8fcTv,2026-05-01 11:47:01+00:00,1777636021000,42875,25.22538,42.65282,1003.84003,53641
20260430-235226,-OrYMIoSSxhyRa3lGSSf,2026-05-01 11:47:11+00:00,1777636031000,42885,25.22506,42.64102,1003.84003,53402
20260430-235226,-OrYMLG8PjNeX0L9DqBI,2026-05-01 11:47:21+00:00,1777636041000,42895,25.22538,42.69399,1003.84003,53368
20260430-235226,-OrYMNhAZq-_oQxaJedo,2026-05-01 11:47:31+00:00,1777636051000,42905,25.22474,42.71157,1003.84998,53504
20260430-235226,-OrYMQ8Aa8aA6VaOG2gx,2026-05-01 11:47:41+00:00,1777636061000,42915,25.22411,42.79387,1003.85999,53504
20260430-235226,-OrYMS_QwkOztroTwCnN,2026-05-01 11:47:51+00:00,1777636071000,42925,25.22411,42.74679,1003.85999,53607
20260430-235226,-OrYMW18jYXZHtAag_2K,2026-05-01 11:48:01+00:00,1777636081000,42935,25.22348,42.74084,1003.84998,53504
20260430-235226,-OrYMXTEXxk0ei4irXSC,2026-05-01 11:48:11+00:00,1777636091000,42945,25.22348,42.74673,1003.85999,53607
20260430-235226,-OrYMZuF16tRxU5-jiE2,2026-05-01 11:48:21+00:00,1777636101000,42955,25.22221,42.74658,1003.85999,53470
20260430-235226,-OrYMbLhqJq8TkfTUTol,2026-05-01 11:48:31+00:00,1777636111000,42965,25.22189,42.82894,1003.87,53470
20260430-235226,-OrYMdmrCuou3IE5pQzP,2026-05-01 11:48:41+00:00,1777636121000,42975,25.22221,42.91142,1003.87,53470
20260430-235226,-OrYMgDtkpRm6wst-BIH,2026-05-01 11:48:51+00:00,1777636131000,42985,25.22284,42.87615,1003.87,53436
20260430-235226,-OrYMifBIDzoGwQ82tZJ,2026-05-01 11:49:01+00:00,1777636141000,42995,25.22189,42.86426,1003.87,53436
20260430-235226,-OrYMl6OK0blJnRU7ihy,2026-05-01 11:49:11+00:00,1777636151000,43005,25.22221,42.84664,1003.87,53607
20260430-235226,-OrYMnYl5y-0zrA9xyig,2026-05-01 11:49:21+00:00,1777636161000,43015,25.22284,42.79372,1003.87,53470
20260430-235226,-OrYMq-ECCrK4jRoR11r,2026-05-01 11:49:31+00:00,1777636171000,43025,25.22221,42.74658,1003.87,53539
20260430-235226,-OrYMsRAZMAFx_oxAZr0,2026-05-01 11:49:41+00:00,1777636181000,43035,25.22157,42.72885,1003.87,53334
20260430-235226,-OrYMusS_KCCFjFupqXo,2026-05-01 11:49:51+00:00,1777636191000,43045,25.22126,42.71117,1003.87,53436
20260430-235226,-OrYMxJcSJYObUd-XBOG,2026-05-01 11:50:01+00:00,1777636201000,43055,25.22094,42.69936,1003.87,53504
20260430-235226,-OrYMzkxzjqP-JModq0y,2026-05-01 11:50:11+00:00,1777636211000,43065,25.22062,42.65816,1003.87,53504
20260430-235226,-OrYN1CO4cdVBWoN_EbF,2026-05-01 11:50:21+00:00,1777636221000,43075,25.22094,42.64056,1003.87,53470
20260430-235226,-OrYN3dRb66xmohRX8Hy,2026-05-01 11:50:31+00:00,1777636231000,43085,25.22031,42.63461,1003.88,53539
20260430-235226,-OrYN64n8HfRBK84JZW0,2026-05-01 11:50:41+00:00,1777636241000,43095,25.21999,42.61106,1003.87,53504
20260430-235226,-OrYN8XAuF6v0XTrPiJ8,2026-05-01 11:50:51+00:00,1777636251000,43105,25.21999,42.61694,1003.87,53607
20260430-235226,-OrYNAyDq8oe1xeFU7vU,2026-05-01 11:51:01+00:00,1777636261000,43115,25.21967,42.64629,1003.87,53470
20260430-235226,-OrYNF5l0VbHJYXz_Va6,2026-05-01 11:51:11+00:00,1777636271000,43125,25.21809,42.65787,1003.88,53641
20260430-235226,-OrYNFqdrAPOjQY71vYT,2026-05-01 11:51:21+00:00,1777636281000,43135,25.21745,42.6578,1003.88,53607
20260430-235226,-OrYNIHuwwTrsXUWakS1,2026-05-01 11:51:31+00:00,1777636291000,43145,25.21745,42.66956,1003.89001,53539
20260430-235226,-OrYNKj7ITCMXhhm3nr7,2026-05-01 11:51:41+00:00,1777636301000,43155,25.21714,42.66953,1003.89001,53539
20260430-235226,-OrYNNAoWmU9lssNgJKF,2026-05-01 11:51:51+00:00,1777636311000,43165,25.21714,42.64013,1003.89001,53607
20260430-235226,-OrYNPb_e0V5gR_l8YVj,2026-05-01 11:52:01+00:00,1777636321000,43175,25.21777,42.6402,1003.89001,53539
20260430-235226,-OrYNS9zO5F_E7jN2HfE,2026-05-01 11:52:11+00:00,1777636331000,43185,25.21809,42.66376,1003.88,53607
20260430-235226,-OrYNUVFgO7pSZLNxFv5,2026-05-01 11:52:21+00:00,1777636341000,43195,25.21904,42.68739,1003.90002,53641
20260430-235226,-OrYNWwU2NhXs6cIW9Mq,2026-05-01 11:52:31+00:00,1777636351000,43205,25.21999,42.67574,1003.90002,53539
20260430-235226,-OrYNZNVKlKUPFHllc0-,2026-05-01 11:52:41+00:00,1777636361000,43215,25.22062,42.69345,1003.90002,53607
20260430-235226,-OrYNaos2LxuGMa9hyuV,2026-05-01 11:52:51+00:00,1777636371000,43225,25.22062,42.76405,1003.90002,53368
20260430-235226,-OrYNdGCcgSjaeJ3pHBg,2026-05-01 11:53:01+00:00,1777636381000,43235,25.22031,42.78756,1003.90997,53470
20260430-235226,-OrYNfhYDg8V0VY4AiYK,2026-05-01 11:53:11+00:00,1777636391000,43245,25.21999,42.82284,1003.90997,53676
20260430-235226,-OrYNi8tyCYsWnyhwDBg,2026-05-01 11:53:21+00:00,1777636401000,43255,25.21999,42.81107,1003.90002,53504
20260430-235226,-OrYNkaRQXp86lAsHDwU,2026-05-01 11:53:31+00:00,1777636411000,43265,25.21967,42.74629,1003.90997,53573
20260430-235226,-OrYNn1Bl0Ah-4oIPynD,2026-05-01 11:53:41+00:00,1777636421000,43275,25.2184,42.70496,1003.90002,53710
20260430-235226,-OrYNpTMfJGsDBQPjYE1,2026-05-01 11:53:51+00:00,1777636431000,43285,25.21809,42.6814,1003.90002,53539
20260430-235226,-OrYNruoUSJPZDWh05d_,2026-05-01 11:54:01+00:00,1777636441000,43295,25.21936,42.65214,1003.90997,53573
20260430-235226,-OrYNuNJCBUv4s0VivHV,2026-05-01 11:54:11+00:00,1777636451000,43305,25.21967,42.5875,1003.90997,53745
20260430-235226,-OrYNxO2ZCJ_W0_SfgOv,2026-05-01 11:54:21+00:00,1777636461000,43315,25.21967,42.55223,1003.90997,53607
20260430-235226,-OrYNzEOCY33F4odn73D,2026-05-01 11:54:31+00:00,1777636471000,43325,25.22031,42.57581,1003.90997,53607
20260430-235226,-OrYO0g-7zyTvTRis-MB,2026-05-01 11:54:41+00:00,1777636481000,43335,25.22157,42.55832,1003.91998,53641
20260430-235226,-OrYO36vPZv0yUb00qte,2026-05-01 11:54:51+00:00,1777636491000,43345,25.22157,42.59359,1003.91998,53607
20260430-235226,-OrYO5Z58sJIejM3V5gQ,2026-05-01 11:55:01+00:00,1777636501000,43355,25.22284,42.63489,1003.92999,53607
20260430-235226,-OrYO8-j_B4FTD2R79U7,2026-05-01 11:55:11+00:00,1777636511000,43365,25.22284,42.61725,1003.92999,53573
20260430-235226,-OrYOAV8HwtJOMR3Nfk6,2026-05-01 11:55:21+00:00,1777636521000,43375,25.22316,42.64081,1003.92999,53710
20260430-235226,-OrYOCsujuLc8pS8XUlf,2026-05-01 11:55:31+00:00,1777636531000,43385,25.22221,42.67011,1003.92999,53676
20260430-235226,-OrYOFKXO-gWatrusSJ3,2026-05-01 11:55:41+00:00,1777636541000,43395,25.22062,42.7111,1003.92999,53607
20260430-235226,-OrYOHlNygV2EaTij37m,2026-05-01 11:55:51+00:00,1777636551000,43405,25.21967,42.66982,1003.92999,53641
20260430-235226,-OrYOKCsBWsvmZPEKozW,2026-05-01 11:56:01+00:00,1777636561000,43415,25.21904,42.63446,1003.92999,53745
20260430-235226,-OrYOMkiDI2BWqLSQ0cd,2026-05-01 11:56:11+00:00,1777636571000,43425,25.21872,42.66382,1003.92999,53745
20260430-235226,-OrYOP5CUJpD7HY6-arK,2026-05-01 11:56:21+00:00,1777636581000,43435,25.21777,42.65195,1003.92999,53573
20260430-235226,-OrYORXImbAxad9ZjrZc,2026-05-01 11:56:31+00:00,1777636591000,43445,25.21777,42.59315,1003.92999,53745
20260430-235226,-OrYOTykK-S5DDYBCc_k,2026-05-01 11:56:41+00:00,1777636601000,43455,25.21745,42.56374,1003.92999,53641
20260430-235226,-OrYOWPwmpI7g797XqKc,2026-05-01 11:56:51+00:00,1777636611000,43465,25.21714,42.58722,1003.92999,53745
20260430-235226,-OrYOYr2nKD_J83hhkZ7,2026-05-01 11:57:01+00:00,1777636621000,43475,25.21714,42.56958,1003.92999,53883
20260430-235226,-OrYOaIMJDZNv0ejTF3W,2026-05-01 11:57:11+00:00,1777636631000,43485,25.21714,42.52844,1003.92999,53745
20260430-235226,-OrYOcjdzmfmLRn_O02R,2026-05-01 11:57:21+00:00,1777636641000,43495,25.21714,42.52257,1003.94,53883
20260430-235226,-OrYOfKK36YXIB-hVpre,2026-05-01 11:57:31+00:00,1777636651000,43505,25.21777,42.56965,1003.92999,53710
20260430-235226,-OrYOhcBJxIcrjnABSa4,2026-05-01 11:57:41+00:00,1777636661000,43515,25.21872,42.56388,1003.92999,53641
20260430-235226,-OrYOk3VETvQhSONz6sD,2026-05-01 11:57:51+00:00,1777636671000,43525,25.21872,42.56388,1003.92999,53918
20260430-235226,-OrYOmVi-1aNpedYgekc,2026-05-01 11:58:01+00:00,1777636681000,43535,25.21967,42.5346,1003.94,54057
20260430-235226,-OrYOowf5918Bdxnt6jJ,2026-05-01 11:58:11+00:00,1777636691000,43545,25.22031,42.48179,1003.94,53745
20260430-235226,-OrYOrO5Iek_uSbHzVoI,2026-05-01 11:58:21+00:00,1777636701000,43555,25.22062,42.45833,1003.95001,53918
20260430-235226,-OrYOtpMFaw4wZWelc6C,2026-05-01 11:58:31+00:00,1777636711000,43565,25.21967,42.49934,1003.95001,53745
20260430-235226,-OrYOwGXAguOm036ROcE,2026-05-01 11:58:41+00:00,1777636721000,43575,25.21872,42.51686,1003.95001,53745
20260430-235226,-OrYOyhkEUYIQnZ8lmld,2026-05-01 11:58:51+00:00,1777636731000,43585,25.2184,42.56384,1003.95001,53848
20260430-235226,-OrYP098flVzpOu3GoPY,2026-05-01 11:59:01+00:00,1777636741000,43595,25.21809,42.58144,1003.95001,53918
20260430-235226,-OrYP2a8UAJV7WdLMX39,2026-05-01 11:59:11+00:00,1777636751000,43605,25.21714,42.58722,1003.95001,53745
20260430-235226,-OrYP51TYLE9JmoIfJAU,2026-05-01 11:59:21+00:00,1777636761000,43615,25.21682,42.63421,1003.94,53745
20260430-235226,-OrYP7ThYGPvvKxvhfki,2026-05-01 11:59:31+00:00,1777636771000,43625,25.2165,42.6871,1003.94,53779
20260430-235226,-OrYP9v-VTFkJ5Zg_PtZ,2026-05-01 11:59:41+00:00,1777636781000,43635,25.21587,42.6341,1003.94,53710
20260430-235226,-OrYPCMORSmMBo8RySfl,2026-05-01 11:59:51+00:00,1777636791000,43645,25.21777,42.59904,1003.94,53883
20260430-235226,-OrYPEnWEl5QD9OBfNs5,2026-05-01 12:00:01+00:00,1777636801000,43655,25.21777,42.58728,1003.94,53848
20260430-235226,-OrYPHRT23SvVLB7D_lI,2026-05-01 12:00:11+00:00,1777636811000,43665,25.21809,42.62259,1003.95001,53883
20260430-235226,-OrYPJg0G7hbPxLep4dl,2026-05-01 12:00:21+00:00,1777636821000,43675,25.21809,42.5932,1003.94,53745
20260430-235226,-OrYPM7B4NDZVpvEfHGh,2026-05-01 12:00:31+00:00,1777636831000,43685,25.21872,42.58739,1003.94,53641
20260430-235226,-OrYPP0TAvoG4u-g57vB,2026-05-01 12:00:41+00:00,1777636841000,43695,25.21777,42.58728,1003.94,53848
20260430-235226,-OrYPR-ovqq6InM1Nijj,2026-05-01 12:00:51+00:00,1777636851000,43705,25.21745,42.55786,1003.94,53607
20260430-235226,-OrYPTRz_VH84Mm0efuU,2026-05-01 12:01:01+00:00,1777636861000,43715,25.21777,42.46975,1003.94,53641
20260430-235226,-OrYPVtQ6I_F5VLsOqw2,2026-05-01 12:01:11+00:00,1777636871000,43725,25.21777,42.45801,1003.95001,53814
20260430-235226,-OrYPYKlMC8uCZ6GNFr2,2026-05-01 12:01:21+00:00,1777636881000,43735,25.21809,42.51092,1003.95001,53814
20260430-235226,-OrYP_lpP-12vdj4H9v_,2026-05-01 12:01:31+00:00,1777636891000,43745,25.21714,42.57546,1003.95001,53814
20260430-235226,-OrYPcDL0hmyd2yKVVuR,2026-05-01 12:01:41+00:00,1777636901000,43755,25.21714,42.64601,1003.95001,53710
20260430-235226,-OrYPeeBc82H-G9FMaE_,2026-05-01 12:01:51+00:00,1777636911000,43765,25.21682,42.68714,1003.94,54057
20260430-235226,-OrYPh5WXM-JjJA-eczo,2026-05-01 12:02:01+00:00,1777636921000,43775,25.21555,42.66935,1003.94,53883
20260430-235226,-OrYPjXk9HbVaCfN0W-T,2026-05-01 12:02:11+00:00,1777636931000,43785,25.21397,42.69857,1003.94,53883
20260430-235226,-OrYPlz14A78k8VGe3hL,2026-05-01 12:02:21+00:00,1777636941000,43795,25.21302,42.71611,1003.94,53848
20260430-235226,-OrYPoQDHTSHlWFem5P9,2026-05-01 12:02:31+00:00,1777636951000,43805,25.21143,42.68653,1003.92999,53676
20260430-235226,-OrYPqrWKIjSZj3f7XtZ,2026-05-01 12:02:41+00:00,1777636961000,43815,25.2108,42.6394,1003.92999,53676
20260430-235226,-OrYPtImfv2b-l8jEXV4,2026-05-01 12:02:51+00:00,1777636971000,43825,25.20985,42.58051,1003.92999,53676
20260430-235226,-OrYPvk20aPsKI1pIB6b,2026-05-01 12:03:01+00:00,1777636981000,43835,25.20826,42.54506,1003.92999,53779
20260430-235226,-OrYPyBKNQPawQ-IeIWb,2026-05-01 12:03:11+00:00,1777636991000,43845,25.20826,42.54506,1003.92999,53883
20260430-235226,-OrYQ-ck07mj2YC0jHoS,2026-05-01 12:03:21+00:00,1777637001000,43855,25.2089,42.55689,1003.92999,53814
20260430-235226,-OrYQ23oWfNkUg5o59H1,2026-05-01 12:03:31+00:00,1777637011000,43865,25.20858,42.48047,1003.92999,53814
20260430-235226,-OrYQ4VqjKbw8M4WJ56l,2026-05-01 12:03:41+00:00,1777637021000,43875,25.20858,42.49222,1003.91998,53814
20260430-235226,-OrYQ7Bm52BWLKLD9xEp,2026-05-01 12:03:51+00:00,1777637031000,43885,25.20921,42.56868,1003.92999,53779
20260430-235226,-OrYQ9Otwbqb3ZbrNoW_,2026-05-01 12:04:01+00:00,1777637041000,43895,25.2089,42.69801,1003.91998,53710
20260430-235226,-OrYQBpjy1rrYgtYGFT7,2026-05-01 12:04:11+00:00,1777637051000,43905,25.21016,42.66285,1003.92999,53814
20260430-235226,-OrYQEHt8_IVBpwG_emV,2026-05-01 12:04:21+00:00,1777637061000,43915,25.2108,42.60413,1003.94,53848
20260430-235226,-OrYQGiDP-zy21GQoNvh,2026-05-01 12:04:31+00:00,1777637071000,43925,25.21175,42.58072,1003.94,53848
20260430-235226,-OrYQJ9fAxoxC2dUYOdF,2026-05-01 12:04:41+00:00,1777637081000,43935,25.21143,42.53955,1003.94,53814
20260430-235226,-OrYQLask7pfCc5soowU,2026-05-01 12:04:51+00:00,1777637091000,43945,25.2127,42.47506,1003.92999,53883
20260430-235226,-OrYQO22zx9IHDBXwZ4D,2026-05-01 12:05:01+00:00,1777637101000,43955,25.21333,42.51625,1003.94,53918
20260430-235226,-OrYQQUFa6_fAwZLObT6,2026-05-01 12:05:11+00:00,1777637111000,43965,25.21397,42.5222,1003.94,53952
20260430-235226,-OrYQSvVbXheY0bcZi8O,2026-05-01 12:05:21+00:00,1777637121000,43975,25.21397,42.51633,1003.92999,53779
20260430-235226,-OrYQVMlHA0JUVfXHP7o,2026-05-01 12:05:31+00:00,1777637131000,43985,25.21333,42.51625,1003.92999,53883
20260430-235226,-OrYQXo-zg-4Use9P3fw,2026-05-01 12:05:41+00:00,1777637141000,43995,25.2127,42.52206,1003.92999,53848
20260430-235226,-OrYQ_FYL2oSdi-dP7tp,2026-05-01 12:05:51+00:00,1777637151000,44005,25.21238,42.53377,1003.94,53918
20260430-235226,-OrYQbgW_ZpbU_ZwCUyl,2026-05-01 12:06:01+00:00,1777637161000,44015,25.2127,42.55732,1003.92999,53745
20260430-235226,-OrYQe7lt7jDuGEYw9jD,2026-05-01 12:06:11+00:00,1777637171000,44025,25.21175,42.59836,1003.92999,53848
20260430-235226,-OrYQgZwYdBXXJgFpIQq,2026-05-01 12:06:21+00:00,1777637181000,44035,25.2108,42.61,1003.92999,53883
20260430-235226,-OrYQj0HS8PBYtxwMQz7,2026-05-01 12:06:31+00:00,1777637191000,44045,25.2108,42.62176,1003.92999,53814
20260430-235226,-OrYQlSSRyjYLbUDZ7oh,2026-05-01 12:06:41+00:00,1777637201000,44055,25.21048,42.59821,1003.92999,53745
20260430-235226,-OrYQntu4fysOr-26-_z,2026-05-01 12:06:51+00:00,1777637211000,44065,25.21016,42.55703,1003.94,53814
20260430-235226,-OrYQrChhyRCfh4VraG5,2026-05-01 12:07:01+00:00,1777637221000,44075,25.21048,42.5747,1003.92999,53952
20260430-235226,-OrYQspupkxFKFxhu5DZ,2026-05-01 12:07:11+00:00,1777637231000,44085,25.2108,42.56298,1003.92999,53883
20260430-235226,-OrYQvDY1saFvTWKeWsG,2026-05-01 12:07:21+00:00,1777637241000,44095,25.21111,42.51013,1003.92999,54162
20260430-235226,-OrYQxelJLWjzRfKK2Nx,2026-05-01 12:07:31+00:00,1777637251000,44105,25.21143,42.46904,1003.94,53814
20260430-235226,-OrYR-6DWGXQ6gTak4vQ,2026-05-01 12:07:41+00:00,1777637261000,44115,25.21048,42.46306,1003.92999,54337
20260430-235226,-OrYR1Y780j4gqasgnGf,2026-05-01 12:07:51+00:00,1777637271000,44125,25.21016,42.47477,1003.92999,53952
20260430-235226,-OrYR3zHAbXV_7VxtESd,2026-05-01 12:08:01+00:00,1777637281000,44135,25.20858,42.53923,1003.94,53952
20260430-235226,-OrYR6QnCWWU9e-JjxyV,2026-05-01 12:08:11+00:00,1777637291000,44145,25.20858,42.58625,1003.92999,53952
20260430-235226,-OrYR8rtwkSn461TjrF8,2026-05-01 12:08:21+00:00,1777637301000,44155,25.207,42.59194,1003.91998,53987
20260430-235226,-OrYRBJEijqLQ1RI7qDo,2026-05-01 12:08:31+00:00,1777637311000,44165,25.207,42.62134,1003.92999,53918
20260430-235226,-OrYRDkTP-47h-Qd8iA7,2026-05-01 12:08:41+00:00,1777637321000,44175,25.20636,42.64479,1003.92999,53918
20260430-235226,-OrYRGBqWTnAXAnlgfXk,2026-05-01 12:08:51+00:00,1777637331000,44185,25.20636,42.62127,1003.92999,53883
20260430-235226,-OrYRIctq8Sd17GGtqnA,2026-05-01 12:09:01+00:00,1777637341000,44195,25.20668,42.55664,1003.91998,53952
20260430-235226,-OrYRL46sLD9PJhrxcQn,2026-05-01 12:09:11+00:00,1777637351000,44205,25.207,42.54492,1003.91998,54302
20260430-235226,-OrYRNWIbXt-xpCsjNpy,2026-05-01 12:09:21+00:00,1777637361000,44215,25.20763,42.52149,1003.91998,53952
20260430-235226,-OrYRPxmeMgUoNaOKBl2,2026-05-01 12:09:31+00:00,1777637371000,44225,25.20858,42.46873,1003.90997,54127
20260430-235226,-OrYRSP-qwmCack60JLL,2026-05-01 12:09:41+00:00,1777637381000,44235,25.20953,42.48058,1003.90997,54127
20260430-235226,-OrYRUq6I7NPN9N7dMhn,2026-05-01 12:09:51+00:00,1777637391000,44245,25.20953,42.50407,1003.90997,53952
20260430-235226,-OrYRXHYvD2gi1eZ1yhZ,2026-05-01 12:10:01+00:00,1777637401000,44255,25.21048,42.53943,1003.90997,53918
20260430-235226,-OrYRZxkseJCD-DbvHCH,2026-05-01 12:10:11+00:00,1777637411000,44265,25.21048,42.60997,1003.90002,54022
20260430-235226,-OrYRb9xEr_njAoXAhus,2026-05-01 12:10:21+00:00,1777637421000,44275,25.20985,42.71576,1003.90002,54267
20260430-235226,-OrYRdbCVJcr7EZtPHyv,2026-05-01 12:10:31+00:00,1777637431000,44285,25.21048,42.70994,1003.90997,53745
20260430-235226,-OrYRg2IJqj0LA9LGzPL,2026-05-01 12:10:41+00:00,1777637441000,44295,25.20921,42.62158,1003.90997,53814
20260430-235226,-OrYRiUi7lOSsGkr7ah1,2026-05-01 12:10:51+00:00,1777637451000,44305,25.20858,42.65092,1003.90997,54092
20260430-235226,-OrYRkw9MzYO82lCsZLI,2026-05-01 12:11:01+00:00,1777637461000,44315,25.20763,42.75669,1003.90997,53814
20260430-235226,-OrYRnNSMxS1GON8thwc,2026-05-01 12:11:11+00:00,1777637471000,44325,25.20794,42.77438,1003.90002,53539
20260430-235226,-OrYRpobvcofilYnP0Wv,2026-05-01 12:11:21+00:00,1777637481000,44335,25.207,42.75073,1003.90997,53779
20260430-235226,-OrYRsFmHL3L3d1HISfl,2026-05-01 12:11:31+00:00,1777637491000,44345,25.20604,42.70356,1003.90997,53883
20260430-235226,-OrYRugvIuN3o6NTglK5,2026-05-01 12:11:41+00:00,1777637501000,44355,25.207,42.67426,1003.90997,53883
20260430-235226,-OrYRx8294PYQCbn5S7q,2026-05-01 12:11:51+00:00,1777637511000,44365,25.20636,42.59187,1003.90002,53952
20260430-235226,-OrYRz_TYO3rEDaiBn1P,2026-05-01 12:12:01+00:00,1777637521000,44375,25.20668,42.56251,1003.90002,54022
20260430-235226,-OrYS10ZmLfYby3wOdfh,2026-05-01 12:12:11+00:00,1777637531000,44385,25.20668,42.55664,1003.90002,54127
20260430-235226,-OrYS3SnPxKxuRXzl9lV,2026-05-01 12:12:21+00:00,1777637541000,44395,25.207,42.59782,1003.90002,54162
20260430-235226,-OrYS5uXxppMAyb3HiC2,2026-05-01 12:12:31+00:00,1777637551000,44405,25.20668,42.70951,1003.90002,53952
20260430-235226,-OrYS8LQN-n1ETOSFSJ-,2026-05-01 12:12:41+00:00,1777637561000,44415,25.207,42.71543,1003.90002,53918
20260430-235226,-OrYSAmgKyQ-Fu9OGV8E,2026-05-01 12:12:51+00:00,1777637571000,44425,25.207,42.69778,1003.90002,53952
20260430-235226,-OrYSDDykO5H6CgpdlbF,2026-05-01 12:13:01+00:00,1777637581000,44435,25.20668,42.6213,1003.90002,53952
20260430-235226,-OrYSFf5Y-pQj2gfbFZA,2026-05-01 12:13:11+00:00,1777637591000,44445,25.207,42.58018,1003.90002,54057
20260430-235226,-OrYSIImTOQk0KPe4IVD,2026-05-01 12:13:21+00:00,1777637601000,44455,25.207,42.56255,1003.89001,53987
20260430-235226,-OrYSKYe6SSQVHjoQJnH,2026-05-01 12:13:31+00:00,1777637611000,44465,25.20731,42.61549,1003.88,54267
20260430-235226,-OrYSMzmI4ja4lpghsr8,2026-05-01 12:13:41+00:00,1777637621000,44475,25.20731,42.66253,1003.87,53952
20260430-235226,-OrYSPR8SdEOgOnbK4oD,2026-05-01 12:13:51+00:00,1777637631000,44485,25.20636,42.69772,1003.87,53918
20260430-235226,-OrYSRsKakPNdG20zVLb,2026-05-01 12:14:01+00:00,1777637641000,44495,25.20636,42.64479,1003.87,53987
20260430-235226,-OrYSUJjg_Jclntdxemv,2026-05-01 12:14:11+00:00,1777637651000,44505,25.20731,42.63313,1003.87,53952
20260430-235226,-OrYSWl2C8A9gD-7oF5U,2026-05-01 12:14:21+00:00,1777637661000,44515,25.20858,42.61564,1003.87,54057
20260430-235226,-OrYSZBwKdiJ_2tL5oqm,2026-05-01 12:14:31+00:00,1777637671000,44525,25.20953,42.60398,1003.85999,53918
20260430-235226,-OrYSadIaqt8RBp-x7Vi,2026-05-01 12:14:41+00:00,1777637681000,44535,25.20985,42.58051,1003.85999,54162
20260430-235226,-OrYSd4lPII5oJseNeBS,2026-05-01 12:14:51+00:00,1777637691000,44545,25.21048,42.60409,1003.84998,53814
20260430-235226,-OrYSfWjOFUHxT14vuZb,2026-05-01 12:15:01+00:00,1777637701000,44555,25.21016,42.62757,1003.84998,53987
20260430-235226,-OrYShyawW0XR68f2bfl,2026-05-01 12:15:11+00:00,1777637711000,44565,25.20985,42.68635,1003.84998,54127
20260430-235226,-OrYSkPIv-Kq8j5HQI-G,2026-05-01 12:15:21+00:00,1777637721000,44575,25.20953,42.66867,1003.84998,54267
20260430-235226,-OrYSmqa9aKV6yqsHLAe,2026-05-01 12:15:31+00:00,1777637731000,44585,25.21016,42.76875,1003.84998,54197
20260430-235226,-OrYSpHsmy4iwf7fFikC,2026-05-01 12:15:41+00:00,1777637741000,44595,25.20953,42.78633,1003.84998,54057
20260430-235226,-OrYSrj-SO69_kbo5suy,2026-05-01 12:15:51+00:00,1777637751000,44605,25.20953,42.73337,1003.85999,53987
20260430-235226,-OrYSuAM2t794K65vN_y,2026-05-01 12:16:01+00:00,1777637761000,44615,25.20953,42.62162,1003.85999,53987
20260430-235226,-OrYSwbh23OGr0xOeNTR,2026-05-01 12:16:11+00:00,1777637771000,44625,25.20921,42.55104,1003.87,53952
20260430-235226,-OrYSz2r3VCL4u8BEnHA,2026-05-01 12:16:21+00:00,1777637781000,44635,25.20858,42.50397,1003.87,53848
20260430-235226,-OrYT0dPcBbBTPIu8RVy,2026-05-01 12:16:31+00:00,1777637791000,44645,25.20794,42.47452,1003.87,54057
20260430-235226,-OrYT2wCqWcrcPuHI39E,2026-05-01 12:16:41+00:00,1777637801000,44655,25.20921,42.48641,1003.85999,53918
20260430-235226,-OrYT5NsjQcn5pgtgVBa,2026-05-01 12:16:51+00:00,1777637811000,44665,25.20953,42.51583,1003.85999,54092
20260430-235226,-OrYT7oqRTp5osjBGchQ,2026-05-01 12:17:01+00:00,1777637821000,44675,25.2108,42.49247,1003.85999,54057
20260430-235226,-OrYTAFuHiyCXxAJMTwA,2026-05-01 12:17:11+00:00,1777637831000,44685,25.21016,42.50415,1003.85999,54022
20260430-235226,-OrYTChJw6qyjjQ2dw5K,2026-05-01 12:17:21+00:00,1777637841000,44695,25.20921,42.49816,1003.85999,54197
20260430-235226,-OrYTF8RurS_pwhT8g1n,2026-05-01 12:17:31+00:00,1777637851000,44705,25.20953,42.48058,1003.84998,53987
20260430-235226,-OrYTH_srvFe-WzBXgT_,2026-05-01 12:17:41+00:00,1777637861000,44715,25.20921,42.46291,1003.84998,54092
20260430-235226,-OrYTK1637q1C-juXLKP,2026-05-01 12:17:51+00:00,1777637871000,44725,25.20985,42.45124,1003.84998,54162
20260430-235226,-OrYTMTkWFSPHa4R8EHJ,2026-05-01 12:18:01+00:00,1777637881000,44735,25.21016,42.4689,1003.85999,54162
20260430-235226,-OrYTOu_PxJIhVIQs_WI,2026-05-01 12:18:11+00:00,1777637891000,44745,25.2108,42.47484,1003.85999,54267
20260430-235226,-OrYTRLq8xP0HhLL9BbV,2026-05-01 12:18:21+00:00,1777637901000,44755,25.21048,42.52768,1003.85999,54057
20260430-235226,-OrYTTn2f4Y-s7tV8Nuz,2026-05-01 12:18:31+00:00,1777637911000,44765,25.21016,42.57467,1003.84998,54408
20260430-235226,-OrYTWEKG58SdnpzmAlC,2026-05-01 12:18:41+00:00,1777637921000,44775,25.20985,42.58639,1003.85999,54197
20260430-235226,-OrYTYfnerwS1TOggSg9,2026-05-01 12:18:51+00:00,1777637931000,44785,25.20985,42.557,1003.87,53987
20260430-235226,-OrYTa6jhvF1QlHT_55t,2026-05-01 12:19:01+00:00,1777637941000,44795,25.21016,42.52765,1003.87,54022
20260430-235226,-OrYTcZIAzZxbu3AC5l2,2026-05-01 12:19:11+00:00,1777637951000,44805,25.20953,42.49232,1003.85999,54127
20260430-235226,-OrYTf-DJk0TFXASO9ER,2026-05-01 12:19:21+00:00,1777637961000,44815,25.20921,42.49229,1003.85999,53918
20260430-235226,-OrYThRWN-YhaUDAt2DI,2026-05-01 12:19:31+00:00,1777637971000,44825,25.20921,42.49816,1003.85999,54057
20260430-235226,-OrYTlO2c-Ws-e9MLYiM,2026-05-01 12:19:41+00:00,1777637981000,44835,25.20921,42.48641,1003.84998,53987
20260430-235226,-OrYTmJy4g1D-LKghiGZ,2026-05-01 12:19:51+00:00,1777637991000,44845,25.20826,42.45693,1003.85999,54162
20260430-235226,-OrYTolWlJh3PbP4DVxN,2026-05-01 12:20:01+00:00,1777638001000,44855,25.20794,42.42166,1003.84998,54127
20260430-235226,-OrYTrCTDbjvFELtHfhr,2026-05-01 12:20:11+00:00,1777638011000,44865,25.20858,42.46285,1003.85999,53952
20260430-235226,-OrYTtdc8zD2NtqhiB-7,2026-05-01 12:20:21+00:00,1777638021000,44875,25.20826,42.57445,1003.84998,54022
20260430-235226,-OrYTw4xhW4Nj8I8ANMD,2026-05-01 12:20:31+00:00,1777638031000,44885,25.20731,42.54495,1003.84998,54162
20260430-235226,-OrYTyXZUcOKrniQGVB9,2026-05-01 12:20:41+00:00,1777638041000,44895,25.20604,42.5742,1003.84998,54267
20260430-235226,-OrYU-yUcD2u5qkmgBw8,2026-05-01 12:20:51+00:00,1777638051000,44905,25.20573,42.59768,1003.85999,54057
20260430-235226,-OrYU2PhvSab0deFber5,2026-05-01 12:21:01+00:00,1777638061000,44915,25.20414,42.57398,1003.85999,54197
20260430-235226,-OrYU4rIPP_qqhKX9yeq,2026-05-01 12:21:11+00:00,1777638071000,44925,25.20382,42.60334,1003.87,53952
20260430-235226,-OrYU7I8gN0Xl3c97XWE,2026-05-01 12:21:21+00:00,1777638081000,44935,25.20288,42.59735,1003.87,54057
20260430-235226,-OrYU9jrRTLILKyRikZC,2026-05-01 12:21:31+00:00,1777638091000,44945,25.20224,42.6208,1003.87,54267
20260430-235226,-OrYUCAqKHZL0upVSxn_,2026-05-01 12:21:41+00:00,1777638101000,44955,25.20224,42.5914,1003.85999,54197
20260430-235226,-OrYUEbwyd8LTSzXQEZ3,2026-05-01 12:21:51+00:00,1777638111000,44965,25.20192,42.5561,1003.85999,53987
20260430-235226,-OrYUH3BimE2R3ZF4jIf,2026-05-01 12:22:01+00:00,1777638121000,44975,25.20256,42.59732,1003.84998,54197
20260430-235226,-OrYUJVcoRLvrFHyCSbE,2026-05-01 12:22:11+00:00,1777638131000,44985,25.20351,42.56216,1003.85999,54162
20260430-235226,-OrYULwfsqskRPUw3_l0,2026-05-01 12:22:21+00:00,1777638141000,44995,25.20414,42.60338,1003.87,53952
20260430-235226,-OrYUOO-DTZ9r-0nqlEK,2026-05-01 12:22:31+00:00,1777638151000,45005,25.20446,42.6975,1003.87,54057
20260430-235226,-OrYUQpO_JE7R5LZ2c5B,2026-05-01 12:22:41+00:00,1777638161000,45015,25.20509,42.69168,1003.88,54057
20260430-235226,-OrYUTMir64ha3bP_AYc,2026-05-01 12:22:51+00:00,1777638171000,45025,25.20668,42.65658,1003.87,53883
20260430-235226,-OrYUVhuytMOKgQ1puRl,2026-05-01 12:23:01+00:00,1777638181000,45035,25.207,42.60369,1003.88,54092
20260430-235226,-OrYUY8uHPLLITOtND4O,2026-05-01 12:23:11+00:00,1777638191000,45045,25.20763,42.5979,1003.88,54092
20260430-235226,-OrYU_aETVYnS5eVTdPK,2026-05-01 12:23:21+00:00,1777638201000,45055,25.20668,42.58015,1003.88,53952
20260430-235226,-OrYUc1UN0fTXuacfY2U,2026-05-01 12:23:31+00:00,1777638211000,45065,25.20604,42.60947,1003.89001,53918
20260430-235226,-OrYUeU4tZpm9IcgsSOC,2026-05-01 12:23:41+00:00,1777638221000,45075,25.20636,42.66243,1003.89001,54127
20260430-235226,-OrYUgv93fsa6Bb6V3eW,2026-05-01 12:23:51+00:00,1777638231000,45085,25.20573,42.68,1003.89001,53918
20260430-235226,-OrYUjMQ4xyw9HimWJP3,2026-05-01 12:24:01+00:00,1777638241000,45095,25.20478,42.66225,1003.90002,54092
20260430-235226,-OrYUlnkWr42WKSgn7WV,2026-05-01 12:24:11+00:00,1777638251000,45105,25.20414,42.69746,1003.90002,53952
20260430-235226,-OrYUoEbQ0yBaGUrFpwj,2026-05-01 12:24:21+00:00,1777638261000,45115,25.20446,42.60929,1003.90997,54057
20260430-235226,-OrYUqfxVBkPnisas7_K,2026-05-01 12:24:31+00:00,1777638271000,45125,25.20478,42.61521,1003.90997,53952
20260430-235226,-OrYUt7AVyAdJi1zf5b1,2026-05-01 12:24:41+00:00,1777638281000,45135,25.20478,42.60933,1003.90997,54022
20260430-235226,-OrYUvZPRlLH3i1vF107,2026-05-01 12:24:51+00:00,1777638291000,45145,25.20478,42.63284,1003.90997,54197
20260430-235226,-OrYUy-oUQQykO4tjBzm,2026-05-01 12:25:01+00:00,1777638301000,45155,25.20509,42.65052,1003.90997,53952
20260430-235226,-OrYV-SVroYNst-zw2Up,2026-05-01 12:25:11+00:00,1777638311000,45165,25.20604,42.71532,1003.91998,54057
20260430-235226,-OrYV1wGMDv1KMLFqx6U,2026-05-01 12:25:21+00:00,1777638321000,45175,25.20573,42.69764,1003.92999,54197
20260430-235226,-OrYV4Kdzgumc1jZcTeU,2026-05-01 12:25:31+00:00,1777638331000,45185,25.20541,42.67408,1003.91998,54057
20260430-235226,-OrYV6lihs5lGeTieUbW,2026-05-01 12:25:41+00:00,1777638341000,45195,25.20541,42.62116,1003.91998,54022
20260430-235226,-OrYV9CttCCxTvcMdDwY,2026-05-01 12:25:51+00:00,1777638351000,45205,25.20478,42.62696,1003.91998,54162
20260430-235226,-OrYVQouev5O_EQB6RJb,2026-05-01 12:26:01+00:00,1777638361000,45215,25.20509,42.67992,1003.92999,54197
20260430-235226,-OrYVQxvuMxmVk9icHnX,2026-05-01 12:27:04+00:00,1777638424000,45277,25.19939,42.92648,1003.92999,37661
20260430-235226,-OrYVTOWSVu0aa6Pr1yd,2026-05-01 12:27:14+00:00,1777638434000,45287,25.19812,42.84389,1003.92999,41297
20260430-235226,-OrYVVpoRo3O6RIRszcM,2026-05-01 12:27:24+00:00,1777638444000,45297,25.19717,42.90856,1003.94,44403
20260430-235226,-OrYVYH2BKncDmqYWm4G,2026-05-01 12:27:34+00:00,1777638454000,45307,25.19749,42.92037,1003.94,46522
20260430-235226,-OrYV_iZWNKcmtYnsRg9,2026-05-01 12:27:44+00:00,1777638464000,45317,25.1978,42.86741,1003.94,47959
20260430-235226,-OrYVc9gRmrV6wdzzPSG,2026-05-01 12:27:54+00:00,1777638474000,45327,25.19876,42.80865,1003.95001,48997
20260430-235226,-OrYVeaivApF0GKJD9Fy,2026-05-01 12:28:04+00:00,1777638484000,45337,25.19971,42.79698,1003.94,49902
20260430-235226,-OrYVh2MyPGWIkb17tKx,2026-05-01 12:28:14+00:00,1777638494000,45347,25.20066,42.76178,1003.94,50534
20260430-235226,-OrYVjUPYys-qq4N6SUK,2026-05-01 12:28:24+00:00,1777638504000,45357,25.20161,42.68541,1003.94,50996
20260430-235226,-OrYVlvVuxexaLJ7xp1X,2026-05-01 12:28:34+00:00,1777638514000,45367,25.20224,42.65607,1003.94,51529
20260430-235226,-OrYVoN1omnIEH0Kvj7j,2026-05-01 12:28:44+00:00,1777638524000,45377,25.20288,42.59148,1003.94,51816
20260430-235226,-OrYVqoF3LVF7wpVe9pF,2026-05-01 12:28:54+00:00,1777638534000,45387,25.20288,42.56209,1003.94,52009
20260430-235226,-OrYVtQZrdlX7n5JmZXE,2026-05-01 12:29:04+00:00,1777638544000,45397,25.20224,42.55026,1003.94,52730
20260430-235226,-OrYVvgkUas0oH1H79G5,2026-05-01 12:29:14+00:00,1777638554000,45407,25.20256,42.56205,1003.94,52597
20260430-235226,-OrYVy7p1gx55t6klIi1,2026-05-01 12:29:24+00:00,1777638564000,45417,25.20319,42.56212,1003.95001,52763
20260430-235226,-OrYW-Zt6ZWegWY0wr-A,2026-05-01 12:29:34+00:00,1777638574000,45427,25.20414,42.61514,1003.95001,52996
20260430-235226,-OrYW20G-Ms-z0_HYFMw,2026-05-01 12:29:44+00:00,1777638584000,45437,25.20541,42.66232,1003.95001,53064
20260430-235226,-OrYW4SY89-yP9RLoMaG,2026-05-01 12:29:54+00:00,1777638594000,45447,25.20573,42.69176,1003.95001,53131
20260430-235226,-OrYW6tpNhb7i8XpcFMd,2026-05-01 12:30:04+00:00,1777638604000,45457,25.20636,42.69772,1003.95001,53232
20260430-235226,-OrYW9L2RlhXgnMrJhSJ,2026-05-01 12:30:14+00:00,1777638614000,45467,25.20668,42.69187,1003.96002,53165
20260430-235226,-OrYWBmQEwwIDUIh-8uO,2026-05-01 12:30:24+00:00,1777638624000,45477,25.20826,42.66852,1003.96002,53334
20260430-235226,-OrYWEDcgGDWsP634EFz,2026-05-01 12:30:34+00:00,1777638634000,45487,25.20826,42.62735,1003.95001,53334
20260430-235226,-OrYWGepSwXpn59xEY-X,2026-05-01 12:30:44+00:00,1777638644000,45497,25.20985,42.60403,1003.94,53504
20260430-235226,-OrYWJ6HbVawOuzsZZFG,2026-05-01 12:30:54+00:00,1777638654000,45507,25.21111,42.60416,1003.95001,53436
20260430-235226,-OrYWLYUnDCdMszTXd0U,2026-05-01 12:31:04+00:00,1777638664000,45517,25.21111,42.59241,1003.95001,53436
20260430-235226,-OrYWNzULVxet34Jc63i,2026-05-01 12:31:14+00:00,1777638674000,45527,25.21207,42.59251,1003.96002,53436
20260430-235226,-OrYWQRFD9JnnsjUoDR0,2026-05-01 12:31:24+00:00,1777638684000,45537,25.21302,42.53384,1003.96002,53470
20260430-235226,-OrYWTGakWAYM_afX8mU,2026-05-01 12:31:34+00:00,1777638694000,45547,25.21333,42.49863,1003.95001,53573
20260430-235226,-OrYWVJDdAgQvtjRwx3O,2026-05-01 12:31:44+00:00,1777638704000,45557,25.2127,42.49856,1003.95001,53779
20260430-235226,-OrYWXkhqvWJN45M-HyI,2026-05-01 12:31:54+00:00,1777638714000,45567,25.2127,42.51618,1003.94,53848
20260430-235226,-OrYW_C0sClkfbeWlUlS,2026-05-01 12:32:04+00:00,1777638724000,45577,25.21143,42.53367,1003.94,53814
20260430-235226,-OrYWc-qzjk9ao5_6zZr,2026-05-01 12:32:14+00:00,1777638734000,45587,25.21143,42.57481,1003.94,53814
20260430-235226,-OrYWe4CCjUdGEKLHXmU,2026-05-01 12:32:24+00:00,1777638744000,45597,25.20985,42.61578,1003.94,53883
20260430-235226,-OrYWgukD7NNRgMe63D1,2026-05-01 12:32:34+00:00,1777638754000,45607,25.21016,42.64521,1003.92999,53987
20260430-235226,-OrYWj0490txpLFdxzTM,2026-05-01 12:32:44+00:00,1777638764000,45617,25.21016,42.6217,1003.92999,53848
20260430-235226,-OrYWlPi8zgGa_A3XlxJ,2026-05-01 12:32:54+00:00,1777638774000,45627,25.20921,42.59807,1003.94,53779
20260430-235226,-OrYWnqla_JnAIqwt4vr,2026-05-01 12:33:04+00:00,1777638784000,45637,25.2089,42.60979,1003.92999,53918
20260430-235226,-OrYWqHeD6Kl_dgYaxoc,2026-05-01 12:33:14+00:00,1777638794000,45647,25.20953,42.60987,1003.95001,54022
20260430-235226,-OrYWsifu8J-ryzm9ITv,2026-05-01 12:33:24+00:00,1777638804000,45657,25.20953,42.61575,1003.94,53883
20260430-235226,-OrYWvZSNvdt7AjMPfuk,2026-05-01 12:33:34+00:00,1777638814000,45667,25.20953,42.59223,1003.94,53987
20260430-235226,-OrYWxbevdFuXKrlMf8B,2026-05-01 12:33:44+00:00,1777638824000,45677,25.20953,42.5746,1003.95001,54022
20260430-235226,-OrYX-3J-PAxH1XAHuRf,2026-05-01 12:33:54+00:00,1777638834000,45687,25.21016,42.56879,1003.94,53952
20260430-235226,-OrYX1qiSQ3Bh8k_NRlm,2026-05-01 12:34:04+00:00,1777638844000,45698,25.21111,42.60416,1003.94,53745
20260430-235226,-OrYX40-S_w1EwPXDpc7,2026-05-01 12:34:14+00:00,1777638854000,45708,25.21175,42.60424,1003.94,53918
20260430-235226,-OrYX6ScqNZ-fAbk6-4x,2026-05-01 12:34:24+00:00,1777638864000,45718,25.21143,42.58657,1003.94,53848
20260430-235226,-OrYX8tHEpkmWwax1yAo,2026-05-01 12:34:34+00:00,1777638874000,45728,25.21175,42.59248,1003.94,53987
20260430-235226,-OrYXBKgMaw6VdsgrZhN,2026-05-01 12:34:44+00:00,1777638884000,45738,25.21143,42.63948,1003.94,53952
20260430-235226,-OrYXDloSlcfqPJ4rd6N,2026-05-01 12:34:54+00:00,1777638894000,45748,25.21238,42.61606,1003.92999,53918
20260430-235226,-OrYXGD8dgfBUtxpFn47,2026-05-01 12:35:04+00:00,1777638904000,45758,25.21238,42.54553,1003.92999,54162
20260430-235226,-OrYXIwX_c7ZAcVB0XrX,2026-05-01 12:35:14+00:00,1777638914000,45768,25.2127,42.48681,1003.92999,53952
20260430-235226,-OrYXL5haSmrgXqplN8k,2026-05-01 12:35:24+00:00,1777638924000,45778,25.21238,42.49852,1003.92999,53952
20260430-235226,-OrYXNZwqrF4zMq07PXf,2026-05-01 12:35:34+00:00,1777638934000,45788,25.21302,42.53384,1003.94,54022
20260430-235226,-OrYXPzTMuevLXMHkNB1,2026-05-01 12:35:44+00:00,1777638944000,45798,25.21365,42.5398,1003.92999,54057
20260430-235226,-OrYXSQdfIboS2ACSgVm,2026-05-01 12:35:54+00:00,1777638954000,45808,25.21492,42.56345,1003.92999,53952
20260430-235226,-OrYXUrazw3adWqFI2cZ,2026-05-01 12:36:04+00:00,1777638964000,45818,25.21587,42.56944,1003.92999,53987
20260430-235226,-OrYXXJNC_scOV4TBbfZ,2026-05-01 12:36:14+00:00,1777638974000,45828,25.2165,42.55187,1003.94,54162
20260430-235226,-OrYXZkOyi_FXyOO3grU,2026-05-01 12:36:24+00:00,1777638984000,45838,25.21587,42.53417,1003.94,54197
20260430-235226,-OrYXbBhk1N_QpId-nAF,2026-05-01 12:36:34+00:00,1777638994000,45848,25.21682,42.51078,1003.94,54232
20260430-235226,-OrYXdcZhIH-rmk08u7L,2026-05-01 12:36:44+00:00,1777639004000,45858,25.21745,42.49322,1003.94,54267
20260430-235226,-OrYXg3zxn0JQryl7DfL,2026-05-01 12:36:54+00:00,1777639014000,45868,25.21714,42.54019,1003.94,54408
20260430-235226,-OrYXiWDu-n9NIE_V3w2,2026-05-01 12:37:04+00:00,1777639024000,45878,25.21714,42.69306,1003.92999,54197
20260430-235226,-OrYXkxcl4E07QJ6Wyus,2026-05-01 12:37:14+00:00,1777639034000,45888,25.21745,42.76957,1003.92999,54127
20260430-235226,-OrYXnOlseJpDcsgvieg,2026-05-01 12:37:24+00:00,1777639044000,45898,25.21809,42.65787,1003.92999,54408
20260430-235226,-OrYXpq2fqnmskPS1UI9,2026-05-01 12:37:34+00:00,1777639054000,45908,25.21809,42.55793,1003.91998,54337
20260430-235226,-OrYXsGxX62whTdyQGzK,2026-05-01 12:37:44+00:00,1777639064000,45918,25.2184,42.51096,1003.92999,54550
20260430-235226,-OrYXuiLk5-4_R3xUhe_,2026-05-01 12:37:54+00:00,1777639074000,45928,25.2184,42.49333,1003.92999,54092
20260430-235226,-OrYXx9eWJBi7nv_oz3P,2026-05-01 12:38:04+00:00,1777639084000,45938,25.2184,42.53446,1003.94,54232
20260430-235226,-OrYXzajaLPZi8iezwcl,2026-05-01 12:38:14+00:00,1777639094000,45948,25.21904,42.52278,1003.94,54232
20260430-235226,-OrYY1AfRXKWOoNAownl,2026-05-01 12:38:24+00:00,1777639104000,45958,25.21809,42.52267,1003.94,54197
20260430-235226,-OrYY3UYpYgif_icAy5N,2026-05-01 12:38:34+00:00,1777639114000,45968,25.21809,42.51679,1003.92999,54232
20260430-235226,-OrYY5w3bnbu3_Oez4CT,2026-05-01 12:38:44+00:00,1777639124000,45978,25.21777,42.55201,1003.94,53952
20260430-235226,-OrYY8MnjlJB-XyaA4T6,2026-05-01 12:38:54+00:00,1777639134000,45988,25.21777,42.65783,1003.95001,54267
20260430-235226,-OrYYAoMX2r_AX9NUhTw,2026-05-01 12:39:04+00:00,1777639144000,45998,25.21745,42.61664,1003.94,54373
20260430-235226,-OrYYDFWrxatQoDoVxlq,2026-05-01 12:39:14+00:00,1777639154000,46008,25.21872,42.50511,1003.95001,54337
20260430-235226,-OrYYFgTUkGdvy7HZrqA,2026-05-01 12:39:24+00:00,1777639164000,46018,25.21904,42.54041,1003.96002,54550
20260430-235226,-OrYYI82QsalrAEOnHbO,2026-05-01 12:39:34+00:00,1777639174000,46028,25.2184,42.50508,1003.95001,54302
20260430-235226,-OrYYK_4Ig_fvEx7NJM-,2026-05-01 12:39:44+00:00,1777639184000,46038,25.2184,42.56384,1003.95001,54337
20260430-235226,-OrYYN0KySVg8aKDvsjN,2026-05-01 12:39:54+00:00,1777639194000,46048,25.2184,42.605,1003.96002,54232
20260430-235226,-OrYYPSkLIKf0beXGsG4,2026-05-01 12:40:04+00:00,1777639204000,46058,25.2184,42.58148,1003.96002,54197
20260430-235226,-OrYYRtnF_gnt-3rtaru,2026-05-01 12:40:14+00:00,1777639214000,46068,25.21904,42.56979,1003.96002,54408
20260430-235226,-OrYYUL9jlwiGX1xuxKi,2026-05-01 12:40:24+00:00,1777639224000,46078,25.21967,42.54636,1003.96997,54197
20260430-235226,-OrYYWmG0evrBp55Oodi,2026-05-01 12:40:34+00:00,1777639234000,46088,25.21904,42.54628,1003.96002,54373
20260430-235226,-OrYYZDozR7ork_OliGs,2026-05-01 12:40:44+00:00,1777639244000,46098,25.21872,42.558,1003.96002,54479
20260430-235226,-OrYYaenLse1hUujlBnC,2026-05-01 12:40:54+00:00,1777639254000,46108,25.21967,42.52872,1003.96002,54373
20260430-235226,-OrYYd5ynj-BmHnCYUUS,2026-05-01 12:41:04+00:00,1777639264000,46118,25.22094,42.52299,1003.96002,54302
20260430-235226,-OrYYfYEfKBLf6XAxLD9,2026-05-01 12:41:14+00:00,1777639274000,46128,25.21967,42.54047,1003.96997,54302
20260430-235226,-OrYYhzSJ29D84R6S6wn,2026-05-01 12:41:24+00:00,1777639284000,46138,25.21904,42.57567,1003.96997,54267
20260430-235226,-OrYYkWKzpOwGBYAWja-,2026-05-01 12:41:34+00:00,1777639294000,46148,25.21809,42.58732,1003.96997,54302
20260430-235226,-OrYYms28QztxV2qNiGy,2026-05-01 12:41:44+00:00,1777639304000,46158,25.21777,42.65783,1003.96997,54408
20260430-235226,-OrYYpJMDvGF6ZHrL6CF,2026-05-01 12:41:54+00:00,1777639314000,46168,25.21777,42.66959,1003.96002,54197
20260430-235226,-OrYYrkYS8FaBw-pp41_,2026-05-01 12:42:04+00:00,1777639324000,46178,25.21745,42.66956,1003.96002,54337
20260430-235226,-OrYYuBsbCI75UI2t9BX,2026-05-01 12:42:14+00:00,1777639334000,46188,25.21777,42.72842,1003.96002,54373
20260430-235226,-OrYYwdN3dMJ08o0GGsP,2026-05-01 12:42:24+00:00,1777639344000,46198,25.2165,42.8401,1003.96002,54373
20260430-235226,-OrYYz4U-Xlx3-suql88,2026-05-01 12:42:34+00:00,1777639354000,46208,25.21682,42.8578,1003.96002,54232
20260430-235226,-OrYZ0WT9AR9ZxqVjrL8,2026-05-01 12:42:44+00:00,1777639364000,46218,25.21745,42.85199,1003.96002,54162
20260430-235226,-OrYZ2xmYGj6xBfkE_ub,2026-05-01 12:42:54+00:00,1777639374000,46228,25.21809,42.77553,1003.97998,54162
20260430-235226,-OrYZ5OxgiETEwwVUX0e,2026-05-01 12:43:04+00:00,1777639384000,46238,25.21809,42.67552,1003.97998,53952
20260430-235226,-OrYZ7qIS5i_ipVRt_Yt,2026-05-01 12:43:14+00:00,1777639394000,46248,25.21809,42.64023,1003.96997,54057
20260430-235226,-OrYZAHpCWVl33ON-bYf,2026-05-01 12:43:24+00:00,1777639404000,46258,25.2165,42.65769,1003.96997,54022
20260430-235226,-OrYZCifnsxJH_vrpfNM,2026-05-01 12:43:34+00:00,1777639414000,46268,25.21524,42.68107,1003.97998,54127
20260430-235226,-OrYZF9wx8TjfSOYGMD-,2026-05-01 12:43:44+00:00,1777639424000,46278,25.21619,42.71059,1003.97998,54232
20260430-235226,-OrYZHbP_BJfs2Sa6CJx,2026-05-01 12:43:54+00:00,1777639434000,46288,25.21555,42.72817,1003.97998,54232
20260430-235226,-OrYZK2_UtyhYWv_xlmA,2026-05-01 12:44:04+00:00,1777639444000,46298,25.21524,42.68107,1003.97998,54267
20260430-235226,-OrYZMUotzEoaqXTSVTy,2026-05-01 12:44:14+00:00,1777639454000,46308,25.21428,42.68685,1003.97998,54337
20260430-235226,-OrYZOwBYNkBXlap6sIe,2026-05-01 12:44:24+00:00,1777639464000,46318,25.21428,42.80453,1003.97998,54162
20260430-235226,-OrYZRNFpuQdLLgt6oAv,2026-05-01 12:44:34+00:00,1777639474000,46328,25.21238,42.8514,1003.97998,54162
20260430-235226,-OrYZVRVer16Feoslz7l,2026-05-01 12:44:44+00:00,1777639484000,46338,25.21207,42.78073,1003.97998,54232
20260430-235226,-OrYZWFsRuK7Q-LxjARE,2026-05-01 12:44:54+00:00,1777639494000,46348,25.21333,42.63382,1003.97998,54267
20260430-235226,-OrYZYhAC6GQpp4ZR690,2026-05-01 12:45:04+00:00,1777639504000,46358,25.21365,42.62209,1003.97998,54057
20260430-235226,-OrYZa8P8DldRhmJXZj8,2026-05-01 12:45:14+00:00,1777639514000,46368,25.21428,42.66333,1003.97998,54197
20260430-235226,-OrYZc_imqm2c8mjcEL2,2026-05-01 12:45:24+00:00,1777639524000,46378,25.2146,42.65747,1003.96997,54127
20260430-235226,-OrYZf0nr1uU2GklyeDs,2026-05-01 12:45:34+00:00,1777639534000,46388,25.21524,42.61639,1003.96997,54197
20260430-235226,-OrYZhT0d2TN7UyvRnHe,2026-05-01 12:45:44+00:00,1777639544000,46398,25.21524,42.59875,1003.96997,54408
20260430-235226,-OrYZjuDuM5oCOcpHMxM,2026-05-01 12:45:54+00:00,1777639554000,46408,25.21524,42.58112,1003.97998,54337
20260430-235226,-OrYZmLevw-cFrJKEC-G,2026-05-01 12:46:04+00:00,1777639564000,46418,25.21524,42.57524,1003.97998,54267
20260430-235226,-OrYZomfJckN_en0cWqr,2026-05-01 12:46:14+00:00,1777639574000,46428,25.2146,42.5928,1003.96997,54443
20260430-235226,-OrYZrDyRp4cqnSchPhF,2026-05-01 12:46:24+00:00,1777639584000,46438,25.2146,42.60456,1003.96997,54408
20260430-235226,-OrYZtfJdglvaeX1LR8S,2026-05-01 12:46:34+00:00,1777639594000,46448,25.21428,42.67509,1003.96997,54302
20260430-235226,-OrYZw6gjvID2vzIFY1o,2026-05-01 12:46:44+00:00,1777639604000,46458,25.21365,42.81623,1003.96997,54232
20260430-235226,-OrYZyYrg6ru2h9PTH_x,2026-05-01 12:46:54+00:00,1777639614000,46468,25.2146,42.80456,1003.96997,54373
20260430-235226,-OrY_-zq7BvqINPmxkLQ,2026-05-01 12:47:04+00:00,1777639624000,46478,25.21492,42.63988,1003.96997,54232
20260430-235226,-OrY_2Ri4O8B-3SMcPUJ,2026-05-01 12:47:14+00:00,1777639634000,46488,25.21555,42.54001,1003.96997,54373
20260430-235226,-OrY_4sRC4O6SjAuBQ2Q,2026-05-01 12:47:24+00:00,1777639644000,46498,25.21555,42.51651,1003.96002,54232
20260430-235226,-OrY_7JvA5PkjiRfpccA,2026-05-01 12:47:34+00:00,1777639654000,46508,25.21587,42.50479,1003.96002,54232
20260430-235226,-OrY_9kx_1NeT4gpYKzk,2026-05-01 12:47:44+00:00,1777639664000,46518,25.21524,42.54585,1003.96002,54373
20260430-235226,-OrY_CQhtJrjzUu-A0tL,2026-05-01 12:47:54+00:00,1777639674000,46528,25.2146,42.5928,1003.96002,54373
20260430-235226,-OrY_EdPU0Bcmsr7cjuC,2026-05-01 12:48:04+00:00,1777639684000,46538,25.21524,42.60463,1003.96997,54267
20260430-235226,-OrY_H4o_zaQ48iyfk0J,2026-05-01 12:48:14+00:00,1777639694000,46548,25.21397,42.61625,1003.96997,54302
20260430-235226,-OrY_JWqdvjT0ZykAeFQ,2026-05-01 12:48:24+00:00,1777639704000,46558,25.2146,42.63984,1003.96997,54162
20260430-235226,-OrY_Lyf8coSYhxlfW5E,2026-05-01 12:48:34+00:00,1777639714000,46568,25.2146,42.61631,1003.96997,54443
20260430-235226,-OrY_OPLdpst3Y1u2Eqw,2026-05-01 12:48:44+00:00,1777639724000,46578,25.21302,42.55148,1003.96997,54514
20260430-235226,-OrY_QqwWJJ5w1owR5Ci,2026-05-01 12:48:54+00:00,1777639734000,46588,25.2127,42.58083,1003.96997,54302
20260430-235226,-OrY_TI1jTemzl0VujDE,2026-05-01 12:49:04+00:00,1777639744000,46598,25.21238,42.56316,1003.96002,54162
20260430-235226,-OrY_VjN08rsTiHPw_hT,2026-05-01 12:49:14+00:00,1777639754000,46608,25.21175,42.51608,1003.96002,54267
20260430-235226,-OrY_YATNdsLnGznB8LF,2026-05-01 12:49:24+00:00,1777639764000,46618,25.21143,42.48667,1003.96002,54479
20260430-235226,-OrY__bqDpE6N73LopPG,2026-05-01 12:49:34+00:00,1777639774000,46628,25.2108,42.48071,1003.96002,54373
20260430-235226,-OrY_c2riVFqx-v7P9iG,2026-05-01 12:49:44+00:00,1777639784000,46638,25.20985,42.56288,1003.95001,54267
20260430-235226,-OrY_eVLHlTX9Haq8SPC,2026-05-01 12:49:54+00:00,1777639794000,46648,25.20921,42.68039,1003.95001,54302
20260430-235226,-OrY_gwWjfuq6aKdnvwz,2026-05-01 12:50:04+00:00,1777639804000,46658,25.20921,42.77452,1003.96002,54092
20260430-235226,-OrY_jNUE7WtWkAHnR7t,2026-05-01 12:50:14+00:00,1777639814000,46668,25.20858,42.80977,1003.96002,54267
20260430-235226,-OrY_lovJeA2zebHuvRR,2026-05-01 12:50:24+00:00,1777639824000,46678,25.20794,42.76849,1003.96002,54232
20260430-235226,-OrY_oGFMh2YwU8RCUzF,2026-05-01 12:50:34+00:00,1777639834000,46688,25.20731,42.69781,1003.95001,54302
20260430-235226,-OrY_qhRUOkw7MYc8kr-,2026-05-01 12:50:44+00:00,1777639844000,46698,25.20668,42.63305,1003.95001,54373
20260430-235226,-OrY_t8lQm_YTjbNA297,2026-05-01 12:50:54+00:00,1777639854000,46708,25.20541,42.66819,1003.95001,54443
20260430-235226,-OrY_vsISJVR1667s2aw,2026-05-01 12:51:04+00:00,1777639864000,46718,25.20478,42.76225,1003.95001,54373
20260430-235226,-OrY_y18Mzz4GGWKH_yy,2026-05-01 12:51:14+00:00,1777639874000,46728,25.20446,42.84461,1003.95001,54232
20260430-235226,-OrYa-TJMZO9IHIiWInA,2026-05-01 12:51:24+00:00,1777639884000,46738,25.20382,42.75037,1003.95001,54302
20260430-235226,-OrYa1ueg2Bfbcj209RA,2026-05-01 12:51:34+00:00,1777639894000,46748,25.20414,42.60338,1003.96002,54197
20260430-235226,-OrYa4LzL2JJex6Ag_r-,2026-05-01 12:51:44+00:00,1777639904000,46758,25.20382,42.56807,1003.96002,54232
20260430-235226,-OrYa6n2aN6vnAKU7SHn,2026-05-01 12:51:54+00:00,1777639914000,46768,25.20382,42.54456,1003.96002,54337
20260430-235226,-OrYa9EIUcStW86Y-z81,2026-05-01 12:52:04+00:00,1777639924000,46778,25.20573,42.53891,1003.96002,54302
20260430-235226,-OrYaBfcoOjmcuz2sSyC,2026-05-01 12:52:14+00:00,1777639934000,46788,25.20668,42.52726,1003.96002,54302
20260430-235226,-OrYaE7Cyf16uvPEuPDB,2026-05-01 12:52:24+00:00,1777639944000,46798,25.20763,42.51562,1003.96002,54302
20260430-235226,-OrYaGZCcO_kk9I11FdA,2026-05-01 12:52:34+00:00,1777639954000,46808,25.20763,42.51562,1003.96997,54692
20260430-235226,-OrYaJ-DdoyrWYhQ0kT2,2026-05-01 12:52:44+00:00,1777639964000,46818,25.2089,42.57452,1003.96997,54373
20260430-235226,-OrYaLS97Xm9XfsgtETi,2026-05-01 12:52:54+00:00,1777639974000,46828,25.20763,42.59202,1003.96997,54514
20260430-235226,-OrYaNsi1VR6EYDPqtMN,2026-05-01 12:53:04+00:00,1777639984000,46838,25.20858,42.598,1003.96997,54479
20260430-235226,-OrYaQKMVMasZqhjndzw,2026-05-01 12:53:14+00:00,1777639994000,46848,25.20731,42.65077,1003.97998,54585
20260430-235226,-OrYaSmIj8ErKnCI1Qix,2026-05-01 12:53:24+00:00,1777640004000,46858,25.20763,42.61553,1003.97998,54337
20260430-235226,-OrYaVCsoKWu1Yb6S5sA,2026-05-01 12:53:34+00:00,1777640014000,46868,25.20763,42.60378,1003.98999,54337
20260430-235226,-OrYaXdtl-rpo5iAxJyi,2026-05-01 12:53:44+00:00,1777640024000,46878,25.20668,42.56839,1003.98999,54373
20260430-235226,-OrYa_5S8tAuMPlJ8188,2026-05-01 12:53:54+00:00,1777640034000,46888,25.20668,42.52726,1003.98999,54408
20260430-235226,-OrYabXIa4dtY0V2Ihit,2026-05-01 12:54:04+00:00,1777640044000,46898,25.20636,42.56248,1003.98999,54514
20260430-235226,-OrYae97JwMr_6dHDE4D,2026-05-01 12:54:14+00:00,1777640054000,46908,25.20604,42.62711,1003.98999,54232
20260430-235226,-OrYagQ2kCbyE1iyRYaE,2026-05-01 12:54:24+00:00,1777640064000,46918,25.20604,42.69768,1004.0,54373
20260430-235226,-OrYairpIbE1E1jVWti3,2026-05-01 12:54:34+00:00,1777640074000,46928,25.20541,42.76232,1003.98999,54408
20260430-235226,-OrYalITkSAI4VI6-7Sg,2026-05-01 12:54:44+00:00,1777640084000,46938,25.20573,42.81533,1003.98999,54337
20260430-235226,-OrYanjW0G1gLtTPcnfm,2026-05-01 12:54:54+00:00,1777640094000,46948,25.20604,42.79181,1003.98999,54267
20260430-235226,-OrYaqAr4_PEMJvz_bKb,2026-05-01 12:55:04+00:00,1777640104000,46958,25.207,42.63897,1003.98999,54443
20260430-235226,-OrYascRDzaCu5hMYQMa,2026-05-01 12:55:14+00:00,1777640114000,46968,25.20826,42.52743,1003.98999,54373
20260430-235226,-OrYav3ZTUvAF8ayqvsS,2026-05-01 12:55:24+00:00,1777640124000,46978,25.20794,42.50977,1003.98999,54408
20260430-235226,-OrYaxWGn-c7_mkOkNTa,2026-05-01 12:55:34+00:00,1777640134000,46988,25.20794,42.50977,1003.98999,54337
20260430-235226,-OrYazwwwqPEdNuZkSn4,2026-05-01 12:55:44+00:00,1777640144000,46998,25.20794,42.52739,1003.98999,54621
20260430-235226,-OrYb1OKSHKR3Dlakb8_,2026-05-01 12:55:54+00:00,1777640154000,47008,25.20794,42.53327,1003.98999,54373
20260430-235226,-OrYb3pLXH7NTLV1Yk0g,2026-05-01 12:56:04+00:00,1777640164000,47018,25.20794,42.57441,1003.98999,54337
20260430-235226,-OrYb6G_3dzddVdyQlGp,2026-05-01 12:56:14+00:00,1777640174000,47028,25.20858,42.55098,1003.98999,54408
20260430-235226,-OrYb8ht8ge4WkAgp6Qf,2026-05-01 12:56:24+00:00,1777640184000,47038,25.20826,42.52743,1003.98999,54443
20260430-235226,-OrYbBA2O1-_NQsQoktj,2026-05-01 12:56:34+00:00,1777640194000,47048,25.20794,42.53915,1004.0,54550
20260430-235226,-OrYbDaC8pFCQ72wxaV8,2026-05-01 12:56:44+00:00,1777640204000,47058,25.20858,42.53923,1004.0,54657
20260430-235226,-OrYbG1yq-ck0gvwgvBw,2026-05-01 12:56:54+00:00,1777640214000,47068,25.20858,42.50397,1004.01001,54621
20260430-235226,-OrYbITfcV2p6znuHCtD,2026-05-01 12:57:04+00:00,1777640224000,47078,25.20826,42.49218,1004.0,54692
20260430-235226,-OrYbKv4RS55vOoG4R8F,2026-05-01 12:57:14+00:00,1777640234000,47088,25.20636,42.51547,1004.01001,54692
20260430-235226,-OrYbNkoJ5Yj6x1gQOgo,2026-05-01 12:57:24+00:00,1777640244000,47098,25.20478,42.48592,1004.01001,54657
20260430-235226,-OrYbPocqTytAna54Zpf,2026-05-01 12:57:34+00:00,1777640254000,47108,25.20382,42.46818,1004.01001,54657
20260430-235226,-OrYbSEldkGyjB5D6LOx,2026-05-01 12:57:44+00:00,1777640264000,47118,25.20288,42.44458,1004.01001,54692
20260430-235226,-OrYbUg8fAPnSUJ_0ABY,2026-05-01 12:57:54+00:00,1777640274000,47128,25.20192,42.44447,1004.0,54585
20260430-235226,-OrYbX7De5w4OF0BmCKQ,2026-05-01 12:58:04+00:00,1777640284000,47138,25.20256,42.4563,1004.0,54514
20260430-235226,-OrYbZZUPB_6MDUADb68,2026-05-01 12:58:14+00:00,1777640294000,47148,25.20256,42.49154,1004.01001,54514
20260430-235226,-OrYbb-jlnGrWRv8we2-,2026-05-01 12:58:24+00:00,1777640304000,47158,25.20288,42.5092,1004.01001,54514
20260430-235226,-OrYbdTB2jbBq3Pgx-nU,2026-05-01 12:58:34+00:00,1777640314000,47168,25.20351,42.53865,1004.01001,54692
20260430-235226,-OrYbftIIwqxrdj2V0q8,2026-05-01 12:58:44+00:00,1777640324000,47178,25.20382,42.59158,1004.0,54337
20260430-235226,-OrYbiPDnP1D5T9u_V4O,2026-05-01 12:58:54+00:00,1777640334000,47188,25.20382,42.53281,1004.0,54550
20260430-235226,-OrYbkluuXfXPC46vHfR,2026-05-01 12:59:04+00:00,1777640344000,47198,25.20509,42.46245,1004.01001,54728
20260430-235226,-OrYbnD2gFqzHUy6FLex,2026-05-01 12:59:14+00:00,1777640354000,47208,25.20478,42.45067,1004.01001,54373
20260430-235226,-OrYbpeBTpAj75856aWu,2026-05-01 12:59:24+00:00,1777640364000,47218,25.20478,42.48592,1004.0,54514
20260430-235226,-OrYbs6mWNECEApkBbDV,2026-05-01 12:59:34+00:00,1777640374000,47228,25.20541,42.52711,1004.01001,54479
20260430-235226,-OrYbuY8Ojtg88KuTBnN,2026-05-01 12:59:44+00:00,1777640384000,47238,25.20636,42.56836,1004.01001,54514
20260430-235226,-OrYbwywWjjPa25Nz8ZJ,2026-05-01 12:59:54+00:00,1777640394000,47248,25.20604,42.66239,1004.0,54408
20260430-235226,-OrYbzQMb-VsfSGeH8Ok,2026-05-01 13:00:04+00:00,1777640404000,47258,25.20731,42.60373,1004.01001,54408
20260430-235226,-OrYc0rfwT_v8S_zQ6oZ,2026-05-01 13:00:14+00:00,1777640414000,47268,25.20794,42.58616,1004.01001,54337
20260430-235226,-OrYc3Ip0lcyw6s-ZGK1,2026-05-01 13:00:24+00:00,1777640424000,47278,25.20763,42.63905,1004.01001,54585
20260430-235226,-OrYc5qtLyUKjUfDkS53,2026-05-01 13:00:34+00:00,1777640434000,47288,25.207,42.66249,1004.0,54302
20260430-235226,-OrYc8BPvdwESg79mZbL,2026-05-01 13:00:44+00:00,1777640444000,47298,25.20668,42.64482,1004.01001,54479
20260430-235226,-OrYcAcWFRgW7ILHEBcs,2026-05-01 13:00:54+00:00,1777640454000,47308,25.207,42.58606,1004.01001,54408
20260430-235226,-OrYcD3pDptfUQMtZHrv,2026-05-01 13:01:04+00:00,1777640464000,47318,25.20731,42.55083,1004.01001,54585
20260430-235226,-OrYcFW3aR8Y56uA7Adt,2026-05-01 13:01:14+00:00,1777640474000,47328,25.20668,42.54488,1004.01001,54657
20260430-235226,-OrYcHx5TI2WmP0MrOtj,2026-05-01 13:01:24+00:00,1777640484000,47338,25.20636,42.52135,1004.01001,54550
20260430-235226,-OrYcKOVj_mnChqZeDeK,2026-05-01 13:01:34+00:00,1777640494000,47348,25.20668,42.50375,1004.0,54550
20260430-235226,-OrYcMppJTk5ps1MAh7C,2026-05-01 13:01:44+00:00,1777640504000,47358,25.20668,42.48613,1004.0,54479
20260430-235226,-OrYcPHBJTsciQIC3rhL,2026-05-01 13:01:54+00:00,1777640514000,47368,25.20731,42.49207,1004.0,54621
20260430-235226,-OrYcRiNwhm8WYMemG3a,2026-05-01 13:02:04+00:00,1777640524000,47378,25.20731,42.51557,1004.0,54800
20260430-235226,-OrYcUA0A3na_2bj_azu,2026-05-01 13:02:14+00:00,1777640534000,47388,25.20668,42.57426,1004.0,54728
20260430-235226,-OrYcWasgAOtZPHPG3SG,2026-05-01 13:02:24+00:00,1777640544000,47398,25.20668,42.59778,1003.98999,54657
20260430-235226,-OrYcZ2FW1SUrN5bJ-pn,2026-05-01 13:02:34+00:00,1777640554000,47408,25.207,42.68602,1003.98999,54550
20260430-235226,-OrYcaUVl9Ywlq0X-GWF,2026-05-01 13:02:44+00:00,1777640564000,47418,25.207,42.67426,1004.0,54408
20260430-235226,-OrYccw0ryONH3Gc0hjB,2026-05-01 13:02:54+00:00,1777640574000,47428,25.207,42.72132,1004.0,54514
20260430-235226,-OrYcfMo6WQyxOoxEt7a,2026-05-01 13:03:04+00:00,1777640584000,47438,25.20794,42.69201,1004.0,54479
20260430-235226,-OrYchnvpP7DfcSAJN_u,2026-05-01 13:03:14+00:00,1777640594000,47448,25.20858,42.6568,1004.0,54514
20260430-235226,-OrYcqFXPtFcJeksVb2X,2026-05-01 13:03:34+00:00,1777640614000,47468,25.2089,42.56277,1004.0,54728
20260430-235226,-OrYcq_Nvr0SATbrdfZf,2026-05-01 13:03:50+00:00,1777640630000,47484,25.20604,42.55656,1003.98999,51403
20260430-235226,-OrYct18zVreDvc0WXqm,2026-05-01 13:04:00+00:00,1777640640000,47494,25.20668,42.52726,1003.98999,52367
20260430-235226,-OrYcvTN-kRjuDFhe7_B,2026-05-01 13:04:10+00:00,1777640650000,47504,25.20668,42.59778,1003.98999,53131
20260430-235226,-OrYcxte_oBRBq2ns4rx,2026-05-01 13:04:20+00:00,1777640660000,47514,25.20604,42.70944,1004.0,53539
20260430-235226,-OrYd-L9_1SjvjkPfBK5,2026-05-01 13:04:30+00:00,1777640670000,47524,25.20509,42.7564,1004.0,53676
20260430-235226,-OrYd1m8gQVKkwPLrESw,2026-05-01 13:04:40+00:00,1777640680000,47534,25.20541,42.77997,1004.0,53814
20260430-235226,-OrYd4DcbnCSIOY4O0Ep,2026-05-01 13:04:50+00:00,1777640690000,47544,25.20573,42.77413,1003.98999,53779
20260430-235226,-OrYd6eddG5fPXh5Ualc,2026-05-01 13:05:00+00:00,1777640700000,47554,25.20509,42.80348,1003.98999,54232
20260430-235226,-OrYd95xazELx-c5_zG_,2026-05-01 13:05:10+00:00,1777640710000,47564,25.20478,42.73872,1003.98999,54373
20260430-235226,-OrYdBYAPZkW1G-4v29f,2026-05-01 13:05:20+00:00,1777640720000,47574,25.20478,42.72107,1004.0,54443
20260430-235226,-OrYdDzaKbu09HHoW-nS,2026-05-01 13:05:30+00:00,1777640730000,47584,25.20478,42.73283,1004.0,54408
20260430-235226,-OrYdGQZ_CIQB-DUUK0C,2026-05-01 13:05:40+00:00,1777640740000,47594,25.20478,42.7093,1003.98999,54267
20260430-235226,-OrYdIrqUW61cHwrV0JQ,2026-05-01 13:05:50+00:00,1777640750000,47604,25.20509,42.66816,1003.98999,54302
20260430-235226,-OrYdLJA7QYOB9XI6kU6,2026-05-01 13:06:00+00:00,1777640760000,47614,25.20446,42.53288,1003.97998,54337
20260430-235226,-OrYdNkSeq1QOpvxh0U5,2026-05-01 13:06:10+00:00,1777640770000,47624,25.20573,42.53303,1003.97998,54267
20260430-235226,-OrYdQBedfWS-FAKATAI,2026-05-01 13:06:20+00:00,1777640780000,47634,25.20541,42.50949,1003.97998,54337
20260430-235226,-OrYdScppOewguPs69-d,2026-05-01 13:06:30+00:00,1777640790000,47644,25.20604,42.50955,1003.98999,54373
20260430-235226,-OrYdV9zmDnNZ-SQSyod,2026-05-01 13:06:40+00:00,1777640800000,47654,25.20763,42.54499,1003.97998,54337
20260430-235226,-OrYdXWRrTdpwIMuveMh,2026-05-01 13:06:50+00:00,1777640810000,47664,25.20794,42.5509,1003.98999,54443
20260430-235226,-OrYdZxdOnJ-KBcrr82o,2026-05-01 13:07:00+00:00,1777640820000,47674,25.20763,42.55087,1003.98999,54408
20260430-235226,-OrYdbOuphVxkX563ska,2026-05-01 13:07:10+00:00,1777640830000,47684,25.20763,42.52737,1003.97998,54337
20260430-235226,-OrYddqJ9bmjh22v-tB_,2026-05-01 13:07:20+00:00,1777640840000,47694,25.207,42.46854,1003.97998,54728
20260430-235226,-OrYdgHIdKZHvQ3_klOI,2026-05-01 13:07:30+00:00,1777640850000,47704,25.20826,42.44519,1003.97998,54373
20260430-235226,-OrYdiigHoz9F1VErN32,2026-05-01 13:07:40+00:00,1777640860000,47714,25.20826,42.45106,1003.98999,54585
20260430-235226,-OrYdlAG-xtGBhjOsQqu,2026-05-01 13:07:50+00:00,1777640870000,47724,25.20763,42.48624,1003.98999,54621
20260430-235226,-OrYdnb7jTcTeIxYiw1z,2026-05-01 13:08:00+00:00,1777640880000,47734,25.20731,42.49795,1003.98999,54408
20260430-235226,-OrYdq2bM33sN0HOfl7O,2026-05-01 13:08:10+00:00,1777640890000,47744,25.20604,42.50368,1003.97998,54585
20260430-235226,-OrYdsUljM8A8KG_gY3C,2026-05-01 13:08:20+00:00,1777640900000,47754,25.207,42.53316,1003.98999,54443
20260430-235226,-OrYduvog25_4zgst95j,2026-05-01 13:08:30+00:00,1777640910000,47764,25.20636,42.58599,1003.97998,54764
20260430-235226,-OrYdxNEUAkj3Qn7-B5z,2026-05-01 13:08:40+00:00,1777640920000,47774,25.207,42.52142,1003.98999,54621
20260430-235226,-OrYdzoM-ycbimtIDAhA,2026-05-01 13:08:50+00:00,1777640930000,47784,25.20668,42.52726,1003.98999,54550
20260430-235226,-OrYe1FmAfELQn6-XgtA,2026-05-01 13:09:00+00:00,1777640940000,47794,25.20604,42.60359,1003.98999,54479
20260430-235226,-OrYe3gsQp3PmCVbHZjO,2026-05-01 13:09:10+00:00,1777640950000,47804,25.20668,42.61542,1004.01001,54514
20260430-235226,-OrYe68EfchFzfgOZ5ru,2026-05-01 13:09:20+00:00,1777640960000,47814,25.207,42.58606,1004.0,54514
20260430-235226,-OrYe8_jTUnaGAtqDUBK,2026-05-01 13:09:30+00:00,1777640970000,47824,25.20604,42.55656,1004.0,54550
20260430-235226,-OrYeB6PTrlQbqkBvUAP,2026-05-01 13:09:40+00:00,1777640980000,47834,25.20509,42.61524,1004.0,54728
20260430-235226,-OrYeDdw8LxDFv1DUUC4,2026-05-01 13:09:50+00:00,1777640990000,47844,25.20478,42.63872,1004.0,54585
20260430-235226,-OrYeFu3PSxhkzxV2aHw,2026-05-01 13:10:00+00:00,1777641000000,47854,25.20509,42.5976,1004.0,54621
20260430-235226,-OrYeILSk4NB1sc9J7iS,2026-05-01 13:10:10+00:00,1777641010000,47864,25.20478,42.57405,1004.0,54585
20260430-235226,-OrYeKmbD190YxgCy0bB,2026-05-01 13:10:20+00:00,1777641020000,47874,25.20509,42.63287,1004.0,54550
20260430-235226,-OrYeNDwN5hVHXjtyI9Q,2026-05-01 13:10:30+00:00,1777641030000,47884,25.20604,42.65063,1004.0,54550
20260430-235226,-OrYePfEqmmc-xdENDAB,2026-05-01 13:10:40+00:00,1777641040000,47894,25.20604,42.55656,1004.01001,54514
20260430-235226,-OrYeS6BCL2I_Glz8CDO,2026-05-01 13:10:50+00:00,1777641050000,47904,25.207,42.53316,1004.01001,55016
20260430-235226,-OrYeUY_RTK5dzZpjeua,2026-05-01 13:11:00+00:00,1777641060000,47914,25.20731,42.50382,1004.01001,54692
20260430-235226,-OrYeWzytCNw1hPkv58d,2026-05-01 13:11:10+00:00,1777641070000,47924,25.207,42.50967,1004.01001,54550
20260430-235226,-OrYeZRFLuCd2MVrz0U2,2026-05-01 13:11:20+00:00,1777641080000,47934,25.20731,42.58609,1004.02002,54657
20260430-235226,-OrYeat10Mo-OKsUKBVY,2026-05-01 13:11:30+00:00,1777641090000,47944,25.20731,42.60961,1004.02002,54621
20260430-235226,-OrYedJhOeMqjwz3mme2,2026-05-01 13:11:40+00:00,1777641100000,47954,25.20794,42.61556,1004.03003,54764
20260430-235226,-OrYefl0Uml5CTKwIANN,2026-05-01 13:11:50+00:00,1777641110000,47964,25.20668,42.59778,1004.03003,54764
20260430-235226,-OrYeiC7xQ7f-e9JXw9p,2026-05-01 13:12:00+00:00,1777641120000,47974,25.20731,42.54495,1004.03003,54943
20260430-235226,-OrYekdsc1OzNNJ7_8zi,2026-05-01 13:12:10+00:00,1777641130000,47984,25.20763,42.53325,1004.03003,54764
20260430-235226,-OrYen4Zy-Az0hxlz-qu,2026-05-01 13:12:20+00:00,1777641140000,47994,25.20763,42.59202,1004.03003,54657
20260430-235226,-OrYepWlxHOYkMc7b0Xf,2026-05-01 13:12:30+00:00,1777641150000,48004,25.20636,42.63303,1004.03998,54621
20260430-235226,-OrYery59wYGKeAEYBMx,2026-05-01 13:12:40+00:00,1777641160000,48014,25.20541,42.67408,1004.03998,54585
20260430-235226,-OrYeuPSP2jXCQNH3-2o,2026-05-01 13:12:50+00:00,1777641170000,48024,25.20509,42.74463,1004.04999,54621
20260430-235226,-OrYewy3laqfhuI8RoX_,2026-05-01 13:13:00+00:00,1777641180000,48034,25.20478,42.75048,1004.04999,54550
20260430-235226,-OrYezHxMp5q3YNqOOkK,2026-05-01 13:13:10+00:00,1777641190000,48044,25.20509,42.75051,1004.04999,54550
20260430-235226,-OrYf0j2f5J0ZrTn3Vgd,2026-05-01 13:13:20+00:00,1777641200000,48054,25.20414,42.70334,1004.04999,54621
20260430-235226,-OrYf3AXFcN7avODkOsx,2026-05-01 13:13:30+00:00,1777641210000,48064,25.20478,42.67401,1004.06,54550
20260430-235226,-OrYf5bdGvEo2pvSZPO6,2026-05-01 13:13:40+00:00,1777641220000,48074,25.20509,42.63876,1004.07001,54443
20260430-235226,-OrYf82mPuv3rbbhHWqg,2026-05-01 13:13:50+00:00,1777641230000,48084,25.20509,42.55645,1004.06,54585
20260430-235226,-OrYfAV-69goTlDRS31z,2026-05-01 13:14:00+00:00,1777641240000,48094,25.20478,42.50941,1004.06,54408
20260430-235226,-OrYfCwYt-AZWI5w04xp,2026-05-01 13:14:10+00:00,1777641250000,48104,25.20509,42.56821,1004.06,54479
20260430-235226,-OrYfFNlRD93SCN1Rym9,2026-05-01 13:14:20+00:00,1777641260000,48114,25.20478,42.70341,1004.06,54514
20260430-235226,-OrYfHoqL5YnIPeWdOmU,2026-05-01 13:14:30+00:00,1777641270000,48124,25.20509,42.76817,1004.07001,54479
20260430-235226,-OrYfKG6-4sGP68DUF8S,2026-05-01 13:14:40+00:00,1777641280000,48134,25.20541,42.75055,1004.08002,54514
20260430-235226,-OrYfMhFox2UfBNqQbFl,2026-05-01 13:14:50+00:00,1777641290000,48144,25.20604,42.66827,1004.08002,54621
20260430-235226,-OrYfP8ZCw7o-w3iUrtr,2026-05-01 13:15:00+00:00,1777641300000,48154,25.20604,42.62122,1004.08002,54585
20260430-235226,-OrYfR_tKa6oovSIKGg_,2026-05-01 13:15:10+00:00,1777641310000,48164,25.20573,42.59768,1004.08002,54550
20260430-235226,-OrYfU13zTGkx7yCTdSD,2026-05-01 13:15:20+00:00,1777641320000,48174,25.20604,42.56244,1004.08002,54657
20260430-235226,-OrYfWTXLxaiHM2pEDU1,2026-05-01 13:15:30+00:00,1777641330000,48184,25.20541,42.51536,1004.08002,54728
20260430-235226,-OrYfYuN4V1yfK1hz77Q,2026-05-01 13:15:40+00:00,1777641340000,48194,25.20478,42.51529,1004.09003,54657
20260430-235226,-OrYfaMD42dOX3JKY8Rq,2026-05-01 13:15:50+00:00,1777641350000,48204,25.20478,42.49767,1004.09003,54943
20260430-235226,-OrYfcn4WVef1EvH-VNF,2026-05-01 13:16:00+00:00,1777641360000,48214,25.20541,42.48598,1004.09003,54943
20260430-235226,-OrYffb9C3ksBytNN3A5,2026-05-01 13:16:10+00:00,1777641370000,48224,25.20541,42.51536,1004.09003,54943
20260430-235226,-OrYfhfnmrDnmwb6-WO3,2026-05-01 13:16:20+00:00,1777641380000,48234,25.20573,42.52127,1004.09003,54800
20260430-235226,-OrYfk73Ju_q-EGemlZv,2026-05-01 13:16:30+00:00,1777641390000,48244,25.20573,42.56241,1004.09998,54692
20260430-235226,-OrYfmYwpdKnNAv1tu9W,2026-05-01 13:16:40+00:00,1777641400000,48254,25.20636,42.62715,1004.09003,54692
20260430-235226,-OrYfp-BWDOKN_YaHVTp,2026-05-01 13:16:50+00:00,1777641410000,48264,25.20604,42.62122,1004.09003,54871
20260430-235226,-OrYfrRioN2Ag3ty53OL,2026-05-01 13:17:00+00:00,1777641420000,48274,25.20668,42.52137,1004.09998,54764
20260430-235226,-OrYftspvygWS1yvf799,2026-05-01 13:17:10+00:00,1777641430000,48284,25.20668,42.44501,1004.09003,54657
20260430-235226,-OrYfwK-vPL1aJhaEs3b,2026-05-01 13:17:20+00:00,1777641440000,48294,25.20604,42.40383,1004.09003,55016
20260430-235226,-OrYfylKUiavMQG5ScIA,2026-05-01 13:17:30+00:00,1777641450000,48304,25.20573,42.38618,1004.09003,54800
20260430-235226,-OrYg0CZqowWgz7skk_c,2026-05-01 13:17:40+00:00,1777641460000,48314,25.20509,42.36849,1004.09003,54692
20260430-235226,-OrYg2e-EPvOQuyVjoY0,2026-05-01 13:17:50+00:00,1777641470000,48324,25.20573,42.38618,1004.09998,54728
20260430-235226,-OrYg55NjsGi-koPtlun,2026-05-01 13:18:00+00:00,1777641480000,48334,25.20668,42.42739,1004.09003,54621
20260430-235226,-OrYg7XELSaLCd6Dbsns,2026-05-01 13:18:10+00:00,1777641490000,48344,25.20636,42.58012,1004.09003,54692
20260430-235226,-OrYg9yOtrMQKFDY5fkj,2026-05-01 13:18:20+00:00,1777641500000,48354,25.20573,42.53303,1004.08002,54800
20260430-235226,-OrYgCQ1U7d5aoH0Kdot,2026-05-01 13:18:30+00:00,1777641510000,48364,25.20636,42.5096,1004.08002,54692
20260430-235226,-OrYgEqwWeE-VQWAkmHo,2026-05-01 13:18:40+00:00,1777641520000,48374,25.20668,42.60954,1004.08002,54907
20260430-235226,-OrYgHINn3yWknkQ-FmE,2026-05-01 13:18:50+00:00,1777641530000,48384,25.20573,42.69764,1004.08002,54585
20260430-235226,-OrYgJjP5tP2Pplj0TBp,2026-05-01 13:19:00+00:00,1777641540000,48394,25.20509,42.63876,1004.08002,54657
20260430-235226,-OrYgMAga1tiSbqgGeb6,2026-05-01 13:19:10+00:00,1777641550000,48404,25.20509,42.52708,1004.08002,54728
20260430-235226,-OrYgOhTHU8UpETk6CC2,2026-05-01 13:19:20+00:00,1777641560000,48414,25.20446,42.50938,1004.08002,54800
20260430-235226,-OrYgR37kpkT84HP9mc2,2026-05-01 13:19:30+00:00,1777641570000,48424,25.20446,42.61517,1004.09003,54800
20260430-235226,-OrYgTVdmEHoaYKD9Vlx,2026-05-01 13:19:40+00:00,1777641580000,48434,25.20509,42.6564,1004.09003,54728
20260430-235226,-OrYgVwu0N9nNdgVxphU,2026-05-01 13:19:50+00:00,1777641590000,48444,25.20509,42.60348,1004.09003,54585
20260430-235226,-OrYgYO9_DetYh7NqB5r,2026-05-01 13:20:00+00:00,1777641600000,48454,25.20509,42.63287,1004.09003,54764
20260430-235226,-OrYg_pGAayOtE2ZD5ic,2026-05-01 13:20:10+00:00,1777641610000,48464,25.20541,42.69172,1004.09003,54800
20260430-235226,-OrYgcGcanFrkj-MBfMo,2026-05-01 13:20:20+00:00,1777641620000,48474,25.20604,42.62711,1004.09003,54692
20260430-235226,-OrYgeh_diSe802SRYys,2026-05-01 13:20:30+00:00,1777641630000,48484,25.20509,42.56821,1004.09003,54764
20260430-235226,-OrYgh98xYTSrTbW2MKU,2026-05-01 13:20:40+00:00,1777641640000,48494,25.20414,42.5975,1004.09003,54728
20260430-235226,-OrYgjaSCYgxxCkLpvQA,2026-05-01 13:20:50+00:00,1777641650000,48504,25.20382,42.72095,1004.08002,54728
20260430-235226,-OrYgm2PX0KLweq8dWDF,2026-05-01 13:21:00+00:00,1777641660000,48514,25.20382,42.75037,1004.08002,54621
20260430-235226,-OrYgoTftAJDoE4oO0B2,2026-05-01 13:21:10+00:00,1777641670000,48524,25.20382,42.60334,1004.08002,54657
20260430-235226,-OrYgqvBMkbBWRkJrdLk,2026-05-01 13:21:20+00:00,1777641680000,48534,25.20351,42.52103,1004.09003,54800
20260430-235226,-OrYgtM7DwOL1LLrZOdp,2026-05-01 13:21:30+00:00,1777641690000,48544,25.20414,42.53872,1004.09003,54692
20260430-235226,-OrYgvnKRprXM1At2YTF,2026-05-01 13:21:40+00:00,1777641700000,48554,25.20382,42.56219,1004.09003,54836
20260430-235226,-OrYgyEr_H7jFz-pNBim,2026-05-01 13:21:50+00:00,1777641710000,48564,25.20414,42.53285,1004.09003,54871
20260430-235226,-OrYh-gN0ALSUWMmNYXP,2026-05-01 13:22:00+00:00,1777641720000,48574,25.20382,42.50343,1004.09003,54764
20260430-235226,-OrYh27CEBzSzbD0efpK,2026-05-01 13:22:10+00:00,1777641730000,48584,25.20446,42.50938,1004.09003,54836
20260430-235226,-OrYh4ZYxmB1KR9p09lY,2026-05-01 13:22:20+00:00,1777641740000,48594,25.20382,42.57983,1004.09003,54764
20260430-235226,-OrYh7LhtkKNdQqvjJ5S,2026-05-01 13:22:30+00:00,1777641750000,48604,25.20351,42.60918,1004.09998,54800
20260430-235226,-OrYh9Rz3GQ-T3B33b8_,2026-05-01 13:22:40+00:00,1777641760000,48614,25.20351,42.62094,1004.09998,54800
20260430-235226,-OrYhBtGf-1X37WKLafJ,2026-05-01 13:22:50+00:00,1777641770000,48624,25.20414,42.61514,1004.10999,54692
20260430-235226,-OrYhEL4haB-8JCv2fCt,2026-05-01 13:23:00+00:00,1777641780000,48634,25.20446,42.527,1004.10999,54728
20260430-235226,-OrYhGlhV69JNi8RQFqe,2026-05-01 13:23:10+00:00,1777641790000,48644,25.20509,42.48595,1004.10999,54907
20260430-235226,-OrYhJCu666a9jg5kjLM,2026-05-01 13:23:20+00:00,1777641800000,48654,25.20446,42.527,1004.09998,54692
20260430-235226,-OrYhLePGYiSQasSX7ex,2026-05-01 13:23:30+00:00,1777641810000,48664,25.20446,42.63281,1004.10999,54728
20260430-235226,-OrYhO5RwXTAjIVm2thi,2026-05-01 13:23:40+00:00,1777641820000,48674,25.20446,42.67985,1004.10999,54621
20260430-235226,-OrYhQXbBwGSYPRnW3sM,2026-05-01 13:23:50+00:00,1777641830000,48684,25.20478,42.56818,1004.12,54657
20260430-235226,-OrYhSywXF2X-YQs2__N,2026-05-01 13:24:00+00:00,1777641840000,48694,25.20541,42.49773,1004.12,54728
20260430-235226,-OrYhVQEEx6IqHUA5vdk,2026-05-01 13:24:10+00:00,1777641850000,48704,25.20414,42.4506,1004.10999,54800
20260430-235226,-OrYhXrZTHZtiV12pSVF,2026-05-01 13:24:20+00:00,1777641860000,48714,25.20478,42.4213,1004.10999,54800
20260430-235226,-OrYh_InKALariPhDas5,2026-05-01 13:24:30+00:00,1777641870000,48724,25.20414,42.38013,1004.10999,54836
20260430-235226,-OrYhbjvawhZDjohniJ7,2026-05-01 13:24:40+00:00,1777641880000,48734,25.20382,42.38597,1004.10999,54764
20260430-235226,-OrYheB8Dtj0hUKpQAUa,2026-05-01 13:24:50+00:00,1777641890000,48744,25.20319,42.42113,1004.10999,54800
20260430-235226,-OrYhgcKj05EeiiOTrB4,2026-05-01 13:25:00+00:00,1777641900000,48754,25.20288,42.40348,1004.10999,54800
20260430-235226,-OrYhj3kbw9gQmNIXiTq,2026-05-01 13:25:10+00:00,1777641910000,48764,25.20351,42.43878,1004.09998,54657
20260430-235226,-OrYhlVrtOQ0KD259RY1,2026-05-01 13:25:20+00:00,1777641920000,48774,25.20351,42.5034,1004.09998,54980
20260430-235226,-OrYhnx6EpL8wo_wChGQ,2026-05-01 13:25:30+00:00,1777641930000,48784,25.20288,42.45633,1004.09998,54657
20260430-235226,-OrYhqTqV1e8X0MVXk0T,2026-05-01 13:25:40+00:00,1777641940000,48794,25.20288,42.43284,1004.10999,54836
20260430-235226,-OrYhspuZ8qt7jBGcLWp,2026-05-01 13:25:50+00:00,1777641950000,48804,25.20192,42.42685,1004.10999,54800
20260430-235226,-OrYhvGmA00-lixaHEkr,2026-05-01 13:26:00+00:00,1777641960000,48814,25.20192,42.47384,1004.12,54871
20260430-235226,-OrYhxiUxYX8gV_d1K4u,2026-05-01 13:26:10+00:00,1777641970000,48824,25.20192,42.51497,1004.12,54907
20260430-235226,-OrYi-9tosd-vN2LJfBn,2026-05-01 13:26:20+00:00,1777641980000,48834,25.20161,42.51493,1004.12,54943
20260430-235226,-OrYi1ajeNawn1w1A2nm,2026-05-01 13:26:30+00:00,1777641990000,48844,25.20161,42.52081,1004.12,54871
20260430-235226,-OrYi41wcGnV4LH9VotC,2026-05-01 13:26:40+00:00,1777642000000,48854,25.20319,42.47399,1004.13,54871
20260430-235226,-OrYi6U8n4ecP88PMlcX,2026-05-01 13:26:50+00:00,1777642010000,48864,25.20351,42.43291,1004.13,55016
20260430-235226,-OrYi8vUd6EpqUm7Y4gf,2026-05-01 13:27:00+00:00,1777642020000,48874,25.20288,42.44458,1004.13,54800
20260430-235226,-OrYiBMgT29WSEepeQyB,2026-05-01 13:27:10+00:00,1777642030000,48884,25.20256,42.5503,1004.13,54871
20260430-235226,-OrYiDnpruAUkw717Bkk,2026-05-01 13:27:20+00:00,1777642040000,48894,25.20319,42.53862,1004.13,54871
20260430-235226,-OrYiGFDKfp_9gYKbTEC,2026-05-01 13:27:30+00:00,1777642050000,48904,25.20256,42.47392,1004.13,54836
20260430-235226,-OrYiIgy9H8udEakbPYs,2026-05-01 13:27:40+00:00,1777642060000,48914,25.20319,42.45049,1004.14001,54943
20260430-235226,-OrYiL7d9L_PJp53nABb,2026-05-01 13:27:50+00:00,1777642070000,48924,25.20288,42.4622,1004.13,54980
20260430-235226,-OrYiNZzRhI8ZE9u8kBd,2026-05-01 13:28:00+00:00,1777642080000,48934,25.20414,42.49759,1004.13,55124
20260430-235226,-OrYiQ06TbbG409thzqc,2026-05-01 13:28:10+00:00,1777642090000,48944,25.20382,42.55632,1004.13,55016
20260430-235226,-OrYiSSIr8gb10WTBJfL,2026-05-01 13:28:20+00:00,1777642100000,48954,25.20382,42.6151,1004.13,54943
20260430-235226,-OrYiUtivpnPQTkqpRkW,2026-05-01 13:28:30+00:00,1777642110000,48964,25.20319,42.64442,1004.14001,54836
20260430-235226,-OrYiXKk4aumVPaG2COn,2026-05-01 13:28:40+00:00,1777642120000,48974,25.20382,42.5857,1004.13,54728
20260430-235226,-OrYi_-gchXh5k169sOz,2026-05-01 13:28:50+00:00,1777642130000,48984,25.20414,42.53285,1004.14001,54871
20260430-235226,-OrYibDJNArewmlLkJqf,2026-05-01 13:29:00+00:00,1777642140000,48994,25.20414,42.47997,1004.14001,54871
20260430-235226,-OrYideaWot7fbtzqrxd,2026-05-01 13:29:10+00:00,1777642150000,49004,25.20319,42.427,1004.14001,54800
20260430-235226,-OrYig63EE2KOXUa-3Ca,2026-05-01 13:29:20+00:00,1777642160000,49014,25.20256,42.3917,1004.13,54800
20260430-235226,-OrYiiYJVlB9Q8721IXn,2026-05-01 13:29:30+00:00,1777642170000,49024,25.20319,42.3448,1004.14001,55124
20260430-235226,-OrYikzAy8CjtMDLPwby,2026-05-01 13:29:40+00:00,1777642180000,49034,25.20414,42.36252,1004.13,54943
20260430-235226,-OrYinQbLtx3CNn8tNq2,2026-05-01 13:29:50+00:00,1777642190000,49044,25.20446,42.40952,1004.12,54800
20260430-235226,-OrYips096KpzDD3VL7w,2026-05-01 13:30:00+00:00,1777642200000,49054,25.20446,42.45063,1004.12,55088
20260430-235226,-OrYisJ0AucvcNqAmv8i,2026-05-01 13:30:10+00:00,1777642210000,49064,25.20382,42.52106,1004.12,55197
20260430-235226,-OrYiukCl_rHVagFQuKv,2026-05-01 13:30:20+00:00,1777642220000,49074,25.20256,42.46804,1004.12,55124
20260430-235226,-OrYixBULWTFfDujyyAi,2026-05-01 13:30:30+00:00,1777642230000,49084,25.20129,42.50315,1004.10999,55161
20260430-235226,-OrYizdFfLe1EwY8A4Fe,2026-05-01 13:30:40+00:00,1777642240000,49094,25.20129,42.62658,1004.10999,54907
20260430-235226,-OrYj144lb76OcyZgzAw,2026-05-01 13:30:50+00:00,1777642250000,49104,25.20129,42.63833,1004.10999,54871
20260430-235226,-OrYj3WQuWOcVN8hresl,2026-05-01 13:31:00+00:00,1777642260000,49114,25.20097,42.53248,1004.10999,54800
20260430-235226,-OrYj5xYc2j9cunH2dUH,2026-05-01 13:31:10+00:00,1777642270000,49124,25.20161,42.47381,1004.12,54943
20260430-235226,-OrYj8Our5InLvyPRQwR,2026-05-01 13:31:20+00:00,1777642280000,49134,25.20256,42.4328,1004.10999,54871
20260430-235226,-OrYjAq4TARJlA-flHce,2026-05-01 13:31:30+00:00,1777642290000,49144,25.20129,42.40917,1004.10999,54800
20260430-235226,-OrYjDHFX-vK5KpXilWJ,2026-05-01 13:31:40+00:00,1777642300000,49154,25.20161,42.41508,1004.10999,54728
20260430-235226,-OrYjFiZVFGQfYUHL1Pm,2026-05-01 13:31:50+00:00,1777642310000,49164,25.20097,42.43261,1004.09998,54943
20260430-235226,-OrYjIQzGUmiPb0BdwIw,2026-05-01 13:32:00+00:00,1777642320000,49174,25.20161,42.45031,1004.09998,54764
20260430-235226,-OrYjKb-MHbRMq5cg9ui,2026-05-01 13:32:10+00:00,1777642330000,49184,25.20161,42.46206,1004.09998,55052
20260430-235226,-OrYjN2F6m4tsa0m5w4R,2026-05-01 13:32:20+00:00,1777642340000,49194,25.20256,42.44455,1004.10999,54871
20260430-235226,-OrYjPURVTH9QrXfQ7xQ,2026-05-01 13:32:30+00:00,1777642350000,49204,25.20224,42.3623,1004.09998,54943
20260430-235226,-OrYjRvnvvPPRD98KW8K,2026-05-01 13:32:40+00:00,1777642360000,49214,25.20224,42.33295,1004.10999,54943
20260430-235226,-OrYjUN4Y0hXY-3pMkhP,2026-05-01 13:32:50+00:00,1777642370000,49224,25.20192,42.32705,1004.10999,54980
20260430-235226,-OrYjWoQ-5WUw6QAZ5Wf,2026-05-01 13:33:00+00:00,1777642380000,49234,25.20066,42.2917,1004.10999,54907
20260430-235226,-OrYjZFaMSz31qC-LhnD,2026-05-01 13:33:10+00:00,1777642390000,49244,25.19971,42.32093,1004.12,54980
20260430-235226,-OrYjagmOYiK09n6jikw,2026-05-01 13:33:20+00:00,1777642400000,49254,25.19812,42.40294,1004.12,55088
20260430-235226,-OrYjd7wtzMf-EMnHZat,2026-05-01 13:33:30+00:00,1777642410000,49264,25.19717,42.43806,1004.10999,55270
20260430-235226,-OrYjfd18dR7eFYPTNMv,2026-05-01 13:33:40+00:00,1777642420000,49274,25.19749,42.39112,1004.10999,55161
20260430-235226,-OrYji0__31n7BJso6Tz,2026-05-01 13:33:50+00:00,1777642430000,49284,25.1978,42.37355,1004.10999,55197
20260430-235226,-OrYjkT0IzG9WwvURslB,2026-05-01 13:34:00+00:00,1777642440000,49294,25.19844,42.43821,1004.10999,55161
20260430-235226,-OrYjmu1tLaAj7GPMWQu,2026-05-01 13:34:10+00:00,1777642450000,49304,25.19812,42.5733,1004.10999,55161
20260430-235226,-OrYjpL5cQZ7r4Eg4pWf,2026-05-01 13:34:20+00:00,1777642460000,49314,25.19749,42.61438,1004.10999,55161
20260430-235226,-OrYjrmZ5l7yUJ5jbpwI,2026-05-01 13:34:30+00:00,1777642470000,49324,25.19685,42.52027,1004.10999,55233
20260430-235226,-OrYjuDeP7Y_r-aWDngs,2026-05-01 13:34:40+00:00,1777642480000,49334,25.19749,42.50859,1004.10999,55233
20260430-235226,-OrYjwesK2xUqCC_DDV_,2026-05-01 13:34:50+00:00,1777642490000,49344,25.19749,42.50271,1004.12,55016
20260430-235226,-OrYjz6MqkGLLUmYTl3a,2026-05-01 13:35:00+00:00,1777642500000,49354,25.19812,42.49103,1004.12,55088
20260430-235226,-OrYk0mPVmsUYxppjAvK,2026-05-01 13:35:10+00:00,1777642510000,49364,25.19812,42.49103,1004.12,55016
20260430-235226,-OrYk2zkQ_PS28VU1Jqe,2026-05-01 13:35:20+00:00,1777642520000,49374,25.19749,42.45572,1004.12,54980
20260430-235226,-OrYk5Qs1rHieJLJJj9S,2026-05-01 13:35:30+00:00,1777642530000,49384,25.19622,42.52607,1004.10999,54871
20260430-235226,-OrYk7sDRq7ZUIItWBDN,2026-05-01 13:35:40+00:00,1777642540000,49394,25.19717,42.60259,1004.12,54800
20260430-235226,-OrYkAJVeQ9AHYCjROsl,2026-05-01 13:35:50+00:00,1777642550000,49404,25.19685,42.62019,1004.12,54907
20260430-235226,-OrYkCkcyfkgY8D2z_uV,2026-05-01 13:36:00+00:00,1777642560000,49414,25.19717,42.60847,1004.12,55016
20260430-235226,-OrYkFC1dhGRbZOX3K_6,2026-05-01 13:36:10+00:00,1777642570000,49424,25.1978,42.60266,1004.13,54980
20260430-235226,-OrYkHdXxMm5ZklyEX7v,2026-05-01 13:36:20+00:00,1777642580000,49434,25.19876,42.58513,1004.14001,55233
20260430-235226,-OrYkK4b-j32JdaQDPwQ,2026-05-01 13:36:30+00:00,1777642590000,49444,25.19844,42.5322,1004.13,55233
20260430-235226,-OrYkMWiEuod9Pq9PEhJ,2026-05-01 13:36:40+00:00,1777642600000,49454,25.19844,42.46758,1004.14001,54907
20260430-235226,-OrYkOy3Ng-0d1qzLePe,2026-05-01 13:36:50+00:00,1777642610000,49464,25.19812,42.39119,1004.14001,55016
20260430-235226,-OrYkRP2mdGziexPj80C,2026-05-01 13:37:00+00:00,1777642620000,49474,25.1978,42.36768,1004.14001,55088
20260430-235226,-OrYkTqVJEDu_1DsXhPo,2026-05-01 13:37:10+00:00,1777642630000,49484,25.19749,42.37938,1004.14001,54943
20260430-235226,-OrYkWIIl3om1EWHkgVQ,2026-05-01 13:37:20+00:00,1777642640000,49494,25.19717,42.33826,1004.14001,55124
20260430-235226,-OrYkYj2JIEvfQV4B7ep,2026-05-01 13:37:30+00:00,1777642650000,49504,25.19749,42.40286,1004.15002,55088
20260430-235226,-OrYkaAL47RXz89Dv0lO,2026-05-01 13:37:40+00:00,1777642660000,49514,25.19717,42.49681,1004.14001,54943
20260430-235226,-OrYkcblRsG8e4tkoLz9,2026-05-01 13:37:50+00:00,1777642670000,49524,25.19685,42.60255,1004.15002,54943
20260430-235226,-OrYkf3Ac1ZgCxQw8h_U,2026-05-01 13:38:00+00:00,1777642680000,49534,25.19654,42.60839,1004.15002,55161
20260430-235226,-OrYkhVKnqTTSKPe5wz-,2026-05-01 13:38:10+00:00,1777642690000,49544,25.19685,42.49089,1004.15002,55197
20260430-235226,-OrYkk3bEnnLJuuDApQp,2026-05-01 13:38:20+00:00,1777642700000,49554,25.19685,42.4439,1004.14001,55088
20260430-235226,-OrYkmNiawzAq2ATyA6L,2026-05-01 13:38:30+00:00,1777642710000,49564,25.19717,42.46156,1004.14001,55197
20260430-235226,-OrYkop2PjX0KFJxWjOF,2026-05-01 13:38:40+00:00,1777642720000,49574,25.19622,42.50257,1004.15002,55088
20260430-235226,-OrYkrG0_cCj7cCH3XLw,2026-05-01 13:38:50+00:00,1777642730000,49584,25.19527,42.57298,1004.15997,54907
20260430-235226,-OrYkthpR50_yipg2Hxh,2026-05-01 13:39:00+00:00,1777642740000,49594,25.19495,42.62585,1004.16998,54907
20260430-235226,-OrYkw8qrjJjqkC0hN47,2026-05-01 13:39:10+00:00,1777642750000,49604,25.19527,42.60237,1004.15997,55016
20260430-235226,-OrYky_qbN4_3PO4hfoM,2026-05-01 13:39:20+00:00,1777642760000,49614,25.19495,42.63174,1004.15997,54980
20260430-235226,-OrYl00qjjHNvugacdwj,2026-05-01 13:39:30+00:00,1777642770000,49624,25.19527,42.6494,1004.16998,55052
20260430-235226,-OrYl2TCZzSj77oSJN1M,2026-05-01 13:39:40+00:00,1777642780000,49634,25.19527,42.53184,1004.17999,54871
20260430-235226,-OrYl4uNTTQP1cnCLJG_,2026-05-01 13:39:50+00:00,1777642790000,49644,25.19558,42.43201,1004.17999,54871
20260430-235226,-OrYl7LkfAr21VU5SPt5,2026-05-01 13:40:00+00:00,1777642800000,49654,25.1959,42.41443,1004.19,54907
20260430-235226,-OrYl9nAwG3UxWIc_k1z,2026-05-01 13:40:10+00:00,1777642810000,49664,25.1959,42.44967,1004.19,54980
20260430-235226,-OrYlCMNX9lmDZD7kU8Q,2026-05-01 13:40:20+00:00,1777642820000,49674,25.19654,42.52023,1004.19,54836
20260430-235226,-OrYlEfO4n5v6m7sqAFn,2026-05-01 13:40:30+00:00,1777642830000,49684,25.1959,42.59068,1004.17999,54871
20260430-235226,-OrYlH6bz6lRk4c96y11,2026-05-01 13:40:40+00:00,1777642840000,49694,25.19558,42.62004,1004.17999,55016
20260430-235226,-OrYlJYsESYzG0bZagWo,2026-05-01 13:40:50+00:00,1777642850000,49704,25.19622,42.63775,1004.17999,54943
20260430-235226,-OrYlM-Cm6otjEeSeu-e,2026-05-01 13:41:00+00:00,1777642860000,49714,25.19558,42.62592,1004.19,55016
20260430-235226,-OrYlORKGm9yvRUP4Fgk,2026-05-01 13:41:10+00:00,1777642870000,49724,25.19558,42.56126,1004.19,55088
20260430-235226,-OrYlQshGt5MmrmzPZKE,2026-05-01 13:41:20+00:00,1777642880000,49734,25.19717,42.63199,1004.20001,54907
20260430-235226,-OrYlTSyUqdAFjwvIyCo,2026-05-01 13:41:30+00:00,1777642890000,49744,25.19717,42.64375,1004.20001,55052
20260430-235226,-OrYlVlFhj813hDA_FZi,2026-05-01 13:41:40+00:00,1777642900000,49754,25.19717,42.69667,1004.20001,54943
20260430-235226,-OrYlYCFTwxN2biK-Q4y,2026-05-01 13:41:50+00:00,1777642910000,49764,25.19717,42.77316,1004.21002,54943
20260430-235226,-OrYl_dVESy02yM4JCY0,2026-05-01 13:42:00+00:00,1777642920000,49774,25.19749,42.732,1004.21002,54980
20260430-235226,-OrYlc4yfVBFSQ8CyBNX,2026-05-01 13:42:10+00:00,1777642930000,49784,25.19717,42.63199,1004.21002,54943
20260430-235226,-OrYleXJGgP7zvyxKYCR,2026-05-01 13:42:20+00:00,1777642940000,49794,25.19685,42.52027,1004.21997,55016
20260430-235226,-OrYlgyZJWf3nINIuYzA,2026-05-01 13:42:30+00:00,1777642950000,49804,25.19622,42.46145,1004.21997,55016
20260430-235226,-OrYljPV1yjuTV1Wak4v,2026-05-01 13:42:40+00:00,1777642960000,49814,25.1978,42.44988,1004.21997,54943
20260430-235226,-OrYllqsIWvgjt8Xqj-s,2026-05-01 13:42:50+00:00,1777642970000,49824,25.19685,42.44978,1004.21997,54871
20260430-235226,-OrYloHxPw4WsJybWupM,2026-05-01 13:43:00+00:00,1777642980000,49834,25.1978,42.44988,1004.21997,55124
20260430-235226,-OrYlqjG82P5Ge8IuFqT,2026-05-01 13:43:10+00:00,1777642990000,49844,25.1978,42.50275,1004.22998,54907
20260430-235226,-OrYltAVwlaw7-0wtLCW,2026-05-01 13:43:20+00:00,1777643000000,49854,25.19749,42.57911,1004.22998,54800
20260430-235226,-OrYlvbkBXQa8Pvsz5jy,2026-05-01 13:43:30+00:00,1777643010000,49864,25.1978,42.58503,1004.21997,54980
20260430-235226,-OrYly3EDddJhVUiv_vq,2026-05-01 13:43:40+00:00,1777643020000,49874,25.1978,42.50275,1004.21997,55016
20260430-235226,-OrYm-VbLq9H2um7CIMB,2026-05-01 13:43:50+00:00,1777643030000,49884,25.19844,42.43821,1004.22998,54943
20260430-235226,-OrYm1wbse4NhJiXwa9I,2026-05-01 13:44:00+00:00,1777643040000,49894,25.19907,42.37957,1004.22998,55016
20260430-235226,-OrYm4O8CRaFePJotLYS,2026-05-01 13:44:10+00:00,1777643050000,49904,25.19939,42.52055,1004.22998,55124
20260430-235226,-OrYm6p1QVwemOLW6kNm,2026-05-01 13:44:20+00:00,1777643060000,49914,25.20002,42.58528,1004.22998,54980
20260430-235226,-OrYm9GJYUgIvRlv6hub,2026-05-01 13:44:30+00:00,1777643070000,49924,25.20002,42.56177,1004.22998,55016
20260430-235226,-OrYmBnWqWBXwgtoqEne,2026-05-01 13:44:40+00:00,1777643080000,49934,25.19971,42.65579,1004.23999,55124
20260430-235226,-OrYmE8lU6YPKY_eOT9O,2026-05-01 13:44:50+00:00,1777643090000,49944,25.19907,42.76161,1004.23999,54907
20260430-235226,-OrYmGaHoIbMT3dL8OA3,2026-05-01 13:45:00+00:00,1777643100000,49954,25.19939,42.69104,1004.22998,55016
20260430-235226,-OrYmJ1RGoQSyT-5Cb15,2026-05-01 13:45:10+00:00,1777643110000,49964,25.19844,42.66153,1004.23999,54728
20260430-235226,-OrYmLTvVCO5uYgSkzfH,2026-05-01 13:45:20+00:00,1777643120000,49974,25.19812,42.53216,1004.23999,54980
20260430-235226,-OrYmNuhc8hH8ZxbpWyn,2026-05-01 13:45:30+00:00,1777643130000,49984,25.19812,42.47929,1004.22998,54943
20260430-235226,-OrYmQM4QLBABKzyg_iT,2026-05-01 13:45:40+00:00,1777643140000,49994,25.19685,42.49089,1004.22998,54836
20260430-235226,-OrYmSnKmOZfajauZmE-,2026-05-01 13:45:50+00:00,1777643150000,50004,25.19685,42.5379,1004.23999,54871
20260430-235226,-OrYmVEkLwSQQbcIxnsE,2026-05-01 13:46:00+00:00,1777643160000,50014,25.19622,42.5966,1004.23999,55088
20260430-235226,-OrYmXfi8BGi734TI73S,2026-05-01 13:46:10+00:00,1777643170000,50024,25.19717,42.70255,1004.25,55016
20260430-235226,-OrYm_71jRobWD7ezyN7,2026-05-01 13:46:20+00:00,1777643180000,50034,25.19717,42.67315,1004.25,55052
20260430-235226,-OrYmbZuA6XaHUL8SPkA,2026-05-01 13:46:30+00:00,1777643190000,50044,25.19749,42.5556,1004.25,54943
20260430-235226,-OrYme-RsM3UNez4FEtE,2026-05-01 13:46:40+00:00,1777643200000,50054,25.19844,42.46758,1004.26001,55161
20260430-235226,-OrYmgRo8KdvOJ_KxeHR,2026-05-01 13:46:50+00:00,1777643210000,50064,25.19812,42.46166,1004.25,55233
20260430-235226,-OrYmit0kQmfcaGKINIe,2026-05-01 13:47:00+00:00,1777643220000,50074,25.19749,42.60262,1004.26001,55016
20260430-235226,-OrYmlK_3LXVZ8jQRH10,2026-05-01 13:47:10+00:00,1777643230000,50084,25.19717,42.70255,1004.26001,54836
20260430-235226,-OrYmnlyxI7pXxtsrDoZ,2026-05-01 13:47:20+00:00,1777643240000,50094,25.19622,42.76128,1004.26001,54836
20260430-235226,-OrYmqCp2_JvdTiJuFsL,2026-05-01 13:47:30+00:00,1777643250000,50104,25.1959,42.77301,1004.27002,54907
20260430-235226,-OrYmsdtoogQKAP4-4TO,2026-05-01 13:47:40+00:00,1777643260000,50114,25.19558,42.74356,1004.27002,54800
20260430-235226,-OrYmvHiKIJbc3GqZ_jR,2026-05-01 13:47:50+00:00,1777643270000,50124,25.19495,42.66702,1004.27002,54836
20260430-235226,-OrYmxXh_cqUkaEjBnr_,2026-05-01 13:48:00+00:00,1777643280000,50134,25.19463,42.63757,1004.26001,54871
20260430-235226,-OrYmzypiRDOwwrPWE4M,2026-05-01 13:48:10+00:00,1777643290000,50144,25.19463,42.65521,1004.26001,54943
20260430-235226,-OrYn1QQ4qUwFKUsGtXw,2026-05-01 13:48:20+00:00,1777643300000,50154,25.19495,42.64349,1004.26001,54907
20260430-235226,-OrYn3rHDl-ybPF5XSFf,2026-05-01 13:48:30+00:00,1777643310000,50164,25.19463,42.58466,1004.26001,54980
20260430-235226,-OrYn6IfRJMt1vUbeE8t,2026-05-01 13:48:40+00:00,1777643320000,50174,25.19463,42.50239,1004.26001,55124
20260430-235226,-OrYn8js6AJGtHkhcE8T,2026-05-01 13:48:50+00:00,1777643330000,50184,25.19495,42.48481,1004.26001,55016
20260430-235226,-OrYnBAykD2aTF4K_uGN,2026-05-01 13:49:00+00:00,1777643340000,50194,25.1959,42.51429,1004.26001,55052
20260430-235226,-OrYnDcCtJYjjotQdl_k,2026-05-01 13:49:10+00:00,1777643350000,50204,25.19558,42.49662,1004.26001,54907
20260430-235226,-OrYnG3UjQkYWNDUX4f7,2026-05-01 13:49:20+00:00,1777643360000,50214,25.19558,42.48488,1004.26001,55052
20260430-235226,-OrYnIVbbg_StSAPgc0O,2026-05-01 13:49:30+00:00,1777643370000,50224,25.19558,42.52013,1004.26001,55016
20260430-235226,-OrYnKx10m_QPifVps0D,2026-05-01 13:49:40+00:00,1777643380000,50234,25.1959,42.56717,1004.27002,55233
20260430-235226,-OrYnNO86i2Cp11h21av,2026-05-01 13:49:50+00:00,1777643390000,50244,25.1959,42.66124,1004.27002,55197
20260430-235226,-OrYnPpeeHqiogiHXj6l,2026-05-01 13:50:00+00:00,1777643400000,50254,25.1959,42.70829,1004.27002,54907
20260430-235226,-OrYnSGyPFJLBXBPnTdA,2026-05-01 13:50:10+00:00,1777643410000,50264,25.1959,42.72594,1004.27002,54728
20260430-235226,-OrYnUi5sPMyS8_Dt4cv,2026-05-01 13:50:20+00:00,1777643420000,50274,25.1959,42.74947,1004.27002,54836
20260430-235226,-OrYnX9D5EZKwL055zqL,2026-05-01 13:50:30+00:00,1777643430000,50284,25.19495,42.77879,1004.27002,54764
20260430-235226,-OrYnZapuYx1NbWdb-AS,2026-05-01 13:50:40+00:00,1777643440000,50294,25.19495,42.76114,1004.28003,54800
20260430-235226,-OrYnb1egLWsckwT7N2a,2026-05-01 13:50:50+00:00,1777643450000,50304,25.19527,42.62589,1004.27002,55016
20260430-235226,-OrYndj9lwaGr5-Q0jjS,2026-05-01 13:51:00+00:00,1777643460000,50314,25.19495,42.49656,1004.28003,54943
20260430-235226,-OrYnfvAnVoYkKUG2ebH,2026-05-01 13:51:10+00:00,1777643470000,50324,25.19432,42.46124,1004.28003,55016
20260430-235226,-OrYniMcYHxfTrPeAv65,2026-05-01 13:51:20+00:00,1777643480000,50334,25.194,42.47882,1004.27002,54800
20260430-235226,-OrYnktkkXD-mNlJ3u5D,2026-05-01 13:51:30+00:00,1777643490000,50344,25.194,42.50819,1004.28003,54980
20260430-235226,-OrYnnF-Hlhgu4kMKvG5,2026-05-01 13:51:40+00:00,1777643500000,50354,25.1959,42.50841,1004.28998,54980
20260430-235226,-OrYnpgJ22s3P4lUF7HK,2026-05-01 13:51:50+00:00,1777643510000,50364,25.19558,42.49662,1004.28998,54980
20260430-235226,-OrYns7VCu2Jk1GR97zr,2026-05-01 13:52:00+00:00,1777643520000,50374,25.19622,42.47319,1004.28998,54943
20260430-235226,-OrYnuZdMR46v4LtKdQT,2026-05-01 13:52:10+00:00,1777643530000,50384,25.19558,42.46138,1004.28998,55088
20260430-235226,-OrYnx-s1aeFU8TSKfc_,2026-05-01 13:52:20+00:00,1777643540000,50394,25.19495,42.50243,1004.28003,54871
20260430-235226,-OrYnzSCBr1B5NJTkCcN,2026-05-01 13:52:30+00:00,1777643550000,50404,25.1959,42.52016,1004.28003,55161
20260430-235226,-OrYo0tb4PN-thZ3WZSg,2026-05-01 13:52:40+00:00,1777643560000,50414,25.1959,42.50253,1004.28003,55016
20260430-235226,-OrYo3KlYzJVuryZU0UX,2026-05-01 13:52:50+00:00,1777643570000,50424,25.19654,42.52023,1004.28003,55088
20260430-235226,-OrYo5m2uiJeSvcP2AAP,2026-05-01 13:53:00+00:00,1777643580000,50434,25.1959,42.46141,1004.28998,55161
20260430-235226,-OrYo8D9ReVjZyojKNkq,2026-05-01 13:53:10+00:00,1777643590000,50444,25.19558,42.43201,1004.28998,55124
20260430-235226,-OrYoAiNygsykpAQrxKE,2026-05-01 13:53:20+00:00,1777643600000,50454,25.1959,42.47316,1004.28998,55197
20260430-235226,-OrYoD5eB7hqtLRFuxVn,2026-05-01 13:53:30+00:00,1777643610000,50464,25.19558,42.57302,1004.28003,55233
20260430-235226,-OrYoFY1Jik-PSGLZwjM,2026-05-01 13:53:40+00:00,1777643620000,50474,25.19527,42.60825,1004.29999,55052
20260430-235226,-OrYoHzF2vXi0uB9ADJd,2026-05-01 13:53:50+00:00,1777643630000,50484,25.19527,42.56122,1004.29999,55233
20260430-235226,-OrYoKQXu4ahba2hCMJl,2026-05-01 13:54:00+00:00,1777643640000,50494,25.1959,42.60244,1004.29999,55016
20260430-235226,-OrYoPZ3UOVSPekdwWtq,2026-05-01 13:54:10+00:00,1777643650000,50504,25.1959,42.59656,1004.28998,55233
20260430-235226,-OrYoPfSSPAJugRHdtuZ,2026-05-01 13:54:21+00:00,1777643661000,50515,25.19558,42.5789,1004.28998,54267
20260430-235226,-OrYoS6Wv2ppCx2HDU2Q,2026-05-01 13:54:31+00:00,1777643671000,50525,25.19558,42.5025,1004.28998,54550
20260430-235226,-OrYoUYnX_mmynA27jRS,2026-05-01 13:54:41+00:00,1777643681000,50535,25.19495,42.43782,1004.28998,54585
20260430-235226,-OrYoX-CUTVfNgHwmDZZ,2026-05-01 13:54:51+00:00,1777643691000,50545,25.19463,42.42015,1004.28998,54800
20260430-235226,-OrYoZRhwxdbKayUtszP,2026-05-01 13:55:01+00:00,1777643701000,50555,25.19432,42.37315,1004.28998,54800
20260430-235226,-OrYoasbmKUMlQb1iQhz,2026-05-01 13:55:11+00:00,1777643711000,50565,25.19432,42.45536,1004.29999,55016
20260430-235226,-OrYodJumCvJzEAxgqUQ,2026-05-01 13:55:21+00:00,1777643721000,50575,25.19242,42.60204,1004.29999,54764
20260430-235226,-OrYofl8MroeGM1XyFA0,2026-05-01 13:55:31+00:00,1777643731000,50585,25.1921,42.64904,1004.31,54764
20260430-235226,-OrYoiCHbzJtjW84pY8l,2026-05-01 13:55:41+00:00,1777643741000,50595,25.19337,42.52575,1004.31,54980
20260430-235226,-OrYokdePfPDCo2XBNJN,2026-05-01 13:55:51+00:00,1777643751000,50605,25.19368,42.51991,1004.32001,54871
20260430-235226,-OrYon4u8q0wP3HcQxUK,2026-05-01 13:56:01+00:00,1777643761000,50615,25.19305,42.49046,1004.32001,54871
20260430-235226,-OrYopX3LdHYeyoV6yS-,2026-05-01 13:56:11+00:00,1777643771000,50625,25.19242,42.47864,1004.32001,54943
20260430-235226,-OrYoryNn1M10kRJmVLp,2026-05-01 13:56:21+00:00,1777643781000,50635,25.1921,42.44336,1004.31,55052
20260430-235226,-OrYouQ9iOnwRAffwrky,2026-05-01 13:56:31+00:00,1777643791000,50645,25.19242,42.43165,1004.31,55016
20260430-235226,-OrYowqzJT-58dtPCwMn,2026-05-01 13:56:41+00:00,1777643801000,50655,25.19146,42.45504,1004.31,55088
20260430-235226,-OrYozIM6f-bF0SqGSLW,2026-05-01 13:56:51+00:00,1777643811000,50665,25.19146,42.43742,1004.31,55233
20260430-235226,-OrYp0jLw8K3hmMudh2w,2026-05-01 13:57:01+00:00,1777643821000,50675,25.1921,42.45511,1004.32001,55016
20260430-235226,-OrYp3KiRErt776-6QpE,2026-05-01 13:57:11+00:00,1777643831000,50685,25.19305,42.46697,1004.32001,55088
20260430-235226,-OrYp5bp9pqaj8exO9Se,2026-05-01 13:57:21+00:00,1777643841000,50695,25.19273,42.50218,1004.32001,55124
20260430-235226,-OrYp837mpvqFaTe5l6V,2026-05-01 13:57:31+00:00,1777643851000,50705,25.19368,42.46703,1004.32001,55052
20260430-235226,-OrYpAVRnLwcE99t9P7w,2026-05-01 13:57:41+00:00,1777643861000,50715,25.19463,42.49064,1004.32001,55306
20260430-235226,-OrYpCwjUMB6S9jS0ZMn,2026-05-01 13:57:51+00:00,1777643871000,50725,25.19463,42.51414,1004.32001,55124
20260430-235226,-OrYpFO4eD3U9PJ6YKWT,2026-05-01 13:58:01+00:00,1777643881000,50735,25.19463,42.50826,1004.31,55233
20260430-235226,-OrYpHp9OEjGH6OvQNVG,2026-05-01 13:58:11+00:00,1777643891000,50745,25.194,42.4612,1004.31,55270
20260430-235226,-OrYpKGAsHcdS5gug4Of,2026-05-01 13:58:21+00:00,1777643901000,50755,25.19432,42.46124,1004.31,55016
20260430-235226,-OrYpMhOxEyZCr77pIde,2026-05-01 13:58:31+00:00,1777643911000,50765,25.1959,42.53191,1004.31,55088
20260430-235226,-OrYpP8duV7X2qMYpr56,2026-05-01 13:58:41+00:00,1777643921000,50775,25.1959,42.55542,1004.31,55052
20260430-235226,-OrYpRa-IU0-qCzWJmsR,2026-05-01 13:58:51+00:00,1777643931000,50785,25.19558,42.60241,1004.31,55161
20260430-235226,-OrYpU1JSt3xH4bvIEGP,2026-05-01 13:59:01+00:00,1777643941000,50795,25.19654,42.60251,1004.32001,55052
20260430-235226,-OrYpWTVxO5s_T8jkHkS,2026-05-01 13:59:11+00:00,1777643951000,50805,25.19527,42.52597,1004.32001,55161
20260430-235226,-OrYpZ-UsvaYdjODwzkg,2026-05-01 13:59:21+00:00,1777643961000,50815,25.19558,42.49075,1004.32001,55490
20260430-235226,-OrYpaLsixBwfGMRPzQZ,2026-05-01 13:59:31+00:00,1777643971000,50825,25.19495,42.43782,1004.32001,55197
20260430-235226,-OrYpcnEUrRWHIniOk0d,2026-05-01 13:59:41+00:00,1777643981000,50835,25.19495,42.43195,1004.32001,55124
20260430-235226,-OrYpfEXYfWEskwxgL7b,2026-05-01 13:59:51+00:00,1777643991000,50845,25.19432,42.44362,1004.32001,55343
20260430-235226,-OrYphg-Ly-fqCiZ9EQS,2026-05-01 14:00:01+00:00,1777644001000,50855,25.19527,42.34978,1004.32001,55306
20260430-235226,-OrYpk7Gm0iMJ6TSyvkq,2026-05-01 14:00:11+00:00,1777644011000,50865,25.19527,42.39087,1004.32001,55453
20260430-235226,-OrYpmgRI6Ov3ShucJkN,2026-05-01 14:00:21+00:00,1777644021000,50875,25.19527,42.36152,1004.32001,55052
20260430-235226,-OrYpp-TBmk4qayxw6Mw,2026-05-01 14:00:31+00:00,1777644031000,50885,25.19432,42.3262,1004.32001,55197
20260430-235226,-OrYprS9UlFGjh-hsFtV,2026-05-01 14:00:41+00:00,1777644041000,50895,25.19495,42.39084,1004.33002,55197
20260430-235226,-OrYptt-TqRfMbQLiXUG,2026-05-01 14:00:51+00:00,1777644051000,50905,25.1959,42.39681,1004.33002,55124
20260430-235226,-OrYpwKITCKbZWcgCv20,2026-05-01 14:01:01+00:00,1777644061000,50915,25.19654,42.43799,1004.34998,55088
20260430-235226,-OrYpylU8531zu9icLS-,2026-05-01 14:01:11+00:00,1777644071000,50925,25.19685,42.45565,1004.34998,55490
20260430-235226,-OrYq0Cv9H_v2KpQvGpw,2026-05-01 14:01:21+00:00,1777644081000,50935,25.19685,42.58492,1004.34003,55197
20260430-235226,-OrYq2dyup7TJoJ_uDfn,2026-05-01 14:01:31+00:00,1777644091000,50945,25.19717,42.66139,1004.34003,54980
20260430-235226,-OrYq55IHPWxCL2JIDSE,2026-05-01 14:01:41+00:00,1777644101000,50955,25.19749,42.69083,1004.34998,55197
20260430-235226,-OrYq7XN936UWaZVpFML,2026-05-01 14:01:51+00:00,1777644111000,50965,25.19749,42.6673,1004.34998,55052
20260430-235226,-OrYq9ypIaO6DAqmDaop,2026-05-01 14:02:01+00:00,1777644121000,50975,25.19749,42.64378,1004.34998,55052
20260430-235226,-OrYqCPzLTj-r-j5i2Wn,2026-05-01 14:02:11+00:00,1777644131000,50985,25.19685,42.60843,1004.34998,55016
20260430-235226,-OrYqErR9KIWCSxrjoEg,2026-05-01 14:02:21+00:00,1777644141000,50995,25.19622,42.61423,1004.34998,54943
20260430-235226,-OrYqHIhFBW1nKFs5fem,2026-05-01 14:02:31+00:00,1777644151000,51005,25.19558,42.53188,1004.34998,54980
20260430-235226,-OrYqJjoS6jKT2EDNuf7,2026-05-01 14:02:41+00:00,1777644161000,51015,25.19622,42.47319,1004.37,55052
20260430-235226,-OrYqMAz5PlnppHe7aVl,2026-05-01 14:02:51+00:00,1777644171000,51025,25.1959,42.38507,1004.37,55016
20260430-235226,-OrYqOcQzMMF2wnWiAFP,2026-05-01 14:03:01+00:00,1777644181000,51035,25.19717,42.38522,1004.37,55088
20260430-235226,-OrYqR4-klE-ZD9GbDpv,2026-05-01 14:03:11+00:00,1777644191000,51045,25.19685,42.38518,1004.37,55052
20260430-235226,-OrYqTViYVZ_b3g0EYPV,2026-05-01 14:03:21+00:00,1777644201000,51055,25.19685,42.4439,1004.37,55088
20260430-235226,-OrYqW2zc20W6T0a9PY2,2026-05-01 14:03:31+00:00,1777644211000,51065,25.19622,42.5437,1004.37,55052
20260430-235226,-OrYqYOCYcMbZ1QhKMuX,2026-05-01 14:03:41+00:00,1777644221000,51075,25.19527,42.66116,1004.38,55016
20260430-235226,-OrYq_q7jWPiBTfzHR1m,2026-05-01 14:03:51+00:00,1777644231000,51085,25.19527,42.65528,1004.38,55088
20260430-235226,-OrYqcH6sQ2EQwOQkR-J,2026-05-01 14:04:01+00:00,1777644241000,51095,25.19432,42.64342,1004.39001,54980
20260430-235226,-OrYqehnvAZFNtIHEHoa,2026-05-01 14:04:11+00:00,1777644251000,51105,25.194,42.64927,1004.38,54980
20260430-235226,-OrYqh98qLayzUwxzPKq,2026-05-01 14:04:21+00:00,1777644261000,51115,25.194,42.66103,1004.39001,54907
20260430-235226,-OrYqjaQDwA12BWyqVvO,2026-05-01 14:04:31+00:00,1777644271000,51125,25.19337,42.65507,1004.39001,55016
20260430-235226,-OrYqm1b6YbYhbRkwIsu,2026-05-01 14:04:41+00:00,1777644281000,51135,25.19305,42.68444,1004.39001,54980
20260430-235226,-OrYqoU7DuIwWeRooN6N,2026-05-01 14:04:51+00:00,1777644291000,51145,25.19305,42.7315,1004.38,54943
20260430-235226,-OrYqqvI-o6RprCGUk9K,2026-05-01 14:05:01+00:00,1777644301000,51155,25.1921,42.70786,1004.38,55052
20260430-235226,-OrYqtMdqiqHmQd0t0hh,2026-05-01 14:05:11+00:00,1777644311000,51165,25.1902,42.72529,1004.39001,55124
20260430-235226,-OrYqvnfD9N8bldvTVFt,2026-05-01 14:05:21+00:00,1777644321000,51175,25.18956,42.77229,1004.39001,55052
20260430-235226,-OrYqyExqNkqGBMQLI0G,2026-05-01 14:05:31+00:00,1777644331000,51185,25.18893,42.73103,1004.39001,54943
20260430-235226,-OrYr-gKPjLEQPchf-MS,2026-05-01 14:05:41+00:00,1777644341000,51195,25.18956,42.64288,1004.39001,55016
20260430-235226,-OrYr27VmcKj6T0v1TnZ,2026-05-01 14:05:51+00:00,1777644351000,51205,25.18988,42.60176,1004.39001,55016
20260430-235226,-OrYr4ZxZna0VOgtYKf_,2026-05-01 14:06:01+00:00,1777644361000,51215,25.19051,42.59595,1004.39001,55088
20260430-235226,-OrYr709-fhrJld1Kbmz,2026-05-01 14:06:11+00:00,1777644371000,51225,25.1902,42.51364,1004.39001,55306
20260430-235226,-OrYr9S8kOFRVTVw2VaS,2026-05-01 14:06:21+00:00,1777644381000,51235,25.19083,42.41973,1004.39001,55124
20260430-235226,-OrYrBtfVWPJ_KYb_Bcd,2026-05-01 14:06:31+00:00,1777644391000,51245,25.1921,42.414,1004.39001,55197
20260430-235226,-OrYrERkD36oEoImzP-p,2026-05-01 14:06:41+00:00,1777644401000,51255,25.19178,42.45508,1004.38,55016
20260430-235226,-OrYrGm8Zpk6hWA_a7nM,2026-05-01 14:06:51+00:00,1777644411000,51265,25.19242,42.50214,1004.39001,55379
20260430-235226,-OrYrJDYczW5Iq98WyHZ,2026-05-01 14:07:01+00:00,1777644421000,51275,25.19242,42.42578,1004.39001,55052
20260430-235226,-OrYrLeDI5wWkV9pQoQe,2026-05-01 14:07:11+00:00,1777644431000,51285,25.19178,42.42571,1004.38,55124
20260430-235226,-OrYrO61DV5Sqi0PzQ-h,2026-05-01 14:07:21+00:00,1777644441000,51295,25.19146,42.47266,1004.40002,55124
20260430-235226,-OrYrQXog8iLsssBnb85,2026-05-01 14:07:31+00:00,1777644451000,51305,25.19146,42.50203,1004.40002,55233
20260430-235226,-OrYrSz9Ko25LMzD49_V,2026-05-01 14:07:41+00:00,1777644461000,51315,25.1921,42.51973,1004.40002,55306
20260430-235226,-OrYrVQeCgtolkJcCy8M,2026-05-01 14:07:51+00:00,1777644471000,51325,25.19242,42.49626,1004.40002,55306
20260430-235226,-OrYrXrcOvGht6YDDAVM,2026-05-01 14:08:01+00:00,1777644481000,51335,25.19305,42.56098,1004.40002,55161
20260430-235226,-OrYr_JCFhX3dxriOpC0,2026-05-01 14:08:11+00:00,1777644491000,51345,25.19305,42.62564,1004.40002,55161
20260430-235226,-OrYrbk21U-_l5iESG4V,2026-05-01 14:08:21+00:00,1777644501000,51355,25.19273,42.5727,1004.40002,55124
20260430-235226,-OrYreBQ9TnUIqH3Jjg0,2026-05-01 14:08:31+00:00,1777644511000,51365,25.194,42.46708,1004.40002,55052
20260430-235226,-OrYrgcVeu4PVzIEEOr_,2026-05-01 14:08:41+00:00,1777644521000,51375,25.194,42.54345,1004.40002,55124
20260430-235226,-OrYrj42FS3uIb1kRSNh,2026-05-01 14:08:51+00:00,1777644531000,51385,25.19463,42.61993,1004.40002,55197
20260430-235226,-OrYrlWJ09HhVAn6z3zw,2026-05-01 14:09:01+00:00,1777644541000,51395,25.19463,42.66109,1004.40002,54943
20260430-235226,-OrYrnxW2rdyiNT37uUn,2026-05-01 14:09:11+00:00,1777644551000,51405,25.19463,42.63169,1004.40997,55161
20260430-235226,-OrYrqOvyS0iHKp1GLgc,2026-05-01 14:09:21+00:00,1777644561000,51415,25.19463,42.57291,1004.40997,55088
20260430-235226,-OrYrsqG1_QUenEA-Gxf,2026-05-01 14:09:31+00:00,1777644571000,51425,25.19527,42.58474,1004.40997,54943
20260430-235226,-OrYrvHERda__uMm275o,2026-05-01 14:09:41+00:00,1777644581000,51435,25.194,42.6081,1004.41998,55052
20260430-235226,-OrYryJWBMqY0OUBtR-u,2026-05-01 14:09:51+00:00,1777644591000,51445,25.194,42.65515,1004.41998,55016
20260430-235226,-OrYs-A3v3IwxvvWSxK4,2026-05-01 14:10:01+00:00,1777644601000,51455,25.19368,42.69039,1004.41998,54836
20260430-235226,-OrYs1aq66kbmr1NUKWP,2026-05-01 14:10:11+00:00,1777644611000,51465,25.19368,42.67274,1004.40997,54907
20260430-235226,-OrYs421b91rvrKryJj9,2026-05-01 14:10:21+00:00,1777644621000,51475,25.19273,42.59033,1004.41998,54871
20260430-235226,-OrYs6UPy8sje_UMB1aU,2026-05-01 14:10:31+00:00,1777644631000,51485,25.194,42.56108,1004.42999,54980
20260430-235226,-OrYs8vpNGLyHsweQnev,2026-05-01 14:10:41+00:00,1777644641000,51495,25.19527,42.54947,1004.41998,55124
20260430-235226,-OrYsBMtXSh0AtS2S-qX,2026-05-01 14:10:51+00:00,1777644651000,51505,25.19432,42.58463,1004.41998,54800
20260430-235226,-OrYsDo4BZeAZHtw_k2O,2026-05-01 14:11:01+00:00,1777644661000,51515,25.194,42.63751,1004.40997,55016
20260430-235226,-OrYsGFSHHXdkjZJ5t3n,2026-05-01 14:11:11+00:00,1777644671000,51525,25.19495,42.6729,1004.41998,55124
20260430-235226,-OrYsIgSzYWVk-i_B5iO,2026-05-01 14:11:21+00:00,1777644681000,51535,25.19558,42.70826,1004.42999,55306
20260430-235226,-OrYsLAdLNd8tZnVsK5-,2026-05-01 14:11:31+00:00,1777644691000,51545,25.19495,42.70819,1004.42999,54980
20260430-235226,-OrYsN_FOj9g5j3e7G61,2026-05-01 14:11:41+00:00,1777644701000,51555,25.19463,42.70815,1004.42999,54836
20260430-235226,-OrYsQ0HgQJwzwguP3VQ,2026-05-01 14:11:51+00:00,1777644711000,51565,25.194,42.71984,1004.42999,54871
20260430-235226,-OrYsSSSYiQwH0269eA7,2026-05-01 14:12:01+00:00,1777644721000,51575,25.19305,42.7315,1004.41998,54871
20260430-235226,-OrYsUuD-ZUojVYJ4DVk,2026-05-01 14:12:11+00:00,1777644731000,51585,25.19178,42.76078,1004.42999,54980
20260430-235226,-OrYsXKytiji7TD73-Cr,2026-05-01 14:12:21+00:00,1777644741000,51595,25.19146,42.7372,1004.44,55052
20260430-235226,-OrYsZmIhyy88L9V-NES,2026-05-01 14:12:31+00:00,1777644751000,51605,25.19051,42.67827,1004.44,55016
20260430-235226,-OrYsbDONbxpdrpavDHz,2026-05-01 14:12:41+00:00,1777644761000,51615,25.18925,42.7193,1004.42999,55124
20260430-235226,-OrYsdenJU0yfS-XC5kx,2026-05-01 14:12:51+00:00,1777644771000,51625,25.18925,42.71342,1004.44,55016
20260430-235226,-OrYshF0lO_aOL7R-Dv5,2026-05-01 14:13:01+00:00,1777644781000,51635,25.18798,42.74269,1004.44,55088
20260430-235226,-OrYsiYbP1u4pH5EN9fJ,2026-05-01 14:13:11+00:00,1777644791000,51645,25.18734,42.72496,1004.45001,55088
20260430-235226,-OrYsl-do_fIegi1Y_hF,2026-05-01 14:13:21+00:00,1777644801000,51655,25.1883,42.73684,1004.45001,54871
20260430-235226,-OrYsnQk3jafKOKw9UQj,2026-05-01 14:13:31+00:00,1777644811000,51665,25.18734,42.73673,1004.45001,55052
20260430-235226,-OrYspsF_xJLRbK9A_JE,2026-05-01 14:13:41+00:00,1777644821000,51675,25.1883,42.66626,1004.45001,54980
20260430-235226,-OrYssJOC94hbtFYoglA,2026-05-01 14:13:51+00:00,1777644831000,51685,25.1883,42.55456,1004.45001,55124
20260430-235226,-OrYsukXXwVOlvoZhlS9,2026-05-01 14:14:01+00:00,1777644841000,51695,25.18798,42.52514,1004.46002,55233
20260430-235226,-OrYsxCSHphOw-gz7HYP,2026-05-01 14:14:11+00:00,1777644851000,51705,25.18766,42.58387,1004.46002,55233
20260430-235226,-OrYszd70Xe1GY35zK-w,2026-05-01 14:14:21+00:00,1777644861000,51715,25.1883,42.52518,1004.46002,55379
20260430-235226,-OrYt14S5qidVTzCS5Yh,2026-05-01 14:14:31+00:00,1777644871000,51725,25.18925,42.47828,1004.46002,55637
20260430-235226,-OrYt3Wcdx9qobLH-OTh,2026-05-01 14:14:41+00:00,1777644881000,51735,25.18956,42.42546,1004.46002,55343
20260430-235226,-OrYt5yBZp8QpXb1miT4,2026-05-01 14:14:51+00:00,1777644891000,51745,25.18988,42.43724,1004.46997,55306
20260430-235226,-OrYt8P4mVc7yLVR0KGQ,2026-05-01 14:15:01+00:00,1777644901000,51755,25.1902,42.47839,1004.46997,55016
20260430-235226,-OrYtAqNdIFpeZosqepS,2026-05-01 14:15:11+00:00,1777644911000,51765,25.18988,42.4901,1004.46997,55016
20260430-235226,-OrYtDHMJ10hwv60FVkh,2026-05-01 14:15:21+00:00,1777644921000,51775,25.1902,42.51952,1004.46997,55088
20260430-235226,-OrYtFifPII8dKwRzM8O,2026-05-01 14:15:31+00:00,1777644931000,51785,25.1921,42.55499,1004.47998,54980
20260430-235226,-OrYtIA4rBkvqcq5VOAv,2026-05-01 14:15:41+00:00,1777644941000,51795,25.1921,42.56675,1004.48999,55052
20260430-235226,-OrYtKbB7NPi7GeMt1hr,2026-05-01 14:15:51+00:00,1777644951000,51805,25.19305,42.57273,1004.5,54980
20260430-235226,-OrYtN2YnFRjuPYLR2Fg,2026-05-01 14:16:01+00:00,1777644961000,51815,25.19305,42.61975,1004.5,54980
20260430-235226,-OrYtV3Q3u8_pLV7lEZE,2026-05-01 14:16:11+00:00,1777644971000,51825,25.19242,42.66084,1004.51001,55016
20260430-235226,-OrYtVB4hpWsUUQzunaW,2026-05-01 14:16:35+00:00,1777644995000,51849,25.18956,42.81348,1004.51001,48402
20260430-235226,-OrYtXcTmj0pYV4baSDY,2026-05-01 14:16:45+00:00,1777645005000,51859,25.18893,42.76045,1004.51001,50171
20260430-235226,-OrYt_44dBkpIv5WENWO,2026-05-01 14:16:55+00:00,1777645015000,51869,25.18925,42.72519,1004.51001,51466
20260430-235226,-OrYtbVzn77_WH_slGJT,2026-05-01 14:17:05+00:00,1777645025000,51879,25.18766,42.71324,1004.5,52334
20260430-235226,-OrYtdyoFRJkWaUrwuFB,2026-05-01 14:17:15+00:00,1777645035000,51889,25.18766,42.66031,1004.51001,52863
20260430-235226,-OrYtgOcGgz9TjjKmmLj,2026-05-01 14:17:25+00:00,1777645045000,51899,25.18798,42.66034,1004.52002,53539
20260430-235226,-OrYtipeEs6xozFZUymZ,2026-05-01 14:17:35+00:00,1777645055000,51909,25.18861,42.70158,1004.52002,53641
20260430-235226,-OrYtlGuRSzFzSHSkLkd,2026-05-01 14:17:45+00:00,1777645065000,51919,25.18893,42.72515,1004.53003,54057
20260430-235226,-OrYtni6yvsMWqa-CQyN,2026-05-01 14:17:55+00:00,1777645075000,51929,25.18734,42.73085,1004.53003,54127
20260430-235226,-OrYtq9S6g2wwbw_sFde,2026-05-01 14:18:05+00:00,1777645085000,51939,25.18766,42.70148,1004.53003,54057
20260430-235226,-OrYtsaYNgR1VYzP7R9A,2026-05-01 14:18:15+00:00,1777645095000,51949,25.18639,42.69545,1004.53003,54232
20260430-235226,-OrYtv1mcJc10us5COCc,2026-05-01 14:18:25+00:00,1777645105000,51959,25.18703,42.68376,1004.53003,54514
20260430-235226,-OrYtxUGdtg9Dyxvvz-4,2026-05-01 14:18:35+00:00,1777645115000,51969,25.18734,42.5662,1004.53998,54692
20260430-235226,-OrYtzvPoxRhWOKjJ9Yk,2026-05-01 14:18:45+00:00,1777645125000,51979,25.18798,42.51339,1004.53003,54692
20260430-235226,-OrYu1Ml8PXqSPEWC7h0,2026-05-01 14:18:55+00:00,1777645135000,51989,25.18861,42.52522,1004.53003,54621
20260430-235226,-OrYu3o41yU8H7DN-L5y,2026-05-01 14:19:05+00:00,1777645145000,51999,25.18893,42.54287,1004.53003,54621
20260430-235226,-OrYu6UdxWtCXOOtDaFG,2026-05-01 14:19:15+00:00,1777645155000,52009,25.18861,42.6075,1004.53003,54692
20260430-235226,-OrYu8h01jsXMidg2PJ8,2026-05-01 14:19:25+00:00,1777645165000,52019,25.18956,42.65464,1004.53003,54728
20260430-235226,-OrYuB8MBx6A1ewhVPr6,2026-05-01 14:19:35+00:00,1777645175000,52029,25.18988,42.70761,1004.52002,54836
20260430-235226,-OrYuDZzDziemAYXHy74,2026-05-01 14:19:45+00:00,1777645185000,52039,25.18956,42.74875,1004.52002,54764
20260430-235226,-OrYuG00ysv3ifGNNo00,2026-05-01 14:19:55+00:00,1777645195000,52049,25.18893,42.7075,1004.52002,54728
20260430-235226,-OrYuISRViuzNIYIaSHn,2026-05-01 14:20:05+00:00,1777645205000,52059,25.18925,42.65461,1004.52002,55052
20260430-235226,-OrYuKtcFiMdq7Bc3tV0,2026-05-01 14:20:15+00:00,1777645215000,52069,25.1902,42.60179,1004.51001,54800
20260430-235226,-OrYuNKmotZGi_hkhbtb,2026-05-01 14:20:25+00:00,1777645225000,52079,25.18956,42.58409,1004.51001,54871
20260430-235226,-OrYuPmDldWWHcGO9kzW,2026-05-01 14:20:35+00:00,1777645235000,52089,25.1902,42.66647,1004.52002,55016
20260430-235226,-OrYuSDauPTm2dM1bjC9,2026-05-01 14:20:45+00:00,1777645245000,52099,25.18956,42.71346,1004.53003,55088
20260430-235226,-OrYuUfDjbGA3O4U0997,2026-05-01 14:20:55+00:00,1777645255000,52109,25.18956,42.71934,1004.53003,54943
20260430-235226,-OrYuX5hSAExr1J2qEdy,2026-05-01 14:21:05+00:00,1777645265000,52119,25.18893,42.70162,1004.53003,54871
20260430-235226,-OrYuZZOJbsFU4RjBYWg,2026-05-01 14:21:15+00:00,1777645275000,52129,25.18893,42.70162,1004.53998,54980
20260430-235226,-OrYuazOdyrhpxkejJmV,2026-05-01 14:21:25+00:00,1777645285000,52139,25.18766,42.68383,1004.52002,54943
20260430-235226,-OrYudQftuXlBxgjAw6B,2026-05-01 14:21:35+00:00,1777645295000,52149,25.18798,42.63682,1004.52002,55088
20260430-235226,-OrYufrlEJOH615AkaMK,2026-05-01 14:21:45+00:00,1777645305000,52159,25.18861,42.66042,1004.52002,55052
20260430-235226,-OrYuiJSEDXXTUoEjOeA,2026-05-01 14:21:55+00:00,1777645315000,52169,25.18798,42.67798,1004.52002,55016
20260430-235226,-OrYukkhAte3HKLWIzcu,2026-05-01 14:22:05+00:00,1777645325000,52179,25.18988,42.64879,1004.52002,54943
20260430-235226,-OrYunBfYz3UIioqKcJS,2026-05-01 14:22:15+00:00,1777645335000,52189,25.18988,42.59,1004.52002,55052
20260430-235226,-OrYuqcs5oBhxmcr_IRh,2026-05-01 14:22:25+00:00,1777645345000,52199,25.18988,42.57825,1004.52002,55016
20260430-235226,-OrYus4OYoyrOFSlUv85,2026-05-01 14:22:35+00:00,1777645355000,52209,25.18925,42.55467,1004.52002,55124
20260430-235226,-OrYuuXLRgonsw1eOSjS,2026-05-01 14:22:45+00:00,1777645365000,52219,25.18988,42.55474,1004.51001,55453
20260430-235226,-OrYuxHaZ3Ruy90EFIrs,2026-05-01 14:22:55+00:00,1777645375000,52229,25.1902,42.59003,1004.51001,55197
20260430-235226,-OrYuzSQkBlU65jwRhQZ,2026-05-01 14:23:05+00:00,1777645385000,52239,25.19051,42.62535,1004.52002,55052
20260430-235226,-OrYv0r9C0Cx_eCsYaWS,2026-05-01 14:23:15+00:00,1777645395000,52249,25.19115,42.62542,1004.52002,55088
20260430-235226,-OrYv3HQNbvJjJda3vpX,2026-05-01 14:23:25+00:00,1777645405000,52259,25.19083,42.60774,1004.52002,54943
20260430-235226,-OrYv5j1OB2D_MjPZUSx,2026-05-01 14:23:35+00:00,1777645415000,52269,25.19115,42.59603,1004.52002,55088
20260430-235226,-OrYv8A08dLJQJ5stWZm,2026-05-01 14:23:45+00:00,1777645425000,52279,25.19146,42.57843,1004.52002,54980
20260430-235226,-OrYvAb6LJRRs_VcO3wl,2026-05-01 14:23:55+00:00,1777645435000,52289,25.1921,42.63729,1004.52002,55233
20260430-235226,-OrYvD2OMgS8OmKse6cZ,2026-05-01 14:24:05+00:00,1777645445000,52299,25.19242,42.68436,1004.52002,55161
20260430-235226,-OrYvFVFjKMZWDC5zdw5,2026-05-01 14:24:15+00:00,1777645455000,52309,25.19178,42.60786,1004.53003,55306
20260430-235226,-OrYvHvcWnXB27HBHu8p,2026-05-01 14:24:25+00:00,1777645465000,52319,25.19273,42.5727,1004.53003,55306
20260430-235226,-OrYvKNJ3Y5PIR-fdRrK,2026-05-01 14:24:35+00:00,1777645475000,52329,25.1921,42.55499,1004.53003,55306
20260430-235226,-OrYvMoFMu1aBYa-YjO2,2026-05-01 14:24:45+00:00,1777645485000,52339,25.19146,42.57255,1004.53003,55453
20260430-235226,-OrYvPFYASR5nYxbG5GH,2026-05-01 14:24:55+00:00,1777645495000,52349,25.19178,42.56671,1004.53003,55343
20260430-235226,-OrYvRhAifv5k7rQKk9l,2026-05-01 14:25:05+00:00,1777645505000,52359,25.19146,42.49028,1004.52002,55124
20260430-235226,-OrYvU89EVkq5uC2yi8b,2026-05-01 14:25:15+00:00,1777645515000,52369,25.19146,42.50203,1004.53003,55088
20260430-235226,-OrYvW_rAFNvmkgEp13m,2026-05-01 14:25:25+00:00,1777645525000,52379,25.19146,42.53729,1004.52002,55270
20260430-235226,-OrYvZOZI2DtSmUoDusU,2026-05-01 14:25:35+00:00,1777645535000,52389,25.19146,42.55492,1004.52002,55197
20260430-235226,-OrYvausnIBAkl5bwB3i,2026-05-01 14:25:45+00:00,1777645545000,52399,25.1921,42.54911,1004.53003,55161
20260430-235226,-OrYvcu0Ao6DT_-TO2Jh,2026-05-01 14:25:55+00:00,1777645555000,52409,25.19242,42.50801,1004.53003,55306
20260430-235226,-OrYvfLT6AwKH8KM0tI4,2026-05-01 14:26:05+00:00,1777645565000,52419,25.19242,42.49039,1004.53003,55379
20260430-235226,-OrYvhn-mkiTPfUlKfYa,2026-05-01 14:26:15+00:00,1777645575000,52429,25.19242,42.54914,1004.53003,55233
20260430-235226,-OrYvkDnDhIjXSDKy54a,2026-05-01 14:26:25+00:00,1777645585000,52439,25.19146,42.60194,1004.53998,55161
20260430-235226,-OrYvmg13uWyViEeWE_H,2026-05-01 14:26:35+00:00,1777645595000,52449,25.1921,42.63729,1004.54999,55052
20260430-235226,-OrYvp6Otiw1B1PQQ3Iz,2026-05-01 14:26:45+00:00,1777645605000,52459,25.19146,42.5843,1004.54999,55088
20260430-235226,-OrYvrYbb3aMHH_pFNqV,2026-05-01 14:26:55+00:00,1777645615000,52469,25.19178,42.56083,1004.54999,55343
20260430-235226,-OrYvu0XknMXenfQgU84,2026-05-01 14:27:05+00:00,1777645625000,52479,25.19115,42.57839,1004.54999,55306
20260430-235226,-OrYvwQx7onYD0_QENWu,2026-05-01 14:27:15+00:00,1777645635000,52489,25.19083,42.65478,1004.53998,55088
20260430-235226,-OrYvysHW9GCiTqlv1vn,2026-05-01 14:27:25+00:00,1777645645000,52499,25.18925,42.66637,1004.53998,55124
20260430-235226,-OrYw0J_v_AZnihj_JIB,2026-05-01 14:27:35+00:00,1777645655000,52509,25.18988,42.65467,1004.53998,55197
20260430-235226,-OrYw2kpgMfjkBzek_ol,2026-05-01 14:27:45+00:00,1777645665000,52519,25.19115,42.66658,1004.53998,55124
20260430-235226,-OrYw5C-vZk7BstOtMNw,2026-05-01 14:27:55+00:00,1777645675000,52529,25.19178,42.69018,1004.54999,54907
20260430-235226,-OrYw7dMBRbAeedz6BQi,2026-05-01 14:28:05+00:00,1777645685000,52539,25.19083,42.63126,1004.54999,54907
20260430-235226,-OrYwA4SEQDPydgslLW7,2026-05-01 14:28:15+00:00,1777645695000,52549,25.19083,42.59599,1004.56,55161
20260430-235226,-OrYwCXLlJQj_I1y4u9C,2026-05-01 14:28:25+00:00,1777645705000,52559,25.19051,42.65475,1004.57001,55088
20260430-235226,-OrYwEyBAln-_dm64gmo,2026-05-01 14:28:35+00:00,1777645715000,52569,25.19083,42.69007,1004.56,55233
20260430-235226,-OrYwHjwBb7YAv1TxNMP,2026-05-01 14:28:45+00:00,1777645725000,52579,25.19146,42.70191,1004.56,55306
20260430-235226,-OrYwJqY-AVsuUzIH5GO,2026-05-01 14:28:55+00:00,1777645735000,52589,25.19178,42.66077,1004.56,55343
20260430-235226,-OrYwMHtcPnkr-oPyYIp,2026-05-01 14:29:05+00:00,1777645745000,52599,25.1921,42.6608,1004.56,55306
20260430-235226,-OrYwOj2xrHcJgY-pnJ9,2026-05-01 14:29:15+00:00,1777645755000,52609,25.19178,42.60786,1004.57001,55124
20260430-235226,-OrYwRAEG61hJgBkJ5ow,2026-05-01 14:29:25+00:00,1777645765000,52619,25.19242,42.63144,1004.57001,55124
20260430-235226,-OrYwTbe-DbZHXi_p8CB,2026-05-01 14:29:35+00:00,1777645775000,52629,25.19273,42.64324,1004.56,55270
20260430-235226,-OrYwW2v52CSYX9fzxg9,2026-05-01 14:29:45+00:00,1777645785000,52639,25.19368,42.63746,1004.57001,55343
20260430-235226,-OrYwYVo2sBfa5Gl1m6w,2026-05-01 14:29:55+00:00,1777645795000,52649,25.19368,42.63158,1004.57001,55197
20260430-235226,-OrYw_wK98vyS5G4Cbc8,2026-05-01 14:30:05+00:00,1777645805000,52659,25.19463,42.61993,1004.57001,55161
20260430-235226,-OrYwcNLTqutwWckUTQz,2026-05-01 14:30:15+00:00,1777645815000,52669,25.19495,42.5847,1004.58002,55124
20260430-235226,-OrYweu1hhi2vqpjBUWA,2026-05-01 14:30:25+00:00,1777645825000,52679,25.19495,42.63762,1004.58002,55088
20260430-235226,-OrYwhGpjdcm2WK7ua_w,2026-05-01 14:30:35+00:00,1777645835000,52689,25.19495,42.66114,1004.58002,55016
20260430-235226,-OrYwjiCUhPv7wAGLeW6,2026-05-01 14:30:45+00:00,1777645845000,52699,25.19432,42.58463,1004.58002,55306
20260430-235226,-OrYwm8h_SfDbyMcG23P,2026-05-01 14:30:55+00:00,1777645855000,52709,25.19337,42.56101,1004.58002,55197
20260430-235226,-OrYwo_rPsZRkE401Cv0,2026-05-01 14:31:05+00:00,1777645865000,52719,25.19337,42.57864,1004.58002,55453
20260430-235226,-OrYwr1AkEXoXGK9ncZj,2026-05-01 14:31:15+00:00,1777645875000,52729,25.19337,42.66095,1004.58002,55233
20260430-235226,-OrYwtT6APIfc1Lm0eff,2026-05-01 14:31:25+00:00,1777645885000,52739,25.19337,42.69035,1004.58002,55161
20260430-235226,-OrYwvuR3kAd0uiWNjC0,2026-05-01 14:31:35+00:00,1777645895000,52749,25.19368,42.7198,1004.59003,55088
20260430-235226,-OrYwyPlDXhU8E2A5dlF,2026-05-01 14:31:45+00:00,1777645905000,52759,25.19432,42.74342,1004.59003,55161
20260430-235226,-OrYx0DlqyuFzMtrOQJt,2026-05-01 14:31:55+00:00,1777645915000,52769,25.194,42.71984,1004.59003,55233
20260430-235226,-OrYx2EUIEGdSRzkDZmh,2026-05-01 14:32:05+00:00,1777645925000,52779,25.19432,42.71988,1004.59003,55124
20260430-235226,-OrYx4fcv5FQSs_1PpJ_,2026-05-01 14:32:15+00:00,1777645935000,52789,25.194,42.72572,1004.59003,55306
20260430-235226,-OrYx76tfEFNOv28Uuun,2026-05-01 14:32:25+00:00,1777645945000,52799,25.194,42.70219,1004.59998,55088
20260430-235226,-OrYx9Z405ycJOyenlyq,2026-05-01 14:32:35+00:00,1777645955000,52809,25.19432,42.67282,1004.60999,55233
20260430-235226,-OrYxC-HkuanRKMoEaqm,2026-05-01 14:32:45+00:00,1777645965000,52819,25.19432,42.67282,1004.60999,55233
20260430-235226,-OrYxERUa2KVfBeXT31m,2026-05-01 14:32:55+00:00,1777645975000,52829,25.19463,42.6905,1004.62,55197
20260430-235226,-OrYxGslmt0MZxKJ0tUE,2026-05-01 14:33:05+00:00,1777645985000,52839,25.19368,42.67274,1004.62,55052
20260430-235226,-OrYxJK4p8vZH-ZcgIfH,2026-05-01 14:33:15+00:00,1777645995000,52849,25.194,42.64339,1004.62,55052
20260430-235226,-OrYxLl1e7voPSzpLl8W,2026-05-01 14:33:25+00:00,1777646005000,52859,25.19368,42.6551,1004.62,55161
20260430-235226,-OrYxOCcgKvT08WtpBNG,2026-05-01 14:33:35+00:00,1777646015000,52869,25.194,42.63163,1004.62,55016
20260430-235226,-OrYxQdvtNPFACJUREWY,2026-05-01 14:33:45+00:00,1777646025000,52879,25.19495,42.64349,1004.62,55052
20260430-235226,-OrYxT5gtLdsyHDBBine,2026-05-01 14:33:55+00:00,1777646035000,52889,25.19527,42.62001,1004.63,55016
20260430-235226,-OrYxVXKdv3O6K71XNOr,2026-05-01 14:34:05+00:00,1777646045000,52899,25.19432,42.59051,1004.64001,55197
20260430-235226,-OrYxXyQCx_-OLz5Is0J,2026-05-01 14:34:15+00:00,1777646055000,52909,25.1959,42.5848,1004.65002,55197
20260430-235226,-OrYx_PaJ7AouGRAN7gQ,2026-05-01 14:34:25+00:00,1777646065000,52919,25.19527,42.57298,1004.65002,55233
20260430-235226,-OrYxbqyCUXQ3tGCQAub,2026-05-01 14:34:35+00:00,1777646075000,52929,25.19527,42.53772,1004.65002,55197
20260430-235226,-OrYxecDgxIFVYokyT39,2026-05-01 14:34:45+00:00,1777646085000,52939,25.19558,42.54363,1004.64001,55233
20260430-235226,-OrYxgjL9cOSGW-tZR42,2026-05-01 14:34:55+00:00,1777646095000,52949,25.19654,42.579,1004.65002,55306
20260430-235226,-OrYxkVCtDTXPpHY2eaz,2026-05-01 14:35:05+00:00,1777646105000,52959,25.19717,42.64963,1004.65002,54980
20260430-235226,-OrYxlbo3WyNsohkq4kh,2026-05-01 14:35:15+00:00,1777646115000,52969,25.19812,42.66737,1004.65002,55088
20260430-235226,-OrYxo36FUq2aVkw48y1,2026-05-01 14:35:25+00:00,1777646125000,52979,25.19971,42.67931,1004.65997,55124
20260430-235226,-OrYxqVLEEfCf75M_Eeg,2026-05-01 14:35:35+00:00,1777646135000,52989,25.19971,42.69696,1004.65997,55052
20260430-235226,-OrYxswqm61WmQC2St2j,2026-05-01 14:35:45+00:00,1777646145000,52999,25.19907,42.69689,1004.65997,55233
20260430-235226,-OrYxvNyvDK6BeYf7U_2,2026-05-01 14:35:55+00:00,1777646155000,53009,25.19907,42.64984,1004.65997,55088
20260430-235226,-OrYxxpDoPg0oAZQBHmh,2026-05-01 14:36:05+00:00,1777646165000,53019,25.20002,42.55589,1004.66998,55379
20260430-235226,-OrYy-GMt9V7E4wxmrxA,2026-05-01 14:36:15+00:00,1777646175000,53029,25.20034,42.49717,1004.66998,55270
20260430-235226,-OrYy1hlmh1czijiiuFt,2026-05-01 14:36:25+00:00,1777646185000,53039,25.19939,42.47355,1004.66998,55306
20260430-235226,-OrYy49-qrE4fXSZDBQM,2026-05-01 14:36:35+00:00,1777646195000,53049,25.19971,42.52059,1004.65997,55270
20260430-235226,-OrYy6aIF_uc3Pj6R5oK,2026-05-01 14:36:45+00:00,1777646205000,53059,25.19907,42.57929,1004.65997,55124
20260430-235226,-OrYy91QVmVxLdGUF8Th,2026-05-01 14:36:55+00:00,1777646215000,53069,25.19907,42.61457,1004.66998,55197
20260430-235226,-OrYyBTlZGl7mTZu3vAB,2026-05-01 14:37:05+00:00,1777646225000,53079,25.19876,42.60864,1004.66998,55197
20260430-235226,-OrYyDvSkMYca8x9Tsn-,2026-05-01 14:37:15+00:00,1777646235000,53089,25.19749,42.60262,1004.65997,55052
20260430-235226,-OrYyGMIO_jEGONMaC4k,2026-05-01 14:37:25+00:00,1777646245000,53099,25.19812,42.61444,1004.66998,55088
20260430-235226,-OrYyIngFlv-6ASK98y3,2026-05-01 14:37:35+00:00,1777646255000,53109,25.19812,42.64973,1004.66998,55088
20260430-235226,-OrYyLEoiQKQIGOPr6rL,2026-05-01 14:37:45+00:00,1777646265000,53119,25.19876,42.62628,1004.66998,55306
20260430-235226,-OrYyNgDqOVBUEPXKFS5,2026-05-01 14:37:55+00:00,1777646275000,53129,25.19876,42.61452,1004.66998,55233
20260430-235226,-OrYyQ7ffyjj6vvx_j5q,2026-05-01 14:38:05+00:00,1777646285000,53139,25.20002,42.62643,1004.67999,54980
20260430-235226,-OrYySsoi_-Ru3BtUl8d,2026-05-01 14:38:15+00:00,1777646295000,53149,25.20097,42.63241,1004.67999,55088
20260430-235226,-OrYyV-PdA9arp-mthWC,2026-05-01 14:38:25+00:00,1777646305000,53159,25.20129,42.58542,1004.67999,55197
20260430-235226,-OrYyXS4BwRVmaLeICCR,2026-05-01 14:38:35+00:00,1777646315000,53169,25.20034,42.56768,1004.69,55124
20260430-235226,-OrYyZtl3LnxFbtBNgn3,2026-05-01 14:38:45+00:00,1777646325000,53179,25.20066,42.57946,1004.69,55197
20260430-235226,-OrYybKCcmMXgBK2aqyA,2026-05-01 14:38:55+00:00,1777646335000,53189,25.19907,42.60281,1004.67999,55343
20260430-235226,-OrYydlaRz9PvElfYFH4,2026-05-01 14:39:05+00:00,1777646345000,53199,25.19844,42.61449,1004.67999,55306
20260430-235226,-OrYygCiGQc2vxzLfxKH,2026-05-01 14:39:15+00:00,1777646355000,53209,25.19717,42.63199,1004.67999,55233
20260430-235226,-OrYyie3ZU3Rap6A_RLL,2026-05-01 14:39:25+00:00,1777646365000,53219,25.19749,42.68494,1004.67999,55306
20260430-235226,-OrYyl5NH3wEs5tTU8NY,2026-05-01 14:39:35+00:00,1777646375000,53229,25.19876,42.69685,1004.67999,55233
20260430-235226,-OrYynYHrIjU_y8MpFja,2026-05-01 14:39:45+00:00,1777646385000,53239,25.19876,42.70861,1004.66998,55306
20260430-235226,-OrYypzGOyWSq6AfN_ZQ,2026-05-01 14:39:55+00:00,1777646395000,53249,25.19939,42.69692,1004.67999,55233
20260430-235226,-OrYysQD1td4gFdG69qv,2026-05-01 14:40:05+00:00,1777646405000,53259,25.20097,42.7324,1004.69,55306
20260430-235226,-OrYyurEYoooX5BH55Mq,2026-05-01 14:40:15+00:00,1777646415000,53269,25.20034,42.71468,1004.67999,55233
20260430-235226,-OrYyxIWIE1aqdkzDovB,2026-05-01 14:40:25+00:00,1777646425000,53279,25.19971,42.70872,1004.69,55197
20260430-235226,-OrYyzji4nwYD6ys686J,2026-05-01 14:40:35+00:00,1777646435000,53289,25.19939,42.65575,1004.67999,55197
20260430-235226,-OrYz1BP4mx-k0Tf6uFs,2026-05-01 14:40:45+00:00,1777646445000,53299,25.19939,42.54993,1004.69,55416
20260430-235226,-OrYz3cRWnhuGbSFM15Z,2026-05-01 14:40:55+00:00,1777646455000,53309,25.19876,42.52048,1004.69,55453
20260430-235226,-OrYz63QElRuLg4wEzCN,2026-05-01 14:41:05+00:00,1777646465000,53319,25.1978,42.50275,1004.69,55453
20260430-235226,-OrYz8VeUirfXBD40eqi,2026-05-01 14:41:15+00:00,1777646475000,53329,25.1978,42.5145,1004.69,55343
20260430-235226,-OrYzB9BxeyxpkuLQH0e,2026-05-01 14:41:25+00:00,1777646485000,53339,25.1978,42.55563,1004.69,55490
20260430-235226,-OrYzDOLsoLC0kLZzjLy,2026-05-01 14:41:35+00:00,1777646495000,53349,25.19844,42.59685,1004.69,55453
20260430-235226,-OrYzFpPKt3y1Alff54t,2026-05-01 14:41:45+00:00,1777646505000,53359,25.19844,42.59097,1004.67999,55343
20260430-235226,-OrYzIGtEPAy0QjDRBg7,2026-05-01 14:41:55+00:00,1777646515000,53369,25.19717,42.57907,1004.67999,55197
20260430-235226,-OrYzKitFdoPX4HuNAHu,2026-05-01 14:42:05+00:00,1777646525000,53379,25.19622,42.5966,1004.67999,55306
20260430-235226,-OrYzN9JgPIUsrP0BsTb,2026-05-01 14:42:15+00:00,1777646535000,53389,25.19558,42.62004,1004.69,55306
20260430-235226,-OrYzPaYa2q-HNjybw2_,2026-05-01 14:42:25+00:00,1777646545000,53399,25.1959,42.62008,1004.67999,55343
20260430-235226,-OrYzSAlcU08SeSJ3_wE,2026-05-01 14:42:35+00:00,1777646555000,53409,25.1959,42.60832,1004.67999,55306
20260430-235226,-OrYzUU9mtWM6wVij0cY,2026-05-01 14:42:45+00:00,1777646565000,53419,25.19717,42.5732,1004.67999,55233
20260430-235226,-OrYzWvA-QNty-onslHQ,2026-05-01 14:42:55+00:00,1777646575000,53429,25.19654,42.54374,1004.67999,55379
20260430-235226,-OrYzZMRbNaFaHgISntS,2026-05-01 14:43:05+00:00,1777646585000,53439,25.19685,42.54965,1004.69,55306
20260430-235226,-OrYzanwLrpsfJgFFKij,2026-05-01 14:43:15+00:00,1777646595000,53449,25.19749,42.54972,1004.70001,55197
20260430-235226,-OrYzdFFa53GzhTF529F,2026-05-01 14:43:25+00:00,1777646605000,53459,25.1978,42.55563,1004.71002,55379
20260430-235226,-OrYzfgG8Qr6-G4RL0TD,2026-05-01 14:43:35+00:00,1777646615000,53469,25.1978,42.56739,1004.70001,55637
20260430-235226,-OrYzi7cu4W5N1Q9EBWc,2026-05-01 14:43:45+00:00,1777646625000,53479,25.19717,42.59083,1004.71002,55416
20260430-235226,-OrYzkZrRYf5sVAXDmTf,2026-05-01 14:43:55+00:00,1777646635000,53489,25.19749,42.62026,1004.71002,55233
20260430-235226,-OrYzn0HWVf-gT5yVk3T,2026-05-01 14:44:05+00:00,1777646645000,53499,25.19812,42.57918,1004.71002,55453
20260430-235226,-OrYzpTPbX9eY6raGICH,2026-05-01 14:44:15+00:00,1777646655000,53509,25.19876,42.54398,1004.71997,55379
20260430-235226,-OrYzruQiHAaJSnXxdbB,2026-05-01 14:44:25+00:00,1777646665000,53519,25.19876,42.54986,1004.71997,55416
20260430-235226,-OrYzv5sh7n7a-pOBjH6,2026-05-01 14:44:35+00:00,1777646675000,53529,25.19907,42.59692,1004.71997,55416
20260430-235226,-OrYzwmAyVhWBhGaSLyW,2026-05-01 14:44:45+00:00,1777646685000,53539,25.19876,42.62628,1004.72998,55490
20260430-235226,-OrYzzDZCWzDgTQUWapw,2026-05-01 14:44:55+00:00,1777646695000,53549,25.19844,42.62625,1004.72998,55343
20260430-235226,-OrZ-0eXNcwXx6qJOi4_,2026-05-01 14:45:05+00:00,1777646705000,53559,25.19812,42.62033,1004.71997,55197
20260430-235226,-OrZ-35jL1p10H2zFFw4,2026-05-01 14:45:15+00:00,1777646715000,53569,25.19844,42.60861,1004.72998,55124
20260430-235226,-OrZ-5Y4OO2G2upV3OgD,2026-05-01 14:45:25+00:00,1777646725000,53579,25.19844,42.56158,1004.72998,55088
20260430-235226,-OrZ-7zZYfNh3-WDHl3l,2026-05-01 14:45:35+00:00,1777646735000,53589,25.1978,42.54976,1004.71997,55306
20260430-235226,-OrZ-AQVjYhXOvAbQE0_,2026-05-01 14:45:45+00:00,1777646745000,53599,25.19812,42.56742,1004.72998,55343
20260430-235226,-OrZ-CrdoqsZR0RxS4KA,2026-05-01 14:45:55+00:00,1777646755000,53609,25.19812,42.54979,1004.73999,55563
20260430-235226,-OrZ-FJ7XQ2pVdelNUbm,2026-05-01 14:46:05+00:00,1777646765000,53619,25.19907,42.56166,1004.75,55306
20260430-235226,-OrZ-HkGNBKVqT0QCWI2,2026-05-01 14:46:15+00:00,1777646775000,53629,25.19939,42.5088,1004.75,55343
20260430-235226,-OrZ-KBR_gt51z1M5o42,2026-05-01 14:46:25+00:00,1777646785000,53639,25.19844,42.45583,1004.75,55233
20260430-235226,-OrZ-MckRCKHGSpTwAg9,2026-05-01 14:46:35+00:00,1777646795000,53649,25.19844,42.46758,1004.73999,55161
20260430-235226,-OrZ-P3wA-AQvALUQ7ih,2026-05-01 14:46:45+00:00,1777646805000,53659,25.19876,42.48523,1004.75,55270
20260430-235226,-OrZ-RWHdmteyzfVpgZ3,2026-05-01 14:46:55+00:00,1777646815000,53669,25.19876,42.49698,1004.75,55600
20260430-235226,-OrZ-TxQcoXoOoesqxIA,2026-05-01 14:47:05+00:00,1777646825000,53679,25.19971,42.49121,1004.75,55197
20260430-235226,-OrZ-WOxcs0ZZ0FI8IW4,2026-05-01 14:47:15+00:00,1777646835000,53689,25.19939,42.5088,1004.75,55270
20260430-235226,-OrZ-YputvkzM7rodmTD,2026-05-01 14:47:25+00:00,1777646845000,53699,25.19907,42.4794,1004.75,55197
20260430-235226,-OrZ-aHB9C9RlipZC03V,2026-05-01 14:47:35+00:00,1777646855000,53709,25.19939,42.45006,1004.75,55197
20260430-235226,-OrZ-digIm7Q1ClZ8tUA,2026-05-01 14:47:45+00:00,1777646865000,53719,25.19907,42.45003,1004.73999,55306
20260430-235226,-OrZ-fAa56UlCmkHh6bI,2026-05-01 14:47:55+00:00,1777646875000,53729,25.19907,42.46178,1004.73999,55270
20260430-235226,-OrZ-hasjl-sLzQyXPK8,2026-05-01 14:48:05+00:00,1777646885000,53739,25.19971,42.50296,1004.73999,55270
20260430-235226,-OrZ-k2KpX6nIzWy39IH,2026-05-01 14:48:15+00:00,1777646895000,53749,25.20129,42.50315,1004.73999,55306
20260430-235226,-OrZ-mUT0FKZdOYeiWUR,2026-05-01 14:48:25+00:00,1777646905000,53759,25.20002,42.53826,1004.73999,55197
20260430-235226,-OrZ-ovgBk9khA_PTv9m,2026-05-01 14:48:35+00:00,1777646915000,53769,25.19971,42.55585,1004.73999,55343
20260430-235226,-OrZ-rNEzXwDtcJUo9oU,2026-05-01 14:48:45+00:00,1777646925000,53779,25.19971,42.55585,1004.73999,55453
20260430-235226,-OrZ-toDOIkyHwzKbIu6,2026-05-01 14:48:55+00:00,1777646935000,53789,25.19971,42.52646,1004.73999,55453
20260430-235226,-OrZ-wFWuMtGlFC-Mmg0,2026-05-01 14:49:05+00:00,1777646945000,53799,25.20002,42.53239,1004.73999,55379
20260430-235226,-OrZ-ygi3i8cSOXqTlrh,2026-05-01 14:49:15+00:00,1777646955000,53809,25.20097,42.55011,1004.73999,55416
20260430-235226,-OrZ008AL7480DVBp_LY,2026-05-01 14:49:25+00:00,1777646965000,53819,25.20161,42.56194,1004.75,55161
20260430-235226,-OrZ02_HSVfniIFneCMT,2026-05-01 14:49:35+00:00,1777646975000,53829,25.20192,42.57961,1004.75,55343
20260430-235226,-OrZ050VM90QZbkPMYVp,2026-05-01 14:49:45+00:00,1777646985000,53839,25.20129,42.56779,1004.76001,55161
20260430-235226,-OrZ07Sf5R_h6W88se7w,2026-05-01 14:49:55+00:00,1777646995000,53849,25.20161,42.56782,1004.76001,55379
20260430-235226,-OrZ09u1ChPS92OLpYro,2026-05-01 14:50:05+00:00,1777647005000,53859,25.20097,42.56186,1004.73999,55306
20260430-235226,-OrZ0CLPRRFPVTkrFtZX,2026-05-01 14:50:15+00:00,1777647015000,53869,25.20097,42.54424,1004.75,55233
20260430-235226,-OrZ0EmPdFtAiPbnyKDq,2026-05-01 14:50:25+00:00,1777647025000,53879,25.20002,42.49713,1004.75,55416
20260430-235226,-OrZ0HDkT6ClUk0VBiOb,2026-05-01 14:50:35+00:00,1777647035000,53889,25.20097,42.46786,1004.75,55306
20260430-235226,-OrZ0Jeqb3sUf4iaGHvK,2026-05-01 14:50:45+00:00,1777647045000,53899,25.20066,42.52069,1004.75,55306
20260430-235226,-OrZ0OigVx0_wh7LXDDt,2026-05-01 14:50:55+00:00,1777647055000,53909,25.20002,42.57352,1004.75,55270
20260430-235226,-OrZ0Oql9ieDHu0Ntwxb,2026-05-01 14:51:06+00:00,1777647066000,53920,25.20034,42.59119,1004.75,54408
20260430-235226,-OrZ0RHGWUh5L4Td3GEc,2026-05-01 14:51:16+00:00,1777647076000,53930,25.19939,42.57932,1004.75,54728
20260430-235226,-OrZ0TicnjilhX6cyMTB,2026-05-01 14:51:26+00:00,1777647086000,53940,25.19939,42.54406,1004.75,55016
20260430-235226,-OrZ0WB0gkH9TYg-3bRM,2026-05-01 14:51:36+00:00,1777647096000,53950,25.19876,42.58513,1004.75,54980
20260430-235226,-OrZ0YarMG3u2B6eyQg8,2026-05-01 14:51:46+00:00,1777647106000,53960,25.19939,42.57932,1004.76001,55052
20260430-235226,-OrZ0a2VJIc12hFh9n1U,2026-05-01 14:51:56+00:00,1777647116000,53970,25.20002,42.5794,1004.75,55233
20260430-235226,-OrZ0cUSGJ2PbI0KrFtp,2026-05-01 14:52:06+00:00,1777647126000,53980,25.19971,42.59699,1004.76001,55637
20260430-235226,-OrZ0evq87jAgCHAa3SX,2026-05-01 14:52:16+00:00,1777647136000,53990,25.19939,42.60871,1004.76001,55016
20260430-235226,-OrZ0hN6jxAIYlA5d0-a,2026-05-01 14:52:26+00:00,1777647146000,54000,25.19971,42.62051,1004.76001,55161
20260430-235226,-OrZ0joRvHya0U58AP1Z,2026-05-01 14:52:36+00:00,1777647156000,54010,25.19939,42.59108,1004.77002,55197
20260430-235226,-OrZ0mFc7B0KnhQe7Pj-,2026-05-01 14:52:46+00:00,1777647166000,54020,25.19876,42.56162,1004.76001,55016
20260430-235226,-OrZ0oglcH7AOFsgvhvc,2026-05-01 14:52:56+00:00,1777647176000,54030,25.19685,42.53202,1004.76001,55124
20260430-235226,-OrZ0r8JBCMJGixcp-e0,2026-05-01 14:53:06+00:00,1777647186000,54040,25.19717,42.51443,1004.76001,55379
20260430-235226,-OrZ0t_CCeLKgZ5BrvLB,2026-05-01 14:53:16+00:00,1777647196000,54050,25.19685,42.50264,1004.76001,55270
20260430-235226,-OrZ0w0S1h_jugppH-cc,2026-05-01 14:53:26+00:00,1777647206000,54060,25.19685,42.51439,1004.76001,55124
20260430-235226,-OrZ0yT6uLMvT9rWdOuX,2026-05-01 14:53:36+00:00,1777647216000,54070,25.19654,42.579,1004.76001,55088
20260430-235226,-OrZ1-tzXChqJZ4ibdZn,2026-05-01 14:53:46+00:00,1777647226000,54080,25.19685,42.58492,1004.76001,55233
20260430-235226,-OrZ12pJiNq36XENiRSs,2026-05-01 14:53:56+00:00,1777647236000,54090,25.19622,42.56721,1004.76001,55197
20260430-235226,-OrZ14mPwPslqsvUn70o,2026-05-01 14:54:06+00:00,1777647246000,54100,25.19654,42.54961,1004.76001,55233
20260430-235226,-OrZ17DfR2anpG-zXGY4,2026-05-01 14:54:16+00:00,1777647256000,54110,25.19622,42.51432,1004.76001,55197
20260430-235226,-OrZ19f5tkRiuKCmDp1X,2026-05-01 14:54:26+00:00,1777647266000,54120,25.19749,42.49684,1004.76001,55453
20260430-235226,-OrZ1C6B2b_tBTS1KpE4,2026-05-01 14:54:36+00:00,1777647276000,54130,25.1978,42.4675,1004.76001,55306
20260430-235226,-OrZ1EYXPy86--aSh1Y2,2026-05-01 14:54:46+00:00,1777647286000,54140,25.19717,42.47918,1004.76001,55379
20260430-235226,-OrZ1Gzia2ci5BgUIyuc,2026-05-01 14:54:56+00:00,1777647296000,54150,25.19685,42.47327,1004.77002,55270
20260430-235226,-OrZ1JQouL7MqMJLvLXp,2026-05-01 14:55:06+00:00,1777647306000,54160,25.19717,42.50268,1004.77002,55526
20260430-235226,-OrZ1LsTsEslTz7zODsQ,2026-05-01 14:55:16+00:00,1777647316000,54170,25.19717,42.49093,1004.78003,55379
20260430-235226,-OrZ1OJKVgHq9noLSZ1L,2026-05-01 14:55:26+00:00,1777647326000,54180,25.19749,42.49096,1004.78003,55563
20260430-235226,-OrZ1Qkm8a1RZNpIhb6I,2026-05-01 14:55:36+00:00,1777647336000,54190,25.1978,42.48512,1004.77002,55379
20260430-235226,-OrZ1TC5x9VjiMzk0z0K,2026-05-01 14:55:46+00:00,1777647346000,54200,25.19876,42.48523,1004.77002,55233
20260430-235226,-OrZ1VdJ3EOSv33vbZjL,2026-05-01 14:55:56+00:00,1777647356000,54210,25.19844,42.4852,1004.77002,55490
20260430-235226,-OrZ1Y942wYTn8Rq6FQx,2026-05-01 14:56:06+00:00,1777647366000,54220,25.19844,42.50869,1004.78003,55270
20260430-235226,-OrZ1_WnjIdbLvtVHpRA,2026-05-01 14:56:16+00:00,1777647376000,54230,25.19717,42.52618,1004.78003,55343
20260430-235226,-OrZ1c2uvXKENpFpoTkM,2026-05-01 14:56:26+00:00,1777647386000,54240,25.19717,42.53793,1004.78003,55306
20260430-235226,-OrZ1ePFgPvi_GineEPZ,2026-05-01 14:56:36+00:00,1777647396000,54250,25.19749,42.56147,1004.78998,55600
20260430-235226,-OrZ1gqZXhcn_Yn6VF76,2026-05-01 14:56:46+00:00,1777647406000,54260,25.1978,42.57915,1004.78998,55490
20260430-235226,-OrZ1jHZ1OhMpo5d9Vnm,2026-05-01 14:56:56+00:00,1777647416000,54270,25.19717,42.59083,1004.78003,55270
20260430-235226,-OrZ1ls8OmUWVB2d27qz,2026-05-01 14:57:06+00:00,1777647426000,54280,25.19717,42.58495,1004.78003,55233
20260430-235226,-OrZ1oAcuyJE88HF9P9R,2026-05-01 14:57:16+00:00,1777647436000,54290,25.19812,42.59093,1004.78003,55233
20260430-235226,-OrZ1qbS41SFkhIPn-3s,2026-05-01 14:57:26+00:00,1777647446000,54300,25.19685,42.55553,1004.78003,55379
20260430-235226,-OrZ1t2uYwZgkSItujWa,2026-05-01 14:57:36+00:00,1777647456000,54310,25.19717,42.54381,1004.78003,55416
20260430-235226,-OrZ1vVK1mAv-ZIaq2DF,2026-05-01 14:57:46+00:00,1777647466000,54320,25.19844,42.52045,1004.78003,55233
20260430-235226,-OrZ1xwDiOWa6-LOYdbX,2026-05-01 14:57:56+00:00,1777647476000,54330,25.19939,42.54406,1004.78003,55453
20260430-235226,-OrZ2-N_qs4UuWmMXWDX,2026-05-01 14:58:06+00:00,1777647486000,54340,25.19971,42.54997,1004.78003,55306
20260430-235226,-OrZ21ob0llmB8DGsSiz,2026-05-01 14:58:16+00:00,1777647496000,54350,25.19939,42.53818,1004.78003,55306
20260430-235226,-OrZ24FtPOrBcSxvsB6R,2026-05-01 14:58:26+00:00,1777647506000,54360,25.19939,42.53818,1004.78998,55306
20260430-235226,-OrZ26hN68KPBAcIsh6S,2026-05-01 14:58:36+00:00,1777647516000,54370,25.19876,42.54986,1004.78998,55379
20260430-235226,-OrZ298NOEmCMoBStUdI,2026-05-01 14:58:46+00:00,1777647526000,54380,25.19971,42.58524,1004.79999,55270
20260430-235226,-OrZ2B_c88A_trr3k-_a,2026-05-01 14:58:56+00:00,1777647536000,54390,25.20034,42.54417,1004.79999,55270
20260430-235226,-OrZ2E17dABpzdTS3BoH,2026-05-01 14:59:06+00:00,1777647546000,54400,25.19907,42.51464,1004.79999,55197
20260430-235226,-OrZ2GT9twXEQtsjb9O8,2026-05-01 14:59:16+00:00,1777647556000,54410,25.19876,42.47348,1004.78998,55306
20260430-235226,-OrZ2IuvKw9QwEswzSpa,2026-05-01 14:59:26+00:00,1777647566000,54420,25.19844,42.52045,1004.78003,55161
20260430-235226,-OrZ2LLbrmLlsTwDpx_Q,2026-05-01 14:59:36+00:00,1777647576000,54430,25.19685,42.52615,1004.78003,55343
20260430-235226,-OrZ2NmtMFp5_bhTo1xd,2026-05-01 14:59:46+00:00,1777647586000,54440,25.19717,42.53793,1004.78003,55233
20260430-235226,-OrZ2QEEeGJBpwye8lCn,2026-05-01 14:59:56+00:00,1777647596000,54450,25.19749,42.50859,1004.78003,55343
20260430-235226,-OrZ2SfQ1q-8MjegtFLc,2026-05-01 15:00:06+00:00,1777647606000,54460,25.1978,42.47925,1004.78003,55343
20260430-235226,-OrZ2VE45EuSuG4neurF,2026-05-01 15:00:16+00:00,1777647616000,54470,25.1978,42.46163,1004.78003,55674
20260430-235226,-OrZ2XZ1ikJ-My0qiewe,2026-05-01 15:00:26+00:00,1777647626000,54480,25.19685,42.51439,1004.78998,55526
20260430-235226,-OrZ2_-Hcqpy9hAmP-xf,2026-05-01 15:00:36+00:00,1777647636000,54490,25.19558,42.56126,1004.78003,55343
20260430-235226,-OrZ2bRIlZsbw9V6ItHA,2026-05-01 15:00:46+00:00,1777647646000,54500,25.19463,42.54352,1004.78003,55600
20260430-235226,-OrZ2dsoVzxn_CoWu8k7,2026-05-01 15:00:56+00:00,1777647656000,54510,25.194,42.49057,1004.78003,55453
20260430-235226,-OrZ2gJwj_UE7-0b412E,2026-05-01 15:01:06+00:00,1777647666000,54520,25.19432,42.46711,1004.78998,55453
20260430-235226,-OrZ2il3bq0iPBSaGWu9,2026-05-01 15:01:16+00:00,1777647676000,54530,25.19368,42.4729,1004.78003,55637
20260430-235226,-OrZ2lCM0Rh_Le_L7Sw8,2026-05-01 15:01:26+00:00,1777647686000,54540,25.19368,42.53753,1004.78003,55637
20260430-235226,-OrZ2ndxYj8XfKWOxyFX,2026-05-01 15:01:36+00:00,1777647696000,54550,25.19432,42.54349,1004.77002,55490
20260430-235226,-OrZ2q56NMcWTylXRKc7,2026-05-01 15:01:46+00:00,1777647706000,54560,25.19432,42.51999,1004.77002,55563
20260430-235226,-OrZ2sX9lz12rx0BrQ5J,2026-05-01 15:01:56+00:00,1777647716000,54570,25.19495,42.53769,1004.78003,55379
20260430-235226,-OrZ2uye8Whtz35Ygxiu,2026-05-01 15:02:06+00:00,1777647726000,54580,25.19495,42.55532,1004.78003,55416
20260430-235226,-OrZ2xPueaozt6VfZ_JN,2026-05-01 15:02:16+00:00,1777647736000,54590,25.19558,42.526,1004.77002,55270
20260430-235226,-OrZ2zqxkz3-3eSwJK_K,2026-05-01 15:02:26+00:00,1777647746000,54600,25.1959,42.49665,1004.77002,55343
20260430-235226,-OrZ31IGa6dSq8_8Ixho,2026-05-01 15:02:36+00:00,1777647756000,54610,25.1959,42.47903,1004.78003,55379
20260430-235226,-OrZ33jF6MxRqOsqfMFX,2026-05-01 15:02:46+00:00,1777647766000,54620,25.1959,42.47316,1004.78003,55270
20260430-235226,-OrZ36ATZcLty4GwC4d4,2026-05-01 15:02:56+00:00,1777647776000,54630,25.19622,42.4497,1004.78003,55416
20260430-235226,-OrZ38cCE2gQNCHSXYwY,2026-05-01 15:03:06+00:00,1777647786000,54640,25.19685,42.44978,1004.78003,55490
20260430-235226,-OrZ3B2yv1O4Px_zO__s,2026-05-01 15:03:16+00:00,1777647796000,54650,25.19717,42.47331,1004.78003,55306
20260430-235226,-OrZ3HPfy8blb7bqJzAs,2026-05-01 15:03:26+00:00,1777647806000,54660,25.19717,42.55557,1004.77002,55233
20260430-235226,-OrZ3HYI5IjSBcDLO-JD,2026-05-01 15:03:42+00:00,1777647822000,54676,25.19527,42.62589,1004.77002,51880
20260430-235226,-OrZ3JyrTzjtCVrfYWSp,2026-05-01 15:03:52+00:00,1777647832000,54686,25.19432,42.55524,1004.77002,52796
20260430-235226,-OrZ3MPS-JZgE8i4jZxq,2026-05-01 15:04:02+00:00,1777647842000,54696,25.19463,42.54352,1004.77002,53539
20260430-235226,-OrZ3Or8KzCJWXksI1BU,2026-05-01 15:04:12+00:00,1777647852000,54706,25.19463,42.53176,1004.78003,54057
20260430-235226,-OrZ3RIEG1uaL70oepHp,2026-05-01 15:04:22+00:00,1777647862000,54716,25.1959,42.54954,1004.77002,54514
20260430-235226,-OrZ3TjHFMGrqLK40AGo,2026-05-01 15:04:32+00:00,1777647872000,54726,25.19558,42.54951,1004.78003,54514
20260430-235226,-OrZ3WB6iEO9HhZ19jIr,2026-05-01 15:04:42+00:00,1777647882000,54736,25.19622,42.51432,1004.78998,54764
20260430-235226,-OrZ3Ybr1qJl6tpx5Swn,2026-05-01 15:04:52+00:00,1777647892000,54746,25.19654,42.49673,1004.78998,54800
20260430-235226,-OrZ3a3-xr8drIAOkKun,2026-05-01 15:05:02+00:00,1777647902000,54756,25.19685,42.49089,1004.79999,55088
20260430-235226,-OrZ3cVPhqjo-KNhsTvn,2026-05-01 15:05:12+00:00,1777647912000,54766,25.19685,42.49677,1004.79999,55306
20260430-235226,-OrZ3ewZxzlc-ve_NKow,2026-05-01 15:05:22+00:00,1777647922000,54776,25.19749,42.52622,1004.79999,55016
20260430-235226,-OrZ3hNXITdpdsS22af1,2026-05-01 15:05:32+00:00,1777647932000,54786,25.1978,42.56739,1004.79999,55197
20260430-235226,-OrZ3jpAr6CpPnadvDBL,2026-05-01 15:05:42+00:00,1777647942000,54796,25.19844,42.53808,1004.79999,55270
20260430-235226,-OrZ3mG6DP23V6kEkLwp,2026-05-01 15:05:52+00:00,1777647952000,54806,25.19876,42.51461,1004.78998,55453
20260430-235226,-OrZ3ohP1t5yllBQzmE8,2026-05-01 15:06:02+00:00,1777647962000,54816,25.19876,42.48523,1004.78998,55197
20260430-235226,-OrZ3r8ovNR8nJhh9gnh,2026-05-01 15:06:12+00:00,1777647972000,54826,25.19812,42.48516,1004.78998,55306
20260430-235226,-OrZ3ta-i_z67RqsTDsV,2026-05-01 15:06:22+00:00,1777647982000,54836,25.19685,42.52615,1004.78998,55124
20260430-235226,-OrZ3wDgmgV02o-uOk66,2026-05-01 15:06:32+00:00,1777647992000,54846,25.19622,42.54958,1004.78998,55270
20260430-235226,-OrZ3yThwJBPTYppsFzX,2026-05-01 15:06:42+00:00,1777648002000,54856,25.19654,42.54374,1004.78998,55343
20260430-235226,-OrZ4-vZA2QbmQi9lOlH,2026-05-01 15:06:52+00:00,1777648012000,54866,25.19622,42.52607,1004.78998,55306
20260430-235226,-OrZ42MM1Px7xCYLTD6F,2026-05-01 15:07:02+00:00,1777648022000,54876,25.19558,42.55539,1004.79999,55306
20260430-235226,-OrZ44nFb-_voPykVobO,2026-05-01 15:07:12+00:00,1777648032000,54886,25.19558,42.59065,1004.79999,55197
20260430-235226,-OrZ47Ept244wcGG5cV4,2026-05-01 15:07:22+00:00,1777648042000,54896,25.19749,42.6085,1004.78998,55197
20260430-235226,-OrZ49fg3v5Fxu7EaDQR,2026-05-01 15:07:32+00:00,1777648052000,54906,25.1978,42.61442,1004.81,55306
20260430-235226,-OrZ4C6o66t0Kkl1xFxs,2026-05-01 15:07:42+00:00,1777648062000,54916,25.19844,42.60861,1004.81,55197
20260430-235226,-OrZ4EZ1MBzFxJd07m9A,2026-05-01 15:07:52+00:00,1777648072000,54926,25.19876,42.57925,1004.79999,55490
20260430-235226,-OrZ4H-UzsSYeQkhWZab,2026-05-01 15:08:02+00:00,1777648082000,54936,25.19812,42.56155,1004.81,55416
20260430-235226,-OrZ4JRRMoyGHEsqHXqR,2026-05-01 15:08:12+00:00,1777648092000,54946,25.19812,42.55567,1004.81,55490
20260430-235226,-OrZ4Lsx9P9r9fagFFp6,2026-05-01 15:08:22+00:00,1777648102000,54956,25.19939,42.56756,1004.81,55270
20260430-235226,-OrZ4OKCxDctwkFkR7zO,2026-05-01 15:08:32+00:00,1777648112000,54966,25.20066,42.55008,1004.82001,55637
20260430-235226,-OrZ4QlAQkJe_tsfwI5v,2026-05-01 15:08:42+00:00,1777648122000,54976,25.20034,42.53242,1004.81,55233
20260430-235226,-OrZ4TCRt60h-abAFPiL,2026-05-01 15:08:52+00:00,1777648132000,54986,25.20066,42.52657,1004.81,55306
20260430-235226,-OrZ4Ve3yUaJCY97r-x_,2026-05-01 15:09:02+00:00,1777648142000,54996,25.20161,42.53844,1004.82001,55453
20260430-235226,-OrZ4Y525-oORp44xb79,2026-05-01 15:09:12+00:00,1777648152000,55006,25.20161,42.53256,1004.82001,55416
20260430-235226,-OrZ4_XOdfACvOd6qHv_,2026-05-01 15:09:22+00:00,1777648162000,55016,25.20161,42.50318,1004.83002,55379
20260430-235226,-OrZ4byUMmTeLsOzfc42,2026-05-01 15:09:32+00:00,1777648172000,55026,25.20066,42.4972,1004.83002,55343
20260430-235226,-OrZ4eiqvZU6zAdgp1wV,2026-05-01 15:09:42+00:00,1777648182000,55036,25.20097,42.55599,1004.83002,55270
20260430-235226,-OrZ4gr6QyK036U4V7-0,2026-05-01 15:09:52+00:00,1777648192000,55046,25.20034,42.60883,1004.82001,55343
20260430-235226,-OrZ4jIeZKVYlo7IM8RO,2026-05-01 15:10:02+00:00,1777648202000,55056,25.20066,42.60886,1004.83002,55379
20260430-235226,-OrZ4ljQSiWzdkwu3US4,2026-05-01 15:10:12+00:00,1777648212000,55066,25.20066,42.57946,1004.83002,55379
20260430-235226,-OrZ4oAjmM6OQ5LbbSBO,2026-05-01 15:10:22+00:00,1777648222000,55076,25.20097,42.55011,1004.83002,55306
20260430-235226,-OrZ4qchWb2eR-qt2kaW,2026-05-01 15:10:32+00:00,1777648232000,55086,25.20097,42.57949,1004.83002,55233
20260430-235226,-OrZ4t3JRvlU0c08NCzc,2026-05-01 15:10:42+00:00,1777648242000,55096,25.20161,42.59133,1004.83002,55161
20260430-235226,-OrZ4vVXd6awVniKDCpl,2026-05-01 15:10:52+00:00,1777648252000,55106,25.20097,42.56186,1004.82001,55233
20260430-235226,-OrZ4xwnt0OHnrOrSBrw,2026-05-01 15:11:02+00:00,1777648262000,55116,25.20034,42.53242,1004.82001,55379
20260430-235226,-OrZ5-O4rheVwe1sTNw0,2026-05-01 15:11:12+00:00,1777648272000,55126,25.20066,42.52069,1004.82001,55490
20260430-235226,-OrZ51pI7s4ZojsB1UKy,2026-05-01 15:11:22+00:00,1777648282000,55136,25.20129,42.55016,1004.83002,55526
20260430-235226,-OrZ54G_jIJcDpDtzJDC,2026-05-01 15:11:32+00:00,1777648292000,55146,25.20034,42.55592,1004.83002,55379
20260430-235226,-OrZ56holt_l_zzZYzm7,2026-05-01 15:11:42+00:00,1777648302000,55156,25.20161,42.55606,1004.83002,55453
20260430-235226,-OrZ5990Lp0bR6uworxl,2026-05-01 15:11:52+00:00,1777648312000,55166,25.20129,42.54428,1004.83002,55379
20260430-235226,-OrZ5BaG9TocruGiWAlE,2026-05-01 15:12:02+00:00,1777648322000,55176,25.20066,42.48545,1004.83002,55563
20260430-235226,-OrZ5E1ZJArYjddDEjjc,2026-05-01 15:12:12+00:00,1777648332000,55186,25.19907,42.46765,1004.83002,55526
20260430-235226,-OrZ5GTkr9YCPjtRp9T3,2026-05-01 15:12:22+00:00,1777648342000,55196,25.19876,42.50285,1004.83002,55526
20260430-235226,-OrZ5Iv1spW3qmhj9M5g,2026-05-01 15:12:32+00:00,1777648352000,55206,25.19844,42.51458,1004.84003,55711
20260430-235226,-OrZ5LMI0csJzH-mKiaA,2026-05-01 15:12:42+00:00,1777648362000,55216,25.19907,42.50877,1004.84003,55526
20260430-235226,-OrZ5NtjEASzZtNqFYh3,2026-05-01 15:12:52+00:00,1777648372000,55226,25.19939,42.52643,1004.84003,55490
20260430-235226,-OrZ5QFocepI_fohmsmk,2026-05-01 15:13:02+00:00,1777648382000,55236,25.19907,42.5029,1004.84003,55600
20260430-235226,-OrZ5Sg-AOXPKe3TgSo2,2026-05-01 15:13:12+00:00,1777648392000,55246,25.19876,42.47935,1004.84003,55674
20260430-235226,-OrZ5V7IDtlpMMvt77wY,2026-05-01 15:13:22+00:00,1777648402000,55256,25.19907,42.47353,1004.84003,55453
20260430-235226,-OrZ5XZpkITDU5XxopQw,2026-05-01 15:13:32+00:00,1777648412000,55266,25.19939,42.47355,1004.84003,55526
20260430-235226,-OrZ5_-fkl5RtLfiFR9X,2026-05-01 15:13:42+00:00,1777648422000,55276,25.19939,42.47942,1004.84003,55416
20260430-235226,-OrZ5bRvEZeztqxU5Kjq,2026-05-01 15:13:52+00:00,1777648432000,55286,25.20034,42.48541,1004.84003,55526
20260430-235226,-OrZ5dtGbl0abS3Tftj0,2026-05-01 15:14:02+00:00,1777648442000,55296,25.20097,42.46786,1004.84003,55526
20260430-235226,-OrZ5gKPUhLIWTtKUjop,2026-05-01 15:14:12+00:00,1777648452000,55306,25.20192,42.4386,1004.84003,55453
20260430-235226,-OrZ5ilmrVytIEKvVklc,2026-05-01 15:14:22+00:00,1777648462000,55316,25.20256,42.43867,1004.84998,55453
20260430-235226,-OrZ5lCxOB0yC_W2sllO,2026-05-01 15:14:32+00:00,1777648472000,55326,25.20224,42.43864,1004.84003,55600
20260430-235226,-OrZ5neJzufORvTqFFQ_,2026-05-01 15:14:42+00:00,1777648482000,55336,25.20161,42.44444,1004.84003,55563
20260430-235226,-OrZ5q5RqaOfuGYrYrbw,2026-05-01 15:14:52+00:00,1777648492000,55346,25.20097,42.45611,1004.84003,55600
20260430-235226,-OrZ5sXda6a84gJAU7vo,2026-05-01 15:15:02+00:00,1777648502000,55356,25.20129,42.47964,1004.84998,55822
20260430-235226,-OrZ5uyqFPcAzdlGbl_v,2026-05-01 15:15:12+00:00,1777648512000,55366,25.20161,42.46793,1004.84003,55748
20260430-235226,-OrZ5xQ4Wo0yt5keF662,2026-05-01 15:15:22+00:00,1777648522000,55376,25.20224,42.47387,1004.84003,55785
20260430-235226,-OrZ5zrccIfKWLWF_S0R,2026-05-01 15:15:32+00:00,1777648532000,55386,25.20161,42.45031,1004.84003,55711
20260430-235226,-OrZ61IuIVZKvpColfX3,2026-05-01 15:15:42+00:00,1777648542000,55396,25.20129,42.43853,1004.83002,55526
20260430-235226,-OrZ63jnOJdLjC2VQD51,2026-05-01 15:15:52+00:00,1777648552000,55406,25.20066,42.43845,1004.83002,55637
20260430-235226,-OrZ696VFfisrTLg3D0c,2026-05-01 15:16:02+00:00,1777648562000,55416,25.20034,42.47366,1004.84003,55674
20260430-235226,-OrZ69Jw7uPYOp8YjXCB,2026-05-01 15:16:15+00:00,1777648575000,55429,25.19971,42.55585,1004.84003,53883
20260430-235226,-OrZ6BlL03jZfotQ4lSW,2026-05-01 15:16:25+00:00,1777648585000,55439,25.19939,42.56168,1004.84003,54373
20260430-235226,-OrZ6ECzGONxgausaRUR,2026-05-01 15:16:35+00:00,1777648595000,55449,25.19907,42.54403,1004.83002,54621
20260430-235226,-OrZ6Gdt4tNc1OMIpbOd,2026-05-01 15:16:45+00:00,1777648605000,55459,25.19907,42.53228,1004.84003,54871
20260430-235226,-OrZ6J4v2ZXbUwO1z3dh,2026-05-01 15:16:55+00:00,1777648615000,55469,25.19971,42.54409,1004.84003,55052
20260430-235226,-OrZ6LXTrtpOR5DCpDJB,2026-05-01 15:17:05+00:00,1777648625000,55479,25.19939,42.57344,1004.83002,55088
20260430-235226,-OrZ6NyvNAkiaKubUGhW,2026-05-01 15:17:15+00:00,1777648635000,55489,25.19939,42.53818,1004.84003,55233
20260430-235226,-OrZ6QPoi-dd57FXXdwh,2026-05-01 15:17:25+00:00,1777648645000,55499,25.20034,42.53242,1004.84003,55161
20260430-235226,-OrZ6SqvCQ4KvSG9DVta,2026-05-01 15:17:35+00:00,1777648655000,55509,25.19971,42.54409,1004.84003,55306
20260430-235226,-OrZ6VIJdHtv6DdtHUIn,2026-05-01 15:17:45+00:00,1777648665000,55519,25.20034,42.51479,1004.84003,55343
20260430-235226,-OrZ6XjMI0AFXuI_4-SJ,2026-05-01 15:17:55+00:00,1777648675000,55529,25.20066,42.49132,1004.84998,55270
20260430-235226,-OrZ6_AklKZmFj3ixTSb,2026-05-01 15:18:05+00:00,1777648685000,55539,25.20002,42.48538,1004.84998,55306
20260430-235226,-OrZ6bc4r4dh4YugLq3w,2026-05-01 15:18:15+00:00,1777648695000,55549,25.20097,42.45611,1004.84998,55416
20260430-235226,-OrZ6e3C5h6CpTuHPsaf,2026-05-01 15:18:25+00:00,1777648705000,55559,25.20161,42.44444,1004.85999,55453
20260430-235226,-OrZ6gVexRAaG4VxdTzu,2026-05-01 15:18:35+00:00,1777648715000,55569,25.20161,42.45618,1004.85999,55563
20260430-235226,-OrZ6iwppCoD7-5JcNXy,2026-05-01 15:18:45+00:00,1777648725000,55579,25.20224,42.4915,1004.84998,55416
20260430-235226,-OrZ6lO6Y3N8NssfFVYF,2026-05-01 15:18:55+00:00,1777648735000,55589,25.20192,42.55022,1004.85999,55379
20260430-235226,-OrZ6o9gCf6rRCSk8G92,2026-05-01 15:19:05+00:00,1777648745000,55599,25.20129,42.55016,1004.85999,55526
20260430-235226,-OrZ6qGpRn8f1cDTpuwc,2026-05-01 15:19:15+00:00,1777648755000,55609,25.20066,42.52069,1004.85999,55416
20260430-235226,-OrZ6si0ZFrbIBEFhi1f,2026-05-01 15:19:25+00:00,1777648765000,55619,25.20034,42.52066,1004.85999,55526
20260430-235226,-OrZ6vA2VQ8UXjXT4CA6,2026-05-01 15:19:35+00:00,1777648775000,55629,25.20066,42.52069,1004.87,55711
20260430-235226,-OrZ6xa72173d2pDo_9_,2026-05-01 15:19:45+00:00,1777648785000,55639,25.20129,42.49727,1004.87,55526
20260430-235226,-OrZ7-1bscviS3DDUGXT,2026-05-01 15:19:55+00:00,1777648795000,55649,25.20129,42.4444,1004.87,55526
20260430-235226,-OrZ71U8Tc1HFOO2Je4q,2026-05-01 15:20:05+00:00,1777648805000,55659,25.20097,42.42087,1004.88,55563
20260430-235226,-OrZ73utKGx1peJzd2oR,2026-05-01 15:20:15+00:00,1777648815000,55669,25.20097,42.45024,1004.88,55563
20260430-235226,-OrZ76MRdZMKkMWCstQ0,2026-05-01 15:20:25+00:00,1777648825000,55679,25.20066,42.43845,1004.87,55748
20260430-235226,-OrZ78nUlJTWQNSCdOmo,2026-05-01 15:20:35+00:00,1777648835000,55689,25.19939,42.41482,1004.87,55674
20260430-235226,-OrZ7BEjH_dJRoY51xzo,2026-05-01 15:20:45+00:00,1777648845000,55699,25.19812,42.40294,1004.87,55711
20260430-235226,-OrZ7Dg0E7zyUnjQS6Vm,2026-05-01 15:20:55+00:00,1777648855000,55709,25.19876,42.50285,1004.87,55526
20260430-235226,-OrZ7G71bPFDIq0ndUmR,2026-05-01 15:21:05+00:00,1777648865000,55719,25.19907,42.5029,1004.85999,55637
20260430-235226,-OrZ7IZQDicqpzOJO-yB,2026-05-01 15:21:15+00:00,1777648875000,55729,25.19844,42.51458,1004.87,55600
20260430-235226,-OrZ7L-q3JOHVb469aZb,2026-05-01 15:21:25+00:00,1777648885000,55739,25.1978,42.50863,1004.88,55563
20260430-235226,-OrZ7NS-ZqSgLbDTLM5e,2026-05-01 15:21:35+00:00,1777648895000,55749,25.19971,42.52059,1004.87,55379
20260430-235226,-OrZ7Pt12OcSUVKcst4q,2026-05-01 15:21:45+00:00,1777648905000,55759,25.20034,42.52066,1004.87,55526
20260430-235226,-OrZ7SKe4zhLPmzPUV7h,2026-05-01 15:21:55+00:00,1777648915000,55769,25.19971,42.49709,1004.87,55453
20260430-235226,-OrZ7Um344-HDjJ80T4_,2026-05-01 15:22:05+00:00,1777648925000,55779,25.19907,42.51464,1004.84998,55526
20260430-235226,-OrZ7XKn4rLmXe8Rvc2y,2026-05-01 15:22:15+00:00,1777648935000,55789,25.19876,42.52048,1004.84998,55600
20260430-235226,-OrZ7ZeU0HdOqNE8E-Zk,2026-05-01 15:22:25+00:00,1777648945000,55799,25.19812,42.51453,1004.85999,55563
20260430-235226,-OrZ7b5dGDvrre19cVNB,2026-05-01 15:22:35+00:00,1777648955000,55809,25.19876,42.50873,1004.84998,55416
20260430-235226,-OrZ7dXz_bjmYjHRAmAD,2026-05-01 15:22:45+00:00,1777648965000,55819,25.19907,42.47353,1004.85999,55343
20260430-235226,-OrZ7fyyWKMMvqF7qCi_,2026-05-01 15:22:55+00:00,1777648975000,55829,25.19971,42.4266,1004.85999,55453
20260430-235226,-OrZ7iQSBtXJCZ0-kth5,2026-05-01 15:23:05+00:00,1777648985000,55839,25.20034,42.3797,1004.85999,55563
20260430-235226,-OrZ7krUmrCuxhLMj302,2026-05-01 15:23:15+00:00,1777648995000,55849,25.20034,42.39732,1004.87,55453
20260430-235226,-OrZ7nIeOv1KrKjrjU-y,2026-05-01 15:23:25+00:00,1777649005000,55859,25.20066,42.45607,1004.84998,55343
20260430-235226,-OrZ7pjlcegmaVppp7gN,2026-05-01 15:23:35+00:00,1777649015000,55869,25.20097,42.48548,1004.84003,55453
20260430-235226,-OrZ7sB9rQE3WvRKoBip,2026-05-01 15:23:45+00:00,1777649025000,55879,25.20192,42.45622,1004.84998,55563
20260430-235226,-OrZ7uckIb8XFNxY-8cS,2026-05-01 15:23:55+00:00,1777649035000,55889,25.20129,42.42092,1004.84998,55526
20260430-235226,-OrZ7x3mm9SZJ9p3vxsT,2026-05-01 15:24:05+00:00,1777649045000,55899,25.20129,42.42679,1004.84998,55526
20260430-235226,-OrZ7zW4_O0Oi-Ccl9gB,2026-05-01 15:24:15+00:00,1777649055000,55909,25.20066,42.4502,1004.84998,55563
20260430-235226,-OrZ80xBhORD9uR2sx4N,2026-05-01 15:24:25+00:00,1777649065000,55919,25.20034,42.47366,1004.84003,55563
20260430-235226,-OrZ83OTTHpRuZACr9dO,2026-05-01 15:24:35+00:00,1777649075000,55929,25.20097,42.49135,1004.84003,55416
20260430-235226,-OrZ85plKURujkO5L1QT,2026-05-01 15:24:45+00:00,1777649085000,55939,25.20066,42.52069,1004.84003,55490
20260430-235226,-OrZ88HH4tBOQDqc-fGU,2026-05-01 15:24:55+00:00,1777649095000,55949,25.20097,42.53836,1004.83002,55416
20260430-235226,-OrZ8Ai6GQb4sFgs3O0N,2026-05-01 15:25:05+00:00,1777649105000,55959,25.20066,42.49132,1004.83002,55453
20260430-235226,-OrZ8D9VXrlS1iO10PO5,2026-05-01 15:25:15+00:00,1777649115000,55969,25.20129,42.50902,1004.84003,55526
20260430-235226,-OrZ8FpezHvshuSf3ab0,2026-05-01 15:25:25+00:00,1777649125000,55979,25.20129,42.5384,1004.83002,55785
20260430-235226,-OrZ8I1y94tn5iu4cPVs,2026-05-01 15:25:35+00:00,1777649135000,55989,25.20066,42.55008,1004.83002,55563
20260430-235226,-OrZ8KUhbOYTkbAWPvmk,2026-05-01 15:25:45+00:00,1777649145000,55999,25.20034,42.53829,1004.84003,55711
20260430-235226,-OrZ8NUfRQNDe6p9fVGU,2026-05-01 15:25:56+00:00,1777649156000,56009,25.20002,42.49126,1004.84003,55416
20260430-235226,-OrZ8PWhXptGD_me8W80,2026-05-01 15:26:06+00:00,1777649166000,56019,25.19939,42.4618,1004.84003,55637
20260430-235226,-OrZ8RuOo0GgSMsdJUvx,2026-05-01 15:26:16+00:00,1777649176000,56029,25.20066,42.46783,1004.84003,55490
20260430-235226,-OrZ8ULB7wXmkl1tsel7,2026-05-01 15:26:26+00:00,1777649186000,56039,25.20192,42.44447,1004.84003,55526
20260430-235226,-OrZ8WmGIJcuGqTdeety,2026-05-01 15:26:36+00:00,1777649196000,56049,25.20161,42.42682,1004.84003,55748
20260430-235226,-OrZ8ZDcu8H8108P1-7o,2026-05-01 15:26:46+00:00,1777649206000,56059,25.20192,42.42685,1004.83002,55453
20260430-235226,-OrZ8aelwuODHrI6-brd,2026-05-01 15:26:56+00:00,1777649216000,56069,25.20256,42.45042,1004.83002,55637
20260430-235226,-OrZ8d6AhaY4MwiuNBY8,2026-05-01 15:27:06+00:00,1777649226000,56079,25.20382,42.45643,1004.84003,55600
20260430-235226,-OrZ8fYI7aJwpHNtV0NU,2026-05-01 15:27:16+00:00,1777649236000,56089,25.20382,42.51518,1004.84003,55379
20260430-235226,-OrZ8i5_E67fIycutnnx,2026-05-01 15:27:26+00:00,1777649246000,56099,25.20414,42.53285,1004.84003,55379
20260430-235226,-OrZ8kQjMFRE6izeM-Xb,2026-05-01 15:27:36+00:00,1777649256000,56109,25.20509,42.50945,1004.84003,55637
20260430-235226,-OrZ8msqK4d5h5IO-ZV9,2026-05-01 15:27:46+00:00,1777649266000,56119,25.20509,42.4977,1004.84003,55563
20260430-235226,-OrZ8pJ3La1LEM0VKER8,2026-05-01 15:27:56+00:00,1777649276000,56129,25.20573,42.49777,1004.83002,55490
20260430-235226,-OrZ8rkY8vWCKYbWssxD,2026-05-01 15:28:06+00:00,1777649286000,56139,25.20636,42.49785,1004.83002,55711
20260430-235226,-OrZ8uBn50USrNUPhHcL,2026-05-01 15:28:16+00:00,1777649296000,56149,25.207,42.44504,1004.83002,55563
20260430-235226,-OrZ8wpAsaqAB0ti5iKj,2026-05-01 15:28:26+00:00,1777649306000,56159,25.20668,42.42152,1004.83002,55563
20260430-235226,-OrZ8z4y2un3m19Iv_jY,2026-05-01 15:28:36+00:00,1777649316000,56169,25.20604,42.40383,1004.83002,55600
20260430-235226,-OrZ90WWANPbGrVTLZ1z,2026-05-01 15:28:46+00:00,1777649326000,56179,25.20573,42.39792,1004.83002,55637
20260430-235226,-OrZ92xhm_8CH6PXAzSX,2026-05-01 15:28:56+00:00,1777649336000,56189,25.20573,42.38618,1004.84003,55453
20260430-235226,-OrZ95P7eqDSpo5evznj,2026-05-01 15:29:06+00:00,1777649346000,56199,25.20541,42.38027,1004.84003,55674
20260430-235226,-OrZ97q4OJP6oJYDXxhv,2026-05-01 15:29:16+00:00,1777649356000,56209,25.20414,42.38013,1004.83002,55600
20260430-235226,-OrZ9AHS4IRF1WH5g6PK,2026-05-01 15:29:26+00:00,1777649366000,56219,25.20319,42.40938,1004.83002,55897
20260430-235226,-OrZ9CiePacJCszz-lM7,2026-05-01 15:29:36+00:00,1777649376000,56229,25.20288,42.43284,1004.83002,55785
20260430-235226,-OrZ9F9oSfMcUjv-t1Aa,2026-05-01 15:29:46+00:00,1777649386000,56239,25.20288,42.43871,1004.82001,55674
20260430-235226,-OrZ9HbNi_aqK330SOM4,2026-05-01 15:29:56+00:00,1777649396000,56249,25.20161,42.42095,1004.83002,55748
20260430-235226,-OrZ9K2KQiUXHP-aH93o,2026-05-01 15:30:06+00:00,1777649406000,56259,25.20192,42.4386,1004.83002,55711
20260430-235226,-OrZ9MUoZ4oyIoTl6qUQ,2026-05-01 15:30:16+00:00,1777649416000,56269,25.20319,42.43874,1004.83002,55600
20260430-235226,-OrZ9OvwI0XNckD28GRR,2026-05-01 15:30:26+00:00,1777649426000,56279,25.20256,42.44455,1004.83002,55711
20260430-235226,-OrZ9RNBQxHlHYrkuKPI,2026-05-01 15:30:36+00:00,1777649436000,56289,25.20192,42.45034,1004.83002,55563
20260430-235226,-OrZ9ToUx5ygHIro9kNy,2026-05-01 15:30:46+00:00,1777649446000,56299,25.20129,42.45028,1004.83002,55748
20260430-235226,-OrZ9WG-cIkU6liFPK2p,2026-05-01 15:30:56+00:00,1777649456000,56309,25.20224,42.41515,1004.84003,55600
20260430-235226,-OrZ9YgynAHVXakkCuN2,2026-05-01 15:31:06+00:00,1777649466000,56319,25.20161,42.39159,1004.83002,55748
20260430-235226,-OrZ9a8Df87yBA0ibBdI,2026-05-01 15:31:16+00:00,1777649476000,56329,25.20161,42.39159,1004.83002,55563
20260430-235226,-OrZ9c_hZQa6hBdIqUvE,2026-05-01 15:31:26+00:00,1777649486000,56339,25.20192,42.4151,1004.83002,55416
20260430-235226,-OrZ9fJFTrAOTPjzW2NA,2026-05-01 15:31:36+00:00,1777649496000,56349,25.20256,42.41518,1004.83002,55526
20260430-235226,-OrZ9hTJSniPtW-wdmLP,2026-05-01 15:31:46+00:00,1777649506000,56359,25.20256,42.47392,1004.83002,55674
20260430-235226,-OrZ9juT9ydsOPHda6a5,2026-05-01 15:31:56+00:00,1777649516000,56369,25.20319,42.54449,1004.84003,55860
20260430-235226,-OrZ9mLikYbk1XLzAvfI,2026-05-01 15:32:06+00:00,1777649526000,56379,25.20319,42.53273,1004.83002,55822
20260430-235226,-OrZ9omaeGxMRueMAlu-,2026-05-01 15:32:16+00:00,1777649536000,56389,25.20319,42.51511,1004.83002,55674
20260430-235226,-OrZ9rDwCpYRYike19fU,2026-05-01 15:32:26+00:00,1777649546000,56399,25.20446,42.49762,1004.83002,55637
20260430-235226,-OrZ9tfDtTlP_2QA7c2B,2026-05-01 15:32:36+00:00,1777649556000,56409,25.20351,42.47402,1004.83002,55600
20260430-235226,-OrZ9w6v7fodwk8jy2W7,2026-05-01 15:32:46+00:00,1777649566000,56419,25.20446,42.47412,1004.83002,55674
20260430-235226,-OrZ9yYhxUSakik0uYcf,2026-05-01 15:32:56+00:00,1777649576000,56429,25.20446,42.42126,1004.83002,55674
20260430-235226,-OrZA-zmJ969F05M6AB0,2026-05-01 15:33:06+00:00,1777649586000,56439,25.20351,42.42704,1004.82001,55526
20260430-235226,-OrZA2ROSKEj2j6cMr5V,2026-05-01 15:33:16+00:00,1777649596000,56449,25.20414,42.39774,1004.82001,55674
20260430-235226,-OrZA4sOigCYMtC1XdkO,2026-05-01 15:33:26+00:00,1777649606000,56459,25.20382,42.37423,1004.83002,55674
20260430-235226,-OrZA7Jdc4f_3Lva7Ed0,2026-05-01 15:33:36+00:00,1777649616000,56469,25.20382,42.40945,1004.82001,55748
20260430-235226,-OrZA9kwkDi11QAXSYA6,2026-05-01 15:33:46+00:00,1777649626000,56479,25.20256,42.43867,1004.83002,55563
20260430-235226,-OrZACC255fgU-5jREMK,2026-05-01 15:33:56+00:00,1777649636000,56489,25.20224,42.45038,1004.82001,55563
20260430-235226,-OrZAEdGs5GO1zeKVklO,2026-05-01 15:34:06+00:00,1777649646000,56499,25.20129,42.4679,1004.82001,55526
20260430-235226,-OrZAH4mjaul21cjfraK,2026-05-01 15:34:16+00:00,1777649656000,56509,25.20034,42.45604,1004.82001,55490
20260430-235226,-OrZAJWiyOcp3dZNRZF_,2026-05-01 15:34:26+00:00,1777649666000,56519,25.20066,42.4502,1004.83002,55526
20260430-235226,-OrZALy1efFAtuljfmYf,2026-05-01 15:34:36+00:00,1777649676000,56529,25.20002,42.45014,1004.83002,55637
20260430-235226,-OrZARANtTZT-AE1IA9P,2026-05-01 15:34:46+00:00,1777649686000,56539,25.19844,42.44995,1004.82001,55785
20260430-235226,-OrZASVcv0nq1nbhZ8Bk,2026-05-01 15:35:02+00:00,1777649702000,56556,25.19654,42.52023,1004.83002,51912
20260430-235226,-OrZAUwaN73E9qnaLZJX,2026-05-01 15:35:12+00:00,1777649712000,56566,25.1959,42.44967,1004.83002,53064
20260430-235226,-OrZAXNq4_G9Hnc98gEg,2026-05-01 15:35:22+00:00,1777649722000,56576,25.19463,42.44952,1004.83002,53676
20260430-235226,-OrZAZpDJUy6sZqXjtLT,2026-05-01 15:35:32+00:00,1777649732000,56586,25.194,42.44946,1004.83002,54127
20260430-235226,-OrZAbGTV740k2-Kibxx,2026-05-01 15:35:42+00:00,1777649742000,56596,25.19432,42.46124,1004.83002,54514
20260430-235226,-OrZAdhfW5COzVxZMM_9,2026-05-01 15:35:52+00:00,1777649752000,56606,25.19527,42.44959,1004.83002,54764
20260430-235226,-OrZAg8lQ9kcXhhcfVfk,2026-05-01 15:36:02+00:00,1777649762000,56616,25.19558,42.41439,1004.83002,55088
20260430-235226,-OrZAiadyi-IGUlwTDbz,2026-05-01 15:36:12+00:00,1777649772000,56626,25.19495,42.37323,1004.83002,55233
20260430-235226,-OrZAl1tFv-i-sGENbN-,2026-05-01 15:36:22+00:00,1777649782000,56636,25.19495,42.38497,1004.83002,55197
20260430-235226,-OrZAnTpz866yvRpzCVY,2026-05-01 15:36:32+00:00,1777649792000,56646,25.19558,42.39678,1004.83002,55233
20260430-235226,-OrZAputixJSpOZTZ4zM,2026-05-01 15:36:42+00:00,1777649802000,56656,25.19527,42.41436,1004.83002,55416
20260430-235226,-OrZAsVzKYM_wu1ZY1Pe,2026-05-01 15:36:52+00:00,1777649812000,56666,25.19558,42.38504,1004.83002,55416
20260430-235226,-OrZAunB5gLF7CaoJLJJ,2026-05-01 15:37:02+00:00,1777649822000,56676,25.19558,42.35568,1004.82001,55637
20260430-235226,-OrZAxExDP9A2WhdCIPo,2026-05-01 15:37:12+00:00,1777649832000,56686,25.19527,42.39674,1004.83002,55526
20260430-235226,-OrZAzgVoGaOvM4AeaIc,2026-05-01 15:37:22+00:00,1777649842000,56696,25.19654,42.47323,1004.83002,55563
20260430-235226,-OrZB17ZTY66R7rtawMK,2026-05-01 15:37:32+00:00,1777649852000,56706,25.1959,42.45554,1004.83002,55526
20260430-235226,-OrZB3Z_MkrsKNIGaGRg,2026-05-01 15:37:42+00:00,1777649862000,56716,25.1959,42.4203,1004.83002,55416
20260430-235226,-OrZB69oUh9Gx7Fd_EzA,2026-05-01 15:37:52+00:00,1777649872000,56726,25.19558,42.39091,1004.83002,55600
20260430-235226,-OrZB8Rqtzb9gq1AiTcR,2026-05-01 15:38:02+00:00,1777649882000,56736,25.19558,42.38504,1004.83002,55822
20260430-235226,-OrZBAtAwm51kMwLe97S,2026-05-01 15:38:12+00:00,1777649892000,56746,25.19654,42.4145,1004.83002,55637
20260430-235226,-OrZBDKdDEtVJXXDABh6,2026-05-01 15:38:22+00:00,1777649902000,56756,25.19749,42.4381,1004.83002,55674
20260430-235226,-OrZBFnbfPxmgOsdq_a6,2026-05-01 15:38:32+00:00,1777649912000,56766,25.19812,42.44991,1004.82001,55711
20260430-235226,-OrZBIDi-uNNRBKHaUaf,2026-05-01 15:38:42+00:00,1777649922000,56776,25.19876,42.50285,1004.83002,55674
20260430-235226,-OrZBKe9sXsc078e1tqA,2026-05-01 15:38:52+00:00,1777649932000,56786,25.19939,42.50293,1004.82001,55490
20260430-235226,-OrZBN5cQEGu_q6VRenQ,2026-05-01 15:39:02+00:00,1777649942000,56796,25.19971,42.47359,1004.82001,55453
20260430-235226,-OrZBPXbjoZZeqo4QPZ_,2026-05-01 15:39:12+00:00,1777649952000,56806,25.19939,42.4853,1004.83002,55490
20260430-235226,-OrZBRyrt9pjBLMnVQGq,2026-05-01 15:39:22+00:00,1777649962000,56816,25.19939,42.4853,1004.82001,55490
20260430-235226,-OrZBUPtJLV4Oln3RiZb,2026-05-01 15:39:32+00:00,1777649972000,56826,25.19939,42.4618,1004.82001,55600
20260430-235226,-OrZBWuNV7NV2acNbp_B,2026-05-01 15:39:42+00:00,1777649982000,56836,25.19971,42.45597,1004.81,55526
20260430-235226,-OrZBZIVVPb2SGv4dW5G,2026-05-01 15:39:52+00:00,1777649992000,56846,25.20002,42.43252,1004.81,55785
20260430-235226,-OrZBajjum4UnrwVunks,2026-05-01 15:40:02+00:00,1777650002000,56856,25.20034,42.42081,1004.82001,55563
20260430-235226,-OrZBdAzieSRsowrhgu2,2026-05-01 15:40:12+00:00,1777650012000,56866,25.20034,42.42081,1004.81,55674
20260430-235226,-OrZBfcIZ34FkU_ppJsz,2026-05-01 15:40:22+00:00,1777650022000,56876,25.19939,42.43831,1004.82001,55600
20260430-235226,-OrZBi46uQ263oMh4JbW,2026-05-01 15:40:32+00:00,1777650032000,56886,25.19971,42.43835,1004.81,55674
20260430-235226,-OrZBkVg9ZgCD2Mlq7Nl,2026-05-01 15:40:42+00:00,1777650042000,56896,25.20034,42.43255,1004.81,55416
20260430-235226,-OrZBmxGkNMwz-sj9_RT,2026-05-01 15:40:52+00:00,1777650052000,56906,25.20034,42.38557,1004.81,55711
20260430-235226,-OrZBpklwUEOcYmJvFi3,2026-05-01 15:41:02+00:00,1777650062000,56916,25.19939,42.35023,1004.82001,55748
20260430-235226,-OrZBrq189ZVVYW7Y_U-,2026-05-01 15:41:12+00:00,1777650072000,56926,25.20002,42.34445,1004.82001,55785
20260430-235226,-OrZBuH3Yj_buXKCud0f,2026-05-01 15:41:22+00:00,1777650082000,56936,25.19971,42.33267,1004.82001,55674
20260430-235226,-OrZBwipZ2GO4m7Wy1aO,2026-05-01 15:41:32+00:00,1777650092000,56946,25.19939,42.35023,1004.82001,55748
20260430-235226,-OrZBz9H_xdYas2__8OM,2026-05-01 15:41:42+00:00,1777650102000,56956,25.19844,42.36775,1004.81,55637
20260430-235226,-OrZC0ai3I6eAR-eEnE3,2026-05-01 15:41:52+00:00,1777650112000,56966,25.19844,42.40297,1004.79999,55748
20260430-235226,-OrZC31v8BwZxcHERzVL,2026-05-01 15:42:02+00:00,1777650122000,56976,25.19717,42.40283,1004.81,55972
20260430-235226,-OrZC5U-2mQgZdonJT3o,2026-05-01 15:42:12+00:00,1777650132000,56986,25.19654,42.35579,1004.81,55972
20260430-235226,-OrZC7vAiVwejOpY1J2t,2026-05-01 15:42:22+00:00,1777650142000,56996,25.19654,42.34992,1004.81,55600
20260430-235226,-OrZCAMXrBJlIbDyOsVk,2026-05-01 15:42:32+00:00,1777650152000,57006,25.19654,42.32057,1004.79999,55563
20260430-235226,-OrZCCnw6L8clP_bg3IF,2026-05-01 15:42:42+00:00,1777650162000,57016,25.19654,42.2971,1004.79999,55711
20260430-235226,-OrZCFF4rkuY9AZ5Vchi,2026-05-01 15:42:52+00:00,1777650172000,57026,25.19654,42.25016,1004.81,55822
20260430-235226,-OrZCHgPJ5X1-7mdiQ3z,2026-05-01 15:43:02+00:00,1777650182000,57036,25.19654,42.26776,1004.81,55934
20260430-235226,-OrZCK7iVq4Q9IkwkGaR,2026-05-01 15:43:12+00:00,1777650192000,57046,25.19717,42.2737,1004.81,55897
20260430-235226,-OrZCM_5Z51fnp0wN6dM,2026-05-01 15:43:22+00:00,1777650202000,57056,25.19749,42.30308,1004.82001,55860
20260430-235226,-OrZCP-z5DDPaEgzjlG5,2026-05-01 15:43:32+00:00,1777650212000,57066,25.19654,42.30297,1004.81,56122
20260430-235226,-OrZCRSKcD6nBGPns60o,2026-05-01 15:43:42+00:00,1777650222000,57076,25.19622,42.2912,1004.81,55897
20260430-235226,-OrZCTtd0zzES1NJrvbB,2026-05-01 15:43:52+00:00,1777650232000,57086,25.19622,42.2736,1004.81,55860
20260430-235226,-OrZCWKtNCRzisi4ldSE,2026-05-01 15:44:02+00:00,1777650242000,57096,25.19622,42.28533,1004.81,56084
20260430-235226,-OrZCZ-YjAL8km_rEAaZ,2026-05-01 15:44:12+00:00,1777650252000,57106,25.19527,42.32043,1004.81,56122
20260430-235226,-OrZCaDy42pIDgLr2JCv,2026-05-01 15:44:22+00:00,1777650262000,57116,25.19558,42.34394,1004.81,56047
20260430-235226,-OrZCcev2yHUr-mWh_d4,2026-05-01 15:44:32+00:00,1777650272000,57126,25.19558,42.36155,1004.81,56047
20260430-235226,-OrZCf5zzGVWvwYuvOOa,2026-05-01 15:44:42+00:00,1777650282000,57136,25.19622,42.36163,1004.79999,56047
20260430-235226,-OrZChY0_-KUD2WQnI9y,2026-05-01 15:44:52+00:00,1777650292000,57146,25.19685,42.32061,1004.79999,56273
20260430-235226,-OrZCjzL1AFxgErSnkqj,2026-05-01 15:45:02+00:00,1777650302000,57156,25.19717,42.34412,1004.81,55972
20260430-235226,-OrZCmRBd5I8Izy0T8r1,2026-05-01 15:45:12+00:00,1777650312000,57166,25.1978,42.3442,1004.81,55822
20260430-235226,-OrZCore7145kvIvheK-,2026-05-01 15:45:22+00:00,1777650322000,57176,25.1978,42.31485,1004.79999,55822
20260430-235226,-OrZCrJSVQH9DievUNA8,2026-05-01 15:45:32+00:00,1777650332000,57186,25.19685,42.29714,1004.79999,55897
20260430-235226,-OrZCtkBTPUMMQmqchjE,2026-05-01 15:45:42+00:00,1777650342000,57196,25.19685,42.30301,1004.81,55748
20260430-235226,-OrZCwBVGnOSCP66gxUF,2026-05-01 15:45:52+00:00,1777650352000,57206,25.19654,42.3147,1004.81,55860
20260430-235226,-OrZCycwtyYQnBF-_aFo,2026-05-01 15:46:02+00:00,1777650362000,57216,25.19685,42.31474,1004.81,55785
20260430-235226,-OrZD03zY5kINaNtXf2V,2026-05-01 15:46:12+00:00,1777650372000,57226,25.19527,42.29696,1004.81,55897
20260430-235226,-OrZD2WKkbYqenxhPMHC,2026-05-01 15:46:22+00:00,1777650382000,57236,25.19558,42.30873,1004.81,55860
20260430-235226,-OrZD4xWNQRYdBapk-9z,2026-05-01 15:46:32+00:00,1777650392000,57246,25.19527,42.33217,1004.81,55897
20260430-235226,-OrZD7OpDztMRZzX7XRs,2026-05-01 15:46:42+00:00,1777650402000,57256,25.19463,42.35557,1004.81,55860
20260430-235226,-OrZD9q5qEJWuqn3MFxa,2026-05-01 15:46:52+00:00,1777650412000,57266,25.19654,42.33818,1004.82001,55711
20260430-235226,-OrZDCHJP8lJJIwUUsI6,2026-05-01 15:47:02+00:00,1777650422000,57276,25.1959,42.32637,1004.82001,55785
20260430-235226,-OrZDEiiXpRBFtUA6Oif,2026-05-01 15:47:12+00:00,1777650432000,57286,25.1959,42.3205,1004.82001,55637
20260430-235226,-OrZDHHZUIuQf4x9924u,2026-05-01 15:47:22+00:00,1777650442000,57296,25.19622,42.3088,1004.82001,55897
20260430-235226,-OrZDJbFEzjMCVJCDygw,2026-05-01 15:47:32+00:00,1777650452000,57306,25.19622,42.32054,1004.81,55934
20260430-235226,-OrZDM2qoUfylGj8fkWs,2026-05-01 15:47:42+00:00,1777650462000,57316,25.19622,42.29707,1004.81,56009
20260430-235226,-OrZDOUNsK6M9X1t2EwP,2026-05-01 15:47:52+00:00,1777650472000,57326,25.19717,42.28544,1004.81,55934
20260430-235226,-OrZDQvtILobMwgIbj_J,2026-05-01 15:48:02+00:00,1777650482000,57336,25.19654,42.26189,1004.79999,56009
20260430-235226,-OrZDTNZdqoosJZmXuMs,2026-05-01 15:48:12+00:00,1777650492000,57346,25.19654,42.25016,1004.79999,55822
20260430-235226,-OrZDVo5YAtdSN-D8Ugq,2026-05-01 15:48:22+00:00,1777650502000,57356,25.19685,42.30887,1004.79999,55897
20260430-235226,-OrZDYFWG8_WDUX_anNW,2026-05-01 15:48:32+00:00,1777650512000,57366,25.19749,42.30308,1004.79999,55972
20260430-235226,-OrZD_gjJxQ2NT-_fmdX,2026-05-01 15:48:42+00:00,1777650522000,57376,25.19717,42.33239,1004.79999,55860
20260430-235226,-OrZDc7sJ0nPZrcgXgMC,2026-05-01 15:48:52+00:00,1777650532000,57386,25.19717,42.32065,1004.79999,55934
20260430-235226,-OrZDe_2zWg-KdUe5FaY,2026-05-01 15:49:02+00:00,1777650542000,57396,25.19685,42.29714,1004.81,55972
20260430-235226,-OrZDh0Uv1-zukArhz5V,2026-05-01 15:49:12+00:00,1777650552000,57406,25.19685,42.32061,1004.81,55822
20260430-235226,-OrZDjSw9S7kkUIfnIrR,2026-05-01 15:49:22+00:00,1777650562000,57416,25.1959,42.32637,1004.81,55822
20260430-235226,-OrZDltvrjKEGbIzEPYq,2026-05-01 15:49:32+00:00,1777650572000,57426,25.19622,42.33815,1004.81,55785
20260430-235226,-OrZDoL3B0tr5Th2FQwe,2026-05-01 15:49:42+00:00,1777650582000,57436,25.19558,42.33808,1004.81,55897
20260430-235226,-OrZDqmIYFAhRhQU9ljQ,2026-05-01 15:49:52+00:00,1777650592000,57446,25.19495,42.33801,1004.81,55972
20260430-235226,-OrZDtDbPHCbhK8nPCKp,2026-05-01 15:50:02+00:00,1777650602000,57456,25.19463,42.33209,1004.81,55785
20260430-235226,-OrZDveztqImKgbghtK6,2026-05-01 15:50:12+00:00,1777650612000,57466,25.19368,42.33199,1004.79999,55860
20260430-235226,-OrZDy6JNy1NC5tMAbnZ,2026-05-01 15:50:22+00:00,1777650622000,57476,25.19305,42.31431,1004.79999,55897
20260430-235226,-OrZE-dUNMIfqNn-Gb1c,2026-05-01 15:50:32+00:00,1777650632000,57486,25.194,42.29682,1004.79999,55785
20260430-235226,-OrZE1zhnahyaVcNk7PW,2026-05-01 15:50:42+00:00,1777650642000,57496,25.19463,42.29689,1004.79999,55785
20260430-235226,-OrZE4RFR7yv_R8dLIAq,2026-05-01 15:50:52+00:00,1777650652000,57506,25.19368,42.30851,1004.79999,55822
20260430-235226,-OrZE6sT6EKEK3rTlaOQ,2026-05-01 15:51:02+00:00,1777650662000,57516,25.194,42.30855,1004.78998,55897
20260430-235226,-OrZE9JQZZOS71xjzQtG,2026-05-01 15:51:12+00:00,1777650672000,57526,25.194,42.30268,1004.78998,55934
20260430-235226,-OrZEBkgllV57yhDakFl,2026-05-01 15:51:22+00:00,1777650682000,57536,25.194,42.29095,1004.78998,55822
20260430-235226,-OrZEEBuQMYdqJ9qkztu,2026-05-01 15:51:32+00:00,1777650692000,57546,25.19463,42.33209,1004.78998,55748
20260430-235226,-OrZEGdcc6qJHWgssSqk,2026-05-01 15:51:42+00:00,1777650702000,57556,25.19432,42.32033,1004.78998,55748
20260430-235226,-OrZEJ4dS9ggcLMdd-lA,2026-05-01 15:51:52+00:00,1777650712000,57566,25.19368,42.27917,1004.78998,55897
20260430-235226,-OrZELWjY3VU5fRUyKzX,2026-05-01 15:52:02+00:00,1777650722000,57576,25.19337,42.24981,1004.78003,55934
20260430-235226,-OrZENxqUh4NgFYJ10FQ,2026-05-01 15:52:12+00:00,1777650732000,57586,25.19432,42.20886,1004.78998,55934
20260430-235226,-OrZEQPAq04xODriYo6S,2026-05-01 15:52:22+00:00,1777650742000,57596,25.19432,42.21473,1004.78003,55822
20260430-235226,-OrZESqWlEFXzQWEAAyy,2026-05-01 15:52:32+00:00,1777650752000,57606,25.19463,42.22062,1004.78003,55934
20260430-235226,-OrZEVHn60z3AAQ6OrMK,2026-05-01 15:52:42+00:00,1777650762000,57616,25.19463,42.26754,1004.78003,55822
20260430-235226,-OrZEXyjlEgcF_Bka3sE,2026-05-01 15:52:53+00:00,1777650773000,57627,25.19432,42.3262,1004.78003,55600
20260430-235226,-OrZE_GGQD6IRAir_zUt,2026-05-01 15:53:03+00:00,1777650783000,57637,25.19305,42.34366,1004.77002,55748
20260430-235226,-OrZEbhcMRtG7KMYjQGk,2026-05-01 15:53:13+00:00,1777650793000,57647,25.19273,42.39646,1004.78003,55860
20260430-235226,-OrZEe8lxjXIPtoTGMUr,2026-05-01 15:53:23+00:00,1777650803000,57657,25.1921,42.42574,1004.78003,55860
20260430-235226,-OrZEhR7oKx8IhC5WUph,2026-05-01 15:53:33+00:00,1777650813000,57667,25.19178,42.41397,1004.78003,55748
20260430-235226,-OrZEj66YX_H2567F-0e,2026-05-01 15:53:43+00:00,1777650823000,57677,25.19115,42.39041,1004.78003,55748
20260430-235226,-OrZElYjKPGjt6wa3MXR,2026-05-01 15:53:53+00:00,1777650833000,57687,25.19083,42.36101,1004.78003,55785
20260430-235226,-OrZEo6mJiP8YXsQBy_Q,2026-05-01 15:54:03+00:00,1777650843000,57697,25.19115,42.34932,1004.78003,55711
20260430-235226,-OrZEqR0hKNjlGtBtRbH,2026-05-01 15:54:13+00:00,1777650853000,57707,25.19146,42.34348,1004.78998,55897
20260430-235226,-OrZEstQpwuJGGoBZ8tk,2026-05-01 15:54:23+00:00,1777650863000,57717,25.19368,42.32612,1004.78998,55934
20260430-235226,-OrZEvJUZgnvXA0OgoDE,2026-05-01 15:54:33+00:00,1777650873000,57727,25.19368,42.29091,1004.78998,56009
20260430-235226,-OrZExkluPIDcDdHOldz,2026-05-01 15:54:43+00:00,1777650883000,57737,25.19368,42.29091,1004.78003,56197
20260430-235226,-OrZF-Bsda4J6DM48i7X,2026-05-01 15:54:53+00:00,1777650893000,57747,25.19368,42.29678,1004.78003,56009
20260430-235226,-OrZF1dE8u8hI9UvuFwc,2026-05-01 15:55:03+00:00,1777650903000,57757,25.19432,42.30272,1004.78003,55822
20260430-235226,-OrZF44_AeOH0HBKq1xP,2026-05-01 15:55:13+00:00,1777650913000,57767,25.19463,42.29102,1004.78003,56009
20260430-235226,-OrZF6WZ0Ss1gw5uqabC,2026-05-01 15:55:23+00:00,1777650923000,57777,25.19432,42.27338,1004.77002,56197
20260430-235226,-OrZF8y2yPWnDPCSjnfN,2026-05-01 15:55:33+00:00,1777650933000,57787,25.19432,42.25579,1004.78003,56009
20260430-235226,-OrZFBPQfN3X-J-nsh9V,2026-05-01 15:55:43+00:00,1777650943000,57797,25.19463,42.26754,1004.78998,55822
20260430-235226,-OrZFDqTQltahbXTinF8,2026-05-01 15:55:53+00:00,1777650953000,57807,25.19558,42.23833,1004.78998,55860
20260430-235226,-OrZFGHeOzNevi9qRjCt,2026-05-01 15:56:03+00:00,1777650963000,57817,25.1959,42.23249,1004.78998,55972
20260430-235226,-OrZFIiwvjTZTYduFoG6,2026-05-01 15:56:13+00:00,1777650973000,57827,25.19495,42.22652,1004.78003,55785
20260430-235226,-OrZFLA4Y31iz8sEW9i1,2026-05-01 15:56:23+00:00,1777650983000,57837,25.19558,42.23246,1004.78998,55972
20260430-235226,-OrZFO3OaH27UwFKp_cY,2026-05-01 15:56:33+00:00,1777650993000,57847,25.1959,42.25596,1004.78998,55860
20260430-235226,-OrZFQ3iaUTLu_eDRwbY,2026-05-01 15:56:43+00:00,1777651003000,57857,25.1959,42.27356,1004.78003,55972
20260430-235226,-OrZFSV3F6rnwP5Mjdpc,2026-05-01 15:56:53+00:00,1777651013000,57867,25.1959,42.27356,1004.78003,55822
20260430-235226,-OrZFUwIGcsisn2-0gcc,2026-05-01 15:57:03+00:00,1777651023000,57877,25.19558,42.297,1004.78003,56047
20260430-235226,-OrZFXNWdXNvXk5Psq36,2026-05-01 15:57:13+00:00,1777651033000,57887,25.19558,42.30873,1004.78003,56235
20260430-235226,-OrZFZog8sOW0YZAUXnO,2026-05-01 15:57:23+00:00,1777651043000,57897,25.19654,42.3147,1004.78003,56047
20260430-235226,-OrZFbG1-BzzlbG94IR9,2026-05-01 15:57:33+00:00,1777651053000,57907,25.19622,42.31467,1004.78003,55972
20260430-235226,-OrZFdhDrPa7YYCtLlG3,2026-05-01 15:57:43+00:00,1777651063000,57917,25.19527,42.31456,1004.78998,55860
20260430-235226,-OrZFg8Jo61pB0jeu0oQ,2026-05-01 15:57:53+00:00,1777651073000,57927,25.19463,42.28515,1004.78998,55972
20260430-235226,-OrZFi_cCke8UpIfFh6B,2026-05-01 15:58:03+00:00,1777651083000,57937,25.19463,42.27341,1004.78998,56235
20260430-235226,-OrZFl17A5I4f1eKs-cc,2026-05-01 15:58:13+00:00,1777651093000,57947,25.19527,42.27349,1004.78998,56159
20260430-235226,-OrZFnTBwYB0CF9bKfsQ,2026-05-01 15:58:23+00:00,1777651103000,57957,25.19622,42.2912,1004.78998,55822
20260430-235226,-OrZFpuJdF0fKrr5F_Nw,2026-05-01 15:58:33+00:00,1777651113000,57967,25.1959,42.34985,1004.78998,56159
20260430-235226,-OrZFsLrgngGtb6Z1wn0,2026-05-01 15:58:43+00:00,1777651123000,57977,25.19527,42.385,1004.78998,56122
20260430-235226,-OrZFun2leIE0TsNbQep,2026-05-01 15:58:53+00:00,1777651133000,57987,25.19558,42.36743,1004.78998,55934
20260430-235226,-OrZFxE82OV4qS7FfUV4,2026-05-01 15:59:03+00:00,1777651143000,57997,25.19463,42.37318,1004.78003,55822
20260430-235226,-OrZFzfHpd6Azzfir1rE,2026-05-01 15:59:13+00:00,1777651153000,58007,25.19463,42.36731,1004.78998,55748
20260430-235226,-OrZG16hrSml1onaNKLi,2026-05-01 15:59:23+00:00,1777651163000,58017,25.19463,42.35557,1004.78003,55972
20260430-235226,-OrZG3Z3kKoIAoCl6cQe,2026-05-01 15:59:33+00:00,1777651173000,58027,25.19527,42.37913,1004.78003,56047
20260430-235226,-OrZG6Yts1V8lJqVuuXT,2026-05-01 15:59:43+00:00,1777651183000,58037,25.19558,42.34394,1004.78998,55934
20260430-235226,-OrZG8RMGA4f1IFnS6JT,2026-05-01 15:59:53+00:00,1777651193000,58047,25.19558,42.33808,1004.78998,55897
20260430-235226,-OrZGAsynfE-3eXiEmch,2026-05-01 16:00:03+00:00,1777651203000,58057,25.19495,42.32627,1004.78003,55897
20260430-235226,-OrZGDJxOuZiUTKzDO7R,2026-05-01 16:00:13+00:00,1777651213000,58067,25.19368,42.30264,1004.78998,56122
20260430-235226,-OrZGFl62BAD5qjLqwbM,2026-05-01 16:00:23+00:00,1777651223000,58077,25.19368,42.29678,1004.79999,56047
20260430-235226,-OrZGICT-NLJo8mfz0mH,2026-05-01 16:00:33+00:00,1777651233000,58087,25.194,42.29682,1004.79999,55934
20260430-235226,-OrZGKeUGyNx4kCoc3jq,2026-05-01 16:00:43+00:00,1777651243000,58097,25.19368,42.30264,1004.79999,55934
20260430-235226,-OrZGN4wjaldn5BMkS2U,2026-05-01 16:00:53+00:00,1777651253000,58107,25.19495,42.30866,1004.79999,55934
20260430-235226,-OrZGPXCFCZ0DTCTVdr6,2026-05-01 16:01:03+00:00,1777651263000,58117,25.19463,42.29102,1004.78998,56235
20260430-235226,-OrZGRyEmtxs3qmrmTKi,2026-05-01 16:01:13+00:00,1777651273000,58127,25.19432,42.27925,1004.79999,55972
20260430-235226,-OrZGUPXCx0NCLSjGlIr,2026-05-01 16:01:23+00:00,1777651283000,58137,25.19463,42.30275,1004.79999,56084
20260430-235226,-OrZGWqlwu7Qgmb8iZx9,2026-05-01 16:01:33+00:00,1777651293000,58147,25.19463,42.29689,1004.79999,55822
20260430-235226,-OrZGZIXUlFxpdfjjEpt,2026-05-01 16:01:43+00:00,1777651303000,58157,25.19527,42.25589,1004.78998,55860
20260430-235226,-OrZGajN5q4rD21REDko,2026-05-01 16:01:53+00:00,1777651313000,58167,25.19495,42.22066,1004.78998,55972
20260430-235226,-OrZGdAlKthiloVxh3MQ,2026-05-01 16:02:03+00:00,1777651323000,58177,25.19527,42.28522,1004.78998,56009
20260430-235226,-OrZGfbkscp5VYccWuZr,2026-05-01 16:02:13+00:00,1777651333000,58187,25.19558,42.3146,1004.81,56084
20260430-235226,-OrZGi2uShllw6rGK1Qg,2026-05-01 16:02:23+00:00,1777651343000,58197,25.19527,42.33217,1004.81,56122
20260430-235226,-OrZGkVYxbnMFZDYrJKz,2026-05-01 16:02:33+00:00,1777651353000,58207,25.19432,42.29685,1004.79999,56159
20260430-235226,-OrZGmwVNwcnXAK5B-oi,2026-05-01 16:02:43+00:00,1777651363000,58217,25.19432,42.27338,1004.81,55822
20260430-235226,-OrZGqMa3pnHKW_Lu9UJ,2026-05-01 16:02:53+00:00,1777651373000,58227,25.19432,42.29685,1004.82001,55897
20260430-235226,-OrZGrpfU449UGgj0zcj,2026-05-01 16:03:03+00:00,1777651383000,58237,25.19273,42.28494,1004.82001,56009
20260430-235226,-OrZGuNUc_ixHaB6P2C5,2026-05-01 16:03:13+00:00,1777651393000,58247,25.19305,42.28498,1004.82001,56084
20260430-235226,-OrZGwhxvF5l1rZv-uyd,2026-05-01 16:03:23+00:00,1777651403000,58257,25.1921,42.2966,1004.82001,55897
20260430-235226,-OrZGz8k3y-fhDRZOnug,2026-05-01 16:03:33+00:00,1777651413000,58267,25.19242,42.32011,1004.82001,55897
20260430-235226,-OrZH0aA-bQ623x0kX0i,2026-05-01 16:03:43+00:00,1777651423000,58277,25.19273,42.33189,1004.81,56047
20260430-235226,-OrZH31IxrsERpTSe0u2,2026-05-01 16:03:53+00:00,1777651433000,58287,25.19305,42.30844,1004.81,56159
20260430-235226,-OrZH5TRsnRJfWVLzHkp,2026-05-01 16:04:03+00:00,1777651443000,58297,25.19242,42.29663,1004.81,55972
20260430-235226,-OrZH7uxABEykPTclomw,2026-05-01 16:04:13+00:00,1777651453000,58307,25.19337,42.33195,1004.81,55897
20260430-235226,-OrZHAMHK6DkqhcepEXD,2026-05-01 16:04:23+00:00,1777651463000,58317,25.19368,42.34372,1004.81,56197
20260430-235226,-OrZHCnzc9AqT98Dp9RX,2026-05-01 16:04:33+00:00,1777651473000,58327,25.19337,42.33783,1004.81,56084
20260430-235226,-OrZHFEp93CgeNDttjnH,2026-05-01 16:04:43+00:00,1777651483000,58337,25.19432,42.30859,1004.79999,56122
20260430-235226,-OrZHHfgpq0TAQMC4EXe,2026-05-01 16:04:53+00:00,1777651493000,58347,25.19463,42.27928,1004.79999,56047
20260430-235226,-OrZHK8UtDCQYD8Xtmib,2026-05-01 16:05:03+00:00,1777651503000,58357,25.19495,42.29692,1004.81,56159
20260430-235226,-OrZHMZHu5fhR6OE066P,2026-05-01 16:05:13+00:00,1777651513000,58367,25.19432,42.33794,1004.79999,56122
20260430-235226,-OrZHP3TqWNUhqWxXFDu,2026-05-01 16:05:23+00:00,1777651523000,58377,25.194,42.36725,1004.79999,56122
20260430-235226,-OrZHRSRbfQ3DfZ_6TK8,2026-05-01 16:05:33+00:00,1777651533000,58387,25.19527,42.34978,1004.81,56009
20260430-235226,-OrZHTt3rJ5N1bzLDZYa,2026-05-01 16:05:43+00:00,1777651543000,58397,25.19495,42.34388,1004.81,55897
20260430-235226,-OrZHWKV1l1UJrDI55Vk,2026-05-01 16:05:53+00:00,1777651553000,58407,25.19463,42.33209,1004.82001,55897
20260430-235226,-OrZHYuXkB_6Y-tmuWDW,2026-05-01 16:06:03+00:00,1777651563000,58417,25.19558,42.297,1004.82001,56047
20260430-235226,-OrZHaCshB9lq5zJyQCn,2026-05-01 16:06:13+00:00,1777651573000,58427,25.19622,42.29707,1004.82001,55972
20260430-235226,-OrZHce-q6dfqdvuIpJ1,2026-05-01 16:06:23+00:00,1777651583000,58437,25.1959,42.25596,1004.81,56159
20260430-235226,-OrZHf5DK7WE2cQVItBq,2026-05-01 16:06:33+00:00,1777651593000,58447,25.19622,42.24427,1004.81,55897
20260430-235226,-OrZHhXbA8ldlAuoKLGd,2026-05-01 16:06:43+00:00,1777651603000,58457,25.19654,42.26189,1004.81,55934
20260430-235226,-OrZHjz7z3DQ1Imdd8xe,2026-05-01 16:06:53+00:00,1777651613000,58467,25.19685,42.26194,1004.81,56084
20260430-235226,-OrZHmPz1Jak1dhfC2Ms,2026-05-01 16:07:03+00:00,1777651623000,58477,25.1959,42.25596,1004.81,55934
20260430-235226,-OrZHorNNsRBO0sX4KjR,2026-05-01 16:07:13+00:00,1777651633000,58487,25.19622,42.25013,1004.81,56047
20260430-235226,-OrZHrISXze2nXHgNVA1,2026-05-01 16:07:23+00:00,1777651643000,58497,25.19654,42.25603,1004.79999,56122
20260430-235226,-OrZHtkENlbE9Mdsm4e7,2026-05-01 16:07:33+00:00,1777651653000,58507,25.19622,42.2384,1004.79999,56084
20260430-235226,-OrZHwB7xAA_iRfX0IcE,2026-05-01 16:07:43+00:00,1777651663000,58517,25.19749,42.27961,1004.79999,55897
20260430-235226,-OrZHycBuVhbbREVdmMB,2026-05-01 16:07:53+00:00,1777651673000,58527,25.19812,42.28554,1004.79999,55972
20260430-235226,-OrZI07ZqOGjn1SBHoXV,2026-05-01 16:08:03+00:00,1777651683000,58537,25.19812,42.22101,1004.79999,56009
20260430-235226,-OrZI2Vbg5zMzdLQHqVT,2026-05-01 16:08:13+00:00,1777651693000,58547,25.19812,42.22101,1004.78998,56047
20260430-235226,-OrZI4wui9OIrZ7qNxnQ,2026-05-01 16:08:23+00:00,1777651703000,58557,25.1978,42.25618,1004.78998,55972
20260430-235226,-OrZI7OQ9tNcgGd_q39W,2026-05-01 16:08:33+00:00,1777651713000,58567,25.19812,42.27381,1004.78998,55934
20260430-235226,-OrZI9p_dobi1MWutSmP,2026-05-01 16:08:43+00:00,1777651723000,58577,25.19876,42.26215,1004.79999,56047
20260430-235226,-OrZICGkBs6bWpneeUCx,2026-05-01 16:08:53+00:00,1777651733000,58587,25.19844,42.22692,1004.79999,56047
20260430-235226,-OrZIEi-Z059lL0EQBg-,2026-05-01 16:09:03+00:00,1777651743000,58597,25.19876,42.21522,1004.78998,56235
20260430-235226,-OrZIHMeVqr2xQWMlnF_,2026-05-01 16:09:13+00:00,1777651753000,58607,25.19812,42.21515,1004.78998,56047
20260430-235226,-OrZIJb7fV1SlEUUJYAH,2026-05-01 16:09:23+00:00,1777651763000,58617,25.1978,42.26204,1004.78998,55972
20260430-235226,-OrZIM1ug5Xxo4EXS3LH,2026-05-01 16:09:33+00:00,1777651773000,58627,25.19844,42.25624,1004.78998,56047
20260430-235226,-OrZIOTuDFodDTaQHNbZ,2026-05-01 16:09:43+00:00,1777651783000,58637,25.19939,42.25635,1004.78998,56159
20260430-235226,-OrZIQvDKvpE8gOzunC0,2026-05-01 16:09:53+00:00,1777651793000,58647,25.19907,42.25632,1004.78998,56047
20260430-235226,-OrZITMJFy08lz_sU7NC,2026-05-01 16:10:03+00:00,1777651803000,58657,25.19844,42.25624,1004.78003,56197
20260430-235226,-OrZIVo7EVU_TT3VRbgf,2026-05-01 16:10:13+00:00,1777651813000,58667,25.19844,42.31492,1004.78003,56122
20260430-235226,-OrZIYExHHgLuHv1lJt2,2026-05-01 16:10:23+00:00,1777651823000,58677,25.19749,42.27374,1004.77002,55897
20260430-235226,-OrZI_g6ORcaEQLAOtGU,2026-05-01 16:10:33+00:00,1777651833000,58687,25.19654,42.2443,1004.77002,56159
20260430-235226,-OrZIc7Ictj2ouRA_oQB,2026-05-01 16:10:43+00:00,1777651843000,58697,25.19654,42.23843,1004.77002,55972
20260430-235226,-OrZIeZ_lMx0-poYzuoO,2026-05-01 16:10:53+00:00,1777651853000,58707,25.19558,42.2794,1004.77002,55972
20260430-235226,-OrZIh-qNfLsEy-QgGxQ,2026-05-01 16:11:03+00:00,1777651863000,58717,25.19495,42.29106,1004.77002,55972
20260430-235226,-OrZIjS1HLtgFVGgfPVh,2026-05-01 16:11:13+00:00,1777651873000,58727,25.19527,42.26762,1004.77002,55972
20260430-235226,-OrZIltjsfM0ZjcnCCHI,2026-05-01 16:11:23+00:00,1777651883000,58737,25.19463,42.27928,1004.77002,55822
20260430-235226,-OrZIoNModslQQpnEtCD,2026-05-01 16:11:33+00:00,1777651893000,58747,25.194,42.29095,1004.76001,55934
20260430-235226,-OrZIqlur4YmpYWT8SuM,2026-05-01 16:11:43+00:00,1777651903000,58757,25.19368,42.26157,1004.76001,56084
20260430-235226,-OrZItDNKC_ZOdyU7_Lp,2026-05-01 16:11:53+00:00,1777651913000,58767,25.194,42.22055,1004.76001,56197
20260430-235226,-OrZIveGUzNHr7X2b3NA,2026-05-01 16:12:03+00:00,1777651923000,58777,25.19368,42.20292,1004.76001,55972
20260430-235226,-OrZIy5pcEUvEAQKOuMP,2026-05-01 16:12:13+00:00,1777651933000,58787,25.19337,42.21461,1004.76001,56122
20260430-235226,-OrZJ0y3kc2OXaTOo-DF,2026-05-01 16:12:23+00:00,1777651943000,58797,25.19432,42.19713,1004.76001,55972
20260430-235226,-OrZJ1z7vtKFIm3yMPtM,2026-05-01 16:12:33+00:00,1777651953000,58807,25.19558,42.21487,1004.76001,56084
20260430-235226,-OrZJ4QPtceGAH3cNJWx,2026-05-01 16:12:43+00:00,1777651963000,58817,25.19558,42.26766,1004.76001,56235
20260430-235226,-OrZJ6s4Z2uSwwGrEGyz,2026-05-01 16:12:53+00:00,1777651973000,58827,25.1959,42.27943,1004.76001,56009
20260430-235226,-OrZJ9JhmBAbqt-VU9-l,2026-05-01 16:13:03+00:00,1777651983000,58837,25.19558,42.297,1004.75,55934
20260430-235226,-OrZJBk4eSPgWwrf--M2,2026-05-01 16:13:13+00:00,1777651993000,58847,25.19622,42.29707,1004.76001,56122
20260430-235226,-OrZJEBZ9a_ygKyOrVZE,2026-05-01 16:13:23+00:00,1777652003000,58857,25.1959,42.2501,1004.76001,56159
20260430-235226,-OrZJGc_K7Dt3p8Z-6iq,2026-05-01 16:13:33+00:00,1777652013000,58867,25.19622,42.20321,1004.75,56424
20260430-235226,-OrZJJ3ypPQ5LjQnyZvZ,2026-05-01 16:13:43+00:00,1777652023000,58877,25.1959,42.20317,1004.76001,56122
20260430-235226,-OrZJLWGdLgFTgNuaPNZ,2026-05-01 16:13:53+00:00,1777652033000,58887,25.1959,42.25596,1004.75,56122
20260430-235226,-OrZJNxFsLi2WhewNz0h,2026-05-01 16:14:03+00:00,1777652043000,58897,25.1959,42.26769,1004.76001,56197
20260430-235226,-OrZJQPPtz7wL42z6TEs,2026-05-01 16:14:13+00:00,1777652053000,58907,25.19527,42.26762,1004.76001,56084
20260430-235226,-OrZJSqh_J31vINg1-S1,2026-05-01 16:14:23+00:00,1777652063000,58917,25.19558,42.26766,1004.75,56197
20260430-235226,-OrZJVHFhEyqRp1C5VVZ,2026-05-01 16:14:33+00:00,1777652073000,58927,25.19558,42.25592,1004.73999,56273
20260430-235226,-OrZJXiNBu8qD_LvJn0l,2026-05-01 16:14:43+00:00,1777652083000,58937,25.19654,42.23843,1004.75,56122
20260430-235226,-OrZJ_A68DC8uZUiYKhT,2026-05-01 16:14:53+00:00,1777652093000,58947,25.19685,42.26194,1004.76001,56273
20260430-235226,-OrZJbazTvGhUe3uO22V,2026-05-01 16:15:03+00:00,1777652103000,58957,25.19654,42.27363,1004.75,56122
20260430-235226,-OrZJe2MhZ9wS5hmjLM2,2026-05-01 16:15:13+00:00,1777652113000,58967,25.19527,42.3087,1004.73999,56197
20260430-235226,-OrZJgUIjJ6GZ59DyzkU,2026-05-01 16:15:23+00:00,1777652123000,58977,25.19558,42.3146,1004.75,56122
20260430-235226,-OrZJkZLFuazpiKs77QC,2026-05-01 16:15:33+00:00,1777652133000,58987,25.19463,42.32036,1004.75,55972
20260430-235226,-OrZJlMm7NyzF9Y-T9Xe,2026-05-01 16:15:43+00:00,1777652143000,58997,25.19432,42.32033,1004.76001,55897
20260430-235226,-OrZJno74fZMsnT8n6EZ,2026-05-01 16:15:53+00:00,1777652153000,59007,25.19368,42.28504,1004.75,56047
20260430-235226,-OrZJqFGrDyS7PEj5P1u,2026-05-01 16:16:03+00:00,1777652163000,59017,25.19305,42.27324,1004.75,56047
20260430-235226,-OrZJsgq5QC18LCbJc_c,2026-05-01 16:16:13+00:00,1777652173000,59027,25.19432,42.29099,1004.75,55934
20260430-235226,-OrZJvELZWyr6fvAmC3o,2026-05-01 16:16:23+00:00,1777652183000,59037,25.194,42.27335,1004.75,56084
20260430-235226,-OrZJxZuABZFbL_Rez21,2026-05-01 16:16:33+00:00,1777652193000,59047,25.19495,42.27346,1004.76001,55972
20260430-235226,-OrZK-0I44i-uN08ThL0,2026-05-01 16:16:43+00:00,1777652203000,59057,25.19527,42.24416,1004.76001,55972
20260430-235226,-OrZK1S_tZMFwOzIh1Ae,2026-05-01 16:16:53+00:00,1777652213000,59067,25.19463,42.23821,1004.76001,55860
20260430-235226,-OrZK3tdw8kPi6aBhoB6,2026-05-01 16:17:03+00:00,1777652223000,59077,25.19527,42.20309,1004.77002,56009
20260430-235226,-OrZK6LsZLjtAxyfaCYy,2026-05-01 16:17:13+00:00,1777652233000,59087,25.19527,42.19723,1004.76001,55972
20260430-235226,-OrZK8mNYHosfXAd8_N9,2026-05-01 16:17:23+00:00,1777652243000,59097,25.19527,42.1855,1004.75,56235
20260430-235226,-OrZKBDMDMg8yhwVqx7N,2026-05-01 16:17:33+00:00,1777652253000,59107,25.1959,42.18558,1004.76001,56235
20260430-235226,-OrZKDeiqNqt8QTyHWmb,2026-05-01 16:17:43+00:00,1777652263000,59117,25.19558,42.17381,1004.75,56197
20260430-235226,-OrZKG66PAtHy7btq8fY,2026-05-01 16:17:53+00:00,1777652273000,59127,25.19717,42.15641,1004.75,56235
20260430-235226,-OrZKIYCWTPI2UdJuswK,2026-05-01 16:18:03+00:00,1777652283000,59137,25.19685,42.19155,1004.75,56122
20260430-235226,-OrZKKzvPs6mldHGg04n,2026-05-01 16:18:13+00:00,1777652293000,59147,25.19717,42.26784,1004.73999,56122
20260430-235226,-OrZKNQlEOsT8TSn52be,2026-05-01 16:18:23+00:00,1777652303000,59157,25.19749,42.21508,1004.76001,56122
20260430-235226,-OrZKPs6HLTFUy_mE97_,2026-05-01 16:18:33+00:00,1777652313000,59167,25.19812,42.16237,1004.76001,56197
20260430-235226,-OrZKSzzICqSUOGgPTa-,2026-05-01 16:18:43+00:00,1777652323000,59177,25.1978,42.1213,1004.76001,56197
20260430-235226,-OrZKUl4-p_8-T7ZeAZT,2026-05-01 16:18:53+00:00,1777652333000,59187,25.19654,42.12702,1004.76001,56197
20260430-235226,-OrZKXBnurD5ORJo9QQm,2026-05-01 16:19:03+00:00,1777652343000,59197,25.19495,42.19134,1004.76001,56159
20260430-235226,-OrZKZd8KZPfsGkDiRDN,2026-05-01 16:19:13+00:00,1777652353000,59207,25.19463,42.19716,1004.76001,56122
20260430-235226,-OrZKb4I-6ekVptxsNc0,2026-05-01 16:19:23+00:00,1777652363000,59217,25.19368,42.19119,1004.76001,56122
20260430-235226,-OrZKdWPc5BaMua5o7TM,2026-05-01 16:19:33+00:00,1777652373000,59227,25.19305,42.16767,1004.75,56159
20260430-235226,-OrZKfxqN4eQGj3hirH3,2026-05-01 16:19:43+00:00,1777652383000,59237,25.19242,42.17932,1004.75,56310
20260430-235226,-OrZKiOtefmw7DU1dDuB,2026-05-01 16:19:53+00:00,1777652393000,59247,25.19242,42.17345,1004.75,56197
20260430-235226,-OrZKkq3-Xqyp4-aLYRU,2026-05-01 16:20:03+00:00,1777652403000,59257,25.19305,42.15594,1004.75,56122
20260430-235226,-OrZKnHswr8ChO8kW_90,2026-05-01 16:20:13+00:00,1777652413000,59267,25.19273,42.16177,1004.75,56197
20260430-235226,-OrZKpiz7MBn8ylb6nC6,2026-05-01 16:20:23+00:00,1777652423000,59277,25.19305,42.16767,1004.73999,56122
20260430-235226,-OrZKs9ysafbNKrZoHmV,2026-05-01 16:20:33+00:00,1777652433000,59287,25.19242,42.16173,1004.72998,56273
20260430-235226,-OrZKubELIm1J9cfovuC,2026-05-01 16:20:43+00:00,1777652443000,59297,25.19273,42.20868,1004.72998,56538
20260430-235226,-OrZKx2PBYf_zfUyjh67,2026-05-01 16:20:53+00:00,1777652453000,59307,25.19273,42.19109,1004.72998,56235
20260430-235226,-OrZKzUjDi_bkzJXs-py,2026-05-01 16:21:03+00:00,1777652463000,59317,25.19242,42.19691,1004.72998,56084
20260430-235226,-OrZL0w0A0AIfW8BEmRX,2026-05-01 16:21:13+00:00,1777652473000,59327,25.19305,42.19112,1004.72998,56159
20260430-235226,-OrZL3NC-LP71RcH8eBe,2026-05-01 16:21:23+00:00,1777652483000,59337,25.19337,42.16183,1004.72998,56047
20260430-235226,-OrZL5or7RKhva9wh-nu,2026-05-01 16:21:33+00:00,1777652493000,59347,25.19305,42.19112,1004.72998,56273
20260430-235226,-OrZL8FmsDMB4N1lAHWe,2026-05-01 16:21:43+00:00,1777652503000,59357,25.19242,42.20864,1004.71997,56197
20260430-235226,-OrZLAnHMTN38EGPehbI,2026-05-01 16:21:53+00:00,1777652513000,59367,25.19146,42.18508,1004.72998,56310
20260430-235226,-OrZLD8TRgoNTn_b0oTy,2026-05-01 16:22:03+00:00,1777652523000,59377,25.19115,42.15572,1004.72998,56273
20260430-235226,-OrZLF_z2h6pTaepfUkZ,2026-05-01 16:22:13+00:00,1777652533000,59387,25.19083,42.13223,1004.72998,56047
20260430-235226,-OrZLI0jS2o0QG4FCGGE,2026-05-01 16:22:23+00:00,1777652543000,59397,25.1902,42.11458,1004.71997,56047
20260430-235226,-OrZLKT6sjBS1gRDyPkz,2026-05-01 16:22:33+00:00,1777652553000,59407,25.19051,42.11462,1004.72998,56197
20260430-235226,-OrZLMuQMdsuAtKRljwD,2026-05-01 16:22:43+00:00,1777652563000,59417,25.18925,42.14965,1004.72998,56273
20260430-235226,-OrZLPLRa5eWVb595ey8,2026-05-01 16:22:53+00:00,1777652573000,59427,25.18861,42.14958,1004.72998,56653
20260430-235226,-OrZLRmj_2AhPThopDNF,2026-05-01 16:23:03+00:00,1777652583000,59437,25.18861,42.13786,1004.72998,56235
20260430-235226,-OrZLUE4lMguSLyETMZx,2026-05-01 16:23:13+00:00,1777652593000,59447,25.18925,42.1262,1004.72998,56348
20260430-235226,-OrZLWfHm1_oFdY3fCcV,2026-05-01 16:23:23+00:00,1777652603000,59457,25.18925,42.12034,1004.72998,56197
20260430-235226,-OrZLZ6XFoELB7ugKlMK,2026-05-01 16:23:33+00:00,1777652613000,59467,25.18893,42.13203,1004.72998,56197
20260430-235226,-OrZLaYko3XNN2mHoo9v,2026-05-01 16:23:43+00:00,1777652623000,59477,25.18861,42.12613,1004.71997,56159
20260430-235226,-OrZLczxfLWetNHlZtB2,2026-05-01 16:23:53+00:00,1777652633000,59487,25.18893,42.13203,1004.71997,56235
20260430-235226,-OrZLfRFCkTWhxTK5pg1,2026-05-01 16:24:03+00:00,1777652643000,59497,25.18798,42.14365,1004.71997,56235
20260430-235226,-OrZLhsiXZtW9osVUJCT,2026-05-01 16:24:13+00:00,1777652653000,59507,25.18734,42.16116,1004.71002,56197
20260430-235226,-OrZLkJjxa6EuJkQVDpB,2026-05-01 16:24:23+00:00,1777652663000,59517,25.18798,42.13778,1004.71002,56159
20260430-235226,-OrZLml8j4Vr-uoXrE7_,2026-05-01 16:24:33+00:00,1777652673000,59527,25.18734,42.14943,1004.70001,56197
20260430-235226,-OrZLpCCHNSMAKp-7FzV,2026-05-01 16:24:43+00:00,1777652683000,59537,25.18766,42.13774,1004.70001,56197
20260430-235226,-OrZLrfKAZkkKlyU9eXs,2026-05-01 16:24:53+00:00,1777652693000,59547,25.18766,42.14948,1004.70001,56197
20260430-235226,-OrZLxB0NjE6ez3jPjqe,2026-05-01 16:25:03+00:00,1777652703000,59557,25.18798,42.17296,1004.70001,56386
20260430-235226,-OrZLxIot9Q7S8toI4j9,2026-05-01 16:25:16+00:00,1777652716000,59570,25.18671,42.20214,1004.70001,54302
20260430-235226,-OrZLzk6mN3ML1HOCP_C,2026-05-01 16:25:26+00:00,1777652726000,59580,25.18639,42.13761,1004.71002,54764
20260430-235226,-OrZM1BMhlRClotTwkBc,2026-05-01 16:25:36+00:00,1777652736000,59590,25.18576,42.14927,1004.70001,55233
20260430-235226,-OrZM3cVe92t4mnB2iQf,2026-05-01 16:25:46+00:00,1777652746000,59600,25.18639,42.17278,1004.69,55526
20260430-235226,-OrZM63_J5HtBSNAexJ7,2026-05-01 16:25:56+00:00,1777652756000,59610,25.18671,42.208,1004.70001,55637
20260430-235226,-OrZM8VkUDI0ljJp7xf0,2026-05-01 16:26:06+00:00,1777652766000,59620,25.18703,42.2139,1004.70001,55674
20260430-235226,-OrZMAxeVv1Uaxnz_sJo,2026-05-01 16:26:16+00:00,1777652776000,59630,25.18766,42.16706,1004.70001,55822
20260430-235226,-OrZMDOy5zJOuYNSc4iZ,2026-05-01 16:26:26+00:00,1777652786000,59640,25.18798,42.17882,1004.69,55822
20260430-235226,-OrZMFpdlvcEeftC6JEh,2026-05-01 16:26:36+00:00,1777652796000,59650,25.18766,42.19638,1004.69,55934
20260430-235226,-OrZMIGzNIdz37MVN6GV,2026-05-01 16:26:46+00:00,1777652806000,59660,25.18671,42.16109,1004.69,56122
20260430-235226,-OrZMKiWF3qa8epu7iGt,2026-05-01 16:26:56+00:00,1777652816000,59670,25.18766,42.13189,1004.69,56047
20260430-235226,-OrZMN9alErolPyZ4bfa,2026-05-01 16:27:06+00:00,1777652826000,59680,25.18766,42.10844,1004.69,56084
20260430-235226,-OrZMPamhSaVnH9S0J82,2026-05-01 16:27:16+00:00,1777652836000,59690,25.18766,42.12602,1004.69,56084
20260430-235226,-OrZMS208yZkHrMllESs,2026-05-01 16:27:26+00:00,1777652846000,59700,25.18734,42.15529,1004.69,56159
20260430-235226,-OrZMUcGrZJ1nbJIzJxv,2026-05-01 16:27:36+00:00,1777652856000,59710,25.18734,42.16116,1004.70001,56197
20260430-235226,-OrZMWvafViMxhm7oGPh,2026-05-01 16:27:46+00:00,1777652866000,59720,25.18608,42.17274,1004.70001,56122
20260430-235226,-OrZMZN0_Ge4sEYt0hBp,2026-05-01 16:27:56+00:00,1777652876000,59730,25.18608,42.1786,1004.69,56047
20260430-235226,-OrZMb3yLoccfnoarTK3,2026-05-01 16:28:06+00:00,1777652886000,59740,25.18608,42.16101,1004.69,56047
20260430-235226,-OrZMdFGDe0qfHiZ9BLS,2026-05-01 16:28:16+00:00,1777652896000,59750,25.18544,42.16095,1004.69,56235
20260430-235226,-OrZMfgmCan1dcO7guIc,2026-05-01 16:28:26+00:00,1777652906000,59760,25.18608,42.14343,1004.69,55972
20260430-235226,-OrZMi7dr23Gc4Szz6-O,2026-05-01 16:28:36+00:00,1777652916000,59770,25.18608,42.1317,1004.67999,56084
20260430-235226,-OrZMk_6ZBpP2wEwvUMK,2026-05-01 16:28:46+00:00,1777652926000,59780,25.18703,42.13182,1004.67999,56197
20260430-235226,-OrZMn08GC5gzREJJ5Ra,2026-05-01 16:28:56+00:00,1777652936000,59790,25.18671,42.13177,1004.67999,56084
20260430-235226,-OrZMpfp1nk4DoAosg4h,2026-05-01 16:29:06+00:00,1777652946000,59800,25.18798,42.14365,1004.67999,56047
20260430-235226,-OrZMrtwTpUF0vJQn504,2026-05-01 16:29:16+00:00,1777652956000,59810,25.18734,42.14357,1004.66998,56235
20260430-235226,-OrZMuKnwQvyDIup62AO,2026-05-01 16:29:26+00:00,1777652966000,59820,25.18798,42.13192,1004.65997,56122
20260430-235226,-OrZMwm8Q-u202_wxKAP,2026-05-01 16:29:36+00:00,1777652976000,59830,25.18766,42.12602,1004.65002,56122
20260430-235226,-OrZMzDR_SOjwZO9axHI,2026-05-01 16:29:46+00:00,1777652986000,59840,25.18766,42.10844,1004.65002,56122
20260430-235226,-OrZN0iYQbZyM-RedMPS,2026-05-01 16:29:56+00:00,1777652996000,59850,25.18766,42.09086,1004.65002,56500
20260430-235226,-OrZN36KWRcjem64bDaZ,2026-05-01 16:30:06+00:00,1777653006000,59860,25.18639,42.07314,1004.65002,56386
20260430-235226,-OrZN5Y9_IH-T6-vO26U,2026-05-01 16:30:16+00:00,1777653016000,59870,25.18671,42.07903,1004.65002,56273
20260430-235226,-OrZN7zXXNmLt3xrnWGU,2026-05-01 16:30:26+00:00,1777653026000,59880,25.18639,42.10244,1004.65002,56386
20260430-235226,-OrZNAQk0lUI8ncE4ewk,2026-05-01 16:30:36+00:00,1777653036000,59890,25.18639,42.14347,1004.65002,56159
20260430-235226,-OrZNCsB8bWb4zDuvINF,2026-05-01 16:30:46+00:00,1777653046000,59900,25.18608,42.11412,1004.65002,56348
20260430-235226,-OrZNFJ7GoWTA9fsEUda,2026-05-01 16:30:56+00:00,1777653056000,59910,25.18703,42.10837,1004.65002,56159
20260430-235226,-OrZNHkXEhv6U8SGkKtX,2026-05-01 16:31:06+00:00,1777653066000,59920,25.18703,42.07907,1004.65002,56273
20260430-235226,-OrZNKeZB53yWxWxTglb,2026-05-01 16:31:16+00:00,1777653076000,59930,25.18734,42.08495,1004.65002,56197
20260430-235226,-OrZNMd7wHOzRJmoXwqX,2026-05-01 16:31:26+00:00,1777653086000,59940,25.18734,42.14943,1004.65002,56386
20260430-235226,-OrZNP8Cs4LeHiaTfhK9,2026-05-01 16:31:36+00:00,1777653096000,59950,25.18734,42.16116,1004.64001,56310
20260430-235226,-OrZNRWipGl9J_GV0oV-,2026-05-01 16:31:46+00:00,1777653106000,59960,25.18703,42.18458,1004.63,56235
20260430-235226,-OrZNU0iShyfP3Wf4XjL,2026-05-01 16:31:56+00:00,1777653116000,59970,25.18734,42.2022,1004.64001,56386
20260430-235226,-OrZNWOyBl0sEal9YXn9,2026-05-01 16:32:06+00:00,1777653126000,59980,25.18798,42.214,1004.64001,56310
20260430-235226,-OrZNYq3l5t4ng22wbhi,2026-05-01 16:32:16+00:00,1777653136000,59990,25.18766,42.2257,1004.65002,56159
20260430-235226,-OrZNaHbhLlDP4nx6r_A,2026-05-01 16:32:26+00:00,1777653146000,60000,25.18734,42.24913,1004.64001,56310
20260430-235226,-OrZNcik1-mtL3DjUEPs,2026-05-01 16:32:36+00:00,1777653156000,60010,25.18734,42.27259,1004.64001,56159
20260430-235226,-OrZNf9tHb0NVBZlR61j,2026-05-01 16:32:46+00:00,1777653166000,60020,25.18734,42.26086,1004.63,56310
20260430-235226,-OrZNhbLW492kJY6UCLG,2026-05-01 16:32:56+00:00,1777653176000,60030,25.18861,42.21995,1004.63,56084
20260430-235226,-OrZNk2W9sUXtMqkK2lg,2026-05-01 16:33:06+00:00,1777653186000,60040,25.18798,42.18468,1004.62,56197
20260430-235226,-OrZNmUiLTM7r5GgF8eu,2026-05-01 16:33:16+00:00,1777653196000,60050,25.18798,42.15537,1004.63,56310
20260430-235226,-OrZNovxjnN1OpJIxIaB,2026-05-01 16:33:26+00:00,1777653206000,60060,25.1883,42.18472,1004.63,56197
20260430-235226,-OrZNrNzepAHXtQL4F83,2026-05-01 16:33:36+00:00,1777653216000,60070,25.18861,42.17303,1004.63,56348
20260430-235226,-OrZNtoVs04DQRS2L5rm,2026-05-01 16:33:46+00:00,1777653226000,60080,25.18925,42.1731,1004.63,56273
20260430-235226,-OrZNwFzAtTGX0AC9pZx,2026-05-01 16:33:56+00:00,1777653236000,60090,25.18861,42.19063,1004.63,56197
20260430-235226,-OrZNygr2MdbaaXBZSG9,2026-05-01 16:34:06+00:00,1777653246000,60100,25.18798,42.17882,1004.63,56235
20260430-235226,-OrZO08ChgjJihvNftOj,2026-05-01 16:34:16+00:00,1777653256000,60110,25.18798,42.14951,1004.62,56235
20260430-235226,-OrZO2rKKg911mm9IXth,2026-05-01 16:34:26+00:00,1777653266000,60120,25.18798,42.14365,1004.62,56197
20260430-235226,-OrZO51Hp8vtFQA8Mnuh,2026-05-01 16:34:36+00:00,1777653276000,60130,25.18893,42.17307,1004.63,56197
20260430-235226,-OrZO7TiBSqtHEGy5AOx,2026-05-01 16:34:46+00:00,1777653286000,60140,25.1883,42.16713,1004.64001,56273
20260430-235226,-OrZO9uLK-VC8YM59LP4,2026-05-01 16:34:56+00:00,1777653296000,60150,25.18861,42.18476,1004.63,56310
20260430-235226,-OrZOCLkv7t-No7emIuw,2026-05-01 16:35:06+00:00,1777653306000,60160,25.18798,42.214,1004.63,56197
20260430-235226,-OrZOEmyAVMOEhrssAmi,2026-05-01 16:35:16+00:00,1777653316000,60170,25.1883,42.21991,1004.62,56424
20260430-235226,-OrZOHEV9uP8VY4LbMVk,2026-05-01 16:35:26+00:00,1777653326000,60180,25.18703,42.16699,1004.62,56348
20260430-235226,-OrZOJf7s0_08mn8YqsS,2026-05-01 16:35:36+00:00,1777653336000,60190,25.18861,42.1789,1004.62,56235
20260430-235226,-OrZOM6qtC64qQ0xRmkt,2026-05-01 16:35:46+00:00,1777653346000,60200,25.1883,42.16127,1004.62,56159
20260430-235226,-OrZOOY_KoFoVfT3L7wt,2026-05-01 16:35:56+00:00,1777653356000,60210,25.18671,42.15523,1004.62,56122
20260430-235226,-OrZOQzuMEW_1IH88Od8,2026-05-01 16:36:06+00:00,1777653366000,60220,25.18639,42.17278,1004.62,56197
20260430-235226,-OrZOTRH8a_cxndLLG4d,2026-05-01 16:36:16+00:00,1777653376000,60230,25.18576,42.2079,1004.62,56084
20260430-235226,-OrZOVsKJFUFX_-z4sEk,2026-05-01 16:36:26+00:00,1777653386000,60240,25.18481,42.21952,1004.63,56047
20260430-235226,-OrZOYKFJMFwfqBXfOJ3,2026-05-01 16:36:36+00:00,1777653396000,60250,25.18386,42.20768,1004.62,56084
20260430-235226,-OrZO_l1EGhWP4p5H7in,2026-05-01 16:36:46+00:00,1777653406000,60260,25.18513,42.16677,1004.62,56235
20260430-235226,-OrZOcC3Qb6Y7Seg9w3a,2026-05-01 16:36:56+00:00,1777653416000,60270,25.18576,42.17858,1004.62,56235
20260430-235226,-OrZOedTq8UsG6LGrRQI,2026-05-01 16:37:06+00:00,1777653426000,60280,25.18544,42.16681,1004.62,56386
20260430-235226,-OrZOh4tK48RoZ-IkMZq,2026-05-01 16:37:16+00:00,1777653436000,60290,25.18418,42.16667,1004.60999,56348
20260430-235226,-OrZOjWnvPpPCZiYIdtJ,2026-05-01 16:37:26+00:00,1777653446000,60300,25.18386,42.17249,1004.62,56197
20260430-235226,-OrZOmLTzzrCBXHjWyqN,2026-05-01 16:37:36+00:00,1777653456000,60310,25.18418,42.14322,1004.62,56386
20260430-235226,-OrZOoQ8ienKAxbIBX-H,2026-05-01 16:37:46+00:00,1777653466000,60320,25.18386,42.11973,1004.62,56235
20260430-235226,-OrZOqrBp-AnAMeA2PLT,2026-05-01 16:37:56+00:00,1777653476000,60330,25.18513,42.11401,1004.63,56197
20260430-235226,-OrZOtI-hiIDW9Hpf0d_,2026-05-01 16:38:06+00:00,1777653486000,60340,25.18544,42.12577,1004.63,56348
20260430-235226,-OrZOvj6l_nNLOtMpM0B,2026-05-01 16:38:16+00:00,1777653496000,60350,25.18544,42.12577,1004.63,56197
20260430-235226,-OrZOyAONbube4AHMQLH,2026-05-01 16:38:26+00:00,1777653506000,60360,25.18544,42.14336,1004.63,56348
20260430-235226,-OrZP-bm9fEaRt87iDk1,2026-05-01 16:38:36+00:00,1777653516000,60370,25.18576,42.1434,1004.62,56197
20260430-235226,-OrZP22mRnQyB05_JKAJ,2026-05-01 16:38:46+00:00,1777653526000,60380,25.18544,42.15509,1004.63,56159
20260430-235226,-OrZP4V48MlQBiSTmz4I,2026-05-01 16:38:56+00:00,1777653536000,60390,25.18576,42.1434,1004.63,56235
20260430-235226,-OrZP6wUd_S3E7mwB-WS,2026-05-01 16:39:06+00:00,1777653546000,60400,25.18544,42.14336,1004.63,56310
20260430-235226,-OrZP9NskGOTcyGHr7Nk,2026-05-01 16:39:16+00:00,1777653556000,60410,25.18513,42.19022,1004.62,56122
20260430-235226,-OrZPBoyyCHaY4IPgXm3,2026-05-01 16:39:26+00:00,1777653566000,60420,25.18544,42.202,1004.62,56197
20260430-235226,-OrZPEGKN-iQndXu7Arx,2026-05-01 16:39:36+00:00,1777653576000,60430,25.18481,42.15501,1004.62,56310
20260430-235226,-OrZPGhFgmES0Jkb-5It,2026-05-01 16:39:46+00:00,1777653586000,60440,25.18481,42.14915,1004.62,56424
20260430-235226,-OrZPJ8bzcEVnXGFHUwx,2026-05-01 16:39:56+00:00,1777653596000,60450,25.18449,42.14912,1004.63,56424
20260430-235226,-OrZPL_qLH2--wTUNqcB,2026-05-01 16:40:06+00:00,1777653606000,60460,25.18481,42.16088,1004.62,56424
20260430-235226,-OrZPO1WuT7IJ1XVTghZ,2026-05-01 16:40:16+00:00,1777653616000,60470,25.18449,42.1198,1004.62,56273
20260430-235226,-OrZPQTUf9B0saGK4-9N,2026-05-01 16:40:26+00:00,1777653626000,60480,25.18513,42.09057,1004.62,56235
20260430-235226,-OrZPSuu6Z2MIoVQK4da,2026-05-01 16:40:36+00:00,1777653636000,60490,25.18513,42.09057,1004.62,56577
20260430-235226,-OrZPVd-rU8y21g96RrS,2026-05-01 16:40:46+00:00,1777653646000,60500,25.18513,42.06713,1004.60999,56273
20260430-235226,-OrZPXnHNh9amybQ7g9H,2026-05-01 16:40:56+00:00,1777653656000,60510,25.18513,42.07885,1004.60999,56159
20260430-235226,-OrZP_F9x2b39gWVCmEh,2026-05-01 16:41:06+00:00,1777653666000,60520,25.18481,42.06709,1004.60999,56424
20260430-235226,-OrZPbfPS8KmEcBM_xhU,2026-05-01 16:41:16+00:00,1777653676000,60530,25.18544,42.08475,1004.59998,56348
20260430-235226,-OrZPe77kPY3f9jRR16k,2026-05-01 16:41:26+00:00,1777653686000,60540,25.18576,42.08479,1004.59998,56386
20260430-235226,-OrZPgYvlD3eiAXjpvDq,2026-05-01 16:41:36+00:00,1777653696000,60550,25.18481,42.07295,1004.59998,56577
20260430-235226,-OrZPj2RCuDSiM-IstKj,2026-05-01 16:41:46+00:00,1777653706000,60560,25.18544,42.08475,1004.59998,56538
20260430-235226,-OrZPlR_A7fJWul7pkWJ,2026-05-01 16:41:56+00:00,1777653716000,60570,25.18608,42.06724,1004.59003,56424
20260430-235226,-OrZPnufpJNAGh7-NH6U,2026-05-01 16:42:06+00:00,1777653726000,60580,25.18544,42.06717,1004.59003,56462
20260430-235226,-OrZPqJyU3s2KaC5p0pO,2026-05-01 16:42:16+00:00,1777653736000,60590,25.18608,42.04965,1004.59003,56348
20260430-235226,-OrZPsnhEXh3wsgZmhvO,2026-05-01 16:42:26+00:00,1777653746000,60600,25.18608,42.04379,1004.59998,56348
20260430-235226,-OrZPvCyojPW4GyLpDtJ,2026-05-01 16:42:36+00:00,1777653756000,60610,25.18544,42.04373,1004.59003,56273
20260430-235226,-OrZPxdln_6nuLuVvDwY,2026-05-01 16:42:46+00:00,1777653766000,60620,25.18481,42.04951,1004.59003,56500
20260430-235226,-OrZQ-5d99n4L59SSTmF,2026-05-01 16:42:56+00:00,1777653776000,60630,25.18544,42.04373,1004.59003,56386
20260430-235226,-OrZQ1XnjCaiWVBNvu6E,2026-05-01 16:43:06+00:00,1777653786000,60640,25.18544,42.04959,1004.59003,56235
20260430-235226,-OrZQ3ya23oVsbI1CC3d,2026-05-01 16:43:16+00:00,1777653796000,60650,25.18544,42.06717,1004.59003,56538
20260430-235226,-OrZQ6QHNZzunO_2wM8f,2026-05-01 16:43:26+00:00,1777653806000,60660,25.18608,42.08482,1004.59003,56462
20260430-235226,-OrZQ8ql9Ew5_3225m2g,2026-05-01 16:43:36+00:00,1777653816000,60670,25.18639,42.06142,1004.58002,56348
20260430-235226,-OrZQBIKn0YBI6qyArqQ,2026-05-01 16:43:46+00:00,1777653826000,60680,25.18766,42.03226,1004.58002,56500
20260430-235226,-OrZQE5RBPSWLNaTm1X6,2026-05-01 16:43:56+00:00,1777653836000,60690,25.18798,42.02644,1004.58002,56310
20260430-235226,-OrZQGC9Oc3O9Sl3fN7k,2026-05-01 16:44:06+00:00,1777653846000,60700,25.18671,42.04973,1004.57001,56348
20260430-235226,-OrZQIcjbS8v2eIJkgdc,2026-05-01 16:44:16+00:00,1777653856000,60710,25.18608,42.07896,1004.58002,56235
20260430-235226,-OrZQL3PlrB-Vs_VYj1x,2026-05-01 16:44:26+00:00,1777653866000,60720,25.18671,42.09661,1004.58002,56310
20260430-235226,-OrZQNVM02gC0sBscwAQ,2026-05-01 16:44:36+00:00,1777653876000,60730,25.18734,42.07323,1004.58002,56424
20260430-235226,-OrZQPxDbvSb9btdZA4y,2026-05-01 16:44:46+00:00,1777653886000,60740,25.18671,42.06731,1004.58002,56462
20260430-235226,-OrZQSODuA9r-6yh4CG6,2026-05-01 16:44:56+00:00,1777653896000,60750,25.18671,42.07903,1004.57001,56500
20260430-235226,-OrZQUpALzxoo6vY202o,2026-05-01 16:45:06+00:00,1777653906000,60760,25.18703,42.06149,1004.57001,56424
20260430-235226,-OrZQXGpFiIuqyIA4oW4,2026-05-01 16:45:16+00:00,1777653916000,60770,25.18671,42.06145,1004.57001,56386
20260430-235226,-OrZQZiNBBguYoo3VqQn,2026-05-01 16:45:26+00:00,1777653926000,60780,25.18671,42.06731,1004.57001,56273
20260430-235226,-OrZQb8wY-yzAQBuS4PM,2026-05-01 16:45:36+00:00,1777653936000,60790,25.18798,42.08503,1004.57001,56386
20260430-235226,-OrZQdfq65v1offXGppZ,2026-05-01 16:45:46+00:00,1777653946000,60800,25.1883,42.07335,1004.57001,56500
20260430-235226,-OrZQg1m0xfgpM_9JPZ_,2026-05-01 16:45:56+00:00,1777653956000,60810,25.1883,42.09679,1004.57001,56538
20260430-235226,-OrZQiU-bwK2fyMBMhJ3,2026-05-01 16:46:06+00:00,1777653966000,60820,25.1883,42.10851,1004.57001,56159
20260430-235226,-OrZQkvKWOUv-opWq44r,2026-05-01 16:46:16+00:00,1777653976000,60830,25.18893,42.09686,1004.57001,56348
20260430-235226,-OrZQnMi0m5XxbK3wUhz,2026-05-01 16:46:26+00:00,1777653986000,60840,25.18893,42.12617,1004.56,56310
20260430-235226,-OrZQpno253lC_c8tOHd,2026-05-01 16:46:36+00:00,1777653996000,60850,25.18893,42.13203,1004.56,56159
20260430-235226,-OrZQsF6CVl8oC7mYCsz,2026-05-01 16:46:46+00:00,1777654006000,60860,25.18893,42.13203,1004.56,56424
20260430-235226,-OrZQugYrOZMe0rq0ClO,2026-05-01 16:46:56+00:00,1777654016000,60870,25.18956,42.13796,1004.56,56424
