session_id,push_id,datetime_utc,unix_ms,elapsed_s,temp_c,humidity_pct,pressure_hpa,gas_ohm,heater_stable,iaq,iaq_accuracy
20260505-014600,-Orpohl5PCmRrXXkS1KK,2026-05-05 01:48:49+00:00,1777945729000,123,27.2779,41.7612,9.96785,68407,False,109.50301,0
20260505-014600,-OrpolIma0IFrSddEl7R,2026-05-05 01:49:01+00:00,1777945741000,135,27.2703,41.76793,9.96802,69313,False,113.92621,0
20260505-014600,-OrpondTwcAvs_6BSFDo,2026-05-05 01:49:13+00:00,1777945753000,147,27.27283,41.87679,9.96801,70184,False,118.76534,0
20260505-014600,-OrpoqY_lGsIEwIyBHao,2026-05-05 01:49:25+00:00,1777945765000,159,27.27283,41.9749,9.96805,70125,False,124.59849,0
20260505-014600,-OrpotU9ypEbag5L0UZD,2026-05-05 01:49:37+00:00,1777945777000,171,27.26776,41.97223,9.96776,70420,False,130.30623,0
20260505-014600,-OrpowPKfjgHG4oZKzLW,2026-05-05 01:49:49+00:00,1777945789000,183,27.27283,42.0745,9.96806,70718,True,232.71921,2
20260505-014600,-OrpozKr_kMrqCHtbZKC,2026-05-05 01:50:01+00:00,1777945801000,195,27.27283,42.13808,9.96822,71320,True,224.3551,2
20260505-014600,-Orpp1GVULOlIK0SQSGD,2026-05-05 01:50:13+00:00,1777945813000,207,27.27283,42.21638,9.96826,71747,True,220.71179,2
20260505-014600,-Orpp4CEDevJETfxpn8_,2026-05-05 01:50:25+00:00,1777945825000,219,27.27537,42.27533,9.96798,72056,True,216.85693,2
20260505-014600,-Orpp77aloV1d0F8HzwU,2026-05-05 01:50:37+00:00,1777945837000,231,27.28044,42.44379,9.96791,71747,True,215.36909,2
20260505-014600,-OrppA32Kl042Q5SOsgm,2026-05-05 01:50:49+00:00,1777945849000,243,27.28044,42.47736,9.96805,72305,True,211.61035,2
20260505-014600,-OrppCzNzMMks04lBa9i,2026-05-05 01:51:01+00:00,1777945861000,255,27.28044,42.53878,9.96805,72180,True,209.04778,2
20260505-014600,-OrppFunkrGARG4rsWxS,2026-05-05 01:51:13+00:00,1777945873000,267,27.28551,42.51115,9.96821,72493,True,173.31384,2
20260505-014600,-OrppIqYcIbfyVV18RJF,2026-05-05 01:51:25+00:00,1777945885000,279,27.2779,42.55098,9.96767,72935,True,170.29816,2
20260505-014600,-OrppLmHc3bpDLbwRnj7,2026-05-05 01:51:37+00:00,1777945897000,291,27.28551,42.57483,9.96797,72556,True,169.65057,2
20260505-014600,-OrppOhlOCPkGzHbtMkt,2026-05-05 01:51:49+00:00,1777945909000,303,27.28551,42.60112,9.96806,73190,True,166.81937,2
20260505-014600,-OrppRd1UcYeLPx4rq1u,2026-05-05 01:52:01+00:00,1777945921000,315,27.28551,42.61782,9.96776,72998,True,166.05255,2
20260505-014600,-OrppUzH9QRAcDBWrJE7,2026-05-05 01:52:13+00:00,1777945933000,327,27.29565,42.63017,9.96785,73190,True,164.52034,3
20260505-014600,-OrppXUzaepHD1jrQDpZ,2026-05-05 01:52:25+00:00,1777945945000,339,27.29312,42.65479,9.96779,73446,True,163.24219,3
20260505-014600,-Orpp_QOy2YZcqw2vi2t,2026-05-05 01:52:37+00:00,1777945957000,351,27.28551,42.69128,9.96784,74162,True,160.07675,3
20260505-014600,-OrppcMNRSobpkv4tYs6,2026-05-05 01:52:49+00:00,1777945969000,363,27.28805,42.61339,9.96769,73965,True,159.96198,3
20260505-014600,-OrppfHT3o8hBmCriKSN,2026-05-05 01:53:01+00:00,1777945981000,375,27.29565,42.59413,9.96787,74228,True,157.42938,3
20260505-014600,-OrppiGjfNTk4D9vHNtW,2026-05-05 01:53:13+00:00,1777945993000,387,27.29565,42.6069,9.96781,73900,True,156.97366,3
20260505-014600,-Orppl8JspB5k98dYBjC,2026-05-05 01:53:25+00:00,1777946005000,399,27.29819,42.61504,9.96764,73575,True,157.17761,3
20260505-014600,-Orppo40kjGEOvqSgDOG,2026-05-05 01:53:37+00:00,1777946017000,411,27.29312,42.61494,9.9677,74691,True,155.11238,3
20260505-014600,-Orppr-UpVjxE49TmHOn,2026-05-05 01:53:49+00:00,1777946029000,423,27.3134,42.52715,9.9679,74293,True,154.96158,3
20260505-014600,-Orpptw3Klsnm0ne19Uz,2026-05-05 01:54:01+00:00,1777946041000,435,27.3058,42.52586,9.96782,75363,True,150.98192,3
20260505-014600,-OrppwrV4xbRaepFJ5F6,2026-05-05 01:54:13+00:00,1777946053000,447,27.30833,42.54693,9.96777,75704,True,147.82584,3
20260505-014600,-Orppzn8cy5If_8Hlu3S,2026-05-05 01:54:25+00:00,1777946065000,459,27.30326,42.5631,9.96779,75704,True,145.84818,3
20260505-014600,-Orpq1jTI4lwW1cDvxRY,2026-05-05 01:54:37+00:00,1777946077000,471,27.3134,42.55528,9.96794,75635,True,146.00041,3
20260505-014600,-Orpq4eH7gcknZ4JC-Mo,2026-05-05 01:54:49+00:00,1777946089000,483,27.31087,42.53873,9.96772,75499,True,145.86908,3
20260505-014600,-Orpq7_W-p-s5kK-0iGn,2026-05-05 01:55:01+00:00,1777946101000,495,27.31087,42.51462,9.96772,75772,True,143.78268,3
20260505-014600,-OrpqAVdag-BozZoIKlH,2026-05-05 01:55:13+00:00,1777946113000,507,27.31594,42.50829,9.96777,76047,True,142.78363,3
20260505-014600,-OrpqDbd-l73cymGvBGF,2026-05-05 01:55:25+00:00,1777946125000,519,27.31848,42.48946,9.9677,76744,True,140.73856,3
20260505-014600,-OrpqGMr4Yihqa9oJeOu,2026-05-05 01:55:37+00:00,1777946137000,531,27.3134,42.54736,9.96766,76674,True,139.52155,3
20260505-014600,-OrpqJIIMwyjfH9eOmqu,2026-05-05 01:55:49+00:00,1777946149000,543,27.3058,42.58064,9.96766,76325,True,139.70786,3
20260505-014600,-OrpqMDzgTJJlywQU3fJ,2026-05-05 01:56:01+00:00,1777946161000,555,27.31848,42.55813,9.96776,76674,True,139.01031,3
20260505-014600,-OrpqP9dsVWAAnPVMUWG,2026-05-05 01:56:13+00:00,1777946173000,567,27.3134,42.57923,9.96787,76744,True,137.57755,3
20260505-014600,-OrpqS5LuNGRMFDGbmgC,2026-05-05 01:56:25+00:00,1777946185000,579,27.31594,42.56362,9.96784,76956,True,136.75575,3
20260505-014600,-OrpqV10GeQy391j60gd,2026-05-05 01:56:37+00:00,1777946197000,591,27.31087,42.5929,9.96777,76604,True,136.49384,3
20260505-014600,-OrpqXx0UttRaWdQHb1Q,2026-05-05 01:56:49+00:00,1777946209000,603,27.31848,42.58869,9.96791,76885,True,135.6095,3
20260505-014600,-Orpq_sd9IgBt65_dn0V,2026-05-05 01:57:01+00:00,1777946221000,615,27.31848,42.59747,9.96786,77027,True,136.08698,3
20260505-014600,-Orpqco7Ufxcw7vlNABg,2026-05-05 01:57:13+00:00,1777946233000,627,27.32101,42.59772,9.96787,77027,True,135.54974,3
20260505-014600,-OrpqfjDp3LeS8mK3jP2,2026-05-05 01:57:25+00:00,1777946245000,639,27.32101,42.60751,9.96781,77598,True,134.27254,3
20260505-014600,-OrpqierbrkNbTEznF4G,2026-05-05 01:57:37+00:00,1777946257000,651,27.32354,42.64367,9.96768,77097,True,134.87923,3
20260505-014600,-Orpqla54vDc5pEfQrYM,2026-05-05 01:57:49+00:00,1777946269000,663,27.32608,42.61254,9.96775,76674,True,136.01315,3
20260505-014600,-OrpqoX2s581g3z_rWBI,2026-05-05 01:58:01+00:00,1777946281000,675,27.33115,42.61632,9.96789,76534,True,137.45917,3
20260505-014600,-OrpqrShloybLHGi-KaV,2026-05-05 01:58:13+00:00,1777946293000,687,27.32101,42.6851,9.96772,76464,True,138.74399,3
20260505-014600,-OrpquOUvp5iq64AqqNV,2026-05-05 01:58:25+00:00,1777946305000,699,27.32608,42.6655,9.96777,76604,True,138.71725,3
20260505-014600,-OrpqzdmfIcm6pihLNWM,2026-05-05 01:58:37+00:00,1777946317000,711,27.32862,42.68827,9.96781,77027,True,135.33229,3
20260505-014600,-Orpr-R5K-a75BnRlGKu,2026-05-05 01:58:50+00:00,1777946330000,723,27.38577,42.54783,9.96778,77311,True,134.526,3
20260505-014600,-Orpr2LCGFUnT0NsatkL,2026-05-05 01:59:02+00:00,1777946342000,735,27.30073,42.95204,9.96777,70718,True,184.4693,3
20260505-014600,-Orpr5HQivO5xOGI3IgX,2026-05-05 01:59:14+00:00,1777946354000,747,27.31594,42.8047,9.96773,74096,True,164.25763,3
20260505-014600,-Orpr8CweUZf6Kd26soE,2026-05-05 01:59:26+00:00,1777946366000,759,27.32354,42.71154,9.96782,75093,True,150.88855,3
20260505-014600,-OrprB7sXTj3bw-A_jKX,2026-05-05 01:59:38+00:00,1777946378000,771,27.32608,42.69792,9.96754,74824,True,149.55298,3
20260505-014600,-OrprE3igOUM4kdWj_d_,2026-05-05 01:59:50+00:00,1777946390000,783,27.32608,42.71916,9.9677,75160,True,148.1637,3
20260505-014600,-OrprH-8UfNW77vYpC1B,2026-05-05 02:00:02+00:00,1777946402000,795,27.31848,42.71386,9.96754,75635,True,144.74495,3
20260505-014600,-OrprJvXg5oaAuN3V9WK,2026-05-05 02:00:14+00:00,1777946414000,807,27.32354,42.78427,9.96759,76186,True,140.6716,3
20260505-014600,-OrprMrBlqLkGF99fTnt,2026-05-05 02:00:26+00:00,1777946426000,819,27.32862,42.85611,9.96749,76534,True,138.28912,3
20260505-014600,-OrprPmsedMhE4hO8kyr,2026-05-05 02:00:38+00:00,1777946438000,831,27.33369,42.78108,9.96758,76394,True,136.82315,3
20260505-014600,-OrprShuGzkEnxpgIhOy,2026-05-05 02:00:50+00:00,1777946450000,843,27.33622,42.75499,9.96772,75704,True,140.67847,3
20260505-014600,-OrprVdarwk_HjFV89gT,2026-05-05 02:01:02+00:00,1777946462000,855,27.33115,42.75969,9.96757,75841,True,142.52649,3
20260505-014600,-OrprY_Qu1FduCeyEiud,2026-05-05 02:01:14+00:00,1777946474000,867,27.33369,42.77571,9.96766,76116,True,141.71924,3
20260505-014600,-OrpraVnEzyYwsDfbnT0,2026-05-05 02:01:26+00:00,1777946486000,879,27.33115,42.7815,9.96762,76394,True,139.12263,3
20260505-014600,-Orprdt4pNxKW7JzNjrt,2026-05-05 02:01:38+00:00,1777946498000,891,27.33369,42.79974,9.96759,77169,True,135.71069,3
20260505-014600,-OrprgMUUXNRsOnN8Sl5,2026-05-05 02:01:50+00:00,1777946510000,903,27.33369,42.79047,9.96758,77027,True,133.48911,3
20260505-014600,-OrprjHw8szrihb1dsXJ,2026-05-05 02:02:02+00:00,1777946522000,915,27.34383,42.78846,9.96775,77240,True,131.79544,3
20260505-014600,-OrprmEu3S4pfpTNRGhO,2026-05-05 02:02:14+00:00,1777946534000,927,27.3413,42.82645,9.96766,77382,True,130.51892,3
20260505-014600,-Orprp8lftDzLUTVKu_u,2026-05-05 02:02:26+00:00,1777946546000,939,27.3413,42.80275,9.96761,77598,True,129.32666,3
20260505-014600,-Orprs4_tU46-ZZZAGVS,2026-05-05 02:02:38+00:00,1777946558000,951,27.33876,42.83553,9.96757,77240,True,129.29187,3
20260505-014600,-Orprv0SJPmrGY1gUGA7,2026-05-05 02:02:50+00:00,1777946570000,963,27.33876,42.82178,9.96782,78031,True,127.34838,3
20260505-014600,-OrprxwTKuFrMSaOvePs,2026-05-05 02:03:02+00:00,1777946582000,975,27.33622,42.83234,9.9677,78250,True,125.89637,3
20260505-014600,-Orps-s1OYTcPlHcQWTV,2026-05-05 02:03:14+00:00,1777946594000,987,27.3413,42.82275,9.96757,78250,True,125.05764,3
20260505-014600,-Orps2nPn7pNiw9gOyvH,2026-05-05 02:03:26+00:00,1777946606000,999,27.34383,42.81866,9.96772,78397,True,124.26795,3
20260505-014600,-Orps5j4PWiHRVVYcT-T,2026-05-05 02:03:38+00:00,1777946618000,1011,27.3413,42.81237,9.96778,77959,True,125.01262,3
20260505-014600,-Orps8ehBo3BUw6IpvTZ,2026-05-05 02:03:50+00:00,1777946630000,1023,27.34636,42.82188,9.96783,78544,True,123.20995,3
20260505-014600,-OrpsBaP2oyYzGUO2q2k,2026-05-05 02:04:02+00:00,1777946642000,1035,27.34383,42.79859,9.96765,77886,True,125.07449,3
20260505-014600,-OrpsEWcjljpuV5GaoYF,2026-05-05 02:04:14+00:00,1777946654000,1047,27.33876,42.84432,9.96778,78397,True,123.40657,3
20260505-014600,-OrpsHRwVEKaQGYY5w8O,2026-05-05 02:04:26+00:00,1777946666000,1059,27.3413,42.88374,9.9678,78104,True,124.02171,3
20260505-014600,-OrpsKOE1yej6tgiOBL9,2026-05-05 02:04:38+00:00,1777946678000,1071,27.34383,42.94686,9.96782,78104,True,125.13161,3
20260505-014600,-OrpsNT0YNQbuXgG5GEo,2026-05-05 02:04:50+00:00,1777946690000,1083,27.34636,43.0095,9.96772,77814,True,126.59765,3
20260505-014600,-OrpsQEYqyti6YLxEqET,2026-05-05 02:05:02+00:00,1777946702000,1095,27.34383,43.03975,9.96782,78177,True,125.38955,3
20260505-014600,-OrpsTA7f7rQq18QK7M6,2026-05-05 02:05:14+00:00,1777946714000,1107,27.34636,43.01656,9.96774,78250,True,123.35986,3
20260505-014600,-OrpsW5NqwR1j2KjZKpT,2026-05-05 02:05:26+00:00,1777946726000,1119,27.35397,42.91631,9.96788,78104,True,124.13893,3
20260505-014600,-OrpsZ0pGR2oZFCZhaEF,2026-05-05 02:05:38+00:00,1777946738000,1131,27.35144,42.85283,9.96768,78104,True,124.8707,3
20260505-014600,-OrpsaxUV8OOmrp12Fu3,2026-05-05 02:05:50+00:00,1777946750000,1143,27.3489,42.86514,9.96778,78691,True,123.13067,3
20260505-014600,-OrpsdtG611m061izTl2,2026-05-05 02:06:02+00:00,1777946762000,1155,27.3489,42.84449,9.96789,78470,True,122.45851,3
20260505-014600,-OrpsgoHSIaq2a0A36qu,2026-05-05 02:06:14+00:00,1777946774000,1167,27.35144,42.85194,9.96793,78839,True,120.91021,3
20260505-014600,-OrpsjkCvMq8vIjlkUKe,2026-05-05 02:06:26+00:00,1777946786000,1179,27.35397,42.83673,9.96797,78914,True,118.69354,3
20260505-014600,-OrpsmfKiW47vV3GT0Rq,2026-05-05 02:06:38+00:00,1777946798000,1191,27.35144,42.84216,9.96798,79063,True,118.6493,3
20260505-014600,-Orpspaf3ISbUt47lqzh,2026-05-05 02:06:50+00:00,1777946810000,1203,27.35144,42.80664,9.96798,78691,True,119.79375,3
20260505-014600,-OrpssXXmRRdFZjWLySG,2026-05-05 02:07:02+00:00,1777946822000,1215,27.3489,42.80693,9.96794,79063,True,119.21151,3
20260505-014600,-OrpsvT2PepcOWRn33ty,2026-05-05 02:07:14+00:00,1777946834000,1227,27.35144,42.81414,9.96819,78988,True,118.97828,3
20260505-014600,-OrpsyO6uzQSdUfcQ8tL,2026-05-05 02:07:26+00:00,1777946846000,1239,27.35144,42.82653,9.96809,79287,True,117.47868,3
20260505-014600,-Orpt0Lb3u-IhuImblwm,2026-05-05 02:07:38+00:00,1777946858000,1251,27.35144,42.80153,9.96826,79513,True,115.4764,3
20260505-014600,-Orpt3Fovc3X66UzR2wy,2026-05-05 02:07:50+00:00,1777946870000,1263,27.35397,42.80117,9.96821,79740,True,114.21559,3
20260505-014600,-Orpt9O8AOf_Qf5o03UG,2026-05-05 02:08:02+00:00,1777946882000,1275,27.3489,42.81089,9.96817,79740,True,113.4026,3
20260505-014600,-OrptA9UagJQXVjIOB3S,2026-05-05 02:08:18+00:00,1777946898000,1292,27.40598,42.69057,9.96801,79513,True,113.94165,3
20260505-014600,-OrptD4wjU9TZcEkEfCD,2026-05-05 02:08:30+00:00,1777946910000,1304,27.31848,43.08776,9.96814,70897,True,178.79488,3
20260505-014600,-OrptFqhot2vkv3oPO3N,2026-05-05 02:08:42+00:00,1777946922000,1315,27.24494,43.4808,9.96832,66190,True,187.06215,3
20260505-014600,-OrptIlrccI8Tjg3k5bY,2026-05-05 02:08:54+00:00,1777946934000,1327,27.32862,42.9767,9.96825,73705,True,171.18283,3
20260505-014600,-OrptLhj33GaMJ-wpHU8,2026-05-05 02:09:06+00:00,1777946946000,1339,27.33369,42.91456,9.96812,76534,True,146.28909,3
20260505-014600,-OrptOciG4qMSjkH-zcv,2026-05-05 02:09:18+00:00,1777946958000,1351,27.33876,42.91795,9.96833,77959,True,131.1796,3
20260505-014600,-OrptRZarRNnmGxPQ6s7,2026-05-05 02:09:30+00:00,1777946970000,1363,27.34383,42.91679,9.96821,78397,True,123.49522,3
20260505-014600,-OrptUUnmsQXQXfc3_Iz,2026-05-05 02:09:42+00:00,1777946982000,1375,27.34636,42.88223,9.96834,78470,True,121.86311,3
20260505-014600,-OrptXQ0ZfL5Y7oN0t-l,2026-05-05 02:09:54+00:00,1777946994000,1387,27.34383,42.88544,9.96821,78839,True,120.37735,3
20260505-014600,-Orpt_NX_ZC2PgVrL5-s,2026-05-05 02:10:06+00:00,1777947006000,1399,27.35397,42.89318,9.96834,78914,True,119.48645,3
20260505-014600,-OrptcHSjhUH6JnueCHs,2026-05-05 02:10:18+00:00,1777947018000,1411,27.3489,42.90922,9.96827,79969,True,115.43563,3
20260505-014600,-OrptfCqDctK6r-cc_xJ,2026-05-05 02:10:30+00:00,1777947030000,1423,27.3489,42.92042,9.9682,79740,True,113.34679,3
20260505-014600,-Orpti8J_1ecE8EZOVGB,2026-05-05 02:10:42+00:00,1777947042000,1435,27.3489,42.90347,9.96827,79589,True,113.32338,3
20260505-014600,-Orptl3c2IQxB3rKoYOZ,2026-05-05 02:10:54+00:00,1777947054000,1447,27.35905,42.9201,9.96832,79816,True,112.03809,3
20260505-014600,-OrptqIKHzjFdftoxJMp,2026-05-05 02:11:06+00:00,1777947066000,1459,27.35397,42.90997,9.96823,80045,True,111.50325,3
20260505-014600,-Orptr8lewRLZCgdjMVp,2026-05-05 02:11:19+00:00,1777947079000,1472,27.41639,42.76365,9.96821,80045,True,111.23508,3
20260505-014600,-Orptu4VqSNLAfNx-I09,2026-05-05 02:11:31+00:00,1777947091000,1484,27.33369,43.10724,9.96817,72618,True,164.35902,3
20260505-014600,-Orptx0KGEA2_LOJO8QY,2026-05-05 02:11:43+00:00,1777947103000,1496,27.34636,42.93544,9.9683,76674,True,145.5006,3
20260505-014600,-Orptzwrwb9g39hEllH6,2026-05-05 02:11:55+00:00,1777947115000,1508,27.35144,42.92171,9.96824,77814,True,130.39685,3
20260505-014600,-Orpu1ti5yDu2sWciAxK,2026-05-05 02:12:07+00:00,1777947127000,1520,27.35144,42.93466,9.96821,79063,True,121.52563,3
20260505-014600,-Orpu4nM7stLpmRMSOQi,2026-05-05 02:12:19+00:00,1777947139000,1532,27.35905,42.92562,9.96816,79438,True,116.79028,3
20260505-014600,-Orpu7kuVZktUbBrU5Rs,2026-05-05 02:12:31+00:00,1777947151000,1544,27.35397,42.9252,9.96811,79664,True,114.28269,3
20260505-014600,-OrpuAeVhSWt6lxJoyQc,2026-05-05 02:12:43+00:00,1777947163000,1556,27.35905,42.93053,9.96823,79969,True,112.1683,3
20260505-014600,-OrpuDaLff3QjGw4IXTC,2026-05-05 02:12:55+00:00,1777947175000,1568,27.35651,42.92096,9.96808,80122,True,110.65285,3
20260505-014600,-OrpuGYiH8Wcr2tiqtGb,2026-05-05 02:13:07+00:00,1777947187000,1580,27.36158,42.901,9.96809,80507,True,108.60348,3
20260505-014600,-OrpuJSasV5kfIUr1r9e,2026-05-05 02:13:19+00:00,1777947199000,1592,27.36158,42.8802,9.968,80740,True,107.68082,3
20260505-014600,-OrpuMNoVGXb7qiYvIHR,2026-05-05 02:13:31+00:00,1777947211000,1604,27.35905,42.87024,9.96823,80662,True,107.22461,3
20260505-014600,-OrpuPIsaPx2tryFMb94,2026-05-05 02:13:43+00:00,1777947223000,1616,27.36158,42.87171,9.96818,80817,True,106.2429,3
20260505-014600,-OrpuSEj6GRimyE1JhaF,2026-05-05 02:13:55+00:00,1777947235000,1628,27.36665,42.84893,9.96831,80352,True,106.24773,3
20260505-014600,-OrpuVItCPFMigv4a8L_,2026-05-05 02:14:07+00:00,1777947247000,1640,27.37426,42.8283,9.96828,80895,True,105.22633,3
20260505-014600,-OrpuY5KEM5WOVjT6vZ9,2026-05-05 02:14:19+00:00,1777947259000,1652,27.36665,42.85807,9.96819,81209,True,103.81116,3
20260505-014600,-Orpua20sspYYYnQEYvm,2026-05-05 02:14:31+00:00,1777947271000,1664,27.36919,42.84793,9.96821,81209,True,103.25035,3
20260505-014600,-OrpucxTCsUrEC96HVIQ,2026-05-05 02:14:43+00:00,1777947283000,1676,27.36919,42.8682,9.96811,81525,True,101.56471,3
20260505-014600,-OrpufsxZSJWkQ1j_-CU,2026-05-05 02:14:55+00:00,1777947295000,1688,27.37172,42.85734,9.96811,81209,True,102.25655,3
20260505-014600,-Orpuips8k6YHiF8Aok7,2026-05-05 02:15:07+00:00,1777947307000,1700,27.36919,42.85201,9.96807,81209,True,102.28653,3
20260505-014600,-Orpulk5bSP63rfE7ONS,2026-05-05 02:15:19+00:00,1777947319000,1712,27.36919,42.85798,9.96791,81288,True,101.1629,3
20260505-014600,-Orpuofe44aCgoLmIOnK,2026-05-05 02:15:31+00:00,1777947331000,1724,27.37426,42.84897,9.96812,81525,True,101.78476,3
20260505-014600,-Orpuradmylt6_7JQURA,2026-05-05 02:15:43+00:00,1777947343000,1736,27.37172,42.87887,9.96792,81764,True,101.05849,3
20260505-014600,-OrpuuXL8Nfk2U3mseVR,2026-05-05 02:15:55+00:00,1777947355000,1748,27.37679,42.86614,9.96819,81605,True,101.52733,3
20260505-014600,-OrpuxUToC5ajUG8t07D,2026-05-05 02:16:07+00:00,1777947367000,1760,27.37426,42.85323,9.96805,81131,True,101.9654,3
20260505-014600,-Orpv-OkossAW3CrjESB,2026-05-05 02:16:19+00:00,1777947379000,1772,27.37426,42.84809,9.96812,81288,True,102.21402,3
20260505-014600,-Orpv2KShMnM5CGGAmW6,2026-05-05 02:16:31+00:00,1777947391000,1784,27.37172,42.861,9.96811,81131,True,102.29672,3
20260505-014600,-Orpv5GXI4F8k3McJxBp,2026-05-05 02:16:43+00:00,1777947403000,1796,27.37426,42.86675,9.96799,81685,True,100.37463,3
20260505-014600,-Orpv8Ap8PpP6oZmYzQu,2026-05-05 02:16:55+00:00,1777947415000,1808,27.38187,42.84137,9.96818,82004,True,99.83841,3
20260505-014600,-OrpvB86VllHhNgtp1rI,2026-05-05 02:17:07+00:00,1777947427000,1820,27.3844,42.82682,9.96814,81605,True,98.73781,3
20260505-014600,-OrpvEGKzhVbHG8PBoy1,2026-05-05 02:17:19+00:00,1777947439000,1832,27.37933,42.83778,9.96807,82004,True,98.29393,3
20260505-014600,-OrpvGyhxbPS53EzJtFb,2026-05-05 02:17:31+00:00,1777947451000,1844,27.38693,42.83652,9.96821,81924,True,98.02634,3
20260505-014600,-OrpvJuU-sLRS4PECVAI,2026-05-05 02:17:43+00:00,1777947463000,1856,27.38187,42.84245,9.96813,81844,True,97.41913,3
20260505-014600,-OrpvMpfNY06Bnk5m9NX,2026-05-05 02:17:55+00:00,1777947475000,1868,27.37933,42.84135,9.96802,81446,True,99.47688,3
20260505-014600,-OrpvPmaI_YbZc1_Wpl7,2026-05-05 02:18:07+00:00,1777947487000,1880,27.38693,42.8441,9.96818,82246,True,97.98484,3
20260505-014600,-OrpvSgSzzCqngeViO7y,2026-05-05 02:18:19+00:00,1777947499000,1892,27.38947,42.82086,9.96815,81209,True,99.31295,3
20260505-014600,-OrpvVcBTmNWrB44RFwS,2026-05-05 02:18:31+00:00,1777947511000,1904,27.3844,42.84175,9.96798,81209,True,101.75226,3
20260505-014600,-OrpvYYIhGah4fln9mav,2026-05-05 02:18:43+00:00,1777947523000,1916,27.38947,42.81572,9.96803,81685,True,100.80415,3
20260505-014600,-OrpvaUAEqR3Jkbe3dJQ,2026-05-05 02:18:55+00:00,1777947535000,1928,27.38693,42.82588,9.96805,81924,True,99.98868,3
20260505-014600,-OrpvdPUKVv8SH4Yw2Gz,2026-05-05 02:19:07+00:00,1777947547000,1940,27.3844,42.85481,9.96793,81605,True,99.54803,3
20260505-014600,-OrpvgLPT2RGa5Qb2I-v,2026-05-05 02:19:19+00:00,1777947559000,1952,27.3844,42.85048,9.96787,81924,True,98.10509,3
20260505-014600,-OrpvjGWBoB756ta1l5x,2026-05-05 02:19:31+00:00,1777947571000,1964,27.38947,42.82705,9.96794,82085,True,98.02285,3
20260505-014600,-OrpvmBunCVtIaxhKIaL,2026-05-05 02:19:43+00:00,1777947583000,1976,27.38693,42.82864,9.96779,82085,True,97.36436,3
20260505-014600,-Orpvp7JekOn-Uw9Zr9a,2026-05-05 02:19:55+00:00,1777947595000,1988,27.38947,42.80189,9.96776,82085,True,97.83705,3
20260505-014600,-Orpvs4Q_-nR3gb8FatP,2026-05-05 02:20:07+00:00,1777947607000,2000,27.39201,42.79238,9.96792,82408,True,95.75345,3
20260505-014600,-Orpvvxt9PytOpUTrn7j,2026-05-05 02:20:20+00:00,1777947620000,2013,27.36411,43.09256,9.96787,76604,True,120.73273,3
20260505-014600,-OrpvyBbnOuBM-a0TKSC,2026-05-05 02:20:32+00:00,1777947632000,2025,27.3844,42.86551,9.96789,79816,True,117.4819,3
20260505-014600,-Orpw06wZArzZhsDjp31,2026-05-05 02:20:44+00:00,1777947644000,2037,27.38187,42.83591,9.96782,80974,True,108.37283,3
20260505-014600,-Orpw32SO6H6iV804Aqg,2026-05-05 02:20:56+00:00,1777947656000,2049,27.3844,42.84336,9.96789,80817,True,104.92874,3
20260505-014600,-Orpw5zA0OlaWqpWsE3o,2026-05-05 02:21:08+00:00,1777947668000,2061,27.38947,42.85086,9.96803,80429,True,106.03652,3
20260505-014600,-Orpw8utaITTCLA5YurI,2026-05-05 02:21:20+00:00,1777947680000,2073,27.39201,42.83516,9.96789,80045,True,109.26111,3
20260505-014600,-OrpwBq6bPunRkdf7VY_,2026-05-05 02:21:32+00:00,1777947692000,2085,27.38693,42.81912,9.96786,80429,True,109.2773,3
20260505-014600,-OrpwEm7_Zef_FwloPB-,2026-05-05 02:21:44+00:00,1777947704000,2097,27.39454,42.78955,9.96805,80740,True,106.74416,3
20260505-014600,-OrpwHh02RI-f2E4p0DB,2026-05-05 02:21:56+00:00,1777947716000,2109,27.39708,42.7882,9.96781,81209,True,104.60803,3
20260505-014600,-OrpwKcRPDKDs7g3jopC,2026-05-05 02:22:08+00:00,1777947728000,2121,27.39454,42.79391,9.96788,81605,True,101.03754,3
20260505-014600,-OrpwNZ4V4qNSRSv-PWI,2026-05-05 02:22:20+00:00,1777947740000,2133,27.39961,42.8208,9.96794,81764,True,99.8084,3
20260505-014600,-OrpwQU_WH9ZKMDjTQM8,2026-05-05 02:22:32+00:00,1777947752000,2145,27.39454,42.81489,9.96789,81525,True,99.85582,3
20260505-014600,-OrpwTUE048NeS-ThVtH,2026-05-05 02:22:44+00:00,1777947764000,2157,27.39201,42.83452,9.9678,81525,True,99.25467,3
20260505-014600,-OrpwWLJZFDLEWY_Ngnk,2026-05-05 02:22:56+00:00,1777947776000,2169,27.39961,42.80614,9.96798,81367,True,101.26086,3
20260505-014600,-OrpwZGslg-w7tk1ahNI,2026-05-05 02:23:08+00:00,1777947788000,2181,27.39961,42.80162,9.96794,81052,True,102.65173,3
20260505-014600,-OrpwbZXdy36Q1y4zE_8,2026-05-05 02:23:20+00:00,1777947800000,2193,27.40468,42.78808,9.96802,81131,True,103.40264,3
20260505-014600,-Orpwe8eJF6h5kjmL_qg,2026-05-05 02:23:32+00:00,1777947812000,2205,27.40468,42.79722,9.96783,82004,True,100.89492,3
20260505-014600,-Orpwh4BdCwPZVJeyMZL,2026-05-05 02:23:44+00:00,1777947824000,2217,27.40468,42.79253,9.96786,81367,True,100.40856,3
20260505-014600,-Orpwk0VWRuIGL9RAMGH,2026-05-05 02:23:56+00:00,1777947836000,2229,27.40215,42.79029,9.96777,82408,True,97.66826,3
20260505-014600,-Orpwmvluqd7fFRN5Jxr,2026-05-05 02:24:08+00:00,1777947848000,2241,27.39454,42.83086,9.96772,81844,True,96.49852,3
20260505-014600,-OrpwpqoQH0HCbzKXfFw,2026-05-05 02:24:20+00:00,1777947860000,2253,27.40215,42.79991,9.96798,82085,True,95.3979,3
20260505-014600,-Orpwsn09G00SSxeBxaw,2026-05-05 02:24:32+00:00,1777947872000,2265,27.39961,42.80827,9.96791,82165,True,95.99731,3
20260505-014600,-OrpwvioDZtWSrvhp_th,2026-05-05 02:24:44+00:00,1777947884000,2277,27.39708,42.80309,9.96783,81605,True,98.04163,3
20260505-014600,-OrpwydUzwuEM7viOMLx,2026-05-05 02:24:56+00:00,1777947896000,2289,27.40215,42.80638,9.96772,81764,True,98.84698,3
20260505-014600,-Orpx0ZnhnAw_hPE63Qs,2026-05-05 02:25:08+00:00,1777947908000,2301,27.40468,42.80266,9.9679,81844,True,97.51444,3
20260505-014600,-Orpx3W3uPFirYMBDkbH,2026-05-05 02:25:20+00:00,1777947920000,2313,27.40468,42.824,9.96767,82165,True,96.50887,3
20260505-014600,-Orpx6R5_9MpEOXuzPWK,2026-05-05 02:25:32+00:00,1777947932000,2325,27.40215,42.85976,9.96775,82408,True,94.40129,3
20260505-014600,-Orpx9N3sGjqH1bmyydR,2026-05-05 02:25:44+00:00,1777947944000,2337,27.39708,42.84959,9.96758,81764,True,96.0993,3
20260505-014600,-OrpxCJAGiA6_3cu7h5O,2026-05-05 02:25:56+00:00,1777947956000,2349,27.40468,42.82415,9.96774,81525,True,97.83926,3
20260505-014600,-OrpxFDLfQA7S_-bPmEg,2026-05-05 02:26:08+00:00,1777947968000,2361,27.40215,42.80951,9.96793,81131,True,101.97258,3
20260505-014600,-OrpxI8wYLkNn1QkYAbO,2026-05-05 02:26:20+00:00,1777947980000,2373,27.40722,42.80828,9.96776,81288,True,103.41335,3
20260505-014600,-OrpxLWs52LJOpSVfG2u,2026-05-05 02:26:32+00:00,1777947992000,2385,27.40722,42.81081,9.96774,82004,True,100.23815,3
20260505-014600,-OrpxO0lGdw0U9mrOk1o,2026-05-05 02:26:44+00:00,1777948004000,2397,27.40215,42.8239,9.96754,81764,True,99.76466,3
20260505-014600,-OrpxQwr2zJej2nvqufc,2026-05-05 02:26:56+00:00,1777948016000,2409,27.40722,42.82442,9.96783,81288,True,100.39018,3
20260505-014600,-OrpxTs-gwRSHpdmdHlD,2026-05-05 02:27:08+00:00,1777948028000,2421,27.40722,42.82792,9.96766,81446,True,99.00771,3
20260505-014600,-OrpxWnNoyOUyRZjnQcZ,2026-05-05 02:27:20+00:00,1777948040000,2433,27.41483,42.81424,9.96778,81209,True,100.15038,3
20260505-014600,-OrpxZj8eCeysUZSxxdk,2026-05-05 02:27:32+00:00,1777948052000,2445,27.40722,42.80888,9.96776,81446,True,101.01986,3
20260505-014600,-Orpxbgi8CMpaL59_MaE,2026-05-05 02:27:44+00:00,1777948064000,2457,27.41483,42.79812,9.96783,81605,True,100.80811,3
20260505-014600,-OrpxeaGVxHMB97S0_-a,2026-05-05 02:27:56+00:00,1777948076000,2469,27.40722,42.81536,9.96776,81131,True,103.21336,3
20260505-014600,-OrpxhWRFFydKJdigHJZ,2026-05-05 02:28:08+00:00,1777948088000,2481,27.40468,42.81319,9.96753,80429,True,106.38194,3
20260505-014600,-OrpxkRghbFf3Xmkkoj8,2026-05-05 02:28:20+00:00,1777948100000,2493,27.40976,42.79815,9.96779,80584,True,106.45282,3
20260505-014600,-OrpxnJdYJebb8puEbHc,2026-05-05 02:28:32+00:00,1777948112000,2505,27.32608,43.40017,9.96775,71564,True,127.16092,3
20260505-014600,-OrpxqFTRSA9AvstA8yF,2026-05-05 02:28:44+00:00,1777948124000,2517,27.39961,42.8934,9.96775,77959,True,132.69601,3
20260505-014600,-OrpxtAm72LFd4pfyu_b,2026-05-05 02:28:56+00:00,1777948136000,2529,27.40468,42.83553,9.96784,80122,True,117.24085,3
20260505-014600,-Orpxw6oNR35nw4zdXx8,2026-05-05 02:29:08+00:00,1777948148000,2541,27.40468,42.82038,9.96756,81131,True,107.23795,3
20260505-014600,-Orpxz25cbvbXNgtBACm,2026-05-05 02:29:20+00:00,1777948160000,2553,27.40468,42.81527,9.96772,80974,True,104.46526,3
20260505-014600,-Orpy0yI0k_Ilt7_bMUp,2026-05-05 02:29:32+00:00,1777948172000,2565,27.40722,42.80482,9.96769,80045,True,106.38535,3
20260505-014600,-Orpy4CDn7KlokURcdA8,2026-05-05 02:29:44+00:00,1777948184000,2577,27.40976,42.76947,9.96773,80429,True,107.21448,3
20260505-014600,-Orpy6pjoNUzsUZIrxH1,2026-05-05 02:29:56+00:00,1777948196000,2589,27.40976,42.77967,9.96777,80584,True,107.17914,3
20260505-014600,-Orpy9lRs7g7Z941ZLUI,2026-05-05 02:30:08+00:00,1777948208000,2601,27.40722,42.78744,9.96776,80740,True,106.28448,3
20260505-014600,-OrpyChDludHxGyYAE38,2026-05-05 02:30:20+00:00,1777948220000,2613,27.40976,42.77948,9.96786,80507,True,106.66129,3
20260505-014600,-OrpyFn-2tcUC4ozkZm6,2026-05-05 02:30:32+00:00,1777948232000,2625,27.32101,43.42215,9.96755,70361,True,130.37161,3
20260505-014600,-OrpyIiN1zhVyPZx75H9,2026-05-05 02:30:44+00:00,1777948244000,2637,27.39708,42.8693,9.96755,76744,True,140.08969,3
20260505-014600,-OrpyLdmc3Kb9HkIKcyI,2026-05-05 02:30:56+00:00,1777948256000,2649,27.40215,42.78756,9.9677,79513,True,122.24953,3
20260505-014600,-OrpyO_CCiIIf1y0sSyE,2026-05-05 02:31:08+00:00,1777948268000,2661,27.40468,42.79435,9.9677,80507,True,111.1389,3
20260505-014600,-OrpyRWLwGv8waW_Y-RW,2026-05-05 02:31:20+00:00,1777948280000,2673,27.41483,42.78116,9.9678,81131,True,104.40991,3
20260505-014600,-OrpyURxOeAlRbftM6Uq,2026-05-05 02:31:32+00:00,1777948292000,2685,27.41483,42.76612,9.96766,80740,True,104.49905,3
20260505-014600,-OrpyXN9XX55DtCj7QZy,2026-05-05 02:31:44+00:00,1777948304000,2697,27.41483,42.78543,9.96772,81131,True,104.61636,3
20260505-014600,-Orpy_I51cJdbkHbePVM,2026-05-05 02:31:56+00:00,1777948316000,2709,27.41229,42.78464,9.96765,80352,True,105.9577,3
20260505-014600,-OrpycDcoY4yg1slPYDn,2026-05-05 02:32:08+00:00,1777948328000,2721,27.41483,42.784,9.96762,80817,True,106.18915,3
20260505-014600,-OrpyfAKBT-cX8BZn-eX,2026-05-05 02:32:20+00:00,1777948340000,2733,27.4199,42.87399,9.96768,80507,True,107.19786,3
20260505-014600,-Orpyi4vqp5Qjq-9TPV3,2026-05-05 02:32:32+00:00,1777948352000,2745,27.41736,42.87922,9.96771,81131,True,104.27126,3
20260505-014600,-OrpylCDH1aeaOZvz_WW,2026-05-05 02:32:44+00:00,1777948364000,2757,27.4199,42.88229,9.96772,81764,True,100.44293,3
20260505-014600,-OrpynwndjvMqKuLkF77,2026-05-05 02:32:56+00:00,1777948376000,2769,27.42497,42.86922,9.96761,81764,True,97.94493,3
20260505-014600,-OrpyqsA_d9rU6evizJu,2026-05-05 02:33:08+00:00,1777948388000,2781,27.42243,42.84901,9.96764,82165,True,96.73923,3
20260505-014600,-OrpytpUP8b_Wrzz3lGu,2026-05-05 02:33:20+00:00,1777948400000,2793,27.42497,42.8767,9.96764,82246,True,96.00632,3
20260505-014600,-OrpywjPZXTJxfMYNZmz,2026-05-05 02:33:32+00:00,1777948412000,2805,27.42751,42.85789,9.96751,82408,True,94.35127,3
20260505-014600,-Orpyzf2LucxlTvbYvEr,2026-05-05 02:33:44+00:00,1777948424000,2817,27.43004,42.86923,9.9676,82408,True,93.65607,3
20260505-014600,-Orpz1aJk10H2E_Bbv1V,2026-05-05 02:33:56+00:00,1777948436000,2829,27.42243,42.87498,9.96751,82897,True,92.53234,3
20260505-014600,-Orpz4WV7C2YYhVWGXHZ,2026-05-05 02:34:08+00:00,1777948448000,2841,27.42751,42.85765,9.96754,82570,True,92.12459,3
20260505-014600,-Orpz7SlCgwO3nlxUipY,2026-05-05 02:34:20+00:00,1777948460000,2853,27.42243,42.86529,9.96751,82489,True,93.37698,3
20260505-014600,-OrpzAOsTLhQ0oIbFd7G,2026-05-05 02:34:32+00:00,1777948472000,2865,27.42751,42.86177,9.96735,82327,True,93.24525,3
20260505-014600,-OrpzDJXpQtVP0v_Wher,2026-05-05 02:34:44+00:00,1777948484000,2877,27.42751,42.85779,9.96745,82734,True,92.57608,3
20260505-014600,-OrpzGEzpRjGE16B2qop,2026-05-05 02:34:56+00:00,1777948496000,2889,27.42497,42.85733,9.96757,82652,True,92.44544,3
20260505-014600,-OrpzJA2uS48om3Q6Lan,2026-05-05 02:35:08+00:00,1777948508000,2901,27.43004,42.84067,9.96753,83062,True,90.62419,3
20260505-014600,-OrpzM5ytgJk_8jkfm76,2026-05-05 02:35:20+00:00,1777948520000,2913,27.42497,42.85587,9.96757,82734,True,90.82652,3
20260505-014600,-OrpzP12Wtsi218RYmgn,2026-05-05 02:35:32+00:00,1777948532000,2925,27.42497,42.86347,9.96748,82489,True,91.19769,3
20260505-014600,-OrpzRyNPecjMOEoXk-k,2026-05-05 02:35:44+00:00,1777948544000,2937,27.42497,42.8616,9.96736,82897,True,90.62297,3
20260505-014600,-OrpzVAHIq9UjrOBwztm,2026-05-05 02:35:56+00:00,1777948556000,2949,27.42497,42.85138,9.96738,82570,True,90.82414,3
20260505-014600,-OrpzXou3lREd2CTzd_O,2026-05-05 02:36:08+00:00,1777948568000,2961,27.42751,42.84857,9.9674,82897,True,91.38827,3
20260505-014600,-Orpz_kF4zNuY9fpI3vR,2026-05-05 02:36:20+00:00,1777948580000,2973,27.42751,42.86042,9.96749,82246,True,92.96953,3
20260505-014600,-OrpzcficKhX0AHG3OIE,2026-05-05 02:36:32+00:00,1777948592000,2985,27.43004,42.85675,9.96751,82734,True,92.44264,3
20260505-014600,-Orpzfb4k4DsXAaKrRzy,2026-05-05 02:36:44+00:00,1777948604000,2997,27.42497,42.87602,9.96741,83062,True,90.90942,3
20260505-014600,-OrpzicEd_DZ1LwZJ3DW,2026-05-05 02:36:56+00:00,1777948616000,3009,27.42751,42.84332,9.96738,82570,True,91.68398,3
20260505-014600,-OrpzlTRqJV_KbUWEkYY,2026-05-05 02:37:08+00:00,1777948628000,3021,27.43004,42.86845,9.96751,82734,True,91.45103,3
20260505-014600,-OrpzoPGbzmJsmfsGrbP,2026-05-05 02:37:20+00:00,1777948640000,3033,27.42751,42.85554,9.9674,82652,True,91.74837,3
20260505-014600,-OrpzrKG7-pVfJ21jMF4,2026-05-05 02:37:32+00:00,1777948652000,3045,27.43004,42.84787,9.96753,82327,True,92.30698,3
20260505-014600,-OrpzuGE2yVUrCKEHJWt,2026-05-05 02:37:44+00:00,1777948664000,3057,27.43004,42.85204,9.96762,82897,True,91.38743,3
20260505-014600,-OrpzxBp1oLui-08kblH,2026-05-05 02:37:56+00:00,1777948676000,3069,27.43258,42.84245,9.96757,82979,True,89.60081,3
20260505-014600,-Orq--7T2u03YT1d7Ggq,2026-05-05 02:38:08+00:00,1777948688000,3081,27.42497,42.87737,9.96739,82085,True,93.21086,3
20260505-014600,-Orq-22en0Pfq5Cy8xMV,2026-05-05 02:38:20+00:00,1777948700000,3093,27.42751,42.881,9.96747,82085,True,95.30704,3
20260505-014600,-Orq-4z8KSApGHwF5GuV,2026-05-05 02:38:32+00:00,1777948712000,3105,27.42751,42.89278,9.96758,82165,True,96.3076,3
20260505-014600,-Orq-7uhm1CWbDF4v9WU,2026-05-05 02:38:44+00:00,1777948724000,3117,27.43258,42.84948,9.96753,81924,True,96.19019,3
20260505-014600,-Orq-AqAGXmom9YyU0y9,2026-05-05 02:38:56+00:00,1777948736000,3129,27.43258,42.85345,9.96764,82004,True,95.24159,3
20260505-014600,-Orq-EBVht7VEtthQM0-,2026-05-05 02:39:08+00:00,1777948748000,3141,27.43004,42.861,9.9676,82165,True,95.2052,3
20260505-014600,-Orq-Gi1TeupdHr-tcyq,2026-05-05 02:39:20+00:00,1777948760000,3153,27.43004,42.86755,9.96751,82408,True,93.93134,3
20260505-014600,-Orq-JIwRfB_l0KDd2JE,2026-05-05 02:39:31+00:00,1777948771000,3164,27.35397,43.36445,9.96744,74293,True,111.83124,3
20260505-014600,-Orq-MEq9H4GHjsjTp3J,2026-05-05 02:39:43+00:00,1777948783000,3176,27.41483,42.92303,9.96739,79438,True,119.2241,3
20260505-014600,-Orq-PA5-kKasU44XFNc,2026-05-05 02:39:55+00:00,1777948795000,3188,27.43004,42.86781,9.96753,81052,True,107.22356,3
20260505-014600,-Orq-S5FvLFwc-LRE5G5,2026-05-05 02:40:07+00:00,1777948807000,3200,27.42497,42.87162,9.96754,82004,True,99.06478,3
20260505-014600,-Orq-V0phha4L69I6TeD,2026-05-05 02:40:19+00:00,1777948819000,3212,27.42243,42.86081,9.96735,81924,True,97.09294,3
20260505-014600,-Orq-XxIkXGO6EPoYgf6,2026-05-05 02:40:31+00:00,1777948831000,3224,27.43004,42.85642,9.96774,81764,True,97.59937,3
20260505-014600,-Orq-_tN8Uh1BBbdUIwS,2026-05-05 02:40:43+00:00,1777948843000,3236,27.43511,42.83837,9.96764,82004,True,96.72005,3
20260505-014600,-Orq-coYAWKyxSAIGHv2,2026-05-05 02:40:55+00:00,1777948855000,3248,27.43004,42.84946,9.96755,82085,True,95.79919,3
20260505-014600,-Orq-fjvvvEG6qZL7h6_,2026-05-05 02:41:07+00:00,1777948867000,3260,27.42751,42.84806,9.96754,83062,True,91.58123,3
20260505-014600,-Orq-ifSOk8-c4p5_LsM,2026-05-05 02:41:19+00:00,1777948879000,3272,27.42751,42.86524,9.96756,82489,True,91.52014,3
20260505-014600,-Orq-lalEs2rCsweImAv,2026-05-05 02:41:31+00:00,1777948891000,3284,27.44019,42.84402,9.96776,82979,True,90.57281,3
20260505-014600,-Orq-oX1uTLC2x4P5_z7,2026-05-05 02:41:43+00:00,1777948903000,3296,27.43511,42.85456,9.96756,82815,True,90.54672,3
20260505-014600,-Orq-rSWi0deJT3kHPjI,2026-05-05 02:41:55+00:00,1777948915000,3308,27.44272,42.85431,9.96775,82979,True,90.16554,3
20260505-014600,-Orq-uO_Ono1w7r6G3VH,2026-05-05 02:42:07+00:00,1777948927000,3320,27.43511,42.8702,9.96764,83144,True,88.65415,3
20260505-014600,-Orq-xRpvA261LJs5xUZ,2026-05-05 02:42:19+00:00,1777948939000,3332,27.43258,42.87956,9.96762,82734,True,90.28463,3
20260505-014600,-Orq0-F7saiXMDM-X69J,2026-05-05 02:42:31+00:00,1777948951000,3344,27.44272,42.85176,9.96782,83062,True,89.05469,3
20260505-014600,-Orq02BoF2A7ERE7FH5x,2026-05-05 02:42:43+00:00,1777948963000,3356,27.43258,42.86704,9.96773,82815,True,90.67023,3
20260505-014600,-Orq056iotxLqpn1HLV0,2026-05-05 02:42:55+00:00,1777948975000,3368,27.43511,42.87332,9.96763,82004,True,94.72543,3
20260505-014600,-Orq0823ttG0RSoq6CzZ,2026-05-05 02:43:07+00:00,1777948987000,3380,27.44272,42.86071,9.96775,81764,True,96.66064,3
20260505-014600,-Orq0AyaNtHxDYbftBkQ,2026-05-05 02:43:19+00:00,1777948999000,3392,27.44019,42.86568,9.96783,81764,True,97.36852,3
20260505-014600,-Orq0_aMBir0UJ8EzQFv,2026-05-05 02:44:57+00:00,1777949097000,3490,27.36665,43.32952,9.96787,51752,True,337.93411,2
20260505-014600,-Orq0b5iVO5Cu1oW0iQC,2026-05-05 02:45:10+00:00,1777949110000,3503,27.29058,43.73755,9.96796,51945,True,334.63788,2
20260505-014600,-Orq0e75HO4vUr68VVtY,2026-05-05 02:45:22+00:00,1777949122000,3515,27.3844,43.09708,9.96807,64015,True,269.17795,2
20260505-014600,-Orq0gxj8u62LGA8yyDe,2026-05-05 02:45:34+00:00,1777949134000,3527,27.39961,43.00156,9.96815,70067,True,207.31862,2
20260505-014600,-Orq0jsZnv7TDKmZSmKH,2026-05-05 02:45:46+00:00,1777949146000,3539,27.40722,42.98156,9.96787,72871,True,172.582,2
20260505-014600,-Orq0moSG7IwZ_1yMLoF,2026-05-05 02:45:58+00:00,1777949158000,3551,27.40468,42.97779,9.96795,74162,True,155.45877,2
20260505-014600,-Orq0pk4gNGAWcS-say9,2026-05-05 02:46:10+00:00,1777949170000,3563,27.41736,42.96467,9.96799,75499,True,143.98593,2
20260505-014600,-Orq0sfJDCM2sxYp7L0c,2026-05-05 02:46:22+00:00,1777949182000,3575,27.42497,42.93507,9.96815,77027,True,133.24597,2
20260505-014600,-Orq0vawayCpAMd1mAq5,2026-05-05 02:46:34+00:00,1777949194000,3587,27.42497,42.93925,9.96806,77959,True,124.96268,3
20260505-014600,-Orq0yXHIsUDWOqDeuym,2026-05-05 02:46:46+00:00,1777949206000,3599,27.42751,42.92903,9.96796,77959,True,120.34396,3
20260505-014600,-Orq10SjDAOnyvl4n7xb,2026-05-05 02:46:58+00:00,1777949218000,3611,27.43511,42.89631,9.96808,78765,True,118.04272,3
20260505-014600,-Orq13K4lLx4RCS8-3Oz,2026-05-05 02:47:10+00:00,1777949230000,3623,27.34636,43.49598,9.96792,69775,True,136.84239,3
20260505-014600,-Orq16FDtywB-scO7HG3,2026-05-05 02:47:22+00:00,1777949242000,3635,27.42751,42.96523,9.96817,75841,True,142.83655,3
20260505-014600,-Orq19ACd8oA6eqDFr5L,2026-05-05 02:47:34+00:00,1777949254000,3647,27.43511,42.88877,9.96829,78544,True,125.41225,3
20260505-014600,-Orq1C6RManM7C6rnRby,2026-05-05 02:47:46+00:00,1777949266000,3659,27.43765,42.88813,9.9683,79664,True,113.90073,3
20260505-014600,-Orq1F1BMTLHRBLObfch,2026-05-05 02:47:58+00:00,1777949278000,3671,27.43511,42.89632,9.96812,80275,True,108.06348,3
20260505-014600,-Orq1Hy8hbIuK8dDg6z-,2026-05-05 02:48:10+00:00,1777949290000,3683,27.44525,42.87795,9.96842,80740,True,104.61343,3
20260505-014600,-Orq1Ktx2K3CTca6JV1m,2026-05-05 02:48:22+00:00,1777949302000,3695,27.44525,42.88158,9.96832,80817,True,103.91827,3
20260505-014600,-Orq1P7QNIb4o6x3t0JA,2026-05-05 02:48:34+00:00,1777949314000,3707,27.4554,42.8666,9.96835,80275,True,103.70599,3
20260505-014600,-Orq1Qidf184yYTclfeS,2026-05-05 02:48:45+00:00,1777949325000,3718,27.36158,43.43644,9.96814,71564,True,123.93811,3
20260505-014600,-Orq1TYgDQknFut_YWLH,2026-05-05 02:48:57+00:00,1777949337000,3730,27.43511,42.97222,9.96828,77027,True,133.85034,3
20260505-014600,-Orq1WUQdvSdRqqPjO-a,2026-05-05 02:49:09+00:00,1777949349000,3742,27.45033,42.87708,9.96866,78691,True,121.68127,3
20260505-014600,-Orq1ZQ0xUgCOjU4c3aU,2026-05-05 02:49:21+00:00,1777949361000,3754,27.44525,42.88087,9.9684,80045,True,111.51862,3
20260505-014600,-Orq1bLKAw_kgwsQbKf1,2026-05-05 02:49:33+00:00,1777949373000,3766,27.44779,42.87492,9.96839,80045,True,108.0623,3
20260505-014600,-Orq1eGrZHRX9Y0EYTFx,2026-05-05 02:49:45+00:00,1777949385000,3778,27.45033,42.88131,9.96829,80275,True,105.51549,3
20260505-014600,-Orq1hC6LvUyzniD2g5u,2026-05-05 02:49:57+00:00,1777949397000,3790,27.45033,42.88607,9.96831,80275,True,104.74673,3
20260505-014600,-Orq1k7wS0H44mjvsAp6,2026-05-05 02:50:09+00:00,1777949409000,3802,27.45793,42.87503,9.96845,80584,True,104.30992,3
20260505-014600,-Orq1n3nrl3rKPFADnE2,2026-05-05 02:50:21+00:00,1777949421000,3814,27.45793,42.8539,9.96831,80045,True,105.9787,3
20260505-014600,-Orq1q-KGkwKf59QATyz,2026-05-05 02:50:33+00:00,1777949433000,3826,27.44779,42.8793,9.96834,79513,True,109.24427,3
20260505-014600,-Orq1svYwuvYN8j5uCUe,2026-05-05 02:50:45+00:00,1777949445000,3838,27.45793,42.85408,9.96854,79137,True,111.67595,3
20260505-014600,-Orq1vq_wenwbym9G82g,2026-05-05 02:50:57+00:00,1777949457000,3850,27.463,42.8434,9.96848,79664,True,110.90517,3
20260505-014600,-Orq1ymLudR11ZGD_rw9,2026-05-05 02:51:09+00:00,1777949469000,3862,27.463,42.83045,9.96835,79664,True,109.25642,3
20260505-014600,-Orq20hgCkhPlMNAnC3N,2026-05-05 02:51:21+00:00,1777949481000,3874,27.46554,42.83776,9.96839,80122,True,107.44373,3
20260505-014600,-Orq23dcMEePG_SbeIRr,2026-05-05 02:51:33+00:00,1777949493000,3886,27.46047,42.85555,9.96849,80429,True,104.38742,3
20260505-014600,-Orq26fJ4WFAfpHOW2Dy,2026-05-05 02:51:45+00:00,1777949505000,3898,27.45793,42.868,9.96836,80740,True,103.11789,3
20260505-014600,-Orq29VSvtGRuUiET0fV,2026-05-05 02:51:57+00:00,1777949517000,3910,27.46807,42.84529,9.96845,81131,True,100.75502,3
20260505-014600,-Orq2CR7hePWzjlnqHnz,2026-05-05 02:52:09+00:00,1777949529000,3922,27.46554,42.84999,9.96859,80275,True,102.86468,3
20260505-014600,-Orq2FM7m2PcZauQLO52,2026-05-05 02:52:21+00:00,1777949541000,3934,27.463,42.85854,9.9686,80662,True,102.5576,3
20260505-014600,-Orq2IHbpEmUEoe0vrdR,2026-05-05 02:52:33+00:00,1777949553000,3946,27.463,42.85663,9.96839,80817,True,102.53879,3
20260505-014600,-Orq2LD70d1o5zqLtbkN,2026-05-05 02:52:45+00:00,1777949565000,3958,27.46554,42.86071,9.9685,80352,True,104.2623,3
20260505-014600,-Orq2O8poomTbzE2KLuQ,2026-05-05 02:52:57+00:00,1777949577000,3970,27.463,42.86107,9.96851,80122,True,106.56908,3
20260505-014600,-Orq2R4TodjsZmqH9ol1,2026-05-05 02:53:09+00:00,1777949589000,3982,27.47061,42.85425,9.96861,79892,True,107.7056,3
20260505-014600,-Orq2U-J0LP-uwc6nuSz,2026-05-05 02:53:21+00:00,1777949601000,3994,27.47061,42.83347,9.96854,80429,True,105.64728,3
20260505-014600,-Orq2WwjN-czFBjnNpiL,2026-05-05 02:53:33+00:00,1777949613000,4006,27.46807,42.83007,9.96863,81288,True,102.0656,3
20260505-014600,-Orq2Zs9QhDFFn4oSMHC,2026-05-05 02:53:45+00:00,1777949625000,4018,27.47568,42.82888,9.96871,81446,True,99.9408,3
20260505-014600,-Orq2bnOxhAraHgbzVfF,2026-05-05 02:53:57+00:00,1777949637000,4030,27.47822,42.83824,9.96877,81367,True,98.68608,3
20260505-014600,-Orq2eirfgfpGENNhQmp,2026-05-05 02:54:09+00:00,1777949649000,4042,27.47315,42.82131,9.96867,81525,True,96.99289,3
20260505-014600,-Orq2heRFL0eezeFgI2e,2026-05-05 02:54:21+00:00,1777949661000,4054,27.47568,42.8394,9.96894,81605,True,96.00688,3
20260505-014600,-Orq2kgHQ23NSnAfbPEd,2026-05-05 02:54:33+00:00,1777949673000,4066,27.47568,42.84052,9.96905,81605,True,95.92166,3
20260505-014600,-Orq2nWcHvwx16xkjE7l,2026-05-05 02:54:45+00:00,1777949685000,4078,27.47315,42.83909,9.9689,81764,True,94.85416,3
20260505-014600,-Orq2qspqWcwaEigmbeh,2026-05-05 02:54:57+00:00,1777949697000,4090,27.47568,42.85662,9.969,82004,True,93.33719,3
20260505-014600,-Orq2tNGEylZxxHVMzGX,2026-05-05 02:55:09+00:00,1777949709000,4102,27.47061,42.84821,9.96911,82085,True,92.77821,3
20260505-014600,-Orq2wIe5hJDjRPPTUL-,2026-05-05 02:55:21+00:00,1777949721000,4114,27.46807,42.85689,9.969,82165,True,93.38168,3
20260505-014600,-Orq2zE5gSPz338uCpEV,2026-05-05 02:55:33+00:00,1777949733000,4126,27.46807,42.85665,9.96914,81605,True,95.04535,3
20260505-014600,-Orq31AH8aMoOz5een47,2026-05-05 02:55:45+00:00,1777949745000,4138,27.47568,42.85162,9.96931,80974,True,99.32549,3
20260505-014600,-Orq345wn434UFPt36b4,2026-05-05 02:55:57+00:00,1777949757000,4150,27.47061,42.86865,9.96923,80198,True,102.68505,3
20260505-014600,-Orq371JcSCJPL5UFZkZ,2026-05-05 02:56:09+00:00,1777949769000,4162,27.47061,42.87953,9.96898,80740,True,103.63501,3
20260505-014600,-Orq39x7nwTqgQUCF30O,2026-05-05 02:56:21+00:00,1777949781000,4174,27.47061,42.88249,9.96912,79740,True,106.58578,3
20260505-014600,-Orq3CsdKRIsr_QB2zTz,2026-05-05 02:56:33+00:00,1777949793000,4186,27.47568,42.85176,9.96907,79664,True,107.94022,3
20260505-014600,-Orq3Fo4YCv3T5N1S51J,2026-05-05 02:56:45+00:00,1777949805000,4198,27.47061,42.86029,9.96898,79438,True,110.45958,3
20260505-014600,-Orq3IjRlmSbcKZRhS0W,2026-05-05 02:56:57+00:00,1777949817000,4210,27.47315,42.85519,9.96932,79589,True,110.91544,3
20260505-014600,-Orq3Lf3_HG4vrMaEhlx,2026-05-05 02:57:09+00:00,1777949829000,4222,27.48329,42.80773,9.96934,79438,True,110.9964,3
20260505-014600,-Orq3OaR7mNQyAJgAtfm,2026-05-05 02:57:21+00:00,1777949841000,4234,27.48075,42.80939,9.96941,80352,True,107.5325,3
20260505-014600,-Orq3RX4Bnra8G3ehicY,2026-05-05 02:57:33+00:00,1777949853000,4246,27.48582,42.82156,9.96942,81209,True,103.16619,3
20260505-014600,-Orq3USdmUOfrDyN7RZv,2026-05-05 02:57:45+00:00,1777949865000,4258,27.47822,42.84746,9.96926,81446,True,101.1716,3
20260505-014600,-Orq3XO9v0EoLFAEzESF,2026-05-05 02:57:57+00:00,1777949877000,4270,27.47315,42.85086,9.9693,81525,True,98.58313,3
20260505-014600,-Orq3_V-T8GLJnjiRMwu,2026-05-05 02:58:09+00:00,1777949889000,4282,27.48329,42.84098,9.96955,80895,True,99.5705,3
20260505-014600,-Orq3cF1QkjzAvdTuqWL,2026-05-05 02:58:21+00:00,1777949901000,4294,27.47315,42.83189,9.9693,80817,True,100.02849,3
20260505-014600,-Orq3fAXSRdk_qR75L7s,2026-05-05 02:58:33+00:00,1777949913000,4306,27.48075,42.83541,9.96941,80662,True,100.30782,3
20260505-014600,-Orq3i6G56_i4nOiDLNF,2026-05-05 02:58:45+00:00,1777949925000,4318,27.48075,42.81941,9.96974,81685,True,98.56364,3
20260505-014600,-Orq3l1O0dS6fMfnbeu0,2026-05-05 02:58:57+00:00,1777949937000,4330,27.47822,42.83978,9.96945,81367,True,98.53934,3
20260505-014600,-Orq3ny_kAZ8_vCJfLic,2026-05-05 02:59:09+00:00,1777949949000,4342,27.47822,42.84018,9.9694,80740,True,99.95443,3
20260505-014600,-Orq3qtpqo9U57sTclvJ,2026-05-05 02:59:21+00:00,1777949961000,4354,27.48836,42.81888,9.96972,79664,True,105.4361,3
20260505-014600,-Orq3tp5J5YKgSULG7aQ,2026-05-05 02:59:33+00:00,1777949973000,4366,27.48075,42.82599,9.9696,79816,True,107.30046,3
20260505-014600,-Orq3wkJFb3gG2qi3LjC,2026-05-05 02:59:45+00:00,1777949985000,4378,27.49597,42.83048,9.96978,79740,True,108.92732,3
20260505-014600,-Orq3zgWMA5n9KwZpnzO,2026-05-05 02:59:57+00:00,1777949997000,4390,27.48329,42.84047,9.96947,79589,True,109.11206,3
20260505-014600,-Orq41cGW4KBKvKFx07Z,2026-05-05 03:00:09+00:00,1777950009000,4402,27.48075,42.84609,9.96952,79438,True,110.03748,3
20260505-014600,-Orq44YWTySqO0c16JpV,2026-05-05 03:00:21+00:00,1777950021000,4414,27.48836,42.83476,9.96957,79664,True,109.92225,3
20260505-014600,-Orq47Tofb_1mr-0KIlZ,2026-05-05 03:00:33+00:00,1777950033000,4426,27.48836,42.83212,9.96946,79287,True,110.27898,3
20260505-014600,-Orq4AP3VJT3TBFVnp-L,2026-05-05 03:00:45+00:00,1777950045000,4438,27.48075,42.84757,9.96948,79287,True,111.43993,3
20260505-014600,-Orq4DKVhBMU9gA15Lgd,2026-05-05 03:00:57+00:00,1777950057000,4450,27.48075,42.83069,9.96934,79362,True,111.54831,3
20260505-014600,-Orq4GFo_XN6_Xh_xFI3,2026-05-05 03:01:09+00:00,1777950069000,4462,27.48329,42.83472,9.96924,79816,True,109.20036,3
20260505-014600,-Orq4K951B1LKB2xhT4E,2026-05-05 03:01:21+00:00,1777950081000,4474,27.48329,42.84292,9.96938,79816,True,108.13018,3
20260505-014600,-Orq4M7W6dNuH2XWGvmh,2026-05-05 03:01:33+00:00,1777950093000,4486,27.39454,43.46735,9.96921,70480,True,129.58109,3
20260505-014600,-Orq4P2mhmAqMKNHJxdl,2026-05-05 03:01:45+00:00,1777950105000,4498,27.47061,42.9301,9.96935,76464,True,137.8049,3
20260505-014600,-Orq4RzmkvnTYl69LdK7,2026-05-05 03:01:57+00:00,1777950117000,4510,27.48075,42.83337,9.96925,78765,True,123.09377,3
20260505-014600,-Orq4UvajirsvQk5dQJz,2026-05-05 03:02:09+00:00,1777950129000,4522,27.48836,42.82467,9.96951,80045,True,111.85539,3
20260505-014600,-Orq4XqiGZ1_QeWpyJnx,2026-05-05 03:02:21+00:00,1777950141000,4534,27.48582,42.8096,9.96949,80974,True,104.75739,3
20260505-014600,-Orq4_m1jMcXmisy5yxN,2026-05-05 03:02:33+00:00,1777950153000,4546,27.48582,42.81021,9.96933,81052,True,100.96634,3
20260505-014600,-Orq4chKYSY5minNVmu3,2026-05-05 03:02:45+00:00,1777950165000,4558,27.48582,42.80709,9.96928,81288,True,98.29522,3
20260505-014600,-Orq4fdwE2uIN_1wlZHr,2026-05-05 03:02:57+00:00,1777950177000,4570,27.48582,42.8118,9.96931,81844,True,96.04837,3
20260505-014600,-Orq4iZfww7Vx96QyyJF,2026-05-05 03:03:09+00:00,1777950189000,4582,27.48836,42.81533,9.96923,81844,True,95.30869,3
20260505-014600,-Orq4lVVa871Xdl1hC27,2026-05-05 03:03:21+00:00,1777950201000,4594,27.48836,42.80674,9.9693,81685,True,95.99287,3
20260505-014600,-Orq4oQRRSaXpUSO8_ZN,2026-05-05 03:03:33+00:00,1777950213000,4606,27.48836,42.81585,9.9692,81367,True,97.41296,3
20260505-014600,-Orq4rLuL69Aa5ToFu9I,2026-05-05 03:03:45+00:00,1777950225000,4618,27.4909,42.83484,9.96948,80662,True,100.13049,3
20260505-014600,-Orq4uHWpKFVADXwQr3y,2026-05-05 03:03:57+00:00,1777950237000,4630,27.49343,42.81052,9.96949,80352,True,101.2809,3
20260505-014600,-Orq4xDEnpsbGWIQsqD0,2026-05-05 03:04:09+00:00,1777950249000,4642,27.4909,42.822,9.96927,80817,True,100.75838,3
20260505-014600,-Orq5-x7mAazrrK1kOoa,2026-05-05 03:04:21+00:00,1777950261000,4654,27.4909,42.80469,9.96941,80275,True,102.4592,3
20260505-014600,-Orq52Bkz7lAg4USLAtL,2026-05-05 03:04:34+00:00,1777950274000,4667,27.46807,43.08195,9.96929,75978,True,122.56109,3
20260505-014600,-Orq55AL29lf6b4SYcgI,2026-05-05 03:04:46+00:00,1777950286000,4679,27.48836,42.85925,9.96914,79137,True,118.0347,3
20260505-014600,-Orq582XsWAlluIr42DY,2026-05-05 03:04:58+00:00,1777950298000,4691,27.48836,42.84214,9.96909,80198,True,110.72795,3
20260505-014600,-Orq5AyqGEw4zvqVniFD,2026-05-05 03:05:10+00:00,1777950310000,4703,27.48836,42.84552,9.96932,79892,True,107.45899,3
20260505-014600,-Orq5DuLFqEFMkXWTIWw,2026-05-05 03:05:22+00:00,1777950322000,4715,27.49597,42.82417,9.96925,79212,True,109.03638,3
20260505-014600,-Orq5GqKIgE6uJyZxqOk,2026-05-05 03:05:34+00:00,1777950334000,4727,27.49343,42.84657,9.96942,79063,True,111.36562,3
20260505-014600,-Orq5Jmfrk99HI0Xkxs8,2026-05-05 03:05:46+00:00,1777950346000,4739,27.4909,42.85413,9.96927,79212,True,112.50816,3
20260505-014600,-Orq5Mgrdw8X1RVTWE01,2026-05-05 03:05:58+00:00,1777950358000,4751,27.49597,42.83871,9.96935,79212,True,112.53963,3
20260505-014600,-Orq5PcLGb4oH88Zm7TQ,2026-05-05 03:06:10+00:00,1777950370000,4763,27.48836,42.84918,9.9693,79362,True,112.90028,3
20260505-014600,-Orq5SYx3C-Mr7w1o7AB,2026-05-05 03:06:22+00:00,1777950382000,4775,27.49597,42.81239,9.96934,79969,True,110.60035,3
20260505-014600,-Orq5VUUToxbsm6XkN48,2026-05-05 03:06:34+00:00,1777950394000,4787,27.49343,42.82391,9.96938,80584,True,106.52441,3
20260505-014600,-Orq5YQptGpZBgzx9Hyg,2026-05-05 03:06:46+00:00,1777950406000,4799,27.4985,42.81776,9.96925,80895,True,102.15062,3
20260505-014600,-Orq5aLVX8r0HffqltEU,2026-05-05 03:06:58+00:00,1777950418000,4811,27.49343,42.8438,9.96954,81367,True,99.23089,3
20260505-014600,-Orq5dHB4LG-0QcZWlbu,2026-05-05 03:07:10+00:00,1777950430000,4823,27.4909,42.8515,9.96931,81367,True,97.94584,3
20260505-014600,-Orq5gQ9jfIoy9zYpPEV,2026-05-05 03:07:22+00:00,1777950442000,4835,27.49343,42.83515,9.96951,81131,True,98.78191,3
20260505-014600,-Orq5j8d2QbbhXvq6VJ4,2026-05-05 03:07:34+00:00,1777950454000,4847,27.4985,42.84858,9.96964,80974,True,100.02524,3
20260505-014600,-Orq5m3yG2bP8ZZkHyh0,2026-05-05 03:07:46+00:00,1777950466000,4859,27.49343,42.8462,9.96951,80662,True,101.62272,3
20260505-014600,-Orq5p-G8O3JpNj99FTs,2026-05-05 03:07:58+00:00,1777950478000,4871,27.49597,42.86864,9.96944,80974,True,101.87137,3
20260505-014600,-Orq5rvZipbSJKe9yiks,2026-05-05 03:08:10+00:00,1777950490000,4883,27.49597,42.85713,9.96951,80584,True,102.51942,3
20260505-014600,-Orq5urxBLl8hw5ABd9Y,2026-05-05 03:08:22+00:00,1777950502000,4895,27.49597,42.87017,9.96955,80740,True,101.9313,3
20260505-014600,-Orq5xm_xtK7SH2n_NlU,2026-05-05 03:08:34+00:00,1777950514000,4907,27.4985,42.85349,9.96932,80662,True,101.59699,3
20260505-014600,-Orq6-ipQfr1NG01gAZX,2026-05-05 03:08:46+00:00,1777950526000,4919,27.4985,42.84162,9.96962,80662,True,101.97127,3
20260505-014600,-Orq62dyvlE6SnpJG7uB,2026-05-05 03:08:58+00:00,1777950538000,4931,27.4985,42.85241,9.96964,80045,True,103.21027,3
20260505-014600,-Orq65Zx1oXwc74qQUmv,2026-05-05 03:09:10+00:00,1777950550000,4943,27.4985,42.8613,9.96966,80584,True,103.82157,3
20260505-014600,-Orq68VeCSu4_XpyaCLT,2026-05-05 03:09:22+00:00,1777950562000,4955,27.50357,42.84552,9.96977,80584,True,102.69162,3
20260505-014600,-Orq6BSOg1dbwjVkHmQV,2026-05-05 03:09:34+00:00,1777950574000,4967,27.50611,42.84982,9.96999,80507,True,102.40388,3
20260505-014600,-Orq6EN1MAI82fEbuMKM,2026-05-05 03:09:46+00:00,1777950586000,4979,27.50357,42.86009,9.96995,80429,True,103.33972,3
20260505-014600,-Orq6HIH8cRoxHP1gaFH,2026-05-05 03:09:58+00:00,1777950598000,4991,27.50104,42.87599,9.96993,79892,True,106.17287,3
20260505-014600,-Orq6KDkRUfYpkpguZpO,2026-05-05 03:10:10+00:00,1777950610000,5003,27.50865,42.84414,9.96991,79969,True,107.83253,3
20260505-014600,-Orq6N90-yEyZh4VHyuG,2026-05-05 03:10:22+00:00,1777950622000,5015,27.49597,42.86931,9.96981,79438,True,109.55878,3
20260505-014600,-Orq6QRCKvl5KlTRTqWe,2026-05-05 03:10:34+00:00,1777950634000,5027,27.50104,42.84857,9.97001,79816,True,108.19713,3
20260505-014600,-Orq6T06jHXWqEgbrGRN,2026-05-05 03:10:46+00:00,1777950646000,5039,27.50865,42.83064,9.97005,80352,True,105.18695,3
20260505-014600,-Orq6VwJbOO0AuoWaG9M,2026-05-05 03:10:58+00:00,1777950658000,5051,27.51118,42.82833,9.97012,80122,True,104.91664,3
20260505-014600,-Orq6Ys7qU6RQJxGRnF5,2026-05-05 03:11:10+00:00,1777950670000,5063,27.50865,42.84208,9.97005,80895,True,102.54773,3
20260505-014600,-Orq6aneK_BukTSeJO7Q,2026-05-05 03:11:22+00:00,1777950682000,5075,27.50611,42.86043,9.97011,80352,True,102.92281,3
20260505-014600,-Orq6dj2ufRIN2CTh_ps,2026-05-05 03:11:34+00:00,1777950694000,5087,27.50611,42.8529,9.96997,80507,True,103.27918,3
20260505-014600,-Orq6gfQqxAEm7lIvkVz,2026-05-05 03:11:46+00:00,1777950706000,5099,27.51118,42.84393,9.97016,80122,True,105.11484,3
20260505-014600,-Orq6j_nJmzylefFsapm,2026-05-05 03:11:58+00:00,1777950718000,5111,27.51372,42.83522,9.97023,79816,True,107.89369,3
20260505-014600,-Orq6mWMzYKlly0NeGYC,2026-05-05 03:12:10+00:00,1777950730000,5123,27.50865,42.86936,9.9702,79137,True,111.41849,3
20260505-014600,-Orq6pSSUnY4dCOaz9eS,2026-05-05 03:12:22+00:00,1777950742000,5135,27.50865,42.85987,9.97015,78544,True,114.739,3
20260505-014600,-Orq6sNDJsYZvHsdWSQm,2026-05-05 03:12:34+00:00,1777950754000,5147,27.51372,42.85299,9.97043,78544,True,115.68692,3
20260505-014600,-Orq6vIcWnboG7SQAse7,2026-05-05 03:12:46+00:00,1777950766000,5159,27.50865,42.86187,9.97024,78691,True,116.03754,3
20260505-014600,-Orq6yEFnvh434x3ePbh,2026-05-05 03:12:58+00:00,1777950778000,5171,27.51372,42.83789,9.97043,78617,True,116.07758,3
20260505-014600,-Orq70BcW6Cwjm7I-LYC,2026-05-05 03:13:10+00:00,1777950790000,5183,27.51625,42.84373,9.97052,79362,True,113.55879,3
20260505-014600,-Orq735pC3Ost4JUsVlJ,2026-05-05 03:13:22+00:00,1777950802000,5195,27.50865,42.87321,9.97033,79589,True,112.01234,3
20260505-014600,-Orq7624677x5-be1Ymj,2026-05-05 03:13:34+00:00,1777950814000,5207,27.50865,42.86779,9.97024,79063,True,111.58269,3
20260505-014600,-Orq79G_F34989Gd-Xqf,2026-05-05 03:13:46+00:00,1777950826000,5219,27.50357,42.88181,9.97035,79212,True,112.57539,3
20260505-014600,-Orq7BszdG-pLCRW0kST,2026-05-05 03:13:58+00:00,1777950838000,5231,27.51372,42.86517,9.9705,78988,True,114.04477,3
20260505-014600,-Orq7EvofIWjt_xAn_dc,2026-05-05 03:14:10+00:00,1777950850000,5243,27.48075,43.12365,9.97054,74096,True,135.04945,3
20260505-014600,-Orq7HrQtjOceUjBjJ8p,2026-05-05 03:14:22+00:00,1777950862000,5255,27.50611,42.89741,9.97052,76885,True,131.92093,3
20260505-014600,-Orq7Kn4AS7wSfdXfWOv,2026-05-05 03:14:34+00:00,1777950874000,5267,27.51118,42.88951,9.97056,77742,True,125.41026,3
20260505-014600,-Orq7Nioj7Ro9r6G5tEA,2026-05-05 03:14:46+00:00,1777950886000,5279,27.50611,42.89813,9.97052,77742,True,121.93126,3
20260505-014600,-Orq7QdkX8f53SgE5DIX,2026-05-05 03:14:58+00:00,1777950898000,5291,27.51372,42.86674,9.97062,78323,True,119.81995,3
20260505-014600,-Orq7TaX-jhYWIlN-yyP,2026-05-05 03:15:10+00:00,1777950910000,5303,27.50865,42.86866,9.97056,78544,True,116.89143,3
20260505-014600,-Orq7WVpHqkqlHGHbxZs,2026-05-05 03:15:22+00:00,1777950922000,5315,27.51625,42.85469,9.97073,79438,True,112.25436,3
20260505-014600,-Orq7ZRraCadZqNHqsIg,2026-05-05 03:15:34+00:00,1777950934000,5327,27.51372,42.87982,9.97071,79362,True,110.85445,3
20260505-014600,-Orq7bNB-L4WnBJWOEmH,2026-05-05 03:15:46+00:00,1777950946000,5339,27.51625,42.87315,9.97103,79589,True,108.24348,3
20260505-014600,-Orq7eIGcr5EU4NSskAm,2026-05-05 03:15:58+00:00,1777950958000,5351,27.51118,42.88353,9.97088,79438,True,109.83513,3
20260505-014600,-Orq7hDiqCBy8PJDWFTb,2026-05-05 03:16:10+00:00,1777950970000,5363,27.51372,42.88979,9.97088,78839,True,112.0307,3
20260505-014600,-Orq7kBCrvgeXPiw91lz,2026-05-05 03:16:22+00:00,1777950982000,5375,27.51372,42.88322,9.97104,78839,True,113.7084,3
20260505-014600,-Orq7n5V3A5663E6-c8X,2026-05-05 03:16:34+00:00,1777950994000,5387,27.51118,42.90415,9.97095,78839,True,114.5546,3
20260505-014600,-Orq7qx2RRR2at6HA76U,2026-05-05 03:16:46+00:00,1777951006000,5399,27.51118,42.86185,9.97104,79137,True,112.34383,3
20260505-014600,-Orq7tB7V1IsK_y_G2SW,2026-05-05 03:16:59+00:00,1777951019000,5412,27.48075,43.15704,9.97101,74558,True,132.29965,3
20260505-014600,-Orq7w6K_EMVWns-G2jt,2026-05-05 03:17:11+00:00,1777951031000,5424,27.50611,42.90355,9.97115,77670,True,127.90826,3
20260505-014600,-Orq7z2JYbeJTLsYdnES,2026-05-05 03:17:23+00:00,1777951043000,5436,27.50611,42.88924,9.97101,78691,True,118.145,3
20260505-014600,-Orq80yln0NZVoFgbu6K,2026-05-05 03:17:35+00:00,1777951055000,5448,27.51372,42.88388,9.97104,78914,True,114.55635,3
20260505-014600,-Orq83txU2BODSZ1n-Jt,2026-05-05 03:17:47+00:00,1777951067000,5460,27.51118,42.90833,9.97107,78691,True,113.63124,3
20260505-014600,-Orq86pOje5QS7uUWynh,2026-05-05 03:17:59+00:00,1777951079000,5472,27.51625,42.91101,9.97149,78177,True,114.74792,3
20260505-014600,-Orq89kpz64mG4LWWrQM,2026-05-05 03:18:11+00:00,1777951091000,5484,27.52133,42.87976,9.97129,78691,True,115.94242,3
20260505-014600,-Orq8CgN6Ebc5JWFvpIQ,2026-05-05 03:18:23+00:00,1777951103000,5496,27.51372,42.89338,9.97125,78397,True,116.82663,3
20260505-014600,-Orq8Fc25UwIpTsai9Mx,2026-05-05 03:18:35+00:00,1777951115000,5508,27.51879,42.86927,9.97137,78914,True,114.72388,3
20260505-014600,-Orq8IZmr5V__5xKuHqN,2026-05-05 03:18:47+00:00,1777951127000,5520,27.51625,42.89379,9.97143,79816,True,110.58617,3
20260505-014600,-Orq8LTqwglPwK1Qh4A6,2026-05-05 03:18:59+00:00,1777951139000,5532,27.51879,42.88577,9.97137,79969,True,107.998,3
20260505-014600,-Orq8OPBbitKFa4rfIhK,2026-05-05 03:19:11+00:00,1777951151000,5544,27.51879,42.88771,9.97151,79740,True,108.22966,3
20260505-014600,-Orq8RKsXrFhHelZ4OM8,2026-05-05 03:19:23+00:00,1777951163000,5556,27.52386,42.89062,9.97168,80352,True,105.71379,3
20260505-014600,-Orq8UGVzDjKuY8ZoCBz,2026-05-05 03:19:35+00:00,1777951175000,5568,27.52639,42.89678,9.97179,79969,True,105.01559,3
20260505-014600,-Orq8XP3aoDcDsiaA0Lv,2026-05-05 03:19:47+00:00,1777951187000,5580,27.52386,42.90195,9.97175,80429,True,103.42963,3
20260505-014600,-Orq8_7bNU4AeKUetVUk,2026-05-05 03:19:59+00:00,1777951199000,5592,27.52386,42.90287,9.97171,80352,True,102.06708,3
20260505-014600,-Orq8c2n86zoVeBrIVhp,2026-05-05 03:20:11+00:00,1777951211000,5604,27.52386,42.91067,9.97184,80584,True,101.30112,3
20260505-014600,-Orq8ezB8d9Ceb-IvYXi,2026-05-05 03:20:23+00:00,1777951223000,5616,27.52639,42.90314,9.97195,80895,True,100.0161,3
20260505-014600,-Orq8hunqIHtOQ5aE0D5,2026-05-05 03:20:35+00:00,1777951235000,5628,27.52639,42.91497,9.97188,80429,True,101.62301,3
20260505-014600,-Orq8kr33z4VJgGDv8AM,2026-05-05 03:20:47+00:00,1777951247000,5640,27.52386,42.90283,9.97168,80507,True,101.73512,3
20260505-014600,-Orq8nmA3UAhiR7meObw,2026-05-05 03:20:59+00:00,1777951259000,5652,27.52639,42.90915,9.97179,80740,True,100.46243,3
20260505-014600,-Orq8qhYW1_pdC3p_IOB,2026-05-05 03:21:11+00:00,1777951271000,5664,27.51879,42.92253,9.97176,80740,True,100.45271,3
20260505-014600,-Orq8tco_nhcQ0uLQeyS,2026-05-05 03:21:23+00:00,1777951283000,5676,27.52386,42.90405,9.97189,80817,True,100.9341,3
20260505-014600,-Orq8wZp-V5X0GNFc9Xe,2026-05-05 03:21:35+00:00,1777951295000,5688,27.52133,42.93324,9.9718,80740,True,100.6651,3
20260505-014600,-Orq8zV8KNrKsS4xpD5L,2026-05-05 03:21:47+00:00,1777951307000,5700,27.53147,42.88448,9.97206,80122,True,102.70665,3
20260505-014600,-Orq91QpgDQ3aWXvRN14,2026-05-05 03:21:59+00:00,1777951319000,5712,27.52386,42.89175,9.97196,80275,True,102.60793,3
20260505-014600,-Orq94M5PhWmC68I2nh6,2026-05-05 03:22:11+00:00,1777951331000,5724,27.52639,42.90694,9.97211,80275,True,102.81944,3
20260505-014600,-Orq97HHgA-1OF65obPc,2026-05-05 03:22:23+00:00,1777951343000,5736,27.53147,42.8937,9.97224,80352,True,103.20377,3
20260505-014600,-Orq9ADFJezgg02qbGwY,2026-05-05 03:22:35+00:00,1777951355000,5748,27.52893,42.91317,9.97213,79969,True,105.06725,3
20260505-014600,-Orq9D8DXCPRNpqA-2k-,2026-05-05 03:22:47+00:00,1777951367000,5760,27.52386,42.91095,9.97222,79892,True,105.47053,3
20260505-014600,-Orq9GE_u9fltVWM9YQX,2026-05-05 03:22:59+00:00,1777951379000,5772,27.52386,42.92116,9.97242,79969,True,106.9209,3
20260505-014600,-Orq9J-grDIG-Cw9De-5,2026-05-05 03:23:11+00:00,1777951391000,5784,27.52893,42.91328,9.97245,79287,True,109.24975,3
20260505-014600,-Orq9LvqWdaUU5a6NQoH,2026-05-05 03:23:23+00:00,1777951403000,5796,27.52893,42.90302,9.97241,79212,True,109.62128,3
20260505-014600,-Orq9OrQAhcM7skDV0KC,2026-05-05 03:23:35+00:00,1777951415000,5808,27.52893,42.91026,9.97257,79513,True,108.88976,3
20260505-014600,-Orq9Rmv2TkKtb_xrZ3N,2026-05-05 03:23:47+00:00,1777951427000,5820,27.52893,42.90208,9.97266,79969,True,106.40299,3
20260505-014600,-Orq9UiaIOJhWwBd7762,2026-05-05 03:23:59+00:00,1777951439000,5832,27.53147,42.90983,9.97243,79892,True,105.37434,3
20260505-014600,-Orq9XeQIRGRU56kcQ9H,2026-05-05 03:24:11+00:00,1777951451000,5844,27.534,42.90795,9.97251,80122,True,104.65302,3
20260505-014600,-Orq9__NIwzpxAiC1nnP,2026-05-05 03:24:23+00:00,1777951463000,5856,27.52893,42.92979,9.97253,79589,True,106.38345,3
20260505-014600,-Orq9cVudU5-7Ty7N0Fu,2026-05-05 03:24:35+00:00,1777951475000,5868,27.52386,42.91302,9.97236,79589,True,107.34021,3
20260505-014600,-Orq9fRDiCqQqLrby9fi,2026-05-05 03:24:47+00:00,1777951487000,5880,27.534,42.90633,9.97293,79740,True,107.9509,3
20260505-014600,-Orq9iNVYwNUGctEapSs,2026-05-05 03:24:59+00:00,1777951499000,5892,27.52893,42.90527,9.97266,79137,True,109.04361,3
20260505-014600,-Orq9lIj1LzWhA-i_uHw,2026-05-05 03:25:11+00:00,1777951511000,5904,27.53654,42.88463,9.97269,79287,True,109.75217,3
20260505-014600,-Orq9oE-LZeTm3iFWXrH,2026-05-05 03:25:23+00:00,1777951523000,5916,27.53147,42.92147,9.97282,79438,True,109.37487,3
20260505-014600,-Orq9r9Zf3vCw2WwS-nj,2026-05-05 03:25:35+00:00,1777951535000,5928,27.534,42.90577,9.97279,79513,True,109.40288,3
20260505-014600,-Orq9u4blGw2InFAJ2JG,2026-05-05 03:25:47+00:00,1777951547000,5940,27.53147,42.90431,9.97282,78765,True,111.75933,3
20260505-014600,-Orq9x0EpyUbWC98CRN4,2026-05-05 03:25:59+00:00,1777951559000,5952,27.534,42.90339,9.97269,79063,True,113.01011,3
20260505-014600,-OrqA-vu_QO_kRvlF1XR,2026-05-05 03:26:11+00:00,1777951571000,5964,27.53907,42.90388,9.9727,78617,True,114.08332,3
20260505-014600,-OrqA1QpHjCurhbCyH9j,2026-05-05 03:26:21+00:00,1777951581000,5974,27.46047,43.39928,9.97281,71564,True,131.17484,3
20260505-014600,-OrqA4LuWUKLAEOplOSA,2026-05-05 03:26:33+00:00,1777951593000,5986,27.52639,42.98995,9.97285,75978,True,137.50998,3
20260505-014600,-OrqA7HUKzWQ_AslXRxV,2026-05-05 03:26:45+00:00,1777951605000,5998,27.52893,42.9464,9.97285,77240,True,128.87915,3
20260505-014600,-OrqAAYBAv7LpdEhl78V,2026-05-05 03:26:57+00:00,1777951617000,6010,27.53147,42.94176,9.97286,77598,True,124.96501,3
20260505-014600,-OrqAD8KqYCsBj2Vfqss,2026-05-05 03:27:09+00:00,1777951629000,6022,27.53654,42.92887,9.97295,77959,True,121.15422,3
20260505-014600,-OrqAG468FfiS5hCkXLp,2026-05-05 03:27:21+00:00,1777951641000,6034,27.54161,42.92599,9.97314,78914,True,115.32458,3
20260505-014600,-OrqAJ-KiAk3K-u0qm8u,2026-05-05 03:27:33+00:00,1777951653000,6046,27.53147,42.93207,9.97256,79362,True,112.11003,3
20260505-014600,-OrqALwFzXbXEm6rPkvx,2026-05-05 03:27:45+00:00,1777951665000,6058,27.52639,42.94272,9.97295,79740,True,108.47713,3
20260505-014600,-OrqAOx4wQj6Wsay7Hav,2026-05-05 03:27:58+00:00,1777951678000,6071,27.51625,43.14453,9.97318,75499,True,126.22056,3
20260505-014600,-OrqARsIzWdLmfTiN5y8,2026-05-05 03:28:10+00:00,1777951690000,6083,27.53147,42.96011,9.9731,78470,True,122.43938,3
20260505-014600,-OrqAUo01V8CiTbd0x3r,2026-05-05 03:28:22+00:00,1777951702000,6095,27.53147,42.92667,9.97282,79438,True,113.58613,3
20260505-014600,-OrqAXj_e2OFAXAR0zCh,2026-05-05 03:28:34+00:00,1777951714000,6107,27.53907,42.91473,9.97305,79664,True,109.40636,3
20260505-014600,-OrqA_fbNdLbno62sMYI,2026-05-05 03:28:46+00:00,1777951726000,6119,27.53907,42.9319,9.97305,79664,True,107.7123,3
20260505-014600,-OrqAcaQHs1N8WtDW0Xn,2026-05-05 03:28:58+00:00,1777951738000,6131,27.53654,42.93974,9.97299,79513,True,108.23805,3
20260505-014600,-OrqAfX80cc48cwFE6nT,2026-05-05 03:29:10+00:00,1777951750000,6143,27.53654,42.92744,9.97287,79063,True,109.04735,3
20260505-014600,-OrqAihP-xDOmdjh4Bne,2026-05-05 03:29:22+00:00,1777951762000,6155,27.53654,42.93174,9.97292,79212,True,109.81137,3
20260505-014600,-OrqAlNyGokv3okXnzDP,2026-05-05 03:29:34+00:00,1777951774000,6167,27.53907,42.92109,9.97303,79287,True,110.74591,3
20260505-014600,-OrqAoJbt-icXaBYcTFu,2026-05-05 03:29:46+00:00,1777951786000,6179,27.54161,42.92335,9.97314,79362,True,110.08536,3
20260505-014600,-OrqArEk26hBnrLQhzXE,2026-05-05 03:29:58+00:00,1777951798000,6191,27.54161,42.93395,9.97314,79513,True,108.26273,3
20260505-014600,-OrqAuAidDzLbbK1lAOS,2026-05-05 03:30:10+00:00,1777951810000,6203,27.54668,42.91531,9.97341,79589,True,106.86533,3
20260505-014600,-OrqAx68DMYu0nqgVno2,2026-05-05 03:30:22+00:00,1777951822000,6215,27.53907,42.93552,9.97315,80507,True,103.65871,3
20260505-014600,-OrqB-1a0vK1h6G9gXlx,2026-05-05 03:30:34+00:00,1777951834000,6227,27.54161,42.93544,9.97316,80122,True,102.4911,3
20260505-014600,-OrqB1y52WxKxLQN0kYZ,2026-05-05 03:30:46+00:00,1777951846000,6239,27.54161,42.93399,9.97312,80275,True,103.06235,3
20260505-014600,-OrqB4tJ3dkb0a5cYWhf,2026-05-05 03:30:58+00:00,1777951858000,6251,27.54161,42.93004,9.97337,80429,True,102.72709,3
20260505-014600,-OrqB7p17yNv4d3q5gPw,2026-05-05 03:31:10+00:00,1777951870000,6263,27.54414,42.9318,9.97329,80045,True,103.97134,3
20260505-014600,-OrqBAkWPO5KZxWsyiWb,2026-05-05 03:31:22+00:00,1777951882000,6275,27.53907,42.92248,9.97329,79063,True,108.48756,3
20260505-014600,-OrqBDg9SnOiBwXREQ1N,2026-05-05 03:31:34+00:00,1777951894000,6287,27.53907,42.90944,9.97331,79816,True,107.35919,3
20260505-014600,-OrqBGdB6zegmJZM3kQ7,2026-05-05 03:31:46+00:00,1777951906000,6299,27.54414,42.91057,9.9735,80352,True,104.55547,3
20260505-014600,-OrqBJYFOzTl29UQgtnl,2026-05-05 03:31:58+00:00,1777951918000,6311,27.54922,42.90565,9.97367,80429,True,102.25896,3
20260505-014600,-OrqBMTDeUwRHuMdbPUM,2026-05-05 03:32:10+00:00,1777951930000,6323,27.54922,42.88964,9.97358,80662,True,100.95213,3
20260505-014600,-OrqBPOqD1flQrcdUdhB,2026-05-05 03:32:22+00:00,1777951942000,6335,27.54414,42.90916,9.9735,81131,True,98.58709,3
20260505-014600,-OrqBTBb6HjmrRPvL59M,2026-05-05 03:32:34+00:00,1777951954000,6347,27.54922,42.91732,9.9736,81052,True,98.21779,3
20260505-014600,-OrqBVQFq6TQKzJXnjbm,2026-05-05 03:32:46+00:00,1777951966000,6359,27.52386,43.15183,9.97372,75841,True,119.67001,3
20260505-014600,-OrqBYM0UaMdPbcDdMMQ,2026-05-05 03:32:58+00:00,1777951978000,6371,27.54161,42.94437,9.97369,79438,True,115.14807,3
20260505-014600,-OrqBaGzL2B_xcFEjHR6,2026-05-05 03:33:10+00:00,1777951990000,6383,27.54414,42.92978,9.97357,79969,True,108.44956,3
20260505-014600,-OrqBdCi1Q9uz230WKCh,2026-05-05 03:33:22+00:00,1777952002000,6395,27.54414,42.89739,9.9738,80045,True,104.46906,3
20260505-014600,-OrqBg7xOX9A9maWEDIv,2026-05-05 03:33:34+00:00,1777952014000,6407,27.54161,42.94481,9.97365,79892,True,103.97186,3
20260505-014600,-OrqBj3xhuvIDEHHVn_Y,2026-05-05 03:33:46+00:00,1777952026000,6419,27.54668,42.93335,9.97382,79589,True,105.65137,3
20260505-014600,-OrqBm-Y8xfC-HQfHzYV,2026-05-05 03:33:58+00:00,1777952038000,6431,27.54922,42.92556,9.97389,80045,True,104.98335,3
20260505-014600,-OrqBovmPPXMT77-Yfqc,2026-05-05 03:34:10+00:00,1777952050000,6443,27.54668,42.94139,9.97385,80352,True,103.07224,3
20260505-014600,-OrqBrrZmEox7gqJYzUi,2026-05-05 03:34:22+00:00,1777952062000,6455,27.54668,42.93011,9.97375,80198,True,102.68378,3
20260505-014600,-OrqBur67pIgNFd1L10S,2026-05-05 03:34:34+00:00,1777952074000,6467,27.54922,42.92884,9.97375,80895,True,100.17914,3
20260505-014600,-OrqBxi22sO4apRM8y-7,2026-05-05 03:34:46+00:00,1777952086000,6479,27.54414,42.94827,9.97387,80429,True,101.56639,3
20260505-014600,-OrqC-dYhOjCA9JKZq1L,2026-05-05 03:34:58+00:00,1777952098000,6491,27.54922,42.91572,9.97384,79816,True,103.47145,3
20260505-014600,-OrqC2_DX7MvVYabSFqp,2026-05-05 03:35:10+00:00,1777952110000,6503,27.54922,42.93301,9.97388,79969,True,103.78773,3
20260505-014600,-OrqC5VQCnSOlgj7DzUA,2026-05-05 03:35:22+00:00,1777952122000,6515,27.54414,42.94009,9.97402,79589,True,106.24876,3
20260505-014600,-OrqC8b7zp9Ew1PAMwSa,2026-05-05 03:35:34+00:00,1777952134000,6527,27.54668,42.93042,9.97387,79438,True,108.16834,3
20260505-014600,-OrqCB4zQ6Ts8F3pHfK9,2026-05-05 03:35:45+00:00,1777952145000,6538,27.46807,43.4575,9.97411,71502,True,126.63691,3
20260505-014600,-OrqCE0nwLNEk78PKu2y,2026-05-05 03:35:57+00:00,1777952157000,6550,27.53147,43.00681,9.97414,77454,True,130.91064,3
20260505-014600,-OrqCGxVPKArSpmP2WYT,2026-05-05 03:36:09+00:00,1777952169000,6562,27.54414,42.94651,9.97411,78988,True,117.80231,3
20260505-014600,-OrqCJsW1V8Kj6ACXGsE,2026-05-05 03:36:21+00:00,1777952181000,6574,27.54922,42.92723,9.97414,79664,True,111.03741,3
20260505-014600,-OrqCMnuvz4t5hPL436t,2026-05-05 03:36:33+00:00,1777952193000,6586,27.54922,42.9253,9.97423,79513,True,108.89239,3
20260505-014600,-OrqCPjaLMabLbstvND-,2026-05-05 03:36:45+00:00,1777952205000,6598,27.54922,42.94354,9.9741,79063,True,109.67993,3
20260505-014600,-OrqCSevASt7Lu8XEFdM,2026-05-05 03:36:57+00:00,1777952217000,6610,27.55175,42.93704,9.97436,78470,True,112.37316,3
20260505-014600,-OrqCValslhdaboTheL0,2026-05-05 03:37:09+00:00,1777952229000,6622,27.55175,42.9607,9.97434,78544,True,114.03328,3
20260505-014600,-OrqCYX60RS6XblsujAK,2026-05-05 03:37:21+00:00,1777952241000,6634,27.55429,42.9641,9.97436,78470,True,115.50844,3
20260505-014600,-OrqCaSjlcvIuO4979bC,2026-05-05 03:37:33+00:00,1777952253000,6646,27.55682,42.94826,9.97447,78104,True,117.10213,3
20260505-014600,-OrqCdNrBaz3S6aHxPnl,2026-05-05 03:37:45+00:00,1777952265000,6658,27.55429,42.95317,9.97433,78988,True,114.24543,3
20260505-014600,-OrqCgJ_86eNZlmDiCEt,2026-05-05 03:37:57+00:00,1777952277000,6670,27.55936,42.9319,9.97472,79287,True,110.96067,3
20260505-014600,-OrqCjEnFxw0HZTf-gMa,2026-05-05 03:38:09+00:00,1777952289000,6682,27.55682,42.93182,9.97447,79969,True,106.76715,3
20260505-014600,-OrqCmAbN1dW92DpEfrS,2026-05-05 03:38:21+00:00,1777952301000,6694,27.55175,42.93037,9.97459,80275,True,104.22665,3
20260505-014600,-OrqCp5uJP22NdttROE-,2026-05-05 03:38:33+00:00,1777952313000,6706,27.55429,42.91252,9.97443,79892,True,103.94055,3
20260505-014600,-OrqCsH7asWd5ARPBJzu,2026-05-05 03:38:45+00:00,1777952325000,6718,27.55429,42.94639,9.97454,80429,True,101.61291,3
20260505-014600,-OrqCuy5JQ0iHOltcXZf,2026-05-05 03:38:57+00:00,1777952337000,6730,27.55936,42.94011,9.97469,80352,True,102.56018,3
20260505-014600,-OrqCxtK7woFlCWs01Sj,2026-05-05 03:39:09+00:00,1777952349000,6742,27.56443,42.91326,9.97475,79969,True,103.10065,3
20260505-014600,-OrqD-p70oSqbzG6tJby,2026-05-05 03:39:21+00:00,1777952361000,6754,27.55429,42.94411,9.97461,80198,True,102.75977,3
20260505-014600,-OrqD2kMAFkTF0qMl8d_,2026-05-05 03:39:33+00:00,1777952373000,6766,27.55682,42.93438,9.9746,79513,True,105.8876,3
20260505-014600,-OrqD5fw19Rt0K67nGju,2026-05-05 03:39:45+00:00,1777952385000,6778,27.55936,42.93301,9.97455,79287,True,108.24228,3
20260505-014600,-OrqD8dtMg_m6Pcob4NT,2026-05-05 03:39:57+00:00,1777952397000,6790,27.55936,42.94111,9.97465,79513,True,108.894,3
20260505-014600,-OrqDBYeN2KnOqDs51yP,2026-05-05 03:40:09+00:00,1777952409000,6802,27.5619,42.91647,9.97466,79589,True,107.37511,3
20260505-014600,-OrqDETh3IjNDzw2R4U9,2026-05-05 03:40:21+00:00,1777952421000,6814,27.55936,42.90538,9.97471,79513,True,107.40685,3
20260505-014600,-OrqDHPJmeN-sjWesRoQ,2026-05-05 03:40:33+00:00,1777952433000,6826,27.55682,42.90911,9.97472,80045,True,105.19289,3
20260505-014600,-OrqDKKYn_sUz1j4cvZ4,2026-05-05 03:40:45+00:00,1777952445000,6838,27.55936,42.92546,9.97486,80584,True,102.60599,3
20260505-014600,-OrqDNFnQnLEycZrXnA5,2026-05-05 03:40:57+00:00,1777952457000,6850,27.5619,42.92347,9.97477,80662,True,100.81095,3
20260505-014600,-OrqDQCCCJLnv9IhIiWW,2026-05-05 03:41:09+00:00,1777952469000,6862,27.55936,42.95053,9.97474,80198,True,102.79491,3
20260505-014600,-OrqDT6ss1aaqVnt0FY-,2026-05-05 03:41:21+00:00,1777952481000,6874,27.5619,42.93544,9.97473,79589,True,105.94202,3
20260505-014600,-OrqDW2WWDJLmg5PwR69,2026-05-05 03:41:33+00:00,1777952493000,6886,27.55936,42.9535,9.97464,79287,True,107.98152,3
20260505-014600,-OrqDYz1ORUV8g6U0JaM,2026-05-05 03:41:45+00:00,1777952505000,6898,27.55682,42.95952,9.97482,79438,True,108.33267,3
20260505-014600,-OrqDcob4DWi8ETxKiwA,2026-05-05 03:41:57+00:00,1777952517000,6910,27.55175,42.98507,9.97446,80352,True,105.05765,3
20260505-014600,-OrqDfT2XhWSDG5NC2O2,2026-05-05 03:42:16+00:00,1777952536000,6929,27.61747,42.81506,9.97481,80507,True,103.71941,3
20260505-014600,-OrqDiNImjwAGvtgoDxp,2026-05-05 03:42:28+00:00,1777952548000,6941,27.52893,43.2047,9.97489,71259,True,171.71707,3
20260505-014600,-OrqDlIyIjr0ytTXirgc,2026-05-05 03:42:40+00:00,1777952560000,6953,27.54414,43.03011,9.97478,76255,True,145.85277,3
20260505-014600,-OrqDoEN3LE4XXGwZnv7,2026-05-05 03:42:52+00:00,1777952572000,6965,27.54922,43.00674,9.97488,78323,True,125.84432,3
20260505-014600,-OrqDr9pgikF7ahtqr_f,2026-05-05 03:43:04+00:00,1777952584000,6977,27.55175,42.98291,9.97492,79137,True,114.26817,3
20260505-014600,-OrqDu5yVE-zCyRcvx7K,2026-05-05 03:43:16+00:00,1777952596000,6989,27.54922,42.99414,9.97493,79892,True,107.93842,3
20260505-014600,-OrqDx0qqVHoWtHrVYxG,2026-05-05 03:43:28+00:00,1777952608000,7001,27.55429,42.96361,9.9751,79969,True,104.93233,3
20260505-014600,-OrqDzxS5MbDvIYPK4M1,2026-05-05 03:43:40+00:00,1777952620000,7013,27.55429,42.96107,9.97505,80507,True,101.93289,3
20260505-014600,-OrqE1suF5AVOWW6uC9B,2026-05-05 03:43:52+00:00,1777952632000,7025,27.54922,42.9722,9.97507,80198,True,102.29858,3
20260505-014600,-OrqE4o0B3N50eRCcvFg,2026-05-05 03:44:04+00:00,1777952644000,7037,27.55175,42.94986,9.97524,80740,True,100.29533,3
20260505-014600,-OrqE7l5Z4LThGaXrObc,2026-05-05 03:44:16+00:00,1777952656000,7049,27.55936,42.94417,9.97504,81131,True,97.1582,3
20260505-014600,-OrqEAfYXiYygh5gxqS9,2026-05-05 03:44:28+00:00,1777952668000,7061,27.55682,42.95845,9.97523,80198,True,99.14582,3
20260505-014600,-OrqEDajcABkwJJ-ye84,2026-05-05 03:44:40+00:00,1777952680000,7073,27.5619,42.91434,9.97526,80817,True,99.75133,3
20260505-014600,-OrqEGYSsK8SjN6PFHAD,2026-05-05 03:44:52+00:00,1777952692000,7085,27.55175,42.94604,9.97508,80507,True,101.06648,3
20260505-014600,-OrqEJdYLDDZyg3FhB1h,2026-05-05 03:45:04+00:00,1777952704000,7097,27.5619,42.92463,9.97531,80507,True,100.09796,3
20260505-014600,-OrqEMONl6YGdZCvn2xh,2026-05-05 03:45:16+00:00,1777952716000,7109,27.5619,42.93586,9.97533,81131,True,99.06825,3
20260505-014600,-OrqEPJ_Jpvjwzf-0geq,2026-05-05 03:45:28+00:00,1777952728000,7121,27.56443,42.94252,9.97533,81052,True,97.86048,3
20260505-014600,-OrqESFWnztt0EzNyLfD,2026-05-05 03:45:40+00:00,1777952740000,7133,27.55175,42.97517,9.97511,80974,True,98.44572,3
20260505-014600,-OrqEVAdAI8j3Brrfyeq,2026-05-05 03:45:52+00:00,1777952752000,7145,27.56443,42.9402,9.97546,80974,True,97.88657,3
20260505-014600,-OrqEY61zie8a-v7YTY9,2026-05-05 03:46:04+00:00,1777952764000,7157,27.56443,42.95295,9.97554,81052,True,96.91002,3
20260505-014600,-OrqEa1ci9sk6bPwZV0D,2026-05-05 03:46:16+00:00,1777952776000,7169,27.55936,42.9517,9.97552,80974,True,97.62163,3
20260505-014600,-OrqEcy0EYuzTejqFo6F,2026-05-05 03:46:28+00:00,1777952788000,7181,27.5619,42.95145,9.97561,80974,True,97.34325,3
20260505-014600,-OrqEftvaSUWf5apQSGV,2026-05-05 03:46:40+00:00,1777952800000,7193,27.5695,42.93222,9.97573,81131,True,96.67286,3
20260505-014600,-OrqEipXz7dQGEre_vKB,2026-05-05 03:46:52+00:00,1777952812000,7205,27.5695,42.92963,9.97554,81288,True,96.57841,3
20260505-014600,-OrqElkXtPXoVqbrdmOi,2026-05-05 03:47:04+00:00,1777952824000,7217,27.5695,42.94322,9.97569,81288,True,95.69801,3
20260505-014600,-OrqEogmSOfoKrh28aK_,2026-05-05 03:47:16+00:00,1777952836000,7229,27.56697,42.97147,9.9758,81605,True,93.77139,3
20260505-014600,-OrqErbdYnaPpxktlo-o,2026-05-05 03:47:28+00:00,1777952848000,7241,27.57204,42.96398,9.97574,81367,True,93.13422,3
20260505-014600,-OrqEuYYLFFFNBMHmwtX,2026-05-05 03:47:40+00:00,1777952860000,7253,27.56697,42.98469,9.97566,81764,True,92.02065,3
20260505-014600,-OrqExUFJqTHTec-jDeO,2026-05-05 03:47:52+00:00,1777952872000,7265,27.57204,42.98233,9.97593,81605,True,91.42728,3
20260505-014600,-OrqF-P7CfcKMHZZ4Xem,2026-05-05 03:48:04+00:00,1777952884000,7277,27.57965,42.93993,9.97617,81685,True,91.32069,3
20260505-014600,-OrqF2apszWnQgup_Npu,2026-05-05 03:48:16+00:00,1777952896000,7289,27.57457,42.94603,9.97606,81605,True,92.1059,3
20260505-014600,-OrqF5G0ow7veryUlkKG,2026-05-05 03:48:28+00:00,1777952908000,7301,27.57965,42.93715,9.97626,81367,True,94.05669,3
20260505-014600,-OrqF8BcF2tt4v3qA0pp,2026-05-05 03:48:40+00:00,1777952920000,7313,27.57204,42.95277,9.97614,80740,True,97.35432,3
20260505-014600,-OrqFB7TKxqDt-ZrjMq4,2026-05-05 03:48:52+00:00,1777952932000,7325,27.57204,42.96045,9.97623,81209,True,96.58322,3
20260505-014600,-OrqFE2lWttl3ek5ixH6,2026-05-05 03:49:04+00:00,1777952944000,7337,27.57965,42.96005,9.97617,81288,True,95.39376,3
20260505-014600,-OrqFH-FJQdCNF6kNNKs,2026-05-05 03:49:16+00:00,1777952956000,7349,27.57711,42.9758,9.97629,81685,True,92.95197,3
20260505-014600,-OrqFJud7dhg86buuLr4,2026-05-05 03:49:28+00:00,1777952968000,7361,27.57965,42.96878,9.97653,81605,True,91.4125,3
20260505-014600,-OrqFMpxQj3Nm_Zd-p0z,2026-05-05 03:49:40+00:00,1777952980000,7373,27.57204,42.9779,9.97642,82246,True,89.09962,3
20260505-014600,-OrqFPm9ns6wmXVj7NED,2026-05-05 03:49:52+00:00,1777952992000,7385,27.57204,42.96122,9.97625,82489,True,87.57357,3
20260505-014600,-OrqFShNbqKPSzTKyTk8,2026-05-05 03:50:04+00:00,1777953004000,7397,27.57457,42.9366,9.97627,82246,True,87.59541,3
20260505-014600,-OrqFVcpXFka-hBixMlK,2026-05-05 03:50:16+00:00,1777953016000,7409,27.57204,42.93448,9.97637,82165,True,88.98489,3
20260505-014600,-OrqFYYshWPxncnpYwcC,2026-05-05 03:50:28+00:00,1777953028000,7421,27.57965,42.92795,9.97633,82085,True,89.13664,3
20260505-014600,-OrqFaUR5PV2gmqQTeOd,2026-05-05 03:50:40+00:00,1777953040000,7433,27.57711,42.93045,9.97633,82327,True,88.20428,3
20260505-014600,-OrqFdQOWHmEvTBnt9Rj,2026-05-05 03:50:52+00:00,1777953052000,7445,27.58218,42.92253,9.97648,82085,True,89.36667,3
20260505-014600,-OrqFgLe4GAqv_acJ9-q,2026-05-05 03:51:04+00:00,1777953064000,7457,27.57204,42.93671,9.97632,81525,True,92.01443,3
20260505-014600,-OrqFjHwwZn8R8TQHfas,2026-05-05 03:51:16+00:00,1777953076000,7469,27.57711,42.91483,9.97657,81446,True,92.938,3
20260505-014600,-OrqFmSB14Agdpj0OAto,2026-05-05 03:51:28+00:00,1777953088000,7481,27.57204,42.9222,9.97658,81209,True,94.1664,3
20260505-014600,-OrqFpBuWkLUT7QmJ38T,2026-05-05 03:51:40+00:00,1777953100000,7493,27.57965,42.91508,9.97661,80974,True,95.8982,3
20260505-014600,-OrqFs4DFzI39eLf9208,2026-05-05 03:51:52+00:00,1777953112000,7505,27.57965,42.93152,9.97674,80740,True,97.95473,3
20260505-014600,-OrqFuzwVJrOxRUvxeaX,2026-05-05 03:52:04+00:00,1777953124000,7517,27.58725,42.92611,9.97682,80895,True,98.00562,3
20260505-014600,-OrqFxwH5IH5S0pFXphn,2026-05-05 03:52:16+00:00,1777953136000,7529,27.58218,42.95261,9.97674,81131,True,97.18034,3
20260505-014600,-OrqG-sOy4G2bjSGQDq8,2026-05-05 03:52:28+00:00,1777953148000,7541,27.57965,42.97604,9.97686,81288,True,94.92305,3
20260505-014600,-OrqG2mXihD9ljod8Db-,2026-05-05 03:52:40+00:00,1777953160000,7553,27.57965,43.00765,9.97684,82085,True,91.70318,3
20260505-014600,-OrqG5j4-nuAw4YfBUed,2026-05-05 03:52:52+00:00,1777953172000,7565,27.57965,42.98895,9.9769,82246,True,90.52293,3
20260505-014600,-OrqG8dpuXku3zluX_Fv,2026-05-05 03:53:04+00:00,1777953184000,7577,27.57965,42.96909,9.97682,81924,True,89.74226,3
20260505-014600,-OrqGBarQBpQXfxGIvWx,2026-05-05 03:53:16+00:00,1777953196000,7589,27.58218,42.94218,9.97711,82085,True,89.56509,3
20260505-014600,-OrqGEVbhpyIfjbWjbpc,2026-05-05 03:53:28+00:00,1777953208000,7601,27.57965,42.94987,9.97695,82327,True,88.80409,3
20260505-014600,-OrqGGxGZaLfkCpWZppI,2026-05-05 03:53:38+00:00,1777953218000,7611,27.62855,42.81399,9.97684,82165,True,88.74976,3
20260505-014600,-OrqGJsqlr_8JXZrcVPn,2026-05-05 03:53:50+00:00,1777953230000,7623,27.56443,43.10077,9.97715,75635,True,132.87755,3
20260505-014600,-OrqGMo96x-fXKZ_bxOP,2026-05-05 03:54:02+00:00,1777953242000,7635,27.5695,42.97666,9.97721,78544,True,121.76422,3
20260505-014600,-OrqGPjgkJHLafrdqrFo,2026-05-05 03:54:14+00:00,1777953254000,7647,27.57204,42.95582,9.97709,78839,True,114.76318,3
20260505-014600,-OrqGSfoiAW0XgQXx_gQ,2026-05-05 03:54:26+00:00,1777953266000,7659,27.57965,42.91873,9.97714,79892,True,107.36812,3
20260505-014600,-OrqGdlQlekIsKXrTX2C,2026-05-05 03:54:38+00:00,1777953278000,7671,27.57711,42.92071,9.97705,80507,True,102.4727,3
20260505-014600,-OrqGeXHjU6MiyuU77Po,2026-05-05 03:55:19+00:00,1777953319000,7712,27.64149,42.75649,9.97707,80275,True,102.26804,3
20260505-014600,-OrqGhSrHJubhvrYAkxU,2026-05-05 03:55:31+00:00,1777953331000,7724,27.51879,43.32685,9.97733,62909,True,234.26373,2
20260505-014600,-OrqGkO0EIq4osIzTVK4,2026-05-05 03:55:43+00:00,1777953343000,7736,27.54414,43.05658,9.97747,70598,True,196.59799,2
20260505-014600,-OrqGnJyLKpoJdd3v-So,2026-05-05 03:55:55+00:00,1777953355000,7748,27.54922,42.9919,9.97748,74293,True,161.25735,2
20260505-014600,-OrqGqFNV_b1XzwzeDPV,2026-05-05 03:56:07+00:00,1777953367000,7760,27.55682,42.98609,9.97759,76394,True,138.04527,2
20260505-014600,-OrqGtB-8rxHYVm7DW3P,2026-05-05 03:56:19+00:00,1777953379000,7772,27.56443,42.97607,9.97741,78323,True,122.84943,2
20260505-014600,-OrqGw6W5m-NlQ4ksshX,2026-05-05 03:56:31+00:00,1777953391000,7784,27.55936,42.98634,9.97745,79137,True,114.36922,2
20260505-014600,-OrqGz1oB9_SYg2nKBuR,2026-05-05 03:56:43+00:00,1777953403000,7796,27.57457,42.94734,9.9778,79063,True,110.17022,3
20260505-014600,-OrqH0y3ndU259IS1daN,2026-05-05 03:56:55+00:00,1777953415000,7808,27.57457,42.93895,9.97776,80045,True,105.56186,3
20260505-014600,-OrqH3u0feZ-WweNj8-J,2026-05-05 03:57:07+00:00,1777953427000,7820,27.57204,42.96133,9.97774,79969,True,103.40878,3
20260505-014600,-OrqH6pJlcKc3-OBspsO,2026-05-05 03:57:19+00:00,1777953439000,7832,27.57711,42.93421,9.97784,80198,True,102.78733,3
20260505-014600,-OrqH9kc96l7s3VbtAFw,2026-05-05 03:57:31+00:00,1777953451000,7844,27.57965,42.93413,9.97774,79816,True,102.52959,3
20260505-014600,-OrqHFBa0hhr_EcJFtNX,2026-05-05 03:57:43+00:00,1777953463000,7856,27.57457,42.95498,9.97775,80275,True,99.74655,3
20260505-014600,-OrqHFxcroGeI-LsNNYQ,2026-05-05 03:57:56+00:00,1777953476000,7869,27.63739,42.78965,9.97799,80974,True,98.63499,3
20260505-014600,-OrqHItKRNPh9XN8WGcd,2026-05-05 03:58:08+00:00,1777953488000,7881,27.55936,43.14521,9.97801,73965,True,149.86975,3
20260505-014600,-OrqHLoJVYxAFDCaVB1V,2026-05-05 03:58:20+00:00,1777953500000,7893,27.57204,43.02492,9.97783,77526,True,130.17752,3
20260505-014600,-OrqHOkGBNegGFWPBQCP,2026-05-05 03:58:32+00:00,1777953512000,7905,27.5695,43.00063,9.9777,79287,True,113.47994,3
20260505-014600,-OrqHRgbksd8_j7v3pDD,2026-05-05 03:58:44+00:00,1777953524000,7917,27.57204,42.98719,9.97788,80352,True,104.20065,3
20260505-014600,-OrqHUbKP2uv1HothvMa,2026-05-05 03:58:56+00:00,1777953536000,7929,27.57457,42.95136,9.9779,80974,True,98.10206,3
20260505-014600,-OrqHXY8dceydBQLMmY5,2026-05-05 03:59:08+00:00,1777953548000,7941,27.58218,42.92464,9.97803,80817,True,97.42908,3
20260505-014600,-OrqH_T0pV3RAK9ZcW3O,2026-05-05 03:59:20+00:00,1777953560000,7953,27.57965,42.94138,9.97799,80895,True,96.42354,3
20260505-014600,-OrqHcP5OINzgVBHNKVl,2026-05-05 03:59:32+00:00,1777953572000,7965,27.58471,42.93049,9.97801,80895,True,95.46219,3
20260505-014600,-OrqHfKQnXOSpDEY0af7,2026-05-05 03:59:44+00:00,1777953584000,7977,27.58471,42.93929,9.97814,80817,True,96.47439,3
20260505-014600,-OrqHiFxfUgN9hQtTTOz,2026-05-05 03:59:56+00:00,1777953596000,7989,27.57965,42.94542,9.97806,80584,True,98.05182,3
20260505-014600,-OrqHlAokSUEwO5UqvJN,2026-05-05 04:00:08+00:00,1777953608000,8001,27.58978,42.92087,9.97822,80817,True,97.19598,3
20260505-014600,-OrqHo6Piw9FhTp3l4_H,2026-05-05 04:00:20+00:00,1777953620000,8013,27.58471,42.93675,9.97801,81367,True,94.95994,3
20260505-014600,-OrqHr1zHIUuZaVAcds0,2026-05-05 04:00:32+00:00,1777953632000,8025,27.58725,42.94718,9.97807,81446,True,93.21552,3
20260505-014600,-OrqHuH2PgOiCW874crm,2026-05-05 04:00:44+00:00,1777953644000,8037,27.58978,42.91653,9.97804,81605,True,92.62073,3
20260505-014600,-OrqHwu8_EhLlHG7kdZ3,2026-05-05 04:00:56+00:00,1777953656000,8049,27.59486,42.92035,9.97823,81131,True,94.14664,3
20260505-014600,-OrqHzpjisYhRrzEOlm7,2026-05-05 04:01:08+00:00,1777953668000,8061,27.59232,42.93911,9.97815,81844,True,92.8225,3
20260505-014600,-OrqI1l-Q_X6r9QmWZ1-,2026-05-05 04:01:20+00:00,1777953680000,8073,27.58978,42.95641,9.97808,82004,True,90.97832,3
20260505-014600,-OrqI4gK5854qHKnEwLg,2026-05-05 04:01:32+00:00,1777953692000,8085,27.58471,42.96604,9.97808,82165,True,89.10706,3
20260505-014600,-OrqI7cU39rbgE5rmXgQ,2026-05-05 04:01:44+00:00,1777953704000,8097,27.59486,42.93559,9.97833,82246,True,87.9123,3
20260505-014600,-OrqIAYg2ANU3rMVEnqe,2026-05-05 04:01:56+00:00,1777953716000,8109,27.59232,42.96289,9.97836,81924,True,88.56284,3
20260505-014600,-OrqIDTtxNwDt6PMDxEs,2026-05-05 04:02:08+00:00,1777953728000,8121,27.58978,42.98122,9.97832,82004,True,88.3457,3
20260505-014600,-OrqIGPWd8ldLbSJuA5v,2026-05-05 04:02:20+00:00,1777953740000,8133,27.58978,42.97775,9.9782,82570,True,86.71702,3
20260505-014600,-OrqIJKxxCbCzQ09Eelk,2026-05-05 04:02:32+00:00,1777953752000,8145,27.59993,42.95792,9.97831,82246,True,86.2253,3
20260505-014600,-OrqIMGCu5-9lQ65dNWC,2026-05-05 04:02:44+00:00,1777953764000,8157,27.59486,42.94179,9.97828,82408,True,86.20779,3
20260505-014600,-OrqIPCTyXbe4V87lVp1,2026-05-05 04:02:56+00:00,1777953776000,8169,27.59232,42.95403,9.9782,82246,True,86.67026,3
20260505-014600,-OrqIS89XiwL8uOn6q7W,2026-05-05 04:03:08+00:00,1777953788000,8181,27.59739,42.94598,9.97845,82246,True,87.39734,3
20260505-014600,-OrqIV2qbcLq2hqdBZgZ,2026-05-05 04:03:20+00:00,1777953800000,8193,27.59993,42.95403,9.97836,82085,True,87.90468,3
20260505-014600,-OrqIY-3WttFWgdojhKg,2026-05-05 04:03:32+00:00,1777953812000,8205,27.58978,42.96103,9.97839,81924,True,87.5522,3
20260505-014600,-OrqI_v6RU-8rW03mTwD,2026-05-05 04:03:44+00:00,1777953824000,8217,27.59486,42.94891,9.97851,82246,True,87.03479,3
20260505-014600,-OrqId31B9gPRdaqQzW5,2026-05-05 04:03:56+00:00,1777953836000,8229,27.59993,42.91769,9.97852,82734,True,85.73763,3
20260505-014600,-OrqIfqFRXvZQYG2LMlV,2026-05-05 04:04:08+00:00,1777953848000,8241,27.59993,42.92988,9.97842,82004,True,87.56709,3
20260505-014600,-OrqIii1UK1RR4y2LRwF,2026-05-05 04:04:20+00:00,1777953860000,8253,27.59486,42.92141,9.97844,82246,True,86.83191,3
20260505-014600,-OrqIldL-NPNw7xMCGNs,2026-05-05 04:04:32+00:00,1777953872000,8265,27.59739,42.93358,9.97855,82327,True,86.91179,3
20260505-014600,-OrqIoa6xiammMJ4XrhC,2026-05-05 04:04:44+00:00,1777953884000,8277,27.59993,42.91737,9.97864,82165,True,86.97124,3
20260505-014600,-OrqIrUj0kzOOHr2CRqf,2026-05-05 04:04:56+00:00,1777953896000,8289,27.59993,42.91005,9.9787,82085,True,87.99255,3
20260505-014600,-OrqIuRfN9XSiJiPa84T,2026-05-05 04:05:08+00:00,1777953908000,8301,27.59993,42.91772,9.97871,82246,True,87.65273,3
20260505-014600,-OrqIxM6QaJBqZOEpwar,2026-05-05 04:05:20+00:00,1777953920000,8313,27.59486,42.90513,9.97861,81924,True,88.6744,3
20260505-014600,-OrqJ-HUdvhSK0DvoDLF,2026-05-05 04:05:32+00:00,1777953932000,8325,27.59739,42.91153,9.97857,81924,True,87.9642,3
20260505-014600,-OrqJ2D1Rc6CBoFF9K7B,2026-05-05 04:05:44+00:00,1777953944000,8337,27.59993,42.91339,9.97866,81764,True,89.78288,3
20260505-014600,-OrqJ58SIJ7Bi45eKp18,2026-05-05 04:05:56+00:00,1777953956000,8349,27.60246,42.90269,9.97877,81685,True,89.92776,3
20260505-014600,-OrqJ83sDbpiGsT2k5iW,2026-05-05 04:06:08+00:00,1777953968000,8361,27.59232,42.93736,9.97868,82085,True,89.87782,3
20260505-014600,-OrqJB-zNbKMleQDI7LD,2026-05-05 04:06:20+00:00,1777953980000,8373,27.59232,42.94293,9.97868,82246,True,88.38281,3
20260505-014600,-OrqJDvw5xCMwwqtykFX,2026-05-05 04:06:32+00:00,1777953992000,8385,27.60246,42.93765,9.97909,82734,True,86.5553,3
20260505-014600,-OrqJGrDw3ty9FaZW8F7,2026-05-05 04:06:44+00:00,1777954004000,8397,27.59739,42.93548,9.97896,82570,True,84.73039,3
20260505-014600,-OrqJJmiifkEsWtSTEPP,2026-05-05 04:06:56+00:00,1777954016000,8409,27.59486,42.94091,9.97876,82815,True,84.46363,3
20260505-014600,-OrqJMoNvC8coTH1wm1R,2026-05-05 04:07:08+00:00,1777954028000,8421,27.59993,42.92634,9.97885,82570,True,84.04492,3
20260505-014600,-OrqJPdlpVvHmG4qx_kQ,2026-05-05 04:07:20+00:00,1777954040000,8433,27.59739,42.93157,9.9791,82570,True,84.33144,3
20260505-014600,-OrqJS_N3khfXolzdMT0,2026-05-05 04:07:32+00:00,1777954052000,8445,27.60246,42.93306,9.979,82489,True,84.12132,3
20260505-014600,-OrqJVVyKSpo2hoTWQPP,2026-05-05 04:07:44+00:00,1777954064000,8457,27.605,42.94216,9.979,83144,True,82.25873,3
20260505-014600,-OrqJYRA-0IxAYfVXmrr,2026-05-05 04:07:56+00:00,1777954076000,8469,27.60246,42.93545,9.97942,82897,True,82.62085,3
20260505-014600,-OrqJaMrq3Rap5I_zdoF,2026-05-05 04:08:08+00:00,1777954088000,8481,27.60753,42.92182,9.97922,82570,True,84.21959,3
20260505-014600,-OrqJdIGQPcS6Fb9E0_i,2026-05-05 04:08:20+00:00,1777954100000,8493,27.59739,42.95452,9.97915,82734,True,84.9321,3
20260505-014600,-OrqJgEEJKl_n2ltdcaR,2026-05-05 04:08:32+00:00,1777954112000,8505,27.605,42.96674,9.97936,82897,True,83.5257,3
20260505-014600,-OrqJj9zT3hcGfgrNN50,2026-05-05 04:08:44+00:00,1777954124000,8517,27.61007,42.95274,9.97949,83310,True,81.97258,3
20260505-014600,-OrqJm4uuo5ZNUcRNSkP,2026-05-05 04:08:56+00:00,1777954136000,8529,27.61007,42.95287,9.97951,83310,True,79.88297,3
20260505-014600,-OrqJp0CnyT_cgYzRFgd,2026-05-05 04:09:08+00:00,1777954148000,8541,27.61007,42.95368,9.97953,83062,True,80.19529,3
20260505-014600,-OrqJrwm7cI4p15adqeh,2026-05-05 04:09:20+00:00,1777954160000,8553,27.605,42.94925,9.97945,82897,True,81.2162,3
20260505-014600,-OrqJusw26r5BuLAQF97,2026-05-05 04:09:32+00:00,1777954172000,8565,27.61007,42.91053,9.97965,83144,True,81.57361,3
20260505-014600,-OrqJxoXQpomj4nzBJ9b,2026-05-05 04:09:44+00:00,1777954184000,8577,27.61007,42.91548,9.97988,82408,True,83.71986,3
20260505-014600,-OrqK-jIQnEgl8ATsqSc,2026-05-05 04:09:56+00:00,1777954196000,8589,27.605,42.93277,9.97964,82815,True,83.09547,3
20260505-014600,-OrqK2pdLWiS8e0OhioH,2026-05-05 04:10:08+00:00,1777954208000,8601,27.60753,42.90338,9.97977,82327,True,85.01214,3
20260505-014600,-OrqK6PN3IBuCA0osuCx,2026-05-05 04:10:20+00:00,1777954220000,8613,27.605,42.91253,9.97978,82165,True,86.69997,3
20260505-014600,-OrqK8d-NcijA89_ZMn-,2026-05-05 04:10:32+00:00,1777954232000,8625,27.58725,43.15106,9.9799,77169,True,108.29574,3
20260505-014600,-OrqKB_YiNxmLfw5m99g,2026-05-05 04:10:44+00:00,1777954244000,8637,27.60246,42.96151,9.97972,80507,True,104.79314,3
20260505-014600,-OrqKEUepSXSQ4comntJ,2026-05-05 04:10:56+00:00,1777954256000,8649,27.60753,42.93283,9.97991,82004,True,93.96574,3
20260505-014600,-OrqKHRFvAPuyCAyZU80,2026-05-05 04:11:08+00:00,1777954268000,8661,27.605,42.9456,9.97989,82165,True,88.54645,3
20260505-014600,-OrqKKMRqxgsHEFrP--J,2026-05-05 04:11:20+00:00,1777954280000,8673,27.605,42.93658,9.98001,82570,True,86.95888,3
20260505-014600,-OrqKNHT4V3SQSh9NLbn,2026-05-05 04:11:32+00:00,1777954292000,8685,27.60753,42.93798,9.98019,82246,True,86.42307,3
20260505-014600,-OrqKQCsprXlBjQLh4dn,2026-05-05 04:11:44+00:00,1777954304000,8697,27.61007,42.94419,9.98023,82897,True,85.32824,3
20260505-014600,-OrqKT8JamhyAEdzuj3g,2026-05-05 04:11:56+00:00,1777954316000,8709,27.61007,42.9439,9.9803,82570,True,85.56412,3
20260505-014600,-OrqKW3k81K3H03nUhUT,2026-05-05 04:12:08+00:00,1777954328000,8721,27.61261,42.9405,9.98018,82897,True,84.2009,3
20260505-014600,-OrqKZ-wbRmdRCNYlyqG,2026-05-05 04:12:20+00:00,1777954340000,8733,27.61261,42.95474,9.9802,83310,True,81.86652,3
20260505-014600,-OrqKawAg3dwVYZ-vUFF,2026-05-05 04:12:32+00:00,1777954352000,8745,27.61007,42.94724,9.98007,83227,True,81.5677,3
20260505-014600,-OrqKdrQR5IJOdq5n2_Z,2026-05-05 04:12:44+00:00,1777954364000,8757,27.60753,42.95029,9.9803,83144,True,80.2681,3
20260505-014600,-OrqKgmiV__AJUM15a5j,2026-05-05 04:12:56+00:00,1777954376000,8769,27.61007,42.93563,9.98056,82815,True,81.3221,3
20260505-014600,-OrqKjiMy_FvcRtIQCce,2026-05-05 04:13:08+00:00,1777954388000,8781,27.61261,42.91049,9.98048,82652,True,82.31654,3
20260505-014600,-OrqKo4c7oufnjkm7y27,2026-05-05 04:13:20+00:00,1777954400000,8793,27.61261,42.90378,9.98064,82408,True,83.84135,3
20260505-014600,-OrqKp_ZccgvKpU9xPHL,2026-05-05 04:13:32+00:00,1777954412000,8805,27.52386,43.52912,9.98065,72618,True,107.36021,3
20260505-014600,-OrqKsVunFTgxU3KlsGT,2026-05-05 04:13:44+00:00,1777954424000,8817,27.59232,42.99258,9.98062,78914,True,115.76487,3
20260505-014600,-OrqKvRE9hysNjaD30Kl,2026-05-05 04:13:56+00:00,1777954436000,8829,27.60753,42.93248,9.98088,80662,True,103.49905,3
20260505-014600,-OrqKyMc224ADZYQoLHG,2026-05-05 04:14:08+00:00,1777954448000,8841,27.60753,42.90291,9.98079,81525,True,94.70126,3
20260505-014600,-OrqL0IIyIAS9sDjf9hF,2026-05-05 04:14:20+00:00,1777954460000,8853,27.60753,42.9225,9.98086,81924,True,91.58833,3
20260505-014600,-OrqL3EGGVlJqBlnt4e1,2026-05-05 04:14:32+00:00,1777954472000,8865,27.61007,42.91764,9.98072,81924,True,90.0464,3
20260505-014600,-OrqL69Jl0gWE8Q1Oty3,2026-05-05 04:14:44+00:00,1777954484000,8877,27.61007,42.93448,9.98102,82004,True,88.63953,3
20260505-014600,-OrqL94piGtmSAtn-eWA,2026-05-05 04:14:56+00:00,1777954496000,8889,27.61261,42.94684,9.98108,82004,True,88.448,3
20260505-014600,-OrqLC0-jgXmJ5Au6WG0,2026-05-05 04:15:08+00:00,1777954508000,8901,27.61261,42.94723,9.98101,82327,True,86.84258,3
20260505-014600,-OrqLEwZOYdH3Hi_Tsne,2026-05-05 04:15:20+00:00,1777954520000,8913,27.61261,42.91941,9.98117,82570,True,86.75068,3
20260505-014600,-OrqLHsYJOTjjjPHK9b8,2026-05-05 04:15:32+00:00,1777954532000,8925,27.61514,42.92097,9.98126,82165,True,86.86239,3
20260505-014600,-OrqLKo0EuLaaEPxXFZR,2026-05-05 04:15:44+00:00,1777954544000,8937,27.60753,42.94031,9.98102,82246,True,87.07034,3
20260505-014600,-OrqLNjAK9LCGu4WPW53,2026-05-05 04:15:56+00:00,1777954556000,8949,27.61768,42.9034,9.98121,81764,True,88.83976,3
20260505-014600,-OrqLQebGLhmCxEvRQ36,2026-05-05 04:16:08+00:00,1777954568000,8961,27.61261,42.92226,9.98124,82085,True,88.27316,3
20260505-014600,-OrqLTb999NEXaK7sDQ1,2026-05-05 04:16:20+00:00,1777954580000,8973,27.62021,42.91216,9.98141,82165,True,88.86636,3
20260505-014600,-OrqLX67z4SWTpzVAxYd,2026-05-05 04:16:32+00:00,1777954592000,8985,27.61514,42.91484,9.98159,81764,True,90.3242,3
20260505-014600,-OrqLZSkA3asmjnlNqDb,2026-05-05 04:16:44+00:00,1777954604000,8997,27.61514,42.93342,9.98149,81685,True,91.07976,3
20260505-014600,-OrqLbNqwdlNnAb2hs1q,2026-05-05 04:16:56+00:00,1777954616000,9009,27.61514,42.93767,9.98149,81924,True,89.69096,3
20260505-014600,-OrqLeJHc7qdoaneTVwi,2026-05-05 04:17:08+00:00,1777954628000,9021,27.61768,42.93533,9.98167,82246,True,87.16373,3
20260505-014600,-OrqLhFqUDPIzvnqdVAq,2026-05-05 04:17:20+00:00,1777954640000,9033,27.62528,42.94264,9.98192,82652,True,84.56329,3
20260505-014600,-OrqLk9wDEl7udWGBn7g,2026-05-05 04:17:32+00:00,1777954652000,9045,27.61514,42.96136,9.98161,82734,True,82.76616,3
20260505-014600,-OrqLn6TcWUpR5uvTNct,2026-05-05 04:17:44+00:00,1777954664000,9057,27.61261,42.95741,9.98175,82979,True,82.1286,3
20260505-014600,-OrqLq1F89dihfn0kDDQ,2026-05-05 04:17:56+00:00,1777954676000,9069,27.61768,42.95718,9.98183,82897,True,81.79744,3
20260505-014600,-OrqLsxrtxuIvIjaNQt4,2026-05-05 04:18:08+00:00,1777954688000,9081,27.61514,42.97249,9.98184,82979,True,80.9155,3
20260505-014600,-OrqLvue7vtn_QejuDcF,2026-05-05 04:18:20+00:00,1777954700000,9093,27.62275,42.95747,9.982,82652,True,83.0373,3
20260505-014600,-OrqLyorMnrfkYsNPgr3,2026-05-05 04:18:32+00:00,1777954712000,9105,27.62528,42.92862,9.98207,82408,True,85.31076,3
20260505-014600,-OrqM0k4QgXMEFvuWzUi,2026-05-05 04:18:44+00:00,1777954724000,9117,27.61007,42.95922,9.9818,81605,True,88.92703,3
20260505-014600,-OrqM3fkC_Oeq849JjyV,2026-05-05 04:18:56+00:00,1777954736000,9129,27.61768,42.93834,9.98197,81924,True,88.65236,3
20260505-014600,-OrqM6b8hGGoFVbyFVdo,2026-05-05 04:19:08+00:00,1777954748000,9141,27.62275,42.94001,9.98212,81924,True,88.83912,3
20260505-014600,-OrqM9Xu0b0EFbOO73sq,2026-05-05 04:19:20+00:00,1777954760000,9153,27.62275,42.94035,9.98216,82327,True,87.03374,3
20260505-014600,-OrqMCT5N3gt4zUCfhIN,2026-05-05 04:19:32+00:00,1777954772000,9165,27.61768,42.97311,9.98201,82489,True,85.73146,3
20260505-014600,-OrqMFUhb36gPFZ1lErx,2026-05-05 04:19:44+00:00,1777954784000,9177,27.63036,42.99107,9.98231,82734,True,83.94273,3
20260505-014600,-OrqMIK4ViHwhuSerkGd,2026-05-05 04:19:56+00:00,1777954796000,9189,27.63036,43.00535,9.98221,83144,True,82.12859,3
20260505-014600,-OrqMLFR9qfGe1lLGMIg,2026-05-05 04:20:08+00:00,1777954808000,9201,27.63036,43.01919,9.98236,83393,True,80.30429,3
20260505-014600,-OrqMOB7g9QeXgR0Ybgm,2026-05-05 04:20:20+00:00,1777954820000,9213,27.62275,43.04192,9.9823,83144,True,79.21522,3
20260505-014600,-OrqMR7DHqQQOoJhBwnX,2026-05-05 04:20:32+00:00,1777954832000,9225,27.62021,43.05249,9.98212,83559,True,78.22486,3
20260505-014600,-OrqMU2f5UzgE6mQxcLb,2026-05-05 04:20:44+00:00,1777954844000,9237,27.62528,43.02552,9.98221,83476,True,77.13065,3
20260505-014600,-OrqMWyUjaZxNNJAe7y4,2026-05-05 04:20:56+00:00,1777954856000,9249,27.62275,42.98245,9.98223,83310,True,78.13668,3
20260505-014600,-OrqMZuHPKzMZUrKs4kP,2026-05-05 04:21:08+00:00,1777954868000,9261,27.63289,42.98021,9.98246,83476,True,78.61436,3
20260505-014600,-OrqMbptixWey_v6TwU8,2026-05-05 04:21:20+00:00,1777954880000,9273,27.63036,42.98456,9.98229,83144,True,79.56887,3
20260505-014600,-OrqMelarKQ7ASBWzOqK,2026-05-05 04:21:32+00:00,1777954892000,9285,27.62275,42.98911,9.98207,82570,True,80.72188,3
20260505-014600,-OrqMhh7zD7HPMp4moel,2026-05-05 04:21:44+00:00,1777954904000,9297,27.62275,42.98806,9.9823,83062,True,80.33063,3
20260505-014600,-OrqMkc4F_oyixcw15yF,2026-05-05 04:21:56+00:00,1777954916000,9309,27.63289,42.96577,9.98246,82734,True,80.78008,3
20260505-014600,-OrqMnYvJn43H_HaAoPt,2026-05-05 04:22:08+00:00,1777954928000,9321,27.62782,42.97065,9.98252,83393,True,79.28796,3
20260505-014600,-OrqMq8LtnrYd7hhY2ek,2026-05-05 04:22:19+00:00,1777954939000,9332,27.54668,43.49145,9.98233,75228,True,97.44958,3
20260505-014600,-OrqMt3jHInDBe6XLHC1,2026-05-05 04:22:31+00:00,1777954951000,9344,27.62275,43.0618,9.98247,80584,True,102.94453,3
20260505-014600,-OrqMw-fxQqqSF3p20Er,2026-05-05 04:22:43+00:00,1777954963000,9356,27.62782,42.98083,9.98254,81924,True,91.90111,3
20260505-014600,-OrqMzJZR8Eb45x1Pg2j,2026-05-05 04:22:55+00:00,1777954975000,9368,27.62782,42.98658,9.98248,82734,True,85.64746,3
20260505-014600,-OrqN0rZylRqmi2q9_M2,2026-05-05 04:23:07+00:00,1777954987000,9380,27.62782,42.98872,9.9824,82815,True,82.07692,3
20260505-014600,-OrqN3n0A0wl2HjV-KIe,2026-05-05 04:23:19+00:00,1777954999000,9392,27.62782,43.01009,9.98245,83062,True,80.44127,3
20260505-014600,-OrqN6iKYkprncRoM7WQ,2026-05-05 04:23:31+00:00,1777955011000,9404,27.62275,43.02035,9.98238,83144,True,79.5162,3
20260505-014600,-OrqN9e1Ewfme_rO7qAN,2026-05-05 04:23:43+00:00,1777955023000,9416,27.63289,42.99357,9.98253,83476,True,77.95317,3
20260505-014600,-OrqNC_e6wVWkQB9vv2J,2026-05-05 04:23:55+00:00,1777955035000,9428,27.62782,43.00469,9.98252,84231,True,75.30998,3
20260505-014600,-OrqNFW2BRag85gllYme,2026-05-05 04:24:07+00:00,1777955047000,9440,27.62782,42.99707,9.98252,83726,True,76.5633,3
20260505-014600,-OrqNIRaXMzNaBCvdJJY,2026-05-05 04:24:19+00:00,1777955059000,9452,27.63289,43.00691,9.98285,83894,True,75.65752,3
20260505-014600,-OrqNLMjbr8FSe5gF2Qb,2026-05-05 04:24:31+00:00,1777955071000,9464,27.63289,43.01649,9.98272,83810,True,76.07772,3
20260505-014600,-OrqNOIWJKRlIikkJzHu,2026-05-05 04:24:43+00:00,1777955083000,9476,27.63289,43.02226,9.98281,83894,True,74.90936,3
20260505-014600,-OrqNRE2Trec3JeKV4TX,2026-05-05 04:24:55+00:00,1777955095000,9488,27.62528,43.01579,9.98276,83810,True,74.47823,3
20260505-014600,-OrqNU9ZpejgrEdpnOod,2026-05-05 04:25:07+00:00,1777955107000,9500,27.63036,43.00552,9.9828,83642,True,75.57948,3
20260505-014600,-OrqNX4_DdFJMYqLNzKY,2026-05-05 04:25:19+00:00,1777955119000,9512,27.63036,42.99945,9.98284,83393,True,77.67119,3
20260505-014600,-OrqN_0Q3Ct3zluGl1Bq,2026-05-05 04:25:31+00:00,1777955131000,9524,27.63289,42.98181,9.9829,83062,True,78.80887,3
20260505-014600,-OrqNbwogOvBbontFABK,2026-05-05 04:25:43+00:00,1777955143000,9536,27.63036,42.9764,9.98298,83062,True,80.62824,3
20260505-014600,-OrqNesn4MJqirnmezPO,2026-05-05 04:25:55+00:00,1777955155000,9548,27.62528,42.99873,9.98271,82815,True,81.38478,3
20260505-014600,-OrqNhtzJfP9yYjNlRiI,2026-05-05 04:26:07+00:00,1777955167000,9560,27.63289,43.00706,9.98293,83393,True,79.8735,3
20260505-014600,-OrqNkjOcAK72Tn2vGfU,2026-05-05 04:26:19+00:00,1777955179000,9572,27.62782,43.0144,9.98289,83310,True,78.99433,3
20260505-014600,-OrqNnewojMYMjClqgEq,2026-05-05 04:26:31+00:00,1777955191000,9584,27.63543,43.02192,9.98313,83894,True,76.60901,3
20260505-014600,-OrqNqaFWiXJ0qBfZCGn,2026-05-05 04:26:43+00:00,1777955203000,9596,27.63543,43.0201,9.98311,83559,True,75.69905,3
20260505-014600,-OrqNtWlLDVwnFuiaZAI,2026-05-05 04:26:55+00:00,1777955215000,9608,27.63543,43.03654,9.98313,83810,True,75.41663,3
20260505-014600,-OrqNwSiAbuFdVQ1-nFx,2026-05-05 04:27:07+00:00,1777955227000,9620,27.63543,43.05481,9.98318,83978,True,74.48549,3
20260505-014600,-OrqNzNwF-H7EN3k2gYd,2026-05-05 04:27:19+00:00,1777955239000,9632,27.63036,43.05309,9.98321,84231,True,73.15289,3
20260505-014600,-OrqO1JGtC8sZiJPeYIG,2026-05-05 04:27:31+00:00,1777955251000,9644,27.63289,43.03143,9.98339,83642,True,74.019,3
20260505-014600,-OrqO4EsEhalSe5KJNIQ,2026-05-05 04:27:43+00:00,1777955263000,9656,27.63543,42.98542,9.9832,84316,True,73.25803,3
20260505-014600,-OrqO7APhUuZnbOXYMgo,2026-05-05 04:27:55+00:00,1777955275000,9668,27.63289,42.98291,9.98334,84062,True,73.68899,3
20260505-014600,-OrqOA5zrBv73ia2wLZq,2026-05-05 04:28:07+00:00,1777955287000,9680,27.63289,42.97763,9.98336,83642,True,75.10692,3
20260505-014600,-OrqOD1b5TBinUQ5lPgw,2026-05-05 04:28:19+00:00,1777955299000,9692,27.63289,42.96152,9.98353,84062,True,74.3502,3
20260505-014600,-OrqOFy8y5Ptec5wZV4E,2026-05-05 04:28:31+00:00,1777955311000,9704,27.63796,42.9715,9.98352,84062,True,73.54347,3
20260505-014600,-OrqOItJ0lD8BYTdkS_J,2026-05-05 04:28:43+00:00,1777955323000,9716,27.63543,42.99778,9.98327,84657,True,72.11052,3
20260505-014600,-OrqOLotmNW7Jcrgk9xW,2026-05-05 04:28:55+00:00,1777955335000,9728,27.63796,42.979,9.98363,84316,True,71.51765,3
20260505-014600,-OrqOOkqS1-94bfnzJIT,2026-05-05 04:29:07+00:00,1777955347000,9740,27.63796,42.97482,9.98359,84316,True,71.34146,3
20260505-014600,-OrqORoNBCynCfa_i2kk,2026-05-05 04:29:19+00:00,1777955359000,9752,27.63543,43.03439,9.98354,84147,True,72.33009,3
20260505-014600,-OrqOUbPhhZ2X5Z9-lGc,2026-05-05 04:29:31+00:00,1777955371000,9764,27.63289,43.01823,9.98373,84743,True,70.40167,3
20260505-014600,-OrqOXXkfegAm-g-LWpz,2026-05-05 04:29:43+00:00,1777955383000,9776,27.6405,43.01702,9.98379,84743,True,69.15154,3
20260505-014600,-OrqO_TH32LpZ7vhMWGo,2026-05-05 04:29:55+00:00,1777955395000,9788,27.63289,43.04035,9.98353,83978,True,71.77,3
20260505-014600,-OrqOcP6wP2ZpNM-X2Sn,2026-05-05 04:30:07+00:00,1777955407000,9800,27.64304,43.02674,9.98362,83978,True,71.72876,3
20260505-014600,-OrqOfKkE9eGaciB7UtF,2026-05-05 04:30:19+00:00,1777955419000,9812,27.64304,43.01855,9.98357,83894,True,72.42149,3
20260505-014600,-OrqOiFuOiWAPjgT4kX1,2026-05-05 04:30:31+00:00,1777955431000,9824,27.65064,43.00301,9.9838,84316,True,71.7365,3
20260505-014600,-OrqOlBKVn3KQdO-QGjq,2026-05-05 04:30:43+00:00,1777955443000,9836,27.65318,42.99144,9.98366,84231,True,71.51154,3
20260505-014600,-OrqOo6jY8QoZ4xaU1X2,2026-05-05 04:30:55+00:00,1777955455000,9848,27.65571,42.98819,9.98372,83978,True,73.18756,3
20260505-014600,-OrqOr28iblQAJ0rrDlQ,2026-05-05 04:31:07+00:00,1777955467000,9860,27.65318,42.9813,9.98368,84231,True,72.78781,3
20260505-014600,-OrqOtylttbhh6XpSlLp,2026-05-05 04:31:19+00:00,1777955479000,9872,27.66078,42.96233,9.98382,84316,True,72.06778,3
20260505-014600,-OrqOwugGjN52NOw4ZQv,2026-05-05 04:31:31+00:00,1777955491000,9884,27.66332,42.96021,9.98381,83894,True,73.84561,3
20260505-014600,-OrqOzq5TGnkd6Fc2mU6,2026-05-05 04:31:43+00:00,1777955503000,9896,27.66332,42.97663,9.98374,84062,True,73.5456,3
20260505-014600,-OrqP1lHAmmh1TyPlGnZ,2026-05-05 04:31:55+00:00,1777955515000,9908,27.66332,42.95721,9.98382,84316,True,72.09818,3
20260505-014600,-OrqP4gyd8dIoygUJq9Q,2026-05-05 04:32:07+00:00,1777955527000,9920,27.66585,42.95995,9.98392,84231,True,72.58328,3
20260505-014600,-OrqP7cjZN6VPhdFohi_,2026-05-05 04:32:19+00:00,1777955539000,9932,27.66839,42.98468,9.98412,84401,True,71.43173,3
20260505-014600,-OrqPB6pg77CpWsMg2bg,2026-05-05 04:32:31+00:00,1777955551000,9944,27.66585,42.96608,9.98392,84401,True,70.86704,3
20260505-014600,-OrqPDUJAFzuenIN5u9x,2026-05-05 04:32:43+00:00,1777955563000,9956,27.66585,42.98035,9.98407,84231,True,71.92931,3
20260505-014600,-OrqPGQ0JQ_Z9BKV7TS1,2026-05-05 04:32:55+00:00,1777955575000,9968,27.66839,42.92307,9.98392,84231,True,72.50506,3
20260505-014600,-OrqPJLVWGLQ9cS86dWY,2026-05-05 04:33:07+00:00,1777955587000,9980,27.66839,42.94374,9.98396,84316,True,71.79929,3
20260505-014600,-OrqPMGo9WTev0tsShO3,2026-05-05 04:33:19+00:00,1777955599000,9992,27.66585,42.93987,9.98416,84147,True,72.53769,3
20260505-014600,-OrqPPD4XXbkLtyzbKhU,2026-05-05 04:33:31+00:00,1777955611000,10004,27.67093,42.95557,9.98424,84401,True,71.46806,3
20260505-014600,-OrqPS9Mes3bW8nT-U2H,2026-05-05 04:33:43+00:00,1777955623000,10016,27.676,42.94427,9.98433,84231,True,72.04342,3
20260505-014600,-OrqPV3J2LLyuAokwL11,2026-05-05 04:33:55+00:00,1777955635000,10028,27.66585,42.95155,9.98425,84147,True,72.07866,3
20260505-014600,-OrqPY-D2eblChLYlDxT,2026-05-05 04:34:07+00:00,1777955647000,10040,27.67093,42.9393,9.98435,84657,True,70.99777,3
20260505-014600,-OrqP_vFtdwUZHmep3QK,2026-05-05 04:34:19+00:00,1777955659000,10052,27.66585,42.98067,9.984,84231,True,70.99934,3
20260505-014600,-OrqPcq_aTxlgtpUuO_X,2026-05-05 04:34:31+00:00,1777955671000,10064,27.67346,42.99642,9.98425,83559,True,72.79961,3
20260505-014600,-OrqPfmKdU2lK5WCdBgs,2026-05-05 04:34:43+00:00,1777955683000,10076,27.67346,43.12527,9.98432,83810,True,73.16096,3
20260505-014600,-OrqPihz4nGsMzUK4RZh,2026-05-05 04:34:55+00:00,1777955695000,10088,27.66585,43.13499,9.98422,83810,True,73.7959,3
20260505-014600,-OrqPlNnnhaFnsbPrYsf,2026-05-05 04:35:06+00:00,1777955706000,10099,27.58978,43.73552,9.98457,75431,True,92.54149,3
20260505-014600,-OrqPoJ8zhs0s6368Gqf,2026-05-05 04:35:18+00:00,1777955718000,10111,27.65318,43.25156,9.98451,80662,True,101.19738,3
20260505-014600,-OrqPrE_PeToIyiy6cXk,2026-05-05 04:35:30+00:00,1777955730000,10123,27.66332,43.18384,9.98465,82652,True,88.44882,3
20260505-014600,-OrqPw-2PGOdAi51MGWz,2026-05-05 04:35:42+00:00,1777955742000,10135,27.66078,43.18524,9.98452,82897,True,81.80613,3
20260505-014600,-OrqPwkv_zn7wxdb907T,2026-05-05 04:35:53+00:00,1777955753000,10146,27.71052,43.0182,9.98439,82897,True,81.10173,3
20260505-014600,-OrqPzEKyO1eOWntxlg7,2026-05-05 04:36:03+00:00,1777955763000,10156,27.5619,43.91315,9.98451,67743,True,134.28217,3
20260505-014600,-OrqQ1nVRnGbRvR9B2wS,2026-05-05 04:36:16+00:00,1777955776000,10169,27.6675,43.47112,9.98458,71320,True,144.02707,3
20260505-014600,-OrqQ4LNqFQBl2rICe5o,2026-05-05 04:36:28+00:00,1777955788000,10181,27.62782,43.43697,9.98459,71502,True,176.64798,3
20260505-014600,-OrqQ7GuSzBz5ZuZZnGU,2026-05-05 04:36:40+00:00,1777955800000,10193,27.63796,43.31454,9.98462,77598,True,136.97983,3
20260505-014600,-OrqQACHrO8iliS3nkmC,2026-05-05 04:36:52+00:00,1777955812000,10205,27.6481,43.32792,9.98464,79816,True,111.5961,3
20260505-014600,-OrqQD8Ih34ckVPqCWFX,2026-05-05 04:37:04+00:00,1777955824000,10217,27.65064,43.35342,9.98471,80662,True,99.34549,3
20260505-014600,-OrqQG3CJ47VTmNGX98V,2026-05-05 04:37:16+00:00,1777955836000,10229,27.65064,43.26678,9.98471,81924,True,89.31898,3
20260505-014600,-OrqQIzrcWdT29Li4lW5,2026-05-05 04:37:28+00:00,1777955848000,10241,27.65064,43.2038,9.98473,82570,True,83.27036,3
20260505-014600,-OrqQLvCKfGzAyoeqSJa,2026-05-05 04:37:40+00:00,1777955860000,10253,27.65318,43.17094,9.98479,82897,True,79.84756,3
20260505-014600,-OrqQOqj-6ncbODPaG58,2026-05-05 04:37:52+00:00,1777955872000,10265,27.65064,43.19273,9.98477,83310,True,76.93858,3
20260505-014600,-OrqQRmxHOBUzvhZMY9d,2026-05-05 04:38:04+00:00,1777955884000,10277,27.65064,43.24045,9.98482,83062,True,76.90987,3
20260505-014600,-OrqQUje6iUIQoX0XPhT,2026-05-05 04:38:16+00:00,1777955896000,10289,27.65064,43.25662,9.98475,83393,True,75.78754,3
20260505-014600,-OrqQXdoVf_jvXBoXV7U,2026-05-05 04:38:28+00:00,1777955908000,10301,27.65571,43.2785,9.98488,83726,True,73.79891,3
20260505-014600,-OrqQ_Zrbg3JppTb4J5c,2026-05-05 04:38:40+00:00,1777955920000,10313,27.65825,43.28778,9.98492,83476,True,73.51279,3
20260505-014600,-OrqQclpCFAWUO3UrXu0,2026-05-05 04:38:52+00:00,1777955932000,10325,27.65825,43.27197,9.98483,83476,True,74.48565,3
20260505-014600,-OrqQfRG4-Yb01zZAAlj,2026-05-05 04:39:04+00:00,1777955944000,10337,27.65825,43.25917,9.98485,82815,True,77.49816,3
20260505-014600,-OrqQiMVWJkfKJSdF2nU,2026-05-05 04:39:16+00:00,1777955956000,10349,27.65318,43.24378,9.98489,83393,True,77.10549,3
20260505-014600,-OrqQlHqBE0yVB0KzZjf,2026-05-05 04:39:28+00:00,1777955968000,10361,27.65571,43.24729,9.98485,83062,True,75.88702,3
20260505-014600,-OrqQoDLBDyQLfZxdP2D,2026-05-05 04:39:40+00:00,1777955980000,10373,27.66078,43.22099,9.98477,83642,True,74.94635,3
20260505-014600,-OrqQr9VEccNTT7jKbap,2026-05-05 04:39:52+00:00,1777955992000,10385,27.66078,43.22256,9.98503,84062,True,71.87038,3
20260505-014600,-OrqQu4cFQyn_VrF248O,2026-05-05 04:40:04+00:00,1777956004000,10397,27.66078,43.20921,9.98501,83894,True,71.20074,3
20260505-014600,-OrqQx06XFYmQc0WBG2H,2026-05-05 04:40:16+00:00,1777956016000,10409,27.66078,43.2538,9.98491,83642,True,72.8482,3
20260505-014600,-OrqQzwJFyL1oU_LEC_p,2026-05-05 04:40:28+00:00,1777956028000,10421,27.66839,43.24983,9.98505,83978,True,71.44473,3
20260505-014600,-OrqR1rsxior7VB7nAJ1,2026-05-05 04:40:40+00:00,1777956040000,10433,27.65825,43.27599,9.98487,83642,True,72.38928,3
20260505-014600,-OrqR4nIP4QlM8Hf7Yk9,2026-05-05 04:40:52+00:00,1777956052000,10445,27.65825,43.28593,9.9849,83726,True,71.75303,3
20260505-014600,-OrqR7irRjbUAdH5Vc0o,2026-05-05 04:41:04+00:00,1777956064000,10457,27.66078,43.30102,9.9851,83144,True,75.39458,3
20260505-014600,-OrqRAeVhv3DXKXxGFp2,2026-05-05 04:41:16+00:00,1777956076000,10469,27.66332,43.28551,9.98506,81844,True,80.7708,3
20260505-014600,-OrqRDaFJSPil5Am4W19,2026-05-05 04:41:28+00:00,1777956088000,10481,27.66585,43.27114,9.98524,81288,True,86.47948,3
20260505-014600,-OrqRGWNQXdsmaOH0Oon,2026-05-05 04:41:40+00:00,1777956100000,10493,27.66332,43.26759,9.98523,82165,True,85.52941,3
20260505-014600,-OrqRJRxDBJNwGjMRKU2,2026-05-05 04:41:52+00:00,1777956112000,10505,27.66332,43.24948,9.98527,82085,True,84.49832,3
20260505-014600,-OrqRMV6xsqDtEhyKsVQ,2026-05-05 04:42:04+00:00,1777956124000,10517,27.66839,43.24844,9.98521,83062,True,81.08196,3
20260505-014600,-OrqRPIsHm36ig9K3Wms,2026-05-05 04:42:16+00:00,1777956136000,10529,27.66332,43.21938,9.98516,82979,True,79.19877,3
20260505-014600,-OrqRSEdD6E1rrWbcWEV,2026-05-05 04:42:28+00:00,1777956148000,10541,27.67093,43.18068,9.98539,82815,True,78.00401,3
20260505-014600,-OrqRV9kk2IMhABt2kY4,2026-05-05 04:42:40+00:00,1777956160000,10553,27.66585,43.20874,9.98515,83559,True,75.68295,3
20260505-014600,-OrqRY56W5OT6A3GdGm0,2026-05-05 04:42:52+00:00,1777956172000,10565,27.66585,43.22671,9.9852,83227,True,75.8818,3
20260505-014600,-OrqRa0fJ0A1j6tL0kHn,2026-05-05 04:43:04+00:00,1777956184000,10577,27.67093,43.20994,9.98528,83642,True,74.36673,3
20260505-014600,-OrqRcxGSI7QNb05DMPH,2026-05-05 04:43:16+00:00,1777956196000,10589,27.66839,43.1802,9.98526,83978,True,72.00146,3
20260505-014600,-OrqRftmyAd0qbF_UHyN,2026-05-05 04:43:28+00:00,1777956208000,10601,27.65825,43.18497,9.98508,83559,True,72.11777,3
20260505-014600,-OrqRioT7inWTbuhYWTm,2026-05-05 04:43:40+00:00,1777956220000,10613,27.66839,43.18415,9.98526,83559,True,73.04846,3
20260505-014600,-OrqRljm9Yqr7oqf1BUc,2026-05-05 04:43:52+00:00,1777956232000,10625,27.66839,43.15332,9.98512,83726,True,71.90981,3
20260505-014600,-OrqRofGOOM4uOfGpsHu,2026-05-05 04:44:04+00:00,1777956244000,10637,27.66585,43.15727,9.98518,83810,True,72.53439,3
20260505-014600,-OrqRrahw2ejYxZ8q3W2,2026-05-05 04:44:16+00:00,1777956256000,10649,27.67093,43.19584,9.98504,83559,True,72.25082,3
20260505-014600,-OrqRuXj28IQn7BGsgRe,2026-05-05 04:44:28+00:00,1777956268000,10661,27.66839,43.23554,9.98508,84147,True,71.10012,3
20260505-014600,-OrqRxSq3iDdAaDGjdTD,2026-05-05 04:44:40+00:00,1777956280000,10673,27.67093,43.2143,9.98523,83559,True,72.13454,3
20260505-014600,-OrqS-ONMpzd78tg-VPs,2026-05-05 04:44:52+00:00,1777956292000,10685,27.67093,43.26662,9.98525,83810,True,72.19234,3
20260505-014600,-OrqS2JoW9bTNZjVd9UF,2026-05-05 04:45:04+00:00,1777956304000,10697,27.67093,43.27475,9.9854,83894,True,72.75111,3
20260505-014600,-OrqS5MGgYjcdTFugmpO,2026-05-05 04:45:16+00:00,1777956316000,10709,27.67093,43.21999,9.98519,83894,True,72.42084,3
20260505-014600,-OrqS8BvsF21rbztnhut,2026-05-05 04:45:28+00:00,1777956328000,10721,27.66585,43.18335,9.98524,83894,True,73.39734,3
20260505-014600,-OrqSB6S80TViE2GmaTS,2026-05-05 04:45:40+00:00,1777956340000,10733,27.67093,43.14686,9.98523,83559,True,74.31481,3
20260505-014600,-OrqSE20cIixXEJiAavT,2026-05-05 04:45:52+00:00,1777956352000,10745,27.67093,43.13433,9.98528,83726,True,73.91129,3
20260505-014600,-OrqSGyG1Pb_cPsMN7Ao,2026-05-05 04:46:04+00:00,1777956364000,10757,27.67093,43.13064,9.98539,83894,True,72.4088,3
20260505-014600,-OrqSJt_LNe2CxDMuslT,2026-05-05 04:46:16+00:00,1777956376000,10769,27.67093,43.19127,9.98519,83559,True,73.34246,3
20260505-014600,-OrqSMpA707HlRHibkaZ,2026-05-05 04:46:28+00:00,1777956388000,10781,27.67093,43.23096,9.98525,83810,True,72.679,3
20260505-014600,-OrqSPkqnUB8nhUn3gPR,2026-05-05 04:46:40+00:00,1777956400000,10793,27.67346,43.30981,9.98541,83476,True,72.9424,3
20260505-014600,-OrqSSgDYSd1F7piNEX4,2026-05-05 04:46:52+00:00,1777956412000,10805,27.67853,43.37018,9.98533,83726,True,72.38144,3
20260505-014600,-OrqSVbiLLznh8HKXsxF,2026-05-05 04:47:04+00:00,1777956424000,10817,27.66839,43.41526,9.98526,83810,True,71.80437,3
20260505-014600,-OrqSY_T8JMchBAb3w4G,2026-05-05 04:47:16+00:00,1777956436000,10829,27.66839,43.3707,9.98535,83894,True,71.62735,3
20260505-014600,-OrqSaTf0myEbf4r9m8f,2026-05-05 04:47:28+00:00,1777956448000,10841,27.67093,43.30198,9.98537,83810,True,71.11066,3
20260505-014600,-OrqSdPABp8CRQRnbF38,2026-05-05 04:47:40+00:00,1777956460000,10853,27.66585,43.26395,9.98545,83726,True,71.40212,3
20260505-014600,-OrqSgKuhz0-kUnlAKE7,2026-05-05 04:47:52+00:00,1777956472000,10865,27.66839,43.23793,9.98538,84062,True,70.93124,3
20260505-014600,-OrqSjGHKiOPqNquUDqa,2026-05-05 04:48:04+00:00,1777956484000,10877,27.66839,43.35048,9.98551,83393,True,71.73748,3
20260505-014600,-OrqSmBeVSEXR0wM99Un,2026-05-05 04:48:16+00:00,1777956496000,10889,27.676,43.44551,9.98568,83642,True,72.15625,3
20260505-014600,-OrqSpEywwSETuRywXtS,2026-05-05 04:48:28+00:00,1777956508000,10901,27.676,43.51326,9.98557,83476,True,72.18163,3
20260505-014600,-OrqSs2vXbbNwROBkVwa,2026-05-05 04:48:40+00:00,1777956520000,10913,27.67853,43.52727,9.98581,83393,True,72.25812,3
20260505-014600,-OrqSuzIhHo_cfbdVESh,2026-05-05 04:48:52+00:00,1777956532000,10925,27.66839,43.55524,9.98566,83810,True,70.88544,3
20260505-014600,-OrqSxvG0_JUn6Q_FJtn,2026-05-05 04:49:04+00:00,1777956544000,10937,27.67093,43.53413,9.98569,83726,True,70.88318,3
20260505-014600,-OrqT-q8Wub1XiPe2C7z,2026-05-05 04:49:16+00:00,1777956556000,10949,27.676,43.56298,9.98564,83476,True,71.05157,3
20260505-014600,-OrqT2lfIG518lFJFZ_E,2026-05-05 04:49:28+00:00,1777956568000,10961,27.67853,43.5688,9.98584,83810,True,70.5552,3
20260505-014600,-OrqT5h_O6M_rcNd4kV8,2026-05-05 04:49:40+00:00,1777956580000,10973,27.67853,43.57978,9.98605,83642,True,70.7888,3
20260505-014600,-OrqT8cf2aHrcGgk7uv6,2026-05-05 04:49:52+00:00,1777956592000,10985,27.676,43.62205,9.98601,83476,True,71.15993,3
20260505-014600,-OrqTBZOs18tjYLwpQbz,2026-05-05 04:50:04+00:00,1777956604000,10997,27.67853,43.65585,9.98584,83810,True,70.85266,3
20260505-014600,-OrqTEUe4z_170M3Fk2K,2026-05-05 04:50:16+00:00,1777956616000,11009,27.676,43.66831,9.98589,83310,True,71.45224,3
20260505-014600,-OrqTHRawJoTirDVQdeN,2026-05-05 04:50:28+00:00,1777956628000,11021,27.676,43.65532,9.98591,83726,True,70.84236,3
20260505-014600,-OrqTKLXQWzN1g4kll3G,2026-05-05 04:50:40+00:00,1777956640000,11033,27.67346,43.64112,9.98596,83726,True,70.08517,3
20260505-014600,-OrqTNHKmLKIgGF3jBep,2026-05-05 04:50:52+00:00,1777956652000,11045,27.67853,43.68166,9.98604,83393,True,70.52109,3
20260505-014600,-OrqTQCqRxVYspirvHod,2026-05-05 04:51:04+00:00,1777956664000,11057,27.67093,43.75791,9.98595,83642,True,70.23209,3
20260505-014600,-OrqTT8KuOQvJ0nOytKu,2026-05-05 04:51:16+00:00,1777956676000,11069,27.67853,43.77213,9.98602,83227,True,71.73441,3
20260505-014600,-OrqTW3VGzWR__l932S5,2026-05-05 04:51:28+00:00,1777956688000,11081,27.676,43.75362,9.98591,83476,True,71.16192,3
20260505-014600,-OrqTYzq9DIqVloiGh8o,2026-05-05 04:51:39+00:00,1777956699000,11092,27.59486,44.28803,9.98597,74031,True,92.69098,3
20260505-014600,-OrqTal8Cuvf0il7Q9qn,2026-05-05 04:51:51+00:00,1777956711000,11104,27.67093,43.79399,9.98611,80198,True,100.1479,3
20260505-014600,-OrqTdgUvTx8mtP6hD0t,2026-05-05 04:52:03+00:00,1777956723000,11116,27.676,43.73088,9.98591,82085,True,86.54415,3
20260505-014600,-OrqTgbrf6J-6Klineo0,2026-05-05 04:52:15+00:00,1777956735000,11128,27.676,43.73277,9.986,82652,True,79.47652,3
20260505-014600,-OrqTj_4zOOSTGue0MW6,2026-05-05 04:52:27+00:00,1777956747000,11140,27.676,43.69733,9.98607,83062,True,75.3969,3
20260505-014600,-OrqTmTjewI5RyMEK2Nc,2026-05-05 04:52:39+00:00,1777956759000,11152,27.67346,43.68972,9.98603,83227,True,73.14291,3
20260505-014600,-OrqTpP7yhID9ox6tTq8,2026-05-05 04:52:51+00:00,1777956771000,11164,27.68614,43.65,9.98628,82979,True,72.38109,3
20260505-014600,-OrqTsKt9OmyjCzgmeGL,2026-05-05 04:53:03+00:00,1777956783000,11176,27.68361,43.66043,9.98633,83559,True,71.0885,3
20260505-014600,-OrqTvGSR6c2QxsVLN-R,2026-05-05 04:53:15+00:00,1777956795000,11188,27.67853,43.74253,9.98605,83559,True,70.81838,3
20260505-014600,-OrqTyBzwpkdcW3iKpAB,2026-05-05 04:53:27+00:00,1777956807000,11200,27.68361,43.7875,9.98591,83310,True,71.37052,3
20260505-014600,-OrqU07BKqiaw5BFKHKu,2026-05-05 04:53:39+00:00,1777956819000,11212,27.68107,43.73417,9.98583,83810,True,69.8215,3
20260505-014600,-OrqU32l5YDbz-n4Pi6G,2026-05-05 04:53:51+00:00,1777956831000,11224,27.68107,43.71464,9.98587,83559,True,70.69614,3
20260505-014600,-OrqU5zVoB_dt5IQPne3,2026-05-05 04:54:03+00:00,1777956843000,11236,27.67853,43.77131,9.98588,83227,True,71.09074,3
20260505-014600,-OrqU8uoCCjqTMyXsxst,2026-05-05 04:54:15+00:00,1777956855000,11248,27.67853,43.72766,9.98584,83476,True,69.86682,3
20260505-014600,-OrqUBqJnBloTag7Nmkr,2026-05-05 04:54:27+00:00,1777956867000,11260,27.68361,43.73663,9.98585,83144,True,70.05682,3
20260505-014600,-OrqUElb2rtsB0TlxDnt,2026-05-05 04:54:39+00:00,1777956879000,11272,27.68867,43.7751,9.98601,83559,True,69.7459,3
20260505-014600,-OrqUIJYo5VEUijBvhlR,2026-05-05 04:54:51+00:00,1777956891000,11284,27.68614,43.79181,9.98595,83642,True,69.261,3
20260505-014600,-OrqUKd212kVloquXHMl,2026-05-05 04:55:03+00:00,1777956903000,11296,27.67853,43.78841,9.98574,83062,True,69.91107,3
20260505-014600,-OrqUNZV9zJ9qLVs6gF1,2026-05-05 04:55:15+00:00,1777956915000,11308,27.68107,43.724,9.98595,83476,True,69.60384,3
20260505-014600,-OrqUQV-0T1Gbt1UL-l_,2026-05-05 04:55:27+00:00,1777956927000,11320,27.68361,43.78434,9.98589,83726,True,68.94801,3
20260505-014600,-OrqUTQ60MR6AHtxUSPY,2026-05-05 04:55:39+00:00,1777956939000,11332,27.676,43.82043,9.98571,83393,True,69.59765,3
20260505-014600,-OrqUWLq2KVmuAT1RuRc,2026-05-05 04:55:51+00:00,1777956951000,11344,27.68614,43.78412,9.98582,83642,True,69.05784,3
20260505-014600,-OrqUZJEXb9ZLBMb8Om0,2026-05-05 04:56:03+00:00,1777956963000,11356,27.67346,43.83012,9.98569,83726,True,68.95322,3
20260505-014600,-OrqUbCqJopc6-1jwGYe,2026-05-05 04:56:15+00:00,1777956975000,11368,27.68614,43.81873,9.98568,83393,True,68.986,3
20260505-014600,-OrqUe8Uw9Jd67ZePYLB,2026-05-05 04:56:27+00:00,1777956987000,11380,27.68361,43.81899,9.98564,83642,True,68.39194,3
20260505-014600,-OrqUh3ggGVUosWzoGul,2026-05-05 04:56:39+00:00,1777956999000,11392,27.68361,43.84645,9.98573,83559,True,67.55105,3
20260505-014600,-OrqUk-5RvdQQJ8CRyI8,2026-05-05 04:56:51+00:00,1777957011000,11404,27.67853,43.85626,9.98568,83810,True,67.81171,3
20260505-014600,-OrqUmveRKOt8H7kQC4x,2026-05-05 04:57:03+00:00,1777957023000,11416,27.68867,43.78921,9.98558,83476,True,68.7092,3
20260505-014600,-OrqUprTEmjNe1uh4PPh,2026-05-05 04:57:15+00:00,1777957035000,11428,27.68107,43.80696,9.98571,83642,True,68.38145,3
20260505-014600,-OrqUsnB17dyNEpKi7GM,2026-05-05 04:57:27+00:00,1777957047000,11440,27.68614,43.78787,9.98561,83393,True,68.67191,3
20260505-014600,-OrqUvi8Kfg-KsUBZXE1,2026-05-05 04:57:39+00:00,1777957059000,11452,27.68614,43.8195,9.98556,83642,True,68.2258,3
20260505-014600,-OrqUydbHWWwjhhiuhP5,2026-05-05 04:57:51+00:00,1777957071000,11464,27.68361,43.83102,9.98566,83810,True,68.02579,3
20260505-014600,-OrqV0jxn8jyTR0Eyagm,2026-05-05 04:58:03+00:00,1777957083000,11476,27.68361,43.88511,9.98557,83393,True,68.47513,3
20260505-014600,-OrqV3Vnkx3ORKuKye-I,2026-05-05 04:58:15+00:00,1777957095000,11488,27.68107,43.86489,9.98541,83726,True,68.30275,3
20260505-014600,-OrqV6RdQ9OI2N5JQJht,2026-05-05 04:58:27+00:00,1777957107000,11500,27.68361,43.81163,9.98545,83978,True,66.77071,3
20260505-014600,-OrqV9MmlN6k5UTCI8ni,2026-05-05 04:58:39+00:00,1777957119000,11512,27.68361,43.73826,9.98557,83726,True,66.96792,3
20260505-014600,-OrqVCI6U7UUaw8iTq2W,2026-05-05 04:58:51+00:00,1777957131000,11524,27.68361,43.75378,9.98552,83894,True,66.94258,3
20260505-014600,-OrqVFDXnSd4jVovS3RS,2026-05-05 04:59:03+00:00,1777957143000,11536,27.68614,43.78457,9.98572,83642,True,66.72807,3
20260505-014600,-OrqVI94Zvi7hv2NrAf3,2026-05-05 04:59:15+00:00,1777957155000,11548,27.68107,43.81213,9.98566,83726,True,67.87387,3
20260505-014600,-OrqVL4rKyOa6938_CaB,2026-05-05 04:59:27+00:00,1777957167000,11560,27.68361,43.82434,9.98549,84147,True,66.55247,3
20260505-014600,-OrqVO0DCO_YnMNtM-mY,2026-05-05 04:59:39+00:00,1777957179000,11572,27.68614,43.81146,9.98572,83978,True,65.91364,3
20260505-014600,-OrqVQwdjYDqro8MnmjA,2026-05-05 04:59:51+00:00,1777957191000,11584,27.68614,43.81972,9.98556,83726,True,65.85016,3
20260505-014600,-OrqVTsDPuHHMki2kfFs,2026-05-05 05:00:03+00:00,1777957203000,11596,27.68361,43.8171,9.98561,83810,True,66.78399,3
20260505-014600,-OrqVWnbC7hDAx7FwrUG,2026-05-05 05:00:15+00:00,1777957215000,11608,27.69121,43.78321,9.98566,83559,True,66.39478,3
20260505-014600,-OrqVZjd4U8zze35EzBR,2026-05-05 05:00:27+00:00,1777957227000,11620,27.68614,43.82251,9.98577,84062,True,65.76781,3
20260505-014600,-OrqVbel9A345QA1YPqc,2026-05-05 05:00:39+00:00,1777957239000,11632,27.68867,43.82148,9.98558,83978,True,65.74808,3
20260505-014600,-OrqVeHU96rdsb-JUjDU,2026-05-05 05:00:50+00:00,1777957250000,11643,27.605,44.38445,9.98567,75160,True,85.57524,3
20260505-014600,-OrqVhCya5gXw51PYmmD,2026-05-05 05:01:02+00:00,1777957262000,11655,27.67853,43.89592,9.98583,80352,True,94.80814,3
20260505-014600,-OrqVnzl6JxHiLqbMXLm,2026-05-05 05:01:14+00:00,1777957274000,11667,27.68107,43.86929,9.98574,82570,True,82.56528,3
20260505-014600,-OrqVoqDHLGyCg4WIAOd,2026-05-05 05:01:33+00:00,1777957293000,11686,27.7369,43.69823,9.98577,82570,True,80.12488,3
20260505-014600,-OrqVrlv1rxzCuIV1u42,2026-05-05 05:01:45+00:00,1777957305000,11698,27.64557,44.08441,9.98586,72430,True,155.13675,3
20260505-014600,-OrqVuhT_JwnuJTSmese,2026-05-05 05:01:57+00:00,1777957317000,11710,27.66332,43.87277,9.98595,78104,True,126.26686,3
20260505-014600,-OrqVxcfG9RQr0D2Ulpq,2026-05-05 05:02:09+00:00,1777957329000,11722,27.67093,43.83881,9.98592,80429,True,102.17952,3
20260505-014600,-OrqW-ZMDTyR8L05zM6n,2026-05-05 05:02:21+00:00,1777957341000,11734,27.67093,43.81807,9.98599,81685,True,88.21613,3
20260505-014600,-OrqW2Uh9VwcFUn3D_5I,2026-05-05 05:02:33+00:00,1777957353000,11746,27.67853,43.76566,9.98614,81924,True,82.2072,3
20260505-014600,-OrqW5QHXkpF79EuHmPi,2026-05-05 05:02:45+00:00,1777957365000,11758,27.68361,43.7916,9.98622,82085,True,78.41856,3
20260505-014600,-OrqW8Lb4iNBLCrXELWb,2026-05-05 05:02:57+00:00,1777957377000,11770,27.68107,43.82166,9.9861,82734,True,74.89433,3
20260505-014600,-OrqWBHLXXfg_Xrj00AY,2026-05-05 05:03:09+00:00,1777957389000,11782,27.67853,43.85289,9.98621,83062,True,72.94572,3
20260505-014600,-OrqWECmlT17dyWaoVYP,2026-05-05 05:03:21+00:00,1777957401000,11794,27.68107,43.81181,9.98608,82979,True,71.67531,3
20260505-014600,-OrqWH8Nm3h1Ee3Bg-3g,2026-05-05 05:03:33+00:00,1777957413000,11806,27.68361,43.77831,9.98605,83559,True,69.81734,3
20260505-014600,-OrqWK3bDFRiTaosGnTx,2026-05-05 05:03:45+00:00,1777957425000,11818,27.68361,43.79374,9.98615,83476,True,69.19666,3
20260505-014600,-OrqWN07ZUvwYiyiZhYX,2026-05-05 05:03:57+00:00,1777957437000,11830,27.68614,43.76546,9.98619,83310,True,68.66295,3
20260505-014600,-OrqWPvYwqivm4WrPOgy,2026-05-05 05:04:09+00:00,1777957449000,11842,27.68614,43.78102,9.98611,83559,True,68.45184,3
20260505-014600,-OrqWUu7xVB5ZSE2i4eP,2026-05-05 05:04:21+00:00,1777957461000,11854,27.68867,43.78727,9.98615,83726,True,67.13474,3
20260505-014600,-OrqWVezjxhBNZEwwOkT,2026-05-05 05:04:32+00:00,1777957472000,11866,27.74714,43.61683,9.98639,83894,True,66.71567,3
20260505-014600,-OrqWYaTkzugME7f-w6y,2026-05-05 05:04:44+00:00,1777957484000,11878,27.67093,43.90369,9.98644,77169,True,115.67202,3
20260505-014600,-OrqWaWnzH9uuIxwy7BT,2026-05-05 05:04:56+00:00,1777957496000,11890,27.68107,43.76651,9.98629,80974,True,98.53957,3
20260505-014600,-OrqWdSyNIOgGR1mn5hZ,2026-05-05 05:05:08+00:00,1777957508000,11902,27.68867,43.68705,9.98639,82246,True,83.85753,3
20260505-014600,-OrqWgOZRyF-yPvdawdX,2026-05-05 05:05:20+00:00,1777957520000,11914,27.68361,43.73112,9.98649,82570,True,77.51856,3
20260505-014600,-OrqWjJXYHMwQtqZyaZf,2026-05-05 05:05:32+00:00,1777957532000,11926,27.68867,43.73101,9.98634,82815,True,74.02698,3
20260505-014600,-OrqWmFSHPKUKWJ0qmrG,2026-05-05 05:05:44+00:00,1777957544000,11938,27.68867,43.73988,9.98655,83559,True,70.86916,3
20260505-014600,-OrqWpAeFGO8h8_7g1nU,2026-05-05 05:05:56+00:00,1777957556000,11950,27.69628,43.77672,9.98657,83559,True,69.85092,3
20260505-014600,-OrqWs60_H62Tr03YXBA,2026-05-05 05:06:08+00:00,1777957568000,11962,27.68107,43.83726,9.98631,83559,True,68.81689,3
20260505-014600,-OrqWv1oon5tOaFoNGxH,2026-05-05 05:06:20+00:00,1777957580000,11974,27.68867,43.78131,9.98655,83476,True,68.92293,3
20260505-014600,-OrqWxyGZpaAjSbH9ff4,2026-05-05 05:06:32+00:00,1777957592000,11986,27.69628,43.69484,9.98687,83476,True,68.1471,3
20260505-014600,-OrqX-tptWUOSvwjHaPX,2026-05-05 05:06:44+00:00,1777957604000,11998,27.69882,43.65029,9.98682,83810,True,67.33226,3
20260505-014600,-OrqX2pCXr53kNjaUmMi,2026-05-05 05:06:56+00:00,1777957616000,12010,27.69375,43.62343,9.98667,84231,True,65.6797,3
20260505-014600,-OrqX5kVAe3sFQWNcC88,2026-05-05 05:07:08+00:00,1777957628000,12022,27.69882,43.57366,9.9868,84316,True,64.97296,3
20260505-014600,-OrqX8fpTCV0fW3wmz_I,2026-05-05 05:07:20+00:00,1777957640000,12034,27.69882,43.55062,9.9868,84316,True,63.62237,3
20260505-014600,-OrqXBqMlKzslHr9TMhG,2026-05-05 05:07:32+00:00,1777957652000,12046,27.70135,43.58191,9.98703,83978,True,64.60508,3
20260505-014600,-OrqXEXxzBhCtquaCnsL,2026-05-05 05:07:44+00:00,1777957664000,12058,27.69882,43.63227,9.98691,84231,True,64.38644,3
20260505-014600,-OrqXHTOtB9hgrQA2Mvs,2026-05-05 05:07:56+00:00,1777957676000,12070,27.69375,43.66719,9.9867,84231,True,64.98641,3
20260505-014600,-OrqXKP-EikIqp1_zVmo,2026-05-05 05:08:08+00:00,1777957688000,12082,27.69628,43.68647,9.98683,84401,True,65.13281,3
20260505-014600,-OrqXNKQzeQ8aTsAkRZz,2026-05-05 05:08:20+00:00,1777957700000,12094,27.70135,43.64133,9.98675,84401,True,64.30954,3
20260505-014600,-OrqXQFcqpM6exIIOgmI,2026-05-05 05:08:32+00:00,1777957712000,12106,27.69375,43.68894,9.98667,84062,True,65.18555,3
20260505-014600,-OrqXTFiBSHom4mIBvzU,2026-05-05 05:08:44+00:00,1777957724000,12118,27.69375,43.71824,9.98681,84316,True,64.76482,3
20260505-014600,-OrqXW7BQs5M_VqH96Md,2026-05-05 05:08:56+00:00,1777957736000,12130,27.70135,43.6937,9.98707,84572,True,63.91331,3
20260505-014600,-OrqXZ2RuvxYwsabklcq,2026-05-05 05:09:08+00:00,1777957748000,12142,27.69375,43.64713,9.98704,84231,True,64.18661,3
20260505-014600,-OrqXayw8ka8oRpO1Kwl,2026-05-05 05:09:20+00:00,1777957760000,12154,27.70135,43.57203,9.9873,84147,True,63.97934,3
20260505-014600,-OrqXdu9Yb2x4ZqLBJAR,2026-05-05 05:09:32+00:00,1777957772000,12166,27.70135,43.57457,9.98716,84401,True,63.43511,3
20260505-014600,-OrqXgpxJ9OWPLnc-LPN,2026-05-05 05:09:44+00:00,1777957784000,12178,27.69628,43.66557,9.98694,84486,True,62.85185,3
20260505-014600,-OrqXjlc6J6KZp-QxBrU,2026-05-05 05:09:56+00:00,1777957796000,12190,27.70135,43.69733,9.98717,84401,True,63.82831,3
20260505-014600,-OrqXmgqRYZxmVs6VuoO,2026-05-05 05:10:08+00:00,1777957808000,12202,27.70135,43.71351,9.98739,84486,True,63.60207,3
20260505-014600,-OrqXpf67x1CaPmAg7GC,2026-05-05 05:10:21+00:00,1777957821000,12214,27.70135,43.67305,9.98739,84231,True,65.19862,3
20260505-014600,-OrqXsn2QKcX_jxlkKZ9,2026-05-05 05:10:33+00:00,1777957833000,12226,27.70389,43.65216,9.98729,84147,True,64.74365,3
20260505-014600,-OrqXvWyo0oaseLHOyLp,2026-05-05 05:10:45+00:00,1777957845000,12238,27.70135,43.65894,9.98742,84231,True,64.67047,3
20260505-014600,-OrqXySIobsIbJOwM0z6,2026-05-05 05:10:57+00:00,1777957857000,12250,27.70389,43.66288,9.98737,84401,True,63.45655,3
20260505-014600,-OrqY0OruYIxz4xgNQFt,2026-05-05 05:11:09+00:00,1777957869000,12262,27.70642,43.64925,9.98754,83978,True,64.09209,3
20260505-014600,-OrqY3JaczFp3O_ssosv,2026-05-05 05:11:21+00:00,1777957881000,12274,27.70389,43.62957,9.98752,84062,True,64.31849,3
20260505-014600,-OrqY6F0oLNSUvlzDRVH,2026-05-05 05:11:33+00:00,1777957893000,12286,27.70135,43.61066,9.98748,84486,True,63.32979,3
20260505-014600,-OrqY9Aj-pOMAR0D0GCs,2026-05-05 05:11:45+00:00,1777957905000,12298,27.70642,43.58891,9.9877,84231,True,64.01099,3
20260505-014600,-OrqYCBaSw76_LDsv4lF,2026-05-05 05:11:57+00:00,1777957917000,12310,27.67853,43.78683,9.98771,79362,True,84.71283,3
20260505-014600,-OrqYF6j5wjYWhbVI8JZ,2026-05-05 05:12:09+00:00,1777957929000,12322,27.69375,43.57861,9.98765,82815,True,80.98509,3
20260505-014600,-OrqYI2PckkahS5ODBLG,2026-05-05 05:12:21+00:00,1777957941000,12334,27.69882,43.54536,9.9877,83894,True,72.42506,3
20260505-014600,-OrqYKyk0Ym2JUSCtIY4,2026-05-05 05:12:33+00:00,1777957953000,12346,27.70389,43.52768,9.98774,84231,True,67.59937,3
20260505-014600,-OrqYNuHcvvkXdArJvwb,2026-05-05 05:12:45+00:00,1777957965000,12358,27.70135,43.53623,9.98781,84147,True,65.07278,3
20260505-014600,-OrqYQq6_QbsAC5mb2YS,2026-05-05 05:12:57+00:00,1777957977000,12370,27.69882,43.54325,9.98768,84062,True,65.47684,3
20260505-014600,-OrqYTlmj6MbbbG7HZPj,2026-05-05 05:13:09+00:00,1777957989000,12382,27.69882,43.51542,9.9878,84231,True,65.41339,3
20260505-014600,-OrqYWgkI2LT3QTh66zI,2026-05-05 05:13:21+00:00,1777958001000,12394,27.69628,43.52744,9.98773,84572,True,65.35707,3
20260505-014600,-OrqYjySntxyD30YW-Em,2026-05-05 05:13:33+00:00,1777958013000,12406,27.70642,43.51468,9.98777,84572,True,64.61729,3
20260505-014600,-OrqYkj32cTECPi4vWkX,2026-05-05 05:14:22+00:00,1777958062000,12456,27.76374,43.36194,9.98793,84316,True,64.65807,3
20260505-014600,-OrqYnepc2tW8AC0XNhV,2026-05-05 05:14:34+00:00,1777958074000,12468,27.64304,43.91761,9.98792,62116,True,234.38309,2
20260505-014600,-OrqYqaZ3iLOSKUcA6KA,2026-05-05 05:14:46+00:00,1777958086000,12480,27.66078,43.65196,9.98792,71747,True,188.97995,2
20260505-014600,-OrqYtWqDs27G5611q_T,2026-05-05 05:14:58+00:00,1777958098000,12492,27.66839,43.62822,9.98792,76534,True,142.72159,2
20260505-014600,-OrqYwS5FhnkqVl8bG6Y,2026-05-05 05:15:10+00:00,1777958110000,12504,27.67346,43.58938,9.98789,79137,True,114.64811,2
20260505-014600,-OrqYzNTzNi5OceegARb,2026-05-05 05:15:22+00:00,1777958122000,12516,27.68107,43.5812,9.98791,80507,True,98.88057,2
20260505-014600,-OrqZ1Jyl2L-ITQhDFeK,2026-05-05 05:15:34+00:00,1777958134000,12528,27.68107,43.53249,9.98798,81052,True,90.84421,2
20260505-014600,-OrqZ4Eg4_rMaP5gp7by,2026-05-05 05:15:46+00:00,1777958146000,12540,27.68867,43.4689,9.98812,82085,True,84.19344,3
20260505-014600,-OrqZ7AOiVdoC0iQ089X,2026-05-05 05:15:58+00:00,1777958158000,12552,27.69121,43.44486,9.9881,82815,True,78.15129,3
20260505-014600,-OrqZA5jK4YUA2ce8z3y,2026-05-05 05:16:10+00:00,1777958170000,12564,27.69628,43.44625,9.98812,82489,True,76.84372,3
20260505-014600,-OrqZD1-wcmBzhWoxieM,2026-05-05 05:16:22+00:00,1777958182000,12576,27.69375,43.47375,9.9882,83476,True,73.3215,3
20260505-014600,-OrqZGXJgIIbvH8T2jNP,2026-05-05 05:16:34+00:00,1777958194000,12588,27.69882,43.4477,9.98831,83559,True,70.8591,3
20260505-014600,-OrqZItDqIzXgj95UFmT,2026-05-05 05:16:46+00:00,1777958206000,12600,27.70135,43.45331,9.98813,83978,True,69.33141,3
20260505-014600,-OrqZLoo2jlOhLaXoLkp,2026-05-05 05:16:58+00:00,1777958218000,12612,27.70135,43.45897,9.98806,84062,True,68.8522,3
20260505-014600,-OrqZOk7aqy6GmlyT1F0,2026-05-05 05:17:10+00:00,1777958230000,12624,27.70135,43.44227,9.98811,83894,True,68.40042,3
20260505-014600,-OrqZRuAw7Ua67xkFFof,2026-05-05 05:17:23+00:00,1777958243000,12637,27.67853,43.71449,9.98825,78544,True,92.12798,3
20260505-014600,-OrqZUqPl-bLPZWe63jG,2026-05-05 05:17:35+00:00,1777958255000,12649,27.69121,43.50922,9.98824,82165,True,87.17117,3
20260505-014600,-OrqZXn0mA_lUjXKIf5D,2026-05-05 05:17:47+00:00,1777958267000,12661,27.69882,43.47005,9.98826,83393,True,76.75112,3
20260505-014600,-OrqZ_giEWlkcsD9HW6p,2026-05-05 05:17:59+00:00,1777958279000,12673,27.69375,43.46989,9.98825,83642,True,72.12039,3
20260505-014600,-OrqZcccTWEN5W52h2Un,2026-05-05 05:18:11+00:00,1777958291000,12685,27.69882,43.46239,9.98826,83726,True,69.38011,3
20260505-014600,-OrqZfYj7OL85EELEEbg,2026-05-05 05:18:23+00:00,1777958303000,12697,27.69628,43.45565,9.98827,83978,True,68.24502,3
20260505-014600,-OrqZiV1POwRIkoGRyuq,2026-05-05 05:18:35+00:00,1777958315000,12709,27.70389,43.45347,9.98843,84316,True,65.36555,3
20260505-014600,-OrqZlQ4vH9cg5YJireg,2026-05-05 05:18:47+00:00,1777958327000,12721,27.70896,43.42815,9.98854,84486,True,64.47915,3
20260505-014600,-OrqZoLHOOphTqvLWU5b,2026-05-05 05:18:59+00:00,1777958339000,12733,27.70642,43.48418,9.98854,84147,True,64.72687,3
20260505-014600,-OrqZrGnDyMsUgUJ_fDc,2026-05-05 05:19:11+00:00,1777958351000,12745,27.70389,43.49825,9.98848,83810,True,65.89356,3
20260505-014600,-OrqZuC7jDKlSK02w1hH,2026-05-05 05:19:23+00:00,1777958363000,12757,27.70389,43.49924,9.98862,84486,True,64.5512,3
20260505-014600,-OrqZxIXyXD1M1p3HkBL,2026-05-05 05:19:35+00:00,1777958375000,12769,27.70642,43.4719,9.98852,84572,True,63.72839,3
20260505-014600,-Orq_-3iTxZPRa2Wtdcb,2026-05-05 05:19:47+00:00,1777958387000,12781,27.71403,43.43446,9.98857,84743,True,62.05159,3
20260505-014600,-Orq_2-Its6NTYmy5faA,2026-05-05 05:19:59+00:00,1777958399000,12793,27.7115,43.4506,9.98869,85087,True,61.74056,3
20260505-014600,-Orq_4w0KlurVWMXvRWP,2026-05-05 05:20:11+00:00,1777958411000,12805,27.71403,43.43742,9.9888,85001,True,61.3396,3
20260505-014600,-Orq_7qpZe20VI0FaevY,2026-05-05 05:20:23+00:00,1777958423000,12817,27.7115,43.45644,9.98873,84829,True,61.27,3
20260505-014600,-Orq_AmMTN59Uw80--Hj,2026-05-05 05:20:35+00:00,1777958435000,12829,27.7115,43.49161,9.98871,85087,True,60.22409,3
20260505-014600,-Orq_DhcROmee19raqiP,2026-05-05 05:20:47+00:00,1777958447000,12841,27.7115,43.49761,9.98862,85087,True,60.06891,3
20260505-014600,-Orq_Gdhg0z4or7hmMnx,2026-05-05 05:20:59+00:00,1777958459000,12853,27.7115,43.52932,9.9886,85087,True,59.41251,3
20260505-014600,-Orq_JZvWSIX7B0z1c-M,2026-05-05 05:21:11+00:00,1777958471000,12865,27.71403,43.55399,9.98877,84829,True,60.6144,3
20260505-014600,-Orq_MVFCDnkzq_kiZzS,2026-05-05 05:21:23+00:00,1777958483000,12877,27.71403,43.55911,9.98875,84743,True,61.88138,3
20260505-014600,-Orq_PRZK80jO4lI2ki1,2026-05-05 05:21:35+00:00,1777958495000,12889,27.71403,43.53091,9.9888,84915,True,60.7107,3
20260505-014600,-Orq_SMDIRK2hDC3CTuj,2026-05-05 05:21:47+00:00,1777958507000,12901,27.71657,43.53754,9.98895,84486,True,61.71205,3
20260505-014600,-Orq_VIDjKEtnze3xx2d,2026-05-05 05:21:59+00:00,1777958519000,12913,27.7115,43.51504,9.98883,84743,True,61.0566,3
20260505-014600,-Orq_YDh5ButoNodHvOA,2026-05-05 05:22:11+00:00,1777958531000,12925,27.7115,43.47835,9.98878,85087,True,59.71677,3
20260505-014600,-Orq_a8tw0PW2w49t8sC,2026-05-05 05:22:23+00:00,1777958543000,12937,27.71403,43.44754,9.98882,85087,True,59.03511,3
20260505-014600,-Orq_d4S_0Wl3_UeLPOa,2026-05-05 05:22:35+00:00,1777958555000,12949,27.7191,43.42479,9.98876,85260,True,58.9039,3
20260505-014600,-Orq_gvmSs_RMqXy1bWl,2026-05-05 05:22:47+00:00,1777958567000,12961,27.71657,43.42766,9.98877,84743,True,60.15986,3
20260505-014600,-Orq_jAAGhjyzCh4Wih_,2026-05-05 05:23:00+00:00,1777958580000,12974,27.69121,43.69539,9.98886,79513,True,82.98193,3
20260505-014600,-Orq_m57Fm4eN8T7QBk6,2026-05-05 05:23:12+00:00,1777958592000,12986,27.70896,43.47265,9.98893,82652,True,80.33954,3
20260505-014600,-Orq_p0hfHETJtFzQ6WY,2026-05-05 05:23:24+00:00,1777958604000,12998,27.71657,43.42079,9.98881,84401,True,70.35902,3
20260505-014600,-Orq_rwvztpexx3HVAlD,2026-05-05 05:23:36+00:00,1777958616000,13010,27.71403,43.43353,9.98866,84316,True,65.95291,3
20260505-014600,-Orq_usc6elg2X0G6LuC,2026-05-05 05:23:48+00:00,1777958628000,13022,27.71657,43.41675,9.98875,84572,True,63.32382,3
20260505-014600,-Orq_xoFSgwK9Dxg6ZiD,2026-05-05 05:24:00+00:00,1777958640000,13034,27.71657,43.37552,9.98874,84829,True,61.30958,3
20260505-014600,-Orqa-jrQLGKcZBIIxeU,2026-05-05 05:24:12+00:00,1777958652000,13046,27.7115,43.38189,9.9886,84915,True,60.92487,3
20260505-014600,-Orqa2f0jc5G2KJG0UQr,2026-05-05 05:24:24+00:00,1777958664000,13058,27.7191,43.35741,9.98945,85260,True,60.60056,3
20260505-014600,-Orqa5aQJP8uTFidipNa,2026-05-05 05:24:36+00:00,1777958676000,13070,27.7191,43.32736,9.98876,85001,True,60.48426,3
20260505-014600,-Orqa8XrsbWO0tKO2qlm,2026-05-05 05:24:48+00:00,1777958688000,13082,27.71403,43.32918,9.98845,84657,True,62.37093,3
20260505-014600,-OrqaBSEgU_q1vQr_7nt,2026-05-05 05:25:00+00:00,1777958700000,13094,27.71657,43.31012,9.98842,84486,True,64.32573,3
20260505-014600,-OrqaEO0QidNAIFWrsqx,2026-05-05 05:25:12+00:00,1777958712000,13106,27.7191,43.34906,9.98873,84401,True,64.909,3
20260505-014600,-OrqaHJiIlT9JUMj2y5O,2026-05-05 05:25:24+00:00,1777958724000,13118,27.72418,43.32946,9.98872,84572,True,64.39412,3
20260505-014600,-OrqaKF9H56e35DsK-Ox,2026-05-05 05:25:36+00:00,1777958736000,13130,27.72671,43.31516,9.98876,85087,True,61.97677,3
20260505-014600,-OrqaPHewLqRiYR9zCd1,2026-05-05 05:25:48+00:00,1777958748000,13142,27.71657,43.3356,9.98856,85434,True,59.86706,3
20260505-014600,-OrqaQ2Lao1fxbQzbbwi,2026-05-05 05:26:00+00:00,1777958760000,13153,27.7728,43.16409,9.9885,85347,True,59.53023,3
20260505-014600,-OrqaSynAHf07PqJ9v5D,2026-05-05 05:26:12+00:00,1777958772000,13165,27.69375,43.51485,9.98853,78250,True,109.49715,3
20260505-014600,-OrqaVuL8BRoIQIyy67n,2026-05-05 05:26:24+00:00,1777958784000,13177,27.70642,43.35249,9.98857,82246,True,90.85562,3
20260505-014600,-OrqaYqY-arieufG7BHl,2026-05-05 05:26:36+00:00,1777958796000,13189,27.70896,43.31417,9.98862,83559,True,76.67332,3
20260505-014600,-OrqaahbX4dKNmQe4Mxk,2026-05-05 05:26:48+00:00,1777958808000,13201,27.62528,43.9016,9.98853,74359,True,94.33537,3
20260505-014600,-OrqaddY7pRNNF9WBUfz,2026-05-05 05:27:00+00:00,1777958820000,13213,27.69882,43.45789,9.98852,80662,True,98.87892,3
20260505-014600,-Orqag_2aF3W0wnB4Vl5,2026-05-05 05:27:12+00:00,1777958832000,13225,27.7115,43.37903,9.9886,82652,True,84.66492,3
20260505-014600,-OrqajVFycI6QKbqPTsi,2026-05-05 05:27:24+00:00,1777958844000,13237,27.72164,43.36788,9.98859,83978,True,73.56992,3
20260505-014600,-OrqamRnqvfHnPpt1zZc,2026-05-05 05:27:36+00:00,1777958856000,13249,27.71657,43.37333,9.98842,84231,True,68.06761,3
20260505-014600,-OrqapM6NuFnHJcGmzwl,2026-05-05 05:27:48+00:00,1777958868000,13261,27.7191,43.36024,9.9886,84572,True,65.29823,3
20260505-014600,-OrqasHWXJD2KbfqDwq1,2026-05-05 05:28:00+00:00,1777958880000,13273,27.72418,43.33823,9.9887,84572,True,63.09622,3
20260505-014600,-OrqavEFyiRu4sWA81tV,2026-05-05 05:28:12+00:00,1777958892000,13285,27.72924,43.34618,9.9889,84657,True,63.1387,3
20260505-014600,-Orqay8pgUoiBh36NZoM,2026-05-05 05:28:24+00:00,1777958904000,13297,27.72671,43.36459,9.98886,85174,True,61.68749,3
20260505-014600,-Orqb07fZ8Dzky4lXVY_,2026-05-05 05:28:36+00:00,1777958916000,13309,27.72924,43.34377,9.98892,84572,True,62.04433,3
20260505-014600,-Orqb3-UO8--EpKFw91q,2026-05-05 05:28:48+00:00,1777958928000,13321,27.73178,43.35213,9.98895,85001,True,60.60618,3
20260505-014600,-Orqb6du52pVxT336a2m,2026-05-05 05:29:00+00:00,1777958940000,13333,27.73178,43.35281,9.98887,85087,True,60.90095,3
20260505-014600,-Orqb8syXD8NIirbbfNH,2026-05-05 05:29:12+00:00,1777958952000,13345,27.73432,43.3451,9.98897,84743,True,62.07203,3
20260505-014600,-OrqbBo3DUPGXTyyprKK,2026-05-05 05:29:24+00:00,1777958964000,13357,27.73939,43.32926,9.989,84915,True,60.74184,3
20260505-014600,-OrqbEk-e90Xc8jwsTpM,2026-05-05 05:29:36+00:00,1777958976000,13369,27.73685,43.31039,9.98906,85260,True,60.36143,3
20260505-014600,-OrqbHffcYDspI053qoH,2026-05-05 05:29:48+00:00,1777958988000,13381,27.73939,43.29122,9.98928,85260,True,59.37076,3
20260505-014600,-OrqbKalwz-Wqr5AXCW3,2026-05-05 05:30:00+00:00,1777959000000,13393,27.74446,43.2636,9.98922,85260,True,59.22731,3
20260505-014600,-OrqbNWzkFHGWEFjaKPJ,2026-05-05 05:30:12+00:00,1777959012000,13405,27.73939,43.27809,9.98915,85174,True,59.24931,3
20260505-014600,-OrqbQSkPpS7NhH2t2E9,2026-05-05 05:30:24+00:00,1777959024000,13417,27.73939,43.26046,9.9891,85260,True,58.72416,3
20260505-014600,-OrqbTOYea1l3FMdnSme,2026-05-05 05:30:36+00:00,1777959036000,13429,27.73939,43.28408,9.98922,85522,True,58.09344,3
20260505-014600,-OrqbWJbA-Gu6KV_K42l,2026-05-05 05:30:48+00:00,1777959048000,13441,27.74446,43.25462,9.98917,85174,True,57.46966,3
20260505-014600,-OrqbZFGyHgb8ExhSMum,2026-05-05 05:31:00+00:00,1777959060000,13453,27.74446,43.24596,9.98931,85784,True,57.55997,3
20260505-014600,-OrqbbAz_rkdZod2w8fi,2026-05-05 05:31:12+00:00,1777959072000,13465,27.74446,43.26387,9.98917,85434,True,57.22778,3
20260505-014600,-Orqbe60Amz2c6zNg2BY,2026-05-05 05:31:24+00:00,1777959084000,13477,27.74192,43.28972,9.98925,85784,True,56.86507,3
20260505-014600,-Orqbh1l8pE21r2bPKBd,2026-05-05 05:31:36+00:00,1777959096000,13489,27.74446,43.2789,9.98913,85434,True,58.12363,3
20260505-014600,-OrqbjyNaS2UHzEyXQAi,2026-05-05 05:31:48+00:00,1777959108000,13501,27.74699,43.28144,9.98926,85609,True,58.26004,3
20260505-014600,-Orqbn7S_Pogs2zgRToZ,2026-05-05 05:32:00+00:00,1777959120000,13513,27.75207,43.26923,9.98934,85609,True,57.23695,3
20260505-014600,-Orqbpp1633_r-uAzOhG,2026-05-05 05:32:12+00:00,1777959132000,13525,27.75207,43.29465,9.98943,85784,True,57.23083,3
20260505-014600,-OrqbskXTsuT8uC9t0Kb,2026-05-05 05:32:24+00:00,1777959144000,13537,27.7546,43.29946,9.9894,85434,True,58.19028,3
20260505-014600,-Orqbvg4toyD8IaiwSV7,2026-05-05 05:32:36+00:00,1777959156000,13549,27.74953,43.32045,9.98916,85434,True,57.60072,3
20260505-014600,-Orqbyc-w8zRGCylmVLN,2026-05-05 05:32:48+00:00,1777959168000,13561,27.75207,43.3077,9.98939,85609,True,56.18895,3
20260505-014600,-Orqc0YPkA1t9fpqq6xA,2026-05-05 05:33:00+00:00,1777959180000,13573,27.75714,43.27734,9.98931,85697,True,56.47098,3
20260505-014600,-Orqc3ThsBEMTCIVX1Et,2026-05-05 05:33:12+00:00,1777959192000,13585,27.7546,43.30014,9.98927,85609,True,57.00385,3
20260505-014600,-Orqc6PnY2qJ1FQ-cdh_,2026-05-05 05:33:24+00:00,1777959204000,13597,27.7546,43.28927,9.98938,85609,True,57.11823,3
20260505-014600,-Orqc9KlpxkHCKmFAeFo,2026-05-05 05:33:36+00:00,1777959216000,13609,27.74953,43.29589,9.98932,85609,True,57.17107,3
20260505-014600,-OrqcCGHm8ZfzWH631EU,2026-05-05 05:33:48+00:00,1777959228000,13621,27.75207,43.3161,9.98925,85697,True,56.84729,3
20260505-014600,-OrqcFC0JsKnzHilP7OP,2026-05-05 05:34:00+00:00,1777959240000,13633,27.75714,43.30207,9.98968,85522,True,57.75654,3
20260505-014600,-OrqcI7E5_0cl8yHM1Ul,2026-05-05 05:34:12+00:00,1777959252000,13645,27.75207,43.32602,9.98929,85522,True,57.19155,3
20260505-014600,-OrqcL2STaf5mQThV9uv,2026-05-05 05:34:24+00:00,1777959264000,13657,27.7546,43.35732,9.98956,85960,True,57.12899,3
20260505-014600,-OrqcNzp0XVNEtLYLCkd,2026-05-05 05:34:36+00:00,1777959276000,13669,27.75967,43.34916,9.98951,85872,True,55.77118,3
20260505-014600,-OrqcQuqXr1eyKqXCgHT,2026-05-05 05:34:48+00:00,1777959288000,13681,27.75714,43.36846,9.98935,85609,True,56.37979,3
20260505-014600,-OrqcTq6h74i0xVNwoC7,2026-05-05 05:35:00+00:00,1777959300000,13693,27.76221,43.36235,9.9895,85872,True,56.21718,3
20260505-014600,-OrqcXMzXTiW1lMCWZ93,2026-05-05 05:35:12+00:00,1777959312000,13705,27.75207,43.39321,9.98943,85522,True,56.63267,3
20260505-014600,-OrqcZh9i31o6hCTQe7w,2026-05-05 05:35:24+00:00,1777959324000,13717,27.76475,43.35837,9.98967,85260,True,58.08918,3
20260505-014600,-OrqcbdxGUdB-B5cW5XH,2026-05-05 05:35:36+00:00,1777959336000,13729,27.7546,43.43817,9.98959,85522,True,56.61958,3
20260505-014600,-OrqceZ03G4FCGLhJ-CM,2026-05-05 05:35:48+00:00,1777959348000,13741,27.75967,43.46075,9.98955,85260,True,57.80581,3
20260505-014600,-OrqchV4eOVNuSM-a3X0,2026-05-05 05:36:00+00:00,1777959360000,13753,27.76221,43.48251,9.98969,85260,True,58.31328,3
20260505-014600,-OrqckQlrrIV4YoHDjXK,2026-05-05 05:36:12+00:00,1777959372000,13765,27.76475,43.48579,9.98968,84743,True,59.15139,3
20260505-014600,-OrqcnLXbj4qlFpF7TBo,2026-05-05 05:36:24+00:00,1777959384000,13777,27.75967,43.5412,9.98964,85001,True,59.02538,3
20260505-014600,-OrqcqGxUCa91OdSBgmf,2026-05-05 05:36:36+00:00,1777959396000,13789,27.76221,43.51412,9.98959,85347,True,57.7179,3
20260505-014600,-OrqctCXhSpkvhJgySoT,2026-05-05 05:36:48+00:00,1777959408000,13801,27.76475,43.37419,9.98961,85260,True,57.15124,3
20260505-014600,-Orqcw8-sEMFbjSjENCI,2026-05-05 05:37:00+00:00,1777959420000,13813,27.76728,43.28822,9.9897,85347,True,56.87612,3
20260505-014600,-Orqcz3o8qhsA75GwvHo,2026-05-05 05:37:12+00:00,1777959432000,13825,27.76475,43.25996,9.98973,85784,True,56.84784,3
20260505-014600,-Orqd1-KeSgz1MK1iSby,2026-05-05 05:37:24+00:00,1777959444000,13837,27.76475,43.30618,9.9897,85522,True,55.36712,3
20260505-014600,-Orqd3vdqO7g0y9dBElL,2026-05-05 05:37:36+00:00,1777959456000,13849,27.76221,43.3059,9.98994,85784,True,56.0503,3
20260505-014600,-Orqd6qrqqsyT6u4Ougr,2026-05-05 05:37:48+00:00,1777959468000,13861,27.77235,43.2907,9.98977,85434,True,56.51722,3
20260505-014600,-Orqd9mTnL1JxEqHr6_D,2026-05-05 05:38:00+00:00,1777959480000,13873,27.77235,43.33105,9.98961,85434,True,56.82238,3
20260505-014600,-OrqdCiRZBUlaELM7OTB,2026-05-05 05:38:12+00:00,1777959492000,13885,27.76475,43.39574,9.98949,85347,True,56.96247,3
20260505-014600,-OrqdJxRwEd-k8L46LTR,2026-05-05 05:38:24+00:00,1777959504000,13897,27.76982,43.40468,9.98973,85522,True,56.34109,3
20260505-014600,-OrqdKm-89AsKKrhyf76,2026-05-05 05:38:45+00:00,1777959525000,13918,27.8237,43.25945,9.98958,85522,True,56.34197,3
20260505-014600,-OrqdNha6ywy5b3J6JzL,2026-05-05 05:38:57+00:00,1777959537000,13930,27.72671,43.76523,9.98974,73126,True,148.52875,3
20260505-014600,-OrqdQdBvQYGBKVThQSM,2026-05-05 05:39:09+00:00,1777959549000,13942,27.74446,43.57222,9.98985,78691,True,120.96751,3
20260505-014600,-OrqdTZeBefZDK1vCL-E,2026-05-05 05:39:21+00:00,1777959561000,13954,27.75207,43.53725,9.9901,81052,True,96.56767,3
20260505-014600,-OrqdWVoXlGIK2G6yTI5,2026-05-05 05:39:33+00:00,1777959573000,13966,27.75714,43.56529,9.98996,81685,True,86.03433,3
20260505-014600,-OrqdZQc6LBXmqOEqcd9,2026-05-05 05:39:45+00:00,1777959585000,13978,27.7546,43.55526,9.98991,82570,True,79.45283,3
20260505-014600,-OrqdbM7-GV6IhbzIqcD,2026-05-05 05:39:57+00:00,1777959597000,13990,27.75714,43.5362,9.98995,83062,True,74.68476,3
20260505-014600,-OrqdeOHniejsw0o6P89,2026-05-05 05:40:09+00:00,1777959609000,14002,27.75714,43.53474,9.99007,83227,True,70.94258,3
20260505-014600,-OrqdhCxvVRd87TEUx49,2026-05-05 05:40:21+00:00,1777959621000,14014,27.75714,43.50679,9.99,83894,True,67.79638,3
20260505-014600,-Orqdk8k_uIyE_HkVQY3,2026-05-05 05:40:33+00:00,1777959633000,14026,27.75967,43.47061,9.9902,84486,True,64.5907,3
20260505-014600,-Orqdn40yzTBqt5wo2m9,2026-05-05 05:40:45+00:00,1777959645000,14038,27.76221,43.43661,9.99036,84147,True,63.87051,3
20260505-014600,-Orqdq09RWHg6bahaAss,2026-05-05 05:40:57+00:00,1777959657000,14050,27.75714,43.4889,9.99009,84743,True,61.93867,3
20260505-014600,-Orqdsw60DNJo36XWq-P,2026-05-05 05:41:09+00:00,1777959669000,14062,27.75967,43.47209,9.99018,84915,True,60.4017,3
20260505-014600,-OrqdvrdgAkNYP4ewXs6,2026-05-05 05:41:21+00:00,1777959681000,14074,27.75967,43.47388,9.99031,84915,True,59.53079,3
20260505-014600,-OrqdzttKhzwvT_4CfrY,2026-05-05 05:41:33+00:00,1777959693000,14086,27.75967,43.47723,9.99024,85087,True,59.0532,3
20260505-014600,-Orqe0OpBwo0mTup4tlL,2026-05-05 05:41:44+00:00,1777959704000,14097,27.67853,43.99446,9.99,76464,True,78.3468,3
20260505-014600,-Orqe3K4xyM7GoGs5zaQ,2026-05-05 05:41:56+00:00,1777959716000,14109,27.74192,43.54616,9.99008,81764,True,86.57162,3
20260505-014600,-Orqe6Fi6Y8y2BQgvWYg,2026-05-05 05:42:08+00:00,1777959728000,14121,27.7546,43.50232,9.99054,83559,True,75.35764,3
20260505-014600,-Orqe9AvOvhOA4un_ZVp,2026-05-05 05:42:20+00:00,1777959740000,14133,27.74953,43.48548,9.99034,83978,True,68.06305,3
20260505-014600,-OrqeC6Qa-racTU4uRel,2026-05-05 05:42:32+00:00,1777959752000,14145,27.75714,43.44847,9.9903,84401,True,63.26164,3
20260505-014600,-OrqeF2BWBy5pXfI_gFo,2026-05-05 05:42:44+00:00,1777959764000,14157,27.75967,43.4365,9.99029,84572,True,61.23354,3
20260505-014600,-OrqeHyZyxjX6bTdOaeF,2026-05-05 05:42:56+00:00,1777959776000,14169,27.75967,43.45239,9.99017,84915,True,60.72183,3
20260505-014600,-OrqeKyg76tH0Jj4kO6r,2026-05-05 05:43:08+00:00,1777959788000,14181,27.73178,43.68241,9.99002,79740,True,81.88317,3
20260505-014600,-OrqeNtjouPPzkyWu3JJ,2026-05-05 05:43:20+00:00,1777959800000,14193,27.7546,43.47116,9.99024,82897,True,78.56133,3
20260505-014600,-OrqeQpno8NW5C0pBoBt,2026-05-05 05:43:32+00:00,1777959812000,14205,27.76728,43.46965,9.9903,83978,True,69.99957,3
20260505-014600,-OrqeTkwULzQLljByVAc,2026-05-05 05:43:44+00:00,1777959824000,14217,27.76221,43.48216,9.99022,84401,True,65.46472,3
20260505-014600,-OrqeWgCzMqGXDqAkjUa,2026-05-05 05:43:56+00:00,1777959836000,14229,27.76475,43.50972,9.99016,84401,True,63.36286,3
20260505-014600,-OrqeZcA1IbDL8MEu39x,2026-05-05 05:44:08+00:00,1777959848000,14241,27.76221,43.52284,9.99017,84657,True,61.26171,3
20260505-014600,-OrqebYPX6Kha1kKzs_e,2026-05-05 05:44:20+00:00,1777959860000,14253,27.76982,43.57278,9.99026,84486,True,61.51722,3
20260505-014600,-OrqeeU6ssa3Ts_GBR7I,2026-05-05 05:44:32+00:00,1777959872000,14265,27.76221,43.62021,9.98999,85087,True,59.67769,3
20260505-014600,-OrqehhMbCVa4G-dC9wM,2026-05-05 05:44:44+00:00,1777959884000,14277,27.76221,43.68695,9.99013,84657,True,59.58954,3
20260505-014600,-OrqekKnRd_d3VBIZ9A0,2026-05-05 05:44:56+00:00,1777959896000,14289,27.76728,43.69426,9.99011,84829,True,60.24263,3
20260505-014600,-OrqenGKBXITzofxrV5v,2026-05-05 05:45:08+00:00,1777959908000,14301,27.75967,43.72595,9.99004,84657,True,59.73129,3
20260505-014600,-OrqeqBwG3vJ0Nrlo5LD,2026-05-05 05:45:20+00:00,1777959920000,14313,27.76728,43.73817,9.99004,84657,True,59.50071,3
20260505-014600,-Orqet7i9B7q6VtIn9Sw,2026-05-05 05:45:32+00:00,1777959932000,14325,27.76475,43.74596,9.9901,84572,True,60.13511,3
20260505-014600,-Orqew37S-Q5XZrKErF_,2026-05-05 05:45:44+00:00,1777959944000,14337,27.76728,43.76314,9.99006,85174,True,58.12526,3
20260505-014600,-OrqeyzrtWCauPaVQGZy,2026-05-05 05:45:56+00:00,1777959956000,14349,27.76221,43.74242,9.98994,84572,True,59.20979,3
20260505-014600,-Orqf0uhpTUGelQrJ1y7,2026-05-05 05:46:08+00:00,1777959968000,14361,27.76475,43.72617,9.98975,84572,True,59.55878,3
20260505-014600,-Orqf3qqkKyy-XLiHEn8,2026-05-05 05:46:20+00:00,1777959980000,14373,27.76728,43.69988,9.99,84486,True,59.13453,3
20260505-014600,-Orqf6mLLeX9isYqqsjD,2026-05-05 05:46:32+00:00,1777959992000,14385,27.76728,43.70405,9.99016,84829,True,58.79053,3
20260505-014600,-Orqf9hUf22CcgeBpcok,2026-05-05 05:46:44+00:00,1777960004000,14397,27.76221,43.72871,9.98985,85174,True,57.2055,3
20260505-014600,-OrqfCd79DZdIWY7cyq2,2026-05-05 05:46:56+00:00,1777960016000,14409,27.76221,43.74553,9.98987,84915,True,57.27648,3
20260505-014600,-OrqfFZk5DyOBESgXkH-,2026-05-05 05:47:08+00:00,1777960028000,14421,27.76221,43.75768,9.98999,84829,True,58.53979,3
20260505-014600,-OrqfIVNJdEZgnT3hPpN,2026-05-05 05:47:20+00:00,1777960040000,14433,27.76221,43.79244,9.9899,84915,True,58.07262,3
20260505-014600,-OrqfLR4cOMZfShzb9eR,2026-05-05 05:47:32+00:00,1777960052000,14445,27.76728,43.80034,9.99,84657,True,58.65663,3
20260505-014600,-OrqfOLmbZgDw1LpyG_y,2026-05-05 05:47:44+00:00,1777960064000,14457,27.76475,43.7937,9.98998,84829,True,58.34831,3
20260505-014600,-OrqfSIV472aHSl6qhdd,2026-05-05 05:47:56+00:00,1777960076000,14469,27.76475,43.78678,9.9901,84486,True,58.49868,3
20260505-014600,-OrqfTnpqX9oh6i27VtK,2026-05-05 05:48:06+00:00,1777960086000,14479,27.69121,44.28537,9.98979,76885,True,76.37477,3
20260505-014600,-OrqfWj4udVNzPmfdODr,2026-05-05 05:48:18+00:00,1777960098000,14491,27.75207,43.90603,9.98985,81288,True,85.48436,3
20260505-014600,-OrqfZePq_iYGQYuKUE4,2026-05-05 05:48:30+00:00,1777960110000,14503,27.7546,43.8972,9.98998,82979,True,75.21362,3
20260505-014600,-Orqfb_o03SdEPx4p2gY,2026-05-05 05:48:42+00:00,1777960122000,14515,27.76728,43.87342,9.99023,83894,True,67.48492,3
20260505-014600,-OrqfeWjUOQWSEL8D-i5,2026-05-05 05:48:54+00:00,1777960134000,14527,27.76475,43.89077,9.99016,84147,True,64.36916,3
20260505-014600,-OrqfhRtWioLLaGAObyO,2026-05-05 05:49:06+00:00,1777960146000,14539,27.76475,43.88772,9.99,84231,True,62.20737,3
20260505-014600,-OrqfkNIoBcj61UnJuzv,2026-05-05 05:49:18+00:00,1777960158000,14551,27.76475,43.89692,9.99009,83726,True,62.74682,3
20260505-014600,-OrqfnItF8b0A_cwe7nq,2026-05-05 05:49:30+00:00,1777960170000,14563,27.76221,43.92115,9.98999,84401,True,60.53573,3
20260505-014600,-OrqfqEPfJUHM2pOsfEO,2026-05-05 05:49:42+00:00,1777960182000,14575,27.76475,43.90674,9.9901,84401,True,59.95147,3
20260505-014600,-OrqftAMdTn6IYp6gRav,2026-05-05 05:49:54+00:00,1777960194000,14587,27.76475,43.9162,9.99026,84572,True,58.61407,3
20260505-014600,-Orqfw5fsk4gHINnhLhW,2026-05-05 05:50:06+00:00,1777960206000,14599,27.76221,43.90537,9.99028,84572,True,58.69574,3
20260505-014600,-Orqfydh7rxWD26xlTE3,2026-05-05 05:50:17+00:00,1777960217000,14610,27.68867,44.38667,9.9901,76464,True,77.26468,3
20260505-014600,-Orqg0ZzXTo6SsFAQukz,2026-05-05 05:50:29+00:00,1777960229000,14622,27.7546,43.93047,9.99045,81525,True,84.48857,3
20260505-014600,-Orqg3VY8BzDG5rIL_F5,2026-05-05 05:50:41+00:00,1777960241000,14634,27.7546,43.88401,9.99024,83062,True,75.02229,3
20260505-014600,-Orqg6REku94cUEVDUtY,2026-05-05 05:50:53+00:00,1777960253000,14646,27.76221,43.86359,9.99052,83894,True,66.62682,3
20260505-014600,-Orqg9Uqu6inTqMmqTFl,2026-05-05 05:51:05+00:00,1777960265000,14658,27.75714,43.87606,9.99046,83810,True,64.27828,3
20260505-014600,-OrqgCJN2BnpjXO3IUPb,2026-05-05 05:51:17+00:00,1777960277000,14670,27.76728,43.85305,9.9905,84062,True,61.56772,3
20260505-014600,-OrqgFDqei6x0FJH3STf,2026-05-05 05:51:29+00:00,1777960289000,14682,27.76221,43.86734,9.99042,84231,True,60.60512,3
20260505-014600,-OrqgI8p0IDGPxeDNoz7,2026-05-05 05:51:41+00:00,1777960301000,14694,27.76728,43.88226,9.99062,84572,True,59.40013,3
20260505-014600,-OrqgL5Bf4fDql9fBZX1,2026-05-05 05:51:53+00:00,1777960313000,14706,27.76728,43.89405,9.9905,84147,True,59.8396,3
20260505-014600,-OrqgO0F_-rvr6oP8Roo,2026-05-05 05:52:05+00:00,1777960325000,14718,27.76475,43.92041,9.99076,84316,True,59.41039,3
20260505-014600,-OrqgQx-jiicWcy5VfiY,2026-05-05 05:52:17+00:00,1777960337000,14730,27.76475,43.93555,9.99063,84486,True,58.92989,3
20260505-014600,-OrqgTsR0Lmo-Iqynami,2026-05-05 05:52:29+00:00,1777960349000,14742,27.76728,43.93676,9.99074,84231,True,59.83683,3
20260505-014600,-OrqgWnTXHK9Mnw2A8of,2026-05-05 05:52:41+00:00,1777960361000,14754,27.76475,43.98249,9.99063,84316,True,58.82384,3
20260505-014600,-OrqgZirfdvxP7ko4vPu,2026-05-05 05:52:53+00:00,1777960373000,14766,27.76728,43.98501,9.99073,84657,True,58.86311,3
20260505-014600,-OrqgbeQu5IM9ryy1MoJ,2026-05-05 05:53:05+00:00,1777960385000,14778,27.76982,43.98676,9.99089,84572,True,58.31469,3
20260505-014600,-Orqge_yJBBhV1dQx_kD,2026-05-05 05:53:17+00:00,1777960397000,14790,27.77489,44.01347,9.9909,84231,True,58.70455,3
20260505-014600,-OrqghWrw0v6eAxLCx8v,2026-05-05 05:53:29+00:00,1777960409000,14802,27.76982,44.03595,9.99105,84401,True,58.59068,3
20260505-014600,-OrqgkSHoH1m2zSDZ2Uq,2026-05-05 05:53:41+00:00,1777960421000,14814,27.77235,44.02984,9.99109,84401,True,58.8755,3
20260505-014600,-OrqgnNXR9_fkhpD-JvW,2026-05-05 05:53:53+00:00,1777960433000,14826,27.77235,44.05554,9.99109,84657,True,57.91552,3
20260505-014600,-OrqgqJ0ek_3qozJLOkP,2026-05-05 05:54:05+00:00,1777960445000,14838,27.76982,44.06802,9.99103,84316,True,58.24117,3
20260505-014600,-Orqgtu6CweFJNqUox-K,2026-05-05 05:54:17+00:00,1777960457000,14850,27.77489,44.0908,9.99108,84401,True,58.69164,3
20260505-014600,-Orqgw9ycRcdglBN40Xw,2026-05-05 05:54:29+00:00,1777960469000,14862,27.77742,44.07735,9.99094,84062,True,59.08308,3
20260505-014600,-Orqgz6kp2UkJMphtFsP,2026-05-05 05:54:41+00:00,1777960481000,14874,27.77235,44.09604,9.99093,84231,True,59.10855,3
20260505-014600,-Orqh119hGejsGUicWd-,2026-05-05 05:54:53+00:00,1777960493000,14886,27.77235,44.08443,9.99109,84572,True,58.10789,3
20260505-014600,-Orqh3xVMgsCcGmwB0PG,2026-05-05 05:55:05+00:00,1777960505000,14898,27.77742,44.05946,9.9911,84572,True,58.16744,3
20260505-014600,-Orqh6t2LMy68N9LKjy2,2026-05-05 05:55:17+00:00,1777960517000,14910,27.77235,44.08388,9.99072,84401,True,57.75164,3
20260505-014600,-Orqh9oKESywg542rVCG,2026-05-05 05:55:29+00:00,1777960529000,14922,27.77235,44.08401,9.99095,84062,True,58.84229,3
20260505-014600,-OrqhCkLntyCAvquJuPK,2026-05-05 05:55:41+00:00,1777960541000,14934,27.77235,44.08428,9.99088,84401,True,58.37312,3
20260505-014600,-OrqhFgOP1uWMK3b5jWP,2026-05-05 05:55:53+00:00,1777960553000,14946,27.77489,44.09281,9.99106,84401,True,58.4544,3
20260505-014600,-OrqhIb4H4iHtT5CIgbD,2026-05-05 05:56:05+00:00,1777960565000,14958,27.77235,44.08836,9.99086,84147,True,58.50215,3
20260505-014600,-OrqhLXkAQUEgx9W7YeA,2026-05-05 05:56:17+00:00,1777960577000,14970,27.77235,44.08598,9.99084,84316,True,58.63609,3
20260505-014600,-OrqhOTEW3fC2o91Oc9n,2026-05-05 05:56:29+00:00,1777960589000,14982,27.77489,44.09039,9.9912,83894,True,59.17809,3
20260505-014600,-OrqhROJr8Cg7PGOa4ah,2026-05-05 05:56:41+00:00,1777960601000,14994,27.77235,44.08863,9.99114,84147,True,58.50861,3
20260505-014600,-OrqhUKGfi0rn11_u4k8,2026-05-05 05:56:53+00:00,1777960613000,15006,27.77235,44.09604,9.99111,84316,True,57.4481,3
20260505-014600,-OrqhXF_05XmfxQ1SWU-,2026-05-05 05:57:05+00:00,1777960625000,15018,27.77996,44.0782,9.99118,84231,True,57.89875,3
20260505-014600,-Orqh_B176X17rpfoyGM,2026-05-05 05:57:17+00:00,1777960637000,15030,27.77742,44.06434,9.99108,84657,True,56.75034,3
20260505-014600,-Orqhck9UAVGzVnEgZO6,2026-05-05 05:57:29+00:00,1777960649000,15042,27.77996,44.06661,9.99135,84401,True,57.91803,3
20260505-014600,-Orqhf1ksW3TWKxc-fYt,2026-05-05 05:57:41+00:00,1777960661000,15054,27.77235,44.09105,9.99104,84486,True,57.60428,3
20260505-014600,-Orqhhyn8xR26L4l3ZeA,2026-05-05 05:57:53+00:00,1777960673000,15066,27.77742,44.06948,9.9912,83978,True,58.15067,3
20260505-014600,-Orqhktzhin-x4iuWZof,2026-05-05 05:58:05+00:00,1777960685000,15078,27.77489,44.05999,9.99116,84743,True,56.2046,3
20260505-014600,-OrqhnpcMdF57KwYUAG2,2026-05-05 05:58:17+00:00,1777960697000,15090,27.77742,44.04939,9.99082,84572,True,57.25893,3
20260505-014600,-Orqhqkd6-gwhXLXuw7M,2026-05-05 05:58:29+00:00,1777960709000,15102,27.77489,44.03409,9.99094,84486,True,56.44949,3
20260505-014600,-OrqhtgEjW50EprG-qdi,2026-05-05 05:58:41+00:00,1777960721000,15114,27.76982,44.05367,9.99105,84401,True,56.85898,3
20260505-014600,-Orqhwd0gz_qjYjvl8ID,2026-05-05 05:58:53+00:00,1777960733000,15126,27.7825,44.01549,9.99123,84572,True,56.92981,3
20260505-014600,-OrqhzYAQfPsqcqLG3-u,2026-05-05 05:59:05+00:00,1777960745000,15138,27.77996,44.0047,9.99133,84231,True,57.59789,3
20260505-014600,-Orqi1U57dU86yXy0gVH,2026-05-05 05:59:17+00:00,1777960757000,15150,27.77742,43.99616,9.99122,84572,True,56.65486,3
20260505-014600,-Orqi4Pj_cVtooxo6O-r,2026-05-05 05:59:29+00:00,1777960769000,15162,27.77742,44.01267,9.99143,84401,True,57.09626,3
20260505-014600,-Orqi7KkOwzBD64PjtQd,2026-05-05 05:59:41+00:00,1777960781000,15174,27.77235,44.03217,9.99121,84316,True,57.61165,3
20260505-014600,-OrqiAGRC4DGMsYIgQlk,2026-05-05 05:59:53+00:00,1777960793000,15186,27.77742,44.04226,9.9912,84147,True,58.44168,3
20260505-014600,-OrqiDCUm9rc0ZZSgSK0,2026-05-05 06:00:05+00:00,1777960805000,15198,27.77996,44.04106,9.99144,84401,True,57.0582,3
20260505-014600,-OrqiG7RWswmaoR1B5o3,2026-05-05 06:00:17+00:00,1777960817000,15210,27.7825,44.07537,9.99153,84062,True,57.77762,3
20260505-014600,-OrqiJ2m7UU9BZZSlL1f,2026-05-05 06:00:29+00:00,1777960829000,15222,27.77489,44.06052,9.99136,83978,True,58.55851,3
20260505-014600,-OrqiNc9N5a2iKNlGQ-n,2026-05-05 06:00:41+00:00,1777960841000,15234,27.77996,44.06413,9.99123,84743,True,56.56937,3
20260505-014600,-OrqiP7D3unhZvhzosHm,2026-05-05 06:00:53+00:00,1777960853000,15247,27.68107,44.76407,9.99141,72871,True,84.75707,3
20260505-014600,-OrqiS2Se9s61zkubcDv,2026-05-05 06:01:05+00:00,1777960865000,15259,27.76728,44.15849,9.99152,79816,True,97.76268,3
20260505-014600,-OrqiUynQpi6rRnxYGPV,2026-05-05 06:01:17+00:00,1777960877000,15271,27.77489,44.10219,9.99152,82489,True,80.68443,3
20260505-014600,-OrqiY2xBRLrBmLWuNTZ,2026-05-05 06:01:29+00:00,1777960889000,15283,27.76982,44.10742,9.99131,83227,True,70.4736,3
20260505-014600,-Orqi_p_ZqQy7n7YFKpP,2026-05-05 06:01:41+00:00,1777960901000,15295,27.76982,44.11156,9.99156,83559,True,65.6106,3
20260505-014600,-Orqicl3FPFSdTWHpeMT,2026-05-05 06:01:53+00:00,1777960913000,15307,27.77742,44.08572,9.99173,83642,True,63.72402,3
20260505-014600,-Orqifh1DbvoYexlDij3,2026-05-05 06:02:05+00:00,1777960925000,15319,27.77996,44.09326,9.99165,84147,True,60.72066,3
20260505-014600,-OrqiicWeNg9irOLAEuF,2026-05-05 06:02:17+00:00,1777960937000,15331,27.77742,44.09832,9.9917,83726,True,60.91374,3
20260505-014600,-OrqilYgaUzGqxfxmcHs,2026-05-05 06:02:29+00:00,1777960949000,15343,27.7825,44.08501,9.99185,84062,True,59.35266,3
20260505-014600,-OrqioU3kcKC3hSA_ZvM,2026-05-05 06:02:41+00:00,1777960961000,15355,27.77489,44.09046,9.99159,84147,True,58.82851,3
20260505-014600,-OrqirPepFi0nJp69a5R,2026-05-05 06:02:53+00:00,1777960973000,15367,27.77489,44.09114,9.9918,84401,True,57.32227,3
20260505-014600,-OrqiuLJzCmOT2AJi92l,2026-05-05 06:03:05+00:00,1777960985000,15379,27.77996,44.0858,9.99183,84231,True,57.80697,3
20260505-014600,-OrqixGpuwueFKIf4WBl,2026-05-05 06:03:17+00:00,1777960997000,15391,27.77742,44.10406,9.99168,84316,True,57.47349,3
20260505-014600,-Orqj-CUlkPXlz84xjHQ,2026-05-05 06:03:29+00:00,1777961009000,15403,27.7825,44.08229,9.99181,84401,True,57.58879,3
20260505-014600,-Orqj3NHjLAfY1IHtc_c,2026-05-05 06:03:41+00:00,1777961021000,15415,27.77996,44.10709,9.99199,84572,True,56.14845,3
20260505-014600,-Orqj4sXK0HCXdgn4C80,2026-05-05 06:03:53+00:00,1777961033000,15426,27.69121,44.67686,9.99176,75499,True,77.5439,3
20260505-014600,-Orqj7oqs-bR2ViYGjlC,2026-05-05 06:04:05+00:00,1777961045000,15438,27.76221,44.17502,9.99195,80584,True,88.7924,3
20260505-014600,-OrqjAjbJqjQBvD_hzK3,2026-05-05 06:04:17+00:00,1777961057000,15450,27.77235,44.12088,9.99193,82979,True,74.5844,3
20260505-014600,-OrqjDeW2n13Mgo-18s0,2026-05-05 06:04:29+00:00,1777961069000,15462,27.7825,44.08909,9.99195,83559,True,66.49092,3
20260505-014600,-OrqjGahNoRiLW0bZj3a,2026-05-05 06:04:41+00:00,1777961081000,15474,27.7825,44.08054,9.99204,83978,True,62.34959,3
20260505-014600,-OrqjJWnr1h7_0lulSqw,2026-05-05 06:04:53+00:00,1777961093000,15486,27.7825,44.08947,9.99201,84062,True,60.38608,3
20260505-014600,-OrqjMTm2XglFA-KzL14,2026-05-05 06:05:05+00:00,1777961105000,15498,27.76982,44.09706,9.99186,84657,True,58.48154,3
20260505-014600,-OrqjPkiZ7-tPHv55-WP,2026-05-05 06:05:17+00:00,1777961117000,15510,27.77742,44.07359,9.99194,84401,True,57.56059,3
20260505-014600,-OrqjSJ5nbcJmNPrVVL7,2026-05-05 06:05:29+00:00,1777961129000,15522,27.77742,44.08039,9.99179,84231,True,57.61118,3
20260505-014600,-OrqjVEW_IqB39GUUv8T,2026-05-05 06:05:41+00:00,1777961141000,15534,27.7825,44.06778,9.99197,84231,True,57.53002,3
20260505-014600,-OrqjYAEGrW1SvGU-q8b,2026-05-05 06:05:53+00:00,1777961153000,15546,27.7825,44.07195,9.99192,84231,True,57.72959,3
20260505-014600,-Orqja5p9S00Y4hjoZA4,2026-05-05 06:06:05+00:00,1777961165000,15558,27.77742,44.09427,9.99187,84657,True,56.51014,3
20260505-014600,-Orqjd1SKJ2nELe9LSFH,2026-05-05 06:06:17+00:00,1777961177000,15570,27.78503,44.07539,9.99193,84486,True,57.05077,3
20260505-014600,-Orqjfxlo927jz0DA83s,2026-05-05 06:06:29+00:00,1777961189000,15582,27.7825,44.08575,9.99187,84231,True,57.74915,3
20260505-014600,-OrqjitUOsrsflyMQFk4,2026-05-05 06:06:41+00:00,1777961201000,15594,27.78756,44.05688,9.99216,84486,True,56.72866,3
20260505-014600,-Orqjlxpnz9PbinUBhgL,2026-05-05 06:06:53+00:00,1777961213000,15606,27.77742,44.09774,9.992,84486,True,56.81704,3
20260505-014600,-Orqjol3EFSWzLpyt5fK,2026-05-05 06:07:05+00:00,1777961225000,15618,27.7825,44.06126,9.99201,84401,True,56.70403,3
20260505-014600,-Orqjrfl42dYyTSKkSq-,2026-05-05 06:07:17+00:00,1777961237000,15630,27.78503,44.04728,9.99208,84743,True,56.01837,3
20260505-014600,-OrqjubfCHF6JOqfFOj2,2026-05-05 06:07:29+00:00,1777961249000,15642,27.78756,44.05423,9.99207,84915,True,54.73465,3
20260505-014600,-OrqjxXrZFcseIT_eX50,2026-05-05 06:07:41+00:00,1777961261000,15654,27.78503,44.06393,9.99194,84401,True,55.9087,3
20260505-014600,-Orqk-TGrnvrT4EOOdm3,2026-05-05 06:07:53+00:00,1777961273000,15666,27.78756,44.04459,9.99207,84572,True,56.30997,3
20260505-014600,-Orqk2PPunhWw85f4xsn,2026-05-05 06:08:05+00:00,1777961285000,15678,27.78503,44.06114,9.99191,84572,True,56.23129,3
20260505-014600,-Orqk5KQv6-kDRI6tq4h,2026-05-05 06:08:17+00:00,1777961297000,15690,27.78756,44.04535,9.99202,84915,True,54.21204,3
20260505-014600,-Orqk8FY3f1AlnOD1Ink,2026-05-05 06:08:29+00:00,1777961309000,15702,27.79263,44.02235,9.99205,84915,True,54.35856,3
20260505-014600,-OrqkBBDPJEeH9uCZ3TF,2026-05-05 06:08:41+00:00,1777961321000,15714,27.7825,44.03129,9.99192,84743,True,54.17675,3
20260505-014600,-OrqkE7wyL1SC4Jn0Gj_,2026-05-05 06:08:53+00:00,1777961333000,15726,27.77996,44.0371,9.99186,85260,True,53.68901,3
20260505-014600,-OrqkH2Py7PG0XYLvuUx,2026-05-05 06:09:05+00:00,1777961345000,15738,27.77996,44.03523,9.99188,85001,True,55.16136,3
20260505-014600,-OrqkJyvoXe_lXbaEeTX,2026-05-05 06:09:17+00:00,1777961357000,15750,27.77742,44.02338,9.99198,84743,True,55.03599,3
20260505-014600,-OrqkMtvl29PSOAP8q6m,2026-05-05 06:09:29+00:00,1777961369000,15762,27.77996,44.02654,9.99192,84486,True,55.68388,3
20260505-014600,-OrqkPpfiXI76Fe-axaL,2026-05-05 06:09:41+00:00,1777961381000,15774,27.77996,44.02273,9.99172,84486,True,55.62494,3
20260505-014600,-OrqkSl-gAnTybJP9ilQ,2026-05-05 06:09:53+00:00,1777961393000,15786,27.78503,44.0035,9.99177,84572,True,55.67952,3
20260505-014600,-OrqkVnoxZJgAQHTWSVw,2026-05-05 06:10:05+00:00,1777961405000,15798,27.78503,44.00439,9.99193,84915,True,54.59061,3
20260505-014600,-OrqkYcWAJ4--Z3EfRXp,2026-05-05 06:10:17+00:00,1777961417000,15810,27.7901,43.99769,9.99186,84915,True,54.79383,3
20260505-014600,-OrqkaZFi0iymzz6EsOy,2026-05-05 06:10:29+00:00,1777961429000,15822,27.78756,43.98237,9.99196,84572,True,54.111,3
20260505-014600,-OrqkdU7-HaxusvZrUnr,2026-05-05 06:10:41+00:00,1777961441000,15834,27.78503,43.99724,9.99185,85001,True,54.33414,3
20260505-014600,-OrqkgPN1oA7aiV__Ivz,2026-05-05 06:10:53+00:00,1777961453000,15846,27.7901,43.99886,9.99206,84657,True,55.15067,3
20260505-014600,-OrqkjLxs8Z3Eoc4TSqY,2026-05-05 06:11:05+00:00,1777961465000,15858,27.78756,43.99329,9.99196,85001,True,54.20778,3
20260505-014600,-OrqkmG_jX0aKXj0PCYW,2026-05-05 06:11:17+00:00,1777961477000,15870,27.78756,44.01527,9.99211,84829,True,53.94651,3
20260505-014600,-OrqkpCJAQ6cY_tepGhX,2026-05-05 06:11:29+00:00,1777961489000,15882,27.78756,43.99131,9.99196,84915,True,54.41968,3
20260505-014600,-Orqks7Sz3-GLKJgxLVq,2026-05-05 06:11:41+00:00,1777961501000,15894,27.78756,43.96718,9.99214,84915,True,53.82796,3
20260505-014600,-Orqkv37aRh7x4s88BxQ,2026-05-05 06:11:53+00:00,1777961513000,15906,27.78503,43.98782,9.99196,85174,True,53.46614,3
20260505-014600,-Orqky-cyId2mc9QEZNo,2026-05-05 06:12:05+00:00,1777961525000,15918,27.78503,43.97303,9.99214,84486,True,54.59779,3
20260505-014600,-Orql-vFdjjYsX6Ut2BQ,2026-05-05 06:12:17+00:00,1777961537000,15930,27.7901,43.97433,9.99208,84915,True,54.66628,3
20260505-014600,-Orql2r54zRmOlSK7fqY,2026-05-05 06:12:29+00:00,1777961549000,15942,27.7825,43.9922,9.99195,85087,True,53.30996,3
20260505-014600,-Orql5m2abqS4vd6ZkbL,2026-05-05 06:12:41+00:00,1777961561000,15954,27.78503,43.98472,9.99214,85001,True,53.61912,3
20260505-014600,-Orql8i7590v17eGxx5r,2026-05-05 06:12:53+00:00,1777961573000,15966,27.78503,43.98513,9.99203,84915,True,53.4819,3
20260505-014600,-OrqlBdIT6WhQlAc-_3-,2026-05-05 06:13:05+00:00,1777961585000,15978,27.78503,43.97509,9.99215,85174,True,53.36328,3
20260505-014600,-OrqlFCWQbJVsHKHAXZs,2026-05-05 06:13:17+00:00,1777961597000,15990,27.7901,43.96444,9.99245,84657,True,54.42333,3
20260505-014600,-OrqlHVCFeRSXMTTeb91,2026-05-05 06:13:29+00:00,1777961609000,16002,27.7901,43.96703,9.99232,85001,True,53.17452,3
20260505-014600,-OrqlKQyrpzcEmUrmXZy,2026-05-05 06:13:41+00:00,1777961621000,16014,27.79263,43.96412,9.99226,84743,True,53.48188,3
20260505-014600,-OrqlNM1L7GmAY1wmaM1,2026-05-05 06:13:53+00:00,1777961633000,16026,27.78503,43.96809,9.99215,85260,True,53.56228,3
20260505-014600,-OrqlQIZooqNhOne_yfd,2026-05-05 06:14:05+00:00,1777961645000,16038,27.78756,43.96783,9.99218,84829,True,53.99698,3
20260505-014600,-OrqlTF4WL_1X_8Zmru4,2026-05-05 06:14:17+00:00,1777961657000,16050,27.7901,43.94291,9.9922,84829,True,53.72048,3
20260505-014600,-OrqlW95d6el01a7wko-,2026-05-05 06:14:29+00:00,1777961669000,16062,27.79517,43.92208,9.99228,84915,True,54.3858,3
20260505-014600,-OrqlZ4YPlIG1vBmNINt,2026-05-05 06:14:41+00:00,1777961681000,16074,27.7901,43.94848,9.99225,85174,True,53.55564,3
20260505-014600,-Orqlb0DoSzY_llr1XkD,2026-05-05 06:14:53+00:00,1777961693000,16086,27.78503,43.96479,9.99224,84915,True,53.22699,3
20260505-014600,-OrqldvkFKtancdE4pPU,2026-05-05 06:15:05+00:00,1777961705000,16098,27.7901,43.95237,9.99218,85174,True,53.51534,3
20260505-014600,-OrqlgsRQupyp3O_a2sQ,2026-05-05 06:15:17+00:00,1777961717000,16110,27.79263,43.92979,9.99227,85087,True,53.28056,3
20260505-014600,-OrqljnAfVS7lqvX7xZV,2026-05-05 06:15:29+00:00,1777961729000,16122,27.78756,43.92957,9.9924,85260,True,52.99505,3
20260505-014600,-Orqlmj5fO6TC6jEi9o7,2026-05-05 06:15:41+00:00,1777961741000,16134,27.78756,43.94353,9.992,85174,True,53.86486,3
20260505-014600,-OrqlpeD5lNCYqEY4EVO,2026-05-05 06:15:53+00:00,1777961753000,16146,27.79263,43.91685,9.99224,85347,True,53.09592,3
20260505-014600,-Orqls_XNE0Pc_o8UrAX,2026-05-05 06:16:05+00:00,1777961765000,16158,27.79517,43.90529,9.99223,84657,True,54.00867,3
20260505-014600,-OrqlvW3tf75SAa1bzzJ,2026-05-05 06:16:17+00:00,1777961777000,16170,27.79263,43.89352,9.99231,85260,True,53.54769,3
20260505-014600,-Orqlyu3yhiWez6Jv7RH,2026-05-05 06:16:29+00:00,1777961789000,16182,27.78756,43.89717,9.99211,85260,True,52.52689,3
20260505-014600,-Orqm0N55TEJRzFrj35j,2026-05-05 06:16:41+00:00,1777961801000,16194,27.78756,43.89989,9.99228,85001,True,53.92031,3
20260505-014600,-Orqm3I_FwLlR0NBFumb,2026-05-05 06:16:53+00:00,1777961813000,16206,27.79263,43.89806,9.99229,84915,True,54.55077,3
20260505-014600,-Orqm6E-juR3zs9hk8NX,2026-05-05 06:17:05+00:00,1777961825000,16218,27.78756,43.90199,9.99205,85260,True,52.41786,3
20260505-014600,-Orqm99Op3vSJGVALHkh,2026-05-05 06:17:17+00:00,1777961837000,16230,27.78756,43.89888,9.99205,85001,True,53.35465,3
20260505-014600,-OrqmC4lE-7XCZLAF8N_,2026-05-05 06:17:29+00:00,1777961849000,16242,27.78503,43.90089,9.99212,85174,True,52.9606,3
20260505-014600,-OrqmF0PH3nl_ITRyFMS,2026-05-05 06:17:41+00:00,1777961861000,16254,27.78756,43.88591,9.99202,84572,True,54.73697,3
20260505-014600,-OrqmHwnJuqxtrYV8NKD,2026-05-05 06:17:53+00:00,1777961873000,16266,27.79517,43.89026,9.99237,85087,True,53.66458,3
20260505-014600,-OrqmKtA7a3ZnCLovw8D,2026-05-05 06:18:05+00:00,1777961885000,16278,27.79263,43.90122,9.99203,85001,True,53.52218,3
20260505-014600,-OrqmNg38gYgEciP_Xrx,2026-05-05 06:18:16+00:00,1777961896000,16289,27.84604,43.77563,9.99206,85260,True,53.17769,3
20260505-014600,-OrqmQbeZoaZCs44C0DB,2026-05-05 06:18:28+00:00,1777961908000,16301,27.76982,44.10138,9.9921,78397,True,104.11797,3
20260505-014600,-OrqmTYCJxME5CgP04Er,2026-05-05 06:18:40+00:00,1777961920000,16313,27.77996,43.93525,9.99216,82085,True,86.38135,3
20260505-014600,-OrqmWTrAcfp2pSyb5KW,2026-05-05 06:18:52+00:00,1777961932000,16325,27.77742,43.92986,9.99215,83227,True,72.35004,3
20260505-014600,-OrqmZP6jOiMaz-3y5X-,2026-05-05 06:19:04+00:00,1777961944000,16337,27.78503,43.92136,9.99199,84147,True,64.37981,3
20260505-014600,-OrqmbKWM03BhliOvcW4,2026-05-05 06:19:16+00:00,1777961956000,16349,27.7901,43.89619,9.9922,83978,True,60.89116,3
20260505-014600,-OrqmeGUTzbq_noE3Rx5,2026-05-05 06:19:28+00:00,1777961968000,16361,27.78756,43.91014,9.99219,84486,True,58.72291,3
20260505-014600,-Orqmi8NzxVXnkj0j7Td,2026-05-05 06:19:40+00:00,1777961980000,16373,27.79263,43.86457,9.99215,84486,True,57.3188,3
20260505-014600,-OrqmjdRxxHfYC-9WOul,2026-05-05 06:19:50+00:00,1777961990000,16383,27.70896,44.36022,9.99203,77240,True,74.02904,3
20260505-014600,-Orqmm_0nII1ZNwLtXG_,2026-05-05 06:20:02+00:00,1777962002000,16395,27.77489,43.92762,9.99215,82004,True,80.14256,3
20260505-014600,-OrqmpVG24OWujuvoke6,2026-05-05 06:20:14+00:00,1777962014000,16407,27.7825,43.88123,9.99206,83393,True,70.74283,3
20260505-014600,-OrqmsQkC8Bj1AGHWvM_,2026-05-05 06:20:26+00:00,1777962026000,16419,27.77742,43.8734,9.99207,83978,True,64.10229,3
20260505-014600,-OrqmvLwsY3i9wvakI23,2026-05-05 06:20:38+00:00,1777962038000,16431,27.7825,43.85925,9.99241,84743,True,58.17287,3
20260505-014600,-OrqmyHP9Ue8KOIIq7JN,2026-05-05 06:20:50+00:00,1777962050000,16443,27.79263,43.86512,9.99243,84743,True,56.55222,3
20260505-014600,-Orqn0Co4L3d94eJ3Xo6,2026-05-05 06:21:02+00:00,1777962062000,16455,27.78503,43.87324,9.99243,85001,True,55.21627,3
20260505-014600,-Orqn38JLPgKFPIMo6HM,2026-05-05 06:21:14+00:00,1777962074000,16467,27.79263,43.86193,9.9925,84743,True,55.35081,3
20260505-014600,-Orqn64-7RDdJtefY1Kw,2026-05-05 06:21:26+00:00,1777962086000,16479,27.7901,43.88583,9.99273,85087,True,54.61135,3
20260505-014600,-Orqn9-jfN-XZdI4j2O7,2026-05-05 06:21:38+00:00,1777962098000,16491,27.7901,43.86246,9.99255,84743,True,54.75124,3
20260505-014600,-OrqnBw6BkJPGu7ECsQl,2026-05-05 06:21:50+00:00,1777962110000,16503,27.79263,43.84492,9.99266,85347,True,54.13533,3
20260505-014600,-OrqnF5BEiqjhq6myVZO,2026-05-05 06:22:02+00:00,1777962122000,16515,27.79517,43.86857,9.9926,85260,True,53.68396,3
20260505-014600,-OrqnHmtSqZLEKJBRl1E,2026-05-05 06:22:14+00:00,1777962134000,16527,27.79517,43.85774,9.99281,85347,True,52.83134,3
20260505-014600,-OrqnKifoYbuL0ULtdiC,2026-05-05 06:22:26+00:00,1777962146000,16539,27.79771,43.82883,9.99283,85260,True,52.76611,3
20260505-014600,-OrqnNeEcvVW-9zY-xmf,2026-05-05 06:22:38+00:00,1777962158000,16551,27.79263,43.82277,9.99268,85260,True,53.02774,3
20260505-014600,-OrqnQrV5i7SuFwWsewe,2026-05-05 06:22:50+00:00,1777962170000,16563,27.80024,43.81628,9.99284,84829,True,53.98219,3
20260505-014600,-OrqnTVyWNovz_BJMOrQ,2026-05-05 06:23:02+00:00,1777962182000,16575,27.79771,43.83522,9.99294,85174,True,53.26045,3
20260505-014600,-OrqnWRV4wY6Vl_m8DdW,2026-05-05 06:23:14+00:00,1777962194000,16587,27.80532,43.81472,9.993,85347,True,52.20209,3
20260505-014600,-OrqnZMmx5eQ16x-Jrnc,2026-05-05 06:23:26+00:00,1777962206000,16599,27.79263,43.86827,9.99279,85522,True,51.88404,3
20260505-014600,-OrqnbISc0M6hnQ-y5pM,2026-05-05 06:23:38+00:00,1777962218000,16611,27.79263,43.84736,9.99268,84915,True,53.03058,3
20260505-014600,-OrqneE1nSIWrujSYcG6,2026-05-05 06:23:50+00:00,1777962230000,16623,27.7901,43.86249,9.99285,85174,True,53.0518,3
20260505-014600,-Orqnh9R3JOWhxMGubgT,2026-05-05 06:24:02+00:00,1777962242000,16635,27.80024,43.84834,9.99298,85260,True,50.99707,3
20260505-014600,-Orqnk4qw48j_C2iFgBi,2026-05-05 06:24:14+00:00,1777962254000,16647,27.79517,43.85402,9.99286,85784,True,51.79995,3
20260505-014600,-Orqnn149uG1Wz6JzWVS,2026-05-05 06:24:26+00:00,1777962266000,16659,27.79263,43.84858,9.99286,85522,True,51.66271,3
20260505-014600,-Orqnpwn8tv2XGQXTnSj,2026-05-05 06:24:38+00:00,1777962278000,16671,27.79517,43.82553,9.99281,85087,True,52.58733,3
20260505-014600,-Orqnt1EYToObORr0LhX,2026-05-05 06:24:51+00:00,1777962291000,16684,27.76728,44.098,9.99291,80122,True,75.36541,3
20260505-014600,-OrqnwJbCxN1uyEB06Mu,2026-05-05 06:25:04+00:00,1777962304000,16697,27.83485,43.85022,9.99301,80974,True,78.08672,3
20260505-014600,-Orqnz7oLVXVa74pBfWd,2026-05-05 06:25:16+00:00,1777962316000,16709,27.77235,44.05291,9.99299,76186,True,127.96281,3
20260505-014600,-Orqo13TwAAYNY8NjlTu,2026-05-05 06:25:28+00:00,1777962328000,16721,27.78756,43.89751,9.99286,80740,True,99.72328,3
20260505-014600,-Orqo3zkN9lR0RcMG6QF,2026-05-05 06:25:40+00:00,1777962340000,16733,27.78756,43.88624,9.99258,82570,True,79.79005,3
20260505-014600,-Orqo71yAgC3PlQM5sLJ,2026-05-05 06:25:52+00:00,1777962352000,16745,27.7901,43.87667,9.99262,83476,True,69.91627,3
20260505-014600,-Orqo9qtspzax9smNwKO,2026-05-05 06:26:04+00:00,1777962364000,16757,27.78503,43.89433,9.99268,84147,True,62.77969,3
20260505-014600,-OrqoCr7qF_cPGe_VTTS,2026-05-05 06:26:16+00:00,1777962376000,16769,27.79771,43.86496,9.99278,84316,True,60.37831,3
20260505-014600,-OrqoFhok5rw1lVUB4nK,2026-05-05 06:26:28+00:00,1777962388000,16781,27.79771,43.85273,9.99283,84743,True,58.1669,3
20260505-014600,-OrqoIcw_LvKiuqBK-tO,2026-05-05 06:26:40+00:00,1777962400000,16793,27.79771,43.8361,9.99292,84829,True,56.73798,3
20260505-014600,-OrqoLZcpjCmyEHITc0J,2026-05-05 06:26:52+00:00,1777962412000,16805,27.79771,43.83086,9.99281,85522,True,54.29978,3
20260505-014600,-OrqoOV4deva3ZOx9Hzr,2026-05-05 06:27:04+00:00,1777962424000,16817,27.80024,43.83838,9.99287,85001,True,54.74045,3
20260505-014600,-OrqoRQsg-0gpl7_qVRW,2026-05-05 06:27:16+00:00,1777962436000,16829,27.79771,43.84086,9.99267,85001,True,54.26742,3
20260505-014600,-OrqoUMcSob9SJ6wCZkJ,2026-05-05 06:27:28+00:00,1777962448000,16841,27.80024,43.8199,9.99292,85260,True,53.68874,3
20260505-014600,-OrqoXHiIg8A4TGkV0IP,2026-05-05 06:27:40+00:00,1777962460000,16853,27.80278,43.82333,9.993,85087,True,53.41236,3
20260505-014600,-Orqo_DBkPFikT1KUlan,2026-05-05 06:27:52+00:00,1777962472000,16865,27.80278,43.79475,9.99289,85434,True,52.38436,3
20260505-014600,-Orqoc8pj2VOKOE6nDn_,2026-05-05 06:28:04+00:00,1777962484000,16877,27.80532,43.82063,9.9929,85260,True,52.51916,3
20260505-014600,-Orqof4LVBXyfAPjtJtx,2026-05-05 06:28:16+00:00,1777962496000,16889,27.80278,43.80642,9.99293,85347,True,52.08447,3
20260505-014600,-Orqoi-dfy5yTWuhnkN9,2026-05-05 06:28:28+00:00,1777962508000,16901,27.80024,43.8002,9.99284,85434,True,51.13721,3
20260505-014600,-OrqokwKZ3C-XQYpH5y8,2026-05-05 06:28:40+00:00,1777962520000,16913,27.80278,43.79033,9.99293,85260,True,51.61896,3
20260505-014600,-OrqonrhZ2W8dr1bu3-U,2026-05-05 06:28:52+00:00,1777962532000,16925,27.80785,43.76975,9.99319,85697,True,50.64108,3
20260505-014600,-OrqoraavN7tqDZhdsUB,2026-05-05 06:29:04+00:00,1777962544000,16937,27.80278,43.80455,9.99295,86137,True,49.78663,2
20260505-014600,-Orqotr8uYCvE3DkS-dj,2026-05-05 06:29:16+00:00,1777962556000,16949,27.77489,44.05558,9.99312,80275,True,74.24664,1
20260505-014600,-Orqowm-B0d5MWPscjji,2026-05-05 06:29:28+00:00,1777962568000,16961,27.7901,43.84921,9.99311,83642,True,70.82715,1
20260505-014600,-Orqozhke4UbJuUk4Hol,2026-05-05 06:29:40+00:00,1777962580000,16973,27.79771,43.80927,9.99317,84829,True,61.81289,1
20260505-014600,-Orqp1cioOWgl0gIfwz1,2026-05-05 06:29:52+00:00,1777962592000,16985,27.79771,43.79683,9.99324,85347,True,56.46742,1
20260505-014600,-Orqp4_aqmf1ZMPhY7Oz,2026-05-05 06:30:04+00:00,1777962604000,16997,27.79771,43.78809,9.99331,84829,True,56.10702,1
20260505-014600,-Orqp7UkmVMFxUV-yHS6,2026-05-05 06:30:16+00:00,1777962616000,17009,27.80024,43.78923,9.99351,85174,True,54.34053,1
20260505-014600,-OrqpAQrpUaVrx7GoAml,2026-05-05 06:30:28+00:00,1777962628000,17021,27.79771,43.7907,9.99359,85260,True,53.53054,1
20260505-014600,-OrqpDLyzoL_tt1MWxAQ,2026-05-05 06:30:40+00:00,1777962640000,17033,27.80278,43.78966,9.99354,85522,True,53.21468,1
20260505-014600,-OrqpGHKGETQuzEtoTY4,2026-05-05 06:30:52+00:00,1777962652000,17045,27.81038,43.7714,9.99402,85434,True,51.91122,1
20260505-014600,-OrqpJDfHtVGmdPQc_Vu,2026-05-05 06:31:04+00:00,1777962664000,17057,27.80278,43.79285,9.99374,85347,True,53.20217,1
20260505-014600,-OrqpM8RB4V_0kmCaJHu,2026-05-05 06:31:16+00:00,1777962676000,17069,27.80024,43.7852,9.99395,85434,True,52.33242,1
20260505-014600,-OrqpP3no8yI4Hfi09a4,2026-05-05 06:31:28+00:00,1777962688000,17081,27.80785,43.76035,9.99394,85960,True,50.82866,1
20260505-014600,-OrqpS-prHSHZlc7SIFB,2026-05-05 06:31:40+00:00,1777962700000,17093,27.80532,43.77766,9.99367,85434,True,51.60312,1
20260505-014600,-OrqpUvw1EU39_QIXOwI,2026-05-05 06:31:52+00:00,1777962712000,17105,27.80532,43.78572,9.99399,85872,True,50.99159,1
20260505-014600,-OrqpY1HrEqHH36A92_k,2026-05-05 06:32:04+00:00,1777962724000,17117,27.81038,43.79078,9.99402,85784,True,51.58273,1
20260505-014600,-Orqp_mpSKmKKw7iokSZ,2026-05-05 06:32:16+00:00,1777962736000,17129,27.81038,43.77845,9.99411,85609,True,51.59507,1
20260505-014600,-OrqpciHHA2eJammuAd5,2026-05-05 06:32:28+00:00,1777962748000,17141,27.80024,43.75193,9.9941,86137,True,50.0,1
20260505-014600,-OrqpffPCwfTnrK_hU5V,2026-05-05 06:32:40+00:00,1777962760000,17153,27.81292,43.70791,9.99416,85872,True,50.3365,1
20260505-014600,-Orqpi_LnOGa-5WwgR2n,2026-05-05 06:32:52+00:00,1777962772000,17165,27.82053,43.66076,9.9945,85784,True,51.34953,1
20260505-014600,-OrqplWW-b-aLs8oSjQ8,2026-05-05 06:33:04+00:00,1777962784000,17177,27.81546,43.67579,9.99435,86137,True,50.52798,1
20260505-014600,-OrqpoRSRin9x_zs0VW1,2026-05-05 06:33:16+00:00,1777962796000,17189,27.82053,43.69709,9.99438,85434,True,51.46837,1
20260505-014600,-OrqprMlfGOZUVdTgPvB,2026-05-05 06:33:28+00:00,1777962808000,17201,27.8256,43.71594,9.99438,85434,True,53.4104,1
20260505-014600,-OrqpuJ0bs8CFon6slZy,2026-05-05 06:33:40+00:00,1777962820000,17213,27.83067,43.71485,9.99471,85087,True,54.49876,1
20260505-014600,-OrqpxEJsz_2chZIOJYk,2026-05-05 06:33:52+00:00,1777962832000,17225,27.82306,43.73877,9.99459,85522,True,53.06856,1
20260505-014600,-Orqq-9ncOf8pT-AMjAk,2026-05-05 06:34:04+00:00,1777962844000,17237,27.82306,43.69044,9.99461,85434,True,53.09043,1
20260505-014600,-Orqq24riu5B3ClfDf7W,2026-05-05 06:34:16+00:00,1777962856000,17249,27.82813,43.67287,9.99472,85609,True,53.61059,1
20260505-014600,-Orqq50D-e5hS8VckaIs,2026-05-05 06:34:28+00:00,1777962868000,17261,27.8256,43.72533,9.995,85001,True,54.70429,1
20260505-014600,-Orqq7wuY1er3-VpMt8W,2026-05-05 06:34:40+00:00,1777962880000,17273,27.83067,43.74658,9.99501,85522,True,55.33937,1
20260505-014600,-OrqqAsefBFvkxINtRS5,2026-05-05 06:34:52+00:00,1777962892000,17285,27.83067,43.77942,9.99478,84572,True,57.21407,1
20260505-014600,-OrqqDnxolJxj-T9Bi2o,2026-05-05 06:35:04+00:00,1777962904000,17297,27.83067,43.77229,9.99498,84743,True,57.44549,1
20260505-014600,-OrqqGwGUi5U0ZRUCbpn,2026-05-05 06:35:16+00:00,1777962916000,17309,27.83321,43.74709,9.99491,84572,True,58.3391,1
20260505-014600,-OrqqJekFd25Bnk_Qyen,2026-05-05 06:35:28+00:00,1777962928000,17321,27.83067,43.74801,9.99496,84062,True,60.00715,1
20260505-014600,-OrqqMb2pEkWYNftNL7d,2026-05-05 06:35:40+00:00,1777962940000,17333,27.82813,43.77071,9.99488,84486,True,60.20031,1
20260505-014600,-OrqqPWWplL_lfxedETa,2026-05-05 06:35:52+00:00,1777962952000,17345,27.82813,43.78654,9.99515,84147,True,61.14913,1
20260505-014600,-OrqqSSQXuesuEl8YvS_,2026-05-05 06:36:04+00:00,1777962964000,17357,27.83321,43.7733,9.99535,84401,True,60.65384,1
20260505-014600,-OrqqVWvFxzRZI8BWBEw,2026-05-05 06:36:17+00:00,1777962977000,17370,27.80278,44.03229,9.99501,79212,True,83.2162,1
20260505-014600,-OrqqYSfXUhnqQnMmvQs,2026-05-05 06:36:29+00:00,1777962989000,17382,27.82053,43.8348,9.99497,82165,True,81.42475,1
20260505-014600,-OrqqaNv35q2Lo9KTkEr,2026-05-05 06:36:41+00:00,1777963001000,17394,27.82813,43.8148,9.99516,83726,True,72.49373,1
20260505-014600,-OrqqdJhP4kHBS3Qi2yp,2026-05-05 06:36:53+00:00,1777963013000,17406,27.8256,43.83699,9.99495,83227,True,68.53858,1
20260505-014600,-OrqqgEla1Ai1LoYaKe1,2026-05-05 06:37:05+00:00,1777963025000,17418,27.83067,43.82534,9.9952,83310,True,67.23412,1
20260505-014600,-OrqqjAE5cz8hJuMQ0bG,2026-05-05 06:37:17+00:00,1777963037000,17430,27.83321,43.80678,9.99519,83810,True,66.36147,1
20260505-014600,-Orqqm5n-6gE1iahjZ4Q,2026-05-05 06:37:29+00:00,1777963049000,17442,27.83321,43.79955,9.99514,83726,True,65.30869,1
20260505-014600,-Orqqp1av4bMtqODSamz,2026-05-05 06:37:41+00:00,1777963061000,17454,27.83067,43.75216,9.99508,83227,True,66.59976,1
20260505-014600,-OrqqrxvG_oJ_jGUQKdg,2026-05-05 06:37:53+00:00,1777963073000,17466,27.83828,43.70736,9.99526,83476,True,65.45004,1
20260505-014600,-OrqqutKywlxAIUICblU,2026-05-05 06:38:05+00:00,1777963085000,17478,27.82813,43.71187,9.9952,83393,True,66.19021,1
20260505-014600,-Orqqy6r4QIv4rjkYp7H,2026-05-05 06:38:17+00:00,1777963097000,17490,27.83067,43.68819,9.99522,83559,True,66.33221,1
20260505-014600,-Orqr-kDFi6tvy7qXulJ,2026-05-05 06:38:29+00:00,1777963109000,17502,27.82813,43.69323,9.99509,83310,True,67.2252,1
20260505-014600,-Orqr2fzuJYKUnqLgTav,2026-05-05 06:38:41+00:00,1777963121000,17514,27.83321,43.61367,9.99509,83894,True,65.36685,1
20260505-014600,-Orqr5bQiX4TquZtx1se,2026-05-05 06:38:53+00:00,1777963133000,17526,27.8256,43.6088,9.99507,83894,True,64.79259,1
20260505-014600,-Orqr8Xpkt6WPm7n8wSi,2026-05-05 06:39:05+00:00,1777963145000,17538,27.83321,43.57589,9.99498,83894,True,63.92115,1
20260505-014600,-OrqrBTIK2tgSkgHY6He,2026-05-05 06:39:17+00:00,1777963157000,17550,27.83321,43.55813,9.99509,83894,True,64.31094,1
20260505-014600,-OrqrEObq8806g6BbbuX,2026-05-05 06:39:29+00:00,1777963169000,17562,27.82813,43.60043,9.99509,83642,True,64.66788,1
20260505-014600,-OrqrHKM4x5py5pCLHzu,2026-05-05 06:39:41+00:00,1777963181000,17574,27.82813,43.57431,9.99508,83810,True,65.35636,1
20260505-014600,-OrqrKFwwMF9K-h3dm-K,2026-05-05 06:39:53+00:00,1777963193000,17586,27.83321,43.5568,9.99509,83894,True,64.81531,1
20260505-014600,-OrqrNBGdD2zHMDsxXyi,2026-05-05 06:40:05+00:00,1777963205000,17598,27.83067,43.55954,9.99501,83894,True,65.04539,1
20260505-014600,-OrqrQ6o2P-Q2yt6T8ul,2026-05-05 06:40:17+00:00,1777963217000,17610,27.83321,43.59418,9.9951,83810,True,66.32673,1
20260505-014600,-OrqrT2BS8C7uAymm5e0,2026-05-05 06:40:29+00:00,1777963229000,17622,27.83067,43.62093,9.99501,83227,True,68.37054,1
20260505-014600,-OrqrVzPX6dD832mIArQ,2026-05-05 06:40:41+00:00,1777963241000,17634,27.83828,43.6433,9.9952,82734,True,70.82195,1
20260505-014600,-OrqrYuM-EtZF1tBkaAN,2026-05-05 06:40:53+00:00,1777963253000,17646,27.83574,43.65619,9.9949,82979,True,70.66615,1
20260505-014600,-Orqrapr776NqdxSfNqA,2026-05-05 06:41:05+00:00,1777963265000,17658,27.83828,43.6677,9.99503,82815,True,71.552,1
20260505-014600,-OrqrdlX1eB9FJUvm6O5,2026-05-05 06:41:17+00:00,1777963277000,17670,27.83321,43.72208,9.99488,82897,True,72.32236,1
20260505-014600,-Orqrhiv3DkhrkNZo_gq,2026-05-05 06:41:29+00:00,1777963289000,17682,27.84335,43.72342,9.99502,82897,True,72.24142,1
20260505-014600,-OrqrjSkqA-hQYHoyhHI,2026-05-05 06:41:40+00:00,1777963300000,17693,27.75714,44.32432,9.99491,73705,True,94.65951,1
20260505-014600,-OrqrmNy2n3Bosp-b9NT,2026-05-05 06:41:52+00:00,1777963312000,17705,27.8256,43.84176,9.99493,78988,True,104.78514,1
20260505-014600,-OrqrpJNcd1rJstgRP0K,2026-05-05 06:42:04+00:00,1777963324000,17717,27.8256,43.80207,9.99504,81052,True,92.72006,1
20260505-014600,-OrqrsEo7p_gq3WNpEZo,2026-05-05 06:42:16+00:00,1777963336000,17729,27.8256,43.82031,9.99491,81525,True,85.98421,1
20260505-014600,-OrqrvAP-xfIgwqDn7Yl,2026-05-05 06:42:28+00:00,1777963348000,17741,27.83321,43.78291,9.99498,81685,True,80.82591,1
20260505-014600,-Orqry5snJvg3a2wQpRf,2026-05-05 06:42:40+00:00,1777963360000,17753,27.82813,43.80193,9.99499,81924,True,79.25804,1
20260505-014600,-Orqs01LNpJM9AIJ157u,2026-05-05 06:42:52+00:00,1777963372000,17765,27.83067,43.813,9.99491,82085,True,77.59624,1
20260505-014600,-Orqs2xrCFBxgWE_7iok,2026-05-05 06:43:04+00:00,1777963384000,17777,27.83067,43.81924,9.99492,81844,True,77.90158,1
20260505-014600,-Orqs5tKzoC8cxay7Zcj,2026-05-05 06:43:16+00:00,1777963396000,17789,27.83321,43.84419,9.99505,82085,True,77.45964,1
20260505-014600,-Orqs8oe2jsVJHwTilRf,2026-05-05 06:43:28+00:00,1777963408000,17801,27.83828,43.84413,9.99522,81924,True,78.15125,1
20260505-014600,-OrqsBkAVW40qU_zmRvx,2026-05-05 06:43:40+00:00,1777963420000,17813,27.83321,43.80048,9.99526,81924,True,77.82516,1
20260505-014600,-OrqsEfq-0FeJ2KDYtMi,2026-05-05 06:43:52+00:00,1777963432000,17825,27.82813,43.77596,9.99511,82165,True,76.59158,1
20260505-014600,-OrqsHbPL5igxPOAsgjn,2026-05-05 06:44:04+00:00,1777963444000,17837,27.82813,43.73613,9.99515,82489,True,76.19106,1
20260505-014600,-OrqsKXsIWiVePIMuTFt,2026-05-05 06:44:16+00:00,1777963456000,17849,27.83067,43.72619,9.99529,82327,True,75.66905,1
20260505-014600,-OrqsNXJJE6lyEUzX5lo,2026-05-05 06:44:28+00:00,1777963468000,17861,27.8256,43.75064,9.9953,81605,True,78.42322,1
20260505-014600,-OrqsQkx0cIEiqeuysgL,2026-05-05 06:44:40+00:00,1777963480000,17873,27.8256,43.77485,9.99539,82085,True,78.80127,1
20260505-014600,-OrqsTL1W7Ej5Bod0ErV,2026-05-05 06:44:52+00:00,1777963492000,17885,27.8256,43.76629,9.99555,81924,True,78.24971,1
20260505-014600,-OrqsWG0ky-wffMILWzc,2026-05-05 06:45:04+00:00,1777963504000,17897,27.83574,43.71893,9.99567,82327,True,77.36877,1
20260505-014600,-OrqsZBQ4CHaP6DSU3f1,2026-05-05 06:45:16+00:00,1777963516000,17909,27.82306,43.70765,9.99551,82085,True,77.27438,1
20260505-014600,-Orqsb71sU5hD8J789Dd,2026-05-05 06:45:28+00:00,1777963528000,17921,27.82813,43.71299,9.99573,82165,True,76.54899,1
20260505-014600,-Orqse24_bwemBAAdugU,2026-05-05 06:45:40+00:00,1777963540000,17933,27.83574,43.68583,9.99587,82246,True,75.93478,1
20260505-014600,-OrqsgyzMkYEia8EIs-7,2026-05-05 06:45:52+00:00,1777963552000,17945,27.83067,43.6766,9.9958,82165,True,76.37747,1
20260505-014600,-OrqsjuTr3tdVemW6CbP,2026-05-05 06:46:04+00:00,1777963564000,17957,27.83067,43.69189,9.99577,82085,True,76.87363,1
20260505-014600,-Orqsmpe4WgwtIQvMdch,2026-05-05 06:46:16+00:00,1777963576000,17969,27.82813,43.71605,9.99582,82165,True,77.76352,1
20260505-014600,-OrqsplPyr0-t_zM-ugg,2026-05-05 06:46:28+00:00,1777963588000,17981,27.83321,43.72284,9.99577,82085,True,76.83853,1
20260505-014600,-Orqssgcwq2eQOl_x0ch,2026-05-05 06:46:40+00:00,1777963600000,17993,27.83321,43.7502,9.9957,82085,True,76.76154,1
20260505-014600,-Orqsvc0PnHILLh4RsH3,2026-05-05 06:46:52+00:00,1777963612000,18005,27.84081,43.71881,9.99597,81924,True,77.36742,1
20260505-014600,-OrqsyYgA7fpw7BPm0i7,2026-05-05 06:47:04+00:00,1777963624000,18017,27.83574,43.73405,9.99599,82004,True,77.34992,1
20260505-014600,-Orqt0UnkQUxpMPPSCuY,2026-05-05 06:47:16+00:00,1777963636000,18029,27.83574,43.73804,9.99595,81764,True,78.89173,1
20260505-014600,-Orqt3PuUtYaQBLfnCb_,2026-05-05 06:47:28+00:00,1777963648000,18041,27.83828,43.73832,9.99617,82085,True,78.80455,1
20260505-014600,-Orqt6LUR__uVAae5Hd2,2026-05-05 06:47:40+00:00,1777963660000,18053,27.84081,43.76742,9.99621,82085,True,77.95466,1
20260505-014600,-Orqt9S47VpgPKgA0VXO,2026-05-05 06:47:52+00:00,1777963672000,18065,27.84081,43.78036,9.99607,82004,True,77.58511,1
20260505-014600,-OrqtCC2YPkSRY2-RwOI,2026-05-05 06:48:04+00:00,1777963684000,18077,27.83828,43.79007,9.99589,82085,True,77.83058,1
20260505-014600,-OrqtF7sFL20fr-TzpsD,2026-05-05 06:48:16+00:00,1777963696000,18089,27.84081,43.78135,9.99611,81924,True,77.87871,1
20260505-014600,-OrqtI3iS6wLXf7sJJNk,2026-05-05 06:48:28+00:00,1777963708000,18101,27.84335,43.77393,9.99613,81844,True,77.23856,1
20260505-014600,-OrqtKzlZXyyOeCQkEIg,2026-05-05 06:48:40+00:00,1777963720000,18113,27.84335,43.76653,9.99625,82165,True,76.89847,1
20260505-014600,-OrqtNv8_7XzELTgoz_3,2026-05-05 06:48:52+00:00,1777963732000,18125,27.83828,43.7476,9.9964,82327,True,76.09504,1
20260505-014600,-OrqtQqYI2nrcHlD9oxi,2026-05-05 06:49:04+00:00,1777963744000,18137,27.84335,43.69464,9.9963,82408,True,74.86799,1
20260505-014600,-OrqtTmRwuQXb7l8Wh8X,2026-05-05 06:49:16+00:00,1777963756000,18149,27.84335,43.68475,9.99639,82489,True,74.23863,1
20260505-014600,-OrqtWhtpd_Ayo6Rd59z,2026-05-05 06:49:28+00:00,1777963768000,18161,27.84335,43.62704,9.99623,82815,True,72.38823,1
20260505-014600,-OrqtZdBFW-dE5OJkHG_,2026-05-05 06:49:40+00:00,1777963780000,18173,27.84081,43.62808,9.99614,82897,True,72.07478,1
20260505-014600,-OrqtbZkr2irMRW4qwux,2026-05-05 06:49:52+00:00,1777963792000,18185,27.84335,43.61376,9.99623,82652,True,72.60855,1
20260505-014600,-OrqteV7MwYwdDw6q8G4,2026-05-05 06:50:04+00:00,1777963804000,18197,27.84081,43.62831,9.99621,82570,True,72.80462,1
20260505-014600,-OrqthQfDqD_DCyDfkyv,2026-05-05 06:50:16+00:00,1777963816000,18209,27.83574,43.62967,9.99622,82734,True,73.68752,1
20260505-014600,-OrqtkMNLAmhGg3URLTJ,2026-05-05 06:50:28+00:00,1777963828000,18221,27.84081,43.63076,9.99626,82408,True,75.04051,1
20260505-014600,-OrqtnI8OmSSJZLzBeJw,2026-05-05 06:50:40+00:00,1777963840000,18233,27.83828,43.68375,9.99621,82327,True,74.84393,1
20260505-014600,-OrqtqD5v3T78RhklcVw,2026-05-05 06:50:52+00:00,1777963852000,18245,27.83574,43.72892,9.9962,82004,True,76.54887,1
20260505-014600,-Orqtu9Y4xOw5eYJlRHW,2026-05-05 06:51:04+00:00,1777963864000,18257,27.82813,43.76477,9.99634,82489,True,76.7554,1
20260505-014600,-OrqtvethpjA1G2msEUp,2026-05-05 06:51:15+00:00,1777963875000,18268,27.75714,44.26779,9.99611,74758,True,94.98531,1
20260505-014600,-Orqtya0jYRo26HThORS,2026-05-05 06:51:27+00:00,1777963887000,18280,27.82053,43.88034,9.99608,79212,True,103.42099,1
20260505-014600,-Orqu0WWHgzfF9PORzC7,2026-05-05 06:51:39+00:00,1777963899000,18292,27.83067,43.82088,9.99654,80507,True,93.2592,1
20260505-014600,-Orqu3Y9pngeWIQWRcUm,2026-05-05 06:51:51+00:00,1777963911000,18304,27.83321,43.81169,9.99613,80740,True,88.00787,1
20260505-014600,-Orqu6Nl2-qG_nKvUr1A,2026-05-05 06:52:03+00:00,1777963923000,18316,27.83067,43.82018,9.99614,81446,True,83.83122,1
20260505-014600,-Orqu9JLoCLQSNhX0c3R,2026-05-05 06:52:15+00:00,1777963935000,18328,27.83574,43.79596,9.99608,81605,True,81.84337,1
20260505-014600,-OrquCEXbTbPVDVLAjs8,2026-05-05 06:52:27+00:00,1777963947000,18340,27.82813,43.84182,9.99611,81446,True,80.84602,1
20260505-014600,-OrquFAIfZiA1lJoBdR6,2026-05-05 06:52:39+00:00,1777963959000,18352,27.83574,43.86096,9.99627,81367,True,81.19897,1
20260505-014600,-OrquI5N54V6RSi2RxVm,2026-05-05 06:52:51+00:00,1777963971000,18364,27.83321,43.88829,9.996,81367,True,81.03465,1
20260505-014600,-OrquL1EVTD8bkQFjP9S,2026-05-05 06:53:03+00:00,1777963983000,18376,27.84081,43.89191,9.99616,81446,True,81.08254,1
20260505-014600,-OrquNxkpNRLvF_AtWzf,2026-05-05 06:53:15+00:00,1777963995000,18388,27.83574,43.90927,9.99613,81367,True,81.28714,1
20260505-014600,-OrquQtDKr83ga6ZplTn,2026-05-05 06:53:27+00:00,1777964007000,18400,27.83574,43.90378,9.99629,81446,True,80.83443,1
20260505-014600,-OrquTo_osfGNY8yLTtr,2026-05-05 06:53:39+00:00,1777964019000,18412,27.83828,43.91231,9.99626,81446,True,80.69505,1
20260505-014600,-OrquWk9XFtMdDd0cR41,2026-05-05 06:53:51+00:00,1777964031000,18424,27.84589,43.88629,9.9962,81446,True,80.97365,1
20260505-014600,-OrquZgFH8ZfKWC3E4ov,2026-05-05 06:54:03+00:00,1777964043000,18436,27.84335,43.88644,9.9965,81446,True,80.65304,1
20260505-014600,-OrqucdrXwbVZF1Z4dR6,2026-05-05 06:54:15+00:00,1777964055000,18448,27.83828,43.8835,9.99619,81367,True,81.47881,1
20260505-014600,-Orque8EccEw3KjtCXId,2026-05-05 06:54:25+00:00,1777964065000,18458,27.76221,44.37482,9.99605,73965,True,99.57346,1
20260505-014600,-Orquh4dBZuDv4mCL0ee,2026-05-05 06:54:37+00:00,1777964077000,18470,27.82306,43.94395,9.9961,78470,True,107.30014,1
20260505-014600,-Orquk-LUhNyu1rnN7dg,2026-05-05 06:54:49+00:00,1777964089000,18482,27.83574,43.87628,9.99625,79969,True,96.64583,1
20260505-014600,-OrqumwTpknjI3ilgYHd,2026-05-05 06:55:01+00:00,1777964101000,18494,27.83828,43.89014,9.99658,80584,True,89.44688,1
20260505-014600,-Orquprnxw-uRFRteWDg,2026-05-05 06:55:13+00:00,1777964113000,18506,27.83574,43.86828,9.99641,80817,True,86.44568,1
20260505-014600,-OrqusmmEntEE8U4Rxxf,2026-05-05 06:55:25+00:00,1777964125000,18518,27.83321,43.8283,9.99639,81367,True,83.32405,1
20260505-014600,-OrquvizV9QgAjhBEyj3,2026-05-05 06:55:37+00:00,1777964137000,18530,27.83828,43.78796,9.99624,81685,True,80.28372,1
20260505-014600,-Orquye_F_JoynzwH6rH,2026-05-05 06:55:49+00:00,1777964149000,18542,27.83574,43.7777,9.99629,81764,True,79.77508,1
20260505-014600,-Orqv0_vDxfcH-Hl_ZE4,2026-05-05 06:56:01+00:00,1777964161000,18554,27.83828,43.77373,9.99622,81605,True,80.48008,1
20260505-014600,-Orqv3WIbxz1617i2qa1,2026-05-05 06:56:13+00:00,1777964173000,18566,27.83321,43.78775,9.99634,81446,True,79.98151,1
20260505-014600,-Orqv6RKKo4NXvXPEptL,2026-05-05 06:56:25+00:00,1777964185000,18578,27.83828,43.79488,9.99612,81764,True,79.6344,1
20260505-014600,-Orqv9NdND_VK8qBuAk-,2026-05-05 06:56:37+00:00,1777964197000,18590,27.84589,43.80599,9.99647,81685,True,79.99565,1
20260505-014600,-OrqvCIJw9An57XuvphI,2026-05-05 06:56:49+00:00,1777964209000,18602,27.84081,43.84785,9.99641,81685,True,78.80334,1
20260505-014600,-OrqvFDxOlhFVvFK-dUc,2026-05-05 06:57:01+00:00,1777964221000,18614,27.83574,43.8554,9.99634,81605,True,78.49701,1
20260505-014600,-OrqvI9edfrFPyF_qvlz,2026-05-05 06:57:13+00:00,1777964233000,18626,27.83828,43.88028,9.99635,81605,True,79.24065,1
20260505-014600,-OrqvLGl1vJGjXbYU6po,2026-05-05 06:57:25+00:00,1777964245000,18638,27.83067,43.89981,9.99617,82085,True,78.70464,1
20260505-014600,-OrqvO1GGm8HaVzn1NId,2026-05-05 06:57:37+00:00,1777964257000,18650,27.83828,43.87012,9.99631,81288,True,80.06709,1
20260505-014600,-OrqvQwmnLtCaa69oOOd,2026-05-05 06:57:49+00:00,1777964269000,18662,27.83321,43.86863,9.99634,81446,True,79.86487,1
20260505-014600,-OrqvTsFBV0bZJQRMySk,2026-05-05 06:58:01+00:00,1777964281000,18674,27.83321,43.87475,9.99628,81209,True,80.08806,1
20260505-014600,-OrqvWnnB3fogZYLUQRs,2026-05-05 06:58:13+00:00,1777964293000,18686,27.84081,43.83137,9.99639,81367,True,80.61176,1
20260505-014600,-OrqvZjbnVs_Fyo-eKdm,2026-05-05 06:58:25+00:00,1777964305000,18698,27.83574,43.81469,9.99627,81924,True,78.8433,1
20260505-014600,-Orqvbf7DKk6T4X9Mqwm,2026-05-05 06:58:37+00:00,1777964317000,18710,27.83321,43.79638,9.99634,81844,True,78.48682,1
20260505-014600,-OrqveaPcBu7Rb9Rmor4,2026-05-05 06:58:49+00:00,1777964329000,18722,27.83321,43.78653,9.99635,81924,True,77.88443,1
20260505-014600,-OrqvhWmfSEQVBns3QJb,2026-05-05 06:59:01+00:00,1777964341000,18734,27.83574,43.76297,9.9962,82085,True,77.21515,1
20260505-014600,-OrqvkSRD-ntEReItCD0,2026-05-05 06:59:13+00:00,1777964353000,18746,27.83574,43.73075,9.99622,82246,True,75.77405,1
20260505-014600,-OrqvnO08ONIehJgcKcO,2026-05-05 06:59:25+00:00,1777964365000,18758,27.84335,43.7125,9.9963,82570,True,75.13976,1
20260505-014600,-OrqvqJmhhqxw752hQkk,2026-05-05 06:59:37+00:00,1777964377000,18770,27.83828,43.72224,9.99628,82165,True,76.31743,1
20260505-014600,-OrqvtErCtNCw8ImA5jK,2026-05-05 06:59:49+00:00,1777964389000,18782,27.83828,43.75022,9.99621,82004,True,76.75274,1
20260505-014600,-OrqvwAG9H2JFboOJNMd,2026-05-05 07:00:01+00:00,1777964401000,18794,27.84335,43.75257,9.99632,82085,True,77.4294,1
20260505-014600,-Orqvz5cLYiVxJb7OHCb,2026-05-05 07:00:13+00:00,1777964413000,18806,27.83574,43.77358,9.99632,81844,True,78.04624,1
20260505-014600,-Orqw11aKnnwja7rhce3,2026-05-05 07:00:25+00:00,1777964425000,18818,27.84081,43.78351,9.99648,81924,True,77.85078,1
20260505-014600,-OrqwPF4BcHy1J9Fr63y,2026-05-05 07:02:03+00:00,1777964523000,18916,27.7546,44.32377,9.99628,54657,True,306.74097,1
20260505-014600,-OrqwRuwa4olddcFSK0P,2026-05-05 07:02:15+00:00,1777964535000,18928,27.77996,44.03571,9.99617,65415,True,252.90343,1
20260505-014600,-OrqwUqZEkCnO3Q1wx7a,2026-05-05 07:02:27+00:00,1777964547000,18940,27.79263,43.97029,9.99632,70598,True,192.78773,1
20260505-014600,-OrqwXm99HzYrdC5P672,2026-05-05 07:02:39+00:00,1777964559000,18952,27.80278,43.93988,9.99643,73835,True,156.22791,1
20260505-014600,-Orqw_hxlO-7zoGfOh01,2026-05-05 07:02:51+00:00,1777964571000,18964,27.80532,43.95196,9.99661,75363,True,134.46297,1
20260505-014600,-OrqwcdQsmA6mhrkXVma,2026-05-05 07:03:03+00:00,1777964583000,18976,27.80785,43.94047,9.99656,77027,True,120.72303,1
20260505-014600,-OrqwfZRTk6WuWVntoHH,2026-05-05 07:03:15+00:00,1777964595000,18988,27.82053,43.93462,9.99664,77814,True,111.79842,1
20260505-014600,-OrqwiUqbc5iErlgVCqP,2026-05-05 07:03:27+00:00,1777964607000,19000,27.82053,43.91637,9.99659,78470,True,106.09764,1
20260505-014600,-OrqwlkwuaAHYc-STivO,2026-05-05 07:03:39+00:00,1777964619000,19012,27.8256,43.89666,9.99673,78988,True,100.73339,1
20260505-014600,-OrqwoMN56W27j3PIdzK,2026-05-05 07:03:51+00:00,1777964631000,19024,27.8256,43.84457,9.99651,79362,True,97.45892,1
20260505-014600,-OrqwrHqaGGeYE_AECkD,2026-05-05 07:04:03+00:00,1777964643000,19036,27.83067,43.82013,9.99661,79740,True,93.8345,1
20260505-014600,-OrqwuD2P9v6zSLKDIQ6,2026-05-05 07:04:15+00:00,1777964655000,19048,27.83067,43.81121,9.99658,80275,True,90.59892,1
20260505-014600,-Orqwx8Nh357YRA3Up-j,2026-05-05 07:04:27+00:00,1777964667000,19060,27.83574,43.79409,9.99689,80507,True,88.04237,1
20260505-014600,-Orqx-42dYV6y-2xKgb8,2026-05-05 07:04:39+00:00,1777964679000,19072,27.83321,43.80212,9.99665,80817,True,86.93828,1
20260505-014600,-Orqx2-gl_uxcBRw5Ctl,2026-05-05 07:04:51+00:00,1777964691000,19084,27.83067,43.85066,9.99686,80740,True,86.7281,1
20260505-014600,-Orqx4wjxTq2lyDdcsId,2026-05-05 07:05:03+00:00,1777964703000,19096,27.83067,43.85489,9.99675,80662,True,86.52252,1
20260505-014600,-Orqx7rlk83Y8D5Z-Zmf,2026-05-05 07:05:15+00:00,1777964715000,19108,27.82813,43.8557,9.99675,81131,True,85.05063,1
20260505-014600,-OrqxAn8q-5ir6f_cFHJ,2026-05-05 07:05:27+00:00,1777964727000,19120,27.83321,43.79678,9.99678,81288,True,83.48454,1
20260505-014600,-OrqxDiSFjaIsC-Q4lN-,2026-05-05 07:05:39+00:00,1777964739000,19132,27.84081,43.74036,9.99674,81288,True,82.63181,1
20260505-014600,-OrqxGdspoh-PDHYqfcN,2026-05-05 07:05:51+00:00,1777964751000,19144,27.84081,43.78036,9.99692,81288,True,81.64111,1
20260505-014600,-OrqxJ_m8L8tVAsdIIgG,2026-05-05 07:06:03+00:00,1777964763000,19156,27.83574,43.78351,9.99689,81685,True,80.69204,1
20260505-014600,-OrqxMWCd5vD_kQQe1zl,2026-05-05 07:06:15+00:00,1777964775000,19168,27.83067,43.80061,9.99675,81209,True,81.48105,1
20260505-014600,-OrqxPRT5MRhARvxvWp0,2026-05-05 07:06:27+00:00,1777964787000,19180,27.83574,43.79569,9.99685,81605,True,80.43052,1
20260505-014600,-OrqxSN4UTvPBVV2okgQ,2026-05-05 07:06:39+00:00,1777964799000,19192,27.84081,43.81903,9.99695,81605,True,80.38957,1
20260505-014600,-Orqx_JdcG0qdQQnSOP1,2026-05-05 07:06:51+00:00,1777964811000,19204,27.83574,43.82898,9.99682,81288,True,80.30135,1
20260505-014600,-Orqxa4r2lVM-pkWQwhj,2026-05-05 07:07:15+00:00,1777964835000,19228,27.89285,43.66872,9.9969,81844,True,79.45149,1
20260505-014600,-Orqxd0IZQuVuA4bycDS,2026-05-05 07:07:27+00:00,1777964847000,19240,27.79771,44.07156,9.99683,69485,True,175.59012,1
20260505-014600,-OrqxfwoianCXamdID7Z,2026-05-05 07:07:39+00:00,1777964859000,19252,27.81292,43.86871,9.99687,75295,True,146.15247,1
20260505-014600,-Orqxis6UwmAbT_TASLY,2026-05-05 07:07:51+00:00,1777964871000,19264,27.81292,43.85946,9.99687,77240,True,120.95075,1
20260505-014600,-OrqxlnTh9Vw-iiSlQq3,2026-05-05 07:08:03+00:00,1777964883000,19276,27.82053,43.84797,9.99691,79063,True,104.31561,1
20260505-014600,-OrqxojGvgaw87GT53VG,2026-05-05 07:08:15+00:00,1777964895000,19288,27.8256,43.85036,9.99673,80198,True,95.07482,1
20260505-014600,-OrqxrfV4vpy2xahC4-5,2026-05-05 07:08:27+00:00,1777964907000,19300,27.83067,43.80258,9.99686,80198,True,91.03631,1
20260505-014600,-Orqxua9b2a9YWfxz1mL,2026-05-05 07:08:39+00:00,1777964919000,19312,27.82306,43.79841,9.99697,80122,True,88.71748,1
20260505-014600,-OrqxxWe6FXBU_EtYttg,2026-05-05 07:08:51+00:00,1777964931000,19324,27.83067,43.77639,9.99702,81209,True,84.56026,1
20260505-014600,-Orqy-Slcep4pBYqYddD,2026-05-05 07:09:03+00:00,1777964943000,19336,27.83574,43.77047,9.99692,81367,True,82.19386,1
20260505-014600,-Orqy2NmSnbX1yud7VDC,2026-05-05 07:09:15+00:00,1777964955000,19348,27.83574,43.76525,9.99703,81288,True,81.36699,1
20260505-014600,-Orqy5JRGkTHZYdDqxzP,2026-05-05 07:09:27+00:00,1777964967000,19360,27.83067,43.77856,9.99702,81367,True,81.35945,1
20260505-014600,-Orqy8EgKax5ONND8U8S,2026-05-05 07:09:39+00:00,1777964979000,19372,27.83067,43.78007,9.99714,81446,True,80.92239,1
20260505-014600,-OrqyB9uoSIm5t2kWEnV,2026-05-05 07:09:51+00:00,1777964991000,19384,27.83321,43.78488,9.99725,81605,True,79.534,1
20260505-014600,-OrqyEHyKj1gd7FxTEGv,2026-05-05 07:10:03+00:00,1777965003000,19396,27.83574,43.77815,9.99713,81525,True,79.54421,1
20260505-014600,-OrqyH0qavndNSewRlf9,2026-05-05 07:10:15+00:00,1777965015000,19408,27.83574,43.77143,9.99713,81764,True,78.92122,1
20260505-014600,-OrqyJy0nUJRDZ6PM5Hc,2026-05-05 07:10:27+00:00,1777965027000,19420,27.84081,43.76379,9.99716,81844,True,78.17609,1
20260505-014600,-OrqyMwCpbUWun9W6jQc,2026-05-05 07:10:39+00:00,1777965039000,19432,27.83828,43.76292,9.99716,82004,True,78.06948,1
20260505-014600,-OrqyPobC1nKcXHY8j2p,2026-05-05 07:10:51+00:00,1777965051000,19444,27.84589,43.73508,9.99744,82085,True,76.28813,1
20260505-014600,-OrqySjyCeenzobmmZnX,2026-05-05 07:11:03+00:00,1777965063000,19456,27.84589,43.76657,9.99738,82246,True,75.07121,1
20260505-014600,-OrqyVfXAdEcxq8kfbYF,2026-05-05 07:11:15+00:00,1777965075000,19468,27.84589,43.7455,9.99728,82165,True,76.41765,1
20260505-014600,-OrqyYxn37XUNE68yykA,2026-05-05 07:11:27+00:00,1777965087000,19480,27.85095,43.69729,9.99745,82085,True,76.12914,1
20260505-014600,-OrqyaYK-0xyat2pLyQz,2026-05-05 07:11:39+00:00,1777965099000,19492,27.84081,43.71389,9.99716,82489,True,73.52221,1
20260505-014600,-OrqydTkiFp337Ehs_pI,2026-05-05 07:11:51+00:00,1777965111000,19504,27.84335,43.72472,9.99738,82165,True,74.46333,1
20260505-014600,-OrqygOivJ1-SyON8-7j,2026-05-05 07:12:03+00:00,1777965123000,19516,27.84335,43.72083,9.99759,82408,True,73.9825,1
20260505-014600,-OrqyjJtyU8fUtaWsLiw,2026-05-05 07:12:15+00:00,1777965135000,19528,27.84589,43.71749,9.99775,82408,True,74.44157,1
20260505-014600,-OrqymFy5AfYl86cgidi,2026-05-05 07:12:27+00:00,1777965147000,19540,27.84589,43.71369,9.9977,82489,True,73.91917,1
20260505-014600,-OrqypB3a12S2a42tP9S,2026-05-05 07:12:39+00:00,1777965159000,19552,27.85095,43.69845,9.99759,82570,True,72.6782,1
20260505-014600,-Orqys6vVn5hkVBXbz-J,2026-05-05 07:12:51+00:00,1777965171000,19564,27.85095,43.72735,9.99759,82570,True,73.07178,1
20260505-014600,-Orqyv1sx-iDLYUXefZb,2026-05-05 07:13:03+00:00,1777965183000,19576,27.85349,43.70174,9.99756,82246,True,73.86189,1
20260505-014600,-Orqz-ZKOYl4WR5acDMQ,2026-05-05 07:13:15+00:00,1777965195000,19588,27.84589,43.68663,9.99779,82489,True,72.22391,1
20260505-014600,-Orqz0WQfyLIyZX9IoXU,2026-05-05 07:13:29+00:00,1777965209000,19602,27.90699,43.52775,9.99771,82570,True,72.40656,1
20260505-014600,-Orqz3Shaef98TkAgoMJ,2026-05-05 07:13:41+00:00,1777965221000,19614,27.81799,43.90405,9.99777,74492,True,135.65945,1
20260505-014600,-Orqz6NF6zWg2MKeGDML,2026-05-05 07:13:53+00:00,1777965233000,19626,27.83574,43.72353,9.99794,78765,True,114.83498,1
20260505-014600,-Orqz9J8yxuyUmyB6S_y,2026-05-05 07:14:05+00:00,1777965245000,19638,27.83574,43.71085,9.99773,80352,True,96.33316,1
20260505-014600,-OrqzCKT5DO8Nco7BiR_,2026-05-05 07:14:17+00:00,1777965257000,19650,27.83067,43.7562,9.99746,81288,True,86.01134,1
20260505-014600,-OrqzFA9nJJp1z9IFEHD,2026-05-05 07:14:29+00:00,1777965269000,19662,27.84589,43.71761,9.99786,81367,True,82.85643,1
20260505-014600,-OrqzI5Vd_1N5lvkDoxh,2026-05-05 07:14:41+00:00,1777965281000,19674,27.84081,43.75806,9.99794,81924,True,78.18334,1
20260505-014600,-OrqzL0rwFkKwhOU0Ccm,2026-05-05 07:14:53+00:00,1777965293000,19686,27.84081,43.75499,9.99778,82085,True,77.47076,1
20260505-014600,-OrqzNx_4Q3U0Sq_YwSF,2026-05-05 07:15:05+00:00,1777965305000,19698,27.84335,43.76388,9.99799,82004,True,76.45882,1
20260505-014600,-OrqzQsuw3ZElCRn-XHZ,2026-05-05 07:15:17+00:00,1777965317000,19710,27.84589,43.76762,9.99791,82246,True,75.89713,1
20260505-014600,-OrqzTohTwUS9ngcgmlS,2026-05-05 07:15:29+00:00,1777965329000,19722,27.84335,43.7873,9.99782,82489,True,75.50403,1
20260505-014600,-OrqzWk6fuZG_FZk9YSb,2026-05-05 07:15:41+00:00,1777965341000,19734,27.84842,43.79047,9.99825,82004,True,76.03217,1
20260505-014600,-OrqzZfV-cMcGFkd3KPn,2026-05-05 07:15:53+00:00,1777965353000,19746,27.85095,43.77381,9.99794,82246,True,75.26731,1
20260505-014600,-Orqzbb1Reqga3DHcO8n,2026-05-05 07:16:05+00:00,1777965365000,19758,27.84589,43.7722,9.9981,82246,True,74.59367,1
20260505-014600,-OrqzeuF09RpLhk3QKbR,2026-05-05 07:16:17+00:00,1777965377000,19770,27.85095,43.76657,9.99797,82327,True,74.09938,1
20260505-014600,-OrqzhT7ygogIeD-I14U,2026-05-05 07:16:29+00:00,1777965389000,19782,27.85349,43.74083,9.99851,82408,True,73.73636,1
20260505-014600,-OrqzkOqCveH9jNFHvoM,2026-05-05 07:16:41+00:00,1777965401000,19794,27.84589,43.78496,9.99821,82652,True,73.52936,1
20260505-014600,-OrqznKDSIyE6VB5zD97,2026-05-05 07:16:53+00:00,1777965413000,19806,27.85095,43.76353,9.99819,82570,True,72.13882,1
20260505-014600,-OrqzqFLfqoFyL1ft3tr,2026-05-05 07:17:05+00:00,1777965425000,19818,27.84842,43.78258,9.99836,82734,True,71.42886,1
20260505-014600,-OrqztB6XhvmH8Jp8FWl,2026-05-05 07:17:17+00:00,1777965437000,19830,27.84842,43.79668,9.99841,82570,True,72.04796,1
20260505-014600,-Orqzw6fOauljM5M1Cmz,2026-05-05 07:17:29+00:00,1777965449000,19842,27.84842,43.79268,9.9982,82489,True,72.02966,1
20260505-014600,-Orqzz1xTWSH3TsqjzyG,2026-05-05 07:17:41+00:00,1777965461000,19854,27.84842,43.82522,9.99836,82897,True,71.31669,1
20260505-014600,-Orr-0yP8M2BH2V8iIB0,2026-05-05 07:17:53+00:00,1777965473000,19866,27.85095,43.81564,9.99841,82652,True,71.29426,1
20260505-014600,-Orr-3tonTPZCTvjkSQh,2026-05-05 07:18:05+00:00,1777965485000,19878,27.85349,43.80996,9.9984,83310,True,69.61179,1
20260505-014600,-Orr-6pZwOsIW8zQn3IT,2026-05-05 07:18:17+00:00,1777965497000,19890,27.85856,43.78878,9.99869,82570,True,71.18027,1
20260505-014600,-Orr-9lnoiRKoJTu8xL9,2026-05-05 07:18:29+00:00,1777965509000,19902,27.85603,43.79226,9.99855,82408,True,72.02328,1
20260505-014600,-Orr-Cgdlsl8zt_Blzd5,2026-05-05 07:18:41+00:00,1777965521000,19914,27.85349,43.77305,9.99847,82570,True,71.9741,1
20260505-014600,-Orr-FbqsNGgJQox4YLN,2026-05-05 07:18:53+00:00,1777965533000,19926,27.85856,43.73607,9.99869,82408,True,71.96516,1
20260505-014600,-Orr-IYHWfscrINgoYUJ,2026-05-05 07:19:05+00:00,1777965545000,19938,27.85349,43.73904,9.99854,82734,True,71.03802,1
20260505-014600,-Orr-LTrIBzdS48ZiERg,2026-05-05 07:19:17+00:00,1777965557000,19950,27.85603,43.72998,9.9986,82489,True,71.99696,1
20260505-014600,-Orr-OrA6y_G65ujSPCz,2026-05-05 07:19:29+00:00,1777965569000,19962,27.85603,43.71907,9.99832,83062,True,70.50157,1
20260505-014600,-Orr-RLHsuBJc2gDPLiP,2026-05-05 07:19:41+00:00,1777965581000,19974,27.85603,43.74413,9.9986,82815,True,70.8933,1
20260505-014600,-Orr-UGLFVeoUzSpzvSu,2026-05-05 07:19:53+00:00,1777965593000,19986,27.85349,43.73471,9.99866,82815,True,71.13135,1
20260505-014600,-Orr-XFYeDexigOfXJR_,2026-05-05 07:20:05+00:00,1777965605000,19998,27.85856,43.7435,9.99887,82815,True,70.70248,1
20260505-014600,-Orr-_7RlRT7vCbxBT_y,2026-05-05 07:20:17+00:00,1777965617000,20010,27.85349,43.74033,9.99874,82979,True,69.6071,1
20260505-014600,-Orr-c3nNwd2DrqBOYvU,2026-05-05 07:20:29+00:00,1777965629000,20022,27.85349,43.72762,9.99866,82897,True,69.95055,1
20260505-014600,-Orr-ezuj849Y7SPFnWU,2026-05-05 07:20:41+00:00,1777965641000,20034,27.85349,43.71777,9.99865,82652,True,70.91365,1
20260505-014600,-Orr-hvC4bcZGv8aMEIq,2026-05-05 07:20:53+00:00,1777965653000,20046,27.84842,43.71722,9.99871,82815,True,70.81786,1
20260505-014600,-Orr-kqPIBfbhqrJL5NZ,2026-05-05 07:21:05+00:00,1777965665000,20058,27.85349,43.67647,9.99891,83476,True,69.15993,1
20260505-014600,-Orr-nluO1V3M9lJdroF,2026-05-05 07:21:17+00:00,1777965677000,20070,27.85349,43.70833,9.99875,83062,True,69.48402,1
20260505-014600,-Orr-qhHP5cDzamNTYLM,2026-05-05 07:21:29+00:00,1777965689000,20082,27.85349,43.72875,9.99865,82979,True,70.10538,1
20260505-014600,-Orr-tdTDFs2sUlHL3H3,2026-05-05 07:21:41+00:00,1777965701000,20094,27.86363,43.70524,9.999,82979,True,69.2482,1
20260505-014600,-Orr-wZgAjvVtlyBMVZV,2026-05-05 07:21:53+00:00,1777965713000,20106,27.85856,43.715,9.99903,83062,True,69.15546,1
20260505-014600,-Orr-zUraI8B1fJtryGI,2026-05-05 07:22:05+00:00,1777965725000,20118,27.85856,43.70781,9.99871,82897,True,69.59206,1
20260505-014600,-Orr01QPT-PmM8OEg2AI,2026-05-05 07:22:17+00:00,1777965737000,20130,27.85856,43.7296,9.99878,82979,True,69.34529,1
20260505-014600,-Orr04MwyZc78Ph9TeUJ,2026-05-05 07:22:29+00:00,1777965749000,20142,27.85856,43.70716,9.99908,82815,True,70.53091,1
20260505-014600,-Orr07WqpxHAoHDmgDah,2026-05-05 07:22:41+00:00,1777965761000,20154,27.85856,43.73848,9.99901,83062,True,69.85352,1
20260505-014600,-Orr0AD2U0KUxAqEiwFk,2026-05-05 07:22:53+00:00,1777965773000,20166,27.85856,43.73388,9.99905,82815,True,70.19424,1
20260505-014600,-Orr0D8cDloM0gsBqMbh,2026-05-05 07:23:05+00:00,1777965785000,20178,27.85349,43.74619,9.99886,82652,True,71.23779,1
20260505-014600,-Orr0G4A47gJTeCzqjvg,2026-05-05 07:23:17+00:00,1777965797000,20190,27.8611,43.73273,9.99897,82652,True,71.189,1
20260505-014600,-Orr0J-AvX9Fr8jaQk1q,2026-05-05 07:23:29+00:00,1777965809000,20202,27.8611,43.7205,9.99875,82897,True,70.42446,1
20260505-014600,-Orr0LvbkK1r5otdqJ8v,2026-05-05 07:23:41+00:00,1777965821000,20214,27.86363,43.72159,9.99874,83062,True,69.80785,1
20260505-014600,-Orr0OrTPlrjsP-OQb_N,2026-05-05 07:23:53+00:00,1777965833000,20226,27.8611,43.72124,9.99907,82979,True,69.96291,1
20260505-014600,-Orr0Rn10_OHUx2zdKKc,2026-05-05 07:24:05+00:00,1777965845000,20238,27.85856,43.72777,9.99917,83062,True,68.53975,1
20260505-014600,-Orr0UiIWJbNzGbQ0GI0,2026-05-05 07:24:17+00:00,1777965857000,20250,27.8611,43.70953,9.99893,83062,True,68.64819,1
20260505-014600,-Orr0XdspUwEbcCTjRSa,2026-05-05 07:24:29+00:00,1777965869000,20262,27.85856,43.69449,9.99898,83227,True,67.99863,1
20260505-014600,-Orr0__EhDxMjScAkQIq,2026-05-05 07:24:41+00:00,1777965881000,20274,27.8611,43.67197,9.99891,83144,True,68.21754,1
20260505-014600,-Orr0cVq5ecEiF2yj-Gn,2026-05-05 07:24:53+00:00,1777965893000,20286,27.85603,43.6859,9.99895,83227,True,67.10334,1
20260505-014600,-Orr0fRUE6ij9wc6rXpW,2026-05-05 07:25:05+00:00,1777965905000,20298,27.85856,43.69587,9.99885,83310,True,67.83585,1
20260505-014600,-Orr0iMq3hIuynGoTNc-,2026-05-05 07:25:17+00:00,1777965917000,20310,27.85603,43.7118,9.99899,83227,True,67.82628,1
20260505-014600,-Orr0lIGTYGIe42vL_GQ,2026-05-05 07:25:29+00:00,1777965929000,20322,27.86363,43.68434,9.999,82815,True,67.97449,1
20260505-014600,-Orr0oDng_1GyMjwq0Hj,2026-05-05 07:25:41+00:00,1777965941000,20334,27.86363,43.66343,9.99907,83393,True,67.24199,1
20260505-014600,-Orr1B8M1pQyW7bsQp3M,2026-05-05 07:27:19+00:00,1777966039000,20432,27.7825,44.23568,9.99891,55600,True,293.70374,1
20260505-014600,-Orr1DxY-L0ZH4Cpbenh,2026-05-05 07:27:31+00:00,1777966051000,20444,27.80532,43.96438,9.99876,66506,True,239.47107,1
20260505-014600,-Orr1GtLKhMf843Z62Mw,2026-05-05 07:27:43+00:00,1777966063000,20456,27.80785,43.85585,9.99892,71809,True,180.82245,1
20260505-014600,-Orr1JoZipMNSeuPaFJQ,2026-05-05 07:27:55+00:00,1777966075000,20468,27.81038,43.89175,9.99909,75431,True,141.95993,1
20260505-014600,-Orr1MkmIkcSO9-96aPZ,2026-05-05 07:28:07+00:00,1777966087000,20480,27.81799,43.92572,9.99902,77240,True,120.07977,1
20260505-014600,-Orr1PgUAvkLajMJpk3s,2026-05-05 07:28:19+00:00,1777966099000,20492,27.8256,43.94032,9.99903,78839,True,105.06236,1
20260505-014600,-Orr1Sc93kIBAFG5BEhy,2026-05-05 07:28:31+00:00,1777966111000,20504,27.83067,43.99042,9.99918,79438,True,97.6844,1
20260505-014600,-Orr1VY-nGsgp3NXk_h8,2026-05-05 07:28:43+00:00,1777966123000,20516,27.8256,43.96191,9.99896,80352,True,90.83018,1
20260505-014600,-Orr1ZGxaPHwG5hZihnf,2026-05-05 07:28:55+00:00,1777966135000,20528,27.84335,43.95017,9.99928,80584,True,87.98419,1
20260505-014600,-Orr1aVaOLwdBtHWG6kw,2026-05-05 07:29:07+00:00,1777966147000,20540,27.82053,44.14417,9.99914,76255,True,105.24345,1
20260505-014600,-Orr1dQfyRZL6Ql_AdNw,2026-05-05 07:29:19+00:00,1777966159000,20552,27.83828,43.94829,9.99914,79589,True,98.62521,1
20260505-014600,-Orr1gMe0Vha8GwWE0zP,2026-05-05 07:29:31+00:00,1777966171000,20564,27.84081,43.94934,9.99913,80584,True,88.12006,1
20260505-014600,-Orr1jHrx4D3n4r2PGAl,2026-05-05 07:29:43+00:00,1777966183000,20576,27.84842,43.92496,9.99899,81209,True,82.61684,1
20260505-014600,-Orr1mDJqJIOD6zwtroW,2026-05-05 07:29:55+00:00,1777966195000,20588,27.84589,43.93781,9.99895,81605,True,77.91066,1
20260505-014600,-Orr1p8xPjMHkm5nfDLV,2026-05-05 07:30:07+00:00,1777966207000,20600,27.85095,43.90646,9.99905,81844,True,76.12726,1
20260505-014600,-Orr1s4DWV_fdxABj7RS,2026-05-05 07:30:19+00:00,1777966219000,20612,27.84589,44.00319,9.99914,82004,True,76.29104,1
20260505-014600,-Orr1v0ApvQ7VdbK3DCS,2026-05-05 07:30:31+00:00,1777966231000,20624,27.84842,44.15664,9.99918,81844,True,74.99868,1
20260505-014600,-Orr1xwNzby79zT2K499,2026-05-05 07:30:43+00:00,1777966243000,20636,27.85349,44.22686,9.99946,81924,True,74.32306,1
20260505-014600,-Orr2-rtvNmdOug8gwbK,2026-05-05 07:30:55+00:00,1777966255000,20648,27.84589,44.31584,9.99909,82165,True,72.56535,1
20260505-014600,-Orr22nNfG7KFJ-sjcmF,2026-05-05 07:31:07+00:00,1777966267000,20660,27.85349,44.37822,9.99928,82165,True,71.85091,1
20260505-014600,-Orr25iwzTQL7KzGIWEE,2026-05-05 07:31:19+00:00,1777966279000,20672,27.84842,44.54127,9.99929,81844,True,71.6625,1
20260505-014600,-Orr28eYvZugCOqHc_5U,2026-05-05 07:31:31+00:00,1777966291000,20684,27.85349,44.45911,9.99914,82327,True,70.39565,1
20260505-014600,-Orr2BaB0rtTtJG_aKeM,2026-05-05 07:31:43+00:00,1777966303000,20696,27.85349,44.3309,9.99933,82570,True,67.43699,1
20260505-014600,-Orr2FJmppCZFADzXDUe,2026-05-05 07:31:55+00:00,1777966315000,20708,27.85349,44.25016,9.99919,82489,True,67.88995,1
20260505-014600,-Orr2HZrmqetmwSUnFLX,2026-05-05 07:32:08+00:00,1777966328000,20721,27.82813,44.42392,9.99933,77886,True,87.9195,1
20260505-014600,-Orr2KURHi8D-_nJUJAn,2026-05-05 07:32:20+00:00,1777966340000,20733,27.84589,44.1622,9.99928,80895,True,84.21555,1
20260505-014600,-Orr2NPcn4c0cAa6pzmm,2026-05-05 07:32:32+00:00,1777966352000,20745,27.84589,44.13931,9.99928,82085,True,74.98205,1
20260505-014600,-Orr2QKvyhIiRdtwj7RP,2026-05-05 07:32:44+00:00,1777966364000,20757,27.84842,44.10315,9.99927,82897,True,69.16893,1
20260505-014600,-Orr2TGQhUZqP26uoGbl,2026-05-05 07:32:56+00:00,1777966376000,20769,27.84335,44.15262,9.99921,83062,True,66.13434,1
20260505-014600,-Orr2WCMpISevhjveijN,2026-05-05 07:33:08+00:00,1777966388000,20781,27.84842,44.15852,9.99959,82979,True,65.22497,1
20260505-014600,-Orr2Z7KU3cO-_UZBOBg,2026-05-05 07:33:20+00:00,1777966400000,20793,27.84081,44.17718,9.99927,82815,True,66.07542,1
20260505-014600,-Orr2b2Z9A2A9qbTkwIU,2026-05-05 07:33:32+00:00,1777966412000,20805,27.83574,44.1423,9.99926,83144,True,64.53889,1
20260505-014600,-Orr2dzVq2X-DGMrDW5F,2026-05-05 07:33:44+00:00,1777966424000,20817,27.84335,44.15757,9.99947,83393,True,62.68645,1
20260505-014600,-Orr2gvTGVUabzpgco1P,2026-05-05 07:33:56+00:00,1777966436000,20829,27.83828,44.21968,9.99927,83144,True,62.77423,1
20260505-014600,-Orr2jqjrDHmhNhZ___5,2026-05-05 07:34:08+00:00,1777966448000,20841,27.84081,44.23958,9.99938,83393,True,62.44129,1
20260505-014600,-Orr2mldzrhDmkv4Gdlr,2026-05-05 07:34:20+00:00,1777966460000,20853,27.83828,44.28454,9.99943,83559,True,61.69604,1
20260505-014600,-Orr2phPQEzGmMz44ffT,2026-05-05 07:34:32+00:00,1777966472000,20865,27.83828,44.28122,9.99927,83144,True,62.39715,1
20260505-014600,-Orr2sch7ozbtBOoloP-,2026-05-05 07:34:44+00:00,1777966484000,20877,27.8256,44.25154,9.99919,83310,True,62.54252,1
20260505-014600,-Orr2vkMYttt6zJ4zSnX,2026-05-05 07:34:56+00:00,1777966496000,20889,27.82813,44.2247,9.99928,83726,True,60.9497,1
20260505-014600,-Orr2yVHJaOxm2H9_tet,2026-05-05 07:35:08+00:00,1777966508000,20901,27.82813,44.20419,9.99923,83393,True,60.67783,1
20260505-014600,-Orr30QOBeVqGmVAwUGB,2026-05-05 07:35:20+00:00,1777966520000,20913,27.82306,44.20172,9.99915,83559,True,60.53897,1
20260505-014600,-Orr33Lm0yfrBX2H6GDy,2026-05-05 07:35:32+00:00,1777966532000,20925,27.82813,44.2038,9.99937,83393,True,60.66164,1
20260505-014600,-Orr36HftmB9bPXNvwsT,2026-05-05 07:35:44+00:00,1777966544000,20937,27.83067,44.22477,9.99959,83393,True,60.12261,1
20260505-014600,-Orr39DCA1r8KCif_HHA,2026-05-05 07:35:56+00:00,1777966556000,20949,27.82053,44.33189,9.99935,83476,True,60.31945,1
20260505-014600,-Orr3C9EGK2kk5ezK2yL,2026-05-05 07:36:08+00:00,1777966568000,20961,27.81292,44.36658,9.99932,83559,True,60.54881,1
20260505-014600,-Orr3F3yGBfCs7QNhUxY,2026-05-05 07:36:20+00:00,1777966580000,20973,27.8256,44.32211,9.99949,83476,True,60.24286,1
20260505-014600,-Orr3I-FUHWkqLx6zyQ8,2026-05-05 07:36:32+00:00,1777966592000,20985,27.81799,44.25664,9.99956,83726,True,59.62073,1
20260505-014600,-Orr3KvX8XkQOcZjoZWT,2026-05-05 07:36:44+00:00,1777966604000,20997,27.82053,44.19157,9.99941,83894,True,58.87304,1
20260505-014600,-Orr3NrW-kQ0q-IR_0F5,2026-05-05 07:36:56+00:00,1777966616000,21009,27.82306,44.23801,9.99961,83642,True,59.90565,1
20260505-014600,-Orr3QnEZMQPKasqXv3B,2026-05-05 07:37:08+00:00,1777966628000,21021,27.81799,44.21761,9.99949,83810,True,59.19754,1
20260505-014600,-Orr3TiRXFg_hZj3lJtZ,2026-05-05 07:37:20+00:00,1777966640000,21033,27.81292,44.2456,9.99944,83559,True,59.6589,1
20260505-014600,-Orr3We0qlOdCbtkRyjX,2026-05-05 07:37:32+00:00,1777966652000,21045,27.81546,44.21984,9.99941,83894,True,58.7523,1
20260505-014600,-Orr3Z_TnleR9EfKoP5d,2026-05-05 07:37:44+00:00,1777966664000,21057,27.81799,44.19168,9.99949,83393,True,60.00751,1
20260505-014600,-Orr3bW8gXPt2GG1iK_D,2026-05-05 07:37:56+00:00,1777966676000,21069,27.82053,44.16499,9.99946,83978,True,58.56084,1
20260505-014600,-Orr3eqdaQwIIJf8Reh4,2026-05-05 07:38:08+00:00,1777966688000,21081,27.82053,44.17025,9.99971,83810,True,58.76157,1
20260505-014600,-Orr3hMnURPxLVqXB6bp,2026-05-05 07:38:20+00:00,1777966700000,21093,27.81546,44.20912,9.9994,83978,True,58.62797,1
20260505-014600,-Orr3kI7k14Hb6b_QG7x,2026-05-05 07:38:32+00:00,1777966712000,21105,27.81799,44.18803,9.9996,83810,True,58.78032,1
20260505-014600,-Orr3nDiSh2YmG4WKbF1,2026-05-05 07:38:44+00:00,1777966724000,21117,27.81799,44.17849,9.99975,83978,True,58.97924,1
20260505-014600,-Orr3q9Yc9RgFNF_dDJp,2026-05-05 07:38:56+00:00,1777966736000,21129,27.81799,44.16256,9.99949,83726,True,59.41507,1
20260505-014600,-Orr3t4tZmeKX8YLORQM,2026-05-05 07:39:08+00:00,1777966748000,21141,27.81546,44.18561,9.99955,83894,True,58.21813,1
20260505-014600,-Orr3w0PJ-M834XrcE4N,2026-05-05 07:39:20+00:00,1777966760000,21153,27.81292,44.18656,9.99962,84062,True,57.80092,1
20260505-014600,-Orr3ywcnG9saDvvXg10,2026-05-05 07:39:32+00:00,1777966772000,21165,27.81546,44.1622,9.99961,84572,True,56.39969,1
20260505-014600,-Orr40sIq2rG9XglfbLS,2026-05-05 07:39:44+00:00,1777966784000,21177,27.81292,44.17156,9.9996,84231,True,56.29695,1
20260505-014600,-Orr43o3nNrWeOqUNMrM,2026-05-05 07:39:56+00:00,1777966796000,21189,27.81292,44.18464,9.99967,83810,True,58.60285,1
20260505-014600,-Orr46jjAeIZ35IhRrSR,2026-05-05 07:40:08+00:00,1777966808000,21201,27.81038,44.16512,9.99953,84062,True,58.21669,1
20260505-014600,-Orr49f0vZBN88heb2lF,2026-05-05 07:40:20+00:00,1777966820000,21213,27.80532,44.20073,9.99953,83810,True,58.00847,1
20260505-014600,-Orr4CaYQPi_f4rKNhN7,2026-05-05 07:40:32+00:00,1777966832000,21225,27.80532,44.24505,9.99973,83726,True,58.44727,1
20260505-014600,-Orr4FWj3i8LpRQTVhmM,2026-05-05 07:40:44+00:00,1777966844000,21237,27.80532,44.23104,9.99974,84147,True,57.49153,1
20260505-014600,-Orr4Ig_xWL-5tb6yypw,2026-05-05 07:40:57+00:00,1777966857000,21250,27.77996,44.51903,9.9998,78617,True,81.72944,1
20260505-014600,-Orr4Lj8sV9MMOGyBbCE,2026-05-05 07:41:09+00:00,1777966869000,21262,27.79517,44.31899,9.99967,81605,True,78.62947,1
20260505-014600,-Orr4OYLHnNHphR-oMwL,2026-05-05 07:41:21+00:00,1777966881000,21274,27.79771,44.29537,9.99971,82897,True,69.88213,1
20260505-014600,-Orr4RaO4VGUPrjyyzI2,2026-05-05 07:41:33+00:00,1777966893000,21286,27.80278,44.26649,9.99984,83393,True,64.12063,1
20260505-014600,-Orr4UP3c_JwOSoEvp3a,2026-05-05 07:41:45+00:00,1777966905000,21298,27.80278,44.22952,9.99977,83726,True,61.43786,1
20260505-014600,-Orr4XLmKfv8YRSP3qQ5,2026-05-05 07:41:57+00:00,1777966917000,21310,27.80024,44.21676,9.99979,83476,True,60.10352,1
20260505-014600,-Orr4_GxXHYhELaHu66p,2026-05-05 07:42:09+00:00,1777966929000,21322,27.80278,44.22521,9.9999,83810,True,59.60947,1
20260505-014600,-Orr4cBjVrkX42RbkLzb,2026-05-05 07:42:21+00:00,1777966941000,21334,27.80278,44.20585,9.99972,83894,True,59.21091,1
20260505-014600,-Orr4f7Xesg7HZa4XlBj,2026-05-05 07:42:33+00:00,1777966953000,21346,27.79263,44.27338,9.99951,83894,True,58.61469,1
20260505-014600,-Orr4i2_wGEuTKX9fKHP,2026-05-05 07:42:45+00:00,1777966965000,21358,27.78756,44.26361,9.9995,84147,True,57.29911,1
20260505-014600,-Orr4kzxMia75WH5897c,2026-05-05 07:42:57+00:00,1777966977000,21370,27.79517,44.25713,9.99979,84231,True,56.55813,1
20260505-014600,-Orr4nvJ76RAlIaG7Y2l,2026-05-05 07:43:09+00:00,1777966989000,21382,27.79263,44.21321,9.99975,84062,True,56.6562,1
20260505-014600,-Orr4qqc0eqOiBShH3h3,2026-05-05 07:43:21+00:00,1777967001000,21394,27.79263,44.27941,9.99961,83978,True,57.46968,1
20260505-014600,-Orr4tmXS-0JtC_vE3vE,2026-05-05 07:43:33+00:00,1777967013000,21406,27.7901,44.28501,9.99959,83894,True,57.80011,1
20260505-014600,-Orr4wh7f8-zVfiULym3,2026-05-05 07:43:45+00:00,1777967025000,21418,27.79263,44.24561,9.99956,84401,True,57.13934,1
20260505-014600,-Orr4zcfXsO-5Ief9n9Q,2026-05-05 07:43:57+00:00,1777967037000,21430,27.79517,44.28404,9.9999,84231,True,56.84594,1
20260505-014600,-Orr51ZFIh3UTgWV-cx8,2026-05-05 07:44:09+00:00,1777967049000,21442,27.7901,44.28466,9.99969,84316,True,56.36734,1
20260505-014600,-Orr553bgiSoxYfS070n,2026-05-05 07:44:21+00:00,1777967061000,21454,27.78756,44.25959,9.9995,84231,True,56.79173,1
20260505-014600,-Orr57QUKUDMW-K9vmjd,2026-05-05 07:44:33+00:00,1777967073000,21466,27.7825,44.21424,9.9995,83642,True,57.62988,1
20260505-014600,-Orr5ALWT9vBgUcPfIef,2026-05-05 07:44:45+00:00,1777967085000,21478,27.7901,44.18107,9.99963,84147,True,56.91072,1
20260505-014600,-Orr5DH8p-ryWuPxlJw8,2026-05-05 07:44:57+00:00,1777967097000,21490,27.78503,44.14496,9.99956,84486,True,55.66842,1
20260505-014600,-Orr5GD26W93M9-Y2cHx,2026-05-05 07:45:09+00:00,1777967109000,21502,27.79771,44.1245,9.99969,84401,True,55.17147,1
20260505-014600,-Orr5J8UaNtEmfCMcnvw,2026-05-05 07:45:21+00:00,1777967121000,21514,27.78503,44.14624,9.99944,84657,True,54.58108,1
20260505-014600,-Orr5M3ee50djZmKGZkC,2026-05-05 07:45:33+00:00,1777967133000,21526,27.7901,44.17111,9.99954,84147,True,55.34357,1
20260505-014600,-Orr5P-7bcEC_oQ_dbz6,2026-05-05 07:45:45+00:00,1777967145000,21538,27.78756,44.15591,9.99951,84657,True,55.047,1
20260505-014600,-Orr5RvnWQw1h696iU2A,2026-05-05 07:45:57+00:00,1777967157000,21550,27.79263,44.14097,9.99963,84743,True,55.17973,1
20260505-014600,-Orr5UrOQEZkaf6y1o0Z,2026-05-05 07:46:08+00:00,1777967168000,21562,27.7901,44.1096,9.99947,84231,True,55.94196,1
20260505-014600,-Orr5XmJ_TV_urPIp_vt,2026-05-05 07:46:20+00:00,1777967180000,21574,27.7901,44.07855,9.99968,84743,True,54.50962,1
20260505-014600,-Orr5_iN4f4lYjX3KQrQ,2026-05-05 07:46:32+00:00,1777967192000,21586,27.79263,44.11295,9.99963,84231,True,55.8983,1
20260505-014600,-Orr5cdvUdavC7stsM9b,2026-05-05 07:46:44+00:00,1777967204000,21598,27.78756,44.21371,9.99943,84743,True,54.69102,1
20260505-014600,-Orr5f_vPw-dJt3W2JaO,2026-05-05 07:46:56+00:00,1777967216000,21610,27.7901,44.20786,9.99952,84657,True,54.39479,1
20260505-014600,-Orr5iVWe_xhu2--kVDn,2026-05-05 07:47:08+00:00,1777967228000,21622,27.7901,44.18511,9.99984,84401,True,54.90389,1
20260505-014600,-Orr5lQx2Es5-cDnCTk6,2026-05-05 07:47:20+00:00,1777967240000,21634,27.78503,44.19672,9.99968,84231,True,56.70579,1
20260505-014600,-Orr5o4gEmmwyAAF9JYd,2026-05-05 07:47:31+00:00,1777967251000,21644,27.71403,44.73163,9.99968,76815,True,74.51167,1
20260505-014600,-Orr5quzAwyU9YJvl3Tv,2026-05-05 07:47:43+00:00,1777967263000,21656,27.77489,44.29951,9.99979,81605,True,81.41326,1
20260505-014600,-Orr5tqRKaUBYbsbPdeq,2026-05-05 07:47:55+00:00,1777967275000,21668,27.77235,44.2682,9.99953,82734,True,71.89876,1
20260505-014600,-Orr5wlxb5gyhaOgSBWt,2026-05-05 07:48:07+00:00,1777967287000,21680,27.77996,44.27318,9.99955,83559,True,64.24537,1
20260505-014600,-Orr5zhNEbt9SnNqsg43,2026-05-05 07:48:19+00:00,1777967299000,21692,27.78503,44.31333,9.99979,83726,True,60.69273,1
20260505-014600,-Orr61chhQDaMhMapWvV,2026-05-05 07:48:31+00:00,1777967311000,21704,27.7825,44.29752,9.99984,84231,True,58.36324,1
20260505-014600,-Orr64ZQuG91ETnR8Vcq,2026-05-05 07:48:43+00:00,1777967323000,21716,27.78503,44.25646,9.99983,84743,True,56.2014,1
20260505-014600,-Orr67UhkUt2MoPooa9j,2026-05-05 07:48:55+00:00,1777967335000,21728,27.78756,44.18147,10.00002,84401,True,56.47742,1
20260505-014600,-Orr6AQslONGO5sq0idI,2026-05-05 07:49:07+00:00,1777967347000,21740,27.78756,44.14042,9.99981,84486,True,55.17875,1
20260505-014600,-Orr6DLq3-xtZLi2v9DL,2026-05-05 07:49:19+00:00,1777967359000,21752,27.78756,44.18903,10.00004,84147,True,55.98335,1
20260505-014600,-Orr6GHGMVT9_6AZGqth,2026-05-05 07:49:31+00:00,1777967371000,21764,27.7825,44.19127,9.99991,84486,True,55.08728,1
20260505-014600,-Orr6JCigXLksKrVWf8O,2026-05-05 07:49:43+00:00,1777967383000,21776,27.7825,44.18961,9.99989,84572,True,53.88953,1
20260505-014600,-Orr6M8E4Hxm04sP6VpX,2026-05-05 07:49:55+00:00,1777967395000,21788,27.77996,44.19371,9.99996,84657,True,54.5459,1
20260505-014600,-Orr6P46Wbs8Dsyzfd8Y,2026-05-05 07:50:07+00:00,1777967407000,21800,27.77996,44.23759,10.00013,84486,True,54.69297,1
20260505-014600,-Orr6S-KHuT8kp5Uw08I,2026-05-05 07:50:19+00:00,1777967419000,21812,27.78756,44.21327,10.00023,84401,True,55.34563,1
20260505-014600,-Orr6UvdK2tWV7dulKHI,2026-05-05 07:50:31+00:00,1777967431000,21824,27.78756,44.2319,10.00023,84743,True,53.94522,1
20260505-014600,-Orr6Y86Yb3hRXhI9hCa,2026-05-05 07:50:43+00:00,1777967443000,21836,27.7825,44.35434,9.99998,84401,True,54.30164,1
20260505-014600,-Orr6_msNkqWyASv5RBP,2026-05-05 07:50:55+00:00,1777967455000,21848,27.78503,44.34106,10.00002,84572,True,54.18451,1
20260505-014600,-Orr6ciCjBSIIZVi16OO,2026-05-05 07:51:07+00:00,1777967467000,21860,27.77742,44.32246,9.99988,84743,True,54.21187,1
20260505-014600,-Orr6fe0dFHiStmu0xoH,2026-05-05 07:51:19+00:00,1777967479000,21872,27.77742,44.28996,10.00004,84486,True,54.11611,1
20260505-014600,-Orr6i_Em9aRB9WlnJ8J,2026-05-05 07:51:31+00:00,1777967491000,21884,27.78503,44.26351,10.00018,84657,True,54.16421,1
20260505-014600,-Orr6lVa60gAJYqlHFVM,2026-05-05 07:51:43+00:00,1777967503000,21896,27.78503,44.24393,10.00005,84572,True,54.01219,1
20260505-014600,-Orr6oR9Pyl6QKeH558P,2026-05-05 07:51:55+00:00,1777967515000,21908,27.7825,44.26322,10.00014,84572,True,54.01009,1
20260505-014600,-Orr6rN7vCCiVbOlHtJn,2026-05-05 07:52:07+00:00,1777967527000,21920,27.77742,44.30437,9.99998,84657,True,53.65445,1
20260505-014600,-Orr6uI9lszEEbsscAPK,2026-05-05 07:52:19+00:00,1777967539000,21932,27.77235,44.29361,10.00001,84486,True,54.74986,1
20260505-014600,-Orr6xLNZFhVIqyaPm6C,2026-05-05 07:52:31+00:00,1777967551000,21945,27.74699,44.53324,9.99997,79740,True,76.06899,1
20260505-014600,-Orr7-1iynVP7v-dHc81,2026-05-05 07:52:42+00:00,1777967562000,21956,27.69121,44.8613,10.00024,73126,True,97.77571,1
20260505-014600,-Orr71yNTvRUV0SBs8ml,2026-05-05 07:52:54+00:00,1777967574000,21968,27.76221,44.33543,10.00013,79740,True,98.51469,1
20260505-014600,-Orr74tQXlSaN6G_NjwI,2026-05-05 07:53:06+00:00,1777967586000,21980,27.76728,44.20859,10.0003,82408,True,79.27109,1
20260505-014600,-Orr77pIVyqfsb5d94Nt,2026-05-05 07:53:18+00:00,1777967598000,21992,27.76475,44.19672,9.99998,83393,True,67.38846,1
20260505-014600,-Orr7AkViSDxCRYPDLaC,2026-05-05 07:53:30+00:00,1777967610000,22004,27.76475,44.23116,10.00021,83642,True,62.10149,1
20260505-014600,-Orr7DfqwuIa4hfkF2Cs,2026-05-05 07:53:42+00:00,1777967622000,22016,27.76475,44.25372,10.00008,83894,True,59.62328,1
20260505-014600,-Orr7GlkDMZG0qj_NYYc,2026-05-05 07:53:54+00:00,1777967634000,22028,27.76982,44.1832,10.00009,84147,True,58.12564,1
20260505-014600,-Orr7JXzHhgJg1moSXB-,2026-05-05 07:54:06+00:00,1777967646000,22040,27.76982,44.14358,10.00034,84572,True,55.73867,1
20260505-014600,-Orr7MU9FD1dKqhq1VoD,2026-05-05 07:54:18+00:00,1777967658000,22052,27.76728,44.20749,10.00014,84316,True,55.06765,1
20260505-014600,-Orr7PP0Ny1A6SiW2EE1,2026-05-05 07:54:30+00:00,1777967670000,22064,27.76982,44.26834,10.0002,84572,True,53.76876,1
20260505-014600,-Orr7SLlpc8YIgJOpwNj,2026-05-05 07:54:42+00:00,1777967682000,22076,27.77235,44.30146,10.00015,84829,True,53.59894,1
20260505-014600,-Orr7VGJHF_4bPZnIesU,2026-05-05 07:54:54+00:00,1777967694000,22088,27.76982,44.29705,10.00013,84657,True,54.00193,1
20260505-014600,-Orr7YBcSenmvIm1VT3b,2026-05-05 07:55:06+00:00,1777967706000,22100,27.76475,44.27583,9.99999,84572,True,53.88376,1
20260505-014600,-Orr7a75pfAQQge5ryES,2026-05-05 07:55:18+00:00,1777967718000,22112,27.76728,44.23769,10.0001,84743,True,53.23279,1
20260505-014600,-Orr7d37pi8HlXFnilTP,2026-05-05 07:55:30+00:00,1777967730000,22124,27.76728,44.19375,10.00021,84915,True,52.74202,1
20260505-014600,-Orr7fzEDO3vWlJm2CiE,2026-05-05 07:55:42+00:00,1777967742000,22136,27.76982,44.18362,10.00037,84915,True,52.08198,1
20260505-014600,-Orr7iuI7kFixrgb4mQB,2026-05-05 07:55:54+00:00,1777967754000,22148,27.76221,44.19562,10.00008,84829,True,52.70119,1
20260505-014600,-Orr7lq12XTl9BJH0LHP,2026-05-05 07:56:06+00:00,1777967766000,22160,27.76475,44.20732,10.00015,84572,True,52.78416,1
20260505-014600,-Orr7ollegFssIiJCllt,2026-05-05 07:56:18+00:00,1777967778000,22172,27.76728,44.19213,10.00009,85174,True,51.36307,1
20260505-014600,-Orr7rh4k3cEvfaN3_V6,2026-05-05 07:56:30+00:00,1777967790000,22184,27.76475,44.16,10.00006,85260,True,50.98585,1
20260505-014600,-Orr7ucc5E5nztd5cNIK,2026-05-05 07:56:42+00:00,1777967802000,22196,27.76221,44.12282,10.00016,84657,True,52.07743,1
20260505-014600,-Orr7xYjDOKOl5NG-fba,2026-05-05 07:56:54+00:00,1777967814000,22208,27.76728,44.14977,9.99993,85260,True,51.17691,1
20260505-014600,-Orr802lA6uQhCnPx8MX,2026-05-05 07:57:06+00:00,1777967826000,22220,27.75967,44.18958,9.99997,85087,True,51.46194,1
20260505-014600,-Orr82Qsz80K3D01LbRC,2026-05-05 07:57:18+00:00,1777967838000,22232,27.76728,44.18018,10.00033,85347,True,51.12483,1
20260505-014600,-Orr85LNzWwuPccxAIMN,2026-05-05 07:57:30+00:00,1777967850000,22244,27.76728,44.16244,10.00035,85347,True,51.48655,1
20260505-014600,-Orr88H7AbMgmBTAE0rY,2026-05-05 07:57:42+00:00,1777967862000,22256,27.76475,44.2198,10.00029,85087,True,51.08483,1
20260505-014600,-Orr8BCMRiabz0tXKG_2,2026-05-05 07:57:54+00:00,1777967874000,22268,27.76475,44.2975,10.0004,85001,True,51.52193,1
20260505-014600,-Orr8E7zPZq19JmNSCCl,2026-05-05 07:58:06+00:00,1777967886000,22280,27.76728,44.25727,10.00032,85087,True,51.46097,1
20260505-014600,-Orr8H3aSZyfweVJ1GZU,2026-05-05 07:58:18+00:00,1777967898000,22292,27.76221,44.24986,10.0003,84829,True,51.8801,1
20260505-014600,-Orr8K-CflIm8jMY7GlT,2026-05-05 07:58:30+00:00,1777967910000,22304,27.76221,44.1895,10.00032,85174,True,51.52326,1
20260505-014600,-Orr8Mve1owX1EZDs0pn,2026-05-05 07:58:42+00:00,1777967922000,22316,27.76475,44.13237,10.00024,85609,True,50.05314,1
20260505-014600,-Orr8Pr2F_ESFtYT3WlF,2026-05-05 07:58:54+00:00,1777967934000,22328,27.76475,44.10302,10.00035,85174,True,50.39286,1
20260505-014600,-Orr8SmNEd4ztCm39i7c,2026-05-05 07:59:06+00:00,1777967946000,22340,27.76728,44.12096,10.00042,85260,True,51.31535,1
20260505-014600,-Orr8ViPZ8ZiLbRWXkq6,2026-05-05 07:59:18+00:00,1777967958000,22352,27.75967,44.17717,10.0002,84743,True,52.27443,1
20260505-014600,-Orr8YdpzD4kHrEh0xtZ,2026-05-05 07:59:30+00:00,1777967970000,22364,27.76475,44.17243,10.00024,85260,True,51.12325,1
20260505-014600,-Orr8aZqoyc7-qUmBMg3,2026-05-05 07:59:42+00:00,1777967982000,22376,27.76475,44.11366,10.00036,85347,True,50.0,1
20260505-014600,-Orr8dVQkIRnZ8YgDopk,2026-05-05 07:59:54+00:00,1777967994000,22388,27.76221,44.11329,10.00025,85001,True,50.77393,1
20260505-014600,-Orr8gQqn6eRpCRpZTlg,2026-05-05 08:00:06+00:00,1777968006000,22400,27.75714,44.13954,10.00042,85001,True,51.19674,1
20260505-014600,-Orr8lYXIjTofBXwk0BC,2026-05-05 08:00:18+00:00,1777968018000,22412,27.75714,44.17729,10.00029,85260,True,51.06901,1
20260505-014600,-Orr8mM2YJnc-L4XAW-G,2026-05-05 08:00:31+00:00,1777968031000,22424,27.81641,44.05107,10.00062,85260,True,50.89738,1
20260505-014600,-Orr8pIHy8fGMVbA-WaZ,2026-05-05 08:00:43+00:00,1777968043000,22436,27.73178,44.40208,10.00031,78104,True,105.47528,1
20260505-014600,-Orr8sD9gW83mn3kuN8G,2026-05-05 08:00:55+00:00,1777968055000,22448,27.74953,44.22539,10.00056,81764,True,86.39091,1
20260505-014600,-Orr8v9dNdUOMzSSZg2g,2026-05-05 08:01:07+00:00,1777968067000,22460,27.75207,44.22268,10.00058,83144,True,72.38598,1
20260505-014600,-Orr8y5BZ93n_WjtbwBb,2026-05-05 08:01:19+00:00,1777968079000,22472,27.74953,44.20817,10.00068,84062,True,63.43527,1
20260505-014600,-Orr90-uTIWLVDP97t8h,2026-05-05 08:01:31+00:00,1777968091000,22484,27.7546,44.18884,10.00064,83810,True,60.47099,1
20260505-014600,-Orr92w7m3CPwcBSpyNG,2026-05-05 08:01:43+00:00,1777968103000,22496,27.74953,44.1655,10.00063,84231,True,57.59605,1
20260505-014600,-Orr95rRY1OztrlJTQps,2026-05-05 08:01:55+00:00,1777968115000,22508,27.75207,44.13525,10.00085,84743,True,55.91642,1
20260505-014600,-Orr98tGyEjic7h3qXln,2026-05-05 08:02:07+00:00,1777968127000,22520,27.66585,44.80409,10.00065,74425,True,79.38258,1
20260505-014600,-Orr9BozQJylnsN9mRLO,2026-05-05 08:02:19+00:00,1777968139000,22532,27.73685,44.26522,10.0009,80817,True,89.77826,1
20260505-014600,-Orr9EkWP3S-V85Z_VYl,2026-05-05 08:02:31+00:00,1777968151000,22544,27.74953,44.15924,10.00097,82979,True,75.00101,1
20260505-014600,-Orr9HftpOwRRl7X1W0e,2026-05-05 08:02:43+00:00,1777968163000,22556,27.74446,44.16476,10.00108,83726,True,65.68544,1
20260505-014600,-Orr9KbCWQoh4CVhB7nG,2026-05-05 08:02:55+00:00,1777968175000,22568,27.74953,44.15861,10.00095,83978,True,60.19235,1
20260505-014600,-Orr9NXx4w9_04xacOeE,2026-05-05 08:03:07+00:00,1777968187000,22580,27.75207,44.14534,10.00088,84829,True,55.82378,1
20260505-014600,-Orr9Qy4993GvAMYH9Qn,2026-05-05 08:03:19+00:00,1777968199000,22592,27.75207,44.12135,10.00104,84743,True,54.03661,1
20260505-014600,-Orr9TOobD1c_2C0WZfC,2026-05-05 08:03:31+00:00,1777968211000,22604,27.74953,44.13087,10.00114,84829,True,54.28874,1
20260505-014600,-Orr9WKNbmBYk1Idrzp7,2026-05-05 08:03:43+00:00,1777968223000,22616,27.74953,44.13057,10.00105,85347,True,52.51775,1
20260505-014600,-Orr9ZFdobuuHOxatsLv,2026-05-05 08:03:55+00:00,1777968235000,22628,27.7546,44.14489,10.00131,85087,True,52.33054,1
20260505-014600,-Orr9bCANHFjMwH7sDET,2026-05-05 08:04:07+00:00,1777968247000,22640,27.7546,44.1414,10.0012,85174,True,52.05622,1
20260505-014600,-Orr9e6w7s5pG7coCK0j,2026-05-05 08:04:19+00:00,1777968259000,22652,27.75207,44.10917,10.00136,85087,True,51.85674,1
20260505-014600,-Orr9h2ITDqvOjozuK6_,2026-05-05 08:04:31+00:00,1777968271000,22664,27.7546,44.13248,10.00131,84829,True,52.15672,1
20260505-014600,-Orr9jyhCi-G35YDxg1u,2026-05-05 08:04:43+00:00,1777968283000,22676,27.75207,44.11389,10.00134,85434,True,50.84526,1
20260505-014600,-Orr9muD1OElXBwl_lTS,2026-05-05 08:04:55+00:00,1777968295000,22688,27.74953,44.08797,10.00123,85174,True,50.60297,1
20260505-014600,-Orr9pqJ4kCnzAVtCdhq,2026-05-05 08:05:07+00:00,1777968307000,22700,27.75207,44.14245,10.00137,85001,True,51.69438,1
20260505-014600,-Orr9slSfr_WehyEyhMs,2026-05-05 08:05:19+00:00,1777968319000,22712,27.7546,44.17969,10.00157,85347,True,50.25936,1
20260505-014600,-Orr9vgyGzfSrIBTlFLD,2026-05-05 08:05:31+00:00,1777968331000,22724,27.75207,44.19801,10.00143,85697,True,50.02026,1
20260505-014600,-Orr9ydXSQwFtP6EpNdT,2026-05-05 08:05:43+00:00,1777968343000,22736,27.74953,44.14681,10.00149,85001,True,51.07264,1
20260505-014600,-OrrA0YhXsRvXox-h-xf,2026-05-05 08:05:55+00:00,1777968355000,22748,27.75207,44.17868,10.00162,85522,True,50.02493,1
20260505-014600,-OrrA3VTb3PrnaC2rR5V,2026-05-05 08:06:07+00:00,1777968367000,22760,27.74192,44.19503,10.00125,85174,True,50.66296,1
20260505-014600,-OrrA6PtiawQ19LHQibd,2026-05-05 08:06:19+00:00,1777968379000,22772,27.7546,44.16266,10.00136,85260,True,51.01235,1
20260505-014600,-OrrA9Z0cFMobdu61lVl,2026-05-05 08:06:31+00:00,1777968391000,22784,27.74953,44.14986,10.00125,85347,True,52.4829,1
20260505-014600,-OrrACGpub5HxOsXAWhw,2026-05-05 08:06:43+00:00,1777968403000,22796,27.74953,44.10796,10.00156,85087,True,51.64454,1
20260505-014600,-OrrAFCFXOSVxDS992Hg,2026-05-05 08:06:55+00:00,1777968415000,22808,27.74699,44.09199,10.0015,85872,True,50.12693,1
20260505-014600,-OrrAI7iN9aGarLU_EQk,2026-05-05 08:07:07+00:00,1777968427000,22820,27.75207,44.07618,10.00159,85522,True,50.13346,1
20260505-014600,-OrrAL3HSJNoSumm0b2O,2026-05-05 08:07:19+00:00,1777968439000,22832,27.75207,44.0605,10.00171,85522,True,50.63174,1
20260505-014600,-OrrANzrKjKlXrlHQ-kE,2026-05-05 08:07:31+00:00,1777968451000,22844,27.74446,44.03622,10.00145,85260,True,51.28303,1
20260505-014600,-OrrAQwAQWUQ92pwzSnu,2026-05-05 08:07:43+00:00,1777968463000,22856,27.74699,44.0514,10.00149,85960,True,49.92872,1
20260505-014600,-OrrATquSs_Epm3mjGX1,2026-05-05 08:07:55+00:00,1777968475000,22868,27.74699,44.04704,10.00142,85784,True,50.33714,1
20260505-014600,-OrrAWnB15d_mV-K6cvY,2026-05-05 08:08:07+00:00,1777968487000,22880,27.74446,44.03201,10.00152,85697,True,50.79841,1
20260505-014600,-OrrAZhZwe1ngpxPlNzY,2026-05-05 08:08:19+00:00,1777968499000,22892,27.74953,44.04808,10.00174,85609,True,50.94371,1
20260505-014600,-OrrAbdKHUfm5pOeMwJf,2026-05-05 08:08:31+00:00,1777968511000,22904,27.75967,44.06659,10.00183,86137,True,50.23313,1
20260505-014600,-OrrAe_e7pf-9v6SajDh,2026-05-05 08:08:43+00:00,1777968523000,22916,27.74446,44.13558,10.00164,85872,True,50.32843,1
20260505-014600,-OrrAhVGoQARbdt0MmnZ,2026-05-05 08:08:55+00:00,1777968535000,22928,27.74446,44.07566,10.00152,85784,True,50.29516,1
20260505-014600,-OrrAkQmXrmqESzseH5l,2026-05-05 08:09:07+00:00,1777968547000,22940,27.75207,44.01548,10.00167,85609,True,50.59967,1
20260505-014600,-OrrAnM4f8xqWgqywtr1,2026-05-05 08:09:19+00:00,1777968559000,22952,27.74446,44.1125,10.00146,85872,True,50.03923,1
20260505-014600,-OrrAqH_bZ2xtT3zqlUU,2026-05-05 08:09:31+00:00,1777968571000,22964,27.74192,44.09727,10.00172,86049,True,50.24074,1
20260505-014600,-OrrAuVfHNFJhH92SttN,2026-05-05 08:09:43+00:00,1777968583000,22976,27.74699,44.11968,10.00159,85347,True,51.77839,1
20260505-014600,-OrrAwDUZ8lEZGDAsAiw,2026-05-05 08:09:55+00:00,1777968595000,22989,27.65571,44.8005,10.00165,75160,True,75.98887,1
20260505-014600,-OrrAz9LDMq7ZIX1hLcU,2026-05-05 08:10:07+00:00,1777968607000,23001,27.73432,44.17506,10.00169,81525,True,87.28413,1
20260505-014600,-OrrB14uqHTmtFUX7Ba6,2026-05-05 08:10:19+00:00,1777968619000,23013,27.73939,44.08352,10.00174,83810,True,73.10973,1
20260505-014600,-OrrB4-nKKuUdr5F-Sru,2026-05-05 08:10:31+00:00,1777968631000,23025,27.73685,44.04562,10.00138,84657,True,62.83879,1
20260505-014600,-OrrB6wVJRReHlmbPDPE,2026-05-05 08:10:43+00:00,1777968643000,23037,27.73939,44.0344,10.0017,84915,True,58.73465,1
20260505-014600,-OrrB9rwG549ymWvVYns,2026-05-05 08:10:55+00:00,1777968655000,23049,27.73685,44.0457,10.00145,85347,True,55.20826,1
20260505-014600,-OrrBCneY-kddUNQSBc1,2026-05-05 08:11:07+00:00,1777968667000,23061,27.73432,44.04999,10.00134,85434,True,54.67327,1
20260505-014600,-OrrBFizAPo6Oz214d7p,2026-05-05 08:11:19+00:00,1777968679000,23073,27.73685,44.04449,10.00157,85260,True,54.3615,1
20260505-014600,-OrrBIeNTp-QjdzV5GxC,2026-05-05 08:11:31+00:00,1777968691000,23085,27.73685,44.06925,10.0015,85260,True,54.20654,1
20260505-014600,-OrrBL_pkcC6OQryHZ3J,2026-05-05 08:11:43+00:00,1777968703000,23097,27.73432,44.04168,10.00157,85434,True,53.17912,1
20260505-014600,-OrrBOWoWBaWpVcpUXFl,2026-05-05 08:11:55+00:00,1777968715000,23109,27.74192,43.99311,10.00151,85434,True,52.73267,1
20260505-014600,-OrrBRSc8zYkno_PKSL3,2026-05-05 08:12:07+00:00,1777968727000,23121,27.73685,43.96701,10.00152,86049,True,51.25512,1
20260505-014600,-OrrBUN_9BdB9mjGBbym,2026-05-05 08:12:19+00:00,1777968739000,23133,27.73685,43.98799,10.00162,86137,True,50.67654,1
20260505-014600,-OrrBXItRogOgabjRHxG,2026-05-05 08:12:31+00:00,1777968751000,23145,27.74699,43.95708,10.00173,85784,True,52.30336,1
20260505-014600,-OrrBeja69E5fMZUoDi0,2026-05-05 08:12:43+00:00,1777968763000,23157,27.73685,43.96707,10.00127,86226,True,50.58358,1
20260505-014600,-OrrBfWkaqjm3nRYrOAB,2026-05-05 08:13:09+00:00,1777968789000,23182,27.79691,43.80491,10.00155,86137,True,50.16703,1
20260505-014600,-OrrBiQw3aglAKuF4px1,2026-05-05 08:13:21+00:00,1777968801000,23194,27.70135,44.26066,10.00171,71502,True,158.12956,1
20260505-014600,-OrrBlN0H8zp3-DcAGsn,2026-05-05 08:13:33+00:00,1777968813000,23206,27.71657,44.08621,10.00188,78397,True,127.27113,1
20260505-014600,-OrrBoI6Z7Iw2TwzRzGS,2026-05-05 08:13:45+00:00,1777968825000,23218,27.7115,44.03593,10.00169,81446,True,97.62847,1
20260505-014600,-OrrBqlppINT6Jo28is7,2026-05-05 08:13:55+00:00,1777968835000,23228,27.6481,44.5118,10.00209,75228,True,103.87545,1
20260505-014600,-OrrBthGToStYbqBhZVN,2026-05-05 08:14:07+00:00,1777968847000,23240,27.7115,44.11636,10.00185,80662,True,99.05891,1
20260505-014600,-OrrBwckiqyY1VOpEglS,2026-05-05 08:14:19+00:00,1777968859000,23252,27.72418,44.09068,10.00179,82327,True,82.71044,1
20260505-014600,-OrrBzZ7V9qoeVriz_J7,2026-05-05 08:14:31+00:00,1777968871000,23264,27.72418,44.105,10.00193,83476,True,72.21936,1
20260505-014600,-OrrC1V2UdlOePTaBuo6,2026-05-05 08:14:43+00:00,1777968883000,23276,27.72671,44.05083,10.00195,84231,True,65.78625,1
20260505-014600,-OrrC4Qon1oo86m3F2ps,2026-05-05 08:14:55+00:00,1777968895000,23288,27.72418,44.03478,10.00195,84231,True,62.4713,1
20260505-014600,-OrrC7LugLdv1-9LlaoL,2026-05-05 08:15:07+00:00,1777968907000,23300,27.72924,44.0591,10.00214,84829,True,59.32661,1
20260505-014600,-OrrCAHX8t6z32IAT-wT,2026-05-05 08:15:19+00:00,1777968919000,23312,27.72924,44.07905,10.00214,84915,True,57.70439,1
20260505-014600,-OrrCDCepRVhp1Ms4nuI,2026-05-05 08:15:31+00:00,1777968931000,23324,27.73685,44.10517,10.00222,85087,True,55.2874,1
20260505-014600,-OrrCG8XP10xLjGmZePu,2026-05-05 08:15:43+00:00,1777968943000,23336,27.73432,44.11323,10.00215,85001,True,56.38998,1
20260505-014600,-OrrCJMFrCacdTYoGHP3,2026-05-05 08:15:55+00:00,1777968955000,23348,27.72418,44.13712,10.00211,85087,True,55.5382,1
20260505-014600,-OrrCM-J6M0CRRB5_nCV,2026-05-05 08:16:07+00:00,1777968967000,23360,27.73432,44.10402,10.00218,85087,True,55.28627,1
20260505-014600,-OrrCOvoYHnLtXKyLN0X,2026-05-05 08:16:19+00:00,1777968979000,23372,27.72924,44.0773,10.00214,85174,True,54.49077,1
20260505-014600,-OrrCRrHLAaAx-v-Qc2U,2026-05-05 08:16:31+00:00,1777968991000,23384,27.72671,44.02106,10.00199,85434,True,53.05608,1
20260505-014600,-OrrCUmeIdUKhb8WkbEa,2026-05-05 08:16:43+00:00,1777969003000,23396,27.72924,43.99289,10.00208,85960,True,50.60503,1
20260505-014600,-OrrCXiDPO5vmh7HLdoH,2026-05-05 08:16:55+00:00,1777969015000,23408,27.73432,43.98322,10.00229,85960,True,50.30956,1
20260505-014600,-OrrC_e-iSbA_-AbdJjU,2026-05-05 08:17:07+00:00,1777969027000,23420,27.72924,44.0301,10.00196,85522,True,51.20774,1
20260505-014600,-OrrCcaLUHwoWruDwr6j,2026-05-05 08:17:19+00:00,1777969039000,23432,27.72418,44.03092,10.00213,86137,True,51.0037,1
20260505-014600,-OrrCfW1G3hYE1YqHQwU,2026-05-05 08:17:31+00:00,1777969051000,23444,27.72924,43.97289,10.00224,86049,True,50.93843,1
20260505-014600,-OrrCiRIK4lHKWZnw3xq,2026-05-05 08:17:43+00:00,1777969063000,23456,27.73178,43.95629,10.00248,86137,True,50.0,1
20260505-014600,-OrrClMjsWT6Mb7JTJt1,2026-05-05 08:17:55+00:00,1777969075000,23468,27.72924,43.97775,10.00221,86493,True,49.7687,1
20260505-014600,-OrrCoI5SGdMz851RkXh,2026-05-05 08:18:07+00:00,1777969087000,23480,27.72924,43.97955,10.00208,86404,True,50.0,1
20260505-014600,-OrrCrE0WZyF667fm4Ua,2026-05-05 08:18:19+00:00,1777969099000,23492,27.72671,44.03821,10.0022,86226,True,50.0,1
20260505-014600,-OrrCu9V0ZnHo6RIBW2C,2026-05-05 08:18:31+00:00,1777969111000,23504,27.73178,44.04574,10.00241,85960,True,50.76918,1
20260505-014600,-OrrCx4Z5znHAX4XM6g_,2026-05-05 08:18:43+00:00,1777969123000,23516,27.72418,44.04932,10.00213,86137,True,50.58805,1
20260505-014600,-OrrD-098KQCkpwQqlJF,2026-05-05 08:18:55+00:00,1777969135000,23528,27.72924,44.01995,10.00245,85960,True,51.44353,1
20260505-014600,-OrrD27PQMvg1enRAr53,2026-05-05 08:19:07+00:00,1777969147000,23540,27.72924,43.98557,10.00237,86049,True,50.6168,1
20260505-014600,-OrrD4sTqEcFGjTkLnU9,2026-05-05 08:19:19+00:00,1777969159000,23552,27.72924,43.96077,10.00229,86404,True,50.0,1
20260505-014600,-OrrD7oKmygLJcZA9x6v,2026-05-05 08:19:31+00:00,1777969171000,23564,27.73432,43.92406,10.00255,86315,True,50.30037,1
20260505-014600,-OrrDAjGkGh4VJgWWmU5,2026-05-05 08:19:43+00:00,1777969183000,23576,27.73178,43.96206,10.00227,86226,True,50.85391,1
20260505-014600,-OrrDDfxOFEW5dKfpH3n,2026-05-05 08:19:55+00:00,1777969195000,23588,27.73178,43.96258,10.00242,86315,True,51.82969,1
20260505-014600,-OrrDGaNLxgcEZnq9r1d,2026-05-05 08:20:07+00:00,1777969207000,23600,27.72671,43.97219,10.00225,86137,True,51.62479,1
20260505-014600,-OrrDJa-HY0z67VDb8Yw,2026-05-05 08:20:19+00:00,1777969219000,23612,27.72671,43.96906,10.00225,86762,True,50.31106,1
20260505-014600,-OrrDMSSeikp3dhfRja4,2026-05-05 08:20:31+00:00,1777969231000,23624,27.72671,43.95875,10.00243,86493,True,50.83597,1
20260505-014600,-OrrDPN_O5udTJ0gdT61,2026-05-05 08:20:43+00:00,1777969243000,23636,27.73178,43.87981,10.00242,86762,True,50.0,1
20260505-014600,-OrrDSJ95xPcEZbAeVaQ,2026-05-05 08:20:55+00:00,1777969255000,23648,27.72418,43.90591,10.0023,86672,True,50.0,1
20260505-014600,-OrrDVEpWQkCL0S1HY4b,2026-05-05 08:21:07+00:00,1777969267000,23660,27.72924,43.93356,10.00251,86315,True,51.3423,1
20260505-014600,-OrrDYAVcEypOHJ80lJe,2026-05-05 08:21:19+00:00,1777969279000,23672,27.73178,43.91589,10.00234,86404,True,50.76153,1
20260505-014600,-OrrDa5jdzzcBk3EQl1d,2026-05-05 08:21:31+00:00,1777969291000,23684,27.72924,43.93959,10.00272,86404,True,50.70982,1
20260505-014600,-OrrDd19sPUi70pwpUoS,2026-05-05 08:21:43+00:00,1777969303000,23696,27.72671,43.9492,10.00248,86493,True,50.69163,1
20260505-014600,-OrrDfxev6BQTTQPgL_p,2026-05-05 08:21:55+00:00,1777969315000,23708,27.72164,43.96224,10.00242,86404,True,51.63623,1
20260505-014600,-OrrDitprb7JmCQ0nP8I,2026-05-05 08:22:07+00:00,1777969327000,23720,27.72671,43.92515,10.00245,86493,True,51.31635,1
20260505-014600,-OrrDlz3Ih2xXwf6PSTl,2026-05-05 08:22:19+00:00,1777969339000,23732,27.72418,43.89229,10.00255,86672,True,50.42207,1
20260505-014600,-OrrDok3udDpusK-A_Wu,2026-05-05 08:22:31+00:00,1777969351000,23744,27.72164,43.88034,10.00254,86404,True,51.00774,1
20260505-014600,-OrrDrh7k6FZsiEfyRvK,2026-05-05 08:22:43+00:00,1777969363000,23756,27.72418,43.86977,10.00253,86672,True,50.48206,1
20260505-014600,-OrrDubFDZgDyR64cDC0,2026-05-05 08:22:55+00:00,1777969375000,23768,27.72418,43.88213,10.00276,86226,True,52.21987,1
20260505-014600,-OrrDxXRTwukWO2XD445,2026-05-05 08:23:07+00:00,1777969387000,23780,27.72164,43.86381,10.00265,86493,True,51.22116,1
20260505-014600,-OrrE-TIzx3Zt8fO6OFW,2026-05-05 08:23:19+00:00,1777969399000,23792,27.7191,43.85761,10.0025,87032,True,50.44305,1
20260505-014600,-OrrE2P6frCId4zw1wyX,2026-05-05 08:23:31+00:00,1777969411000,23804,27.71657,43.88706,10.00262,86672,True,50.73526,1
20260505-014600,-OrrE5K9rjgo3SU_TEth,2026-05-05 08:23:43+00:00,1777969423000,23816,27.72418,43.84098,10.00264,86672,True,50.83079,1
20260505-014600,-OrrE8FciTvmauK6Ixw8,2026-05-05 08:23:55+00:00,1777969435000,23828,27.7191,43.86898,10.00264,86762,True,50.44343,1
20260505-014600,-OrrEB4MFDHLykw1sJKr,2026-05-05 08:24:07+00:00,1777969447000,23840,27.63289,44.47104,10.00283,76744,True,73.13656,1
20260505-014600,-OrrEE0SFtXul6J-m3G6,2026-05-05 08:24:19+00:00,1777969459000,23852,27.70642,43.92789,10.00279,82489,True,84.40299,1
20260505-014600,-OrrEGxWOrGSvdBeICI6,2026-05-05 08:24:31+00:00,1777969471000,23864,27.7115,43.87704,10.00291,84572,True,71.12824,1
20260505-014600,-OrrEJrqRH6krdeCZsDg,2026-05-05 08:24:43+00:00,1777969483000,23876,27.71657,43.89219,10.00288,85609,True,62.84885,1
20260505-014600,-OrrEMnihLwYS31obwVq,2026-05-05 08:24:55+00:00,1777969495000,23888,27.71657,43.87601,10.00276,86226,True,57.70712,1
20260505-014600,-OrrEPioBBOdM0PVJ9av,2026-05-05 08:25:07+00:00,1777969507000,23900,27.7115,43.88213,10.00291,85960,True,56.16642,1
20260505-014600,-OrrESezRLPLSeU9EQnr,2026-05-05 08:25:19+00:00,1777969519000,23912,27.71403,43.85996,10.00284,86315,True,54.45731,1
20260505-014600,-OrrEYVetir0YvPelrOw,2026-05-05 08:25:31+00:00,1777969531000,23924,27.71657,43.84634,10.00292,86404,True,53.27464,1
20260505-014600,-OrrEZmP312-SL-KOdCk,2026-05-05 08:25:48+00:00,1777969548000,23941,27.77155,43.69226,10.00298,86315,True,53.36628,1
20260505-014600,-OrrEbhiPOwT_uxsGlM-,2026-05-05 08:26:00+00:00,1777969560000,23953,27.68107,44.05976,10.00314,76047,True,128.24284,1
20260505-014600,-OrrEedztVVk4PyjJgW8,2026-05-05 08:26:12+00:00,1777969572000,23965,27.70135,43.86213,10.0031,81525,True,102.45779,1
20260505-014600,-OrrEhZol5Arv8yMdneS,2026-05-05 08:26:24+00:00,1777969584000,23977,27.70135,43.87048,10.0028,83726,True,80.7468,1
20260505-014600,-OrrEkVltvUUnEx5S5OH,2026-05-05 08:26:36+00:00,1777969596000,23989,27.70135,43.85318,10.0029,84572,True,70.12524,1
20260505-014600,-OrrEnR92hvRm2EV5QmR,2026-05-05 08:26:48+00:00,1777969608000,24001,27.69882,43.86355,10.00276,85434,True,63.24817,1
20260505-014600,-OrrEqMF0XS_mWaIKFA7,2026-05-05 08:27:00+00:00,1777969620000,24013,27.70389,43.84315,10.00288,85347,True,60.60852,1
20260505-014600,-OrrEtJ11i8FSFWbKPbp,2026-05-05 08:27:12+00:00,1777969632000,24025,27.70642,43.8323,10.00286,85872,True,57.76392,1
20260505-014600,-OrrEwDT_uWVm00yX_eB,2026-05-05 08:27:24+00:00,1777969644000,24037,27.70896,43.84288,10.00281,86137,True,54.93363,1
20260505-014600,-OrrEz9JBwpLpf8iai-H,2026-05-05 08:27:36+00:00,1777969656000,24049,27.70896,43.85642,10.00289,86315,True,54.41981,1
20260505-014600,-OrrF14EXAQfao0wubgS,2026-05-05 08:27:48+00:00,1777969668000,24061,27.70896,43.82575,10.00294,86404,True,53.93073,1
20260505-014600,-OrrF4-ebn5bVceB9wqB,2026-05-05 08:28:00+00:00,1777969680000,24073,27.71403,43.78862,10.003,86315,True,53.84419,1
20260505-014600,-OrrF6xQiEn2rl2nOjON,2026-05-05 08:28:12+00:00,1777969692000,24085,27.7115,43.81316,10.00275,86049,True,54.50811,1
20260505-014600,-OrrFA-54EM12pC8zFyv,2026-05-05 08:28:24+00:00,1777969704000,24097,27.7115,43.81533,10.0028,86493,True,54.71374,1
20260505-014600,-OrrFE3xdjWl23ZInHcq,2026-05-05 08:28:36+00:00,1777969716000,24109,27.7115,43.82658,10.00291,86672,True,52.5678,1
20260505-014600,-OrrFF_P8PoydABv3gIa,2026-05-05 08:28:47+00:00,1777969727000,24121,27.62528,44.43433,10.0029,77027,True,74.37875,1
20260505-014600,-OrrFIVsi3zAGSmUiP8r,2026-05-05 08:28:59+00:00,1777969739000,24133,27.70135,43.91486,10.00308,83062,True,82.90288,1
20260505-014600,-OrrFLRDY8J8SL9OIzSI,2026-05-05 08:29:11+00:00,1777969751000,24145,27.70896,43.87001,10.00313,84829,True,70.82085,1
20260505-014600,-OrrFONIc-FxDYn1gdkb,2026-05-05 08:29:23+00:00,1777969763000,24157,27.70135,43.85585,10.00305,85784,True,61.84976,1
20260505-014600,-OrrFRINuURgjopDyhmo,2026-05-05 08:29:35+00:00,1777969775000,24169,27.70135,43.83419,10.0028,85960,True,57.49846,1
20260505-014600,-OrrFUDqaDpzfVj1ZaUT,2026-05-05 08:29:47+00:00,1777969787000,24181,27.70135,43.83179,10.00285,85872,True,56.21659,1
20260505-014600,-OrrFXAQDBdWq0U686g_,2026-05-05 08:29:59+00:00,1777969799000,24193,27.7115,43.79783,10.00315,85784,True,55.5474,1
20260505-014600,-OrrF_4pw42zHqE47cQA,2026-05-05 08:30:11+00:00,1777969811000,24205,27.70896,43.90248,10.00301,86404,True,53.15868,1
20260505-014600,-OrrFc0DhbtTAXAo0aru,2026-05-05 08:30:23+00:00,1777969823000,24217,27.70896,43.89857,10.0032,86137,True,52.45345,1
20260505-014600,-OrrFex5IMi_oVGlfNog,2026-05-05 08:30:35+00:00,1777969835000,24229,27.7115,43.89059,10.00329,87032,True,51.40236,1
20260505-014600,-OrrFhsc5cZYcH9-wM1K,2026-05-05 08:30:47+00:00,1777969847000,24241,27.7115,43.87315,10.003,86583,True,51.73121,1
20260505-014600,-OrrFknyEdtTrUgvbELm,2026-05-05 08:30:59+00:00,1777969859000,24253,27.70896,43.87864,10.0031,86672,True,51.32795,1
20260505-014600,-OrrFnjIeDglcCMC6z5f,2026-05-05 08:31:11+00:00,1777969871000,24265,27.70896,43.88767,10.00319,86583,True,51.47644,1
20260505-014600,-OrrFqegEER_ug4DRAfB,2026-05-05 08:31:23+00:00,1777969883000,24277,27.71657,43.84979,10.00327,86493,True,51.76606,1
20260505-014600,-OrrFtaU-VnziXR92a_B,2026-05-05 08:31:35+00:00,1777969895000,24289,27.7115,43.855,10.00308,86942,True,50.0,1
20260505-014600,-OrrFwfnIvTbLROXxRcK,2026-05-05 08:31:47+00:00,1777969907000,24301,27.71403,43.85274,10.00334,86583,True,50.8975,1
20260505-014600,-OrrFzTd-kOkPzxYdOgb,2026-05-05 08:31:59+00:00,1777969919000,24313,27.70642,43.84222,10.00311,86762,True,50.63227,1
20260505-014600,-OrrG1NnJEKt9YfhRkzA,2026-05-05 08:32:11+00:00,1777969931000,24325,27.70389,43.85966,10.00317,86942,True,50.0,1
20260505-014600,-OrrG4J7Bw_p0JWT4AH3,2026-05-05 08:32:23+00:00,1777969943000,24337,27.70642,43.8546,10.00309,87123,True,50.0,1
20260505-014600,-OrrG7Ff-z1DDOkGLMe9,2026-05-05 08:32:35+00:00,1777969955000,24349,27.70896,43.83436,10.00334,87214,True,50.0,1
20260505-014600,-OrrGAASoYOYbK0vPRnn,2026-05-05 08:32:47+00:00,1777969967000,24361,27.70896,43.81931,10.00327,86852,True,51.26029,1
20260505-014600,-OrrGD6AsfxVA3R8rFgP,2026-05-05 08:32:59+00:00,1777969979000,24373,27.7115,43.80825,10.00347,86942,True,50.80212,1
20260505-014600,-OrrGG1JmWvWXNrFXJxp,2026-05-05 08:33:11+00:00,1777969991000,24385,27.70389,43.83956,10.00323,87670,True,49.66879,2
20260505-014600,-OrrGIx_cQ8kJC3mvHYp,2026-05-05 08:33:23+00:00,1777970003000,24397,27.71403,43.79054,10.00307,86852,True,50.73935,2
20260505-014600,-OrrGLtF-7wcYHN3xsSK,2026-05-05 08:33:35+00:00,1777970015000,24409,27.7115,43.79075,10.00322,87214,True,51.10528,2
20260505-014600,-OrrGOok0W1qKxJan8BK,2026-05-05 08:33:47+00:00,1777970027000,24421,27.70642,43.80718,10.00314,87214,True,50.86281,2
20260505-014600,-OrrGRkOVZf37T4ljaDF,2026-05-05 08:33:59+00:00,1777970039000,24433,27.70896,43.80912,10.00296,87214,True,50.42887,2
20260505-014600,-OrrGUfwtIUC3UIt-A93,2026-05-05 08:34:11+00:00,1777970051000,24445,27.70642,43.78539,10.00307,87123,True,50.43653,2
20260505-014600,-OrrGXbAnSmVRfgCvjP3,2026-05-05 08:34:23+00:00,1777970063000,24457,27.70896,43.77084,10.00324,87214,True,50.62017,2
20260505-014600,-OrrG_Xet_trrSh68zgZ,2026-05-05 08:34:35+00:00,1777970075000,24469,27.69628,43.79379,10.00291,87214,True,50.83094,2
20260505-014600,-OrrGcTfQWWCHMmKgGD4,2026-05-05 08:34:47+00:00,1777970087000,24481,27.70896,43.77438,10.00308,87123,True,51.0066,2
20260505-014600,-OrrGfXLRu5UWgj8B3KH,2026-05-05 08:34:59+00:00,1777970099000,24493,27.70642,43.78575,10.0032,87305,True,50.75408,2
20260505-014600,-OrrGiKMdxBri410JcrY,2026-05-05 08:35:11+00:00,1777970111000,24505,27.70642,43.77588,10.00297,87032,True,51.55696,2
20260505-014600,-OrrGlFhpCBis-DP24vK,2026-05-05 08:35:23+00:00,1777970123000,24517,27.70896,43.74483,10.00301,87305,True,50.6195,2
20260505-014600,-OrrGoBJj3mCzuwn4uub,2026-05-05 08:35:35+00:00,1777970135000,24529,27.70642,43.69904,10.00299,87487,True,50.84383,3
20260505-014600,-OrrGr6ZQIuIgT0019V6,2026-05-05 08:35:47+00:00,1777970147000,24541,27.70389,43.69941,10.00296,87396,True,50.62421,3
20260505-014600,-OrrGu2MJnTqnARkRyXY,2026-05-05 08:35:59+00:00,1777970159000,24553,27.70642,43.70871,10.00307,87032,True,51.11525,2
20260505-014600,-OrrGwz6qQcAEaE7PGUC,2026-05-05 08:36:11+00:00,1777970171000,24565,27.70135,43.70808,10.00297,87578,True,50.28079,2
20260505-014600,-OrrGzuL9tc3j1dyGKOo,2026-05-05 08:36:23+00:00,1777970183000,24577,27.70135,43.71555,10.00296,87854,True,49.59249,2
20260505-014600,-OrrH1phuynXvmbb5gMq,2026-05-05 08:36:35+00:00,1777970195000,24589,27.70642,43.75175,10.00309,87762,True,50.89766,2
20260505-014600,-OrrH4lDGLnJ6PqZAJNP,2026-05-05 08:36:47+00:00,1777970207000,24601,27.69882,43.77409,10.00288,87214,True,52.01487,2
20260505-014600,-OrrH7goXKjPZHjuqCGL,2026-05-05 08:36:59+00:00,1777970219000,24613,27.70389,43.77825,10.00302,87487,True,51.95807,2
20260505-014600,-OrrHAcC26XoWnXm0DOi,2026-05-05 08:37:11+00:00,1777970231000,24625,27.70135,43.75285,10.00276,87214,True,52.24185,2
20260505-014600,-OrrHDYqTFVtL3Mn7PxC,2026-05-05 08:37:23+00:00,1777970243000,24637,27.70135,43.75845,10.00312,87214,True,52.53149,2
20260505-014600,-OrrHGU5J2lo2fLtQZhI,2026-05-05 08:37:35+00:00,1777970255000,24649,27.69375,43.75961,10.0028,87578,True,51.31276,3
20260505-014600,-OrrHJPfvqyroVeF_c_i,2026-05-05 08:37:47+00:00,1777970267000,24661,27.70135,43.75626,10.00335,87214,True,52.56747,3
20260505-014600,-OrrHMLfPexKl4wBKICK,2026-05-05 08:37:59+00:00,1777970279000,24673,27.69628,43.76225,10.00318,87487,True,51.4665,3
20260505-014600,-OrrHPQzSZ1w0jNl1nDZ,2026-05-05 08:38:11+00:00,1777970291000,24685,27.69628,43.78753,10.00316,86942,True,51.89227,3
20260505-014600,-OrrHSCocoJCSI52M9RY,2026-05-05 08:38:23+00:00,1777970303000,24697,27.70135,43.7645,10.00335,87946,True,50.71644,3
20260505-014600,-OrrHV7rNvyA56dJVlT-,2026-05-05 08:38:35+00:00,1777970315000,24709,27.69882,43.78287,10.00341,87396,True,50.86614,3
20260505-014600,-OrrHY3EYo5btMoq9GBo,2026-05-05 08:38:47+00:00,1777970327000,24721,27.70135,43.74983,10.00336,87214,True,51.42429,3
20260505-014600,-OrrHa-G5RTuy5EXPcua,2026-05-05 08:38:59+00:00,1777970339000,24733,27.69882,43.79639,10.00323,87396,True,51.28062,3
20260505-014600,-OrrHcvT7WLOnrN_dEpg,2026-05-05 08:39:11+00:00,1777970351000,24745,27.69882,43.82457,10.00297,87032,True,52.2218,3
20260505-014600,-OrrHfqaBn1QaloQpxKH,2026-05-05 08:39:23+00:00,1777970363000,24757,27.69882,43.8545,10.00313,87396,True,52.31011,3
20260505-014600,-OrrHimJ19w7mBsdso5k,2026-05-05 08:39:35+00:00,1777970375000,24769,27.70135,43.83222,10.00336,87487,True,50.98045,3
20260505-014600,-OrrHlh_QyuTWgPgqu-H,2026-05-05 08:39:47+00:00,1777970387000,24781,27.69375,43.81712,10.00291,86942,True,52.79654,3
20260505-014600,-OrrHodkAauQD4Yqag-D,2026-05-05 08:39:59+00:00,1777970399000,24793,27.69882,43.80048,10.00308,87396,True,52.3689,3
20260505-014600,-OrrHr_TdLmnF0VXdUIA,2026-05-05 08:40:11+00:00,1777970411000,24805,27.69628,43.81703,10.00325,87214,True,52.77931,3
20260505-014600,-OrrHuVGDXCdwQLgWlWc,2026-05-05 08:40:23+00:00,1777970423000,24817,27.69628,43.81062,10.00337,87396,True,52.3837,3
20260505-014600,-OrrHxQoiwvfaSAotJI4,2026-05-05 08:40:35+00:00,1777970435000,24829,27.69628,43.77166,10.00318,87305,True,51.67358,3
20260505-014600,-OrrI-MFqfsjQyWicvlh,2026-05-05 08:40:47+00:00,1777970447000,24841,27.69882,43.75529,10.00325,87214,True,52.4763,3
20260505-014600,-OrrI2INRJ7rUo_qr2-w,2026-05-05 08:40:59+00:00,1777970459000,24853,27.69628,43.79904,10.00335,87214,True,51.81231,3
20260505-014600,-OrrI5D-IZk_K9iCw-tB,2026-05-05 08:41:11+00:00,1777970471000,24865,27.68867,43.82001,10.00297,87487,True,50.91014,3
20260505-014600,-OrrI8p5ENh4uBseHw8s,2026-05-05 08:41:23+00:00,1777970483000,24877,27.69121,43.83037,10.00308,87305,True,51.95561,3
20260505-014600,-OrrIB7qMSt2_jdHFnjR,2026-05-05 08:41:35+00:00,1777970495000,24889,27.68867,43.83817,10.00316,87670,True,50.6318,3
20260505-014600,-OrrIE-yhyB3YiqGeQDC,2026-05-05 08:41:47+00:00,1777970507000,24901,27.69375,43.86057,10.0034,86942,True,52.17751,3
20260505-014600,-OrrIGwF62ExIZAHk_-j,2026-05-05 08:41:59+00:00,1777970519000,24913,27.68614,43.82535,10.00338,87578,True,50.52836,3
20260505-014600,-OrrIJggH3m2psCnq_0Q,2026-05-05 08:42:11+00:00,1777970531000,24924,27.7469,43.65471,10.00345,87487,True,50.56442,3
20260505-014600,-OrrIMcjVVzTiTtR0cOa,2026-05-05 08:42:23+00:00,1777970543000,24936,27.67346,43.92978,10.00358,81052,True,96.93825,3
20260505-014600,-OrrIPYthlaHky72h-Ml,2026-05-05 08:42:35+00:00,1777970555000,24948,27.68361,43.78871,10.00338,84147,True,82.05954,3
20260505-014600,-OrrISUPcUec2d75psfR,2026-05-05 08:42:47+00:00,1777970567000,24960,27.68614,43.79233,10.00324,85434,True,69.31957,3
20260505-014600,-OrrIVPh1i6RLLUEDv-t,2026-05-05 08:42:59+00:00,1777970579000,24972,27.68614,43.79545,10.00356,86137,True,62.83834,3
20260505-014600,-OrrIYOyQMEObiczfo-w,2026-05-05 08:43:11+00:00,1777970591000,24984,27.68867,43.77077,10.0036,86583,True,58.66362,3
20260505-014600,-OrrIaGhxrI1O4NpGKut,2026-05-05 08:43:23+00:00,1777970603000,24996,27.68614,43.73993,10.00358,86672,True,56.59652,3
20260505-014600,-OrrIdC436cJY7Y9FeVK,2026-05-05 08:43:35+00:00,1777970615000,25008,27.68361,43.70328,10.0035,86762,True,54.974,3
20260505-014600,-OrrIg7utANX_fffSvC5,2026-05-05 08:43:47+00:00,1777970627000,25020,27.68614,43.70324,10.00361,86942,True,53.93541,3
20260505-014600,-OrrIj3ICYueNcYJhmon,2026-05-05 08:43:59+00:00,1777970639000,25032,27.69121,43.69753,10.0035,86583,True,54.00426,3
20260505-014600,-OrrIlz_qhHCJrJ_OuOA,2026-05-05 08:44:11+00:00,1777970651000,25044,27.69121,43.72089,10.00364,87487,True,52.8847,3
20260505-014600,-OrrIovXojhOVbftw0_3,2026-05-05 08:44:23+00:00,1777970663000,25056,27.69121,43.68454,10.00371,87305,True,52.21732,3
20260505-014600,-OrrIrwApck1J0ICzUEa,2026-05-05 08:44:35+00:00,1777970675000,25068,27.69121,43.63959,10.0036,87123,True,51.9501,3
20260505-014600,-OrrIumHU5yDQ30kwtuN,2026-05-05 08:44:47+00:00,1777970687000,25080,27.68361,43.68369,10.00361,87578,True,51.21019,3
20260505-014600,-OrrIxiPnJWI8Offmh4M,2026-05-05 08:44:59+00:00,1777970699000,25092,27.69121,43.65221,10.00378,87578,True,51.09687,3
20260505-014600,-OrrJ-m3mCUynUM4nZnE,2026-05-05 08:45:11+00:00,1777970711000,25104,27.69121,43.73413,10.00385,87670,True,51.24213,3
20260505-014600,-OrrJ2Zcj7i5wE_YYue2,2026-05-05 08:45:23+00:00,1777970723000,25116,27.68867,43.74178,10.00385,87762,True,50.60889,3
20260505-014600,-OrrJ5V4kWlCVVMrm7pW,2026-05-05 08:45:35+00:00,1777970735000,25128,27.68614,43.70728,10.00368,87396,True,51.37794,3
20260505-014600,-OrrJ8R6kqcoIQNTdlkI,2026-05-05 08:45:47+00:00,1777970747000,25140,27.68361,43.68451,10.00354,87762,True,51.46265,3
20260505-014600,-OrrJBM979CMvRDgtsZ5,2026-05-05 08:45:59+00:00,1777970759000,25152,27.68107,43.71031,10.00357,87762,True,51.26217,3
20260505-014600,-OrrJEHbxlRQTh5SUuM6,2026-05-05 08:46:11+00:00,1777970771000,25164,27.68107,43.73182,10.00364,87578,True,50.75702,3
20260505-014600,-OrrJHCtFnXoK8dXVFwk,2026-05-05 08:46:23+00:00,1777970783000,25176,27.68361,43.76909,10.00375,87762,True,51.11729,3
20260505-014600,-OrrJK8jZTEWDWUaeh8s,2026-05-05 08:46:35+00:00,1777970795000,25188,27.68361,43.78092,10.00375,87578,True,50.87342,3
20260505-014600,-OrrJN5k84K22p8257f9,2026-05-05 08:46:47+00:00,1777970807000,25200,27.68107,43.74509,10.00386,87305,True,51.71287,3
20260505-014600,-OrrJQ-c3hSumU3fbtCO,2026-05-05 08:46:59+00:00,1777970819000,25212,27.67853,43.68557,10.00372,87762,True,50.66381,3
20260505-014600,-OrrJSwArbOzHtHvtwji,2026-05-05 08:47:11+00:00,1777970831000,25224,27.67853,43.69901,10.0037,87854,True,50.06975,3
20260505-014600,-OrrJVrV2lAL1c2p0-BW,2026-05-05 08:47:23+00:00,1777970843000,25236,27.67853,43.63662,10.00391,87578,True,50.49574,2
20260505-014600,-OrrJYnhYNVeQ6Gj5WtL,2026-05-05 08:47:35+00:00,1777970855000,25248,27.68361,43.59988,10.00405,87487,True,51.4339,2
20260505-014600,-OrrJdGDBCQlX0J-39Hp,2026-05-05 08:47:47+00:00,1777970867000,25260,27.68107,43.59289,10.00383,88039,True,50.09092,2
20260505-014600,-OrrJe2FHVmCUE20b6SQ,2026-05-05 08:48:00+00:00,1777970880000,25273,27.73638,43.45805,10.00402,87670,True,50.46881,2
20260505-014600,-OrrJgxI3ex2xYo2AoLH,2026-05-05 08:48:12+00:00,1777970892000,25285,27.65064,43.85868,10.0038,79664,True,107.57309,2
20260505-014600,-OrrJjt0HXxWsN_eBz4N,2026-05-05 08:48:24+00:00,1777970904000,25297,27.66332,43.67186,10.00397,83978,True,89.03065,2
20260505-014600,-OrrJmoQcReDec5Nq7mw,2026-05-05 08:48:36+00:00,1777970916000,25309,27.66839,43.64275,10.0037,85347,True,72.8224,3
20260505-014600,-OrrJpjqt_iYZv44Rayf,2026-05-05 08:48:48+00:00,1777970928000,25321,27.66839,43.65711,10.00373,86226,True,64.50493,3
20260505-014600,-OrrJsgHmavWJqV2Hj4Y,2026-05-05 08:49:00+00:00,1777970940000,25333,27.67346,43.67698,10.00374,86762,True,59.59178,3
20260505-014600,-OrrJvakuBXp5XINF0as,2026-05-05 08:49:12+00:00,1777970952000,25345,27.676,43.66878,10.00415,87123,True,56.24933,3
20260505-014600,-OrrJyXSFc-Z2rSpzyAh,2026-05-05 08:49:24+00:00,1777970964000,25357,27.67346,43.67604,10.00413,87396,True,54.61971,3
20260505-014600,-OrrK0SsmEcRrkNKKrXg,2026-05-05 08:49:36+00:00,1777970976000,25369,27.67346,43.72108,10.00401,87396,True,54.26398,3
20260505-014600,-OrrK3OKQdVOjNNpVwSI,2026-05-05 08:49:48+00:00,1777970988000,25381,27.676,43.72184,10.00396,87762,True,51.77879,3
20260505-014600,-OrrK6KReVXx9cBhae0z,2026-05-05 08:50:00+00:00,1777971000000,25393,27.676,43.72267,10.0038,87305,True,52.76638,3
20260505-014600,-OrrK9FNdvvBGFFTytdH,2026-05-05 08:50:12+00:00,1777971012000,25405,27.67093,43.7314,10.00398,87487,True,52.28497,3
20260505-014600,-OrrKCB1tgs4dULJBvzz,2026-05-05 08:50:24+00:00,1777971024000,25417,27.67853,43.69165,10.00412,87396,True,52.39315,3
20260505-014600,-OrrKFBlXmO5CRabDLM8,2026-05-05 08:50:36+00:00,1777971036000,25429,27.68107,43.66048,10.00422,87854,True,50.75842,3
20260505-014600,-OrrKIIZ_i9e3hyStmdu,2026-05-05 08:50:48+00:00,1777971048000,25441,27.67093,43.67672,10.00397,87578,True,51.12891,2
20260505-014600,-OrrKKzWNVoPuisRyUKu,2026-05-05 08:51:00+00:00,1777971060000,25453,27.67853,43.66451,10.00419,88039,True,50.07544,2
20260505-014600,-OrrKNtsD_UAeklsRq4S,2026-05-05 08:51:12+00:00,1777971072000,25465,27.67853,43.64503,10.00405,88039,True,50.26466,2
20260505-014600,-OrrKQpgSW4UsPBFjpWB,2026-05-05 08:51:24+00:00,1777971084000,25477,27.67853,43.68581,10.00386,87670,True,51.25264,2
20260505-014600,-OrrKTl9wNO-UauncM-g,2026-05-05 08:51:36+00:00,1777971096000,25489,27.676,43.71472,10.00412,87946,True,50.05539,2
20260505-014600,-OrrKWgOR0zvf74qfwun,2026-05-05 08:51:48+00:00,1777971108000,25501,27.68361,43.69351,10.00428,87578,True,50.81041,2
20260505-014600,-OrrKZcT6cDVeL-VmIG6,2026-05-05 08:52:00+00:00,1777971120000,25513,27.66839,43.70721,10.00386,87854,True,50.26609,2
20260505-014600,-OrrKbYLPZSlQnf0U6VN,2026-05-05 08:52:12+00:00,1777971132000,25525,27.67346,43.65063,10.00425,88131,True,50.43044,2
20260505-014600,-OrrKeTmvPGiC1LJI7Ls,2026-05-05 08:52:24+00:00,1777971144000,25537,27.66839,43.66781,10.00407,87946,True,50.57658,2
20260505-014600,-OrrKhPczsBMl1KL0FUC,2026-05-05 08:52:36+00:00,1777971156000,25549,27.67853,43.6404,10.00433,87762,True,51.08252,2
20260505-014600,-OrrKkL-9Scgsied-jTs,2026-05-05 08:52:48+00:00,1777971168000,25561,27.67346,43.65909,10.00417,88039,True,50.12809,2
20260505-014600,-OrrKnGZXMTVckCI4mLY,2026-05-05 08:53:00+00:00,1777971180000,25573,27.676,43.64298,10.00449,87762,True,51.36028,2
20260505-014600,-OrrKqCCLsbK1ubWx9fY,2026-05-05 08:53:12+00:00,1777971192000,25585,27.67346,43.66339,10.00429,87854,True,50.47581,3
20260505-014600,-OrrKt7QJxYBHDQutifE,2026-05-05 08:53:24+00:00,1777971204000,25597,27.67346,43.67313,10.00445,87946,True,50.91118,3
20260505-014600,-OrrKw30LwsdV5OAvUNO,2026-05-05 08:53:36+00:00,1777971216000,25609,27.67853,43.67123,10.0046,87946,True,50.14169,3
20260505-014600,-OrrKyzF8tzlBXssFqAB,2026-05-05 08:53:48+00:00,1777971228000,25621,27.66585,43.68331,10.00448,88317,True,50.03092,3
20260505-014600,-OrrL1MJzB-3SFSyqODv,2026-05-05 08:54:00+00:00,1777971240000,25633,27.67346,43.67535,10.00461,88317,True,49.81974,2
20260505-014600,-OrrL3qJJI2gQdGm9JN4,2026-05-05 08:54:12+00:00,1777971252000,25645,27.67093,43.68668,10.00451,88039,True,51.14049,2
20260505-014600,-OrrL6lrzwezFlFcHbhv,2026-05-05 08:54:24+00:00,1777971264000,25657,27.676,43.66934,10.00454,88131,True,51.43156,2
20260505-014600,-OrrL9hHWMN75kTxJmB6,2026-05-05 08:54:36+00:00,1777971276000,25669,27.67093,43.6797,10.00435,88039,True,51.05191,2
20260505-014600,-OrrLCd9yux3lHAMa889,2026-05-05 08:54:48+00:00,1777971288000,25681,27.67346,43.68555,10.00478,88317,True,50.81479,2
20260505-014600,-OrrLFZXO-ruFImssPa3,2026-05-05 08:55:00+00:00,1777971300000,25693,27.66839,43.65658,10.00438,88039,True,51.65602,3
20260505-014600,-OrrLIUcRB_xf0GO-W9a,2026-05-05 08:55:12+00:00,1777971312000,25705,27.66332,43.6448,10.00429,87854,True,51.68504,3
20260505-014600,-OrrLLQKH5EMZt6D4AxW,2026-05-05 08:55:24+00:00,1777971324000,25717,27.66839,43.63627,10.00445,88317,True,50.48114,3
20260505-014600,-OrrLOLkOKBq2rqm-rcn,2026-05-05 08:55:36+00:00,1777971336000,25729,27.67093,43.65423,10.00457,88224,True,51.23053,3
20260505-014600,-OrrLRHaIFXr9dboQAud,2026-05-05 08:55:48+00:00,1777971348000,25741,27.66332,43.6659,10.0045,88504,True,49.91766,2
20260505-014600,-OrrLUCv19rLz7JR9sRw,2026-05-05 08:56:00+00:00,1777971360000,25753,27.66585,43.62672,10.00464,88039,True,51.2679,2
20260505-014600,-OrrLXEKqkUxndlbR3xo,2026-05-05 08:56:12+00:00,1777971372000,25766,27.64557,43.86577,10.00453,83062,True,71.8725,2
20260505-014600,-OrrL_9KMwK26uguo-0M,2026-05-05 08:56:24+00:00,1777971384000,25778,27.66078,43.6381,10.00458,86404,True,68.60153,2
20260505-014600,-OrrLc5BLZF3UzClu4sg,2026-05-05 08:56:36+00:00,1777971396000,25790,27.66078,43.60153,10.00451,87214,True,60.91533,2
20260505-014600,-OrrLf0HUGQH3Ci_O7L0,2026-05-05 08:56:48+00:00,1777971408000,25802,27.66078,43.58985,10.00463,87762,True,56.17162,2
20260505-014600,-OrrLi20-7MvoG7BjhTs,2026-05-05 08:57:00+00:00,1777971420000,25814,27.66332,43.56931,10.00474,88224,True,53.65352,3
20260505-014600,-OrrLksEe-FuN8uQR1y9,2026-05-05 08:57:12+00:00,1777971432000,25826,27.66332,43.56344,10.0046,88317,True,52.2011,3
20260505-014600,-OrrLnuvNKlZ7HDzvV8-,2026-05-05 08:57:25+00:00,1777971445000,25838,27.57204,44.24235,10.00467,76956,True,76.44759,3
20260505-014600,-OrrLqqD6PFp1tMTkF-8,2026-05-05 08:57:37+00:00,1777971457000,25850,27.6481,43.70752,10.00471,83393,True,88.31911,3
20260505-014600,-OrrLtl_4kAKDkeSMCE6,2026-05-05 08:57:49+00:00,1777971469000,25862,27.65825,43.61189,10.00463,86137,True,73.45913,3
20260505-014600,-OrrLwhX7rO9b0eNNhqk,2026-05-05 08:58:01+00:00,1777971481000,25874,27.66078,43.55987,10.00451,87123,True,62.86132,3
20260505-014600,-OrrLzcZ1DJTgu3HA9Gm,2026-05-05 08:58:13+00:00,1777971493000,25886,27.65571,43.54506,10.00448,87214,True,58.4819,3
20260505-014600,-OrrM1d6hk3FG_GwlpVx,2026-05-05 08:58:25+00:00,1777971505000,25898,27.66839,43.54052,10.0047,87578,True,56.2886,3
20260505-014600,-OrrM4UZiaEtsSbzt2iN,2026-05-05 08:58:37+00:00,1777971517000,25910,27.65825,43.58242,10.00456,88131,True,54.31213,3
20260505-014600,-OrrM7QHYDF1W5JTmT6V,2026-05-05 08:58:49+00:00,1777971529000,25922,27.66585,43.53396,10.0048,87487,True,54.94016,3
20260505-014600,-OrrMALaXaK1vYvGEHKX,2026-05-05 08:59:01+00:00,1777971541000,25934,27.66585,43.52938,10.00475,87762,True,53.84635,3
20260505-014600,-OrrMDHjfAXCH4ESUqGw,2026-05-05 08:59:13+00:00,1777971553000,25946,27.65825,43.54079,10.00457,88224,True,52.88148,3
20260505-014600,-OrrMGD1jZRKuxjmXWI7,2026-05-05 08:59:25+00:00,1777971565000,25958,27.66078,43.53662,10.0046,88039,True,51.6668,3
20260505-014600,-OrrMJ8LIDNhBMBoA5AY,2026-05-05 08:59:37+00:00,1777971577000,25970,27.66332,43.52934,10.00473,88504,True,50.9471,3
20260505-014600,-OrrMM3gPhxLOM8YaYUk,2026-05-05 08:59:49+00:00,1777971589000,25982,27.65825,43.54159,10.00459,88504,True,50.18048,3
20260505-014600,-OrrMPZcV1JhQKy3AOSH,2026-05-05 09:00:01+00:00,1777971601000,25994,27.66332,43.54401,10.00473,88039,True,51.15927,2
20260505-014600,-OrrMRw9UZ5utClKGqt7,2026-05-05 09:00:13+00:00,1777971613000,26006,27.65825,43.56689,10.00477,88504,True,50.74421,2
20260505-014600,-OrrMUrM-F1hRnfPugOL,2026-05-05 09:00:25+00:00,1777971625000,26018,27.65825,43.54255,10.00454,88224,True,51.21645,2
20260505-014600,-OrrMXmourcIN-i5zGS1,2026-05-05 09:00:37+00:00,1777971637000,26030,27.66332,43.5354,10.00478,88317,True,51.32716,2
20260505-014600,-OrrM_i0PnwPPIg9SORl,2026-05-05 09:00:49+00:00,1777971649000,26042,27.66078,43.50957,10.00465,88504,True,50.3975,2
20260505-014600,-OrrMcdNGYbCHVJF9e8R,2026-05-05 09:01:01+00:00,1777971661000,26054,27.66332,43.5291,10.00467,88131,True,51.66371,3
20260505-014600,-OrrMf_3SJ-kzAZUJoYr,2026-05-05 09:01:13+00:00,1777971673000,26066,27.66332,43.51173,10.00481,88598,True,50.34071,3
20260505-014600,-OrrMiX_m9uupnYlhfex,2026-05-05 09:01:25+00:00,1777971685000,26078,27.66078,43.50837,10.00477,88691,True,50.0,2
20260505-014600,-OrrMlRQhdwl0gbzsgyL,2026-05-05 09:01:37+00:00,1777971697000,26090,27.65571,43.54045,10.00474,88317,True,50.75475,2
20260505-014600,-OrrMoMbeR5U6gyDC0cq,2026-05-05 09:01:49+00:00,1777971709000,26102,27.65318,43.63706,10.00476,88411,True,51.63965,2
20260505-014600,-OrrMrI2G7qv1eHLs2Al,2026-05-05 09:02:01+00:00,1777971721000,26114,27.66078,43.64083,10.00482,88317,True,51.9272,2
20260505-014600,-OrrMuDfgn0dg_zA_e1A,2026-05-05 09:02:13+00:00,1777971733000,26126,27.66332,43.7031,10.00474,87946,True,53.20309,2
20260505-014600,-OrrMx94AqTmWwcF6zsg,2026-05-05 09:02:25+00:00,1777971745000,26138,27.66332,43.73409,10.00474,87946,True,53.76942,2
20260505-014600,-OrrN-4RKGUhbVGmQ5Ta,2026-05-05 09:02:37+00:00,1777971757000,26150,27.67346,43.75773,10.00487,88039,True,53.23711,3
20260505-014600,-OrrN20BFkNvRQeiOX6s,2026-05-05 09:02:49+00:00,1777971769000,26162,27.676,43.78611,10.00489,88039,True,52.73589,3
20260505-014600,-OrrN4wWwtwcdbwd8btM,2026-05-05 09:03:01+00:00,1777971781000,26174,27.66585,43.86,10.00471,87578,True,53.74992,3
20260505-014600,-OrrN7ylX8PQD_i1q-DN,2026-05-05 09:03:13+00:00,1777971793000,26186,27.66078,43.86523,10.00468,88131,True,52.90049,3
20260505-014600,-OrrNAnovoJCO5_OgIB-,2026-05-05 09:03:25+00:00,1777971805000,26198,27.66332,43.92919,10.00471,87946,True,52.8977,3
20260505-014600,-OrrNDj29nmvjCVUp-3z,2026-05-05 09:03:37+00:00,1777971817000,26210,27.66332,43.94277,10.00457,87578,True,53.34837,3
20260505-014600,-OrrNGew5Z6sONLGGGcy,2026-05-05 09:03:49+00:00,1777971829000,26222,27.66332,44.09812,10.00459,87487,True,54.34965,3
20260505-014600,-OrrNJa-oSVp9FDutmHG,2026-05-05 09:04:01+00:00,1777971841000,26234,27.66585,44.07224,10.00466,87487,True,54.40191,3
20260505-014600,-OrrNMW_Kp_3JnliaupB,2026-05-05 09:04:13+00:00,1777971853000,26246,27.66839,44.06568,10.00458,87396,True,54.02862,3
20260505-014600,-OrrNPSONX9vW_dRetOc,2026-05-05 09:04:25+00:00,1777971865000,26258,27.67346,44.15873,10.00471,87396,True,54.46437,3
20260505-014600,-OrrNSO-ft4ZGBZoDAjE,2026-05-05 09:04:37+00:00,1777971877000,26270,27.67093,44.25644,10.00485,87123,True,55.17851,3
20260505-014600,-OrrNVJHrLwu6_VjeRJe,2026-05-05 09:04:49+00:00,1777971889000,26282,27.66585,44.29351,10.00459,86852,True,55.70135,3
20260505-014600,-OrrNYEiBivHUT9Disk2,2026-05-05 09:05:01+00:00,1777971901000,26294,27.67346,44.35161,10.0048,87214,True,54.58302,3
20260505-014600,-OrrNaA2PONRRFbspGXY,2026-05-05 09:05:13+00:00,1777971913000,26306,27.66839,44.51805,10.00474,86762,True,55.03761,3
20260505-014600,-OrrNd5cuj2AFgRKslQ_,2026-05-05 09:05:25+00:00,1777971925000,26318,27.66078,44.59838,10.00461,86493,True,55.30649,3
20260505-014600,-OrrNg17Vh3DU4-PL3E3,2026-05-05 09:05:37+00:00,1777971937000,26330,27.66839,44.60617,10.00477,86315,True,56.30543,3
20260505-014600,-OrrNixp_7DkCh-Vfx9J,2026-05-05 09:05:49+00:00,1777971949000,26342,27.66585,44.42133,10.00461,86942,True,54.57211,3
20260505-014600,-OrrNlt96yvfi_m-3rFv,2026-05-05 09:06:01+00:00,1777971961000,26354,27.66078,44.40494,10.00472,86942,True,53.61002,3
20260505-014600,-OrrNoodNeLbZbFg0iGs,2026-05-05 09:06:13+00:00,1777971973000,26366,27.66332,44.34055,10.0048,87032,True,53.79899,3
20260505-014600,-OrrOD55YQhOHX1EHR5D,2026-05-05 09:07:50+00:00,1777972070000,26463,27.57204,44.87903,10.00506,57667,True,273.14017,2
20260505-014600,-OrrOEakC8imbozJm-nH,2026-05-05 09:08:03+00:00,1777972083000,26476,27.50357,45.25133,10.00479,57156,True,275.58023,2
20260505-014600,-OrrOHWV_PHRzaUbSeey,2026-05-05 09:08:15+00:00,1777972095000,26488,27.59232,44.66141,10.00496,69370,True,219.03668,2
20260505-014600,-OrrOKSuOGuT1AOqqIMB,2026-05-05 09:08:27+00:00,1777972107000,26500,27.61261,44.59361,10.00527,74891,True,161.91974,2
20260505-014600,-OrrONNbvkjC8BH0u0jl,2026-05-05 09:08:39+00:00,1777972119000,26512,27.61261,44.48209,10.00504,78104,True,126.66495,2
20260505-014600,-OrrOQIugfJ4HdxBauR8,2026-05-05 09:08:51+00:00,1777972131000,26524,27.61261,44.4152,10.00502,80198,True,106.73947,2
20260505-014600,-OrrOTEbLEsI_4KMgq_C,2026-05-05 09:09:03+00:00,1777972143000,26536,27.62275,44.34858,10.00524,81844,True,92.47519,2
20260505-014600,-OrrOWA0aup2e3hUieXN,2026-05-05 09:09:15+00:00,1777972155000,26548,27.62782,44.36825,10.00537,83144,True,83.35821,2
20260505-014600,-OrrOZthgoYYwdWXBd34,2026-05-05 09:09:27+00:00,1777972167000,26560,27.63036,44.39429,10.00537,83642,True,77.77866,3
20260505-014600,-OrrOb7X3Ds5evnQ_mvi,2026-05-05 09:09:39+00:00,1777972179000,26572,27.60246,44.6258,10.00532,79212,True,94.6696,3
20260505-014600,-OrrOe3XPsp45VhTrVzf,2026-05-05 09:09:51+00:00,1777972191000,26584,27.62528,44.31886,10.00551,82408,True,89.17844,3
20260505-014600,-OrrOgzgn92EGxdZpeno,2026-05-05 09:10:03+00:00,1777972203000,26596,27.62528,44.22495,10.00533,84231,True,78.14918,3
20260505-014600,-OrrOjujTE9XmdaS12Qw,2026-05-05 09:10:15+00:00,1777972215000,26608,27.63289,44.18393,10.00543,84486,True,73.03862,3
20260505-014600,-OrrOmqOWOKYOny6zKuV,2026-05-05 09:10:27+00:00,1777972227000,26620,27.63289,44.27255,10.00531,84743,True,69.45187,3
20260505-014600,-OrrOpll0alVMaCCFucf,2026-05-05 09:10:39+00:00,1777972239000,26632,27.63036,44.36948,10.0055,85260,True,67.60751,3
20260505-014600,-OrrOshFghpS5GaKV1y5,2026-05-05 09:10:51+00:00,1777972251000,26644,27.63543,44.33861,10.00558,85174,True,65.89813,3
20260505-014600,-OrrOvdZJ3nB7tkKY_pC,2026-05-05 09:11:03+00:00,1777972263000,26656,27.63796,44.34713,10.00523,85960,True,62.36852,3
20260505-014600,-OrrOyZSxyyozF1pNs5A,2026-05-05 09:11:15+00:00,1777972275000,26668,27.63036,44.38837,10.00537,85260,True,62.74255,3
20260505-014600,-OrrP0Uju-NivlpZZ3aJ,2026-05-05 09:11:27+00:00,1777972287000,26680,27.6405,44.33287,10.00552,85697,True,61.53409,3
20260505-014600,-OrrP3RMSACWEsPbPpED,2026-05-05 09:11:39+00:00,1777972299000,26692,27.63543,44.36751,10.00554,85609,True,60.72316,3
20260505-014600,-OrrP6MA9vQSFdV0cC3y,2026-05-05 09:11:51+00:00,1777972311000,26704,27.63796,44.35904,10.00553,85784,True,59.78268,3
20260505-014600,-OrrP9HJVl5JWOoCwaAz,2026-05-05 09:12:03+00:00,1777972323000,26716,27.6405,44.40943,10.0057,86583,True,58.36013,3
20260505-014600,-OrrPCD1JszAz8CVpE6e,2026-05-05 09:12:15+00:00,1777972335000,26728,27.6405,44.37251,10.00564,86315,True,58.53879,3
20260505-014600,-OrrPFHqiT9vNsI7oexh,2026-05-05 09:12:27+00:00,1777972347000,26740,27.64304,44.31028,10.00565,86226,True,58.14806,3
20260505-014600,-OrrPI3pFTXr1YO6m2ae,2026-05-05 09:12:39+00:00,1777972359000,26752,27.64304,44.2821,10.00567,86583,True,56.85398,3
20260505-014600,-OrrPL-O-1_fBEf6Bm_W,2026-05-05 09:12:51+00:00,1777972371000,26764,27.63543,44.26793,10.00554,86493,True,56.63234,3
20260505-014600,-OrrPNvmX2BKJBfpwzbZ,2026-05-05 09:13:03+00:00,1777972383000,26776,27.6405,44.28502,10.00564,86852,True,55.54717,3
20260505-014600,-OrrPQrYaDtbZLF8RAvw,2026-05-05 09:13:15+00:00,1777972395000,26788,27.64557,44.27539,10.00581,86672,True,55.91936,3
20260505-014600,-OrrPTnKrEoh-bCY1US9,2026-05-05 09:13:27+00:00,1777972407000,26800,27.63289,44.29882,10.00547,87032,True,55.33727,3
20260505-014600,-OrrPWiE5lhXAk51XU2T,2026-05-05 09:13:39+00:00,1777972419000,26812,27.63543,44.26693,10.00556,87123,True,54.63179,3
20260505-014600,-OrrPZe-lCxfz2uwptPX,2026-05-05 09:13:51+00:00,1777972431000,26824,27.63796,44.25767,10.00553,86852,True,54.39407,3
20260505-014600,-OrrPb_LyzQ97LssJaZu,2026-05-05 09:14:03+00:00,1777972443000,26836,27.63289,44.30415,10.00543,86852,True,54.37213,3
20260505-014600,-OrrPeVoCtgsw6yA8BLV,2026-05-05 09:14:15+00:00,1777972455000,26848,27.63036,44.29479,10.0055,87214,True,53.78201,3
20260505-014600,-OrrPhRmhsMj6Bt4X5VJ,2026-05-05 09:14:27+00:00,1777972467000,26860,27.63543,44.29956,10.00558,87214,True,53.68176,3
20260505-014600,-OrrPkMoP2nzZWVV_FSb,2026-05-05 09:14:39+00:00,1777972479000,26872,27.63796,44.28365,10.00557,87396,True,53.09576,3
20260505-014600,-OrrPnIGxfzQ0nMh3wsa,2026-05-05 09:14:51+00:00,1777972491000,26884,27.62782,44.30835,10.00548,87305,True,52.80446,3
20260505-014600,-OrrPqE6uzEjS2vGeEwq,2026-05-05 09:15:03+00:00,1777972503000,26896,27.63036,44.30658,10.00555,87214,True,52.02975,3
20260505-014600,-OrrPt989iKCVV97oZZO,2026-05-05 09:15:15+00:00,1777972515000,26908,27.63036,44.31331,10.00573,86852,True,53.85654,3
20260505-014600,-OrrPw5-N0fS_dDYkL2u,2026-05-05 09:15:27+00:00,1777972527000,26920,27.63036,44.28571,10.00557,86942,True,53.95162,3
20260505-014600,-OrrPzBJP5ynjLLKDpZm,2026-05-05 09:15:39+00:00,1777972539000,26932,27.62275,44.29425,10.00559,87123,True,53.37592,3
20260505-014600,-OrrQ0wh7I9LlSTnF_OG,2026-05-05 09:15:51+00:00,1777972551000,26944,27.62782,44.29638,10.00548,86852,True,53.00742,3
20260505-014600,-OrrQ3sxPzckM_InGoY-,2026-05-05 09:16:03+00:00,1777972563000,26956,27.63036,44.2912,10.00552,87487,True,52.42956,3
20260505-014600,-OrrQ6ni7O_mxtwrN9qh,2026-05-05 09:16:15+00:00,1777972575000,26968,27.62782,44.29049,10.00542,87487,True,52.24504,3
20260505-014600,-OrrQ9jT9Y644bYqFoMg,2026-05-05 09:16:27+00:00,1777972587000,26980,27.62528,44.21201,10.00565,87305,True,52.11312,3
20260505-014600,-OrrQCez9neJHJI0-dHK,2026-05-05 09:16:39+00:00,1777972599000,26992,27.62275,44.16866,10.00561,87214,True,52.47378,3
20260505-014600,-OrrQFaE7F15YyiA4XzL,2026-05-05 09:16:51+00:00,1777972611000,27004,27.63036,44.15037,10.0056,87670,True,51.06938,3
20260505-014600,-OrrQIWjgSjZqgVdO-fK,2026-05-05 09:17:03+00:00,1777972623000,27016,27.62782,44.158,10.00546,87305,True,51.28894,3
20260505-014600,-OrrQLSYjPM84mTSQ-xW,2026-05-05 09:17:15+00:00,1777972635000,27028,27.62782,44.21227,10.00576,87854,True,50.60318,3
20260505-014600,-OrrQONqukCqnseffKEc,2026-05-05 09:17:27+00:00,1777972647000,27040,27.62275,44.26289,10.00584,87487,True,51.68121,3
20260505-014600,-OrrQRJHkZi6Gw2RxlWg,2026-05-05 09:17:39+00:00,1777972659000,27052,27.62528,44.22951,10.00565,87214,True,52.59899,3
20260505-014600,-OrrQUEi2X8D6mmLUfqL,2026-05-05 09:17:51+00:00,1777972671000,27064,27.62528,44.10954,10.00575,87578,True,52.06115,3
20260505-014600,-OrrQXAFYFJ2uHpXQIz1,2026-05-05 09:18:03+00:00,1777972683000,27076,27.62782,44.0923,10.0059,88039,True,50.39773,3
20260505-014600,-OrrQ_5vLfyeB9zLzgFL,2026-05-05 09:18:15+00:00,1777972695000,27088,27.62782,44.10897,10.00588,87670,True,50.92281,2
20260505-014600,-OrrQc1lXOvvkYIuAK6H,2026-05-05 09:18:27+00:00,1777972707000,27100,27.63036,44.12954,10.0059,87578,True,50.45247,2
20260505-014600,-OrrQeyEarjjpIoK70zS,2026-05-05 09:18:39+00:00,1777972719000,27112,27.63036,44.14527,10.00573,87762,True,51.56477,2
20260505-014600,-OrrQi0MKnI-pen1sXoU,2026-05-05 09:18:51+00:00,1777972731000,27124,27.62528,44.17387,10.00577,87578,True,50.93022,2
20260505-014600,-OrrQkogQOg2-9NvtkSv,2026-05-05 09:19:03+00:00,1777972743000,27136,27.63036,44.18581,10.00589,87214,True,52.78603,2
20260505-014600,-OrrQnkSqJhu6NLYhwzo,2026-05-05 09:19:15+00:00,1777972755000,27148,27.62528,44.19251,10.00582,87762,True,51.67748,2
20260505-014600,-OrrQqfvu2S2P045uoOd,2026-05-05 09:19:27+00:00,1777972767000,27160,27.63036,44.15273,10.00566,87396,True,52.00272,3
20260505-014600,-OrrQtbsVPfqcxzFAMhh,2026-05-05 09:19:39+00:00,1777972779000,27172,27.62528,44.15026,10.00584,87305,True,52.21657,3
20260505-014600,-OrrQwY8wh7gG--gi_bB,2026-05-05 09:19:51+00:00,1777972791000,27184,27.63036,44.07269,10.00589,88131,True,50.12528,3
20260505-014600,-OrrQzTDPh1sGOX2_dAK,2026-05-05 09:20:03+00:00,1777972803000,27196,27.62021,44.07563,10.00572,87670,True,51.24547,3
20260505-014600,-OrrR1Ogm2PqTLVYj23y,2026-05-05 09:20:15+00:00,1777972815000,27208,27.62275,44.09322,10.00587,87670,True,50.97871,3
20260505-014600,-OrrR4KSy4GPkpqqNb5B,2026-05-05 09:20:27+00:00,1777972827000,27220,27.61514,44.10712,10.00587,87396,True,51.32037,3
20260505-014600,-OrrR7FhtXioGyuAtSBs,2026-05-05 09:20:39+00:00,1777972839000,27232,27.62275,44.11862,10.00587,87578,True,52.1629,3
20260505-014600,-OrrRABWgTbeZqj9-dzz,2026-05-05 09:20:51+00:00,1777972851000,27244,27.62528,44.11536,10.00598,87670,True,51.14208,3
20260505-014600,-OrrRD6pB30_C-jXv9jA,2026-05-05 09:21:03+00:00,1777972863000,27256,27.61514,44.1221,10.00575,87487,True,51.95534,3
20260505-014600,-OrrRG2AmuDi-B69DZ2s,2026-05-05 09:21:15+00:00,1777972875000,27268,27.61768,44.15036,10.00604,87762,True,52.0741,3
20260505-014600,-OrrRIyfOqmDB4oXFktt,2026-05-05 09:21:27+00:00,1777972887000,27280,27.62275,44.1774,10.00599,87762,True,52.87265,3
20260505-014600,-OrrRLuPxbTdrl2LFg1v,2026-05-05 09:21:39+00:00,1777972899000,27292,27.61768,44.16277,10.00605,87946,True,51.38854,3
20260505-014600,-OrrROpgZDb1z8dLjum9,2026-05-05 09:21:51+00:00,1777972911000,27304,27.63289,44.10303,10.00628,87854,True,50.98101,3
20260505-014600,-OrrRRrX3d9seSb3aaNp,2026-05-05 09:22:03+00:00,1777972923000,27316,27.62528,44.09846,10.00614,87762,True,50.47255,2
20260505-014600,-OrrRUh5U5Wes5HwKImU,2026-05-05 09:22:15+00:00,1777972935000,27328,27.61514,44.11946,10.00614,87854,True,50.4574,2
20260505-014600,-OrrRXcmyitKfF1qscRI,2026-05-05 09:22:27+00:00,1777972947000,27340,27.62021,44.11637,10.00625,88039,True,50.9068,2
20260505-014600,-OrrR_YqVxWj_AooHWEl,2026-05-05 09:22:39+00:00,1777972959000,27352,27.62275,44.09528,10.00624,87854,True,51.34572,2
20260505-014600,-OrrRcU8UhgygVeM362Y,2026-05-05 09:22:51+00:00,1777972971000,27364,27.61514,44.10938,10.00615,87578,True,51.68736,2
20260505-014600,-OrrRfQ6esED-6yqZyso,2026-05-05 09:23:03+00:00,1777972983000,27376,27.62528,44.05644,10.0063,88131,True,51.09322,2
20260505-014600,-OrrRiLKWGElusNcSXt1,2026-05-05 09:23:15+00:00,1777972995000,27388,27.62782,44.08417,10.00651,87854,True,51.37498,3
20260505-014600,-OrrRlGbYBTUC_jynXy9,2026-05-05 09:23:27+00:00,1777973007000,27400,27.61514,44.13071,10.00636,88224,True,50.56143,3
20260505-014600,-OrrRoCK3ANGolgEM9tB,2026-05-05 09:23:39+00:00,1777973019000,27412,27.62021,44.10485,10.00639,88039,True,51.02557,3
20260505-014600,-OrrRr7i1CKP_VWZPVkc,2026-05-05 09:23:51+00:00,1777973031000,27424,27.62528,44.09564,10.00635,87670,True,51.81592,3
20260505-014600,-OrrRu38wcAVBlys7YIh,2026-05-05 09:24:03+00:00,1777973043000,27436,27.62275,44.12472,10.00635,87854,True,51.70745,3
20260505-014600,-OrrRwzrRL9GXuf7fb4G,2026-05-05 09:24:15+00:00,1777973055000,27448,27.62782,44.09615,10.00657,88131,True,50.74856,3
20260505-014600,-OrrRzv8tAGFXeQcutfX,2026-05-05 09:24:27+00:00,1777973067000,27460,27.62275,44.09731,10.00654,87762,True,51.67167,3
20260505-014600,-OrrS1qfi0qAHZZRJ8ci,2026-05-05 09:24:39+00:00,1777973079000,27472,27.62275,44.08729,10.0065,88039,True,51.36689,3
20260505-014600,-OrrS4mI1OBb5UycUJq4,2026-05-05 09:24:51+00:00,1777973091000,27484,27.62275,44.09896,10.00643,88131,True,51.12078,3
20260505-014600,-OrrS7hitnNk2krfgIVF,2026-05-05 09:25:03+00:00,1777973103000,27496,27.62021,44.13391,10.00662,87854,True,51.57919,3
20260505-014600,-OrrSAl_bmBJLJ4oA8ad,2026-05-05 09:25:15+00:00,1777973115000,27508,27.61768,44.12259,10.00625,87762,True,51.18423,3
20260505-014600,-OrrSDZhCjbbKDvXT55f,2026-05-05 09:25:27+00:00,1777973127000,27520,27.62782,44.12472,10.0065,88411,True,50.63222,3
20260505-014600,-OrrSGUzdaQHqpO654t_,2026-05-05 09:25:39+00:00,1777973139000,27532,27.62275,44.11509,10.00642,87670,True,51.17267,3
20260505-014600,-OrrSJR2ClxZDlVcSNHD,2026-05-05 09:25:51+00:00,1777973151000,27544,27.62782,44.07778,10.0065,87946,True,50.91324,3
20260505-014600,-OrrSMMHlGwIp9CWa6xc,2026-05-05 09:26:03+00:00,1777973163000,27556,27.62528,44.04383,10.00661,87578,True,51.18883,2
20260505-014600,-OrrSPHYj0NFUWIaZfta,2026-05-05 09:26:15+00:00,1777973175000,27568,27.62021,44.06455,10.00657,87578,True,51.42628,2
20260505-014600,-OrrSSDK7jgBiUXn0L0r,2026-05-05 09:26:27+00:00,1777973187000,27580,27.62528,44.06209,10.00661,88317,True,50.27855,2
20260505-014600,-OrrSV8QO_rUIvhV-Kw7,2026-05-05 09:26:39+00:00,1777973199000,27592,27.62275,44.05666,10.00643,88598,True,49.52328,2
20260505-014600,-OrrSY43DSKcufByvX0T,2026-05-05 09:26:51+00:00,1777973211000,27604,27.62021,44.08043,10.00659,88317,True,50.62154,2
20260505-014600,-OrrSa-bnNOXTo6BatEU,2026-05-05 09:27:03+00:00,1777973223000,27616,27.62275,44.04626,10.00652,88317,True,51.38242,2
20260505-014600,-OrrScvvR0mI3H7tIjcv,2026-05-05 09:27:15+00:00,1777973235000,27628,27.61768,44.06004,10.0066,88224,True,52.2233,2
20260505-014600,-OrrSfreE1M7_SU6dYH1,2026-05-05 09:27:27+00:00,1777973247000,27640,27.61768,44.03486,10.00658,88317,True,52.23535,2
20260505-014600,-OrrSin2Nf4jqq5oVWjg,2026-05-05 09:27:39+00:00,1777973259000,27652,27.62275,44.02654,10.00663,87946,True,51.83158,2
20260505-014600,-OrrSliWFN0x1slbu1ZV,2026-05-05 09:27:51+00:00,1777973271000,27664,27.61514,44.04298,10.00654,88131,True,52.07875,3
20260505-014600,-OrrSoeZ5FR8bk9TDCI2,2026-05-05 09:28:03+00:00,1777973283000,27676,27.62021,44.03967,10.00673,88224,True,51.38334,3
20260505-014600,-OrrSr_jAHjLhfim6kKC,2026-05-05 09:28:15+00:00,1777973295000,27688,27.61007,44.07293,10.00648,87946,True,52.50952,3
20260505-014600,-OrrSupg_ySICjg3xnOo,2026-05-05 09:28:27+00:00,1777973307000,27700,27.61768,44.0434,10.00658,88224,True,51.84246,3
20260505-014600,-OrrSxRjjjiEEA2op5fi,2026-05-05 09:28:39+00:00,1777973319000,27712,27.62021,44.07266,10.0068,88224,True,51.61422,3
20260505-014600,-OrrT-N3fjFyWgN_n1iS,2026-05-05 09:28:51+00:00,1777973331000,27724,27.61768,44.06124,10.0067,88317,True,51.2565,3
20260505-014600,-OrrT2Iw5TwdchQSLTT1,2026-05-05 09:29:03+00:00,1777973343000,27736,27.62275,44.05977,10.00677,88039,True,51.32727,3
20260505-014600,-OrrT5EDLj3JeT92zVjT,2026-05-05 09:29:15+00:00,1777973355000,27748,27.61768,44.07366,10.00683,87946,True,51.82547,3
20260505-014600,-OrrT89cKIjtVgoKTqy5,2026-05-05 09:29:27+00:00,1777973367000,27760,27.61261,44.07703,10.00662,88039,True,52.01157,3
20260505-014600,-OrrTB5KVSTrzturuLhB,2026-05-05 09:29:39+00:00,1777973379000,27772,27.62275,44.10968,10.00678,88598,True,50.69767,3
20260505-014600,-OrrTE0UmoY6ZrSw6gOg,2026-05-05 09:29:51+00:00,1777973391000,27784,27.61768,44.16991,10.0069,88504,True,50.79195,3
20260505-014600,-OrrTGwtkYGD3e2u3Liv,2026-05-05 09:30:03+00:00,1777973403000,27796,27.62528,44.17513,10.00702,87854,True,52.21564,3
20260505-014600,-OrrTJscyN1mbyv9GFTH,2026-05-05 09:30:15+00:00,1777973415000,27808,27.62021,44.18457,10.00688,88039,True,52.2928,3
20260505-014600,-OrrTMnuL1A4djc4MZM1,2026-05-05 09:30:27+00:00,1777973427000,27820,27.62275,44.17424,10.00689,87670,True,53.42508,3
20260505-014600,-OrrTPjegyLANfu1MxkU,2026-05-05 09:30:39+00:00,1777973439000,27832,27.61261,44.17101,10.0068,88131,True,52.94875,3
20260505-014600,-OrrTSf03XBA7flDpdf3,2026-05-05 09:30:51+00:00,1777973451000,27844,27.62021,44.14875,10.00676,87762,True,52.94046,3
20260505-014600,-OrrTVaXXRltsoKCcs8v,2026-05-05 09:31:03+00:00,1777973463000,27856,27.61768,44.15382,10.00674,88131,True,51.8909,3
20260505-014600,-OrrTYXLwrgQWgp798b6,2026-05-05 09:31:15+00:00,1777973475000,27868,27.62021,44.16359,10.00688,87762,True,52.352,3
20260505-014600,-OrrTaS_k-TQE3BhsX9e,2026-05-05 09:31:27+00:00,1777973487000,27880,27.61514,44.20449,10.00675,87670,True,54.05265,3
20260505-014600,-OrrTdmPNn9gmkKT3gu4,2026-05-05 09:31:39+00:00,1777973499000,27892,27.62275,44.20303,10.00687,87854,True,52.42831,3
20260505-014600,-OrrTgJoL2UwT254XgBJ,2026-05-05 09:31:51+00:00,1777973511000,27904,27.62021,44.1774,10.0069,87762,True,53.35194,3
20260505-014600,-OrrTjEof6wLUOWVV4Di,2026-05-05 09:32:03+00:00,1777973523000,27916,27.61514,44.18494,10.00703,87762,True,52.59713,3
20260505-014600,-OrrTmAW8Dhp6X1ZSaSN,2026-05-05 09:32:15+00:00,1777973535000,27928,27.61514,44.16238,10.00698,88317,True,51.98861,3
20260505-014600,-OrrTp6iL1OJjLI0kGOb,2026-05-05 09:32:27+00:00,1777973547000,27940,27.61261,44.18267,10.00699,87854,True,52.0528,3
20260505-014600,-OrrTs1VNDF2L9RS8kkk,2026-05-05 09:32:39+00:00,1777973559000,27952,27.61514,44.18202,10.00707,88131,True,51.56697,3
20260505-014600,-OrrTuy6-yXNDV49MvzY,2026-05-05 09:32:51+00:00,1777973571000,27964,27.61007,44.14679,10.00709,88224,True,51.29708,3
20260505-014600,-OrrTxtYI8DvBntdiLOH,2026-05-05 09:33:03+00:00,1777973583000,27976,27.61514,44.09477,10.00702,87578,True,52.9907,3
20260505-014600,-OrrU-oq0EGSg8LHinPV,2026-05-05 09:33:15+00:00,1777973595000,27988,27.61261,44.07774,10.00694,88317,True,50.56207,3
20260505-014600,-OrrU2kbdYDmFa-CJxMe,2026-05-05 09:33:27+00:00,1777973607000,28000,27.62275,44.06195,10.00728,88224,True,51.0541,3
20260505-014600,-OrrU5mSSTBMzo4qyLin,2026-05-05 09:33:39+00:00,1777973619000,28012,27.61768,44.08712,10.0072,88131,True,50.5647,3
20260505-014600,-OrrU8bNEhTQ7i3E3VuN,2026-05-05 09:33:51+00:00,1777973631000,28024,27.61514,44.07775,10.00719,88039,True,52.68162,3
20260505-014600,-OrrUBY7zHpdR7IuDYVM,2026-05-05 09:34:03+00:00,1777973643000,28036,27.61514,44.08763,10.00712,88131,True,51.37455,3
20260505-014600,-OrrUETS2fqYeioqwem7,2026-05-05 09:34:15+00:00,1777973655000,28048,27.61261,44.10232,10.00735,88131,True,51.4375,3
20260505-014600,-OrrUHPCHuK3zXgVp7ps,2026-05-05 09:34:27+00:00,1777973667000,28060,27.61514,44.06589,10.0073,88039,True,51.79074,3
20260505-014600,-OrrUKKoskCuFaE-uwcY,2026-05-05 09:34:39+00:00,1777973679000,28072,27.61261,44.09178,10.00722,87670,True,52.56493,3
20260505-014600,-OrrUNSUuR1cWfitntJ_,2026-05-05 09:34:51+00:00,1777973691000,28084,27.61261,44.05846,10.0071,88411,True,50.97488,3
20260505-014600,-OrrUQBebzuniBB7E4ve,2026-05-05 09:35:03+00:00,1777973703000,28096,27.61514,44.05844,10.0073,88317,True,51.04963,3
20260505-014600,-OrrUT6qj5gmWOSXya_C,2026-05-05 09:35:15+00:00,1777973715000,28108,27.61007,44.04895,10.00722,88691,True,50.61008,3
20260505-014600,-OrrUW2Nt9utNBKXyFnX,2026-05-05 09:35:27+00:00,1777973727000,28120,27.60753,44.03638,10.00734,88131,True,50.68231,3
20260505-014600,-OrrUYz7HNnCoNIlA8_P,2026-05-05 09:35:39+00:00,1777973739000,28132,27.61007,43.99988,10.00713,88317,True,50.37013,3
20260505-014600,-OrrUauMf5Ch9HPK9Qfb,2026-05-05 09:35:51+00:00,1777973751000,28144,27.61261,43.98385,10.00745,88504,True,50.51576,3
20260505-014600,-OrrUdqDO3GsMv6_0EUP,2026-05-05 09:36:03+00:00,1777973763000,28156,27.61514,43.97134,10.00751,88131,True,51.26477,2
20260505-014600,-OrrUglTM83mbMHeyeD-,2026-05-05 09:36:15+00:00,1777973775000,28168,27.61007,43.98661,10.00748,88504,True,51.1114,2
20260505-014600,-OrrUjgun9PJuxJID52G,2026-05-05 09:36:27+00:00,1777973787000,28180,27.60753,43.99185,10.0076,88598,True,50.74414,2
20260505-014600,-OrrUmcqot5FN-GHGwuk,2026-05-05 09:36:39+00:00,1777973799000,28192,27.61768,43.98922,10.00774,88317,True,51.10921,2
20260505-014600,-OrrUpZ-IXbkcmmZPeUx,2026-05-05 09:36:51+00:00,1777973811000,28204,27.61514,44.00907,10.00758,88131,True,52.15529,2
20260505-014600,-OrrUsUMONBUGeW8W90k,2026-05-05 09:37:03+00:00,1777973823000,28216,27.61261,44.01083,10.00757,88131,True,51.6655,3
20260505-014600,-OrrUvQ39qk2w5FBwpPe,2026-05-05 09:37:15+00:00,1777973835000,28228,27.605,44.03794,10.00752,88785,True,50.61205,3
20260505-014600,-OrrUyLLbteWn5pbtOBE,2026-05-05 09:37:27+00:00,1777973847000,28240,27.61261,44.00298,10.0078,88785,True,49.95594,2
20260505-014600,-OrrV0GmpKk8iWhIiUea,2026-05-05 09:37:39+00:00,1777973859000,28252,27.60753,44.01133,10.00758,88317,True,51.87609,2
20260505-014600,-OrrV3CY8QBB7990fBP1,2026-05-05 09:37:51+00:00,1777973871000,28264,27.61007,44.01599,10.00753,88880,True,51.11537,2
20260505-014600,-OrrV6flNq8jax3SQHAm,2026-05-05 09:38:03+00:00,1777973883000,28276,27.61514,44.02946,10.00761,88317,True,51.83934,2
20260505-014600,-OrrV93a0w5pXHqDR2AK,2026-05-05 09:38:15+00:00,1777973895000,28288,27.60753,44.05383,10.0077,88411,True,50.78724,2
20260505-014600,-OrrVC-0IkzRTaaYD-jD,2026-05-05 09:38:27+00:00,1777973907000,28300,27.61007,44.03189,10.00764,88411,True,50.50482,3
20260505-014600,-OrrVEvNpdSMUHLZ7sOy,2026-05-05 09:38:39+00:00,1777973919000,28312,27.605,44.0384,10.0077,88411,True,51.70841,3
20260505-014600,-OrrVHr6d6hqe6UdXQaL,2026-05-05 09:38:51+00:00,1777973931000,28324,27.61261,44.01126,10.00778,88131,True,51.42169,3
20260505-014600,-OrrVKmtR0qOves5wVA7,2026-05-05 09:39:03+00:00,1777973943000,28336,27.61007,44.0386,10.00773,88317,True,51.13614,3
20260505-014600,-OrrVNiTjrUfEUQpwC5t,2026-05-05 09:39:15+00:00,1777973955000,28348,27.61007,43.99949,10.00766,88785,True,50.56659,3
20260505-014600,-OrrVQdmRVii0MuctxIo,2026-05-05 09:39:27+00:00,1777973967000,28360,27.61768,43.97705,10.00787,88504,True,51.0246,3
20260505-014600,-OrrVTZr7idkEQrr_b4C,2026-05-05 09:39:39+00:00,1777973979000,28372,27.605,43.98212,10.0078,88880,True,50.07146,3
20260505-014600,-OrrVWVYSzuv2LslLTQc,2026-05-05 09:39:51+00:00,1777973991000,28384,27.61261,43.96589,10.00773,88317,True,51.21505,3
20260505-014600,-OrrVZR46tH1V7Anfh_H,2026-05-05 09:40:03+00:00,1777974003000,28396,27.60753,43.96438,10.00769,88224,True,51.65654,3
20260505-014600,-OrrVbMhJNlk44yj7j8d,2026-05-05 09:40:15+00:00,1777974015000,28408,27.61007,43.9542,10.0078,88504,True,50.99343,3
20260505-014600,-OrrVeI6hccsax17c6BG,2026-05-05 09:40:27+00:00,1777974027000,28420,27.605,43.93337,10.00765,88411,True,50.86797,3
20260505-014600,-OrrVhDQDj5Ogu3JhlmU,2026-05-05 09:40:39+00:00,1777974039000,28432,27.61007,43.92574,10.00785,88504,True,50.78973,3
20260505-014600,-OrrVk9OOfvuXkaSAqG-,2026-05-05 09:40:51+00:00,1777974051000,28444,27.605,43.92412,10.00786,88411,True,50.71086,3
20260505-014600,-OrrVn4SGefXdknCrMjK,2026-05-05 09:41:03+00:00,1777974063000,28456,27.60246,43.90141,10.0079,88504,True,50.77875,3
20260505-014600,-OrrVq5f1cSlU7K6mbud,2026-05-05 09:41:15+00:00,1777974075000,28468,27.59739,43.93082,10.00773,88691,True,50.5182,3
20260505-014600,-OrrVt9gFqov6BGHrEtt,2026-05-05 09:41:27+00:00,1777974087000,28480,27.59993,43.92626,10.00772,88598,True,51.38806,3
20260505-014600,-OrrVvrzOWyx4Ek5PmAn,2026-05-05 09:41:39+00:00,1777974099000,28492,27.60246,43.92946,10.00773,88880,True,50.00498,3
20260505-014600,-OrrVyolTZs3q3D92Mvj,2026-05-05 09:41:51+00:00,1777974111000,28504,27.59739,43.94474,10.00768,88317,True,51.31828,2
20260505-014600,-OrrW0j2qk19_OXTX2Ui,2026-05-05 09:42:03+00:00,1777974123000,28516,27.59739,43.93748,10.00765,88691,True,50.43472,2
20260505-014600,-OrrW3eur7FUSD4R2Sth,2026-05-05 09:42:15+00:00,1777974135000,28528,27.60246,43.9558,10.00771,88411,True,51.48781,2
20260505-014600,-OrrW6_qUkr3FRA0RPoj,2026-05-05 09:42:27+00:00,1777974147000,28540,27.59739,43.94927,10.00758,88504,True,50.97044,2
20260505-014600,-OrrW9WYNr29qaX-nCq9,2026-05-05 09:42:39+00:00,1777974159000,28552,27.60246,43.95102,10.00768,88785,True,50.68562,2
20260505-014600,-OrrWCRk-_xxQ3CzYNVc,2026-05-05 09:42:51+00:00,1777974171000,28564,27.59993,43.92442,10.00755,89069,True,50.61415,3
20260505-014600,-OrrWFNJ-gIgC9cKaMEs,2026-05-05 09:43:03+00:00,1777974183000,28576,27.59993,43.92724,10.00765,88598,True,51.1208,3
20260505-014600,-OrrWIIuUH4YSfumS7H8,2026-05-05 09:43:15+00:00,1777974195000,28588,27.59993,43.89883,10.00783,88691,True,50.81473,3
20260505-014600,-OrrWLEd5v_kn7mw72Uf,2026-05-05 09:43:27+00:00,1777974207000,28600,27.59739,43.9159,10.00758,88317,True,51.88926,3
20260505-014600,-OrrWOAAl3XGS170ketZ,2026-05-05 09:43:39+00:00,1777974219000,28612,27.59993,43.88746,10.00772,88880,True,50.76888,3
20260505-014600,-OrrWR5PPAaiiXIs6ovH,2026-05-05 09:43:51+00:00,1777974231000,28624,27.60246,43.85152,10.00759,88785,True,50.99933,2
20260505-014600,-OrrWU0qrt7XLwvrteYR,2026-05-05 09:44:03+00:00,1777974243000,28636,27.59993,43.85924,10.00774,88691,True,51.58398,2
20260505-014600,-OrrWWxkTeArvKPDfHvN,2026-05-05 09:44:15+00:00,1777974255000,28648,27.59739,43.89315,10.00786,89069,True,50.83061,2
20260505-014600,-OrrW_bm0_5nobdPvDJ1,2026-05-05 09:44:27+00:00,1777974267000,28660,27.60246,43.88623,10.00778,88598,True,51.06372,2
20260505-014600,-OrrWbLTV13OMceDJMqo,2026-05-05 09:44:37+00:00,1777974277000,28670,27.52639,44.3738,10.00764,81052,True,66.78024,2
20260505-014600,-OrrWeGi5hg1k5St7-Uv,2026-05-05 09:44:49+00:00,1777974289000,28682,27.59486,43.93438,10.00769,86049,True,73.08601,3
20260505-014600,-OrrWhCQfvQ8DAN3Dm0o,2026-05-05 09:45:01+00:00,1777974301000,28694,27.58725,43.97314,10.00777,87578,True,63.61681,3
20260505-014600,-OrrWk8tMaaP30819s30,2026-05-05 09:45:13+00:00,1777974313000,28706,27.59486,43.9687,10.00775,88131,True,57.3993,3
20260505-014600,-OrrWn34E5homJEFJzKy,2026-05-05 09:45:25+00:00,1777974325000,28718,27.58725,43.99434,10.00754,88039,True,55.73284,3
20260505-014600,-OrrWq-8yoi4c7BrXVsy,2026-05-05 09:45:37+00:00,1777974337000,28730,27.59232,43.9739,10.00779,88504,True,53.29491,3
20260505-014600,-OrrWsvHBtPXimSRLRwN,2026-05-05 09:45:49+00:00,1777974349000,28742,27.58978,43.9314,10.00777,88317,True,53.03726,3
20260505-014600,-OrrWvqenUKvhWhHMq-k,2026-05-05 09:46:01+00:00,1777974361000,28754,27.58978,43.90347,10.00775,88598,True,51.54123,3
20260505-014600,-OrrWyn9Z10zM_VDMAqh,2026-05-05 09:46:13+00:00,1777974373000,28766,27.59232,43.87739,10.00755,88785,True,52.00858,3
20260505-014600,-OrrX0WU_UxmhNfFGECP,2026-05-05 09:46:24+00:00,1777974384000,28778,27.51625,44.42919,10.00786,79212,True,71.21938,3
20260505-014600,-OrrX3eTY-ing-8tAO72,2026-05-05 09:46:37+00:00,1777974397000,28790,27.61919,44.03606,10.00793,80817,True,81.31328,3
20260505-014600,-OrrX6aKYV8dnw2o1PbP,2026-05-05 09:46:49+00:00,1777974409000,28802,27.55936,44.14491,10.00755,78177,True,129.01785,3
20260505-014600,-OrrX9WY6iblmtRWQrMI,2026-05-05 09:47:01+00:00,1777974421000,28814,27.5695,43.99837,10.0076,83642,True,99.47665,3
20260505-014600,-OrrXCRnIwe-18WyhqHc,2026-05-05 09:47:13+00:00,1777974433000,28826,27.57711,43.94481,10.00762,85960,True,78.4829,3
20260505-014600,-OrrXFNOFBIhrLW2mMvA,2026-05-05 09:47:25+00:00,1777974445000,28838,27.57711,43.8936,10.00767,86942,True,68.06554,3
20260505-014600,-OrrXIVDNtVFfyAtCdC6,2026-05-05 09:47:37+00:00,1777974457000,28850,27.58471,43.87354,10.00785,87578,True,60.52477,3
20260505-014600,-OrrXLEM4a8ulw3qrvQh,2026-05-05 09:47:49+00:00,1777974469000,28862,27.57965,43.87389,10.0077,87396,True,59.72064,3
20260505-014600,-OrrXO9zu0X50wGE0sBW,2026-05-05 09:48:01+00:00,1777974481000,28874,27.58218,43.89401,10.00767,87946,True,57.77219,3
20260505-014600,-OrrXR5_yQ7ZArG7yB1Y,2026-05-05 09:48:13+00:00,1777974493000,28886,27.58471,43.90911,10.00771,88317,True,55.12381,3
20260505-014600,-OrrXU0pz_jwwFLs2i-q,2026-05-05 09:48:25+00:00,1777974505000,28898,27.58471,43.90339,10.00785,88317,True,54.202,3
20260505-014600,-OrrXWySBzznHFGgdVtj,2026-05-05 09:48:37+00:00,1777974517000,28910,27.57711,43.938,10.00776,87946,True,55.01678,3
20260505-014600,-OrrXZsvooeX7jOP7L94,2026-05-05 09:48:49+00:00,1777974529000,28922,27.57965,43.95062,10.00771,88317,True,54.2081,3
20260505-014600,-OrrXboXYYCcr_jYtNkU,2026-05-05 09:49:01+00:00,1777974541000,28934,27.57965,43.93192,10.00789,88691,True,52.40281,3
20260505-014600,-OrrXekCN0IOGXpXdwFQ,2026-05-05 09:49:13+00:00,1777974553000,28946,27.59232,43.90434,10.00801,88317,True,53.49439,3
20260505-014600,-OrrXhgAJbCzdB-h1qGz,2026-05-05 09:49:25+00:00,1777974565000,28958,27.57965,43.92046,10.00786,88880,True,51.87925,3
20260505-014600,-OrrXkab8-ziGhZNh9oK,2026-05-05 09:49:37+00:00,1777974577000,28970,27.58471,43.89728,10.00785,88880,True,50.87024,3
20260505-014600,-OrrXnXW86Po7OIYTP_-,2026-05-05 09:49:49+00:00,1777974589000,28982,27.58725,43.90394,10.00805,89069,True,50.40463,3
20260505-014600,-OrrXqTEf0AvXZF-nE29,2026-05-05 09:50:01+00:00,1777974601000,28994,27.58471,43.90929,10.00797,88880,True,50.72768,3
20260505-014600,-OrrXtOsxYlo5itzmlzq,2026-05-05 09:50:13+00:00,1777974613000,29006,27.58725,43.91245,10.00798,88880,True,51.15435,3
20260505-014600,-OrrXwJvSgiDTcY58E2B,2026-05-05 09:50:25+00:00,1777974625000,29018,27.58471,43.93889,10.00788,88504,True,51.84246,3
20260505-014600,-OrrXzFFMbJ2dl39-YJO,2026-05-05 09:50:37+00:00,1777974637000,29030,27.58218,43.92302,10.00802,88317,True,51.67553,3
20260505-014600,-OrrY21dj7FTlCjn8Ajb,2026-05-05 09:50:49+00:00,1777974649000,29042,27.58725,43.90892,10.00814,88504,True,52.06505,3
20260505-014600,-OrrY4GiLaRWkFJOACy8,2026-05-05 09:51:02+00:00,1777974662000,29055,27.5619,44.13814,10.00814,83144,True,73.32304,3
20260505-014600,-OrrY7CCKJnO9wRvw9Aq,2026-05-05 09:51:14+00:00,1777974674000,29067,27.57457,43.92355,10.00793,86852,True,68.26591,3
20260505-014600,-OrrYA8WKNmEfYW6PK6U,2026-05-05 09:51:26+00:00,1777974686000,29079,27.58218,43.90964,10.00809,87854,True,60.31855,3
20260505-014600,-OrrYD3OMIKPhX3AYMq_,2026-05-05 09:51:38+00:00,1777974698000,29091,27.58471,43.90196,10.00834,87854,True,56.92239,3
20260505-014600,-OrrYFzxPPd_a3-My10h,2026-05-05 09:51:50+00:00,1777974710000,29103,27.58471,43.89803,10.00815,88504,True,54.38997,3
20260505-014600,-OrrYIvIOqFpm4jxpTrp,2026-05-05 09:52:02+00:00,1777974722000,29115,27.58725,43.88585,10.00803,88504,True,52.88396,3
20260505-014600,-OrrYLqbNPJmx3LOxJrH,2026-05-05 09:52:14+00:00,1777974734000,29127,27.57965,43.88734,10.00803,88317,True,51.70038,3
20260505-014600,-OrrYOnJA0kqkJAaoa_s,2026-05-05 09:52:26+00:00,1777974746000,29139,27.58471,43.86573,10.00832,88785,True,51.49076,3
20260505-014600,-OrrYRhuRewtqiy0gL-s,2026-05-05 09:52:38+00:00,1777974758000,29151,27.58725,43.87216,10.00852,89069,True,50.65397,3
20260505-014600,-OrrYUdIzpdfFggECxS3,2026-05-05 09:52:50+00:00,1777974770000,29163,27.58471,43.8814,10.00829,88691,True,51.74416,3
20260505-014600,-OrrYXZqOOvF-uSrqPwW,2026-05-05 09:53:02+00:00,1777974782000,29175,27.58471,43.89164,10.00859,88598,True,52.0293,3
20260505-014600,-OrrY_V74TZmKYPt7uJ4,2026-05-05 09:53:14+00:00,1777974794000,29187,27.58471,43.86381,10.00862,89069,True,50.0,2
20260505-014600,-OrrYcR65jW8rDYdJwh2,2026-05-05 09:53:26+00:00,1777974806000,29199,27.58471,43.88688,10.0085,88785,True,50.61217,2
20260505-014600,-OrrYfMNMCLwzpz7ZlhF,2026-05-05 09:53:38+00:00,1777974818000,29211,27.58218,43.89559,10.00846,88880,True,50.29615,2
20260505-014600,-OrrYjPvPppD5DOtOy3e,2026-05-05 09:53:50+00:00,1777974830000,29223,27.58978,43.87366,10.0086,89069,True,50.69276,2
20260505-014600,-OrrYkueiIxBDQ-ztTQb,2026-05-05 09:54:01+00:00,1777974841000,29234,27.50357,44.43548,10.00878,79740,True,69.65732,2
20260505-014600,-OrrYnqMVRaK6tOYtqK5,2026-05-05 09:54:13+00:00,1777974853000,29246,27.58218,43.94769,10.00886,85697,True,77.49555,2
20260505-014600,-OrrYqldxasXDQKHWeam,2026-05-05 09:54:25+00:00,1777974865000,29258,27.57965,43.91506,10.00865,87214,True,66.2615,2
20260505-014600,-OrrYth80A-mALZgGnnc,2026-05-05 09:54:37+00:00,1777974877000,29270,27.57965,43.91898,10.00859,88224,True,59.71906,2
20260505-014600,-OrrYwcpuSyBHMkjwXfb,2026-05-05 09:54:49+00:00,1777974889000,29282,27.58725,43.89375,10.00895,88598,True,55.26293,3
20260505-014600,-OrrYzZQGZk-DEufzxVi,2026-05-05 09:55:01+00:00,1777974901000,29294,27.57457,43.93494,10.00908,88880,True,53.10202,3
20260505-014600,-OrrZ1UOrSSJyaCCif6Z,2026-05-05 09:55:13+00:00,1777974913000,29306,27.58471,43.88887,10.00904,88504,True,53.55678,3
20260505-014600,-OrrZ4QKStPC8Emo57LG,2026-05-05 09:55:25+00:00,1777974925000,29318,27.58218,43.92314,10.00883,88880,True,51.35511,3
20260505-014600,-OrrZ7N535jmblsLtJ2B,2026-05-05 09:55:37+00:00,1777974937000,29330,27.58471,43.90511,10.00913,88880,True,51.30785,3
20260505-014600,-OrrZAHLRcJjPH3B8ycv,2026-05-05 09:55:49+00:00,1777974949000,29342,27.57965,43.90381,10.00921,89259,True,50.37649,3
20260505-014600,-OrrZDD3m7RVjHj5KhnG,2026-05-05 09:56:01+00:00,1777974961000,29354,27.57965,43.91262,10.00917,88504,True,51.11681,2
20260505-014600,-OrrZG8EDxE157fxlh44,2026-05-05 09:56:13+00:00,1777974973000,29366,27.57965,43.95489,10.00896,88598,True,51.0422,2
20260505-014600,-OrrZJ3mVbRAZQ6ggYFR,2026-05-05 09:56:25+00:00,1777974985000,29378,27.58471,43.9711,10.00917,89069,True,50.21121,2
20260505-014600,-OrrZM-BTt0ilM9tOSr0,2026-05-05 09:56:37+00:00,1777974997000,29390,27.58471,43.9343,10.00917,89259,True,50.1674,2
20260505-014600,-OrrZOwA3fizth2EBNGh,2026-05-05 09:56:49+00:00,1777975009000,29402,27.57965,43.94805,10.00905,89354,True,50.36584,2
20260505-014600,-OrrZVETYV8S9SSW-8MU,2026-05-05 09:57:01+00:00,1777975021000,29414,27.58978,43.95629,10.00937,89069,True,51.09332,2
20260505-014600,-OrrZW6LikyT_hNF2M2E,2026-05-05 09:57:18+00:00,1777975038000,29431,27.63474,43.86021,10.00922,88785,True,51.44438,2
20260505-014600,-OrrZZ24GH85o-yL15N2,2026-05-05 09:57:30+00:00,1777975050000,29443,27.54414,44.20672,10.00919,78250,True,122.89671,2
20260505-014600,-OrrZayPXBiAN3J3-Us5,2026-05-05 09:57:42+00:00,1777975062000,29455,27.56697,44.00404,10.0092,83726,True,99.99979,2
20260505-014600,-OrrZe5weHvH2i80qojC,2026-05-05 09:57:55+00:00,1777975075000,29468,27.54161,44.24187,10.00931,80045,True,106.57881,3
20260505-014600,-OrrZh1akCkRcOB4nebl,2026-05-05 09:58:07+00:00,1777975087000,29480,27.56443,43.97115,10.00927,84316,True,90.89752,3
20260505-014600,-OrrZjy19KR6MBMGI-h9,2026-05-05 09:58:19+00:00,1777975099000,29492,27.5619,43.96442,10.00919,86583,True,73.88502,3
20260505-014600,-OrrZmti0Pw0DVg2jHCE,2026-05-05 09:58:31+00:00,1777975111000,29504,27.5695,43.93034,10.00945,86852,True,66.17393,3
20260505-014600,-OrrZpp6XlrWLOvA4oxa,2026-05-05 09:58:43+00:00,1777975123000,29516,27.57457,43.94222,10.00923,87762,True,61.37663,3
20260505-014600,-OrrZskoZhqJZd3W2Kjm,2026-05-05 09:58:55+00:00,1777975135000,29528,27.5695,43.95024,10.00933,88131,True,59.10477,3
20260505-014600,-OrrZvgVmT04os16PgZt,2026-05-05 09:59:07+00:00,1777975147000,29540,27.57204,43.93807,10.00949,88317,True,56.50924,3
20260505-014600,-OrrZybM82tSPZr4hAv7,2026-05-05 09:59:19+00:00,1777975159000,29552,27.57204,43.92044,10.00928,87946,True,56.66349,3
20260505-014600,-Orr_0ZrWDbpnJ8iS6QH,2026-05-05 09:59:31+00:00,1777975171000,29564,27.5695,43.89846,10.00947,88880,True,53.34896,3
20260505-014600,-Orr_3TWj4AmEfE3jgLe,2026-05-05 09:59:43+00:00,1777975183000,29576,27.57965,43.87574,10.00937,89069,True,52.36483,3
20260505-014600,-Orr_6OjY-4fuaZLXCDp,2026-05-05 09:59:55+00:00,1777975195000,29588,27.5695,43.89526,10.00954,88691,True,52.92677,3
20260505-014600,-Orr_9W1QyR1cijif3ZF,2026-05-05 10:00:07+00:00,1777975207000,29600,27.57204,43.87188,10.00962,88974,True,52.25548,3
20260505-014600,-Orr_CG2Bl8nISFNa5y3,2026-05-05 10:00:19+00:00,1777975219000,29612,27.5695,43.90191,10.00943,88691,True,52.62304,3
20260505-014600,-Orr_FBVFHKfWdJZhTv-,2026-05-05 10:00:31+00:00,1777975231000,29624,27.57204,43.92978,10.00941,88785,True,52.36049,3
20260505-014600,-Orr_I738jvcDLhZzOZM,2026-05-05 10:00:43+00:00,1777975243000,29636,27.57457,43.93736,10.00953,88785,True,52.24457,3
20260505-014600,-Orr_L2XvZqVlzj-ux3p,2026-05-05 10:00:55+00:00,1777975255000,29648,27.5695,43.97663,10.00949,89069,True,51.27381,3
20260505-014600,-Orr_Nyld2BRmaNRT957,2026-05-05 10:01:07+00:00,1777975267000,29660,27.57711,43.97623,10.0098,88691,True,51.10515,2
20260505-014600,-Orr_QuYfRM65wmL3xAN,2026-05-05 10:01:19+00:00,1777975279000,29672,27.5695,44.01056,10.01009,88411,True,52.40393,2
20260505-014600,-Orr_TqmSU9OgGAmUO8Q,2026-05-05 10:01:31+00:00,1777975291000,29684,27.56697,43.97454,10.00961,89545,True,50.0,2
20260505-014600,-Orr_WlYlSFm5TH0fUnk,2026-05-05 10:01:43+00:00,1777975303000,29696,27.57204,43.91268,10.00962,89069,True,50.63509,2
20260505-014600,-Orr_ZhCnKi7LxQDL-zx,2026-05-05 10:01:55+00:00,1777975315000,29708,27.57204,43.89687,10.00948,89449,True,49.88325,2
20260505-014600,-Orr_bcHFJJfOIULN9cQ,2026-05-05 10:02:07+00:00,1777975327000,29720,27.57711,43.88031,10.00959,89354,True,50.92484,2
20260505-014600,-Orr_eZ8HTOz9UsrMCGF,2026-05-05 10:02:19+00:00,1777975339000,29732,27.56697,43.90802,10.00962,88785,True,51.7523,2
20260505-014600,-Orr_hVKoTq5km1AvGlz,2026-05-05 10:02:31+00:00,1777975351000,29744,27.57711,43.85156,10.00975,89641,True,50.6884,2
20260505-014600,-Orr_kPx0Pxn0U12gWIb,2026-05-05 10:02:43+00:00,1777975363000,29756,27.5695,43.8478,10.00973,89069,True,51.5692,2
20260505-014600,-Orr_nLM1tWHgq3vxHBN,2026-05-05 10:02:55+00:00,1777975375000,29768,27.57457,43.8543,10.00978,89259,True,51.06255,3
20260505-014600,-Orr_qGvfyLTCYtSXjNo,2026-05-05 10:03:07+00:00,1777975387000,29780,27.5695,43.88914,10.0095,89354,True,50.89268,3
20260505-014600,-Orr_tRjd3VNNyJIev-F,2026-05-05 10:03:19+00:00,1777975399000,29792,27.57204,43.91001,10.00972,89164,True,51.31262,3
20260505-014600,-Orr_w86rVDgwS97dVck,2026-05-05 10:03:31+00:00,1777975411000,29804,27.5695,43.93217,10.0097,89069,True,50.81191,3
20260505-014600,-Orr_z7V6mipTBoHdkUe,2026-05-05 10:03:43+00:00,1777975423000,29816,27.56697,43.92263,10.00945,89259,True,50.31323,2
20260505-014600,-Orra0znAIgUQtk9-7Sr,2026-05-05 10:03:55+00:00,1777975435000,29828,27.57204,43.90818,10.00951,89164,True,51.55091,2
20260505-014600,-Orra3vT9ImHtC0GjS3y,2026-05-05 10:04:07+00:00,1777975447000,29840,27.57457,43.90052,10.00969,89354,True,50.41157,2
20260505-014600,-Orra6rRn8skXlUQfkky,2026-05-05 10:04:19+00:00,1777975459000,29852,27.57457,43.86657,10.00967,89069,True,51.22437,2
20260505-014600,-Orra9mi5R9yRmxhHHwF,2026-05-05 10:04:31+00:00,1777975471000,29864,27.57457,43.87278,10.00952,89164,True,51.35248,2
20260505-014600,-OrraChqc-0DA38pQ0aZ,2026-05-05 10:04:43+00:00,1777975483000,29876,27.57204,43.88147,10.00967,89259,True,50.92238,3
20260505-014600,-OrraFdI6y9E_VEYTO64,2026-05-05 10:04:55+00:00,1777975495000,29888,27.57965,43.86428,10.01,89069,True,51.34233,3
20260505-014600,-OrraI_5_sSea5ASgjD0,2026-05-05 10:05:07+00:00,1777975507000,29900,27.57204,43.86568,10.00953,89069,True,51.285,3
20260505-014600,-OrraLVPUlAtcPHjqedb,2026-05-05 10:05:19+00:00,1777975519000,29912,27.5695,43.8548,10.00959,89545,True,50.84482,3
20260505-014600,-OrraOQkmQg0e7cbx-qD,2026-05-05 10:05:31+00:00,1777975531000,29924,27.5695,43.82092,10.00982,89259,True,51.44244,3
20260505-014600,-OrraRMN5biv1UoO7S0S,2026-05-05 10:05:43+00:00,1777975543000,29936,27.57204,43.80127,10.00992,89545,True,50.28766,3
20260505-014600,-OrraUHkOHpQEudOplAd,2026-05-05 10:05:55+00:00,1777975555000,29948,27.5695,43.83227,10.00979,89449,True,50.06929,2
20260505-014600,-OrraXDR2M4Szf7WhIWz,2026-05-05 10:06:07+00:00,1777975567000,29960,27.56697,43.85119,10.00975,89545,True,50.05621,2
20260505-014600,-Orra_9NW1Sq1kvjstk3,2026-05-05 10:06:19+00:00,1777975579000,29972,27.5695,43.84105,10.00989,89449,True,51.34624,2
20260505-014600,-OrracFPH7FBW1421s7E,2026-05-05 10:06:31+00:00,1777975591000,29984,27.5695,43.85254,10.00975,89449,True,50.15818,2
20260505-014600,-Orraf7q02Il1GpHsCkL,2026-05-05 10:06:43+00:00,1777975603000,29996,27.57204,43.87056,10.00955,89069,True,51.21185,2
20260505-014600,-OrrahwNQQuYsu-dfLwX,2026-05-05 10:06:55+00:00,1777975615000,30008,27.56697,43.8968,10.00946,89259,True,50.95145,2
20260505-014600,-Orraks2S4jlvdec-DYL,2026-05-05 10:07:07+00:00,1777975627000,30020,27.5619,43.91098,10.00949,89737,True,51.20538,2
20260505-014600,-OrrannMBr1GlWE9aI81,2026-05-05 10:07:19+00:00,1777975639000,30032,27.56697,43.88499,10.00983,89641,True,50.11487,2
20260505-014600,-Orraqj-o9h7hSRE_VPR,2026-05-05 10:07:31+00:00,1777975651000,30044,27.56443,43.87592,10.00951,89641,True,50.91848,2
20260505-014600,-OrrateLh96WMmAcPleF,2026-05-05 10:07:43+00:00,1777975663000,30056,27.5619,43.8401,10.00975,89449,True,51.13049,3
20260505-014600,-Orraw_xui7urOIaxA84,2026-05-05 10:07:55+00:00,1777975675000,30068,27.56697,43.79636,10.00992,89545,True,50.38182,3
20260505-014600,-OrrazWM8w5__mSoem8w,2026-05-05 10:08:07+00:00,1777975687000,30080,27.55936,43.83377,10.00976,89449,True,51.10607,3
20260505-014600,-Orrb1S4jSws6waKikk5,2026-05-05 10:08:19+00:00,1777975699000,30092,27.5619,43.84554,10.00961,89449,True,51.18841,3
20260505-014600,-Orrb4N9SBDdwwsdvHrP,2026-05-05 10:08:31+00:00,1777975711000,30104,27.55936,43.8665,10.00976,89354,True,50.61313,3
20260505-014600,-Orrb7IuLvefzl3HttEM,2026-05-05 10:08:43+00:00,1777975723000,30116,27.56697,43.90242,10.00959,89354,True,50.70408,3
20260505-014600,-OrrbAEVGF4stz1F_yLP,2026-05-05 10:08:55+00:00,1777975735000,30128,27.56443,43.94462,10.00981,89164,True,51.33293,3
20260505-014600,-OrrbD9dKrDRQW4C2f2J,2026-05-05 10:09:07+00:00,1777975747000,30140,27.55936,43.94576,10.00941,89641,True,50.17066,3
20260505-014600,-OrrbG5YTBKb7CThtQSH,2026-05-05 10:09:19+00:00,1777975759000,30152,27.5619,43.932,10.00963,89545,True,50.35064,3
20260505-014600,-OrrbJ0rKOnyA3ZLQ0K3,2026-05-05 10:09:31+00:00,1777975771000,30164,27.55936,43.93246,10.00964,89259,True,51.12133,2
20260505-014600,-OrrbNZOHzFhi6YYY1z6,2026-05-05 10:09:43+00:00,1777975783000,30176,27.5619,43.92936,10.00972,89354,True,50.65835,2
20260505-014600,-OrrbQuNi4Ve_aI1bvT6,2026-05-05 10:10:02+00:00,1777975802000,30196,27.62039,43.77353,10.0097,89641,True,50.2071,2
20260505-014600,-OrrbTfUCE2SWAj3jhML,2026-05-05 10:10:14+00:00,1777975814000,30208,27.52639,44.19258,10.00966,77240,True,131.58716,2
20260505-014600,-OrrbWat412_uWSMrKau,2026-05-05 10:10:26+00:00,1777975826000,30220,27.54161,43.99712,10.0098,82979,True,106.80862,2
20260505-014600,-OrrbZXbIHfDqvLqu2lJ,2026-05-05 10:10:38+00:00,1777975838000,30232,27.53907,43.9832,10.00995,85784,True,84.46372,2
20260505-014600,-OrrbbT2IbmGjDNQX3nf,2026-05-05 10:10:50+00:00,1777975850000,30244,27.54668,43.93261,10.00977,86762,True,72.21844,2
20260505-014600,-OrrbeOeDEpX0yDE51xd,2026-05-05 10:11:02+00:00,1777975862000,30256,27.54922,43.92659,10.00983,87487,True,65.34055,3
20260505-014600,-OrrbhK0j0qNbejUFQTc,2026-05-05 10:11:14+00:00,1777975874000,30268,27.54922,43.8966,10.01006,87946,True,61.37317,3
20260505-014600,-OrrbkFEgUtZgruCBa2F,2026-05-05 10:11:26+00:00,1777975886000,30280,27.54922,43.88797,10.01006,88224,True,58.51468,3
20260505-014600,-OrrbnAfn7GbyGVEud95,2026-05-05 10:11:38+00:00,1777975898000,30292,27.55682,43.86794,10.01015,89069,True,55.80386,3
20260505-014600,-Orrbq6dOLnPdNBPaf_8,2026-05-05 10:11:50+00:00,1777975910000,30304,27.54922,43.86489,10.0102,88504,True,56.22924,3
20260505-014600,-Orrbt1v_L5hM2fNmteE,2026-05-05 10:12:02+00:00,1777975922000,30316,27.55682,43.80103,10.01015,89069,True,54.18288,3
20260505-014600,-Orrbvz0dgLp1Rg--B8S,2026-05-05 10:12:14+00:00,1777975934000,30328,27.55682,43.78639,10.01025,89259,True,52.5118,3
20260505-014600,-OrrbytocYdYwwA_9ipw,2026-05-05 10:12:26+00:00,1777975946000,30340,27.55682,43.82284,10.01002,89641,True,51.72883,3
20260505-014600,-Orrc0tq5gDprC8OWa-5,2026-05-05 10:12:38+00:00,1777975958000,30352,27.55936,43.80861,10.00999,88785,True,53.14165,3
20260505-014600,-Orrc3xBMnY30ozQXK7J,2026-05-05 10:12:50+00:00,1777975970000,30364,27.54922,43.88439,10.00987,89545,True,52.45705,3
20260505-014600,-Orrc6gECFXdHmHETDN2,2026-05-05 10:13:02+00:00,1777975982000,30376,27.55682,43.89364,10.01008,89259,True,52.12597,3
20260505-014600,-Orrc9c_iO4TPnSJdkjT,2026-05-05 10:13:14+00:00,1777975994000,30388,27.55175,43.91695,10.01026,89449,True,52.0581,3
20260505-014600,-OrrcCYGxQ8xwCOP61fd,2026-05-05 10:13:26+00:00,1777976006000,30400,27.54922,43.97022,10.00999,89354,True,52.04969,3
20260505-014600,-OrrcFTdYDxH_KFH_ifA,2026-05-05 10:13:38+00:00,1777976018000,30412,27.55682,43.94328,10.01011,89259,True,52.27367,3
20260505-014600,-OrrcIQ3oFpP8jqC2dcb,2026-05-05 10:13:50+00:00,1777976030000,30424,27.55175,43.95461,10.01014,89259,True,52.01677,3
20260505-014600,-OrrcLKvmaWFdNTx7VCH,2026-05-05 10:14:02+00:00,1777976042000,30436,27.55175,43.95531,10.01008,89069,True,52.09576,3
20260505-014600,-OrrcOGSOf7pUJHomFXm,2026-05-05 10:14:14+00:00,1777976054000,30448,27.55429,43.9532,10.01032,89641,True,50.97703,3
20260505-014600,-OrrcRBxFWX1gcfmawq7,2026-05-05 10:14:26+00:00,1777976066000,30460,27.55682,43.95326,10.01023,89164,True,51.17123,3
20260505-014600,-OrrcU7Z3uqCQkdncfEE,2026-05-05 10:14:38+00:00,1777976078000,30472,27.55429,43.93249,10.01009,89929,True,50.93946,3
20260505-014600,-OrrcX41OJazqj11ySw9,2026-05-05 10:14:50+00:00,1777976090000,30484,27.55936,43.87651,10.01029,89069,True,51.73777,3
20260505-014600,-OrrcZzVCz2iPkEIiHwH,2026-05-05 10:15:02+00:00,1777976102000,30496,27.55682,43.88144,10.01022,89641,True,50.21585,3
20260505-014600,-Orrcbw7fzUcpEOvrW1i,2026-05-05 10:15:14+00:00,1777976114000,30508,27.55429,43.87415,10.01033,89449,True,50.85237,3
20260505-014600,-OrrceqcEQTvP_xREb3G,2026-05-05 10:15:26+00:00,1777976126000,30520,27.55429,43.84855,10.01012,89449,True,50.60555,3
20260505-014600,-OrrchlwOBoeYoP2gXg5,2026-05-05 10:15:38+00:00,1777976138000,30532,27.55175,43.82543,10.01026,89259,True,50.63353,2
20260505-014600,-OrrckhNHitP3xlKgtUd,2026-05-05 10:15:50+00:00,1777976150000,30544,27.55936,43.85929,10.01031,89354,True,50.86789,2
20260505-014600,-OrrcnrF5f7qMo8nwUM9,2026-05-05 10:16:02+00:00,1777976162000,30556,27.55429,43.85753,10.0103,89641,True,51.23277,2
20260505-014600,-OrrcqZTE3OoC2VlI0PW,2026-05-05 10:16:14+00:00,1777976174000,30568,27.55175,43.88005,10.01038,89641,True,50.70921,2
20260505-014600,-OrrctUh_3xRtHfJc-um,2026-05-05 10:16:26+00:00,1777976186000,30580,27.54668,43.86675,10.0103,89545,True,50.83979,2
20260505-014600,-OrrcwQUNlkUNqlv_suJ,2026-05-05 10:16:38+00:00,1777976198000,30592,27.55175,43.84029,10.01044,89929,True,50.45211,3
20260505-014600,-OrrczMDp0nZ8WcrmT5n,2026-05-05 10:16:50+00:00,1777976210000,30604,27.55936,43.80069,10.01063,89354,True,50.97951,2
20260505-014600,-Orrd1H6dv-cORYWasWk,2026-05-05 10:17:02+00:00,1777976222000,30616,27.54922,43.8406,10.01039,89449,True,51.53149,2
20260505-014600,-Orrd4DehoBscS5_el_2,2026-05-05 10:17:14+00:00,1777976234000,30628,27.55175,43.77589,10.01024,89545,True,50.55996,2
20260505-014600,-Orrd78NHMKgM5GZOg2g,2026-05-05 10:17:26+00:00,1777976246000,30640,27.55429,43.75904,10.01032,89449,True,51.44237,2
20260505-014600,-OrrdA3eHa69VYsSObTs,2026-05-05 10:17:38+00:00,1777976258000,30652,27.55682,43.76419,10.01039,89449,True,51.20295,2
20260505-014600,-OrrdD-J6IupIQO5vUKS,2026-05-05 10:17:50+00:00,1777976270000,30664,27.54922,43.77756,10.01043,90317,True,49.52643,2
20260505-014600,-OrrdFvlUmN1HE0HOFOA,2026-05-05 10:18:02+00:00,1777976282000,30676,27.55175,43.79693,10.01029,90220,True,50.0,2
20260505-014600,-OrrdIrnwTsTL4Yg_ThQ,2026-05-05 10:18:14+00:00,1777976294000,30688,27.55175,43.78916,10.01042,89641,True,51.52765,2
20260505-014600,-OrrdLn-2N62ymnb4TV0,2026-05-05 10:18:26+00:00,1777976306000,30700,27.55682,43.80417,10.01055,89833,True,51.06606,2
20260505-014600,-OrrdOiGOo1uhIYAXISG,2026-05-05 10:18:38+00:00,1777976318000,30712,27.55682,43.80261,10.01048,89737,True,51.5127,2
20260505-014600,-OrrdReClJfpTugvHwDS,2026-05-05 10:18:50+00:00,1777976330000,30724,27.55175,43.78533,10.01028,89354,True,52.10749,2
20260505-014600,-OrrdU_EKCXB8SmUcKHY,2026-05-05 10:19:02+00:00,1777976342000,30736,27.55175,43.78661,10.01033,89833,True,51.04251,3
20260505-014600,-OrrdXah-gd6-pxzcUkC,2026-05-05 10:19:14+00:00,1777976354000,30748,27.55175,43.80499,10.01008,89449,True,51.47643,3
20260505-014600,-Orrd_RTF3QPqjC_nvvO,2026-05-05 10:19:26+00:00,1777976366000,30760,27.54668,43.82303,10.01018,90220,True,50.0,2
20260505-014600,-OrrdcNnYotllfJeOnll,2026-05-05 10:19:38+00:00,1777976378000,30772,27.54668,43.80749,10.01039,90220,True,50.90585,2
20260505-014600,-OrrdfIM2Qek_oPc_3FC,2026-05-05 10:19:50+00:00,1777976390000,30784,27.55175,43.80656,10.01047,90611,True,50.0,2
20260505-014600,-OrrdiDo_cNmw7HafX_E,2026-05-05 10:20:02+00:00,1777976402000,30796,27.55175,43.79334,10.0104,89641,True,52.20527,2
20260505-014600,-Orrdl9G8tP9fdwB7jWb,2026-05-05 10:20:14+00:00,1777976414000,30808,27.54922,43.78559,10.01048,90026,True,52.86285,2
20260505-014600,-Orrdo4fWuanWCl2wV1g,2026-05-05 10:20:26+00:00,1777976426000,30820,27.55429,43.79063,10.01035,90317,True,51.95446,2
20260505-014600,-Orrdr0CFJnT1NTJiCsE,2026-05-05 10:20:38+00:00,1777976438000,30832,27.54922,43.81167,10.01036,89641,True,52.80637,2
20260505-014600,-OrrdtxEZYDvVsBAT4bA,2026-05-05 10:20:50+00:00,1777976450000,30844,27.54922,43.82873,10.0105,90220,True,51.24751,3
20260505-014600,-Orrdx-EhISjjhlygQVP,2026-05-05 10:21:02+00:00,1777976462000,30856,27.55429,43.82064,10.01058,89545,True,52.2396,3
20260505-014600,-Orrdzo0iAfH1BRLQAnC,2026-05-05 10:21:14+00:00,1777976474000,30868,27.55429,43.83644,10.01046,89737,True,52.52977,3
20260505-014600,-Orre1jGBve8UB5mferE,2026-05-05 10:21:26+00:00,1777976486000,30880,27.54668,43.86246,10.01039,89929,True,52.78165,3
20260505-014600,-Orre4ecWWkqtxxepool,2026-05-05 10:21:38+00:00,1777976498000,30892,27.54668,43.88065,10.01042,89545,True,53.43624,3
20260505-014600,-Orre7aZN_ZEcjdqOeDS,2026-05-05 10:21:50+00:00,1777976510000,30904,27.55175,43.87664,10.01054,89641,True,53.78578,3
20260505-014600,-OrreAX9wjACK_2BfA3B,2026-05-05 10:22:02+00:00,1777976522000,30916,27.54922,43.88535,10.01069,89449,True,53.63942,3
20260505-014600,-OrreDSF84I0irFncpK5,2026-05-05 10:22:14+00:00,1777976534000,30928,27.55175,43.83622,10.01063,89641,True,53.20479,3
20260505-014600,-OrreGmytGyFSYNKFebO,2026-05-05 10:22:26+00:00,1777976546000,30940,27.55175,43.82047,10.01051,90220,True,51.52307,3
20260505-014600,-OrreJJ8vi2Umvvfn5PP,2026-05-05 10:22:38+00:00,1777976558000,30952,27.54922,43.80288,10.01071,89641,True,51.94629,3
20260505-014600,-OrreMGKO8rEz0MNfqQN,2026-05-05 10:22:51+00:00,1777976571000,30964,27.54414,43.81114,10.01054,90026,True,53.13837,3
20260505-014600,-OrrePBykQmdjRlr57Vu,2026-05-05 10:23:03+00:00,1777976583000,30976,27.54668,43.80619,10.01049,89259,True,53.8497,3
20260505-014600,-OrreS7KNkPJ_LCw23_w,2026-05-05 10:23:15+00:00,1777976595000,30988,27.54414,43.8155,10.01038,89929,True,51.92083,3
20260505-014600,-OrreV67CUwtLsXoXrqa,2026-05-05 10:23:27+00:00,1777976607000,31000,27.54414,43.81067,10.01052,89833,True,52.43215,3
20260505-014600,-OrreXzBFuAnTa0ScRTW,2026-05-05 10:23:39+00:00,1777976619000,31012,27.54414,43.80018,10.01049,89737,True,52.80759,3
20260505-014600,-Orre_ux-MX1TDO3eWcW,2026-05-05 10:23:51+00:00,1777976631000,31024,27.54414,43.81297,10.01045,90123,True,50.9614,3
20260505-014600,-OrrecqF5xTkIuFId8gN,2026-05-05 10:24:03+00:00,1777976643000,31036,27.54668,43.84023,10.0106,90317,True,50.97434,3
20260505-014600,-Orrefm8phRN--QTcxUM,2026-05-05 10:24:15+00:00,1777976655000,31048,27.54668,43.82829,10.01049,90220,True,50.92626,3
20260505-014600,-OrreihFAuKUebL2wnvV,2026-05-05 10:24:27+00:00,1777976667000,31060,27.54922,43.79172,10.01068,89641,True,52.95734,3
20260505-014600,-Orreld1W5WwmerSjGEM,2026-05-05 10:24:39+00:00,1777976679000,31072,27.54668,43.78018,10.01067,89449,True,52.20395,3
20260505-014600,-OrreoZGXBfnppdNKMCR,2026-05-05 10:24:51+00:00,1777976691000,31084,27.54668,43.80183,10.01076,89833,True,52.17555,3
20260505-014600,-OrrerUyU10BNWPG4B6A,2026-05-05 10:25:03+00:00,1777976703000,31096,27.534,43.79781,10.01042,89641,True,52.45361,3
20260505-014600,-OrreuQ_OwAdbbUTuLyp,2026-05-05 10:25:15+00:00,1777976715000,31108,27.54414,43.74343,10.01066,90220,True,52.0656,3
20260505-014600,-OrrexXzzhrH0K4aWVym,2026-05-05 10:25:27+00:00,1777976727000,31120,27.53907,43.7555,10.01053,90123,True,51.33308,3
20260505-014600,-Orrf-HUzJ4uHbzG9RRH,2026-05-05 10:25:39+00:00,1777976739000,31132,27.54161,43.76397,10.01054,90220,True,51.38577,3
20260505-014600,-Orrf2D3HXE4gX65Z4ij,2026-05-05 10:25:51+00:00,1777976751000,31144,27.54922,43.73882,10.01085,90317,True,51.44948,3
20260505-014600,-Orrf58G_yfA_OzcLfBt,2026-05-05 10:26:03+00:00,1777976763000,31156,27.54161,43.74921,10.0107,89641,True,52.35014,3
20260505-014600,-Orrf83mXe3eSXx7MW3z,2026-05-05 10:26:15+00:00,1777976775000,31168,27.54414,43.72628,10.01081,89833,True,51.94048,3
20260505-014600,-OrrfB-UC3sumu4m76AQ,2026-05-05 10:26:27+00:00,1777976787000,31180,27.53907,43.7263,10.01093,89737,True,51.96884,3
20260505-014600,-OrrfDvr-L9-08aFFL-u,2026-05-05 10:26:39+00:00,1777976799000,31192,27.53907,43.73704,10.01083,90220,True,51.2785,3
20260505-014600,-OrrfGrOVd97CD723UzT,2026-05-05 10:26:51+00:00,1777976811000,31204,27.54161,43.74833,10.01117,90123,True,52.20284,3
20260505-014600,-OrrfJn7iQVL7icrwn56,2026-05-05 10:27:03+00:00,1777976823000,31216,27.534,43.77607,10.01091,90220,True,50.83809,3
20260505-014600,-OrrfMiCx1oa_1xFgdDI,2026-05-05 10:27:15+00:00,1777976835000,31228,27.53907,43.76531,10.01106,89737,True,52.10437,3
20260505-014600,-OrrfPdspJJuO9VByTLS,2026-05-05 10:27:27+00:00,1777976847000,31240,27.54161,43.78394,10.01101,89737,True,53.0096,3
20260505-014600,-OrrfS_PNSUu2n362SNM,2026-05-05 10:27:39+00:00,1777976859000,31252,27.53654,43.84052,10.011,89737,True,52.15689,3
20260505-014600,-OrrfVVmegHfCxdFr3_g,2026-05-05 10:27:51+00:00,1777976871000,31264,27.54161,43.8613,10.01122,89641,True,52.84097,3
20260505-014600,-OrrfYRVKHxqk3Z4IdNa,2026-05-05 10:28:03+00:00,1777976883000,31276,27.534,43.87231,10.01094,90123,True,52.34525,3
20260505-014600,-OrrfaN3qKia6r2vXzKC,2026-05-05 10:28:15+00:00,1777976895000,31288,27.54161,43.82086,10.01114,90317,True,51.30492,3
20260505-014600,-OrrfdIYFZjoomWEUw1F,2026-05-05 10:28:27+00:00,1777976907000,31300,27.534,43.80397,10.01103,90026,True,51.69791,3
20260505-014600,-OrrfgSnJee-EDPxJo5G,2026-05-05 10:28:39+00:00,1777976919000,31312,27.53654,43.76239,10.01116,89545,True,51.87743,3
20260505-014600,-Orrfj95FSFTD96pntdq,2026-05-05 10:28:51+00:00,1777976931000,31324,27.53654,43.73527,10.01125,90220,True,51.38744,3
20260505-014600,-Orrfm9X0SiWlceaO284,2026-05-05 10:29:03+00:00,1777976943000,31336,27.53907,43.72693,10.01132,90415,True,51.48985,3
20260505-014600,-Orrfp0_mkX9E4xDYS54,2026-05-05 10:29:15+00:00,1777976955000,31348,27.53654,43.74714,10.01142,90026,True,51.46433,3
20260505-014600,-OrrfrwjTx0n6Rk5Zs8f,2026-05-05 10:29:27+00:00,1777976967000,31360,27.53654,43.75291,10.01118,90611,True,50.70226,3
20260505-014600,-OrrfusnB6xJQd9404N8,2026-05-05 10:29:39+00:00,1777976979000,31372,27.53907,43.74234,10.01152,90513,True,50.47517,3
20260505-014600,-OrrfxncGUiteHdRXGn5,2026-05-05 10:29:51+00:00,1777976991000,31384,27.52893,43.74343,10.01116,89833,True,51.99894,3
20260505-014600,-Orrg-jJkG3pi8aTwvXu,2026-05-05 10:30:03+00:00,1777977003000,31396,27.53907,43.76841,10.01141,90220,True,51.31381,3
20260505-014600,-Orrg2ete6Ibxfeh9yBg,2026-05-05 10:30:15+00:00,1777977015000,31408,27.53654,43.80329,10.01126,89737,True,51.95107,3
20260505-014600,-Orrg5ajxn87tJatpf_f,2026-05-05 10:30:27+00:00,1777977027000,31420,27.53147,43.8138,10.0112,89737,True,52.48618,3
20260505-014600,-Orrg8X-sFfSwu3R22Iu,2026-05-05 10:30:39+00:00,1777977039000,31432,27.534,43.78196,10.01124,89929,True,51.03921,3
20260505-014600,-OrrgBSML9Vvdc5gIfmY,2026-05-05 10:30:51+00:00,1777977051000,31444,27.52893,43.78318,10.01149,89929,True,51.18703,3
20260505-014600,-OrrgEP-0ovav-0cE2-Q,2026-05-05 10:31:03+00:00,1777977063000,31456,27.53907,43.78229,10.01155,90513,True,50.0,2
20260505-014600,-OrrgHJS3Hmd0-DQS7t3,2026-05-05 10:31:15+00:00,1777977075000,31468,27.53907,43.7767,10.01164,90513,True,50.3737,2
20260505-014600,-OrrgKEoPIoWT2OJKDEt,2026-05-05 10:31:27+00:00,1777977087000,31480,27.53147,43.79233,10.01148,89833,True,51.43002,2
20260505-014600,-OrrgNADGHUqIXZ6s8e8,2026-05-05 10:31:39+00:00,1777977099000,31492,27.53654,43.75383,10.01149,90026,True,52.22375,2
20260505-014600,-OrrgRDzia-QWAHqUIN-,2026-05-05 10:31:51+00:00,1777977111000,31504,27.53147,43.77736,10.01147,89833,True,52.50166,2
20260505-014600,-OrrgSrYkrqUsNe6Gp6w,2026-05-05 10:32:02+00:00,1777977122000,31515,27.45033,44.3734,10.01142,80352,True,71.62408,2
20260505-014600,-OrrgVmrl78M5tjZmtlM,2026-05-05 10:32:14+00:00,1777977134000,31527,27.51879,43.88158,10.01151,86137,True,81.06843,3
20260505-014600,-OrrgYki7D8l-7ztD3yG,2026-05-05 10:32:26+00:00,1777977146000,31539,27.52386,43.82059,10.01152,88224,True,69.13562,3
20260505-014600,-Orrgae4grviczsZ9Lui,2026-05-05 10:32:38+00:00,1777977158000,31551,27.53147,43.80562,10.01171,89069,True,62.02889,3
20260505-014600,-Orrgda9tiUhxy5AnghS,2026-05-05 10:32:50+00:00,1777977170000,31563,27.53147,43.79255,10.01157,89354,True,56.88422,3
20260505-014600,-OrrggVr2efCmwha-Ei2,2026-05-05 10:33:02+00:00,1777977182000,31575,27.52133,43.80546,10.01144,89449,True,55.36777,3
20260505-014600,-OrrgjRR1Idihp2qngml,2026-05-05 10:33:14+00:00,1777977194000,31587,27.52639,43.77475,10.01137,89641,True,53.96378,3
20260505-014600,-OrrgmNVy27de8l8chg5,2026-05-05 10:33:26+00:00,1777977206000,31599,27.52893,43.76786,10.01156,89545,True,53.81646,3
20260505-014600,-OrrgpJVW6FplZlqOvp1,2026-05-05 10:33:38+00:00,1777977218000,31611,27.52386,43.75044,10.01161,89929,True,52.81071,3
20260505-014600,-OrrgsG_ZQ6oj3flGnxy,2026-05-05 10:33:50+00:00,1777977230000,31623,27.52639,43.7596,10.01151,89833,True,53.58795,3
20260505-014600,-Orrgv9CSuZH4KUr2chG,2026-05-05 10:34:02+00:00,1777977242000,31635,27.52386,43.80109,10.01143,90026,True,52.87896,3
20260505-014600,-Orrgy4xHE21Dq5mg5HN,2026-05-05 10:34:14+00:00,1777977254000,31647,27.52386,43.80134,10.01154,90026,True,52.71116,3
20260505-014600,-Orrh00MgpupstOHB2fk,2026-05-05 10:34:26+00:00,1777977266000,31659,27.52893,43.77137,10.01142,89833,True,52.50586,3
20260505-014600,-Orrh2y8SfsHidPAmQiK,2026-05-05 10:34:38+00:00,1777977278000,31671,27.53147,43.7631,10.01155,90220,True,51.53675,3
20260505-014600,-Orrh5sTt5AhVC5f8op7,2026-05-05 10:34:50+00:00,1777977290000,31683,27.52639,43.79036,10.01149,90123,True,51.32449,3
20260505-014600,-Orrh93dOeDzA8nn0Sv2,2026-05-05 10:35:02+00:00,1777977302000,31695,27.52386,43.79768,10.0115,90220,True,51.6176,3
20260505-014600,-OrrhBjW4bLLoCWelP4W,2026-05-05 10:35:14+00:00,1777977314000,31707,27.51879,43.7827,10.01137,90513,True,51.77566,3
20260505-014600,-OrrhEgqkevtK2g7fTYi,2026-05-05 10:35:26+00:00,1777977326000,31719,27.52639,43.79588,10.01154,89545,True,52.9461,3
20260505-014600,-OrrhHakw_qGyEypx_ug,2026-05-05 10:35:38+00:00,1777977338000,31731,27.52386,43.82326,10.01157,90026,True,52.70627,3
20260505-014600,-OrrhKX6-XosfLXcnkpv,2026-05-05 10:35:50+00:00,1777977350000,31743,27.52133,43.8201,10.01144,89641,True,53.1521,3
20260505-014600,-OrrhNSJnOx240JF1CFQ,2026-05-05 10:36:02+00:00,1777977362000,31755,27.52639,43.81385,10.01152,90123,True,52.16743,3
20260505-014600,-OrrhQNhCtGZAeVI951m,2026-05-05 10:36:14+00:00,1777977374000,31767,27.52133,43.84685,10.0113,90123,True,51.61027,3
20260505-014600,-OrrhTKBcCTt2i8jsVX3,2026-05-05 10:36:26+00:00,1777977386000,31779,27.52893,43.77265,10.01183,90415,True,50.82061,3
20260505-014600,-OrrhWEnyRYrVNYSoQ9C,2026-05-05 10:36:38+00:00,1777977398000,31791,27.52893,43.71671,10.01172,90317,True,50.69246,2
20260505-014600,-OrrhZAhBjyLAblTJbDJ,2026-05-05 10:36:50+00:00,1777977410000,31803,27.51625,43.74101,10.01145,90220,True,51.23051,2
20260505-014600,-Orrhb5uuJqk__nw9iK2,2026-05-05 10:37:02+00:00,1777977422000,31815,27.52386,43.71698,10.01159,89833,True,52.72147,2
20260505-014600,-Orrhe19p3NDWh85hkDG,2026-05-05 10:37:14+00:00,1777977434000,31827,27.52386,43.69669,10.01162,89929,True,52.0561,2
20260505-014600,-Orrhh4Cbu48TkEYNzZb,2026-05-05 10:37:26+00:00,1777977446000,31839,27.51625,43.72557,10.01129,90220,True,52.25274,2
20260505-014600,-OrrhjtNkKMsicTmHBXx,2026-05-05 10:37:38+00:00,1777977458000,31851,27.51879,43.7046,10.01153,90220,True,52.37762,3
20260505-014600,-Orrhmv0ZjxGoGgvNiZY,2026-05-05 10:37:50+00:00,1777977470000,31863,27.52386,43.70132,10.01175,90709,True,51.26324,3
20260505-014600,-Orrhpkax5yzNwe2TGyJ,2026-05-05 10:38:02+00:00,1777977482000,31875,27.51625,43.73838,10.01159,90807,True,50.0,2
20260505-014600,-OrrhslTVo2S6Oyppb_t,2026-05-05 10:38:14+00:00,1777977494000,31887,27.51879,43.74122,10.01167,90220,True,51.31283,2
20260505-014600,-OrrhvbdFMfksUI_ySyQ,2026-05-05 10:38:26+00:00,1777977506000,31899,27.52386,43.70766,10.01178,90513,True,51.31361,2
20260505-014600,-OrrhyXq9elnbPyRilYE,2026-05-05 10:38:38+00:00,1777977518000,31911,27.51372,43.75811,10.01169,90123,True,51.34321,2
20260505-014600,-Orri0TR_zCBJxKcO5ha,2026-05-05 10:38:50+00:00,1777977530000,31923,27.52386,43.74636,10.01194,90123,True,51.48747,2
20260505-014600,-Orri3Oze70TnpuULnwX,2026-05-05 10:39:02+00:00,1777977542000,31935,27.52386,43.74392,10.01198,90611,True,51.17002,2
20260505-014600,-Orri6KONkS_jMLtxP0b,2026-05-05 10:39:14+00:00,1777977554000,31947,27.51625,43.75225,10.01196,90123,True,52.0386,3
20260505-014600,-Orri9GfZoTvj9imM_yB,2026-05-05 10:39:26+00:00,1777977566000,31959,27.52386,43.75849,10.01212,90415,True,51.35986,3
20260505-014600,-OrriCBNUqbNsvOXjiDv,2026-05-05 10:39:38+00:00,1777977578000,31971,27.52639,43.74486,10.01232,90317,True,50.96681,3
20260505-014600,-OrriF73Ueed8Ew1-hwj,2026-05-05 10:39:50+00:00,1777977590000,31983,27.52133,43.76754,10.01208,90807,True,50.10675,3
20260505-014600,-OrriI4E9H4dCKgPvLab,2026-05-05 10:40:02+00:00,1777977602000,31995,27.58045,43.60001,10.01202,90317,True,50.48103,3
20260505-014600,-OrriL-iNrb7f2kud1B7,2026-05-05 10:40:14+00:00,1777977614000,32007,27.4985,43.98012,10.01194,82734,True,101.23486,3
20260505-014600,-OrriNw3YIxyuDYeu1ll,2026-05-05 10:40:26+00:00,1777977626000,32019,27.50865,43.84689,10.01189,87032,True,84.10282,3
20260505-014600,-OrriQrnIRMsgs9e8WG1,2026-05-05 10:40:38+00:00,1777977638000,32031,27.50104,43.84509,10.01173,88224,True,71.26275,3
20260505-014600,-OrriTnLTfBBiV8AC82e,2026-05-05 10:40:50+00:00,1777977650000,32043,27.50865,43.84874,10.01207,88504,True,64.15244,3
20260505-014600,-OrriWiqSa1fkkNl7O5q,2026-05-05 10:41:02+00:00,1777977662000,32055,27.51625,43.8279,10.01203,89354,True,59.27998,3
20260505-014600,-Orri_DM7f04HCC43Ob4,2026-05-05 10:41:14+00:00,1777977674000,32067,27.51625,43.8305,10.01217,89833,True,56.78438,3
20260505-014600,-OrribaVjAm2DTtqcQXU,2026-05-05 10:41:26+00:00,1777977686000,32079,27.52133,43.81127,10.01234,89833,True,56.04213,3
20260505-014600,-OrrieW4xyUuq0o-jKVg,2026-05-05 10:41:38+00:00,1777977698000,32091,27.51372,43.83763,10.01185,90026,True,54.7481,3
20260505-014600,-OrrihRxNwFzG0HqkZRm,2026-05-05 10:41:50+00:00,1777977710000,32103,27.51118,43.8401,10.01202,89449,True,55.20762,3
20260505-014600,-OrrikNM7yyvECi7QxxH,2026-05-05 10:42:02+00:00,1777977722000,32115,27.51879,43.80067,10.01212,90123,True,53.40503,3
20260505-014600,-OrrinIoo7O7M89lqHB6,2026-05-05 10:42:14+00:00,1777977734000,32127,27.52386,43.81128,10.01229,89833,True,53.71394,3
20260505-014600,-OrriqEmIfuzbe7iQ2Fb,2026-05-05 10:42:26+00:00,1777977746000,32139,27.51625,43.84274,10.01222,89737,True,53.44157,3
20260505-014600,-Orrit9KAtHFJulfKV_K,2026-05-05 10:42:38+00:00,1777977758000,32151,27.51625,43.8284,10.01226,89833,True,52.29693,3
20260505-014600,-Orriw5FXdldHskff2lJ,2026-05-05 10:42:50+00:00,1777977770000,32163,27.51372,43.8172,10.01224,89833,True,53.38223,3
20260505-014600,-Orriz1sslwkGtnk3vLm,2026-05-05 10:43:02+00:00,1777977782000,32175,27.51625,43.79069,10.01229,90415,True,52.11985,3
20260505-014600,-Orrj0xBJjg9A269l1ES,2026-05-05 10:43:14+00:00,1777977794000,32187,27.51879,43.75449,10.01242,90513,True,51.38964,3
20260505-014600,-Orrj3t8gMkT6uYHLjr6,2026-05-05 10:43:26+00:00,1777977806000,32199,27.51372,43.75143,10.01227,90026,True,51.5694,3
20260505-014600,-Orrj6nyaPinYHMpbKaO,2026-05-05 10:43:38+00:00,1777977818000,32211,27.51372,43.7498,10.01227,90220,True,52.20249,3
20260505-014600,-Orrj9jR6VnZUVQQmz-u,2026-05-05 10:43:50+00:00,1777977830000,32223,27.51118,43.71738,10.01216,90026,True,51.7931,3
20260505-014600,-OrrjCg-Jl1u9RO4_UaL,2026-05-05 10:44:02+00:00,1777977842000,32235,27.50865,43.69249,10.01237,90807,True,51.10184,3
20260505-014600,-OrrjFanzvxpFJnZFIxA,2026-05-05 10:44:14+00:00,1777977854000,32247,27.51118,43.69098,10.01232,90317,True,52.11906,3
20260505-014600,-OrrjImeVhyjqI25DqTw,2026-05-05 10:44:26+00:00,1777977866000,32259,27.51118,43.71263,10.01228,90123,True,52.11688,3
20260505-014600,-OrrjLSboOZZRFdeZLVI,2026-05-05 10:44:38+00:00,1777977878000,32271,27.51118,43.7264,10.01235,90317,True,51.65988,3
20260505-014600,-OrrjOO5vxC3_r4YT8zi,2026-05-05 10:44:50+00:00,1777977890000,32283,27.50611,43.74018,10.01247,90220,True,52.30887,3
20260505-014600,-OrrjRJyMbssBLUxQHfO,2026-05-05 10:45:02+00:00,1777977902000,32295,27.51118,43.71549,10.01269,90709,True,50.98129,3
20260505-014600,-OrrjUEtaddHPIbqFk7p,2026-05-05 10:45:14+00:00,1777977914000,32307,27.51118,43.72192,10.01256,90026,True,51.72887,3
20260505-014600,-OrrjXB6PNfSDzU81yUy,2026-05-05 10:45:26+00:00,1777977926000,32319,27.50865,43.71883,10.01254,90317,True,51.60348,3
20260505-014600,-Orrj_63umQicEA30Prd,2026-05-05 10:45:38+00:00,1777977938000,32331,27.51118,43.72061,10.0123,90611,True,51.46574,3
20260505-014600,-Orrjc1gWfzxtuS7WOON,2026-05-05 10:45:50+00:00,1777977950000,32343,27.50865,43.73192,10.01256,90709,True,50.33138,3
20260505-014600,-Orrjey7RjTOMkmVntvJ,2026-05-05 10:46:02+00:00,1777977962000,32355,27.50865,43.73329,10.01256,90415,True,50.8493,2
20260505-014600,-OrrjhtZ2oYv6BlQsrXe,2026-05-05 10:46:14+00:00,1777977974000,32367,27.51118,43.71432,10.01274,90415,True,50.5285,2
20260505-014600,-OrrjkpXobc7g7rMxqP6,2026-05-05 10:46:26+00:00,1777977986000,32379,27.50865,43.74917,10.01245,90709,True,50.0,2
20260505-014600,-Orrjnkcne3FwksQFGZj,2026-05-05 10:46:38+00:00,1777977998000,32391,27.50611,43.73569,10.0124,90709,True,50.08868,2
20260505-014600,-OrrjqfxxVWj8JwoJybU,2026-05-05 10:46:50+00:00,1777978010000,32403,27.50865,43.70972,10.01254,91004,True,49.9352,2
20260505-014600,-Orrjtbd6sYeZ06IF5O6,2026-05-05 10:47:02+00:00,1777978022000,32415,27.50865,43.68669,10.01249,91004,True,50.0,2
20260505-014600,-OrrjwXuDAEd05_W_Edo,2026-05-05 10:47:14+00:00,1777978034000,32427,27.51372,43.67738,10.01278,91004,True,50.90456,2
20260505-014600,-OrrjzU-iXL2dwEM5qrG,2026-05-05 10:47:26+00:00,1777978046000,32439,27.50611,43.7159,10.01255,90906,True,50.68751,2
20260505-014600,-Orrk1gJTCGURgtNzx5y,2026-05-05 10:47:38+00:00,1777978058000,32451,27.50104,43.70848,10.01263,90026,True,51.95238,2
20260505-014600,-Orrk4KW34C8SLebWpPe,2026-05-05 10:47:50+00:00,1777978070000,32463,27.50611,43.70039,10.0125,90513,True,52.98449,2
20260505-014600,-Orrk7FoVUMYdLkUkAkO,2026-05-05 10:48:02+00:00,1777978082000,32475,27.4985,43.73108,10.0125,90611,True,52.65838,3
20260505-014600,-OrrkABcPmRE66hofGMh,2026-05-05 10:48:14+00:00,1777978094000,32487,27.50611,43.7284,10.01289,91004,True,51.47829,3
20260505-014600,-OrrkD7Cxfq9KxPIyouR,2026-05-05 10:48:26+00:00,1777978106000,32499,27.50865,43.77433,10.01275,90415,True,52.04924,3
20260505-014600,-OrrkG2fvNt4lu52nKB0,2026-05-05 10:48:38+00:00,1777978118000,32511,27.50357,43.83469,10.01278,90026,True,52.63194,3
20260505-014600,-OrrkIywHc538dwnGhV4,2026-05-05 10:48:50+00:00,1777978130000,32523,27.50611,43.8325,10.01292,90611,True,52.29096,3
20260505-014600,-OrrkLuRA83Bz3UBZ_t0,2026-05-05 10:49:02+00:00,1777978142000,32535,27.50611,43.79724,10.01292,91004,True,51.11143,3
20260505-014600,-OrrkOpumY9swbsIEQfb,2026-05-05 10:49:14+00:00,1777978154000,32547,27.51118,43.79498,10.013,90709,True,51.67347,3
20260505-014600,-OrrkRluZujSwCwa8Jh7,2026-05-05 10:49:26+00:00,1777978166000,32559,27.51118,43.80581,10.01285,90709,True,51.12516,3
20260505-014600,-OrrkUgpXb2f99h_sMWR,2026-05-05 10:49:38+00:00,1777978178000,32571,27.51372,43.79202,10.01303,90123,True,52.94339,3
20260505-014600,-OrrkXcYWI0RaS6-mTZM,2026-05-05 10:49:50+00:00,1777978190000,32583,27.51372,43.78852,10.01301,90317,True,52.96027,3
20260505-014600,-Orrk_Z0ERNZraWtXU7J,2026-05-05 10:50:02+00:00,1777978202000,32595,27.50611,43.79705,10.01278,90513,True,51.74829,3
20260505-014600,-OrrkcUFsS4qYHABhRSR,2026-05-05 10:50:14+00:00,1777978214000,32607,27.50357,43.80683,10.01294,90415,True,52.48373,3
20260505-014600,-OrrkfQ32O16yjYrtMjb,2026-05-05 10:50:26+00:00,1777978226000,32619,27.50611,43.80756,10.01285,90415,True,51.99201,3
20260505-014600,-OrrkiLQRv0ed14GZs5t,2026-05-05 10:50:38+00:00,1777978238000,32631,27.50357,43.7896,10.01269,90709,True,52.22885,3
20260505-014600,-OrrklSRhFOXW9eCg9-B,2026-05-05 10:50:50+00:00,1777978250000,32643,27.51372,43.77437,10.01308,90415,True,51.33651,3
20260505-014600,-OrrkoCfbSMqtkp1BV2x,2026-05-05 10:51:02+00:00,1777978262000,32655,27.51118,43.78858,10.01309,89929,True,52.97665,3
20260505-014600,-Orrkr7iDcnNQR1Dzv18,2026-05-05 10:51:14+00:00,1777978274000,32667,27.50865,43.74915,10.0131,90611,True,52.77829,3
20260505-014600,-Orrku3ygz8QWFS0r5qR,2026-05-05 10:51:26+00:00,1777978286000,32679,27.50357,43.76983,10.01301,90317,True,52.68629,3
20260505-014600,-Orrkx-2-h_rq2Cyljcf,2026-05-05 10:51:38+00:00,1777978298000,32691,27.50865,43.74894,10.01323,90220,True,53.67762,3
20260505-014600,-OrrkzvP81H55gEKGXje,2026-05-05 10:51:50+00:00,1777978310000,32703,27.50104,43.74866,10.01318,90807,True,52.25996,3
20260505-014600,-Orrl1r7JvkNgp-NdZYN,2026-05-05 10:52:02+00:00,1777978322000,32715,27.50357,43.78698,10.01329,90513,True,52.4634,3
20260505-014600,-Orrl4mH9IOvvisWwiet,2026-05-05 10:52:14+00:00,1777978334000,32727,27.50611,43.76692,10.01333,90317,True,52.38968,3
20260505-014600,-Orrl7is0ZX2wVSqsDal,2026-05-05 10:52:26+00:00,1777978346000,32739,27.50611,43.71815,10.01336,91004,True,50.89479,3
20260505-014600,-OrrlAdfQeFZG6mFA5Ju,2026-05-05 10:52:38+00:00,1777978358000,32751,27.50611,43.72788,10.01345,90611,True,51.15016,3
20260505-014600,-OrrlD_IPPr6lCH3aUV8,2026-05-05 10:52:50+00:00,1777978370000,32763,27.50104,43.73989,10.01344,90611,True,51.8329,3
20260505-014600,-OrrlGVYJiuNjqpZa5Q3,2026-05-05 10:53:02+00:00,1777978382000,32775,27.50357,43.75323,10.01353,90709,True,50.80391,3
20260505-014600,-OrrlJQvss_ZvbB6XqCK,2026-05-05 10:53:14+00:00,1777978394000,32787,27.50357,43.76867,10.01334,90709,True,51.39861,3
20260505-014600,-OrrlMMxS51YzG6I8KR_,2026-05-05 10:53:26+00:00,1777978406000,32799,27.50611,43.75616,10.01349,90709,True,50.67674,3
20260505-014600,-OrrlPHieG64LmXsdDll,2026-05-05 10:53:38+00:00,1777978418000,32811,27.50357,43.74376,10.01352,90709,True,51.36713,3
20260505-014600,-OrrlSDUj_juL7SRjk9u,2026-05-05 10:53:50+00:00,1777978430000,32823,27.50357,43.77987,10.01344,90220,True,52.53123,3
20260505-014600,-OrrlVuTfLzdttgzFKz6,2026-05-05 10:54:02+00:00,1777978442000,32835,27.4985,43.81179,10.01338,90513,True,52.50154,3
20260505-014600,-OrrlYCGAUjatxMYlJ1m,2026-05-05 10:54:14+00:00,1777978454000,32848,27.47061,44.03852,10.01339,85087,True,72.50699,3
20260505-014600,-Orrla7UXJ5FiGMDwF6U,2026-05-05 10:54:26+00:00,1777978466000,32860,27.49343,43.8322,10.01348,88131,True,70.15243,3
20260505-014600,-Orrld2rAJNSLZhJZBYi,2026-05-05 10:54:38+00:00,1777978478000,32872,27.49597,43.7899,10.01369,89833,True,61.17388,3
20260505-014600,-OrrlfzpAS_Wh5FVjc6U,2026-05-05 10:54:50+00:00,1777978490000,32884,27.49597,43.78205,10.01354,89737,True,58.85349,3
20260505-014600,-Orrliuqu9Yelb8seqvQ,2026-05-05 10:55:02+00:00,1777978502000,32896,27.50611,43.73454,10.01377,90026,True,56.536,3
20260505-014600,-OrrllqOeAXVCvm7Xf1O,2026-05-05 10:55:14+00:00,1777978514000,32908,27.4985,43.75577,10.0135,90317,True,54.3436,3
20260505-014600,-OrrlolfqmJX8Lr4OWTg,2026-05-05 10:55:26+00:00,1777978526000,32920,27.4985,43.75806,10.01352,90611,True,52.77244,3
20260505-014600,-OrrlrgzTkPpn_rQcy9u,2026-05-05 10:55:38+00:00,1777978538000,32932,27.50104,43.74691,10.01355,89929,True,54.50235,3
20260505-014600,-Orrlucp3YqzYRBWiCJG,2026-05-05 10:55:50+00:00,1777978550000,32944,27.50357,43.75865,10.01374,90807,True,51.58992,3
20260505-014600,-OrrlxZ-QHjhB7U89PW6,2026-05-05 10:56:02+00:00,1777978562000,32956,27.50104,43.75079,10.01367,90807,True,51.71835,3
20260505-014600,-Orrm-UfyiRmzEMNd_7c,2026-05-05 10:56:14+00:00,1777978574000,32968,27.49343,43.77407,10.01337,90807,True,51.52039,3
20260505-014600,-Orrm2QE510FDhVyUult,2026-05-05 10:56:26+00:00,1777978586000,32980,27.49597,43.75845,10.01357,90611,True,51.93541,3
20260505-014600,-Orrm5Lz_EIY0RLelu8C,2026-05-05 10:56:38+00:00,1777978598000,32992,27.49597,43.75303,10.01364,90220,True,52.22227,3
20260505-014600,-Orrm8HCrix7UHguHDwJ,2026-05-05 10:56:50+00:00,1777978610000,33004,27.49597,43.78101,10.01373,90220,True,53.1494,3
20260505-014600,-OrrmDeM3VKjs9rkNsiA,2026-05-05 10:57:02+00:00,1777978622000,33016,27.49343,43.7807,10.01386,90415,True,52.07368,3
20260505-014600,-OrrmEQoSn50H1jlYdia,2026-05-05 10:57:15+00:00,1777978635000,33029,27.55353,43.63467,10.01387,90611,True,51.86564,3
20260505-014600,-OrrmHLzhKo0dhtD4FOF,2026-05-05 10:57:27+00:00,1777978647000,33041,27.46807,43.98458,10.0137,82165,True,106.75731,3
20260505-014600,-OrrmKHXFySIWcFDyJo2,2026-05-05 10:57:39+00:00,1777978659000,33053,27.48075,43.80988,10.01387,86049,True,89.8261,3
20260505-014600,-OrrmNDUjjzWwlDVxLN8,2026-05-05 10:57:51+00:00,1777978671000,33065,27.48582,43.80542,10.01402,88039,True,73.38202,3
20260505-014600,-OrrmQ8RPcoBMVdRjoq-,2026-05-05 10:58:03+00:00,1777978683000,33077,27.4909,43.78523,10.01382,88691,True,65.64894,3
20260505-014600,-OrrmT4brz7eqDtEv7Fb,2026-05-05 10:58:15+00:00,1777978695000,33089,27.47822,43.79322,10.01366,89354,True,60.34038,3
20260505-014600,-OrrmW-WRjOk5JOrRUal,2026-05-05 10:58:27+00:00,1777978707000,33101,27.4909,43.77505,10.01386,89737,True,57.68503,3
20260505-014600,-OrrmYw0gSqR5HpmRD-g,2026-05-05 10:58:39+00:00,1777978719000,33113,27.49597,43.80859,10.01392,90026,True,56.52097,3
20260505-014600,-Orrmas5fkHyi6cCsFot,2026-05-05 10:58:51+00:00,1777978731000,33125,27.48836,43.78352,10.01378,89833,True,55.60857,3
20260505-014600,-Orrmdn6DJSKGMWsTxzJ,2026-05-05 10:59:03+00:00,1777978743000,33137,27.49597,43.75346,10.01403,89833,True,55.04198,3
20260505-014600,-OrrmgjsEIP-jwFLb2Eg,2026-05-05 10:59:15+00:00,1777978755000,33149,27.49343,43.7661,10.01372,90220,True,53.23902,3
20260505-014600,-Orrmjdw4I_m18UstT8q,2026-05-05 10:59:27+00:00,1777978767000,33161,27.49597,43.75525,10.01383,90513,True,53.69625,3
20260505-014600,-Orrmm_VQhi9PQSqjXx9,2026-05-05 10:59:39+00:00,1777978779000,33173,27.4909,43.75574,10.01384,90220,True,53.08799,3
20260505-014600,-OrrmpXFqAL7q5yaEadp,2026-05-05 10:59:51+00:00,1777978791000,33185,27.4909,43.76513,10.01375,90807,True,52.66161,3
20260505-014600,-Orrmu7RcC7NHwI-6L4v,2026-05-05 11:00:03+00:00,1777978803000,33197,27.49343,43.80717,10.01374,90709,True,51.98355,3
20260505-014600,-OrrmuthcuZR7EvYo62y,2026-05-05 11:00:13+00:00,1777978813000,33207,27.54238,43.68054,10.01372,89833,True,53.2968,3
20260505-014600,-Orrmxp9UcDhDGVyXfZ8,2026-05-05 11:00:25+00:00,1777978825000,33219,27.47061,43.93406,10.01373,83810,True,94.5556,3
20260505-014600,-Orrn-knV8otO1j9KImT,2026-05-05 11:00:37+00:00,1777978837000,33231,27.48329,43.79041,10.0137,87487,True,79.95275,3
20260505-014600,-Orrn2g6WlAD-DmldZ89,2026-05-05 11:00:49+00:00,1777978849000,33243,27.48836,43.73922,10.01377,89069,True,67.84332,3
20260505-014600,-Orrn5bc0il0iyGJmjYU,2026-05-05 11:01:01+00:00,1777978861000,33255,27.48582,43.74424,10.01378,88880,True,61.71329,3
20260505-014600,-Orrn8YFh5b-O276wp2U,2026-05-05 11:01:13+00:00,1777978873000,33267,27.48836,43.72137,10.01363,89833,True,57.85755,3
20260505-014600,-OrrnBTdxVQB5EzcbsnQ,2026-05-05 11:01:25+00:00,1777978885000,33279,27.48582,43.73741,10.01373,89929,True,55.94657,3
20260505-014600,-OrrnEOyQvDnnuwLbjUb,2026-05-05 11:01:37+00:00,1777978897000,33291,27.4909,43.6959,10.01372,90026,True,54.51469,3
20260505-014600,-OrrnHKYjYiyyds0zIo8,2026-05-05 11:01:49+00:00,1777978909000,33303,27.4909,43.69272,10.01384,90026,True,54.68708,3
20260505-014600,-OrrnKFyUnLmiGcIu4Gc,2026-05-05 11:02:01+00:00,1777978921000,33315,27.4909,43.6784,10.01367,90026,True,54.89153,3
20260505-014600,-OrrnNBkDeMbVBEDSpAs,2026-05-05 11:02:13+00:00,1777978933000,33327,27.4909,43.67373,10.01368,90807,True,53.44417,3
20260505-014600,-OrrnQ6rtzQoGDNsqlwP,2026-05-05 11:02:25+00:00,1777978945000,33339,27.4909,43.69809,10.01368,90415,True,53.0547,3
20260505-014600,-OrrnT2fAn-MttGmT8mc,2026-05-05 11:02:37+00:00,1777978957000,33351,27.4909,43.71235,10.0137,90611,True,51.8014,3
20260505-014600,-OrrnVz8xB0ExfdhKDKW,2026-05-05 11:02:49+00:00,1777978969000,33363,27.4909,43.70586,10.01372,91004,True,50.70303,3
20260505-014600,-OrrnYuZ11Y3mdwyCrlq,2026-05-05 11:03:01+00:00,1777978981000,33375,27.49597,43.73041,10.01383,90415,True,52.065,3
20260505-014600,-Orrnax4X15jCHFBmoUd,2026-05-05 11:03:13+00:00,1777978993000,33387,27.48836,43.7338,10.01366,90317,True,51.6394,3
20260505-014600,-OrrndlsR4b3C2ub4Cca,2026-05-05 11:03:25+00:00,1777979005000,33399,27.49343,43.75225,10.01376,90807,True,51.61742,3
20260505-014600,-Orrngh9OwYAEsp45RW8,2026-05-05 11:03:37+00:00,1777979017000,33411,27.49343,43.77741,10.01374,90220,True,52.89251,3
20260505-014600,-OrrnjcjEbbYZHKN5ba1,2026-05-05 11:03:49+00:00,1777979029000,33423,27.48836,43.80963,10.01377,90513,True,52.11665,3
20260505-014600,-OrrnmZ4ETu1_wgHGbrT,2026-05-05 11:04:01+00:00,1777979041000,33435,27.49597,43.80816,10.0138,91203,True,50.3669,3
20260505-014600,-OrrnpUP1dyIkAS9017I,2026-05-05 11:04:13+00:00,1777979053000,33447,27.49343,43.79731,10.01407,90317,True,51.29881,3
20260505-014600,-OrrnsQBEx24gViUAwVk,2026-05-05 11:04:25+00:00,1777979065000,33459,27.4909,43.7937,10.01384,90709,True,51.55249,3
20260505-014600,-OrrnvLs_42hWqn-jyaI,2026-05-05 11:04:37+00:00,1777979077000,33471,27.4909,43.74793,10.01395,90415,True,51.56627,3
20260505-014600,-OrrnyH2wP522Ltd76-9,2026-05-05 11:04:49+00:00,1777979089000,33483,27.49597,43.72105,10.01398,90807,True,50.91187,3
20260505-014600,-Orro0Cg62wGHTiRpLI-,2026-05-05 11:05:01+00:00,1777979101000,33495,27.49343,43.72714,10.01395,90611,True,51.09587,3
20260505-014600,-Orro37surbEHYL4FkRo,2026-05-05 11:05:13+00:00,1777979113000,33507,27.49343,43.71226,10.014,90807,True,50.83806,3
20260505-014600,-Orro63p_T50y4E_hpEp,2026-05-05 11:05:25+00:00,1777979125000,33519,27.48836,43.71358,10.0141,91203,True,49.8387,2
20260505-014600,-Orro8zxZ5kRaHqWQN4i,2026-05-05 11:05:37+00:00,1777979137000,33531,27.49343,43.6412,10.014,91203,True,50.33558,2
20260505-014600,-OrroBwG30D08EDLYxFa,2026-05-05 11:05:49+00:00,1777979149000,33543,27.48836,43.66576,10.01391,90709,True,50.6545,2
20260505-014600,-OrroEr5esJ8sFPmBBH7,2026-05-05 11:06:01+00:00,1777979161000,33555,27.48582,43.67024,10.01385,90709,True,51.74127,2
20260505-014600,-OrroHmYBQgkB_Fw1hAB,2026-05-05 11:06:13+00:00,1777979173000,33567,27.48836,43.6911,10.01392,90709,True,50.86613,2
20260505-014600,-OrroKuJIpZFfrpMW1jm,2026-05-05 11:06:25+00:00,1777979185000,33579,27.48329,43.7453,10.01377,90709,True,51.91174,2
20260505-014600,-OrroNdXX5r4H5OajPns,2026-05-05 11:06:37+00:00,1777979197000,33591,27.4909,43.75787,10.01395,90513,True,52.69269,2
20260505-014600,-OrroQ_r0HBhpFzKu70t,2026-05-05 11:06:49+00:00,1777979209000,33603,27.48329,43.76674,10.01377,90611,True,52.90354,2
20260505-014600,-OrroTVPSSIvMgNArJF7,2026-05-05 11:07:01+00:00,1777979221000,33615,27.4909,43.73373,10.01412,91103,True,51.76989,2
20260505-014600,-OrroWWOQv6TyJ3pcmID,2026-05-05 11:07:13+00:00,1777979233000,33627,27.48075,43.77963,10.01386,90611,True,52.62091,3
20260505-014600,-OrroZMJLxVDu6zZTZEH,2026-05-05 11:07:25+00:00,1777979245000,33639,27.48582,43.73041,10.01379,91103,True,51.2843,3
20260505-014600,-OrrobI0RPToXHZIqeYe,2026-05-05 11:07:37+00:00,1777979257000,33651,27.4909,43.71445,10.01396,90611,True,52.21201,3
20260505-014600,-OrroeDYEHmpineYYHiY,2026-05-05 11:07:49+00:00,1777979269000,33663,27.48836,43.72298,10.01387,90611,True,51.99798,3
20260505-014600,-Orroh8yXfCm2h4H6TJ_,2026-05-05 11:08:01+00:00,1777979281000,33675,27.48582,43.70657,10.01395,90709,True,52.1342,3
20260505-014600,-Orrok4VRzSpDi_iRGvC,2026-05-05 11:08:13+00:00,1777979293000,33687,27.48836,43.71794,10.01391,90611,True,51.72902,3
20260505-014600,-Orron01GkT4Vz4MwAOf,2026-05-05 11:08:25+00:00,1777979305000,33699,27.48329,43.74272,10.01388,91004,True,52.00673,3
20260505-014600,-OrropwrG-zSPQNmOufl,2026-05-05 11:08:37+00:00,1777979317000,33711,27.48836,43.75262,10.01399,90906,True,51.89672,3
20260505-014600,-OrrossSR110OsJ3BjuQ,2026-05-05 11:08:49+00:00,1777979329000,33723,27.48075,43.74678,10.01371,91203,True,51.08941,3
20260505-014600,-OrrovnYoV3mP-4Cr5xQ,2026-05-05 11:09:01+00:00,1777979341000,33735,27.49343,43.70338,10.01388,91302,True,50.77948,3
20260505-014600,-Orroyj9hBoH6qEFhKnd,2026-05-05 11:09:13+00:00,1777979353000,33747,27.48329,43.72073,10.0137,91004,True,50.93893,3
20260505-014600,-Orrp0eWbLjgf3EcEXt7,2026-05-05 11:09:25+00:00,1777979365000,33759,27.4909,43.69589,10.01386,90807,True,50.9887,3
20260505-014600,-Orrp59oITxTYGy_pK2w,2026-05-05 11:09:37+00:00,1777979377000,33771,27.48836,43.71675,10.01387,90709,True,51.53014,3
20260505-014600,-Orrp6ed5RtFUBGO3bEG,2026-05-05 11:09:50+00:00,1777979390000,33784,27.39454,44.3976,10.01379,79287,True,74.84183,3
20260505-014600,-Orrp9aIN9XQzKQWbxC6,2026-05-05 11:10:02+00:00,1777979402000,33796,27.47061,43.85233,10.01389,86852,True,85.44899,3
20260505-014600,-OrrpCWlhXKKNaGqTn3W,2026-05-05 11:10:14+00:00,1777979414000,33808,27.47568,43.80608,10.0139,88504,True,72.55685,3
20260505-014600,-OrrpFST2fWNUyb5JvG8,2026-05-05 11:10:26+00:00,1777979426000,33820,27.48329,43.81389,10.01374,89737,True,64.75596,3
20260505-014600,-OrrpIO0NuWbG5OVwWvS,2026-05-05 11:10:38+00:00,1777979438000,33832,27.47568,43.79608,10.01381,89259,True,60.21457,3
20260505-014600,-OrrpLJROHlUo6MXqQ0-,2026-05-05 11:10:50+00:00,1777979450000,33844,27.48075,43.75544,10.01396,89737,True,58.44724,3
20260505-014600,-OrrpOEpVzCQhNoA_dE0,2026-05-05 11:11:02+00:00,1777979462000,33856,27.47568,43.72104,10.01395,90807,True,54.51225,3
20260505-014600,-OrrpRA9ReJn3ec3wx0g,2026-05-05 11:11:14+00:00,1777979474000,33868,27.48075,43.70695,10.014,90220,True,55.16884,3
20260505-014600,-OrrpU5peQvkat5SsRJi,2026-05-05 11:11:26+00:00,1777979486000,33880,27.48075,43.70904,10.01412,90611,True,53.81254,3
20260505-014600,-OrrpX1WdTu0_wNmtq_z,2026-05-05 11:11:38+00:00,1777979498000,33892,27.48075,43.71626,10.01391,90906,True,52.58233,3
20260505-014600,-OrrpZxxkTpkvqY4IGzK,2026-05-05 11:11:50+00:00,1777979510000,33904,27.48329,43.74307,10.01407,90611,True,53.75399,3
20260505-014600,-Orrpbt2F0GQwDrZYJz-,2026-05-05 11:12:02+00:00,1777979522000,33916,27.48075,43.7683,10.01386,90906,True,52.95017,3
20260505-014600,-OrrpeofNb2hfqjjd7wA,2026-05-05 11:12:14+00:00,1777979534000,33928,27.48329,43.72078,10.01386,90415,True,53.36443,3
20260505-014600,-OrrphkH3XS8v_DoFdQj,2026-05-05 11:12:26+00:00,1777979546000,33940,27.48075,43.7402,10.01393,90807,True,51.75091,3
20260505-014600,-Orrpknj8RtZb58UWgDH,2026-05-05 11:12:38+00:00,1777979558000,33952,27.48075,43.76321,10.014,90807,True,51.8617,3
20260505-014600,-OrrpnbGgt70JxvWq5PZ,2026-05-05 11:12:50+00:00,1777979570000,33964,27.48329,43.75964,10.01412,91203,True,51.43316,3
20260505-014600,-OrrpqXX-XY2cN2jt4V-,2026-05-05 11:13:02+00:00,1777979582000,33976,27.47568,43.76822,10.01383,91203,True,51.55746,3
20260505-014600,-OrrptTcvdzZWREaCJbV,2026-05-05 11:13:14+00:00,1777979594000,33988,27.47315,43.75426,10.01387,90807,True,51.47532,3
20260505-014600,-OrrpwOkPGONvzXKz0jF,2026-05-05 11:13:26+00:00,1777979606000,34000,27.48582,43.70754,10.01402,91004,True,50.79768,3
20260505-014600,-OrrpzKDPzULLtvUzgoA,2026-05-05 11:13:38+00:00,1777979618000,34012,27.48329,43.72789,10.01411,91203,True,51.27166,3
20260505-014600,-Orrq1Fv57v9mEeWdHhu,2026-05-05 11:13:50+00:00,1777979630000,34024,27.48075,43.7235,10.01393,90709,True,51.49373,3
20260505-014600,-Orrq4BBLgF7SuW50O_f,2026-05-05 11:14:02+00:00,1777979642000,34036,27.48075,43.71976,10.01407,91103,True,51.33101,3
20260505-014600,-Orrq76gSlY3bQ3-lERQ,2026-05-05 11:14:14+00:00,1777979654000,34048,27.48075,43.72838,10.01391,90807,True,52.02106,3
20260505-014600,-OrrqA2C8DjK5uSezsEu,2026-05-05 11:14:26+00:00,1777979666000,34060,27.47568,43.73909,10.01409,91004,True,51.31967,3
20260505-014600,-OrrqCyoN_MnzkMe6kDv,2026-05-05 11:14:38+00:00,1777979678000,34072,27.47822,43.74403,10.01408,90709,True,52.51238,3
20260505-014600,-OrrqFuRNgFEuO24_LS6,2026-05-05 11:14:50+00:00,1777979690000,34084,27.47822,43.77906,10.01413,91302,True,50.34753,3
20260505-014600,-OrrqIpu_1dXy-c15A56,2026-05-05 11:15:02+00:00,1777979702000,34096,27.47822,43.76163,10.01432,91103,True,50.66317,3
20260505-014600,-OrrqLlL7j5a8TOUgAao,2026-05-05 11:15:14+00:00,1777979714000,34108,27.47822,43.77489,10.01422,90513,True,51.45034,2
20260505-014600,-OrrqOkVIjKkUpsBM564,2026-05-05 11:15:26+00:00,1777979726000,34120,27.47822,43.80629,10.01445,91004,True,51.48176,2
20260505-014600,-OrrqRd7ydvXvDN_HM1H,2026-05-05 11:15:38+00:00,1777979738000,34132,27.47315,43.82746,10.01444,90513,True,53.62099,2
20260505-014600,-OrrqUf4bBMZyV8X0v2H,2026-05-05 11:15:50+00:00,1777979750000,34144,27.47822,43.78501,10.01464,90807,True,52.02111,2
20260505-014600,-OrrqXUWHrTKwLlOl2Es,2026-05-05 11:16:02+00:00,1777979762000,34156,27.48329,43.76998,10.0147,91103,True,52.04465,2
20260505-014600,-Orrq_Pc23kIVN_5dMGW,2026-05-05 11:16:14+00:00,1777979774000,34168,27.47061,43.78082,10.0147,90906,True,52.31141,3
20260505-014600,-OrrqcLgfWrR3XxJ47Gc,2026-05-05 11:16:26+00:00,1777979786000,34180,27.47568,43.80261,10.01455,90317,True,53.41885,3
20260505-014600,-OrrqfGpfhCR2tWTR16x,2026-05-05 11:16:38+00:00,1777979798000,34192,27.47568,43.79543,10.01442,91702,True,50.63484,3
20260505-014600,-OrrqiCMKtO4HL-M_TCz,2026-05-05 11:16:50+00:00,1777979810000,34204,27.47568,43.81973,10.01442,90807,True,52.37053,3
20260505-014600,-Orrql7rcqKGY-TEQmVJ,2026-05-05 11:17:02+00:00,1777979822000,34216,27.47568,43.78654,10.01471,90709,True,52.82626,3
20260505-014600,-Orrqo3EqgdeOGb0WbAa,2026-05-05 11:17:14+00:00,1777979834000,34228,27.47568,43.75888,10.01478,91402,True,51.19784,3
20260505-014600,-Orrqr-g-WNi_x7m1c-h,2026-05-05 11:17:26+00:00,1777979846000,34240,27.47315,43.7887,10.01489,91203,True,51.50393,3
20260505-014600,-OrrqtvDWbA_QWCVFJah,2026-05-05 11:17:38+00:00,1777979858000,34252,27.47822,43.75806,10.01499,91004,True,51.61757,3
20260505-014600,-Orrqwqwi0UhfJQsBsR5,2026-05-05 11:17:50+00:00,1777979870000,34264,27.47061,43.76816,10.01494,90807,True,52.07465,3
20260505-014600,-Orrqzm1pVK_A5cyDXci,2026-05-05 11:18:02+00:00,1777979882000,34276,27.46807,43.72139,10.01488,90807,True,51.98967,3
20260505-014600,-Orrr1hlervTr6MX2i7l,2026-05-05 11:18:14+00:00,1777979894000,34288,27.46807,43.71949,10.01495,90611,True,52.42055,3
20260505-014600,-Orrr4dtZ6rdy6zKJ2es,2026-05-05 11:18:26+00:00,1777979906000,34300,27.46554,43.71292,10.01502,90807,True,52.37302,3
20260505-014600,-Orrr7_8MDdrlQYoR_qk,2026-05-05 11:18:38+00:00,1777979918000,34312,27.46807,43.73002,10.01506,91103,True,51.96284,3
20260505-014600,-OrrrAVIFSf-mTEW4gaI,2026-05-05 11:18:50+00:00,1777979930000,34324,27.46807,43.68954,10.01502,91004,True,51.82196,3
20260505-014600,-OrrrOsqoOd7GIe_13cy,2026-05-05 11:19:02+00:00,1777979942000,34336,27.46807,43.69312,10.01504,90906,True,51.66631,3
20260505-014600,-OrrrPdZv2Vq8JZmKBGb,2026-05-05 11:19:52+00:00,1777979992000,34386,27.53301,43.53488,10.01494,90513,True,52.72694,3
20260505-014600,-OrrrSZzCdKp8SEivBt6,2026-05-05 11:20:04+00:00,1777980004000,34398,27.39708,44.20974,10.01485,65930,True,218.05122,2
20260505-014600,-OrrrVVRbt4QIkvSivky,2026-05-05 11:20:16+00:00,1777980016000,34410,27.42243,43.90949,10.01501,76394,True,177.64865,2
20260505-014600,-OrrrYR2HmGk6FXsDOUL,2026-05-05 11:20:28+00:00,1777980028000,34422,27.43004,43.85934,10.01491,81764,True,132.60512,2
20260505-014600,-OrrraMYDe9NdKPatI_B,2026-05-05 11:20:40+00:00,1777980040000,34434,27.43765,43.80239,10.0151,84231,True,105.88068,2
20260505-014600,-OrrrdIANdU112gWPlxD,2026-05-05 11:20:52+00:00,1777980052000,34446,27.43765,43.7946,10.01499,86049,True,89.09468,2
20260505-014600,-OrrrgDPLip1noEsufmO,2026-05-05 11:21:04+00:00,1777980064000,34458,27.45286,43.76212,10.01527,87396,True,78.56046,2
20260505-014600,-Orrrj9Ee1QfxBeGmsIK,2026-05-05 11:21:16+00:00,1777980076000,34470,27.45033,43.8028,10.01499,88131,True,72.72148,3
20260505-014600,-Orrrm4rG4y3qFD9tHJj,2026-05-05 11:21:28+00:00,1777980088000,34482,27.4554,43.77727,10.01512,88598,True,69.02971,3
20260505-014600,-Orrrp04dR_Ho6VcUhLq,2026-05-05 11:21:40+00:00,1777980100000,34494,27.45033,43.82917,10.01502,88691,True,66.09781,3
20260505-014600,-OrrrrwfdNmjnWvhqOwg,2026-05-05 11:21:52+00:00,1777980112000,34506,27.4554,43.79781,10.01505,89641,True,63.40666,3
20260505-014600,-OrrrvJ-xjx631nFvaem,2026-05-05 11:22:04+00:00,1777980124000,34518,27.46047,43.79066,10.01513,89641,True,61.4025,3
20260505-014600,-OrrrxnUtlD2bCGxlN5q,2026-05-05 11:22:16+00:00,1777980136000,34530,27.45793,43.81523,10.01504,89641,True,61.17954,3
20260505-014600,-Orrs-jNH4O_E7uuPkw_,2026-05-05 11:22:28+00:00,1777980148000,34542,27.46554,43.84013,10.01514,89641,True,60.07371,3
20260505-014600,-Orrs2efBOsf2w6tbUXB,2026-05-05 11:22:40+00:00,1777980160000,34554,27.463,43.84686,10.015,89833,True,59.19529,3
20260505-014600,-Orrs5_xl1zErNeIoh6i,2026-05-05 11:22:52+00:00,1777980172000,34566,27.463,43.8104,10.01491,89737,True,58.99993,3
20260505-014600,-Orrs8WeNN49khDvvb7h,2026-05-05 11:23:04+00:00,1777980184000,34578,27.46047,43.79096,10.01483,90220,True,57.05628,3
20260505-014600,-OrrsBSPIqIoVe_O_sXM,2026-05-05 11:23:16+00:00,1777980196000,34590,27.46554,43.75774,10.01488,90513,True,56.57169,3
20260505-014600,-OrrsENig3hHd4T3rGnX,2026-05-05 11:23:28+00:00,1777980208000,34602,27.46047,43.8168,10.0149,90220,True,56.61885,3
20260505-014600,-OrrsHJ6yBT0_zYwnIef,2026-05-05 11:23:40+00:00,1777980220000,34614,27.46047,43.81775,10.01506,90611,True,55.28955,3
20260505-014600,-OrrsKETrUqR1QR1uFO-,2026-05-05 11:23:52+00:00,1777980232000,34626,27.45793,43.82334,10.01488,90513,True,55.53095,3
20260505-014600,-OrrsN9z3yj2Kfk1ItVL,2026-05-05 11:24:04+00:00,1777980244000,34638,27.46554,43.79544,10.01502,90513,True,54.67352,3
20260505-014600,-OrrsQ5e5Os9NLA6TqyL,2026-05-05 11:24:16+00:00,1777980256000,34650,27.47061,43.75024,10.01515,90415,True,54.80457,3
20260505-014600,-OrrsT1W210P7wunoMic,2026-05-05 11:24:28+00:00,1777980268000,34662,27.46807,43.72386,10.01497,90415,True,54.7991,3
20260505-014600,-OrrsVxlICbxr4CuAxFv,2026-05-05 11:24:40+00:00,1777980280000,34674,27.463,43.73962,10.01498,90611,True,54.39548,3
20260505-014600,-OrrsYt2A0o_yePxftiM,2026-05-05 11:24:52+00:00,1777980292000,34686,27.463,43.70906,10.01505,90709,True,54.28019,3
20260505-014600,-OrrsaoYlHpOk9Oc7aFs,2026-05-05 11:25:04+00:00,1777980304000,34698,27.463,43.69969,10.01501,91302,True,52.13275,3
20260505-014600,-OrrsdyYnako_jLuxfWz,2026-05-05 11:25:16+00:00,1777980316000,34710,27.45793,43.71268,10.01514,90807,True,53.25962,3
20260505-014600,-OrrsggAnMnbi3aF-fWf,2026-05-05 11:25:28+00:00,1777980328000,34722,27.463,43.67446,10.01517,91302,True,51.60562,3
20260505-014600,-Orrsjap5FF9vkFvBPGr,2026-05-05 11:25:40+00:00,1777980340000,34734,27.45793,43.65832,10.01509,91004,True,51.95909,3
20260505-014600,-OrrsmXZ6eHB61jIZYhI,2026-05-05 11:25:52+00:00,1777980352000,34746,27.463,43.65224,10.01507,90709,True,52.69036,3
20260505-014600,-OrrspSsetJR9AsF9Xrp,2026-05-05 11:26:04+00:00,1777980364000,34758,27.46047,43.69329,10.0152,91103,True,51.57269,3
20260505-014600,-OrrssOpEJOz4VQSgljT,2026-05-05 11:26:16+00:00,1777980376000,34770,27.45793,43.70658,10.01518,91103,True,50.90822,3
20260505-014600,-OrrsvJugZ8Ra5pqvFQ4,2026-05-05 11:26:28+00:00,1777980388000,34782,27.46047,43.72369,10.01506,91203,True,51.77943,3
20260505-014600,-OrrsyFxbAmStNGS3H9D,2026-05-05 11:26:40+00:00,1777980400000,34794,27.463,43.73538,10.01512,91004,True,51.71862,3
20260505-014600,-Orrt0AzQDEZVOow0rsG,2026-05-05 11:26:52+00:00,1777980412000,34806,27.45793,43.77613,10.01526,90807,True,52.43996,3
20260505-014600,-Orrt36ohn6hLfbMD20D,2026-05-05 11:27:04+00:00,1777980424000,34818,27.4554,43.81971,10.01512,90807,True,51.98593,3
20260505-014600,-Orrt62KaL4vo9DmdFQc,2026-05-05 11:27:16+00:00,1777980436000,34830,27.463,43.7864,10.01528,91203,True,51.27526,3
20260505-014600,-Orrt8zH9a6MUfUEXGb8,2026-05-05 11:27:28+00:00,1777980448000,34842,27.463,43.79358,10.01515,90709,True,52.874,3
20260505-014600,-OrrtBuJQA4Mqe_7Hv1f,2026-05-05 11:27:40+00:00,1777980460000,34854,27.463,43.78614,10.01524,90709,True,52.05024,3
20260505-014600,-OrrtEq9Ce7SGfyaYKIn,2026-05-05 11:27:52+00:00,1777980472000,34866,27.45793,43.80419,10.01504,91004,True,51.11079,3
20260505-014600,-OrrtHl2dQyvVauedj22,2026-05-05 11:28:04+00:00,1777980484000,34878,27.46047,43.78528,10.01506,91004,True,51.35415,3
20260505-014600,-OrrtKggvQDXUAo8h8br,2026-05-05 11:28:16+00:00,1777980496000,34890,27.46047,43.76783,10.01536,91302,True,50.91551,3
20260505-014600,-OrrtNnNZCZBjxUXfGb3,2026-05-05 11:28:28+00:00,1777980508000,34902,27.46554,43.74051,10.01535,91402,True,50.0,2
20260505-014600,-OrrtQYTiYe0-iK2Pef_,2026-05-05 11:28:40+00:00,1777980520000,34914,27.463,43.73161,10.01524,91004,True,50.67231,2
20260505-014600,-OrrtTU6p9-rmn67k_SO,2026-05-05 11:28:52+00:00,1777980532000,34926,27.4554,43.72556,10.01503,91103,True,51.37774,2
20260505-014600,-OrrtWPl_0h5E-TXD6pG,2026-05-05 11:29:04+00:00,1777980544000,34938,27.4554,43.72923,10.01538,91402,True,50.41619,2
20260505-014600,-OrrtZLIncTZxFeaMQ-X,2026-05-05 11:29:16+00:00,1777980556000,34950,27.45286,43.7348,10.01534,91402,True,50.45287,2
20260505-014600,-OrrtbGixk2l-NPUaTjI,2026-05-05 11:29:28+00:00,1777980568000,34962,27.463,43.71077,10.01552,91004,True,50.67712,2
20260505-014600,-OrrteC-WA6zl8rWSsXM,2026-05-05 11:29:40+00:00,1777980580000,34974,27.45793,43.69611,10.01558,91302,True,51.30508,2
20260505-014600,-Orrth7ZU8C0IydyReKq,2026-05-05 11:29:52+00:00,1777980592000,34986,27.45793,43.71111,10.01537,91103,True,52.3358,2
20260505-014600,-Orrtk3Ei20yBeBdVnls,2026-05-05 11:30:04+00:00,1777980604000,34998,27.46047,43.70778,10.0155,91103,True,50.96917,2
20260505-014600,-Orrtn7XXGbZrbSM6Oy7,2026-05-05 11:30:16+00:00,1777980616000,35010,27.463,43.74684,10.01536,90906,True,51.5487,2
20260505-014600,-OrrtpvHgYqGX-Lixcft,2026-05-05 11:30:28+00:00,1777980628000,35022,27.45286,43.78468,10.01506,90807,True,51.33869,3
20260505-014600,-Orrtsqg-2q1BMhpAFVs,2026-05-05 11:30:40+00:00,1777980640000,35034,27.45793,43.7724,10.01518,91004,True,51.02564,3
20260505-014600,-Orrtvm7e9QO5FjYXR9N,2026-05-05 11:30:52+00:00,1777980652000,35046,27.46047,43.77377,10.01532,91402,True,50.39954,2
20260505-014600,-OrrtyhKiQGbyLtKJraX,2026-05-05 11:31:04+00:00,1777980664000,35058,27.46047,43.76867,10.01552,91103,True,51.3332,2
20260505-014600,-Orru0d-8aSLwEJ7cmqe,2026-05-05 11:31:16+00:00,1777980676000,35070,27.46047,43.74618,10.01545,91302,True,51.31392,2
20260505-014600,-Orru3ZeDqZHr-YeEEoe,2026-05-05 11:31:28+00:00,1777980688000,35082,27.46047,43.75478,10.01534,91103,True,51.80749,2
20260505-014600,-Orru6qDxNoNvL0tspCi,2026-05-05 11:31:40+00:00,1777980700000,35094,27.46047,43.75618,10.01525,91302,True,50.20091,2
20260505-014600,-Orru9QeODpP0r4lKO-7,2026-05-05 11:31:52+00:00,1777980712000,35106,27.4554,43.78277,10.01523,91602,True,50.0,2
20260505-014600,-OrruCMEaZjpImpMBs5E,2026-05-05 11:32:04+00:00,1777980724000,35118,27.463,43.75285,10.01568,91004,True,52.27482,2
20260505-014600,-OrruFH_OthZ_N4-LSTV,2026-05-05 11:32:16+00:00,1777980736000,35130,27.4554,43.7354,10.01524,91402,True,51.44291,2
20260505-014600,-OrruID-MKjBYxmPZ0Fq,2026-05-05 11:32:28+00:00,1777980748000,35142,27.45793,43.73967,10.01555,90807,True,52.86988,2
20260505-014600,-OrruL8ZTfPpqeW8dWVu,2026-05-05 11:32:40+00:00,1777980760000,35154,27.46047,43.74061,10.01564,91502,True,52.3169,2
20260505-014600,-OrruO4G_UgyvMD7oRCh,2026-05-05 11:32:52+00:00,1777980772000,35166,27.4554,43.78604,10.01567,91502,True,51.54644,3
20260505-014600,-OrruR-UxOluXyGyS3su,2026-05-05 11:33:04+00:00,1777980784000,35178,27.44779,43.80476,10.01533,91402,True,52.14859,3
20260505-014600,-OrruTvm1D6cMhqMv0zK,2026-05-05 11:33:16+00:00,1777980796000,35190,27.45793,43.75328,10.01558,91302,True,52.08043,3
20260505-014600,-OrruWrfrjqIEY73vVu7,2026-05-05 11:33:28+00:00,1777980808000,35202,27.45793,43.70653,10.01551,91402,True,51.87233,3
20260505-014600,-OrruZnDsUu7lkgi5JOH,2026-05-05 11:33:40+00:00,1777980820000,35214,27.45793,43.75074,10.01556,91203,True,52.26877,3
20260505-014600,-OrrubirHOBaXE9jBWkn,2026-05-05 11:33:52+00:00,1777980832000,35226,27.45793,43.7824,10.01546,91203,True,52.91131,3
20260505-014600,-OrruedspVEaZO03hqCC,2026-05-05 11:34:04+00:00,1777980844000,35238,27.46047,43.79111,10.01534,91402,True,51.96274,3
20260505-014600,-Orruh_gs3lD-8IOpVb4,2026-05-05 11:34:16+00:00,1777980856000,35250,27.45793,43.78482,10.01539,91302,True,51.50241,3
20260505-014600,-OrrukW7ItAEr-foi56P,2026-05-05 11:34:28+00:00,1777980868000,35262,27.45286,43.78236,10.01552,91802,True,51.23106,3
20260505-014600,-OrrunROAaQqQ1UgOuyU,2026-05-05 11:34:40+00:00,1777980880000,35274,27.4554,43.79475,10.0154,91302,True,52.09812,3
20260505-014600,-Orruq_cA53fcbvaWvLy,2026-05-05 11:34:52+00:00,1777980892000,35286,27.45286,43.76988,10.01534,91103,True,52.63618,3
20260505-014600,-OrrutIcKD0h8o7rYaN7,2026-05-05 11:35:04+00:00,1777980904000,35298,27.45793,43.74277,10.01546,91302,True,52.14597,3
20260505-014600,-OrruwEQIXLBSw0Jmsa5,2026-05-05 11:35:16+00:00,1777980916000,35310,27.45286,43.71725,10.01529,91802,True,50.98186,3
20260505-014600,-Orruz9GqaMEuUQQ9KTm,2026-05-05 11:35:28+00:00,1777980928000,35322,27.45286,43.72578,10.01534,91103,True,52.48319,3
20260505-014600,-Orrv0m1cSXVhRS9oXZq,2026-05-05 11:35:39+00:00,1777980939000,35332,27.51036,43.57518,10.01546,91004,True,52.92606,3
20260505-014600,-Orrv3haJff1RYQQsWCm,2026-05-05 11:35:51+00:00,1777980951000,35344,27.43004,43.88884,10.0154,84657,True,94.87199,3
20260505-014600,-Orrv6cuO_Nagi0B2Z0E,2026-05-05 11:36:03+00:00,1777980963000,35356,27.43511,43.72397,10.01518,88131,True,79.67346,3
20260505-014600,-Orrv9ZSG-T47aY1Zj3v,2026-05-05 11:36:15+00:00,1777980975000,35368,27.44525,43.69548,10.01531,89259,True,68.92044,3
20260505-014600,-OrrvCVJbxATacTT6gYN,2026-05-05 11:36:27+00:00,1777980987000,35380,27.44525,43.69899,10.01513,90415,True,61.57908,3
20260505-014600,-OrrvFQd4QYKGYgGbZAi,2026-05-05 11:36:39+00:00,1777980999000,35392,27.44525,43.71294,10.01534,90611,True,57.72025,3
20260505-014600,-OrrvILlHwnkyPBWR8tB,2026-05-05 11:36:51+00:00,1777981011000,35404,27.45286,43.65752,10.01538,90807,True,57.49238,3
20260505-014600,-OrrvLHEEsaKc8C968U6,2026-05-05 11:37:03+00:00,1777981023000,35416,27.45286,43.65174,10.01529,91004,True,54.42242,3
20260505-014600,-OrrvOCwycbYayb-v1nP,2026-05-05 11:37:15+00:00,1777981035000,35428,27.45793,43.63912,10.01525,90906,True,54.35135,3
20260505-014600,-OrrvR8kSYSGNMzMLk6S,2026-05-05 11:37:27+00:00,1777981047000,35440,27.44779,43.67237,10.01502,91602,True,53.23205,3
20260505-014600,-OrrvU3oezo8cQ0t3Udt,2026-05-05 11:37:39+00:00,1777981059000,35452,27.4554,43.64788,10.01559,91502,True,51.98127,3
20260505-014600,-OrrvX1kRBYwdcdA6zPz,2026-05-05 11:37:51+00:00,1777981071000,35464,27.44779,43.64991,10.01523,91402,True,52.45473,3
20260505-014600,-Orrv_DvrLBPGwMjDWF-,2026-05-05 11:38:03+00:00,1777981083000,35476,27.44779,43.6604,10.01516,91203,True,53.06623,3
20260505-014600,-Orrvbr7Bg9CvQaT3bs9,2026-05-05 11:38:15+00:00,1777981095000,35488,27.45793,43.61647,10.01548,91802,True,51.18668,3
20260505-014600,-OrrvetTnqZwwf0Bij0y,2026-05-05 11:38:27+00:00,1777981107000,35501,27.42497,43.90411,10.01518,85609,True,72.27029,3
20260505-014600,-OrrvhoagEOX7a1cLwaa,2026-05-05 11:38:39+00:00,1777981119000,35513,27.44019,43.7288,10.01521,88880,True,70.59941,3
20260505-014600,-OrrvkkLH-ehX6EQWtHR,2026-05-05 11:38:51+00:00,1777981131000,35525,27.44525,43.69801,10.01527,90807,True,61.56432,3
20260505-014600,-OrrvngCJ5RQ_F5ILyYl,2026-05-05 11:39:03+00:00,1777981143000,35537,27.45033,43.6654,10.01557,90415,True,58.15845,3
20260505-014600,-Orrvqb1_vxLiA6_VDe2,2026-05-05 11:39:15+00:00,1777981155000,35549,27.4554,43.67818,10.01563,91302,True,55.18269,3
20260505-014600,-OrrvtXhjv0RLzcHm26-,2026-05-05 11:39:27+00:00,1777981167000,35561,27.45793,43.67512,10.01563,91203,True,54.2621,3
20260505-014600,-OrrvwT6srCvgyGhm7a6,2026-05-05 11:39:39+00:00,1777981179000,35573,27.44779,43.70121,10.0153,90906,True,54.02365,3
20260505-014600,-OrrvzOjYU1XLHOl8m2Y,2026-05-05 11:39:51+00:00,1777981191000,35585,27.44525,43.71762,10.01529,91004,True,53.9378,3
20260505-014600,-Orrw1KCz0eXAZVCYcFI,2026-05-05 11:40:03+00:00,1777981203000,35597,27.4554,43.6641,10.01554,91903,True,52.98749,3
20260505-014600,-Orrw4FZj-q9_Pyl3A_8,2026-05-05 11:40:15+00:00,1777981215000,35609,27.45286,43.67849,10.01555,91302,True,51.55266,3
20260505-014600,-Orrw7B52SOcfP8zq6Wn,2026-05-05 11:40:27+00:00,1777981227000,35621,27.4554,43.72837,10.01551,91402,True,52.17717,3
20260505-014600,-OrrwA6enDxI41ntSkbh,2026-05-05 11:40:39+00:00,1777981239000,35633,27.4554,43.72916,10.01561,91103,True,53.08117,3
20260505-014600,-OrrwD2A1vqaOK6pnFxp,2026-05-05 11:40:51+00:00,1777981251000,35645,27.45793,43.7308,10.01556,91302,True,51.86732,3
20260505-014600,-OrrwGRX3pWbxRclMOXu,2026-05-05 11:41:03+00:00,1777981263000,35657,27.44525,43.77065,10.01545,91203,True,52.03436,3
20260505-014600,-OrrwIyjFZaLthnsVRLY,2026-05-05 11:41:16+00:00,1777981276000,35669,27.35144,44.42698,10.01505,80507,True,73.85136,3
20260505-014600,-OrrwLuQNduJU65npQMg,2026-05-05 11:41:28+00:00,1777981288000,35681,27.43004,43.86163,10.01545,86672,True,85.48425,3
20260505-014600,-OrrwOpcoTEhPnhGUqnz,2026-05-05 11:41:40+00:00,1777981300000,35693,27.43511,43.77071,10.01548,88974,True,72.52866,3
20260505-014600,-OrrwRlNq1tpF4ZspNoh,2026-05-05 11:41:52+00:00,1777981312000,35705,27.43765,43.8078,10.01529,89737,True,63.73885,3
20260505-014600,-OrrwUgnRKSZitnCDdOa,2026-05-05 11:42:04+00:00,1777981324000,35717,27.43765,43.88129,10.01536,89929,True,60.39015,3
20260505-014600,-OrrwXcUpXpW41n6Hgck,2026-05-05 11:42:16+00:00,1777981336000,35729,27.44525,43.84703,10.01556,90611,True,57.56065,3
20260505-014600,-Orrw_Yytt6fAL83v2TR,2026-05-05 11:42:28+00:00,1777981348000,35741,27.43258,43.84654,10.0156,90807,True,55.1739,3
20260505-014600,-OrrwceZfbRncn6ub_gn,2026-05-05 11:42:40+00:00,1777981360000,35753,27.44272,43.80268,10.01543,90709,True,54.81994,3
20260505-014600,-OrrwfPzYpBwdHK3coSc,2026-05-05 11:42:52+00:00,1777981372000,35765,27.44525,43.81313,10.01566,90906,True,53.76504,3
20260505-014600,-OrrwiLNN6xfWtPKpJBC,2026-05-05 11:43:04+00:00,1777981384000,35777,27.44525,43.83081,10.01557,90709,True,53.68385,3
20260505-014600,-OrrwlGZGpcboMJskowH,2026-05-05 11:43:16+00:00,1777981396000,35789,27.44525,43.87267,10.0157,91103,True,53.44659,3
20260505-014600,-OrrwoCmpQm8fxVnzuKa,2026-05-05 11:43:28+00:00,1777981408000,35801,27.45033,43.8582,10.01571,91004,True,53.77687,3
20260505-014600,-Orrwr7ZMPjufCtZAuTk,2026-05-05 11:43:40+00:00,1777981420000,35813,27.44272,43.87697,10.01546,91004,True,53.23042,3
20260505-014600,-Orrwu2u1EOJZ1d8T6yw,2026-05-05 11:43:52+00:00,1777981432000,35825,27.44779,43.81394,10.01554,91004,True,52.20268,3
20260505-014600,-OrrxHgvklW0S5lNKCGQ,2026-05-05 11:45:29+00:00,1777981529000,35923,27.35651,44.38339,10.016,60153,True,262.91382,2
20260505-014600,-OrrxJvs1qI_AStwEaXY,2026-05-05 11:45:42+00:00,1777981542000,35935,27.35651,44.29764,10.01594,66243,True,247.79723,2
20260505-014600,-OrrxMrFi396zF89I7U5,2026-05-05 11:45:54+00:00,1777981554000,35947,27.37933,44.01955,10.01584,75910,True,184.98024,2
20260505-014600,-OrrxPmat88gfze6HkFa,2026-05-05 11:46:06+00:00,1777981566000,35959,27.39201,43.93516,10.01578,80275,True,140.20239,2
20260505-014600,-OrrxShyjZI-otiawDOM,2026-05-05 11:46:18+00:00,1777981578000,35971,27.40215,43.90082,10.0158,83310,True,111.72618,2
20260505-014600,-OrrxVdunl_AsnUkzg_h,2026-05-05 11:46:30+00:00,1777981590000,35983,27.40976,43.90245,10.01594,85087,True,96.22032,2
20260505-014600,-OrrxY_573C74jfqz3TG,2026-05-05 11:46:42+00:00,1777981602000,35995,27.41229,43.92556,10.0161,86404,True,85.96342,2
20260505-014600,-OrrxaduldZZkVWyst7d,2026-05-05 11:46:54+00:00,1777981614000,36008,27.39454,44.13723,10.01597,81844,True,100.17561,3
20260505-014600,-OrrxdeaELjFvbr3UbjJ,2026-05-05 11:47:06+00:00,1777981626000,36020,27.40976,43.89169,10.01576,85609,True,93.38798,3
20260505-014600,-OrrxgVvwkXr_rvFU3L3,2026-05-05 11:47:18+00:00,1777981638000,36032,27.41736,43.80326,10.0159,87578,True,81.28722,3
20260505-014600,-OrrxjRaCvsCF0tsUFoZ,2026-05-05 11:47:30+00:00,1777981650000,36044,27.41736,43.78043,10.01569,87854,True,74.43321,3
20260505-014600,-OrrxmMzjwXDCxdDGM_F,2026-05-05 11:47:42+00:00,1777981662000,36056,27.43004,43.78545,10.01586,88598,True,69.71333,3
20260505-014600,-OrrxpIY7iumfMoWEXbS,2026-05-05 11:47:54+00:00,1777981674000,36068,27.42751,43.80164,10.01589,89259,True,65.81596,3
20260505-014600,-OrrxsE310E2NgSfFiMY,2026-05-05 11:48:06+00:00,1777981686000,36080,27.42751,43.81944,10.01578,89164,True,64.40977,3
20260505-014600,-OrrxvHzaaEsk-5Af6wL,2026-05-05 11:48:18+00:00,1777981698000,36092,27.42751,43.82571,10.0156,89449,True,63.06118,3
20260505-014600,-Orrxy51afpzsn-lFxtm,2026-05-05 11:48:30+00:00,1777981710000,36104,27.42751,43.83218,10.0156,89737,True,62.26115,3
20260505-014600,-Orry00sBy025g5roGiu,2026-05-05 11:48:42+00:00,1777981722000,36116,27.43511,43.81545,10.01585,89641,True,61.31915,3
20260505-014600,-Orry2xBTGetJk1w6w3G,2026-05-05 11:48:54+00:00,1777981734000,36128,27.43765,43.77991,10.01594,90220,True,59.71352,3
20260505-014600,-Orry5sUwz4WLLGO2Pgi,2026-05-05 11:49:06+00:00,1777981746000,36140,27.43765,43.74843,10.01596,90611,True,56.99999,3
20260505-014600,-Orry8nxGV809qUFUhsS,2026-05-05 11:49:18+00:00,1777981758000,36152,27.44019,43.71372,10.01591,90611,True,56.75917,3
20260505-014600,-OrryBjNqA_g-pqTuwew,2026-05-05 11:49:30+00:00,1777981770000,36164,27.43511,43.737,10.01567,90807,True,56.4369,3
20260505-014600,-OrryEenobdahM-wmENk,2026-05-05 11:49:42+00:00,1777981782000,36176,27.43258,43.74394,10.0157,90611,True,56.07864,3
20260505-014600,-OrryHaNKx8yyBwx1Gyd,2026-05-05 11:49:54+00:00,1777981794000,36188,27.44272,43.71033,10.01618,90415,True,55.64307,3
20260505-014600,-OrryKX5simLYVOeiq9W,2026-05-05 11:50:06+00:00,1777981806000,36200,27.43258,43.77285,10.01586,90807,True,55.29301,3
20260505-014600,-OrryN_jYxUoLh2DuqNe,2026-05-05 11:50:18+00:00,1777981818000,36212,27.44019,43.76913,10.01593,90807,True,54.37949,3
20260505-014600,-OrryQNuhYZDlfXBYqMs,2026-05-05 11:50:30+00:00,1777981830000,36224,27.44272,43.73549,10.01578,90807,True,53.72861,3
20260505-014600,-OrryTJRuXRCFpyHjDLW,2026-05-05 11:50:42+00:00,1777981842000,36236,27.44272,43.72775,10.01594,91203,True,53.52907,3
20260505-014600,-OrryWFIWB_5bjMNCWqF,2026-05-05 11:50:54+00:00,1777981854000,36248,27.44272,43.71682,10.01597,90906,True,53.2876,3
20260505-014600,-OrryZAYF_bkiP3uDj2L,2026-05-05 11:51:06+00:00,1777981866000,36260,27.43511,43.76289,10.01578,91702,True,52.11397,3
20260505-014600,-Orryb5yvH3tlvOzoz_d,2026-05-05 11:51:18+00:00,1777981878000,36272,27.43511,43.75994,10.0159,91103,True,53.15014,3
20260505-014600,-Orrye1WrAGETlMSX085,2026-05-05 11:51:30+00:00,1777981890000,36284,27.44525,43.73634,10.01584,91203,True,52.85818,3
20260505-014600,-Orrygy3fSgs9TCPsa-q,2026-05-05 11:51:42+00:00,1777981902000,36296,27.43511,43.7426,10.01585,91203,True,52.91313,3
20260505-014600,-OrryjtRHW69ldSjmttN,2026-05-05 11:51:54+00:00,1777981914000,36308,27.43511,43.75008,10.01601,91402,True,52.1943,3
20260505-014600,-Orrymoshf0mPVus50Xn,2026-05-05 11:52:06+00:00,1777981926000,36320,27.43258,43.77808,10.01588,91702,True,50.80207,3
20260505-014600,-OrrypkcFyQXfa6SeX9u,2026-05-05 11:52:18+00:00,1777981938000,36332,27.43765,43.74843,10.01591,91502,True,51.17211,3
20260505-014600,-OrrysfqZxhSqSgKkoMK,2026-05-05 11:52:30+00:00,1777981950000,36344,27.43258,43.74368,10.01577,91402,True,51.20586,3
20260505-014600,-OrryvbP6uyHYgH3iakz,2026-05-05 11:52:42+00:00,1777981962000,36356,27.43511,43.74866,10.01582,91502,True,51.20663,3
20260505-014600,-OrryyXsSx37Wz5H76xn,2026-05-05 11:52:54+00:00,1777981974000,36368,27.44272,43.78897,10.01594,91502,True,51.43353,3
20260505-014600,-Orrz0TTbQSfawbbu4Bq,2026-05-05 11:53:06+00:00,1777981986000,36380,27.44272,43.78706,10.01613,91103,True,52.06122,3
20260505-014600,-Orrz3P5pb-L7A2jBniF,2026-05-05 11:53:18+00:00,1777981998000,36392,27.43258,43.7486,10.0159,91203,True,52.24931,3
20260505-014600,-Orrz7y1mVhXXE2ty0iq,2026-05-05 11:53:30+00:00,1777982010000,36404,27.43765,43.7337,10.01594,92004,True,50.0,2
20260505-014600,-Orrz9T_zds0Lp51N0q5,2026-05-05 11:53:43+00:00,1777982023000,36417,27.33622,44.40845,10.01569,79740,True,73.70475,2
20260505-014600,-OrrzCO6DhO4gT7jokhJ,2026-05-05 11:53:55+00:00,1777982035000,36429,27.4199,43.87246,10.01585,86762,True,86.35506,2
20260505-014600,-OrrzFJdYau7S_aSROOX,2026-05-05 11:54:07+00:00,1777982047000,36441,27.42497,43.79556,10.01601,89354,True,72.15811,2
20260505-014600,-OrrzIF-TsgEk3yBkz95,2026-05-05 11:54:19+00:00,1777982059000,36453,27.43004,43.74776,10.01621,90123,True,63.31325,2
20260505-014600,-OrrzLAVhDAkVvLb1tdZ,2026-05-05 11:54:31+00:00,1777982071000,36465,27.42497,43.7491,10.01579,90415,True,58.79199,2
20260505-014600,-OrrzO6FzXeEERlLvgXN,2026-05-05 11:54:43+00:00,1777982083000,36477,27.42751,43.74878,10.01597,91004,True,55.97115,3
20260505-014600,-OrrzR1SpOptKJfvFhnl,2026-05-05 11:54:55+00:00,1777982095000,36489,27.43258,43.73163,10.01611,91004,True,54.46758,3
20260505-014600,-OrrzTyEHMXVysg55LHU,2026-05-05 11:55:07+00:00,1777982107000,36501,27.43765,43.72963,10.01617,91004,True,54.45442,3
20260505-014600,-OrrzWtineVbZyLI5zwN,2026-05-05 11:55:19+00:00,1777982119000,36513,27.43511,43.75264,10.01604,91103,True,53.65877,3
20260505-014600,-OrrzZpCXLG6tuj67-CH,2026-05-05 11:55:31+00:00,1777982131000,36525,27.43258,43.71555,10.016,91502,True,52.52656,3
20260505-014600,-Orrzbl5_fHAt_EWxvQq,2026-05-05 11:55:43+00:00,1777982143000,36537,27.43765,43.72984,10.01598,91502,True,51.74775,3
20260505-014600,-OrrzegBwGo-406KJcWx,2026-05-05 11:55:55+00:00,1777982155000,36549,27.43258,43.75544,10.01614,91502,True,52.20338,3
20260505-014600,-OrrzhbdEtLhQ3tLftsF,2026-05-05 11:56:07+00:00,1777982167000,36561,27.43765,43.70858,10.01603,92105,True,50.72799,3
20260505-014600,-OrrzkY-IqZ6FtoOIOyP,2026-05-05 11:56:19+00:00,1777982179000,36573,27.44019,43.71657,10.01628,91502,True,52.25183,3
20260505-014600,-Orrznz3RoLT8LBvOoOK,2026-05-05 11:56:31+00:00,1777982191000,36585,27.43765,43.70899,10.01617,92105,True,51.063,3
20260505-014600,-OrrzqPaeJ6z8YE7SEpW,2026-05-05 11:56:43+00:00,1777982203000,36597,27.43004,43.67509,10.01617,91602,True,51.49189,3
20260505-014600,-OrrztKWlcfTlGZZe53g,2026-05-05 11:56:55+00:00,1777982215000,36609,27.42751,43.6878,10.01615,91602,True,50.61509,2
20260505-014600,-OrrzwFp0bvf7eHTEy72,2026-05-05 11:57:07+00:00,1777982227000,36621,27.43511,43.71191,10.01643,91602,True,50.77031,2
20260505-014600,-OrrzzBZOlPM9wgBYayq,2026-05-05 11:57:19+00:00,1777982239000,36633,27.42243,43.79718,10.01602,91702,True,51.69719,2
20260505-014600,-Ors-171FMk9UjmPt2uF,2026-05-05 11:57:31+00:00,1777982251000,36645,27.42751,43.77347,10.0161,91602,True,52.35157,2
20260505-014600,-Ors-42lKbCuik_nUoet,2026-05-05 11:57:43+00:00,1777982263000,36657,27.42751,43.75873,10.01617,92105,True,50.52411,2
20260505-014600,-Ors-6zSmaVzVlqlWfOd,2026-05-05 11:57:55+00:00,1777982275000,36669,27.42751,43.76639,10.01619,91402,True,52.28658,3
20260505-014600,-Ors-9uOTYGuSUOsENpi,2026-05-05 11:58:07+00:00,1777982287000,36681,27.43258,43.75766,10.01627,91702,True,51.13031,3
20260505-014600,-Ors-CprAKgHbN3m9Nre,2026-05-05 11:58:19+00:00,1777982299000,36693,27.43004,43.72504,10.01628,91602,True,50.85816,3
20260505-014600,-Ors-FlQn8LkitDWGxHW,2026-05-05 11:58:31+00:00,1777982311000,36705,27.42497,43.70018,10.01622,91802,True,50.18411,2
20260505-014600,-Ors-IgzDrk-WhZ0pCbQ,2026-05-05 11:58:43+00:00,1777982323000,36717,27.42751,43.74375,10.01627,92207,True,50.0,2
20260505-014600,-Ors-LcIwyim1v5OezD2,2026-05-05 11:58:55+00:00,1777982335000,36729,27.43004,43.76907,10.01633,91702,True,50.92921,2
20260505-014600,-Ors-OZDkG4cnfuQL_Y5,2026-05-05 11:59:07+00:00,1777982347000,36741,27.42751,43.72137,10.01619,92105,True,51.5491,2
20260505-014600,-Ors-RUQ8pGv7Qs_wL26,2026-05-05 11:59:19+00:00,1777982359000,36753,27.43004,43.74865,10.01626,91702,True,53.12522,2
20260505-014600,-Ors-UPzHyuo_WQlGJ92,2026-05-05 11:59:31+00:00,1777982371000,36765,27.42751,43.7425,10.01635,91802,True,52.02232,2
20260505-014600,-Ors-XXnb4wFD7WC7VOQ,2026-05-05 11:59:43+00:00,1777982383000,36777,27.43004,43.72153,10.01623,91402,True,53.23427,2
20260505-014600,-Ors-_HCvyWAhLoALL1R,2026-05-05 11:59:55+00:00,1777982395000,36789,27.42243,43.72774,10.01639,92004,True,51.18347,3
20260505-014600,-Ors-cCp_vsk1clm8mqb,2026-05-05 12:00:07+00:00,1777982407000,36801,27.42751,43.69888,10.01657,91903,True,51.71574,3
20260505-014600,-Ors-f7rK_tR-5x7PXX3,2026-05-05 12:00:19+00:00,1777982419000,36813,27.42751,43.67683,10.01645,91802,True,52.04652,3
20260505-014600,-Ors-i3caM8nPj41RqkB,2026-05-05 12:00:31+00:00,1777982431000,36825,27.43004,43.65913,10.01637,92615,True,50.70021,3
20260505-014600,-Ors-l04Kzq5rvVvJ5gX,2026-05-05 12:00:43+00:00,1777982443000,36837,27.42497,43.66236,10.01643,92105,True,51.30658,3
20260505-014600,-Ors-nvhO6C5HdMO3XYi,2026-05-05 12:00:55+00:00,1777982455000,36849,27.42751,43.67264,10.01671,92004,True,52.05213,3
20260505-014600,-Ors-qr1aHHlJr6fiJxZ,2026-05-05 12:01:07+00:00,1777982467000,36861,27.43004,43.69727,10.01679,92004,True,52.21867,3
20260505-014600,-Ors-tmOAvMXnbA0_lna,2026-05-05 12:01:19+00:00,1777982479000,36873,27.42497,43.70686,10.01671,92410,True,50.99529,3
20260505-014600,-Ors-wk21IZRmknEqeBw,2026-05-05 12:01:31+00:00,1777982491000,36885,27.42497,43.68288,10.01652,91702,True,51.98258,3
20260505-014600,-Ors-zdSAJ1QRT9LgS-X,2026-05-05 12:01:43+00:00,1777982503000,36897,27.42243,43.67678,10.01649,92207,True,51.06305,3
20260505-014600,-Ors01_KipkG-crt7YmR,2026-05-05 12:01:55+00:00,1777982515000,36909,27.42751,43.61721,10.01677,92207,True,50.94658,3
20260505-014600,-Ors04Vgazjp53UMblsn,2026-05-05 12:02:07+00:00,1777982527000,36921,27.42497,43.65235,10.01662,92410,True,51.06158,3
20260505-014600,-Ors07R3sI9NCE0nzWvn,2026-05-05 12:02:19+00:00,1777982539000,36933,27.42751,43.66488,10.01677,92105,True,51.62486,3
20260505-014600,-Ors0AY2_KlayEYpNeV-,2026-05-05 12:02:31+00:00,1777982551000,36945,27.42751,43.67804,10.01692,91903,True,52.36775,3
20260505-014600,-Ors0DI6CGQ5qarXdl7j,2026-05-05 12:02:43+00:00,1777982563000,36957,27.4199,43.73552,10.01668,92004,True,52.40304,3
20260505-014600,-Ors0GbyEKVNtvv8op5T,2026-05-05 12:02:55+00:00,1777982575000,36969,27.43004,43.70086,10.01663,92004,True,52.13917,3
20260505-014600,-Ors0J9AZUtGx_RytSEc,2026-05-05 12:03:07+00:00,1777982587000,36981,27.42751,43.67776,10.01699,92308,True,51.75198,3
20260505-014600,-Ors0M4Ps1n23O3Mx_QC,2026-05-05 12:03:19+00:00,1777982599000,36993,27.42497,43.65948,10.01692,91903,True,52.45739,3
20260505-014600,-Ors0P-tYPDXf0_aJdKG,2026-05-05 12:03:31+00:00,1777982611000,37005,27.42751,43.68907,10.01694,92308,True,51.57647,3
20260505-014600,-Ors0RwWVU2NS5HS0jlq,2026-05-05 12:03:43+00:00,1777982623000,37017,27.42497,43.70904,10.01678,92004,True,51.51801,3
20260505-014600,-Ors0UruhHW61unAwgSD,2026-05-05 12:03:55+00:00,1777982635000,37029,27.42751,43.70632,10.01708,92308,True,51.64509,3
20260505-014600,-Ors0XnURc8rJp58CNB7,2026-05-05 12:04:07+00:00,1777982647000,37041,27.42243,43.69069,10.01684,91702,True,52.15878,3
20260505-014600,-Ors0_m8YWXB5gA_LDkF,2026-05-05 12:04:19+00:00,1777982659000,37053,27.4199,43.67073,10.0168,91702,True,52.89796,3
20260505-014600,-Ors0ceIWPYelyRV0cA_,2026-05-05 12:04:31+00:00,1777982671000,37065,27.42497,43.69862,10.01685,91903,True,52.21099,3
20260505-014600,-Ors0faHFzxaSxRacQ5y,2026-05-05 12:04:43+00:00,1777982683000,37077,27.42751,43.73664,10.01705,91802,True,52.24393,3
20260505-014600,-Ors0iWKJy4bnIAwNDFi,2026-05-05 12:04:55+00:00,1777982695000,37089,27.42243,43.70778,10.01682,91903,True,52.18849,3
20260505-014600,-Ors0lS2evyAPDYamldb,2026-05-05 12:05:07+00:00,1777982707000,37101,27.4199,43.7529,10.01693,92004,True,51.76397,3
20260505-014600,-Ors0oNMNlKynJ10Jr04,2026-05-05 12:05:19+00:00,1777982719000,37113,27.42751,43.70736,10.01689,91802,True,50.9192,3
20260505-014600,-Ors0rIqv39qp8I3693D,2026-05-05 12:05:31+00:00,1777982731000,37125,27.4199,43.71954,10.01696,91802,True,51.7437,3
20260505-014600,-Ors0uExXiimCZSQm0V1,2026-05-05 12:05:43+00:00,1777982743000,37137,27.43004,43.70303,10.01712,91602,True,51.63176,3
20260505-014600,-Ors0xA2u_MhoDQQ6uNx,2026-05-05 12:05:55+00:00,1777982755000,37149,27.42497,43.69732,10.01702,92105,True,51.27401,3
20260505-014600,-Ors14XDs_c0mVf785SM,2026-05-05 12:06:07+00:00,1777982767000,37161,27.42751,43.66518,10.01713,91802,True,52.54898,3
20260505-014600,-Ors15IOkUWvNHXyaviI,2026-05-05 12:06:32+00:00,1777982792000,37186,27.48245,43.53453,10.01697,92207,True,51.90958,3
20260505-014600,-Ors18E2KmVLAOyOjFvp,2026-05-05 12:06:44+00:00,1777982804000,37198,27.37933,44.01366,10.0171,76815,True,147.45018,3
20260505-014600,-Ors1B9yWMvyUGihLtE8,2026-05-05 12:06:56+00:00,1777982816000,37210,27.40468,43.79946,10.01719,83642,True,120.60515,3
20260505-014600,-Ors1E5KDhzfkdGf5iAW,2026-05-05 12:07:08+00:00,1777982828000,37222,27.40722,43.76185,10.01706,87123,True,93.04417,3
20260505-014600,-Ors1H1fwviM7AWXyr3A,2026-05-05 12:07:20+00:00,1777982840000,37234,27.40722,43.78414,10.01713,88598,True,77.85895,3
20260505-014600,-Ors1JxAjirrOlzQdVl7,2026-05-05 12:07:32+00:00,1777982852000,37246,27.40976,43.79698,10.01699,89641,True,69.951,3
20260505-014600,-Ors1MsREZ9xYJWwfjoZ,2026-05-05 12:07:44+00:00,1777982864000,37258,27.41483,43.73483,10.01727,90026,True,64.89066,3
20260505-014600,-Ors1PnuYFmauZhZEPRl,2026-05-05 12:07:56+00:00,1777982876000,37270,27.41483,43.68974,10.017,90123,True,62.72219,3
20260505-014600,-Ors1SkkTuVD_zk1Y0l2,2026-05-05 12:08:08+00:00,1777982888000,37282,27.41229,43.69173,10.01701,90807,True,59.42426,3
20260505-014600,-Ors1VepvTfdin4EmkYF,2026-05-05 12:08:20+00:00,1777982900000,37294,27.41483,43.7019,10.01716,91004,True,57.61103,3
20260505-014600,-Ors1Ya_alQAYTr_jXAS,2026-05-05 12:08:32+00:00,1777982912000,37306,27.4199,43.74577,10.0171,91004,True,57.2588,3
20260505-014600,-Ors1aXFKOcsBFFVB1Hv,2026-05-05 12:08:44+00:00,1777982924000,37318,27.42243,43.76006,10.01709,91103,True,57.13722,3
20260505-014600,-Ors1dSRaunXsLzfXSP4,2026-05-05 12:08:56+00:00,1777982936000,37330,27.4199,43.76415,10.01714,91004,True,56.60048,3
20260505-014600,-Ors1h6uwJhyFNF0qaor,2026-05-05 12:09:08+00:00,1777982948000,37342,27.41736,43.74485,10.0171,91903,True,53.71706,3
20260505-014600,-Ors1jLrM7T5EBi2Qbux,2026-05-05 12:09:21+00:00,1777982961000,37354,27.41736,43.73547,10.01711,91802,True,54.75448,3
20260505-014600,-Ors1mLiiV59j2h4pLEF,2026-05-05 12:09:33+00:00,1777982973000,37366,27.4199,43.67965,10.01717,91302,True,54.33211,3
20260505-014600,-Ors1pC7j0ywhc3a5tqN,2026-05-05 12:09:45+00:00,1777982985000,37378,27.41736,43.71975,10.01697,91502,True,54.70517,3
20260505-014600,-Ors1s81TlqEjwZn2ZIu,2026-05-05 12:09:57+00:00,1777982997000,37390,27.41736,43.73251,10.01694,91702,True,54.1053,3
20260505-014600,-Ors1v3HlEicgt661TSu,2026-05-05 12:10:09+00:00,1777983009000,37402,27.41736,43.7757,10.01713,92004,True,53.219,3
20260505-014600,-Ors1xzw43G8hPg2zYDN,2026-05-05 12:10:21+00:00,1777983021000,37414,27.41229,43.77776,10.01709,91402,True,54.34162,3
20260505-014600,-Ors2-vqmfXXImOOPxcZ,2026-05-05 12:10:33+00:00,1777983033000,37426,27.41736,43.76728,10.0171,91702,True,53.79924,3
20260505-014600,-Ors22rCXWi3MSblFlZY,2026-05-05 12:10:45+00:00,1777983045000,37438,27.41736,43.71112,10.01718,91602,True,53.70153,3
20260505-014600,-Ors25mOuZ4mPnTDyAlo,2026-05-05 12:10:57+00:00,1777983057000,37450,27.4199,43.69401,10.0173,91602,True,53.55436,3
20260505-014600,-Ors28hnEUYa6w523AZ7,2026-05-05 12:11:09+00:00,1777983069000,37462,27.4199,43.64003,10.0173,91802,True,51.42242,3
20260505-014600,-Ors2Bh41XEV4eOPRxqe,2026-05-05 12:11:21+00:00,1777983081000,37474,27.4199,43.62353,10.01712,91802,True,51.05267,3
20260505-014600,-Ors2E_1hkGjuExDoFLB,2026-05-05 12:11:33+00:00,1777983093000,37486,27.41736,43.65662,10.01704,92308,True,51.40913,3
20260505-014600,-Ors2HVHN_3YEt6y3hIW,2026-05-05 12:11:45+00:00,1777983105000,37498,27.41483,43.70315,10.01713,92105,True,52.13097,3
20260505-014600,-Ors2KQmfzxu4Kx54247,2026-05-05 12:11:57+00:00,1777983117000,37510,27.4199,43.68214,10.01715,92308,True,50.8177,3
20260505-014600,-Ors2NZ6TncEwKiynMsL,2026-05-05 12:12:09+00:00,1777983129000,37522,27.4199,43.66319,10.01728,92717,True,49.76928,2
20260505-014600,-Ors2QHtI9e25NmoMmBo,2026-05-05 12:12:21+00:00,1777983141000,37534,27.42497,43.68348,10.01725,92207,True,51.89124,2
20260505-014600,-Ors2TDemFE7DBBPjhvf,2026-05-05 12:12:33+00:00,1777983153000,37546,27.41736,43.72559,10.0171,92004,True,52.13776,2
20260505-014600,-Ors2W96UO-O1oeSmlTX,2026-05-05 12:12:45+00:00,1777983165000,37558,27.4199,43.68959,10.01731,92207,True,50.95005,2
20260505-014600,-Ors2Z4HwzXYEs-nPWah,2026-05-05 12:12:57+00:00,1777983177000,37570,27.41736,43.7141,10.01729,91802,True,52.41206,2
20260505-014600,-Ors2b-rsA2Do9cMqJa3,2026-05-05 12:13:09+00:00,1777983189000,37582,27.41483,43.72315,10.01739,92410,True,50.95747,3
20260505-014600,-Ors2dwWtMDUEOZLS39o,2026-05-05 12:13:21+00:00,1777983201000,37594,27.41736,43.68972,10.01738,92105,True,50.8469,3
20260505-014600,-Ors2gt-p0TDzqqNvue8,2026-05-05 12:13:33+00:00,1777983213000,37606,27.41736,43.69024,10.01734,92004,True,51.53333,3
20260505-014600,-Ors2jnWTQpm4cEYicC6,2026-05-05 12:13:45+00:00,1777983225000,37618,27.41229,43.67321,10.01716,92105,True,51.36329,3
20260505-014600,-Ors2mioUOKNSM29jBLL,2026-05-05 12:13:57+00:00,1777983237000,37630,27.41736,43.61977,10.01731,92207,True,51.48614,3
20260505-014600,-Ors2pe8xSQw63tN-KFX,2026-05-05 12:14:09+00:00,1777983249000,37642,27.41736,43.60453,10.01713,92512,True,50.73603,3
20260505-014600,-Ors2sa5j5lBU0GgZ7Zr,2026-05-05 12:14:21+00:00,1777983261000,37654,27.40722,43.6534,10.01711,92717,True,49.87054,2
20260505-014600,-Ors2vWEiun72QpTZzmo,2026-05-05 12:14:33+00:00,1777983273000,37666,27.41736,43.65014,10.01722,92207,True,51.45339,2
20260505-014600,-Ors2yRoJDajPH6F7-9C,2026-05-05 12:14:45+00:00,1777983285000,37678,27.41483,43.66599,10.01718,92308,True,51.73398,2
20260505-014600,-Ors30NZ5ny3DPujGXA9,2026-05-05 12:14:57+00:00,1777983297000,37690,27.41483,43.63825,10.01714,92308,True,50.8282,2
20260505-014600,-Ors33JC0UrLE95nRs2l,2026-05-05 12:15:09+00:00,1777983309000,37702,27.41736,43.64906,10.01724,92410,True,51.39578,2
20260505-014600,-Ors36Xljy1NLAI81zJO,2026-05-05 12:15:21+00:00,1777983321000,37714,27.4199,43.68582,10.01738,91903,True,51.72759,3
20260505-014600,-Ors399tTz6rzbQhbApb,2026-05-05 12:15:33+00:00,1777983333000,37726,27.4199,43.6905,10.01717,92105,True,51.38726,3
20260505-014600,-Ors3C5BpJRvWxI-PPT4,2026-05-05 12:15:45+00:00,1777983345000,37738,27.41483,43.6889,10.01729,92105,True,51.77861,3
20260505-014600,-Ors3F1-TnkMphagBq_z,2026-05-05 12:15:57+00:00,1777983357000,37750,27.41483,43.66469,10.01709,92207,True,51.62607,3
20260505-014600,-Ors3HxUQGp1eHw20ngr,2026-05-05 12:16:09+00:00,1777983369000,37762,27.41483,43.63593,10.01702,92207,True,51.9801,3
20260505-014600,-Ors3Ksp1dO6fUCgHEAb,2026-05-05 12:16:21+00:00,1777983381000,37774,27.4199,43.64801,10.01726,92207,True,51.8662,3
20260505-014600,-Ors3NoTus4XYPhSvTyj,2026-05-05 12:16:33+00:00,1777983393000,37786,27.41736,43.67711,10.01727,92615,True,50.84342,3
20260505-014600,-Ors3QjpXgQgKbigTGM0,2026-05-05 12:16:45+00:00,1777983405000,37798,27.41483,43.6431,10.01711,92004,True,51.63711,3
20260505-014600,-Ors3TfFvqqpAB19JzK1,2026-05-05 12:16:57+00:00,1777983417000,37810,27.41736,43.70493,10.01717,92512,True,51.48027,3
20260505-014600,-Ors3Wal0-3a-OkVRaSZ,2026-05-05 12:17:09+00:00,1777983429000,37822,27.40976,43.73407,10.01724,92410,True,52.00888,3
20260505-014600,-Ors3ZXHeKsqENhhhWhf,2026-05-05 12:17:21+00:00,1777983441000,37834,27.4199,43.704,10.01738,92207,True,51.86396,3
20260505-014600,-Ors3bT5PPzepsAgHYQj,2026-05-05 12:17:33+00:00,1777983453000,37846,27.41736,43.65063,10.01715,92512,True,51.15294,3
20260505-014600,-Ors3eOgEa6P6kRlmIP9,2026-05-05 12:17:45+00:00,1777983465000,37858,27.40976,43.67081,10.01708,92410,True,50.45898,3
20260505-014600,-Ors3hJrrEzlhsYWckdK,2026-05-05 12:17:57+00:00,1777983477000,37870,27.41736,43.66637,10.01704,92004,True,50.92583,3
20260505-014600,-Ors3kF9nni_tJqge20o,2026-05-05 12:18:09+00:00,1777983489000,37882,27.41736,43.68467,10.01704,92004,True,51.70008,3
20260505-014600,-Ors3nAqVWUX8kiKgeg0,2026-05-05 12:18:21+00:00,1777983501000,37894,27.41483,43.6975,10.01721,92308,True,51.68543,3
20260505-014600,-Ors3qC7RaB06-IRyQYO,2026-05-05 12:18:33+00:00,1777983513000,37906,27.40976,43.66512,10.01683,92410,True,51.29374,3
20260505-014600,-Ors3t1hpOGpdFq-4J0r,2026-05-05 12:18:45+00:00,1777983525000,37918,27.41229,43.65865,10.01698,92105,True,52.04693,3
20260505-014600,-Ors3vyT44PSE-g47EWU,2026-05-05 12:18:57+00:00,1777983537000,37930,27.41229,43.66456,10.01719,92512,True,50.86572,3
20260505-014600,-Ors3ytsczeNImtW8ftf,2026-05-05 12:19:09+00:00,1777983549000,37942,27.41736,43.65602,10.01722,92512,True,50.9159,3
20260505-014600,-Ors40pMJg7o-8RNGdS1,2026-05-05 12:19:21+00:00,1777983561000,37954,27.41736,43.64946,10.01724,92615,True,51.24978,3
20260505-014600,-Ors43l_T_ziMvygS4Ju,2026-05-05 12:19:33+00:00,1777983573000,37966,27.41229,43.61024,10.01721,91903,True,51.48183,3
20260505-014600,-Ors46gWf89Xn6nAuLR1,2026-05-05 12:19:45+00:00,1777983585000,37978,27.41229,43.66093,10.01723,92004,True,52.28983,3
20260505-014600,-Ors49bywK9ll9-irAqm,2026-05-05 12:19:57+00:00,1777983597000,37990,27.41736,43.63163,10.01713,92004,True,51.23303,3
20260505-014600,-Ors4CYIwPy_C30Jv_Zn,2026-05-05 12:20:09+00:00,1777983609000,38002,27.40976,43.63041,10.01724,92410,True,51.39183,3
20260505-014600,-Ors4FTkqMnRaj3OJcn3,2026-05-05 12:20:21+00:00,1777983621000,38014,27.40722,43.63417,10.01727,92207,True,50.89044,3
20260505-014600,-Ors4IPFCQgTLVuxCh25,2026-05-05 12:20:33+00:00,1777983633000,38026,27.41229,43.61554,10.01731,91802,True,52.61624,3
20260505-014600,-Ors4LKhcG1cPbheyPXJ,2026-05-05 12:20:45+00:00,1777983645000,38038,27.41229,43.6169,10.01721,91903,True,52.41974,3
20260505-014600,-Ors4OGH9WXnYVaec2G4,2026-05-05 12:20:57+00:00,1777983657000,38050,27.40468,43.63679,10.01705,92410,True,51.77867,3
20260505-014600,-Ors4RBw4U92pRMvdvcI,2026-05-05 12:21:09+00:00,1777983669000,38062,27.41229,43.62391,10.01705,92512,True,51.63869,3
20260505-014600,-Ors4U7ROIeZQbjyYJNB,2026-05-05 12:21:21+00:00,1777983681000,38074,27.41483,43.59454,10.01697,92512,True,51.4533,3
20260505-014600,-Ors4X37Q7eCBNX0WX-4,2026-05-05 12:21:33+00:00,1777983693000,38086,27.41229,43.57483,10.01707,92207,True,51.71974,3
20260505-014600,-Ors4_UKye4EQ0sKITr6,2026-05-05 12:21:45+00:00,1777983705000,38098,27.41229,43.58296,10.01709,92512,True,51.28178,3
20260505-014600,-Ors4buOgqcyIJiE7OFB,2026-05-05 12:21:57+00:00,1777983717000,38110,27.40976,43.57065,10.01735,92207,True,51.54469,3
20260505-014600,-Ors4er8CC_Eqf37macY,2026-05-05 12:22:09+00:00,1777983729000,38122,27.41229,43.56106,10.01738,92512,True,50.85039,3
20260505-014600,-Ors4hldawZKZgCnt2yQ,2026-05-05 12:22:21+00:00,1777983741000,38134,27.40976,43.55806,10.01741,92512,True,50.93312,2
20260505-014600,-Ors4kh0VOka7t_pTLiZ,2026-05-05 12:22:33+00:00,1777983753000,38146,27.40722,43.53557,10.01732,92410,True,51.9059,2
20260505-014600,-Ors4ncXE0cRBaSeK56r,2026-05-05 12:22:45+00:00,1777983765000,38158,27.40468,43.57129,10.01723,92615,True,50.91489,2
20260505-014600,-Ors4qZA1IUmPX_1JVdg,2026-05-05 12:22:57+00:00,1777983777000,38170,27.41736,43.53609,10.01752,92717,True,51.44326,2
20260505-014600,-Ors4tUf6K7zIqRpGhql,2026-05-05 12:23:09+00:00,1777983789000,38182,27.40722,43.5785,10.01735,92410,True,51.22259,2
20260505-014600,-Ors4wQ0aLKYuAAqRHLM,2026-05-05 12:23:21+00:00,1777983801000,38194,27.40468,43.58005,10.01754,92308,True,51.73265,3
20260505-014600,-Ors4zLkPz-LhpQQF2fY,2026-05-05 12:23:33+00:00,1777983813000,38206,27.40976,43.5532,10.01757,92717,True,51.40208,3
20260505-014600,-Ors51H6Re5T7m1Y7enh,2026-05-05 12:23:45+00:00,1777983825000,38218,27.41736,43.54762,10.01754,92207,True,51.54263,3
20260505-014600,-Ors54Db0LMBioYH4Lef,2026-05-05 12:23:57+00:00,1777983837000,38230,27.41483,43.58892,10.01762,92308,True,51.94723,3
20260505-014600,-Ors578HEgqytVh36PNh,2026-05-05 12:24:09+00:00,1777983849000,38242,27.40722,43.63047,10.01742,92207,True,51.82684,3
20260505-014600,-Ors5A3ZkpgofcssHC_F,2026-05-05 12:24:21+00:00,1777983861000,38254,27.41483,43.61581,10.01746,92207,True,51.83845,3
20260505-014600,-Ors5D-RHqd-W8KebY0I,2026-05-05 12:24:33+00:00,1777983873000,38266,27.41483,43.63619,10.01762,92308,True,52.59583,3
20260505-014600,-Ors5Fvq_mOHbb9rpyh_,2026-05-05 12:24:45+00:00,1777983885000,38278,27.41229,43.63619,10.01751,92105,True,52.22087,3
20260505-014600,-Ors5JYKgHK0UkXwtHIL,2026-05-05 12:24:57+00:00,1777983897000,38290,27.40976,43.61804,10.01756,91702,True,52.34792,3
20260505-014600,-Ors5LmY9S8KmvyIrkg_,2026-05-05 12:25:09+00:00,1777983909000,38302,27.41483,43.60559,10.01755,92512,True,51.19684,3
20260505-014600,-Ors5Oi2FYCxzy_EiAgX,2026-05-05 12:25:21+00:00,1777983921000,38314,27.41229,43.57927,10.01754,92615,True,50.45501,3
20260505-014600,-Ors5ReSQNSlZFr1TAcJ,2026-05-05 12:25:33+00:00,1777983933000,38326,27.41736,43.55909,10.01777,92410,True,51.22841,2
20260505-014600,-Ors5U_Bch2FqAjZAsu3,2026-05-05 12:25:45+00:00,1777983945000,38338,27.41229,43.63732,10.0176,93026,True,50.66595,2
20260505-014600,-Ors5XVUwG8icfR2xdnh,2026-05-05 12:25:57+00:00,1777983957000,38350,27.40468,43.67217,10.01756,91903,True,52.7777,2
20260505-014600,-Ors5_R2ioqv9EQezO-L,2026-05-05 12:26:09+00:00,1777983969000,38362,27.40722,43.73986,10.01755,92004,True,52.47221,2
20260505-014600,-Ors5cN5IsuZvhKxkxni,2026-05-05 12:26:21+00:00,1777983981000,38374,27.40722,43.73665,10.01771,92105,True,52.74922,2
20260505-014600,-Ors5fIKtDDN-qYvkKhY,2026-05-05 12:26:33+00:00,1777983993000,38386,27.41229,43.66827,10.01767,92615,True,51.95778,3
20260505-014600,-Ors5iDpod57cw-Ov_3e,2026-05-05 12:26:45+00:00,1777984005000,38398,27.40722,43.66638,10.01781,92207,True,52.45833,3
20260505-014600,-Ors5l91ZWR5OHJnWZwA,2026-05-05 12:26:57+00:00,1777984017000,38410,27.40468,43.66917,10.01761,92105,True,52.2925,3
20260505-014600,-Ors5o4XSGQ_4ZxP6jNp,2026-05-05 12:27:09+00:00,1777984029000,38422,27.40722,43.66031,10.01788,92207,True,52.25277,3
20260505-014600,-Ors5r0DLdPDE03XgaML,2026-05-05 12:27:21+00:00,1777984041000,38434,27.40468,43.65685,10.01784,92717,True,51.6677,3
20260505-014600,-Ors5tweJnUYicvK4xzj,2026-05-05 12:27:33+00:00,1777984053000,38446,27.41229,43.65619,10.01777,92512,True,51.07528,3
20260505-014600,-Ors5wsOY0PM7o0bWreO,2026-05-05 12:27:45+00:00,1777984065000,38458,27.40468,43.6758,10.01776,92512,True,51.46661,3
20260505-014600,-Ors5zndTsqzm-7OeGs3,2026-05-05 12:27:57+00:00,1777984077000,38470,27.40215,43.67231,10.01771,92207,True,51.80122,3
20260505-014600,-Ors67DIM1zn2kK3SHf_,2026-05-05 12:28:09+00:00,1777984089000,38482,27.40722,43.62009,10.0179,92410,True,51.5478,3
20260505-014600,-Ors68ToxCgmMXp1px8b,2026-05-05 12:28:36+00:00,1777984116000,38510,27.46003,43.48634,10.01776,92717,True,50.88073,3
20260505-014600,-Ors6BP5ycQ9cq9H6MlI,2026-05-05 12:28:48+00:00,1777984128000,38522,27.36411,43.92356,10.01772,75431,True,156.04846,3
20260505-014600,-Ors6EKoCqDmLwV-N4uW,2026-05-05 12:29:00+00:00,1777984140000,38534,27.38187,43.70021,10.01785,83393,True,125.91359,3
20260505-014600,-Ors6HGwYihk-mG89ixg,2026-05-05 12:29:12+00:00,1777984152000,38546,27.3844,43.66072,10.01773,87032,True,97.7366,3
20260505-014600,-Ors6KBV3QOkcm-nthuj,2026-05-05 12:29:24+00:00,1777984164000,38558,27.38693,43.61388,10.01786,88411,True,80.94264,3
20260505-014600,-Ors6N7CvXFpn1KtIUMj,2026-05-05 12:29:36+00:00,1777984176000,38570,27.39201,43.63432,10.01803,90123,True,70.56844,3
20260505-014600,-Ors6Q2fsJQCbcm19gXT,2026-05-05 12:29:48+00:00,1777984188000,38582,27.3844,43.66724,10.0179,90317,True,65.13348,3
20260505-014600,-Ors6SzIdvx9vW7LvUX8,2026-05-05 12:30:00+00:00,1777984200000,38594,27.39708,43.65792,10.01805,90709,True,61.94586,3
20260505-014600,-Ors6Vuip9G_1a9xnU9x,2026-05-05 12:30:12+00:00,1777984212000,38606,27.39708,43.63153,10.01809,90906,True,61.12635,3
20260505-014600,-Ors6YpxNegDS055eTLe,2026-05-05 12:30:24+00:00,1777984224000,38618,27.39454,43.61377,10.01791,91502,True,58.41647,3
20260505-014600,-Ors6alVKBP3DfceT9nV,2026-05-05 12:30:36+00:00,1777984236000,38630,27.39961,43.63914,10.01817,91602,True,57.43733,3
20260505-014600,-Ors6dhMQgNgvQOgY6aj,2026-05-05 12:30:48+00:00,1777984248000,38642,27.39454,43.62517,10.01796,92207,True,56.23082,3
20260505-014600,-Ors6gcqqiLJUwKXdwOo,2026-05-05 12:31:00+00:00,1777984260000,38654,27.39961,43.56241,10.0181,91702,True,54.76031,3
20260505-014600,-Ors6jeJ6RvbhHX1acUv,2026-05-05 12:31:12+00:00,1777984272000,38666,27.39961,43.55335,10.0181,92410,True,53.63048,3
20260505-014600,-Ors6mUndqJa7s7w4BwS,2026-05-05 12:31:24+00:00,1777984284000,38678,27.39961,43.58242,10.01824,92105,True,54.53793,3
20260505-014600,-Ors6pQ3X8Q7lqZ5pUTp,2026-05-05 12:31:36+00:00,1777984296000,38690,27.39708,43.61762,10.01802,92004,True,53.46775,3
20260505-014600,-Ors6sLVd18Wc70GmULy,2026-05-05 12:31:48+00:00,1777984308000,38702,27.40215,43.65601,10.01817,92308,True,53.6157,3
20260505-014600,-Ors6vH6-JA8bLZ-Veom,2026-05-05 12:32:00+00:00,1777984320000,38714,27.39454,43.68355,10.01824,91802,True,54.56368,3
20260505-014600,-Ors6yCSJ0v8I6KGJIZS,2026-05-05 12:32:12+00:00,1777984332000,38726,27.40215,43.64969,10.01828,92105,True,54.05506,3
20260505-014600,-Ors7086RwOmydFJLfa8,2026-05-05 12:32:24+00:00,1777984344000,38738,27.40215,43.64561,10.01842,92105,True,53.06826,3
20260505-014600,-Ors733d7wQXR_u9aShy,2026-05-05 12:32:36+00:00,1777984356000,38750,27.39961,43.60626,10.0184,92105,True,53.0537,3
20260505-014600,-Ors76-7JFhHcSYFhiqo,2026-05-05 12:32:48+00:00,1777984368000,38762,27.39961,43.58793,10.01831,92512,True,51.42266,3
20260505-014600,-Ors78vaOh417PvaMmYa,2026-05-05 12:33:00+00:00,1777984380000,38774,27.40215,43.57177,10.01821,92512,True,52.08119,3
20260505-014600,-Ors7Br6lCaCJ6pouhZ1,2026-05-05 12:33:12+00:00,1777984392000,38786,27.40215,43.58871,10.01817,92615,True,51.1998,3
20260505-014600,-Ors7EmW2uLeTU9Ggp3j,2026-05-05 12:33:24+00:00,1777984404000,38798,27.39708,43.64861,10.01818,92512,True,51.51632,3
20260505-014600,-Ors7HhyW1wlJytTeUO0,2026-05-05 12:33:36+00:00,1777984416000,38810,27.39454,43.69191,10.01819,92512,True,52.13192,3
20260505-014600,-Ors7KdZ6RUxOn6MQzVq,2026-05-05 12:33:48+00:00,1777984428000,38822,27.39961,43.71712,10.01826,92207,True,52.61319,3
20260505-014600,-Ors7N_3BfrqcUAxm9YG,2026-05-05 12:34:00+00:00,1777984440000,38834,27.39708,43.64967,10.01814,92717,True,52.03944,3
20260505-014600,-Ors7QVRe316Jm8zxxij,2026-05-05 12:34:12+00:00,1777984452000,38846,27.39961,43.60806,10.0184,92105,True,52.27578,3
20260505-014600,-Ors7T_zxX1P2H1k82ME,2026-05-05 12:34:24+00:00,1777984464000,38858,27.39708,43.62254,10.0182,92410,True,52.29052,3
20260505-014600,-Ors7WMqC9MplSNmlmF3,2026-05-05 12:34:36+00:00,1777984476000,38870,27.40215,43.64524,10.01824,92410,True,52.06675,3
20260505-014600,-Ors7ZIAdgMYvwCcsGZZ,2026-05-05 12:34:48+00:00,1777984488000,38882,27.39961,43.61417,10.01826,92207,True,51.9667,3
20260505-014600,-Ors7bDdMA2QVUR7FFL0,2026-05-05 12:35:00+00:00,1777984500000,38894,27.40468,43.61375,10.01825,92105,True,52.40209,3
20260505-014600,-Ors7dy3TarYGP24rYK9,2026-05-05 12:35:11+00:00,1777984511000,38905,27.31848,44.2063,10.01808,82570,True,70.7374,3
20260505-014600,-Ors7gu4zdvDOIyd1E-V,2026-05-05 12:35:23+00:00,1777984523000,38917,27.38693,43.77584,10.01823,88504,True,79.43773,3
20260505-014600,-Ors7jpE1JJUl-3TTMbL,2026-05-05 12:35:35+00:00,1777984535000,38929,27.38947,43.72307,10.01807,90220,True,69.59557,3
20260505-014600,-Ors7mkgcQsURPVEtLs4,2026-05-05 12:35:47+00:00,1777984547000,38941,27.39454,43.68855,10.01796,90709,True,62.1685,3
20260505-014600,-Ors7pfwuvShyKUPhQ-9,2026-05-05 12:35:59+00:00,1777984559000,38953,27.39454,43.66964,10.01817,91004,True,59.34268,3
20260505-014600,-Ors7sbUmxqferBujSNH,2026-05-05 12:36:11+00:00,1777984571000,38965,27.38947,43.62145,10.01816,91302,True,58.17352,3
20260505-014600,-Ors7vYT0OXNVSeuxEiv,2026-05-05 12:36:23+00:00,1777984583000,38977,27.39708,43.60883,10.01813,91602,True,56.46747,3
20260505-014600,-Ors7yTRm6fXT3cJmd3v,2026-05-05 12:36:35+00:00,1777984595000,38989,27.38947,43.67426,10.01807,92207,True,54.81453,3
20260505-014600,-Ors80P3h5e1aCSHow15,2026-05-05 12:36:47+00:00,1777984607000,39001,27.39201,43.68374,10.01789,91903,True,53.52758,3
20260505-014600,-Ors83KlX3IEBOzYE0js,2026-05-05 12:36:59+00:00,1777984619000,39013,27.38947,43.68551,10.01785,92308,True,53.50336,3
20260505-014600,-Ors86G5FaF9Rl0jn-68,2026-05-05 12:37:11+00:00,1777984631000,39025,27.39201,43.66095,10.01787,92717,True,51.84219,3
20260505-014600,-Ors89BS2pMgJnnOekIO,2026-05-05 12:37:23+00:00,1777984643000,39037,27.39201,43.6268,10.01789,92820,True,50.31059,3
20260505-014600,-Ors8EYubaO8uMjm-TlZ,2026-05-05 12:37:35+00:00,1777984655000,39049,27.39454,43.58889,10.018,92820,True,50.43671,2
20260505-014600,-Ors8FLsHZ-pARb95LoG,2026-05-05 12:37:48+00:00,1777984668000,39062,27.45459,43.41551,10.01815,92512,True,50.68062,2
20260505-014600,-Ors8IFqSzlh0JsKrmtn,2026-05-05 12:38:00+00:00,1777984680000,39074,27.37172,43.82953,10.01797,84401,True,102.67781,2
20260505-014600,-Ors8LAvJujzW6JNle4g,2026-05-05 12:38:12+00:00,1777984692000,39086,27.3844,43.69192,10.01805,88317,True,86.33667,2
20260505-014600,-Ors8O6ZyP-8dRBNqYlx,2026-05-05 12:38:24+00:00,1777984704000,39098,27.38947,43.65582,10.01822,90415,True,71.84969,2
20260505-014600,-Ors8R22H5XeD66V9jN8,2026-05-05 12:38:36+00:00,1777984716000,39110,27.38693,43.58968,10.01793,90906,True,63.93384,2
20260505-014600,-Ors8Tz48sXQ-UT6ICo-,2026-05-05 12:38:49+00:00,1777984729000,39122,27.30073,44.2042,10.01792,80429,True,82.33109,3
20260505-014600,-Ors8WufyUVNKa7aqMTJ,2026-05-05 12:39:01+00:00,1777984741000,39134,27.37426,43.71141,10.01787,86852,True,90.61549,3
20260505-014600,-Ors8ZqFe6wLjuNreVD8,2026-05-05 12:39:13+00:00,1777984753000,39146,27.38693,43.56643,10.01803,89545,True,76.29845,3
20260505-014600,-Ors8blW92j2Qca4ABVn,2026-05-05 12:39:25+00:00,1777984765000,39158,27.38947,43.55472,10.01807,90513,True,66.37434,3
20260505-014600,-Ors8egss706BRAqRl-k,2026-05-05 12:39:37+00:00,1777984777000,39170,27.38947,43.56837,10.01807,91103,True,62.0427,3
20260505-014600,-Ors8hcXMllllW9ZMiq5,2026-05-05 12:39:49+00:00,1777984789000,39182,27.3844,43.57973,10.01796,92004,True,57.27064,3
20260505-014600,-Ors8kZ0708Ywm4z5izT,2026-05-05 12:40:01+00:00,1777984801000,39194,27.38947,43.53939,10.01809,92004,True,56.17124,3
20260505-014600,-Ors8nUZAnOhm8BVgQhY,2026-05-05 12:40:13+00:00,1777984813000,39206,27.38947,43.54723,10.01811,91903,True,55.63172,3
20260505-014600,-Ors8qPzrKOhRAFRon2U,2026-05-05 12:40:25+00:00,1777984825000,39218,27.39454,43.56259,10.01821,92207,True,54.62511,3
20260505-014600,-Ors8tX33CGnvFGwixvT,2026-05-05 12:40:37+00:00,1777984837000,39230,27.39454,43.58234,10.01798,91903,True,53.96127,3
20260505-014600,-Ors8wH3r6r1c8A_SfRb,2026-05-05 12:40:49+00:00,1777984849000,39242,27.39708,43.55778,10.01814,92105,True,54.16463,3
20260505-014600,-Ors8zCtmKVjP0r8_rQ9,2026-05-05 12:41:01+00:00,1777984861000,39254,27.39201,43.55556,10.01824,92207,True,53.38137,3
20260505-014600,-Ors918Dpu_iD5ekUv1v,2026-05-05 12:41:13+00:00,1777984873000,39266,27.38947,43.60567,10.01818,92512,True,52.20901,3
20260505-014600,-Ors943iA2x3JEFQ3_oa,2026-05-05 12:41:25+00:00,1777984885000,39278,27.38947,43.62825,10.0183,92512,True,52.16177,3
20260505-014600,-Ors96zyRPVUzvHBGr_i,2026-05-05 12:41:37+00:00,1777984897000,39290,27.39201,43.6219,10.01822,92615,True,51.18402,3
20260505-014600,-Ors99vOYzvRcqfDFE4W,2026-05-05 12:41:49+00:00,1777984909000,39302,27.39708,43.58397,10.01842,92923,True,50.6969,3
20260505-014600,-Ors9Cr94DetlSPIYFDS,2026-05-05 12:42:01+00:00,1777984921000,39314,27.39201,43.57562,10.01833,92105,True,52.30908,3
20260505-014600,-Ors9FmV6w_g7VMPNC3K,2026-05-05 12:42:13+00:00,1777984933000,39326,27.39708,43.5802,10.01837,92717,True,51.55568,3
20260505-014600,-Ors9IhvN4dG5m5PHrzi,2026-05-05 12:42:25+00:00,1777984945000,39338,27.39454,43.59897,10.01837,92410,True,51.06178,3
20260505-014600,-Ors9LdYCh_iOPZ_FwGm,2026-05-05 12:42:37+00:00,1777984957000,39350,27.39708,43.55933,10.01841,92512,True,51.31566,3
20260505-014600,-Ors9OZsyB6KyPWF059c,2026-05-05 12:42:49+00:00,1777984969000,39362,27.39708,43.53157,10.01834,93233,True,49.66251,2
20260505-014600,-Ors9RVZjoC0RDCUnFxL,2026-05-05 12:43:01+00:00,1777984981000,39374,27.39708,43.55484,10.01837,92410,True,52.15346,2
20260505-014600,-Ors9URGyq4sQN1Xh7iH,2026-05-05 12:43:13+00:00,1777984993000,39386,27.39454,43.58767,10.01863,92615,True,52.48038,2
20260505-014600,-Ors9XMMHHujUSgQ0XXK,2026-05-05 12:43:25+00:00,1777985005000,39398,27.39454,43.59668,10.01852,92820,True,51.86504,2
20260505-014600,-Ors9_I0CiAyFPmSgrpN,2026-05-05 12:43:37+00:00,1777985017000,39410,27.38693,43.58029,10.01847,92820,True,52.30788,2
20260505-014600,-Ors9cIedQ35DlqbIgB9,2026-05-05 12:43:49+00:00,1777985029000,39422,27.39454,43.54958,10.01867,92615,True,52.55075,2
20260505-014600,-Ors9f8nmbVHsMQQojUU,2026-05-05 12:44:01+00:00,1777985041000,39434,27.39201,43.54525,10.01859,92512,True,53.04162,3
20260505-014600,-Ors9i4T4w8uC1YjsSJa,2026-05-05 12:44:13+00:00,1777985053000,39446,27.39201,43.52153,10.01855,92820,True,51.44245,3
20260505-014600,-Ors9l-rio5hyAmi3VdO,2026-05-05 12:44:25+00:00,1777985065000,39458,27.39454,43.53386,10.01865,93441,True,50.26953,3
20260505-014600,-Ors9nwGbT7YfuK_9ei7,2026-05-05 12:44:37+00:00,1777985077000,39470,27.39708,43.54696,10.01878,93233,True,51.29454,2
20260505-014600,-Ors9qsTjdJGCPFD1VtJ,2026-05-05 12:44:49+00:00,1777985089000,39482,27.39961,43.5797,10.01882,92207,True,52.99873,2
20260505-014600,-Ors9tniFFeif93TkvWf,2026-05-05 12:45:01+00:00,1777985101000,39494,27.39454,43.58901,10.01875,92410,True,52.63226,2
20260505-014600,-Ors9wj3-ts1cC6xsRd3,2026-05-05 12:45:13+00:00,1777985113000,39506,27.39708,43.54777,10.01894,93441,True,50.77634,2
20260505-014600,-Ors9zeKNDjl91GJTd3e,2026-05-05 12:45:25+00:00,1777985125000,39518,27.39708,43.51532,10.01886,92820,True,50.5529,2
20260505-014600,-OrsA1a-FHYxbJ5opCcl,2026-05-05 12:45:37+00:00,1777985137000,39530,27.39708,43.52367,10.01897,93233,True,50.50037,3
20260505-014600,-OrsA4_Qyi-TpxXqyqSd,2026-05-05 12:45:49+00:00,1777985149000,39542,27.39708,43.53092,10.01902,92717,True,50.73423,3
20260505-014600,-OrsA7RtOOFLKHD0vlVN,2026-05-05 12:46:01+00:00,1777985161000,39554,27.39454,43.55239,10.01902,92410,True,51.89503,3
20260505-014600,-OrsAANN8QfwyTHbE80J,2026-05-05 12:46:13+00:00,1777985173000,39566,27.39708,43.5504,10.01888,93026,True,51.6465,3
20260505-014600,-OrsADIoqsgwPm2Pwmrb,2026-05-05 12:46:25+00:00,1777985185000,39578,27.39454,43.5551,10.01905,92923,True,51.94582,3
20260505-014600,-OrsAGEO2o4q3sz6sbsq,2026-05-05 12:46:37+00:00,1777985197000,39590,27.39201,43.55254,10.01903,93130,True,51.38136,3
20260505-014600,-OrsAJAjhYWdQSLDxlgl,2026-05-05 12:46:49+00:00,1777985209000,39602,27.39201,43.53915,10.01905,92820,True,50.61052,2
20260505-014600,-OrsAMQrGmDMCVh1nJNF,2026-05-05 12:47:01+00:00,1777985221000,39614,27.39708,43.54963,10.01934,92717,True,51.73024,2
20260505-014600,-OrsAP17IyruxrJ8Lduz,2026-05-05 12:47:13+00:00,1777985233000,39626,27.39201,43.59385,10.01924,92615,True,52.65966,2
20260505-014600,-OrsARxTcU-Z6RtzfDbr,2026-05-05 12:47:25+00:00,1777985245000,39638,27.38947,43.62925,10.01902,92820,True,52.268,2
20260505-014600,-OrsAUst7ZOzsb8jRVqD,2026-05-05 12:47:37+00:00,1777985257000,39650,27.39201,43.60873,10.01914,92820,True,52.15835,2
20260505-014600,-OrsAXoiHBcSLgBwzba3,2026-05-05 12:47:49+00:00,1777985269000,39662,27.38947,43.61517,10.01915,92923,True,51.96198,3
20260505-014600,-OrsA_k21n9cqqy4CMmf,2026-05-05 12:48:01+00:00,1777985281000,39674,27.39201,43.63694,10.01938,92923,True,51.79186,3
20260505-014600,-OrsAcfb5JeDpm1Revda,2026-05-05 12:48:13+00:00,1777985293000,39686,27.38947,43.60512,10.01917,92615,True,52.02055,3
20260505-014600,-OrsAfaySrNlxOMH1DAw,2026-05-05 12:48:25+00:00,1777985305000,39698,27.38947,43.62078,10.01918,93130,True,51.45627,3
20260505-014600,-OrsAiXaNk2ZAfInf4k6,2026-05-05 12:48:37+00:00,1777985317000,39710,27.39201,43.65544,10.01933,92923,True,51.52287,3
20260505-014600,-OrsAlSnxKCWTAaOyi27,2026-05-05 12:48:49+00:00,1777985329000,39722,27.39201,43.64326,10.01917,92923,True,51.65949,3
20260505-014600,-OrsAoOrH-QCjf-hBx-8,2026-05-05 12:49:01+00:00,1777985341000,39734,27.39454,43.60823,10.01954,92512,True,52.699,3
20260505-014600,-OrsArJtioYX5bVO2cnF,2026-05-05 12:49:13+00:00,1777985353000,39746,27.39201,43.56745,10.01945,92820,True,52.17339,3
20260505-014600,-OrsAuFV0e25Xc8Q3L52,2026-05-05 12:49:25+00:00,1777985365000,39758,27.39201,43.55986,10.01943,92820,True,51.49861,3
20260505-014600,-OrsAxBHi2WwOQLvngnF,2026-05-05 12:49:37+00:00,1777985377000,39770,27.39201,43.53161,10.0194,93441,True,50.65364,3
20260505-014600,-OrsB-6aPtDfIiQ7HuMw,2026-05-05 12:49:49+00:00,1777985389000,39782,27.39454,43.53717,10.0194,92207,True,52.84483,3
20260505-014600,-OrsB22EUsdclL6gjGtz,2026-05-05 12:50:01+00:00,1777985401000,39794,27.39201,43.58438,10.01933,93233,True,50.29818,3
20260505-014600,-OrsB5ErxgG7f6hdy3x1,2026-05-05 12:50:13+00:00,1777985413000,39806,27.39201,43.55289,10.01947,93026,True,50.8719,3
20260505-014600,-OrsB7wPHzteQZ0qXDx3,2026-05-05 12:50:25+00:00,1777985425000,39818,27.39708,43.54858,10.01953,93130,True,51.18106,3
20260505-014600,-OrsBApOeTRrmu74FMqm,2026-05-05 12:50:37+00:00,1777985437000,39830,27.39454,43.55833,10.01953,92615,True,52.23009,3
20260505-014600,-OrsBDkmmTqtDjKRYqPl,2026-05-05 12:50:49+00:00,1777985449000,39842,27.3844,43.61322,10.01947,92717,True,52.3065,3
20260505-014600,-OrsBGgUpq3-dr_2eMgj,2026-05-05 12:51:01+00:00,1777985461000,39854,27.38693,43.6033,10.01946,92717,True,52.08453,3
20260505-014600,-OrsBJbtyO5YtWVDAaKF,2026-05-05 12:51:13+00:00,1777985473000,39866,27.38947,43.5277,10.01939,92820,True,51.99494,3
20260505-014600,-OrsBMYRGTzoikAB6nte,2026-05-05 12:51:25+00:00,1777985485000,39878,27.39454,43.50414,10.01953,92923,True,51.21368,3
20260505-014600,-OrsBPTmQ_CM9c8X4K7A,2026-05-05 12:51:37+00:00,1777985497000,39890,27.38947,43.5441,10.01959,93337,True,50.0,2
20260505-014600,-OrsBSPF50WdLZ1e3Xrf,2026-05-05 12:51:49+00:00,1777985509000,39902,27.39454,43.56187,10.01965,92820,True,51.11422,2
20260505-014600,-OrsBVKxC3zqOlwZfGZO,2026-05-05 12:52:01+00:00,1777985521000,39914,27.39201,43.59022,10.01959,93233,True,51.64013,2
20260505-014600,-OrsBYGAa4JWlw9gHHeh,2026-05-05 12:52:13+00:00,1777985533000,39926,27.39201,43.61873,10.01957,92717,True,53.16514,2
20260505-014600,-OrsBaBsJPwNXVih-Ye4,2026-05-05 12:52:25+00:00,1777985545000,39938,27.38947,43.60459,10.01971,93441,True,50.91584,2
20260505-014600,-OrsBd7qhfyQfrUSZL7v,2026-05-05 12:52:37+00:00,1777985557000,39950,27.39201,43.5826,10.01954,92615,True,52.32496,2
20260505-014600,-OrsBg3LvwtD47D_VorC,2026-05-05 12:52:49+00:00,1777985569000,39962,27.38947,43.55859,10.0196,92820,True,51.69619,3
20260505-014600,-OrsBizF0erXGJkeLMVr,2026-05-05 12:53:01+00:00,1777985581000,39974,27.39201,43.50956,10.01977,92820,True,52.24174,3
20260505-014600,-OrsBlv3SVrjSI8w3WNI,2026-05-05 12:53:13+00:00,1777985593000,39986,27.39201,43.52526,10.01973,93233,True,51.18246,3
20260505-014600,-OrsBr19-ib-0DU67u7p,2026-05-05 12:53:25+00:00,1777985605000,39998,27.39454,43.5004,10.01974,93233,True,50.57603,3
20260505-014600,-OrsBrnE-Wj8-QJWZCJd,2026-05-05 12:53:37+00:00,1777985617000,40010,27.44855,43.37008,10.01982,93337,True,50.14626,3
20260505-014600,-OrsBuiIRiF5QAeZUc-k,2026-05-05 12:53:49+00:00,1777985629000,40022,27.36411,43.69331,10.01981,85260,True,98.767,3
20260505-014600,-OrsBxdn5uPqydO3nomy,2026-05-05 12:54:01+00:00,1777985641000,40034,27.37679,43.51263,10.0197,89069,True,83.7759,3
20260505-014600,-OrsC-_MSaxpVDBA10dG,2026-05-05 12:54:13+00:00,1777985653000,40046,27.38187,43.46246,10.01976,90709,True,70.24702,3
20260505-014600,-OrsC29JGaqx4sZktOOe,2026-05-05 12:54:23+00:00,1777985663000,40057,27.30326,43.99392,10.01981,83062,True,81.66424,3
20260505-014600,-OrsC54Zke9Qg9ljZoCr,2026-05-05 12:54:35+00:00,1777985675000,40069,27.37679,43.59682,10.01995,88785,True,84.33754,3
20260505-014600,-OrsC80A5g0ku-dB3U_O,2026-05-05 12:54:47+00:00,1777985687000,40081,27.38187,43.57979,10.02003,90123,True,73.4477,3
20260505-014600,-OrsCAx-2pjFzhMdSe5v,2026-05-05 12:54:59+00:00,1777985699000,40093,27.37426,43.59106,10.01989,91203,True,65.394,3
20260505-014600,-OrsCDsQiuFyEsnRaahZ,2026-05-05 12:55:11+00:00,1777985711000,40105,27.3844,43.50739,10.01998,91502,True,61.23783,3
20260505-014600,-OrsCGnkjigp63jELdhO,2026-05-05 12:55:23+00:00,1777985723000,40117,27.37933,43.50351,10.01981,92105,True,58.1925,3
20260505-014600,-OrsCJj2FjHrcVNpRIPU,2026-05-05 12:55:35+00:00,1777985735000,40129,27.3844,43.47764,10.01998,92105,True,56.82026,3
20260505-014600,-OrsCMMPGo2rGtmMGwvZ,2026-05-05 12:55:46+00:00,1777985746000,40139,27.3058,44.0335,10.01964,82652,True,74.92797,3
20260505-014600,-OrsCPHNXOcN0q1C2gFY,2026-05-05 12:55:58+00:00,1777985758000,40151,27.37426,43.60284,10.01994,88974,True,80.02005,3
20260505-014600,-OrsCSD18MwYshXPiESE,2026-05-05 12:56:10+00:00,1777985770000,40163,27.37426,43.5301,10.01991,90415,True,70.34892,3
20260505-014600,-OrsCV8aEKiINbONbwWX,2026-05-05 12:56:22+00:00,1777985782000,40175,27.3844,43.49759,10.02009,91802,True,62.59929,3
20260505-014600,-OrsCYRL4iGowM-jKpTL,2026-05-05 12:56:34+00:00,1777985794000,40187,27.3844,43.49233,10.02014,91702,True,59.92304,3
20260505-014600,-OrsCa-dULiG3hUhLtNk,2026-05-05 12:56:46+00:00,1777985806000,40199,27.38187,43.52637,10.01999,91602,True,58.16741,3
20260505-014600,-OrsCcw7c8RjXfjra8UD,2026-05-05 12:56:58+00:00,1777985818000,40211,27.38187,43.50435,10.02013,92410,True,55.60023,3
20260505-014600,-OrsCfsb8z1H6JwUwAJ5,2026-05-05 12:57:10+00:00,1777985830000,40223,27.3844,43.4761,10.01998,92615,True,54.37706,3
20260505-014600,-OrsCinOMkZPnOOgacHa,2026-05-05 12:57:22+00:00,1777985842000,40235,27.38693,43.50622,10.02013,93026,True,53.46183,3
20260505-014600,-OrsClibtiJvb8fbvJk-,2026-05-05 12:57:34+00:00,1777985854000,40247,27.38187,43.51043,10.01999,92615,True,53.43884,3
20260505-014600,-OrsCogSq9OgshV91b4v,2026-05-05 12:57:46+00:00,1777985866000,40259,27.3844,43.52863,10.02003,92717,True,53.25536,3
20260505-014600,-OrsCr_gFoQlEqe9yA9g,2026-05-05 12:57:58+00:00,1777985878000,40271,27.3844,43.52097,10.02,92512,True,53.41751,3
20260505-014600,-OrsCuVq-mJloePlEXCY,2026-05-05 12:58:10+00:00,1777985890000,40283,27.3844,43.47008,10.02016,93026,True,52.52275,3
20260505-014600,-OrsCxRVY7DFrUyHS1Dp,2026-05-05 12:58:22+00:00,1777985902000,40295,27.38693,43.4904,10.02027,92717,True,52.23027,3
20260505-014600,-OrsD-N85x1uQsdt-XE6,2026-05-05 12:58:34+00:00,1777985914000,40307,27.3844,43.52507,10.02016,92615,True,53.17057,3
20260505-014600,-OrsD2JKBUJ68hjj7SGt,2026-05-05 12:58:46+00:00,1777985926000,40319,27.38947,43.53417,10.02026,92512,True,52.91537,3
20260505-014600,-OrsD5E5ea5g7ICUwYB7,2026-05-05 12:58:58+00:00,1777985938000,40331,27.3844,43.50029,10.02026,92820,True,52.73951,3
20260505-014600,-OrsD89zV5VFUYlxvRYv,2026-05-05 12:59:10+00:00,1777985950000,40343,27.38187,43.47167,10.02011,93546,True,50.94398,3
20260505-014600,-OrsDB5bfve9AvVaZp5z,2026-05-05 12:59:22+00:00,1777985962000,40355,27.38693,43.44154,10.02011,93130,True,51.84611,3
20260505-014600,-OrsDE0R3O205R8FrQiM,2026-05-05 12:59:34+00:00,1777985974000,40367,27.3844,43.43498,10.02007,93650,True,50.77695,3
20260505-014600,-OrsDHA5ybX6vGUijUZw,2026-05-05 12:59:46+00:00,1777985986000,40379,27.38187,43.50552,10.02024,93130,True,51.91345,3
20260505-014600,-OrsDJsqrlTVPwA44KxF,2026-05-05 12:59:58+00:00,1777985998000,40391,27.38947,43.47982,10.02018,93233,True,51.42431,3
20260505-014600,-OrsDMnzx3myE4FT5oWg,2026-05-05 13:00:10+00:00,1777986010000,40403,27.3844,43.47985,10.02026,92820,True,51.65692,3
20260505-014600,-OrsDPjXlO7H5GWmWhh-,2026-05-05 13:00:22+00:00,1777986022000,40415,27.38693,43.514,10.02041,92923,True,51.93657,3
20260505-014600,-OrsDSfGCedG9kIK9MrH,2026-05-05 13:00:34+00:00,1777986034000,40427,27.38187,43.53164,10.0202,92820,True,52.26929,3
20260505-014600,-OrsDVadxBTahDzlYgN6,2026-05-05 13:00:46+00:00,1777986046000,40439,27.3844,43.51648,10.02009,93026,True,52.21661,3
20260505-014600,-OrsDYXPGHqUuNgjsPt7,2026-05-05 13:00:58+00:00,1777986058000,40451,27.3844,43.49486,10.0203,92820,True,52.51453,3
20260505-014600,-OrsDaSf3qpIyO1Plpo0,2026-05-05 13:01:10+00:00,1777986070000,40463,27.38187,43.42087,10.02008,92923,True,51.79911,3
20260505-014600,-OrsDdNsufU1LFdlW6v2,2026-05-05 13:01:22+00:00,1777986082000,40475,27.38947,43.39021,10.02027,93233,True,51.6216,3
20260505-014600,-OrsDgJLsWDjX1F5m4Xk,2026-05-05 13:01:34+00:00,1777986094000,40487,27.38947,43.41336,10.02047,93233,True,51.76165,3
20260505-014600,-OrsDjGIe-K96HK7AmNC,2026-05-05 13:01:46+00:00,1777986106000,40499,27.3844,43.42442,10.02026,93026,True,51.63653,3
20260505-014600,-OrsDmApCHH4IVyr3zdb,2026-05-05 13:01:58+00:00,1777986118000,40511,27.38693,43.4163,10.02035,93026,True,51.34679,3
20260505-014600,-OrsDp6A8Z0fQTRbFuBa,2026-05-05 13:02:10+00:00,1777986130000,40523,27.38693,43.41962,10.02034,93233,True,50.90985,3
20260505-014600,-OrsDs1mpTG3KU0AIOmu,2026-05-05 13:02:22+00:00,1777986142000,40535,27.38187,43.43242,10.02056,93233,True,50.59278,3
20260505-014600,-OrsDuxuCTO91Akl_hFS,2026-05-05 13:02:34+00:00,1777986154000,40547,27.3844,43.4491,10.02035,93233,True,50.87085,2
20260505-014600,-OrsDxtoJo5zvYZFK5un,2026-05-05 13:02:46+00:00,1777986166000,40559,27.38693,43.44686,10.02037,93233,True,50.48461,2
20260505-014600,-OrsE-zHzf7RfoWFxWpM,2026-05-05 13:02:58+00:00,1777986178000,40571,27.38693,43.38799,10.02039,93233,True,50.55812,2
20260505-014600,-OrsE2kfWqL9OLU2gbPf,2026-05-05 13:03:10+00:00,1777986190000,40583,27.38187,43.39391,10.02031,93233,True,51.1158,2
20260505-014600,-OrsE5gByR56-O4BsLg9,2026-05-05 13:03:22+00:00,1777986202000,40595,27.38187,43.43254,10.02043,93860,True,50.30949,2
20260505-014600,-OrsE8bKBft4OLh8LB9E,2026-05-05 13:03:34+00:00,1777986214000,40607,27.37933,43.43702,10.02055,93441,True,50.33057,2
20260505-014600,-OrsEBYitOHSl8seNbwu,2026-05-05 13:03:46+00:00,1777986226000,40619,27.3844,43.45574,10.02061,93337,True,51.58095,2
20260505-014600,-OrsEETWdrZcQ6itUFXj,2026-05-05 13:03:58+00:00,1777986238000,40631,27.38693,43.4672,10.0206,93026,True,51.53008,3
20260505-014600,-OrsEHP1SZ9ASo0Q10Vk,2026-05-05 13:04:10+00:00,1777986250000,40643,27.37933,43.45966,10.02062,93130,True,51.12022,3
20260505-014600,-OrsEKKiNLHpqczXOyCy,2026-05-05 13:04:22+00:00,1777986262000,40655,27.37426,43.41302,10.02052,93337,True,51.34529,3
20260505-014600,-OrsENG3pa82_895DbOp,2026-05-05 13:04:34+00:00,1777986274000,40667,27.3844,43.37859,10.02065,93337,True,50.86311,3
20260505-014600,-OrsEQD14G0FsjxaK22z,2026-05-05 13:04:46+00:00,1777986286000,40679,27.38187,43.40242,10.02078,93546,True,50.66232,3
20260505-014600,-OrsET7-aaBd_xlWh7vx,2026-05-05 13:04:58+00:00,1777986298000,40691,27.3844,43.39794,10.02081,93337,True,50.73777,2
20260505-014600,-OrsEW2TzmQMLL2EtXyT,2026-05-05 13:05:10+00:00,1777986310000,40703,27.37679,43.40551,10.02081,93546,True,50.5731,2
20260505-014600,-OrsEYzCq5VCjypnx8fY,2026-05-05 13:05:22+00:00,1777986322000,40715,27.37679,43.42614,10.02086,93441,True,51.09705,2
20260505-014600,-OrsEauURim-GRj2bCu1,2026-05-05 13:05:34+00:00,1777986334000,40727,27.3844,43.4374,10.02086,93337,True,50.89329,2
20260505-014600,-OrsEdq2TcJ9Yir3YMVT,2026-05-05 13:05:46+00:00,1777986346000,40739,27.37679,43.50218,10.02077,93233,True,51.52994,2
20260505-014600,-OrsEglM2Wu0ohBFBGBa,2026-05-05 13:05:58+00:00,1777986358000,40751,27.38187,43.49902,10.02107,93130,True,51.84967,3
20260505-014600,-OrsEkIyT4G1HLp-VD6w,2026-05-05 13:06:10+00:00,1777986370000,40763,27.3844,43.49241,10.021,93650,True,50.53861,3
20260505-014600,-OrsEmcNmY0EAHYMws1K,2026-05-05 13:06:22+00:00,1777986382000,40775,27.37679,43.48344,10.02097,92923,True,52.3281,3
20260505-014600,-OrsEpYzITm5cuwiHklD,2026-05-05 13:06:34+00:00,1777986394000,40787,27.38187,43.42809,10.02112,93546,True,51.63254,3
20260505-014600,-OrsEsUseXlC-JHD9Kxt,2026-05-05 13:06:46+00:00,1777986406000,40799,27.37679,43.44207,10.02095,93337,True,51.72188,3
20260505-014600,-OrsEvPkUpc17-1sMPuD,2026-05-05 13:06:58+00:00,1777986418000,40811,27.3844,43.46732,10.02111,92615,True,52.81742,3
20260505-014600,-OrsEyM12gZp7fJVCDKK,2026-05-05 13:07:10+00:00,1777986430000,40823,27.3844,43.47166,10.02123,93026,True,51.729,3
20260505-014600,-OrsF0HXBTVTxkqJxCU0,2026-05-05 13:07:22+00:00,1777986442000,40835,27.38693,43.48005,10.02127,93233,True,50.75169,3
20260505-014600,-OrsF3CQSkcJsZeTsQ8m,2026-05-05 13:07:34+00:00,1777986454000,40847,27.3844,43.45564,10.02121,93650,True,50.1753,3
20260505-014600,-OrsF68BXv_a1Pr2mb82,2026-05-05 13:07:46+00:00,1777986466000,40859,27.38187,43.4683,10.02128,93441,True,50.95916,3
20260505-014600,-OrsF93Jq4zSXRIuraKV,2026-05-05 13:07:58+00:00,1777986478000,40871,27.3844,43.45078,10.02132,92923,True,51.50524,3
20260505-014600,-OrsFBztobq2UAzwQiHi,2026-05-05 13:08:10+00:00,1777986490000,40883,27.38187,43.43628,10.02121,93130,True,51.54945,3
20260505-014600,-OrsFEvcnAkMYKij67jT,2026-05-05 13:08:22+00:00,1777986502000,40895,27.37933,43.39087,10.02122,92923,True,51.84984,3
20260505-014600,-OrsFHqnuFe-OOZ5Ycyb,2026-05-05 13:08:34+00:00,1777986514000,40907,27.38187,43.36931,10.02115,93650,True,50.36894,3
20260505-014600,-OrsFKnDFNOFKaC3O5vk,2026-05-05 13:08:46+00:00,1777986526000,40919,27.38187,43.43391,10.02115,93441,True,50.16813,2
20260505-014600,-OrsFNhiaHuHqXkMmZmF,2026-05-05 13:08:58+00:00,1777986538000,40931,27.37679,43.45155,10.0209,93965,True,49.9706,2
20260505-014600,-OrsFQdRF56Oi0kB-f91,2026-05-05 13:09:10+00:00,1777986550000,40943,27.38187,43.48835,10.02117,93233,True,51.47325,2
20260505-014600,-OrsFZ15BqH6qn2qB2L5,2026-05-05 13:09:22+00:00,1777986562000,40955,27.38187,43.54284,10.02138,93130,True,52.47132,2
20260505-014600,-OrsFZnYnth97VGDomSc,2026-05-05 13:09:47+00:00,1777986587000,40981,27.44697,43.35867,10.02155,93233,True,52.51509,2
20260505-014600,-OrsFbjDTDdRPF2X8dXl,2026-05-05 13:09:59+00:00,1777986599000,40993,27.33115,43.7839,10.02111,77526,True,150.81256,2
20260505-014600,-OrsFeeWRmgouhQlwLHC,2026-05-05 13:10:11+00:00,1777986611000,41005,27.35144,43.51882,10.02102,84829,True,122.85046,2
20260505-014600,-OrsFha1-3tCqWZloX3e,2026-05-05 13:10:23+00:00,1777986623000,41017,27.35144,43.45899,10.021,87762,True,96.03607,2
20260505-014600,-OrsFkWkTyELuPS2qSZW,2026-05-05 13:10:35+00:00,1777986635000,41029,27.36411,43.42727,10.02111,89737,True,79.87872,3
20260505-014600,-OrsFnSYx0z7dTlwQ7le,2026-05-05 13:10:47+00:00,1777986647000,41041,27.36665,43.46889,10.0211,90513,True,71.94608,3
20260505-014600,-OrsFqNeT0J58amndyXd,2026-05-05 13:10:59+00:00,1777986659000,41053,27.37172,43.48473,10.02113,91103,True,66.85321,3
20260505-014600,-OrsFtJM3n03xbzd_7Or,2026-05-05 13:11:11+00:00,1777986671000,41065,27.37172,43.44696,10.02101,91702,True,62.51941,3
20260505-014600,-OrsFwErXGN9kKvkrwBI,2026-05-05 13:11:23+00:00,1777986683000,41077,27.37172,43.46951,10.02099,91802,True,61.64079,3
20260505-014600,-OrsFzBGakyXiMdRRnLT,2026-05-05 13:11:35+00:00,1777986695000,41089,27.37426,43.46187,10.02089,92105,True,60.35697,3
20260505-014600,-OrsG15cic38bhQGpNAB,2026-05-05 13:11:47+00:00,1777986707000,41101,27.37426,43.4656,10.02103,92512,True,58.41494,3
20260505-014600,-OrsG41GsRK6Wt1iUl3o,2026-05-05 13:11:59+00:00,1777986719000,41113,27.37172,43.40759,10.02089,92820,True,56.88153,3
20260505-014600,-OrsG6x_epwSvDcgFI6W,2026-05-05 13:12:11+00:00,1777986731000,41125,27.37172,43.41262,10.02092,92820,True,56.26638,3
20260505-014600,-OrsGDKCT9gQ7xnN8Swo,2026-05-05 13:12:23+00:00,1777986743000,41137,27.37679,43.40302,10.0209,92615,True,55.75775,3
20260505-014600,-OrsGE4meQIJCexcRPFZ,2026-05-05 13:12:41+00:00,1777986761000,41154,27.43179,43.28072,10.02077,93026,True,55.24429,3
20260505-014600,-OrsGH0VhPkPa8rO4z0I,2026-05-05 13:12:53+00:00,1777986773000,41166,27.34636,43.74384,10.02094,81367,True,124.60738,3
20260505-014600,-OrsGJwzTgRIaWpw_2W_,2026-05-05 13:13:05+00:00,1777986785000,41178,27.35397,43.59814,10.02083,87305,True,102.07912,3
20260505-014600,-OrsGMsS8bllm-T5HaBp,2026-05-05 13:13:17+00:00,1777986797000,41190,27.36665,43.53091,10.02102,89737,True,82.2919,3
20260505-014600,-OrsGPnoMc-aHmdHQTh0,2026-05-05 13:13:29+00:00,1777986809000,41202,27.36665,43.51342,10.02109,90513,True,72.09456,3
20260505-014600,-OrsGSjMIAb-Juv8PaB9,2026-05-05 13:13:41+00:00,1777986821000,41214,27.36411,43.52077,10.02062,91203,True,65.99087,3
20260505-014600,-OrsGVelaAwZLb1Rbw8m,2026-05-05 13:13:53+00:00,1777986833000,41226,27.36411,43.53411,10.02085,91602,True,62.42107,3
20260505-014600,-OrsGYaGFUTwGWeCE_kC,2026-05-05 13:14:05+00:00,1777986845000,41238,27.37172,43.5123,10.02096,92207,True,60.33089,3
20260505-014600,-OrsGaXAadXplSEv0iMj,2026-05-05 13:14:17+00:00,1777986857000,41250,27.36919,43.47807,10.02083,92410,True,58.46027,3
20260505-014600,-OrsGdS4gJnghuROiiR8,2026-05-05 13:14:29+00:00,1777986869000,41262,27.37172,43.4035,10.0209,92717,True,56.46426,3
20260505-014600,-OrsGgNtLUujMKFhNn0x,2026-05-05 13:14:41+00:00,1777986881000,41274,27.37426,43.39439,10.02084,92512,True,56.25983,3
20260505-014600,-OrsGjJHiEqX51Q56yGR,2026-05-05 13:14:53+00:00,1777986893000,41286,27.37172,43.45916,10.0209,92512,True,55.88787,3
20260505-014600,-OrsGmEwLT62UZdWjFT2,2026-05-05 13:15:05+00:00,1777986905000,41298,27.37426,43.46223,10.02089,92410,True,56.28965,3
20260505-014600,-OrsGpAW0-v5AbCbM01v,2026-05-05 13:15:17+00:00,1777986917000,41310,27.37426,43.49265,10.02112,92820,True,54.80865,3
20260505-014600,-OrsGvBM190ItGdBfbby,2026-05-05 13:15:29+00:00,1777986929000,41322,27.37933,43.48378,10.02113,92923,True,54.76783,3
20260505-014600,-OrsGvwvewO4-359QZtW,2026-05-05 13:15:44+00:00,1777986944000,41338,27.42598,43.36146,10.02093,93026,True,54.46473,3
20260505-014600,-OrsGysMhDG2831f7ztB,2026-05-05 13:15:56+00:00,1777986956000,41350,27.33876,43.66943,10.0208,82570,True,118.0041,3
20260505-014600,-OrsH0o80ODDkFO8lSAz,2026-05-05 13:16:08+00:00,1777986968000,41362,27.36158,43.52073,10.0209,88317,True,96.41,3
20260505-014600,-OrsH3jrVhywZkoQRSLm,2026-05-05 13:16:20+00:00,1777986980000,41374,27.37172,43.51919,10.02113,89737,True,80.28271,3
20260505-014600,-OrsH6fEj3srCobDHK1X,2026-05-05 13:16:32+00:00,1777986992000,41386,27.36919,43.52796,10.02118,91103,True,69.79628,3
20260505-014600,-OrsH9adM_U6nJ855xpT,2026-05-05 13:16:44+00:00,1777987004000,41398,27.36158,43.49213,10.02088,91702,True,63.93715,3
20260505-014600,-OrsHCXLxgbGFhXHjtlW,2026-05-05 13:16:56+00:00,1777987016000,41410,27.36411,43.44168,10.02097,91903,True,60.29225,3
20260505-014600,-OrsHFSr26uqD5Qy_MI5,2026-05-05 13:17:08+00:00,1777987028000,41422,27.36665,43.43205,10.02098,92207,True,58.48978,3
20260505-014600,-OrsHIO75r5-hSX0Owle,2026-05-05 13:17:20+00:00,1777987040000,41434,27.36411,43.4375,10.02097,92820,True,56.01707,3
20260505-014600,-OrsHLJPrF3pxuYjDDd_,2026-05-05 13:17:32+00:00,1777987052000,41446,27.37426,43.41084,10.02121,92923,True,55.64087,3
20260505-014600,-OrsHOEpp2NiaV2WCK3J,2026-05-05 13:17:44+00:00,1777987064000,41458,27.37172,43.39507,10.02113,92923,True,54.96029,3
20260505-014600,-OrsHRASS_Oso8LnZPOx,2026-05-05 13:17:56+00:00,1777987076000,41470,27.36919,43.37171,10.02104,93337,True,53.98426,3
20260505-014600,-OrsHU5t5Ifk4NcZzZ8-,2026-05-05 13:18:08+00:00,1777987088000,41482,27.36919,43.44184,10.02116,93233,True,53.21248,3
20260505-014600,-OrsHX1k4cFyjS21fLIN,2026-05-05 13:18:20+00:00,1777987100000,41494,27.37426,43.43356,10.02117,92923,True,53.41683,3
20260505-014600,-OrsH_9-oGGoE84k41fY,2026-05-05 13:18:32+00:00,1777987112000,41506,27.37426,43.42192,10.02117,93233,True,52.39874,3
20260505-014600,-OrsHbtgMZU3kctVNurb,2026-05-05 13:18:44+00:00,1777987124000,41518,27.37426,43.43328,10.02123,93233,True,52.65541,3
20260505-014600,-OrsHepCq__0EnJ1oVrT,2026-05-05 13:18:56+00:00,1777987136000,41530,27.37172,43.36934,10.02097,93337,True,52.43793,3
20260505-014600,-OrsHhkM1SMHyyfiEuSz,2026-05-05 13:19:08+00:00,1777987148000,41542,27.37679,43.32412,10.02127,93233,True,52.81385,3
20260505-014600,-OrsHkg5dvWY0qBmqhAZ,2026-05-05 13:19:20+00:00,1777987160000,41554,27.37426,43.39136,10.02107,94071,True,50.61161,3
20260505-014600,-OrsHnbZ5RKJCoyztGLW,2026-05-05 13:19:32+00:00,1777987172000,41566,27.37426,43.40103,10.0211,93965,True,50.39772,2
20260505-014600,-OrsHqXtZmAKcfgZVGvN,2026-05-05 13:19:44+00:00,1777987184000,41578,27.37933,43.35604,10.02116,93546,True,51.22461,2
20260505-014600,-OrsHtUC32nk4UJIlopf,2026-05-05 13:19:56+00:00,1777987196000,41590,27.37679,43.38639,10.02142,93860,True,51.39511,2
20260505-014600,-OrsHwP2wHx4D0MoO-Uk,2026-05-05 13:20:08+00:00,1777987208000,41602,27.37172,43.38741,10.02132,93546,True,51.59275,2
20260505-014600,-OrsHzKw54TCG8iSu0qv,2026-05-05 13:20:20+00:00,1777987220000,41614,27.37172,43.37079,10.0212,93650,True,52.07281,2
20260505-014600,-OrsI1FxXQ5EjJi32HDf,2026-05-05 13:20:32+00:00,1777987232000,41626,27.37172,43.37385,10.02117,93441,True,52.5265,3
20260505-014600,-OrsI4BSoqFuFgpac5Am,2026-05-05 13:20:44+00:00,1777987244000,41638,27.36665,43.37478,10.02105,93441,True,52.09929,3
20260505-014600,-OrsI76waDzF39tMlC_c,2026-05-05 13:20:56+00:00,1777987256000,41650,27.37172,43.35302,10.02132,94071,True,50.36541,2
20260505-014600,-OrsIA2RPURcHWod0cfU,2026-05-05 13:21:08+00:00,1777987268000,41662,27.36665,43.395,10.02121,93860,True,51.36507,2
20260505-014600,-OrsICzMbZhRyCy1uLrO,2026-05-05 13:21:20+00:00,1777987280000,41674,27.36665,43.42281,10.0213,93546,True,51.6382,2
20260505-014600,-OrsIFuOsRrbN7gEw68K,2026-05-05 13:21:32+00:00,1777987292000,41686,27.36919,43.45082,10.02123,93441,True,51.77673,2
20260505-014600,-OrsILyVPQVmS0z-FBiH,2026-05-05 13:21:44+00:00,1777987304000,41698,27.36665,43.42656,10.02117,93233,True,51.61823,2
20260505-014600,-OrsIMjAdgMsbrQTN8IE,2026-05-05 13:22:00+00:00,1777987320000,41714,27.42609,43.25204,10.02123,93650,True,51.50883,2
20260505-014600,-OrsIPeoOZ8_MsP66R8v,2026-05-05 13:22:12+00:00,1777987332000,41726,27.34636,43.61066,10.02132,83393,True,115.9202,3
20260505-014600,-OrsISa9Zlrn_TICXfW8,2026-05-05 13:22:24+00:00,1777987344000,41738,27.35651,43.43181,10.02154,88691,True,94.93587,3
20260505-014600,-OrsIVWkI6zXNDpv9Ym0,2026-05-05 13:22:36+00:00,1777987356000,41750,27.35905,43.38151,10.02167,90415,True,77.73586,3
20260505-014600,-OrsIYSD98CNihLYWbK9,2026-05-05 13:22:48+00:00,1777987368000,41762,27.36665,43.36308,10.02163,91502,True,67.51373,3
20260505-014600,-OrsIaO-iVOI_CqSGj1B,2026-05-05 13:23:00+00:00,1777987380000,41774,27.36411,43.3186,10.02164,92308,True,61.53448,3
20260505-014600,-OrsIdJVdrWh3klfPQ6_,2026-05-05 13:23:12+00:00,1777987392000,41786,27.35651,43.33204,10.02134,92207,True,59.63061,3
20260505-014600,-OrsIgHVNL-1TOgZidnj,2026-05-05 13:23:24+00:00,1777987404000,41798,27.36665,43.4078,10.02165,93026,True,56.536,3
20260505-014600,-OrsIjAAsW_n9nvautG6,2026-05-05 13:23:36+00:00,1777987416000,41810,27.36411,43.44732,10.02164,92923,True,55.71326,3
20260505-014600,-OrsIm5a07WCKK9N4AiV,2026-05-05 13:23:48+00:00,1777987428000,41822,27.35905,43.39267,10.02142,93233,True,54.58144,3
20260505-014600,-OrsIp1C6ZJ8TLZWyggf,2026-05-05 13:24:00+00:00,1777987440000,41834,27.36411,43.36166,10.02164,93650,True,53.03019,3
20260505-014600,-OrsIrxjs_D_vubLpE9J,2026-05-05 13:24:12+00:00,1777987452000,41846,27.36919,43.3642,10.02169,93650,True,52.8487,3
20260505-014600,-OrsIut2IkiRIJoB19XK,2026-05-05 13:24:24+00:00,1777987464000,41858,27.36665,43.3293,10.02167,93441,True,52.7015,3
20260505-014600,-OrsIxogJa9pC9E7Rkga,2026-05-05 13:24:36+00:00,1777987476000,41870,27.36919,43.30953,10.02176,93650,True,51.65486,3
20260505-014600,-OrsJ029Fdwpj6aTywcq,2026-05-05 13:24:48+00:00,1777987488000,41882,27.36919,43.30479,10.02186,93650,True,51.71535,3
20260505-014600,-OrsJ2feXz9sTLN3C0n2,2026-05-05 13:25:00+00:00,1777987500000,41894,27.36665,43.31224,10.02177,93860,True,51.59327,3
20260505-014600,-OrsJ5b4IDQ7nmQLBACD,2026-05-05 13:25:12+00:00,1777987512000,41906,27.36665,43.3718,10.02172,93441,True,52.7193,3
20260505-014600,-OrsJ8Xd034OVmO1wdk9,2026-05-05 13:25:24+00:00,1777987524000,41918,27.36919,43.40409,10.02188,93650,True,51.44664,3
20260505-014600,-OrsJBTWszahIWpzeI8a,2026-05-05 13:25:36+00:00,1777987536000,41930,27.36665,43.39523,10.02191,93965,True,51.04113,3
20260505-014600,-OrsJEOa541eqV3Ek8cd,2026-05-05 13:25:48+00:00,1777987548000,41942,27.36665,43.3853,10.02186,93233,True,53.25466,3
20260505-014600,-OrsJHKAeFYB5fUQHDoq,2026-05-05 13:26:00+00:00,1777987560000,41954,27.36411,43.36183,10.02189,92923,True,54.56362,3
20260505-014600,-OrsJKFNBZIS6St1vg0_,2026-05-05 13:26:12+00:00,1777987572000,41966,27.36158,43.37109,10.02181,93337,True,53.71988,3
20260505-014600,-OrsJNB84Dz3kpnaet14,2026-05-05 13:26:24+00:00,1777987584000,41978,27.36158,43.39862,10.02187,93337,True,53.31442,3
20260505-014600,-OrsJQ6kbrspt5GIpXqX,2026-05-05 13:26:36+00:00,1777987596000,41990,27.36158,43.37292,10.02192,93650,True,52.49081,3
20260505-014600,-OrsJT2KddAPWPso-lq4,2026-05-05 13:26:48+00:00,1777987608000,42002,27.36411,43.39947,10.02212,93546,True,52.69204,3
20260505-014600,-OrsJVzA2hYwfKB-_Iyh,2026-05-05 13:27:00+00:00,1777987620000,42014,27.36919,43.40786,10.02223,93755,True,51.2207,3
20260505-014600,-OrsJYu1rOyW13W6jLJe,2026-05-05 13:27:12+00:00,1777987632000,42026,27.36158,43.35561,10.02199,93650,True,51.91731,3
20260505-014600,-OrsJapMFmCu599BhuR5,2026-05-05 13:27:24+00:00,1777987644000,42038,27.37172,43.34613,10.02222,93755,True,50.68145,3
20260505-014600,-OrsJdlK8xK6MkfmvLMm,2026-05-05 13:27:36+00:00,1777987656000,42050,27.36665,43.39404,10.02223,93130,True,52.51127,3
20260505-014600,-OrsJghLBlVdvQ5Gurrp,2026-05-05 13:27:48+00:00,1777987668000,42062,27.36411,43.43099,10.02217,93650,True,50.95635,3
20260505-014600,-OrsJjykKDP5rvQK6iII,2026-05-05 13:28:00+00:00,1777987680000,42074,27.36411,43.43518,10.02222,94177,True,50.0,2
20260505-014600,-OrsJmYqmf23CAtqY58e,2026-05-05 13:28:12+00:00,1777987692000,42086,27.36665,43.35345,10.02221,94071,True,50.0,2
20260505-014600,-OrsJpW6azu9FWLxygp2,2026-05-05 13:28:24+00:00,1777987704000,42098,27.36919,43.30835,10.02227,94071,True,50.78889,2
20260505-014600,-OrsJsPemhSWiQQKWsiV,2026-05-05 13:28:36+00:00,1777987716000,42110,27.36411,43.32043,10.02222,93650,True,51.47542,2
20260505-014600,-OrsJvLAQ3455izigC4W,2026-05-05 13:28:48+00:00,1777987728000,42122,27.36919,43.33929,10.0222,93860,True,50.69153,2
20260505-014600,-OrsJyH91JX3HkyIfBPr,2026-05-05 13:29:00+00:00,1777987740000,42134,27.36665,43.38617,10.02232,93650,True,52.19944,2
20260505-014600,-OrsK0CJDYYsvuhnCjnL,2026-05-05 13:29:12+00:00,1777987752000,42146,27.36665,43.34993,10.02235,94071,True,50.46235,2
20260505-014600,-OrsK37cc3XSbT7WeWvJ,2026-05-05 13:29:24+00:00,1777987764000,42158,27.37172,43.35359,10.02263,93860,True,50.63013,2
20260505-014600,-OrsK62uNYooldzuzahY,2026-05-05 13:29:36+00:00,1777987776000,42170,27.36919,43.34244,10.02255,93860,True,51.82297,2
20260505-014600,-OrsK8zlNlUxvEYwW2m3,2026-05-05 13:29:48+00:00,1777987788000,42182,27.37172,43.36238,10.02263,93755,True,51.87416,3
20260505-014600,-OrsKBv2Dbx3-DzPh-JO,2026-05-05 13:30:00+00:00,1777987800000,42194,27.36665,43.33781,10.02267,94071,True,50.42307,3
20260505-014600,-OrsKEqPimirLuPPHXXH,2026-05-05 13:30:12+00:00,1777987812000,42206,27.36665,43.35257,10.02258,94389,True,50.29367,3
20260505-014600,-OrsKHm4AbFSmiPap20W,2026-05-05 13:30:24+00:00,1777987824000,42218,27.36411,43.33302,10.02254,94283,True,50.43578,3
20260505-014600,-OrsKKhdj-Z2Q9nqRKx6,2026-05-05 13:30:36+00:00,1777987836000,42230,27.37172,43.3256,10.02268,93860,True,51.94178,3
20260505-014600,-OrsKNd_fev021pklqmG,2026-05-05 13:30:48+00:00,1777987848000,42242,27.37172,43.38235,10.0227,93860,True,51.71242,3
20260505-014600,-OrsKQZgCBGXyHmlussG,2026-05-05 13:31:00+00:00,1777987860000,42254,27.36919,43.39623,10.02262,93965,True,51.35706,3
20260505-014600,-OrsKTqRWC5ok13jJ8zN,2026-05-05 13:31:12+00:00,1777987872000,42266,27.36919,43.3354,10.02267,94177,True,50.05158,3
20260505-014600,-OrsKWQgQdQuLD8bC8bc,2026-05-05 13:31:24+00:00,1777987884000,42278,27.36411,43.34161,10.02272,94283,True,50.10857,3
20260505-014600,-OrsKZU2o3552twOm60i,2026-05-05 13:31:36+00:00,1777987896000,42290,27.36919,43.33011,10.02285,94283,True,50.71152,3
20260505-014600,-OrsKbIrQ666OxS2ctv_,2026-05-05 13:31:48+00:00,1777987908000,42302,27.36411,43.35188,10.02282,94283,True,50.81063,3
20260505-014600,-OrsKeE2bOkonHXRklnH,2026-05-05 13:32:00+00:00,1777987920000,42314,27.36919,43.3484,10.02297,93650,True,51.85073,3
20260505-014600,-OrsKh8_PJae3kcajTcI,2026-05-05 13:32:12+00:00,1777987932000,42326,27.36158,43.3161,10.02262,93860,True,51.69854,3
20260505-014600,-OrsKk46ZJGd1MztxPjB,2026-05-05 13:32:24+00:00,1777987944000,42338,27.37172,43.2659,10.02291,94389,True,50.66871,3
20260505-014600,-OrsKn0MyjNg-GyIwSTN,2026-05-05 13:32:36+00:00,1777987956000,42350,27.36919,43.29961,10.02278,94177,True,50.32059,3
20260505-014600,-OrsKpw1BjXYfOPXaZMQ,2026-05-05 13:32:48+00:00,1777987968000,42362,27.35651,43.31152,10.02272,94071,True,50.71634,3
20260505-014600,-OrsKsrhEbUZ4XbNc57K,2026-05-05 13:33:00+00:00,1777987980000,42374,27.36665,43.30762,10.02306,94389,True,50.4408,3
20260505-014600,-OrsKvn5goidXPnLSnVc,2026-05-05 13:33:12+00:00,1777987992000,42386,27.36411,43.3562,10.02298,93755,True,51.27633,3
20260505-014600,-OrsKyj7AdFTX_BDWNTQ,2026-05-05 13:33:24+00:00,1777988004000,42398,27.36919,43.3734,10.02301,93965,True,50.99898,3
20260505-014600,-OrsL0e1QiT8Jhbl4jmC,2026-05-05 13:33:36+00:00,1777988016000,42410,27.36665,43.38265,10.0229,93860,True,51.21962,3
20260505-014600,-OrsL3_S1v5O5pvqbFQP,2026-05-05 13:33:48+00:00,1777988028000,42422,27.36919,43.3398,10.02289,93441,True,51.36761,3
20260505-014600,-OrsL6W_lN_igrcO0G7x,2026-05-05 13:34:00+00:00,1777988040000,42434,27.36919,43.34029,10.0229,94389,True,50.01743,3
20260505-014600,-OrsL9R_XdHZ8UG1cFO0,2026-05-05 13:34:12+00:00,1777988052000,42446,27.36665,43.36839,10.02291,93860,True,51.14321,3
20260505-014600,-OrsLF3eVqt-s0u4Y9TR,2026-05-05 13:34:24+00:00,1777988064000,42458,27.36665,43.41027,10.02306,94071,True,51.54134,3
20260505-014600,-OrsLFpQXGuQjc9wdeFH,2026-05-05 13:34:38+00:00,1777988078000,42472,27.41738,43.28344,10.02304,93546,True,52.18945,3
20260505-014600,-OrsLIl771Ya3nVArMM8,2026-05-05 13:34:50+00:00,1777988090000,42484,27.33876,43.63052,10.02329,84231,True,109.64864,3
20260505-014600,-OrsLLh6UDXuUpjvgg86,2026-05-05 13:35:02+00:00,1777988102000,42496,27.35905,43.43076,10.02334,89164,True,90.71486,3
20260505-014600,-OrsLOcMDyjqMVEOERY8,2026-05-05 13:35:14+00:00,1777988114000,42508,27.35905,43.35095,10.0232,91004,True,74.30136,3
20260505-014600,-OrsLRYiUxvINYP1Sn5k,2026-05-05 13:35:26+00:00,1777988126000,42520,27.35144,43.35127,10.02304,92207,True,65.80318,3
20260505-014600,-OrsLUU-FBiop9PKo1V5,2026-05-05 13:35:38+00:00,1777988138000,42532,27.36411,43.3654,10.02317,92207,True,62.36499,3
20260505-014600,-OrsLXPYdfcNp8sE0Cms,2026-05-05 13:35:50+00:00,1777988150000,42544,27.36411,43.37202,10.02333,92923,True,58.18332,3
20260505-014600,-OrsL_X4TdL-49idZ9mI,2026-05-05 13:36:03+00:00,1777988163000,42557,27.26269,44.04678,10.02302,80740,True,81.97373,3
20260505-014600,-OrsLc0AEO96US1bq5QV,2026-05-05 13:36:13+00:00,1777988173000,42567,27.37268,43.62358,10.02317,83476,True,92.38229,3
20260505-014600,-OrsLewZOENyWqRW79a8,2026-05-05 13:36:25+00:00,1777988185000,42579,27.33115,43.53769,10.02316,83726,True,124.37652,3
20260505-014600,-OrsLhs4aeuU4UKInCMN,2026-05-05 13:36:37+00:00,1777988197000,42591,27.34383,43.37756,10.0232,87946,True,100.04374,3
20260505-014600,-OrsLkni5Z-k-EnAlcIL,2026-05-05 13:36:49+00:00,1777988209000,42603,27.35397,43.33807,10.02327,90317,True,80.94259,3
20260505-014600,-OrsLnjCoxXKdWCk0IQV,2026-05-05 13:37:01+00:00,1777988221000,42615,27.35144,43.35534,10.02325,91502,True,69.51237,3
20260505-014600,-OrsLqeTNBfo4U37xCYx,2026-05-05 13:37:13+00:00,1777988233000,42627,27.34636,43.3413,10.02329,92308,True,64.21925,3
20260505-014600,-OrsLvRMeA8BRFRsgoAr,2026-05-05 13:37:25+00:00,1777988245000,42639,27.35905,43.33376,10.02332,92717,True,60.68194,3
20260505-014600,-OrsLwCF-d1JKH7ZF2bg,2026-05-05 13:37:36+00:00,1777988256000,42650,27.41398,43.19433,10.02341,92820,True,59.79218,3
20260505-014600,-OrsLz7i1PfE3JHxFclh,2026-05-05 13:37:48+00:00,1777988268000,42662,27.3413,43.49622,10.02349,85960,True,100.34917,3
20260505-014600,-OrsM13CDDu0DAWaFNYg,2026-05-05 13:38:00+00:00,1777988280000,42674,27.34636,43.3693,10.02336,90123,True,83.8875,3
20260505-014600,-OrsM45p1upnpHL2wJuQ,2026-05-05 13:38:12+00:00,1777988292000,42686,27.35144,43.32231,10.02346,91004,True,72.9902,3
20260505-014600,-OrsM6vJ_wE_McehsCMD,2026-05-05 13:38:24+00:00,1777988304000,42698,27.3413,43.32298,10.02326,92410,True,64.54377,3
20260505-014600,-OrsM9qiYNL8l0oRxR1H,2026-05-05 13:38:36+00:00,1777988316000,42710,27.35144,43.31191,10.02344,92410,True,60.93156,3
20260505-014600,-OrsMCmMGy-exQsVVYb-,2026-05-05 13:38:48+00:00,1777988328000,42722,27.35651,43.33736,10.0234,92820,True,58.83367,3
20260505-014600,-OrsMFhkH1ugKh0cSRyv,2026-05-05 13:39:00+00:00,1777988340000,42734,27.34636,43.34967,10.0234,93130,True,56.92617,3
20260505-014600,-OrsMIdDpIOZWZ1nITxp,2026-05-05 13:39:12+00:00,1777988352000,42746,27.35397,43.2717,10.02341,93026,True,56.37237,3
20260505-014600,-OrsMLZiRXY85Ac420hZ,2026-05-05 13:39:24+00:00,1777988364000,42758,27.35905,43.27763,10.02344,92923,True,56.31892,3
20260505-014600,-OrsMOV8UnIfQIyksShi,2026-05-05 13:39:36+00:00,1777988376000,42770,27.35651,43.28838,10.02354,93755,True,53.56001,3
20260505-014600,-OrsMRQhyfoGjmVcZwav,2026-05-05 13:39:48+00:00,1777988388000,42782,27.35905,43.2948,10.02367,93337,True,54.54966,3
20260505-014600,-OrsMUM9WhEml7Kmna0d,2026-05-05 13:40:00+00:00,1777988400000,42794,27.35651,43.35247,10.02361,93650,True,53.46864,3
20260505-014600,-OrsMXHkCxP_yz23TBXE,2026-05-05 13:40:12+00:00,1777988412000,42806,27.35397,43.34203,10.02354,93650,True,52.62927,3
20260505-014600,-OrsM_DKxsES1MiyOdmp,2026-05-05 13:40:24+00:00,1777988424000,42818,27.35397,43.35995,10.02361,93546,True,52.62781,3
20260505-014600,-OrsMcLnpvj2qgMcgiUM,2026-05-05 13:40:36+00:00,1777988436000,42830,27.35651,43.41784,10.02372,93233,True,53.66132,3
20260505-014600,-OrsMf49zsjYaKiCXpBt,2026-05-05 13:40:48+00:00,1777988448000,42842,27.35905,43.39599,10.02373,93860,True,52.89468,3
20260505-014600,-OrsMi-hE2bQprDdLQlx,2026-05-05 13:41:00+00:00,1777988460000,42854,27.35905,43.37726,10.02374,93546,True,53.0194,3
20260505-014600,-OrsMkw2pw_2DcRfS2sQ,2026-05-05 13:41:12+00:00,1777988472000,42866,27.35905,43.37857,10.02381,93546,True,53.46714,3
20260505-014600,-OrsMnrgt2LasCv-_Mc3,2026-05-05 13:41:24+00:00,1777988484000,42878,27.35905,43.38807,10.02376,93650,True,52.64824,3
20260505-014600,-OrsMqn6eegazlmzYzQc,2026-05-05 13:41:36+00:00,1777988496000,42890,27.35905,43.34946,10.02374,93546,True,53.03687,3
20260505-014600,-OrsMtiWcX20nAK9nvac,2026-05-05 13:41:48+00:00,1777988508000,42902,27.35905,43.3329,10.02383,93755,True,52.68275,3
20260505-014600,-OrsMweL52Qc6t_uyQk7,2026-05-05 13:42:00+00:00,1777988520000,42914,27.35905,43.3782,10.02378,93650,True,51.24975,3
20260505-014600,-OrsMz_Wd2cKNX1J6cdX,2026-05-05 13:42:12+00:00,1777988532000,42926,27.35397,43.42302,10.02373,94496,True,49.99879,2
20260505-014600,-OrsN1WP2ZBjIN6pysuP,2026-05-05 13:42:24+00:00,1777988544000,42938,27.36158,43.42723,10.02387,93650,True,51.84196,2
20260505-014600,-OrsN4RlKvEk4VtWHbU9,2026-05-05 13:42:36+00:00,1777988556000,42950,27.35651,43.42553,10.02384,93650,True,51.84826,2
20260505-014600,-OrsN7NHwKZDKLuGOh7j,2026-05-05 13:42:48+00:00,1777988568000,42962,27.36158,43.35905,10.02384,93441,True,52.51474,2
20260505-014600,-OrsNAJAJSSpz5BbYSmG,2026-05-05 13:43:00+00:00,1777988580000,42974,27.35905,43.32608,10.02394,94283,True,51.25966,2
20260505-014600,-OrsNDE8vdX7SSQWjPRX,2026-05-05 13:43:12+00:00,1777988592000,42986,27.35651,43.31699,10.02402,94283,True,50.00904,3
20260505-014600,-OrsNG9bTEoSmK2-5r96,2026-05-05 13:43:24+00:00,1777988604000,42998,27.35397,43.32349,10.0241,93860,True,51.69914,3
20260505-014600,-OrsNJ5Fm_dSHuFya4fd,2026-05-05 13:43:36+00:00,1777988616000,43010,27.35905,43.31321,10.0242,94071,True,51.40258,3
20260505-014600,-OrsNMM4hhk948g-2As_,2026-05-05 13:43:48+00:00,1777988628000,43022,27.35905,43.29574,10.02416,93755,True,51.76117,3
20260505-014600,-OrsNOai04eJFzu8ioSY,2026-05-05 13:43:59+00:00,1777988639000,43032,27.2779,43.83271,10.02396,85174,True,67.60454,3
20260505-014600,-OrsNRXgP_Qk963iiRN4,2026-05-05 13:44:11+00:00,1777988651000,43044,27.34636,43.43005,10.02423,90611,True,75.89807,3
20260505-014600,-OrsNUTaSXJWm9olAxzY,2026-05-05 13:44:23+00:00,1777988663000,43056,27.35144,43.3727,10.02425,92207,True,66.30145,3
20260505-014600,-OrsNXO42daLFGeeWHkW,2026-05-05 13:44:35+00:00,1777988675000,43068,27.35651,43.33284,10.02435,93026,True,59.94986,3
20260505-014600,-OrsN_Jh9iM9ActJYhy-,2026-05-05 13:44:47+00:00,1777988687000,43080,27.3489,43.38046,10.02437,93337,True,57.47232,3
20260505-014600,-OrsNcF5MxYgTrm6cuyX,2026-05-05 13:44:59+00:00,1777988699000,43092,27.3489,43.3713,10.02437,93441,True,54.61185,3
20260505-014600,-OrsNfAautD-DE9JzoB2,2026-05-05 13:45:11+00:00,1777988711000,43104,27.35144,43.32468,10.02453,94177,True,52.27906,3
20260505-014600,-OrsNi6gsD5_kQX-A4q4,2026-05-05 13:45:23+00:00,1777988723000,43116,27.36158,43.29362,10.02484,93860,True,52.18638,3
20260505-014600,-OrsNl1eoXh8Yhdw_gRA,2026-05-05 13:45:35+00:00,1777988735000,43128,27.35905,43.28933,10.02482,93755,True,53.11449,3
20260505-014600,-OrsNnyxXxidj7zZU9P_,2026-05-05 13:45:47+00:00,1777988747000,43140,27.35397,43.30772,10.02466,93441,True,53.90328,3
20260505-014600,-OrsNqtpp1M0HXnAxbgz,2026-05-05 13:45:59+00:00,1777988759000,43152,27.35144,43.32421,10.02455,93860,True,52.44342,3
20260505-014600,-OrsNtpDrwFd-UN-wH-j,2026-05-05 13:46:11+00:00,1777988771000,43164,27.35905,43.31768,10.0249,94071,True,51.98087,3
20260505-014600,-OrsNwklrZxVfZGyRkj4,2026-05-05 13:46:23+00:00,1777988783000,43176,27.36158,43.37051,10.02477,93546,True,52.70943,3
20260505-014600,-OrsNzgdEq8BjcPG28n4,2026-05-05 13:46:35+00:00,1777988795000,43188,27.36158,43.39118,10.02484,93755,True,52.47525,3
20260505-014600,-OrsO1c-zOegNfn20JYx,2026-05-05 13:46:47+00:00,1777988807000,43200,27.36158,43.38916,10.02496,94177,True,51.02349,3
20260505-014600,-OrsO63HFerjSew7g_Cu,2026-05-05 13:46:59+00:00,1777988819000,43212,27.35651,43.36163,10.02462,93860,True,51.58595,3
20260505-014600,-OrsO7YuSM2GNqdaqll5,2026-05-05 13:47:11+00:00,1777988831000,43225,27.26016,44.01307,10.02457,82085,True,74.85085,3
20260505-014600,-OrsOAUEFQTBglqicj08,2026-05-05 13:47:23+00:00,1777988843000,43237,27.3413,43.4793,10.02479,89354,True,85.61649,3
20260505-014600,-OrsODQ6-u01ldntezao,2026-05-05 13:47:35+00:00,1777988855000,43249,27.3489,43.37254,10.0249,91502,True,72.03004,3
20260505-014600,-OrsOGLWRBEanjueoDKC,2026-05-05 13:47:47+00:00,1777988867000,43261,27.34636,43.34481,10.02475,92410,True,63.9804,3
20260505-014600,-OrsOJH-i4zcOk1z5z_C,2026-05-05 13:47:59+00:00,1777988879000,43273,27.3489,43.30675,10.02488,93441,True,58.66192,3
20260505-014600,-OrsOMCojID8Ma086NVP,2026-05-05 13:48:11+00:00,1777988891000,43285,27.34383,43.31289,10.02491,93337,True,56.39759,3
20260505-014600,-OrsOP7snIKvuyekn_7B,2026-05-05 13:48:23+00:00,1777988903000,43297,27.3489,43.27822,10.0249,93965,True,53.60376,3
20260505-014600,-OrsOS3CNRK1jG3-fmW0,2026-05-05 13:48:35+00:00,1777988915000,43309,27.35397,43.27245,10.02503,93650,True,53.63873,3
20260505-014600,-OrsOV-4e2-EtrfceKuH,2026-05-05 13:48:47+00:00,1777988927000,43321,27.35144,43.31431,10.02503,94071,True,53.01027,3
20260505-014600,-OrsOY0Ac3y5u9a874Ho,2026-05-05 13:48:59+00:00,1777988939000,43333,27.3489,43.32661,10.02497,94283,True,52.10013,3
20260505-014600,-OrsO_r12w9tkvb5Qxt9,2026-05-05 13:49:11+00:00,1777988951000,43345,27.35651,43.31861,10.02511,93860,True,52.97653,3
20260505-014600,-OrsOcmosrmtNPNRbUvM,2026-05-05 13:49:23+00:00,1777988963000,43357,27.35651,43.31104,10.02507,94177,True,52.31444,3
20260505-014600,-OrsOfhm9SDedhAIgj1k,2026-05-05 13:49:35+00:00,1777988975000,43369,27.35144,43.32756,10.02517,93755,True,52.14396,3
20260505-014600,-OrsOidQOpTzLaTcmekM,2026-05-05 13:49:47+00:00,1777988987000,43381,27.35144,43.3297,10.02508,93860,True,52.28659,3
20260505-014600,-OrsOq5Fbi9an5szlJM0,2026-05-05 13:49:59+00:00,1777988999000,43393,27.3489,43.35688,10.02507,94071,True,51.82043,3
20260505-014600,-OrsOqrBqKQLFk05zNQU,2026-05-05 13:50:21+00:00,1777989021000,43414,27.4131,43.18327,10.02523,93860,True,52.08704,3
20260505-014600,-OrsOtmSBMJXln6gJV1_,2026-05-05 13:50:33+00:00,1777989033000,43426,27.31594,43.60905,10.02506,80198,True,136.7612,3
20260505-014600,-OrsOwi9WCenRu0vHi40,2026-05-05 13:50:45+00:00,1777989045000,43438,27.32608,43.39073,10.0251,87032,True,111.00473,3
20260505-014600,-OrsOzddMFex133K88Fn,2026-05-05 13:50:57+00:00,1777989057000,43450,27.33622,43.33449,10.0251,89641,True,88.24304,3
20260505-014600,-OrsP1_1xd36JP1iHko6,2026-05-05 13:51:09+00:00,1777989069000,43462,27.33369,43.2972,10.02527,91004,True,75.34097,3
20260505-014600,-OrsP4VXUQQ_sZ8kysqE,2026-05-05 13:51:21+00:00,1777989081000,43474,27.33876,43.28924,10.02512,91903,True,67.7488,3
20260505-014600,-OrsP7RkxNAFobb_dmtJ,2026-05-05 13:51:33+00:00,1777989093000,43486,27.33876,43.25756,10.02518,92308,True,63.4968,3
20260505-014600,-OrsPAN6u5Nzpi5tBfHS,2026-05-05 13:51:45+00:00,1777989105000,43498,27.33876,43.25444,10.025,92923,True,60.07859,3
20260505-014600,-OrsPDIIPrvvnlv8hl0K,2026-05-05 13:51:57+00:00,1777989117000,43510,27.34383,43.22145,10.02522,93130,True,57.68674,3
20260505-014600,-OrsPGDpfVRGTqQBkzUQ,2026-05-05 13:52:09+00:00,1777989129000,43522,27.33622,43.24005,10.02503,93441,True,56.01783,3
20260505-014600,-OrsPJ8ssDMTkS6NNJFY,2026-05-05 13:52:21+00:00,1777989141000,43534,27.3413,43.21392,10.02518,93965,True,54.7319,3
20260505-014600,-OrsPM4YjL0uesywDcAT,2026-05-05 13:52:33+00:00,1777989153000,43546,27.3413,43.29813,10.02525,93860,True,54.00625,3
20260505-014600,-OrsPP0RKsawV1PjFZFG,2026-05-05 13:52:45+00:00,1777989165000,43558,27.3413,43.33519,10.02509,93755,True,53.67727,3
20260505-014600,-OrsPRwzFEXH-FOTg9tW,2026-05-05 13:52:57+00:00,1777989177000,43570,27.34383,43.28965,10.02531,93441,True,53.77728,3
20260505-014600,-OrsPVC8wNbOW_rRzjhs,2026-05-05 13:53:09+00:00,1777989189000,43582,27.34383,43.25975,10.02531,93441,True,53.74803,3
20260505-014600,-OrsPXnODYgYgtrueeZZ,2026-05-05 13:53:21+00:00,1777989201000,43594,27.34636,43.24221,10.02532,94283,True,51.62263,3
20260505-014600,-OrsP_j8YeMXAUdJFeII,2026-05-05 13:53:33+00:00,1777989213000,43606,27.34383,43.28576,10.02529,93965,True,52.54446,3
20260505-014600,-OrsPcenV0a7dePgu9ZU,2026-05-05 13:53:45+00:00,1777989225000,43618,27.34383,43.31021,10.02533,93650,True,52.16713,3
20260505-014600,-OrsPfaQYwoxbPCjPvD1,2026-05-05 13:53:57+00:00,1777989237000,43630,27.34636,43.29143,10.02526,94071,True,53.45972,3
20260505-014600,-OrsPiWY6l1IL0hyBvuK,2026-05-05 13:54:09+00:00,1777989249000,43642,27.3413,43.2819,10.02508,93965,True,51.70853,3
20260505-014600,-OrsPlRu7mDxdZfij_Ku,2026-05-05 13:54:21+00:00,1777989261000,43654,27.34636,43.23284,10.02514,94389,True,50.81581,3
20260505-014600,-OrsPoNFGuR2t9r9EYJ6,2026-05-05 13:54:33+00:00,1777989273000,43666,27.35144,43.20542,10.02541,94283,True,50.99515,3
20260505-014600,-OrsPrInIaP8ejDpaDQQ,2026-05-05 13:54:45+00:00,1777989285000,43678,27.3413,43.22821,10.02504,94177,True,50.67568,3
20260505-014600,-OrsPuEpt7_FoIWBdJ71,2026-05-05 13:54:57+00:00,1777989297000,43690,27.34383,43.22727,10.02517,94817,True,50.0553,3
20260505-014600,-OrsPxA2qNeLadMy1dyO,2026-05-05 13:55:09+00:00,1777989309000,43702,27.34636,43.21326,10.02514,94177,True,50.68453,2
20260505-014600,-OrsQ-6Un0Z7vexW9PY1,2026-05-05 13:55:21+00:00,1777989321000,43714,27.35144,43.21683,10.0254,94709,True,50.0,2
20260505-014600,-OrsQ21YMaERBVivb-FJ,2026-05-05 13:55:33+00:00,1777989333000,43726,27.3413,43.2542,10.02532,94602,True,50.15414,2
20260505-014600,-OrsQ4y93BxnduKdvoZS,2026-05-05 13:55:45+00:00,1777989345000,43738,27.34636,43.25047,10.02533,93546,True,52.58995,2
20260505-014600,-OrsQ7v24WFMbiBQ8SF6,2026-05-05 13:55:57+00:00,1777989357000,43750,27.3489,43.25245,10.02523,94496,True,51.81272,2
20260505-014600,-OrsQAVPDyvXclH09lSC,2026-05-05 13:56:07+00:00,1777989367000,43761,27.40134,43.13843,10.02536,93965,True,52.39023,2
20260505-014600,-OrsQE12gg6KetZucEAY,2026-05-05 13:56:20+00:00,1777989380000,43774,27.29984,43.81027,10.02515,80895,True,78.35126,2
20260505-014600,-OrsQGbTs6T3ZvxDbxUF,2026-05-05 13:56:32+00:00,1777989392000,43786,27.31087,43.43813,10.02541,81605,True,137.83322,2
20260505-014600,-OrsQJY1tD2RP52_W4Jk,2026-05-05 13:56:44+00:00,1777989404000,43798,27.32354,43.26919,10.0253,88131,True,106.67052,3
20260505-014600,-OrsQMTXKJExDZ0v5eqN,2026-05-05 13:56:56+00:00,1777989416000,43810,27.33115,43.26514,10.02534,91004,True,83.6358,3
20260505-014600,-OrsQPP2Q_eccJmyJq3u,2026-05-05 13:57:08+00:00,1777989428000,43822,27.33115,43.24184,10.02549,92004,True,71.49089,3
20260505-014600,-OrsQSKRK-mciFnNDACt,2026-05-05 13:57:20+00:00,1777989440000,43834,27.33622,43.26271,10.02545,92512,True,64.83904,3
20260505-014600,-OrsQVG-eNuclm1SIPIA,2026-05-05 13:57:32+00:00,1777989452000,43846,27.33622,43.34029,10.02549,92615,True,62.67884,3
20260505-014600,-OrsQYBZrLuGz910PR7u,2026-05-05 13:57:44+00:00,1777989464000,43858,27.34636,43.33942,10.02568,93337,True,59.555,3
20260505-014600,-OrsQaCS9QklpOWv7T9c,2026-05-05 13:57:57+00:00,1777989477000,43870,27.3134,43.54211,10.02553,87670,True,78.31932,3
20260505-014600,-OrsQd74YiVxs0MZCQdX,2026-05-05 13:58:09+00:00,1777989489000,43882,27.33115,43.34437,10.02542,91203,True,74.06461,3
20260505-014600,-OrsQg2R4d4Zp15h6cSK,2026-05-05 13:58:21+00:00,1777989501000,43894,27.33369,43.27654,10.02561,92410,True,65.98977,3
20260505-014600,-OrsQiz582gysL1tPnbF,2026-05-05 13:58:33+00:00,1777989513000,43906,27.33369,43.2326,10.02557,93130,True,60.36728,3
20260505-014600,-OrsQluSCdvelb-q0fL4,2026-05-05 13:58:45+00:00,1777989525000,43918,27.33876,43.26406,10.02562,93441,True,57.82664,3
20260505-014600,-OrsQoqfBfNcHPihLKm6,2026-05-05 13:58:57+00:00,1777989537000,43930,27.3413,43.2798,10.02574,93337,True,56.31749,3
20260505-014600,-OrsQroKsWL97Yd6pLib,2026-05-05 13:59:09+00:00,1777989549000,43942,27.3413,43.2772,10.02559,93965,True,54.94911,3
20260505-014600,-OrsQwbJJSyPJot-oDBZ,2026-05-05 13:59:21+00:00,1777989561000,43954,27.34383,43.2351,10.02577,93650,True,53.35437,3
20260505-014600,-OrsQxMv8O2R11hZWbqy,2026-05-05 13:59:32+00:00,1777989572000,43965,27.39908,43.08123,10.02568,93860,True,53.59745,3
20260505-014600,-OrsR-IWzrQqxX0xYOO5,2026-05-05 13:59:44+00:00,1777989584000,43977,27.32101,43.42851,10.02575,86762,True,96.36568,3
20260505-014600,-OrsR2E6nr8-gANoqd1m,2026-05-05 13:59:56+00:00,1777989596000,43989,27.32608,43.27176,10.02571,90611,True,81.91955,3
20260505-014600,-OrsR59fZji3kpiqA3N8,2026-05-05 14:00:08+00:00,1777989608000,44001,27.33369,43.24306,10.02575,91802,True,70.28738,3
20260505-014600,-OrsR850KZ0kDrrtjIid,2026-05-05 14:00:20+00:00,1777989620000,44013,27.33115,43.23526,10.02567,93026,True,62.51117,3
20260505-014600,-OrsRB1wcjW9qnDENS4g,2026-05-05 14:00:32+00:00,1777989632000,44025,27.3413,43.22125,10.02587,93650,True,57.79542,3
20260505-014600,-OrsRDwwzdgujVJ_ve67,2026-05-05 14:00:44+00:00,1777989644000,44037,27.3413,43.25778,10.0258,93650,True,56.36947,3
20260505-014600,-OrsRGsm-JwHjvuI37ho,2026-05-05 14:00:56+00:00,1777989656000,44049,27.33115,43.26999,10.02565,93755,True,55.46172,3
20260505-014600,-OrsRJo6gTv26V2zEp2W,2026-05-05 14:01:08+00:00,1777989668000,44061,27.33876,43.23591,10.02586,93650,True,54.95046,3
20260505-014600,-OrsRMjGnItfZ6vhatob,2026-05-05 14:01:20+00:00,1777989680000,44073,27.3413,43.22036,10.02597,94389,True,53.2979,3
20260505-014600,-OrsRPez_4_rbyInpTeg,2026-05-05 14:01:32+00:00,1777989692000,44085,27.33622,43.23991,10.02575,94071,True,52.95915,3
20260505-014600,-OrsRSaVpBat6UoIeP70,2026-05-05 14:01:44+00:00,1777989704000,44097,27.34636,43.18383,10.02588,93860,True,53.20773,3
20260505-014600,-OrsRVX3NqWNKpj-yzLM,2026-05-05 14:01:56+00:00,1777989716000,44109,27.3413,43.16769,10.02585,94496,True,51.73395,3
20260505-014600,-OrsRYSKUoDcyzWRA-qQ,2026-05-05 14:02:08+00:00,1777989728000,44121,27.3413,43.16735,10.02596,94177,True,52.19307,3
20260505-014600,-OrsRaNz7NF-G8azk568,2026-05-05 14:02:20+00:00,1777989740000,44133,27.33876,43.18512,10.02584,94177,True,52.29412,3
20260505-014600,-OrsRdbQnRBz4c31Cig_,2026-05-05 14:02:32+00:00,1777989752000,44145,27.3413,43.17231,10.0259,94283,True,50.75895,3
20260505-014600,-OrsRgExD4O-daCAnQ8v,2026-05-05 14:02:44+00:00,1777989764000,44157,27.34636,43.16266,10.0259,94709,True,50.01876,2
20260505-014600,-OrsRjARD4deDRWA7QUn,2026-05-05 14:02:56+00:00,1777989776000,44169,27.34383,43.17312,10.026,95032,True,50.36863,2
20260505-014600,-OrsRm5j0QmWR6ReriQS,2026-05-05 14:03:08+00:00,1777989788000,44181,27.33876,43.20854,10.02581,94602,True,51.23983,2
20260505-014600,-OrsRp1SSU-6rEnjPu22,2026-05-05 14:03:20+00:00,1777989800000,44193,27.34636,43.20459,10.02609,94602,True,51.49551,2
20260505-014600,-OrsRrxppvf0FZCRbVCE,2026-05-05 14:03:32+00:00,1777989812000,44205,27.33876,43.22065,10.02588,94283,True,52.07827,2
20260505-014600,-OrsRutWKypHFGbs2pBn,2026-05-05 14:03:44+00:00,1777989824000,44217,27.34636,43.18706,10.02605,94389,True,51.66914,3
20260505-014600,-OrsRxp3Or2WAKum98z6,2026-05-05 14:03:56+00:00,1777989836000,44229,27.34383,43.20769,10.02624,94389,True,51.78931,3
20260505-014600,-OrsS-kcdeeZfbgVGgUK,2026-05-05 14:04:08+00:00,1777989848000,44241,27.34383,43.23173,10.02587,94496,True,51.73139,3
20260505-014600,-OrsS2gPjkfH4T9aiZH-,2026-05-05 14:04:20+00:00,1777989860000,44253,27.34383,43.25673,10.02614,94071,True,52.48777,3
20260505-014600,-OrsS5bHfaUie3nA3_EX,2026-05-05 14:04:32+00:00,1777989872000,44265,27.34636,43.24542,10.02623,94496,True,51.97605,3
20260505-014600,-OrsS8Y4LXZtL9cOi66P,2026-05-05 14:04:44+00:00,1777989884000,44277,27.34636,43.22154,10.02612,94924,True,50.68908,3
20260505-014600,-OrsSBTa2P86MKoxek4f,2026-05-05 14:04:56+00:00,1777989896000,44289,27.34383,43.24533,10.02619,94602,True,51.30684,3
20260505-014600,-OrsSEOtRRjCBRbzo1z3,2026-05-05 14:05:08+00:00,1777989908000,44301,27.3489,43.26226,10.02622,94283,True,51.2555,3
20260505-014600,-OrsSHNETaLGEruWujaN,2026-05-05 14:05:20+00:00,1777989920000,44313,27.34636,43.30181,10.026,94283,True,51.85048,3
20260505-014600,-OrsSKG3i7-rpGfB1v1a,2026-05-05 14:05:32+00:00,1777989932000,44325,27.3413,43.30957,10.0261,94496,True,52.07144,3
20260505-014600,-OrsSNGY79cUMnQ0jj76,2026-05-05 14:05:44+00:00,1777989944000,44337,27.3413,43.2916,10.02617,93755,True,53.49813,3
20260505-014600,-OrsSQ71tILtG1Mf2Ke3,2026-05-05 14:05:56+00:00,1777989956000,44349,27.3413,43.35355,10.02617,93860,True,53.56288,3
20260505-014600,-OrsST2FBJpAJNrl3oBp,2026-05-05 14:06:08+00:00,1777989968000,44361,27.34383,43.42686,10.02626,93965,True,53.16964,3
20260505-014600,-OrsSVyoDiYg82leWBQy,2026-05-05 14:06:20+00:00,1777989980000,44373,27.34383,43.39186,10.02629,94283,True,51.39241,3
20260505-014600,-OrsSYuLheezcvjcVN4y,2026-05-05 14:06:32+00:00,1777989992000,44385,27.3413,43.32942,10.02639,94709,True,50.41444,3
20260505-014600,-OrsSaphfue3e9OBMtIt,2026-05-05 14:06:44+00:00,1777990004000,44397,27.33622,43.3245,10.02615,94283,True,50.72044,2
20260505-014600,-OrsSdl_DTBkUFxrjXI6,2026-05-05 14:06:56+00:00,1777990016000,44409,27.33876,43.31644,10.02637,94071,True,51.67006,2
20260505-014600,-OrsSggfRgsrTEo9znF2,2026-05-05 14:07:08+00:00,1777990028000,44421,27.33876,43.30223,10.02635,94389,True,51.28127,2
20260505-014600,-OrsSjcO2-YorEDPR2H8,2026-05-05 14:07:20+00:00,1777990040000,44433,27.33622,43.32035,10.02651,94389,True,51.23916,2
20260505-014600,-OrsSmYtLXcscwtGTewG,2026-05-05 14:07:32+00:00,1777990052000,44445,27.3489,43.30938,10.02655,94709,True,51.1916,2
20260505-014600,-OrsSpUJyz1GiDQYNVBy,2026-05-05 14:07:44+00:00,1777990064000,44457,27.34383,43.29334,10.0264,94602,True,51.30177,2
20260505-014600,-OrsSsQGhFo2GeyJmHeX,2026-05-05 14:07:56+00:00,1777990076000,44469,27.3489,43.24484,10.02666,94602,True,50.97897,2
20260505-014600,-OrsSvLh9GtKGsEQRDGl,2026-05-05 14:08:08+00:00,1777990088000,44481,27.34383,43.22447,10.02652,94709,True,50.75321,2
20260505-014600,-OrsSyGyBMahpkQInW0r,2026-05-05 14:08:20+00:00,1777990100000,44493,27.33369,43.30749,10.02661,94496,True,51.45631,2
20260505-014600,-OrsT0CCyME-8um1o3hO,2026-05-05 14:08:32+00:00,1777990112000,44505,27.3413,43.32445,10.02654,94496,True,52.17212,2
20260505-014600,-OrsT388YK6qKTavvJmf,2026-05-05 14:08:44+00:00,1777990124000,44517,27.34383,43.36333,10.02672,94283,True,51.552,2
20260505-014600,-OrsT78mCfmWWLTW2xD8,2026-05-05 14:08:56+00:00,1777990136000,44529,27.34636,43.36395,10.02672,94817,True,51.03542,2
20260505-014600,-OrsT8duwu-DSEBNs4yw,2026-05-05 14:09:06+00:00,1777990146000,44540,27.25508,43.83661,10.02653,85347,True,69.25282,2
20260505-014600,-OrsTB_8gUcsYoysZLEA,2026-05-05 14:09:18+00:00,1777990158000,44552,27.33115,43.31471,10.02676,90611,True,78.58907,3
20260505-014600,-OrsTEWRQM_nJFLgXoKF,2026-05-05 14:09:30+00:00,1777990170000,44564,27.33622,43.25167,10.02668,93130,True,66.61781,3
20260505-014600,-OrsTHROlQkHb9NenWW8,2026-05-05 14:09:42+00:00,1777990182000,44576,27.33876,43.23439,10.02674,93755,True,58.75567,3
20260505-014600,-OrsTKNA2RIlaCh49SA9,2026-05-05 14:09:54+00:00,1777990194000,44588,27.33115,43.22081,10.02676,93755,True,56.60079,3
20260505-014600,-OrsTNILeVz9Y6qLNinA,2026-05-05 14:10:06+00:00,1777990206000,44600,27.33115,43.22829,10.02672,94496,True,53.46769,3
20260505-014600,-OrsTQDgRHuLQBlS9edf,2026-05-05 14:10:18+00:00,1777990218000,44612,27.32608,43.21539,10.02666,94283,True,53.75121,3
20260505-014600,-OrsTT9JcJgZoERmcuHY,2026-05-05 14:10:30+00:00,1777990230000,44624,27.33369,43.20813,10.02687,93965,True,53.79998,3
20260505-014600,-OrsTW4nevzotDEhttOo,2026-05-05 14:10:42+00:00,1777990242000,44636,27.33876,43.22407,10.02701,94389,True,53.19312,3
20260505-014600,-OrsTZ0pGI8xLwIyBWYW,2026-05-05 14:10:54+00:00,1777990254000,44648,27.3413,43.24405,10.02727,94602,True,52.77026,3
20260505-014600,-OrsTax6lbldgytbM8ZB,2026-05-05 14:11:06+00:00,1777990266000,44660,27.33876,43.24384,10.02706,94496,True,52.57315,3
20260505-014600,-OrsTdsOrcxkgEYT5ly5,2026-05-05 14:11:18+00:00,1777990278000,44672,27.34383,43.21659,10.0273,94071,True,53.02707,3
20260505-014600,-OrsTgnbpBzlTzFzHg3z,2026-05-05 14:11:30+00:00,1777990290000,44684,27.33622,43.19376,10.02714,94496,True,52.45725,3
20260505-014600,-OrsTjpbJ39rbbXeppE3,2026-05-05 14:11:42+00:00,1777990302000,44696,27.33876,43.19897,10.02716,94071,True,53.28643,3
20260505-014600,-OrsTmf1tFHWWnmjVBsh,2026-05-05 14:11:54+00:00,1777990314000,44708,27.33622,43.19543,10.02712,94389,True,53.14668,3
20260505-014600,-OrsUBg8eymQEuSYKVLT,2026-05-05 14:13:31+00:00,1777990411000,44805,27.25001,43.63848,10.02739,62862,True,257.27673,2
20260505-014600,-OrsUCS62AlwIUwTSupa,2026-05-05 14:13:44+00:00,1777990424000,44817,27.31211,43.39413,10.02723,66348,True,253.05827,2
20260505-014600,-OrsUFOUktg76ShJ5Zid,2026-05-05 14:13:56+00:00,1777990436000,44829,27.25508,43.51795,10.02725,71199,True,237.287,2
20260505-014600,-OrsUIIdQn3yTHcT7RjV,2026-05-05 14:14:08+00:00,1777990448000,44841,27.27537,43.34716,10.02727,79740,True,174.05219,2
20260505-014600,-OrsULEPHFtpccqiqJ_P,2026-05-05 14:14:20+00:00,1777990460000,44853,27.28298,43.33723,10.02717,83894,True,132.92099,2
20260505-014600,-OrsUO9hT4YEn2vEdi7E,2026-05-05 14:14:32+00:00,1777990472000,44865,27.29312,43.30035,10.02734,86583,True,109.49431,2
20260505-014600,-OrsUR5jtK6vyDnYtO1b,2026-05-05 14:14:44+00:00,1777990484000,44877,27.30073,43.26662,10.02733,88504,True,94.7515,2
20260505-014600,-OrsUU1Z2bS0CZ7BJCOB,2026-05-05 14:14:56+00:00,1777990496000,44889,27.30073,43.23985,10.02722,89929,True,85.0897,2
20260505-014600,-OrsUXGvkdfSMSO_dt7d,2026-05-05 14:15:08+00:00,1777990508000,44901,27.30326,43.21834,10.02735,90317,True,79.70081,3
20260505-014600,-OrsUZsxaE7aOR8G0cgz,2026-05-05 14:15:20+00:00,1777990520000,44913,27.31594,43.20164,10.02745,91004,True,75.15732,3
20260505-014600,-OrsUbosYG2Iq9YYpvx3,2026-05-05 14:15:32+00:00,1777990532000,44925,27.31594,43.21252,10.02741,91004,True,72.64922,3
20260505-014600,-OrsUekAT5PL5rRZSoga,2026-05-05 14:15:44+00:00,1777990544000,44937,27.31848,43.18841,10.02752,92308,True,67.76213,3
20260505-014600,-OrsUhfZ-qUu-_fvoBPC,2026-05-05 14:15:56+00:00,1777990556000,44949,27.32354,43.1638,10.02761,92717,True,64.51048,3
20260505-014600,-OrsUkarkY7mpJUTUvcw,2026-05-05 14:16:08+00:00,1777990568000,44961,27.31848,43.15021,10.02758,92923,True,62.69463,3
20260505-014600,-OrsUnXMapvv4RYSb2T9,2026-05-05 14:16:20+00:00,1777990580000,44973,27.32101,43.1817,10.02755,93026,True,61.76666,3
20260505-014600,-OrsUqTW4vCuFfhfJFA-,2026-05-05 14:16:32+00:00,1777990592000,44985,27.32354,43.22178,10.02773,93441,True,60.55349,3
20260505-014600,-OrsUtODXXMGTE8Pwv_C,2026-05-05 14:16:44+00:00,1777990604000,44997,27.32862,43.22389,10.02792,93860,True,58.92787,3
20260505-014600,-OrsUwK81AGVTmB3-FlD,2026-05-05 14:16:56+00:00,1777990616000,45009,27.33115,43.19816,10.02778,93233,True,58.49026,3
20260505-014600,-OrsUzFfx37bZsuYKYUj,2026-05-05 14:17:08+00:00,1777990628000,45021,27.32608,43.22356,10.02773,93965,True,57.20681,3
20260505-014600,-OrsV1AfNRW9Wh8EJRsp,2026-05-05 14:17:20+00:00,1777990640000,45033,27.31848,43.25048,10.0277,93546,True,57.40705,3
20260505-014600,-OrsV46eqdl9nh75mm4X,2026-05-05 14:17:32+00:00,1777990652000,45045,27.32608,43.24695,10.02772,93441,True,58.22373,3
20260505-014600,-OrsV7GcIQXfTWCEBClE,2026-05-05 14:17:44+00:00,1777990664000,45057,27.33369,43.24384,10.02789,93860,True,57.68107,3
20260505-014600,-OrsV9kBLarbehEq2F-c,2026-05-05 14:17:55+00:00,1777990675000,45069,27.2348,43.83673,10.02755,83810,True,76.08176,3
20260505-014600,-OrsVCfZJuwV0XPe20GW,2026-05-05 14:18:07+00:00,1777990687000,45081,27.3134,43.34079,10.02795,89449,True,85.94222,3
20260505-014600,-OrsVG9gLAQieICsp7jT,2026-05-05 14:18:19+00:00,1777990699000,45093,27.32354,43.26971,10.02785,91302,True,76.37088,3
20260505-014600,-OrsVIXfklpX2BMbb9XG,2026-05-05 14:18:31+00:00,1777990711000,45105,27.32608,43.24204,10.02793,92410,True,67.41945,3
20260505-014600,-OrsVLTOuVgR7BlfZuKN,2026-05-05 14:18:43+00:00,1777990723000,45117,27.32354,43.26643,10.02796,93130,True,62.36922,3
20260505-014600,-OrsVOOfdPGvUXLnF8Zv,2026-05-05 14:18:55+00:00,1777990735000,45129,27.32354,43.24495,10.02796,94496,True,57.30509,3
20260505-014600,-OrsVRK6kMxmMY_6JB3_,2026-05-05 14:19:07+00:00,1777990747000,45141,27.32608,43.20103,10.0281,93860,True,56.34258,3
20260505-014600,-OrsVUFppZN3rpvEpICE,2026-05-05 14:19:19+00:00,1777990759000,45153,27.33369,43.1872,10.0283,94071,True,55.3579,3
20260505-014600,-OrsVXBCUojNBIzRkQHj,2026-05-05 14:19:31+00:00,1777990771000,45165,27.32608,43.20258,10.02803,94071,True,54.61826,3
20260505-014600,-OrsV_6biIg8MSXGYBex,2026-05-05 14:19:43+00:00,1777990783000,45177,27.33115,43.23302,10.02817,93965,True,53.87486,3
20260505-014600,-OrsVc2M-kp6s0bp_lSM,2026-05-05 14:19:55+00:00,1777990795000,45189,27.32354,43.26683,10.02822,94496,True,53.16029,3
20260505-014600,-OrsVeyjG2J-awnJOgt8,2026-05-05 14:20:07+00:00,1777990807000,45201,27.32862,43.24532,10.02806,94071,True,53.67035,3
20260505-014600,-OrsVhuOFlM3cgDzLhfc,2026-05-05 14:20:19+00:00,1777990819000,45213,27.32608,43.26722,10.02821,94071,True,53.32002,3
20260505-014600,-OrsVkplfje-JJFeh73H,2026-05-05 14:20:31+00:00,1777990831000,45225,27.32354,43.2262,10.02822,94283,True,53.65716,3
20260505-014600,-OrsVnlEvnZa2rd7QjyQ,2026-05-05 14:20:43+00:00,1777990843000,45237,27.32608,43.20234,10.02809,94389,True,53.63397,3
20260505-014600,-OrsVqgd1FHtq6sXq8LJ,2026-05-05 14:20:55+00:00,1777990855000,45249,27.32862,43.22175,10.02818,94071,True,53.55148,3
20260505-014600,-OrsVtdO21Ur9Aj02qxy,2026-05-05 14:21:07+00:00,1777990867000,45261,27.33369,43.19769,10.02828,94709,True,52.06656,3
20260505-014600,-OrsVw5lVtUQozkUXab0,2026-05-05 14:21:17+00:00,1777990877000,45271,27.24494,43.68698,10.02809,86137,True,67.32651,3
20260505-014600,-OrsVz9MD96NfXDsb4RH,2026-05-05 14:21:29+00:00,1777990889000,45283,27.31848,43.27267,10.02816,91302,True,74.18576,3
20260505-014600,-OrsW0x_P4bgxe0eyolW,2026-05-05 14:21:41+00:00,1777990901000,45295,27.32608,43.29371,10.02831,92615,True,66.28545,3
20260505-014600,-OrsW3tPyrRu6isbOaJe,2026-05-05 14:21:53+00:00,1777990913000,45307,27.32608,43.3088,10.02837,93650,True,60.38527,3
20260505-014600,-OrsW6p55kotZaIYELrZ,2026-05-05 14:22:05+00:00,1777990925000,45319,27.32101,43.26618,10.02809,93860,True,56.70369,3
20260505-014600,-OrsW9k6rql4qyG01qhp,2026-05-05 14:22:17+00:00,1777990937000,45331,27.32354,43.25166,10.02829,92923,True,57.36681,3
20260505-014600,-OrsWCfVBN-SmW8202xV,2026-05-05 14:22:29+00:00,1777990949000,45343,27.31848,43.25764,10.02812,93026,True,59.81724,3
20260505-014600,-OrsWFasqxr8qwKsw9Xq,2026-05-05 14:22:41+00:00,1777990961000,45355,27.32101,43.23938,10.0282,93233,True,60.60159,3
20260505-014600,-OrsWIYxuUyWRiboSoEn,2026-05-05 14:22:53+00:00,1777990973000,45367,27.32354,43.25081,10.02815,93441,True,58.61012,3
20260505-014600,-OrsWLTL4B101WLqKpDO,2026-05-05 14:23:05+00:00,1777990985000,45379,27.32354,43.24246,10.02819,93546,True,57.99727,3
20260505-014600,-OrsWOOeJlzLUDFdhb9W,2026-05-05 14:23:17+00:00,1777990997000,45391,27.32101,43.25087,10.02806,93546,True,57.88011,3
20260505-014600,-OrsWRKB0s-jrU4hC10g,2026-05-05 14:23:29+00:00,1777991009000,45403,27.32101,43.25118,10.02827,94071,True,57.01401,3
20260505-014600,-OrsWUFU7UEgAiWqcOHJ,2026-05-05 14:23:41+00:00,1777991021000,45415,27.32862,43.21016,10.02821,93860,True,56.92521,3
20260505-014600,-OrsWXAz2VZXjZWZv4Zr,2026-05-05 14:23:53+00:00,1777991033000,45427,27.32608,43.22033,10.0283,94496,True,55.52827,3
20260505-014600,-OrsW_6XpAzG2pwQ5rdK,2026-05-05 14:24:05+00:00,1777991045000,45439,27.32608,43.21556,10.02824,94389,True,54.53263,3
20260505-014600,-OrsWc1pnwBFB7-tuL5P,2026-05-05 14:24:17+00:00,1777991057000,45451,27.32608,43.18618,10.02824,94602,True,52.29962,3
20260505-014600,-OrsWeyfVHT1-mbznADu,2026-05-05 14:24:29+00:00,1777991069000,45463,27.32354,43.18932,10.02819,95465,True,49.98518,2
20260505-014600,-OrsWi6AaQepdlprQqr5,2026-05-05 14:24:41+00:00,1777991081000,45475,27.32608,43.16883,10.02826,95574,True,49.94381,2
20260505-014600,-OrsWkpkNrYc1xWxR_XY,2026-05-05 14:24:53+00:00,1777991093000,45487,27.32354,43.17968,10.02845,95140,True,50.63067,2
20260505-014600,-OrsWnkupnx0vcLXZYvC,2026-05-05 14:25:05+00:00,1777991105000,45499,27.32862,43.16182,10.02839,94817,True,51.23844,2
20260505-014600,-OrsWqgqbf3I-Od8cgt2,2026-05-05 14:25:17+00:00,1777991117000,45511,27.32608,43.18581,10.02831,95248,True,50.67582,2
20260505-014600,-OrsWtc4mo4hsi6BnGVb,2026-05-05 14:25:29+00:00,1777991129000,45523,27.32354,43.18217,10.02813,94496,True,51.52018,2
20260505-014600,-OrsWwZD0bF8eO7gwFoF,2026-05-05 14:25:41+00:00,1777991141000,45535,27.32862,43.15549,10.02839,94496,True,51.67308,2
20260505-014600,-OrsWzU0CfLe1lbpIZrO,2026-05-05 14:25:53+00:00,1777991153000,45547,27.32862,43.1352,10.02844,94817,True,51.68161,2
20260505-014600,-OrsX1PQTD1yCVomjnlN,2026-05-05 14:26:05+00:00,1777991165000,45559,27.32354,43.12257,10.02813,95032,True,50.35342,2
20260505-014600,-OrsX4LjWUNOi8dxRNWn,2026-05-05 14:26:17+00:00,1777991177000,45571,27.32608,43.08176,10.02826,95465,True,50.0,2
20260505-014600,-OrsX7GYAIe1pkmztXl9,2026-05-05 14:26:29+00:00,1777991189000,45583,27.32608,43.08075,10.02854,95140,True,50.40028,2
20260505-014600,-OrsXACCsBkkgoRoyr0_,2026-05-05 14:26:41+00:00,1777991201000,45595,27.32354,43.1146,10.02838,94924,True,51.46928,2
20260505-014600,-OrsXD7LS1IrKtb04-ME,2026-05-05 14:26:53+00:00,1777991213000,45607,27.32354,43.14444,10.02829,94817,True,51.31205,2
20260505-014600,-OrsXG2qYMscSJBPHQtU,2026-05-05 14:27:05+00:00,1777991225000,45619,27.32354,43.14942,10.02836,95032,True,51.56642,2
20260505-014600,-OrsXIzmRPAKlXn_JIV1,2026-05-05 14:27:17+00:00,1777991237000,45631,27.32608,43.17565,10.02847,95574,True,51.47168,2
20260505-014600,-OrsXLupl2Ud6w1vOZEs,2026-05-05 14:27:29+00:00,1777991249000,45643,27.32354,43.18622,10.0284,94817,True,52.27065,3
20260505-014600,-OrsXOqm4hPcxMIDyKJf,2026-05-05 14:27:41+00:00,1777991261000,45655,27.32354,43.19734,10.02845,94817,True,52.14707,3
20260505-014600,-OrsXSJH3ImzkbUTXsJU,2026-05-05 14:27:53+00:00,1777991273000,45667,27.32608,43.22409,10.02854,95032,True,51.93789,3
20260505-014600,-OrsXUheflPrk9TZM1-I,2026-05-05 14:28:05+00:00,1777991285000,45679,27.32862,43.21198,10.02853,94496,True,52.99046,3
20260505-014600,-OrsXXcv0IkCd2Zl1yCF,2026-05-05 14:28:17+00:00,1777991297000,45691,27.32608,43.16994,10.02865,94924,True,52.04941,3
20260505-014600,-OrsX_ZM2nLakSJjYibz,2026-05-05 14:28:29+00:00,1777991309000,45703,27.32608,43.16484,10.02872,95248,True,51.10927,3
20260505-014600,-OrsXcUxuex6Mkt6XcI2,2026-05-05 14:28:41+00:00,1777991321000,45715,27.32608,43.14922,10.02865,95574,True,50.23499,3
20260505-014600,-OrsXfQUVaE_cOqYq4YY,2026-05-05 14:28:53+00:00,1777991333000,45727,27.32608,43.13933,10.02861,95140,True,50.95695,2
20260505-014600,-OrsXiA4tnxwW37ukTyy,2026-05-05 14:29:04+00:00,1777991344000,45738,27.38169,42.99982,10.02876,95574,True,50.22243,2
20260505-014600,-OrsXl5ibKvmSH5v0mEn,2026-05-05 14:29:16+00:00,1777991356000,45750,27.28805,43.33472,10.02848,87762,True,95.22701,2
20260505-014600,-OrsXo0mjDYmnx_U0bTu,2026-05-05 14:29:28+00:00,1777991368000,45762,27.31594,43.14636,10.02885,91203,True,80.89162,2
20260505-014600,-OrsXqzP3RFatAYMQcY3,2026-05-05 14:29:40+00:00,1777991380000,45774,27.31848,43.11621,10.02888,93233,True,67.30072,2
20260505-014600,-OrsXtsgmV3qZ36GuMVs,2026-05-05 14:29:52+00:00,1777991392000,45786,27.32101,43.13008,10.02897,93860,True,60.6472,3
20260505-014600,-OrsXwoxoRPpLhqrUHGq,2026-05-05 14:30:04+00:00,1777991404000,45798,27.31087,43.17295,10.0287,94389,True,56.91603,3
20260505-014600,-OrsXzjlp5Hr5Xk-W8wF,2026-05-05 14:30:16+00:00,1777991416000,45810,27.33115,43.11828,10.02905,94283,True,55.54528,3
20260505-014600,-OrsY1feRMkab_X9o83q,2026-05-05 14:30:28+00:00,1777991428000,45822,27.32354,43.11189,10.02887,94389,True,55.74086,3
20260505-014600,-OrsY4bT6ugkiNhuM_Ck,2026-05-05 14:30:40+00:00,1777991440000,45834,27.31594,43.11412,10.02885,94709,True,54.08669,3
20260505-014600,-OrsY7XH08tpMt4G8Gzm,2026-05-05 14:30:52+00:00,1777991452000,45846,27.32101,43.13036,10.02906,94924,True,53.03812,3
20260505-014600,-OrsYAeVu1i7vk2H5Yxy,2026-05-05 14:31:04+00:00,1777991464000,45858,27.32354,43.13696,10.02889,94496,True,53.54311,3
20260505-014600,-OrsYDOatX-B84Aykiqh,2026-05-05 14:31:16+00:00,1777991476000,45870,27.32608,43.19823,10.02918,95248,True,51.88378,3
20260505-014600,-OrsYGJfccjtC9037bE1,2026-05-05 14:31:28+00:00,1777991488000,45882,27.32354,43.17409,10.02907,94709,True,52.99509,3
20260505-014600,-OrsYJFZpYbFSyrEULDT,2026-05-05 14:31:40+00:00,1777991500000,45894,27.32101,43.1646,10.02902,94496,True,53.75327,3
20260505-014600,-OrsYMAqeoYGg6Oix9aS,2026-05-05 14:31:52+00:00,1777991512000,45906,27.31848,43.15274,10.02898,94924,True,53.01427,3
20260505-014600,-OrsYP75f7p4wn2m9uTW,2026-05-05 14:32:04+00:00,1777991524000,45918,27.32101,43.14392,10.02904,95140,True,52.79003,3
20260505-014600,-OrsYS1vsxb51zXb_VAk,2026-05-05 14:32:16+00:00,1777991536000,45930,27.32354,43.11821,10.02933,94709,True,53.58456,3
20260505-014600,-OrsYUynllMO_xoV4Gku,2026-05-05 14:32:28+00:00,1777991548000,45942,27.32101,43.12136,10.02881,94817,True,53.70631,3
20260505-014600,-OrsYXu64WGzOwNQ10rR,2026-05-05 14:32:40+00:00,1777991560000,45954,27.32608,43.1159,10.02919,94709,True,53.0775,3
20260505-014600,-OrsY_pPI_lYtWU-hTKb,2026-05-05 14:32:52+00:00,1777991572000,45966,27.32354,43.14581,10.02892,94817,True,52.57747,3
20260505-014600,-OrsYckjnhzcs3g7Qg65,2026-05-05 14:33:04+00:00,1777991584000,45978,27.32608,43.16174,10.02902,94709,True,52.74586,3
20260505-014600,-OrsYfgGC8HS8QmSDnAx,2026-05-05 14:33:16+00:00,1777991596000,45990,27.32354,43.1871,10.02912,94924,True,52.09002,3
20260505-014600,-OrsYi8SoQbRcYy4Q8L8,2026-05-05 14:33:26+00:00,1777991606000,46000,27.23987,43.68079,10.02885,86852,True,67.3409,3
20260505-014600,-OrsYl4KhdIyVjKglhEO,2026-05-05 14:33:38+00:00,1777991618000,46012,27.32101,43.25935,10.02922,91302,True,75.669,3
20260505-014600,-OrsYo-UgVJq_AEUh95S,2026-05-05 14:33:50+00:00,1777991630000,46024,27.31848,43.19849,10.02914,92512,True,69.42451,3
20260505-014600,-OrsYqwzk3UzHrPsE71N,2026-05-05 14:34:02+00:00,1777991642000,46036,27.32354,43.16142,10.02901,93546,True,62.38219,3
20260505-014600,-OrsYu6a0-42DgQjYx23,2026-05-05 14:34:14+00:00,1777991654000,46048,27.32101,43.14533,10.02918,94389,True,57.54402,3
20260505-014600,-OrsYwn5WIthIwloz9lQ,2026-05-05 14:34:26+00:00,1777991666000,46060,27.32354,43.14265,10.02922,94709,True,54.71911,3
20260505-014600,-OrsYziqo0tTRZCufSV-,2026-05-05 14:34:38+00:00,1777991678000,46072,27.32101,43.1672,10.02916,95140,True,52.62907,3
20260505-014600,-OrsZ1eVPS10G32PYBwy,2026-05-05 14:34:50+00:00,1777991690000,46084,27.32608,43.18382,10.0294,94602,True,53.01744,3
20260505-014600,-OrsZ4_UM9F4W5_K4-uc,2026-05-05 14:35:02+00:00,1777991702000,46096,27.32608,43.20522,10.02928,95032,True,53.14643,3
20260505-014600,-OrsZ7VvgIWTwMZVQvtg,2026-05-05 14:35:14+00:00,1777991714000,46108,27.32862,43.25999,10.0293,94709,True,53.62207,3
20260505-014600,-OrsZASTXdhYfdK-xVeN,2026-05-05 14:35:26+00:00,1777991726000,46120,27.32862,43.26468,10.02932,94283,True,54.76869,3
20260505-014600,-OrsZDNJ6Lw0A3eT_UIB,2026-05-05 14:35:38+00:00,1777991738000,46132,27.32354,43.19915,10.02931,94924,True,53.42752,3
20260505-014600,-OrsZGIjRQwYpDXAom1Z,2026-05-05 14:35:50+00:00,1777991750000,46144,27.32101,43.12531,10.02927,94709,True,53.90459,3
20260505-014600,-OrsZJGPCIvyjNF-HZE5,2026-05-05 14:36:02+00:00,1777991762000,46156,27.32354,43.11227,10.02931,94924,True,52.40463,3
20260505-014600,-OrsZM9NKnYso2XuiKLv,2026-05-05 14:36:14+00:00,1777991774000,46168,27.31848,43.16186,10.0293,94924,True,52.53364,3
20260505-014600,-OrsZP57h4o6hr3rchs3,2026-05-05 14:36:26+00:00,1777991786000,46180,27.32608,43.11426,10.02944,94924,True,51.90421,3
20260505-014600,-OrsZS0ZJAhDHOpKzpwE,2026-05-05 14:36:38+00:00,1777991798000,46192,27.32608,43.07697,10.02932,95032,True,51.61385,3
20260505-014600,-OrsZUx4HEWC9TF1mXKZ,2026-05-05 14:36:50+00:00,1777991810000,46204,27.32101,43.08847,10.02943,95574,True,51.27952,3
20260505-014600,-OrsZXt_cz5Bw4F_GKUc,2026-05-05 14:37:02+00:00,1777991822000,46216,27.32862,43.06889,10.02938,95574,True,50.18866,3
20260505-014600,-OrsZ_oPe6GSVTaJ6yVC,2026-05-05 14:37:14+00:00,1777991834000,46228,27.32354,43.13977,10.02936,95574,True,50.0,2
20260505-014600,-OrsZcuJBMDr3CV9upZo,2026-05-05 14:37:26+00:00,1777991846000,46240,27.32101,43.17413,10.02918,94924,True,51.28807,2
20260505-014600,-OrsZffJvggbs9_v9nt6,2026-05-05 14:37:38+00:00,1777991858000,46252,27.32608,43.14688,10.0294,94709,True,52.71275,2
20260505-014600,-OrsZiaUYdKFOMCNEfTZ,2026-05-05 14:37:50+00:00,1777991870000,46264,27.32608,43.13266,10.02958,95248,True,52.241,2
20260505-014600,-OrsZlWtW0JAQ-HoxUDW,2026-05-05 14:38:02+00:00,1777991882000,46276,27.32354,43.14417,10.02973,93441,True,56.41288,2
20260505-014600,-OrsZoSElAGCcktoWzY-,2026-05-05 14:38:14+00:00,1777991894000,46288,27.32354,43.16614,10.02956,93965,True,57.56974,3
20260505-014600,-OrsZrNsFm3ueF3Nl2dw,2026-05-05 14:38:26+00:00,1777991906000,46300,27.31848,43.19173,10.02944,94283,True,58.77145,3
20260505-014600,-OrsZuJvjAYj-zhlVSeF,2026-05-05 14:38:38+00:00,1777991918000,46312,27.32101,43.1474,10.02939,94071,True,58.63874,3
20260505-014600,-OrsZxFJ5OBb5QL76Xm0,2026-05-05 14:38:50+00:00,1777991930000,46324,27.32101,43.12039,10.02943,94709,True,55.85375,3
20260505-014600,-Ors_-B-gil6deRe3a1O,2026-05-05 14:39:02+00:00,1777991942000,46336,27.31848,43.14236,10.02935,94709,True,54.21765,3
20260505-014600,-Ors_26AGeISYB17VVFD,2026-05-05 14:39:14+00:00,1777991954000,46348,27.31848,43.18993,10.02932,94709,True,53.20787,3
20260505-014600,-Ors_51U6iuoq-unU5lZ,2026-05-05 14:39:26+00:00,1777991966000,46360,27.32354,43.23262,10.02938,94602,True,53.2101,3
20260505-014600,-Ors_7xxi99HkoHoddsi,2026-05-05 14:39:38+00:00,1777991978000,46372,27.32608,43.252,10.02963,94496,True,53.9917,3
20260505-014600,-Ors_AtcCArW-zWBpanG,2026-05-05 14:39:50+00:00,1777991990000,46384,27.31594,43.21505,10.02945,93441,True,58.16121,3
20260505-014600,-Ors_DoqZW3VaMPARSIp,2026-05-05 14:40:02+00:00,1777992002000,46396,27.32354,43.19126,10.02963,93755,True,59.40589,3
20260505-014600,-Ors_GtSx3Q69pFgtT6i,2026-05-05 14:40:15+00:00,1777992015000,46409,27.28805,43.42066,10.0296,88317,True,78.17429,3
20260505-014600,-Ors_KFQ9ppseOR4xpfQ,2026-05-05 14:40:27+00:00,1777992027000,46421,27.3134,43.20414,10.02954,91302,True,75.69599,3
20260505-014600,-Ors_MkcKx1HlGOXTxcG,2026-05-05 14:40:39+00:00,1777992039000,46433,27.3058,43.18502,10.0295,92410,True,69.69672,3
20260505-014600,-Ors_PfnDedK1YmmUEfx,2026-05-05 14:40:51+00:00,1777992051000,46445,27.31594,43.15549,10.02965,92717,True,67.05448,3
20260505-014600,-Ors_SbMxKfO7LRbM226,2026-05-05 14:41:03+00:00,1777992063000,46457,27.31087,43.1303,10.02974,93546,True,65.07938,3
20260505-014600,-Ors_VY7Pu1r7NRuFIgS,2026-05-05 14:41:15+00:00,1777992075000,46469,27.3134,43.09945,10.0295,93546,True,61.38952,3
20260505-014600,-Ors_YTddD89jmoptaGm,2026-05-05 14:41:27+00:00,1777992087000,46481,27.31594,43.05104,10.02956,94389,True,57.3274,3
20260505-014600,-Ors_aPNCtL27RbKJa6j,2026-05-05 14:41:39+00:00,1777992099000,46493,27.31848,43.10442,10.02974,94389,True,56.06685,3
20260505-014600,-Ors_dKLpv_alhBFrQSf,2026-05-05 14:41:51+00:00,1777992111000,46505,27.31594,43.18832,10.02961,94496,True,55.16416,3
20260505-014600,-Ors_gFfGZLBICb9pHrM,2026-05-05 14:42:03+00:00,1777992123000,46517,27.31848,43.1919,10.02979,94389,True,55.13216,3
20260505-014600,-Ors_jB__50nq9WL8ATg,2026-05-05 14:42:15+00:00,1777992135000,46529,27.3134,43.12291,10.02968,95140,True,53.44072,3
20260505-014600,-Ors_m6xS5DmC22Dv06C,2026-05-05 14:42:27+00:00,1777992147000,46541,27.3058,43.1368,10.02961,94817,True,53.8322,3
20260505-014600,-Ors_p2ZA2CrWKdp-wuq,2026-05-05 14:42:39+00:00,1777992159000,46553,27.3134,43.10882,10.02987,94071,True,55.87769,3
20260505-014600,-Ors_ryjCXOVZiZdI6VI,2026-05-05 14:42:51+00:00,1777992171000,46565,27.31594,43.08385,10.02982,94496,True,55.16102,3
20260505-014600,-Ors_uuOqTbOIFGR2-p0,2026-05-05 14:43:03+00:00,1777992183000,46577,27.31594,43.06936,10.0298,95140,True,54.20164,3
20260505-014600,-Ors_xpe-etSnUQztmVl,2026-05-05 14:43:15+00:00,1777992195000,46589,27.31848,43.11851,10.02995,94817,True,54.73726,3
20260505-014600,-Orsa-m3mpfpc7YSxpcx,2026-05-05 14:43:27+00:00,1777992207000,46601,27.31848,43.18016,10.03011,94709,True,55.04707,3
20260505-014600,-Orsa3Mavdf-xYtSL20r,2026-05-05 14:43:39+00:00,1777992219000,46613,27.32608,43.23923,10.03013,94496,True,54.74266,3
20260505-014600,-Orsa5csY4c37EyE-85R,2026-05-05 14:43:51+00:00,1777992231000,46625,27.31848,43.25928,10.03011,94709,True,54.41675,3
20260505-014600,-Orsa8dTAou1N7OVV7Xt,2026-05-05 14:44:03+00:00,1777992243000,46637,27.31848,43.18758,10.03011,94389,True,54.83134,3
20260505-014600,-OrsaBUCR2m_CZx4F_i-,2026-05-05 14:44:15+00:00,1777992255000,46649,27.31848,43.15637,10.03015,94496,True,55.27814,3
20260505-014600,-OrsaEPvqTCefaOu_VCE,2026-05-05 14:44:27+00:00,1777992267000,46661,27.32101,43.11306,10.03015,95140,True,53.77884,3
20260505-014600,-OrsaHLIQKW-Hxqp8raa,2026-05-05 14:44:39+00:00,1777992279000,46673,27.31848,43.13041,10.03011,94496,True,54.38756,3
20260505-014600,-OrsaKHLfsyN4LwUhSzv,2026-05-05 14:44:51+00:00,1777992291000,46685,27.32354,43.10225,10.03008,94709,True,53.85253,3
20260505-014600,-OrsaNCDUkywOGdIFdE8,2026-05-05 14:45:03+00:00,1777992303000,46697,27.32354,43.10888,10.03016,95032,True,51.67564,3
20260505-014600,-OrsaQ7hgE-4-ZD1ImtG,2026-05-05 14:45:15+00:00,1777992315000,46709,27.31848,43.10713,10.03016,94709,True,52.84811,3
20260505-014600,-OrsaT3BlboqdfeIg2w5,2026-05-05 14:45:27+00:00,1777992327000,46721,27.32101,43.12067,10.03024,94817,True,53.58624,3
20260505-014600,-OrsaVzh6rte1McKurHX,2026-05-05 14:45:39+00:00,1777992339000,46733,27.31594,43.11333,10.03021,95140,True,52.45529,3
20260505-014600,-OrsaYvacaA9mlDL-9AB,2026-05-05 14:45:51+00:00,1777992351000,46745,27.31848,43.10425,10.03018,94924,True,54.07743,3
20260505-014600,-OrsaarAIZk91sm5yNLl,2026-05-05 14:46:03+00:00,1777992363000,46757,27.32101,43.16895,10.03013,95032,True,52.22724,3
20260505-014600,-OrsadmGp-wmUYjSmKOr,2026-05-05 14:46:15+00:00,1777992375000,46769,27.31848,43.16583,10.03006,94817,True,53.27134,3
20260505-014600,-OrsaghsUO5uapj5498m,2026-05-05 14:46:27+00:00,1777992387000,46781,27.31087,43.16084,10.02999,93965,True,56.43153,3
20260505-014600,-Orsajdy9wv5WwAifcK1,2026-05-05 14:46:39+00:00,1777992399000,46793,27.3134,43.11347,10.03013,93650,True,58.68377,3
20260505-014600,-OrsamhRk-QKynvFh83V,2026-05-05 14:46:51+00:00,1777992411000,46805,27.31848,43.09708,10.03011,93233,True,59.61765,3
20260505-014600,-OrsapYS4qXXTuxCMYvY,2026-05-05 14:47:03+00:00,1777992423000,46817,27.32101,43.11611,10.03018,94283,True,57.66198,3
20260505-014600,-OrsasQld9ixnLDn_aHd,2026-05-05 14:47:15+00:00,1777992435000,46829,27.3134,43.1131,10.03012,94071,True,58.38377,3
20260505-014600,-OrsavMLwkfs0cGn3xKY,2026-05-05 14:47:27+00:00,1777992447000,46841,27.32101,43.07731,10.03004,94177,True,57.83458,3
20260505-014600,-OrsayHgCa2Iyi9f0Vdb,2026-05-05 14:47:39+00:00,1777992459000,46853,27.30833,43.08315,10.0301,94709,True,55.50935,3
20260505-014600,-Orsb0DGzLdAt1cYWUej,2026-05-05 14:47:51+00:00,1777992471000,46865,27.3134,43.17976,10.03013,95032,True,54.23378,3
20260505-014600,-Orsb39Oihv6DeAtyu4D,2026-05-05 14:48:03+00:00,1777992483000,46877,27.30833,43.23687,10.03003,95032,True,53.23527,3
20260505-014600,-Orsb649DtLbYG9WnqG8,2026-05-05 14:48:15+00:00,1777992495000,46889,27.32101,43.23396,10.03041,94924,True,52.4787,3
20260505-014600,-Orsb9-g0p-O9DHF9xy7,2026-05-05 14:48:27+00:00,1777992507000,46901,27.31594,43.16318,10.03014,95140,True,52.37226,3
20260505-014600,-OrsbBx4PyFsKamnInHB,2026-05-05 14:48:39+00:00,1777992519000,46913,27.32101,43.10743,10.03032,94924,True,51.62191,3
20260505-014600,-OrsbEreLqi3Mu75WGNZ,2026-05-05 14:48:51+00:00,1777992531000,46925,27.31594,43.09256,10.03023,94924,True,52.04708,3
20260505-014600,-OrsbHnBV5iM5KIf8_Va,2026-05-05 14:49:03+00:00,1777992543000,46937,27.32354,43.03439,10.03031,95032,True,51.92321,3
20260505-014600,-OrsbKixgDCMzHgcPVjU,2026-05-05 14:49:15+00:00,1777992555000,46949,27.32608,43.07682,10.03037,94101,True,53.18015,3
20260505-014600,-OrsbNf-PwwT_nYMoMxX,2026-05-05 14:49:27+00:00,1777992567000,46961,27.31594,43.15312,10.0303,95032,True,51.95481,3
20260505-014600,-OrsbQ_rWghieI0Rz6ZY,2026-05-05 14:49:39+00:00,1777992579000,46973,27.31594,43.16703,10.03035,95248,True,51.82193,3
20260505-014600,-OrsbTWai0dchnUrx71T,2026-05-05 14:49:51+00:00,1777992591000,46985,27.31848,43.13389,10.03046,95032,True,51.88251,3
20260505-014600,-OrsbWknBmcgk1lVJ7Bs,2026-05-05 14:50:03+00:00,1777992603000,46997,27.31594,43.06421,10.03045,95032,True,52.30031,3
20260505-014600,-OrsbZNBbbfrqC8qXXHi,2026-05-05 14:50:15+00:00,1777992615000,47009,27.31848,43.14874,10.03037,93942,True,54.68371,3
20260505-014600,-OrsbbJ2EvEG_ikKEkqg,2026-05-05 14:50:27+00:00,1777992627000,47021,27.31848,43.17317,10.0305,95683,True,52.36726,3
20260505-014600,-OrsbeEALZwsR19j824-,2026-05-05 14:50:39+00:00,1777992639000,47033,27.31594,43.12157,10.03047,94496,True,54.00733,3
20260505-014600,-Orsbh9YfGE8QOVEikEk,2026-05-05 14:50:51+00:00,1777992651000,47045,27.32101,43.06934,10.03064,94817,True,53.95047,3
20260505-014600,-Orsbk65l6tAeuOTF2AM,2026-05-05 14:51:03+00:00,1777992663000,47057,27.31594,43.05652,10.03072,94709,True,54.37954,3
20260505-014600,-Orsbn0oI43W7F4lcRWJ,2026-05-05 14:51:15+00:00,1777992675000,47069,27.3058,43.09145,10.0305,95574,True,52.3721,3
20260505-014600,-OrsbpxMwoJoaiy1PbAe,2026-05-05 14:51:27+00:00,1777992687000,47081,27.3134,43.087,10.03056,95248,True,51.47859,3
20260505-014600,-Orsbssfts3AvbgDnrRM,2026-05-05 14:51:39+00:00,1777992699000,47093,27.3058,43.13394,10.03045,94924,True,51.93087,3
20260505-014600,-OrsbvoEgZvJDZlpjG-s,2026-05-05 14:51:51+00:00,1777992711000,47105,27.3134,43.15153,10.03052,94709,True,53.33959,3
20260505-014600,-OrsbyjobytNpdWemcBn,2026-05-05 14:52:03+00:00,1777992723000,47117,27.31087,43.18271,10.03055,94817,True,53.85743,3
20260505-014600,-Orsc0jGK6MYB02oNaCc,2026-05-05 14:52:15+00:00,1777992735000,47129,27.30833,43.13901,10.03056,94389,True,54.22285,3
20260505-014600,-Orsc3b10ouBneKa9vc9,2026-05-05 14:52:27+00:00,1777992747000,47141,27.3134,43.09383,10.03077,95140,True,52.39682,3
20260505-014600,-Orsc6XRvq0rEF17Yd3A,2026-05-05 14:52:39+00:00,1777992759000,47153,27.31087,43.10625,10.03067,94817,True,52.77595,3
20260505-014600,-Orsc9Sa5THRpHvaU6qk,2026-05-05 14:52:51+00:00,1777992771000,47165,27.3134,43.08503,10.0307,94602,True,54.41014,3
20260505-014600,-OrscCO6ni5i9DwUUJZF,2026-05-05 14:53:03+00:00,1777992783000,47177,27.31594,43.08662,10.03065,94602,True,55.56531,3
20260505-014600,-OrscG0NYGlwi5JhQplI,2026-05-05 14:53:15+00:00,1777992795000,47189,27.30833,43.10415,10.03065,94709,True,55.94914,3
20260505-014600,-OrscIRNwDg88-Rf1485,2026-05-05 14:53:28+00:00,1777992808000,47201,27.28044,43.32566,10.03069,88317,True,77.74906,3
20260505-014600,-OrscL2-icOp9T6HQRzj,2026-05-05 14:53:38+00:00,1777992818000,47212,27.34544,43.07422,10.03069,89833,True,79.45398,3
20260505-014600,-OrscNykUC9qdq1f_x4t,2026-05-05 14:53:50+00:00,1777992830000,47224,27.28551,43.23658,10.0307,85784,True,112.02776,3
20260505-014600,-OrscQtv15LzQffmhy_D,2026-05-05 14:54:02+00:00,1777992842000,47236,27.29058,43.12981,10.03068,89929,True,92.96083,3
20260505-014600,-OrscTp0f7iOKZeyR0mY,2026-05-05 14:54:14+00:00,1777992854000,47248,27.29312,43.12464,10.03058,91602,True,79.47472,3
20260505-014600,-OrscWk_6u7D99BL7rnL,2026-05-05 14:54:26+00:00,1777992866000,47260,27.29565,43.07379,10.03075,92410,True,71.99124,3
20260505-014600,-OrscZg-J87yfpln6zqt,2026-05-05 14:54:38+00:00,1777992878000,47272,27.29058,43.08554,10.03058,93965,True,65.03858,3
20260505-014600,-OrscbbxOzxQzJwN0gRk,2026-05-05 14:54:50+00:00,1777992890000,47284,27.29819,43.05438,10.03068,93650,True,62.21068,3
20260505-014600,-OrsceXunrS5II2M9U0v,2026-05-05 14:55:02+00:00,1777992902000,47296,27.30326,43.01768,10.03066,94071,True,58.91512,3
20260505-014600,-OrschTdcQA3Zc7o9q5V,2026-05-05 14:55:14+00:00,1777992914000,47308,27.31087,43.03325,10.03095,94071,True,58.69942,3
20260505-014600,-OrsckP0vVT5lJj7_zff,2026-05-05 14:55:26+00:00,1777992926000,47320,27.31594,42.96856,10.03104,94496,True,57.12156,3
20260505-014600,-OrscnKTn4c8ZbwkU6sA,2026-05-05 14:55:38+00:00,1777992938000,47332,27.30833,42.98264,10.03081,94496,True,55.76033,3
20260505-014600,-OrscqGnyMn175Ue2taz,2026-05-05 14:55:50+00:00,1777992950000,47344,27.3134,43.03225,10.03087,94496,True,55.66513,3
20260505-014600,-OrsctBcOixFKbqa-dL5,2026-05-05 14:56:02+00:00,1777992962000,47356,27.31087,43.07116,10.0309,94496,True,55.61428,3
20260505-014600,-Orscw7tHEoZ9vuz4Bg-,2026-05-05 14:56:14+00:00,1777992974000,47368,27.31087,43.05295,10.03092,95140,True,53.37068,3
20260505-014600,-Orsd-Orj1-AkXftYkNB,2026-05-05 14:56:24+00:00,1777992984000,47378,27.23226,43.5122,10.0308,86762,True,69.34673,3
20260505-014600,-Orsd1C4ytwskd7Sue-e,2026-05-05 14:56:39+00:00,1777992999000,47393,27.32903,43.20041,10.03092,88411,True,76.50877,3
20260505-014600,-Orsd47jqMeyBvrgCP6s,2026-05-05 14:56:51+00:00,1777993011000,47405,27.27283,43.28452,10.03085,83476,True,128.418,3
20260505-014600,-Orsd736Y6EIdoAVISNK,2026-05-05 14:57:03+00:00,1777993023000,47417,27.28805,43.06395,10.03099,89641,True,101.32218,3
20260505-014600,-Orsd9zesxGbaEck6Wua,2026-05-05 14:57:15+00:00,1777993035000,47429,27.29565,42.97972,10.03108,91602,True,81.04378,3
20260505-014600,-OrsdCv-AWix2HsWamAd,2026-05-05 14:57:27+00:00,1777993047000,47441,27.28805,43.11247,10.03085,93026,True,70.62796,3
20260505-014600,-OrsdFqlWO0p9VUgL0s8,2026-05-05 14:57:39+00:00,1777993059000,47453,27.30073,43.1448,10.03104,93546,True,64.39682,3
20260505-014600,-OrsdIm8yeUw4W0X8Zyx,2026-05-05 14:57:51+00:00,1777993071000,47465,27.29565,43.12691,10.03087,93233,True,63.16461,3
20260505-014600,-OrsdLiB8ozmMz_f021P,2026-05-05 14:58:03+00:00,1777993083000,47477,27.29058,43.11573,10.03105,92410,True,66.08213,3
20260505-014600,-OrsdOdA91DqtmS8MGub,2026-05-05 14:58:15+00:00,1777993095000,47489,27.29819,43.1038,10.03107,92512,True,67.07347,3
20260505-014600,-OrsdRZahmiSZJC47cdP,2026-05-05 14:58:27+00:00,1777993107000,47501,27.30833,43.04921,10.03139,93337,True,65.13603,3
20260505-014600,-OrsdUV5-scrFWONX6oX,2026-05-05 14:58:39+00:00,1777993119000,47513,27.30073,43.07401,10.03134,92615,True,65.24273,3
20260505-014600,-OrsdXQlZthEBzHX-Ge9,2026-05-05 14:58:51+00:00,1777993131000,47525,27.29312,43.11174,10.03121,92308,True,67.23646,3
20260505-014600,-Orsd_M-2G3yS6uLbAo8,2026-05-05 14:59:03+00:00,1777993143000,47537,27.30073,43.09486,10.03128,92615,True,68.38956,3
20260505-014600,-OrsdcHnjtQyB3qiDbl8,2026-05-05 14:59:15+00:00,1777993155000,47549,27.30073,43.09192,10.03128,92615,True,66.71501,3
20260505-014600,-Orsdn-yhUSL17ktcaCU,2026-05-05 14:59:27+00:00,1777993167000,47561,27.30326,43.05544,10.03143,93233,True,64.94861,3
20260505-014600,-OrsdnlvqtyGg8tofgjL,2026-05-05 15:00:02+00:00,1777993202000,47596,27.36209,42.91155,10.03127,93130,True,64.67267,3
20260505-014600,-Orsdqhfhpa_eXC5PN7t,2026-05-05 15:00:14+00:00,1777993214000,47608,27.25001,43.51921,10.03146,74293,True,181.57845,3
20260505-014600,-OrsdtcXs7MPU8_NP-0r,2026-05-05 15:00:26+00:00,1777993226000,47620,27.26269,43.25735,10.03136,83559,True,146.66489,3
20260505-014600,-OrsdwZAKwMmAI4HQ4SY,2026-05-05 15:00:38+00:00,1777993238000,47632,27.27537,43.13753,10.03155,87396,True,112.0818,3
20260505-014600,-OrsdzU_BxL3ddfQiOLH,2026-05-05 15:00:50+00:00,1777993250000,47644,27.28044,43.08202,10.03154,89929,True,92.32243,3
20260505-014600,-Orse1QAgVO80-zbbNP6,2026-05-05 15:01:02+00:00,1777993262000,47656,27.28044,43.04504,10.03156,91203,True,80.08504,3
20260505-014600,-Orse4LmV9wn2-6x69TH,2026-05-05 15:01:14+00:00,1777993274000,47668,27.28298,42.98703,10.0316,92410,True,72.10539,3
20260505-014600,-Orse7H14It1SpIxvTVV,2026-05-05 15:01:26+00:00,1777993286000,47680,27.29058,43.00911,10.03175,93233,True,66.8154,3
20260505-014600,-OrseAChGzedsMUnv4ax,2026-05-05 15:01:38+00:00,1777993298000,47692,27.28551,43.00839,10.03162,93233,True,65.27985,3
20260505-014600,-OrseDEU-SFHzn24IHLi,2026-05-05 15:01:50+00:00,1777993310000,47704,27.28805,43.00694,10.03163,93965,True,62.19424,3
20260505-014600,-OrseG4QLD08ZkebcZ1-,2026-05-05 15:02:02+00:00,1777993322000,47716,27.29312,42.9997,10.03157,93755,True,61.21793,3
20260505-014600,-OrseJ-QTCwR9b3R6NGS,2026-05-05 15:02:14+00:00,1777993334000,47728,27.29058,43.00178,10.03165,94071,True,59.86753,3
20260505-014600,-OrseLvt4ireLmUdBIfB,2026-05-05 15:02:26+00:00,1777993346000,47740,27.29058,43.01577,10.03174,93755,True,60.37769,3
20260505-014600,-OrseRRYT3KgLxrER9gj,2026-05-05 15:02:38+00:00,1777993358000,47752,27.29565,43.02008,10.0317,93965,True,58.88102,3
20260505-014600,-OrseSCQHlpDVg6n2i4g,2026-05-05 15:02:52+00:00,1777993372000,47766,27.34857,42.90402,10.03167,94071,True,58.94697,3
20260505-014600,-OrseV7njaHMHoaFGDE7,2026-05-05 15:03:04+00:00,1777993384000,47778,27.2703,43.32379,10.03187,85434,True,112.02789,3
20260505-014600,-OrseY3LJaaFsPUnvz6d,2026-05-05 15:03:16+00:00,1777993396000,47790,27.28044,43.12479,10.03168,89929,True,93.96001,3
20260505-014600,-Orse_zjcBMDItXqwQ_h,2026-05-05 15:03:28+00:00,1777993408000,47802,27.2779,43.07745,10.03159,91802,True,78.70276,3
20260505-014600,-Orsecvl_mXxv61iccwa,2026-05-05 15:03:40+00:00,1777993420000,47814,27.28551,43.05125,10.03178,92923,True,69.61737,3
20260505-014600,-OrsefqkDL8u1bAo426z,2026-05-05 15:03:52+00:00,1777993432000,47826,27.28551,43.05237,10.0316,93546,True,64.69347,3
20260505-014600,-OrseimDWMGor61B19ia,2026-05-05 15:04:04+00:00,1777993444000,47838,27.29058,42.99918,10.0317,93441,True,62.31141,3
20260505-014600,-OrselhfpVKH4B2OHxpw,2026-05-05 15:04:16+00:00,1777993456000,47850,27.28805,43.00109,10.03168,94283,True,60.48321,3
20260505-014600,-OrseodKNoJaoAanmsVa,2026-05-05 15:04:28+00:00,1777993468000,47862,27.28805,43.00751,10.0317,93755,True,60.09589,3
20260505-014600,-OrserZqSGG2XlUkbRTz,2026-05-05 15:04:40+00:00,1777993480000,47874,27.29312,43.05291,10.03179,93860,True,60.25894,3
20260505-014600,-OrseuVRSwJ5qX29aW28,2026-05-05 15:04:52+00:00,1777993492000,47886,27.29565,43.04574,10.03176,94071,True,59.3969,3
20260505-014600,-OrsexQlY0C5395ySkx_,2026-05-05 15:05:04+00:00,1777993504000,47898,27.29819,42.99227,10.03186,94283,True,58.38557,3
20260505-014600,-Orsf-Sc9tTr41tRmHIZ,2026-05-05 15:05:16+00:00,1777993516000,47910,27.29819,42.98578,10.03182,94283,True,57.26413,3
20260505-014600,-Orsf2HkDf6u9khrmEkF,2026-05-05 15:05:28+00:00,1777993528000,47922,27.30073,43.07622,10.03209,94602,True,55.96745,3
20260505-014600,-Orsf5ivSnEjAG6F735W,2026-05-05 15:05:40+00:00,1777993540000,47934,27.29312,43.08683,10.03176,94177,True,56.54742,3
20260505-014600,-Orsf88kPE47PqewoOEY,2026-05-05 15:05:52+00:00,1777993552000,47946,27.29058,43.04499,10.03177,94389,True,56.59895,3
20260505-014600,-OrsfB4QRqQReX_ZSm1n,2026-05-05 15:06:04+00:00,1777993564000,47958,27.29058,43.05948,10.03174,94283,True,57.37046,3
20260505-014600,-OrsfE-YxObh0Wgv0qJQ,2026-05-05 15:06:16+00:00,1777993576000,47970,27.30073,43.11243,10.03183,94177,True,56.626,3
20260505-014600,-OrsfGwoVlAPgsbUF-Un,2026-05-05 15:06:28+00:00,1777993588000,47982,27.29819,43.14516,10.03198,94924,True,55.25174,3
20260505-014600,-OrsfJs6CXotBECgNorZ,2026-05-05 15:06:40+00:00,1777993600000,47994,27.29058,43.09039,10.03186,94709,True,54.77246,3
20260505-014600,-OrsfMnEeKI7w_21Wi86,2026-05-05 15:06:52+00:00,1777993612000,48006,27.29312,43.01276,10.03192,94817,True,54.58106,3
20260505-014600,-OrsfPiuQLnmGg1cvkVx,2026-05-05 15:07:04+00:00,1777993624000,48018,27.29312,42.9842,10.03185,95140,True,53.90047,3
20260505-014600,-OrsfSeEiLJ9t5SP3DyG,2026-05-05 15:07:16+00:00,1777993636000,48030,27.29312,42.99611,10.03178,95140,True,53.48304,3
20260505-014600,-OrsfV_mBV7m1GKJNwVE,2026-05-05 15:07:28+00:00,1777993648000,48042,27.29058,42.98016,10.03188,94496,True,55.35358,3
20260505-014600,-OrsfYWIsO7ep5UjOCtL,2026-05-05 15:07:40+00:00,1777993660000,48054,27.29819,42.97403,10.03209,94389,True,56.52807,3
20260505-014600,-OrsfaRrZPT5_mrXv9GU,2026-05-05 15:07:52+00:00,1777993672000,48066,27.29058,43.0019,10.03177,94924,True,55.17492,3
20260505-014600,-OrsfdNFSnN7-6sbM30V,2026-05-05 15:08:04+00:00,1777993684000,48078,27.29058,43.00462,10.03172,94817,True,55.30127,3
20260505-014600,-OrsfgJ4H9Jl_Xj8Tfjn,2026-05-05 15:08:16+00:00,1777993696000,48090,27.29312,42.98162,10.0319,95032,True,53.75724,3
20260505-014600,-OrsfjEF-jjSdEA5cpDj,2026-05-05 15:08:28+00:00,1777993708000,48102,27.28805,42.9739,10.03187,95683,True,52.33067,3
20260505-014600,-Orsfm9auBOHf6TdVfmr,2026-05-05 15:08:40+00:00,1777993720000,48114,27.28805,42.96988,10.03182,95248,True,52.39566,3
20260505-014600,-Orsfq-rLcRk9R-29TYr,2026-05-05 15:08:52+00:00,1777993732000,48126,27.30833,42.92311,10.03209,95356,True,52.23214,3
20260505-014600,-OrsfsEGPPhXLe1wLdTN,2026-05-05 15:09:05+00:00,1777993745000,48139,27.26776,43.2052,10.032,89641,True,72.866,3
20260505-014600,-OrsfvAmjqxp8MSrIvA0,2026-05-05 15:09:17+00:00,1777993757000,48151,27.28298,42.99213,10.03198,92615,True,71.14185,3
20260505-014600,-Orsfy5DE_WeKOwtjI5u,2026-05-05 15:09:29+00:00,1777993769000,48163,27.28551,42.96767,10.03194,93546,True,64.88387,3
20260505-014600,-Orsg00qynOmL0ecHgmE,2026-05-05 15:09:41+00:00,1777993781000,48175,27.29312,42.99815,10.03204,94709,True,58.52001,3
20260505-014600,-Orsg2xZT48x5casvqmp,2026-05-05 15:09:53+00:00,1777993793000,48187,27.29058,43.05023,10.03174,94602,True,55.43452,3
20260505-014600,-Orsg5t0qVxi7lMiGXgE,2026-05-05 15:10:05+00:00,1777993805000,48199,27.28805,43.07091,10.03193,95356,True,52.21632,3
20260505-014600,-Orsg8pKTMnZosu7fU3Y,2026-05-05 15:10:17+00:00,1777993817000,48211,27.30073,43.06271,10.03202,95032,True,53.33489,3
20260505-014600,-OrsgBje2Cws40eU8Kao,2026-05-05 15:10:29+00:00,1777993829000,48223,27.30073,43.05956,10.03218,94817,True,54.5518,3
20260505-014600,-OrsgEfQSsFEtOqBQm3v,2026-05-05 15:10:41+00:00,1777993841000,48235,27.30073,43.00152,10.03229,95140,True,52.57672,3
20260505-014600,-OrsgHb3BTw-B3ZWav3x,2026-05-05 15:10:53+00:00,1777993853000,48247,27.29312,42.98664,10.03195,95683,True,52.35428,3
20260505-014600,-OrsgKXMAW4Sqoy2cupZ,2026-05-05 15:11:05+00:00,1777993865000,48259,27.30073,42.97406,10.03211,94709,True,53.80281,3
20260505-014600,-OrsgNTIZ5ehNv11f2hX,2026-05-05 15:11:17+00:00,1777993877000,48271,27.29565,42.97187,10.03199,95248,True,53.51628,3
20260505-014600,-OrsgQO_YTdh8D9Mb15E,2026-05-05 15:11:29+00:00,1777993889000,48283,27.29565,42.95882,10.03212,94154,True,55.45164,3
20260505-014600,-OrsgTJpDPvhcvKXpmq1,2026-05-05 15:11:41+00:00,1777993901000,48295,27.29819,42.93111,10.03225,95574,True,53.26341,3
20260505-014600,-OrsgWbeV7hUig-72EHv,2026-05-05 15:11:53+00:00,1777993913000,48307,27.29058,42.95772,10.03219,94419,True,54.15915,3
20260505-014600,-OrsgZAt1w_UJV6oiUxQ,2026-05-05 15:12:05+00:00,1777993925000,48319,27.29819,43.00696,10.03239,95465,True,52.38882,3
20260505-014600,-Orsgb7ctrpDuUVRrxaB,2026-05-05 15:12:17+00:00,1777993937000,48331,27.30073,43.1196,10.03237,95248,True,51.95288,3
20260505-014600,-Orsge21GIHrNHBWflWT,2026-05-05 15:12:29+00:00,1777993949000,48343,27.29312,43.07214,10.03237,95465,True,52.38946,3
20260505-014600,-OrsggyHUINydYbH7eDJ,2026-05-05 15:12:41+00:00,1777993961000,48355,27.28551,43.09355,10.03202,95465,True,53.62192,3
20260505-014600,-Orsgju4PyyCQBZDQWAd,2026-05-05 15:12:53+00:00,1777993973000,48367,27.29819,43.00816,10.03241,95248,True,52.83681,3
20260505-014600,-OrsgmpCbtlzuHaeYu7o,2026-05-05 15:13:05+00:00,1777993985000,48379,27.29565,42.93697,10.03228,95465,True,52.33461,3
20260505-014600,-OrsgpoJG1pxxjIOR63g,2026-05-05 15:13:17+00:00,1777993997000,48391,27.28551,42.95964,10.03209,95356,True,51.84441,3
20260505-014600,-OrsgsgDmW2YNVEvPHdZ,2026-05-05 15:13:29+00:00,1777994009000,48403,27.29565,42.91336,10.0324,94206,True,53.85063,3
20260505-014600,-OrsgvbdqdhIf-ZPafUD,2026-05-05 15:13:41+00:00,1777994021000,48415,27.30073,42.92877,10.03236,95356,True,53.51332,3
20260505-014600,-OrsgyY6SDIS5rBRiCFs,2026-05-05 15:13:53+00:00,1777994033000,48427,27.28551,42.97639,10.03204,95465,True,53.92502,3
20260505-014600,-Orsh0ToGESZnP19-pG8,2026-05-05 15:14:05+00:00,1777994045000,48439,27.28551,42.97324,10.0322,95574,True,52.62369,3
20260505-014600,-Orsh3Pxl_s8JZ1A3JCI,2026-05-05 15:14:17+00:00,1777994057000,48451,27.29058,42.97964,10.03247,95574,True,52.7023,3
20260505-014600,-Orsh6KeLjJ6CT_gn3-N,2026-05-05 15:14:29+00:00,1777994069000,48463,27.29565,42.97028,10.03245,95465,True,52.49816,3
20260505-014600,-Orsh9GMz1v3VW8DSlZi,2026-05-05 15:14:41+00:00,1777994081000,48475,27.28551,43.00075,10.03225,95356,True,52.8535,3
20260505-014600,-OrshCBgHVBo8qL83Igi,2026-05-05 15:14:53+00:00,1777994093000,48487,27.28551,42.97974,10.03241,95574,True,51.80507,3
20260505-014600,-OrshFHPRu2EqdroKU8J,2026-05-05 15:15:05+00:00,1777994105000,48499,27.28805,42.97898,10.03249,95248,True,54.2328,3
20260505-014600,-OrshI3FpoydzTk4Rxm2,2026-05-05 15:15:17+00:00,1777994117000,48511,27.28551,42.97091,10.03232,95574,True,51.8201,3
20260505-014600,-OrshKzQIOjoO8ecGlWp,2026-05-05 15:15:29+00:00,1777994129000,48523,27.29312,42.97066,10.03244,95248,True,51.57263,3
20260505-014600,-OrshNu_9-mpU4bmSLqS,2026-05-05 15:15:41+00:00,1777994141000,48535,27.28805,42.9737,10.03238,95574,True,52.60033,3
20260505-014600,-OrshQqK9V3mwBC950Wt,2026-05-05 15:15:53+00:00,1777994153000,48547,27.29565,42.94799,10.0324,94632,True,55.29608,3
20260505-014600,-OrshTlx-LgatZg9XnO4,2026-05-05 15:16:05+00:00,1777994165000,48559,27.29312,43.00212,10.03229,94525,True,54.53505,3
20260505-014600,-OrshWhtR0UZuQLqnxQX,2026-05-05 15:16:17+00:00,1777994177000,48571,27.29058,43.01468,10.03241,95248,True,54.14016,3
20260505-014600,-OrshZcs_cPVsB2Wz5AX,2026-05-05 15:16:29+00:00,1777994189000,48583,27.29312,43.00216,10.03239,95574,True,53.73179,3
20260505-014600,-OrshbZNxftLoFBfTaGZ,2026-05-05 15:16:41+00:00,1777994201000,48595,27.28805,42.99221,10.03254,94924,True,55.19553,3
20260505-014600,-OrsheUyVmOHXM_A_Htj,2026-05-05 15:16:53+00:00,1777994213000,48607,27.28298,42.97787,10.0323,94366,True,54.46995,3
20260505-014600,-OrshhQ66VMshIIOQtNn,2026-05-05 15:17:05+00:00,1777994225000,48619,27.29058,42.95821,10.03237,95465,True,52.22888,3
20260505-014600,-OrshkMJrey5TlNTpUn_,2026-05-05 15:17:17+00:00,1777994237000,48631,27.28551,43.00503,10.03245,95140,True,52.9623,3
20260505-014600,-OrshnHH--Mbxr2uGEHX,2026-05-05 15:17:29+00:00,1777994249000,48643,27.28551,42.99893,10.03255,94709,True,54.78175,3
20260505-014600,-OrshqCUm5KZLz-6fCtL,2026-05-05 15:17:41+00:00,1777994261000,48655,27.28551,43.08738,10.0325,95032,True,54.54766,3
20260505-014600,-Orsht8YB56aouKWCznt,2026-05-05 15:17:53+00:00,1777994273000,48667,27.28551,43.08162,10.03246,94924,True,54.93564,3
20260505-014600,-Orshw3ixPiOrdkvVHd3,2026-05-05 15:18:05+00:00,1777994285000,48679,27.29312,43.04487,10.03241,95465,True,52.45172,3
20260505-014600,-OrshzC2c3KIdLE1_BcP,2026-05-05 15:18:17+00:00,1777994297000,48691,27.28551,43.04304,10.03241,94924,True,52.45751,3
20260505-014600,-Orsi0w5Zk5xGhx1Ks3q,2026-05-05 15:18:29+00:00,1777994309000,48703,27.28805,43.08382,10.03277,95574,True,51.34694,3
20260505-014600,-Orsi3rBs80apMKLltx1,2026-05-05 15:18:41+00:00,1777994321000,48715,27.29058,43.00713,10.0326,94419,True,54.45693,3
20260505-014600,-Orsi6mdDL7CniKP6IaH,2026-05-05 15:18:53+00:00,1777994333000,48727,27.29058,42.9769,10.03258,95683,True,52.62704,3
20260505-014600,-Orsi9i0sIvrEh7AVF7N,2026-05-05 15:19:05+00:00,1777994345000,48739,27.28551,42.9833,10.03266,94419,True,55.30832,3
20260505-014600,-OrsiCeHLIDPbAWrAVrj,2026-05-05 15:19:17+00:00,1777994357000,48751,27.28551,43.02404,10.03282,95683,True,52.4439,3
20260505-014600,-OrsiF_UZ1kZD9vmvm4S,2026-05-05 15:19:29+00:00,1777994369000,48763,27.28551,43.13051,10.0329,95356,True,52.53371,3
20260505-014600,-OrsiIVuPGBLk7_cy426,2026-05-05 15:19:41+00:00,1777994381000,48775,27.28551,43.10052,10.03297,94472,True,53.52098,3
20260505-014600,-OrsiLRESvcmGPyFenCD,2026-05-05 15:19:53+00:00,1777994393000,48787,27.29058,43.03434,10.03295,95574,True,52.03078,3
20260505-014600,-OrsiOMnWrWuhw3UccQL,2026-05-05 15:20:05+00:00,1777994405000,48799,27.28551,42.99051,10.03283,95140,True,52.74419,3
20260505-014600,-OrsiRJCiQWpXPtQSjFQ,2026-05-05 15:20:17+00:00,1777994417000,48811,27.28805,42.97832,10.03282,93942,True,54.21306,3
20260505-014600,-OrsiUDkGClq_HazFobV,2026-05-05 15:20:29+00:00,1777994429000,48823,27.28551,42.97942,10.03289,95683,True,52.99893,3
20260505-014600,-OrsiX9DruXMiltpxLmv,2026-05-05 15:20:41+00:00,1777994441000,48835,27.29312,42.97935,10.03318,94419,True,56.01569,3
20260505-014600,-Orsi_5C0KZxW_JhM3fi,2026-05-05 15:20:53+00:00,1777994453000,48847,27.29058,42.99346,10.03307,95465,True,54.91177,3
20260505-014600,-Orsic0Al5DkRQKqYkOE,2026-05-05 15:21:05+00:00,1777994465000,48859,27.28298,42.96726,10.033,95248,True,53.19876,3
20260505-014600,-OrsiexWRN0pBx5kbHJV,2026-05-05 15:21:17+00:00,1777994477000,48871,27.28298,42.97818,10.03307,95574,True,52.25996,3
20260505-014600,-Orsii6LNrFGk_ulu3Gg,2026-05-05 15:21:29+00:00,1777994489000,48883,27.28805,42.99883,10.03317,94206,True,54.22001,3
20260505-014600,-OrsikoYktQ8nI7_IDV8,2026-05-05 15:21:41+00:00,1777994501000,48895,27.28805,42.9997,10.0331,95356,True,52.44527,3
20260505-014600,-Orsinj1ULbcSWvjWxFz,2026-05-05 15:21:53+00:00,1777994513000,48907,27.28044,43.01402,10.03312,95465,True,51.91148,3
20260505-014600,-OrsiqecVjpIcGGcyhhe,2026-05-05 15:22:05+00:00,1777994525000,48919,27.28551,42.98648,10.03313,95574,True,51.42266,3
20260505-014600,-Orsitazkx2lb5-aQyTG,2026-05-05 15:22:17+00:00,1777994537000,48931,27.28805,42.97,10.0333,94579,True,53.41838,3
20260505-014600,-OrsiwWjBNh7lr1PVrRX,2026-05-05 15:22:29+00:00,1777994549000,48943,27.28551,42.94841,10.0334,94419,True,54.28374,3
20260505-014600,-OrsizSKEmvtunOQFaZp,2026-05-05 15:22:41+00:00,1777994561000,48955,27.28805,42.94893,10.03337,95574,True,53.78651,3
20260505-014600,-Orsj1Nb29EBJiuYN_Wo,2026-05-05 15:22:53+00:00,1777994573000,48967,27.28298,42.93954,10.0333,95574,True,52.73394,3
20260505-014600,-Orsj4JKRmHPCr3RwB4o,2026-05-05 15:23:05+00:00,1777994585000,48979,27.28551,42.92894,10.03327,94259,True,55.78589,3
20260505-014600,-Orsj7FGrfeM4Oo5QAjx,2026-05-05 15:23:17+00:00,1777994597000,48991,27.29312,42.89497,10.03338,94579,True,54.05346,3
20260505-014600,-OrsjACEVDDnOJe-lrgt,2026-05-05 15:23:29+00:00,1777994609000,49003,27.28551,42.87169,10.03343,95356,True,53.34414,3
20260505-014600,-OrsjD5RJ5VP7dUL2D5J,2026-05-05 15:23:41+00:00,1777994621000,49015,27.28805,42.87089,10.03347,94419,True,56.65863,3
20260505-014600,-OrsjG1MFx5dCSORepXo,2026-05-05 15:23:53+00:00,1777994633000,49027,27.28551,42.86205,10.03364,94101,True,56.66195,3
20260505-014600,-OrsjIxq5fcfSzuPqyh-,2026-05-05 15:24:05+00:00,1777994645000,49039,27.28298,42.88499,10.03355,95683,True,53.40895,3
20260505-014600,-OrsjLtuPR3k-VZ0Olto,2026-05-05 15:24:17+00:00,1777994657000,49051,27.28551,42.9016,10.0337,94419,True,57.23283,3
20260505-014600,-OrsjOofjakXYX91J1zz,2026-05-05 15:24:29+00:00,1777994669000,49063,27.28044,42.91059,10.0336,94206,True,56.37872,3
20260505-014600,-OrsjRtVv45_sS-15g3w,2026-05-05 15:24:41+00:00,1777994681000,49075,27.28805,42.8952,10.03358,95683,True,54.8317,3
20260505-014600,-OrsjUfiB5VhnNkSCMg1,2026-05-05 15:24:53+00:00,1777994693000,49087,27.28298,42.89619,10.03357,95683,True,52.20906,3
20260505-014600,-OrsjXbDf6uiDwq1JozH,2026-05-05 15:25:05+00:00,1777994705000,49099,27.28551,42.86807,10.03359,95683,True,52.32116,3
20260505-014600,-Orsj_YEFasoOIKTpoka,2026-05-05 15:25:17+00:00,1777994717000,49111,27.28551,42.96927,10.03361,95465,True,53.49289,3
20260505-014600,-OrsjcT8zTd3C1Zxn2eZ,2026-05-05 15:25:29+00:00,1777994729000,49123,27.28551,42.94148,10.03375,94954,True,55.59877,3
20260505-014600,-OrsjfO_rrC2d5lIWt9n,2026-05-05 15:25:41+00:00,1777994741000,49135,27.28551,42.88001,10.03345,94924,True,55.03105,3
20260505-014600,-OrsjiK3-mEY0XD1eC5-,2026-05-05 15:25:53+00:00,1777994753000,49147,27.29058,42.8623,10.03369,94259,True,57.71659,3
20260505-014600,-OrsjlFuFbnP5RlQqDHu,2026-05-05 15:26:05+00:00,1777994765000,49159,27.28805,42.87963,10.0337,94101,True,56.79929,3
20260505-014600,-OrsjoBljD-wh5eSn_2H,2026-05-05 15:26:17+00:00,1777994777000,49171,27.28805,42.87954,10.03368,95574,True,54.38486,3
20260505-014600,-Orsjr6sBd3-NtCfWOIa,2026-05-05 15:26:29+00:00,1777994789000,49183,27.2779,42.9128,10.03356,95356,True,54.66369,3
20260505-014600,-Orsju29RisNy9Kxbnyg,2026-05-05 15:26:41+00:00,1777994801000,49195,27.28551,42.89463,10.03378,95465,True,54.50344,3
20260505-014600,-OrsjwyXCQeULHoF5g_F,2026-05-05 15:26:53+00:00,1777994813000,49207,27.28044,42.90494,10.03395,95032,True,53.90332,3
20260505-014600,-OrsjzuVHZkAe9et9YCK,2026-05-05 15:27:05+00:00,1777994825000,49219,27.2779,42.92186,10.03366,95032,True,54.91941,3
20260505-014600,-Orsk1qInvtHJqTQQWe4,2026-05-05 15:27:17+00:00,1777994837000,49231,27.28044,42.93538,10.03374,94817,True,54.96104,3
20260505-014600,-Orsk4l85iy2TbfKLtPY,2026-05-05 15:27:29+00:00,1777994849000,49243,27.2779,42.98914,10.03386,95140,True,54.30629,3
20260505-014600,-Orsk7gjeXJPdjsGNcV3,2026-05-05 15:27:41+00:00,1777994861000,49255,27.28298,43.00736,10.03399,95465,True,54.19914,3
20260505-014600,-OrskBVnq2RrF2uo8LzM,2026-05-05 15:27:53+00:00,1777994873000,49267,27.28298,42.94432,10.03376,95574,True,52.9014,3
20260505-014600,-OrskDB3nLdz3UQ3Y3UL,2026-05-05 15:28:03+00:00,1777994883000,49277,27.20944,43.40869,10.03402,86493,True,69.56187,3
20260505-014600,-OrskG6uQOub25PxDEZj,2026-05-05 15:28:15+00:00,1777994895000,49289,27.2703,43.0026,10.03379,91502,True,78.41956,3
20260505-014600,-OrskJ2EVwF_TCZMJHEU,2026-05-05 15:28:27+00:00,1777994907000,49301,27.27537,42.93433,10.03401,94071,True,66.89642,3
20260505-014600,-OrskLyill4lNrxiKtJE,2026-05-05 15:28:39+00:00,1777994919000,49313,27.27537,42.94747,10.03381,94283,True,60.48083,3
20260505-014600,-OrskOuJ90OQPsZnuEWE,2026-05-05 15:28:51+00:00,1777994931000,49325,27.27537,42.94351,10.03376,95356,True,56.61433,3
20260505-014600,-OrskRpeiLjxPoVynpqP,2026-05-05 15:29:03+00:00,1777994943000,49337,27.2779,42.94137,10.03405,95140,True,54.75665,3
20260505-014600,-OrskUl2KUgaWfJX8YHp,2026-05-05 15:29:15+00:00,1777994955000,49349,27.2779,42.97105,10.03391,95574,True,53.58526,3
20260505-014600,-OrskXgg3G_RePyxUfZ7,2026-05-05 15:29:27+00:00,1777994967000,49361,27.27537,42.975,10.03376,95140,True,53.44051,3
20260505-014600,-Orsk_c4XezXI9-oDbIC,2026-05-05 15:29:39+00:00,1777994979000,49373,27.28044,42.96791,10.03393,95248,True,54.29951,3
20260505-014600,-OrskcYX1BistL5EFk1j,2026-05-05 15:29:51+00:00,1777994991000,49385,27.28551,42.95018,10.03406,95356,True,53.55908,3
20260505-014600,-OrskfU2n_RAc96Uuavy,2026-05-05 15:30:03+00:00,1777995003000,49397,27.28298,42.9565,10.03394,95683,True,51.44724,3
20260505-014600,-OrskiPZNISCxpbtV6tG,2026-05-05 15:30:15+00:00,1777995015000,49409,27.2703,42.95855,10.03379,95140,True,55.91231,3
20260505-014600,-OrsklLHGrkW8qJW-i9M,2026-05-05 15:30:27+00:00,1777995027000,49421,27.28044,42.94175,10.0339,95248,True,55.31712,3
20260505-014600,-OrskoGW24fgei-p28bP,2026-05-05 15:30:39+00:00,1777995039000,49433,27.2779,42.93745,10.03377,95248,True,53.19976,3
20260505-014600,-OrskrC3dvpeRoXiwy8M,2026-05-05 15:30:51+00:00,1777995051000,49445,27.28044,42.92473,10.03374,95574,True,52.87329,3
20260505-014600,-OrskuUrF86e119nOfF4,2026-05-05 15:31:03+00:00,1777995063000,49457,27.28298,42.9105,10.03392,94366,True,54.25806,3
20260505-014600,-Orskx3KAH3LfWOZZb6G,2026-05-05 15:31:15+00:00,1777995075000,49469,27.28551,42.90295,10.03382,95683,True,53.50591,3
20260505-014600,-OrskzzaUwPMj7SEQfAa,2026-05-05 15:31:27+00:00,1777995087000,49481,27.27537,42.89687,10.03383,95574,True,54.34814,3
20260505-014600,-Orsl1v91iUrn5UxBdiR,2026-05-05 15:31:39+00:00,1777995099000,49493,27.28298,42.86092,10.03392,94579,True,56.37855,3
20260505-014600,-Orsl4qnkpVC9sX7Vwgt,2026-05-05 15:31:51+00:00,1777995111000,49505,27.28044,42.86286,10.03369,95574,True,56.85196,3
20260505-014600,-Orsl7mYpcfZ045GvZql,2026-05-05 15:32:03+00:00,1777995123000,49517,27.28044,42.86413,10.03381,94259,True,58.69236,3
20260505-014600,-OrslAhbtxVysFXqa7VB,2026-05-05 15:32:15+00:00,1777995135000,49529,27.27537,42.79612,10.0335,94525,True,56.85928,3
20260505-014600,-OrslDdEyxlRLumq1s6W,2026-05-05 15:32:27+00:00,1777995147000,49541,27.28551,42.8277,10.03375,94472,True,58.41407,3
20260505-014600,-OrslGZQ79XYdTQTJqK2,2026-05-05 15:32:39+00:00,1777995159000,49553,27.28044,42.90385,10.03367,94739,True,57.84723,3
20260505-014600,-OrslJUz1phO3S74C9ft,2026-05-05 15:32:51+00:00,1777995171000,49565,27.28298,42.92286,10.03369,94472,True,57.87528,3
20260505-014600,-OrslMQY6YYcefA2eymB,2026-05-05 15:33:03+00:00,1777995183000,49577,27.28551,42.87862,10.03373,95574,True,55.3299,3
20260505-014600,-OrslPMVKOV7gBTTcF9j,2026-05-05 15:33:15+00:00,1777995195000,49589,27.28298,42.8717,10.03367,94154,True,55.84351,3
20260505-014600,-OrslSHdb7OIFRqMVGAn,2026-05-05 15:33:27+00:00,1777995207000,49601,27.2779,42.85955,10.03371,94579,True,58.25681,3
20260505-014600,-OrslVGXgTDK9AnwuO9R,2026-05-05 15:33:40+00:00,1777995220000,49613,27.25001,43.10006,10.03362,91004,True,72.6587,3
20260505-014600,-OrslYC1iSLblYVaSLEy,2026-05-05 15:33:52+00:00,1777995232000,49625,27.26522,42.91531,10.03347,93650,True,68.00632,3
20260505-014600,-Orslc_UnXm6x7voBxpq,2026-05-05 15:34:04+00:00,1777995244000,49637,27.28044,42.88787,10.03379,94389,True,61.8804,3
20260505-014600,-OrsldTjwiD9yhHob6cr,2026-05-05 15:34:17+00:00,1777995257000,49651,27.32828,42.76181,10.03379,94071,True,61.55141,3
20260505-014600,-OrslgPZGdO6Tqkx8pvk,2026-05-05 15:34:29+00:00,1777995269000,49663,27.25508,43.09708,10.03381,85087,True,116.31199,3
20260505-014600,-OrsljKfhdTDRM4ljwxT,2026-05-05 15:34:41+00:00,1777995281000,49675,27.26016,42.96339,10.0335,90026,True,96.97386,3
20260505-014600,-OrslmG9UWcwuOmcT3kB,2026-05-05 15:34:53+00:00,1777995293000,49687,27.26776,42.9465,10.03366,92410,True,78.70916,3
20260505-014600,-OrslpBfy3h5nk1SdDrt,2026-05-05 15:35:05+00:00,1777995305000,49699,27.26776,42.9837,10.03375,93441,True,68.80004,3
20260505-014600,-Orsls7oCStzoOfU6hmX,2026-05-05 15:35:17+00:00,1777995317000,49711,27.2703,42.96013,10.03384,93965,True,63.29765,3
20260505-014600,-Orslv2f7QksIcNrwpFe,2026-05-05 15:35:29+00:00,1777995329000,49723,27.26776,42.92643,10.03382,94496,True,59.80509,3
20260505-014600,-Orslxz9fE9ghd81FkrC,2026-05-05 15:35:41+00:00,1777995341000,49735,27.27537,42.89047,10.03371,95140,True,55.79218,3
20260505-014600,-Orsm-uf2y_cq-dy1gG3,2026-05-05 15:35:53+00:00,1777995353000,49747,27.27537,42.89375,10.03376,94924,True,55.28533,3
20260505-014600,-Orsm2rY5NFDfiDLUFxK,2026-05-05 15:36:05+00:00,1777995365000,49759,27.27537,42.85365,10.03378,95356,True,55.27556,3
20260505-014600,-Orsm5lduQCbebYHHyRJ,2026-05-05 15:36:17+00:00,1777995377000,49771,27.27283,42.84552,10.03386,95248,True,54.7999,3
20260505-014600,-Orsm8gzhhMSfxu_YUyf,2026-05-05 15:36:29+00:00,1777995389000,49783,27.27537,42.83749,10.03371,95140,True,54.17884,3
20260505-014600,-OrsmBdErUnJOGGD7q_X,2026-05-05 15:36:41+00:00,1777995401000,49795,27.2703,42.84283,10.0338,95574,True,54.82394,3
20260505-014600,-OrsmEZcfsY_lrb5l0Wq,2026-05-05 15:36:53+00:00,1777995413000,49807,27.27283,42.84414,10.03395,94525,True,54.64048,3
20260505-014600,-OrsmHbYp5SREixBK4bj,2026-05-05 15:37:05+00:00,1777995425000,49819,27.2779,42.85783,10.03407,95465,True,55.14479,3
20260505-014600,-OrsmKQmWc5H1i6bykoT,2026-05-05 15:37:17+00:00,1777995437000,49831,27.27283,42.85564,10.0339,95683,True,55.0266,3
20260505-014600,-OrsmNM6ZVMKXFFbzSRw,2026-05-05 15:37:29+00:00,1777995449000,49843,27.27537,42.85606,10.03408,94686,True,56.3503,3
20260505-014600,-OrsmQHX76mykb9C__9H,2026-05-05 15:37:41+00:00,1777995461000,49855,27.27283,42.85429,10.03391,95465,True,54.21663,3
20260505-014600,-OrsmTCmUBNqnG-Bo7Ka,2026-05-05 15:37:53+00:00,1777995473000,49867,27.2779,42.80495,10.03426,94259,True,56.29282,3
20260505-014600,-OrsmW88pj5xRGtsjTlu,2026-05-05 15:38:05+00:00,1777995485000,49879,27.2703,42.85249,10.03401,95248,True,55.98433,3
20260505-014600,-OrsmZ4OoqyqpDYAFNui,2026-05-05 15:38:17+00:00,1777995497000,49891,27.27283,42.8419,10.03397,94924,True,56.52496,3
20260505-014600,-Orsmb-ZMwBECDBmSdBR,2026-05-05 15:38:29+00:00,1777995509000,49903,27.27537,42.82856,10.03413,95248,True,55.14459,3
20260505-014600,-Orsmdvm9nX9MEKMkdFY,2026-05-05 15:38:41+00:00,1777995521000,49915,27.27283,42.83224,10.03414,95248,True,53.95558,3
20260505-014600,-OrsmgrIdzizgDoXKSXW,2026-05-05 15:38:53+00:00,1777995533000,49927,27.2779,42.82827,10.03407,94739,True,55.5251,3
20260505-014600,-Orsmjmi9KYh0tpolb6n,2026-05-05 15:39:05+00:00,1777995545000,49939,27.27283,42.83028,10.03419,94632,True,57.27199,3
20260505-014600,-Orsmmi1BI6xPUrUAf9W,2026-05-05 15:39:17+00:00,1777995557000,49951,27.2779,42.81964,10.03422,93995,True,59.84883,3
20260505-014600,-Orsmpdd2l5Tuaiw_hVP,2026-05-05 15:39:29+00:00,1777995569000,49963,27.27537,42.79361,10.03417,94525,True,60.08713,3
20260505-014600,-Orsms_5s6adn0HVn41W,2026-05-05 15:39:41+00:00,1777995581000,49975,27.2703,42.83468,10.034,94101,True,59.75984,3
20260505-014600,-OrsmvVg0t2KjR2yC2w5,2026-05-05 15:39:53+00:00,1777995593000,49987,27.2779,42.84763,10.03429,94686,True,58.84748,3
20260505-014600,-OrsmyR5HkGU_fFESZSL,2026-05-05 15:40:05+00:00,1777995605000,49999,27.27537,42.85332,10.03438,94579,True,59.30354,3
20260505-014600,-Orsn1-I7ZwLC5MABZlY,2026-05-05 15:40:17+00:00,1777995617000,50011,27.27537,42.84654,10.0342,95683,True,56.38525,3
20260505-014600,-Orsn3I4MoZjGe_7xm3C,2026-05-05 15:40:29+00:00,1777995629000,50023,27.2779,42.83113,10.03435,94739,True,57.35941,3
20260505-014600,-Orsn6EPLmAJ9eujzF0k,2026-05-05 15:40:41+00:00,1777995641000,50035,27.27283,42.83263,10.03437,94259,True,58.63196,3
20260505-014600,-Orsn9908lQbrgH2-2L9,2026-05-05 15:40:53+00:00,1777995653000,50047,27.27283,42.81477,10.03428,94686,True,56.95697,3
20260505-014600,-OrsnC4j3Uptti7zCM0c,2026-05-05 15:41:05+00:00,1777995665000,50059,27.27283,42.82174,10.03414,94366,True,59.58705,3
20260505-014600,-OrsnF0-gIfeA-UF5Y-u,2026-05-05 15:41:17+00:00,1777995677000,50071,27.27537,42.8138,10.03417,94206,True,60.49564,3
20260505-014600,-OrsnHxk0aJrrjIykg_e,2026-05-05 15:41:29+00:00,1777995689000,50083,27.27537,42.79152,10.03413,95574,True,58.29161,3
20260505-014600,-OrsnKsQZByP_xQrOVKb,2026-05-05 15:41:41+00:00,1777995701000,50095,27.2703,42.83046,10.03417,95356,True,56.40499,3
20260505-014600,-OrsnNnm2ddcA22hpO4I,2026-05-05 15:41:53+00:00,1777995713000,50107,27.27283,42.83241,10.03416,95683,True,53.89144,3
20260505-014600,-OrsnQjOKAwt_iarY2zX,2026-05-05 15:42:05+00:00,1777995725000,50119,27.27283,42.82956,10.03418,95574,True,53.54224,3
20260505-014600,-OrsnTepLfBBwcd9BWpQ,2026-05-05 15:42:17+00:00,1777995737000,50131,27.27537,42.82119,10.03417,95248,True,56.87284,3
20260505-014600,-OrsnW_s3TUYl7mJhXJQ,2026-05-05 15:42:29+00:00,1777995749000,50143,27.2703,42.86438,10.0341,95356,True,54.25762,3
20260505-014600,-OrsnZWcmDr6vZcH061x,2026-05-05 15:42:41+00:00,1777995761000,50155,27.27537,42.84787,10.03432,95465,True,53.32916,3
20260505-014600,-OrsnbRypzH0wXkNz7_d,2026-05-05 15:42:53+00:00,1777995773000,50167,27.27537,42.86203,10.03448,95248,True,54.59752,3
20260505-014600,-OrsnecUSC07nfKMuQ7E,2026-05-05 15:43:06+00:00,1777995786000,50180,27.24494,43.18543,10.03431,89259,True,76.27402,3
20260505-014600,-Orsnhkhj_um2ja4WatM,2026-05-05 15:43:18+00:00,1777995798000,50192,27.26776,42.99648,10.03434,92004,True,77.34148,3
20260505-014600,-OrsnkUfU7JE74oCP2nU,2026-05-05 15:43:30+00:00,1777995810000,50204,27.26776,42.95937,10.0344,93026,True,70.69264,3
20260505-014600,-OrsnnPRaFvqcASGPRD7,2026-05-05 15:43:42+00:00,1777995822000,50216,27.26522,42.924,10.03414,94177,True,63.79352,3
20260505-014600,-OrsnqL88QJrASBZ7G5l,2026-05-05 15:43:54+00:00,1777995834000,50228,27.27283,42.88522,10.03425,94283,True,61.80365,3
20260505-014600,-OrsntGbhY6EKCRiMmwu,2026-05-05 15:44:06+00:00,1777995846000,50240,27.26776,42.91055,10.0342,95032,True,58.59741,3
20260505-014600,-OrsnwC32Wjb8X9xr2IU,2026-05-05 15:44:18+00:00,1777995858000,50252,27.27283,42.83036,10.0343,95032,True,56.27751,3
20260505-014600,-Orsnz7fcCKJr-ET2Mm6,2026-05-05 15:44:30+00:00,1777995870000,50264,27.2703,42.84621,10.03405,95248,True,56.14838,3
20260505-014600,-Orso13CkSieHvZeT_Qa,2026-05-05 15:44:42+00:00,1777995882000,50276,27.27283,42.82121,10.03407,95574,True,53.97794,3
20260505-014600,-Orso3zi_n9El_9l8iMe,2026-05-05 15:44:54+00:00,1777995894000,50288,27.27537,42.88758,10.03427,95140,True,53.76243,3
20260505-014600,-Orso6vJHHr81lmJSDQl,2026-05-05 15:45:06+00:00,1777995906000,50300,27.27537,42.9127,10.03417,95032,True,55.52242,3
20260505-014600,-Orso9qXQJq7ad8iOoF3,2026-05-05 15:45:18+00:00,1777995918000,50312,27.2703,42.96218,10.03414,94389,True,57.20858,3
20260505-014600,-OrsoCm5YbytNPWcS3_e,2026-05-05 15:45:30+00:00,1777995930000,50324,27.2779,42.90862,10.03419,94709,True,56.64228,3
20260505-014600,-OrsoFhR0WZXEP2yRTbI,2026-05-05 15:45:42+00:00,1777995942000,50336,27.2703,42.91826,10.03415,94602,True,56.8686,3
20260505-014600,-OrsoIdfEON7egbbaRFH,2026-05-05 15:45:54+00:00,1777995954000,50348,27.26776,42.92456,10.03387,94389,True,58.63675,3
20260505-014600,-OrsoLZmb1QbCJMdokSq,2026-05-05 15:46:06+00:00,1777995966000,50360,27.26522,42.95301,10.034,93546,True,60.7196,3
20260505-014600,-OrsoOUzMiOQ4ppf2quu,2026-05-05 15:46:18+00:00,1777995978000,50372,27.27283,42.94557,10.03402,93026,True,65.4693,3
20260505-014600,-OrsoRieYtIKJ8ro3Qny,2026-05-05 15:46:30+00:00,1777995990000,50384,27.27283,42.96412,10.03391,93233,True,66.12277,3
20260505-014600,-OrsoUMQKQTHdVPNO28q,2026-05-05 15:46:42+00:00,1777996002000,50396,27.26522,42.94299,10.0339,93233,True,64.79448,3
20260505-014600,-OrsoXHj4JQTtt4r9ELt,2026-05-05 15:46:54+00:00,1777996014000,50408,27.27283,42.95513,10.03402,92820,True,65.89635,3
20260505-014600,-Orso_DJkjJjhpFv_lun,2026-05-05 15:47:06+00:00,1777996026000,50420,27.27537,42.94407,10.03389,93130,True,65.3984,3
20260505-014600,-Orsoc8T0Iru2Lp9p9qV,2026-05-05 15:47:18+00:00,1777996038000,50432,27.27283,42.91663,10.03388,93650,True,64.55305,3
20260505-014600,-Orsof3t9pH2lSbZASXD,2026-05-05 15:47:30+00:00,1777996050000,50444,27.27537,42.77071,10.03401,94283,True,61.33905,3
20260505-014600,-Orsoi06BjdiKpxQHF0U,2026-05-05 15:47:42+00:00,1777996062000,50456,27.27283,42.78181,10.03402,94709,True,57.71715,3
20260505-014600,-OrsokwdT4bqwWcWPUNK,2026-05-05 15:47:54+00:00,1777996074000,50468,27.2779,42.78306,10.03401,95356,True,55.67976,3
20260505-014600,-Orsonrjhc-TMqGMNwgk,2026-05-05 15:48:06+00:00,1777996086000,50480,27.27283,42.82079,10.03398,95356,True,54.00912,3
20260505-014600,-Orsoqmx8PnlZ25GDHxk,2026-05-05 15:48:18+00:00,1777996098000,50492,27.27537,42.83947,10.03399,95248,True,54.25784,3
20260505-014600,-OrsotiX-NAEEsjtFu9W,2026-05-05 15:48:30+00:00,1777996110000,50504,27.27283,42.82641,10.0339,95248,True,54.24165,3
20260505-014600,-OrsowfJXngpo7HQjyE2,2026-05-05 15:48:42+00:00,1777996122000,50516,27.27537,42.81824,10.03408,95356,True,53.82327,3
20260505-014600,-Orsoz_uqXjvPVoAaUHx,2026-05-05 15:48:54+00:00,1777996134000,50528,27.27283,42.83491,10.03397,94313,True,57.08826,3
20260505-014600,-Orsp1W6PpKYEFiLiILC,2026-05-05 15:49:06+00:00,1777996146000,50540,27.27283,42.81209,10.03418,94739,True,55.93074,3
20260505-014600,-Orsp4RiMk9atXH6E9ZQ,2026-05-05 15:49:18+00:00,1777996158000,50552,27.2703,42.7929,10.03377,94206,True,56.43633,3
20260505-014600,-Orsp7N91deeXRviQxFr,2026-05-05 15:49:30+00:00,1777996170000,50564,27.27283,42.80087,10.03411,95683,True,54.80211,3
20260505-014600,-OrspAW0VSLRheuue7QU,2026-05-05 15:49:42+00:00,1777996182000,50576,27.2779,42.87054,10.03401,95356,True,55.08533,3
20260505-014600,-OrspDDzHXnsy6LFBQAs,2026-05-05 15:49:54+00:00,1777996194000,50588,27.26522,42.94722,10.03411,95140,True,54.75183,3
20260505-014600,-OrspG9g15ht3CypSTom,2026-05-05 15:50:06+00:00,1777996206000,50600,27.27283,42.91655,10.0339,94101,True,56.89075,3
20260505-014600,-OrspJ56ezMABZKSvuuJ,2026-05-05 15:50:18+00:00,1777996218000,50612,27.27537,42.97117,10.03397,95356,True,54.17651,3
20260505-014600,-OrspM0M8cwNX9Xw-Cwn,2026-05-05 15:50:30+00:00,1777996230000,50624,27.2703,42.9482,10.03415,94817,True,55.18124,3
20260505-014600,-OrspOwy1h63H-2Izegi,2026-05-05 15:50:42+00:00,1777996242000,50636,27.27283,42.93125,10.03405,94817,True,56.29687,3
20260505-014600,-OrspRsiOPsbLQs4b4Z5,2026-05-05 15:50:54+00:00,1777996254000,50648,27.27283,42.90174,10.03412,94817,True,56.81547,3
20260505-014600,-OrspUoEtkqC6ytZrAf2,2026-05-05 15:51:06+00:00,1777996266000,50660,27.27537,42.88422,10.03418,94602,True,56.43095,3
20260505-014600,-OrspXjTHHdtU_l7wWW8,2026-05-05 15:51:18+00:00,1777996278000,50672,27.27537,42.88839,10.03429,95032,True,56.18871,3
20260505-014600,-Orsp_fEMMLTvj4Ne3Ir,2026-05-05 15:51:30+00:00,1777996290000,50684,27.27283,42.90483,10.03416,94709,True,56.37794,3
20260505-014600,-OrspcaUWthSrG1KYbmN,2026-05-05 15:51:42+00:00,1777996302000,50696,27.2779,42.96678,10.03424,94924,True,55.78798,3
20260505-014600,-OrspfWvmB62CQefTT3Q,2026-05-05 15:51:54+00:00,1777996314000,50708,27.27537,43.01457,10.03415,94924,True,54.86698,3
20260505-014600,-OrspiSGEuMo0SLhojl5,2026-05-05 15:52:06+00:00,1777996326000,50720,27.2703,42.99514,10.03426,95465,True,53.3753,3
20260505-014600,-OrsplOJ41645um7RL7G,2026-05-05 15:52:18+00:00,1777996338000,50732,27.27537,42.88095,10.03425,95465,True,52.90914,3
20260505-014600,-OrspoJPESTY6GNy0NW1,2026-05-05 15:52:30+00:00,1777996350000,50744,27.2779,42.86522,10.03428,95574,True,52.11868,3
20260505-014600,-OrsprErcn1-Z7KmTqip,2026-05-05 15:52:42+00:00,1777996362000,50756,27.27537,42.85601,10.03404,95683,True,51.73873,3
20260505-014600,-OrspuJy_Qa0C80W26wl,2026-05-05 15:52:54+00:00,1777996374000,50768,27.27537,42.7929,10.03425,95465,True,53.46796,3
20260505-014600,-Orspx6LgyvQvqM8p9h-,2026-05-05 15:53:06+00:00,1777996386000,50780,27.2779,42.78392,10.03417,94206,True,56.43638,3
20260505-014600,-Orsq-21fff2jjn5qPDy,2026-05-05 15:53:18+00:00,1777996398000,50792,27.28044,42.87043,10.03439,95574,True,55.14169,3
20260505-014600,-Orsq1y26ScgAdJVAhXs,2026-05-05 15:53:30+00:00,1777996410000,50804,27.2779,42.98829,10.03444,95574,True,55.08073,3
20260505-014600,-Orsq4tG4Wb_04r4zoKj,2026-05-05 15:53:42+00:00,1777996422000,50816,27.28044,43.05104,10.0343,95465,True,53.88952,3
20260505-014600,-Orsq7orUvFHMBzvDZY7,2026-05-05 15:53:54+00:00,1777996434000,50828,27.27283,43.04566,10.03435,95140,True,53.44722,3
20260505-014600,-OrsqAl_N_KeJER7Yt33,2026-05-05 15:54:06+00:00,1777996446000,50840,27.2779,43.02754,10.03426,95683,True,53.04841,3
20260505-014600,-OrsqDfyYiBnJkU1qFT-,2026-05-05 15:54:18+00:00,1777996458000,50852,27.27283,43.04417,10.03428,95140,True,52.76101,3
20260505-014600,-OrsqGbwiXHhi3L55jFv,2026-05-05 15:54:30+00:00,1777996470000,50864,27.27537,43.0728,10.03438,95465,True,52.62555,3
20260505-014600,-OrsqJXyPYy3V5hdqkNO,2026-05-05 15:54:42+00:00,1777996482000,50876,27.27283,43.10628,10.03414,95683,True,52.18035,3
20260505-014600,-OrsqMTHBbMb2i-EHVWr,2026-05-05 15:54:54+00:00,1777996494000,50888,27.27283,42.98106,10.03402,95356,True,53.45575,3
20260505-014600,-OrsqPP_b594ektFVxQn,2026-05-05 15:55:06+00:00,1777996506000,50900,27.27283,42.90969,10.03414,95574,True,53.25052,3
20260505-014600,-OrsqSLS92FMg94d8xKB,2026-05-05 15:55:18+00:00,1777996518000,50912,27.2779,42.88475,10.03426,95465,True,53.50217,3
20260505-014600,-OrsqVG3vVusuvDKkGn9,2026-05-05 15:55:30+00:00,1777996530000,50924,27.27283,42.84462,10.03421,95356,True,54.07997,3
20260505-014600,-OrsqYCTZUc7GjuWdonV,2026-05-05 15:55:42+00:00,1777996542000,50936,27.2779,42.84111,10.03435,95140,True,56.28102,3
20260505-014600,-Orsqa6mR5R2H9rHnqN1,2026-05-05 15:55:54+00:00,1777996554000,50948,27.27537,42.85067,10.03429,95574,True,53.18365,3
20260505-014600,-OrsqdAO_CzQE1Os4xAJ,2026-05-05 15:56:06+00:00,1777996566000,50960,27.26776,42.86456,10.03415,94472,True,54.45957,3
20260505-014600,-OrsqfzRcGCweHJEOgGh,2026-05-05 15:56:18+00:00,1777996578000,50972,27.27283,42.85686,10.03418,95465,True,55.33161,3
20260505-014600,-OrsqiuStJN4DTAs-O4a,2026-05-05 15:56:30+00:00,1777996590000,50984,27.27283,42.85301,10.03423,95683,True,52.89793,3
20260505-014600,-OrsqlqL1gqtRjpr_LId,2026-05-05 15:56:42+00:00,1777996602000,50996,27.26776,42.85742,10.03401,94579,True,56.72635,3
20260505-014600,-OrsqolQQ0ufKvkA5ZeP,2026-05-05 15:56:54+00:00,1777996614000,51008,27.26522,42.82748,10.03418,95248,True,54.11185,3
20260505-014600,-Orsqrgp_b--mJvvX6xm,2026-05-05 15:57:06+00:00,1777996626000,51020,27.2703,42.83167,10.03417,95465,True,54.50872,3
20260505-014600,-OrsqucHAoXuIRBEAHnd,2026-05-05 15:57:18+00:00,1777996638000,51032,27.26269,42.83892,10.034,94472,True,56.62354,3
20260505-014600,-OrsqxYsLG8kfYaXzQGC,2026-05-05 15:57:30+00:00,1777996650000,51044,27.26522,42.8044,10.03421,95683,True,54.62605,3
20260505-014600,-Orsr-U_jilOT-9VsiWq,2026-05-05 15:57:42+00:00,1777996662000,51056,27.27283,42.79092,10.03428,95683,True,53.29174,3
20260505-014600,-Orsr2PzC7x0ERyrww-s,2026-05-05 15:57:54+00:00,1777996674000,51068,27.26776,42.81124,10.0342,95683,True,55.9961,3
20260505-014600,-Orsr5LOLhLXd4sGVbqe,2026-05-05 15:58:06+00:00,1777996686000,51080,27.26776,42.82906,10.03415,94366,True,57.67881,3
20260505-014600,-Orsr8GoaAt7PUiKzSlo,2026-05-05 15:58:18+00:00,1777996698000,51092,27.26522,42.85527,10.03414,94954,True,55.87715,3
20260505-014600,-OrsrBDVqSUxnVbGe0Gz,2026-05-05 15:58:30+00:00,1777996710000,51104,27.26776,42.82033,10.03424,94259,True,58.26434,3
20260505-014600,-OrsrE84_mYW3ZcK2GgH,2026-05-05 15:58:42+00:00,1777996722000,51116,27.26776,42.80456,10.0345,94101,True,59.81064,3
20260505-014600,-OrsrH3NFmeqGAlXobmY,2026-05-05 15:58:54+00:00,1777996734000,51128,27.26522,42.82633,10.03439,94579,True,57.50556,3
20260505-014600,-OrsrJzn4Litr7K-dD9t,2026-05-05 15:59:06+00:00,1777996746000,51140,27.26269,42.87613,10.03447,95574,True,57.09161,3
20260505-014600,-OrsrNHud5qnTItbxS6I,2026-05-05 15:59:18+00:00,1777996758000,51152,27.2703,42.85014,10.03447,95574,True,56.80565,3
20260505-014600,-OrsrPrSvZ5FU8pIgvhu,2026-05-05 15:59:30+00:00,1777996770000,51164,27.26522,42.83609,10.03448,95683,True,56.31082,3
20260505-014600,-OrsrSmNmgcSEVcusJKs,2026-05-05 15:59:42+00:00,1777996782000,51176,27.26776,42.75734,10.03448,94686,True,58.39492,3
20260505-014600,-OrsrVhsMIv2UA2yaJgW,2026-05-05 15:59:54+00:00,1777996794000,51188,27.2703,42.77634,10.03449,94579,True,56.75585,3
20260505-014600,-OrsrYdX2Z95o-6axFe7,2026-05-05 16:00:06+00:00,1777996806000,51200,27.2703,42.93947,10.0347,94259,True,59.41846,3
20260505-014600,-OrsraZpdHo0ipuriKjP,2026-05-05 16:00:18+00:00,1777996818000,51212,27.27283,42.99978,10.03444,95574,True,57.62469,3
20260505-014600,-OrsrdVpAT97mWYSskHT,2026-05-05 16:00:30+00:00,1777996830000,51224,27.2703,42.94825,10.03479,94739,True,57.14965,3
20260505-014600,-OrsrgQeJasauZXchtrS,2026-05-05 16:00:42+00:00,1777996842000,51236,27.2703,42.91399,10.03449,95683,True,55.19856,3
20260505-014600,-OrsrjMbbuJYw1WDNDz-,2026-05-05 16:00:54+00:00,1777996854000,51248,27.26522,42.99865,10.0345,95574,True,55.50274,3
20260505-014600,-OrsrmHwtpnuvyitkrz5,2026-05-05 16:01:06+00:00,1777996866000,51260,27.26776,42.96759,10.03463,95116,True,57.15001,3
20260505-014600,-OrsrpDK_4B_0c3-LRCL,2026-05-05 16:01:18+00:00,1777996878000,51272,27.2779,42.86387,10.03482,94472,True,58.54986,3
20260505-014600,-Orsrs8Yiar1-h338fAZ,2026-05-05 16:01:30+00:00,1777996890000,51284,27.26522,42.91009,10.03486,94525,True,57.28025,3
20260505-014600,-Orsrv4AxSceDKXYlhDV,2026-05-05 16:01:42+00:00,1777996902000,51296,27.26776,42.9169,10.03487,93995,True,56.72652,3
20260505-014600,-Orsry0CaZ5i3tpL4f-X,2026-05-05 16:01:54+00:00,1777996914000,51308,27.26522,42.98245,10.03469,95683,True,55.7694,3
20260505-014600,-Orss-wJ-C_gy1-tVeJ_,2026-05-05 16:02:06+00:00,1777996926000,51320,27.26269,42.97252,10.03484,95356,True,54.81327,3
20260505-014600,-Orss2rsR7Vqy13MlWDU,2026-05-05 16:02:18+00:00,1777996938000,51332,27.25762,42.90911,10.03483,95356,True,53.68967,3
20260505-014600,-Orss60bLKpLPF64iM5z,2026-05-05 16:02:30+00:00,1777996950000,51344,27.26776,42.86678,10.03485,95140,True,53.78475,3
20260505-014600,-Orss8ifYDQvGflMg-Oi,2026-05-05 16:02:42+00:00,1777996962000,51356,27.26522,42.96909,10.03485,94924,True,56.47165,3
20260505-014600,-OrssBeAsO9NnL3hGzVR,2026-05-05 16:02:54+00:00,1777996974000,51368,27.26776,42.9818,10.03484,95248,True,54.13727,3
20260505-014600,-OrssEa-P1dJtEDc2N12,2026-05-05 16:03:06+00:00,1777996986000,51380,27.26776,43.03118,10.03485,95248,True,54.3252,3
20260505-014600,-OrssHWGSGAnzu26q0Vw,2026-05-05 16:03:18+00:00,1777996998000,51392,27.26776,42.99952,10.03475,95465,True,53.50537,3
20260505-014600,-OrssKRtq-JQOFGihYVU,2026-05-05 16:03:30+00:00,1777997010000,51404,27.27283,42.9525,10.03513,95356,True,52.49477,3
20260505-014600,-OrssNNf50CuMbD-gGv_,2026-05-05 16:03:42+00:00,1777997022000,51416,27.26776,42.90207,10.03498,95574,True,53.66867,3
20260505-014600,-OrssQIYxAzsqSrnN5gx,2026-05-05 16:03:54+00:00,1777997034000,51428,27.26522,42.92129,10.03485,95574,True,53.88861,3
20260505-014600,-OrssTER7SmqJ2iMbOrS,2026-05-05 16:04:06+00:00,1777997046000,51440,27.26522,42.98617,10.03506,95248,True,54.63159,3
20260505-014600,-OrssW9sH5cG-hx-dUL0,2026-05-05 16:04:18+00:00,1777997058000,51452,27.26776,42.997,10.03487,95140,True,53.52653,3
20260505-014600,-OrssZ5djpm-M7JzSJS6,2026-05-05 16:04:30+00:00,1777997070000,51464,27.26522,43.03783,10.03506,94101,True,56.66009,3
20260505-014600,-Orssb14_fZe3k-Qy2fX,2026-05-05 16:04:42+00:00,1777997082000,51476,27.26269,43.03803,10.03484,94259,True,55.71497,3
20260505-014600,-OrssdxH_nrYurzwFeR2,2026-05-05 16:04:54+00:00,1777997094000,51488,27.26522,42.96512,10.03508,95465,True,53.88055,3
20260505-014600,-Orssgsllx1edtyBNFXH,2026-05-05 16:05:06+00:00,1777997106000,51500,27.26776,42.90448,10.03517,94101,True,56.09111,3
20260505-014600,-OrssjocK8CXTQgpvhaC,2026-05-05 16:05:18+00:00,1777997118000,51512,27.26269,42.94927,10.03503,95683,True,53.08456,3
20260505-014600,-Orssmji6Xb8JEcOjFjX,2026-05-05 16:05:30+00:00,1777997130000,51524,27.26269,43.01397,10.03503,94101,True,55.21088,3
20260505-014600,-Orssplog5oORQcca6jO,2026-05-05 16:05:42+00:00,1777997142000,51536,27.26522,42.97391,10.03515,95465,True,52.97427,3
20260505-014600,-OrsssabS7pSjT4o_ePE,2026-05-05 16:05:54+00:00,1777997154000,51548,27.26522,42.99636,10.03509,95140,True,54.00181,3
20260505-014600,-OrssvXP876ypw7CPUtx,2026-05-05 16:06:06+00:00,1777997166000,51560,27.26016,43.05691,10.03494,94793,True,56.59376,3
20260505-014600,-OrssyT23ac2YtvQobXJ,2026-05-05 16:06:18+00:00,1777997178000,51572,27.26522,43.0693,10.03511,95574,True,52.73746,3
20260505-014600,-Orst0ONwl1hEvztpSPY,2026-05-05 16:06:30+00:00,1777997190000,51584,27.26269,43.07874,10.0351,94579,True,55.92347,3
20260505-014600,-Orst3O57844RFHiZjWS,2026-05-05 16:06:42+00:00,1777997202000,51596,27.25762,43.09509,10.03504,95356,True,54.31992,3
20260505-014600,-Orst6FTZBxyXluL3Bn7,2026-05-05 16:06:54+00:00,1777997214000,51608,27.25001,43.07256,10.03499,95356,True,53.84617,3
20260505-014600,-Orst9AgtQWzl_oDXBY_,2026-05-05 16:07:06+00:00,1777997226000,51620,27.26269,43.01148,10.03509,95032,True,53.2284,3
20260505-014600,-OrstC6LbC2FujurL-6i,2026-05-05 16:07:18+00:00,1777997238000,51632,27.26016,42.99147,10.03506,95574,True,52.45462,3
20260505-014600,-OrstF2BYEgQU6_EYEX9,2026-05-05 16:07:30+00:00,1777997250000,51644,27.26269,43.0055,10.03526,95032,True,53.21041,3
20260505-014600,-OrstHyExcfu6czASjUK,2026-05-05 16:07:42+00:00,1777997262000,51656,27.26016,42.99787,10.03514,94602,True,54.98347,3
20260505-014600,-OrstKtopwV1zbZTv82y,2026-05-05 16:07:54+00:00,1777997274000,51668,27.26776,43.00724,10.03536,94496,True,56.82867,3
20260505-014600,-OrstNpRk-r8Q-CYndb0,2026-05-05 16:08:06+00:00,1777997286000,51680,27.25508,43.07665,10.03504,95140,True,55.65884,3
20260505-014600,-OrstQktT23VfHtJme-U,2026-05-05 16:08:18+00:00,1777997298000,51692,27.26522,43.06649,10.03515,95140,True,53.39513,3
20260505-014600,-OrstTgc5ZcmMficj3-K,2026-05-05 16:08:30+00:00,1777997310000,51704,27.25762,43.06553,10.03509,95683,True,51.81572,3
20260505-014600,-OrstWbtsJobPQMTivU8,2026-05-05 16:08:42+00:00,1777997322000,51716,27.26269,43.09699,10.03507,95574,True,51.90654,3
20260505-014600,-OrstZrp4Y1iHENaIuiv,2026-05-05 16:08:54+00:00,1777997334000,51728,27.26016,43.16962,10.03521,95465,True,53.22161,3
20260505-014600,-OrstbTbbhSDj4r1jN1N,2026-05-05 16:09:06+00:00,1777997346000,51740,27.26016,43.16595,10.03505,95465,True,51.61133,3
20260505-014600,-OrsteQ8Ai02bzdyyHnm,2026-05-05 16:09:18+00:00,1777997358000,51752,27.26269,43.11013,10.03509,95574,True,51.3353,3
20260505-014600,-OrsthL6zt5owmxRDNqC,2026-05-05 16:09:30+00:00,1777997370000,51764,27.26016,43.07137,10.0351,95465,True,51.34429,3
20260505-014600,-OrstkGZbsVsV9gewDuv,2026-05-05 16:09:42+00:00,1777997382000,51775,27.3161,42.90183,10.03505,95574,True,51.10518,3
20260505-014600,-Orstn46LYI9TOvyeQ5b,2026-05-05 16:09:54+00:00,1777997394000,51787,27.23734,43.15578,10.03505,86942,True,101.53526,3
20260505-014600,-Orstq-sN5O0BlJHqWSs,2026-05-05 16:10:06+00:00,1777997406000,51799,27.24748,43.04194,10.03511,91203,True,88.0784,3
20260505-014600,-Orstt8nWLjG3dcxQoBt,2026-05-05 16:10:19+00:00,1777997419000,51812,27.30224,42.90213,10.03511,91602,True,83.97801,3
20260505-014600,-Orstw45VqSK7Ldya-O-,2026-05-05 16:10:31+00:00,1777997431000,51824,27.23226,43.26958,10.03516,84743,True,123.44695,3
20260505-014600,-Orstz-X13u3-0TNIZ0p,2026-05-05 16:10:43+00:00,1777997443000,51836,27.24241,43.11998,10.03522,90220,True,97.36829,3
20260505-014600,-Orsu0w9Hlhvwl0oQO5N,2026-05-05 16:10:55+00:00,1777997455000,51848,27.24748,43.01556,10.03507,92207,True,79.37042,3
20260505-014600,-Orsu3rpVUU63HMJeeaf,2026-05-05 16:11:07+00:00,1777997467000,51860,27.25001,42.93428,10.0351,93441,True,68.82512,3
20260505-014600,-Orsu6n8UZvH8IPDNRZc,2026-05-05 16:11:19+00:00,1777997479000,51872,27.24748,42.90899,10.03514,94389,True,63.79398,3
20260505-014600,-Orsu9i_VkEFkk3vb6CJ,2026-05-05 16:11:31+00:00,1777997491000,51884,27.25001,42.98812,10.03532,93546,True,62.19435,3
20260505-014600,-OrsuCe-shGm-PiFciYt,2026-05-05 16:11:43+00:00,1777997503000,51896,27.25001,43.00381,10.03522,92820,True,65.65514,3
20260505-014600,-Orsu_YrG78svw2tFU-c,2026-05-05 16:13:20+00:00,1777997600000,51993,27.17141,43.63649,10.03515,63051,True,270.70206,2
20260505-014600,-OrsucO6H-j0A836hzoC,2026-05-05 16:13:32+00:00,1777997612000,52005,27.20437,43.25193,10.03528,75160,True,221.17557,2
20260505-014600,-OrsufET2vJEpzTk-at4,2026-05-05 16:13:44+00:00,1777997624000,52017,27.21451,43.16023,10.03534,81685,True,164.83904,2
20260505-014600,-Orsui9tOdyLa1pcLFvF,2026-05-05 16:13:56+00:00,1777997636000,52029,27.22212,43.09449,10.03505,85260,True,128.76338,2
20260505-014600,-Orsul5i7HyHM4M_9qW2,2026-05-05 16:14:08+00:00,1777997648000,52041,27.22719,43.08982,10.03529,87946,True,107.05676,2
20260505-014600,-Orsuo0ha2TZM1urQb2W,2026-05-05 16:14:20+00:00,1777997660000,52053,27.2348,43.09076,10.03527,89449,True,95.00507,2
20260505-014600,-OrsuqxAmXrXaZhsXmVQ,2026-05-05 16:14:32+00:00,1777997672000,52065,27.24241,43.15035,10.03538,90026,True,87.54544,2
20260505-014600,-Orsutsl2JjD3fXpt2bM,2026-05-05 16:14:44+00:00,1777997684000,52077,27.23987,43.17941,10.0352,90513,True,82.42476,3
20260505-014600,-OrsuwxFkpQT1PyWd8JL,2026-05-05 16:14:56+00:00,1777997696000,52089,27.24241,43.14869,10.03531,91402,True,77.96033,3
20260505-014600,-OrsuzjiCtvYAv28kyWS,2026-05-05 16:15:08+00:00,1777997708000,52101,27.24494,43.11975,10.03533,92207,True,73.49603,3
20260505-014600,-Orsv1fQKJB28h33_BTx,2026-05-05 16:15:20+00:00,1777997720000,52113,27.24241,43.16841,10.03531,92207,True,70.3415,3
20260505-014600,-Orsv4ainzu2nmqTdMeF,2026-05-05 16:15:32+00:00,1777997732000,52125,27.24748,43.16403,10.03528,93337,True,66.34162,3
20260505-014600,-Orsv7X1BxwpAwwDfgXj,2026-05-05 16:15:44+00:00,1777997744000,52137,27.24748,43.10993,10.03537,93026,True,65.94118,3
20260505-014600,-OrsvATGGVioJeZDpzNn,2026-05-05 16:15:56+00:00,1777997756000,52149,27.24494,43.09816,10.03544,93130,True,64.624,3
20260505-014600,-OrsvDOMmwoMZginhzro,2026-05-05 16:16:08+00:00,1777997768000,52161,27.24494,43.13626,10.03547,93130,True,64.71098,3
20260505-014600,-OrsvGJk9hOro-TdeVFQ,2026-05-05 16:16:20+00:00,1777997780000,52173,27.25001,43.16054,10.03534,93441,True,63.10534,3
20260505-014600,-OrsvJFBNLlilICYPdN0,2026-05-05 16:16:32+00:00,1777997792000,52185,27.24748,43.14539,10.03539,94602,True,60.45214,3
20260505-014600,-OrsvMAfHFJYhI9uVY_Y,2026-05-05 16:16:44+00:00,1777997804000,52197,27.25001,43.06997,10.03562,94071,True,59.62817,3
20260505-014600,-OrsvP6Mqr8klZ16oIFp,2026-05-05 16:16:56+00:00,1777997816000,52209,27.25255,43.03336,10.03561,93546,True,62.32084,3
20260505-014600,-OrsvS1vfvGfuISFb2vg,2026-05-05 16:17:08+00:00,1777997828000,52221,27.25255,43.01792,10.03572,93546,True,63.5703,3
20260505-014600,-OrsvUyLP_EPQbYww-1n,2026-05-05 16:17:20+00:00,1777997840000,52233,27.25762,43.00708,10.03566,92512,True,66.78535,3
20260505-014600,-OrsvXtZKjAKPqsr10JA,2026-05-05 16:17:32+00:00,1777997852000,52245,27.25762,42.95654,10.03566,93546,True,65.60162,3
20260505-014600,-Orsv_pj7yjERnhaC1fH,2026-05-05 16:17:44+00:00,1777997864000,52257,27.26522,42.93032,10.03571,93650,True,63.32328,3
20260505-014600,-OrsvclZhl5gcDMdogX3,2026-05-05 16:17:56+00:00,1777997876000,52269,27.26016,43.00138,10.03579,94071,True,60.97732,3
20260505-014600,-OrsvgFB5zg4Y8ZJe_B7,2026-05-05 16:18:06+00:00,1777997886000,52280,27.30979,42.91065,10.03571,94177,True,60.44712,3
20260505-014600,-OrsviTvYXcx3bYnbms6,2026-05-05 16:18:19+00:00,1777997899000,52293,27.20944,43.50693,10.03583,81764,True,118.44151,3
20260505-014600,-OrsvlPq0c21_6OAwPOy,2026-05-05 16:18:31+00:00,1777997911000,52305,27.23734,43.15639,10.03584,88785,True,103.8108,3
20260505-014600,-OrsvoLIVFTSwbvE9Xtw,2026-05-05 16:18:43+00:00,1777997923000,52317,27.24494,43.09459,10.03572,91903,True,82.84352,3
20260505-014600,-OrsvrGVpeuEbhfsAozf,2026-05-05 16:18:55+00:00,1777997935000,52329,27.25001,43.0496,10.03582,93233,True,70.63908,3
20260505-014600,-OrsvuCFZ1oWH0P9C9_M,2026-05-05 16:19:07+00:00,1777997947000,52341,27.25508,42.95272,10.03586,93860,True,64.02493,3
20260505-014600,-Orsvx7lkmJCVuXUjhMI,2026-05-05 16:19:19+00:00,1777997959000,52353,27.25762,42.92162,10.03585,93860,True,60.91838,3
20260505-014600,-Orsw-3D0cTYF7P24Drj,2026-05-05 16:19:31+00:00,1777997971000,52365,27.25255,42.9484,10.03593,93546,True,61.22713,3
20260505-014600,-Orsw1zqfzAxC_9HnW2M,2026-05-05 16:19:43+00:00,1777997983000,52377,27.25255,42.93973,10.03591,93650,True,62.83789,3
20260505-014600,-Orsw4ukWlcHBda9DMN5,2026-05-05 16:19:55+00:00,1777997995000,52389,27.25001,42.95244,10.03573,93650,True,62.35446,3
20260505-014600,-Orsw7qLY-UaTaSKUKGt,2026-05-05 16:20:07+00:00,1777998007000,52401,27.25762,42.96787,10.03597,93965,True,61.86716,3
20260505-014600,-OrswAlwOcnI5tDYN7l_,2026-05-05 16:20:19+00:00,1777998019000,52413,27.25508,42.98921,10.03588,94283,True,59.51042,3
20260505-014600,-OrswDhlgWKXtNs4OqvZ,2026-05-05 16:20:31+00:00,1777998031000,52425,27.25762,42.94481,10.03594,94709,True,59.00703,3
20260505-014600,-OrswGcvj_dVT7q4VDWL,2026-05-05 16:20:43+00:00,1777998043000,52437,27.26016,42.91187,10.03593,94709,True,57.48056,3
20260505-014600,-OrswJZQjHONPJKWDz9N,2026-05-05 16:20:55+00:00,1777998055000,52449,27.25508,42.89706,10.03599,94817,True,56.31765,3
20260505-014600,-OrswMrnK3_Rke5ZGc4y,2026-05-05 16:21:07+00:00,1777998067000,52461,27.25762,42.88143,10.03587,95032,True,56.28308,3
20260505-014600,-OrswPQWRD0XNkzQbBeX,2026-05-05 16:21:19+00:00,1777998079000,52473,27.26269,42.99718,10.03591,94817,True,56.02423,3
20260505-014600,-OrswSM-XMRevZGbh1Wi,2026-05-05 16:21:31+00:00,1777998091000,52485,27.26522,43.02347,10.03604,95140,True,56.0971,3
20260505-014600,-OrswVHQs7Zwgg_7EiR6,2026-05-05 16:21:43+00:00,1777998103000,52497,27.26016,42.97926,10.03601,94924,True,55.09806,3
20260505-014600,-OrswYCubMrmJlBXI7WT,2026-05-05 16:21:55+00:00,1777998115000,52509,27.26269,42.95455,10.03604,95140,True,55.06828,3
20260505-014600,-Orswa8KrfJJSjV-rTcg,2026-05-05 16:22:07+00:00,1777998127000,52521,27.25508,42.97841,10.03585,94709,True,54.99312,3
20260505-014600,-Orswd3r-AW7dlnFxWBG,2026-05-05 16:22:19+00:00,1777998139000,52533,27.25762,42.96988,10.03583,95140,True,55.39227,3
20260505-014600,-Orswg-YHNoeqJDx0Url,2026-05-05 16:22:31+00:00,1777998151000,52545,27.26269,43.00294,10.03602,94602,True,56.87521,3
20260505-014600,-Orswiw51vMmJf22bmrV,2026-05-05 16:22:43+00:00,1777998163000,52557,27.25508,43.08294,10.03595,95356,True,55.45588,3
20260505-014600,-OrswlrMGpbSxLmUbH4n,2026-05-05 16:22:55+00:00,1777998175000,52569,27.25508,43.08792,10.03602,95574,True,53.14622,3
20260505-014600,-OrswomyU4jFM-eLJmvq,2026-05-05 16:23:07+00:00,1777998187000,52581,27.25762,42.98305,10.03589,95683,True,51.51827,3
20260505-014600,-OrswriVtngDztQacbww,2026-05-05 16:23:19+00:00,1777998199000,52593,27.26269,42.92899,10.03598,94154,True,55.15324,3
20260505-014600,-OrswuduHqN-yfkbFPJe,2026-05-05 16:23:31+00:00,1777998211000,52605,27.26522,42.96934,10.03597,95574,True,53.50957,3
20260505-014600,-Orswx_Ydf4mVyy76GQN,2026-05-05 16:23:43+00:00,1777998223000,52617,27.25762,43.00241,10.03583,95465,True,53.54177,3
20260505-014600,-Orsx-VuB0pkvfFJjR2q,2026-05-05 16:23:55+00:00,1777998235000,52629,27.26522,42.97054,10.03625,95574,True,53.43147,3
20260505-014600,-Orsx2RJWHzrbp19up_0,2026-05-05 16:24:07+00:00,1777998247000,52641,27.26269,42.96806,10.03616,94154,True,54.42403,3
20260505-014600,-Orsx8H72iEorMyqmqqL,2026-05-05 16:24:19+00:00,1777998259000,52653,27.26269,42.93311,10.03623,95465,True,53.92165,3
20260505-014600,-Orsx922HEk5UcYajiL3,2026-05-05 16:24:34+00:00,1777998274000,52668,27.31907,42.79134,10.03602,95356,True,53.51715,3
20260505-014600,-OrsxByVnq-2YUF_EuQW,2026-05-05 16:24:46+00:00,1777998286000,52680,27.2348,43.22507,10.03629,85697,True,114.20736,3
20260505-014600,-OrsxEuAjB-de3PMzmgf,2026-05-05 16:24:58+00:00,1777998298000,52692,27.24494,43.09,10.03612,90123,True,95.52728,3
20260505-014600,-OrsxHpSIsWozeO11WHn,2026-05-05 16:25:10+00:00,1777998310000,52704,27.25001,43.04897,10.03629,92207,True,78.3889,3
20260505-014600,-OrsxKkoQgHcNIMlvwId,2026-05-05 16:25:22+00:00,1777998322000,52716,27.25255,43.04745,10.03631,93441,True,69.08416,3
20260505-014600,-OrsxNoCF8EgUnHDiXB1,2026-05-05 16:25:34+00:00,1777998334000,52728,27.25255,43.05634,10.03605,93337,True,66.97744,3
20260505-014600,-OrsxQc5LehiutJw9LNj,2026-05-05 16:25:46+00:00,1777998346000,52740,27.25001,43.07617,10.03601,93441,True,64.93813,3
20260505-014600,-OrsxTYIC0IC7ShE-HNL,2026-05-05 16:25:58+00:00,1777998358000,52752,27.26269,42.98503,10.03637,93650,True,62.12764,3
20260505-014600,-OrsxWTlqGTTr7qkTOIP,2026-05-05 16:26:10+00:00,1777998370000,52764,27.25508,42.99697,10.03616,94709,True,58.74852,3
20260505-014600,-OrsxZP_E0onlf4WzYjo,2026-05-05 16:26:22+00:00,1777998382000,52776,27.26269,42.93058,10.03607,94496,True,56.33445,3
20260505-014600,-OrsxbKsAuKYMjCMx6IB,2026-05-05 16:26:34+00:00,1777998394000,52788,27.25255,42.95619,10.03614,94389,True,56.73363,3
20260505-014600,-OrsxeGKlw1xWbH86KKz,2026-05-05 16:26:46+00:00,1777998406000,52800,27.25762,42.91844,10.03625,94709,True,56.67031,3
20260505-014600,-OrsxhBo5GXkP2HTr9Ef,2026-05-05 16:26:58+00:00,1777998418000,52812,27.26269,42.91498,10.03623,94709,True,56.18297,3
20260505-014600,-Orsxk7SkrLdJ6ND1sLP,2026-05-05 16:27:10+00:00,1777998430000,52824,27.25508,42.90786,10.03621,95248,True,55.8433,3
20260505-014600,-OrsxnBqhOIpVFE8OmQe,2026-05-05 16:27:22+00:00,1777998442000,52836,27.26016,42.89285,10.0363,95140,True,54.45884,3
20260505-014600,-OrsxpzTSHn3RBvdc0Er,2026-05-05 16:27:34+00:00,1777998454000,52848,27.25508,42.90501,10.03616,94817,True,55.31713,3
20260505-014600,-Orsxsuz9k7CYab39Ydt,2026-05-05 16:27:46+00:00,1777998466000,52860,27.26269,42.89355,10.03619,94602,True,55.92923,3
20260505-014600,-OrsxvvG5XAuZ0VwB9DK,2026-05-05 16:27:59+00:00,1777998479000,52872,27.2348,43.14156,10.03631,89833,True,73.90709,3
20260505-014600,-OrsxyqZHbmHrV2wBtQr,2026-05-05 16:28:11+00:00,1777998491000,52884,27.25001,42.97261,10.0361,93026,True,71.64198,3
20260505-014600,-Orsy0mAM5XIwuojZ7hg,2026-05-05 16:28:23+00:00,1777998503000,52896,27.26016,42.97173,10.03637,93965,True,65.76714,3
20260505-014600,-Orsy3ho0oN_flnmpS6j,2026-05-05 16:28:35+00:00,1777998515000,52908,27.25508,42.99643,10.03611,94496,True,61.51254,3
20260505-014600,-Orsy6dSxRaBUZUZEHtT,2026-05-05 16:28:47+00:00,1777998527000,52920,27.26016,43.04153,10.0364,94496,True,58.66125,3
20260505-014600,-Orsy9xTPFBs11Q7MacB,2026-05-05 16:29:00+00:00,1777998540000,52933,27.31252,42.9099,10.03629,95032,True,57.35613,3
20260505-014600,-OrsyCk1bqjIHz22JFkB,2026-05-05 16:29:12+00:00,1777998552000,52945,27.22719,43.21132,10.03612,87032,True,106.03779,3
20260505-014600,-OrsyFgcKvVRxWGinqGI,2026-05-05 16:29:24+00:00,1777998564000,52957,27.24241,43.06726,10.03626,91402,True,86.95047,3
20260505-014600,-OrsyIbEh-T9pSGaaCv2,2026-05-05 16:29:36+00:00,1777998576000,52969,27.24494,43.03483,10.03614,92820,True,72.70454,3
20260505-014600,-OrsyLXlPMyv6Sfl-Br0,2026-05-05 16:29:48+00:00,1777998588000,52981,27.25255,42.98173,10.03616,93546,True,65.68036,3
20260505-014600,-OrsyOTK96QULjGH5OR0,2026-05-05 16:30:00+00:00,1777998600000,52993,27.24748,42.97779,10.03622,94071,True,61.66754,3
20260505-014600,-OrsyROecY6YqJFsMP_c,2026-05-05 16:30:12+00:00,1777998612000,53005,27.25255,42.95494,10.0363,93755,True,61.23941,3
20260505-014600,-OrsyXr02V0BA9MrUs3X,2026-05-05 16:30:24+00:00,1777998624000,53017,27.25508,42.97148,10.03634,94602,True,59.7969,3
20260505-014600,-OrsyYcJdCa4SmE8EShd,2026-05-05 16:30:41+00:00,1777998641000,53035,27.30265,42.85988,10.03614,94071,True,59.91601,3
20260505-014600,-OrsyaZQV4XcgEZW9enD,2026-05-05 16:30:53+00:00,1777998653000,53047,27.21959,43.22907,10.03631,83227,True,129.69302,3
20260505-014600,-OrsydUckdzqR9wwZxXe,2026-05-05 16:31:05+00:00,1777998665000,53059,27.23734,43.03903,10.03632,88974,True,105.78937,3
20260505-014600,-OrsygPqpjEW1OgHzk33,2026-05-05 16:31:17+00:00,1777998677000,53071,27.23734,43.02987,10.03623,91502,True,85.37683,3
20260505-014600,-OrsyjLLVWEoJ7dxkFLe,2026-05-05 16:31:29+00:00,1777998689000,53083,27.25255,43.03017,10.03647,92615,True,73.34258,3
20260505-014600,-OrsymGhWGfuTZVTjkhz,2026-05-05 16:31:41+00:00,1777998701000,53095,27.24241,43.10369,10.03599,93026,True,67.66483,3
20260505-014600,-OrsypC_RivdrJEw27Go,2026-05-05 16:31:53+00:00,1777998713000,53107,27.24748,43.10113,10.03632,93441,True,64.98843,3
20260505-014600,-Orsys7cC26yCv69C-9t,2026-05-05 16:32:05+00:00,1777998725000,53119,27.24494,43.1384,10.03625,93650,True,62.04246,3
20260505-014600,-Orsyv3PIFd6CI3bcQ0_,2026-05-05 16:32:17+00:00,1777998737000,53131,27.24494,43.13344,10.03605,94283,True,59.39905,3
20260505-014600,-OrsyxzuBiLarmRS-8_W,2026-05-05 16:32:29+00:00,1777998749000,53143,27.24748,43.13182,10.03623,95140,True,56.64523,3
20260505-014600,-Orsz-vUFxziXUuQ6Vir,2026-05-05 16:32:41+00:00,1777998761000,53155,27.25001,43.14592,10.03603,94389,True,55.90202,3
20260505-014600,-Orsz2rtl0TODCLbfaA-,2026-05-05 16:32:53+00:00,1777998773000,53167,27.24748,43.14347,10.03592,94924,True,55.18178,3
20260505-014600,-Orsz5mP_vwGChnDflgi,2026-05-05 16:33:05+00:00,1777998785000,53179,27.25255,43.10235,10.03591,94817,True,54.36933,3
20260505-014600,-Orsz8ho2nM2bqMdeUMB,2026-05-05 16:33:17+00:00,1777998797000,53191,27.25001,43.04238,10.03601,94817,True,53.685,3
20260505-014600,-OrszEWA4StSEP_bsgie,2026-05-05 16:33:29+00:00,1777998809000,53203,27.25508,42.93781,10.03606,95356,True,52.62981,3
20260505-014600,-OrszFjFzPYiKqG2Bjef,2026-05-05 16:33:46+00:00,1777998826000,53220,27.30987,42.79967,10.03602,95356,True,52.41074,3
20260505-014600,-OrszIfAYVLY3AtHZjiC,2026-05-05 16:33:58+00:00,1777998838000,53232,27.21959,43.21091,10.0361,84147,True,121.64236,3
20260505-014600,-OrszLaO71vi52RdsPES,2026-05-05 16:34:10+00:00,1777998850000,53244,27.2348,43.02077,10.03589,89449,True,101.88005,3
20260505-014600,-OrszOaut-S_4tTWUra_,2026-05-05 16:34:22+00:00,1777998862000,53256,27.2348,43.01894,10.03605,91203,True,84.26845,3
20260505-014600,-OrszRYDbgVl7bYlIpR1,2026-05-05 16:34:34+00:00,1777998874000,53268,27.24241,43.00064,10.03583,92004,True,75.44639,3
20260505-014600,-OrszUOo4KCyFMjpLuTq,2026-05-05 16:34:46+00:00,1777998886000,53280,27.23987,43.02445,10.03602,92615,True,70.77727,3
20260505-014600,-OrszXJEVzpPPkQRYxS5,2026-05-05 16:34:58+00:00,1777998898000,53292,27.23987,43.04349,10.03595,93441,True,65.05283,3
20260505-014600,-Orsz_LRp_0mH90MfjHm,2026-05-05 16:35:10+00:00,1777998910000,53304,27.22212,43.26194,10.03605,88598,True,81.5072,3
20260505-014600,-OrszcTOdPr7TUBaR8qo,2026-05-05 16:35:23+00:00,1777998923000,53317,27.14859,43.68179,10.03588,80045,True,103.99308,3
20260505-014600,-OrszfOVHi70VX3rvQ0s,2026-05-05 16:35:35+00:00,1777998935000,53329,27.23226,43.12328,10.03601,89069,True,104.04042,3
20260505-014600,-OrsziJyRkuj1jdv9CY3,2026-05-05 16:35:47+00:00,1777998947000,53341,27.23734,43.06768,10.03607,91602,True,85.55563,3
20260505-014600,-OrszmLUs_1XHI_I6Pl1,2026-05-05 16:35:59+00:00,1777998959000,53353,27.2348,43.03249,10.03578,93130,True,72.24715,3
20260505-014600,-OrsznqFCQy_in6gq-vi,2026-05-05 16:36:10+00:00,1777998970000,53363,27.16887,43.49476,10.03589,85087,True,84.4782,3
20260505-014600,-OrszqlpMapDnVS4casc,2026-05-05 16:36:22+00:00,1777998982000,53375,27.23734,43.03035,10.03584,90317,True,87.27689,3
20260505-014600,-OrsztnHzOnvRF5jMqG_,2026-05-05 16:36:34+00:00,1777998994000,53387,27.24494,42.96135,10.036,92923,True,74.03558,3
20260505-014600,-OrszwdA3HgtIH9GkGel,2026-05-05 16:36:46+00:00,1777999006000,53399,27.24748,42.93425,10.03601,93650,True,67.01311,3
20260505-014600,-OrszzZ5ltX55L2z7-Kx,2026-05-05 16:36:58+00:00,1777999018000,53411,27.24494,42.90711,10.03581,93650,True,63.19761,3
20260505-014600,-Ort-1Uv94IeUNjtWNW1,2026-05-05 16:37:10+00:00,1777999030000,53423,27.25001,42.87293,10.03603,93441,True,62.66243,3
20260505-014600,-Ort-4QQh9yvfwzqJGYZ,2026-05-05 16:37:22+00:00,1777999042000,53435,27.25255,42.89477,10.03598,94496,True,61.47874,3
20260505-014600,-Ort-7LW68TpYLCYnc2M,2026-05-05 16:37:34+00:00,1777999054000,53447,27.24748,42.98425,10.03595,94071,True,60.75419,3
20260505-014600,-Ort-AHaaRqWncoPodGn,2026-05-05 16:37:46+00:00,1777999066000,53459,27.24494,42.94925,10.03607,94496,True,57.82822,3
20260505-014600,-Ort-DD0_53qifZwuNIl,2026-05-05 16:37:58+00:00,1777999078000,53471,27.25255,42.89463,10.03617,94389,True,57.22021,3
20260505-014600,-Ort-G88iH6-CNO_4Z_H,2026-05-05 16:38:10+00:00,1777999090000,53483,27.26016,42.89536,10.03617,94709,True,56.0682,3
20260505-014600,-Ort-J40p84WM4urxmu2,2026-05-05 16:38:22+00:00,1777999102000,53495,27.25508,42.97718,10.03627,94817,True,55.93523,3
20260505-014600,-Ort-M-Pzf0awGpL-E8K,2026-05-05 16:38:34+00:00,1777999114000,53507,27.25508,43.03688,10.03606,94817,True,55.7256,3
20260505-014600,-Ort-OwJPLJyzn_P25_C,2026-05-05 16:38:46+00:00,1777999126000,53519,27.25508,43.02541,10.03616,95032,True,53.84417,3
20260505-014600,-Ort-RtRjAtAweHAVjo_,2026-05-05 16:38:58+00:00,1777999138000,53531,27.25762,43.03223,10.0362,94154,True,55.6354,3
20260505-014600,-Ort-UmQ-KNfg_L1jPhs,2026-05-05 16:39:10+00:00,1777999150000,53543,27.25001,43.04562,10.03594,94709,True,55.74989,3
20260505-014600,-Ort-XhzwMP3hqgkmWl0,2026-05-05 16:39:22+00:00,1777999162000,53555,27.24748,43.05061,10.03592,94924,True,56.62741,3
20260505-014600,-Ort-_dacDniDsOV7-qX,2026-05-05 16:39:34+00:00,1777999174000,53567,27.25255,42.96851,10.03602,94177,True,58.30093,3
20260505-014600,-Ort-emwj1v4yjyHs1k5,2026-05-05 16:39:46+00:00,1777999186000,53579,27.25508,42.90623,10.03606,94496,True,57.90662,3
20260505-014600,-Ort-fYa2lPkDU1WVsMG,2026-05-05 16:39:58+00:00,1777999198000,53592,27.30668,42.77534,10.03614,94071,True,58.67387,3
20260505-014600,-Ort-iUZGfHhD0d_eUnF,2026-05-05 16:40:10+00:00,1777999210000,53604,27.22719,43.1385,10.03607,87214,True,105.1745,3
20260505-014600,-Ort-lPjxYdfmS9af15y,2026-05-05 16:40:22+00:00,1777999222000,53616,27.2348,42.99978,10.03606,91602,True,87.54166,3
20260505-014600,-Ort-oLYxWau9uJCLxaA,2026-05-05 16:40:34+00:00,1777999234000,53628,27.24241,42.92294,10.03617,93130,True,73.13227,3
20260505-014600,-Ort-rGec6n2uuHBL-e-,2026-05-05 16:40:46+00:00,1777999246000,53640,27.24241,42.95291,10.03606,93650,True,65.90353,3
20260505-014600,-Ort-uC2QHdfSGYpQcY0,2026-05-05 16:40:58+00:00,1777999258000,53652,27.23987,42.98934,10.03601,93755,True,62.74336,3
20260505-014600,-Ort-x7_CR2ab_WwS-4j,2026-05-05 16:41:10+00:00,1777999270000,53664,27.24748,42.98598,10.03604,93965,True,62.58169,3
20260505-014600,-Ort0-3L8cIPggMwr_wT,2026-05-05 16:41:22+00:00,1777999282000,53676,27.24494,42.96374,10.03607,94177,True,60.46157,3
20260505-014600,-Ort02-BHPtEeV-pSEQB,2026-05-05 16:41:34+00:00,1777999294000,53688,27.25001,42.92995,10.03631,94071,True,60.28566,3
20260505-014600,-Ort04vZNg2lTX1S1UPc,2026-05-05 16:41:46+00:00,1777999306000,53700,27.25001,42.96296,10.03615,94283,True,59.03693,3
20260505-014600,-Ort07q_Lh7fPoDufaoz,2026-05-05 16:41:58+00:00,1777999318000,53712,27.24748,42.99738,10.03611,94496,True,57.93954,3
20260505-014600,-Ort0Am3zbV6gYPcM6X6,2026-05-05 16:42:10+00:00,1777999330000,53724,27.25001,42.99536,10.03611,94924,True,55.57121,3
20260505-014600,-Ort0Dhg4MxNGYiN7y8D,2026-05-05 16:42:22+00:00,1777999342000,53736,27.25255,42.99196,10.03631,95140,True,54.37355,3
20260505-014600,-Ort0Gd0UQvotaFdAaa3,2026-05-05 16:42:34+00:00,1777999354000,53748,27.24748,42.98546,10.03618,95574,True,54.38485,3
20260505-014600,-Ort0KQkshxsAdIz2fCG,2026-05-05 16:42:46+00:00,1777999366000,53760,27.25255,43.00754,10.03638,95683,True,52.46358,3
20260505-014600,-Ort0MjXskArffVJfwy5,2026-05-05 16:42:59+00:00,1777999379000,53773,27.22466,43.31024,10.03627,88785,True,76.01982,3
20260505-014600,-Ort0PfWX9K1Nr_tuk43,2026-05-05 16:43:11+00:00,1777999391000,53785,27.24241,43.0782,10.03631,92615,True,72.994,3
20260505-014600,-Ort0SabD1ywPc5tq4sT,2026-05-05 16:43:23+00:00,1777999403000,53797,27.24241,43.10101,10.03631,94071,True,64.69432,3
20260505-014600,-Ort0VWq9yJBvAefOi36,2026-05-05 16:43:35+00:00,1777999415000,53809,27.24241,43.13327,10.03638,94071,True,61.21069,3
20260505-014600,-Ort0YSLDlcnNX3ap8ln,2026-05-05 16:43:47+00:00,1777999427000,53821,27.24748,43.08888,10.03645,94709,True,58.2378,3
20260505-014600,-Ort0aOKy8H4QWOx-8yd,2026-05-05 16:43:59+00:00,1777999439000,53833,27.25001,43.06664,10.03645,95683,True,53.86823,3
20260505-014600,-Ort0dJ_jBOAD8GtLONs,2026-05-05 16:44:11+00:00,1777999451000,53845,27.24748,43.02077,10.03641,94602,True,55.28738,3
20260505-014600,-Ort0gF69wokjtdCygt7,2026-05-05 16:44:23+00:00,1777999463000,53857,27.24748,43.00357,10.03639,94924,True,54.72372,3
20260505-014600,-Ort0jAfY0wd06Ccoyv9,2026-05-05 16:44:35+00:00,1777999475000,53869,27.24494,42.98655,10.0363,94817,True,55.33863,3
20260505-014600,-Ort0m5q673N84X3E9yC,2026-05-05 16:44:47+00:00,1777999487000,53881,27.24494,43.00513,10.03632,94817,True,55.70897,3
20260505-014600,-Ort0p1WkePHijETx6A9,2026-05-05 16:44:59+00:00,1777999499000,53893,27.24494,43.05606,10.0364,94709,True,55.24796,3
20260505-014600,-Ort0ry4KPt0YPmCEl8f,2026-05-05 16:45:11+00:00,1777999511000,53905,27.25001,43.05511,10.03657,95140,True,54.86696,3
20260505-014600,-Ort0uta42bUU_iO4D-e,2026-05-05 16:45:23+00:00,1777999523000,53917,27.24748,43.07013,10.03648,95356,True,52.68179,3
20260505-014600,-Ort0xoz4btl7mog8lcj,2026-05-05 16:45:35+00:00,1777999535000,53929,27.24748,43.04685,10.03655,95683,True,53.84968,3
20260505-014600,-Ort10GJN6FhYlokkuS5,2026-05-05 16:45:47+00:00,1777999547000,53941,27.24494,43.05048,10.03662,94472,True,55.42878,3
20260505-014600,-Ort12fxE0kvEVWVVkWo,2026-05-05 16:45:59+00:00,1777999559000,53953,27.24494,43.02161,10.03676,95465,True,54.71745,3
20260505-014600,-Ort15bhq1KcwWf4G-Te,2026-05-05 16:46:11+00:00,1777999571000,53965,27.25001,43.02491,10.03684,95356,True,53.28302,3
20260505-014600,-Ort18Xujs8UqYyOKKOE,2026-05-05 16:46:23+00:00,1777999583000,53977,27.24494,43.02688,10.03688,94496,True,55.18535,3
20260505-014600,-Ort1BTSWHSyORpMS6dH,2026-05-05 16:46:35+00:00,1777999595000,53989,27.24241,43.02674,10.03678,94817,True,55.29151,3
20260505-014600,-Ort1EP3mci1qtHHLsRi,2026-05-05 16:46:47+00:00,1777999607000,54001,27.24494,43.03212,10.03681,94709,True,55.6535,3
20260505-014600,-Ort1HKM9dwRxgSakTZw,2026-05-05 16:46:59+00:00,1777999619000,54013,27.24494,43.01541,10.03693,95574,True,53.64991,3
20260505-014600,-Ort1KFsHblZ3jw7HE0Y,2026-05-05 16:47:11+00:00,1777999631000,54025,27.23987,42.9622,10.0368,95465,True,53.44318,3
20260505-014600,-Ort1NB_xSKPFt2a-En2,2026-05-05 16:47:23+00:00,1777999643000,54037,27.25255,43.00887,10.03703,95356,True,52.84401,3
20260505-014600,-Ort1Q6pZLlla961fLPx,2026-05-05 16:47:35+00:00,1777999655000,54049,27.25001,43.01267,10.03689,95465,True,53.52752,3
20260505-014600,-Ort1T2XtCwWnHSaHC7O,2026-05-05 16:47:47+00:00,1777999667000,54061,27.25508,42.95741,10.03713,95683,True,51.67678,3
20260505-014600,-Ort1VyqgIdzwnYaOC9C,2026-05-05 16:47:59+00:00,1777999679000,54073,27.25762,42.96815,10.03719,95356,True,51.87233,3
20260505-014600,-Ort1YuLtviBRJY31GMW,2026-05-05 16:48:11+00:00,1777999691000,54085,27.24748,42.98219,10.0371,94924,True,53.34751,3
20260505-014600,-Ort1aq9ujlOvrN3VRI6,2026-05-05 16:48:23+00:00,1777999703000,54097,27.25255,42.92785,10.03711,95140,True,54.12567,3
20260505-014600,-Ort1dlOkSQqWd0eS6mf,2026-05-05 16:48:35+00:00,1777999715000,54109,27.25001,42.95553,10.0372,94496,True,56.16183,3
20260505-014600,-Ort1ggpBKQdanupV5Me,2026-05-05 16:48:47+00:00,1777999727000,54121,27.24494,42.99072,10.037,95248,True,56.08424,3
20260505-014600,-Ort1jrZiBpT6ujBSEVl,2026-05-05 16:48:59+00:00,1777999739000,54133,27.25255,42.97393,10.03709,94602,True,56.72963,3
20260505-014600,-Ort1mYjWRnlAB99Ti6Q,2026-05-05 16:49:11+00:00,1777999751000,54145,27.25255,42.95901,10.03712,94924,True,56.23202,3
20260505-014600,-Ort1pUh6Y4n3dr6RMx3,2026-05-05 16:49:23+00:00,1777999763000,54157,27.25508,43.08282,10.03722,95248,True,54.92694,3
20260505-014600,-Ort1sQ-OMgLnebQ9gIv,2026-05-05 16:49:35+00:00,1777999775000,54169,27.24241,43.13395,10.03701,95356,True,53.05389,3
20260505-014600,-Ort1vLMaGNJHD27zmwv,2026-05-05 16:49:47+00:00,1777999787000,54181,27.24494,43.13453,10.03716,95248,True,53.63782,3
20260505-014600,-Ort1yHMO-Sn33sKPlLC,2026-05-05 16:49:59+00:00,1777999799000,54193,27.24241,43.15508,10.0371,95574,True,52.49643,3
20260505-014600,-Ort20ClavORBclGpu11,2026-05-05 16:50:11+00:00,1777999811000,54205,27.25001,43.19869,10.03731,94366,True,53.41154,3
20260505-014600,-Ort237q7pzeomxhjntC,2026-05-05 16:50:23+00:00,1777999823000,54217,27.24748,43.15628,10.03717,95356,True,53.89192,3
20260505-014600,-Ort263cr6kU5uK8HQHQ,2026-05-05 16:50:35+00:00,1777999835000,54229,27.23734,43.12207,10.03702,94709,True,52.60763,3
20260505-014600,-Ort29-6kGosXTzSS8eo,2026-05-05 16:50:47+00:00,1777999847000,54241,27.24748,43.07183,10.03731,94472,True,54.46422,3
20260505-014600,-Ort2BvLEMTNAnfX8OQR,2026-05-05 16:50:59+00:00,1777999859000,54253,27.24748,43.08562,10.03725,94579,True,53.95304,3
20260505-014600,-Ort2ErQXT4hlPZEIqH2,2026-05-05 16:51:11+00:00,1777999871000,54265,27.23987,43.11733,10.03706,95356,True,53.06669,3
20260505-014600,-Ort2Hn0p1nFiwRZVCiM,2026-05-05 16:51:23+00:00,1777999883000,54277,27.25001,43.08035,10.0372,95574,True,51.12775,3
20260505-014600,-Ort2KhxkT8VPFBtFsvc,2026-05-05 16:51:35+00:00,1777999895000,54289,27.24494,43.12262,10.03712,95574,True,50.8003,3
20260505-014600,-Ort2NdP7KSde8bqITUM,2026-05-05 16:51:47+00:00,1777999907000,54301,27.24241,43.14937,10.03717,94259,True,53.09455,3
20260505-014600,-Ort2Q6pZ4cwst7Rsxh6,2026-05-05 16:51:57+00:00,1777999917000,54311,27.17394,43.62163,10.03725,87762,True,67.21989,3
20260505-014600,-Ort2Sx4EGPdJAikaiv1,2026-05-05 16:52:08+00:00,1777999928000,54322,27.15619,43.69984,10.03742,82165,True,93.39743,3
20260505-014600,-Ort2VijbT0Wf4v16FqT,2026-05-05 16:52:20+00:00,1777999940000,54334,27.22466,43.09711,10.03715,90220,True,93.30016,3
20260505-014600,-Ort2Yel3iN1vGQbCYYp,2026-05-05 16:52:32+00:00,1777999952000,54346,27.23226,43.06154,10.03718,93026,True,74.96006,3
20260505-014600,-Ort2aaDs-UUVZC1Pw1Z,2026-05-05 16:52:44+00:00,1777999964000,54358,27.23226,43.10388,10.03743,94817,True,62.77314,3
20260505-014600,-Ort2dWdP39k57OtdBgc,2026-05-05 16:52:56+00:00,1777999976000,54370,27.23734,43.14939,10.03744,94709,True,56.62531,3
20260505-014600,-Ort2gRxR9T0_sAlHOKz,2026-05-05 16:53:08+00:00,1777999988000,54382,27.22973,43.21193,10.03734,95140,True,54.44305,3
20260505-014600,-Ort2jPW9B4O2JRK9raW,2026-05-05 16:53:20+00:00,1778000000000,54394,27.23987,43.18949,10.03738,95140,True,53.31958,3
20260505-014600,-Ort2mJ2UgZLCrWeSHta,2026-05-05 16:53:32+00:00,1778000012000,54406,27.23734,43.1625,10.03721,94709,True,53.58903,3
20260505-014600,-Ort2pFYKkWw4E7RE5Sl,2026-05-05 16:53:44+00:00,1778000024000,54418,27.24241,43.14588,10.03749,95140,True,53.15676,3
20260505-014600,-Ort2s9xPhApRl-pFOS0,2026-05-05 16:53:56+00:00,1778000036000,54430,27.23734,43.15419,10.0373,94709,True,53.30823,3
20260505-014600,-Ort2v5s9JoZgGL6JdGS,2026-05-05 16:54:08+00:00,1778000048000,54442,27.23987,43.15576,10.03734,95140,True,52.96087,3
20260505-014600,-Ort2y1Irp1A1nZmFlJx,2026-05-05 16:54:20+00:00,1778000060000,54454,27.23734,43.11285,10.03734,95574,True,51.79073,3
20260505-014600,-Ort3-xVqUb_8AIeNdZF,2026-05-05 16:54:32+00:00,1778000072000,54466,27.23734,43.08533,10.03739,95683,True,51.63161,3
20260505-014600,-Ort32tDb7YnneasodL1,2026-05-05 16:54:44+00:00,1778000084000,54478,27.23734,43.068,10.03734,95465,True,52.61919,3
20260505-014600,-Ort35oUmHpZSs_mT956,2026-05-05 16:54:56+00:00,1778000096000,54490,27.24494,43.00528,10.03739,95574,True,53.27745,3
20260505-014600,-Ort38jscVkuAygBCG7I,2026-05-05 16:55:08+00:00,1778000108000,54502,27.24241,43.00452,10.03745,95032,True,53.5529,3
20260505-014600,-Ort3CHqgWyb7R2Uc6MU,2026-05-05 16:55:20+00:00,1778000120000,54514,27.23987,43.03873,10.03734,94283,True,55.70485,3
20260505-014600,-Ort3Eb5H12lD91h2XMQ,2026-05-05 16:55:32+00:00,1778000132000,54526,27.23987,43.04864,10.0372,94177,True,57.33327,3
20260505-014600,-Ort3HXM8RgO1jZY0i3i,2026-05-05 16:55:44+00:00,1778000144000,54538,27.23987,43.05327,10.03725,94283,True,58.56754,3
20260505-014600,-Ort3KSxodCXMJbT-3yZ,2026-05-05 16:55:56+00:00,1778000156000,54550,27.24494,43.02746,10.03725,94709,True,57.64155,3
20260505-014600,-Ort3NOBM6iun4_smE7_,2026-05-05 16:56:08+00:00,1778000168000,54562,27.24241,42.9934,10.03743,95032,True,54.59127,3
20260505-014600,-Ort3Q0B1U6HYO37p8sw,2026-05-05 16:56:19+00:00,1778000179000,54573,27.29485,42.83693,10.03733,95140,True,54.25711,3
20260505-014600,-Ort3SxJATdjBjPOKeeh,2026-05-05 16:56:31+00:00,1778000191000,54585,27.22466,43.11974,10.03727,88504,True,94.53812,3
20260505-014600,-Ort3Vsqstb4DnL3VqZ8,2026-05-05 16:56:43+00:00,1778000203000,54597,27.23226,43.03627,10.03736,92105,True,79.86916,3
20260505-014600,-Ort3Ynka3QFTSvGZsmY,2026-05-05 16:56:55+00:00,1778000215000,54609,27.23226,43.06035,10.03717,94283,True,67.29749,3
20260505-014600,-Ort3aj0wCm8VQClejcH,2026-05-05 16:57:07+00:00,1778000227000,54621,27.24241,43.01859,10.03733,94177,True,61.45892,3
20260505-014600,-Ort3dir8Y6WaHpyARpv,2026-05-05 16:57:19+00:00,1778000239000,54633,27.21198,43.24717,10.03732,89164,True,78.59544,3
20260505-014600,-Ort3geB78GrTMzTwpUZ,2026-05-05 16:57:31+00:00,1778000251000,54645,27.22973,43.04452,10.03734,91602,True,78.57882,3
20260505-014600,-Ort3jaBDtK3rmW4Ygb8,2026-05-05 16:57:43+00:00,1778000263000,54657,27.23987,43.01378,10.03731,93233,True,69.211,3
20260505-014600,-Ort3mWMHUNuQ0XI5a87,2026-05-05 16:57:55+00:00,1778000275000,54669,27.23734,43.06505,10.03739,93546,True,64.50517,3
20260505-014600,-Ort3pRydg4n2HU56wHm,2026-05-05 16:58:07+00:00,1778000287000,54681,27.24494,43.03887,10.03704,94071,True,60.86024,3
20260505-014600,-Ort3sNV3YtFtQVRW622,2026-05-05 16:58:19+00:00,1778000299000,54693,27.24241,43.01907,10.03726,94496,True,58.0359,3
20260505-014600,-Ort3vco30AL0aGrANA8,2026-05-05 16:58:31+00:00,1778000311000,54705,27.25001,42.96288,10.03726,94924,True,55.94467,3
20260505-014600,-Ort3yEYR5llWR8DI3sx,2026-05-05 16:58:43+00:00,1778000323000,54717,27.24494,42.97332,10.03718,94709,True,55.48902,3
20260505-014600,-Ort409oOc2GfFU_imu2,2026-05-05 16:58:55+00:00,1778000335000,54729,27.23987,43.02279,10.03695,93650,True,60.08753,3
20260505-014600,-Ort435WnGywKMpO6CA0,2026-05-05 16:59:07+00:00,1778000347000,54741,27.24748,43.00251,10.03724,93337,True,62.74836,3
20260505-014600,-Ort4611tMLEUmgq2kkn,2026-05-05 16:59:19+00:00,1778000359000,54753,27.24494,43.0415,10.03732,93441,True,64.18375,3
20260505-014600,-Ort48x6zgGQg_Yo1OFf,2026-05-05 16:59:31+00:00,1778000371000,54765,27.24748,43.05113,10.03725,94177,True,61.79576,3
20260505-014600,-Ort4BtKGDu76XBdLr35,2026-05-05 16:59:43+00:00,1778000383000,54777,27.24748,43.0411,10.03734,94283,True,60.24179,3
20260505-014600,-Ort4EoLXonR186PyeuS,2026-05-05 16:59:55+00:00,1778000395000,54789,27.24241,43.01312,10.03731,94709,True,57.2912,3
20260505-014600,-Ort4HkBs3s2ZoORJTxO,2026-05-05 17:00:07+00:00,1778000407000,54801,27.23987,43.03307,10.0372,94496,True,56.36625,3
20260505-014600,-Ort4KfUhAChimqfR-rY,2026-05-05 17:00:19+00:00,1778000419000,54813,27.23987,43.11473,10.03711,94924,True,55.73996,3
20260505-014600,-Ort4NanFg4nM_JOjo8v,2026-05-05 17:00:31+00:00,1778000431000,54825,27.24241,43.12446,10.03721,94709,True,55.69995,3
20260505-014600,-Ort4QXbTB-QFU7cnZCN,2026-05-05 17:00:43+00:00,1778000443000,54837,27.24494,43.10897,10.03721,95683,True,53.22586,3
20260505-014600,-Ort4TSn7oUH3W6pkIOY,2026-05-05 17:00:55+00:00,1778000455000,54849,27.24241,43.09688,10.03722,95248,True,53.30409,3
20260505-014600,-Ort4WP-YkJYlVu1roli,2026-05-05 17:01:07+00:00,1778000467000,54861,27.24494,43.05483,10.03727,94924,True,52.39518,3
20260505-014600,-Ort4ZK2eYaHgTCWVDCD,2026-05-05 17:01:19+00:00,1778000479000,54873,27.24241,43.01675,10.03715,94259,True,54.14303,3
20260505-014600,-Ort4bFWOeCv3VdakgpM,2026-05-05 17:01:31+00:00,1778000491000,54885,27.23987,43.06777,10.03724,95574,True,52.19363,3
20260505-014600,-Ort4eIlo6OBt0BUL2j3,2026-05-05 17:01:43+00:00,1778000503000,54897,27.23734,43.12658,10.03714,95465,True,53.00349,3
20260505-014600,-Ort4h6NSgOqRz6mndZX,2026-05-05 17:01:55+00:00,1778000515000,54909,27.24748,43.12219,10.03724,95574,True,51.86308,3
20260505-014600,-Ort4k2TJ29O_zKHYsZl,2026-05-05 17:02:07+00:00,1778000527000,54921,27.23987,43.12035,10.03701,95574,True,51.4594,3
20260505-014600,-Ort4myZOVfncBvwCSeA,2026-05-05 17:02:19+00:00,1778000539000,54933,27.24494,43.10467,10.03705,94313,True,54.58303,3
20260505-014600,-Ort4ptsikrTNIHjDhZG,2026-05-05 17:02:31+00:00,1778000551000,54945,27.24494,43.11322,10.03702,94579,True,55.17664,3
20260505-014600,-Ort4sp_DXWkQHtyx5KF,2026-05-05 17:02:43+00:00,1778000563000,54957,27.23987,43.0919,10.03711,94419,True,55.55527,3
20260505-014600,-Ort4vlPf79Er0V9OCH1,2026-05-05 17:02:55+00:00,1778000575000,54969,27.24241,43.03417,10.03717,95574,True,52.45303,3
20260505-014600,-Ort4ygea2ak3f1oqSxM,2026-05-05 17:03:07+00:00,1778000587000,54981,27.24748,43.02456,10.0372,94048,True,56.79815,3
20260505-014600,-Ort50cKzrCf3yYyhvg-,2026-05-05 17:03:19+00:00,1778000599000,54993,27.24241,43.04145,10.0371,94419,True,57.00473,3
20260505-014600,-Ort53Zq9mICjAoUfTBm,2026-05-05 17:03:31+00:00,1778000611000,55005,27.24748,43.00355,10.03702,94632,True,54.9432,3
20260505-014600,-Ort56ThMp_p7SXzsnG6,2026-05-05 17:03:43+00:00,1778000623000,55017,27.24494,43.00803,10.03711,95140,True,54.0674,3
20260505-014600,-Ort59PDPJZHxumu7KKJ,2026-05-05 17:03:55+00:00,1778000635000,55029,27.24494,42.98588,10.03704,95140,True,54.10501,3
20260505-014600,-Ort5CL3mUPIFREWZJUB,2026-05-05 17:04:07+00:00,1778000647000,55041,27.24241,42.93763,10.03705,95140,True,54.8941,3
20260505-014600,-Ort5FGK3JhDHGY3vYuQ,2026-05-05 17:04:19+00:00,1778000659000,55053,27.23987,42.92683,10.03687,94817,True,55.40092,3
20260505-014600,-Ort5IBocy2UDHgSefOM,2026-05-05 17:04:31+00:00,1778000671000,55065,27.24494,42.9318,10.03714,94496,True,55.73978,3
20260505-014600,-Ort5L7auLl12EtppsBw,2026-05-05 17:04:43+00:00,1778000683000,55077,27.24748,42.97623,10.0371,94177,True,58.08218,3
20260505-014600,-Ort5OGQeEhjgCAHia34,2026-05-05 17:04:55+00:00,1778000695000,55089,27.24494,43.00793,10.03707,94389,True,59.15166,3
20260505-014600,-Ort5Qzgbh2-h6LNniz8,2026-05-05 17:05:07+00:00,1778000707000,55101,27.24241,43.03581,10.03705,94709,True,59.45037,3
20260505-014600,-Ort5Tus7cTLprRaywBv,2026-05-05 17:05:19+00:00,1778000719000,55113,27.23987,43.05123,10.03692,95032,True,56.13443,3
20260505-014600,-Ort5Wq35frlLXj350H7,2026-05-05 17:05:31+00:00,1778000731000,55125,27.24241,43.05568,10.03703,95574,True,54.08463,3
20260505-014600,-Ort5Zm3aXsTOzm594no,2026-05-05 17:05:43+00:00,1778000743000,55137,27.24494,43.03841,10.037,95140,True,54.15492,3
20260505-014600,-Ort5bhciP0Wrkjq1Z49,2026-05-05 17:05:55+00:00,1778000755000,55149,27.24494,43.05737,10.037,95248,True,53.55536,3
20260505-014600,-Ort5eilxCxxOV67kxXW,2026-05-05 17:06:07+00:00,1778000767000,55161,27.23987,43.04637,10.0371,94793,True,54.96167,3
20260505-014600,-Ort5hZSXZDdvRDwWBm-,2026-05-05 17:06:19+00:00,1778000779000,55173,27.24748,43.02316,10.03731,94366,True,57.01538,3
20260505-014600,-Ort5kUiaCZ1P6wosaMd,2026-05-05 17:06:31+00:00,1778000791000,55185,27.24241,43.05482,10.03701,94366,True,56.74431,3
20260505-014600,-Ort5nR329GDB4QfUHRf,2026-05-05 17:06:43+00:00,1778000803000,55197,27.24241,43.03772,10.03698,94525,True,56.55191,3
20260505-014600,-Ort5qLrZ28QJ0Vuq_sK,2026-05-05 17:06:55+00:00,1778000815000,55209,27.23987,43.01969,10.03702,94259,True,54.63722,3
20260505-014600,-Ort5tH4s7j0iRTsG9o4,2026-05-05 17:07:07+00:00,1778000827000,55221,27.24748,42.99415,10.0371,95465,True,55.91722,3
20260505-014600,-Ort5wCqdfJ_2Sz4S-Ry,2026-05-05 17:07:19+00:00,1778000839000,55233,27.24494,43.08532,10.03702,94579,True,55.51713,3
20260505-014600,-Ort5z82AcRnWiokdiRv,2026-05-05 17:07:31+00:00,1778000851000,55245,27.24748,43.07628,10.0371,94579,True,54.48412,3
20260505-014600,-Ort615F_v1e1XXNCAZA,2026-05-05 17:07:43+00:00,1778000863000,55257,27.2348,43.06685,10.03686,94632,True,56.45902,3
20260505-014600,-Ort64-KyAR8swShkZbt,2026-05-05 17:07:55+00:00,1778000875000,55269,27.24241,43.08944,10.03705,94847,True,54.84092,3
20260505-014600,-Ort67CexRpOSN82jT7B,2026-05-05 17:08:07+00:00,1778000887000,55281,27.24241,43.06071,10.03694,94048,True,57.50586,3
20260505-014600,-Ort69rFU0iWBnxLRZpc,2026-05-05 17:08:19+00:00,1778000899000,55293,27.24241,43.04243,10.03772,94259,True,58.62709,3
20260505-014600,-Ort6CmUp4ilBfTf8b-w,2026-05-05 17:08:31+00:00,1778000911000,55305,27.23987,43.00496,10.03708,95140,True,54.57436,3
20260505-014600,-Ort6FjM_0ag9wlZYP1W,2026-05-05 17:08:43+00:00,1778000923000,55317,27.24241,43.0032,10.03715,94313,True,54.916,3
20260505-014600,-Ort6IeZ0dYNotzocSXr,2026-05-05 17:08:55+00:00,1778000935000,55329,27.23987,43.022,10.03695,95574,True,52.6683,3
20260505-014600,-Ort6L_wWauVRETsp5QZ,2026-05-05 17:09:07+00:00,1778000947000,55341,27.24494,43.00964,10.03695,95574,True,53.73113,3
20260505-014600,-Ort6OVbwYmmLsmm9s-1,2026-05-05 17:09:19+00:00,1778000959000,55353,27.23987,43.02716,10.03713,94313,True,54.47041,3
20260505-014600,-Ort6RR1hR_ZiNql9toC,2026-05-05 17:09:31+00:00,1778000971000,55365,27.24494,43.04515,10.03727,94313,True,56.31112,3
20260505-014600,-Ort6UNrZZv6rk-vKU5m,2026-05-05 17:09:43+00:00,1778000983000,55377,27.23987,43.07658,10.03711,94525,True,57.1709,3
20260505-014600,-Ort6XIEHll9Rcrx85Cf,2026-05-05 17:09:55+00:00,1778000995000,55389,27.23734,43.09695,10.03707,94739,True,55.71043,3
20260505-014600,-Ort6_DsmAWCaEtfyywN,2026-05-05 17:10:07+00:00,1778001007000,55401,27.23734,43.08834,10.03716,95574,True,54.16679,3
20260505-014600,-Ort6c9NlHtMSQyBQlfn,2026-05-05 17:10:19+00:00,1778001019000,55413,27.24241,43.0713,10.03722,95574,True,52.74594,3
20260505-014600,-Ort6f5CfvoGG6QjPw2T,2026-05-05 17:10:31+00:00,1778001031000,55425,27.23734,43.08313,10.03718,95032,True,52.41642,3
20260505-014600,-Ort6i0r3HMjOMVGQErF,2026-05-05 17:10:43+00:00,1778001043000,55437,27.2348,43.0538,10.03708,94389,True,56.25532,3
20260505-014600,-Ort6kwnMIpc19DnF8Vk,2026-05-05 17:10:55+00:00,1778001055000,55449,27.23226,43.06861,10.03701,94389,True,57.61206,3
20260505-014600,-Ort6ns6Lnuj9U59XcWp,2026-05-05 17:11:07+00:00,1778001067000,55461,27.2348,43.05081,10.0371,95032,True,55.96618,3
20260505-014600,-Ort6r8NCEef1WmbDgFk,2026-05-05 17:11:19+00:00,1778001079000,55473,27.24241,43.14334,10.03736,94924,True,54.36929,3
20260505-014600,-Ort6tivaQILdUBkkJid,2026-05-05 17:11:31+00:00,1778001091000,55485,27.23734,43.16339,10.0373,95465,True,52.42514,3
20260505-014600,-Ort6wesZPcuIDFyITLK,2026-05-05 17:11:43+00:00,1778001103000,55497,27.23734,43.15097,10.03735,95140,True,52.39593,3
20260505-014600,-Ort6zaYX2XWXScWwjdX,2026-05-05 17:11:55+00:00,1778001115000,55509,27.24241,43.13384,10.03726,95574,True,50.70539,3
20260505-014600,-Ort71X6TStmFSDovSRf,2026-05-05 17:12:07+00:00,1778001127000,55521,27.23734,43.13754,10.03728,95683,True,52.84571,3
20260505-014600,-Ort74SCaJFfTPGh-KIt,2026-05-05 17:12:19+00:00,1778001139000,55533,27.2348,43.11823,10.03708,94632,True,54.81311,3
20260505-014600,-Ort77N_G1JdXhOGAOJV,2026-05-05 17:12:31+00:00,1778001151000,55545,27.23987,43.13665,10.03715,94366,True,54.93588,3
20260505-014600,-Ort7AJX4k2cKUiXAV2H,2026-05-05 17:12:43+00:00,1778001163000,55557,27.23734,43.17172,10.03718,95574,True,52.04083,3
20260505-014600,-Ort7DQFuxRZFKWD4-D_,2026-05-05 17:12:56+00:00,1778001176000,55570,27.20691,43.42248,10.03725,89641,True,72.38393,3
20260505-014600,-Ort7Fz2q-XZ5M2_Cl-u,2026-05-05 17:13:06+00:00,1778001186000,55580,27.27421,43.15956,10.03734,91203,True,73.91023,3
20260505-014600,-Ort7IulJwo5SOpTM1D3,2026-05-05 17:13:18+00:00,1778001198000,55592,27.21451,43.28062,10.03739,87670,True,107.41994,3
20260505-014600,-Ort7Lq9AmbyT6Dbh4Xf,2026-05-05 17:13:30+00:00,1778001210000,55604,27.22466,43.12139,10.03752,91203,True,86.80037,3
20260505-014600,-Ort7Olp2ldTY96EkLL1,2026-05-05 17:13:42+00:00,1778001222000,55616,27.22466,43.02818,10.03727,92615,True,73.06876,3
20260505-014600,-Ort7RhAwUe6jJs9xaPJ,2026-05-05 17:13:54+00:00,1778001234000,55628,27.22973,43.02557,10.03718,93441,True,65.02,3
20260505-014600,-Ort7UcPJxkSP_b-7ezy,2026-05-05 17:14:06+00:00,1778001246000,55640,27.24241,42.96512,10.03757,94602,True,58.96529,3
20260505-014600,-Ort7XZ3AmKB8bM3aPit,2026-05-05 17:14:18+00:00,1778001258000,55652,27.24241,42.95078,10.03747,95032,True,55.00571,3
20260505-014600,-Ort7_dfSkGpQwyK9pgl,2026-05-05 17:14:30+00:00,1778001270000,55664,27.25255,42.92789,10.03756,95248,True,53.88285,3
20260505-014600,-Ort7cPtEY8uS1Kzg4w-,2026-05-05 17:14:42+00:00,1778001282000,55676,27.25762,42.93591,10.03738,95032,True,53.40842,3
20260505-014600,-Ort7fLHN1eLMNFlk69R,2026-05-05 17:14:54+00:00,1778001294000,55688,27.26522,43.02384,10.03748,95032,True,55.31544,3
20260505-014600,-Ort7iH7RkWKgoS-EigI,2026-05-05 17:15:06+00:00,1778001306000,55700,27.27283,43.06921,10.03762,95356,True,52.72439,3
20260505-014600,-Ort7lCZLB0-hhKRb1i-,2026-05-05 17:15:18+00:00,1778001318000,55712,27.2703,42.92883,10.0375,95574,True,53.87726,3
20260505-014600,-Ort7o8IZdTpuQVobskK,2026-05-05 17:15:30+00:00,1778001330000,55724,27.27283,42.91646,10.03738,94579,True,54.47923,3
20260505-014600,-Ort7r3bEGF58eOS3Mwb,2026-05-05 17:15:42+00:00,1778001342000,55736,27.27283,42.95988,10.03743,95574,True,51.92177,3
20260505-014600,-Ort7tzzVKfZ35lmhQ7Y,2026-05-05 17:15:54+00:00,1778001354000,55748,27.27537,43.0628,10.03752,95356,True,52.97838,3
20260505-014600,-Ort7wvHrliyhzbblMwL,2026-05-05 17:16:06+00:00,1778001366000,55760,27.2703,43.1194,10.03737,95465,True,51.69554,3
20260505-014600,-Ort7zqs5kBng5nJA1xq,2026-05-05 17:16:18+00:00,1778001378000,55772,27.28044,43.15048,10.03762,94924,True,52.96889,3
20260505-014600,-Ort81YCeYSBzNTlwnxD,2026-05-05 17:16:29+00:00,1778001389000,55783,27.33325,43.01908,10.03757,95248,True,52.70676,3
20260505-014600,-Ort84TNDz0T4mZfd12J,2026-05-05 17:16:41+00:00,1778001401000,55795,27.25508,43.32528,10.03755,88131,True,97.46125,3
20260505-014600,-Ort87QkUQjgK-wduPSL,2026-05-05 17:16:53+00:00,1778001413000,55807,27.26776,43.20716,10.03749,92207,True,81.83166,3
20260505-014600,-Ort8AKp08pNIgobMaIM,2026-05-05 17:17:05+00:00,1778001425000,55819,27.27537,43.262,10.03765,93026,True,69.15392,3
20260505-014600,-Ort8DFpiMEjl-jmZAIy,2026-05-05 17:17:17+00:00,1778001437000,55831,27.27283,43.27062,10.0378,94177,True,61.9336,3
20260505-014600,-Ort8GBKVoxWc9lFlfWz,2026-05-05 17:17:29+00:00,1778001449000,55843,27.27283,43.32178,10.03752,94496,True,58.40329,3
20260505-014600,-Ort8JLANG3mldG3-STU,2026-05-05 17:17:41+00:00,1778001461000,55855,27.2703,43.37086,10.03772,94177,True,56.47245,3
20260505-014600,-Ort8M340UYImd7mhJn3,2026-05-05 17:17:53+00:00,1778001473000,55867,27.26776,43.40873,10.03758,93965,True,57.06992,3
20260505-014600,-Ort8OzDs1SN7TjKFzGJ,2026-05-05 17:18:05+00:00,1778001485000,55879,27.27537,43.39421,10.03772,95032,True,54.83842,3
20260505-014600,-Ort8RueeVsvd9WNpeX1,2026-05-05 17:18:17+00:00,1778001497000,55891,27.27537,43.37681,10.03772,95032,True,53.87462,3
20260505-014600,-Ort8UqpDiEgUvKLm6Pk,2026-05-05 17:18:29+00:00,1778001509000,55903,27.2779,43.47071,10.03764,94389,True,53.99129,3
20260505-014600,-Ort8XlMFD3wKFMr3JrU,2026-05-05 17:18:41+00:00,1778001521000,55915,27.27537,43.65346,10.03774,93860,True,55.76191,3
20260505-014600,-Ort8_iQS6IKOC5S9bPM,2026-05-05 17:18:53+00:00,1778001533000,55927,27.27283,43.71064,10.03755,94283,True,55.46518,3
20260505-014600,-Ort8cclTqc5K_jmE1Uf,2026-05-05 17:19:05+00:00,1778001545000,55939,27.2703,43.70986,10.03764,94071,True,54.82045,3
20260505-014600,-Ort8fZYSPpZuFPDNGuV,2026-05-05 17:19:17+00:00,1778001557000,55951,27.27283,43.71588,10.03773,94389,True,54.69006,3
20260505-014600,-Ort8iV-OJMg1BZbDUdI,2026-05-05 17:19:29+00:00,1778001569000,55963,27.2779,43.66344,10.03783,93650,True,56.00785,3
20260505-014600,-Ort8lQ3kb1OR-TN1jiJ,2026-05-05 17:19:41+00:00,1778001581000,55975,27.27537,43.64324,10.03765,94177,True,54.97355,3
20260505-014600,-Ort8oLUHPLT_SMaBNu5,2026-05-05 17:19:53+00:00,1778001593000,55987,27.2779,43.57206,10.03767,94283,True,53.64187,3
20260505-014600,-Ort8rH8JdEl2n9czwRh,2026-05-05 17:20:05+00:00,1778001605000,55999,27.2779,43.75387,10.03755,93860,True,54.10938,3
20260505-014600,-Ort8uDI8kDNkMAT-spt,2026-05-05 17:20:17+00:00,1778001617000,56011,27.27537,43.83349,10.03747,94177,True,53.94973,3
20260505-014600,-Ort8wsMb2Kz553VbF8c,2026-05-05 17:20:28+00:00,1778001628000,56022,27.19423,44.30549,10.03766,84743,True,72.70832,3
20260505-014600,-Ort8zniSJ3oYgDYax0u,2026-05-05 17:20:40+00:00,1778001640000,56034,27.26522,43.73191,10.03762,90611,True,80.18803,3
20260505-014600,-Ort91uuckJGsOcQWGA9,2026-05-05 17:20:52+00:00,1778001652000,56046,27.26522,43.60426,10.03754,92410,True,68.40741,3
20260505-014600,-Ort94erGDRR9dKeUVyP,2026-05-05 17:21:04+00:00,1778001664000,56058,27.27283,43.49876,10.03757,94071,True,60.16675,3
20260505-014600,-Ort97a-YTLLEt6vxvT2,2026-05-05 17:21:16+00:00,1778001676000,56070,27.27537,43.45026,10.03756,94389,True,56.20044,3
20260505-014600,-Ort9AWF0b2A_fbIdRyD,2026-05-05 17:21:28+00:00,1778001688000,56082,27.2703,43.4581,10.03748,94496,True,53.37089,3
20260505-014600,-Ort9DS0B3eKRLTLHWSH,2026-05-05 17:21:40+00:00,1778001700000,56094,27.27537,43.42573,10.03765,94496,True,53.5136,3
20260505-014600,-Ort9GNQ5kIuf4e648cL,2026-05-05 17:21:52+00:00,1778001712000,56106,27.2703,43.44418,10.03757,94709,True,52.04094,3
20260505-014600,-Ort9JJCQkTIgvkFDK1R,2026-05-05 17:22:04+00:00,1778001724000,56118,27.27283,43.46114,10.03783,94602,True,51.89311,3
20260505-014600,-Ort9MEIKJ7354iA64u6,2026-05-05 17:22:16+00:00,1778001736000,56130,27.27283,43.46984,10.03764,94709,True,51.30537,3
20260505-014600,-Ort9P9spj2fVftKOn7z,2026-05-05 17:22:28+00:00,1778001748000,56142,27.2703,43.3923,10.03764,95356,True,50.8488,3
20260505-014600,-Ort9S5VdInKMsK3c3Sz,2026-05-05 17:22:40+00:00,1778001760000,56154,27.27537,43.4082,10.03777,94924,True,50.14429,3
20260505-014600,-Ort9V0kqNL3ZQ8Yu6gG,2026-05-05 17:22:52+00:00,1778001772000,56166,27.27537,43.45714,10.03784,94283,True,51.52078,2
20260505-014600,-Ort9Xxfvs6WO9qwriyb,2026-05-05 17:23:04+00:00,1778001784000,56178,27.27283,43.46038,10.03776,94602,True,51.60982,2
20260505-014600,-Ort9_suc4Vm9xrfKh_4,2026-05-05 17:23:16+00:00,1778001796000,56190,27.2779,43.43355,10.03816,95140,True,50.41394,2
20260505-014600,-Ort9coEUXx5AFr5QVai,2026-05-05 17:23:28+00:00,1778001808000,56202,27.2779,43.5104,10.03792,95032,True,51.1557,2
20260505-014600,-Ort9fjwJzBQRSgs_sWF,2026-05-05 17:23:40+00:00,1778001820000,56214,27.27537,43.53695,10.03814,94602,True,52.53131,2
20260505-014600,-Ort9ifHqKCf-3PbxCAh,2026-05-05 17:23:52+00:00,1778001832000,56226,27.2703,43.54941,10.03778,94709,True,52.15232,3
20260505-014600,-Ort9lk-VDeBX6ukAhTR,2026-05-05 17:24:04+00:00,1778001844000,56238,27.2703,43.52651,10.03778,94924,True,50.45732,3
20260505-014600,-Ort9oXPtonoFcVvg055,2026-05-05 17:24:16+00:00,1778001856000,56250,27.2779,43.47519,10.03806,94817,True,51.30128,3
20260505-014600,-Ort9rSdrImKvoSdjl2p,2026-05-05 17:24:28+00:00,1778001868000,56262,27.26776,43.52685,10.03793,94924,True,50.89556,3
20260505-014600,-Ort9uOcLA-uvIeyM2cK,2026-05-05 17:24:40+00:00,1778001880000,56274,27.27283,43.58254,10.03805,94817,True,51.14699,3
20260505-014600,-Ort9xJrXPWb1Q_yEso0,2026-05-05 17:24:52+00:00,1778001892000,56286,27.2779,43.53077,10.03804,95032,True,50.96799,3
20260505-014600,-OrtA-HzwkdqqB0r4c3W,2026-05-05 17:25:04+00:00,1778001904000,56298,27.2779,43.45056,10.03809,95032,True,51.59527,3
20260505-014600,-OrtA2BJh6MYd00c6pDa,2026-05-05 17:25:16+00:00,1778001916000,56310,27.2703,43.40206,10.03813,95032,True,50.19339,3
20260505-014600,-OrtA56snM6gdYSN0m2g,2026-05-05 17:25:28+00:00,1778001928000,56322,27.27537,43.37593,10.03818,95032,True,50.26627,3
20260505-014600,-OrtA81fXClCTjv6ikV-,2026-05-05 17:25:40+00:00,1778001940000,56334,27.27537,43.36044,10.03825,95032,True,50.46322,2
20260505-014600,-OrtAAyOAXWS7ScVp17c,2026-05-05 17:25:52+00:00,1778001952000,56346,27.27537,43.32318,10.03818,94817,True,52.21229,2
20260505-014600,-OrtADu9GnuEc6DXWLk6,2026-05-05 17:26:04+00:00,1778001964000,56358,27.27537,43.35351,10.03814,95465,True,50.70258,2
20260505-014600,-OrtAGpLZQdBo54-qwc2,2026-05-05 17:26:16+00:00,1778001976000,56370,27.27537,43.32604,10.03811,95248,True,51.28196,2
20260505-014600,-OrtAJktbtA6B1K9uG55,2026-05-05 17:26:28+00:00,1778001988000,56382,27.2703,43.3347,10.03806,95356,True,52.29761,2
20260505-014600,-OrtAMgISYBmKkWe3ioQ,2026-05-05 17:26:40+00:00,1778002000000,56394,27.27537,43.39104,10.03819,95356,True,50.81927,2
20260505-014600,-OrtAPc2a1oKE5K2RGKS,2026-05-05 17:26:52+00:00,1778002012000,56406,27.27283,43.4408,10.03819,95248,True,51.21532,3
20260505-014600,-OrtASYR802dAreDubpZ,2026-05-05 17:27:04+00:00,1778002024000,56418,27.26522,43.43182,10.03796,94709,True,52.51734,3
20260505-014600,-OrtAVh4TMj0BpI7V2sJ,2026-05-05 17:27:16+00:00,1778002036000,56430,27.26776,43.40297,10.03798,95356,True,51.18814,3
20260505-014600,-OrtAYPNbyfGctOMBZNE,2026-05-05 17:27:28+00:00,1778002048000,56442,27.2703,43.40248,10.03815,95140,True,50.61879,3
20260505-014600,-OrtAaL7DLTf4pqJFy9u,2026-05-05 17:27:40+00:00,1778002060000,56454,27.26776,43.34288,10.03827,94817,True,51.74462,3
20260505-014600,-OrtAdGPxixIcDA0fEPn,2026-05-05 17:27:52+00:00,1778002072000,56466,27.2703,43.31615,10.03825,95248,True,51.12526,3
20260505-014600,-OrtAgBzCyL9kHhRWdml,2026-05-05 17:28:04+00:00,1778002084000,56478,27.2703,43.35985,10.0382,95683,True,51.03899,3
20260505-014600,-OrtAj7RB2rAnwmF4jS9,2026-05-05 17:28:16+00:00,1778002096000,56490,27.2703,43.35869,10.03838,95683,True,50.69596,3
20260505-014600,-OrtAm2zp06DYRt1aZpQ,2026-05-05 17:28:28+00:00,1778002108000,56502,27.27283,43.3376,10.03847,95140,True,51.06041,3
20260505-014600,-OrtAozejOlXu8l6CmWd,2026-05-05 17:28:40+00:00,1778002120000,56514,27.27283,43.30904,10.03836,94924,True,51.36988,3
20260505-014600,-OrtArupVd-RiYcV34MG,2026-05-05 17:28:52+00:00,1778002132000,56526,27.26522,43.30145,10.03829,95465,True,52.36479,3
20260505-014600,-OrtAuqavQ0edbQwg-Mk,2026-05-05 17:29:04+00:00,1778002144000,56538,27.2703,43.30717,10.03848,95032,True,51.56692,3
20260505-014600,-OrtAxlpl7fcifYWhTsL,2026-05-05 17:29:16+00:00,1778002156000,56550,27.26522,43.34974,10.03843,95574,True,51.42362,3
20260505-014600,-OrtB-h6-s_zWdel88Oo,2026-05-05 17:29:28+00:00,1778002168000,56562,27.2703,43.31977,10.03834,95465,True,52.45226,3
20260505-014600,-OrtB2cyBhBUlijvfIjI,2026-05-05 17:29:40+00:00,1778002180000,56574,27.26522,43.31731,10.03847,95356,True,50.87414,3
20260505-014600,-OrtB5ZiZNuxBPDccpSX,2026-05-05 17:29:52+00:00,1778002192000,56586,27.27283,43.28707,10.03861,95574,True,51.01527,3
20260505-014600,-OrtB8VuDl-FBwYVXNO4,2026-05-05 17:30:04+00:00,1778002204000,56598,27.26776,43.29893,10.03881,95356,True,51.82248,3
20260505-014600,-OrtBBQHAQhTdS0mXLU_,2026-05-05 17:30:16+00:00,1778002216000,56610,27.26522,43.31988,10.0385,95356,True,51.9625,3
20260505-014600,-OrtBEXrBZkx1uiAVjj4,2026-05-05 17:30:28+00:00,1778002228000,56622,27.26522,43.32779,10.03884,94924,True,51.82875,3
20260505-014600,-OrtBHIP4DFVHnngW0Dm,2026-05-05 17:30:40+00:00,1778002240000,56634,27.26522,43.36028,10.03866,95574,True,51.31339,3
20260505-014600,-OrtBKCrSeHDjqMbAmUU,2026-05-05 17:30:52+00:00,1778002252000,56646,27.2703,43.31006,10.0388,94048,True,53.84772,3
20260505-014600,-OrtBN8cDf38usCzLVuE,2026-05-05 17:31:04+00:00,1778002264000,56658,27.2703,43.30483,10.03874,95574,True,51.66336,3
20260505-014600,-OrtBQ3tU97E_jDjwnsD,2026-05-05 17:31:16+00:00,1778002276000,56670,27.2703,43.29866,10.03867,95574,True,51.19845,3
20260505-014600,-OrtBT-DRgyQpkOlYYEL,2026-05-05 17:31:28+00:00,1778002288000,56682,27.26776,43.29452,10.03878,95465,True,51.89353,3
20260505-014600,-OrtBVviiS-XSy44Rrob,2026-05-05 17:31:40+00:00,1778002300000,56694,27.26776,43.30877,10.03869,94206,True,53.05727,3
20260505-014600,-OrtBYrKAY6ZZ9RAZVJx,2026-05-05 17:31:52+00:00,1778002312000,56706,27.26522,43.28788,10.0388,95248,True,52.72329,3
20260505-014600,-OrtBanG3Anthh-EG0jw,2026-05-05 17:32:04+00:00,1778002324000,56718,27.26522,43.27213,10.03901,95683,True,50.76709,3
20260505-014600,-OrtBdiCkrMwukbVBdlB,2026-05-05 17:32:16+00:00,1778002336000,56730,27.26522,43.30714,10.039,95574,True,51.03748,3
20260505-014600,-OrtBgdf8MAI4Ye3WVdV,2026-05-05 17:32:28+00:00,1778002348000,56742,27.2703,43.36934,10.03915,95140,True,53.93476,3
20260505-014600,-OrtBj_SV1ahj5PF5CMC,2026-05-05 17:32:40+00:00,1778002360000,56754,27.2703,43.3716,10.03903,94472,True,55.37379,3
20260505-014600,-OrtBmVkp569xe4mkOlU,2026-05-05 17:32:52+00:00,1778002372000,56766,27.26776,43.38505,10.03914,95356,True,54.23321,3
20260505-014600,-OrtBpR5tY91ixriTGbc,2026-05-05 17:33:04+00:00,1778002384000,56778,27.26269,43.38708,10.03915,95356,True,52.23862,3
20260505-014600,-OrtBsMvcgcAnKA-qpXP,2026-05-05 17:33:16+00:00,1778002396000,56790,27.2703,43.4156,10.0394,95248,True,51.73397,3
20260505-014600,-OrtBvICCxv10Kch493v,2026-05-05 17:33:28+00:00,1778002408000,56802,27.26269,43.48148,10.03911,95356,True,51.32555,3
20260505-014600,-OrtByVpgNjgEAoBLB8q,2026-05-05 17:33:40+00:00,1778002420000,56814,27.26016,43.44029,10.03939,95140,True,51.20492,3
20260505-014600,-OrtC09j8NABPAfs8m92,2026-05-05 17:33:52+00:00,1778002432000,56826,27.26016,43.35793,10.03916,95683,True,50.0,2
20260505-014600,-OrtC34sNBwL0SS2fhhW,2026-05-05 17:34:04+00:00,1778002444000,56838,27.26522,43.30919,10.03937,94686,True,53.30056,2
20260505-014600,-OrtC60A4-oE4Y9NEZvq,2026-05-05 17:34:16+00:00,1778002456000,56850,27.26269,43.27852,10.03941,94259,True,55.24797,2
20260505-014600,-OrtC8x63vweL9_lzd2l,2026-05-05 17:34:28+00:00,1778002468000,56862,27.26016,43.25401,10.03927,95683,True,51.5579,2
20260505-014600,-OrtCBsdL3eKVwpyBULN,2026-05-05 17:34:40+00:00,1778002480000,56874,27.26016,43.30517,10.03948,94259,True,53.29871,2
20260505-014600,-OrtCEnYtJPhLvkezxg5,2026-05-05 17:34:52+00:00,1778002492000,56886,27.26522,43.2822,10.03959,95465,True,51.6001,3
20260505-014600,-OrtCHjVdFkFvrS102Us,2026-05-05 17:35:04+00:00,1778002504000,56898,27.25762,43.24286,10.03919,95248,True,54.40248,3
20260505-014600,-OrtCKemzYDATyKMEn7S,2026-05-05 17:35:16+00:00,1778002516000,56910,27.26016,43.31572,10.03939,95465,True,51.96114,3
20260505-014600,-OrtCNbQKHvRlhpr-whG,2026-05-05 17:35:28+00:00,1778002528000,56922,27.26016,43.36642,10.03944,95356,True,51.99098,3
20260505-014600,-OrtCQWfTM0Y1G8Z4xwo,2026-05-05 17:35:40+00:00,1778002540000,56934,27.26522,43.28232,10.03949,95683,True,50.39092,3
20260505-014600,-OrtCTSFxMANoMEn594P,2026-05-05 17:35:52+00:00,1778002552000,56946,27.26016,43.26561,10.03934,95465,True,51.27839,3
20260505-014600,-OrtCWNlm-83_Nf2aE-I,2026-05-05 17:36:04+00:00,1778002564000,56958,27.26522,43.24911,10.0394,95683,True,50.45984,3
20260505-014600,-OrtCZJY6LzziRMedpKH,2026-05-05 17:36:16+00:00,1778002576000,56970,27.25762,43.28019,10.03933,95574,True,50.25665,3
20260505-014600,-OrtCbEjKmSwtkS0_ji7,2026-05-05 17:36:28+00:00,1778002588000,56982,27.26016,43.22089,10.03932,95574,True,50.34546,3
20260505-014600,-OrtCeALcaiGRr0xQNTg,2026-05-05 17:36:40+00:00,1778002600000,56994,27.26522,43.16524,10.0393,95356,True,52.78337,3
20260505-014600,-OrtChEopQ2cEtD66z_z,2026-05-05 17:36:52+00:00,1778002612000,57006,27.26269,43.20033,10.0392,94366,True,54.96969,3
20260505-014600,-OrtCk11GAOZYvDZZTU4,2026-05-05 17:37:04+00:00,1778002624000,57018,27.26016,43.21573,10.03927,94419,True,56.75373,3
20260505-014600,-OrtCmxaXJATIGIY4mf3,2026-05-05 17:37:16+00:00,1778002636000,57030,27.2703,43.18771,10.03932,94419,True,55.94428,3
20260505-014600,-OrtCptF4AUs2hElyMAR,2026-05-05 17:37:28+00:00,1778002648000,57042,27.27283,43.15279,10.03936,94259,True,56.95837,3
20260505-014600,-OrtCsoVLgju4X_UgNut,2026-05-05 17:37:40+00:00,1778002660000,57054,27.26522,43.13923,10.03959,95574,True,54.42837,3
20260505-014600,-OrtCvk1YWuWBwm9fTXp,2026-05-05 17:37:52+00:00,1778002672000,57066,27.26776,43.14802,10.0395,94259,True,57.34407,3
20260505-014600,-OrtCyfhAmz3g5PvwaUS,2026-05-05 17:38:04+00:00,1778002684000,57078,27.26016,43.18465,10.03906,94686,True,54.49592,3
20260505-014600,-OrtD0bDU9Ip7knXkCEV,2026-05-05 17:38:16+00:00,1778002696000,57090,27.2703,43.15482,10.03934,95574,True,53.9542,3
20260505-014600,-OrtD3Xgcgp9OJDDWZtU,2026-05-05 17:38:28+00:00,1778002708000,57102,27.2703,43.08946,10.03924,94686,True,55.05117,3
20260505-014600,-OrtD6T-HsjDpNekYMpE,2026-05-05 17:38:40+00:00,1778002720000,57114,27.2703,43.02219,10.03927,94313,True,58.28426,3
20260505-014600,-OrtD9OUgGtZHFbJitFB,2026-05-05 17:38:52+00:00,1778002732000,57126,27.26522,43.09434,10.03933,94206,True,57.45029,3
20260505-014600,-OrtDCKEIAtE96can-Qe,2026-05-05 17:39:04+00:00,1778002744000,57138,27.26522,43.11473,10.0393,94419,True,57.86377,3
20260505-014600,-OrtDFFq7CMi3UCOA0sC,2026-05-05 17:39:16+00:00,1778002756000,57150,27.26776,43.09484,10.03927,94900,True,57.33567,3
20260505-014600,-OrtDIBdhMpaW2w1s6nh,2026-05-05 17:39:28+00:00,1778002768000,57162,27.26522,43.11995,10.03917,94366,True,57.16392,3
20260505-014600,-OrtDL6tnSIyjxKu44ce,2026-05-05 17:39:40+00:00,1778002780000,57174,27.26269,43.14763,10.03903,94525,True,58.31381,3
20260505-014600,-OrtDO2BPitOtLGwB1Lr,2026-05-05 17:39:52+00:00,1778002792000,57186,27.25762,43.1675,10.03903,94847,True,58.09765,3
20260505-014600,-OrtDRLMYO9Ku1cWumGW,2026-05-05 17:40:04+00:00,1778002804000,57198,27.25762,43.13951,10.03895,94366,True,57.70602,3
20260505-014600,-OrtDTuLHPu3YUgrp6kl,2026-05-05 17:40:16+00:00,1778002816000,57210,27.26269,43.10614,10.03922,95465,True,56.82536,3
20260505-014600,-OrtDWpZb-KupWTTlB4d,2026-05-05 17:40:28+00:00,1778002828000,57222,27.26016,43.09111,10.03913,94793,True,57.66685,3
20260505-014600,-OrtDZlQS8XK4--ucnXr,2026-05-05 17:40:40+00:00,1778002840000,57234,27.2703,43.09819,10.03922,94472,True,58.12211,3
20260505-014600,-OrtDbgP0JXAPiAXiRXJ,2026-05-05 17:40:52+00:00,1778002852000,57246,27.26269,43.16062,10.0391,94686,True,58.49103,3
20260505-014600,-OrtDecL2NDFEwEb2qDK,2026-05-05 17:41:04+00:00,1778002864000,57258,27.26016,43.1684,10.03885,94419,True,56.46256,3
20260505-014600,-OrtDhYZJPkxsbhJt4by,2026-05-05 17:41:16+00:00,1778002876000,57270,27.26522,43.17195,10.03917,94419,True,55.2113,3
20260505-014600,-OrtDkTy_OfnKkKZOexv,2026-05-05 17:41:28+00:00,1778002888000,57282,27.26016,43.15751,10.03897,95683,True,54.5071,3
20260505-014600,-OrtDnPlZHJ3QVr9aEW_,2026-05-05 17:41:40+00:00,1778002900000,57294,27.25762,43.16726,10.03893,95574,True,55.09458,3
20260505-014600,-OrtDqKvgnf445zetcj5,2026-05-05 17:41:52+00:00,1778002912000,57306,27.25508,43.25105,10.03897,94793,True,56.98334,3
20260505-014600,-OrtDtGl6cRHps8l1kgo,2026-05-05 17:42:04+00:00,1778002924000,57318,27.26522,43.23755,10.03903,95683,True,55.92261,3
20260505-014600,-OrtDwBu0s7HFm8G5D2y,2026-05-05 17:42:16+00:00,1778002936000,57330,27.25508,43.31585,10.03905,95574,True,54.38622,3
20260505-014600,-OrtDz7NAr4SqksF-YUa,2026-05-05 17:42:28+00:00,1778002948000,57342,27.26016,43.28774,10.03906,95356,True,53.28091,3
20260505-014600,-OrtE13QDE8WaPioZtzP,2026-05-05 17:42:40+00:00,1778002960000,57354,27.25508,43.27575,10.03869,95574,True,52.27092,3
20260505-014600,-OrtE3zVneHsRd2ebdI9,2026-05-05 17:42:52+00:00,1778002972000,57366,27.25508,43.18056,10.03889,95465,True,54.46428,3
20260505-014600,-OrtE6v1KIfw24kVrWDv,2026-05-05 17:43:04+00:00,1778002984000,57378,27.25508,43.19899,10.03892,94632,True,55.01355,3
20260505-014600,-OrtEBHQZJXZv3JBfRC2,2026-05-05 17:43:15+00:00,1778002995000,57389,27.30555,43.08733,10.03886,94366,True,56.13305,3
20260505-014600,-OrtEClyGAMZYjVAzdgI,2026-05-05 17:43:28+00:00,1778003008000,57402,27.14605,44.04836,10.03921,75025,True,117.20842,3
20260505-014600,-OrtEFhz7ZjgXRCwU0G6,2026-05-05 17:43:40+00:00,1778003020000,57414,27.22719,43.30168,10.03879,86315,True,124.362,3
20260505-014600,-OrtEId1tJbfO6r05mxC,2026-05-05 17:43:52+00:00,1778003032000,57426,27.2348,43.25455,10.03867,91004,True,95.03646,3
20260505-014600,-OrtELZc-qddsEHtGa31,2026-05-05 17:44:04+00:00,1778003044000,57438,27.24494,43.2023,10.03881,93026,True,76.22591,3
20260505-014600,-OrtEOV3hLbp_GK704wH,2026-05-05 17:44:16+00:00,1778003056000,57450,27.24748,43.21264,10.03885,93860,True,66.18677,3
20260505-014600,-OrtERQYgSF0oLPNv269,2026-05-05 17:44:28+00:00,1778003068000,57462,27.25255,43.1855,10.03886,94709,True,59.17232,3
20260505-014600,-OrtEUMXgkkJ0sqewOQr,2026-05-05 17:44:40+00:00,1778003080000,57474,27.24494,43.26573,10.03864,94709,True,57.19876,3
20260505-014600,-OrtEXHXJUt5q-6sFUdF,2026-05-05 17:44:52+00:00,1778003092000,57486,27.25508,43.2206,10.03875,94496,True,56.30828,3
20260505-014600,-OrtE_D1R_HhaGgHIVq3,2026-05-05 17:45:04+00:00,1778003104000,57498,27.25255,43.20003,10.03874,94924,True,54.58677,3
20260505-014600,-OrtEc8bf1rPtDN1G9-W,2026-05-05 17:45:16+00:00,1778003116000,57510,27.25255,43.16116,10.03872,95140,True,54.27484,3
20260505-014600,-OrtEf48RvuQBTiBvyHs,2026-05-05 17:45:28+00:00,1778003128000,57522,27.25001,43.20506,10.03865,95140,True,54.34986,3
20260505-014600,-OrtEi-npWBwCXZtrBre,2026-05-05 17:45:40+00:00,1778003140000,57534,27.24748,43.3629,10.03868,95140,True,53.08047,3
20260505-014600,-OrtEkw8Dch_6OKgKVVc,2026-05-05 17:45:52+00:00,1778003152000,57546,27.25255,43.2958,10.03878,95248,True,53.81956,3
20260505-014600,-OrtEnrasyH4SIYwa-H3,2026-05-05 17:46:04+00:00,1778003164000,57558,27.24748,43.18911,10.03862,95574,True,52.08875,3
20260505-014600,-OrtEqtNfGWsgsuAvAsk,2026-05-05 17:46:16+00:00,1778003176000,57570,27.25255,43.18617,10.03855,95356,True,54.37299,3
20260505-014600,-OrtEtiGQBtxx2SF1yLx,2026-05-05 17:46:28+00:00,1778003188000,57582,27.24748,43.16934,10.03856,94419,True,55.68444,3
20260505-014600,-OrtEwex2Fup-5JMLU5z,2026-05-05 17:46:40+00:00,1778003200000,57594,27.25255,43.12351,10.03867,94686,True,56.1354,3
20260505-014600,-OrtEz_rSBeAoyMxSkuZ,2026-05-05 17:46:52+00:00,1778003212000,57606,27.25255,43.166,10.03848,94472,True,55.12045,3
20260505-014600,-OrtF1W02Uelerw8Okk6,2026-05-05 17:47:04+00:00,1778003224000,57618,27.25508,43.18886,10.03852,94525,True,54.28599,3
20260505-014600,-OrtF4hjRrh-ZmNqolsM,2026-05-05 17:47:16+00:00,1778003236000,57630,27.25255,43.20914,10.03853,94259,True,57.01859,3
20260505-014600,-OrtF7N1ZiAk0af4ejB6,2026-05-05 17:47:28+00:00,1778003248000,57642,27.25508,43.25509,10.03852,94366,True,56.77328,3
20260505-014600,-OrtFAISKBoIQVDmDcPZ,2026-05-05 17:47:40+00:00,1778003260000,57654,27.26016,43.2086,10.03856,95574,True,53.52031,3
20260505-014600,-OrtFDE6cC4dVQ70yeGi,2026-05-05 17:47:52+00:00,1778003272000,57666,27.25508,43.22012,10.03859,94579,True,55.92138,3
20260505-014600,-OrtFG9NCJ4RCUp39XKy,2026-05-05 17:48:04+00:00,1778003284000,57678,27.25762,43.24961,10.03865,94313,True,55.88135,3
20260505-014600,-OrtFJ4qXBdvKDS_Wjn4,2026-05-05 17:48:16+00:00,1778003296000,57690,27.25255,43.28751,10.03848,94686,True,55.3394,3
20260505-014600,-OrtFM0F-Rzws-NZPGP6,2026-05-05 17:48:28+00:00,1778003308000,57702,27.24494,43.21296,10.03839,94366,True,56.09051,3
20260505-014600,-OrtFOxibwF8M9aARPQn,2026-05-05 17:48:40+00:00,1778003320000,57714,27.25762,43.20438,10.03865,94419,True,57.519,3
20260505-014600,-OrtFRs_mKqCR-veHuPN,2026-05-05 17:48:52+00:00,1778003332000,57726,27.25255,43.21656,10.0386,94259,True,57.8256,3
20260505-014600,-OrtFUo6wUlDGB5Z5Z44,2026-05-05 17:49:04+00:00,1778003344000,57738,27.25762,43.19368,10.03845,94632,True,57.49124,3
20260505-014600,-OrtFXjkynP88gDewfp-,2026-05-05 17:49:16+00:00,1778003356000,57750,27.25001,43.37004,10.03845,94525,True,56.64351,3
20260505-014600,-OrtFaH6O5c9migQoHDM,2026-05-05 17:49:28+00:00,1778003368000,57762,27.25255,43.42006,10.03844,95683,True,52.9737,3
20260505-014600,-OrtFcaepHt8PGOFtUsk,2026-05-05 17:49:40+00:00,1778003380000,57774,27.24748,43.29003,10.03829,95465,True,51.79278,3
20260505-014600,-OrtFfWuVTMErSWZkikW,2026-05-05 17:49:52+00:00,1778003392000,57786,27.25255,43.13148,10.03834,95062,True,55.02982,3
20260505-014600,-OrtFiSguJLNVywjzSFr,2026-05-05 17:50:04+00:00,1778003404000,57798,27.25001,43.0707,10.03844,94793,True,56.12713,3
20260505-014600,-OrtFlO4lm0SrDcz4Xkq,2026-05-05 17:50:16+00:00,1778003416000,57810,27.24748,43.09196,10.03822,94632,True,55.6994,3
20260505-014600,-OrtFoJO2IgesWxaG6_H,2026-05-05 17:50:28+00:00,1778003428000,57822,27.25001,43.05547,10.03845,94686,True,57.3933,3
20260505-014600,-OrtFrFHmYCG8IZsdWNN,2026-05-05 17:50:40+00:00,1778003440000,57834,27.25001,43.00195,10.03842,95170,True,56.16994,3
20260505-014600,-OrtFuAUYw5VoWuDoVD5,2026-05-05 17:50:52+00:00,1778003452000,57846,27.24748,43.06265,10.03824,94847,True,57.14004,3
20260505-014600,-OrtFx5tHOM5kNK_oySg,2026-05-05 17:51:04+00:00,1778003464000,57858,27.25255,43.06979,10.03842,95116,True,57.02668,3
20260505-014600,-OrtG-1D7BZLRg4A-Sh2,2026-05-05 17:51:16+00:00,1778003476000,57870,27.25255,43.08965,10.0383,95062,True,56.11988,3
20260505-014600,-OrtG1y0JuZFL9DKpWx2,2026-05-05 17:51:28+00:00,1778003488000,57882,27.24748,43.14232,10.03824,94154,True,57.94758,3
20260505-014600,-OrtG4tqwxZHIAH0aH5J,2026-05-05 17:51:40+00:00,1778003500000,57894,27.25762,43.09155,10.03833,95170,True,56.26522,3
20260505-014600,-OrtG7onweSpYHOzlAMY,2026-05-05 17:51:52+00:00,1778003512000,57906,27.25508,43.05943,10.03831,94632,True,56.59568,3
20260505-014600,-OrtGAkLVgvoXcVm2hmq,2026-05-05 17:52:04+00:00,1778003524000,57918,27.25255,43.05392,10.03839,94686,True,58.06337,3
20260505-014600,-OrtGDfqLj6lCWmu12K0,2026-05-05 17:52:16+00:00,1778003536000,57930,27.24748,43.09773,10.03817,94472,True,58.01897,3
20260505-014600,-OrtGGbRuAYYZQCsHF3g,2026-05-05 17:52:28+00:00,1778003548000,57942,27.25001,43.10334,10.03831,94579,True,57.40876,3
20260505-014600,-OrtGJsoBO07btBNW0HE,2026-05-05 17:52:40+00:00,1778003560000,57954,27.25255,43.12222,10.03816,94525,True,58.64561,3
20260505-014600,-OrtGMTaNYUNkAab7o_l,2026-05-05 17:52:52+00:00,1778003572000,57966,27.25001,43.06479,10.03833,94579,True,57.97872,3
20260505-014600,-OrtGPSjUthSKC6Am9n_,2026-05-05 17:53:04+00:00,1778003584000,57978,27.24494,43.05629,10.03823,94525,True,58.41835,3
20260505-014600,-OrtGSKLwnEfNfnitKfo,2026-05-05 17:53:16+00:00,1778003596000,57990,27.25508,42.97501,10.03829,94793,True,57.57815,3
20260505-014600,-OrtGVFxw8pnon0EBJCz,2026-05-05 17:53:28+00:00,1778003608000,58002,27.24748,43.00852,10.03827,95278,True,56.18324,3
20260505-014600,-OrtGYB_S-Y_oPYFBG-n,2026-05-05 17:53:40+00:00,1778003620000,58014,27.24494,43.00908,10.03818,94793,True,56.59937,3
20260505-014600,-OrtGa6kB-nkPUrzbMD0,2026-05-05 17:53:52+00:00,1778003632000,58026,27.25001,42.9791,10.03823,95224,True,56.00854,3
20260505-014600,-OrtGd3X_94duZL_8ol9,2026-05-05 17:54:04+00:00,1778003644000,58038,27.24241,43.01148,10.03808,95116,True,56.2952,3
20260505-014600,-OrtGfyqnGoxwr1qzz-K,2026-05-05 17:54:16+00:00,1778003656000,58050,27.25001,42.98663,10.03835,94954,True,56.84435,3
20260505-014600,-OrtGiuR2mbkTZI17UwA,2026-05-05 17:54:28+00:00,1778003668000,58062,27.24494,42.96165,10.03813,94525,True,57.34676,3
20260505-014600,-OrtGlqIKrDHAKZdbQko,2026-05-05 17:54:40+00:00,1778003680000,58074,27.24748,42.984,10.03817,94686,True,57.05924,3
20260505-014600,-OrtGolhzaplOU-LhdOm,2026-05-05 17:54:52+00:00,1778003692000,58086,27.24748,43.01192,10.03826,94739,True,57.36835,3
20260505-014600,-OrtGrgvz0NPUnk7skGY,2026-05-05 17:55:04+00:00,1778003704000,58098,27.24494,42.96982,10.03827,95008,True,57.81697,3
20260505-014600,-OrtGucc7pFtaBMs38eu,2026-05-05 17:55:16+00:00,1778003716000,58110,27.24494,42.9626,10.03839,94900,True,56.49528,3
20260505-014600,-OrtGxYdI_nIfWfkqE3d,2026-05-05 17:55:28+00:00,1778003728000,58122,27.24748,42.95265,10.03824,95496,True,55.84252,3
20260505-014600,-OrtH-U_PfDaIA3_yaP1,2026-05-05 17:55:40+00:00,1778003740000,58134,27.25001,42.97227,10.03835,94579,True,57.5732,3
20260505-014600,-OrtH4wunGqByKQim1iM,2026-05-05 17:55:52+00:00,1778003752000,58146,27.25508,43.06513,10.03838,94579,True,57.08925,3
20260505-014600,-OrtH5hjFf4UHbnhi284,2026-05-05 17:56:06+00:00,1778003766000,58159,27.3053,42.91468,10.0384,95496,True,56.06665,3
20260505-014600,-OrtH8dBAlr8VYmvwwHs,2026-05-05 17:56:18+00:00,1778003778000,58171,27.22212,43.19143,10.03825,87578,True,107.35172,3
20260505-014600,-OrtHBZizYn7jq4GGWnA,2026-05-05 17:56:30+00:00,1778003790000,58183,27.23987,43.00216,10.03841,92004,True,86.69695,3
20260505-014600,-OrtHEVGz_Wwx2JTDVNH,2026-05-05 17:56:42+00:00,1778003802000,58195,27.2348,42.99363,10.03828,93860,True,70.67605,3
20260505-014600,-OrtHHQo0uJg139KK9Ve,2026-05-05 17:56:54+00:00,1778003814000,58207,27.24494,42.94838,10.03846,94709,True,62.27377,3
20260505-014600,-OrtHKMWcL4e2Oq6UoiS,2026-05-05 17:57:06+00:00,1778003826000,58219,27.24241,42.92132,10.03833,95140,True,58.06449,3
20260505-014600,-OrtHNHl6hiY3tQRel07,2026-05-05 17:57:18+00:00,1778003838000,58231,27.23734,42.94086,10.03827,94313,True,60.55602,3
20260505-014600,-OrtHQDEpJ_L13vhSEwf,2026-05-05 17:57:30+00:00,1778003850000,58243,27.24241,43.03312,10.03831,94419,True,57.21451,3
20260505-014600,-OrtHT8j7Ojq_KHT1d37,2026-05-05 17:57:42+00:00,1778003862000,58255,27.24494,42.95948,10.03841,95116,True,57.13068,3
20260505-014600,-OrtHW4KWB_SzLwMJhBZ,2026-05-05 17:57:54+00:00,1778003874000,58267,27.24494,42.94864,10.03851,94206,True,59.89465,3
20260505-014600,-OrtHZ-w2lSkg_-RlkBa,2026-05-05 17:58:06+00:00,1778003886000,58279,27.24494,42.95769,10.03837,94686,True,60.00374,3
20260505-014600,-OrtHawIbvffrUNh6Iy5,2026-05-05 17:58:18+00:00,1778003898000,58291,27.24748,42.96468,10.03824,94472,True,59.87647,3
20260505-014600,-OrtHdrk42F8dW8qIGsz,2026-05-05 17:58:30+00:00,1778003910000,58303,27.24494,42.96637,10.03834,94525,True,58.92578,3
20260505-014600,-OrtHgnIj607fvachYZH,2026-05-05 17:58:42+00:00,1778003922000,58315,27.24494,42.96404,10.0383,95441,True,57.82716,3
20260505-014600,-OrtHjuJyzqa8XOL48WY,2026-05-05 17:58:54+00:00,1778003934000,58327,27.24494,43.01026,10.03836,95170,True,57.09409,3
20260505-014600,-OrtHmeFW-5BkICxG79l,2026-05-05 17:59:06+00:00,1778003946000,58339,27.24748,42.98008,10.03841,95062,True,57.12121,3
20260505-014600,-OrtHp_tNhHFgufzO275,2026-05-05 17:59:18+00:00,1778003958000,58351,27.25255,42.93702,10.03837,95659,True,55.91676,3
20260505-014600,-OrtHsWvUNrU6W8QaiF8,2026-05-05 17:59:30+00:00,1778003970000,58363,27.25255,43.01814,10.03828,94954,True,56.61808,3
20260505-014600,-OrtHvS-z85A5zY_MLLD,2026-05-05 17:59:42+00:00,1778003982000,58375,27.24748,42.98179,10.03827,95496,True,55.6119,3
20260505-014600,-OrtHyN3LpEoI2WBWfR2,2026-05-05 17:59:54+00:00,1778003994000,58387,27.24748,42.97491,10.03815,95605,True,56.09572,3
20260505-014600,-OrtI0JQG5L95Wv-1aHU,2026-05-05 18:00:06+00:00,1778004006000,58399,27.24748,42.98737,10.03819,95170,True,57.61646,3
20260505-014600,-OrtI3EO1gtprIsA5Xzc,2026-05-05 18:00:18+00:00,1778004018000,58411,27.24748,43.08603,10.03827,94472,True,58.88983,3
20260505-014600,-OrtI69nmorhFXvnt3X6,2026-05-05 18:00:30+00:00,1778004030000,58423,27.25001,43.1746,10.03828,94739,True,57.98542,3
20260505-014600,-OrtI954Jbu66vo4xBim,2026-05-05 18:00:42+00:00,1778004042000,58435,27.24494,43.14185,10.03834,94472,True,58.35539,3
20260505-014600,-OrtIC1QzsT4PV9O0t1q,2026-05-05 18:00:54+00:00,1778004054000,58447,27.24241,43.08484,10.03821,94686,True,57.82347,3
20260505-014600,-OrtIExuxQwLhf8FXLu4,2026-05-05 18:01:06+00:00,1778004066000,58459,27.23987,42.99877,10.03827,95116,True,57.0618,3
20260505-014600,-OrtIHsVIhE2noZSPIPJ,2026-05-05 18:01:18+00:00,1778004078000,58471,27.24494,42.99392,10.03832,94525,True,58.11877,3
20260505-014600,-OrtIKoJGbKbjFUw_R3J,2026-05-05 18:01:30+00:00,1778004090000,58483,27.24241,43.01806,10.03814,95441,True,55.89902,3
20260505-014600,-OrtINjkwOulSFUXYLcl,2026-05-05 18:01:42+00:00,1778004102000,58495,27.24748,42.99708,10.03831,95008,True,56.54251,3
20260505-014600,-OrtIQfHkt-mUAudQ9ZQ,2026-05-05 18:01:54+00:00,1778004114000,58507,27.24494,43.01881,10.03816,94579,True,57.42836,3
20260505-014600,-OrtIUAwv9zTt6MgcloD,2026-05-05 18:02:06+00:00,1778004126000,58519,27.24241,43.10261,10.0383,94847,True,56.97312,3
20260505-014600,-OrtIWXBjPQs0UV8s6Dq,2026-05-05 18:02:18+00:00,1778004138000,58531,27.24494,43.09126,10.03816,95008,True,57.55287,3
20260505-014600,-OrtIZSycWmgCGC12aLJ,2026-05-05 18:02:30+00:00,1778004150000,58543,27.24494,43.08187,10.03839,94900,True,57.1224,3
20260505-014600,-OrtIbOLwWAv9BbZGZTv,2026-05-05 18:02:42+00:00,1778004162000,58555,27.24494,43.08964,10.03834,95387,True,55.57979,3
20260505-014600,-OrtIeJnlRML4WkhxwKt,2026-05-05 18:02:54+00:00,1778004174000,58567,27.24494,43.12778,10.03818,95116,True,56.80214,3
20260505-014600,-OrtIhFXaOmUjmkezzsE,2026-05-05 18:03:06+00:00,1778004186000,58579,27.24748,43.12327,10.03836,94739,True,56.83125,3
20260505-014600,-OrtIkB9VYkJuYLS4IiW,2026-05-05 18:03:18+00:00,1778004198000,58591,27.24494,43.05316,10.03823,95387,True,56.6101,3
20260505-014600,-OrtIn68cbT197ApBTYv,2026-05-05 18:03:30+00:00,1778004210000,58603,27.23987,42.98673,10.03811,94739,True,57.25057,3
20260505-014600,-OrtIq1bdfM4igSPlWD1,2026-05-05 18:03:42+00:00,1778004222000,58615,27.24748,42.93585,10.03831,94900,True,55.32941,3
20260505-014600,-OrtIsy89HNB9kj2rrXG,2026-05-05 18:03:54+00:00,1778004234000,58627,27.24748,42.95477,10.03834,95170,True,56.0505,3
20260505-014600,-OrtIvu6zz3eGR_qFG43,2026-05-05 18:04:06+00:00,1778004246000,58639,27.24748,43.05077,10.03804,95387,True,55.67506,3
20260505-014600,-OrtIypGRjNXTptmD3VF,2026-05-05 18:04:18+00:00,1778004258000,58651,27.2348,43.17062,10.03803,94579,True,56.27248,3
20260505-014600,-OrtJ0kfJhv2VMlITG17,2026-05-05 18:04:30+00:00,1778004270000,58663,27.23987,43.25638,10.03801,95008,True,57.20646,3
20260505-014600,-OrtJ3g0OwWASwXVAAWb,2026-05-05 18:04:42+00:00,1778004282000,58675,27.24494,43.41224,10.03807,94793,True,57.67442,3
20260505-014600,-OrtJ6bZK-OQmVRSTrq6,2026-05-05 18:04:54+00:00,1778004294000,58687,27.2348,43.35284,10.03793,94366,True,58.80424,3
20260505-014600,-OrtJ9YWQSs2wrrLUTPA,2026-05-05 18:05:06+00:00,1778004306000,58699,27.23987,43.2186,10.03797,94686,True,57.57872,3
20260505-014600,-OrtJCkR-nUd7-twXuoM,2026-05-05 18:05:18+00:00,1778004318000,58711,27.23734,43.17527,10.03799,94632,True,57.53845,3
20260505-014600,-OrtJFP6o5F3pWGP65j5,2026-05-05 18:05:30+00:00,1778004330000,58723,27.24241,43.09765,10.03814,95116,True,56.15365,3
20260505-014600,-OrtJIKeXWaWtLjbArDL,2026-05-05 18:05:42+00:00,1778004342000,58735,27.23987,43.11815,10.03817,95008,True,55.13204,3
20260505-014600,-OrtJLGUDWfbrDxvVbuF,2026-05-05 18:05:54+00:00,1778004354000,58747,27.23987,43.13361,10.0381,95008,True,54.43045,3
20260505-014600,-OrtJOBb4vNKQNM37lUr,2026-05-05 18:06:06+00:00,1778004366000,58759,27.24494,43.11467,10.03832,95550,True,54.98446,3
20260505-014600,-OrtJR74IAQE6mzytWt3,2026-05-05 18:06:18+00:00,1778004378000,58771,27.23734,43.15427,10.038,95224,True,55.28455,3
20260505-014600,-OrtJU2af9MqH8-CAYKl,2026-05-05 18:06:30+00:00,1778004390000,58783,27.24241,43.13741,10.0383,95683,True,54.0206,3
20260505-014600,-OrtJWz5ObpUJYIB049n,2026-05-05 18:06:42+00:00,1778004402000,58795,27.2348,43.12806,10.03816,95008,True,55.35827,3
20260505-014600,-OrtJZubAgjY3FnkT4rf,2026-05-05 18:06:54+00:00,1778004414000,58807,27.23987,43.10375,10.03817,94472,True,57.7157,3
20260505-014600,-OrtJbqnKLib3AkUtCgp,2026-05-05 18:07:06+00:00,1778004426000,58819,27.23987,43.15401,10.03845,94686,True,57.31081,3
20260505-014600,-OrtJeldG676xV5-QHjo,2026-05-05 18:07:18+00:00,1778004438000,58831,27.23987,43.08849,10.03822,94793,True,56.59307,3
20260505-014600,-OrtJhh-Wybh02EPcRa1,2026-05-05 18:07:30+00:00,1778004450000,58843,27.24748,43.01979,10.03841,95116,True,56.44352,3
20260505-014600,-OrtJkce5hJeGWs1qzmM,2026-05-05 18:07:42+00:00,1778004462000,58855,27.24241,43.13271,10.0383,94847,True,55.54472,3
20260505-014600,-OrtJnZC1nSRddyH6Sss,2026-05-05 18:07:54+00:00,1778004474000,58867,27.24241,43.28703,10.03828,94632,True,57.70599,3
20260505-014600,-OrtJqUaOlm8lhuTdkKC,2026-05-05 18:08:06+00:00,1778004486000,58879,27.24494,43.10057,10.03843,94632,True,56.86563,3
20260505-014600,-OrtJtQ3pl6S73SymVZB,2026-05-05 18:08:18+00:00,1778004498000,58891,27.24241,43.06929,10.03819,94579,True,57.47673,3
20260505-014600,-OrtJweEQIyrwJaFMBRN,2026-05-05 18:08:30+00:00,1778004510000,58903,27.23734,43.11721,10.03832,94900,True,56.46579,3
20260505-014600,-OrtJzGzCctyiQErYuol,2026-05-05 18:08:42+00:00,1778004522000,58915,27.23987,43.04761,10.03854,95441,True,55.58807,3
20260505-014600,-OrtK1CZdyEmSL3P4QRR,2026-05-05 18:08:54+00:00,1778004534000,58927,27.2348,43.08038,10.03833,94632,True,56.75109,3
20260505-014600,-OrtK48Ctz89cxk9_ZCC,2026-05-05 18:09:06+00:00,1778004546000,58939,27.23226,43.15845,10.03836,94793,True,57.35133,3
20260505-014600,-OrtK73esqSwYTm9llCp,2026-05-05 18:09:18+00:00,1778004558000,58951,27.2348,43.22145,10.03854,94847,True,57.23525,3
20260505-014600,-OrtKA-5no4yw7Hyn-HV,2026-05-05 18:09:30+00:00,1778004570000,58963,27.2348,43.23108,10.03844,95062,True,55.52673,3
20260505-014600,-OrtKCvkXhzOQ0ssTKWa,2026-05-05 18:09:42+00:00,1778004582000,58975,27.24241,43.14387,10.03872,95062,True,55.62622,3
20260505-014600,-OrtKFr6Xb8Ky0XWTDLA,2026-05-05 18:09:54+00:00,1778004594000,58987,27.2348,43.137,10.03865,94900,True,56.41949,3
20260505-014600,-OrtKIn-NyR0v74NzztV,2026-05-05 18:10:06+00:00,1778004606000,58999,27.23734,43.13809,10.0386,95441,True,55.50206,3
20260505-014600,-OrtKLi0miJxDVzZu8XP,2026-05-05 18:10:18+00:00,1778004618000,59011,27.2348,43.16672,10.03863,95441,True,55.69311,3
20260505-014600,-OrtKOdTKo8vwnloTc5M,2026-05-05 18:10:30+00:00,1778004630000,59023,27.23734,43.17423,10.03878,94686,True,56.97993,3
20260505-014600,-OrtKR_BxggalKmSPSn5,2026-05-05 18:10:42+00:00,1778004642000,59035,27.23226,43.22515,10.03854,94847,True,56.04507,3
20260505-014600,-OrtKUVQK4EIZr9xttLj,2026-05-05 18:10:54+00:00,1778004654000,59047,27.23734,43.15008,10.03851,94793,True,57.1077,3
20260505-014600,-OrtKXRT3M9i9DVBBP4f,2026-05-05 18:11:06+00:00,1778004666000,59059,27.23987,43.06355,10.0388,94739,True,57.32938,3
20260505-014600,-OrtK_MwlflszIS88Fjm,2026-05-05 18:11:18+00:00,1778004678000,59071,27.23734,43.08832,10.03876,94954,True,56.38232,3
20260505-014600,-OrtKcIZpvCRu3mEDyUC,2026-05-05 18:11:30+00:00,1778004690000,59083,27.24241,43.00395,10.03896,94793,True,57.35648,3
20260505-014600,-OrtKfNgzBdd98aMAdQy,2026-05-05 18:11:42+00:00,1778004702000,59095,27.23987,43.02482,10.0388,95332,True,55.46014,3
20260505-014600,-OrtKi934krMX4FuZrWc,2026-05-05 18:11:54+00:00,1778004714000,59107,27.23734,43.10856,10.03876,94739,True,57.22409,3
20260505-014600,-OrtKl571y6X1BwbuWLC,2026-05-05 18:12:06+00:00,1778004726000,59119,27.23734,43.14625,10.03885,94579,True,57.15984,3
20260505-014600,-OrtKo-tPGbffRlhIq2y,2026-05-05 18:12:18+00:00,1778004738000,59131,27.2348,43.13218,10.03891,94686,True,57.19975,3
20260505-014600,-OrtKqwTQqy8qJCXDu1H,2026-05-05 18:12:30+00:00,1778004750000,59143,27.23734,43.08402,10.03909,95224,True,56.13708,3
20260505-014600,-OrtKtsxti1vTdNCf_Dg,2026-05-05 18:12:42+00:00,1778004762000,59155,27.23734,43.11922,10.03906,95332,True,56.11024,3
20260505-014600,-OrtKwnVfBP_MIg7scJW,2026-05-05 18:12:54+00:00,1778004774000,59167,27.23987,43.12718,10.03896,94686,True,56.35647,3
20260505-014600,-OrtKzjBsiX5L7Kz6y4J,2026-05-05 18:13:06+00:00,1778004786000,59179,27.23987,43.0422,10.03906,94739,True,57.07114,3
20260505-014600,-OrtL1eU5_9K0s3JaEiv,2026-05-05 18:13:18+00:00,1778004798000,59191,27.23734,43.00113,10.03906,95116,True,55.71102,3
20260505-014600,-OrtL4_uDriZy9i5ZrNq,2026-05-05 18:13:30+00:00,1778004810000,59203,27.23734,42.97821,10.03936,95441,True,55.2994,3
20260505-014600,-OrtL7WW8__kHinirJik,2026-05-05 18:13:42+00:00,1778004822000,59215,27.24241,42.95373,10.03928,95008,True,54.99591,3
20260505-014600,-OrtLASDBrtv-S8lsdgh,2026-05-05 18:13:54+00:00,1778004834000,59227,27.24494,43.11185,10.03934,95387,True,55.7702,3
20260505-014600,-OrtLDNMtUwGJSeXzeYV,2026-05-05 18:14:06+00:00,1778004846000,59239,27.23734,43.29629,10.03913,94472,True,56.22321,3
20260505-014600,-OrtLGJ2zRLYb8xC-4c3,2026-05-05 18:14:18+00:00,1778004858000,59251,27.24241,43.26168,10.03951,95008,True,56.8084,3
20260505-014600,-OrtLJEXQ_BITXjaIslA,2026-05-05 18:14:30+00:00,1778004870000,59263,27.24241,43.11515,10.03923,95116,True,55.8215,3
20260505-014600,-OrtLM9vAoS3pUxk40jQ,2026-05-05 18:14:42+00:00,1778004882000,59275,27.23734,43.07846,10.03922,94900,True,56.33283,3
20260505-014600,-OrtLPPF2w0BOoKjSfqc,2026-05-05 18:14:54+00:00,1778004894000,59287,27.23734,43.04046,10.03925,95116,True,54.97173,3
20260505-014600,-OrtLS1PbE8Dv-0j34LA,2026-05-05 18:15:06+00:00,1778004906000,59299,27.23734,43.0097,10.03925,95008,True,55.80943,3
20260505-014600,-OrtLUxsOoRy1F346F2P,2026-05-05 18:15:18+00:00,1778004918000,59311,27.23734,43.03004,10.03929,95170,True,56.00119,3
20260505-014600,-OrtLXt7TLcurYY4Z7rS,2026-05-05 18:15:30+00:00,1778004930000,59323,27.23226,42.99154,10.03936,95332,True,55.29234,3
20260505-014600,-OrtL_owhXr9a4lz5ZgA,2026-05-05 18:15:42+00:00,1778004942000,59335,27.23734,42.93615,10.03945,95170,True,54.90382,3
20260505-014600,-OrtLcHEAsIkLFyMwh-5,2026-05-05 18:15:52+00:00,1778004952000,59346,27.16127,43.41234,10.03972,88504,True,69.47257,3
20260505-014600,-OrtLfDID9wL0Snr7HPl,2026-05-05 18:16:04+00:00,1778004964000,59358,27.22466,43.03855,10.03965,93233,True,72.12936,3
20260505-014600,-OrtLi7tGgh_AbhepsGV,2026-05-05 18:16:16+00:00,1778004976000,59370,27.22973,43.00652,10.03931,95140,True,61.09897,3
20260505-014600,-OrtLl3djtVgbpzv3Jp9,2026-05-05 18:16:28+00:00,1778004988000,59382,27.2348,42.99962,10.0396,94419,True,59.70391,3
20260505-014600,-OrtLnzxP83s3SGsk5VM,2026-05-05 18:16:40+00:00,1778005000000,59394,27.22973,43.10872,10.03943,94154,True,61.16544,3
20260505-014600,-OrtLqvZAlXZNFrWdHII,2026-05-05 18:16:52+00:00,1778005012000,59406,27.23226,43.15372,10.03947,94525,True,59.54126,3
20260505-014600,-OrtLtrldv9gs5obL-do,2026-05-05 18:17:04+00:00,1778005024000,59418,27.23226,43.05066,10.03943,94686,True,59.09007,3
20260505-014600,-OrtLwmuWhixCl8HYGQb,2026-05-05 18:17:16+00:00,1778005036000,59430,27.2348,43.01947,10.03976,95062,True,56.97224,3
20260505-014600,-OrtLzi4XW91JfY8ZdaI,2026-05-05 18:17:28+00:00,1778005048000,59442,27.2348,43.06009,10.0397,94632,True,58.4314,3
20260505-014600,-OrtM1d_8b2iTC4YKPya,2026-05-05 18:17:40+00:00,1778005060000,59454,27.23987,43.11722,10.03965,94739,True,57.58344,3
20260505-014600,-OrtM4_2yYaH8z50J_F5,2026-05-05 18:17:52+00:00,1778005072000,59466,27.22719,43.25134,10.03967,94632,True,58.44209,3
20260505-014600,-OrtM7dhnTw8L4RVAPRr,2026-05-05 18:18:04+00:00,1778005084000,59478,27.23734,43.18579,10.03982,95008,True,57.17296,3
20260505-014600,-OrtMAR63eEMW8IjsPlL,2026-05-05 18:18:16+00:00,1778005096000,59490,27.2348,43.10123,10.0397,94525,True,57.81997,3
20260505-014600,-OrtMDMjBONIEq9g5CdK,2026-05-05 18:18:28+00:00,1778005108000,59502,27.23987,43.10374,10.03973,94686,True,57.17287,3
20260505-014600,-OrtMGI4ZAYNHT_SnggV,2026-05-05 18:18:40+00:00,1778005120000,59514,27.23734,43.06363,10.03973,94739,True,57.0004,3
20260505-014600,-OrtMJDZCHmBT7GnJih-,2026-05-05 18:18:52+00:00,1778005132000,59526,27.23987,43.00924,10.03982,94900,True,56.76827,3
20260505-014600,-OrtMMA7CVozWgLOrx4S,2026-05-05 18:19:04+00:00,1778005144000,59538,27.24494,42.95193,10.03953,95116,True,55.38823,3
20260505-014600,-OrtMP4PHqYO-Qenw4EY,2026-05-05 18:19:16+00:00,1778005156000,59550,27.23987,42.96034,10.03977,95387,True,55.42741,3
20260505-014600,-OrtMS06ucBnOTbebIYM,2026-05-05 18:19:28+00:00,1778005168000,59562,27.2348,42.98553,10.03988,95062,True,55.81377,3
20260505-014600,-OrtMUwWRQlAAVZs6yUO,2026-05-05 18:19:40+00:00,1778005180000,59574,27.23226,43.01852,10.03991,95008,True,55.67147,3
20260505-014600,-OrtMXs8D-C38Ou3MDcB,2026-05-05 18:19:52+00:00,1778005192000,59586,27.23734,43.00587,10.03975,95605,True,55.5099,3
20260505-014600,-OrtM_ntm1rGv_ERXpRp,2026-05-05 18:20:04+00:00,1778005204000,59598,27.2348,42.94733,10.03963,95496,True,55.46495,3
20260505-014600,-OrtMcivtlchH4pBpQnW,2026-05-05 18:20:16+00:00,1778005216000,59610,27.23734,42.87189,10.03959,95332,True,55.73817,3
20260505-014600,-OrtMfeM6Cn70rfrCkY_,2026-05-05 18:20:28+00:00,1778005228000,59622,27.23734,42.86252,10.03978,95332,True,55.1867,3
20260505-014600,-OrtMi_vESwQzHZUy_4O,2026-05-05 18:20:40+00:00,1778005240000,59634,27.24241,42.92064,10.03972,95823,True,54.91357,3
20260505-014600,-OrtMlWSGrBg7SzxqGuK,2026-05-05 18:20:52+00:00,1778005252000,59646,27.22973,43.00074,10.03975,95224,True,55.07742,3
20260505-014600,-OrtMoSZVRWj8q-9zK-c,2026-05-05 18:21:04+00:00,1778005264000,59658,27.23734,43.03917,10.03966,95496,True,54.58664,3
20260505-014600,-OrtMsMsRzYrmlpmrZNX,2026-05-05 18:21:16+00:00,1778005276000,59670,27.22973,43.02316,10.03948,95659,True,54.55743,3
20260505-014600,-OrtMtrkeu3UQTPUhqY-,2026-05-05 18:21:26+00:00,1778005286000,59680,27.15619,43.45508,10.03948,88411,True,68.5654,3
20260505-014600,-OrtMwn0fWES-1em5PXq,2026-05-05 18:21:38+00:00,1778005298000,59692,27.22212,43.45424,10.03992,92820,True,74.7346,3
20260505-014600,-OrtMzieMH8zHaETOxXM,2026-05-05 18:21:50+00:00,1778005310000,59704,27.22466,43.45936,10.03973,95032,True,63.26227,3
20260505-014600,-OrtN1eSxK1sJB1C1i4k,2026-05-05 18:22:02+00:00,1778005322000,59716,27.22719,43.26219,10.03993,95683,True,55.53857,3
20260505-014600,-OrtN4_YIOr4MvYEUcW1,2026-05-05 18:22:14+00:00,1778005334000,59728,27.22466,43.16129,10.03972,95683,True,54.9061,3
20260505-014600,-OrtN7WQF1iDdEHNEhbf,2026-05-05 18:22:26+00:00,1778005346000,59740,27.22466,43.00735,10.03961,94525,True,57.34721,3
20260505-014600,-OrtNARIGRDA9SAfCs8-,2026-05-05 18:22:38+00:00,1778005358000,59752,27.22719,43.00189,10.03956,94847,True,56.39278,3
20260505-014600,-OrtNDN0goNZWHVO-1SJ,2026-05-05 18:22:50+00:00,1778005370000,59764,27.2348,42.99506,10.03972,94686,True,57.14871,3
20260505-014600,-OrtNGIf_D6nqbRR6noS,2026-05-05 18:23:02+00:00,1778005382000,59776,27.22719,43.00531,10.03956,94793,True,56.7578,3
20260505-014600,-OrtNJEDaMdVQEIjFa2m,2026-05-05 18:23:14+00:00,1778005394000,59788,27.22973,42.95787,10.03976,95496,True,55.27013,3
20260505-014600,-OrtNMAXQampXjKNq9Al,2026-05-05 18:23:26+00:00,1778005406000,59800,27.22466,42.99,10.03959,94954,True,55.86612,3
20260505-014600,-OrtNP4owNgKW6_PsGIY,2026-05-05 18:23:38+00:00,1778005418000,59812,27.22973,43.01464,10.03968,94739,True,56.36462,3
20260505-014600,-OrtNS0dIdHpJyWfNxrw,2026-05-05 18:23:50+00:00,1778005430000,59824,27.22973,43.07339,10.0395,95062,True,56.20404,3
20260505-014600,-OrtNV6aWsix2QQU8mAN,2026-05-05 18:24:02+00:00,1778005442000,59836,27.22973,42.98714,10.03962,94954,True,56.70601,3
20260505-014600,-OrtNXsYtRi3jfD-ELQJ,2026-05-05 18:24:14+00:00,1778005454000,59848,27.22973,42.96246,10.03952,95387,True,55.00195,3
20260505-014600,-OrtNa6BOtTyBy74awvy,2026-05-05 18:24:26+00:00,1778005466000,59860,27.2348,42.97076,10.04004,95170,True,56.08496,3
20260505-014600,-OrtNcjG6pDp0zVTJmDn,2026-05-05 18:24:38+00:00,1778005478000,59872,27.22719,43.0095,10.03971,95823,True,55.5233,3
20260505-014600,-OrtNff6H7wa2CE-bMyn,2026-05-05 18:24:50+00:00,1778005490000,59884,27.22719,43.03299,10.03986,95170,True,55.7269,3
20260505-014600,-OrtNiaah1ddrXPjQDvE,2026-05-05 18:25:02+00:00,1778005502000,59896,27.22719,43.13779,10.0396,95224,True,56.18194,3
20260505-014600,-OrtNlX22Gaq_2BN0ATs,2026-05-05 18:25:14+00:00,1778005514000,59908,27.22719,43.17173,10.03993,95496,True,55.92467,3
20260505-014600,-OrtNoT7Ul483GrBYyll,2026-05-05 18:25:26+00:00,1778005526000,59920,27.22466,43.20835,10.03973,94472,True,58.10877,3
20260505-014600,-OrtNrNrhtygE8ObnvcX,2026-05-05 18:25:38+00:00,1778005538000,59932,27.22973,43.05527,10.03978,95441,True,55.87162,3
20260505-014600,-OrtNuJHby6srv4-kSOl,2026-05-05 18:25:50+00:00,1778005550000,59944,27.22973,42.98833,10.04001,95605,True,54.98343,3
20260505-014600,-OrtNxF0WFWUK0VbZtuP,2026-05-05 18:26:02+00:00,1778005562000,59956,27.22466,43.06596,10.03977,95170,True,55.53919,3
20260505-014600,-OrtO-AQsXYkkydPSeQr,2026-05-05 18:26:14+00:00,1778005574000,59968,27.22466,43.11726,10.03981,94739,True,56.48446,3
20260505-014600,-OrtO26ufcADBQM9sXbM,2026-05-05 18:26:26+00:00,1778005586000,59980,27.22466,43.08686,10.03977,95441,True,55.04079,3
20260505-014600,-OrtO52G0l5OwgwObBYv,2026-05-05 18:26:38+00:00,1778005598000,59992,27.22719,42.99859,10.03985,95062,True,56.37506,3
20260505-014600,-OrtO7xsT97vdzWuPimf,2026-05-05 18:26:50+00:00,1778005610000,60004,27.22719,43.03296,10.03976,95170,True,55.56424,3
20260505-014600,-OrtOAtypmtUkCx6RdcH,2026-05-05 18:27:02+00:00,1778005622000,60016,27.22466,43.02756,10.0397,95332,True,55.63762,3
20260505-014600,-OrtODpM0z4OIxB3Fsab,2026-05-05 18:27:14+00:00,1778005634000,60028,27.22466,43.0359,10.03979,95224,True,55.354,3
20260505-014600,-OrtOGkR9YQuF_8LJqTw,2026-05-05 18:27:26+00:00,1778005646000,60040,27.22973,43.00695,10.03982,95496,True,55.15757,3
20260505-014600,-OrtOKW1H_KYk_LcrARo,2026-05-05 18:27:38+00:00,1778005658000,60052,27.23226,43.06055,10.04019,94954,True,55.99448,3
20260505-014600,-OrtOMjb95hf_qh6nuxs,2026-05-05 18:27:50+00:00,1778005670000,60064,27.19676,43.3334,10.03981,91004,True,72.84437,3
20260505-014600,-OrtOPf4YbuJY-Qn0XOv,2026-05-05 18:28:02+00:00,1778005682000,60076,27.22212,43.09015,10.03983,94496,True,65.57874,3
20260505-014600,-OrtOSbi4p8JJOvAYZcx,2026-05-05 18:28:14+00:00,1778005694000,60088,27.22212,43.00631,10.03985,95574,True,57.38449,3
20260505-014600,-OrtOVXGnNJPBqYvO-38,2026-05-05 18:28:26+00:00,1778005706000,60100,27.22719,42.98962,10.0399,94739,True,59.77402,3
20260505-014600,-OrtOYSPXSHWlN3YSnvg,2026-05-05 18:28:38+00:00,1778005718000,60112,27.23226,43.03703,10.03968,95224,True,57.90246,3
20260505-014600,-OrtOaOGqUbfdjxBUXMl,2026-05-05 18:28:50+00:00,1778005730000,60124,27.22466,43.11023,10.03965,95062,True,57.50803,3
20260505-014600,-OrtOdJWW9yUks1eOBD0,2026-05-05 18:29:02+00:00,1778005742000,60136,27.22719,43.05264,10.03981,95496,True,55.74712,3
20260505-014600,-OrtOgF72wBoR4m0CoNb,2026-05-05 18:29:14+00:00,1778005754000,60148,27.21705,42.98309,10.03952,94847,True,57.37721,3
20260505-014600,-OrtOjAUYmHw3QYlbx1G,2026-05-05 18:29:26+00:00,1778005766000,60160,27.22212,43.04586,10.03954,95278,True,56.58635,3
20260505-014600,-OrtOpR2gB9vlUtCTeF3,2026-05-05 18:29:51+00:00,1778005791000,60185,27.27448,42.93753,10.03967,95008,True,57.0451,3
20260505-014600,-OrtOsCufbuhatjvsVnG,2026-05-05 18:30:03+00:00,1778005803000,60197,27.19676,43.29644,10.03964,87946,True,105.90112,3
20260505-014600,-OrtOv8URcYWr1VWYKB0,2026-05-05 18:30:15+00:00,1778005815000,60209,27.21198,43.08054,10.03964,92207,True,86.07957,3
20260505-014600,-OrtOy3z7-LDBZWA5SXP,2026-05-05 18:30:27+00:00,1778005827000,60221,27.21705,42.98326,10.03961,94283,True,68.75609,3
20260505-014600,-OrtP0BgR4zsyAM0XuMr,2026-05-05 18:30:39+00:00,1778005839000,60233,27.21451,42.93183,10.03952,95356,True,59.86267,3
20260505-014600,-OrtP2w9NsV50jb7r5DU,2026-05-05 18:30:51+00:00,1778005851000,60245,27.21198,42.91706,10.03927,94632,True,57.18145,3
20260505-014600,-OrtP5rLQ7Tnt5RZGmfJ,2026-05-05 18:31:03+00:00,1778005863000,60257,27.21959,42.92179,10.03948,94472,True,58.83154,3
20260505-014600,-OrtP8mjtvEXQ0W_ZrZq,2026-05-05 18:31:15+00:00,1778005875000,60269,27.21705,42.99753,10.03942,94101,True,60.83739,3
20260505-014600,-OrtPBiiNs9RQ-cXno0J,2026-05-05 18:31:27+00:00,1778005887000,60281,27.22212,43.13297,10.03925,95062,True,59.52853,3
20260505-014600,-OrtPEeSs6-eFxXp_v8L,2026-05-05 18:31:39+00:00,1778005899000,60293,27.22212,43.10979,10.03915,94419,True,60.06626,3
20260505-014600,-OrtPH_rjh60OAHi2mpX,2026-05-05 18:31:51+00:00,1778005911000,60305,27.21959,43.0339,10.03916,95278,True,58.23509,3
20260505-014600,-OrtPKVvZg312MX7vr57,2026-05-05 18:32:03+00:00,1778005923000,60317,27.21959,42.95079,10.03946,95062,True,56.84706,3
20260505-014600,-OrtPNRI9OX7NG9o1TAX,2026-05-05 18:32:15+00:00,1778005935000,60329,27.21705,42.95909,10.039,95116,True,55.79951,3
20260505-014600,-OrtPQMwXTpKmFB_5Vff,2026-05-05 18:32:27+00:00,1778005947000,60341,27.21705,43.08658,10.03919,95116,True,56.43248,3
20260505-014600,-OrtPTIBakfuaLocYlMW,2026-05-05 18:32:39+00:00,1778005959000,60353,27.21705,43.11554,10.03928,95062,True,55.78363,3
20260505-014600,-OrtPWDuMnZKIE3Za5ZO,2026-05-05 18:32:51+00:00,1778005971000,60365,27.21959,43.04465,10.03921,94419,True,58.53915,3
20260505-014600,-OrtPZ9BsrfEzBiP6T7T,2026-05-05 18:33:03+00:00,1778005983000,60377,27.22212,42.99693,10.03943,94739,True,58.11234,3
20260505-014600,-OrtPb4lP2P0nlX6s3vV,2026-05-05 18:33:15+00:00,1778005995000,60389,27.22719,42.98566,10.03965,95278,True,56.54805,3
20260505-014600,-OrtPe0bzLy6Rtlcz2M6,2026-05-05 18:33:27+00:00,1778006007000,60401,27.22466,42.99145,10.03942,95224,True,55.95838,3
20260505-014600,-OrtPgx16aeCZ5kjyIcV,2026-05-05 18:33:39+00:00,1778006019000,60413,27.21451,43.00617,10.03929,95278,True,56.36242,3
20260505-014600,-OrtPkwKqi628uOVnTxf,2026-05-05 18:33:51+00:00,1778006031000,60425,27.22466,43.01608,10.0394,94793,True,56.5332,3
20260505-014600,-OrtPmbTIFXZZ9gg2SOQ,2026-05-05 18:34:03+00:00,1778006043000,60436,27.14098,43.62433,10.03932,86762,True,73.12905,3
20260505-014600,-OrtPpYBauHoOjrVEcEB,2026-05-05 18:34:15+00:00,1778006055000,60448,27.20944,43.07948,10.03912,92512,True,78.23773,3
20260505-014600,-OrtPsTtd5Y82A6cF5_W,2026-05-05 18:34:27+00:00,1778006067000,60460,27.21451,42.94205,10.03915,95032,True,64.75657,3
20260505-014600,-OrtPvPe4cNY0QlwU5i9,2026-05-05 18:34:39+00:00,1778006079000,60472,27.22212,42.94017,10.03917,94472,True,60.44477,3
20260505-014600,-OrtPyKUo81ZAIVSlbuf,2026-05-05 18:34:51+00:00,1778006091000,60484,27.21705,43.05588,10.039,95683,True,57.77489,3
20260505-014600,-OrtQ0GHZVVOUOUBuU17,2026-05-05 18:35:03+00:00,1778006103000,60496,27.21705,43.08166,10.03875,94954,True,58.3549,3
20260505-014600,-OrtQ3Bl1NZGdB21uBgw,2026-05-05 18:35:15+00:00,1778006115000,60508,27.22212,43.09161,10.03894,94525,True,58.42558,3
20260505-014600,-OrtQ67233Y1XcRldkYo,2026-05-05 18:35:27+00:00,1778006127000,60520,27.21451,43.12091,10.03857,94739,True,58.94823,3
20260505-014600,-OrtQ92hc6tYVECum3AY,2026-05-05 18:35:39+00:00,1778006139000,60532,27.21959,43.15137,10.03914,94686,True,57.76204,3
20260505-014600,-OrtQByv-gxcpO_2zwdU,2026-05-05 18:35:51+00:00,1778006151000,60544,27.21705,43.12331,10.03882,94954,True,57.74559,3
20260505-014600,-OrtQEuT50zRgvs2DX27,2026-05-05 18:36:03+00:00,1778006163000,60556,27.21705,43.15311,10.03893,94525,True,57.32591,3
20260505-014600,-OrtQHqKM6aNBk5Yf020,2026-05-05 18:36:15+00:00,1778006175000,60568,27.22212,43.19418,10.03874,95008,True,56.70984,3
20260505-014600,-OrtQKlp4ZFDaVrdUMP-,2026-05-05 18:36:27+00:00,1778006187000,60580,27.22212,43.12997,10.03887,95278,True,56.43062,3
20260505-014600,-OrtQNh9eVuZdHYpsxrD,2026-05-05 18:36:39+00:00,1778006199000,60592,27.22466,43.26477,10.03905,94793,True,56.23442,3
20260505-014600,-OrtQQciqogriZ5lo1PW,2026-05-05 18:36:51+00:00,1778006211000,60604,27.21959,43.22213,10.03862,94954,True,56.57832,3
20260505-014600,-OrtQTjD7Vv0NVYHcr9z,2026-05-05 18:37:03+00:00,1778006223000,60616,27.22212,43.08477,10.03883,95496,True,55.74134,3
20260505-014600,-OrtQWUOaXcMm6GFtgbj,2026-05-05 18:37:15+00:00,1778006235000,60628,27.21705,43.10336,10.03875,95224,True,55.60531,3
20260505-014600,-OrtQZQB_QyD1PdCS4oe,2026-05-05 18:37:27+00:00,1778006247000,60640,27.21959,43.12955,10.03878,95170,True,54.61053,3
20260505-014600,-OrtQbLcvrhzDLbXbGBk,2026-05-05 18:37:39+00:00,1778006259000,60652,27.22466,43.12738,10.03889,95988,True,52.60095,3
20260505-014600,-OrtQeHG3BDetrpoOdOZ,2026-05-05 18:37:51+00:00,1778006271000,60664,27.21959,43.04713,10.03888,95387,True,54.40192,3
20260505-014600,-OrtQhCdPY4SplnJoEmP,2026-05-05 18:38:03+00:00,1778006283000,60676,27.22212,43.02279,10.03895,95714,True,53.48502,3
20260505-014600,-OrtQk82Wy_zAF7_n7Ni,2026-05-05 18:38:15+00:00,1778006295000,60688,27.22212,43.00573,10.03885,95116,True,54.44276,3
20260505-014600,-OrtQn3j2S8Qj3_gxuLL,2026-05-05 18:38:27+00:00,1778006307000,60700,27.21705,42.99704,10.03887,95332,True,53.92076,3
20260505-014600,-OrtQq-Repzypwj6DtuS,2026-05-05 18:38:39+00:00,1778006319000,60712,27.22212,43.01618,10.03908,95878,True,53.04097,3
20260505-014600,-OrtQsvjs8wm58cUBb-e,2026-05-05 18:38:51+00:00,1778006331000,60724,27.21705,43.05406,10.03875,96043,True,53.29307,3
20260505-014600,-OrtQvsTrIQuIM4FWLcZ,2026-05-05 18:39:03+00:00,1778006343000,60736,27.21959,43.03155,10.03893,95441,True,54.70975,3
20260505-014600,-OrtQymh8B7PbA20f8sa,2026-05-05 18:39:15+00:00,1778006355000,60748,27.21451,42.97613,10.03883,95278,True,54.64598,3
20260505-014600,-OrtR0jt1e85NBrnBXBb,2026-05-05 18:39:27+00:00,1778006367000,60760,27.21198,42.97554,10.03892,95441,True,53.62816,3
20260505-014600,-OrtR3e4Pp5G4U1LsBli,2026-05-05 18:39:39+00:00,1778006379000,60772,27.22719,42.99004,10.03912,95659,True,53.41314,3
20260505-014600,-OrtR6_L1G7YjGAS43jS,2026-05-05 18:39:51+00:00,1778006391000,60784,27.21959,43.00088,10.0389,95278,True,54.52441,3
20260505-014600,-OrtR9Y6yuh0KaWHopee,2026-05-05 18:40:03+00:00,1778006403000,60796,27.22466,42.93344,10.03926,95387,True,53.62972,3
20260505-014600,-OrtRCr8IRebL-JdY1eN,2026-05-05 18:40:15+00:00,1778006415000,60808,27.22212,43.01746,10.0389,95332,True,53.38303,3
20260505-014600,-OrtRFNScHs77MRD3RXH,2026-05-05 18:40:27+00:00,1778006427000,60820,27.21959,42.95736,10.03879,95988,True,53.07849,3
20260505-014600,-OrtRIIn2nW-CE9lvaGQ,2026-05-05 18:40:39+00:00,1778006439000,60832,27.21959,42.96592,10.03918,95278,True,54.75682,3
20260505-014600,-OrtRLDnOvDy_RQDs49o,2026-05-05 18:40:51+00:00,1778006451000,60844,27.21959,43.0508,10.03902,95550,True,54.01555,3
20260505-014600,-OrtRO9YNtnDhwdKKSlw,2026-05-05 18:41:03+00:00,1778006463000,60856,27.21959,43.08979,10.03911,95878,True,53.51873,3
20260505-014600,-OrtRR4MSJSocNAXYd4H,2026-05-05 18:41:15+00:00,1778006475000,60868,27.21451,43.11422,10.0391,96043,True,53.91988,3
20260505-014600,-OrtRU0XmaASr48OfN2n,2026-05-05 18:41:27+00:00,1778006487000,60880,27.22212,43.06245,10.03895,95278,True,54.84626,3
20260505-014600,-OrtRWwKyWfDhJm2GS2b,2026-05-05 18:41:39+00:00,1778006499000,60892,27.22212,43.0431,10.03945,95659,True,54.22961,3
20260505-014600,-OrtRZs5zbsy050VJK0L,2026-05-05 18:41:51+00:00,1778006511000,60904,27.21451,42.95441,10.0392,95116,True,54.38894,3
20260505-014600,-OrtRbnT5Lu9WNiRZAla,2026-05-05 18:42:03+00:00,1778006523000,60916,27.22212,42.92606,10.03931,95332,True,54.33508,3
20260505-014600,-OrtReirri0MRysHzRia,2026-05-05 18:42:15+00:00,1778006535000,60928,27.21959,42.92527,10.03918,95769,True,52.59402,3
20260505-014600,-OrtRheOUqTQ8V3Q7ryk,2026-05-05 18:42:27+00:00,1778006547000,60940,27.22212,42.92933,10.03908,95823,True,51.9606,3
20260505-014600,-OrtRk_sO8jkrZBZ3tGa,2026-05-05 18:42:39+00:00,1778006559000,60952,27.21705,42.95518,10.03933,96209,True,52.0921,3
20260505-014600,-OrtRnWaGOpByZ5cQ23K,2026-05-05 18:42:51+00:00,1778006571000,60964,27.21705,42.99859,10.03928,95441,True,54.00376,3
20260505-014600,-OrtRqSKzu6UhVQ_Ek5H,2026-05-05 18:43:03+00:00,1778006583000,60976,27.21705,43.04073,10.03938,95278,True,54.68754,3
20260505-014600,-OrtRtNjNiI39k3B9Zb2,2026-05-05 18:43:15+00:00,1778006595000,60988,27.21959,42.99699,10.0395,95659,True,53.26034,3
20260505-014600,-OrtSH-DnElXfNGHfQLz,2026-05-05 18:44:54+00:00,1778006694000,61088,27.13591,43.37698,10.03945,63868,True,279.11142,1
20260505-014600,-OrtSJb0K5vyH8JfJlfc,2026-05-05 18:45:06+00:00,1778006706000,61100,27.15873,43.09928,10.03966,76325,True,227.53494,1
20260505-014600,-OrtSMkE-eQckDyNedDT,2026-05-05 18:45:19+00:00,1778006719000,61113,27.14352,43.27807,10.0397,77311,True,198.67911,1
20260505-014600,-OrtSQH8rZ3Bqn6PDju5,2026-05-05 18:45:32+00:00,1778006732000,61126,27.21363,43.01042,10.03963,79362,True,188.13844,1
20260505-014600,-OrtSSrAa2ADiLfj45zm,2026-05-05 18:45:44+00:00,1778006744000,61138,27.15619,43.39856,10.03957,78323,True,193.00572,1
20260505-014600,-OrtSVndtf8VCM9Qje8f,2026-05-05 18:45:56+00:00,1778006756000,61150,27.17141,43.24397,10.03958,84657,True,147.81854,1
20260505-014600,-OrtSYi_GWQa_hRChsaI,2026-05-05 18:46:08+00:00,1778006768000,61162,27.17902,43.1496,10.03965,88504,True,114.16927,1
20260505-014600,-OrtSadobOWRQRDd9GfF,2026-05-05 18:46:20+00:00,1778006780000,61174,27.18409,43.19828,10.03965,90220,True,95.7999,1
20260505-014600,-OrtSdox2rGjTv1cIY_R,2026-05-05 18:46:32+00:00,1778006792000,61186,27.19169,43.18745,10.0398,91502,True,84.54433,1
20260505-014600,-OrtSgWaX-wlZyn4bK0Y,2026-05-05 18:46:44+00:00,1778006804000,61198,27.19423,43.06452,10.03955,92004,True,76.99052,1
20260505-014600,-OrtSjRblGhmFxP8TTzS,2026-05-05 18:46:56+00:00,1778006816000,61210,27.20437,43.00938,10.03959,93337,True,71.14333,1
20260505-014600,-OrtSmMiSIlEA1fiiOKd,2026-05-05 18:47:08+00:00,1778006828000,61222,27.1993,43.03986,10.03956,93755,True,65.9286,1
20260505-014600,-OrtSpI-6JcEGnSn9j7a,2026-05-05 18:47:20+00:00,1778006840000,61234,27.20184,43.0494,10.03961,94283,True,63.53519,1
20260505-014600,-OrtSsDvHE0KGNvDAIl3,2026-05-05 18:47:32+00:00,1778006852000,61246,27.20691,43.01463,10.03949,94709,True,60.90465,1
20260505-014600,-OrtSv9TiMhbgliEnNxP,2026-05-05 18:47:44+00:00,1778006864000,61258,27.20437,42.94213,10.03952,94924,True,57.81799,1
20260505-014600,-OrtSy4eMmNv1vgVqAkQ,2026-05-05 18:47:56+00:00,1778006876000,61270,27.20184,42.9616,10.0394,95356,True,56.68872,1
20260505-014600,-OrtT0-vi9VTMER709ey,2026-05-05 18:48:08+00:00,1778006888000,61282,27.20691,42.87981,10.03926,95574,True,54.75928,1
20260505-014600,-OrtT2wb_FCSLbIECe3n,2026-05-05 18:48:20+00:00,1778006900000,61294,27.20691,42.95427,10.03938,94259,True,58.50032,1
20260505-014600,-OrtT5s8krMY7G3D1ij4,2026-05-05 18:48:32+00:00,1778006912000,61306,27.20691,42.88698,10.0395,94847,True,58.19556,1
20260505-014600,-OrtT8nyT-uARaKSRc41,2026-05-05 18:48:44+00:00,1778006924000,61318,27.21198,42.92117,10.03958,94419,True,60.26974,1
20260505-014600,-OrtTBjI-7lWbwSpQngL,2026-05-05 18:48:56+00:00,1778006936000,61330,27.21451,42.9786,10.03964,94900,True,58.99741,1
20260505-014600,-OrtTEfixJRTKZ8eRBwp,2026-05-05 18:49:08+00:00,1778006948000,61342,27.21198,42.96701,10.03957,94686,True,59.13003,1
20260505-014600,-OrtTHa2Amao81iJBlqN,2026-05-05 18:49:20+00:00,1778006960000,61354,27.20944,43.00156,10.03953,95278,True,57.73234,1
20260505-014600,-OrtTKWma6ZuI28RTekR,2026-05-05 18:49:32+00:00,1778006972000,61366,27.21198,42.95539,10.03948,95008,True,57.61241,1
20260505-014600,-OrtTNnLN7RoepP6XQ-d,2026-05-05 18:49:44+00:00,1778006984000,61378,27.20437,42.97754,10.03934,94900,True,57.66057,1
20260505-014600,-OrtTQNVhx8PVZYfdxdC,2026-05-05 18:49:56+00:00,1778006996000,61390,27.21198,42.95872,10.03925,95116,True,56.68676,1
20260505-014600,-OrtTTJ4MzBV2hf4ELoI,2026-05-05 18:50:08+00:00,1778007008000,61402,27.20944,43.06697,10.03903,94847,True,58.52517,1
20260505-014600,-OrtTWEd5KWWqPRIhryj,2026-05-05 18:50:20+00:00,1778007020000,61414,27.21198,43.11472,10.03944,95441,True,57.17751,1
20260505-014600,-OrtTZAEBJybSN5a2bms,2026-05-05 18:50:32+00:00,1778007032000,61426,27.20944,43.04928,10.03921,95550,True,55.81769,1
20260505-014600,-OrtTb5sYm5p6nu7QG5J,2026-05-05 18:50:44+00:00,1778007044000,61438,27.21198,42.96601,10.03922,95988,True,54.05619,1
20260505-014600,-OrtTe12_UyVVnDBbDhj,2026-05-05 18:50:56+00:00,1778007056000,61450,27.20691,42.93931,10.03919,94900,True,56.16764,1
20260505-014600,-OrtTgx_Gk_4kQ38Jlb6,2026-05-05 18:51:08+00:00,1778007068000,61462,27.20437,42.96069,10.03901,95116,True,55.49337,1
20260505-014600,-OrtTj_cbqgIO8VxsfbD,2026-05-05 18:51:19+00:00,1778007079000,61473,27.13084,43.48513,10.03941,87487,True,70.84601,1
20260505-014600,-OrtTmVzczuI35ZXq5pS,2026-05-05 18:51:31+00:00,1778007091000,61485,27.19676,43.05598,10.03946,92717,True,76.02567,1
20260505-014600,-OrtTpRpOM0NS3otk6Uu,2026-05-05 18:51:43+00:00,1778007103000,61497,27.20184,43.03906,10.03918,95032,True,62.98256,1
20260505-014600,-OrtTsMpP5r2iE7g4KGl,2026-05-05 18:51:55+00:00,1778007115000,61509,27.20691,42.98126,10.03929,94900,True,59.18251,1
20260505-014600,-OrtTvIdhJNKVxfd9CN5,2026-05-05 18:52:07+00:00,1778007127000,61521,27.1993,43.00018,10.03917,95683,True,56.60997,1
20260505-014600,-OrtTyDmLJkNLr5snm2w,2026-05-05 18:52:19+00:00,1778007139000,61533,27.20437,43.08375,10.0393,94847,True,57.74263,1
20260505-014600,-OrtU09y4XKdArY0esxu,2026-05-05 18:52:31+00:00,1778007151000,61545,27.1993,43.00047,10.03931,95332,True,56.59412,1
20260505-014600,-OrtU34suJazp79s7INf,2026-05-05 18:52:43+00:00,1778007163000,61557,27.20437,42.98951,10.03936,95496,True,54.85009,1
20260505-014600,-OrtU7-amo68ZopG-xOS,2026-05-05 18:52:55+00:00,1778007175000,61569,27.20944,42.9928,10.0391,95933,True,53.64512,1
20260505-014600,-OrtU8VRA-XZmAxI603A,2026-05-05 18:53:05+00:00,1778007185000,61579,27.13844,43.47962,10.03953,88317,True,68.65895,1
20260505-014600,-OrtUBRSJXVdkphMevoj,2026-05-05 18:53:17+00:00,1778007197000,61591,27.19423,43.06989,10.03926,93755,True,71.51401,1
20260505-014600,-OrtUENALr4ncOXKKYd_,2026-05-05 18:53:29+00:00,1778007209000,61603,27.20437,42.96327,10.03939,95140,True,60.3555,1
20260505-014600,-OrtUHI1xq8VWAIuIOjs,2026-05-05 18:53:41+00:00,1778007221000,61615,27.20691,42.89761,10.03929,94739,True,59.94438,1
20260505-014600,-OrtUKD_yzw4-jExZ9JF,2026-05-05 18:53:53+00:00,1778007233000,61627,27.20184,42.89053,10.0394,94954,True,57.69296,1
20260505-014600,-OrtUN98POxz3pelxkNu,2026-05-05 18:54:05+00:00,1778007245000,61639,27.20184,42.94159,10.03923,95170,True,56.23291,1
20260505-014600,-OrtUQ9YJBkrkXmEu1tT,2026-05-05 18:54:17+00:00,1778007257000,61651,27.20944,43.02195,10.03953,94900,True,57.08224,1
20260505-014600,-OrtUT-ne1kNXgO6r7E-,2026-05-05 18:54:29+00:00,1778007269000,61663,27.20437,43.11271,10.03948,95605,True,55.14721,1
20260505-014600,-OrtUVwGONiNNASmo8jY,2026-05-05 18:54:41+00:00,1778007281000,61675,27.20691,43.19916,10.03947,95496,True,55.42754,1
20260505-014600,-OrtUYrobKm29u8IqjF4,2026-05-05 18:54:53+00:00,1778007293000,61687,27.20944,43.05373,10.03961,95332,True,55.94165,1
20260505-014600,-OrtUanddSA6mB0Ei_6r,2026-05-05 18:55:05+00:00,1778007305000,61699,27.1993,42.97284,10.03943,95170,True,55.10472,1
20260505-014600,-OrtUdirgsjuAoEfitYo,2026-05-05 18:55:17+00:00,1778007317000,61711,27.20184,42.98521,10.03939,95769,True,53.31673,1
20260505-014600,-OrtUgeTwWFnWwQP6ADj,2026-05-05 18:55:29+00:00,1778007329000,61723,27.20184,42.9823,10.03951,96209,True,52.72284,1
20260505-014600,-OrtUj_pwUzM0-8WAbDg,2026-05-05 18:55:41+00:00,1778007341000,61735,27.20691,42.96943,10.0394,96153,True,51.88773,1
20260505-014600,-OrtUmWpmRi9vfBEk30D,2026-05-05 18:55:53+00:00,1778007353000,61747,27.21198,42.92369,10.03948,95224,True,53.47775,1
20260505-014600,-OrtUq7QxkayJFSe3ouL,2026-05-05 18:56:05+00:00,1778007365000,61759,27.21198,42.90527,10.03965,95605,True,52.38168,1
20260505-014600,-OrtUsNWUWiaH_lAyvKS,2026-05-05 18:56:17+00:00,1778007377000,61771,27.21451,42.92067,10.03952,96153,True,52.84396,1
20260505-014600,-OrtUvIvrCctfCZclLDH,2026-05-05 18:56:29+00:00,1778007389000,61783,27.21451,43.03134,10.03966,95659,True,52.57491,1
20260505-014600,-OrtUyEbWjdzVn19dCgC,2026-05-05 18:56:41+00:00,1778007401000,61795,27.20944,42.95413,10.03944,95988,True,52.89866,1
20260505-014600,-OrtV09sI1fwY4qR9j9o,2026-05-05 18:56:53+00:00,1778007413000,61807,27.20944,42.90526,10.03944,96098,True,52.02671,1
20260505-014600,-OrtV35Qrx9rXAE5F7-a,2026-05-05 18:57:05+00:00,1778007425000,61819,27.20944,42.92031,10.03947,96098,True,51.88433,1
20260505-014600,-OrtV610gDXKNLx5eglf,2026-05-05 18:57:17+00:00,1778007437000,61831,27.20944,42.94664,10.03956,96153,True,51.07052,1
20260505-014600,-OrtV8xBqMaUrYR99aq_,2026-05-05 18:57:29+00:00,1778007449000,61843,27.20944,42.96738,10.03958,96098,True,51.76779,1
20260505-014600,-OrtVBsrcvK2HV1UDFtP,2026-05-05 18:57:41+00:00,1778007461000,61855,27.20691,42.96658,10.03949,95769,True,51.93248,1
20260505-014600,-OrtVEoJOSA2cPK19y9W,2026-05-05 18:57:53+00:00,1778007473000,61867,27.20437,42.96291,10.03936,95988,True,51.70711,1
20260505-014600,-OrtVHjn83YrZW1MjadW,2026-05-05 18:58:05+00:00,1778007485000,61879,27.20691,42.89914,10.03952,96153,True,51.4751,1
20260505-014600,-OrtVKg-j05OvED8he96,2026-05-05 18:58:17+00:00,1778007497000,61891,27.20437,42.91588,10.0395,96876,True,50.30401,1
20260505-014600,-OrtVNbLjVxj0TFuVZLj,2026-05-05 18:58:29+00:00,1778007509000,61903,27.20184,42.94946,10.03926,96541,True,50.73687,1
20260505-014600,-OrtVQX9VE6RrhHF4DJp,2026-05-05 18:58:41+00:00,1778007521000,61915,27.20691,42.94718,10.03954,95714,True,51.68979,1
20260505-014600,-OrtVTSjbmdNQ025MrBO,2026-05-05 18:58:53+00:00,1778007533000,61927,27.20437,43.0039,10.03944,96153,True,50.47435,1
20260505-014600,-OrtVWOJr4SJuYqMJpvL,2026-05-05 18:59:05+00:00,1778007545000,61939,27.20691,42.98745,10.03945,96375,True,51.21795,1
20260505-014600,-OrtVasMMNi_hZrP1tMh,2026-05-05 18:59:17+00:00,1778007557000,61951,27.20944,42.95937,10.03951,95769,True,52.07823,1
20260505-014600,-OrtVbd831hbpbwSNJwM,2026-05-05 18:59:30+00:00,1778007570000,61964,27.26227,42.81355,10.03959,96597,True,50.86739,1
20260505-014600,-OrtVeZwW6L_jJcXFxNJ,2026-05-05 18:59:42+00:00,1778007582000,61976,27.18409,43.13596,10.03961,88880,True,102.38094,1
20260505-014600,-OrtVhVQLYCXwXyXbxMR,2026-05-05 18:59:54+00:00,1778007594000,61988,27.20184,42.90535,10.03951,93233,True,81.80214,1
20260505-014600,-OrtVkQpWamoBFdc1t_w,2026-05-05 19:00:06+00:00,1778007606000,62000,27.1993,42.89985,10.03961,95248,True,64.64118,1
20260505-014600,-OrtVnM9LY-ppE0k9ot1,2026-05-05 19:00:18+00:00,1778007618000,62012,27.19676,42.94204,10.03957,94154,True,61.86446,1
20260505-014600,-OrtVqHcmZRoOtBM0dRm,2026-05-05 19:00:30+00:00,1778007630000,62024,27.20184,43.00412,10.03944,94900,True,59.55845,1
20260505-014600,-OrtVtD8PghBBBZzsHh0,2026-05-05 19:00:42+00:00,1778007642000,62036,27.20437,43.05094,10.03964,95170,True,58.91888,1
20260505-014600,-OrtVw98vAXaCTDnTXYf,2026-05-05 19:00:54+00:00,1778007654000,62048,27.20437,42.96771,10.03971,95224,True,57.31997,1
20260505-014600,-OrtVz4dagRL0hoSP0q9,2026-05-05 19:01:06+00:00,1778007666000,62060,27.20184,42.9743,10.03956,95441,True,55.48218,1
20260505-014600,-OrtW1-nPZmFlcfA-nqY,2026-05-05 19:01:18+00:00,1778007678000,62072,27.20184,42.97514,10.03977,95387,True,54.41285,1
20260505-014600,-OrtW3xCZ8x9XdBGi538,2026-05-05 19:01:30+00:00,1778007690000,62084,27.20184,43.02685,10.03958,95170,True,54.77066,1
20260505-014600,-OrtW6rcgZd6-rkqFfkd,2026-05-05 19:01:42+00:00,1778007702000,62096,27.1993,42.94373,10.03965,96430,True,52.19551,1
20260505-014600,-OrtW9n4gtol8Y4tm63b,2026-05-05 19:01:54+00:00,1778007714000,62108,27.20184,42.83293,10.03969,96098,True,52.36523,1
20260505-014600,-OrtWCijBsyiOhXM2uC1,2026-05-05 19:02:06+00:00,1778007726000,62120,27.20184,42.82598,10.0396,96209,True,51.13202,1
20260505-014600,-OrtWFo0JmlCqvNu-yjy,2026-05-05 19:02:18+00:00,1778007738000,62132,27.20691,42.85833,10.0397,96098,True,50.70621,1
20260505-014600,-OrtWI_XkERFXJ_J-w2R,2026-05-05 19:02:30+00:00,1778007750000,62144,27.21198,42.88156,10.03972,95659,True,52.14729,1
20260505-014600,-OrtWLW9zxE1cxrkWm3a,2026-05-05 19:02:42+00:00,1778007762000,62156,27.20184,42.88343,10.03965,96319,True,51.116,1
20260505-014600,-OrtWOSKQ_5z6JIUCZ42,2026-05-05 19:02:54+00:00,1778007774000,62168,27.20944,42.97935,10.03969,96043,True,51.97374,1
20260505-014600,-OrtWRNDfH6bcZDMUUlB,2026-05-05 19:03:06+00:00,1778007786000,62180,27.20184,42.97032,10.03972,95878,True,52.03339,1
20260505-014600,-OrtWUIiG5ss_uoVvpq3,2026-05-05 19:03:18+00:00,1778007798000,62192,27.20184,42.90998,10.03974,96153,True,50.83604,1
20260505-014600,-OrtWXEJaln83WUJBnmX,2026-05-05 19:03:30+00:00,1778007810000,62204,27.20437,42.94787,10.03983,96043,True,50.85859,1
20260505-014600,-OrtW_9fWjYNxta2X0WO,2026-05-05 19:03:42+00:00,1778007822000,62216,27.20437,43.03877,10.03988,96486,True,51.13224,1
20260505-014600,-OrtWc52s08YpJnJ7syC,2026-05-05 19:03:54+00:00,1778007834000,62228,27.20944,43.15879,10.03995,96043,True,50.88683,1
20260505-014600,-OrtWf13oB2B9yz7RWxe,2026-05-05 19:04:06+00:00,1778007846000,62240,27.20691,43.1798,10.03973,95659,True,52.75766,1
20260505-014600,-OrtWhxRxHGHf_kIS2Pj,2026-05-05 19:04:18+00:00,1778007858000,62252,27.20437,43.08862,10.03971,95823,True,51.38232,1
20260505-014600,-OrtWkuVH3-Y_9O0q_Zp,2026-05-05 19:04:30+00:00,1778007870000,62264,27.20184,43.00411,10.03984,96486,True,51.03474,1
20260505-014600,-OrtWnoPGFGkcL982bAn,2026-05-05 19:04:42+00:00,1778007882000,62276,27.20691,42.93842,10.03975,96264,True,50.7536,1
20260505-014600,-OrtWqjocXozhtKZAsTn,2026-05-05 19:04:54+00:00,1778007894000,62288,27.20184,42.99156,10.03998,96209,True,50.29306,1
20260505-014600,-OrtWtfWrRmOeN58P-LC,2026-05-05 19:05:06+00:00,1778007906000,62300,27.20691,43.05834,10.03966,96319,True,51.04425,1
20260505-014600,-OrtWwajpmAzIVmpLaJ3,2026-05-05 19:05:18+00:00,1778007918000,62312,27.20184,43.06347,10.03967,95878,True,52.46935,1
20260505-014600,-OrtX0w4n0nFMeHEH5Ws,2026-05-05 19:05:30+00:00,1778007930000,62324,27.20184,43.05854,10.03965,95878,True,52.05424,1
20260505-014600,-OrtX1hIgfBbir-Y1GUz,2026-05-05 19:05:43+00:00,1778007943000,62337,27.25922,42.93269,10.03981,95988,True,52.05958,1
20260505-014600,-OrtX4cR4wzvB_emoCfR,2026-05-05 19:05:55+00:00,1778007955000,62349,27.18409,43.25143,10.04016,88691,True,100.80103,1
20260505-014600,-OrtX7Yn4LivpUoVjS6S,2026-05-05 19:06:07+00:00,1778007967000,62361,27.19423,43.0307,10.04009,93130,True,81.14613,1
20260505-014600,-OrtXAUEl8VrAeI7x0T4,2026-05-05 19:06:19+00:00,1778007979000,62373,27.1993,42.9534,10.03996,94817,True,65.38979,1
20260505-014600,-OrtXDQ5MJfTs_gfUcv8,2026-05-05 19:06:31+00:00,1778007991000,62385,27.19676,42.92481,10.04013,94206,True,62.3992,1
20260505-014600,-OrtXGLS70bj-KfX1Zca,2026-05-05 19:06:43+00:00,1778008003000,62397,27.20437,42.91531,10.04008,95008,True,58.46106,1
20260505-014600,-OrtXJGm8BX51iMUbuu_,2026-05-05 19:06:55+00:00,1778008015000,62409,27.20184,42.89806,10.03991,95224,True,57.91219,1
20260505-014600,-OrtXMCWpfA35RJ_-le7,2026-05-05 19:07:07+00:00,1778008027000,62421,27.20437,43.08451,10.04006,95116,True,57.04669,1
20260505-014600,-OrtXP7tCXJNSMWW0TQj,2026-05-05 19:07:19+00:00,1778008039000,62433,27.1993,43.1293,10.04007,95714,True,55.27342,1
20260505-014600,-OrtXS3DYV38h-6ctO-2,2026-05-05 19:07:31+00:00,1778008051000,62445,27.20437,43.11333,10.0402,95332,True,56.16932,1
20260505-014600,-OrtXV-ZZl5ucgn7Gq50,2026-05-05 19:07:43+00:00,1778008063000,62457,27.20437,43.03345,10.04027,95988,True,53.78519,1
20260505-014600,-OrtXXvswugJ0xcTF7hb,2026-05-05 19:07:55+00:00,1778008075000,62469,27.1993,42.92569,10.04007,96430,True,52.51833,1
20260505-014600,-OrtX_r8Yibn-_mY11pz,2026-05-05 19:08:07+00:00,1778008087000,62481,27.20437,42.87206,10.04013,96209,True,51.58891,1
20260505-014600,-OrtXcmhnc1_1N3p4SNc,2026-05-05 19:08:19+00:00,1778008099000,62493,27.20691,42.88001,10.04029,95878,True,52.45515,1
20260505-014600,-OrtXfpTmMmZS0FsoSnE,2026-05-05 19:08:31+00:00,1778008111000,62505,27.20437,43.05221,10.04025,96319,True,52.21113,1
20260505-014600,-OrtXidNPRBc1mXmgSAp,2026-05-05 19:08:43+00:00,1778008123000,62517,27.1993,43.26263,10.03998,96153,True,53.45056,1
20260505-014600,-OrtXlZkChSLg8LExkah,2026-05-05 19:08:55+00:00,1778008135000,62529,27.20437,43.18076,10.04006,95659,True,53.8648,1
20260505-014600,-OrtXoVaD3OIUY-qAai6,2026-05-05 19:09:07+00:00,1778008147000,62541,27.1993,43.03919,10.04001,96375,True,52.00252,1
20260505-014600,-OrtXrQvPNANJ6aWMfzJ,2026-05-05 19:09:19+00:00,1778008159000,62553,27.20437,42.98776,10.04011,96486,True,51.66076,1
20260505-014600,-OrtXuMldCC9e4_QBTZX,2026-05-05 19:09:31+00:00,1778008171000,62565,27.20437,42.97148,10.04015,95659,True,51.99254,1
20260505-014600,-OrtXxIS-ijvC-alPNJ5,2026-05-05 19:09:43+00:00,1778008183000,62577,27.20437,42.92776,10.04003,96209,True,51.18594,1
20260505-014600,-OrtY-DEXCRCmR3mKxGt,2026-05-05 19:09:55+00:00,1778008195000,62589,27.20437,42.94646,10.03999,96597,True,50.11538,1
20260505-014600,-OrtY28rq2VcqFbcwv0a,2026-05-05 19:10:07+00:00,1778008207000,62601,27.20691,42.93596,10.03996,95769,True,51.95448,1
20260505-014600,-OrtY54MrsD0hpNCuKKj,2026-05-05 19:10:19+00:00,1778008219000,62613,27.20184,42.9533,10.04,96043,True,51.26096,1
20260505-014600,-OrtY8-ciapsc0_0IZcy,2026-05-05 19:10:31+00:00,1778008231000,62625,27.20691,42.90299,10.04024,96209,True,50.6055,1
20260505-014600,-OrtYAw3-UbeejgArkdY,2026-05-05 19:10:43+00:00,1778008243000,62637,27.20437,42.86627,10.0401,96764,True,49.84912,1
20260505-014600,-OrtYDraRjCnYPkrzv7H,2026-05-05 19:10:55+00:00,1778008255000,62649,27.20184,42.9629,10.04011,96764,True,50.0,1
20260505-014600,-OrtYGnBPuLD_ngrROlA,2026-05-05 19:11:07+00:00,1778008267000,62661,27.19676,42.96719,10.03988,96486,True,52.4119,1
20260505-014600,-OrtYJiwd-wCHUw7hWcj,2026-05-05 19:11:19+00:00,1778008279000,62673,27.1993,42.93716,10.04001,96764,True,50.67025,1
20260505-014600,-OrtYMeD4c0qmwNQemAp,2026-05-05 19:11:31+00:00,1778008291000,62685,27.20184,42.98542,10.04007,96820,True,50.99734,1
20260505-014600,-OrtYPhqUQkEBBCet9pt,2026-05-05 19:11:43+00:00,1778008303000,62697,27.1993,43.01273,10.04,96209,True,52.20884,1
20260505-014600,-OrtYSW9rLo3q66i1PKF,2026-05-05 19:11:55+00:00,1778008315000,62709,27.1993,42.94222,10.03991,96319,True,52.62062,1
20260505-014600,-OrtYVRSXik3KzyR5f-r,2026-05-05 19:12:07+00:00,1778008327000,62721,27.1993,42.94727,10.04001,95988,True,52.5693,1
20260505-014600,-OrtYYNE0PFdndkpNSdb,2026-05-05 19:12:19+00:00,1778008339000,62733,27.1993,43.10727,10.04005,96043,True,52.69791,1
20260505-014600,-OrtYaIjkrJcAygvgI7U,2026-05-05 19:12:31+00:00,1778008351000,62745,27.20437,43.07399,10.04011,96209,True,53.30954,1
20260505-014600,-OrtYdErmXnxJdUeXKbe,2026-05-05 19:12:43+00:00,1778008363000,62757,27.19676,43.0304,10.03995,96430,True,51.99503,1
20260505-014600,-OrtYg9czLH4EljBPfmn,2026-05-05 19:12:55+00:00,1778008375000,62769,27.1993,42.98032,10.04003,96709,True,51.48666,1
20260505-014600,-OrtYj5-Ai42BtE7tqGz,2026-05-05 19:13:07+00:00,1778008387000,62781,27.19676,42.9706,10.04018,96541,True,51.39521,1
20260505-014600,-OrtYm1dFLiYnbWn95ou,2026-05-05 19:13:19+00:00,1778008399000,62793,27.19169,42.9586,10.04008,96597,True,50.44069,1
20260505-014600,-OrtYoxGBRQ_2QqHZ7uL,2026-05-05 19:13:31+00:00,1778008411000,62805,27.19676,42.96302,10.0401,95988,True,52.15594,1
20260505-014600,-OrtYrt5vE7K1mac8FO3,2026-05-05 19:13:43+00:00,1778008423000,62817,27.1993,42.92279,10.04003,95988,True,52.06258,1
20260505-014600,-OrtYuo39Yfn15I7gyG1,2026-05-05 19:13:55+00:00,1778008435000,62829,27.20184,42.87545,10.04016,96876,True,50.92302,1
20260505-014600,-OrtYxjkscTj-yBiiaS9,2026-05-05 19:14:07+00:00,1778008447000,62841,27.20437,42.80801,10.04022,96430,True,51.25336,1
20260505-014600,-OrtZ-fYDUYTFV6Wtlju,2026-05-05 19:14:19+00:00,1778008459000,62853,27.20184,42.77935,10.04018,96486,True,50.62836,1
20260505-014600,-OrtZ2aVg3HjefAXigO0,2026-05-05 19:14:31+00:00,1778008471000,62865,27.20184,42.81413,10.04018,96541,True,51.24708,1
20260505-014600,-OrtZ5XUTF3x1F_jE2BY,2026-05-05 19:14:43+00:00,1778008483000,62877,27.19676,42.98388,10.04006,96876,True,50.59975,1
20260505-014600,-OrtZ8ZXFV5sl00T20-f,2026-05-05 19:14:55+00:00,1778008495000,62889,27.19676,43.07817,10.04018,95769,True,53.79788,1
20260505-014600,-OrtZBO4LAOlIv2a9dWG,2026-05-05 19:15:07+00:00,1778008507000,62901,27.18916,43.07694,10.0399,96319,True,52.34015,1
20260505-014600,-OrtZEKVMm5nNE372CbT,2026-05-05 19:15:19+00:00,1778008519000,62913,27.1993,42.96295,10.04024,96319,True,52.38694,1
20260505-014600,-OrtZHFQBCqbinrqiomb,2026-05-05 19:15:31+00:00,1778008531000,62925,27.20184,42.86328,10.04012,96876,True,51.10856,1
20260505-014600,-OrtZKAbH5zjN2kZbFBw,2026-05-05 19:15:43+00:00,1778008543000,62937,27.19676,42.87114,10.03999,96430,True,51.52497,1
20260505-014600,-OrtZN7VLYrT94MkvuPZ,2026-05-05 19:15:55+00:00,1778008555000,62949,27.20691,42.84493,10.04008,96541,True,51.27579,1
20260505-014600,-OrtZQ1XUI9YKsR3MRLC,2026-05-05 19:16:07+00:00,1778008567000,62961,27.20437,42.87148,10.04006,96932,True,50.0,1
20260505-014600,-OrtZSy74HuLlBqsRLEr,2026-05-05 19:16:19+00:00,1778008579000,62973,27.1993,42.89308,10.03986,96375,True,51.84284,1
20260505-014600,-OrtZVtmb6glemLHJqEz,2026-05-05 19:16:31+00:00,1778008591000,62985,27.20437,42.82779,10.04004,96098,True,53.82169,1
20260505-014600,-OrtZYpJTWXfceJGgjkP,2026-05-05 19:16:43+00:00,1778008603000,62997,27.21198,42.75831,10.04025,96209,True,53.45433,1
20260505-014600,-OrtZal2lubgJ9eA17rv,2026-05-05 19:16:55+00:00,1778008615000,63009,27.21198,42.76264,10.04038,96375,True,52.7903,1
20260505-014600,-OrtZdg9i4jlmNoE1vYc,2026-05-05 19:17:07+00:00,1778008627000,63021,27.21198,42.77651,10.04016,96486,True,52.09858,1
20260505-014600,-OrtZgc8Z-J66Aq192Il,2026-05-05 19:17:19+00:00,1778008639000,63033,27.22212,42.75426,10.04049,96764,True,52.0275,1
20260505-014600,-OrtZjY2XphgExpEV4-a,2026-05-05 19:17:31+00:00,1778008651000,63045,27.21705,42.78621,10.04035,96764,True,52.3402,1
20260505-014600,-OrtZmUk5shLRjWNVG6E,2026-05-05 19:17:43+00:00,1778008663000,63057,27.21959,42.77874,10.04023,96597,True,52.52853,1
20260505-014600,-OrtZpPDHKf32FI6BOti,2026-05-05 19:17:55+00:00,1778008675000,63069,27.21705,42.79781,10.04021,96319,True,53.31244,1
20260505-014600,-OrtZspxhlVLGxhUOS0F,2026-05-05 19:18:07+00:00,1778008687000,63081,27.21705,42.79366,10.04023,96430,True,53.66018,1
20260505-014600,-OrtZvG0GSMPief0Y-p2,2026-05-05 19:18:19+00:00,1778008699000,63093,27.21959,42.81503,10.04036,95878,True,55.02444,1
20260505-014600,-OrtZyDt_RcVi5bD3Dyj,2026-05-05 19:18:31+00:00,1778008711000,63105,27.22719,42.81987,10.0405,95170,True,60.27379,1
20260505-014600,-Ort_077i45YNcIoVLYK,2026-05-05 19:18:43+00:00,1778008723000,63117,27.23226,42.79914,10.04042,94709,True,61.7803,1
20260505-014600,-Ort_32rT7VWsDFwtrgw,2026-05-05 19:18:55+00:00,1778008735000,63129,27.23226,42.78136,10.04028,94283,True,64.3185,1
20260505-014600,-Ort_5z6zdbVTS__iBYB,2026-05-05 19:19:07+00:00,1778008747000,63141,27.23226,42.7739,10.04035,95574,True,61.04921,1
20260505-014600,-Ort_92zOjN0SZfx5V7I,2026-05-05 19:19:20+00:00,1778008760000,63154,27.20437,43.00267,10.04039,90026,True,80.25195,1
20260505-014600,-Ort_BzQ2LfdW6x0_0jJ,2026-05-05 19:19:32+00:00,1778008772000,63166,27.22719,42.81518,10.04046,94389,True,73.30012,1
20260505-014600,-Ort_EvTTjfJJfZdd7FI,2026-05-05 19:19:44+00:00,1778008784000,63178,27.23226,42.77962,10.04051,94101,True,64.73204,1
20260505-014600,-Ort_Hq4rTJGQhucUaqH,2026-05-05 19:19:56+00:00,1778008796000,63190,27.23226,42.75494,10.04049,94793,True,62.52586,1
20260505-014600,-Ort_KmQZ3lDznvmBJLD,2026-05-05 19:20:08+00:00,1778008808000,63202,27.2348,42.75801,10.04034,95062,True,61.26061,1
20260505-014600,-Ort_Njm82VvMaHfJgAo,2026-05-05 19:20:20+00:00,1778008820000,63214,27.15112,43.3678,10.04042,85434,True,80.91341,1
20260505-014600,-Ort_QfHnJjaYVCzmMFz,2026-05-05 19:20:32+00:00,1778008832000,63226,27.22212,42.85738,10.0405,91802,True,87.99171,1
20260505-014600,-Ort_TaqZlXi706Y7jsT,2026-05-05 19:20:44+00:00,1778008844000,63238,27.22973,42.75824,10.04043,95032,True,71.368,1
20260505-014600,-Ort_WXLfr5bUTqGk4Gd,2026-05-05 19:20:56+00:00,1778008856000,63250,27.2348,42.73922,10.04034,95140,True,62.6552,1
20260505-014600,-Ort_Zdi83gNXL1LzJOV,2026-05-05 19:21:08+00:00,1778008868000,63262,27.23226,42.71334,10.04021,94954,True,63.81381,1
20260505-014600,-Ort_bOIuMiEk-p9OSab,2026-05-05 19:21:20+00:00,1778008880000,63274,27.2348,42.72667,10.04048,95008,True,61.95023,1
20260505-014600,-Ort_eJn2WVyspE_bgUL,2026-05-05 19:21:32+00:00,1778008892000,63286,27.23226,42.744,10.04042,94954,True,62.09967,1
20260505-014600,-Ort_hFZJqnYuqn0D_f7,2026-05-05 19:21:44+00:00,1778008904000,63298,27.23987,42.7328,10.04054,94739,True,63.41238,1
20260505-014600,-Ort_kB9DTHONsg7xiVS,2026-05-05 19:21:56+00:00,1778008916000,63310,27.23734,42.73978,10.04052,95332,True,61.31804,1
20260505-014600,-Ort_n6N1xfuPMu14L_W,2026-05-05 19:22:08+00:00,1778008928000,63322,27.2348,42.73067,10.04046,95332,True,60.74212,1
20260505-014600,-Ort_q1k68m1MSbPOhun,2026-05-05 19:22:20+00:00,1778008940000,63334,27.23987,42.73623,10.04056,95387,True,60.74033,1
20260505-014600,-Ort_syF2nmbebW-PhRF,2026-05-05 19:22:32+00:00,1778008952000,63346,27.24748,42.69437,10.04068,95387,True,59.59504,1
20260505-014600,-Ort_vuIxvC1-2S33dQH,2026-05-05 19:22:44+00:00,1778008964000,63358,27.24241,42.68982,10.04058,94686,True,60.34959,1
20260505-014600,-Ort_ypnkdtoE5aDIXZB,2026-05-05 19:22:56+00:00,1778008976000,63370,27.24241,42.71117,10.04051,94847,True,60.82566,1
20260505-014600,-Orta0l57c2Y8C10DUJ8,2026-05-05 19:23:08+00:00,1778008988000,63382,27.25001,42.70079,10.04062,95332,True,61.09346,1
20260505-014600,-Orta3g9sN08OqvKCBYu,2026-05-05 19:23:20+00:00,1778009000000,63394,27.24748,42.71462,10.04051,94419,True,63.28798,1
20260505-014600,-Orta6bfmeHYKavrCEef,2026-05-05 19:23:32+00:00,1778009012000,63406,27.25255,42.70724,10.04046,95008,True,62.56642,1
20260505-014600,-Orta9YRYg-XBgDq3INx,2026-05-05 19:23:44+00:00,1778009024000,63418,27.25001,42.70229,10.0406,94472,True,64.32371,1
20260505-014600,-OrtaCTbOarD_JbYbc4c,2026-05-05 19:23:56+00:00,1778009036000,63430,27.25255,42.65269,10.04071,94632,True,64.21651,1
20260505-014600,-OrtaFPMkfatY9pvngIG,2026-05-05 19:24:08+00:00,1778009048000,63442,27.25001,42.62253,10.04051,95278,True,61.96774,1
20260505-014600,-OrtaIY0E7quwo-UaFGW,2026-05-05 19:24:20+00:00,1778009060000,63454,27.26016,42.58113,10.04087,95387,True,60.51453,1
20260505-014600,-OrtaLGLL7nxuxcxq4gE,2026-05-05 19:24:32+00:00,1778009072000,63466,27.25508,42.58833,10.04056,96597,True,57.14311,1
20260505-014600,-OrtaOC-CgiSkUhou-mZ,2026-05-05 19:24:44+00:00,1778009084000,63478,27.25508,42.58874,10.04065,95008,True,58.50721,1
20260505-014600,-OrtaR7BL1jtt4lnFtnw,2026-05-05 19:24:56+00:00,1778009096000,63490,27.25255,42.61323,10.04059,94525,True,62.00645,1
20260505-014600,-OrtaU2vRVUl8czt0iLv,2026-05-05 19:25:08+00:00,1778009108000,63502,27.25508,42.62782,10.04068,95248,True,61.9897,1
20260505-014600,-OrtaWzCuJfAJcR01pNI,2026-05-05 19:25:20+00:00,1778009120000,63514,27.25508,42.65175,10.04065,95683,True,61.64569,1
20260505-014600,-OrtaZuc4W43C-WDGE8m,2026-05-05 19:25:32+00:00,1778009132000,63526,27.25508,42.62331,10.04061,95465,True,60.25315,1
20260505-014600,-OrtabqC39lhwYqNDDLq,2026-05-05 19:25:44+00:00,1778009144000,63538,27.25508,42.61616,10.04054,94579,True,64.02934,1
20260505-014600,-Ortaelz0F47c_601YAb,2026-05-05 19:25:56+00:00,1778009156000,63550,27.26269,42.59206,10.04073,94525,True,66.15577,1
20260505-014600,-OrtahhemhvTTAbJK5Q1,2026-05-05 19:26:08+00:00,1778009168000,63562,27.26269,42.5685,10.04084,95008,True,65.28113,1
20260505-014600,-Ortakcq6VbJEVXap12s,2026-05-05 19:26:20+00:00,1778009180000,63574,27.25762,42.54379,10.04063,95441,True,63.9318,1
20260505-014600,-OrtanZ865BfIrbqWIOx,2026-05-05 19:26:32+00:00,1778009192000,63586,27.25762,42.56316,10.04081,94793,True,63.03024,1
20260505-014600,-OrtaqUnqYf6ijp6yNHu,2026-05-05 19:26:44+00:00,1778009204000,63598,27.26269,42.57037,10.04066,94900,True,64.76225,1
20260505-014600,-OrtatQEFeCcn_ttMlys,2026-05-05 19:26:56+00:00,1778009216000,63610,27.26522,42.57668,10.04074,94366,True,65.11635,1
20260505-014600,-OrtawLxjyq7jehuUps9,2026-05-05 19:27:08+00:00,1778009228000,63622,27.26522,42.56438,10.04072,94366,True,65.58263,1
20260505-014600,-OrtazHeb_HT3aKjil4P,2026-05-05 19:27:20+00:00,1778009240000,63634,27.26269,42.58076,10.04056,95441,True,62.6815,1
20260505-014600,-Ortb1_gfdxsEfS-Q0fI,2026-05-05 19:27:32+00:00,1778009252000,63646,27.25762,42.60488,10.04065,94793,True,62.78682,1
20260505-014600,-Ortb48L_T9TBpfXg-LF,2026-05-05 19:27:44+00:00,1778009264000,63658,27.26016,42.60501,10.04078,95278,True,61.70559,1
20260505-014600,-Ortb73qW61RHi-bIjjv,2026-05-05 19:27:56+00:00,1778009276000,63670,27.26269,42.60184,10.04064,95008,True,62.14064,1
20260505-014600,-OrtbA-XMqB94KKwlPgA,2026-05-05 19:28:08+00:00,1778009288000,63682,27.2703,42.57811,10.04107,95605,True,60.60707,1
20260505-014600,-OrtbCvyFxMMfpJsaArB,2026-05-05 19:28:20+00:00,1778009300000,63694,27.26776,42.54204,10.04085,95714,True,59.60294,1
20260505-014600,-OrtbFrQZAs74k2BSZhN,2026-05-05 19:28:32+00:00,1778009312000,63706,27.27283,42.51575,10.04088,95659,True,58.42019,1
20260505-014600,-OrtbInLy6wvPTRegUb_,2026-05-05 19:28:44+00:00,1778009324000,63718,27.26776,42.5269,10.04101,96486,True,56.74219,1
20260505-014600,-OrtbLiCMbf8tyaHSUOX,2026-05-05 19:28:56+00:00,1778009336000,63730,27.26269,42.51257,10.0407,96043,True,56.77615,1
20260505-014600,-OrtbOdpTspYnt0FXMCw,2026-05-05 19:29:08+00:00,1778009348000,63742,27.27283,42.47356,10.04112,96764,True,55.92078,1
20260505-014600,-OrtbR_NOBCIQnD9pHf7,2026-05-05 19:29:20+00:00,1778009360000,63754,27.27537,42.46361,10.04095,95933,True,56.07216,1
20260505-014600,-OrtbUW1hrEz-ruauLI0,2026-05-05 19:29:32+00:00,1778009372000,63766,27.27283,42.48126,10.04084,96043,True,56.06113,1
20260505-014600,-OrtbXROMh33I_3h5Wc5,2026-05-05 19:29:44+00:00,1778009384000,63778,27.26776,42.50048,10.04083,96209,True,55.96027,1
20260505-014600,-OrtbchNuJeFmGjdD7Gu,2026-05-05 19:29:57+00:00,1778009397000,63791,27.32266,42.36282,10.04094,96043,True,56.26563,1
20260505-014600,-OrtbdcK-gk0QC9Qa1FV,2026-05-05 19:30:14+00:00,1778009414000,63808,27.22348,43.1657,10.04112,81525,True,86.97818,1
20260505-014600,-Ortbh8HnYNTQMNLOJ9p,2026-05-05 19:30:27+00:00,1778009427000,63821,27.19841,43.36659,10.04105,70243,True,135.90982,1
20260505-014600,-OrtbkdMyzmXaE3HnpGs,2026-05-05 19:30:39+00:00,1778009439000,63833,27.22212,42.77517,10.04108,78397,True,194.34865,1
20260505-014600,-Ortbmrka8RTk9a3BTWY,2026-05-05 19:30:52+00:00,1778009452000,63845,27.21451,42.79207,10.04117,80740,True,175.69861,1
20260505-014600,-OrtbpZeOyIPP2dY7OH-,2026-05-05 19:31:03+00:00,1778009463000,63856,27.16127,43.05389,10.0413,77959,True,170.08203,1
20260505-014600,-OrtbsVAiucvBHzjxbvR,2026-05-05 19:31:15+00:00,1778009475000,63868,27.23226,42.59697,10.04107,86762,True,138.66086,1
20260505-014600,-OrtbvQuJJvUeWo7nuvR,2026-05-05 19:31:27+00:00,1778009487000,63880,27.24748,42.52247,10.04116,91004,True,105.11264,1
20260505-014600,-OrtbyMD0-C1e3pN2QSw,2026-05-05 19:31:39+00:00,1778009499000,63892,27.25001,42.52031,10.04099,92923,True,85.36502,1
20260505-014600,-Ortc0HYMFqYpXiCEj-6,2026-05-05 19:31:51+00:00,1778009511000,63904,27.25255,42.53218,10.04103,92820,True,77.03312,1
20260505-014600,-Ortc3DFWRJPyJjFnE_N,2026-05-05 19:32:03+00:00,1778009523000,63916,27.25508,42.53503,10.04102,93441,True,73.53924,1
20260505-014600,-Ortc68Xb0En4DOKWuI8,2026-05-05 19:32:15+00:00,1778009535000,63928,27.25508,42.55474,10.04107,94709,True,68.10717,1
20260505-014600,-Ortc942sJHUX2rf_4UN,2026-05-05 19:32:27+00:00,1778009547000,63940,27.26522,42.53588,10.0413,95356,True,62.64397,1
20260505-014600,-OrtcC-s_Ox4Oy-OEbRu,2026-05-05 19:32:39+00:00,1778009559000,63952,27.26269,42.5634,10.04121,95248,True,61.56007,1
20260505-014600,-OrtcEw824HNP6-6RGEv,2026-05-05 19:32:51+00:00,1778009571000,63964,27.26522,42.53883,10.04134,94313,True,62.97853,1
20260505-014600,-OrtcHrnbfRpBJQ1x7aS,2026-05-05 19:33:03+00:00,1778009583000,63976,27.26776,42.52918,10.04117,94954,True,64.35394,1
20260505-014600,-OrtcKnLnmc-8SrGjw7C,2026-05-05 19:33:15+00:00,1778009595000,63988,27.2703,42.4983,10.04131,94739,True,65.26304,1
20260505-014600,-OrtcNibQW8nm4i-BXoT,2026-05-05 19:33:27+00:00,1778009607000,64000,27.2703,42.48814,10.04128,94847,True,65.06702,1
20260505-014600,-OrtcQewn_OfVYVoEdSt,2026-05-05 19:33:39+00:00,1778009619000,64012,27.2703,42.4818,10.04136,94366,True,65.08231,1
20260505-014600,-OrtcTeutkMwOP1PT0Ss,2026-05-05 19:33:51+00:00,1778009631000,64024,27.27537,42.45181,10.04143,94686,True,65.28396,1
20260505-014600,-OrtcWW6iCEmfa_YaI4U,2026-05-05 19:34:03+00:00,1778009643000,64036,27.27283,42.4538,10.04142,94954,True,64.36271,1
20260505-014600,-OrtcZRbLgIOkK9AYo9A,2026-05-05 19:34:15+00:00,1778009655000,64048,27.27537,42.46232,10.04134,94525,True,64.79948,1
20260505-014600,-OrtcbNSKKXXn1dMUKmF,2026-05-05 19:34:27+00:00,1778009667000,64060,27.2703,42.47565,10.04114,94366,True,64.92674,1
20260505-014600,-OrtceIgC-hKxlBEWqE9,2026-05-05 19:34:39+00:00,1778009679000,64072,27.27283,42.48358,10.041,95062,True,62.86778,1
20260505-014600,-OrtchEFJn6nkl_GfUEG,2026-05-05 19:34:51+00:00,1778009691000,64084,27.28044,42.4828,10.0413,95332,True,61.80597,1
20260505-014600,-Ortck9wX3mol6i2Xg1a,2026-05-05 19:35:03+00:00,1778009703000,64096,27.2779,42.48067,10.04129,95550,True,59.95953,1
20260505-014600,-Ortcn57QYn0Caoaz1Ld,2026-05-05 19:35:15+00:00,1778009715000,64108,27.2779,42.47776,10.04126,95441,True,60.11909,1
20260505-014600,-Ortcq0X8xRwYPR5H00a,2026-05-05 19:35:27+00:00,1778009727000,64120,27.2779,42.47021,10.04126,96264,True,57.36663,1
20260505-014600,-Ortcswvsk2hFvLPWMXJ,2026-05-05 19:35:39+00:00,1778009739000,64132,27.2779,42.47488,10.04131,95659,True,57.76585,1
20260505-014600,-OrtcvsbvDeFC-jC1qrz,2026-05-05 19:35:51+00:00,1778009751000,64144,27.27537,42.47143,10.04123,96153,True,56.76788,1
20260505-014600,-OrtcyoI7IROq7fJ5eY-,2026-05-05 19:36:03+00:00,1778009763000,64156,27.27537,42.48518,10.04118,96043,True,56.47798,1
20260505-014600,-Ortd0jky-I9h_KlU4oA,2026-05-05 19:36:15+00:00,1778009775000,64168,27.28551,42.44557,10.04136,95988,True,56.53958,1
20260505-014600,-Ortd3JPPmU_U2Ty4dst,2026-05-05 19:36:25+00:00,1778009785000,64179,27.34023,42.33114,10.04132,96153,True,56.44944,1
20260505-014600,-Ortd6EmhKMyeg2jmdv_,2026-05-05 19:36:37+00:00,1778009797000,64191,27.26269,42.6185,10.04136,91004,True,91.66103,1
20260505-014600,-Ortd9ACmhVx7C4L1TPP,2026-05-05 19:36:49+00:00,1778009809000,64203,27.2703,42.50649,10.04112,95140,True,74.93204,1
20260505-014600,-OrtdD6qWVB_uP4z-wul,2026-05-05 19:37:01+00:00,1778009821000,64215,27.28044,42.46196,10.04132,95116,True,64.60958,1
20260505-014600,-OrtdEcG1LHed-kLdl08,2026-05-05 19:37:11+00:00,1778009831000,64225,27.20184,42.92109,10.04114,87946,True,78.99617,1
20260505-014600,-OrtdHY4yzm82rSryn1j,2026-05-05 19:37:23+00:00,1778009843000,64237,27.26269,42.51967,10.04149,93546,True,78.72963,1
20260505-014600,-OrtdKTJ9ykmZvCMIyVF,2026-05-05 19:37:35+00:00,1778009855000,64249,27.28044,42.43947,10.04135,95248,True,66.26778,1
20260505-014600,-OrtdNOvI7vfwjzkRi6N,2026-05-05 19:37:47+00:00,1778009867000,64261,27.27537,42.45809,10.04136,95170,True,64.83995,1
20260505-014600,-OrtdQLKvKP8pEbHHNYd,2026-05-05 19:37:59+00:00,1778009879000,64273,27.28044,42.47052,10.04128,95823,True,61.05097,1
20260505-014600,-OrtdTG63H25jlVWxlWc,2026-05-05 19:38:11+00:00,1778009891000,64285,27.28044,42.4652,10.04116,95605,True,59.78976,1
20260505-014600,-OrtdWBX0-qUpoM8pFrt,2026-05-05 19:38:23+00:00,1778009903000,64297,27.2779,42.45517,10.0411,96319,True,57.34507,1
20260505-014600,-OrtdZ78onVriej0t9xe,2026-05-05 19:38:35+00:00,1778009915000,64309,27.2779,42.46935,10.0411,96430,True,57.33809,1
20260505-014600,-Ortdb2OWEkr6jqtIoip,2026-05-05 19:38:47+00:00,1778009927000,64321,27.28551,42.43032,10.0412,95714,True,57.44011,1
20260505-014600,-Ortddz6TM7zbKBvAn7B,2026-05-05 19:38:59+00:00,1778009939000,64333,27.2779,42.42014,10.04136,96989,True,55.04646,1
20260505-014600,-Ortdguqvp16YuE0Fatu,2026-05-05 19:39:11+00:00,1778009951000,64345,27.28298,42.39614,10.0412,96653,True,53.93225,1
20260505-014600,-Ortdjppdng38c8s63Id,2026-05-05 19:39:23+00:00,1778009963000,64357,27.28551,42.40708,10.04122,96319,True,55.06771,1
20260505-014600,-OrtdmlOZ1CZHZMQEaSD,2026-05-05 19:39:35+00:00,1778009975000,64369,27.28551,42.43476,10.04131,96153,True,55.72684,1
20260505-014600,-Ortdpgy9CLJHdIWq7XZ,2026-05-05 19:39:47+00:00,1778009987000,64381,27.28551,42.45113,10.0414,96319,True,55.05194,1
20260505-014600,-OrtdsdAj8ugRqoBOesJ,2026-05-05 19:39:59+00:00,1778009999000,64393,27.28551,42.46236,10.0411,95878,True,56.48891,1
20260505-014600,-Orte0XbVHDCawhDjHUC,2026-05-05 19:40:11+00:00,1778010011000,64405,27.28805,42.44923,10.04116,96375,True,55.79078,1
20260505-014600,-Orte1J56GESvkLjRTo6,2026-05-05 19:40:39+00:00,1778010039000,64433,27.34086,42.33817,10.04089,96209,True,55.86241,1
20260505-014600,-Orte4ET7bZ1lWQiXGXd,2026-05-05 19:40:51+00:00,1778010051000,64445,27.23987,43.02568,10.0411,80275,True,159.98413,1
20260505-014600,-Orte79xr2GhuNFwTgpL,2026-05-05 19:41:03+00:00,1778010063000,64457,27.26269,42.69139,10.04115,88224,True,128.10468,1
20260505-014600,-OrteA5M530TF7s9dQox,2026-05-05 19:41:15+00:00,1778010075000,64469,27.26776,42.60541,10.04113,92717,True,95.31819,1
20260505-014600,-OrteD1Fewimwr8FUyHk,2026-05-05 19:41:27+00:00,1778010087000,64481,27.2779,42.59061,10.04115,94177,True,77.0161,1
20260505-014600,-OrteFxT7RHdr42DRwHq,2026-05-05 19:41:39+00:00,1778010099000,64493,27.28044,42.58223,10.04097,95140,True,66.79131,1
20260505-014600,-OrteIsqrmB_B5a98t_Q,2026-05-05 19:41:51+00:00,1778010111000,64505,27.2779,42.59262,10.04103,95248,True,61.47976,1
