session_id,push_id,datetime_utc,unix_ms,elapsed_s,temp_c,humidity_pct,pressure_hpa,gas_ohm,heater_stable,iaq,iaq_accuracy
20260506-031454,1778037298,2026-05-06 03:14:58+00:00,1778037298000,3,27.38081,43.93813,10.02659,74624,True,177.54951,0
20260506-031454,1778037310,2026-05-06 03:15:10+00:00,1778037310000,15,28.01831,39.7067,10.02732,2596899,True,0.0,0
20260506-031454,1778037322,2026-05-06 03:15:22+00:00,1778037322000,27,27.69882,41.13029,10.02679,47604,True,0.0,0
20260506-031454,1778037334,2026-05-06 03:15:34+00:00,1778037334000,39,27.5619,42.56836,10.02705,46730,True,181.4523,0
20260506-031454,1778037346,2026-05-06 03:15:46+00:00,1778037346000,51,27.534,42.7403,10.02709,47577,True,184.02664,0
20260506-031454,1778037358,2026-05-06 03:15:58+00:00,1778037358000,63,27.51118,42.77667,10.02694,48235,True,186.61322,0
20260506-031454,1778037370,2026-05-06 03:16:10+00:00,1778037370000,75,27.50357,42.78365,10.02706,48290,True,189.48051,0
20260506-031454,1778037382,2026-05-06 03:16:22+00:00,1778037382000,87,27.49597,42.81068,10.02689,48740,True,192.78685,0
20260506-031454,1778037394,2026-05-06 03:16:34+00:00,1778037394000,99,27.48836,42.79031,10.02698,49431,True,336.55634,2
20260506-031454,1778037406,2026-05-06 03:16:46+00:00,1778037406000,111,27.48582,42.81009,10.02708,49169,True,333.67822,2
20260506-031454,1778037418,2026-05-06 03:16:58+00:00,1778037418000,123,27.48075,42.8161,10.0271,48911,True,333.41824,2
20260506-031454,1778037430,2026-05-06 03:17:10+00:00,1778037430000,135,27.48075,42.82418,10.02721,49665,True,329.24316,2
20260506-031454,1778037442,2026-05-06 03:17:22+00:00,1778037442000,147,27.46554,42.86068,10.02707,51089,True,319.0759,2
20260506-031454,1778037454,2026-05-06 03:17:34+00:00,1778037454000,159,27.45793,42.87899,10.02712,52301,True,307.88516,2
20260506-031454,1778037466,2026-05-06 03:17:46+00:00,1778037466000,171,27.4554,42.83204,10.02717,52963,True,300.20795,2
20260506-031454,1778037478,2026-05-06 03:17:58+00:00,1778037478000,183,27.44779,42.86431,10.02717,53402,True,294.82202,2
20260506-031454,1778037491,2026-05-06 03:18:11+00:00,1778037491000,195,27.34636,43.54618,10.02707,45463,True,311.19205,2
20260506-031454,1778037503,2026-05-06 03:18:23+00:00,1778037503000,207,27.41736,42.96893,10.02739,50565,True,316.57745,2
20260506-031454,1778037515,2026-05-06 03:18:35+00:00,1778037515000,219,27.42243,42.88298,10.02722,52863,True,300.01877,2
20260506-031454,1778037527,2026-05-06 03:18:47+00:00,1778037527000,231,27.4199,42.8861,10.02727,53573,True,289.92465,2
20260506-031454,1778037539,2026-05-06 03:18:59+00:00,1778037539000,243,27.41483,42.91083,10.02722,54057,True,282.9913,2
20260506-031454,1778037551,2026-05-06 03:19:11+00:00,1778037551000,255,27.4199,42.89224,10.02725,54232,True,279.08868,2
20260506-031454,1778037563,2026-05-06 03:19:23+00:00,1778037563000,267,27.41229,42.90091,10.0272,55088,True,274.36856,2
20260506-031454,1778037575,2026-05-06 03:19:35+00:00,1778037575000,279,27.40976,42.88089,10.02726,53848,True,274.32532,2
20260506-031454,1778037587,2026-05-06 03:19:47+00:00,1778037587000,291,27.40722,42.8981,10.02729,53266,True,279.05072,2
20260506-031454,1778037599,2026-05-06 03:19:59+00:00,1778037599000,303,27.40468,42.90526,10.02739,53952,True,276.64917,2
20260506-031454,1778037611,2026-05-06 03:20:11+00:00,1778037611000,315,27.39961,42.89872,10.02726,54657,True,270.91074,2
20260506-031454,1778037623,2026-05-06 03:20:23+00:00,1778037623000,327,27.39454,42.8968,10.02707,55197,True,265.41214,2
20260506-031454,1778037635,2026-05-06 03:20:35+00:00,1778037635000,339,27.38947,42.88977,10.0272,56273,True,259.09271,2
20260506-031454,1778037647,2026-05-06 03:20:47+00:00,1778037647000,351,27.39708,42.88358,10.02731,56768,True,254.17203,2
20260506-031454,1778037659,2026-05-06 03:20:59+00:00,1778037659000,363,27.39454,42.92799,10.02728,56615,True,251.7502,2
20260506-031454,1778037670,2026-05-06 03:21:10+00:00,1778037670000,374,27.30073,43.51265,10.02697,49695,True,264.76312,2
20260506-031454,1778037682,2026-05-06 03:21:22+00:00,1778037682000,386,27.37426,43.0532,10.02729,54302,True,267.905,2
20260506-031454,1778037694,2026-05-06 03:21:34+00:00,1778037694000,398,27.37679,42.9875,10.02709,55972,True,257.12549,2
20260506-031454,1778037706,2026-05-06 03:21:46+00:00,1778037706000,410,27.3844,42.97414,10.0273,56235,True,251.36053,2
20260506-031454,1778037718,2026-05-06 03:21:58+00:00,1778037718000,422,27.3844,42.97594,10.02721,56961,True,245.35181,2
20260506-031454,1778037730,2026-05-06 03:22:10+00:00,1778037730000,434,27.37933,42.94925,10.02713,57470,True,241.40138,2
20260506-031454,1778037742,2026-05-06 03:22:22+00:00,1778037742000,446,27.37679,42.97939,10.02728,58027,True,237.18214,2
20260506-031454,1778037754,2026-05-06 03:22:34+00:00,1778037754000,458,27.37933,42.97493,10.02711,58027,True,234.90419,2
20260506-031454,1778037766,2026-05-06 03:22:46+00:00,1778037766000,470,27.37172,42.999,10.0272,58760,True,231.49983,2
20260506-031454,1778037778,2026-05-06 03:22:58+00:00,1778037778000,482,27.37426,42.99341,10.02729,58801,True,228.39427,2
20260506-031454,1778037790,2026-05-06 03:23:10+00:00,1778037790000,494,27.37679,43.0014,10.02735,59175,True,225.63765,2
20260506-031454,1778037802,2026-05-06 03:23:22+00:00,1778037802000,506,27.37426,43.02151,10.0274,59092,True,223.92896,2
20260506-031454,1778037814,2026-05-06 03:23:34+00:00,1778037814000,518,27.36919,43.02017,10.02735,59301,True,222.07722,2
20260506-031454,1778037826,2026-05-06 03:23:46+00:00,1778037826000,530,27.37172,43.00951,10.02743,59681,True,219.42197,2
20260506-031454,1778037838,2026-05-06 03:23:58+00:00,1778037838000,542,27.36411,43.00686,10.02727,60066,True,216.92258,2
20260506-031454,1778037850,2026-05-06 03:24:10+00:00,1778037850000,554,27.36158,43.0528,10.02744,60153,True,215.34799,2
20260506-031454,1778037899,2026-05-06 03:24:59+00:00,1778037899000,604,27.42647,42.89531,10.02731,60720,True,214.0173,2
20260506-031454,1778037911,2026-05-06 03:25:11+00:00,1778037911000,616,27.28044,43.58968,10.02737,43800,True,308.66824,2
20260506-031454,1778037923,2026-05-06 03:25:23+00:00,1778037923000,628,27.30073,43.33515,10.02733,51371,True,279.9032,2
20260506-031454,1778037935,2026-05-06 03:25:35+00:00,1778037935000,640,27.31594,43.23607,10.02724,54621,True,252.64795,2
20260506-031454,1778037947,2026-05-06 03:25:47+00:00,1778037947000,652,27.31848,43.23386,10.0274,56884,True,235.00244,2
20260506-031454,1778037958,2026-05-06 03:25:58+00:00,1778037958000,662,27.23987,43.74446,10.02721,52204,True,238.5576,2
20260506-031454,1778037970,2026-05-06 03:26:10+00:00,1778037970000,674,27.31594,43.29442,10.02736,56386,True,234.59979,2
20260506-031454,1778037982,2026-05-06 03:26:22+00:00,1778037982000,686,27.31848,43.2435,10.02744,58229,True,223.17741,2
20260506-031454,1778037994,2026-05-06 03:26:34+00:00,1778037994000,698,27.31848,43.24619,10.02738,59385,True,214.84172,2
20260506-031454,1778038005,2026-05-06 03:26:45+00:00,1778038005000,710,27.38221,43.08001,10.02751,59639,True,213.21643,2
20260506-031454,1778038018,2026-05-06 03:26:58+00:00,1778038018000,723,27.27185,43.87413,10.02722,50171,True,228.17474,2
20260506-031454,1778038030,2026-05-06 03:27:10+00:00,1778038030000,735,27.28298,43.48719,10.02732,51529,True,258.22162,2
20260506-031454,1778038042,2026-05-06 03:27:22+00:00,1778038042000,747,27.30833,43.30284,10.02757,56424,True,236.87431,2
20260506-031454,1778038054,2026-05-06 03:27:34+00:00,1778038054000,759,27.31087,43.28368,10.02756,58310,True,220.66707,2
20260506-031454,1778038066,2026-05-06 03:27:46+00:00,1778038066000,771,27.31594,43.28399,10.02753,59469,True,210.73972,2
20260506-031454,1778038078,2026-05-06 03:27:58+00:00,1778038078000,783,27.31594,43.2877,10.02762,60196,True,204.97223,2
20260506-031454,1778038090,2026-05-06 03:28:10+00:00,1778038090000,795,27.31848,43.3096,10.0277,61163,True,200.0,2
20260506-031454,1778038103,2026-05-06 03:28:23+00:00,1778038103000,807,27.28298,43.55986,10.02734,57787,True,208.14906,2
20260506-031454,1778038115,2026-05-06 03:28:35+00:00,1778038115000,819,27.31087,43.34527,10.02751,60326,True,203.93033,2
20260506-031454,1778038127,2026-05-06 03:28:47+00:00,1778038127000,831,27.31594,43.31137,10.02778,61208,True,198.08907,2
20260506-031454,1778038139,2026-05-06 03:28:59+00:00,1778038139000,843,27.31848,43.3161,10.02761,61795,True,194.42815,2
20260506-031454,1778038151,2026-05-06 03:29:11+00:00,1778038151000,855,27.31594,43.31164,10.02755,62580,True,191.48386,2
20260506-031454,1778038163,2026-05-06 03:29:23+00:00,1778038163000,867,27.32101,43.31838,10.02758,62767,True,189.49074,2
20260506-031454,1778038176,2026-05-06 03:29:36+00:00,1778038176000,880,27.3683,43.18896,10.02757,62580,True,189.47484,2
20260506-031454,1778038188,2026-05-06 03:29:48+00:00,1778038188000,892,27.28805,43.51299,10.02758,57039,True,216.90254,2
20260506-031454,1778038200,2026-05-06 03:30:00+00:00,1778038200000,904,27.30073,43.3427,10.02754,60196,True,204.69092,2
20260506-031454,1778038212,2026-05-06 03:30:12+00:00,1778038212000,916,27.3058,43.30633,10.02757,61886,True,195.02861,2
20260506-031454,1778038222,2026-05-06 03:30:22+00:00,1778038222000,927,27.22719,43.83868,10.0275,55563,True,202.10435,2
20260506-031454,1778038234,2026-05-06 03:30:34+00:00,1778038234000,939,27.29058,43.39424,10.02753,60196,True,201.89508,2
20260506-031454,1778038246,2026-05-06 03:30:46+00:00,1778038246000,951,27.31087,43.28864,10.02788,61932,True,193.5864,2
20260506-031454,1778038258,2026-05-06 03:30:58+00:00,1778038258000,963,27.3058,43.30922,10.02767,62956,True,187.94012,2
20260506-031454,1778038270,2026-05-06 03:31:10+00:00,1778038270000,975,27.3134,43.30081,10.02776,63337,True,184.62984,2
20260506-031454,1778038282,2026-05-06 03:31:22+00:00,1778038282000,987,27.31087,43.29698,10.02781,64260,True,181.98776,2
20260506-031454,1778038294,2026-05-06 03:31:34+00:00,1778038294000,999,27.32101,43.26314,10.02797,64409,True,180.0383,3
20260506-031454,1778038306,2026-05-06 03:31:46+00:00,1778038306000,1011,27.30833,43.30341,10.02773,64508,True,179.26111,3
20260506-031454,1778038319,2026-05-06 03:31:59+00:00,1778038319000,1023,27.3134,43.30399,10.02802,64409,True,178.59639,3
20260506-031454,1778038331,2026-05-06 03:32:11+00:00,1778038331000,1035,27.31848,43.3025,10.02786,65009,True,177.10699,3
20260506-031454,1778038343,2026-05-06 03:32:23+00:00,1778038343000,1047,27.31594,43.32524,10.02801,64958,True,176.73944,3
20260506-031454,1778038355,2026-05-06 03:32:35+00:00,1778038355000,1059,27.31848,43.32632,10.02807,65313,True,175.42511,3
20260506-031454,1778038367,2026-05-06 03:32:47+00:00,1778038367000,1071,27.31594,43.34037,10.02803,65313,True,175.05533,3
20260506-031454,1778038379,2026-05-06 03:32:59+00:00,1778038379000,1083,27.3134,43.31577,10.02806,65671,True,173.90402,3
20260506-031454,1778038391,2026-05-06 03:33:11+00:00,1778038391000,1095,27.3134,43.31893,10.02801,65826,True,173.51862,3
20260506-031454,1778038403,2026-05-06 03:33:23+00:00,1778038403000,1107,27.31594,43.31376,10.02796,65775,True,172.74417,3
20260506-031454,1778038419,2026-05-06 03:33:39+00:00,1778038419000,1123,27.37033,43.20483,10.02809,66190,True,172.20959,3
20260506-031454,1778038431,2026-05-06 03:33:51+00:00,1778038431000,1135,27.27537,43.57971,10.02798,58229,True,206.74788,2
20260506-031454,1778038443,2026-05-06 03:34:03+00:00,1778038443000,1147,27.29058,43.41642,10.02796,62440,True,194.41745,2
20260506-031454,1778038455,2026-05-06 03:34:15+00:00,1778038455000,1159,27.29058,43.38288,10.02782,64064,True,183.61214,2
20260506-031454,1778038467,2026-05-06 03:34:27+00:00,1778038467000,1171,27.30073,43.36094,10.02806,64807,True,178.3327,2
20260506-031454,1778038480,2026-05-06 03:34:40+00:00,1778038480000,1184,27.35308,43.21058,10.02822,64958,True,177.45998,2
20260506-031454,1778038492,2026-05-06 03:34:52+00:00,1778038492000,1196,27.28298,43.52298,10.02831,59469,True,201.6011,2
20260506-031454,1778038504,2026-05-06 03:35:04+00:00,1778038504000,1208,27.28298,43.36576,10.02799,63146,True,189.93799,2
20260506-031454,1778038516,2026-05-06 03:35:16+00:00,1778038516000,1220,27.26269,43.59487,10.02821,60239,True,193.51605,2
20260506-031454,1778038527,2026-05-06 03:35:27+00:00,1778038527000,1232,27.20437,43.95683,10.02816,55897,True,200.0,2
20260506-031454,1778038539,2026-05-06 03:35:39+00:00,1778038539000,1244,27.2779,43.44344,10.02832,61795,True,195.42203,2
20260506-031454,1778038551,2026-05-06 03:35:51+00:00,1778038551000,1256,27.28298,43.38628,10.02806,63966,True,183.69153,2
20260506-031454,1778038563,2026-05-06 03:36:03+00:00,1778038563000,1268,27.29058,43.37885,10.02806,65313,True,176.23329,2
20260506-031454,1778038575,2026-05-06 03:36:15+00:00,1778038575000,1280,27.28805,43.36937,10.02822,65517,True,173.10559,2
20260506-031454,1778038587,2026-05-06 03:36:27+00:00,1778038587000,1292,27.29312,43.36144,10.02821,66295,True,170.00081,2
20260506-031454,1778038600,2026-05-06 03:36:40+00:00,1778038600000,1304,27.26522,43.63014,10.02827,62486,True,179.20235,3
20260506-031454,1778038612,2026-05-06 03:36:52+00:00,1778038612000,1316,27.28551,43.42355,10.02826,65160,True,176.65883,3
20260506-031454,1778038624,2026-05-06 03:37:04+00:00,1778038624000,1328,27.29312,43.38047,10.02819,66034,True,171.67731,3
20260506-031454,1778038636,2026-05-06 03:37:16+00:00,1778038636000,1340,27.29819,43.37653,10.02852,67038,True,167.81271,3
20260506-031454,1778038648,2026-05-06 03:37:28+00:00,1778038648000,1352,27.29312,43.38511,10.02837,67146,True,166.11887,3
20260506-031454,1778038660,2026-05-06 03:37:40+00:00,1778038660000,1364,27.30326,43.35889,10.02849,67362,True,164.17581,3
20260506-031454,1778038672,2026-05-06 03:37:52+00:00,1778038672000,1376,27.3058,43.34937,10.02855,67579,True,163.57776,3
20260506-031454,1778038684,2026-05-06 03:38:04+00:00,1778038684000,1388,27.30073,43.38805,10.02854,67798,True,162.98169,3
20260506-031454,1778038696,2026-05-06 03:38:16+00:00,1778038696000,1400,27.30326,43.37183,10.02839,68129,True,161.75641,3
20260506-031454,1778038708,2026-05-06 03:38:28+00:00,1778038708000,1412,27.29058,43.39765,10.02838,68351,True,161.17856,3
20260506-031454,1778038720,2026-05-06 03:38:40+00:00,1778038720000,1424,27.30326,43.36952,10.02847,68240,True,160.64655,3
20260506-031454,1778038732,2026-05-06 03:38:52+00:00,1778038732000,1436,27.3058,43.3679,10.02862,68688,True,159.46173,3
20260506-031454,1778038744,2026-05-06 03:39:04+00:00,1778038744000,1448,27.29819,43.39912,10.02848,68688,True,159.34595,3
20260506-031454,1778038756,2026-05-06 03:39:16+00:00,1778038756000,1460,27.30326,43.35603,10.02869,68744,True,158.41037,3
20260506-031454,1778038768,2026-05-06 03:39:28+00:00,1778038768000,1472,27.30073,43.38308,10.02856,69027,True,157.83435,3
20260506-031454,1778038779,2026-05-06 03:39:39+00:00,1778038779000,1483,27.35092,43.24063,10.02857,69027,True,157.73883,3
20260506-031454,1778038791,2026-05-06 03:39:51+00:00,1778038791000,1495,27.28044,43.55267,10.02881,64113,True,180.10016,3
20260506-031454,1778038803,2026-05-06 03:40:03+00:00,1778038803000,1507,27.28551,43.44718,10.02874,66665,True,172.1015,3
20260506-031454,1778038815,2026-05-06 03:40:15+00:00,1778038815000,1519,27.28551,43.43327,10.02865,67743,True,165.48575,3
20260506-031454,1778038827,2026-05-06 03:40:27+00:00,1778038827000,1531,27.29058,43.37955,10.02871,68744,True,160.85617,3
20260506-031454,1778038839,2026-05-06 03:40:39+00:00,1778038839000,1543,27.29312,43.35684,10.02877,68800,True,158.77982,3
20260506-031454,1778038851,2026-05-06 03:40:51+00:00,1778038851000,1555,27.29819,43.35883,10.02896,69027,True,158.0092,3
20260506-031454,1778038863,2026-05-06 03:41:03+00:00,1778038863000,1567,27.29565,43.34659,10.02892,69084,True,157.36473,3
20260506-031454,1778038875,2026-05-06 03:41:15+00:00,1778038875000,1579,27.30073,43.35021,10.0291,69256,True,155.70508,3
20260506-031454,1778038887,2026-05-06 03:41:27+00:00,1778038887000,1591,27.28805,43.39656,10.02885,69775,True,155.14714,3
20260506-031454,1778038899,2026-05-06 03:41:39+00:00,1778038899000,1603,27.29819,43.40923,10.02897,69659,True,154.46729,3
20260506-031454,1778038911,2026-05-06 03:41:51+00:00,1778038911000,1615,27.29312,43.49258,10.029,69950,True,154.49684,3
20260506-031454,1778038923,2026-05-06 03:42:03+00:00,1778038923000,1627,27.29565,43.50488,10.02911,69717,True,154.56049,3
20260506-031454,1778038933,2026-05-06 03:42:13+00:00,1778038933000,1638,27.21451,44.03138,10.02902,62673,True,163.74792,3
20260506-031454,1778038945,2026-05-06 03:42:25+00:00,1778038945000,1650,27.28298,43.54657,10.02899,67470,True,167.40189,3
20260506-031454,1778038957,2026-05-06 03:42:37+00:00,1778038957000,1662,27.29312,43.45843,10.02923,68857,True,161.54361,3
20260506-031454,1778038969,2026-05-06 03:42:49+00:00,1778038969000,1674,27.20437,44.06791,10.02891,60764,True,170.40994,3
20260506-031454,1778038981,2026-05-06 03:43:01+00:00,1778038981000,1686,27.28551,43.51148,10.02921,66243,True,172.9174,3
20260506-031454,1778038993,2026-05-06 03:43:13+00:00,1778038993000,1698,27.28805,43.44065,10.02924,68351,True,163.95424,3
20260506-031454,1778039005,2026-05-06 03:43:25+00:00,1778039005000,1710,27.28551,43.43254,10.02905,69370,True,158.62123,3
20260506-031454,1778039017,2026-05-06 03:43:37+00:00,1778039017000,1722,27.28805,43.43461,10.0292,69833,True,155.76151,3
20260506-031454,1778039029,2026-05-06 03:43:49+00:00,1778039029000,1734,27.29312,43.4185,10.02917,69775,True,154.13918,3
20260506-031454,1778039041,2026-05-06 03:44:01+00:00,1778039041000,1746,27.28805,43.43776,10.02913,70658,True,152.19534,3
20260506-031454,1778039053,2026-05-06 03:44:13+00:00,1778039053000,1758,27.29312,43.42331,10.02917,70598,True,151.33217,3
20260506-031454,1778039065,2026-05-06 03:44:25+00:00,1778039065000,1770,27.29819,43.38543,10.02934,70897,True,150.65552,3
20260506-031454,1778039077,2026-05-06 03:44:37+00:00,1778039077000,1782,27.29312,43.41361,10.029,70897,True,150.11993,3
20260506-031454,1778039089,2026-05-06 03:44:49+00:00,1778039089000,1794,27.30073,43.41186,10.02935,71078,True,149.25633,3
20260506-031454,1778039100,2026-05-06 03:45:00+00:00,1778039100000,1805,27.20691,43.94964,10.02911,63626,True,158.84961,3
20260506-031454,1778039112,2026-05-06 03:45:12+00:00,1778039112000,1817,27.28298,43.45328,10.02931,68184,True,163.35333,3
20260506-031454,1778039124,2026-05-06 03:45:24+00:00,1778039124000,1829,27.28298,43.41372,10.02922,70184,True,156.59483,3
20260506-031454,1778039136,2026-05-06 03:45:36+00:00,1778039136000,1841,27.28805,43.37243,10.02924,70658,True,152.65546,3
20260506-031454,1778039148,2026-05-06 03:45:48+00:00,1778039148000,1853,27.29565,43.37336,10.02925,71017,True,150.38118,3
20260506-031454,1778039160,2026-05-06 03:46:00+00:00,1778039160000,1865,27.29819,43.37935,10.02954,70897,True,149.76024,3
20260506-031454,1778039172,2026-05-06 03:46:12+00:00,1778039172000,1877,27.29058,43.39523,10.02936,71138,True,149.1963,3
20260506-031454,1778039184,2026-05-06 03:46:24+00:00,1778039184000,1889,27.29819,43.39896,10.02942,71686,True,147.73248,3
20260506-031454,1778039196,2026-05-06 03:46:36+00:00,1778039196000,1901,27.29058,43.42853,10.0294,71199,True,148.62592,3
20260506-031454,1778039208,2026-05-06 03:46:48+00:00,1778039208000,1913,27.29058,43.4174,10.02929,71994,True,147.06955,3
20260506-031454,1778039220,2026-05-06 03:47:00+00:00,1778039220000,1925,27.30326,43.39903,10.02953,71625,True,147.08728,3
20260506-031454,1778039232,2026-05-06 03:47:12+00:00,1778039232000,1937,27.29312,43.40485,10.0294,72056,True,145.97931,3
20260506-031454,1778039244,2026-05-06 03:47:24+00:00,1778039244000,1949,27.29565,43.41267,10.02944,72430,True,144.77399,3
20260506-031454,1778039257,2026-05-06 03:47:37+00:00,1778039257000,1962,27.36323,43.24905,10.02952,72118,True,144.86972,3
20260506-031454,1778039269,2026-05-06 03:47:49+00:00,1778039269000,1974,27.26522,43.63279,10.02945,65313,True,173.13217,3
20260506-031454,1778039281,2026-05-06 03:48:01+00:00,1778039281000,1986,27.2779,43.47302,10.02934,68800,True,163.97659,3
20260506-031454,1778039293,2026-05-06 03:48:13+00:00,1778039293000,1998,27.28805,43.44549,10.02939,70243,True,155.53537,3
20260506-031454,1778039305,2026-05-06 03:48:25+00:00,1778039305000,2010,27.28551,43.43029,10.02939,70957,True,150.70547,3
20260506-031454,1778039317,2026-05-06 03:48:37+00:00,1778039317000,2022,27.28551,43.45954,10.02956,71441,True,148.3717,3
20260506-031454,1778039329,2026-05-06 03:48:49+00:00,1778039329000,2034,27.29058,43.43105,10.02954,71809,True,146.59106,3
20260506-031454,1778039342,2026-05-06 03:49:02+00:00,1778039342000,2046,27.1993,44.07072,10.02936,62627,True,158.41679,3
20260506-031454,1778039354,2026-05-06 03:49:14+00:00,1778039354000,2058,27.27283,43.5304,10.02918,68519,True,162.94476,3
20260506-031454,1778039366,2026-05-06 03:49:26+00:00,1778039366000,2071,27.26016,43.67126,10.02947,66190,True,166.83347,3
20260506-031454,1778039377,2026-05-06 03:49:37+00:00,1778039377000,2082,27.19423,44.01693,10.02951,61477,True,173.42285,3
20260506-031454,1778039389,2026-05-06 03:49:49+00:00,1778039389000,2094,27.26776,43.52825,10.02951,67470,True,169.70862,3
20260506-031454,1778039401,2026-05-06 03:50:01+00:00,1778039401000,2106,27.28044,43.47275,10.0295,70184,True,158.59021,3
20260506-031454,1778039413,2026-05-06 03:50:13+00:00,1778039413000,2118,27.28044,43.46059,10.02955,71078,True,152.0993,3
20260506-031454,1778039425,2026-05-06 03:50:25+00:00,1778039425000,2130,27.28044,43.46169,10.0295,71625,True,148.81644,3
20260506-031454,1778039437,2026-05-06 03:50:37+00:00,1778039437000,2142,27.28551,43.45166,10.02942,71994,True,146.44276,3
20260506-031454,1778039449,2026-05-06 03:50:49+00:00,1778039449000,2154,27.29058,43.43333,10.02959,72118,True,144.76968,3
20260506-031454,1778039461,2026-05-06 03:51:01+00:00,1778039461000,2166,27.29312,43.42713,10.0296,72305,True,144.06981,3
20260506-031454,1778039473,2026-05-06 03:51:13+00:00,1778039473000,2178,27.29058,43.42493,10.02943,72871,True,142.99808,3
20260506-031454,1778039485,2026-05-06 03:51:25+00:00,1778039485000,2190,27.29312,43.44342,10.02968,72745,True,142.35226,3
20260506-031454,1778039497,2026-05-06 03:51:37+00:00,1778039497000,2202,27.29058,43.42914,10.02961,73062,True,141.82382,3
20260506-031454,1778039509,2026-05-06 03:51:49+00:00,1778039509000,2214,27.29058,43.44672,10.02959,73062,True,141.19278,3
20260506-031454,1778039521,2026-05-06 03:52:01+00:00,1778039521000,2226,27.29565,43.41568,10.02973,73318,True,140.44492,3
20260506-031454,1778039533,2026-05-06 03:52:13+00:00,1778039533000,2238,27.29565,43.40127,10.02964,73126,True,140.6084,3
20260506-031454,1778039545,2026-05-06 03:52:25+00:00,1778039545000,2250,27.29312,43.42059,10.02968,73640,True,139.96661,3
20260506-031454,1778039557,2026-05-06 03:52:37+00:00,1778039557000,2262,27.30073,43.41087,10.02963,73640,True,139.57336,3
20260506-031454,1778039569,2026-05-06 03:52:49+00:00,1778039569000,2274,27.29058,43.4305,10.02963,73446,True,139.43967,3
20260506-031454,1778039581,2026-05-06 03:53:01+00:00,1778039581000,2286,27.29565,43.41899,10.02953,73446,True,139.83563,3
20260506-031454,1778039593,2026-05-06 03:53:13+00:00,1778039593000,2298,27.30073,43.38938,10.02967,73575,True,138.71855,3
20260506-031454,1778039605,2026-05-06 03:53:25+00:00,1778039605000,2310,27.29565,43.40168,10.02969,73965,True,137.82877,3
20260506-031454,1778039617,2026-05-06 03:53:37+00:00,1778039617000,2322,27.29819,43.38542,10.02977,74228,True,137.62888,3
20260506-031454,1778039629,2026-05-06 03:53:49+00:00,1778039629000,2334,27.3058,43.36684,10.02975,74293,True,137.09816,3
20260506-031454,1778039641,2026-05-06 03:54:01+00:00,1778039641000,2346,27.30073,43.3867,10.02968,74228,True,136.88214,3
20260506-031454,1778039653,2026-05-06 03:54:13+00:00,1778039653000,2358,27.29312,43.38891,10.02956,74228,True,136.44678,3
20260506-031454,1778039665,2026-05-06 03:54:25+00:00,1778039665000,2370,27.29565,43.36743,10.02955,74293,True,136.49902,3
20260506-031454,1778039677,2026-05-06 03:54:37+00:00,1778039677000,2382,27.29819,43.35735,10.02963,74624,True,135.62537,3
20260506-031454,1778039689,2026-05-06 03:54:49+00:00,1778039689000,2394,27.30073,43.36587,10.02967,74691,True,135.63187,3
20260506-031454,1778039702,2026-05-06 03:55:02+00:00,1778039702000,2407,27.35815,43.22862,10.02988,74492,True,135.71115,3
20260506-031454,1778039714,2026-05-06 03:55:14+00:00,1778039714000,2419,27.26522,43.60904,10.02955,67743,True,163.66791,3
20260506-031454,1778039726,2026-05-06 03:55:26+00:00,1778039726000,2431,27.28551,43.42879,10.02969,71381,True,153.56757,3
20260506-031454,1778039738,2026-05-06 03:55:38+00:00,1778039738000,2443,27.28805,43.41842,10.02957,72556,True,145.98834,3
20260506-031454,1778039750,2026-05-06 03:55:50+00:00,1778039750000,2455,27.29312,43.38665,10.02947,73705,True,141.54791,3
20260506-031454,1778039762,2026-05-06 03:56:02+00:00,1778039762000,2467,27.28805,43.43184,10.02975,73770,True,139.65552,3
20260506-031454,1778039774,2026-05-06 03:56:14+00:00,1778039774000,2479,27.29312,43.43398,10.0296,74162,True,137.85582,3
20260506-031454,1778039786,2026-05-06 03:56:26+00:00,1778039786000,2491,27.28298,43.32381,10.02975,73511,True,138.92134,3
20260506-031454,1778039798,2026-05-06 03:56:38+00:00,1778039798000,2503,27.2779,43.35532,10.02981,73705,True,139.09634,3
20260506-031454,1778039810,2026-05-06 03:56:50+00:00,1778039810000,2515,27.28044,43.38004,10.02955,74228,True,136.98569,3
20260506-031454,1778039823,2026-05-06 03:57:03+00:00,1778039823000,2527,27.25508,43.62239,10.02958,69775,True,146.89603,3
20260506-031454,1778039835,2026-05-06 03:57:15+00:00,1778039835000,2539,27.28044,43.39156,10.02964,73126,True,144.40387,3
20260506-031454,1778039847,2026-05-06 03:57:27+00:00,1778039847000,2551,27.29058,43.33628,10.02978,74293,True,139.39223,3
20260506-031454,1778039859,2026-05-06 03:57:39+00:00,1778039859000,2563,27.29058,43.35317,10.02975,74558,True,137.00151,3
20260506-031454,1778039871,2026-05-06 03:57:51+00:00,1778039871000,2575,27.29312,43.33245,10.02967,74293,True,136.23944,3
20260506-031454,1778039883,2026-05-06 03:58:03+00:00,1778039883000,2587,27.3058,43.29316,10.02975,74624,True,135.37451,3
20260506-031454,1778039895,2026-05-06 03:58:15+00:00,1778039895000,2600,27.27283,43.58123,10.0298,69775,True,146.5256,3
20260506-031454,1778039907,2026-05-06 03:58:27+00:00,1778039907000,2612,27.28805,43.50026,10.02975,72871,True,144.9548,3
20260506-031454,1778039919,2026-05-06 03:58:39+00:00,1778039919000,2624,27.29058,43.47315,10.02978,74096,True,139.89223,3
20260506-031454,1778039931,2026-05-06 03:58:51+00:00,1778039931000,2636,27.30073,43.39759,10.03005,74359,True,137.08383,3
20260506-031454,1778039943,2026-05-06 03:59:03+00:00,1778039943000,2648,27.29312,43.42345,10.02975,74958,True,134.78716,3
20260506-031454,1778039955,2026-05-06 03:59:15+00:00,1778039955000,2660,27.31087,43.367,10.03008,74624,True,135.18747,3
20260506-031454,1778039967,2026-05-06 03:59:27+00:00,1778039967000,2672,27.30833,43.53393,10.03017,74558,True,134.81737,3
20260506-031454,1778039978,2026-05-06 03:59:38+00:00,1778039978000,2683,27.23734,44.00996,10.03011,67308,True,143.83221,3
20260506-031454,1778039990,2026-05-06 03:59:50+00:00,1778039990000,2695,27.3134,43.67366,10.0302,72243,True,147.44855,3
20260506-031454,1778040002,2026-05-06 04:00:02+00:00,1778040002000,2707,27.32101,43.60294,10.03027,73446,True,141.7541,3
20260506-031454,1778040014,2026-05-06 04:00:14+00:00,1778040014000,2719,27.32101,43.66805,10.03029,73575,True,139.32738,3
20260506-031454,1778040026,2026-05-06 04:00:26+00:00,1778040026000,2731,27.31594,43.6178,10.03028,73965,True,138.74973,3
20260506-031454,1778040038,2026-05-06 04:00:38+00:00,1778040038000,2743,27.32101,43.54704,10.03036,73965,True,138.6124,3
20260506-031454,1778040050,2026-05-06 04:00:50+00:00,1778040050000,2755,27.31594,43.53921,10.03026,74359,True,136.88547,3
20260506-031454,1778040061,2026-05-06 04:01:01+00:00,1778040061000,2765,27.23226,44.05194,10.03029,67470,True,144.78143,3
20260506-031454,1778040073,2026-05-06 04:01:13+00:00,1778040073000,2777,27.21198,44.18832,10.0303,62440,True,160.4344,3
20260506-031454,1778040124,2026-05-06 04:02:04+00:00,1778040124000,2829,27.33278,43.72531,10.03032,64558,True,165.41025,3
20260506-031454,1778040136,2026-05-06 04:02:16+00:00,1778040136000,2841,27.23734,43.79238,10.03037,51688,True,239.01538,2
20260506-031454,1778040150,2026-05-06 04:02:30+00:00,1778040150000,2854,27.29223,43.54578,10.03046,54621,True,233.907,2
20260506-031454,1778040160,2026-05-06 04:02:40+00:00,1778040160000,2864,27.16127,44.22614,10.03059,48854,True,244.59111,2
20260506-031454,1778040172,2026-05-06 04:02:52+00:00,1778040172000,2876,27.24241,43.55313,10.03038,59980,True,215.34592,2
20260506-031454,1778040184,2026-05-06 04:03:04+00:00,1778040184000,2888,27.26522,43.39682,10.03057,65415,True,185.299,2
20260506-031454,1778040196,2026-05-06 04:03:16+00:00,1778040196000,2900,27.26776,43.45662,10.03058,68184,True,167.03186,2
20260506-031454,1778040208,2026-05-06 04:03:28+00:00,1778040208000,2912,27.27283,43.43515,10.03068,69891,True,156.41055,2
20260506-031454,1778040220,2026-05-06 04:03:40+00:00,1778040220000,2924,27.27537,43.29403,10.0306,71320,True,149.91284,2
20260506-031454,1778040232,2026-05-06 04:03:52+00:00,1778040232000,2936,27.28298,43.25224,10.03054,72367,True,144.51895,2
20260506-031454,1778040244,2026-05-06 04:04:04+00:00,1778040244000,2948,27.28298,43.2888,10.03037,73254,True,140.94307,3
20260506-031454,1778040256,2026-05-06 04:04:16+00:00,1778040256000,2960,27.28551,43.3213,10.03053,73318,True,139.71576,3
20260506-031454,1778040266,2026-05-06 04:04:26+00:00,1778040266000,2971,27.20944,43.82341,10.03051,66824,True,147.57562,3
20260506-031454,1778040278,2026-05-06 04:04:38+00:00,1778040278000,2983,27.28298,43.40145,10.03054,71017,True,150.35286,3
20260506-031454,1778040290,2026-05-06 04:04:50+00:00,1778040290000,2995,27.29058,43.35626,10.03047,72808,True,144.03629,3
20260506-031454,1778040302,2026-05-06 04:05:02+00:00,1778040302000,3007,27.29819,43.32768,10.03066,73318,True,140.2446,3
20260506-031454,1778040314,2026-05-06 04:05:14+00:00,1778040314000,3019,27.30073,43.31223,10.03061,74096,True,136.90985,3
20260506-031454,1778040326,2026-05-06 04:05:26+00:00,1778040326000,3031,27.30833,43.32649,10.0306,74691,True,134.7269,3
20260506-031454,1778040338,2026-05-06 04:05:38+00:00,1778040338000,3043,27.30326,43.36576,10.03051,75228,True,133.3479,3
20260506-031454,1778040350,2026-05-06 04:05:50+00:00,1778040350000,3055,27.3134,43.36132,10.03078,75431,True,132.13513,3
20260506-031454,1778040362,2026-05-06 04:06:02+00:00,1778040362000,3067,27.31848,43.33973,10.03072,75025,True,110.77393,3
20260506-031454,1778040374,2026-05-06 04:06:14+00:00,1778040374000,3079,27.31087,43.30373,10.03055,75635,True,109.49613,3
20260506-031454,1778040386,2026-05-06 04:06:26+00:00,1778040386000,3091,27.31848,43.21226,10.03057,75978,True,107.98579,3
20260506-031454,1778040398,2026-05-06 04:06:38+00:00,1778040398000,3103,27.32354,43.17158,10.03054,76116,True,107.64683,3
20260506-031454,1778040410,2026-05-06 04:06:50+00:00,1778040410000,3115,27.32354,43.1446,10.03065,76186,True,107.37631,3
20260506-031454,1778040422,2026-05-06 04:07:02+00:00,1778040422000,3127,27.32608,43.13431,10.03046,75978,True,107.26698,3
20260506-031454,1778040434,2026-05-06 04:07:14+00:00,1778040434000,3139,27.32608,43.14598,10.03051,77097,True,105.87396,3
20260506-031454,1778040447,2026-05-06 04:07:27+00:00,1778040447000,3151,27.22973,43.85733,10.0303,67038,True,117.66572,3
20260506-031454,1778040463,2026-05-06 04:07:43+00:00,1778040463000,3167,27.3376,43.49648,10.0304,69141,True,122.90273,3
20260506-031454,1778040475,2026-05-06 04:07:55+00:00,1778040475000,3179,27.27537,43.69966,10.02986,65364,True,153.96698,3
20260506-031454,1778040487,2026-05-06 04:08:07+00:00,1778040487000,3191,27.29819,43.46427,10.03001,70837,True,137.48128,3
20260506-031454,1778040499,2026-05-06 04:08:19+00:00,1778040499000,3203,27.3058,43.42085,10.03012,73126,True,124.36817,3
20260506-031454,1778040511,2026-05-06 04:08:31+00:00,1778040511000,3215,27.30073,43.38562,10.03002,74425,True,116.8172,3
20260506-031454,1778040522,2026-05-06 04:08:42+00:00,1778040522000,3226,27.22973,43.90329,10.02992,66824,True,124.39396,3
20260506-031454,1778040535,2026-05-06 04:08:55+00:00,1778040535000,3239,27.33027,43.55617,10.02982,69198,True,127.28706,3
20260506-031454,1778040547,2026-05-06 04:09:07+00:00,1778040547000,3251,27.19169,44.27812,10.02992,56159,True,158.37515,3
20260506-031454,1778040559,2026-05-06 04:09:19+00:00,1778040559000,3263,27.2779,43.59197,10.02993,66771,True,154.36301,3
20260506-031454,1778040571,2026-05-06 04:09:31+00:00,1778040571000,3275,27.28551,43.52763,10.02984,70718,True,135.87242,3
20260506-031454,1778040581,2026-05-06 04:09:41+00:00,1778040581000,3286,27.21451,44.02804,10.02988,65517,True,137.5184,3
20260506-031454,1778040593,2026-05-06 04:09:53+00:00,1778040593000,3298,27.29312,43.5986,10.03014,70777,True,132.46707,3
20260506-031454,1778040605,2026-05-06 04:10:05+00:00,1778040605000,3310,27.29819,43.5596,10.02999,73254,True,122.30102,3
20260506-031454,1778040617,2026-05-06 04:10:17+00:00,1778040617000,3322,27.29312,43.55579,10.02975,73965,True,116.46809,3
20260506-031454,1778040629,2026-05-06 04:10:29+00:00,1778040629000,3334,27.30833,43.5421,10.0301,74891,True,112.87529,3
20260506-031454,1778040642,2026-05-06 04:10:42+00:00,1778040642000,3347,27.21705,44.20158,10.02984,65313,True,123.41901,3
20260506-031454,1778040654,2026-05-06 04:10:54+00:00,1778040654000,3359,27.28551,43.65532,10.02983,71441,True,127.74629,3
20260506-031454,1778040666,2026-05-06 04:11:06+00:00,1778040666000,3371,27.29312,43.54519,10.02995,73705,True,119.72889,3
20260506-031454,1778040677,2026-05-06 04:11:17+00:00,1778040677000,3381,27.21705,44.0148,10.02975,67038,True,125.71011,3
20260506-031454,1778040687,2026-05-06 04:11:27+00:00,1778040687000,3392,27.21705,44.09338,10.02985,64211,True,136.30856,3
20260506-031454,1778040700,2026-05-06 04:11:40+00:00,1778040700000,3404,27.19423,44.22092,10.02977,60808,True,148.15079,3
20260506-031454,1778040712,2026-05-06 04:11:52+00:00,1778040712000,3416,27.28298,43.59307,10.03001,69543,True,141.80385,3
20260506-031454,1778040724,2026-05-06 04:12:04+00:00,1778040724000,3428,27.29819,43.49921,10.03015,72367,True,127.24689,3
20260506-031454,1778040736,2026-05-06 04:12:16+00:00,1778040736000,3440,27.29819,43.50161,10.03005,74359,True,117.49223,3
20260506-031454,1778040748,2026-05-06 04:12:28+00:00,1778040748000,3452,27.3058,43.53167,10.03006,75025,True,112.72121,3
20260506-031454,1778040760,2026-05-06 04:12:40+00:00,1778040760000,3464,27.3134,43.52438,10.03015,75093,True,110.79442,3
20260506-031454,1778040772,2026-05-06 04:12:52+00:00,1778040772000,3476,27.3134,43.53489,10.0302,75499,True,109.17604,3
20260506-031454,1778040784,2026-05-06 04:13:04+00:00,1778040784000,3488,27.31594,43.55335,10.02994,75841,True,107.72127,3
20260506-031454,1778040796,2026-05-06 04:13:16+00:00,1778040796000,3500,27.3134,43.58209,10.03031,76744,True,105.91399,3
20260506-031454,1778040808,2026-05-06 04:13:28+00:00,1778040808000,3512,27.32101,43.60555,10.03025,76815,True,104.69051,3
20260506-031454,1778040820,2026-05-06 04:13:40+00:00,1778040820000,3524,27.32101,43.68266,10.0302,76394,True,104.38536,3
20260506-031454,1778040832,2026-05-06 04:13:52+00:00,1778040832000,3536,27.31594,43.74192,10.03044,76604,True,103.92506,3
20260506-031454,1778040844,2026-05-06 04:14:04+00:00,1778040844000,3548,27.32354,43.66962,10.03044,76956,True,102.96017,3
20260506-031454,1778040856,2026-05-06 04:14:16+00:00,1778040856000,3560,27.32101,43.62799,10.03032,76815,True,102.62319,3
20260506-031454,1778040868,2026-05-06 04:14:28+00:00,1778040868000,3572,27.32354,43.62818,10.03049,77169,True,101.88025,3
20260506-031454,1778040880,2026-05-06 04:14:40+00:00,1778040880000,3584,27.32101,43.62427,10.03043,77454,True,101.30034,3
20260506-031454,1778040892,2026-05-06 04:14:52+00:00,1778040892000,3596,27.32101,43.59528,10.03045,77382,True,101.01813,3
20260506-031454,1778040904,2026-05-06 04:15:04+00:00,1778040904000,3608,27.31848,43.58681,10.03039,77169,True,101.1263,3
20260506-031454,1778040916,2026-05-06 04:15:16+00:00,1778040916000,3620,27.31848,43.58564,10.03055,77598,True,100.08009,3
20260506-031454,1778040928,2026-05-06 04:15:28+00:00,1778040928000,3632,27.31848,43.61554,10.03055,77526,True,100.31067,3
20260506-031454,1778040940,2026-05-06 04:15:40+00:00,1778040940000,3644,27.32862,43.72591,10.03053,77814,True,99.84734,3
20260506-031454,1778040952,2026-05-06 04:15:52+00:00,1778040952000,3656,27.32862,43.71983,10.03062,77382,True,100.32801,3
20260506-031454,1778040964,2026-05-06 04:16:04+00:00,1778040964000,3668,27.32354,43.69606,10.03053,77670,True,100.24718,3
20260506-031454,1778040976,2026-05-06 04:16:16+00:00,1778040976000,3680,27.32608,43.68491,10.03064,77670,True,99.95894,3
20260506-031454,1778040988,2026-05-06 04:16:28+00:00,1778040988000,3692,27.32354,43.76044,10.03075,77598,True,99.59573,3
20260506-031454,1778041000,2026-05-06 04:16:40+00:00,1778041000000,3704,27.32608,43.74033,10.0307,78177,True,98.93587,3
20260506-031454,1778041011,2026-05-06 04:16:51+00:00,1778041011000,3715,27.23734,44.21366,10.03057,70067,True,108.22246,3
20260506-031454,1778041023,2026-05-06 04:17:03+00:00,1778041023000,3727,27.31087,43.7002,10.03057,74691,True,113.16604,3
20260506-031454,1778041035,2026-05-06 04:17:15+00:00,1778041035000,3739,27.31594,43.66695,10.03061,76604,True,106.63198,3
20260506-031454,1778041047,2026-05-06 04:17:27+00:00,1778041047000,3751,27.31848,43.7534,10.03076,77169,True,102.69539,3
20260506-031454,1778041059,2026-05-06 04:17:39+00:00,1778041059000,3764,27.29058,43.98914,10.03065,72998,True,111.35675,3
20260506-031454,1778041071,2026-05-06 04:17:51+00:00,1778041071000,3776,27.3134,43.74047,10.0307,76116,True,108.42171,3
20260506-031454,1778041083,2026-05-06 04:18:03+00:00,1778041083000,3788,27.31848,43.72305,10.03072,76885,True,104.26816,3
20260506-031454,1778041095,2026-05-06 04:18:15+00:00,1778041095000,3799,27.22973,44.20135,10.03067,69659,True,111.70953,3
20260506-031454,1778041107,2026-05-06 04:18:27+00:00,1778041107000,3811,27.30833,43.65769,10.03074,74359,True,114.42059,3
20260506-031454,1778041119,2026-05-06 04:18:39+00:00,1778041119000,3823,27.32101,43.62149,10.0308,76394,True,107.8499,3
20260506-031454,1778041131,2026-05-06 04:18:51+00:00,1778041131000,3835,27.32101,43.67672,10.03092,77454,True,102.76562,3
20260506-031454,1778041143,2026-05-06 04:19:03+00:00,1778041143000,3847,27.32608,43.66848,10.0307,77526,True,100.87004,3
20260506-031454,1778041155,2026-05-06 04:19:15+00:00,1778041155000,3859,27.32354,43.66168,10.03068,78104,True,99.44066,3
20260506-031454,1778041167,2026-05-06 04:19:27+00:00,1778041167000,3871,27.32101,43.66064,10.03073,78104,True,98.31029,3
20260506-031454,1778041179,2026-05-06 04:19:39+00:00,1778041179000,3883,27.32608,43.70096,10.03069,78031,True,97.79631,3
20260506-031454,1778041191,2026-05-06 04:19:51+00:00,1778041191000,3895,27.32862,43.72515,10.03057,78323,True,97.53227,3
20260506-031454,1778041203,2026-05-06 04:20:03+00:00,1778041203000,3907,27.32608,43.70859,10.03067,78250,True,96.98335,3
20260506-031454,1778041215,2026-05-06 04:20:15+00:00,1778041215000,3919,27.32862,43.69212,10.03045,78765,True,96.3487,3
20260506-031454,1778041227,2026-05-06 04:20:27+00:00,1778041227000,3931,27.32862,43.68412,10.03066,78617,True,96.02158,3
20260506-031454,1778041239,2026-05-06 04:20:39+00:00,1778041239000,3943,27.32101,43.69527,10.03054,78988,True,95.35439,3
20260506-031454,1778041251,2026-05-06 04:20:51+00:00,1778041251000,3955,27.3134,43.69099,10.03066,78765,True,95.58511,3
20260506-031454,1778041263,2026-05-06 04:21:03+00:00,1778041263000,3967,27.3134,43.60978,10.03054,78765,True,94.98993,3
20260506-031454,1778041275,2026-05-06 04:21:15+00:00,1778041275000,3979,27.31594,47.05183,10.03079,75160,True,100.23625,3
20260506-031454,1778041287,2026-05-06 04:21:27+00:00,1778041287000,3991,27.32608,53.22093,10.03094,68914,True,114.90546,3
20260506-031454,1778041299,2026-05-06 04:21:39+00:00,1778041299000,4003,27.35397,58.06554,10.03135,64113,True,127.79008,3
20260506-031454,1778041311,2026-05-06 04:21:51+00:00,1778041311000,4015,27.35905,58.56124,10.03113,63051,True,132.47389,3
20260506-031454,1778041323,2026-05-06 04:22:03+00:00,1778041323000,4027,27.36919,52.33244,10.03122,66453,True,122.49296,3
20260506-031454,1778041335,2026-05-06 04:22:15+00:00,1778041335000,4039,27.37679,52.72523,10.03126,66295,True,117.08627,3
20260506-031454,1778041347,2026-05-06 04:22:27+00:00,1778041347000,4051,27.38947,53.10776,10.0313,66348,True,114.19351,3
20260506-031454,1778041359,2026-05-06 04:22:39+00:00,1778041359000,4063,27.37426,53.92374,10.03129,62024,True,123.85539,3
20260506-031454,1778041371,2026-05-06 04:22:51+00:00,1778041371000,4075,27.39708,54.01497,10.03116,63966,True,122.91721,3
20260506-031454,1778041384,2026-05-06 04:23:04+00:00,1778041384000,4088,27.31594,55.28326,10.0313,55674,True,133.41583,3
20260506-031454,1778041396,2026-05-06 04:23:16+00:00,1778041396000,4100,27.39961,55.25907,10.03129,60500,True,137.72415,3
20260506-031454,1778041408,2026-05-06 04:23:28+00:00,1778041408000,4112,27.41736,55.66208,10.03131,61522,True,130.35214,3
20260506-031454,1778041420,2026-05-06 04:23:40+00:00,1778041420000,4124,27.43258,56.52737,10.03152,61342,True,125.91576,3
20260506-031454,1778041432,2026-05-06 04:23:52+00:00,1778041432000,4136,27.44779,57.62413,10.03153,60544,True,125.21597,3
20260506-031454,1778041444,2026-05-06 04:24:04+00:00,1778041444000,4148,27.4554,58.43219,10.0316,60066,True,125.40189,3
20260506-031454,1778041456,2026-05-06 04:24:16+00:00,1778041456000,4160,27.46047,59.05711,10.03177,59427,True,125.33861,3
20260506-031454,1778041468,2026-05-06 04:24:28+00:00,1778041468000,4172,27.47568,59.66941,10.03173,58967,True,125.72936,3
20260506-031454,1778041480,2026-05-06 04:24:40+00:00,1778041480000,4184,27.47568,60.38396,10.0318,57827,True,127.32872,3
20260506-031454,1778041492,2026-05-06 04:24:52+00:00,1778041492000,4196,27.49343,60.46907,10.03195,57628,True,127.72677,3
20260506-031454,1778041504,2026-05-06 04:25:04+00:00,1778041504000,4208,27.4985,60.69835,10.03182,57707,True,127.56968,3
20260506-031454,1778041516,2026-05-06 04:25:16+00:00,1778041516000,4220,27.50865,62.53089,10.03201,56273,True,128.83224,3
20260506-031454,1778041528,2026-05-06 04:25:28+00:00,1778041528000,4232,27.52386,63.07732,10.03203,55270,True,132.37843,3
20260506-031454,1778041540,2026-05-06 04:25:40+00:00,1778041540000,4244,27.53907,63.46739,10.03224,55052,True,132.41081,3
20260506-031454,1778041550,2026-05-06 04:25:50+00:00,1778041550000,4254,27.46047,64.63676,10.03203,49932,True,140.66989,3
20260506-031454,1778041560,2026-05-06 04:26:00+00:00,1778041560000,4265,27.5633,64.17822,10.03199,50965,True,144.3222,3
20260506-031454,1778041571,2026-05-06 04:26:11+00:00,1778041571000,4275,27.44019,66.12843,10.03217,42685,True,171.31845,3
20260506-031454,1778041583,2026-05-06 04:26:23+00:00,1778041583000,4287,27.54161,65.95145,10.03232,48290,True,170.63539,3
20260506-031454,1778041595,2026-05-06 04:26:35+00:00,1778041595000,4299,27.5619,66.24194,10.03238,50473,True,156.27423,3
20260506-031454,1778041607,2026-05-06 04:26:47+00:00,1778041607000,4311,27.58218,66.97598,10.03256,50595,True,148.39108,3
20260506-031454,1778041619,2026-05-06 04:26:59+00:00,1778041619000,4323,27.59232,68.64288,10.03241,50021,True,146.23273,3
20260506-031454,1778041631,2026-05-06 04:27:11+00:00,1778041631000,4335,27.605,69.53361,10.03252,49343,True,146.84827,3
20260506-031454,1778041643,2026-05-06 04:27:23+00:00,1778041643000,4347,27.61007,69.34289,10.03248,49431,True,145.37079,3
20260506-031454,1778041655,2026-05-06 04:27:35+00:00,1778041655000,4359,27.63543,69.43813,10.03257,49606,True,142.74403,3
20260506-031454,1778041667,2026-05-06 04:27:47+00:00,1778041667000,4371,27.65064,69.9839,10.03285,49372,True,141.98187,3
20260506-031454,1778041678,2026-05-06 04:27:58+00:00,1778041678000,4383,27.57711,72.2631,10.03269,43663,True,152.00935,3
20260506-031454,1778041690,2026-05-06 04:28:10+00:00,1778041690000,4395,27.66585,71.76422,10.03276,46011,True,159.16685,3
20260506-031454,1778041702,2026-05-06 04:28:22+00:00,1778041702000,4407,27.676,71.88629,10.0328,46990,True,152.77649,3
20260506-031454,1778041713,2026-05-06 04:28:33+00:00,1778041713000,4418,27.61261,73.33063,10.03293,41875,True,160.85406,3
20260506-031454,1778041748,2026-05-06 04:29:08+00:00,1778041748000,4453,27.65155,73.63521,10.03283,36608,True,181.72217,3
20260506-031454,1778041763,2026-05-06 04:29:23+00:00,1778041763000,4467,27.64601,74.90575,10.03281,29897,True,210.82669,2
20260506-031454,1778041775,2026-05-06 04:29:35+00:00,1778041775000,4479,27.70642,74.65096,10.03293,34670,True,241.22589,2
20260506-031454,1778041787,2026-05-06 04:29:47+00:00,1778041787000,4491,27.73685,75.2129,10.03319,39101,True,209.55484,2
20260506-031454,1778041799,2026-05-06 04:29:59+00:00,1778041799000,4503,27.76221,76.90797,10.03305,40073,True,190.31918,2
20260506-031454,1778041811,2026-05-06 04:30:11+00:00,1778041811000,4515,27.78756,77.28262,10.03321,40617,True,180.84877,2
20260506-031454,1778041823,2026-05-06 04:30:23+00:00,1778041823000,4527,27.81038,78.2083,10.03337,40696,True,175.73175,2
20260506-031454,1778041835,2026-05-06 04:30:35+00:00,1778041835000,4539,27.83574,79.53905,10.03318,40073,True,175.22217,2
20260506-031454,1778041848,2026-05-06 04:30:48+00:00,1778041848000,4553,27.90585,79.08294,10.03344,40073,True,175.09016,2
20260506-031454,1778041861,2026-05-06 04:31:01+00:00,1778041861000,4565,27.80693,80.14152,10.03344,33453,True,190.70505,2
20260506-031454,1778041873,2026-05-06 04:31:13+00:00,1778041873000,4577,27.87631,78.7523,10.03365,34556,True,219.37778,2
20260506-031454,1778041885,2026-05-06 04:31:25+00:00,1778041885000,4589,27.89406,79.27525,10.03351,37292,True,200.0,2
20260506-031454,1778041897,2026-05-06 04:31:37+00:00,1778041897000,4601,27.91181,79.39812,10.0336,38455,True,186.09926,2
20260506-031454,1778041910,2026-05-06 04:31:50+00:00,1778041910000,4615,27.97431,79.26378,10.03362,38776,True,183.37624,2
20260506-031454,1778041921,2026-05-06 04:32:01+00:00,1778041921000,4625,27.83321,80.25613,10.03375,31234,True,209.02493,2
20260506-031454,1778041933,2026-05-06 04:32:13+00:00,1778041933000,4637,27.91181,79.55038,10.03378,36011,True,204.85371,2
20260506-031454,1778041945,2026-05-06 04:32:25+00:00,1778041945000,4649,27.92449,78.0442,10.03375,38811,True,185.23633,2
20260506-031454,1778041958,2026-05-06 04:32:38+00:00,1778041958000,4662,27.97939,77.09418,10.03391,39358,True,180.71379,2
20260506-031454,1778041969,2026-05-06 04:32:49+00:00,1778041969000,4673,27.88378,78.65019,10.03345,32773,True,193.37447,2
20260506-031454,1778041981,2026-05-06 04:33:01+00:00,1778041981000,4685,27.91942,78.14459,10.03369,34843,True,211.26236,2
20260506-031454,1778041993,2026-05-06 04:33:13+00:00,1778041993000,4697,27.93463,76.1741,10.03367,38633,True,188.11934,2
20260506-031454,1778042005,2026-05-06 04:33:25+00:00,1778042005000,4709,27.9397,74.71646,10.03356,40814,True,169.69781,2
20260506-031454,1778042016,2026-05-06 04:33:36+00:00,1778042016000,4721,27.85095,72.58911,10.03344,37526,True,171.82071,2
20260506-031454,1778042028,2026-05-06 04:33:48+00:00,1778042028000,4733,27.89913,67.14567,10.03361,42947,True,163.06123,2
20260506-031454,1778042040,2026-05-06 04:34:00+00:00,1778042040000,4745,27.88392,61.37019,10.03324,46782,True,145.10764,2
20260506-031454,1778042052,2026-05-06 04:34:12+00:00,1778042052000,4757,27.86617,57.8202,10.03296,49314,True,133.3114,3
20260506-031454,1778042064,2026-05-06 04:34:24+00:00,1778042064000,4769,27.8611,57.30398,10.03304,50903,True,127.13696,3
20260506-031454,1778042076,2026-05-06 04:34:36+00:00,1778042076000,4781,27.85349,58.58505,10.03299,51688,True,127.03365,3
20260506-031454,1778042088,2026-05-06 04:34:48+00:00,1778042088000,4793,27.84589,57.70254,10.03283,52465,True,126.411,3
20260506-031454,1778042100,2026-05-06 04:35:00+00:00,1778042100000,4805,27.84335,57.61864,10.03282,53334,True,126.00852,3
20260506-031454,1778042112,2026-05-06 04:35:12+00:00,1778042112000,4817,27.83321,55.5902,10.03264,54907,True,122.9146,3
20260506-031454,1778042124,2026-05-06 04:35:24+00:00,1778042124000,4829,27.83321,55.77987,10.03268,55233,True,122.70942,3
20260506-031454,1778042138,2026-05-06 04:35:38+00:00,1778042138000,4842,27.88606,55.99194,10.03283,55453,True,122.62225,3
20260506-031454,1778042150,2026-05-06 04:35:50+00:00,1778042150000,4854,27.80532,55.60917,10.03295,51120,True,149.8347,3
20260506-031454,1778042162,2026-05-06 04:36:02+00:00,1778042162000,4866,27.80532,53.79214,10.03286,54943,True,137.72057,3
20260506-031454,1778042174,2026-05-06 04:36:14+00:00,1778042174000,4878,27.79263,52.42422,10.03271,57867,True,126.6207,3
20260506-031454,1778042186,2026-05-06 04:36:26+00:00,1778042186000,4890,27.78756,52.99344,10.03265,58391,True,121.69533,3
20260506-031454,1778042197,2026-05-06 04:36:37+00:00,1778042197000,4902,27.84588,54.13086,10.03282,57787,True,122.43423,3
20260506-031454,1778042209,2026-05-06 04:36:49+00:00,1778042209000,4914,27.7825,55.0984,10.03267,53676,True,146.24973,3
20260506-031454,1778042220,2026-05-06 04:37:00+00:00,1778042220000,4925,27.72418,56.21386,10.03304,49460,True,151.86847,3
20260506-031454,1778042232,2026-05-06 04:37:12+00:00,1778042232000,4937,27.80278,56.09055,10.03307,53952,True,149.49722,3
20260506-031454,1778042244,2026-05-06 04:37:24+00:00,1778042244000,4949,27.80785,55.43761,10.03306,56500,True,138.16891,3
20260506-031454,1778042256,2026-05-06 04:37:36+00:00,1778042256000,4961,27.81292,54.15253,10.03306,57907,True,129.76935,3
20260506-031454,1778042268,2026-05-06 04:37:48+00:00,1778042268000,4973,27.81038,53.32193,10.03326,59596,True,123.34825,3
20260506-031454,1778042280,2026-05-06 04:38:00+00:00,1778042280000,4985,27.80278,52.32099,10.03307,60852,True,118.54005,3
20260506-031454,1778042292,2026-05-06 04:38:12+00:00,1778042292000,4997,27.80278,51.81903,10.03307,62024,True,115.48335,3
20260506-031454,1778042304,2026-05-06 04:38:24+00:00,1778042304000,5009,27.80024,52.04105,10.03307,62254,True,114.16947,3
20260506-031454,1778042316,2026-05-06 04:38:36+00:00,1778042316000,5021,27.79517,52.38164,10.03314,62208,True,114.32422,3
20260506-031454,1778042327,2026-05-06 04:38:47+00:00,1778042327000,5031,27.70896,53.18853,10.03303,56159,True,123.41987,3
20260506-031454,1778042339,2026-05-06 04:38:59+00:00,1778042339000,5043,27.76221,52.91427,10.03298,60239,True,127.12292,3
20260506-031454,1778042351,2026-05-06 04:39:11+00:00,1778042351000,5055,27.76982,52.05856,10.03289,61795,True,121.00919,3
20260506-031454,1778042363,2026-05-06 04:39:23+00:00,1778042363000,5068,27.74446,51.88458,10.03325,58967,True,127.03401,3
20260506-031454,1778042374,2026-05-06 04:39:34+00:00,1778042374000,5078,27.68614,52.13638,10.03312,54943,True,134.8011,3
20260506-031454,1778042386,2026-05-06 04:39:46+00:00,1778042386000,5090,27.74953,51.4173,10.03301,60632,True,131.99052,3
20260506-031454,1778042398,2026-05-06 04:39:58+00:00,1778042398000,5102,27.75714,51.37876,10.03306,62673,True,121.93467,3
20260506-031454,1778042410,2026-05-06 04:40:10+00:00,1778042410000,5114,27.75714,51.98924,10.03311,63004,True,117.67981,3
20260506-031454,1778042423,2026-05-06 04:40:23+00:00,1778042423000,5127,27.80696,51.78703,10.03301,63241,True,116.87117,3
20260506-031454,1778042435,2026-05-06 04:40:35+00:00,1778042435000,5140,27.72418,50.57909,10.03318,58842,True,139.1427,3
20260506-031454,1778042447,2026-05-06 04:40:47+00:00,1778042447000,5152,27.73685,50.24513,10.0331,62440,True,127.54645,3
20260506-031454,1778042459,2026-05-06 04:40:59+00:00,1778042459000,5164,27.73939,51.80886,10.03299,63289,True,120.40188,3
20260506-031454,1778042471,2026-05-06 04:41:11+00:00,1778042471000,5176,27.73685,52.04602,10.0331,63433,True,117.22111,3
20260506-031454,1778042483,2026-05-06 04:41:23+00:00,1778042483000,5188,27.73685,52.14284,10.03312,64113,True,114.91747,3
20260506-031454,1778042495,2026-05-06 04:41:35+00:00,1778042495000,5200,27.73685,52.1526,10.03305,64162,True,113.34097,3
20260506-031454,1778042507,2026-05-06 04:41:47+00:00,1778042507000,5212,27.73432,52.31061,10.03289,64310,True,112.49829,3
20260506-031454,1778042521,2026-05-06 04:42:01+00:00,1778042521000,5226,27.79517,52.16989,10.03309,64458,True,112.11989,3
20260506-031454,1778042533,2026-05-06 04:42:13+00:00,1778042533000,5238,27.71403,54.78137,10.03335,56653,True,143.41162,3
20260506-031454,1778042545,2026-05-06 04:42:25+00:00,1778042545000,5250,27.73432,53.44966,10.03333,60588,True,132.66797,3
20260506-031454,1778042557,2026-05-06 04:42:37+00:00,1778042557000,5262,27.73432,53.11653,10.03324,61932,True,122.80524,3
20260506-031454,1778042569,2026-05-06 04:42:49+00:00,1778042569000,5274,27.73178,52.91837,10.03343,63289,True,116.56834,3
20260506-031454,1778042581,2026-05-06 04:43:01+00:00,1778042581000,5286,27.73178,52.57002,10.03334,63723,True,113.19405,3
20260506-031454,1778042593,2026-05-06 04:43:13+00:00,1778042593000,5298,27.72671,52.5428,10.0334,64162,True,110.43428,3
20260506-031454,1778042605,2026-05-06 04:43:25+00:00,1778042605000,5310,27.72671,52.51429,10.03329,64807,True,108.69925,3
20260506-031454,1778042617,2026-05-06 04:43:37+00:00,1778042617000,5322,27.72164,52.73124,10.03328,64908,True,107.32756,3
20260506-031454,1778042629,2026-05-06 04:43:49+00:00,1778042629000,5334,27.72164,52.90477,10.03332,64508,True,107.69986,3
20260506-031454,1778042641,2026-05-06 04:44:01+00:00,1778042641000,5346,27.71657,52.8023,10.03322,65059,True,106.72054,3
20260506-031454,1778042652,2026-05-06 04:44:12+00:00,1778042652000,5356,27.64557,53.29533,10.03312,59385,True,114.39129,3
20260506-031454,1778042664,2026-05-06 04:44:24+00:00,1778042664000,5368,27.7115,52.70574,10.03345,63194,True,117.23475,3
20260506-031454,1778042676,2026-05-06 04:44:36+00:00,1778042676000,5380,27.71403,52.17265,10.03335,64757,True,111.15569,3
20260506-031454,1778042688,2026-05-06 04:44:48+00:00,1778042688000,5392,27.70896,52.05893,10.0335,65517,True,107.15593,3
20260506-031454,1778042702,2026-05-06 04:45:02+00:00,1778042702000,5406,27.76981,51.72241,10.0333,65878,True,106.0816,3
20260506-031454,1778042713,2026-05-06 04:45:13+00:00,1778042713000,5417,27.65279,52.62208,10.03322,53676,True,123.07127,3
20260506-031454,1778042726,2026-05-06 04:45:26+00:00,1778042726000,5430,27.64468,52.75751,10.03328,48825,True,142.97513,3
20260506-031454,1778042738,2026-05-06 04:45:38+00:00,1778042738000,5442,27.66839,51.90707,10.03336,54022,True,167.8564,3
20260506-031454,1778042750,2026-05-06 04:45:50+00:00,1778042750000,5454,27.68361,51.97875,10.03338,59895,True,143.63713,3
20260506-031454,1778042762,2026-05-06 04:46:02+00:00,1778042762000,5466,27.69121,52.3699,10.03343,62162,True,127.09402,3
20260506-031454,1778042774,2026-05-06 04:46:14+00:00,1778042774000,5478,27.69121,53.05796,10.03345,62862,True,119.80689,3
20260506-031454,1778042786,2026-05-06 04:46:26+00:00,1778042786000,5490,27.66839,53.64687,10.03349,59596,True,125.57298,3
20260506-031454,1778042798,2026-05-06 04:46:38+00:00,1778042798000,5502,27.68867,53.50056,10.03349,62909,True,120.506,3
20260506-031454,1778042810,2026-05-06 04:46:50+00:00,1778042810000,5514,27.69121,52.64935,10.03338,64064,True,114.0018,3
20260506-031454,1778042822,2026-05-06 04:47:02+00:00,1778042822000,5526,27.69375,52.18068,10.03337,65009,True,109.20733,3
20260506-031454,1778042834,2026-05-06 04:47:14+00:00,1778042834000,5538,27.69628,52.04472,10.0336,65569,True,106.29903,3
20260506-031454,1778042846,2026-05-06 04:47:26+00:00,1778042846000,5550,27.69628,51.86376,10.03347,66243,True,104.01764,3
20260506-031454,1778042858,2026-05-06 04:47:38+00:00,1778042858000,5562,27.69628,51.82435,10.03333,66665,True,102.03329,3
20260506-031454,1778042870,2026-05-06 04:47:50+00:00,1778042870000,5574,27.69121,51.91662,10.03338,66931,True,101.29868,3
20260506-031454,1778042880,2026-05-06 04:48:00+00:00,1778042880000,5584,27.61514,52.55127,10.03318,60544,True,109.51204,3
20260506-031454,1778042892,2026-05-06 04:48:12+00:00,1778042892000,5596,27.68614,52.49792,10.03344,64607,True,112.76736,3
20260506-031454,1778042904,2026-05-06 04:48:24+00:00,1778042904000,5608,27.69121,52.96973,10.03348,65009,True,108.974,3
20260506-031454,1778042916,2026-05-06 04:48:36+00:00,1778042916000,5620,27.68867,53.04571,10.03353,65569,True,105.97447,3
20260506-031454,1778042928,2026-05-06 04:48:48+00:00,1778042928000,5632,27.69121,52.64527,10.03339,66086,True,103.66769,3
20260506-031454,1778042940,2026-05-06 04:49:00+00:00,1778042940000,5644,27.68867,52.36114,10.03344,66878,True,101.3719,3
20260506-031454,1778042952,2026-05-06 04:49:12+00:00,1778042952000,5656,27.69121,52.39957,10.03339,67146,True,100.14664,3
20260506-031454,1778042964,2026-05-06 04:49:24+00:00,1778042964000,5668,27.68614,52.06237,10.0334,67579,True,98.70273,3
20260506-031454,1778042976,2026-05-06 04:49:36+00:00,1778042976000,5680,27.68361,51.77621,10.03336,67416,True,98.05296,3
20260506-031454,1778042988,2026-05-06 04:49:48+00:00,1778042988000,5692,27.68361,52.80221,10.03348,67253,True,98.37277,3
20260506-031454,1778043000,2026-05-06 04:50:00+00:00,1778043000000,5704,27.68614,52.91581,10.03361,67092,True,98.99022,3
20260506-031454,1778043012,2026-05-06 04:50:12+00:00,1778043012000,5716,27.68107,52.50615,10.03342,67362,True,98.34062,3
20260506-031454,1778043024,2026-05-06 04:50:24+00:00,1778043024000,5728,27.68361,52.90725,10.03343,67253,True,98.52573,3
20260506-031454,1778043036,2026-05-06 04:50:36+00:00,1778043036000,5740,27.67346,52.70984,10.03337,67525,True,98.04425,3
20260506-031454,1778043048,2026-05-06 04:50:48+00:00,1778043048000,5752,27.676,52.23221,10.03336,67853,True,96.55016,3
20260506-031454,1778043060,2026-05-06 04:51:00+00:00,1778043060000,5764,27.68107,51.92303,10.03362,68295,True,95.21619,3
20260506-031454,1778043080,2026-05-06 04:51:20+00:00,1778043080000,5784,27.73443,51.6792,10.03343,68351,True,94.92369,3
20260506-031454,1778043092,2026-05-06 04:51:32+00:00,1778043092000,5797,27.60753,51.75452,10.03321,54764,True,142.27188,3
20260506-031454,1778043105,2026-05-06 04:51:45+00:00,1778043105000,5810,27.68018,51.37006,10.03344,56884,True,143.52428,3
20260506-031454,1778043117,2026-05-06 04:51:57+00:00,1778043117000,5822,27.53654,52.07383,10.03336,48096,True,167.1456,3
20260506-031454,1778043129,2026-05-06 04:52:09+00:00,1778043129000,5834,27.63036,51.29327,10.03347,58595,True,153.67529,3
20260506-031454,1778043141,2026-05-06 04:52:21+00:00,1778043141000,5846,27.64304,51.01098,10.03345,63481,True,129.26929,3
20260506-031454,1778043153,2026-05-06 04:52:33+00:00,1778043153000,5858,27.6481,50.98129,10.03332,65569,True,114.98914,3
20260506-031454,1778043165,2026-05-06 04:52:45+00:00,1778043165000,5870,27.6481,51.00105,10.03332,66771,True,107.12755,3
20260506-031454,1778043177,2026-05-06 04:52:57+00:00,1778043177000,5882,27.65064,51.27567,10.03334,67199,True,103.6889,3
20260506-031454,1778043189,2026-05-06 04:53:09+00:00,1778043189000,5894,27.65571,51.62674,10.03333,67743,True,101.57491,3
20260506-031454,1778043202,2026-05-06 04:53:22+00:00,1778043202000,5906,27.70794,51.55822,10.03343,67798,True,101.00638,3
20260506-031454,1778043214,2026-05-06 04:53:34+00:00,1778043214000,5918,27.63289,52.10872,10.03334,61704,True,127.06973,3
20260506-031454,1778043226,2026-05-06 04:53:46+00:00,1778043226000,5930,27.64557,51.73897,10.03335,65110,True,116.76984,3
20260506-031454,1778043238,2026-05-06 04:53:58+00:00,1778043238000,5942,27.65064,52.15193,10.03339,66612,True,108.37708,3
20260506-031454,1778043250,2026-05-06 04:54:10+00:00,1778043250000,5954,27.65825,52.62792,10.03346,66985,True,103.8199,3
20260506-031454,1778043261,2026-05-06 04:54:21+00:00,1778043261000,5965,27.57204,53.22987,10.03333,59766,True,112.90854,3
20260506-031454,1778043273,2026-05-06 04:54:33+00:00,1778043273000,5977,27.63796,53.84551,10.03335,63529,True,116.40189,3
20260506-031454,1778043285,2026-05-06 04:54:45+00:00,1778043285000,5989,27.6405,54.58211,10.03346,64908,True,111.15018,3
20260506-031454,1778043297,2026-05-06 04:54:57+00:00,1778043297000,6001,27.63543,54.28155,10.03363,65569,True,106.71957,3
20260506-031454,1778043309,2026-05-06 04:55:09+00:00,1778043309000,6013,27.63289,54.14453,10.03362,65723,True,103.90352,3
20260506-031454,1778043321,2026-05-06 04:55:21+00:00,1778043321000,6025,27.63036,54.70631,10.03365,65723,True,102.5944,3
20260506-031454,1778043333,2026-05-06 04:55:33+00:00,1778043333000,6037,27.63289,55.33187,10.03371,65211,True,102.354,3
20260506-031454,1778043345,2026-05-06 04:55:45+00:00,1778043345000,6049,27.63036,56.1142,10.03354,64310,True,103.27328,3
20260506-031454,1778043357,2026-05-06 04:55:57+00:00,1778043357000,6061,27.6405,56.7059,10.03393,64458,True,103.19083,3
20260506-031454,1778043369,2026-05-06 04:56:09+00:00,1778043369000,6073,27.63289,56.31964,10.03374,64409,True,102.57358,3
20260506-031454,1778043381,2026-05-06 04:56:21+00:00,1778043381000,6085,27.6405,56.05067,10.03378,64807,True,100.74361,3
20260506-031454,1778043393,2026-05-06 04:56:33+00:00,1778043393000,6097,27.63796,56.17186,10.03374,64958,True,99.91121,3
20260506-031454,1778043405,2026-05-06 04:56:45+00:00,1778043405000,6109,27.64557,55.03309,10.03397,65620,True,97.08757,3
20260506-031454,1778043417,2026-05-06 04:56:57+00:00,1778043417000,6121,27.64557,53.91404,10.03386,66506,True,94.45148,3
20260506-031454,1778043429,2026-05-06 04:57:09+00:00,1778043429000,6133,27.6405,52.98477,10.03364,67743,True,91.4397,3
20260506-031454,1778043441,2026-05-06 04:57:21+00:00,1778043441000,6145,27.63543,52.42235,10.03352,68073,True,89.97942,3
20260506-031454,1778043453,2026-05-06 04:57:33+00:00,1778043453000,6157,27.6405,52.03638,10.0336,68914,True,88.01233,3
20260506-031454,1778043465,2026-05-06 04:57:45+00:00,1778043465000,6169,27.64557,52.01121,10.03379,69084,True,87.93874,3
20260506-031454,1778043477,2026-05-06 04:57:57+00:00,1778043477000,6181,27.64557,52.3751,10.03366,69370,True,88.07259,3
20260506-031454,1778043489,2026-05-06 04:58:09+00:00,1778043489000,6193,27.6405,52.40098,10.03341,68857,True,88.98215,3
20260506-031454,1778043501,2026-05-06 04:58:21+00:00,1778043501000,6205,27.63796,52.4247,10.03353,69141,True,89.11192,3
20260506-031454,1778043513,2026-05-06 04:58:33+00:00,1778043513000,6217,27.6405,52.7396,10.03353,68688,True,90.17982,3
20260506-031454,1778043525,2026-05-06 04:58:45+00:00,1778043525000,6229,27.6405,53.3855,10.03351,68295,True,91.40372,3
20260506-031454,1778043537,2026-05-06 04:58:57+00:00,1778043537000,6241,27.63543,53.43041,10.03366,68295,True,91.51439,3
20260506-031454,1778043549,2026-05-06 04:59:09+00:00,1778043549000,6253,27.63289,54.16825,10.0336,67853,True,92.22915,3
20260506-031454,1778043561,2026-05-06 04:59:21+00:00,1778043561000,6265,27.62782,54.42613,10.0335,67853,True,92.90616,3
20260506-031454,1778043573,2026-05-06 04:59:33+00:00,1778043573000,6277,27.62275,54.26413,10.03355,67470,True,92.97295,3
20260506-031454,1778043585,2026-05-06 04:59:45+00:00,1778043585000,6289,27.62782,54.24551,10.03354,67416,True,92.96693,3
20260506-031454,1778043597,2026-05-06 04:59:57+00:00,1778043597000,6301,27.62528,54.81134,10.03341,67579,True,92.48276,3
20260506-031454,1778043609,2026-05-06 05:00:09+00:00,1778043609000,6313,27.62782,55.13543,10.03352,67199,True,92.85886,3
20260506-031454,1778043621,2026-05-06 05:00:21+00:00,1778043621000,6325,27.62528,54.63473,10.03348,67362,True,92.9118,3
20260506-031454,1778043633,2026-05-06 05:00:33+00:00,1778043633000,6337,27.63289,53.52026,10.03381,67688,True,91.21192,3
20260506-031454,1778043645,2026-05-06 05:00:45+00:00,1778043645000,6350,27.53907,53.45914,10.03364,59895,True,101.45419,3
20260506-031454,1778043657,2026-05-06 05:00:57+00:00,1778043657000,6362,27.61261,52.91412,10.03358,65364,True,105.60394,3
20260506-031454,1778043669,2026-05-06 05:01:09+00:00,1778043669000,6374,27.62021,52.86591,10.03363,67416,True,98.33904,3
20260506-031454,1778043681,2026-05-06 05:01:21+00:00,1778043681000,6386,27.61768,53.52167,10.03375,67525,True,94.95866,3
20260506-031454,1778043693,2026-05-06 05:01:33+00:00,1778043693000,6398,27.62275,53.68583,10.03367,67908,True,92.73239,3
20260506-031454,1778043705,2026-05-06 05:01:45+00:00,1778043705000,6410,27.61261,53.83306,10.03384,68073,True,91.53309,3
20260506-031454,1778043717,2026-05-06 05:01:57+00:00,1778043717000,6422,27.61261,53.39959,10.03373,68407,True,90.99336,3
20260506-031454,1778043729,2026-05-06 05:02:09+00:00,1778043729000,6434,27.61514,52.85039,10.03372,68914,True,89.47058,3
20260506-031454,1778043741,2026-05-06 05:02:21+00:00,1778043741000,6446,27.61261,52.82384,10.0337,69198,True,88.03959,3
20260506-031454,1778043753,2026-05-06 05:02:33+00:00,1778043753000,6458,27.61768,52.97303,10.03392,68970,True,88.40671,3
20260506-031454,1778043765,2026-05-06 05:02:45+00:00,1778043765000,6470,27.61514,52.79501,10.03381,69775,True,87.28545,3
20260506-031454,1778043777,2026-05-06 05:02:57+00:00,1778043777000,6482,27.61261,52.6507,10.03368,69775,True,86.74877,3
20260506-031454,1778043789,2026-05-06 05:03:09+00:00,1778043789000,6494,27.62021,52.49407,10.03372,70067,True,86.09872,3
20260506-031454,1778043801,2026-05-06 05:03:21+00:00,1778043801000,6506,27.61007,52.30122,10.03375,70125,True,86.14989,3
20260506-031454,1778043813,2026-05-06 05:03:33+00:00,1778043813000,6518,27.62021,52.24755,10.03389,70243,True,85.49524,3
20260506-031454,1778043827,2026-05-06 05:03:47+00:00,1778043827000,6531,27.68297,52.06565,10.03417,70420,True,85.38756,3
20260506-031454,1778043839,2026-05-06 05:03:59+00:00,1778043839000,6543,27.59739,52.83926,10.03382,63723,True,113.84778,3
20260506-031454,1778043851,2026-05-06 05:04:11+00:00,1778043851000,6555,27.60753,52.98205,10.03378,66985,True,104.38332,3
20260506-031454,1778043862,2026-05-06 05:04:22+00:00,1778043862000,6566,27.66578,52.85495,10.03393,67092,True,102.51619,3
20260506-031454,1778043875,2026-05-06 05:04:35+00:00,1778043875000,6579,27.56861,53.87637,10.03391,57117,True,115.25347,3
20260506-031454,1778043887,2026-05-06 05:04:47+00:00,1778043887000,6591,27.4909,54.15406,10.0339,48599,True,151.44418,3
20260506-031454,1778043899,2026-05-06 05:04:59+00:00,1778043899000,6603,27.58218,53.28445,10.03376,59427,True,145.34818,3
20260506-031454,1778043911,2026-05-06 05:05:11+00:00,1778043911000,6615,27.58218,53.3143,10.03379,63723,True,123.04278,3
20260506-031454,1778043923,2026-05-06 05:05:23+00:00,1778043923000,6627,27.605,53.33268,10.03393,65415,True,109.62575,3
20260506-031454,1778043935,2026-05-06 05:05:35+00:00,1778043935000,6639,27.59739,53.42885,10.03372,66718,True,102.06654,3
20260506-031454,1778043947,2026-05-06 05:05:47+00:00,1778043947000,6651,27.59739,53.49593,10.03386,67308,True,97.86049,3
20260506-031454,1778043959,2026-05-06 05:05:59+00:00,1778043959000,6663,27.60246,53.1289,10.03385,67798,True,95.37521,3
20260506-031454,1778043971,2026-05-06 05:06:11+00:00,1778043971000,6675,27.60246,53.11644,10.0338,68295,True,93.19075,3
20260506-031454,1778043983,2026-05-06 05:06:23+00:00,1778043983000,6688,27.60246,53.1599,10.03384,68240,True,92.52553,3
20260506-031454,1778043995,2026-05-06 05:06:35+00:00,1778043995000,6700,27.605,53.14639,10.03384,68575,True,90.94852,3
20260506-031454,1778044006,2026-05-06 05:06:46+00:00,1778044006000,6710,27.52893,53.88639,10.03392,62254,True,99.21439,3
20260506-031454,1778044018,2026-05-06 05:06:58+00:00,1778044018000,6722,27.59232,53.35228,10.03394,66453,True,102.78603,3
20260506-031454,1778044030,2026-05-06 05:07:10+00:00,1778044030000,6734,27.60246,53.63273,10.03392,67634,True,97.08242,3
20260506-031454,1778044043,2026-05-06 05:07:23+00:00,1778044043000,6747,27.51118,54.93532,10.03383,58554,True,108.20232,3
20260506-031454,1778044055,2026-05-06 05:07:35+00:00,1778044055000,6759,27.59232,54.1101,10.03408,64015,True,112.59772,3
20260506-031454,1778044067,2026-05-06 05:07:47+00:00,1778044067000,6771,27.59993,53.6382,10.03399,66771,True,102.76309,3
20260506-031454,1778044079,2026-05-06 05:07:59+00:00,1778044079000,6783,27.59739,53.70114,10.03404,67362,True,97.03591,3
20260506-031454,1778044091,2026-05-06 05:08:11+00:00,1778044091000,6795,27.60753,53.79101,10.03411,67798,True,93.95691,3
20260506-031454,1778044103,2026-05-06 05:08:23+00:00,1778044103000,6807,27.57711,53.67989,10.03389,64508,True,101.67717,3
20260506-031454,1778044115,2026-05-06 05:08:35+00:00,1778044115000,6819,27.59993,53.21458,10.03388,66985,True,99.42607,3
20260506-031454,1778044127,2026-05-06 05:08:47+00:00,1778044127000,6831,27.59739,53.21357,10.03404,68073,True,93.87202,3
20260506-031454,1778044152,2026-05-06 05:09:12+00:00,1778044152000,6856,27.64468,53.41043,10.03386,68744,True,90.58657,3
20260506-031454,1778044164,2026-05-06 05:09:24+00:00,1778044164000,6868,27.57711,53.63264,10.03387,62486,True,116.59784,3
20260506-031454,1778044176,2026-05-06 05:09:36+00:00,1778044176000,6880,27.59232,53.42544,10.0339,65878,True,106.61929,3
20260506-031454,1778044192,2026-05-06 05:09:52+00:00,1778044192000,6896,27.64396,53.20435,10.03382,66931,True,103.57523,3
20260506-031454,1778044204,2026-05-06 05:10:04+00:00,1778044204000,6908,27.57204,53.54474,10.034,60109,True,129.07281,3
20260506-031454,1778044216,2026-05-06 05:10:16+00:00,1778044216000,6920,27.58218,53.79564,10.03404,64359,True,115.33492,3
20260506-031454,1778044228,2026-05-06 05:10:28+00:00,1778044228000,6932,27.58725,53.60757,10.0341,66400,True,104.04904,3
20260506-031454,1778044240,2026-05-06 05:10:40+00:00,1778044240000,6944,27.58978,53.61998,10.03398,67362,True,97.47527,3
20260506-031454,1778044252,2026-05-06 05:10:52+00:00,1778044252000,6956,27.58725,53.71749,10.03407,67743,True,93.96919,3
20260506-031454,1778044264,2026-05-06 05:11:04+00:00,1778044264000,6968,27.5695,53.67096,10.0342,64807,True,101.38145,3
20260506-031454,1778044275,2026-05-06 05:11:15+00:00,1778044275000,6979,27.62936,53.38715,10.03417,65569,True,101.6897,3
20260506-031454,1778044287,2026-05-06 05:11:27+00:00,1778044287000,6991,27.56697,53.42761,10.03408,62862,True,118.21604,3
20260506-031454,1778044297,2026-05-06 05:11:37+00:00,1778044297000,7001,27.50611,53.92839,10.03409,59681,True,119.90558,3
20260506-031454,1778044308,2026-05-06 05:11:48+00:00,1778044308000,7012,27.49343,54.57471,10.03423,56615,True,127.79765,3
20260506-031454,1778044320,2026-05-06 05:12:00+00:00,1778044320000,7024,27.5695,53.8651,10.03431,62956,True,121.35546,3
20260506-031454,1778044332,2026-05-06 05:12:12+00:00,1778044332000,7036,27.57711,53.51759,10.03427,65671,True,107.48828,3
20260506-031454,1778044344,2026-05-06 05:12:24+00:00,1778044344000,7048,27.58218,53.70318,10.03443,67038,True,98.80778,3
20260506-031454,1778044356,2026-05-06 05:12:36+00:00,1778044356000,7060,27.58218,53.57913,10.0343,67908,True,94.95052,3
20260506-031454,1778044368,2026-05-06 05:12:48+00:00,1778044368000,7072,27.58471,53.09387,10.03441,68463,True,91.45604,3
20260506-031454,1778044380,2026-05-06 05:13:00+00:00,1778044380000,7084,27.58218,53.09046,10.03437,69313,True,88.94604,3
20260506-031454,1778044392,2026-05-06 05:13:12+00:00,1778044392000,7096,27.58471,53.09561,10.03429,69198,True,87.78442,3
20260506-031454,1778044404,2026-05-06 05:13:24+00:00,1778044404000,7108,27.58725,52.99427,10.03428,69659,True,86.37398,3
20260506-031454,1778044416,2026-05-06 05:13:36+00:00,1778044416000,7120,27.58978,53.1083,10.03439,70067,True,85.80107,3
20260506-031454,1778044428,2026-05-06 05:13:48+00:00,1778044428000,7132,27.59993,53.45891,10.03468,69717,True,86.29053,3
20260506-031454,1778044440,2026-05-06 05:14:00+00:00,1778044440000,7144,27.58978,53.33172,10.03451,69775,True,85.63993,3
20260506-031454,1778044452,2026-05-06 05:14:12+00:00,1778044452000,7156,27.59486,53.68365,10.03454,69485,True,85.83492,3
20260506-031454,1778044464,2026-05-06 05:14:24+00:00,1778044464000,7168,27.59232,53.60051,10.03445,69775,True,85.63037,3
20260506-031454,1778044476,2026-05-06 05:14:36+00:00,1778044476000,7180,27.58725,53.23888,10.03449,70067,True,84.73581,3
20260506-031454,1778044488,2026-05-06 05:14:48+00:00,1778044488000,7192,27.59232,53.10279,10.03459,70243,True,84.07652,3
20260506-031454,1778044500,2026-05-06 05:15:00+00:00,1778044500000,7204,27.58725,52.99941,10.03461,70837,True,83.09612,3
20260506-031454,1778044512,2026-05-06 05:15:12+00:00,1778044512000,7216,27.59232,53.01114,10.03464,70539,True,83.06091,3
20260506-031454,1778044524,2026-05-06 05:15:24+00:00,1778044524000,7228,27.59993,53.04833,10.03473,70361,True,83.37413,3
20260506-031454,1778044536,2026-05-06 05:15:36+00:00,1778044536000,7240,27.59739,52.96072,10.03451,70539,True,82.75105,3
20260506-031454,1778044548,2026-05-06 05:15:48+00:00,1778044548000,7252,27.58978,53.07951,10.03439,70598,True,82.48975,3
20260506-031454,1778044561,2026-05-06 05:16:01+00:00,1778044561000,7265,27.56697,53.67226,10.03443,66190,True,93.80931,3
20260506-031454,1778044582,2026-05-06 05:16:22+00:00,1778044582000,7286,27.62845,53.40763,10.03438,66771,True,95.29035,3
20260506-031454,1778044594,2026-05-06 05:16:34+00:00,1778044594000,7298,27.54668,54.05606,10.03454,59133,True,134.74031,3
20260506-031454,1778044606,2026-05-06 05:16:46+00:00,1778044606000,7310,27.57204,53.58839,10.03461,64260,True,118.34757,3
20260506-031454,1778044618,2026-05-06 05:16:58+00:00,1778044618000,7322,27.5695,53.46174,10.0345,67146,True,103.4979,3
20260506-031454,1778044630,2026-05-06 05:17:10+00:00,1778044630000,7334,27.57457,54.06314,10.03458,67634,True,96.6472,3
20260506-031454,1778044642,2026-05-06 05:17:22+00:00,1778044642000,7346,27.57711,54.32589,10.03459,68073,True,93.16136,3
20260506-031454,1778044654,2026-05-06 05:17:34+00:00,1778044654000,7358,27.57711,54.00849,10.03443,68688,True,90.35226,3
20260506-031454,1778044666,2026-05-06 05:17:46+00:00,1778044666000,7370,27.58218,54.23081,10.03444,68631,True,88.85266,3
20260506-031454,1778044678,2026-05-06 05:17:58+00:00,1778044678000,7382,27.58218,54.10025,10.03464,68857,True,87.87926,3
20260506-031454,1778044690,2026-05-06 05:18:10+00:00,1778044690000,7394,27.58725,53.66232,10.03465,69601,True,85.7661,3
20260506-031454,1778044702,2026-05-06 05:18:22+00:00,1778044702000,7406,27.58218,53.689,10.03451,69659,True,84.60902,3
20260506-031454,1778044714,2026-05-06 05:18:34+00:00,1778044714000,7418,27.58471,53.54436,10.03441,70067,True,83.59621,3
20260506-031454,1778044726,2026-05-06 05:18:46+00:00,1778044726000,7430,27.58725,53.6797,10.03456,70008,True,83.05408,3
20260506-031454,1778044738,2026-05-06 05:18:58+00:00,1778044738000,7442,27.57965,53.7299,10.03449,70008,True,83.29553,3
20260506-031454,1778044750,2026-05-06 05:19:10+00:00,1778044750000,7454,27.58978,53.60761,10.03467,70243,True,82.53609,3
20260506-031454,1778044760,2026-05-06 05:19:20+00:00,1778044760000,7464,27.51372,54.30025,10.03468,64113,True,90.33447,3
20260506-031454,1778044772,2026-05-06 05:19:32+00:00,1778044772000,7476,27.58218,53.95603,10.03471,67743,True,94.24521,3
20260506-031454,1778044782,2026-05-06 05:19:42+00:00,1778044782000,7487,27.50611,54.44146,10.03453,61932,True,100.82709,3
20260506-031454,1778044794,2026-05-06 05:19:54+00:00,1778044794000,7499,27.57204,53.9012,10.0347,66771,True,100.32014,3
20260506-031454,1778044806,2026-05-06 05:20:06+00:00,1778044806000,7511,27.58218,54.02439,10.03492,68463,True,92.85071,3
20260506-031454,1778044819,2026-05-06 05:20:19+00:00,1778044819000,7523,27.55175,54.39405,10.03478,64409,True,100.93578,3
20260506-031454,1778044831,2026-05-06 05:20:31+00:00,1778044831000,7535,27.57457,53.52113,10.03495,67634,True,96.0468,3
20260506-031454,1778044843,2026-05-06 05:20:43+00:00,1778044843000,7547,27.57711,53.29257,10.03484,69485,True,88.8634,3
20260506-031454,1778044855,2026-05-06 05:20:55+00:00,1778044855000,7559,27.57965,53.09032,10.03484,69601,True,85.82671,3
20260506-031454,1778044867,2026-05-06 05:21:07+00:00,1778044867000,7571,27.57711,53.04456,10.03475,70777,True,82.98067,3
20260506-031454,1778044879,2026-05-06 05:21:19+00:00,1778044879000,7583,27.58218,53.13251,10.03483,71017,True,82.02588,3
20260506-031454,1778044891,2026-05-06 05:21:31+00:00,1778044891000,7595,27.63329,53.09765,10.03488,70598,True,82.02075,3
20260506-031454,1778044903,2026-05-06 05:21:43+00:00,1778044903000,7607,27.55429,54.37192,10.03496,64310,True,107.51295,3
20260506-031454,1778044915,2026-05-06 05:21:55+00:00,1778044915000,7619,27.56697,53.90842,10.03492,67963,True,99.03752,3
20260506-031454,1778044927,2026-05-06 05:22:07+00:00,1778044927000,7631,27.57457,53.32852,10.03515,69084,True,90.8315,3
20260506-031454,1778044939,2026-05-06 05:22:19+00:00,1778044939000,7643,27.57457,53.19998,10.03502,70008,True,86.32178,3
20260506-031454,1778044953,2026-05-06 05:22:33+00:00,1778044953000,7657,27.62498,53.00513,10.035,69891,True,85.79218,3
20260506-031454,1778044965,2026-05-06 05:22:45+00:00,1778044965000,7669,27.54668,53.3187,10.0351,63820,True,112.28296,3
20260506-031454,1778044977,2026-05-06 05:22:57+00:00,1778044977000,7681,27.56697,53.02811,10.03501,67308,True,101.3459,3
20260506-031454,1778044989,2026-05-06 05:23:09+00:00,1778044989000,7693,27.56443,52.92963,10.03523,68970,True,92.92197,3
20260506-031454,1778045001,2026-05-06 05:23:21+00:00,1778045001000,7705,27.5695,52.84969,10.03512,69775,True,87.85979,3
20260506-031454,1778045013,2026-05-06 05:23:33+00:00,1778045013000,7717,27.57204,53.02102,10.03523,70420,True,84.89775,3
20260506-031454,1778045025,2026-05-06 05:23:45+00:00,1778045025000,7729,27.57204,53.16156,10.03511,70718,True,83.59751,3
20260506-031454,1778045037,2026-05-06 05:23:57+00:00,1778045037000,7741,27.56697,53.23357,10.03508,70837,True,82.62435,3
20260506-031454,1778045049,2026-05-06 05:24:09+00:00,1778045049000,7753,27.57204,53.291,10.03511,70957,True,81.86213,3
20260506-031454,1778045061,2026-05-06 05:24:21+00:00,1778045061000,7765,27.57711,53.45704,10.03529,70897,True,81.97103,3
20260506-031454,1778045073,2026-05-06 05:24:33+00:00,1778045073000,7777,27.5695,53.27045,10.03496,70957,True,80.65057,3
20260506-031454,1778045085,2026-05-06 05:24:45+00:00,1778045085000,7789,27.57204,53.16492,10.0352,71381,True,80.03172,3
20260506-031454,1778045097,2026-05-06 05:24:57+00:00,1778045097000,7802,27.54668,53.52584,10.03518,66665,True,91.0879,3
20260506-031454,1778045109,2026-05-06 05:25:09+00:00,1778045109000,7814,27.56697,53.23986,10.03533,69313,True,89.89919,3
20260506-031454,1778045120,2026-05-06 05:25:20+00:00,1778045120000,7825,27.48075,54.15755,10.03526,63241,True,96.57549,3
20260506-031454,1778045132,2026-05-06 05:25:32+00:00,1778045132000,7837,27.52893,54.32721,10.03526,63385,True,108.84222,3
20260506-031454,1778045144,2026-05-06 05:25:44+00:00,1778045144000,7849,27.55429,54.05202,10.03535,67038,True,101.48029,3
20260506-031454,1778045156,2026-05-06 05:25:56+00:00,1778045156000,7861,27.55936,53.78775,10.03515,68857,True,92.80054,3
20260506-031454,1778045168,2026-05-06 05:26:08+00:00,1778045168000,7873,27.56443,53.73929,10.03528,69601,True,87.52808,3
20260506-031454,1778045180,2026-05-06 05:26:20+00:00,1778045180000,7885,27.5695,53.7283,10.03538,70008,True,84.75269,3
20260506-031454,1778045193,2026-05-06 05:26:33+00:00,1778045193000,7897,27.53654,53.97624,10.03551,66243,True,93.55582,3
20260506-031454,1778045204,2026-05-06 05:26:44+00:00,1778045204000,7908,27.47822,54.19534,10.03519,61886,True,102.05545,3
20260506-031454,1778045216,2026-05-06 05:26:56+00:00,1778045216000,7920,27.55429,53.56487,10.03537,67470,True,100.35545,3
20260506-031454,1778045228,2026-05-06 05:27:08+00:00,1778045228000,7932,27.56443,53.2935,10.03527,69027,True,91.90566,3
20260506-031454,1778045240,2026-05-06 05:27:20+00:00,1778045240000,7944,27.56443,53.05625,10.03527,70420,True,85.61911,3
20260506-031454,1778045252,2026-05-06 05:27:32+00:00,1778045252000,7956,27.55936,53.31284,10.03518,71199,True,82.28175,3
20260506-031454,1778045264,2026-05-06 05:27:44+00:00,1778045264000,7968,27.56697,53.3496,10.03513,70777,True,81.44476,3
20260506-031454,1778045276,2026-05-06 05:27:56+00:00,1778045276000,7980,27.56697,53.43718,10.03529,71138,True,80.63443,3
20260506-031454,1778045288,2026-05-06 05:28:08+00:00,1778045288000,7992,27.5695,53.58003,10.03545,71078,True,80.18423,3
20260506-031454,1778045300,2026-05-06 05:28:20+00:00,1778045300000,8004,27.57204,53.6939,10.03537,70897,True,80.29668,3
20260506-031454,1778045312,2026-05-06 05:28:32+00:00,1778045312000,8016,27.57457,53.26002,10.03552,71441,True,79.2332,3
20260506-031454,1778045323,2026-05-06 05:28:43+00:00,1778045323000,8027,27.61983,53.00933,10.03534,71747,True,78.71061,3
20260506-031454,1778045334,2026-05-06 05:28:54+00:00,1778045334000,8038,27.4554,53.95097,10.03515,57117,True,108.47869,3
20260506-031454,1778045346,2026-05-06 05:29:06+00:00,1778045346000,8050,27.54668,53.31341,10.03525,65211,True,111.39867,3
20260506-031454,1778045358,2026-05-06 05:29:18+00:00,1778045358000,8062,27.55936,53.248,10.03522,68240,True,97.87312,3
20260506-031454,1778045370,2026-05-06 05:29:30+00:00,1778045370000,8074,27.55682,53.14301,10.03525,69950,True,89.33852,3
20260506-031454,1778045382,2026-05-06 05:29:42+00:00,1778045382000,8086,27.55936,53.1085,10.03522,70718,True,84.17262,3
20260506-031454,1778045394,2026-05-06 05:29:54+00:00,1778045394000,8098,27.55682,53.08216,10.03499,70897,True,82.12309,3
20260506-031454,1778045406,2026-05-06 05:30:06+00:00,1778045406000,8110,27.56697,53.38456,10.03531,71259,True,80.75279,3
20260506-031454,1778045418,2026-05-06 05:30:18+00:00,1778045418000,8122,27.55936,54.12888,10.03538,70837,True,80.84784,3
20260506-031454,1778045430,2026-05-06 05:30:30+00:00,1778045430000,8134,27.55175,54.09667,10.03508,70539,True,81.25504,3
20260506-031454,1778045442,2026-05-06 05:30:42+00:00,1778045442000,8146,27.55682,53.80401,10.03541,71078,True,80.41273,3
20260506-031454,1778045454,2026-05-06 05:30:54+00:00,1778045454000,8158,27.54922,53.57048,10.03509,71381,True,78.90835,3
20260506-031454,1778045466,2026-05-06 05:31:06+00:00,1778045466000,8170,27.55936,53.52065,10.03533,71686,True,77.73815,3
20260506-031454,1778045478,2026-05-06 05:31:18+00:00,1778045478000,8182,27.55682,53.33656,10.03525,71809,True,77.33054,3
20260506-031454,1778045490,2026-05-06 05:31:30+00:00,1778045490000,8194,27.55429,53.28214,10.03521,71932,True,76.42294,3
20260506-031454,1778045502,2026-05-06 05:31:42+00:00,1778045502000,8206,27.55175,53.43309,10.03531,72305,True,76.32909,3
20260506-031454,1778045533,2026-05-06 05:32:13+00:00,1778045533000,8237,27.6202,53.28551,10.03524,71809,True,76.62257,3
20260506-031454,1778045543,2026-05-06 05:32:23+00:00,1778045543000,8248,27.41736,54.40657,10.03541,48263,True,135.37766,3
20260506-031454,1778045555,2026-05-06 05:32:35+00:00,1778045555000,8260,27.51372,53.41114,10.03547,60066,True,139.3587,3
20260506-031454,1778045567,2026-05-06 05:32:47+00:00,1778045567000,8272,27.52893,53.08452,10.03542,65262,True,116.36102,3
20260506-031454,1778045579,2026-05-06 05:32:59+00:00,1778045579000,8284,27.534,52.8816,10.03553,67908,True,100.61995,3
20260506-031454,1778045592,2026-05-06 05:33:12+00:00,1778045592000,8296,27.51372,53.07382,10.0356,65009,True,103.80397,3
20260506-031454,1778045604,2026-05-06 05:33:24+00:00,1778045604000,8308,27.53654,52.76426,10.03554,68857,True,95.8708,3
20260506-031454,1778045616,2026-05-06 05:33:36+00:00,1778045616000,8320,27.54161,52.76759,10.03571,69891,True,89.176,3
20260506-031454,1778045628,2026-05-06 05:33:48+00:00,1778045628000,8332,27.54668,53.02245,10.03574,70718,True,85.02387,3
20260506-031454,1778045641,2026-05-06 05:34:01+00:00,1778045641000,8345,27.60411,52.88839,10.03594,70658,True,84.50845,3
20260506-031454,1778045653,2026-05-06 05:34:13+00:00,1778045653000,8357,27.51879,53.41938,10.03605,64657,True,110.08607,3
20260506-031454,1778045665,2026-05-06 05:34:25+00:00,1778045665000,8369,27.52893,53.09242,10.03589,68240,True,99.67616,3
20260506-031454,1778045677,2026-05-06 05:34:37+00:00,1778045677000,8381,27.53907,52.93238,10.03611,69950,True,90.08156,3
20260506-031454,1778045689,2026-05-06 05:34:49+00:00,1778045689000,8393,27.54161,52.75605,10.0359,71138,True,84.66292,3
20260506-031454,1778045701,2026-05-06 05:35:01+00:00,1778045701000,8405,27.51879,53.0951,10.03624,67092,True,92.63858,3
20260506-031454,1778045713,2026-05-06 05:35:13+00:00,1778045713000,8417,27.54161,52.83167,10.03601,69950,True,89.71965,3
20260506-031454,1778045725,2026-05-06 05:35:25+00:00,1778045725000,8429,27.54161,52.8243,10.03617,71199,True,84.34084,3
20260506-031454,1778045737,2026-05-06 05:35:37+00:00,1778045737000,8441,27.55175,52.97264,10.03626,71320,True,81.79427,3
20260506-031454,1778045749,2026-05-06 05:35:49+00:00,1778045749000,8453,27.53907,53.01345,10.03627,71809,True,79.91206,3
20260506-031454,1778045761,2026-05-06 05:36:01+00:00,1778045761000,8465,27.54922,52.94238,10.03636,72056,True,78.37437,3
20260506-031454,1778045773,2026-05-06 05:36:13+00:00,1778045773000,8477,27.54668,52.75044,10.03646,72871,True,76.94273,3
20260506-031454,1778045785,2026-05-06 05:36:25+00:00,1778045785000,8489,27.55175,53.17822,10.03633,72367,True,77.01826,3
20260506-031454,1778045797,2026-05-06 05:36:37+00:00,1778045797000,8501,27.54922,53.74419,10.0364,71932,True,77.46135,3
20260506-031454,1778045809,2026-05-06 05:36:49+00:00,1778045809000,8513,27.54922,53.56893,10.03664,72493,True,76.73083,3
20260506-031454,1778045822,2026-05-06 05:37:02+00:00,1778045822000,8526,27.60408,53.43524,10.03645,71932,True,77.04195,3
20260506-031454,1778045834,2026-05-06 05:37:14+00:00,1778045834000,8538,27.52639,54.41462,10.0367,64707,True,105.68198,3
20260506-031454,1778045846,2026-05-06 05:37:26+00:00,1778045846000,8550,27.53654,53.74128,10.03668,69027,True,95.8544,3
20260506-031454,1778045858,2026-05-06 05:37:38+00:00,1778045858000,8562,27.54161,53.17387,10.03669,70539,True,86.59691,3
20260506-031454,1778045870,2026-05-06 05:37:50+00:00,1778045870000,8574,27.54161,53.07213,10.03662,71259,True,81.84114,3
20260506-031454,1778045906,2026-05-06 05:38:26+00:00,1778045906000,8610,27.60558,52.89624,10.03663,71625,True,80.79485,3
20260506-031454,1778045918,2026-05-06 05:38:38+00:00,1778045918000,8622,27.48836,53.69709,10.03684,56273,True,145.50305,3
20260506-031454,1778045930,2026-05-06 05:38:50+00:00,1778045930000,8634,27.51372,53.07157,10.03697,63529,True,126.13901,3
20260506-031454,1778045942,2026-05-06 05:39:02+00:00,1778045942000,8646,27.51879,53.03814,10.03701,67199,True,107.16501,3
20260506-031454,1778045954,2026-05-06 05:39:14+00:00,1778045954000,8658,27.52893,53.03609,10.03705,68631,True,95.98015,3
20260506-031454,1778045965,2026-05-06 05:39:25+00:00,1778045965000,8669,27.44525,53.72689,10.03687,62580,True,101.42497,3
20260506-031454,1778045977,2026-05-06 05:39:37+00:00,1778045977000,8681,27.55471,53.28197,10.03699,63868,True,104.66068,3
20260506-031454,1778045990,2026-05-06 05:39:50+00:00,1778045990000,8694,27.4748,54.05586,10.03684,56122,True,118.41496,3
20260506-031454,1778046002,2026-05-06 05:40:02+00:00,1778046002000,8706,27.4985,53.44494,10.03711,59427,True,141.29602,3
20260506-031454,1778046014,2026-05-06 05:40:14+00:00,1778046014000,8718,27.51372,53.23217,10.03716,64958,True,118.73281,3
20260506-031454,1778046026,2026-05-06 05:40:26+00:00,1778046026000,8730,27.51879,53.15861,10.03714,67634,True,102.37253,3
20260506-031454,1778046038,2026-05-06 05:40:38+00:00,1778046038000,8742,27.51879,53.4199,10.03709,68857,True,93.74733,3
20260506-031454,1778046050,2026-05-06 05:40:50+00:00,1778046050000,8754,27.52893,53.62557,10.03704,70067,True,88.15765,3
20260506-031454,1778046062,2026-05-06 05:41:02+00:00,1778046062000,8766,27.53147,53.3879,10.03718,70539,True,85.11642,3
20260506-031454,1778046075,2026-05-06 05:41:15+00:00,1778046075000,8779,27.58405,53.15655,10.03711,70658,True,84.28867,3
20260506-031454,1778046087,2026-05-06 05:41:27+00:00,1778046087000,8791,27.4985,53.25892,10.03694,64359,True,110.23978,3
20260506-031454,1778046099,2026-05-06 05:41:39+00:00,1778046099000,8803,27.52133,53.03036,10.03725,68351,True,98.69508,3
20260506-031454,1778046111,2026-05-06 05:41:51+00:00,1778046111000,8815,27.53147,53.29021,10.03741,70008,True,90.06445,3
20260506-031454,1778046123,2026-05-06 05:42:03+00:00,1778046123000,8827,27.52639,53.34378,10.03724,70361,True,85.61224,3
20260506-031454,1778046135,2026-05-06 05:42:15+00:00,1778046135000,8839,27.53147,53.20349,10.03734,71381,True,81.82635,3
20260506-031454,1778046147,2026-05-06 05:42:27+00:00,1778046147000,8851,27.53147,53.18912,10.03736,71747,True,79.51263,3
20260506-031454,1778046159,2026-05-06 05:42:39+00:00,1778046159000,8863,27.53147,53.18042,10.03731,72180,True,77.94827,3
20260506-031454,1778046170,2026-05-06 05:42:50+00:00,1778046170000,8874,27.58924,53.06091,10.03744,71932,True,77.87791,3
20260506-031454,1778046182,2026-05-06 05:43:02+00:00,1778046182000,8886,27.51372,53.7036,10.03743,66771,True,99.55202,3
20260506-031454,1778046194,2026-05-06 05:43:14+00:00,1778046194000,8898,27.52639,53.73203,10.03745,69717,True,91.28711,3
20260506-031454,1778046206,2026-05-06 05:43:26+00:00,1778046206000,8910,27.53654,53.44635,10.03756,70718,True,85.30339,3
20260506-031454,1778046218,2026-05-06 05:43:38+00:00,1778046218000,8922,27.52893,53.21423,10.03756,71871,True,80.21906,3
20260506-031454,1778046230,2026-05-06 05:43:50+00:00,1778046230000,8934,27.534,52.92219,10.03744,72305,True,77.66122,3
20260506-031454,1778046242,2026-05-06 05:44:02+00:00,1778046242000,8946,27.534,52.85346,10.0377,72367,True,76.19399,3
20260506-031454,1778046254,2026-05-06 05:44:14+00:00,1778046254000,8959,27.45033,53.88389,10.03775,63337,True,88.12777,3
20260506-031454,1778046266,2026-05-06 05:44:26+00:00,1778046266000,8971,27.52386,53.30062,10.03764,69198,True,92.93086,3
20260506-031454,1778046278,2026-05-06 05:44:38+00:00,1778046278000,8983,27.534,53.07051,10.03763,71199,True,84.92714,3
20260506-031454,1778046290,2026-05-06 05:44:50+00:00,1778046290000,8995,27.53147,53.16855,10.03757,71625,True,80.87319,3
20260506-031454,1778046302,2026-05-06 05:45:02+00:00,1778046302000,9007,27.534,53.27042,10.03775,72681,True,77.24953,3
20260506-031454,1778046314,2026-05-06 05:45:14+00:00,1778046314000,9019,27.53654,53.21754,10.03778,72243,True,76.23309,3
20260506-031454,1778046326,2026-05-06 05:45:26+00:00,1778046326000,9031,27.534,53.30327,10.0377,72367,True,76.04738,3
20260506-031454,1778046339,2026-05-06 05:45:39+00:00,1778046339000,9044,27.5889,53.09999,10.03777,72681,True,75.64075,3
20260506-031454,1778046353,2026-05-06 05:45:53+00:00,1778046353000,9058,27.47301,53.98412,10.03739,60153,True,92.3294,3
20260506-031454,1778046365,2026-05-06 05:46:05+00:00,1778046365000,9070,27.49597,53.65956,10.03762,61840,True,125.91304,3
20260506-031454,1778046377,2026-05-06 05:46:17+00:00,1778046377000,9082,27.51372,53.94124,10.03778,66718,True,108.62091,3
20260506-031454,1778046389,2026-05-06 05:46:29+00:00,1778046389000,9094,27.52386,53.61318,10.03773,69198,True,94.81915,3
20260506-031454,1778046401,2026-05-06 05:46:41+00:00,1778046401000,9106,27.52639,54.16418,10.03784,69717,True,88.23445,3
20260506-031454,1778046413,2026-05-06 05:46:53+00:00,1778046413000,9118,27.52893,54.58332,10.03804,70598,True,83.89027,3
20260506-031454,1778046425,2026-05-06 05:47:05+00:00,1778046425000,9130,27.53147,54.38338,10.0378,70837,True,81.25596,3
20260506-031454,1778046436,2026-05-06 05:47:16+00:00,1778046436000,9140,27.45033,54.59342,10.03785,64211,True,89.36989,3
20260506-031454,1778046448,2026-05-06 05:47:28+00:00,1778046448000,9152,27.52386,53.47346,10.03794,69256,True,90.51178,3
20260506-031454,1778046460,2026-05-06 05:47:40+00:00,1778046460000,9164,27.52893,53.13364,10.0379,71138,True,83.3167,3
20260506-031454,1778046472,2026-05-06 05:47:52+00:00,1778046472000,9176,27.52893,53.14895,10.0379,71747,True,78.82118,3
20260506-031454,1778046484,2026-05-06 05:48:04+00:00,1778046484000,9188,27.52893,53.15569,10.03783,72745,True,75.32589,3
20260506-031454,1778046496,2026-05-06 05:48:16+00:00,1778046496000,9200,27.53147,53.45428,10.03794,72493,True,74.93689,3
20260506-031454,1778046508,2026-05-06 05:48:28+00:00,1778046508000,9212,27.53654,53.67742,10.03795,72493,True,74.34141,3
20260506-031454,1778046520,2026-05-06 05:48:40+00:00,1778046520000,9224,27.534,53.80183,10.03795,72618,True,74.42983,3
20260506-031454,1778046532,2026-05-06 05:48:52+00:00,1778046532000,9236,27.534,53.70777,10.03805,73126,True,72.99853,3
20260506-031454,1778046544,2026-05-06 05:49:04+00:00,1778046544000,9248,27.534,53.51509,10.03795,72935,True,72.78898,3
20260506-031454,1778046556,2026-05-06 05:49:16+00:00,1778046556000,9260,27.53147,53.4665,10.03803,73126,True,71.95595,3
20260506-031454,1778046568,2026-05-06 05:49:28+00:00,1778046568000,9272,27.53654,53.84015,10.038,72935,True,72.48141,3
20260506-031454,1778046580,2026-05-06 05:49:40+00:00,1778046580000,9284,27.53147,53.96263,10.03806,72935,True,72.27156,3
20260506-031454,1778046590,2026-05-06 05:49:50+00:00,1778046590000,9295,27.45793,54.27414,10.03829,65826,True,81.56588,3
20260506-031454,1778046602,2026-05-06 05:50:02+00:00,1778046602000,9307,27.52386,53.26482,10.03799,70480,True,84.93002,3
20260506-031454,1778046614,2026-05-06 05:50:14+00:00,1778046614000,9319,27.52386,52.82137,10.03794,72618,True,78.12233,3
20260506-031454,1778046625,2026-05-06 05:50:25+00:00,1778046625000,9329,27.45033,53.01376,10.03791,66138,True,84.38745,3
20260506-031454,1778046637,2026-05-06 05:50:37+00:00,1778046637000,9341,27.52133,52.27625,10.03804,70897,True,85.0975,3
20260506-031454,1778046649,2026-05-06 05:50:49+00:00,1778046649000,9353,27.52386,52.72567,10.03822,72305,True,78.8397,3
20260506-031454,1778046661,2026-05-06 05:51:01+00:00,1778046661000,9365,27.52639,52.85515,10.03798,73318,True,74.67729,3
20260506-031454,1778046673,2026-05-06 05:51:13+00:00,1778046673000,9377,27.51879,52.32179,10.038,73446,True,72.74425,3
20260506-031454,1778046685,2026-05-06 05:51:25+00:00,1778046685000,9389,27.52639,51.65736,10.0379,75295,True,69.49222,3
20260506-031454,1778046697,2026-05-06 05:51:37+00:00,1778046697000,9401,27.53907,51.29672,10.03811,75499,True,67.76495,3
20260506-031454,1778046709,2026-05-06 05:51:49+00:00,1778046709000,9413,27.534,51.19135,10.03807,75635,True,67.2597,3
20260506-031454,1778046721,2026-05-06 05:52:01+00:00,1778046721000,9425,27.534,51.56146,10.038,75841,True,66.33915,3
20260506-031454,1778046733,2026-05-06 05:52:13+00:00,1778046733000,9437,27.53907,51.82211,10.0381,75567,True,67.52219,3
20260506-031454,1778046745,2026-05-06 05:52:25+00:00,1778046745000,9449,27.53654,52.14093,10.03813,75567,True,67.8434,3
20260506-031454,1778046757,2026-05-06 05:52:37+00:00,1778046757000,9461,27.54414,52.15419,10.03828,75431,True,68.12068,3
20260506-031454,1778046769,2026-05-06 05:52:49+00:00,1778046769000,9473,27.52893,52.07306,10.03816,75567,True,68.28101,3
20260506-031454,1778046781,2026-05-06 05:53:01+00:00,1778046781000,9485,27.534,51.73558,10.03817,75841,True,67.72182,3
20260506-031454,1778046794,2026-05-06 05:53:14+00:00,1778046794000,9498,27.58636,51.54416,10.03817,75635,True,67.76804,3
20260506-031454,1778046806,2026-05-06 05:53:26+00:00,1778046806000,9510,27.50357,52.18383,10.03823,68575,True,95.84016,3
20260506-031454,1778046816,2026-05-06 05:53:36+00:00,1778046816000,9521,27.44019,52.81762,10.0382,64310,True,100.47886,3
20260506-031454,1778046828,2026-05-06 05:53:48+00:00,1778046828000,9533,27.50357,52.59173,10.03809,70243,True,95.60541,3
20260506-031454,1778046840,2026-05-06 05:54:00+00:00,1778046840000,9545,27.51118,52.81371,10.038,72305,True,85.15911,3
20260506-031454,1778046852,2026-05-06 05:54:12+00:00,1778046852000,9557,27.51625,52.86438,10.03821,73382,True,78.42072,3
20260506-031454,1778046864,2026-05-06 05:54:24+00:00,1778046864000,9569,27.52639,52.58833,10.0383,73835,True,74.43048,3
20260506-031454,1778046876,2026-05-06 05:54:36+00:00,1778046876000,9581,27.52893,52.44922,10.03836,74492,True,72.06347,3
20260506-031454,1778046888,2026-05-06 05:54:48+00:00,1778046888000,9593,27.52386,52.53793,10.03817,74558,True,71.00195,3
20260506-031454,1778046900,2026-05-06 05:55:00+00:00,1778046900000,9605,27.52639,52.79205,10.03821,74293,True,70.70847,3
20260506-031454,1778046912,2026-05-06 05:55:12+00:00,1778046912000,9617,27.52639,53.04333,10.03833,74359,True,70.87928,3
20260506-031454,1778046924,2026-05-06 05:55:24+00:00,1778046924000,9629,27.53147,53.16464,10.03836,74425,True,70.58985,3
20260506-031454,1778046936,2026-05-06 05:55:36+00:00,1778046936000,9641,27.53654,53.21851,10.03846,74492,True,70.06425,3
20260506-031454,1778046948,2026-05-06 05:55:48+00:00,1778046948000,9653,27.53147,53.15822,10.03852,73965,True,70.32899,3
20260506-031454,1778046960,2026-05-06 05:56:00+00:00,1778046960000,9665,27.52893,53.25532,10.03827,74096,True,70.29246,3
20260506-031454,1778046972,2026-05-06 05:56:12+00:00,1778046972000,9677,27.534,53.31557,10.03844,74162,True,69.94366,3
20260506-031454,1778046984,2026-05-06 05:56:24+00:00,1778046984000,9689,27.534,53.25806,10.03865,74228,True,69.6814,3
20260506-031454,1778046996,2026-05-06 05:56:36+00:00,1778046996000,9701,27.53147,53.25283,10.03841,74162,True,69.39445,3
20260506-031454,1778047008,2026-05-06 05:56:48+00:00,1778047008000,9712,27.58769,53.07259,10.03835,74162,True,69.42452,3
20260506-031454,1778047020,2026-05-06 05:57:00+00:00,1778047020000,9724,27.51118,53.77559,10.03849,67743,True,94.75696,3
20260506-031454,1778047032,2026-05-06 05:57:12+00:00,1778047032000,9736,27.52133,53.93452,10.03853,70837,True,86.79919,3
20260506-031454,1778047044,2026-05-06 05:57:24+00:00,1778047044000,9748,27.53147,53.92413,10.03875,71747,True,80.36806,3
20260506-031454,1778047056,2026-05-06 05:57:36+00:00,1778047056000,9760,27.53147,53.74308,10.03856,72556,True,76.11882,3
20260506-031454,1778047068,2026-05-06 05:57:48+00:00,1778047068000,9772,27.52893,53.50047,10.03855,72871,True,73.65217,3
20260506-031454,1778047080,2026-05-06 05:58:00+00:00,1778047080000,9784,27.52133,53.54594,10.03838,73190,True,72.24499,3
20260506-031454,1778047092,2026-05-06 05:58:12+00:00,1778047092000,9796,27.53147,53.80094,10.03849,73062,True,71.9053,3
20260506-031454,1778047104,2026-05-06 05:58:24+00:00,1778047104000,9808,27.534,53.74714,10.03858,73382,True,71.1888,3
20260506-031454,1778047116,2026-05-06 05:58:36+00:00,1778047116000,9820,27.534,53.69235,10.03861,73318,True,70.44524,3
20260506-031454,1778047128,2026-05-06 05:58:48+00:00,1778047128000,9832,27.45033,54.62869,10.03833,64958,True,81.30378,3
20260506-031454,1778047140,2026-05-06 05:59:00+00:00,1778047140000,9844,27.51372,53.99651,10.03838,70125,True,87.10684,3
20260506-031454,1778047152,2026-05-06 05:59:12+00:00,1778047152000,9856,27.52386,53.52283,10.03829,72180,True,79.46801,3
20260506-031454,1778047164,2026-05-06 05:59:24+00:00,1778047164000,9868,27.52386,53.4016,10.0385,72808,True,74.3446,3
20260506-031454,1778047176,2026-05-06 05:59:36+00:00,1778047176000,9880,27.52639,53.5265,10.03841,73318,True,72.22926,3
20260506-031454,1778047188,2026-05-06 05:59:48+00:00,1778047188000,9892,27.43511,54.25512,10.03833,65009,True,82.22218,3
20260506-031454,1778047200,2026-05-06 06:00:00+00:00,1778047200000,9904,27.48582,53.9687,10.03842,65620,True,97.51012,3
20260506-031454,1778047212,2026-05-06 06:00:12+00:00,1778047212000,9916,27.51118,53.77963,10.0383,70125,True,89.69199,3
20260506-031454,1778047224,2026-05-06 06:00:24+00:00,1778047224000,9929,27.49343,53.90792,10.03846,67199,True,93.19276,3
20260506-031454,1778047236,2026-05-06 06:00:36+00:00,1778047236000,9941,27.51625,53.52371,10.03849,71017,True,85.68394,3
20260506-031454,1778047247,2026-05-06 06:00:47+00:00,1778047247000,9951,27.43004,53.94898,10.03825,65211,True,89.89268,3
20260506-031454,1778047259,2026-05-06 06:00:59+00:00,1778047259000,9963,27.41229,53.9171,10.0384,60413,True,103.02316,3
20260506-031454,1778047271,2026-05-06 06:01:11+00:00,1778047271000,9975,27.49597,53.297,10.03836,67963,True,100.74905,3
20260506-031454,1778047283,2026-05-06 06:01:23+00:00,1778047283000,9987,27.50865,53.29301,10.03835,70777,True,87.93875,3
20260506-031454,1778047293,2026-05-06 06:01:33+00:00,1778047293000,9998,27.43258,54.01929,10.03845,65211,True,91.554,3
20260506-031454,1778047305,2026-05-06 06:01:45+00:00,1778047305000,10010,27.50611,53.46204,10.03854,69891,True,90.22336,3
20260506-031454,1778047317,2026-05-06 06:01:57+00:00,1778047317000,10022,27.50611,53.38743,10.03829,71502,True,82.51018,3
20260506-031454,1778047329,2026-05-06 06:02:09+00:00,1778047329000,10034,27.51625,53.00008,10.03851,72493,True,76.8704,3
20260506-031454,1778047341,2026-05-06 06:02:21+00:00,1778047341000,10046,27.51372,52.85653,10.03838,73318,True,73.4332,3
20260506-031454,1778047353,2026-05-06 06:02:33+00:00,1778047353000,10058,27.52133,52.69863,10.03857,74162,True,71.05986,3
20260506-031454,1778047365,2026-05-06 06:02:45+00:00,1778047365000,10070,27.52639,52.57775,10.03842,74492,True,69.3411,3
20260506-031454,1778047377,2026-05-06 06:02:57+00:00,1778047377000,10082,27.52133,52.90607,10.03836,74359,True,69.13193,3
20260506-031454,1778047392,2026-05-06 06:03:12+00:00,1778047392000,10097,27.58528,52.76344,10.03852,74162,True,69.29306,3
20260506-031454,1778047404,2026-05-06 06:03:24+00:00,1778047404000,10109,27.4985,53.70831,10.03836,65775,True,102.76094,3
20260506-031454,1778047416,2026-05-06 06:03:36+00:00,1778047416000,10121,27.51118,53.40982,10.03837,70361,True,91.13225,3
20260506-031454,1778047428,2026-05-06 06:03:48+00:00,1778047428000,10133,27.51118,53.25212,10.03833,71441,True,82.81984,3
20260506-031454,1778047440,2026-05-06 06:04:00+00:00,1778047440000,10145,27.51879,53.03334,10.03851,72745,True,76.9,3
20260506-031454,1778047452,2026-05-06 06:04:12+00:00,1778047452000,10157,27.52639,52.79847,10.03858,73705,True,72.86301,3
20260506-031454,1778047464,2026-05-06 06:04:24+00:00,1778047464000,10169,27.52639,52.72971,10.0386,74162,True,70.99501,3
20260506-031454,1778047476,2026-05-06 06:04:36+00:00,1778047476000,10181,27.52386,52.73443,10.03861,74293,True,69.61032,3
20260506-031454,1778047488,2026-05-06 06:04:48+00:00,1778047488000,10193,27.58016,52.53899,10.03841,74958,True,68.7294,3
20260506-031454,1778047500,2026-05-06 06:05:00+00:00,1778047500000,10205,27.50104,52.61322,10.03847,68631,True,93.38495,3
20260506-031454,1778047512,2026-05-06 06:05:12+00:00,1778047512000,10217,27.50611,52.20238,10.03843,72305,True,83.76976,3
20260506-031454,1778047524,2026-05-06 06:05:24+00:00,1778047524000,10229,27.51372,52.12817,10.03864,73511,True,76.2089,3
20260506-031454,1778047536,2026-05-06 06:05:36+00:00,1778047536000,10241,27.51372,52.28056,10.03854,74293,True,71.68414,3
20260506-031454,1778047548,2026-05-06 06:05:48+00:00,1778047548000,10253,27.51118,52.48309,10.03851,74228,True,70.93961,3
20260506-031454,1778047560,2026-05-06 06:06:00+00:00,1778047560000,10265,27.51625,52.53588,10.03852,75025,True,69.19229,3
20260506-031454,1778047576,2026-05-06 06:06:16+00:00,1778047576000,10280,27.56804,52.29982,10.03855,75295,True,68.536,3
20260506-031454,1778047588,2026-05-06 06:06:28+00:00,1778047588000,10292,27.48329,52.91409,10.03845,66771,True,102.4487,3
20260506-031454,1778047600,2026-05-06 06:06:40+00:00,1778047600000,10304,27.49343,52.74982,10.03861,71078,True,90.98491,3
20260506-031454,1778047612,2026-05-06 06:06:52+00:00,1778047612000,10316,27.50357,52.63068,10.03885,72935,True,80.79999,3
20260506-031454,1778047625,2026-05-06 06:07:05+00:00,1778047625000,10329,27.41229,53.38132,10.03872,64558,True,89.20663,3
20260506-031454,1778047637,2026-05-06 06:07:17+00:00,1778047637000,10341,27.49597,52.792,10.0388,70067,True,91.83486,3
20260506-031454,1778047649,2026-05-06 06:07:29+00:00,1778047649000,10353,27.50611,52.81232,10.0387,72180,True,82.86679,3
20260506-031454,1778047661,2026-05-06 06:07:41+00:00,1778047661000,10365,27.51118,52.77321,10.03888,73835,True,75.80119,3
20260506-031454,1778047673,2026-05-06 06:07:53+00:00,1778047673000,10377,27.50865,52.68047,10.03889,74228,True,72.49323,3
20260506-031454,1778047685,2026-05-06 06:08:05+00:00,1778047685000,10389,27.50865,52.81572,10.03877,74228,True,71.13837,3
20260506-031454,1778047697,2026-05-06 06:08:17+00:00,1778047697000,10401,27.51372,52.80324,10.03911,74359,True,70.13828,3
20260506-031454,1778047709,2026-05-06 06:08:29+00:00,1778047709000,10413,27.51118,52.90507,10.03904,74758,True,69.16176,3
20260506-031454,1778047721,2026-05-06 06:08:41+00:00,1778047721000,10425,27.50611,52.95473,10.03887,74891,True,68.43747,3
20260506-031454,1778047733,2026-05-06 06:08:53+00:00,1778047733000,10437,27.51118,52.91816,10.03923,74691,True,67.87597,3
20260506-031454,1778047745,2026-05-06 06:09:05+00:00,1778047745000,10449,27.51118,52.87769,10.0392,75093,True,67.27856,3
20260506-031454,1778047757,2026-05-06 06:09:17+00:00,1778047757000,10461,27.50357,52.83276,10.03904,75295,True,66.55436,3
20260506-031454,1778047769,2026-05-06 06:09:29+00:00,1778047769000,10473,27.51118,52.67497,10.03914,75841,True,65.64112,3
20260506-031454,1778047781,2026-05-06 06:09:41+00:00,1778047781000,10485,27.51372,52.60776,10.03943,75295,True,65.65204,3
20260506-031454,1778047793,2026-05-06 06:09:53+00:00,1778047793000,10497,27.51118,52.57941,10.03925,75567,True,65.04058,3
20260506-031454,1778047805,2026-05-06 06:10:05+00:00,1778047805000,10509,27.50865,52.5784,10.03926,75635,True,65.28844,3
20260506-031454,1778047817,2026-05-06 06:10:17+00:00,1778047817000,10521,27.51118,52.53447,10.03946,76116,True,63.88385,3
20260506-031454,1778047829,2026-05-06 06:10:29+00:00,1778047829000,10533,27.51625,52.29245,10.03953,76464,True,63.37334,3
20260506-031454,1778047841,2026-05-06 06:10:41+00:00,1778047841000,10545,27.51879,51.98701,10.03948,76534,True,63.20037,3
20260506-031454,1778047853,2026-05-06 06:10:53+00:00,1778047853000,10557,27.51372,51.94794,10.03936,76394,True,62.86058,3
20260506-031454,1778047865,2026-05-06 06:11:05+00:00,1778047865000,10569,27.51372,51.92756,10.0394,77027,True,62.08582,3
20260506-031454,1778047877,2026-05-06 06:11:17+00:00,1778047877000,10581,27.50611,51.9313,10.03919,76956,True,61.68641,3
20260506-031454,1778047889,2026-05-06 06:11:29+00:00,1778047889000,10593,27.52133,51.80182,10.03964,77382,True,61.42405,3
20260506-031454,1778047901,2026-05-06 06:11:41+00:00,1778047901000,10605,27.52386,51.71895,10.03961,77311,True,61.14257,3
20260506-031454,1778047913,2026-05-06 06:11:53+00:00,1778047913000,10617,27.52133,52.20689,10.03954,77097,True,61.56148,3
20260506-031454,1778047925,2026-05-06 06:12:05+00:00,1778047925000,10629,27.51879,52.75866,10.03957,76744,True,63.11043,3
20260506-031454,1778047937,2026-05-06 06:12:17+00:00,1778047937000,10641,27.52133,52.7866,10.03975,76325,True,63.73088,3
20260506-031454,1778047949,2026-05-06 06:12:29+00:00,1778047949000,10653,27.51879,52.5658,10.03972,76186,True,64.6668,3
20260506-031454,1778047961,2026-05-06 06:12:41+00:00,1778047961000,10665,27.52639,52.50531,10.03986,76394,True,63.89151,3
20260506-031454,1778047973,2026-05-06 06:12:53+00:00,1778047973000,10677,27.52386,52.27852,10.03975,76674,True,62.98833,3
20260506-031454,1778047985,2026-05-06 06:13:05+00:00,1778047985000,10689,27.53147,51.99986,10.03975,76956,True,62.20152,3
20260506-031454,1778047997,2026-05-06 06:13:17+00:00,1778047997000,10701,27.52639,51.93372,10.03983,77027,True,61.8229,3
20260506-031454,1778048009,2026-05-06 06:13:29+00:00,1778048009000,10714,27.48836,52.0959,10.03957,72305,True,72.71985,3
20260506-031454,1778048019,2026-05-06 06:13:39+00:00,1778048019000,10724,27.43258,52.369,10.03962,67908,True,81.34902,3
20260506-031454,1778048031,2026-05-06 06:13:51+00:00,1778048031000,10736,27.50357,51.91536,10.03962,73318,True,80.52141,3
20260506-031454,1778048043,2026-05-06 06:14:03+00:00,1778048043000,10748,27.51879,52.07137,10.03992,75431,True,72.66502,3
20260506-031454,1778048055,2026-05-06 06:14:15+00:00,1778048055000,10760,27.51372,52.05796,10.0397,75704,True,68.47172,3
20260506-031454,1778048067,2026-05-06 06:14:27+00:00,1778048067000,10772,27.51372,51.97257,10.03973,76394,True,66.32661,3
20260506-031454,1778048079,2026-05-06 06:14:39+00:00,1778048079000,10784,27.51625,51.99916,10.03977,76744,True,64.11857,3
20260506-031454,1778048092,2026-05-06 06:14:52+00:00,1778048092000,10796,27.48836,52.17918,10.03975,72681,True,73.53236,3
20260506-031454,1778048104,2026-05-06 06:15:04+00:00,1778048104000,10808,27.51118,51.89956,10.03983,75093,True,72.52356,3
20260506-031454,1778048116,2026-05-06 06:15:16+00:00,1778048116000,10820,27.50611,52.14567,10.03977,75910,True,68.42516,3
20260506-031454,1778048128,2026-05-06 06:15:28+00:00,1778048128000,10832,27.51879,52.07908,10.04001,76186,True,66.56723,3
20260506-031454,1778048140,2026-05-06 06:15:40+00:00,1778048140000,10844,27.51625,51.95482,10.03984,76604,True,64.4956,3
20260506-031454,1778048152,2026-05-06 06:15:52+00:00,1778048152000,10856,27.51118,51.98057,10.03978,77240,True,63.11049,3
20260506-031454,1778048164,2026-05-06 06:16:04+00:00,1778048164000,10868,27.51118,52.30716,10.03978,77027,True,63.14532,3
20260506-031454,1778048176,2026-05-06 06:16:16+00:00,1778048176000,10880,27.51118,52.27544,10.03995,76815,True,63.12415,3
20260506-031454,1778048188,2026-05-06 06:16:28+00:00,1778048188000,10892,27.52386,52.17518,10.04007,76815,True,63.36297,3
20260506-031454,1778048200,2026-05-06 06:16:40+00:00,1778048200000,10904,27.51372,52.19023,10.04,76956,True,62.97752,3
20260506-031454,1778048212,2026-05-06 06:16:52+00:00,1778048212000,10916,27.51625,52.09656,10.04014,76815,True,63.25752,3
20260506-031454,1778048224,2026-05-06 06:17:04+00:00,1778048224000,10928,27.51625,52.0405,10.04012,77027,True,62.4272,3
20260506-031454,1778048236,2026-05-06 06:17:16+00:00,1778048236000,10940,27.51879,52.13958,10.04015,77027,True,61.61609,3
20260506-031454,1778048248,2026-05-06 06:17:28+00:00,1778048248000,10952,27.51625,52.19941,10.04009,77169,True,62.05122,3
20260506-031454,1778048260,2026-05-06 06:17:40+00:00,1778048260000,10964,27.52639,52.03286,10.04025,76956,True,61.84517,3
20260506-031454,1778048272,2026-05-06 06:17:52+00:00,1778048272000,10976,27.52133,51.95187,10.04021,77814,True,60.17542,3
20260506-031454,1778048285,2026-05-06 06:18:05+00:00,1778048285000,10989,27.57622,51.74785,10.04008,77886,True,59.82574,3
20260506-031454,1778048298,2026-05-06 06:18:18+00:00,1778048298000,11002,27.46807,52.40711,10.04034,64211,True,100.27606,3
20260506-031454,1778048310,2026-05-06 06:18:30+00:00,1778048310000,11014,27.50357,51.94399,10.04025,71381,True,92.10933,3
20260506-031454,1778048322,2026-05-06 06:18:42+00:00,1778048322000,11027,27.48075,52.18177,10.04042,69428,True,92.67966,3
20260506-031454,1778048334,2026-05-06 06:18:54+00:00,1778048334000,11039,27.4985,51.98998,10.04026,73190,True,83.35347,3
20260506-031454,1778048346,2026-05-06 06:19:06+00:00,1778048346000,11051,27.50865,51.93591,10.04035,75093,True,74.60677,3
20260506-031454,1778048358,2026-05-06 06:19:18+00:00,1778048358000,11063,27.50611,51.85266,10.04019,75772,True,69.94393,3
20260506-031454,1778048370,2026-05-06 06:19:30+00:00,1778048370000,11075,27.51879,51.86998,10.04055,76464,True,66.90993,3
20260506-031454,1778048382,2026-05-06 06:19:42+00:00,1778048382000,11087,27.52133,51.73781,10.04049,76674,True,64.93507,3
20260506-031454,1778048394,2026-05-06 06:19:54+00:00,1778048394000,11099,27.51118,51.94329,10.04055,77240,True,63.32057,3
20260506-031454,1778048406,2026-05-06 06:20:06+00:00,1778048406000,11111,27.51118,52.19539,10.04031,76534,True,63.95592,3
20260506-031454,1778048418,2026-05-06 06:20:18+00:00,1778048418000,11123,27.51625,52.14189,10.04039,77311,True,62.95943,3
20260506-031454,1778048430,2026-05-06 06:20:30+00:00,1778048430000,11135,27.51625,51.92625,10.04039,77311,True,62.63432,3
20260506-031454,1778048442,2026-05-06 06:20:42+00:00,1778048442000,11147,27.51879,51.71831,10.04071,77598,True,61.48184,3
20260506-031454,1778048454,2026-05-06 06:20:54+00:00,1778048454000,11159,27.57551,51.51964,10.04068,77598,True,61.2384,3
20260506-031454,1778048466,2026-05-06 06:21:06+00:00,1778048466000,11171,27.4909,51.66685,10.04062,70957,True,87.83846,3
20260506-031454,1778048479,2026-05-06 06:21:19+00:00,1778048479000,11184,27.54833,51.47815,10.04072,72556,True,85.64514,3
20260506-031454,1778048491,2026-05-06 06:21:31+00:00,1778048491000,11196,27.48075,51.67017,10.0407,68351,True,103.65993,3
20260506-031454,1778048513,2026-05-06 06:21:53+00:00,1778048513000,11217,27.54242,51.39994,10.04056,69833,True,100.11855,3
20260506-031454,1778048525,2026-05-06 06:22:05+00:00,1778048525000,11229,27.46047,51.99513,10.04085,63194,True,127.89388,3
20260506-031454,1778048537,2026-05-06 06:22:17+00:00,1778048537000,11241,27.48075,51.70196,10.04098,69775,True,105.48306,3
20260506-031454,1778048549,2026-05-06 06:22:29+00:00,1778048549000,11253,27.48329,51.57204,10.04076,72493,True,88.55319,3
20260506-031454,1778048561,2026-05-06 06:22:41+00:00,1778048561000,11265,27.4909,51.55779,10.041,74031,True,79.38345,3
20260506-031454,1778048573,2026-05-06 06:22:53+00:00,1778048573000,11277,27.48582,51.62808,10.04076,75093,True,74.08765,3
20260506-031454,1778048585,2026-05-06 06:23:05+00:00,1778048585000,11289,27.48836,51.59102,10.04078,75841,True,70.37088,3
20260506-031454,1778048597,2026-05-06 06:23:17+00:00,1778048597000,11301,27.48836,51.97503,10.04077,76186,True,68.45488,3
20260506-031454,1778048609,2026-05-06 06:23:29+00:00,1778048609000,11313,27.4909,52.29763,10.04084,76116,True,67.85589,3
20260506-031454,1778048621,2026-05-06 06:23:41+00:00,1778048621000,11325,27.49597,52.36627,10.04101,76116,True,67.5078,3
20260506-031454,1778048633,2026-05-06 06:23:53+00:00,1778048633000,11337,27.49343,52.22581,10.04094,76744,True,65.69565,3
20260506-031454,1778048645,2026-05-06 06:24:05+00:00,1778048645000,11349,27.4985,51.87505,10.04109,76885,True,64.20377,3
20260506-031454,1778048657,2026-05-06 06:24:17+00:00,1778048657000,11361,27.50357,51.61024,10.04113,77169,True,63.00493,3
20260506-031454,1778048669,2026-05-06 06:24:29+00:00,1778048669000,11373,27.50357,51.76924,10.04112,77240,True,62.1783,3
20260506-031454,1778048681,2026-05-06 06:24:41+00:00,1778048681000,11385,27.50104,51.77588,10.04109,77097,True,61.98018,3
20260506-031454,1778048693,2026-05-06 06:24:53+00:00,1778048693000,11397,27.50357,51.66075,10.04119,77526,True,61.21436,3
20260506-031454,1778048705,2026-05-06 06:25:05+00:00,1778048705000,11409,27.50611,51.7221,10.04114,77742,True,61.06683,3
20260506-031454,1778048717,2026-05-06 06:25:17+00:00,1778048717000,11421,27.50611,51.63704,10.04123,78104,True,60.68126,3
20260506-031454,1778048729,2026-05-06 06:25:29+00:00,1778048729000,11433,27.50357,51.61113,10.04113,78104,True,60.03933,3
20260506-031454,1778048742,2026-05-06 06:25:42+00:00,1778048742000,11447,27.55593,51.40812,10.04109,78397,True,59.57371,3
20260506-031454,1778048752,2026-05-06 06:25:52+00:00,1778048752000,11457,27.39961,52.28543,10.0411,62301,True,92.07829,3
20260506-031454,1778048764,2026-05-06 06:26:04+00:00,1778048764000,11469,27.47822,51.50941,10.04117,70837,True,94.99908,3
20260506-031454,1778048776,2026-05-06 06:26:16+00:00,1778048776000,11481,27.49597,51.60617,10.04135,74162,True,81.52237,3
20260506-031454,1778048788,2026-05-06 06:26:28+00:00,1778048788000,11493,27.49343,51.99928,10.04115,75841,True,72.66413,3
20260506-031454,1778048800,2026-05-06 06:26:40+00:00,1778048800000,11505,27.49597,52.0771,10.04129,76116,True,68.92024,3
20260506-031454,1778048812,2026-05-06 06:26:52+00:00,1778048812000,11517,27.50357,51.79409,10.04136,76815,True,65.80589,3
20260506-031454,1778048824,2026-05-06 06:27:04+00:00,1778048824000,11529,27.49597,51.52729,10.04129,77240,True,63.90178,3
20260506-031454,1778048836,2026-05-06 06:27:16+00:00,1778048836000,11541,27.50357,51.58988,10.04124,77598,True,62.55226,3
20260506-031454,1778048848,2026-05-06 06:27:28+00:00,1778048848000,11553,27.50357,51.65128,10.04126,77382,True,62.36753,3
20260506-031454,1778048860,2026-05-06 06:27:40+00:00,1778048860000,11565,27.50357,51.52318,10.04127,77814,True,61.63791,3
20260506-031454,1778048872,2026-05-06 06:27:52+00:00,1778048872000,11577,27.50104,51.6403,10.04125,77959,True,60.72253,3
20260506-031454,1778048885,2026-05-06 06:28:05+00:00,1778048885000,11589,27.47315,51.90088,10.04112,73126,True,71.37196,3
20260506-031454,1778048897,2026-05-06 06:28:17+00:00,1778048897000,11601,27.4985,51.4011,10.04125,76534,True,68.98534,3
20260506-031454,1778048909,2026-05-06 06:28:29+00:00,1778048909000,11613,27.49597,51.18877,10.04115,78177,True,63.2663,3
20260506-031454,1778048921,2026-05-06 06:28:41+00:00,1778048921000,11625,27.50357,51.20813,10.04129,78323,True,61.06941,3
20260506-031454,1778048933,2026-05-06 06:28:53+00:00,1778048933000,11637,27.50357,51.39295,10.04126,77959,True,60.72212,3
20260506-031454,1778048945,2026-05-06 06:29:05+00:00,1778048945000,11649,27.50611,51.4346,10.0413,78323,True,60.57512,3
20260506-031454,1778048957,2026-05-06 06:29:17+00:00,1778048957000,11661,27.50865,51.35089,10.04139,78177,True,60.04618,3
20260506-031454,1778048969,2026-05-06 06:29:29+00:00,1778048969000,11673,27.50611,51.41881,10.04151,78988,True,58.96473,3
20260506-031454,1778048981,2026-05-06 06:29:41+00:00,1778048981000,11685,27.50865,51.38233,10.04137,78988,True,58.06778,3
20260506-031454,1778048993,2026-05-06 06:29:53+00:00,1778048993000,11697,27.50611,51.26304,10.04135,78691,True,58.15544,3
20260506-031454,1778049005,2026-05-06 06:30:05+00:00,1778049005000,11709,27.50357,51.26957,10.04145,78691,True,58.60302,3
20260506-031454,1778049017,2026-05-06 06:30:17+00:00,1778049017000,11721,27.50104,51.18871,10.04125,79137,True,58.0398,3
20260506-031454,1778049029,2026-05-06 06:30:29+00:00,1778049029000,11733,27.50357,51.23593,10.04142,78988,True,58.11997,3
20260506-031454,1778049041,2026-05-06 06:30:41+00:00,1778049041000,11745,27.50104,51.42123,10.04143,79212,True,57.67316,3
20260506-031454,1778049053,2026-05-06 06:30:53+00:00,1778049053000,11757,27.50865,51.18177,10.04157,78914,True,57.71639,3
20260506-031454,1778049064,2026-05-06 06:31:04+00:00,1778049064000,11769,27.40722,51.85934,10.04128,70302,True,68.54886,3
20260506-031454,1778049076,2026-05-06 06:31:16+00:00,1778049076000,11781,27.48836,51.21097,10.04149,75567,True,74.44176,3
20260506-031454,1778049088,2026-05-06 06:31:28+00:00,1778049088000,11793,27.50357,51.13304,10.04164,77454,True,67.38934,3
20260506-031454,1778049100,2026-05-06 06:31:40+00:00,1778049100000,11805,27.50104,51.20627,10.0416,78031,True,63.89553,3
20260506-031454,1778049112,2026-05-06 06:31:52+00:00,1778049112000,11817,27.50104,51.18806,10.04166,78397,True,61.65081,3
20260506-031454,1778049124,2026-05-06 06:32:04+00:00,1778049124000,11829,27.50104,51.47071,10.04153,78544,True,59.98495,3
20260506-031454,1778049136,2026-05-06 06:32:16+00:00,1778049136000,11841,27.51118,51.466,10.04182,78544,True,59.55135,3
20260506-031454,1778049148,2026-05-06 06:32:28+00:00,1778049148000,11853,27.50357,51.53374,10.04164,78765,True,58.7964,3
20260506-031454,1778049160,2026-05-06 06:32:40+00:00,1778049160000,11865,27.50104,51.52391,10.04166,78765,True,58.6648,3
20260506-031454,1778049172,2026-05-06 06:32:52+00:00,1778049172000,11877,27.50104,51.40377,10.04153,78914,True,58.2449,3
20260506-031454,1778049184,2026-05-06 06:33:04+00:00,1778049184000,11889,27.50611,51.27906,10.04163,78839,True,58.01272,3
20260506-031454,1778049196,2026-05-06 06:33:16+00:00,1778049196000,11901,27.50104,51.1761,10.04157,79063,True,57.3275,3
20260506-031454,1778049208,2026-05-06 06:33:28+00:00,1778049208000,11913,27.50357,51.2335,10.04164,79137,True,57.00151,3
20260506-031454,1778049219,2026-05-06 06:33:39+00:00,1778049219000,11923,27.43004,51.84426,10.04145,72305,True,65.70498,3
20260506-031454,1778049231,2026-05-06 06:33:51+00:00,1778049231000,11935,27.4985,51.21199,10.04154,76674,True,69.25466,3
20260506-031454,1778049243,2026-05-06 06:34:03+00:00,1778049243000,11947,27.50865,51.2866,10.04179,77670,True,64.93494,3
20260506-031454,1778049255,2026-05-06 06:34:15+00:00,1778049255000,11959,27.50865,51.43642,10.04148,77959,True,61.64497,3
20260506-031454,1778049267,2026-05-06 06:34:27+00:00,1778049267000,11971,27.51372,51.34126,10.04149,78691,True,59.73995,3
20260506-031454,1778049279,2026-05-06 06:34:39+00:00,1778049279000,11983,27.51118,51.26946,10.04164,78691,True,59.05238,3
20260506-031454,1778049291,2026-05-06 06:34:51+00:00,1778049291000,11995,27.50865,51.24522,10.0416,78988,True,58.15788,3
20260506-031454,1778049303,2026-05-06 06:35:03+00:00,1778049303000,12007,27.51372,51.20737,10.04146,79362,True,57.24347,3
20260506-031454,1778049315,2026-05-06 06:35:15+00:00,1778049315000,12019,27.50865,51.09781,10.04157,79438,True,57.10159,3
20260506-031454,1778049327,2026-05-06 06:35:27+00:00,1778049327000,12031,27.50865,51.02032,10.04148,79664,True,56.50341,3
20260506-031454,1778049339,2026-05-06 06:35:39+00:00,1778049339000,12043,27.50865,51.17014,10.04143,79438,True,56.21715,3
20260506-031454,1778049351,2026-05-06 06:35:51+00:00,1778049351000,12055,27.51118,51.32301,10.04159,79063,True,56.9672,3
20260506-031454,1778049363,2026-05-06 06:36:03+00:00,1778049363000,12067,27.50611,51.1912,10.04151,79287,True,57.40004,3
20260506-031454,1778049375,2026-05-06 06:36:15+00:00,1778049375000,12079,27.41483,51.8998,10.04145,70008,True,68.41825,3
20260506-031454,1778049387,2026-05-06 06:36:27+00:00,1778049387000,12091,27.49343,51.14104,10.04137,75704,True,74.24941,3
20260506-031454,1778049399,2026-05-06 06:36:39+00:00,1778049399000,12103,27.50357,51.06704,10.04147,77670,True,67.10637,3
20260506-031454,1778049411,2026-05-06 06:36:51+00:00,1778049411000,12115,27.49597,51.08879,10.04152,78397,True,62.59574,3
20260506-031454,1778049423,2026-05-06 06:37:03+00:00,1778049423000,12127,27.50104,51.06165,10.04155,78470,True,60.26818,3
20260506-031454,1778049435,2026-05-06 06:37:15+00:00,1778049435000,12139,27.50611,51.07993,10.04153,79137,True,58.87721,3
20260506-031454,1778049447,2026-05-06 06:37:27+00:00,1778049447000,12151,27.50357,51.13947,10.04134,79740,True,57.65948,3
20260506-031454,1778049459,2026-05-06 06:37:39+00:00,1778049459000,12163,27.50611,51.24459,10.04156,79362,True,57.38678,3
20260506-031454,1778049471,2026-05-06 06:37:51+00:00,1778049471000,12175,27.50611,51.18507,10.04153,79589,True,57.12222,3
20260506-031454,1778049483,2026-05-06 06:38:03+00:00,1778049483000,12187,27.50357,51.12327,10.04142,79740,True,56.29939,3
20260506-031454,1778049495,2026-05-06 06:38:15+00:00,1778049495000,12199,27.50357,51.02835,10.04142,79969,True,55.81359,3
20260506-031454,1778049507,2026-05-06 06:38:27+00:00,1778049507000,12211,27.50357,51.03399,10.04138,79362,True,56.23383,3
20260506-031454,1778049519,2026-05-06 06:38:39+00:00,1778049519000,12223,27.50357,51.09008,10.04171,80122,True,55.22164,3
20260506-031454,1778049531,2026-05-06 06:38:51+00:00,1778049531000,12235,27.4985,51.14362,10.04163,79740,True,55.78121,3
20260506-031454,1778049543,2026-05-06 06:39:03+00:00,1778049543000,12247,27.49597,51.17712,10.04159,80045,True,55.62824,3
20260506-031454,1778049555,2026-05-06 06:39:15+00:00,1778049555000,12259,27.49597,51.1773,10.04161,79740,True,56.48379,3
20260506-031454,1778049567,2026-05-06 06:39:27+00:00,1778049567000,12271,27.50611,50.96121,10.04183,80045,True,55.39088,3
20260506-031454,1778049579,2026-05-06 06:39:39+00:00,1778049579000,12283,27.50357,50.91223,10.0415,80198,True,54.85188,3
20260506-031454,1778049591,2026-05-06 06:39:51+00:00,1778049591000,12295,27.50357,50.92333,10.04168,80198,True,54.51915,3
20260506-031454,1778049603,2026-05-06 06:40:03+00:00,1778049603000,12307,27.50865,50.98084,10.04165,80429,True,54.26691,3
20260506-031454,1778049615,2026-05-06 06:40:15+00:00,1778049615000,12319,27.50357,51.0761,10.04168,79816,True,54.87289,3
20260506-031454,1778049644,2026-05-06 06:40:44+00:00,1778049644000,12349,27.57188,50.87727,10.0418,80122,True,54.82998,3
20260506-031454,1778049656,2026-05-06 06:40:56+00:00,1778049656000,12361,27.45793,51.47333,10.04181,64458,True,115.95572,3
20260506-031454,1778049669,2026-05-06 06:41:09+00:00,1778049669000,12374,27.51283,51.23299,10.04174,66878,True,113.6385,3
20260506-031454,1778049683,2026-05-06 06:41:23+00:00,1778049683000,12387,27.41424,52.05047,10.04179,57907,True,125.39931,3
20260506-031454,1778049695,2026-05-06 06:41:35+00:00,1778049695000,12399,27.43765,51.62088,10.04187,62909,True,138.79312,3
20260506-031454,1778049707,2026-05-06 06:41:47+00:00,1778049707000,12411,27.46807,51.33618,10.04185,69833,True,109.89742,3
20260506-031454,1778049719,2026-05-06 06:41:59+00:00,1778049719000,12423,27.47822,51.27637,10.04185,73446,True,89.38185,3
20260506-031454,1778049730,2026-05-06 06:42:10+00:00,1778049730000,12434,27.53101,51.23951,10.04192,73835,True,85.9483,3
20260506-031454,1778049742,2026-05-06 06:42:22+00:00,1778049742000,12446,27.45793,51.7062,10.04183,69543,True,99.86166,3
20260506-031454,1778049754,2026-05-06 06:42:34+00:00,1778049754000,12458,27.46807,51.4456,10.04181,73446,True,87.17683,3
20260506-031454,1778049766,2026-05-06 06:42:46+00:00,1778049766000,12470,27.48075,51.30206,10.04186,75431,True,76.54145,3
20260506-031454,1778049778,2026-05-06 06:42:58+00:00,1778049778000,12482,27.48075,51.21357,10.04181,76464,True,70.47549,3
20260506-031454,1778049790,2026-05-06 06:43:10+00:00,1778049790000,12494,27.48582,51.07291,10.04187,77097,True,66.67091,3
20260506-031454,1778049802,2026-05-06 06:43:22+00:00,1778049802000,12506,27.48582,50.87722,10.04187,78104,True,63.12572,3
20260506-031454,1778049828,2026-05-06 06:43:48+00:00,1778049828000,12532,27.54337,50.687,10.04169,78250,True,62.56692,3
20260506-031454,1778049840,2026-05-06 06:44:00+00:00,1778049840000,12544,27.44525,51.20444,10.04175,65313,True,114.20341,3
20260506-031454,1778049852,2026-05-06 06:44:12+00:00,1778049852000,12556,27.46807,50.88938,10.0418,71441,True,98.71941,3
20260506-031454,1778049864,2026-05-06 06:44:24+00:00,1778049864000,12568,27.47822,50.69781,10.04178,74891,True,82.81448,3
20260506-031454,1778049876,2026-05-06 06:44:36+00:00,1778049876000,12581,27.52753,50.52941,10.04177,75567,True,79.57025,3
20260506-031454,1778049888,2026-05-06 06:44:48+00:00,1778049888000,12593,27.463,51.12039,10.04208,70008,True,98.43909,3
20260506-031454,1778049900,2026-05-06 06:45:00+00:00,1778049900000,12605,27.47315,51.23313,10.04184,74359,True,85.22069,3
20260506-031454,1778049912,2026-05-06 06:45:12+00:00,1778049912000,12617,27.47568,51.14282,10.04195,75704,True,76.16312,3
20260506-031454,1778049924,2026-05-06 06:45:24+00:00,1778049924000,12629,27.48329,50.91756,10.04202,77169,True,69.56291,3
20260506-031454,1778049935,2026-05-06 06:45:35+00:00,1778049935000,12639,27.40215,51.51649,10.04199,69659,True,76.93749,3
20260506-031454,1778049947,2026-05-06 06:45:47+00:00,1778049947000,12651,27.47315,50.88857,10.04189,74758,True,79.26311,3
20260506-031454,1778049959,2026-05-06 06:45:59+00:00,1778049959000,12663,27.48582,50.80439,10.04205,76815,True,71.49878,3
20260506-031454,1778049971,2026-05-06 06:46:11+00:00,1778049971000,12675,27.48836,50.77268,10.04202,77814,True,65.92489,3
20260506-031454,1778049982,2026-05-06 06:46:22+00:00,1778049982000,12686,27.53833,50.63866,10.04203,78031,True,65.04602,3
20260506-031454,1778049994,2026-05-06 06:46:34+00:00,1778049994000,12698,27.47061,50.98547,10.04196,72681,True,86.06742,3
20260506-031454,1778050015,2026-05-06 06:46:55+00:00,1778050015000,12719,27.53467,50.69291,10.04193,73900,True,83.98058,3
20260506-031454,1778050027,2026-05-06 06:47:07+00:00,1778050027000,12731,27.45033,51.15333,10.04193,66138,True,116.81911,3
20260506-031454,1778050040,2026-05-06 06:47:20+00:00,1778050040000,12744,27.50776,50.89218,10.04204,67963,True,112.93457,3
20260506-031454,1778050056,2026-05-06 06:47:36+00:00,1778050056000,12760,27.41339,51.66654,10.04218,58801,True,123.74651,3
20260506-031454,1778050068,2026-05-06 06:47:48+00:00,1778050068000,12772,27.43258,50.9048,10.04188,62627,True,140.89145,3
20260506-031454,1778050080,2026-05-06 06:48:00+00:00,1778050080000,12784,27.49399,50.65871,10.04214,65009,True,133.71561,3
20260506-031454,1778050092,2026-05-06 06:48:12+00:00,1778050092000,12796,27.43258,50.90324,10.04188,65775,True,128.27872,3
20260506-031454,1778050104,2026-05-06 06:48:24+00:00,1778050104000,12808,27.46554,50.71716,10.04202,71320,True,103.15863,3
20260506-031454,1778050116,2026-05-06 06:48:36+00:00,1778050116000,12820,27.463,50.73964,10.042,74031,True,86.46988,3
20260506-031454,1778050128,2026-05-06 06:48:48+00:00,1778050128000,12832,27.47822,50.6178,10.0424,75704,True,76.94495,3
20260506-031454,1778050140,2026-05-06 06:49:00+00:00,1778050140000,12844,27.48075,50.47027,10.04218,76744,True,70.98434,3
20260506-031454,1778050152,2026-05-06 06:49:12+00:00,1778050152000,12856,27.47822,50.47437,10.04213,77670,True,67.30179,3
20260506-031454,1778050164,2026-05-06 06:49:24+00:00,1778050164000,12868,27.48836,50.45342,10.04228,78177,True,64.76494,3
20260506-031454,1778050176,2026-05-06 06:49:36+00:00,1778050176000,12880,27.48836,50.51247,10.04216,78617,True,63.00012,3
20260506-031454,1778050188,2026-05-06 06:49:48+00:00,1778050188000,12892,27.48582,50.76215,10.04215,78691,True,61.68763,3
20260506-031454,1778050200,2026-05-06 06:50:00+00:00,1778050200000,12904,27.48836,50.78961,10.04217,79287,True,60.26179,3
20260506-031454,1778050212,2026-05-06 06:50:12+00:00,1778050212000,12916,27.49597,50.65835,10.04221,79137,True,60.11316,3
20260506-031454,1778050224,2026-05-06 06:50:24+00:00,1778050224000,12928,27.4909,50.45002,10.04218,80045,True,58.27509,3
20260506-031454,1778050236,2026-05-06 06:50:36+00:00,1778050236000,12940,27.49343,50.58928,10.04229,79513,True,58.06762,3
20260506-031454,1778050248,2026-05-06 06:50:48+00:00,1778050248000,12952,27.50611,50.77093,10.04227,80045,True,57.0459,3
20260506-031454,1778050260,2026-05-06 06:51:00+00:00,1778050260000,12964,27.49343,50.63749,10.04208,80122,True,56.58682,3
20260506-031454,1778050272,2026-05-06 06:51:12+00:00,1778050272000,12976,27.49597,50.63075,10.04226,79892,True,56.74686,3
20260506-031454,1778050284,2026-05-06 06:51:24+00:00,1778050284000,12988,27.49597,50.55014,10.04221,80429,True,55.40494,3
20260506-031454,1778050296,2026-05-06 06:51:36+00:00,1778050296000,13000,27.4985,50.39051,10.04221,80584,True,54.80183,3
20260506-031454,1778050308,2026-05-06 06:51:48+00:00,1778050308000,13012,27.50357,50.38886,10.04233,80429,True,54.76741,3
20260506-031454,1778050320,2026-05-06 06:52:00+00:00,1778050320000,13024,27.50104,50.42332,10.04215,80974,True,53.70329,3
20260506-031454,1778050332,2026-05-06 06:52:12+00:00,1778050332000,13037,27.47061,50.78857,10.04228,75978,True,64.87891,3
20260506-031454,1778050344,2026-05-06 06:52:24+00:00,1778050344000,13049,27.49343,50.59905,10.04231,79137,True,63.62231,3
20260506-031454,1778050356,2026-05-06 06:52:36+00:00,1778050356000,13061,27.4985,50.48996,10.04232,80045,True,59.38609,3
20260506-031454,1778050399,2026-05-06 06:53:19+00:00,1778050399000,13104,27.56049,50.28487,10.04225,80045,True,58.62784,3
20260506-031454,1778050411,2026-05-06 06:53:31+00:00,1778050411000,13116,27.43258,50.89364,10.04226,61163,True,134.45346,3
20260506-031454,1778050423,2026-05-06 06:53:43+00:00,1778050423000,13128,27.45793,50.57616,10.04237,69370,True,114.13478,3
20260506-031454,1778050435,2026-05-06 06:53:55+00:00,1778050435000,13140,27.46807,50.44695,10.04248,73575,True,92.19118,3
20260506-031454,1778050447,2026-05-06 06:54:07+00:00,1778050447000,13152,27.47568,50.43477,10.04255,75978,True,78.84874,3
20260506-031454,1778050459,2026-05-06 06:54:19+00:00,1778050459000,13164,27.47568,50.42184,10.04232,77382,True,71.13112,3
20260506-031454,1778050471,2026-05-06 06:54:31+00:00,1778050471000,13176,27.48329,50.27093,10.04253,78104,True,66.26598,3
20260506-031454,1778050483,2026-05-06 06:54:43+00:00,1778050483000,13188,27.4909,50.20714,10.0426,78914,True,62.7881,3
20260506-031454,1778050495,2026-05-06 06:54:55+00:00,1778050495000,13200,27.4909,50.16802,10.04265,79740,True,60.2481,3
20260506-031454,1778050507,2026-05-06 06:55:07+00:00,1778050507000,13212,27.48836,50.28819,10.04263,80122,True,58.60782,3
20260506-031454,1778050520,2026-05-06 06:55:20+00:00,1778050520000,13225,27.54579,50.21404,10.0426,79740,True,58.68571,3
20260506-031454,1778050532,2026-05-06 06:55:32+00:00,1778050532000,13237,27.47061,50.82946,10.04284,72430,True,87.09571,3
20260506-031454,1778050544,2026-05-06 06:55:44+00:00,1778050544000,13249,27.48075,50.66225,10.04274,76394,True,77.06862,3
20260506-031454,1778050554,2026-05-06 06:55:54+00:00,1778050554000,13259,27.53472,50.46593,10.04265,77382,True,74.03237,3
20260506-031454,1778050566,2026-05-06 06:56:06+00:00,1778050566000,13271,27.46554,50.62966,10.04281,73318,True,87.18472,3
20260506-031454,1778050578,2026-05-06 06:56:18+00:00,1778050578000,13283,27.47822,50.48424,10.04298,77097,True,75.43674,3
20260506-031454,1778050590,2026-05-06 06:56:30+00:00,1778050590000,13295,27.48329,50.62847,10.04274,78323,True,67.27468,3
20260506-031454,1778050602,2026-05-06 06:56:42+00:00,1778050602000,13307,27.48582,50.66946,10.04303,78914,True,62.90221,3
20260506-031454,1778050614,2026-05-06 06:56:54+00:00,1778050614000,13319,27.4909,50.51212,10.04294,79664,True,59.80296,3
20260506-031454,1778050626,2026-05-06 06:57:06+00:00,1778050626000,13331,27.48836,50.41739,10.043,80352,True,57.87687,3
20260506-031454,1778050725,2026-05-06 06:58:45+00:00,1778050725000,13429,27.41483,50.86226,10.04363,51593,True,182.38875,3
20260506-031454,1778050742,2026-05-06 06:59:02+00:00,1778050742000,13447,27.47518,50.65246,10.04357,54800,True,178.94493,3
20260506-031454,1778050754,2026-05-06 06:59:14+00:00,1778050754000,13459,27.41736,50.92123,10.04376,57947,True,174.82153,3
20260506-031454,1778050767,2026-05-06 06:59:27+00:00,1778050767000,13471,27.34383,51.40045,10.04379,55897,True,164.95312,3
20260506-031454,1778050780,2026-05-06 06:59:40+00:00,1778050780000,13484,27.45958,50.8591,10.04382,58967,True,159.92175,3
20260506-031454,1778050793,2026-05-06 06:59:53+00:00,1778050793000,13498,27.39149,51.25775,10.04385,52863,True,166.7218,3
20260506-031454,1778050805,2026-05-06 07:00:05+00:00,1778050805000,13510,27.42243,50.64891,10.04407,59639,True,164.03185,3
20260506-031454,1778050817,2026-05-06 07:00:17+00:00,1778050817000,13522,27.43765,50.53755,10.04405,67146,True,127.80202,3
20260506-031454,1778050829,2026-05-06 07:00:29+00:00,1778050829000,13534,27.44779,50.45786,10.044,71078,True,103.1805,3
20260506-031454,1778050841,2026-05-06 07:00:41+00:00,1778050841000,13546,27.46047,50.43029,10.04417,73446,True,88.75354,3
20260506-031454,1778050853,2026-05-06 07:00:53+00:00,1778050853000,13558,27.463,50.45045,10.04414,75499,True,79.59329,3
20260506-031454,1778050865,2026-05-06 07:01:05+00:00,1778050865000,13570,27.463,50.47147,10.04405,76255,True,74.81924,3
20260506-031454,1778050877,2026-05-06 07:01:17+00:00,1778050877000,13582,27.47568,50.46738,10.04428,76956,True,70.67664,3
20260506-031454,1778050889,2026-05-06 07:01:29+00:00,1778050889000,13594,27.48329,50.45127,10.04438,77814,True,67.66374,3
20260506-031454,1778050901,2026-05-06 07:01:41+00:00,1778050901000,13606,27.48582,50.47678,10.04438,78470,True,64.89273,3
20260506-031454,1778050913,2026-05-06 07:01:53+00:00,1778050913000,13618,27.47822,50.56643,10.0443,78691,True,62.83287,3
20260506-031454,1778050926,2026-05-06 07:02:06+00:00,1778050926000,13631,27.5354,50.44259,10.04432,78544,True,62.81966,3
20260506-031454,1778050938,2026-05-06 07:02:18+00:00,1778050938000,13643,27.46554,50.89467,10.04438,72305,True,88.46643,3
20260506-031454,1778050950,2026-05-06 07:02:30+00:00,1778050950000,13655,27.48075,50.67656,10.04445,76255,True,78.06468,3
20260506-031454,1778050962,2026-05-06 07:02:42+00:00,1778050962000,13667,27.48329,50.54477,10.04434,77959,True,68.70775,3
20260506-031454,1778050974,2026-05-06 07:02:54+00:00,1778050974000,13679,27.48582,50.4326,10.04451,78691,True,64.06039,3
20260506-031454,1778050986,2026-05-06 07:03:06+00:00,1778050986000,13691,27.48836,50.26455,10.04437,79438,True,61.1273,3
20260506-031454,1778050998,2026-05-06 07:03:18+00:00,1778050998000,13703,27.4909,50.23485,10.04438,80352,True,58.32727,3
20260506-031454,1778051010,2026-05-06 07:03:30+00:00,1778051010000,13715,27.48836,50.21004,10.04441,80198,True,57.06443,3
20260506-031454,1778051022,2026-05-06 07:03:42+00:00,1778051022000,13727,27.39201,50.92706,10.04428,71686,True,67.27,3
20260506-031454,1778051034,2026-05-06 07:03:54+00:00,1778051034000,13739,27.48329,50.2415,10.04455,77097,True,72.43671,3
20260506-031454,1778051046,2026-05-06 07:04:06+00:00,1778051046000,13751,27.48582,50.1478,10.0444,79362,True,64.83849,3
20260506-031454,1778051058,2026-05-06 07:04:18+00:00,1778051058000,13763,27.4909,50.09046,10.04447,80352,True,59.54153,3
20260506-031454,1778051070,2026-05-06 07:04:30+00:00,1778051070000,13775,27.48836,50.13105,10.04436,80584,True,56.56023,3
20260506-031454,1778051082,2026-05-06 07:04:42+00:00,1778051082000,13787,27.4909,50.14888,10.04426,81288,True,54.9297,3
20260506-031454,1778051094,2026-05-06 07:04:54+00:00,1778051094000,13799,27.49597,50.15152,10.04451,81844,True,53.39497,3
20260506-031454,1778051115,2026-05-06 07:05:15+00:00,1778051115000,13819,27.55477,49.96889,10.04453,81446,True,53.23015,3
20260506-031454,1778051127,2026-05-06 07:05:27+00:00,1778051127000,13831,27.46047,50.33972,10.04438,69891,True,97.25595,3
20260506-031454,1778051139,2026-05-06 07:05:39+00:00,1778051139000,13843,27.47822,50.11217,10.04454,75499,True,83.82973,3
20260506-031454,1778051151,2026-05-06 07:05:51+00:00,1778051151000,13855,27.48836,50.08621,10.04457,78177,True,71.00441,3
20260506-031454,1778051163,2026-05-06 07:06:03+00:00,1778051163000,13867,27.4909,50.07366,10.0445,79816,True,63.25387,3
20260506-031454,1778051175,2026-05-06 07:06:15+00:00,1778051175000,13879,27.48075,50.08313,10.0445,80045,True,59.01832,3
20260506-031454,1778051186,2026-05-06 07:06:26+00:00,1778051186000,13891,27.53642,49.90271,10.04441,80275,True,58.56514,3
20260506-031454,1778051198,2026-05-06 07:06:38+00:00,1778051198000,13903,27.43609,50.73925,10.04426,69084,True,72.38162,3
20260506-031454,1778051210,2026-05-06 07:06:50+00:00,1778051210000,13915,27.45033,50.2644,10.0444,70480,True,101.49791,3
20260506-031454,1778051222,2026-05-06 07:07:02+00:00,1778051222000,13927,27.47315,50.04036,10.04436,75841,True,84.56577,3
20260506-031454,1778051234,2026-05-06 07:07:14+00:00,1778051234000,13939,27.47568,50.05508,10.04443,78544,True,71.22398,3
20260506-031454,1778051246,2026-05-06 07:07:26+00:00,1778051246000,13951,27.47822,50.06896,10.04447,79589,True,63.46487,3
20260506-031454,1778051258,2026-05-06 07:07:38+00:00,1778051258000,13963,27.48329,50.06798,10.04445,80122,True,59.68592,3
20260506-031454,1778051270,2026-05-06 07:07:50+00:00,1778051270000,13975,27.48582,50.09621,10.04424,80740,True,57.26698,3
20260506-031454,1778051282,2026-05-06 07:08:02+00:00,1778051282000,13987,27.4909,50.05472,10.04436,81288,True,55.15611,3
20260506-031454,1778051297,2026-05-06 07:08:17+00:00,1778051297000,14001,27.54699,49.90435,10.04461,81446,True,54.60617,3
20260506-031454,1778051309,2026-05-06 07:08:29+00:00,1778051309000,14013,27.46554,50.2489,10.04467,73382,True,85.47795,3
20260506-031454,1778051321,2026-05-06 07:08:41+00:00,1778051321000,14025,27.47822,50.19895,10.04465,77382,True,74.72938,3
20260506-031454,1778051333,2026-05-06 07:08:53+00:00,1778051333000,14037,27.48836,50.33072,10.0446,79438,True,65.20277,3
20260506-031454,1778051343,2026-05-06 07:09:03+00:00,1778051343000,14048,27.40976,50.96494,10.04455,72871,True,71.00644,3
20260506-031454,1778051355,2026-05-06 07:09:15+00:00,1778051355000,14060,27.47822,50.41245,10.04465,77382,True,71.68233,3
20260506-031454,1778051367,2026-05-06 07:09:27+00:00,1778051367000,14072,27.48075,50.25278,10.04434,79438,True,63.61653,3
20260506-031454,1778051379,2026-05-06 07:09:39+00:00,1778051379000,14084,27.48329,50.15155,10.04455,80429,True,58.47254,3
20260506-031454,1778051391,2026-05-06 07:09:51+00:00,1778051391000,14096,27.48836,50.11789,10.04457,81209,True,55.01662,3
20260506-031454,1778051403,2026-05-06 07:10:03+00:00,1778051403000,14108,27.4909,50.11457,10.04459,82085,True,52.82764,3
20260506-031454,1778051415,2026-05-06 07:10:15+00:00,1778051415000,14120,27.49597,50.1055,10.04478,81764,True,52.07162,3
20260506-031454,1778051427,2026-05-06 07:10:27+00:00,1778051427000,14132,27.49597,50.1393,10.04485,82246,True,50.83405,3
20260506-031454,1778051439,2026-05-06 07:10:39+00:00,1778051439000,14144,27.49343,50.10086,10.04454,82165,True,51.06117,3
20260506-031454,1778051451,2026-05-06 07:10:51+00:00,1778051451000,14156,27.49597,50.06865,10.04469,82246,True,50.27653,3
20260506-031454,1778051463,2026-05-06 07:11:03+00:00,1778051463000,14168,27.4985,50.04266,10.04457,82570,True,50.0,2
20260506-031454,1778051474,2026-05-06 07:11:14+00:00,1778051474000,14178,27.41483,50.69143,10.04458,74624,True,59.41646,2
20260506-031454,1778051486,2026-05-06 07:11:26+00:00,1778051486000,14190,27.48582,50.14128,10.04474,79212,True,64.05719,2
20260506-031454,1778051498,2026-05-06 07:11:38+00:00,1778051498000,14202,27.49343,50.09095,10.04488,80974,True,58.12198,2
20260506-031454,1778051510,2026-05-06 07:11:50+00:00,1778051510000,14214,27.49343,50.06506,10.04491,81525,True,54.42652,2
20260506-031454,1778051522,2026-05-06 07:12:02+00:00,1778051522000,14226,27.49597,50.07726,10.04485,82165,True,51.67828,2
20260506-031454,1778051534,2026-05-06 07:12:14+00:00,1778051534000,14238,27.4985,50.1204,10.04498,82489,True,50.64581,3
20260506-031454,1778051546,2026-05-06 07:12:26+00:00,1778051546000,14250,27.50104,50.23946,10.04481,82734,True,50.18997,3
20260506-031454,1778051556,2026-05-06 07:12:36+00:00,1778051556000,14260,27.5551,50.11395,10.045,82815,True,49.91645,2
20260506-031454,1778051568,2026-05-06 07:12:48+00:00,1778051568000,14272,27.48075,50.58426,10.04499,76534,True,72.40095,2
20260506-031454,1778051580,2026-05-06 07:13:00+00:00,1778051580000,14284,27.4909,50.31749,10.04508,80045,True,64.26837,2
20260506-031454,1778051592,2026-05-06 07:13:12+00:00,1778051592000,14296,27.4985,50.23012,10.0451,81209,True,57.73822,2
20260506-031454,1778051604,2026-05-06 07:13:24+00:00,1778051604000,14308,27.49343,50.17557,10.04514,81764,True,53.76091,2
20260506-031454,1778051616,2026-05-06 07:13:36+00:00,1778051616000,14320,27.49597,50.12618,10.0452,81685,True,52.48107,3
20260506-031454,1778051628,2026-05-06 07:13:48+00:00,1778051628000,14332,27.50104,50.09154,10.04523,82489,True,50.81048,3
20260506-031454,1778051640,2026-05-06 07:14:00+00:00,1778051640000,14344,27.4985,50.08482,10.04512,83062,True,49.65863,2
20260506-031454,1778051652,2026-05-06 07:14:12+00:00,1778051652000,14356,27.49597,50.04617,10.04518,83310,True,49.0855,2
20260506-031454,1778051689,2026-05-06 07:14:49+00:00,1778051689000,14393,27.55245,49.86434,10.04499,83062,True,49.26519,2
20260506-031454,1778051701,2026-05-06 07:15:01+00:00,1778051701000,14405,27.43765,50.51677,10.04497,64409,True,120.63732,2
20260506-031454,1778051713,2026-05-06 07:15:13+00:00,1778051713000,14417,27.46554,50.2915,10.04517,72367,True,103.11607,2
20260506-031454,1778051726,2026-05-06 07:15:26+00:00,1778051726000,14430,27.52804,50.10811,10.04522,73575,True,97.59241,2
20260506-031454,1778051738,2026-05-06 07:15:38+00:00,1778051738000,14443,27.4199,50.77953,10.04496,65059,True,119.0759,2
20260506-031454,1778051750,2026-05-06 07:15:50+00:00,1778051750000,14455,27.46047,50.35973,10.04503,72618,True,100.46843,2
20260506-031454,1778051762,2026-05-06 07:16:02+00:00,1778051762000,14467,27.44525,50.53117,10.04512,72056,True,95.23871,2
20260506-031454,1778051774,2026-05-06 07:16:14+00:00,1778051774000,14479,27.47315,50.18951,10.0452,76744,True,81.40006,3
20260506-031454,1778051786,2026-05-06 07:16:26+00:00,1778051786000,14491,27.48075,50.089,10.04497,78250,True,71.2838,3
20260506-031454,1778051798,2026-05-06 07:16:38+00:00,1778051798000,14503,27.47315,50.12614,10.0449,79892,True,64.44633,3
20260506-031454,1778051810,2026-05-06 07:16:50+00:00,1778051810000,14515,27.48582,50.07392,10.04498,80045,True,60.63377,3
20260506-031454,1778051822,2026-05-06 07:17:02+00:00,1778051822000,14527,27.48836,50.10707,10.04495,80817,True,58.15908,3
20260506-031454,1778051834,2026-05-06 07:17:14+00:00,1778051834000,14539,27.4909,50.18325,10.04512,81446,True,56.31102,3
20260506-031454,1778051847,2026-05-06 07:17:27+00:00,1778051847000,14551,27.46807,50.4832,10.04514,76885,True,65.57095,3
20260506-031454,1778051859,2026-05-06 07:17:39+00:00,1778051859000,14563,27.48582,50.22696,10.04484,80045,True,63.26849,3
20260506-031454,1778051871,2026-05-06 07:17:51+00:00,1778051871000,14575,27.48582,50.20381,10.04495,80662,True,59.81457,3
20260506-031454,1778051884,2026-05-06 07:18:04+00:00,1778051884000,14588,27.54579,50.02052,10.04501,80662,True,59.1764,3
20260506-031454,1778051896,2026-05-06 07:18:16+00:00,1778051896000,14600,27.46554,50.42597,10.04504,74096,True,84.10027,3
20260506-031454,1778051908,2026-05-06 07:18:28+00:00,1778051908000,14612,27.47822,50.26718,10.04498,77814,True,73.86798,3
20260506-031454,1778051920,2026-05-06 07:18:40+00:00,1778051920000,14624,27.48836,50.27703,10.04513,80045,True,64.7474,3
20260506-031454,1778051932,2026-05-06 07:18:52+00:00,1778051932000,14636,27.48836,50.26506,10.04506,80817,True,59.26136,3
20260506-031454,1778051944,2026-05-06 07:19:04+00:00,1778051944000,14648,27.49343,50.27942,10.04516,81131,True,56.69654,3
20260506-031454,1778051956,2026-05-06 07:19:16+00:00,1778051956000,14660,27.48836,50.35836,10.04501,81367,True,55.38722,3
20260506-031454,1778051968,2026-05-06 07:19:28+00:00,1778051968000,14672,27.49343,50.33677,10.04495,82004,True,53.80568,3
20260506-031454,1778051980,2026-05-06 07:19:40+00:00,1778051980000,14684,27.4909,50.32126,10.04501,82489,True,52.41037,3
20260506-031454,1778051993,2026-05-06 07:19:53+00:00,1778051993000,14697,27.47315,50.65871,10.04515,76956,True,63.64863,3
20260506-031454,1778052005,2026-05-06 07:20:05+00:00,1778052005000,14709,27.48836,50.48135,10.04501,79740,True,62.21223,3
20260506-031454,1778052017,2026-05-06 07:20:17+00:00,1778052017000,14721,27.4909,50.46331,10.04485,80740,True,57.75491,3
20260506-031454,1778052041,2026-05-06 07:20:41+00:00,1778052041000,14745,27.55317,50.27805,10.0451,81685,True,56.3485,3
20260506-031454,1778052053,2026-05-06 07:20:53+00:00,1778052053000,14757,27.4554,50.80535,10.04504,68857,True,103.95593,3
20260506-031454,1778052065,2026-05-06 07:21:05+00:00,1778052065000,14769,27.46807,50.61147,10.04498,75025,True,88.89099,3
20260506-031454,1778052075,2026-05-06 07:21:15+00:00,1778052075000,14780,27.53021,50.4264,10.04518,75841,True,84.62453,3
20260506-031454,1778052088,2026-05-06 07:21:28+00:00,1778052088000,14793,27.42915,51.18722,10.04506,66878,True,93.4597,3
20260506-031454,1778052100,2026-05-06 07:21:40+00:00,1778052100000,14805,27.44779,50.79281,10.04513,68519,True,113.77135,3
20260506-031454,1778052112,2026-05-06 07:21:52+00:00,1778052112000,14817,27.46554,50.60873,10.04515,74096,True,92.82196,3
20260506-031454,1778052124,2026-05-06 07:22:04+00:00,1778052124000,14829,27.47822,50.54536,10.04504,76885,True,77.70628,3
20260506-031454,1778052137,2026-05-06 07:22:17+00:00,1778052137000,14841,27.44272,50.84968,10.04499,73575,True,80.8563,3
20260506-031454,1778052149,2026-05-06 07:22:29+00:00,1778052149000,14853,27.48075,50.60011,10.04497,77382,True,73.66997,3
20260506-031454,1778052161,2026-05-06 07:22:41+00:00,1778052161000,14865,27.48075,50.63818,10.04497,78988,True,66.17978,3
20260506-031454,1778052173,2026-05-06 07:22:53+00:00,1778052173000,14877,27.48075,50.65704,10.04508,79740,True,61.67583,3
20260506-031454,1778052185,2026-05-06 07:23:05+00:00,1778052185000,14889,27.48836,50.65614,10.04499,80122,True,59.16866,3
20260506-031454,1778052197,2026-05-06 07:23:17+00:00,1778052197000,14901,27.48836,50.60505,10.04501,80740,True,56.79832,3
20260506-031454,1778052209,2026-05-06 07:23:29+00:00,1778052209000,14914,27.54547,50.44426,10.04501,80740,True,56.48861,3
20260506-031454,1778052221,2026-05-06 07:23:41+00:00,1778052221000,14926,27.47061,50.86807,10.04479,74162,True,81.74765,3
20260506-031454,1778052233,2026-05-06 07:23:53+00:00,1778052233000,14938,27.48329,50.71393,10.045,77670,True,72.45332,3
20260506-031454,1778052245,2026-05-06 07:24:05+00:00,1778052245000,14950,27.48329,50.70011,10.04498,79740,True,63.73504,3
20260506-031454,1778052257,2026-05-06 07:24:17+00:00,1778052257000,14962,27.48836,50.68357,10.04492,80045,True,59.29038,3
20260506-031454,1778052269,2026-05-06 07:24:29+00:00,1778052269000,14974,27.49343,50.69622,10.04498,80974,True,56.10482,3
20260506-031454,1778052281,2026-05-06 07:24:41+00:00,1778052281000,14986,27.4985,50.70573,10.04505,81131,True,54.7248,3
20260506-031454,1778052293,2026-05-06 07:24:53+00:00,1778052293000,14998,27.50104,50.71563,10.04493,81131,True,53.75541,3
20260506-031454,1778052305,2026-05-06 07:25:05+00:00,1778052305000,15010,27.50104,50.67574,10.04498,81525,True,52.63043,3
20260506-031454,1778052317,2026-05-06 07:25:17+00:00,1778052317000,15022,27.4985,50.61942,10.04484,81685,True,51.63555,3
20260506-031454,1778052329,2026-05-06 07:25:29+00:00,1778052329000,15034,27.50357,50.53092,10.04488,81844,True,51.31641,3
20260506-031454,1778052341,2026-05-06 07:25:41+00:00,1778052341000,15046,27.50357,50.55144,10.04493,82408,True,50.13941,3
20260506-031454,1778052352,2026-05-06 07:25:52+00:00,1778052352000,15056,27.54815,50.4029,10.04481,82004,True,50.38232,3
20260506-031454,1778052364,2026-05-06 07:26:04+00:00,1778052364000,15068,27.48582,50.72849,10.04488,76604,True,71.87816,3
20260506-031454,1778052376,2026-05-06 07:26:16+00:00,1778052376000,15080,27.49343,50.58979,10.04502,79740,True,64.64816,3
20260506-031454,1778052388,2026-05-06 07:26:28+00:00,1778052388000,15092,27.4909,50.59922,10.04478,80740,True,58.17111,3
20260506-031454,1778052439,2026-05-06 07:27:19+00:00,1778052439000,15144,27.55336,50.40839,10.04484,81131,True,56.92041,3
20260506-031454,1778052451,2026-05-06 07:27:31+00:00,1778052451000,15156,27.38507,51.89417,10.04486,49489,True,102.5601,3
20260506-031454,1778052464,2026-05-06 07:27:44+00:00,1778052464000,15169,27.38351,51.70339,10.04483,47122,True,138.62003,3
20260506-031454,1778052476,2026-05-06 07:27:56+00:00,1778052476000,15181,27.33622,51.8025,10.04506,46265,True,184.13271,3
20260506-031454,1778052488,2026-05-06 07:28:08+00:00,1778052488000,15193,27.43004,50.91218,10.04486,61387,True,161.89505,3
20260506-031454,1778052500,2026-05-06 07:28:20+00:00,1778052500000,15205,27.45286,50.68778,10.04516,69313,True,121.01868,3
20260506-031454,1778052512,2026-05-06 07:28:32+00:00,1778052512000,15217,27.45286,50.59942,10.04502,72808,True,97.27025,3
20260506-031454,1778052524,2026-05-06 07:28:44+00:00,1778052524000,15229,27.45033,50.22963,10.04485,75841,True,81.80444,3
20260506-031454,1778052536,2026-05-06 07:28:56+00:00,1778052536000,15241,27.46047,49.96393,10.0451,77814,True,72.06482,3
20260506-031454,1778052548,2026-05-06 07:29:08+00:00,1778052548000,15253,27.45793,49.81634,10.04503,79063,True,66.28936,3
20260506-031454,1778052560,2026-05-06 07:29:20+00:00,1778052560000,15265,27.46554,49.84113,10.0451,79740,True,62.54146,3
20260506-031454,1778052572,2026-05-06 07:29:32+00:00,1778052572000,15277,27.46554,49.83307,10.04494,80584,True,59.41447,3
20260506-031454,1778052585,2026-05-06 07:29:45+00:00,1778052585000,15289,27.47822,49.72144,10.04509,81367,True,57.1747,3
20260506-031454,1778052597,2026-05-06 07:29:57+00:00,1778052597000,15301,27.47822,49.6937,10.04507,81446,True,55.64843,3
20260506-031454,1778052609,2026-05-06 07:30:09+00:00,1778052609000,15313,27.47568,49.71799,10.04489,82085,True,54.19439,3
20260506-031454,1778052621,2026-05-06 07:30:21+00:00,1778052621000,15325,27.48582,49.69228,10.04502,82734,True,52.52317,3
20260506-031454,1778052633,2026-05-06 07:30:33+00:00,1778052633000,15337,27.48582,49.70533,10.04495,82979,True,51.41484,3
20260506-031454,1778052645,2026-05-06 07:30:45+00:00,1778052645000,15349,27.4909,49.67143,10.04499,83310,True,50.67416,3
20260506-031454,1778052657,2026-05-06 07:30:57+00:00,1778052657000,15361,27.49343,49.6433,10.04509,83227,True,50.43805,3
20260506-031454,1778052669,2026-05-06 07:31:09+00:00,1778052669000,15373,27.50357,49.57111,10.04497,83062,True,50.16938,2
20260506-031454,1778052681,2026-05-06 07:31:21+00:00,1778052681000,15385,27.49597,49.56465,10.04486,83978,True,49.70196,2
20260506-031454,1778052693,2026-05-06 07:31:33+00:00,1778052693000,15397,27.49343,49.64964,10.04486,83227,True,50.49282,2
20260506-031454,1778052705,2026-05-06 07:31:45+00:00,1778052705000,15409,27.4909,49.84887,10.04492,83559,True,50.57493,2
20260506-031454,1778052717,2026-05-06 07:31:57+00:00,1778052717000,15421,27.49343,50.17943,10.04503,83144,True,51.13778,2
20260506-031454,1778052729,2026-05-06 07:32:09+00:00,1778052729000,15433,27.49343,50.1571,10.04526,83559,True,50.18894,2
20260506-031454,1778052741,2026-05-06 07:32:21+00:00,1778052741000,15445,27.50357,50.36879,10.04497,83393,True,50.38554,2
20260506-031454,1778052933,2026-05-06 07:35:33+00:00,1778052933000,15637,27.38187,51.215,10.04458,48014,True,223.89941,2
20260506-031454,1778052943,2026-05-06 07:35:43+00:00,1778052943000,15648,27.32608,51.71414,10.04465,50322,True,209.63283,2
20260506-031454,1778052955,2026-05-06 07:35:55+00:00,1778052955000,15660,27.40468,50.2606,10.04451,61932,True,163.83777,2
20260506-031454,1778052967,2026-05-06 07:36:07+00:00,1778052967000,15672,27.4199,49.62156,10.04461,68129,True,126.06123,2
20260506-031454,1778052977,2026-05-06 07:36:17+00:00,1778052977000,15682,27.3489,50.42914,10.04456,64807,True,120.96979,2
20260506-031454,1778052990,2026-05-06 07:36:30+00:00,1778052990000,15695,27.45197,50.13256,10.04458,66771,True,119.25534,2
20260506-031454,1778053003,2026-05-06 07:36:43+00:00,1778053003000,15708,27.38187,50.92739,10.04486,60588,True,141.49872,2
20260506-031454,1778053015,2026-05-06 07:36:55+00:00,1778053015000,15720,27.41736,50.80603,10.04464,68575,True,120.47169,2
20260506-031454,1778053027,2026-05-06 07:37:07+00:00,1778053027000,15732,27.41736,50.11403,10.04441,73190,True,98.34634,3
20260506-031454,1778053039,2026-05-06 07:37:19+00:00,1778053039000,15744,27.4199,49.591,10.04436,75772,True,84.07707,3
20260506-031454,1778053051,2026-05-06 07:37:31+00:00,1778053051000,15756,27.43258,49.43621,10.04451,77814,True,74.78653,3
20260506-031454,1778053063,2026-05-06 07:37:43+00:00,1778053063000,15768,27.43258,49.38844,10.04445,78988,True,69.27921,3
20260506-031454,1778053075,2026-05-06 07:37:55+00:00,1778053075000,15780,27.43765,49.42963,10.04442,80045,True,64.77097,3
20260506-031454,1778053087,2026-05-06 07:38:07+00:00,1778053087000,15792,27.44272,49.47124,10.04455,80352,True,62.81034,3
20260506-031454,1778053099,2026-05-06 07:38:19+00:00,1778053099000,15804,27.44779,49.49177,10.04465,81446,True,60.19515,3
20260506-031454,1778053111,2026-05-06 07:38:31+00:00,1778053111000,15816,27.45033,49.5902,10.04471,81446,True,58.77317,3
20260506-031454,1778053123,2026-05-06 07:38:43+00:00,1778053123000,15828,27.45033,49.72002,10.04469,81764,True,57.0743,3
20260506-031454,1778053140,2026-05-06 07:39:00+00:00,1778053140000,15844,27.5076,49.57269,10.04459,82165,True,56.64909,3
20260506-031454,1778053152,2026-05-06 07:39:12+00:00,1778053152000,15856,27.41736,50.03757,10.04467,73318,True,90.99674,3
20260506-031454,1778053164,2026-05-06 07:39:24+00:00,1778053164000,15868,27.42751,49.85598,10.04466,77886,True,79.29067,3
20260506-031454,1778053176,2026-05-06 07:39:36+00:00,1778053176000,15880,27.43004,49.81487,10.0447,79664,True,69.28031,3
20260506-031454,1778053186,2026-05-06 07:39:46+00:00,1778053186000,15891,27.35144,50.47469,10.04471,72935,True,74.37083,3
20260506-031454,1778053198,2026-05-06 07:39:58+00:00,1778053198000,15903,27.43258,49.96867,10.04487,78104,True,74.35221,3
20260506-031454,1778053210,2026-05-06 07:40:10+00:00,1778053210000,15915,27.43004,49.91825,10.04481,80662,True,65.03587,3
20260506-031454,1778053222,2026-05-06 07:40:22+00:00,1778053222000,15927,27.43765,50.01159,10.04486,81209,True,60.15792,3
20260506-031454,1778053234,2026-05-06 07:40:34+00:00,1778053234000,15939,27.43765,50.19854,10.04493,82085,True,56.71069,3
20260506-031454,1778053246,2026-05-06 07:40:46+00:00,1778053246000,15951,27.43004,50.3876,10.04497,81764,True,55.88375,3
20260506-031454,1778053258,2026-05-06 07:40:58+00:00,1778053258000,15963,27.43004,50.18421,10.04488,82570,True,54.30593,3
20260506-031454,1778053270,2026-05-06 07:41:10+00:00,1778053270000,15975,27.44272,50.17137,10.04513,82570,True,52.71351,3
20260506-031454,1778053281,2026-05-06 07:41:21+00:00,1778053281000,15985,27.48709,50.04443,10.04487,83227,True,52.03068,3
20260506-031454,1778053293,2026-05-06 07:41:33+00:00,1778053293000,15997,27.41483,50.3614,10.04502,76956,True,73.94736,3
20260506-031454,1778053305,2026-05-06 07:41:45+00:00,1778053305000,16009,27.42751,50.21713,10.04528,80352,True,65.84415,3
20260506-031454,1778053317,2026-05-06 07:41:57+00:00,1778053317000,16021,27.42751,50.26896,10.04501,81605,True,59.15585,3
20260506-031454,1778053329,2026-05-06 07:42:09+00:00,1778053329000,16033,27.43004,50.34153,10.04518,81844,True,55.67865,3
20260506-031454,1778053341,2026-05-06 07:42:21+00:00,1778053341000,16045,27.43511,50.30156,10.04515,82408,True,53.47137,3
20260506-031454,1778053353,2026-05-06 07:42:33+00:00,1778053353000,16057,27.43258,50.31518,10.04518,82897,True,51.99644,3
20260506-031454,1778053365,2026-05-06 07:42:45+00:00,1778053365000,16069,27.43004,50.26156,10.04507,83310,True,50.0,2
20260506-031454,1778053377,2026-05-06 07:42:57+00:00,1778053377000,16081,27.43511,50.3004,10.04526,83559,True,49.81738,2
20260506-031454,1778053389,2026-05-06 07:43:09+00:00,1778053389000,16093,27.43258,50.37107,10.04517,83393,True,50.0,2
20260506-031454,1778053401,2026-05-06 07:43:21+00:00,1778053401000,16105,27.43004,50.56146,10.04528,83227,True,50.30467,2
20260506-031454,1778053413,2026-05-06 07:43:33+00:00,1778053413000,16117,27.4199,50.54026,10.04502,83393,True,50.35926,2
20260506-031454,1778053425,2026-05-06 07:43:45+00:00,1778053425000,16129,27.42497,50.57001,10.04524,83978,True,49.73274,2
20260506-031454,1778053437,2026-05-06 07:43:57+00:00,1778053437000,16141,27.43004,50.53038,10.04535,83726,True,50.0,2
20260506-031454,1778053449,2026-05-06 07:44:09+00:00,1778053449000,16153,27.42243,50.46699,10.04527,84316,True,49.69448,2
20260506-031454,1778053461,2026-05-06 07:44:21+00:00,1778053461000,16165,27.42243,50.50832,10.04527,84147,True,49.89284,2
20260506-031454,1778053473,2026-05-06 07:44:33+00:00,1778053473000,16177,27.42497,50.43649,10.04545,84401,True,49.70147,2
20260506-031454,1778053485,2026-05-06 07:44:45+00:00,1778053485000,16189,27.43004,50.37695,10.04537,84062,True,50.09285,2
20260506-031454,1778053497,2026-05-06 07:44:57+00:00,1778053497000,16201,27.42751,50.45231,10.04559,83978,True,50.38935,2
20260506-031454,1778053508,2026-05-06 07:45:08+00:00,1778053508000,16212,27.48286,50.29765,10.04549,84147,True,50.27243,2
20260506-031454,1778053518,2026-05-06 07:45:18+00:00,1778053518000,16223,27.37814,51.24289,10.04537,72305,True,63.91928,2
20260506-031454,1778053531,2026-05-06 07:45:31+00:00,1778053531000,16236,27.36069,51.44632,10.0454,65364,True,82.45638,2
20260506-031454,1778053549,2026-05-06 07:45:49+00:00,1778053549000,16254,27.3458,51.56387,10.04547,59092,True,104.36635,2
20260506-031454,1778053562,2026-05-06 07:46:02+00:00,1778053562000,16266,27.27283,51.83969,10.04554,52269,True,147.80789,2
20260506-031454,1778053574,2026-05-06 07:46:14+00:00,1778053574000,16278,27.36919,51.08627,10.04557,66665,True,134.83969,2
20260506-031454,1778053586,2026-05-06 07:46:26+00:00,1778053586000,16290,27.37679,50.94783,10.04561,73382,True,103.55515,2
20260506-031454,1778053598,2026-05-06 07:46:38+00:00,1778053598000,16302,27.3844,50.71275,10.04575,76885,True,83.67918,3
20260506-031454,1778053610,2026-05-06 07:46:50+00:00,1778053610000,16314,27.38947,50.57286,10.04574,78914,True,72.4467,3
20260506-031454,1778053622,2026-05-06 07:47:02+00:00,1778053622000,16326,27.39454,50.49514,10.04573,80275,True,65.96725,3
20260506-031454,1778053634,2026-05-06 07:47:14+00:00,1778053634000,16338,27.40215,50.48941,10.04591,81288,True,61.47118,3
20260506-031454,1778053646,2026-05-06 07:47:26+00:00,1778053646000,16350,27.39961,50.49414,10.04576,81525,True,59.29501,3
20260506-031454,1778053658,2026-05-06 07:47:38+00:00,1778053658000,16362,27.39201,50.45026,10.04564,82246,True,57.32348,3
20260506-031454,1778053670,2026-05-06 07:47:50+00:00,1778053670000,16374,27.40215,50.42078,10.04594,82489,True,55.7954,3
20260506-031454,1778053683,2026-05-06 07:48:03+00:00,1778053683000,16387,27.45451,50.28553,10.04603,82979,True,55.19977,3
20260506-031454,1778053701,2026-05-06 07:48:21+00:00,1778053701000,16405,27.35096,51.33001,10.04585,69141,True,71.33195,3
20260506-031454,1778053713,2026-05-06 07:48:33+00:00,1778053713000,16417,27.35905,50.7724,10.0459,68857,True,111.85561,3
20260506-031454,1778053725,2026-05-06 07:48:45+00:00,1778053725000,16429,27.37426,50.42481,10.04604,75704,True,92.65039,3
20260506-031454,1778053737,2026-05-06 07:48:57+00:00,1778053737000,16441,27.38693,50.03194,10.04617,78765,True,75.64815,3
20260506-031454,1778053749,2026-05-06 07:49:09+00:00,1778053749000,16453,27.38693,50.01134,10.04607,81052,True,65.9185,3
20260506-031454,1778053762,2026-05-06 07:49:22+00:00,1778053762000,16466,27.36919,50.31921,10.04626,76325,True,73.27649,3
20260506-031454,1778053774,2026-05-06 07:49:34+00:00,1778053774000,16478,27.38187,50.03167,10.04615,80275,True,68.56437,3
20260506-031454,1778053786,2026-05-06 07:49:46+00:00,1778053786000,16490,27.39201,50.11886,10.04631,81685,True,62.16253,3
20260506-031454,1778053798,2026-05-06 07:49:58+00:00,1778053798000,16502,27.38947,50.25843,10.04615,82570,True,57.72522,3
20260506-031454,1778053810,2026-05-06 07:50:10+00:00,1778053810000,16514,27.38693,50.50192,10.04624,82897,True,56.2445,3
20260506-031454,1778053822,2026-05-06 07:50:22+00:00,1778053822000,16526,27.38693,50.54149,10.04619,83062,True,55.0221,3
20260506-031454,1778053834,2026-05-06 07:50:34+00:00,1778053834000,16538,27.39708,50.57471,10.04637,83393,True,54.19405,3
20260506-031454,1778053847,2026-05-06 07:50:47+00:00,1778053847000,16551,27.36158,51.04011,10.04624,77959,True,64.95885,3
20260506-031454,1778053859,2026-05-06 07:50:59+00:00,1778053859000,16563,27.38947,50.89718,10.04622,81367,True,62.89759,3
20260506-031454,1778053871,2026-05-06 07:51:11+00:00,1778053871000,16575,27.3844,50.87632,10.04591,82165,True,57.87236,3
20260506-031454,1778053883,2026-05-06 07:51:23+00:00,1778053883000,16587,27.37172,50.94693,10.04623,78250,True,65.29923,3
20260506-031454,1778053895,2026-05-06 07:51:35+00:00,1778053895000,16599,27.38187,50.55574,10.04625,81525,True,62.03391,3
20260506-031454,1778053907,2026-05-06 07:51:47+00:00,1778053907000,16611,27.3844,50.50505,10.04608,82815,True,57.15852,3
20260506-031454,1778053919,2026-05-06 07:51:59+00:00,1778053919000,16623,27.38947,50.47589,10.04629,84062,True,52.66656,3
20260506-031454,1778053931,2026-05-06 07:52:11+00:00,1778053931000,16635,27.39201,50.28884,10.04622,83978,True,51.27927,3
20260506-031454,1778053943,2026-05-06 07:52:23+00:00,1778053943000,16647,27.38947,50.2825,10.04622,84486,True,49.81724,2
20260506-031454,1778053955,2026-05-06 07:52:35+00:00,1778053955000,16659,27.38947,50.26284,10.04607,84316,True,50.09929,2
20260506-031454,1778053967,2026-05-06 07:52:47+00:00,1778053967000,16671,27.39201,50.21087,10.04627,84147,True,50.47518,2
20260506-031454,1778053978,2026-05-06 07:52:58+00:00,1778053978000,16682,27.30326,51.09867,10.04618,76047,True,59.77879,2
20260506-031454,1778053990,2026-05-06 07:53:10+00:00,1778053990000,16694,27.37933,50.73265,10.04633,80974,True,64.95571,2
20260506-031454,1778054002,2026-05-06 07:53:22+00:00,1778054002000,16706,27.38947,50.55214,10.04653,82815,True,58.88439,2
20260506-031454,1778054014,2026-05-06 07:53:34+00:00,1778054014000,16718,27.37679,50.52153,10.04624,83393,True,54.66307,2
20260506-031454,1778054026,2026-05-06 07:53:46+00:00,1778054026000,16730,27.3844,50.52922,10.04631,84231,True,52.10036,2
20260506-031454,1778054038,2026-05-06 07:53:58+00:00,1778054038000,16742,27.38947,50.56741,10.0463,84316,True,50.72213,3
20260506-031454,1778054050,2026-05-06 07:54:10+00:00,1778054050000,16754,27.37933,50.53741,10.04616,84657,True,50.0,2
20260506-031454,1778054062,2026-05-06 07:54:22+00:00,1778054062000,16766,27.38187,50.53759,10.04634,84743,True,50.0,2
20260506-031454,1778054074,2026-05-06 07:54:34+00:00,1778054074000,16778,27.38187,50.63397,10.04634,84231,True,50.58002,2
20260506-031454,1778054086,2026-05-06 07:54:46+00:00,1778054086000,16790,27.38187,50.81889,10.04636,84743,True,50.06964,2
20260506-031454,1778054098,2026-05-06 07:54:58+00:00,1778054098000,16802,27.38693,50.47857,10.04651,84915,True,49.91931,2
20260506-031454,1778054110,2026-05-06 07:55:10+00:00,1778054110000,16814,27.38187,50.46651,10.04627,84915,True,50.0,2
20260506-031454,1778054122,2026-05-06 07:55:22+00:00,1778054122000,16826,27.38693,50.50156,10.04642,84743,True,50.50703,2
20260506-031454,1778054132,2026-05-06 07:55:32+00:00,1778054132000,16837,27.30833,51.02612,10.04637,76815,True,59.23722,2
20260506-031454,1778054144,2026-05-06 07:55:44+00:00,1778054144000,16849,27.37933,50.3771,10.04647,82004,True,62.31141,2
20260506-031454,1778054156,2026-05-06 07:55:56+00:00,1778054156000,16861,27.37933,50.31757,10.0464,83726,True,57.18588,2
20260506-031454,1778054168,2026-05-06 07:56:08+00:00,1778054168000,16873,27.38187,50.35104,10.04646,84231,True,53.85025,2
20260506-031454,1778054180,2026-05-06 07:56:20+00:00,1778054180000,16885,27.38187,50.45995,10.04644,84743,True,52.14355,3
20260506-031454,1778054192,2026-05-06 07:56:32+00:00,1778054192000,16897,27.37426,50.46441,10.04627,85087,True,51.13852,3
20260506-031454,1778054204,2026-05-06 07:56:44+00:00,1778054204000,16909,27.38187,50.36488,10.04643,84743,True,50.86241,3
20260506-031454,1778054216,2026-05-06 07:56:56+00:00,1778054216000,16921,27.37679,50.44991,10.04631,84915,True,50.57703,3
20260506-031454,1778054228,2026-05-06 07:57:08+00:00,1778054228000,16933,27.37933,50.52172,10.04644,85522,True,49.84629,2
20260506-031454,1778054240,2026-05-06 07:57:20+00:00,1778054240000,16945,27.37426,50.49785,10.04624,85001,True,50.45295,2
20260506-031454,1778054252,2026-05-06 07:57:32+00:00,1778054252000,16957,27.37933,50.63424,10.04626,84829,True,50.80511,2
20260506-031454,1778054266,2026-05-06 07:57:46+00:00,1778054266000,16971,27.43492,50.48323,10.04625,85001,True,50.75231,2
20260506-031454,1778054278,2026-05-06 07:57:58+00:00,1778054278000,16983,27.3489,51.01854,10.04636,76744,True,79.78004,2
20260506-031454,1778054290,2026-05-06 07:58:10+00:00,1778054290000,16995,27.35905,51.01396,10.04622,80817,True,70.9157,2
20260506-031454,1778054302,2026-05-06 07:58:22+00:00,1778054302000,17007,27.36411,51.13462,10.0463,82165,True,62.59579,3
20260506-031454,1778054314,2026-05-06 07:58:34+00:00,1778054314000,17019,27.36158,51.00012,10.04626,82979,True,58.3496,3
20260506-031454,1778054326,2026-05-06 07:58:46+00:00,1778054326000,17031,27.36158,50.60278,10.0461,83642,True,55.37239,3
20260506-031454,1778054338,2026-05-06 07:58:58+00:00,1778054338000,17043,27.35905,50.80947,10.0462,84316,True,53.24192,3
20260506-031454,1778054350,2026-05-06 07:59:10+00:00,1778054350000,17055,27.36158,50.6743,10.04622,84062,True,53.25281,3
20260506-031454,1778054362,2026-05-06 07:59:22+00:00,1778054362000,17067,27.36665,50.78239,10.04631,84572,True,51.99527,3
20260506-031454,1778054374,2026-05-06 07:59:34+00:00,1778054374000,17079,27.36158,50.79126,10.04603,84915,True,51.3934,3
20260506-031454,1778054386,2026-05-06 07:59:46+00:00,1778054386000,17091,27.35905,50.60516,10.04603,84743,True,50.97003,3
20260506-031454,1778054396,2026-05-06 07:59:56+00:00,1778054396000,17101,27.29058,51.13854,10.04607,77526,True,59.04704,3
20260506-031454,1778054408,2026-05-06 08:00:08+00:00,1778054408000,17112,27.26016,51.48745,10.04602,71564,True,74.15488,3
20260506-031454,1778054420,2026-05-06 08:00:20+00:00,1778054420000,17124,27.34383,50.71672,10.0461,79063,True,75.91722,3
20260506-031454,1778054432,2026-05-06 08:00:32+00:00,1778054432000,17136,27.3489,50.5664,10.04609,82004,True,65.41156,3
20260506-031454,1778054444,2026-05-06 08:00:44+00:00,1778054444000,17148,27.35397,50.59407,10.04612,82979,True,59.38423,3
20260506-031454,1778054457,2026-05-06 08:00:57+00:00,1778054457000,17161,27.25762,51.50207,10.04605,73126,True,69.06331,3
20260506-031454,1778054469,2026-05-06 08:01:09+00:00,1778054469000,17173,27.33876,50.88557,10.04602,79362,True,73.04076,3
20260506-031454,1778054481,2026-05-06 08:01:21+00:00,1778054481000,17186,27.32608,51.11225,10.04601,76534,True,77.16824,3
20260506-031454,1778054493,2026-05-06 08:01:33+00:00,1778054493000,17198,27.34383,50.7964,10.04599,81052,True,69.79656,3
20260506-031454,1778054505,2026-05-06 08:01:45+00:00,1778054505000,17210,27.3413,50.91557,10.04602,82165,True,62.37718,3
20260506-031454,1778054517,2026-05-06 08:01:57+00:00,1778054517000,17222,27.34636,50.80054,10.04607,83393,True,57.43305,3
20260506-031454,1778054529,2026-05-06 08:02:09+00:00,1778054529000,17234,27.3489,50.8816,10.04613,83894,True,55.18069,3
20260506-031454,1778054541,2026-05-06 08:02:21+00:00,1778054541000,17246,27.35144,50.87586,10.04596,83894,True,54.26,3
20260506-031454,1778054553,2026-05-06 08:02:33+00:00,1778054553000,17258,27.3489,50.60612,10.04623,84401,True,52.79289,3
20260506-031454,1778054565,2026-05-06 08:02:45+00:00,1778054565000,17270,27.35144,50.403,10.04611,84829,True,51.04768,3
20260506-031454,1778054577,2026-05-06 08:02:57+00:00,1778054577000,17282,27.35144,50.64503,10.04594,84657,True,51.36207,3
20260506-031454,1778054589,2026-05-06 08:03:09+00:00,1778054589000,17294,27.35397,50.63569,10.04603,84829,True,50.69716,3
20260506-031454,1778054601,2026-05-06 08:03:21+00:00,1778054601000,17306,27.35144,50.07002,10.04624,85260,True,50.0,2
20260506-031454,1778054613,2026-05-06 08:03:33+00:00,1778054613000,17318,27.34383,50.14216,10.04605,85960,True,49.24059,2
20260506-031454,1778054625,2026-05-06 08:03:45+00:00,1778054625000,17330,27.35144,50.13384,10.04599,85960,True,49.67791,2
20260506-031454,1778054636,2026-05-06 08:03:56+00:00,1778054636000,17340,27.26269,50.8023,10.04597,78323,True,58.34946,2
20260506-031454,1778054649,2026-05-06 08:04:09+00:00,1778054649000,17353,27.37337,50.36247,10.04622,79740,True,62.22563,2
20260506-031454,1778054661,2026-05-06 08:04:21+00:00,1778054661000,17365,27.31848,50.32561,10.04617,75772,True,87.86783,2
20260506-031454,1778054673,2026-05-06 08:04:33+00:00,1778054673000,17377,27.32608,50.45388,10.04632,80507,True,75.13575,2
20260506-031454,1778054685,2026-05-06 08:04:45+00:00,1778054685000,17389,27.32608,50.61726,10.04616,82165,True,66.13776,2
20260506-031454,1778054696,2026-05-06 08:04:56+00:00,1778054696000,17400,27.25001,51.20409,10.04633,74758,True,72.38223,2
20260506-031454,1778054709,2026-05-06 08:05:09+00:00,1778054709000,17413,27.34548,50.72009,10.04637,77169,True,74.76225,2
20260506-031454,1778054719,2026-05-06 08:05:19+00:00,1778054719000,17423,27.22212,51.12937,10.04615,64409,True,102.88748,3
20260506-031454,1778054731,2026-05-06 08:05:31+00:00,1778054731000,17435,27.30326,50.64085,10.04622,74958,True,97.79938,3
20260506-031454,1778054743,2026-05-06 08:05:43+00:00,1778054743000,17447,27.31594,50.5726,10.04632,79438,True,80.69409,3
20260506-031454,1778054755,2026-05-06 08:05:55+00:00,1778054755000,17459,27.32101,50.48742,10.04622,81685,True,68.59729,3
20260506-031454,1778054767,2026-05-06 08:06:07+00:00,1778054767000,17471,27.32101,50.45382,10.04619,82570,True,62.67018,3
20260506-031454,1778054780,2026-05-06 08:06:20+00:00,1778054780000,17484,27.38605,50.20303,10.04626,82652,True,61.97358,3
20260506-031454,1778054793,2026-05-06 08:06:33+00:00,1778054793000,17498,27.26711,50.97137,10.04605,69775,True,76.59907,3
20260506-031454,1778054911,2026-05-06 08:08:31+00:00,1778054911000,17616,27.22719,51.21899,10.04602,51151,True,211.93466,2
20260506-031454,1778054970,2026-05-06 08:09:30+00:00,1778054970000,17674,27.29501,50.90579,10.04605,54800,True,200.83633,2
20260506-031454,1778054982,2026-05-06 08:09:42+00:00,1778054982000,17686,27.20691,51.43967,10.04569,49665,True,221.83981,2
20260506-031454,1778054994,2026-05-06 08:09:54+00:00,1778054994000,17698,27.23987,51.25406,10.04583,60588,True,173.48454,2
20260506-031454,1778055006,2026-05-06 08:10:06+00:00,1778055006000,17710,27.25255,50.88546,10.04593,67199,True,135.04877,2
20260506-031454,1778055018,2026-05-06 08:10:18+00:00,1778055018000,17722,27.26522,50.74772,10.04585,71199,True,111.63161,2
20260506-031454,1778055030,2026-05-06 08:10:30+00:00,1778055030000,17734,27.26522,50.61401,10.04571,74293,True,96.80061,2
20260506-031454,1778055042,2026-05-06 08:10:42+00:00,1778055042000,17746,27.2703,50.71497,10.04539,76047,True,87.27055,2
20260506-031454,1778055054,2026-05-06 08:10:54+00:00,1778055054000,17758,27.27537,50.59472,10.04577,77814,True,80.31081,3
20260506-031454,1778055066,2026-05-06 08:11:06+00:00,1778055066000,17770,27.28298,50.67422,10.04577,78988,True,75.1703,3
20260506-031454,1778055078,2026-05-06 08:11:18+00:00,1778055078000,17782,27.28805,50.62692,10.04589,80045,True,71.46777,3
20260506-031454,1778055090,2026-05-06 08:11:30+00:00,1778055090000,17794,27.28551,50.60095,10.04578,80662,True,68.20634,3
20260506-031454,1778055102,2026-05-06 08:11:42+00:00,1778055102000,17806,27.29565,50.74118,10.04585,81288,True,65.47671,3
20260506-031454,1778055114,2026-05-06 08:11:54+00:00,1778055114000,17818,27.29058,50.61562,10.04568,81288,True,64.08624,3
20260506-031454,1778055126,2026-05-06 08:12:06+00:00,1778055126000,17830,27.3058,50.53567,10.0458,82408,True,62.12819,3
20260506-031454,1778055138,2026-05-06 08:12:18+00:00,1778055138000,17842,27.30073,50.48845,10.04569,82652,True,60.3662,3
